insert into Series values('E60','E60');
insert into Body values('Lim','Lim');
insert into Model values('520d','E60','Lim','520d','ECE');
insert into Model values('520i','E60','Lim','520i','ECE');
insert into ProdCode values('NA31','520i','Lim','E60','ECE','M54','L','02/2002 E60 520i Sedan M54 Europe Left hand drive ');
insert into ProdCodeDate values('NA31-20020200','NA31',to_date('20020201','YYYYMMDD'));
insert into Diagram values('NA31-01_0206','NA31-20020200','01-05','E60 520i   BMW care tips','');
insert into DiagramParts values('NA31-01_0207-01430157437', 'NA31-01_0207', 28, 'Technical information, US Spanish', 'ALLE US MODELLE', 1, to_date('20020901','YYYYMMDD'), to_date('20040401','YYYYMMDD'), '01430157437', '$13.10', '', false);
insert into Diagram values('NA31-01_0207','NA31-20020200','01-05','E60 520i   BMW technical information','');
insert into DiagramParts values('NA31-01_0250-01400157062', 'NA31-01_0250', 01, 'Owner&apos;s handbook E60', 'DE, MJ 2003', 1, to_date('20030501','YYYYMMDD'), to_date('20030901','YYYYMMDD'), '01400157062', '', '', false);
insert into DiagramParts values('NA31-01_0250-01400157650', 'NA31-01_0250', 01, 'Owner&apos;s handbook E60', 'DE, MJ 2004', 1, to_date('20030901','YYYYMMDD'), to_date('20040301','YYYYMMDD'), '01400157650', '', '', false);
insert into DiagramParts values('NA31-01_0250-01400158162', 'NA31-01_0250', 01, 'Owner&apos;s handbook E60, E61', 'DE, MJ 04', 1, to_date('20040301','YYYYMMDD'), to_date('20040901','YYYYMMDD'), '01400158162', '', '', false);
insert into DiagramParts values('NA31-01_0250-01400158379', 'NA31-01_0250', 01, 'Owner&apos;s handbook E60, E61', 'DE, MJ 05', 1, to_date('20040901','YYYYMMDD'), to_date('20050301','YYYYMMDD'), '01400158379', '', '', false);
insert into DiagramParts values('NA31-01_0250-01400159191', 'NA31-01_0250', 01, 'Owner&apos;s handbook E60, E61', 'DE, MJ 2005', 1, to_date('20050301','YYYYMMDD'), to_date('20050901','YYYYMMDD'), '01400159191', '', '', false);
insert into DiagramParts values('NA31-01_0250-01400159724', 'NA31-01_0250', 01, 'Owner&apos;s handbook E60, E61', 'DE, MJ 2006', 1, to_date('20050901','YYYYMMDD'), to_date('20060301','YYYYMMDD'), '01400159724', '', '', false);
insert into DiagramParts values('NA31-01_0250-01400012256', 'NA31-01_0250', 01, 'Owner&apos;s handbook E60, E61', 'DE, MJ 2006', 1, to_date('20060301','YYYYMMDD'), to_date('20060901','YYYYMMDD'), '01400012256', '', '', false);
insert into DiagramParts values('NA31-01_0250-01400012780', 'NA31-01_0250', 01, 'Owner&apos;s handbook E60, E61', 'DE, MJ 2007', 1, to_date('20060901','YYYYMMDD'), to_date('20070301','YYYYMMDD'), '01400012780', '', '', false);
insert into DiagramParts values('NA31-01_0250-01410157063', 'NA31-01_0250', 02, 'Owner&apos;s handbook E60', 'EN, MJ 2003', 1, to_date('20030501','YYYYMMDD'), to_date('20030901','YYYYMMDD'), '01410157063', '', '', false);
insert into DiagramParts values('NA31-01_0250-01410157651', 'NA31-01_0250', 02, 'Owner&apos;s handbook E60', 'EN, MJ 2004', 1, to_date('20030901','YYYYMMDD'), to_date('20040301','YYYYMMDD'), '01410157651', '', '', false);
insert into DiagramParts values('NA31-01_0250-01410158163', 'NA31-01_0250', 02, 'Owner&apos;s handbook E60, E61', 'EN, MJ 04', 1, to_date('20040301','YYYYMMDD'), to_date('20040901','YYYYMMDD'), '01410158163', '', '', false);
insert into DiagramParts values('NA31-01_0250-01410158380', 'NA31-01_0250', 02, 'Owner&apos;s handbook E60, E61', 'EN, MJ 05', 1, to_date('20040901','YYYYMMDD'), to_date('20050301','YYYYMMDD'), '01410158380', '', '', false);
insert into DiagramParts values('NA31-01_0250-01410159192', 'NA31-01_0250', 02, 'Owner&apos;s handbook E60, E61', 'EN, MJ 2005', 1, to_date('20050301','YYYYMMDD'), to_date('20050901','YYYYMMDD'), '01410159192', '', '', false);
insert into DiagramParts values('NA31-01_0250-01410159725', 'NA31-01_0250', 02, 'Owner&apos;s handbook E60, E61', 'EN, MJ 2006', 1, to_date('20050901','YYYYMMDD'), to_date('20060301','YYYYMMDD'), '01410159725', '', '', false);
insert into DiagramParts values('NA31-01_0250-01410012257', 'NA31-01_0250', 02, 'Owner&apos;s handbook E60, E61', 'EN, MJ 2006', 1, to_date('20060301','YYYYMMDD'), to_date('20060901','YYYYMMDD'), '01410012257', '', '', false);
insert into DiagramParts values('NA31-01_0250-01410012781', 'NA31-01_0250', 02, 'Owner&apos;s handbook E60, E61', 'EN, MJ 2007', 1, to_date('20060901','YYYYMMDD'), to_date('20070301','YYYYMMDD'), '01410012781', '', '', false);
insert into DiagramParts values('NA31-01_0250-01410158261', 'NA31-01_0250', 02, 'Insertion sheet', 'ENGLISH', 1, to_date('20031201','YYYYMMDD'), to_date('20040901','YYYYMMDD'), '01410158261', '', '', false);
insert into DiagramParts values('NA31-01_0250-01410158226', 'NA31-01_0250', 02, 'Owner&apos;s handbook E60, E61', 'EN, MJ 04 KOREA', 1, to_date('20040301','YYYYMMDD'), to_date('20040901','YYYYMMDD'), '01410158226', '', '', false);
insert into DiagramParts values('NA31-01_0250-01420157064', 'NA31-01_0250', 03, 'Owner&apos;s handbook E60', 'FR, MJ 2003', 1, to_date('20030501','YYYYMMDD'), to_date('20030901','YYYYMMDD'), '01420157064', '', '', false);
insert into DiagramParts values('NA31-01_0250-01420157652', 'NA31-01_0250', 03, 'Owner&apos;s handbook E60', 'FR, MJ 2004', 1, to_date('20030901','YYYYMMDD'), to_date('20040301','YYYYMMDD'), '01420157652', '', '', false);
insert into DiagramParts values('NA31-01_0250-01420158164', 'NA31-01_0250', 03, 'Owner&apos;s handbook E60, E61', 'FR, MJ 04', 1, to_date('20040301','YYYYMMDD'), to_date('20040901','YYYYMMDD'), '01420158164', '', '', false);
insert into DiagramParts values('NA31-01_0250-01420158381', 'NA31-01_0250', 03, 'Owner&apos;s handbook E60, E61', 'FR, MJ 05', 1, to_date('20040901','YYYYMMDD'), to_date('20050301','YYYYMMDD'), '01420158381', '', '', false);
insert into DiagramParts values('NA31-01_0250-01420159193', 'NA31-01_0250', 03, 'Owner&apos;s handbook E60, E61', 'FR, MJ 2005', 1, to_date('20050301','YYYYMMDD'), to_date('20050901','YYYYMMDD'), '01420159193', '', '', false);
insert into DiagramParts values('NA31-01_0250-01420159726', 'NA31-01_0250', 03, 'Owner&apos;s handbook E60, E61', 'FR, MJ 2006', 1, to_date('20050901','YYYYMMDD'), to_date('20060301','YYYYMMDD'), '01420159726', '', '', false);
insert into DiagramParts values('NA31-01_0250-01420012258', 'NA31-01_0250', 03, 'Owner&apos;s handbook E60, E61', 'FR, MJ 2006', 1, to_date('20060301','YYYYMMDD'), to_date('20060901','YYYYMMDD'), '01420012258', '', '', false);
insert into DiagramParts values('NA31-01_0250-01420012782', 'NA31-01_0250', 03, 'Owner&apos;s handbook E60, E61', 'FR, MJ 2007', 1, to_date('20060901','YYYYMMDD'), to_date('20070301','YYYYMMDD'), '01420012782', '', '', false);
insert into DiagramParts values('NA31-01_0250-01430157065', 'NA31-01_0250', 04, 'Owner&apos;s handbook E60', 'ES, MJ 2003', 1, to_date('20030501','YYYYMMDD'), to_date('20030901','YYYYMMDD'), '01430157065', '', '', false);
insert into DiagramParts values('NA31-01_0250-01430157653', 'NA31-01_0250', 04, 'Owner&apos;s handbook E60', 'ES, MJ 2004', 1, to_date('20030901','YYYYMMDD'), to_date('20040301','YYYYMMDD'), '01430157653', '', '', false);
insert into DiagramParts values('NA31-01_0250-01430158165', 'NA31-01_0250', 04, 'Owner&apos;s handbook E60, E61', 'ES, MJ 04', 1, to_date('20040301','YYYYMMDD'), to_date('20040901','YYYYMMDD'), '01430158165', '', '', false);
insert into DiagramParts values('NA31-01_0250-01430158382', 'NA31-01_0250', 04, 'Owner&apos;s handbook E60, E61', 'ES, MJ 05', 1, to_date('20040901','YYYYMMDD'), to_date('20050901','YYYYMMDD'), '01430158382', '', '', false);
insert into DiagramParts values('NA31-01_0250-01430159194', 'NA31-01_0250', 04, 'Owner&apos;s handbook E60, E61', 'ES, MJ 2005', 1, to_date('20050301','YYYYMMDD'), to_date('20050901','YYYYMMDD'), '01430159194', '', '', false);
insert into DiagramParts values('NA31-01_0250-01430159727', 'NA31-01_0250', 04, 'Owner&apos;s handbook E60, E61', 'ES, MJ 2006', 1, to_date('20050901','YYYYMMDD'), to_date('20060301','YYYYMMDD'), '01430159727', '', '', false);
insert into DiagramParts values('NA31-01_0250-01430012259', 'NA31-01_0250', 04, 'Owner&apos;s handbook E60, E61', 'ES, MJ 2006', 1, to_date('20060301','YYYYMMDD'), to_date('20060901','YYYYMMDD'), '01430012259', '', '', false);
insert into DiagramParts values('NA31-01_0250-01430012783', 'NA31-01_0250', 04, 'Owner&apos;s handbook E60, E61', 'ES, MJ 2007', 1, to_date('20060901','YYYYMMDD'), to_date('20070301','YYYYMMDD'), '01430012783', '', '', false);
insert into DiagramParts values('NA31-01_0250-01440157066', 'NA31-01_0250', 05, 'Owner&apos;s handbook E60', 'IT, MJ 2003', 1, to_date('20030501','YYYYMMDD'), to_date('20030901','YYYYMMDD'), '01440157066', '', '', false);
insert into DiagramParts values('NA31-01_0250-01440157654', 'NA31-01_0250', 05, 'Owner&apos;s handbook E60', 'IT, MJ 2004', 1, to_date('20030901','YYYYMMDD'), to_date('20040301','YYYYMMDD'), '01440157654', '', '', false);
insert into DiagramParts values('NA31-01_0250-01440158166', 'NA31-01_0250', 05, 'Owner&apos;s handbook E60, E61', 'IT, MJ 04', 1, to_date('20040301','YYYYMMDD'), to_date('20040901','YYYYMMDD'), '01440158166', '', '', false);
insert into DiagramParts values('NA31-01_0250-01440158383', 'NA31-01_0250', 05, 'Owner&apos;s handbook E60, E61', 'IT, MJ 05', 1, to_date('20040901','YYYYMMDD'), to_date('20050901','YYYYMMDD'), '01440158383', '', '', false);
insert into DiagramParts values('NA31-01_0250-01440159195', 'NA31-01_0250', 05, 'Owner&apos;s handbook E60, E61', 'IT, MJ 2005', 1, to_date('20050301','YYYYMMDD'), to_date('20050901','YYYYMMDD'), '01440159195', '', '', false);
insert into DiagramParts values('NA31-01_0250-01440159728', 'NA31-01_0250', 05, 'Owner&apos;s handbook E60, E61', 'IT, MJ 2006', 1, to_date('20050901','YYYYMMDD'), to_date('20060301','YYYYMMDD'), '01440159728', '', '', false);
insert into DiagramParts values('NA31-01_0250-01440012260', 'NA31-01_0250', 05, 'Owner&apos;s handbook E60, E61', 'IT, MJ 2006', 1, to_date('20060301','YYYYMMDD'), to_date('20060901','YYYYMMDD'), '01440012260', '', '', false);
insert into DiagramParts values('NA31-01_0250-01440012784', 'NA31-01_0250', 05, 'Owner&apos;s handbook E60, E61', 'IT, MJ 2007', 1, to_date('20060901','YYYYMMDD'), to_date('20070301','YYYYMMDD'), '01440012784', '', '', false);
insert into DiagramParts values('NA31-01_0250-01450157067', 'NA31-01_0250', 06, 'Owner&apos;s handbook E60', 'SV, MJ 2003', 1, to_date('20030501','YYYYMMDD'), to_date('20030901','YYYYMMDD'), '01450157067', '', '', false);
insert into DiagramParts values('NA31-01_0250-01450157655', 'NA31-01_0250', 06, 'Owner&apos;s handbook E60', 'SV, MJ 2004', 1, to_date('20030901','YYYYMMDD'), to_date('20040301','YYYYMMDD'), '01450157655', '', '', false);
insert into DiagramParts values('NA31-01_0250-01450158167', 'NA31-01_0250', 06, 'Owner&apos;s handbook E60, E61', 'SV, MJ 04', 1, to_date('20040301','YYYYMMDD'), to_date('20040901','YYYYMMDD'), '01450158167', '', '', false);
insert into DiagramParts values('NA31-01_0250-01450158384', 'NA31-01_0250', 06, 'Owner&apos;s handbook E60, E61', 'SV, MJ 05', 1, to_date('20040901','YYYYMMDD'), to_date('20050901','YYYYMMDD'), '01450158384', '', '', false);
insert into DiagramParts values('NA31-01_0250-01450159196', 'NA31-01_0250', 06, 'Owner&apos;s handbook E60, E61', 'SV, MJ 2005', 1, to_date('20050301','YYYYMMDD'), to_date('20050901','YYYYMMDD'), '01450159196', '', '', false);
insert into DiagramParts values('NA31-01_0250-01450159729', 'NA31-01_0250', 06, 'Owner&apos;s handbook E60, E61', 'SV, MJ 2006', 1, to_date('20050901','YYYYMMDD'), to_date('20060301','YYYYMMDD'), '01450159729', '', '', false);
insert into DiagramParts values('NA31-01_0250-01450012261', 'NA31-01_0250', 06, 'Owner&apos;s handbook E60, E61', 'SV, MJ 2006', 1, to_date('20060301','YYYYMMDD'), to_date('20060901','YYYYMMDD'), '01450012261', '', '', false);
insert into DiagramParts values('NA31-01_0250-01450012785', 'NA31-01_0250', 06, 'Owner&apos;s handbook E60, E61', 'SV, MJ 2007', 1, to_date('20060901','YYYYMMDD'), to_date('20070301','YYYYMMDD'), '01450012785', '', '', false);
insert into DiagramParts values('NA31-01_0250-01460157068', 'NA31-01_0250', 07, 'Owner&apos;s handbook E60', 'NL, MJ 2003', 1, to_date('20030501','YYYYMMDD'), to_date('20030901','YYYYMMDD'), '01460157068', '', '', false);
insert into DiagramParts values('NA31-01_0250-01460157656', 'NA31-01_0250', 07, 'Owner&apos;s handbook E60', 'NL, MJ 2004', 1, to_date('20030901','YYYYMMDD'), to_date('20040301','YYYYMMDD'), '01460157656', '', '', false);
insert into DiagramParts values('NA31-01_0250-01460158168', 'NA31-01_0250', 07, 'Owner&apos;s handbook E60, E61', 'NL, MJ 04', 1, to_date('20040301','YYYYMMDD'), to_date('20040901','YYYYMMDD'), '01460158168', '', '', false);
insert into DiagramParts values('NA31-01_0250-01460158385', 'NA31-01_0250', 07, 'Owner&apos;s handbook E60, E61', 'NL, MJ 05', 1, to_date('20040901','YYYYMMDD'), to_date('20050301','YYYYMMDD'), '01460158385', '', '', false);
insert into DiagramParts values('NA31-01_0250-01460159197', 'NA31-01_0250', 07, 'Owner&apos;s handbook E60, E61', 'NL, MJ 2005', 1, to_date('20050301','YYYYMMDD'), to_date('20050901','YYYYMMDD'), '01460159197', '', '', false);
insert into DiagramParts values('NA31-01_0250-01460159730', 'NA31-01_0250', 07, 'Owner&apos;s handbook E60, E61', 'NL, MJ 2006', 1, to_date('20050901','YYYYMMDD'), to_date('20060301','YYYYMMDD'), '01460159730', '', '', false);
insert into DiagramParts values('NA31-01_0250-01460012262', 'NA31-01_0250', 07, 'Owner&apos;s handbook E60, E61', 'NL, MJ 2006', 1, to_date('20060301','YYYYMMDD'), to_date('20060901','YYYYMMDD'), '01460012262', '', '', false);
insert into DiagramParts values('NA31-01_0250-01460012786', 'NA31-01_0250', 07, 'Owner&apos;s handbook E60, E61', 'NL, MJ 2007', 1, to_date('20060901','YYYYMMDD'), to_date('20070301','YYYYMMDD'), '01460012786', '', '', false);
insert into DiagramParts values('NA31-01_0250-01470157069', 'NA31-01_0250', 08, 'Owner&apos;s handbook E60', 'AR, MJ 2003', 1, to_date('20030501','YYYYMMDD'), to_date('20030901','YYYYMMDD'), '01470157069', '', '', false);
insert into DiagramParts values('NA31-01_0250-01470157657', 'NA31-01_0250', 08, 'Owner&apos;s handbook E60', 'AR, MJ 2004', 1, to_date('20030901','YYYYMMDD'), to_date('20040301','YYYYMMDD'), '01470157657', '', '', false);
insert into DiagramParts values('NA31-01_0250-01470158169', 'NA31-01_0250', 08, 'Owner&apos;s handbook E60, E61', 'AR, MJ 04', 1, to_date('20040301','YYYYMMDD'), to_date('20040901','YYYYMMDD'), '01470158169', '', '', false);
insert into DiagramParts values('NA31-01_0250-01470158386', 'NA31-01_0250', 08, 'Owner&apos;s handbook E60, E61', 'AR, MJ 05', 1, to_date('20040901','YYYYMMDD'), to_date('20050301','YYYYMMDD'), '01470158386', '', '', false);
insert into DiagramParts values('NA31-01_0250-01470159198', 'NA31-01_0250', 08, 'Owner&apos;s handbook E60, E61', 'AR, MJ 2005', 1, to_date('20050301','YYYYMMDD'), to_date('20050901','YYYYMMDD'), '01470159198', '', '', false);
insert into DiagramParts values('NA31-01_0250-01470159731', 'NA31-01_0250', 08, 'Owner&apos;s handbook E60, E61', 'AR, MJ 2006', 1, to_date('20050901','YYYYMMDD'), to_date('20060301','YYYYMMDD'), '01470159731', '', '', false);
insert into DiagramParts values('NA31-01_0250-01470012263', 'NA31-01_0250', 08, 'Owner&apos;s handbook E60, E61', 'AR, MJ 2006', 1, to_date('20060301','YYYYMMDD'), to_date('20060901','YYYYMMDD'), '01470012263', '', '', false);
insert into DiagramParts values('NA31-01_0250-01470012787', 'NA31-01_0250', 08, 'Owner&apos;s handbook E60, E61', 'AR, MJ 2007', 1, to_date('20060901','YYYYMMDD'), to_date('20070301','YYYYMMDD'), '01470012787', '', '', false);
insert into DiagramParts values('NA31-01_0250-01480157070', 'NA31-01_0250', 09, 'Owner&apos;s handbook E60', 'DA, MJ 2003', 1, to_date('20030501','YYYYMMDD'), to_date('20030901','YYYYMMDD'), '01480157070', '', '', false);
insert into DiagramParts values('NA31-01_0250-01480157658', 'NA31-01_0250', 09, 'Owner&apos;s handbook E60', 'DA, MJ 2004', 1, to_date('20030901','YYYYMMDD'), to_date('20040301','YYYYMMDD'), '01480157658', '', '', false);
insert into DiagramParts values('NA31-01_0250-01480158170', 'NA31-01_0250', 09, 'Owner&apos;s handbook E60, E61', 'DA, MJ 04', 1, to_date('20040301','YYYYMMDD'), to_date('20040901','YYYYMMDD'), '01480158170', '', '', false);
insert into DiagramParts values('NA31-01_0250-01480158387', 'NA31-01_0250', 09, 'Owner&apos;s handbook E60, E61', 'DA, MJ 05', 1, to_date('20040901','YYYYMMDD'), to_date('20050301','YYYYMMDD'), '01480158387', '', '', false);
insert into DiagramParts values('NA31-01_0250-01480159199', 'NA31-01_0250', 09, 'Owner&apos;s handbook E60, E61', 'DA, MJ 2005', 1, to_date('20050301','YYYYMMDD'), to_date('20050901','YYYYMMDD'), '01480159199', '', '', false);
insert into DiagramParts values('NA31-01_0250-01480159732', 'NA31-01_0250', 09, 'Owner&apos;s handbook E60, E61', 'DA, MJ 2006', 1, to_date('20050901','YYYYMMDD'), to_date('20060301','YYYYMMDD'), '01480159732', '', '', false);
insert into DiagramParts values('NA31-01_0250-01480012264', 'NA31-01_0250', 09, 'Owner&apos;s handbook E60, E61', 'DA, MJ 2006', 1, to_date('20060301','YYYYMMDD'), to_date('20060901','YYYYMMDD'), '01480012264', '', '', false);
insert into DiagramParts values('NA31-01_0250-01480012788', 'NA31-01_0250', 09, 'Owner&apos;s handbook E60, E61', 'DA, MJ 2007', 1, to_date('20060901','YYYYMMDD'), to_date('20070301','YYYYMMDD'), '01480012788', '', '', false);
insert into DiagramParts values('NA31-01_0250-01490157071', 'NA31-01_0250', 10, 'Owner&apos;s handbook E60', 'PT, MJ 2003', 1, to_date('20030501','YYYYMMDD'), to_date('20030901','YYYYMMDD'), '01490157071', '', '', false);
insert into DiagramParts values('NA31-01_0250-01490157659', 'NA31-01_0250', 10, 'Owner&apos;s handbook E60', 'PT, MJ 2004', 1, to_date('20030901','YYYYMMDD'), to_date('20040301','YYYYMMDD'), '01490157659', '', '', false);
insert into DiagramParts values('NA31-01_0250-01490158171', 'NA31-01_0250', 10, 'Owner&apos;s handbook E60, E61', 'PT, MJ 04', 1, to_date('20040301','YYYYMMDD'), to_date('20040901','YYYYMMDD'), '01490158171', '', '', false);
insert into DiagramParts values('NA31-01_0250-01490158388', 'NA31-01_0250', 10, 'Owner&apos;s handbook E60, E61', 'PT, MJ 05', 1, to_date('20040901','YYYYMMDD'), to_date('20050301','YYYYMMDD'), '01490158388', '', '', false);
insert into DiagramParts values('NA31-01_0250-01490159200', 'NA31-01_0250', 10, 'Owner&apos;s handbook E60, E61', 'PT, MJ 2005', 1, to_date('20050301','YYYYMMDD'), to_date('20050901','YYYYMMDD'), '01490159200', '', '', false);
insert into DiagramParts values('NA31-01_0250-01490159733', 'NA31-01_0250', 10, 'Owner&apos;s handbook E60, E61', 'PT, MJ 2006', 1, to_date('20050901','YYYYMMDD'), to_date('20060301','YYYYMMDD'), '01490159733', '', '', false);
insert into DiagramParts values('NA31-01_0250-01490012265', 'NA31-01_0250', 10, 'Owner&apos;s handbook E60, E61', 'PT, MJ 2006', 1, to_date('20060301','YYYYMMDD'), to_date('20060901','YYYYMMDD'), '01490012265', '', '', false);
insert into DiagramParts values('NA31-01_0250-01490012789', 'NA31-01_0250', 10, 'Owner&apos;s handbook E60, E61', 'PT, MJ 2007', 1, to_date('20060901','YYYYMMDD'), to_date('20070301','YYYYMMDD'), '01490012789', '', '', false);
insert into DiagramParts values('NA31-01_0250-01490158487', 'NA31-01_0250', 13, 'Owner&apos;s handbook E60, E61', 'EL, MJ 05', 1, to_date('20040901','YYYYMMDD'), to_date('20050301','YYYYMMDD'), '01490158487', '', '', false);
insert into DiagramParts values('NA31-01_0250-01490159202', 'NA31-01_0250', 13, 'Owner&apos;s handbook E60, E61', 'EL, MJ 2005', 1, to_date('20050301','YYYYMMDD'), to_date('20050901','YYYYMMDD'), '01490159202', '', '', false);
insert into DiagramParts values('NA31-01_0250-01490159735', 'NA31-01_0250', 13, 'Owner&apos;s handbook E60, E61', 'EL, MJ 2006', 1, to_date('20050901','YYYYMMDD'), to_date('20060301','YYYYMMDD'), '01490159735', '', '', false);
insert into DiagramParts values('NA31-01_0250-01490012267', 'NA31-01_0250', 13, 'Owner&apos;s handbook E60, E61', 'EL, MJ 2006', 1, to_date('20060301','YYYYMMDD'), to_date('20060901','YYYYMMDD'), '01490012267', '', '', false);
insert into DiagramParts values('NA31-01_0250-01490012791', 'NA31-01_0250', 13, 'Owner&apos;s handbook E60, E61', 'EL, MJ 2007', 1, to_date('20060901','YYYYMMDD'), to_date('20070301','YYYYMMDD'), '01490012791', '', '', false);
insert into DiagramParts values('NA31-01_0250-01490157798', 'NA31-01_0250', 14, 'Owner&apos;s handbook E60', 'ZH, MJ 2004', 1, to_date('20030901','YYYYMMDD'), to_date('20040301','YYYYMMDD'), '01490157798', '', '', false);
insert into DiagramParts values('NA31-01_0250-01490158389', 'NA31-01_0250', 14, 'Owner&apos;s handbook E60, E61', 'ZH, MJ 05', 1, to_date('20040301','YYYYMMDD'), to_date('20050301','YYYYMMDD'), '01490158389', '$66.78', '', false);
insert into DiagramParts values('NA31-01_0250-01490159201', 'NA31-01_0250', 14, 'Owner&apos;s handbook E60, E61', 'ZH, MJ 2005', 1, to_date('20050301','YYYYMMDD'), to_date('20050901','YYYYMMDD'), '01490159201', '', '', false);
insert into DiagramParts values('NA31-01_0250-01490159734', 'NA31-01_0250', 14, 'Owner&apos;s handbook E60, E61', 'ZH, MJ 2006', 1, to_date('20050901','YYYYMMDD'), to_date('20060301','YYYYMMDD'), '01490159734', '', '', false);
insert into DiagramParts values('NA31-01_0250-01490012266', 'NA31-01_0250', 14, 'Owner&apos;s handbook E60, E61', 'ZH, MJ 2006', 1, to_date('20060301','YYYYMMDD'), to_date('20060901','YYYYMMDD'), '01490012266', '', '', false);
insert into DiagramParts values('NA31-01_0250-01490012790', 'NA31-01_0250', 14, 'Owner&apos;s handbook E60, E61', 'ZH, MJ 2007', 1, to_date('20060901','YYYYMMDD'), to_date('20070301','YYYYMMDD'), '01490012790', '', '', false);
insert into Diagram values('NA31-01_0250','NA31-20020200','01-05','E60 520i   Owner&apos;s handbook E60, E61','');
insert into DiagramParts values('NA31-01_0656-01400158695', 'NA31-01_0656', 01, 'Supplement to owner&apos;s manual, police', 'DE, E60, E61', 1, to_date('20040901','YYYYMMDD'), to_date('20070301','YYYYMMDD'), '01400158695', '', '', false);
insert into DiagramParts values('NA31-01_0656-01410158069', 'NA31-01_0656', 02, 'Supplement to owner&apos;s manual, police', 'EN, E60, MJ 04', 1, to_date('20040301','YYYYMMDD'), to_date('20040901','YYYYMMDD'), '01410158069', '', '', false);
insert into DiagramParts values('NA31-01_0656-01410158696', 'NA31-01_0656', 02, 'Supplement to owner&apos;s manual, police', 'EN, E60, E61', 1, to_date('20040901','YYYYMMDD'), to_date('20070301','YYYYMMDD'), '01410158696', '', '', false);
insert into Diagram values('NA31-01_0656','NA31-20020200','01-05','E60 520i   Supplement to owner&apos;s manual, police','');
insert into DiagramParts values('NA31-01_0657-01400158697', 'NA31-01_0657', 01, 'Suppl. Owner&apos;s Manual officials utility', 'DE, E60/61', 1, to_date('20040901','YYYYMMDD'), to_date('20070301','YYYYMMDD'), '01400158697', '', '', false);
insert into Diagram values('NA31-01_0657','NA31-20020200','01-05','E60 520i   Suppl. Owner&apos;s Manual officials utility','');
insert into DiagramParts values('NA31-01_0728-01410157940', 'NA31-01_0728', 02, 'Brief instructions E 60', 'EN', 1, to_date('20030301','YYYYMMDD'), to_date('20040301','YYYYMMDD'), '01410157940', '', '', false);
insert into Diagram values('NA31-01_0728','NA31-20020200','01-05','E60 520i   Brief instructions E60, E61 (incl. M5)','');
insert into Diagram values('NA31-01_0756','NA31-20020200','01-05','E60 520i   Mirror placard','');
insert into Diagram values('NA31-01_0780','NA31-20020200','01-05','E60 520i   Brochure Service Contact, BMW','');
insert into DiagramParts values('NA31-01_0302-01400011822', 'NA31-01_0302', 01, 'Owner&apos;s handbook, telephone &quot;de&quot;', 'SA633, SA644', 1, to_date('20050901','YYYYMMDD'), to_date('20060901','YYYYMMDD'), '01400011822', '', '', false);
insert into DiagramParts values('NA31-01_0302-01400012071', 'NA31-01_0302', 01, 'Owner&apos;s handbook, telephone &quot;de&quot;', 'SA633, SA644', 1, to_date('20060901','YYYYMMDD'), to_date('20070301','YYYYMMDD'), '01400012071', '', '', false);
insert into DiagramParts values('NA31-01_0302-01400013376', 'NA31-01_0302', 01, 'Owner&apos;s handbook, telephone &quot;de&quot;', 'SA633, SA644', 1, to_date('20070301','YYYYMMDD'), to_date('20070901','YYYYMMDD'), '01400013376', '', '', false);
insert into DiagramParts values('NA31-01_0302-01400014355', 'NA31-01_0302', 01, 'Owner&apos;s handbook, telephone &quot;de&quot;', 'SA633, SA644', 1, to_date('20070901','YYYYMMDD'), to_date('20080301','YYYYMMDD'), '01400014355', '', '', false);
insert into DiagramParts values('NA31-01_0302-01410011823', 'NA31-01_0302', 02, 'Owner&apos;s handbook, telephone &quot;en&quot;', 'SA633, SA644', 1, to_date('20050901','YYYYMMDD'), to_date('20060901','YYYYMMDD'), '01410011823', '', '', false);
insert into DiagramParts values('NA31-01_0302-01410012072', 'NA31-01_0302', 02, 'Owner&apos;s handbook, telephone &quot;en&quot;', 'SA633, SA644', 1, to_date('20060901','YYYYMMDD'), to_date('20070301','YYYYMMDD'), '01410012072', '', '', false);
insert into DiagramParts values('NA31-01_0302-01410013377', 'NA31-01_0302', 02, 'Owner&apos;s handbook, telephone &quot;en&quot;', 'SA633, SA644', 1, to_date('20070301','YYYYMMDD'), to_date('20070901','YYYYMMDD'), '01410013377', '', '', false);
insert into DiagramParts values('NA31-01_0302-01410014356', 'NA31-01_0302', 02, 'Owner&apos;s handbook, telephone &quot;en&quot;', 'SA633, SA644', 1, to_date('20070901','YYYYMMDD'), to_date('20080301','YYYYMMDD'), '01410014356', '', '', false);
insert into DiagramParts values('NA31-01_0302-01420011824', 'NA31-01_0302', 03, 'Owner&apos;s handbook, telephone &quot;fr&quot;', 'SA633, SA644', 1, to_date('20050901','YYYYMMDD'), to_date('20060901','YYYYMMDD'), '01420011824', '', '', false);
insert into DiagramParts values('NA31-01_0302-01420012073', 'NA31-01_0302', 03, 'Owner&apos;s handbook, telephone &quot;fr&quot;', 'SA633, SA644', 1, to_date('20060901','YYYYMMDD'), to_date('20070301','YYYYMMDD'), '01420012073', '', '', false);
insert into DiagramParts values('NA31-01_0302-01420013378', 'NA31-01_0302', 03, 'Owner&apos;s handbook, telephone &quot;fr&quot;', 'SA633, SA644', 1, to_date('20070301','YYYYMMDD'), to_date('20070901','YYYYMMDD'), '01420013378', '', '', false);
insert into DiagramParts values('NA31-01_0302-01420014357', 'NA31-01_0302', 03, 'Owner&apos;s handbook, telephone &quot;fr&quot;', 'SA633, SA644', 1, to_date('20070901','YYYYMMDD'), to_date('20080301','YYYYMMDD'), '01420014357', '', '', false);
insert into DiagramParts values('NA31-01_0302-01430011825', 'NA31-01_0302', 04, 'Owner&apos;s handbook, telephone &quot;es&quot;', 'SA633, SA644', 1, to_date('20050901','YYYYMMDD'), to_date('20060901','YYYYMMDD'), '01430011825', '', '', false);
insert into DiagramParts values('NA31-01_0302-01430012074', 'NA31-01_0302', 04, 'Owner&apos;s handbook, telephone &quot;es&quot;', 'SA633, SA644', 1, to_date('20060901','YYYYMMDD'), to_date('20070301','YYYYMMDD'), '01430012074', '', '', false);
insert into DiagramParts values('NA31-01_0302-01430013379', 'NA31-01_0302', 04, 'Owner&apos;s handbook, telephone &quot;es&quot;', 'SA633, SA644', 1, to_date('20070301','YYYYMMDD'), to_date('20070901','YYYYMMDD'), '01430013379', '', '', false);
insert into DiagramParts values('NA31-01_0302-01430014358', 'NA31-01_0302', 04, 'Owner&apos;s handbook, telephone &quot;es&quot;', 'SA633, SA644', 1, to_date('20070901','YYYYMMDD'), to_date('20080301','YYYYMMDD'), '01430014358', '', '', false);
insert into DiagramParts values('NA31-01_0302-01440011826', 'NA31-01_0302', 05, 'Owner&apos;s handbook, telephone &quot;it&quot;', 'SA633, SA644', 1, to_date('20050901','YYYYMMDD'), to_date('20060901','YYYYMMDD'), '01440011826', '', '', false);
insert into DiagramParts values('NA31-01_0302-01440012075', 'NA31-01_0302', 05, 'Owner&apos;s handbook, telephone &quot;it&quot;', 'SA633, SA644', 1, to_date('20060901','YYYYMMDD'), to_date('20070301','YYYYMMDD'), '01440012075', '', '', false);
insert into DiagramParts values('NA31-01_0302-01440013380', 'NA31-01_0302', 05, 'Owner&apos;s handbook, telephone &quot;it&quot;', 'SA633, SA644', 1, to_date('20070301','YYYYMMDD'), to_date('20070901','YYYYMMDD'), '01440013380', '', '', false);
insert into DiagramParts values('NA31-01_0302-01440014359', 'NA31-01_0302', 05, 'Owner&apos;s handbook, telephone &quot;it&quot;', 'SA633, SA644', 1, to_date('20070901','YYYYMMDD'), to_date('20080301','YYYYMMDD'), '01440014359', '', '', false);
insert into DiagramParts values('NA31-01_0302-01450011827', 'NA31-01_0302', 06, 'Owner&apos;s handbook, telephone &quot;sv&quot;', 'SA633, SA644', 1, to_date('20050901','YYYYMMDD'), to_date('20060901','YYYYMMDD'), '01450011827', '', '', false);
insert into DiagramParts values('NA31-01_0302-01450012076', 'NA31-01_0302', 06, 'Owner&apos;s handbook, telephone &quot;sv&quot;', 'SA633, SA644', 1, to_date('20060901','YYYYMMDD'), to_date('20070301','YYYYMMDD'), '01450012076', '', '', false);
insert into DiagramParts values('NA31-01_0302-01450013381', 'NA31-01_0302', 06, 'Owner&apos;s handbook, telephone &quot;sv&quot;', 'SA633, SA644', 1, to_date('20070301','YYYYMMDD'), to_date('20070901','YYYYMMDD'), '01450013381', '', '', false);
insert into DiagramParts values('NA31-01_0302-01450014360', 'NA31-01_0302', 06, 'Owner&apos;s handbook, telephone &quot;sv&quot;', 'SA633, SA644', 1, to_date('20070901','YYYYMMDD'), to_date('20080301','YYYYMMDD'), '01450014360', '', '', false);
insert into DiagramParts values('NA31-01_0302-01460011828', 'NA31-01_0302', 07, 'Owner&apos;s handbook, telephone &quot;nl&quot;', 'SA633, SA644', 1, to_date('20050901','YYYYMMDD'), to_date('20060901','YYYYMMDD'), '01460011828', '', '', false);
insert into DiagramParts values('NA31-01_0302-01460012077', 'NA31-01_0302', 07, 'Owner&apos;s handbook, telephone &quot;nl&quot;', 'SA633, SA644', 1, to_date('20060901','YYYYMMDD'), to_date('20070301','YYYYMMDD'), '01460012077', '', '', false);
insert into DiagramParts values('NA31-01_0302-01460013382', 'NA31-01_0302', 07, 'Owner&apos;s handbook, telephone &quot;nl&quot;', 'SA633, SA644', 1, to_date('20070301','YYYYMMDD'), to_date('20070901','YYYYMMDD'), '01460013382', '', '', false);
insert into DiagramParts values('NA31-01_0302-01460014361', 'NA31-01_0302', 07, 'Owner&apos;s handbook, telephone &quot;nl&quot;', 'SA633, SA644', 1, to_date('20070901','YYYYMMDD'), to_date('20080301','YYYYMMDD'), '01460014361', '', '', false);
insert into DiagramParts values('NA31-01_0302-01470011829', 'NA31-01_0302', 08, 'Owner&apos;s handbook, telephone &quot;ar&quot;', 'SA633, SA644', 1, to_date('20050901','YYYYMMDD'), to_date('20060901','YYYYMMDD'), '01470011829', '', '', false);
insert into DiagramParts values('NA31-01_0302-01470012078', 'NA31-01_0302', 08, 'Owner&apos;s handbook, telephone &quot;ar&quot;', 'SA633, SA644', 1, to_date('20060901','YYYYMMDD'), to_date('20070301','YYYYMMDD'), '01470012078', '', '', false);
insert into DiagramParts values('NA31-01_0302-01470013383', 'NA31-01_0302', 08, 'Owner&apos;s handbook, telephone &quot;ar&quot;', 'SA633, SA644', 1, to_date('20070301','YYYYMMDD'), to_date('20070901','YYYYMMDD'), '01470013383', '', '', false);
insert into DiagramParts values('NA31-01_0302-01470014362', 'NA31-01_0302', 08, 'Owner&apos;s handbook, telephone &quot;ar&quot;', 'SA633, SA644', 1, to_date('20070901','YYYYMMDD'), to_date('20080301','YYYYMMDD'), '01470014362', '', '', false);
insert into DiagramParts values('NA31-01_0302-01480011830', 'NA31-01_0302', 09, 'Owner&apos;s handbook, telephone &quot;da&quot;', 'SA633, SA644', 1, to_date('20050901','YYYYMMDD'), to_date('20060901','YYYYMMDD'), '01480011830', '', '', false);
insert into DiagramParts values('NA31-01_0302-01480012079', 'NA31-01_0302', 09, 'Owner&apos;s handbook, telephone &quot;da&quot;', 'SA633, SA644', 1, to_date('20060901','YYYYMMDD'), to_date('20070301','YYYYMMDD'), '01480012079', '', '', false);
insert into DiagramParts values('NA31-01_0302-01480013384', 'NA31-01_0302', 09, 'Owner&apos;s handbook, telephone &quot;da&quot;', 'SA633, SA644', 1, to_date('20070301','YYYYMMDD'), to_date('20070901','YYYYMMDD'), '01480013384', '', '', false);
insert into DiagramParts values('NA31-01_0302-01480014363', 'NA31-01_0302', 09, 'Owner&apos;s handbook, telephone &quot;da&quot;', 'SA633, SA644', 1, to_date('20070901','YYYYMMDD'), to_date('20080301','YYYYMMDD'), '01480014363', '', '', false);
insert into DiagramParts values('NA31-01_0302-01490011831', 'NA31-01_0302', 10, 'Owner&apos;s handbook, telephone &quot;pt&quot;', 'SA633, SA644', 1, to_date('20050901','YYYYMMDD'), to_date('20060901','YYYYMMDD'), '01490011831', '', '', false);
insert into DiagramParts values('NA31-01_0302-01490012080', 'NA31-01_0302', 10, 'Owner&apos;s handbook, telephone &quot;pt&quot;', 'SA633, SA644', 1, to_date('20060901','YYYYMMDD'), to_date('20070301','YYYYMMDD'), '01490012080', '', '', false);
insert into DiagramParts values('NA31-01_0302-01490013385', 'NA31-01_0302', 10, 'Owner&apos;s handbook, telephone &quot;pt&quot;', 'SA633, SA644', 1, to_date('20070301','YYYYMMDD'), to_date('20070901','YYYYMMDD'), '01490013385', '', '', false);
insert into DiagramParts values('NA31-01_0302-01490014364', 'NA31-01_0302', 10, 'Owner&apos;s handbook, telephone &quot;pt&quot;', 'SA633, SA644', 1, to_date('20070901','YYYYMMDD'), to_date('20080301','YYYYMMDD'), '01490014364', '', '', false);
insert into DiagramParts values('NA31-01_0302-01490011833', 'NA31-01_0302', 13, 'Owner&apos;s handbook, telephone &quot;el&quot;', 'SA633, SA644', 1, to_date('20050901','YYYYMMDD'), to_date('20060901','YYYYMMDD'), '01490011833', '', '', false);
insert into DiagramParts values('NA31-01_0302-01490013387', 'NA31-01_0302', 13, 'Owner&apos;s handbook, telephone &quot;el&quot;', 'SA633, SA644', 1, to_date('20070301','YYYYMMDD'), to_date('20070901','YYYYMMDD'), '01490013387', '', '', false);
insert into DiagramParts values('NA31-01_0302-01490014366', 'NA31-01_0302', 13, 'Owner&apos;s handbook, telephone &quot;el&quot;', 'SA633, SA644', 1, to_date('20070901','YYYYMMDD'), to_date('20080301','YYYYMMDD'), '01490014366', '', '', false);
insert into DiagramParts values('NA31-01_0302-01490011832', 'NA31-01_0302', 14, 'Owner&apos;s handbook, telephone &quot;zh&quot;', 'SA633, SA644', 1, to_date('20050901','YYYYMMDD'), to_date('20060901','YYYYMMDD'), '01490011832', '', '', false);
insert into DiagramParts values('NA31-01_0302-01490013386', 'NA31-01_0302', 14, 'Owner&apos;s handbook, telephone &quot;zh&quot;', 'SA633, SA644', 1, to_date('20070301','YYYYMMDD'), to_date('20070901','YYYYMMDD'), '01490013386', '', '', false);
insert into DiagramParts values('NA31-01_0302-01490014365', 'NA31-01_0302', 14, 'Owner&apos;s handbook, telephone &quot;zh&quot;', 'SA633, SA644', 1, to_date('20070901','YYYYMMDD'), to_date('20080301','YYYYMMDD'), '01490014365', '', '', false);
insert into Diagram values('NA31-01_0302','NA31-20020200','01-14','E60 520i   Universal BMW mobile phone preparat.','');
insert into Diagram values('NA31-01_0568','NA31-20020200','01-14','E60 520i   Tel. Professional E60, E61, E63, E64','');
insert into Diagram values('NA31-01_1128','NA31-20020200','01-19','E60 520i   EC Certificate of Conformity','');
insert into Diagram values('NA31-01_0169','NA31-20020200','01-21','E60 520i   Logbook slipcase BMW','');
insert into Diagram values('NA31-01_1140','NA31-20020200','01-21','E60 520i   Logbook slipcase BMW','');
insert into DiagramParts values('NA31-01_0029-01410157757', 'NA31-01_0029', 01, 'Supplem. to owner&apos;s manual, Australia', 'E60, MJ 04', 1, to_date('20030901','YYYYMMDD'), to_date('20040901','YYYYMMDD'), '01410157757', '', '', false);
insert into DiagramParts values('NA31-01_0029-01410158621', 'NA31-01_0029', 01, 'Supplem. to owner&apos;s manual, Australia', 'E60, MJ 05', 1, to_date('20040901','YYYYMMDD'), to_date('20050301','YYYYMMDD'), '01410158621', '', '', false);
insert into DiagramParts values('NA31-01_0029-01410159386', 'NA31-01_0029', 01, 'Supplem. to owner&apos;s manual, Australia', 'E60, E61 MJ 05', 1, to_date('20050301','YYYYMMDD'), to_date('20050901','YYYYMMDD'), '01410159386', '', '', false);
insert into DiagramParts values('NA31-01_0029-01412600069', 'NA31-01_0029', 01, 'Supplem. to owner&apos;s manual, Australia', 'E60, E61, MJ 06', 1, to_date('20050901','YYYYMMDD'), to_date('20070301','YYYYMMDD'), '01412600069', '', '', false);
insert into DiagramParts values('NA31-01_0029-01412602356', 'NA31-01_0029', 01, 'Supplem. to owner&apos;s manual, Australia', 'EN, E60, E61', 1, to_date('20090301','YYYYMMDD'), to_date('20100601','YYYYMMDD'), '01412602356', '', '', false);
insert into Diagram values('NA31-01_0029','NA31-20020200','01-24','E60 520i   Supplem. to owner&apos;s manual, Australia','');
insert into DiagramParts values('NA31-01_0589-01400158624', 'NA31-01_0589', 01, 'Service booklet, German', 'E60,E61,E63,E64', 1, to_date('20030301','YYYYMMDD'), to_date('20050301','YYYYMMDD'), '01400158624', '', '', false);
insert into DiagramParts values('NA31-01_0589-01402600142', 'NA31-01_0589', 01, 'Service booklet, German', 'E60,E61,E63,E64', 1, to_date('20050301','YYYYMMDD'), to_date('20060901','YYYYMMDD'), '01402600142', '', '', false);
insert into DiagramParts values('NA31-01_0589-01400012181', 'NA31-01_0589', 01, 'Service booklet, German', 'E60,E61,E63,E64', 1, to_date('20060901','YYYYMMDD'), to_date('20070301','YYYYMMDD'), '01400012181', '', '', false);
insert into DiagramParts values('NA31-01_0589-01410158625', 'NA31-01_0589', 02, 'Service booklet, English', 'E60,E61,E63,E64', 1, to_date('20030301','YYYYMMDD'), to_date('20050301','YYYYMMDD'), '01410158625', '', '', false);
insert into DiagramParts values('NA31-01_0589-01412600143', 'NA31-01_0589', 02, 'Service booklet, English', 'E60,E61,E63,E64', 1, to_date('20050301','YYYYMMDD'), to_date('20060901','YYYYMMDD'), '01412600143', '', '', false);
insert into DiagramParts values('NA31-01_0589-01410012182', 'NA31-01_0589', 02, 'Service booklet, English', 'E60,E61,E63,E64', 1, to_date('20060901','YYYYMMDD'), to_date('20070301','YYYYMMDD'), '01410012182', '', '', false);
insert into DiagramParts values('NA31-01_0589-01420158626', 'NA31-01_0589', 03, 'Service booklet, French', 'E60,E61,E63,E64', 1, to_date('20030301','YYYYMMDD'), to_date('20050301','YYYYMMDD'), '01420158626', '', '', false);
insert into DiagramParts values('NA31-01_0589-01422600144', 'NA31-01_0589', 03, 'Service booklet, French', 'E60,E61,E63,E64', 1, to_date('20050301','YYYYMMDD'), to_date('20060901','YYYYMMDD'), '01422600144', '', '', false);
insert into DiagramParts values('NA31-01_0589-01420012183', 'NA31-01_0589', 03, 'Service booklet, French', 'E60,E61,E63,E64', 1, to_date('20060901','YYYYMMDD'), to_date('20070301','YYYYMMDD'), '01420012183', '', '', false);
insert into DiagramParts values('NA31-01_0589-01430158627', 'NA31-01_0589', 04, 'Service booklet, Spanish', 'E60,E61,E63,E64', 1, to_date('20030301','YYYYMMDD'), to_date('20050301','YYYYMMDD'), '01430158627', '', '', false);
insert into DiagramParts values('NA31-01_0589-01432600145', 'NA31-01_0589', 04, 'Service booklet, Spanish', 'E60,E61,E63,E64', 1, to_date('20050301','YYYYMMDD'), to_date('20060901','YYYYMMDD'), '01432600145', '', '', false);
insert into DiagramParts values('NA31-01_0589-01430012184', 'NA31-01_0589', 04, 'Service booklet, Spanish', 'E60,E61,E63,E64', 1, to_date('20060901','YYYYMMDD'), to_date('20070301','YYYYMMDD'), '01430012184', '', '', false);
insert into DiagramParts values('NA31-01_0589-01440158628', 'NA31-01_0589', 05, 'Service booklet, Italian', 'E60,E61,E63,E64', 1, to_date('20030301','YYYYMMDD'), to_date('20050301','YYYYMMDD'), '01440158628', '', '', false);
insert into DiagramParts values('NA31-01_0589-01442600146', 'NA31-01_0589', 05, 'Service booklet, Italian', 'E60,E61,E63,E64', 1, to_date('20050301','YYYYMMDD'), to_date('20060901','YYYYMMDD'), '01442600146', '', '', false);
insert into DiagramParts values('NA31-01_0589-01440012185', 'NA31-01_0589', 05, 'Service booklet, Italian', 'E60,E61,E63,E64', 1, to_date('20060901','YYYYMMDD'), to_date('20070301','YYYYMMDD'), '01440012185', '', '', false);
insert into DiagramParts values('NA31-01_0589-01450158629', 'NA31-01_0589', 06, 'Service booklet, Swedish', 'E60,E61,E63,E64', 1, to_date('20030301','YYYYMMDD'), to_date('20050301','YYYYMMDD'), '01450158629', '', '', false);
insert into DiagramParts values('NA31-01_0589-01452600147', 'NA31-01_0589', 06, 'Service booklet, Swedish', 'E60,E61,E63,E64', 1, to_date('20050301','YYYYMMDD'), to_date('20060901','YYYYMMDD'), '01452600147', '', '', false);
insert into DiagramParts values('NA31-01_0589-01450012186', 'NA31-01_0589', 06, 'Service booklet, Swedish', 'E60,E61,E63,E64', 1, to_date('20060901','YYYYMMDD'), to_date('20070301','YYYYMMDD'), '01450012186', '', '', false);
insert into DiagramParts values('NA31-01_0589-01460158630', 'NA31-01_0589', 07, 'Service booklet, Dutch', 'E60,E61,E63,E64', 1, to_date('20030301','YYYYMMDD'), to_date('20050301','YYYYMMDD'), '01460158630', '', '', false);
insert into DiagramParts values('NA31-01_0589-01462600148', 'NA31-01_0589', 07, 'Service booklet, Dutch', 'E60,E61,E63,E64', 1, to_date('20050301','YYYYMMDD'), to_date('20060901','YYYYMMDD'), '01462600148', '', '', false);
insert into DiagramParts values('NA31-01_0589-01460012187', 'NA31-01_0589', 07, 'Service booklet, Dutch', 'E60,E61,E63,E64', 1, to_date('20060901','YYYYMMDD'), to_date('20070301','YYYYMMDD'), '01460012187', '', '', false);
insert into DiagramParts values('NA31-01_0589-01470158631', 'NA31-01_0589', 08, 'Service booklet, Arabic', 'E60,E61,E63,E64', 1, to_date('20030301','YYYYMMDD'), to_date('20050301','YYYYMMDD'), '01470158631', '', '', false);
insert into DiagramParts values('NA31-01_0589-01472600149', 'NA31-01_0589', 08, 'Service booklet, Arabic', 'E60,E61,E63,E64', 1, to_date('20050301','YYYYMMDD'), to_date('20060901','YYYYMMDD'), '01472600149', '', '', false);
insert into DiagramParts values('NA31-01_0589-01470012188', 'NA31-01_0589', 08, 'Service booklet, Arabic', 'E60,E61,E63,E64', 1, to_date('20060901','YYYYMMDD'), to_date('20070301','YYYYMMDD'), '01470012188', '', '', false);
insert into DiagramParts values('NA31-01_0589-01480158632', 'NA31-01_0589', 09, 'Service booklet, Danish', 'E60,E61,E63,E64', 1, to_date('20030301','YYYYMMDD'), to_date('20050301','YYYYMMDD'), '01480158632', '', '', false);
insert into DiagramParts values('NA31-01_0589-01482600150', 'NA31-01_0589', 09, 'Service booklet, Danish', 'E60,E61,E63,E64', 1, to_date('20050301','YYYYMMDD'), to_date('20060901','YYYYMMDD'), '01482600150', '', '', false);
insert into DiagramParts values('NA31-01_0589-01480012189', 'NA31-01_0589', 09, 'Service booklet, Danish', 'E60,E61,E63,E64', 1, to_date('20060901','YYYYMMDD'), to_date('20070301','YYYYMMDD'), '01480012189', '', '', false);
insert into DiagramParts values('NA31-01_0589-01490158633', 'NA31-01_0589', 10, 'Service booklet, Portuguese', 'E60,E61,E63,E64', 1, to_date('20030301','YYYYMMDD'), to_date('20050301','YYYYMMDD'), '01490158633', '', '', false);
insert into DiagramParts values('NA31-01_0589-01492600151', 'NA31-01_0589', 10, 'Service booklet, Portuguese', 'E60,E61,E63,E64', 1, to_date('20050301','YYYYMMDD'), to_date('20060901','YYYYMMDD'), '01492600151', '', '', false);
insert into DiagramParts values('NA31-01_0589-01490012190', 'NA31-01_0589', 10, 'Service booklet, Portuguese', 'E60,E61,E63,E64', 1, to_date('20060901','YYYYMMDD'), to_date('20070301','YYYYMMDD'), '01490012190', '', '', false);
insert into DiagramParts values('NA31-01_0589-01490158635', 'NA31-01_0589', 11, 'Service booklet, greek', 'E60,E61,E63,E64', 1, to_date('20030301','YYYYMMDD'), to_date('20050301','YYYYMMDD'), '01490158635', '', '', false);
insert into DiagramParts values('NA31-01_0589-01492600153', 'NA31-01_0589', 11, 'Service booklet, greek', 'E60,E61,E63,E64', 1, to_date('20050301','YYYYMMDD'), to_date('20060901','YYYYMMDD'), '01492600153', '', '', false);
insert into DiagramParts values('NA31-01_0589-01490012192', 'NA31-01_0589', 11, 'Service booklet, greek', 'E60,E61,E63,E64', 1, to_date('20060901','YYYYMMDD'), to_date('20070301','YYYYMMDD'), '01490012192', '', '', false);
insert into DiagramParts values('NA31-01_0589-01490158634', 'NA31-01_0589', 12, 'Service booklet, Chinese', 'E60,E61,E63,E64', 1, to_date('20030301','YYYYMMDD'), to_date('20050301','YYYYMMDD'), '01490158634', '', '', false);
insert into DiagramParts values('NA31-01_0589-01492600152', 'NA31-01_0589', 12, 'Service booklet, Chinese', 'E60,E61,E63,E64', 1, to_date('20050301','YYYYMMDD'), to_date('20060901','YYYYMMDD'), '01492600152', '', '', false);
insert into DiagramParts values('NA31-01_0589-01490012191', 'NA31-01_0589', 12, 'Service booklet, Chinese', 'E60,E61,E63,E64', 1, to_date('20060901','YYYYMMDD'), to_date('20070301','YYYYMMDD'), '01490012191', '', '', false);
insert into Diagram values('NA31-01_0589','NA31-20020200','01-26','E60 520i   BMW Service booklet 2004 - 2008','');
insert into Diagram values('NA31-01_0743','NA31-20020200','01-26','E60 520i   BMW Service Manual 2008 - 2011','');
insert into Diagram values('NA31-01_0670','NA31-20020200','01-35','E60 520i   battery charge calendar','');
insert into Diagram values('NA31-01_0681','NA31-20020200','01-40','E60 520i   BMW Service plug unit','');
insert into Diagram values('NA31-01_0680','NA31-20020200','01-46','E60 520i   Service information, BMW','');
insert into Diagram values('NA31-01_0233','NA31-20020200','01-52','E60 520i   Mounting information, Owner&apos;s Manual BMW','');
insert into Diagram values('NA31-01_0299','NA31-20020200','01-52','E60 520i   BMW assembly instructions','');
insert into Diagram values('NA31-01_0635','NA31-20020200','01-60','E60 520i   BMW form','');
insert into Diagram values('NA31-01_0636','NA31-20020200','01-62','E60 520i   Trailer, BMW','');
insert into Diagram values('NA31-01_0637','NA31-20020200','01-64','E60 520i   Sticker, BMW','');
insert into Diagram values('NA31-01_0639','NA31-20020200','01-65','E60 520i   Labels BMW','');
insert into Diagram values('NA31-01_0612','NA31-20020200','01-70','E60 520i   CD/DVD SIP German BMW','');
insert into DiagramParts values('NA31-01_0671-01399789699', 'NA31-01_0671', 01, 'CD literature', 'LITERATUR', 1, to_date('19820901','YYYYMMDD'), to_date('19901201','YYYYMMDD'), '01399789699', '$8.11', '', false);
insert into Diagram values('NA31-01_0671','NA31-20020200','01-70','E60 520i   BMW CD/DVD miscellaneous','');
insert into Diagram values('NA31-01_0737','NA31-20020200','01-70','E60 520i   CD/DVD SIP complete vehicle BMW','');
insert into Diagram values('NA31-01_1172','NA31-20020200','01-70','E60 520i   DVD Web Based Training','');
insert into Diagram values('NA31-01_0854','NA31-20020200','01-94','E60 520i   Sample chart, upholstery colors, leather','');
insert into Diagram values('NA31-01_0954','NA31-20020200','01-94','E60 520i   Sample page, upholstery colors, fabric','');
insert into Diagram values('NA31-01_0955','NA31-20020200','01-94','E60 520i   Sample chart, upholstery colors, leather','');
insert into Diagram values('NA31-01_0957','NA31-20020200','01-94','E60 520i   Sample chart with interior moldings','');
insert into Diagram values('NA31-01_0958','NA31-20020200','01-94','E60 520i   Sample chart with interior moldings','');
insert into Diagram values('NA31-01_0959','NA31-20020200','01-94','E60 520i   Sample chart with interior colors','');
insert into Diagram values('NA31-01_0960','NA31-20020200','01-94','E60 520i   Sample chart with interior colors','');
insert into Diagram values('NA31-11_2226','NA31-20020200','11-05','E60 520i   Short Engine','');
insert into Diagram values('NA31-11_2166','NA31-20020200','11-10','E60 520i   Engine block','');
insert into Diagram values('NA31-11_2167','NA31-20020200','11-10','E60 520i   Engine Block Mounting Parts','');
insert into Diagram values('NA31-11_2168','NA31-20020200','11-10','E60 520i   TIMING CASE','');
insert into Diagram values('NA31-11_2187','NA31-20020200','11-10','E60 520i   OIL PAN/OIL LEVEL INDICATOR','');
insert into Diagram values('NA31-11_2169','NA31-20020200','11-15','E60 520i   Cylinder Head Attached Parts','');
insert into Diagram values('NA31-11_2170','NA31-20020200','11-15','E60 520i   Cylinder Head Vanos','');
insert into Diagram values('NA31-11_2172','NA31-20020200','11-15','E60 520i   Cylinder head cover','');
insert into Diagram values('NA31-11_2194','NA31-20020200','11-15','E60 520i   Crankcase-Ventilation/oil separator','');
insert into DiagramParts values('NA31-11_2213-07119900244', 'NA31-11_2213', 24, 'Gasket ring', 'A10X15-AL', 1, to_date('20030201','YYYYMMDD'), to_date('20040101','YYYYMMDD'), '07119900244', '$0.57', '', false);
insert into Diagram values('NA31-11_2213','NA31-20020200','11-15','E60 520i   Cylinder Head','');
insert into Diagram values('NA31-11_2190','NA31-20020200','11-18','E60 520i   Belt Drive Water Pump/Alternator','');
insert into Diagram values('NA31-11_2263','NA31-20020200','11-18','E60 520i   Belt Drive Climate Compressor','');
insert into Diagram values('NA31-11_2877','NA31-20020200','11-18','E60 520i   Belt Drive-Vibration Damper','');
insert into Diagram values('NA31-11_3510','NA31-20020200','11-18','E60 520i   Belt Drive Water Pump/Alternator','');
insert into Diagram values('NA31-11_1547','NA31-20020200','11-20','E60 520i   Crankshaft With Bearing Shells','');
insert into Diagram values('NA31-11_2010','NA31-20020200','11-20','E60 520i   Crankshaft Connecting Rod','');
insert into Diagram values('NA31-11_2878','NA31-20020200','11-20','E60 520i   Flywheel automatic','');
insert into Diagram values('NA31-11_2925','NA31-20020200','11-20','E60 520i   Crankshaft-Pistons','');
insert into Diagram values('NA31-11_3607','NA31-20020200','11-20','E60 520i   Flywheel / Twin Mass Flywheel','');
insert into Diagram values('NA31-11_1339','NA31-20020200','11-25','E60 520i   Timing - Timing Chain Lower P','');
insert into Diagram values('NA31-11_2171','NA31-20020200','11-25','E60 520i   Valve train,timing chain,upper/intake','');
insert into Diagram values('NA31-11_2182','NA31-20020200','11-25','E60 520i   Valve train,timing chain,upper/outlet','');
insert into Diagram values('NA31-11_2202','NA31-20020200','11-25','E60 520i   Valve Timing Gear - Cam Shaft','');
insert into Diagram values('NA31-11_2201','NA31-20020200','11-30','E60 520i   Lubrication system-Oil filter','');
insert into Diagram values('NA31-11_2868','NA31-20020200','11-30','E60 520i   Lubrication system/Oil pump with drive','');
insert into Diagram values('NA31-11_2180','NA31-20020200','11-35','E60 520i   Waterpump - Thermostat','');
insert into Diagram values('NA31-11_3511','NA31-20020200','11-35','E60 520i   Cooling System Water Hoses','');
insert into Diagram values('NA31-11_2879','NA31-20020200','11-40','E60 520i   Intake manifold system','');
insert into Diagram values('NA31-11_2880','NA31-20020200','11-40','E60 520i   MOUNTING PARTS F INTAKE MANIFOLD SYSTEM','');
insert into Diagram values('NA31-11_3512','NA31-20020200','11-45','E60 520i   Vacuum control - engine','');
insert into Diagram values('NA31-11_3552','NA31-20020200','11-50','E60 520i   EMISSION CONTROL-AIR PUMP','');
insert into Diagram values('NA31-11_5186','NA31-20020200','11-88','E60 520i   Inspection kit I Value Line','');
insert into Diagram values('NA31-11_5187','NA31-20020200','11-88','E60 520i   Inspection kit II Value Line','');
insert into Diagram values('NA31-12_1079','NA31-20020200','12-05','E60 520i   Sensors','');
insert into Diagram values('NA31-12_1104','NA31-20020200','12-05','E60 520i   Ignition coil/spark plug','');
insert into Diagram values('NA31-12_1240','NA31-20020200','12-10','E60 520i   Basic control unit DME / MS45.0','');
insert into Diagram values('NA31-12_1082','NA31-20020200','12-20','E60 520i   COMPACT ALTERNATOR','');
insert into Diagram values('NA31-12_0984','NA31-20020200','12-22','E60 520i   Alternator, individual parts','');
insert into Diagram values('NA31-12_1092','NA31-20020200','12-25','E60 520i   Starter','');
insert into Diagram values('NA31-12_1070','NA31-20020200','12-28','E60 520i   Engine wiring harness, engine module','');
insert into Diagram values('NA31-12_1093','NA31-20020200','12-28','E60 520i   wiring harness, engine ignition module','');
insert into Diagram values('NA31-12_1095','NA31-20020200','12-28','E60 520i   wiring harness, engine trans. module','');
insert into Diagram values('NA31-12_1106','NA31-20020200','12-29','E60 520i   Cable starter','');
insert into Diagram values('NA31-12_1163','NA31-20020200','12-29','E60 520i   BATTERY CABLE/CABLE STARTER','');
insert into Diagram values('NA31-12_1169','NA31-20020200','12-29','E60 520i   DIVERSE SMALL PARTS','');
insert into Diagram values('NA31-12_1376','NA31-20020200','12-30','E60 520i   Interference-suppression band','');
insert into Diagram values('NA31-12_1238','NA31-20020200','12-31','E60 520i   CABLE HOLDER/COVERING','');
insert into Diagram values('NA31-12_1460','NA31-20020200','12-31','E60 520i   DIVERSE SMALL PARTS','');
insert into Diagram values('NA31-12_1249','NA31-20020200','12-32','E60 520i   End cap','');
insert into Diagram values('NA31-12_1162','NA31-20020200','12-35','E60 520i   Integrated supply module','');
insert into Diagram values('NA31-12_1205','NA31-20020200','12-35','E60 520i   RELAY MOTOR','');
insert into Diagram values('NA31-12_1234','NA31-20020200','12-35','E60 520i   Control unit box','');
insert into Diagram values('NA31-13_0900','NA31-20020200','13-15','E60 520i   VALVES/PIPES OF FUEL INJECTION SYSTEM','');
insert into Diagram values('NA31-13_0901','NA31-20020200','13-15','E60 520i   Throttle Housing Assy','');
insert into Diagram values('NA31-13_1030','NA31-20020200','13-15','E60 520i   FUEL TANK BREATHER VALVE','');
insert into Diagram values('NA31-13_1029','NA31-20020200','13-20','E60 520i   Intake muffler/Filter cartridge/HFM','');
insert into Diagram values('NA31-16_0549','NA31-20020200','16-05','E60 520i   Fuel tank/mounting parts','');
insert into Diagram values('NA31-16_0552','NA31-20020200','16-10','E60 520i   Activated Charcoal Filter/FUEL VENTILAT','');
insert into Diagram values('NA31-16_0550','NA31-20020200','16-15','E60 520i   Fuel pipe and scavenging line','');
insert into Diagram values('NA31-16_0553','NA31-20020200','16-15','E60 520i   Fuel pump/Fuel level sensor right','');
insert into Diagram values('NA31-16_0554','NA31-20020200','16-15','E60 520i   Fuel filter /Fuel level sensor left','');
insert into Diagram values('NA31-17_0271','NA31-20020200','17-05','E60 520i   Power steering cooler','');
insert into Diagram values('NA31-17_0272','NA31-20020200','17-05','E60 520i   Cooling water expansion tank','');
insert into Diagram values('NA31-17_0275','NA31-20020200','17-05','E60 520i   Transmission oil cooler line','');
insert into Diagram values('NA31-17_0276','NA31-20020200','17-05','E60 520i   MOUNTING PARTS F RADIATOR','');
insert into Diagram values('NA31-17_0284','NA31-20020200','17-05','E60 520i   Fan shroud/fan','');
insert into Diagram values('NA31-17_0273','NA31-20020200','17-30','E60 520i   Cooling System Water Hoses','');
insert into Diagram values('NA31-17_0274','NA31-20020200','17-30','E60 520i   Cooling System Water Hoses','');
insert into Diagram values('NA31-18_0517','NA31-20020200','18-10','E60 520i   Exhaust manifold with catalyst','');
insert into Diagram values('NA31-18_0518','NA31-20020200','18-10','E60 520i   Lambda Probe Fixings','');
insert into Diagram values('NA31-18_0519','NA31-20020200','18-10','E60 520i   FRONT MUFFLER','');
insert into Diagram values('NA31-18_0520','NA31-20020200','18-20','E60 520i   Exhaust system, rear','');
insert into Diagram values('NA31-21_0182','NA31-20020200','21-05','E60 520i   CLUTCH/TWIN MASS FLYWHEEL','');
insert into Diagram values('NA31-21_0183','NA31-20020200','21-10','E60 520i   Clutch control','');
insert into Diagram values('NA31-22_0091','NA31-20020200','22-05','E60 520i   Engine Suspension','');
insert into Diagram values('NA31-22_0092','NA31-20020200','22-10','E60 520i   Gearbox suspension','');
insert into Diagram values('NA31-23_0918','NA31-20020200','23-05','E60 520i   Manual transmission GS6-37BZ/DZ','');
insert into Diagram values('NA31-23_1034','NA31-20020200','23-10','E60 520i   GEARBOX MOUNTING PARTS','');
insert into Diagram values('NA31-23_1053','NA31-20020200','23-15','E60 520i   GS6-37BZ/DZ Sealing and mount. parts','');
insert into Diagram values('NA31-23_1054','NA31-20020200','23-15','E60 520i   GS6-37BZ/DZ Gear shift components','');
insert into Diagram values('NA31-24_1024','NA31-20020200','24-05','E60 520i   Automatic transmission GA6HP19Z','');
insert into Diagram values('NA31-24_0827','NA31-20020200','24-10','E60 520i   GEARBOX MOUNTING','');
insert into Diagram values('NA31-24_1043','NA31-20020200','24-15','E60 520i   GA6HP19Z housing with mounting parts','');
insert into Diagram values('NA31-24_1044','NA31-20020200','24-15','E60 520i   GA6HP19Z oil pan','');
insert into DiagramParts values('NA31-24_1045-24207571212', 'NA31-24_1045', 05, 'Shaft seal', '28X35,5X5,2', 1, to_date('20020901','YYYYMMDD'), to_date('20110901','YYYYMMDD'), '24207571212', '', 'ENDED', false);
insert into Diagram values('NA31-24_1045','NA31-20020200','24-15','E60 520i   GA6HP19Z output','');
insert into Diagram values('NA31-24_1046','NA31-20020200','24-15','E60 520i   GA6HP19Z Mechatronics','');
insert into Diagram values('NA31-24_1048','NA31-20020200','24-15','E60 520i   GA6HP19Z Mechatronics mounting parts','');
insert into Diagram values('NA31-24_1372','NA31-20020200','24-15','E60 520i   Fluid-change kit, autom. transmission','');
insert into DiagramParts values('NA31-25_0363-25111220439', 'NA31-25_0363', 11, 'Plastic washer', '10X16X0,9', 2, to_date('20031101','YYYYMMDD'), to_date('20050301','YYYYMMDD'), '25111220439', '$0.25', '', false);
insert into Diagram values('NA31-25_0363','NA31-20020200','25-05','E60 520i   Gearbox shifting part','');
insert into Diagram values('NA31-25_0357','NA31-20020200','25-10','E60 520i   GEAR SHIFT KNOBS/SHIFT LEVER COVERINGS','');
insert into Diagram values('NA31-25_0353','NA31-20020200','25-20','E60 520i   AUTOM.TRANSMISS.STEPTRONIC SHIFT PARTS','');
insert into Diagram values('NA31-25_0362','NA31-20020200','25-25','E60 520i   Selector lever handles / Covers','');
insert into Diagram values('NA31-25_0328','NA31-20020200','25-95','E60 520i   Retrofit, leather gearshift knob','');
insert into Diagram values('NA31-25_0424','NA31-20020200','25-95','E60 520i   Retrofit, wooden selector lever knob','');
insert into Diagram values('NA31-25_0425','NA31-20020200','25-95','E60 520i   Retrofit, wooden gearshift knob','');
insert into Diagram values('NA31-26_0184','NA31-20020200','26-05','E60 520i   Drive shaft (constant-velocity joint)','');
insert into Diagram values('NA31-26_0202','NA31-20020200','26-10','E60 520i   DRIVE SHAFT-CEN.BEARING-CONST.VEL.JOINT','');
insert into Diagram values('NA31-31_0655','NA31-20020200','31-05','E60 520i   Frnt axle support,wishbone/tension strut','');
insert into Diagram values('NA31-31_0656','NA31-20020200','31-05','E60 520i   HEADLIGHT VERTICAL AIM CONTROL SENSOR','');
insert into Diagram values('NA31-31_1041','NA31-20020200','31-05','E60 520i   Repair kit for radius rods and wishbones','');
insert into Diagram values('NA31-31_0395','NA31-20020200','31-10','E60 520i   FRONT COIL SPRING','');
insert into Diagram values('NA31-31_0658','NA31-20020200','31-10','E60 520i   Stabilizer, front','');
insert into Diagram values('NA31-31_0660','NA31-20020200','31-10','E60 520i   Front Spring strut/Carrier/Wheel bearing','');
insert into DiagramParts values('NA31-31_0661-51481915964', 'NA31-31_0661', 13, 'EXPANDING RIVET', 'D=7,5', 4, to_date('20040701','YYYYMMDD'), to_date('20041201','YYYYMMDD'), '51481915964', '$0.43', '', false);
insert into Diagram values('NA31-31_0661','NA31-20020200','31-10','E60 520i   GUIDE SUPPORT/SPRING PAD/ATTACHING PARTS','');
insert into Diagram values('NA31-31_1043','NA31-20020200','31-10','E60 520i   Repair kits, anti-roll bar, front','');
insert into Diagram values('NA31-31_1047','NA31-20020200','31-10','E60 520i   Repair kit, wheel bearing, front','');
insert into DiagramParts values('NA31-31_1048-51481915964', 'NA31-31_1048', 08, 'EXPANDING RIVET', 'D=7,5', 4, to_date('20040701','YYYYMMDD'), to_date('20041201','YYYYMMDD'), '51481915964', '$0.43', '', false);
insert into Diagram values('NA31-31_1048','NA31-20020200','31-10','E60 520i   Repair kit for support bearing','');
insert into Diagram values('NA31-32_1420','NA31-20020200','32-10','E60 520i   Hydro steering box','');
insert into Diagram values('NA31-32_1421','NA31-20020200','32-10','E60 520i   Hydro steering box-Active steering (AFS)','');
insert into DiagramParts values('NA31-32_1437-07119904527', 'NA31-32_1437', 04, 'Hex bolt with washer', 'M6X20', 2, to_date('20030801','YYYYMMDD'), to_date('20050901','YYYYMMDD'), '07119904527', '$0.44', '', false);
insert into Diagram values('NA31-32_1437','NA31-20020200','32-10','E60 520i   Ctrl mod./rot. rate sensor act.steering','');
insert into Diagram values('NA31-32_1627','NA31-20020200','32-10','E60 520i   Ctrl mod./rot. rate sensor act.steering','');
insert into Diagram values('NA31-32_1423','NA31-20020200','32-15','E60 520i   Power steering pump','');
insert into Diagram values('NA31-32_1424','NA31-20020200','32-15','E60 520i   Power steering pump/Active steering','');
insert into Diagram values('NA31-32_1431','NA31-20020200','32-20','E60 520i   OIL CARRIER/SINGLE PARTS','');
insert into Diagram values('NA31-32_1432','NA31-20020200','32-20','E60 520i   Oil reservoir/components/Active steering','');
insert into Diagram values('NA31-32_1438','NA31-20020200','32-20','E60 520i   HYDRO STEERING-OIL PIPES','');
insert into Diagram values('NA31-32_1440','NA31-20020200','32-20','E60 520i   HYDRO STEERING-OIL PIPES','');
insert into Diagram values('NA31-32_1443','NA31-20020200','32-20','E60 520i   Power steering/oil pipe/Active steering','');
insert into Diagram values('NA31-32_1444','NA31-20020200','32-20','E60 520i   Power steering/oil pipe/Active steering','');
insert into Diagram values('NA31-32_1422','NA31-20020200','32-25','E60 520i   STEERING LINKAGE/TIE RODS','');
insert into Diagram values('NA31-32_1434','NA31-20020200','32-30','E60 520i   Steering column man.adjust./Mount. parts','');
insert into Diagram values('NA31-32_1435','NA31-20020200','32-30','E60 520i   Electron.steer. column adj./add-on parts','');
insert into Diagram values('NA31-32_1436','NA31-20020200','32-35','E60 520i   Steering wheel Airbag-Smart multifunct.','');
insert into Diagram values('NA31-32_1462','NA31-20020200','32-35','E60 520i   Sport st.whl.airbag-smart /Multifunction','');
insert into Diagram values('NA31-32_1552','NA31-20020200','32-35','E60 520i   M sports strng whl,airb.-smart,multifunc','');
insert into DiagramParts values('NA31-32_1501-32340409261', 'NA31-32_1501', 01, 'Airbag sport st. whl. lthr multifunction', 'RUTHENIUM', 1, to_date('20050901','YYYYMMDD'), to_date('20070301','YYYYMMDD'), '32340409261', '$760.81', 'See EBA 0032571', false);
insert into DiagramParts values('NA31-32_1501-32340409259', 'NA31-32_1501', 01, 'Airbag sport st. whl. lthr multifunction', 'RUTHENIUM', 1, to_date('20050901','YYYYMMDD'), to_date('20070301','YYYYMMDD'), '32340409259', '$583.07', 'See EBA 0032571', false);
insert into Diagram values('NA31-32_1501','NA31-20020200','32-95','E60 520i   Modificat.standard strng whl MFL =>Sport','');
insert into Diagram values('NA31-32_1648','NA31-20020200','32-95','E60 520i   Set of decorative clips','');
insert into Diagram values('NA31-33_1161','NA31-20020200','33-05','E60 520i   DIFFERENTIAL-DRIVE/OUTPUT','');
insert into Diagram values('NA31-33_1162','NA31-20020200','33-10','E60 520i   Final drive, gasket set','');
insert into Diagram values('NA31-33_1213','NA31-20020200','33-25','E60 520i   Output shaft','');
insert into Diagram values('NA31-33_1165','NA31-20020200','33-30','E60 520i   REAR AXLE SUPPORT/WHEEL SUSPENSION','');
insert into Diagram values('NA31-33_1168','NA31-20020200','33-30','E60 520i   HEADLIGHT VERTICAL AIM CONTROL SENSOR','');
insert into Diagram values('NA31-33_1174','NA31-20020200','33-30','E60 520i   REAR AXLE CARRIER','');
insert into Diagram values('NA31-33_1717','NA31-20020200','33-30','E60 520i   Repair kit for ball joint','');
insert into Diagram values('NA31-33_1718','NA31-20020200','33-30','E60 520i   Repair kits for guide rod, wishbone','');
insert into Diagram values('NA31-33_1169','NA31-20020200','33-40','E60 520i   SIDE SHAFT/WHEEL BEARINGS','');
insert into Diagram values('NA31-33_1719','NA31-20020200','33-40','E60 520i   Repair kit for wheel bearing, rear','');
insert into Diagram values('NA31-33_0857','NA31-20020200','33-45','E60 520i   REAR COIL SPRING','');
insert into Diagram values('NA31-33_1170','NA31-20020200','33-45','E60 520i   REAR SPRING STRUT MOUNTING PARTS','');
insert into Diagram values('NA31-33_1171','NA31-20020200','33-45','E60 520i   Stabilizer, rear','');
insert into Diagram values('NA31-33_1339','NA31-20020200','33-95','E60 520i   Retrofit kit M sports suspension','');
insert into Diagram values('NA31-33_1563','NA31-20020200','33-95','E60 520i   Single parts for Sport suspension','');
insert into Diagram values('NA31-34_1324','NA31-20020200','34-05','E60 520i   Front brake pad wear sensor','');
insert into Diagram values('NA31-34_1388','NA31-20020200','34-05','E60 520i   Front brake pad wear sensor','');
insert into Diagram values('NA31-34_2086','NA31-20020200','34-05','E60 520i   Service Kit for brake pads / Value Line','');
insert into Diagram values('NA31-34_1325','NA31-20020200','34-07','E60 520i   Front brake-brake disc','');
insert into Diagram values('NA31-34_1326','NA31-20020200','34-10','E60 520i   Rear brake pad wear sensor','');
insert into Diagram values('NA31-34_1327','NA31-20020200','34-12','E60 520i   Rear wheel brake-Brake disc','');
insert into Diagram values('NA31-34_1328','NA31-20020200','34-15','E60 520i   Brake pipe, front','');
insert into Diagram values('NA31-34_1330','NA31-20020200','34-15','E60 520i   Brake pipe, front','');
insert into Diagram values('NA31-34_1332','NA31-20020200','34-17','E60 520i   Brake pipe rear','');
insert into Diagram values('NA31-34_1334','NA31-20020200','34-18','E60 520i   BRAKE PIPE REAR/MOUNTING','');
insert into Diagram values('NA31-34_1347','NA31-20020200','34-18','E60 520i   FRONT BRAKE PIPE / MOUNTING','');
insert into Diagram values('NA31-34_1348','NA31-20020200','34-18','E60 520i   FRONT BRAKE PIPE / MOUNTING','');
insert into Diagram values('NA31-34_1335','NA31-20020200','34-20','E60 520i   Hydro unit DSC/control unit/fastening','');
insert into Diagram values('NA31-34_1337','NA31-20020200','34-25','E60 520i   BRAKE MASTER CYLINDER/EXPANSION TANK','');
insert into Diagram values('NA31-34_1338','NA31-20020200','34-27','E60 520i   Power brake unit depression','');
insert into Diagram values('NA31-34_1339','NA31-20020200','34-27','E60 520i   Power brake unit depression','');
insert into Diagram values('NA31-34_1340','NA31-20020200','34-30','E60 520i   Handbrake lever','');
insert into Diagram values('NA31-34_1341','NA31-20020200','34-40','E60 520i   PARKING BRAKE/BRAKE SHOES','');
insert into Diagram values('NA31-34_1964','NA31-20020200','34-40','E60 520i   Service Kit for brake shoes / Value Line','');
insert into Diagram values('NA31-34_1384','NA31-20020200','34-95','E60 520i   Retrofit, handbrake handle','');
insert into Diagram values('NA31-34_1562','NA31-20020200','34-95','E60 520i   Handbrake grip with chrome inlay','');
insert into Diagram values('NA31-35_0286','NA31-20020200','35-05','E60 520i   Pedal assembly','');
insert into Diagram values('NA31-35_0288','NA31-20020200','35-05','E60 520i   Foot lever mech. with return spring','');
insert into Diagram values('NA31-35_0274','NA31-20020200','35-20','E60 520i   Acceleration/accelerator pedal module','');
insert into Diagram values('NA31-35_0315','NA31-20020200','35-95','E60 520i   Set of high-grade steel pedal covers','');
insert into Diagram values('NA31-35_0377','NA31-20020200','35-95','E60 520i   Aluminum pedal covers','');
insert into Diagram values('NA31-36_0718','NA31-20020200','36-10','E60 520i   BLACK STEEL EMERGENCY WHEEL','');
insert into Diagram values('NA31-36_0889','NA31-20020200','36-10','E60 520i   STEEL RIM STYL.12','');
insert into Diagram values('NA31-36_0667','NA31-20020200','36-15','E60 520i   BMW LA wheel, star spoke 115','');
insert into Diagram values('NA31-36_0668','NA31-20020200','36-15','E60 520i   BMW LA wheel/double spoke 116','');
insert into Diagram values('NA31-36_0669','NA31-20020200','36-15','E60 520i   BMW LA wheel, star spoke 122','');
insert into Diagram values('NA31-36_0670','NA31-20020200','36-15','E60 520i   BMW LA wheel, star spoke 123','');
insert into Diagram values('NA31-36_0671','NA31-20020200','36-15','E60 520i   BMW LA wheel, star spoke 124','');
insert into Diagram values('NA31-36_0672','NA31-20020200','36-15','E60 520i   BMW alloy wheel, trapezoid spoke 134','');
insert into Diagram values('NA31-36_0673','NA31-20020200','36-15','E60 520i   BMW light alloy wheel, spider spoke 138','');
insert into Diagram values('NA31-36_0676','NA31-20020200','36-15','E60 520i   BMW light alloy wheel, radial spoke 32','');
insert into Diagram values('NA31-36_0677','NA31-20020200','36-15','E60 520i   BMW light alloy wheel, radial spoke 50','');
insert into Diagram values('NA31-36_0678','NA31-20020200','36-15','E60 520i   BMW composite wheel, double spoke 71','');
insert into Diagram values('NA31-36_0679','NA31-20020200','36-15','E60 520i   BMW LA wheel, star spoke 89','');
insert into Diagram values('NA31-36_0680','NA31-20020200','36-15','E60 520i   BMW compound wheel M cross spoke 101','');
insert into Diagram values('NA31-36_0681','NA31-20020200','36-15','E60 520i   BMW LA wheel/double spoke 125','');
insert into Diagram values('NA31-36_0683','NA31-20020200','36-15','E60 520i   BMW light alloy wheel, cross spoke 144','');
insert into Diagram values('NA31-36_0755','NA31-20020200','36-15','E60 520i   BMW alloy wheel, double spoke 129','');
insert into Diagram values('NA31-36_0761','NA31-20020200','36-15','E60 520i   BMW LA Individual wheel V-spoke 152','');
insert into DiagramParts values('NA31-36_0813-36118036570', 'NA31-36_0813', 02, 'Disc wheel, light alloy, reflex-silber', '8JX18     ET:20', 4, to_date('20050201','YYYYMMDD'), to_date('20070301','YYYYMMDD'), '36118036570', '', 'ENDED', false);
insert into Diagram values('NA31-36_0813','NA31-20020200','36-15','E60 520i   BMW alloy wheel, M double spoke 135','');
insert into Diagram values('NA31-36_0814','NA31-20020200','36-15','E60 520i   BMW alloy wheel, M double spoke 172','');
insert into Diagram values('NA31-36_0911','NA31-20020200','36-15','E60 520i   BMW alloy wheel, M double spoke 184','');
insert into Diagram values('NA31-36_0949','NA31-20020200','36-15','E60 520i   BMW Composite wheel, star spoke 179','');
insert into Diagram values('NA31-36_0965','NA31-20020200','36-15','E60 520i   BMW LA forged wheel Radial Spoke 190','');
insert into Diagram values('NA31-36_1090','NA31-20020200','36-15','E60 520i   BMW LA wheel, star spoke 242','');
insert into Diagram values('NA31-36_1091','NA31-20020200','36-15','E60 520i   BMW LA wheel, star spoke 243','');
insert into Diagram values('NA31-36_1092','NA31-20020200','36-15','E60 520i   BMW LA wheel, radial spoke 244','');
insert into Diagram values('NA31-36_1093','NA31-20020200','36-15','E60 520i   BMW light alloy wheel, V-spoke 245','');
insert into Diagram values('NA31-36_1094','NA31-20020200','36-15','E60 520i   BMW LA wheel, star spoke 246','');
insert into Diagram values('NA31-36_1095','NA31-20020200','36-15','E60 520i   BMW LA wheel, dual spoke 247','');
insert into Diagram values('NA31-36_1122','NA31-20020200','36-15','E60 520i   BMW LA wheel Individual w. V spokes 228','');
insert into Diagram values('NA31-36_1231','NA31-20020200','36-15','E60 520i   BMW LA wheel, double spoke 278','');
insert into Diagram values('NA31-36_1232','NA31-20020200','36-15','E60 520i   BMW LA wheel, V-spoke 277','');
insert into Diagram values('NA31-36_1300','NA31-20020200','36-15','E60 520i   BMW light alloy wheel, spider spoke 128','');
insert into Diagram values('NA31-36_1327','NA31-20020200','36-15','E60 520i   BMW Performance LA wheel/double spoke269','');
insert into Diagram values('NA31-36_1343','NA31-20020200','36-15','E60 520i   BMW LA cast wheel Radial Spoke 190','');
insert into Diagram values('NA31-36_0716','NA31-20020200','36-20','E60 520i   Balance weight, lead','');
insert into Diagram values('NA31-36_0884','NA31-20020200','36-20','E60 520i   Balance weight, zinc','');
insert into Diagram values('NA31-36_0312','NA31-20020200','36-25','E60 520i   WHEEL BOLT LOCK WITH ADAPTOR','');
insert into Diagram values('NA31-36_0733','NA31-20020200','36-25','E60 520i   WHEEL BOLT LOCK WITH ADAPTOR','');
insert into Diagram values('NA31-36_1032','NA31-20020200','36-25','E60 520i   SET WHEEL LOCKS','');
insert into Diagram values('NA31-36_0692','NA31-20020200','36-30','E60 520i   Summer tires','');
insert into Diagram values('NA31-36_1074','NA31-20020200','36-30','E60 520i   Winter tires','');
insert into Diagram values('NA31-36_0766','NA31-20020200','36-95','E60 520i   Winter complete wheel double spoke 116','');
insert into Diagram values('NA31-36_0767','NA31-20020200','36-95','E60 520i   Winter wheel/tire, steel','');
insert into Diagram values('NA31-36_0768','NA31-20020200','36-95','E60 520i   Winter complete wheel star spoke 115','');
insert into Diagram values('NA31-36_0769','NA31-20020200','36-95','E60 520i   Winter complete wheel trapezoid spoke134','');
insert into Diagram values('NA31-36_0770','NA31-20020200','36-95','E60 520i   Radial spoke 50 complete winter wheel','');
insert into Diagram values('NA31-36_0772','NA31-20020200','36-95','E60 520i   Winter complete wheel star spoke 138','');
insert into Diagram values('NA31-36_0916','NA31-20020200','36-95','E60 520i   Retrofit emergency wheel','');
insert into Diagram values('NA31-36_0921','NA31-20020200','36-95','E60 520i   Winter complete wheel star spoke 122','');
insert into Diagram values('NA31-36_1157','NA31-20020200','36-95','E60 520i   Winter complete wheel, star-spoke 243','');
insert into Diagram values('NA31-41_1467','NA31-20020200','41-05','E60 520i   Body skeleton','');
insert into Diagram values('NA31-41_1470','NA31-20020200','41-10','E60 520i   Front side panel','');
insert into Diagram values('NA31-41_1480','NA31-20020200','41-10','E60 520i   FRONT BODY BRACKET LEFT','');
insert into Diagram values('NA31-41_1481','NA31-20020200','41-10','E60 520i   FRONT BODY BRACKET RIGHT','');
insert into Diagram values('NA31-41_1545','NA31-20020200','41-10','E60 520i   WHEELHOUSE/ENGINE SUPPORT','');
insert into Diagram values('NA31-41_1546','NA31-20020200','41-10','E60 520i   SPLASH WALL PARTS','');
insert into Diagram values('NA31-41_1549','NA31-20020200','41-10','E60 520i   Connect. pcs. front structure/side frame','');
insert into Diagram values('NA31-41_1577','NA31-20020200','41-10','E60 520i   FRONT PANEL','');
insert into Diagram values('NA31-41_1672','NA31-20020200','41-10','E60 520i   Repair elements for front end','');
insert into Diagram values('NA31-41_1466','NA31-20020200','41-20','E60 520i   Partition trunk','');
insert into Diagram values('NA31-41_1547','NA31-20020200','41-20','E60 520i   BODY-SIDE FRAME','');
insert into Diagram values('NA31-41_1548','NA31-20020200','41-20','E60 520i   SINGLE COMPONENTS FOR BODY-SIDE FRAME','');
insert into Diagram values('NA31-41_1553','NA31-20020200','41-20','E60 520i   Cavity shielding, side frame','');
insert into Diagram values('NA31-41_1544','NA31-20020200','41-25','E60 520i   FILL-IN FLAP','');
insert into Diagram values('NA31-41_1551','NA31-20020200','41-25','E60 520i   Mounting parts for trunk floor panel','');
insert into Diagram values('NA31-41_1552','NA31-20020200','41-25','E60 520i   REAR WHEELHOUSE/FLOOR PARTS','');
insert into Diagram values('NA31-41_1554','NA31-20020200','41-25','E60 520i   SIDE PANEL/TAIL TRIM','');
insert into Diagram values('NA31-41_1469','NA31-20020200','41-30','E60 520i   Roof','');
insert into Diagram values('NA31-41_1471','NA31-20020200','41-35','E60 520i   ENGINE HOOD/MOUNTING PARTS','');
insert into Diagram values('NA31-41_1472','NA31-20020200','41-40','E60 520i   FRONT DOOR-HINGE/DOOR BRAKE','');
insert into Diagram values('NA31-41_1507','NA31-20020200','41-40','E60 520i   Key with accumulator battery','');
insert into Diagram values('NA31-41_1509','NA31-20020200','41-40','E60 520i   Door weatherstrip front','');
insert into Diagram values('NA31-41_1536','NA31-20020200','41-40','E60 520i   FRONT DOOR CONTROL/DOOR LOCK','');
insert into DiagramParts values('NA31-41_1639-51210032903', 'NA31-41_1639', 04, 'Set of keys with CAS control unit', '868 MHZ', 1, to_date('20050901','YYYYMMDD'), to_date('20070301','YYYYMMDD'), '51210032903', '', '', false);
insert into Diagram values('NA31-41_1639','NA31-20020200','41-40','E60 520i   Radio remote control','');
insert into Diagram values('NA31-41_1473','NA31-20020200','41-45','E60 520i   Door rear, hinge/door brake','');
insert into Diagram values('NA31-41_1535','NA31-20020200','41-45','E60 520i   Door weatherstrip rear','');
insert into Diagram values('NA31-41_1537','NA31-20020200','41-45','E60 520i   REAR DOOR CONTROL/DOOR LOCK','');
insert into Diagram values('NA31-41_1508','NA31-20020200','41-50','E60 520i   Master key locking','');
insert into Diagram values('NA31-41_1474','NA31-20020200','41-60','E60 520i   SINGLE COMPONENTS FOR TRUNK LID','');
insert into Diagram values('NA31-41_1555','NA31-20020200','41-60','E60 520i   TRUNK LID/CLOSING SYSTEM','');
insert into Diagram values('NA31-41_1669','NA31-20020200','41-60','E60 520i   M Rear spoiler','');
insert into Diagram values('NA31-41_1468','NA31-20020200','41-65','E60 520i   MECHANICAL CONNECTION ELEMENTS','');
insert into Diagram values('NA31-51_4903','NA31-20020200','51-05','E60 520i   Glazing','');
insert into Diagram values('NA31-51_4936','NA31-20020200','51-05','E60 520i   GLAZING SINGLE PARTS','');
insert into Diagram values('NA31-51_4904','NA31-20020200','51-10','E60 520i   EL.FRONT DOOR WINDOW LIFTING MECHANISM','');
insert into Diagram values('NA31-51_4924','NA31-20020200','51-10','E60 520i   Mirror glas, basic','');
insert into Diagram values('NA31-51_4925','NA31-20020200','51-10','E60 520i   Mirror glas, electrochrome','');
insert into Diagram values('NA31-51_5025','NA31-20020200','51-10','E60 520i   Outside mirror, basic','');
insert into Diagram values('NA31-51_5026','NA31-20020200','51-10','E60 520i   Outs. mirror,electrochr.+ fold-in SA 430','');
insert into Diagram values('NA31-51_5056','NA31-20020200','51-10','E60 520i   Mounting parts, outside mirror','');
insert into DiagramParts values('NA31-51_6001-51167189535', 'NA31-51_6001', 01, 'Outside mirror w/out glass heated left', 'GLANZSCHWARZ', 1, to_date('20070301','YYYYMMDD'), to_date('20090801','YYYYMMDD'), '51167189535', '', '', false);
insert into Diagram values('NA31-51_6001','NA31-20020200','51-10','E60 520i   Outside mirror, basic','');
insert into Diagram values('NA31-51_4905','NA31-20020200','51-12','E60 520i   EL.REAR DOOR WINDOW LIFTING MECHANISM','');
insert into DiagramParts values('NA31-51_4913-51117142056', 'NA31-51_4913', 15, 'Grid lateral right', 'ACC', 1, to_date('20040901','YYYYMMDD'), to_date('20070301','YYYYMMDD'), '51117142056', '$30.13', '', false);
insert into Diagram values('NA31-51_4913','NA31-20020200','51-15','E60 520i   Trim panel, bumper, front','');
insert into Diagram values('NA31-51_4914','NA31-20020200','51-15','E60 520i   Carrier, bumper front','');
insert into Diagram values('NA31-51_4915','NA31-20020200','51-15','E60 520i   Bumper trim panel, rear','');
insert into Diagram values('NA31-51_4919','NA31-20020200','51-15','E60 520i   Support/fixture rear bumper panel','');
insert into Diagram values('NA31-51_5675','NA31-20020200','51-15','E60 520i   M Trim panel, bumper, front(SA715)','');
insert into Diagram values('NA31-51_5681','NA31-20020200','51-15','E60 520i   M Trim panel, bumper, rear (SA715)','');
insert into Diagram values('NA31-51_4910','NA31-20020200','51-20','E60 520i   Emblems / letterings','');
insert into Diagram values('NA31-51_4932','NA31-20020200','51-20','E60 520i   Grille','');
insert into Diagram values('NA31-51_4933','NA31-20020200','51-20','E60 520i   Door sill cover','');
insert into Diagram values('NA31-51_5031','NA31-20020200','51-20','E60 520i   Exterior covers / door front','');
insert into Diagram values('NA31-51_5032','NA31-20020200','51-20','E60 520i   Exterior covers / door rear','');
insert into Diagram values('NA31-51_5033','NA31-20020200','51-20','E60 520i   Roof molding','');
insert into Diagram values('NA31-51_5784','NA31-20020200','51-20','E60 520i   M Cover door sill','');
insert into Diagram values('NA31-51_5793','NA31-20020200','51-25','E60 520i   Police and Paramedic sticker','');
insert into DiagramParts values('NA31-51_4928-51457156282', 'NA31-51_4928', 01, 'Trim panel dashboard', 'TRFFELBRAUN', 1, to_date('20050301','YYYYMMDD'), to_date('20050901','YYYYMMDD'), '51457156282', '', 'ENDED', false);
insert into DiagramParts values('NA31-51_4928-51457156281', 'NA31-51_4928', 01, 'Trim panel dashboard', 'BEIGE', 1, to_date('20050301','YYYYMMDD'), to_date('20050901','YYYYMMDD'), '51457156281', '', 'ENDED', false);
insert into DiagramParts values('NA31-51_4928-51457156280', 'NA31-51_4928', 01, 'Trim panel dashboard', 'GRAU', 1, to_date('20050301','YYYYMMDD'), to_date('20050901','YYYYMMDD'), '51457156280', '', 'ENDED', false);
insert into DiagramParts values('NA31-51_4928-51457156287', 'NA31-51_4928', 01, 'Trim panel dashboard', 'GRAU', 1, to_date('20050301','YYYYMMDD'), to_date('20050901','YYYYMMDD'), '51457156287', '', '', false);
insert into DiagramParts values('NA31-51_4928-51457156288', 'NA31-51_4928', 01, 'Trim panel dashboard', 'BEIGE', 1, to_date('20050301','YYYYMMDD'), to_date('20050901','YYYYMMDD'), '51457156288', '$887.03', '', false);
insert into DiagramParts values('NA31-51_4928-51457156302', 'NA31-51_4928', 01, 'Trim panel dashboard', 'GRAU', 1, to_date('20050301','YYYYMMDD'), to_date('20050901','YYYYMMDD'), '51457156302', '', 'ENDED', false);
insert into DiagramParts values('NA31-51_4928-51457156289', 'NA31-51_4928', 01, 'Trim panel dashboard', 'TRFFELBRAUN', 1, to_date('20050301','YYYYMMDD'), to_date('20050901','YYYYMMDD'), '51457156289', '', '', false);
insert into DiagramParts values('NA31-51_4928-51457156303', 'NA31-51_4928', 01, 'Trim panel dashboard', 'BEIGE', 1, to_date('20050301','YYYYMMDD'), to_date('20050901','YYYYMMDD'), '51457156303', '', 'ENDED', false);
insert into DiagramParts values('NA31-51_4928-51457156304', 'NA31-51_4928', 01, 'Trim panel dashboard', 'TRFFELBRAUN', 1, to_date('20050301','YYYYMMDD'), to_date('20050901','YYYYMMDD'), '51457156304', '', 'ENDED', false);
insert into DiagramParts values('NA31-51_4928-51457156308', 'NA31-51_4928', 01, 'Trim panel dashboard', 'BEIGE', 1, to_date('20050301','YYYYMMDD'), to_date('20050901','YYYYMMDD'), '51457156308', '', '', false);
insert into DiagramParts values('NA31-51_4928-51457156309', 'NA31-51_4928', 01, 'Trim panel dashboard', 'TRFFELBRAUN', 1, to_date('20050301','YYYYMMDD'), to_date('20050901','YYYYMMDD'), '51457156309', '', '', false);
insert into DiagramParts values('NA31-51_4928-51457156307', 'NA31-51_4928', 01, 'Trim panel dashboard', 'GRAU', 1, to_date('20050301','YYYYMMDD'), to_date('20050901','YYYYMMDD'), '51457156307', '', '', false);
insert into Diagram values('NA31-51_4928','NA31-20020200','51-30','E60 520i   Trim panel dashboard','');
insert into Diagram values('NA31-51_5066','NA31-20020200','51-30','E60 520i   Mounting parts, I-panel, bottom','');
insert into Diagram values('NA31-51_5110','NA31-20020200','51-30','E60 520i   GLOVE BOX','');
insert into Diagram values('NA31-51_5128','NA31-20020200','51-30','E60 520i   Cup holder','');
insert into Diagram values('NA31-51_5213','NA31-20020200','51-30','E60 520i   Carrier instrument panel','');
insert into Diagram values('NA31-51_6631','NA31-20020200','51-30','E60 520i   Trim panel dashboard','');
insert into Diagram values('NA31-51_5111','NA31-20020200','51-35','E60 520i   Center console','');
insert into Diagram values('NA31-51_5114','NA31-20020200','51-35','E60 520i   Center arm rest, oddments trays','');
insert into Diagram values('NA31-51_5116','NA31-20020200','51-35','E60 520i   Decor trims, centre console','');
insert into Diagram values('NA31-51_5807','NA31-20020200','51-35','E60 520i   Mounting parts, center console, rear','');
insert into Diagram values('NA31-51_5020','NA31-20020200','51-40','E60 520i   Sun visor','');
insert into Diagram values('NA31-51_5129','NA31-20020200','51-40','E60 520i   Interior mirror','');
insert into Diagram values('NA31-51_5135','NA31-20020200','51-40','E60 520i   Headlining / Handle','');
insert into Diagram values('NA31-51_5136','NA31-20020200','51-40','E60 520i   Parcel shelf, electr.sun blind','');
insert into Diagram values('NA31-51_5146','NA31-20020200','51-40','E60 520i   Trim panel A- / B- / C-Column','');
insert into Diagram values('NA31-51_5500','NA31-20020200','51-40','E60 520i   Tandem interior mirror','');
insert into Diagram values('NA31-51_5084','NA31-20020200','51-45','E60 520i   Real Maplewood finish high gloss','');
insert into Diagram values('NA31-51_5085','NA31-20020200','51-45','E60 520i   Real Poplarwood finish high gloss','');
insert into Diagram values('NA31-51_5086','NA31-20020200','51-45','E60 520i   Decorative strips Aluminium','');
insert into Diagram values('NA31-51_5087','NA31-20020200','51-45','E60 520i   Decorative strip titan II dunkel','');
insert into Diagram values('NA31-51_5501','NA31-20020200','51-45','E60 520i   Light real poplar wood trim','');
insert into Diagram values('NA31-51_5686','NA31-20020200','51-45','E60 520i   Decorative panel, Alu Cube pure','');
insert into Diagram values('NA31-51_6677','NA31-20020200','51-45','E60 520i   Light real poplar wood trim','');
insert into Diagram values('NA31-51_6680','NA31-20020200','51-45','E60 520i   Decorative panel, Alu Cube pure','');
insert into Diagram values('NA31-51_5005','NA31-20020200','51-50','E60 520i   Door trim panel, front / side airbag','');
insert into Diagram values('NA31-51_5044','NA31-20020200','51-50','E60 520i   Door trim, rear','');
insert into DiagramParts values('NA31-51_5048-51427079517', 'NA31-51_5048', 01, 'DOOR LINING LEATHER REAR LEFT', 'SCHWARZ', 1, to_date('20041001','YYYYMMDD'), to_date('20050901','YYYYMMDD'), '51427079517', '$1,026.72', '+core', false);
insert into DiagramParts values('NA31-51_5048-51427079518', 'NA31-51_5048', 01, 'DOOR LINING LEATHER REAR RIGHT', 'SCHWARZ', 1, to_date('20041001','YYYYMMDD'), to_date('20050901','YYYYMMDD'), '51427079518', '$1,026.72', '+core', false);
insert into DiagramParts values('NA31-51_5048-51427079519', 'NA31-51_5048', 01, 'DOOR LINING LEATHER REAR LEFT', 'BEIGE', 1, to_date('20041001','YYYYMMDD'), to_date('20050901','YYYYMMDD'), '51427079519', '', '+core', false);
insert into DiagramParts values('NA31-51_5048-51427079520', 'NA31-51_5048', 01, 'DOOR LINING LEATHER REAR RIGHT', 'BEIGE', 1, to_date('20041001','YYYYMMDD'), to_date('20050901','YYYYMMDD'), '51427079520', '', '+core', false);
insert into DiagramParts values('NA31-51_5048-51427079526', 'NA31-51_5048', 01, 'DOOR LINING LEATHER REAR RIGHT', 'BEIGE', 1, to_date('20041001','YYYYMMDD'), to_date('20050901','YYYYMMDD'), '51427079526', '$1,051.83', '+core', false);
insert into DiagramParts values('NA31-51_5048-51427079524', 'NA31-51_5048', 01, 'DOOR LINING LEATHER REAR RIGHT', 'SCHWARZ', 1, to_date('20041001','YYYYMMDD'), to_date('20050901','YYYYMMDD'), '51427079524', '$1,101.41', '+core', false);
insert into DiagramParts values('NA31-51_5048-51427079530', 'NA31-51_5048', 01, 'DOOR LINING LEATHER REAR RIGHT', 'SCHWARZ', 1, to_date('20041001','YYYYMMDD'), to_date('20050901','YYYYMMDD'), '51427079530', '$1,051.83', '+core', false);
insert into DiagramParts values('NA31-51_5048-51427079532', 'NA31-51_5048', 01, 'DOOR LINING LEATHER REAR RIGHT', 'BEIGE', 1, to_date('20041001','YYYYMMDD'), to_date('20050901','YYYYMMDD'), '51427079532', '$1,026.72', '+core', false);
insert into Diagram values('NA31-51_5048','NA31-20020200','51-50','E60 520i   Door trim panel rear / Side airbag','');
insert into Diagram values('NA31-51_5117','NA31-20020200','51-50','E60 520i   Roller sun vizor, rear door','');
insert into Diagram values('NA31-51_6558','NA31-20020200','51-50','E60 520i   Door trim panel, front / side airbag','');
insert into Diagram values('NA31-51_6567','NA31-20020200','51-50','E60 520i   Door trim, rear','');
insert into Diagram values('NA31-51_6573','NA31-20020200','51-50','E60 520i   Door trim panel rear / Side airbag','');
insert into Diagram values('NA31-51_5112','NA31-20020200','51-55','E60 520i   Floor mats, velours','');
insert into Diagram values('NA31-51_5118','NA31-20020200','51-55','E60 520i   FLOOR COVERING','');
insert into Diagram values('NA31-51_5119','NA31-20020200','51-55','E60 520i   Edge protector / Trim for entry','');
insert into Diagram values('NA31-51_5145','NA31-20020200','51-55','E60 520i   TRIM PANEL LEG ROOM','');
insert into Diagram values('NA31-51_5796','NA31-20020200','51-55','E60 520i   Floor mat, rubber','');
insert into Diagram values('NA31-51_5126','NA31-20020200','51-65','E60 520i   Trunk trim panel','');
insert into Diagram values('NA31-51_5147','NA31-20020200','51-70','E60 520i   SOUND INSULATING FRONT','');
insert into Diagram values('NA31-51_5148','NA31-20020200','51-70','E60 520i   SOUND INSULATING REAR','');
insert into Diagram values('NA31-51_5154','NA31-20020200','51-70','E60 520i   Heat insulation','');
insert into Diagram values('NA31-51_5089','NA31-20020200','51-75','E60 520i   Underride portection, front','');
insert into Diagram values('NA31-51_5211','NA31-20020200','51-75','E60 520i   Underfloor coating','');
insert into Diagram values('NA31-51_5212','NA31-20020200','51-75','E60 520i   Air duct','');
insert into Diagram values('NA31-51_5152','NA31-20020200','51-80','E60 520i   Reinforcement, body','');
insert into Diagram values('NA31-51_5196','NA31-20020200','51-80','E60 520i   Sealing cap/plug','');
insert into Diagram values('NA31-51_5369','NA31-20020200','51-80','E60 520i   Sealing cap/plug','');
insert into Diagram values('NA31-51_5370','NA31-20020200','51-80','E60 520i   Sealing cap/plug','');
insert into Diagram values('NA31-51_4245','NA31-20020200','51-95','E60 520i   Retrofit, outside mirror, electrochrome','');
insert into Diagram values('NA31-51_4635','NA31-20020200','51-95','E60 520i   Exterior mirror for towing','');
insert into Diagram values('NA31-51_4643','NA31-20020200','51-95','E60 520i   Non-skid mat','');
insert into Diagram values('NA31-51_4646','NA31-20020200','51-95','E60 520i   Boot/trunk floor net','');
insert into Diagram values('NA31-51_4651','NA31-20020200','51-95','E60 520i   Fitted luggage compartment mat','');
insert into Diagram values('NA31-51_4698','NA31-20020200','51-95','E60 520i   Boot lashing strap','');
insert into Diagram values('NA31-51_4821','NA31-20020200','51-95','E60 520i   Floor mats Commercial','');
insert into Diagram values('NA31-51_5106','NA31-20020200','51-95','E60 520i   Rear spoiler','');
insert into Diagram values('NA31-51_5155','NA31-20020200','51-95','E60 520i   Floor mats, velours','');
insert into Diagram values('NA31-51_5207','NA31-20020200','51-95','E60 520i   Retrofit real wood vers.poplar woodgrain','');
insert into Diagram values('NA31-51_5208','NA31-20020200','51-95','E60 520i   Retrofit real wood version mapleSycamore','');
insert into Diagram values('NA31-51_5209','NA31-20020200','51-95','E60 520i   Retrofit in aluminium interior strips','');
insert into Diagram values('NA31-51_5219','NA31-20020200','51-95','E60 520i   Retrofit, armrest front, movable','');
insert into Diagram values('NA31-51_5244','NA31-20020200','51-95','E60 520i   Luggage compartment pan','');
insert into Diagram values('NA31-51_5246','NA31-20020200','51-95','E60 520i   FLOOR MATS CITY','');
insert into Diagram values('NA31-51_5247','NA31-20020200','51-95','E60 520i   Rubber mat','');
insert into Diagram values('NA31-51_5362','NA31-20020200','51-95','E60 520i   Luggage compartment, folding','');
insert into Diagram values('NA31-51_5486','NA31-20020200','51-95','E60 520i   Illuminated door sill strip retrofit kit','');
insert into Diagram values('NA31-51_5688','NA31-20020200','51-95','E60 520i   Luggage compatment box "multifix"','');
insert into Diagram values('NA31-51_5714','NA31-20020200','51-95','E60 520i   Retrofit decor strip, titan. II, dark','');
insert into Diagram values('NA31-51_5738','NA31-20020200','51-95','E60 520i   Umbrella with bag','');
insert into Diagram values('NA31-51_5739','NA31-20020200','51-95','E60 520i   Storage sleeve DVD/CD','');
insert into Diagram values('NA31-51_5743','NA31-20020200','51-95','E60 520i   Retrofit, precious wood, poplar, bright','');
insert into Diagram values('NA31-51_5782','NA31-20020200','51-95','E60 520i   Retrofit, M aerodynamic kit','');
insert into Diagram values('NA31-51_5791','NA31-20020200','51-95','E60 520i   Retrofit, M rear spoiler','');
insert into Diagram values('NA31-51_5792','NA31-20020200','51-95','E60 520i   Retrofit equipm.supp.front license plate','');
insert into Diagram values('NA31-51_5816','NA31-20020200','51-95','E60 520i   M foot rest retrofit kit','');
insert into Diagram values('NA31-51_5817','NA31-20020200','51-95','E60 520i   Retrofit, M cover, entrance','');
insert into Diagram values('NA31-51_5826','NA31-20020200','51-95','E60 520i   Retrof.equipm.,dec.panels,alu,Cube pure','');
insert into Diagram values('NA31-51_5881','NA31-20020200','51-95','E60 520i   Roller sun shield','');
insert into Diagram values('NA31-51_5954','NA31-20020200','51-95','','');
insert into Diagram values('NA31-51_6089','NA31-20020200','51-95','E60 520i   Carbon fiber package','');
insert into Diagram values('NA31-51_6106','NA31-20020200','51-95','E60 520i   Retrofit: Compass/Remote control','');
insert into Diagram values('NA31-51_6165','NA31-20020200','51-95','E60 520i   Luggage compartment clamping belts','');
insert into Diagram values('NA31-51_6174','NA31-20020200','51-95','E60 520i   Retrofit, cup holder','');
insert into Diagram values('NA31-51_6477','NA31-20020200','51-95','E60 520i   Key fob','');
insert into Diagram values('NA31-51_6639','NA31-20020200','51-95','E60 520i   Protective loading edge mat','');
insert into Diagram values('NA31-51_6805','NA31-20020200','51-95','E60 520i   Moulding rocker panels','');
insert into Diagram values('NA31-51_6979','NA31-20020200','51-95','E60 520i   License plate bracket, self-illuminated','');
insert into Diagram values('NA31-51_7034','NA31-20020200','51-95','E60 520i   Sun blind strips','');
insert into Diagram values('NA31-51_7061','NA31-20020200','51-95','E60 520i   Non-skid mat','');
insert into Diagram values('NA31-51_7236','NA31-20020200','51-95','E60 520i   Footmat update','');
insert into Diagram values('NA31-51_7405','NA31-20020200','51-95','E60 520i   Partitions, storage trays, trunk','');
insert into Diagram values('NA31-51_7413','NA31-20020200','51-95','E60 520i   Retrofit trim grill','');
insert into Diagram values('NA31-51_8051','NA31-20020200','51-95','E60 520i   First-aid kit, universal','');
insert into Diagram values('NA31-51_8522','NA31-20020200','51-95','E60 520i   Travel & Comfort System','');
insert into Diagram values('NA31-51_8703','NA31-20020200','51-95','E60 520i   Pocket set in interior','');
insert into Diagram values('NA31-52_3007','NA31-20020200','52-10','E60 520i   Seat, front, upholstery and cover','');
insert into Diagram values('NA31-52_3008','NA31-20020200','52-10','E60 520i   Seat, front, head restraint','');
insert into DiagramParts values('NA31-52_3009-52107154272', 'NA31-52_3009', 01, 'Attachment rail, cover, right', 'SCHWARZ', 1, to_date('20040401','YYYYMMDD'), to_date('20080101','YYYYMMDD'), '52107154272', '', '', false);
insert into DiagramParts values('NA31-52_3009-52107072688', 'NA31-52_3009', 03, 'Covering outer right', 'SCHWARZ', 1, to_date('20040401','YYYYMMDD'), to_date('20080101','YYYYMMDD'), '52107072688', '$35.03', '', false);
insert into DiagramParts values('NA31-52_3009-52107078532', 'NA31-52_3009', 03, 'Covering outer right', 'GRAU', 1, to_date('20040401','YYYYMMDD'), to_date('20080101','YYYYMMDD'), '52107078532', '$35.03', '', false);
insert into DiagramParts values('NA31-52_3009-52107078534', 'NA31-52_3009', 03, 'Covering outer right', 'BEIGE', 1, to_date('20040401','YYYYMMDD'), to_date('20080101','YYYYMMDD'), '52107078534', '$35.03', '', false);
insert into DiagramParts values('NA31-52_3009-52107078536', 'NA31-52_3009', 03, 'Covering outer right', 'TRFFELBRAUN', 1, to_date('20040401','YYYYMMDD'), to_date('20080101','YYYYMMDD'), '52107078536', '$28.18', '', false);
insert into DiagramParts values('NA31-52_3009-52107154253', 'NA31-52_3009', 03, 'Covering outer left', 'SCHWARZ', 1, to_date('20040401','YYYYMMDD'), to_date('20080101','YYYYMMDD'), '52107154253', '$35.03', '', false);
insert into DiagramParts values('NA31-52_3009-52107154255', 'NA31-52_3009', 03, 'Covering outer left', 'GRAU', 1, to_date('20040401','YYYYMMDD'), to_date('20080101','YYYYMMDD'), '52107154255', '$35.03', '', false);
insert into DiagramParts values('NA31-52_3009-52107154257', 'NA31-52_3009', 03, 'Covering outer left', 'BEIGE', 1, to_date('20040401','YYYYMMDD'), to_date('20080101','YYYYMMDD'), '52107154257', '$35.03', '', false);
insert into DiagramParts values('NA31-52_3009-52107154259', 'NA31-52_3009', 03, 'Covering outer left', 'TRFFELBRAUN', 1, to_date('20040401','YYYYMMDD'), to_date('20080101','YYYYMMDD'), '52107154259', '$28.18', '', false);
insert into DiagramParts values('NA31-52_3009-52109127405', 'NA31-52_3009', 03, 'Covering outer left', 'CREAMBEIGE', 1, to_date('20040401','YYYYMMDD'), to_date('20080101','YYYYMMDD'), '52109127405', '$35.03', '', false);
insert into DiagramParts values('NA31-52_3009-52106989260', 'NA31-52_3009', 04, 'Covering outer right', 'GRAU', 1, to_date('20040401','YYYYMMDD'), to_date('20080101','YYYYMMDD'), '52106989260', '', '+core', false);
insert into DiagramParts values('NA31-52_3009-52106989262', 'NA31-52_3009', 04, 'Covering outer right', 'BEIGE', 1, to_date('20040401','YYYYMMDD'), to_date('20080101','YYYYMMDD'), '52106989262', '', '+core', false);
insert into DiagramParts values('NA31-52_3009-52106989264', 'NA31-52_3009', 04, 'Covering outer right', 'TRFFELBRAUN', 1, to_date('20040401','YYYYMMDD'), to_date('20080101','YYYYMMDD'), '52106989264', '', '+core', false);
insert into DiagramParts values('NA31-52_3009-52109127400', 'NA31-52_3009', 04, 'Covering outer right', 'CREAMBEIGE', 1, to_date('20040401','YYYYMMDD'), to_date('20080101','YYYYMMDD'), '52109127400', '', 'See NoS No Stock', false);
insert into DiagramParts values('NA31-52_3009-52109127085', 'NA31-52_3009', 04, 'Covering outer left', 'CREAMBEIGE', 1, to_date('20040401','YYYYMMDD'), to_date('20060901','YYYYMMDD'), '52109127085', '$35.03', '', false);
insert into DiagramParts values('NA31-52_3009-52106989277', 'NA31-52_3009', 04, 'Covering outer left', 'SCHWARZ', 1, to_date('20060901','YYYYMMDD'), to_date('20080101','YYYYMMDD'), '52106989277', '$35.03', '', false);
insert into DiagramParts values('NA31-52_3009-52106989279', 'NA31-52_3009', 04, 'Covering outer left', 'GRAU', 1, to_date('20060901','YYYYMMDD'), to_date('20080101','YYYYMMDD'), '52106989279', '$35.03', '', false);
insert into DiagramParts values('NA31-52_3009-52106989281', 'NA31-52_3009', 04, 'Covering outer left', 'BEIGE', 1, to_date('20060901','YYYYMMDD'), to_date('20080101','YYYYMMDD'), '52106989281', '$35.03', '', false);
insert into DiagramParts values('NA31-52_3009-52106989283', 'NA31-52_3009', 04, 'Covering outer left', 'TRFFELBRAUN', 1, to_date('20060901','YYYYMMDD'), to_date('20080101','YYYYMMDD'), '52106989283', '$35.03', '', false);
insert into DiagramParts values('NA31-52_3009-52107124981', 'NA31-52_3009', 10, 'Finisher, upper rail, front, left', 'CREAMBEIGE', 1, to_date('20020301','YYYYMMDD'), to_date('20030301','YYYYMMDD'), '52107124981', '', 'ENDED', false);
insert into DiagramParts values('NA31-52_3009-52107124982', 'NA31-52_3009', 10, 'Finisher, upper rail, front, right', 'CREAMBEIGE', 1, to_date('20020301','YYYYMMDD'), to_date('20030301','YYYYMMDD'), '52107124982', '', 'ENDED', false);
insert into DiagramParts values('NA31-52_3009-52107154245', 'NA31-52_3009', 11, 'Finisher, upper rail, exterior, left', 'GRAU', 1, to_date('20040401','YYYYMMDD'), to_date('20071201','YYYYMMDD'), '52107154245', '$14.96', '', false);
insert into DiagramParts values('NA31-52_3009-52107154247', 'NA31-52_3009', 11, 'Finisher, upper rail, exterior, left', 'BEIGE', 1, to_date('20040401','YYYYMMDD'), to_date('20071201','YYYYMMDD'), '52107154247', '$14.96', '', false);
insert into DiagramParts values('NA31-52_3009-52107154249', 'NA31-52_3009', 11, 'Finisher, upper rail, exterior, left', 'TRFFELBRAUN', 1, to_date('20040401','YYYYMMDD'), to_date('20071201','YYYYMMDD'), '52107154249', '$13.84', '', false);
insert into DiagramParts values('NA31-52_3009-52109127010', 'NA31-52_3009', 11, 'Finisher, upper rail, exterior, right', 'CREAMBEIGE', 1, to_date('20040401','YYYYMMDD'), to_date('20071201','YYYYMMDD'), '52109127010', '', '', false);
insert into DiagramParts values('NA31-52_3009-52107115204', 'NA31-52_3009', 11, 'Finisher, upper rail, exterior, right', 'GRAU', 1, to_date('20040401','YYYYMMDD'), to_date('20071201','YYYYMMDD'), '52107115204', '$16.43', '', false);
insert into DiagramParts values('NA31-52_3009-52107115206', 'NA31-52_3009', 11, 'Finisher, upper rail, exterior, right', 'TRFFELBRAUN', 1, to_date('20040401','YYYYMMDD'), to_date('20071201','YYYYMMDD'), '52107115206', '$14.95', '', false);
insert into DiagramParts values('NA31-52_3009-52107126914', 'NA31-52_3009', 11, 'Finisher, upper rail, exterior, right', 'SCHWARZ', 1, to_date('20040401','YYYYMMDD'), to_date('20071201','YYYYMMDD'), '52107126914', '$16.43', '', false);
insert into DiagramParts values('NA31-52_3009-52107126916', 'NA31-52_3009', 11, 'Finisher, upper rail, exterior, right', 'BEIGE', 1, to_date('20040401','YYYYMMDD'), to_date('20071201','YYYYMMDD'), '52107126916', '$16.43', '', false);
insert into DiagramParts values('NA31-52_3009-52107154263', 'NA31-52_3009', 11, 'Finisher, upper rail, exterior, left', 'SCHWARZ', 1, to_date('20040401','YYYYMMDD'), to_date('20071201','YYYYMMDD'), '52107154263', '$14.96', '', false);
insert into DiagramParts values('NA31-52_3009-52107154265', 'NA31-52_3009', 11, 'Finisher, upper rail, exterior, left', 'GRAU', 1, to_date('20040401','YYYYMMDD'), to_date('20071201','YYYYMMDD'), '52107154265', '$17.24', '', false);
insert into DiagramParts values('NA31-52_3009-52107154267', 'NA31-52_3009', 11, 'Finisher, upper rail, exterior, left', 'BEIGE', 1, to_date('20040401','YYYYMMDD'), to_date('20071201','YYYYMMDD'), '52107154267', '$14.96', '', false);
insert into DiagramParts values('NA31-52_3009-52107154269', 'NA31-52_3009', 11, 'Finisher, upper rail, exterior, left', 'TRFFELBRAUN', 1, to_date('20040401','YYYYMMDD'), to_date('20071201','YYYYMMDD'), '52107154269', '$15.96', '', false);
insert into Diagram values('NA31-52_3009','NA31-20020200','52-10','E60 520i   SEAT FRONT SEAT COVERINGS','');
insert into Diagram values('NA31-52_3010','NA31-20020200','52-10','E60 520i   Seat, front, seat frame','');
insert into Diagram values('NA31-52_3011','NA31-20020200','52-10','E60 520i   FRONT SEAT BACKREST FRAME/REAR PANEL','');
insert into DiagramParts values('NA31-52_3012-52107156215', 'NA31-52_3012', 01, 'SEAT RAIL LEFT', 'EBS', 1, to_date('20040401','YYYYMMDD'), to_date('20080101','YYYYMMDD'), '52107156215', '$418.72', '', false);
insert into Diagram values('NA31-52_3012','NA31-20020200','52-10','E60 520i   FRONT SEAT RAIL','');
insert into Diagram values('NA31-52_3013','NA31-20020200','52-10','E60 520i   Seat, front, electrical and motors','');
insert into Diagram values('NA31-52_3014','NA31-20020200','52-10','E60 520i   Seat, front, electrical/motors, backrest','');
insert into Diagram values('NA31-52_3030','NA31-20020200','52-10','E60 520i   Sort of seam, seat','');
insert into Diagram values('NA31-52_3100','NA31-20020200','52-10','E60 520i   Seat, front, Active seat single parts','');
insert into Diagram values('NA31-52_3102','NA31-20020200','52-10','E60 520i   Seat, front, lumbar','');
insert into Diagram values('NA31-52_3017','NA31-20020200','52-20','E60 520i   Seat rear, upholstery & cover base seat','');
insert into Diagram values('NA31-52_3018','NA31-20020200','52-20','E60 520i   Seat rear, upholstery & cover base seat','');
insert into Diagram values('NA31-52_3019','NA31-20020200','52-20','E60 520i   Seat, rear, seat frame, load-through','');
insert into Diagram values('NA31-52_3020','NA31-20020200','52-20','E60 520i   Rear seat head restraint','');
insert into Diagram values('NA31-52_3021','NA31-20020200','52-20','E60 520i   Rear seat center armrest','');
insert into Diagram values('NA31-52_3022','NA31-20020200','52-20','E60 520i   Rear seat center armrest','');
insert into Diagram values('NA31-52_3049','NA31-20020200','52-20','E60 520i   Rear seat ski bag','');
insert into Diagram values('NA31-52_2989','NA31-20020200','52-60','E60 520i   Merino leather sold by meter','');
insert into Diagram values('NA31-52_3023','NA31-20020200','52-60','E60 520i   Cover material, running meter','');
insert into Diagram values('NA31-52_3050','NA31-20020200','52-60','E60 520i   Yarded material,leather Nasca Klimaleder','');
insert into Diagram values('NA31-52_3051','NA31-20020200','52-60','E60 520i   Yarded mat.,leather Walknappa Klimaleder','');
insert into Diagram values('NA31-52_2914','NA31-20020200','52-95','E60 520i   Lambskin seat cover','');
insert into Diagram values('NA31-52_3015','NA31-20020200','52-95','E60 520i   UNIVERSAL PRODECTIVE REAR COVER','');
insert into Diagram values('NA31-52_3043','NA31-20020200','52-95','E60 520i   Belt holder','');
insert into Diagram values('NA31-52_3269','NA31-20020200','52-95','E60 520i   Seat-back storage pocket','');
insert into Diagram values('NA31-54_0325','NA31-20020200','54-05','E60 520i   Lift-up-and-slide-back sunroof','');
insert into Diagram values('NA31-61_1749','NA31-20020200','61-05','E60 520i   Main wiring harness','');
insert into Diagram values('NA31-61_1294','NA31-20020200','61-10','E60 520i   Repair cable, belt tensioner','');
insert into Diagram values('NA31-61_1747','NA31-20020200','61-10','E60 520i   DOOR CABLE HARNESSES','');
insert into Diagram values('NA31-61_1748','NA31-20020200','61-10','E60 520i   VARIOUS ADDITIONAL WIRING SETS','');
insert into DiagramParts values('NA31-61_1760-61129132249', 'NA31-61_1760', 01, 'BATTERY CABLE NEGATIVE', 'IBS', 1, to_date('20061101','YYYYMMDD'), to_date('20070301','YYYYMMDD'), '61129132249', '', 'ENDED', false);
insert into DiagramParts values('NA31-61_1760-61129164346', 'NA31-61_1760', 01, 'BATTERY CABLE NEGATIVE', 'IBS', 1, to_date('20061101','YYYYMMDD'), to_date('20080901','YYYYMMDD'), '61129164346', '', 'ENDED', false);
insert into DiagramParts values('NA31-61_1760-61129184203', 'NA31-61_1760', 01, 'BATTERY CABLE NEGATIVE', 'IBS', 1, to_date('20061101','YYYYMMDD'), to_date('20090901','YYYYMMDD'), '61129184203', '', 'ENDED', false);
insert into Diagram values('NA31-61_1760','NA31-20020200','61-10','E60 520i   Battery cable','');
insert into Diagram values('NA31-61_1761','NA31-20020200','61-10','E60 520i   Repair cable main cable harness','');
insert into Diagram values('NA31-61_1801','NA31-20020200','61-10','E60 520i   Wiring set seat','');
insert into Diagram values('NA31-61_1822','NA31-20020200','61-10','E60 520i   Cable-yarded material','');
insert into Diagram values('NA31-61_2029','NA31-20020200','61-10','E60 520i   Repair wiring sets','');
insert into Diagram values('NA31-61_2084','NA31-20020200','61-10','E60 520i   VARIOUS ADDITIONAL WIRING SETS','');
insert into Diagram values('NA31-61_2252','NA31-20020200','61-10','E60 520i   Repair cable, airbag','');
insert into Diagram values('NA31-61_2405','NA31-20020200','61-10','E60 520i   Wiring harness, drive unit, seat','');
insert into Diagram values('NA31-61_1280','NA31-20020200','61-15','E60 520i   Plug terminal ELO not waterproof','');
insert into Diagram values('NA31-61_1296','NA31-20020200','61-15','E60 520i   Circular connector / D 2,5 mm System','');
insert into Diagram values('NA31-61_1349','NA31-20020200','61-15','E60 520i   Various comb-type connectors','');
insert into Diagram values('NA31-61_1445','NA31-20020200','61-15','E60 520i   Various parts, wiring harness repair','');
insert into Diagram values('NA31-61_1461','NA31-20020200','61-15','E60 520i   Diagnosis plug','');
insert into Diagram values('NA31-61_1578','NA31-20020200','61-15','E60 520i   Repair parts, optical fibre cable','');
insert into Diagram values('NA31-61_1691','NA31-20020200','61-15','E60 520i   Pin contacts ELO','');
insert into Diagram values('NA31-61_1754','NA31-20020200','61-15','E60 520i   Plug terminal ELO-Power','');
insert into Diagram values('NA31-61_1967','NA31-20020200','61-15','E60 520i   CABLE HOLDER/COVERING','');
insert into Diagram values('NA31-61_2085','NA31-20020200','61-15','E60 520i   Various cable grommets','');
insert into Diagram values('NA31-61_2107','NA31-20020200','61-15','E60 520i   Various parts, wiring harness repair','');
insert into Diagram values('NA31-61_2217','NA31-20020200','61-15','E60 520i   Contact system MQS','');
insert into Diagram values('NA31-61_2404','NA31-20020200','61-15','E60 520i   VARIOUS CABLE HOLDERS','');
insert into Diagram values('NA31-61_2444','NA31-20020200','61-15','E60 520i   diverse plugs and connectors','');
insert into Diagram values('NA31-61_2483','NA31-20020200','61-15','E60 520i   Cable tie','');
insert into Diagram values('NA31-61_2638','NA31-20020200','61-15','E60 520i   Repair parts, coaxial cable contacts','');
insert into Diagram values('NA31-61_2680','NA31-20020200','61-15','E60 520i   Repair parts, coaxial cable housing','');
insert into Diagram values('NA31-61_1566','NA31-20020200','61-20','E60 520i   Single components for fuse housing','');
insert into Diagram values('NA31-61_1757','NA31-20020200','61-20','E60 520i   Power distribution box','');
insert into Diagram values('NA31-61_1767','NA31-20020200','61-20','E60 520i   BRACKET F BODY CONTROL UNITS AND MODULES','');
insert into DiagramParts values('NA31-61_1717-61359111947', 'NA31-61_1717', 03, 'TRAILER TOWING MODUL', '3+', 1, to_date('20060901','YYYYMMDD'), to_date('20070301','YYYYMMDD'), '61359111947', '', 'ENDED', false);
insert into DiagramParts values('NA31-61_1717-61359146234', 'NA31-61_1717', 03, 'TRAILER TOWING MODUL', '3+', 1, to_date('20060901','YYYYMMDD'), to_date('20090201','YYYYMMDD'), '61359146234', '', 'ENDED', false);
insert into DiagramParts values('NA31-61_1717-61359167198', 'NA31-61_1717', 03, 'TRAILER TOWING MODUL', '3+', 1, to_date('20060901','YYYYMMDD'), to_date('20090201','YYYYMMDD'), '61359167198', '', 'ENDED', false);
insert into DiagramParts values('NA31-61_1717-61359186177', 'NA31-61_1717', 03, 'TRAILER TOWING MODUL', '4R', 1, to_date('20060901','YYYYMMDD'), to_date('20090301','YYYYMMDD'), '61359186177', '', 'ENDED', false);
insert into Diagram values('NA31-61_1717','NA31-20020200','61-25','E60 520i   Control units/modules','');
insert into Diagram values('NA31-61_1719','NA31-20020200','61-25','E60 520i   Sensors and relays','');
insert into Diagram values('NA31-61_2016','NA31-20020200','61-25','E60 520i   Control unit for front seat','');
insert into Diagram values('NA31-61_2044','NA31-20020200','61-25','E60 520i   Body gateway module','');
insert into Diagram values('NA31-61_1742','NA31-20020200','61-30','E60 520i   Original BMW battery (Warranty only)','');
insert into Diagram values('NA31-61_1743','NA31-20020200','61-30','E60 520i   battery holder and mounting parts','');
insert into Diagram values('NA31-61_1853','NA31-20020200','61-30','E60 520i   Only for Japan - original BMW battery','');
insert into Diagram values('NA31-61_1331','NA31-20020200','61-35','E60 520i   Cigarette lighter / sockets','');
insert into Diagram values('NA31-61_1695','NA31-20020200','61-35','E60 520i   Window lifter switch, passenger&apos;s side','');
insert into Diagram values('NA31-61_1696','NA31-20020200','61-35','E60 520i   Window lifter switch, driver&apos;s side','');
insert into Diagram values('NA31-61_1697','NA31-20020200','61-35','E60 520i   Window lifter switch, rear','');
insert into DiagramParts values('NA31-61_1698-61316953623', 'NA31-61_1698', 02, 'Cover, light operating unit', 'SCHWARZ', 1, to_date('20040901','YYYYMMDD'), to_date('20070301','YYYYMMDD'), '61316953623', '$46.97', '', false);
insert into Diagram values('NA31-61_1698','NA31-20020200','61-35','E60 520i   Control element light','');
insert into Diagram values('NA31-61_1699','NA31-20020200','61-35','E60 520i   Steering wheel electronic control','');
insert into Diagram values('NA31-61_1700','NA31-20020200','61-35','E60 520i   SWITCH ADJUSTER STEERING COLUMN','');
insert into Diagram values('NA31-61_1709','NA31-20020200','61-35','E60 520i   Seat adjustment switch, front','');
insert into Diagram values('NA31-61_1716','NA31-20020200','61-35','E60 520i   Steering column trim, high','');
insert into Diagram values('NA31-61_1720','NA31-20020200','61-35','E60 520i   VARIOUS SWITCHES','');
insert into Diagram values('NA31-61_1721','NA31-20020200','61-35','E60 520i   Steering column trim, basic','');
insert into Diagram values('NA31-61_1722','NA31-20020200','61-35','E60 520i   Steering column switch/control unit','');
insert into Diagram values('NA31-61_1723','NA31-20020200','61-35','E60 520i   TV/Audio plug socket','');
insert into DiagramParts values('NA31-61_1725-61359226238', 'NA31-61_1725', 03, 'Control unit CAS', 'CAS3', 1, to_date('20050901','YYYYMMDD'), to_date('20070301','YYYYMMDD'), '61359226238', '', '', false);
insert into Diagram values('NA31-61_1725','NA31-20020200','61-35','E60 520i   Ign./starting switch/ring antenna/CAS','');
insert into Diagram values('NA31-61_1833','NA31-20020200','61-35','E60 520i   Steering column trim, high','');
insert into Diagram values('NA31-61_1834','NA31-20020200','61-35','E60 520i   Steering column trim, basic','');
insert into Diagram values('NA31-61_1886','NA31-20020200','61-35','E60 520i   switch, airbag','');
insert into Diagram values('NA31-61_1937','NA31-20020200','61-35','E60 520i   Switch unit, center console','');
insert into Diagram values('NA31-61_1960','NA31-20020200','61-35','E60 520i   Modules/switch/charge socket,off. veh.','');
insert into Diagram values('NA31-61_1966','NA31-20020200','61-35','E60 520i   Switch unit, center console','');
insert into DiagramParts values('NA31-61_2025-61136901662', 'NA31-61_2025', 08, 'Socket housing', '16 POL./Z-CODE', 1, to_date('20050901','YYYYMMDD'), to_date('20070301','YYYYMMDD'), '61136901662', '$2.55', '', false);
insert into DiagramParts values('NA31-61_2025-61138377072', 'NA31-61_2025', 08, 'Universal socket housing uncoded', '3 POL.', 2, to_date('20050901','YYYYMMDD'), to_date('20070301','YYYYMMDD'), '61138377072', '$1.37', '', false);
insert into Diagram values('NA31-61_2025','NA31-20020200','61-35','E60 520i   Steering column switch/control unit','');
insert into Diagram values('NA31-61_2052','NA31-20020200','61-35','E60 520i   Steering column switch/control unit','');
insert into Diagram values('NA31-61_2127','NA31-20020200','61-35','E60 520i   Brake and clutch switch','');
insert into Diagram values('NA31-61_1694','NA31-20020200','61-40','E60 520i   Horn','');
insert into Diagram values('NA31-61_1671','NA31-20020200','61-45','E60 520i   SINGLE COMPONENTS FOR WIPER ARM','');
insert into Diagram values('NA31-61_1672','NA31-20020200','61-45','E60 520i   SINGLE WIPER PARTS','');
insert into Diagram values('NA31-61_1673','NA31-20020200','61-45','E60 520i   Reserv.,windshield/headlight washer syst','');
insert into Diagram values('NA31-61_1674','NA31-20020200','61-45','E60 520i   Hose lines, windshield washer system','');
insert into Diagram values('NA31-61_1675','NA31-20020200','61-45','E60 520i   Hose lines, headlight washer system','');
insert into Diagram values('NA31-61_1676','NA31-20020200','61-95','E60 520i   Retrofit kit, headlight cleaning system','');
insert into Diagram values('NA31-61_1888','NA31-20020200','61-95','E60 520i   Remote control/compass interior mirror','');
insert into Diagram values('NA31-61_2223','NA31-20020200','61-95','E60 520i   Suppression filter','');
insert into Diagram values('NA31-61_2441','NA31-20020200','61-95','E60 520i   Retrofit, passenger airbag shutoff','');
insert into Diagram values('NA31-61_3026','NA31-20020200','61-95','E60 520i   Battery charger','');
insert into Diagram values('NA31-61_3244','NA31-20020200','61-95','E60 520i   Battery charger','');
insert into Diagram values('NA31-62_0461','NA31-20020200','62-05','E60 520i   Instrument cluster','');
insert into Diagram values('NA31-62_0462','NA31-20020200','62-30','E60 520i   Head-up display','');
insert into Diagram values('NA31-62_0561','NA31-20020200','62-95','E60 520i   Electronic log book','');
insert into Diagram values('NA31-63_0796','NA31-20020200','63-05','E60 520i   Headlight','');
insert into Diagram values('NA31-63_0797','NA31-20020200','63-05','E60 520i   Headlight, electronic parts, Xenon light','');
insert into Diagram values('NA31-63_0798','NA31-20020200','63-05','E60 520i   Individual parts for halogen headlamp','');
insert into Diagram values('NA31-63_0799','NA31-20020200','63-05','E60 520i   Single components f headlight Xenon/ALC','');
insert into Diagram values('NA31-63_1067','NA31-20020200','63-05','E60 520i   SPARE BULBS BOX','');
insert into Diagram values('NA31-63_1363','NA31-20020200','63-05','E60 520i   BMW Performance Light','');
insert into Diagram values('NA31-63_1420','NA31-20020200','63-05','E60 520i   SPARE BULBS BOX','');
insert into Diagram values('NA31-63_0815','NA31-20020200','63-10','E60 520i   Additional turn indicator lamp','');
insert into Diagram values('NA31-63_0812','NA31-20020200','63-15','E60 520i   Fog lights','');
insert into Diagram values('NA31-63_0879','NA31-20020200','63-15','E60 520i   Fog lamp M-Technik','');
insert into Diagram values('NA31-63_0801','NA31-20020200','63-20','E60 520i   Rear light','');
insert into Diagram values('NA31-63_0814','NA31-20020200','63-25','E60 520i   Third stoplamp','');
insert into Diagram values('NA31-63_0788','NA31-20020200','63-30','E60 520i   Various lamps','');
insert into Diagram values('NA31-63_0813','NA31-20020200','63-30','E60 520i   REFLECTOR','');
insert into Diagram values('NA31-63_0816','NA31-20020200','63-30','E60 520i   Various lamps','');
insert into Diagram values('NA31-63_0817','NA31-20020200','63-30','E60 520i   VARIOUS LAMPS/SPARE BULBS BOX','');
insert into Diagram values('NA31-63_1028','NA31-20020200','63-30','E60 520i   Various lamps','');
insert into Diagram values('NA31-63_0837','NA31-20020200','63-95','E60 520i   Retrofit kit,rr light, white','');
insert into Diagram values('NA31-63_0855','NA31-20020200','63-95','E60 520i   Retrofit kit bi-xenon headlight','');
insert into Diagram values('NA31-63_0856','NA31-20020200','63-95','E60 520i   Retrofit kit adaptive headlights','');
insert into Diagram values('NA31-63_0923','NA31-20020200','63-95','E60 520i   Install.set additional headlight Xenon','');
insert into Diagram values('NA31-63_0976','NA31-20020200','63-95','E60 520i   Retrofit kit rear light Black Line','');
insert into Diagram values('NA31-63_1048','NA31-20020200','63-95','E60 520i   Electrical kit, facelift lights','');
insert into Diagram values('NA31-63_1153','NA31-20020200','63-95','E60 520i   Flashlight, LED','');
insert into Diagram values('NA31-63_1289','NA31-20020200','63-95','E60 520i   Retrofit kit, LED daytime driving lights','');
insert into Diagram values('NA31-63_1322','NA31-20020200','63-95','E60 520i   LED interior light package','');
insert into Diagram values('NA31-63_1509','NA31-20020200','63-95','E60 520i   BMW LED luggage compartment lamp','');
insert into Diagram values('NA31-64_1348','NA31-20020200','64-05','E60 520i   AIR CHANNEL','');
insert into Diagram values('NA31-64_1338','NA31-20020200','64-10','E60 520i   Microfilter/housing parts','');
insert into Diagram values('NA31-64_1350','NA31-20020200','64-15','E60 520i   HEATER RADIATOR AUTOMATIC AIR CONDITION','');
insert into Diagram values('NA31-64_1329','NA31-20020200','64-18','E60 520i   Independ.heating water valves IHKA Basis','');
insert into Diagram values('NA31-64_1330','NA31-20020200','64-18','E60 520i   Independ.heating water valves IHKA High','');
insert into Diagram values('NA31-64_1335','NA31-20020200','64-18','E60 520i   Water valve/Water hose IHKA Basis','');
insert into Diagram values('NA31-64_1336','NA31-20020200','64-18','E60 520i   Water valve/Water hose IHKA High','');
insert into Diagram values('NA31-64_1493','NA31-20020200','64-18','E60 520i   Water valve/Water hose IHKA Basis','');
insert into Diagram values('NA31-64_1325','NA31-20020200','64-20','E60 520i   Automatic air conditioning control','');
insert into Diagram values('NA31-64_1326','NA31-20020200','64-20','E60 520i   Control unit, automatic air cond.,High','');
insert into Diagram values('NA31-64_1339','NA31-20020200','64-30','E60 520i   Evaporator / Expansion valve','');
insert into Diagram values('NA31-64_1366','NA31-20020200','64-35','E60 520i   Housing parts automatic air conditioning','');
insert into Diagram values('NA31-64_1367','NA31-20020200','64-35','E60 520i   Set of small parts, aut air cond housing','');
insert into Diagram values('NA31-64_1488','NA31-20020200','64-35','E60 520i   Housing parts, coolbox','');
insert into Diagram values('NA31-64_1352','NA31-20020200','64-40','E60 520i   Temperature sensor','');
insert into Diagram values('NA31-64_1353','NA31-20020200','64-40','E60 520i   Set of cables for auto. air conditioning','');
insert into Diagram values('NA31-64_1355','NA31-20020200','64-40','E60 520i   Blower unit / mounting parts','');
insert into Diagram values('NA31-64_1340','NA31-20020200','64-45','E60 520i   Actuator for autom. air condition Basis','');
insert into Diagram values('NA31-64_1341','NA31-20020200','64-45','E60 520i   Actuator for autom. air condition High','');
insert into Diagram values('NA31-64_1343','NA31-20020200','64-45','E60 520i   SENSOR F. AUC','');
insert into Diagram values('NA31-64_1344','NA31-20020200','64-45','E60 520i   Condensation sensor / Solar sensor','');
insert into Diagram values('NA31-64_1346','NA31-20020200','64-50','E60 520i   AIR COND.COMPRESSOR-SUPPORTING BRACKET','');
insert into Diagram values('NA31-64_1342','NA31-20020200','64-55','E60 520i   Condenser/Drier insert','');
insert into Diagram values('NA31-64_1331','NA31-20020200','64-60','E60 520i   Coolant lines','');
insert into Diagram values('NA31-64_1327','NA31-20020200','64-65','E60 520i   Auxiliary heating','');
insert into Diagram values('NA31-64_1351','NA31-20020200','64-65','E60 520i   FUEL SUPPLY/PUMP/TUBING','');
insert into Diagram values('NA31-64_1389','NA31-20020200','64-65','E60 520i   TRANSMITTER F AUXIL.HEATING REMOTE CTRL','');
insert into Diagram values('NA31-64_1319','NA31-20020200','64-95','E60 520i   Labels independent heating','');
insert into Diagram values('NA31-64_1394','NA31-20020200','64-95','E60 520i   Install.kit, independent heater','');
insert into Diagram values('NA31-64_1633','NA31-20020200','64-95','E60 520i   Retrofit kit, remote cntrl,indep.heating','');
insert into Diagram values('NA31-64_1855','NA31-20020200','64-95','E60 520i   Accessori e postmontaggi','');
insert into Diagram values('NA31-65_0207','NA31-20020200','65-05','E60 520i   Earth strap for engine hood','');
insert into Diagram values('NA31-65_1330','NA31-20020200','65-05','E60 520i   M-Audio system controller','');
insert into Diagram values('NA31-65_1587','NA31-20020200','65-05','E60 520i   DAB tuner','');
insert into Diagram values('NA31-65_2440','NA31-20020200','65-05','E60 520i   DAB Retrofit','');
insert into Diagram values('NA31-65_1761','NA31-20020200','65-07','E60 520i   USB/Audio interface','');
insert into Diagram values('NA31-65_1786','NA31-20020200','65-07','E60 520i   Auxiliary connection cable','');
insert into Diagram values('NA31-65_1312','NA31-20020200','65-10','E60 520i   CD Changer/Bracket','');
insert into Diagram values('NA31-65_1681','NA31-20020200','65-10','E60 520i   DVD player','');
insert into Diagram values('NA31-65_1301','NA31-20020200','65-20','E60 520i   Components central bass','');
insert into Diagram values('NA31-65_1303','NA31-20020200','65-20','E60 520i   Components Top-HiFi instrument panel','');
insert into Diagram values('NA31-65_1304','NA31-20020200','65-20','E60 520i   Single parts, Stereo System, door frnt','');
insert into Diagram values('NA31-65_1305','NA31-20020200','65-20','E60 520i   SINGLE PARTS F PACKAGE SHELF STEREO SYST','');
insert into Diagram values('NA31-65_1306','NA31-20020200','65-20','E60 520i   SINGLE PARTS F FRONT DOOR HIFI SYSTEM','');
insert into Diagram values('NA31-65_1307','NA31-20020200','65-20','E60 520i   SINGLE PARTS F FRONT DOOR TOP-HIFI SYST.','');
insert into Diagram values('NA31-65_1308','NA31-20020200','65-20','E60 520i   SINGLE PARTS F PACKAGE SHELF HIFI SYSTEM','');
insert into Diagram values('NA31-65_1309','NA31-20020200','65-20','E60 520i   SINGLE PARTS F PACKAGE SHELF TOP-HIFI','');
insert into Diagram values('NA31-65_1310','NA31-20020200','65-20','E60 520i   SINGLE PARTS F REAR DOOR TOP-HIFI SYST.','');
insert into Diagram values('NA31-65_1739','NA31-20020200','65-20','E60 520i   Individual Audio system, door front','');
insert into Diagram values('NA31-65_1740','NA31-20020200','65-20','E60 520i   Individual Audio system, door rear','');
insert into Diagram values('NA31-65_1741','NA31-20020200','65-20','E60 520i   Individual Audio system, I-panel','');
insert into Diagram values('NA31-65_1742','NA31-20020200','65-20','E60 520i   Individual Audio system tray','');
insert into Diagram values('NA31-65_1394','NA31-20020200','65-22','E60 520i   Antenna cable Radio/TV','');
insert into Diagram values('NA31-65_1402','NA31-20020200','65-22','E60 520i   Antenna cable GPS','');
insert into Diagram values('NA31-65_1851','NA31-20020200','65-22','E60 520i   Universal aerial cable','');
insert into Diagram values('NA31-65_1852','NA31-20020200','65-22','E60 520i   Universal aerial cable','');
insert into Diagram values('NA31-65_1853','NA31-20020200','65-22','E60 520i   Universal aerial cable','');
insert into Diagram values('NA31-65_1300','NA31-20020200','65-25','E60 520i   Single parts f instrument support','');
insert into Diagram values('NA31-65_1313','NA31-20020200','65-25','E60 520i   amplifier / holder hifi system','');
insert into Diagram values('NA31-65_1314','NA31-20020200','65-25','E60 520i   Amplifier/holder,HiFi Professional DSP','');
insert into Diagram values('NA31-65_1743','NA31-20020200','65-25','E60 520i   Amplifier/bracket Indi. Audio System','');
insert into Diagram values('NA31-65_1324','NA31-20020200','65-30','E60 520i   SINGLE PARTS F ANTENNA-DIVERSITY','');
insert into Diagram values('NA31-65_1331','NA31-20020200','65-30','E60 520i   SINGLE PARTS F ANTENNA','');
insert into Diagram values('NA31-65_1731','NA31-20020200','65-30','E60 520i   Official radio antenna/horn speaker','');
insert into Diagram values('NA31-65_1119','NA31-20020200','65-45','E60 520i   Headset module','');
insert into DiagramParts values('NA31-65_1352-65829111270', 'NA31-65_1352', 01, 'AT-On-board monitor 6,5&quot;', 'FA. ALPINE', 1, to_date('20040901','YYYYMMDD'), to_date('20060301','YYYYMMDD'), '65829111270', '', 'ENDED', false);
insert into DiagramParts values('NA31-65_1352-65826981559', 'NA31-65_1352', 01, 'AT-On-board monitor 6,5&quot;', 'FA. ALPINE', 1, to_date('20040901','YYYYMMDD'), to_date('20070301','YYYYMMDD'), '65826981559', '', 'ENDED', false);
insert into DiagramParts values('NA31-65_1352-65829111274', 'NA31-65_1352', 01, 'AT-On-board monitor 8,8&quot;', 'FA. ALPINE', 1, to_date('20040901','YYYYMMDD'), to_date('20060301','YYYYMMDD'), '65829111274', '', 'ENDED', false);
insert into DiagramParts values('NA31-65_1352-65826981560', 'NA31-65_1352', 01, 'AT-On-board monitor 8,8&quot;', 'FA. ALPINE', 1, to_date('20040901','YYYYMMDD'), to_date('20070301','YYYYMMDD'), '65826981560', '', 'ENDED', false);
insert into DiagramParts values('NA31-65_1352-65829118722', 'NA31-65_1352', 01, 'AT-On-board monitor 8,8&quot;', 'FA. ALPINE', 1, to_date('20040901','YYYYMMDD'), to_date('20080901','YYYYMMDD'), '65829118722', '', 'ENDED', false);
insert into DiagramParts values('NA31-65_1352-65829151978', 'NA31-65_1352', 01, 'On-board monitor 8,8&quot;', 'FA. SVDO', 1, to_date('20040901','YYYYMMDD'), to_date('20080901','YYYYMMDD'), '65829151978', '', 'ENDED', false);
insert into Diagram values('NA31-65_1352','NA31-20020200','65-45','E60 520i   On-board monitor','');
insert into DiagramParts values('NA31-65_1353-65826983881', 'NA31-65_1353', 03, 'Control knob', 'PERLGLANZ CHROM', 1, to_date('20050901','YYYYMMDD'), to_date('20080901','YYYYMMDD'), '65826983881', '$66.66', '+core', false);
insert into Diagram values('NA31-65_1353','NA31-20020200','65-45','E60 520i   Controller up to 09/2008','');
insert into DiagramParts values('NA31-65_1635-65509196876', 'NA31-65_1635', 01, 'Video module', 'FBAS', 1, to_date('20081101','YYYYMMDD'), to_date('20090301','YYYYMMDD'), '65509196876', '', 'ENDED', false);
insert into Diagram values('NA31-65_1635','NA31-20020200','65-45','E60 520i   Video module/bracket','');
insert into DiagramParts values('NA31-65_1637-65509179581', 'NA31-65_1637', 01, 'Video module', 'FBAS', 1, to_date('20040901','YYYYMMDD'), to_date('20050301','YYYYMMDD'), '65509179581', '$2,020.32', '', false);
insert into DiagramParts values('NA31-65_1637-65509196876', 'NA31-65_1637', 01, 'Video module', 'FBAS', 1, to_date('20040901','YYYYMMDD'), to_date('20050301','YYYYMMDD'), '65509196876', '', 'ENDED', false);
insert into DiagramParts values('NA31-65_1637-65509206973', 'NA31-65_1637', 01, 'Video module', 'FBAS', 1, to_date('20040901','YYYYMMDD'), to_date('20050301','YYYYMMDD'), '65509206973', '', '', false);
insert into DiagramParts values('NA31-65_1637-65506958396', 'NA31-65_1637', 01, 'Video module', 'RGB 5', 1, to_date('20050301','YYYYMMDD'), to_date('20050901','YYYYMMDD'), '65506958396', '', 'ENDED', false);
insert into DiagramParts values('NA31-65_1637-65506978236', 'NA31-65_1637', 01, 'Video module', 'RGB 5', 1, to_date('20050301','YYYYMMDD'), to_date('20060301','YYYYMMDD'), '65506978236', '', 'ENDED', false);
insert into DiagramParts values('NA31-65_1637-65506986557', 'NA31-65_1637', 01, 'Video module', 'RGB 5', 1, to_date('20050301','YYYYMMDD'), to_date('20070301','YYYYMMDD'), '65506986557', '', 'ENDED', false);
insert into DiagramParts values('NA31-65_1637-65509146702', 'NA31-65_1637', 01, 'Video module', 'RGB 5', 1, to_date('20050301','YYYYMMDD'), to_date('20081101','YYYYMMDD'), '65509146702', '$1,330.68', '', false);
insert into Diagram values('NA31-65_1637','NA31-20020200','65-45','E60 520i   Video module/bracket','');
insert into DiagramParts values('NA31-65_1349-65509179581', 'NA31-65_1349', 01, 'Video module', 'FBAS', 1, to_date('20040901','YYYYMMDD'), to_date('20081101','YYYYMMDD'), '65509179581', '$2,020.32', '', false);
insert into DiagramParts values('NA31-65_1349-65509196876', 'NA31-65_1349', 01, 'Video module', 'FBAS', 1, to_date('20081101','YYYYMMDD'), to_date('20090301','YYYYMMDD'), '65509196876', '', 'ENDED', false);
insert into Diagram values('NA31-65_1349','NA31-20020200','65-50','E60 520i   Video module/bracket','');
insert into Diagram values('NA31-65_1351','NA31-20020200','65-50','E60 520i   Remote control, rear','');
insert into Diagram values('NA31-65_1354','NA31-20020200','65-50','E60 520i   CCC CD','');
insert into Diagram values('NA31-65_1355','NA31-20020200','65-50','E60 520i   CCC MD/CD','');
insert into Diagram values('NA31-65_1356','NA31-20020200','65-50','E60 520i   Navigation system, Asia','');
insert into Diagram values('NA31-65_1453','NA31-20020200','65-50','E60 520i   Single parts CCC','');
insert into DiagramParts values('NA31-65_1724-65909112341', 'NA31-65_1724', 01, 'FSC JNav map 2007-1 initialization', 'ASAP', 1, to_date('20070301','YYYYMMDD'), to_date('20070901','YYYYMMDD'), '65909112341', '', 'ENDED', false);
insert into Diagram values('NA31-65_1724','NA31-20020200','65-50','E60 520i   Enable code for Japanese navigation','');
insert into Diagram values('NA31-65_1975','NA31-20020200','65-50','E60 520i   DVD street map Navigation Option 609','');
insert into Diagram values('NA31-65_1977','NA31-20020200','65-50','E60 520i   DVD street map Navigation Option 606','');
insert into DiagramParts values('NA31-65_2177-65902218712', 'NA31-65_2177', 01, 'Code for CIC map, Europe 2012 Update', 'PREMIUM', 1, to_date('20080301','YYYYMMDD'), to_date('20081101','YYYYMMDD'), '65902218712', '', '', false);
insert into DiagramParts values('NA31-65_2177-65902304626', 'NA31-65_2177', 01, 'Code for CIC map, Europe 2013 update', 'PREMIUM', 1, to_date('20080301','YYYYMMDD'), to_date('20081101','YYYYMMDD'), '65902304626', '', '', false);
insert into DiagramParts values('NA31-65_2177-65902343815', 'NA31-65_2177', 01, 'Enable code CIC map Europe 2013-2 Upd.', 'PREMIUM', 1, to_date('20080301','YYYYMMDD'), to_date('20081101','YYYYMMDD'), '65902343815', '', '', false);
insert into DiagramParts values('NA31-65_2177-65902343820', 'NA31-65_2177', 01, 'CIC map Europe 2013-2 Update', 'PREMIUM RUSSIA', 1, to_date('20080301','YYYYMMDD'), to_date('20081101','YYYYMMDD'), '65902343820', '', '', false);
insert into DiagramParts values('NA31-65_2177-65902321826', 'NA31-65_2177', 01, 'CIC map of Europe 2013 Update', 'PREMIUM RUSSIA', 1, to_date('20080301','YYYYMMDD'), to_date('20081101','YYYYMMDD'), '65902321826', '', '', false);
insert into DiagramParts values('NA31-65_2177-65902337928', 'NA31-65_2177', 01, 'Enable code CIC map India 2013 Update', 'PREMIUM', 1, to_date('20080301','YYYYMMDD'), to_date('20081101','YYYYMMDD'), '65902337928', '', '', false);
insert into Diagram values('NA31-65_2177','NA31-20020200','65-50','E60 520i   Enable code, update for Professional GPS','');
insert into Diagram values('NA31-65_1339','NA31-20020200','65-60','E60 520i   Alarm systems','');
insert into Diagram values('NA31-65_1338','NA31-20020200','65-65','E60 520i   Electric parts for airbag','');
insert into Diagram values('NA31-65_1342','NA31-20020200','65-65','E60 520i   Electr. compon. seat occupancy detection','');
insert into Diagram values('NA31-65_1612','NA31-20020200','65-65','E60 520i   Electric parts for airbag','');
insert into Diagram values('NA31-65_1180','NA31-20020200','65-70','E60 520i   Temperature sensor','');
insert into Diagram values('NA31-65_1249','NA31-20020200','65-95','E60 520i   Retrofit kit, BMW Online','');
insert into Diagram values('NA31-65_1360','NA31-20020200','65-95','E60 520i   Retrofit kit, CD-changer','');
insert into Diagram values('NA31-65_1390','NA31-20020200','65-95','E60 520i   INSTALLATION KIT ALARM SYSTEM','');
insert into Diagram values('NA31-65_1391','NA31-20020200','65-95','E60 520i   DVD-system','');
insert into Diagram values('NA31-65_1397','NA31-20020200','65-95','E60 520i   Retrofit kit Settop-Box','');
insert into Diagram values('NA31-65_1520','NA31-20020200','65-95','E60 520i   Retrofit kit, TV function','');
insert into Diagram values('NA31-65_1531','NA31-20020200','65-95','E60 520i   Retrofit kit navigation Business','');
insert into Diagram values('NA31-65_1538','NA31-20020200','65-95','E60 520i   Retrofit, auxiliary connection','');
insert into Diagram values('NA31-65_1549','NA31-20020200','65-95','E60 520i   Retrofit kit navigation Professional','');
insert into Diagram values('NA31-65_1602','NA31-20020200','65-95','E60 520i   DVD-system Portable','');
insert into Diagram values('NA31-65_1628','NA31-20020200','65-95','E60 520i   Spare parts DVD Advanced','');
insert into Diagram values('NA31-65_1654','NA31-20020200','65-95','E60 520i   DVB-T Set-top box','');
insert into Diagram values('NA31-65_1721','NA31-20020200','65-95','E60 520i   iPod connection retrofit kit','');
insert into Diagram values('NA31-65_1722','NA31-20020200','65-95','E60 520i   Infrared headphones','');
insert into Diagram values('NA31-65_1989','NA31-20020200','65-95','E60 520i   Tracking Products','');
insert into Diagram values('NA31-65_2038','NA31-20020200','65-95','E60 520i   DVD system Tablet','');
insert into Diagram values('NA31-65_2079','NA31-20020200','65-95','E60 520i   Smartnav','');
insert into Diagram values('NA31-65_2422','NA31-20020200','65-95','E60 520i   Cable adapter for Apple iPod / iPhone','');
insert into Diagram values('NA31-65_2434','NA31-20020200','65-95','E60 520i   DVD System Tablet Single','');
insert into Diagram values('NA31-65_2520','NA31-20020200','65-95','E60 520i   BMW USB charger','');
insert into Diagram values('NA31-65_2522','NA31-20020200','65-95','E60 520i   Cable adapter, devices with Micro USB','');
insert into Diagram values('NA31-66_0099','NA31-20020200','66-05','E60 520i   ACC-Sensor','');
insert into Diagram values('NA31-66_0100','NA31-20020200','66-05','E60 520i   Park Distance Control (PDC)','');
insert into Diagram values('NA31-66_0131','NA31-20020200','66-05','E60 520i   Ignition lock of remote control','');
insert into Diagram values('NA31-66_0134','NA31-20020200','66-05','E60 520i   Night vision camera','');
insert into Diagram values('NA31-66_0149','NA31-20020200','66-05','E60 520i   Retrofit kit NightVision camera','');
insert into Diagram values('NA31-66_0152','NA31-20020200','66-05','E60 520i   Control module for remote control','');
insert into Diagram values('NA31-66_0101','NA31-20020200','66-95','E60 520i   Install.kit, Park Distance Control','');
insert into Diagram values('NA31-66_0110','NA31-20020200','66-95','E60 520i   Retrofit kit PDC II','');
insert into Diagram values('NA31-66_0188','NA31-20020200','66-95','E60 520i   Park Distance Control universale sonoro','');
insert into Diagram values('NA31-71_0344','NA31-20020200','71-03','E60 520i   LABEL "TIRE PRESSURE"','');
insert into Diagram values('NA31-71_0568','NA31-20020200','71-03','E60 520i   Instruction notice, Airbag','');
insert into Diagram values('NA31-71_0572','NA31-20020200','71-03','E60 520i   Notice label for fuel','');
insert into Diagram values('NA31-71_0573','NA31-20020200','71-03','E60 520i   Label "Outer paint"','');
insert into Diagram values('NA31-71_0574','NA31-20020200','71-03','E60 520i   Various notice stickers','');
insert into Diagram values('NA31-71_0616','NA31-20020200','71-03','E60 520i   Label, coolant','');
insert into Diagram values('NA31-71_0680','NA31-20020200','71-03','E60 520i   Labels independent heating','');
insert into Diagram values('NA31-71_0340','NA31-20020200','71-05','E60 520i   Car tool/Lifting jack','');
insert into Diagram values('NA31-71_0343','NA31-20020200','71-05','E60 520i   Car tool','');
insert into Diagram values('NA31-71_0391','NA31-20020200','71-05','E60 520i   Warning triangle/First aid kit/-cushion','');
insert into Diagram values('NA31-71_0717','NA31-20020200','71-05','E60 520i   Set of lifting jack','');
insert into Diagram values('NA31-71_0337','NA31-20020200','71-10','E60 520i   Towing hitch, detachable','');
insert into Diagram values('NA31-71_0338','NA31-20020200','71-10','E60 520i   electric parts, towing hitch','');
insert into Diagram values('NA31-71_0400','NA31-20020200','71-95','E60 520i   Set of lifting jack','');
insert into Diagram values('NA31-71_0434','NA31-20020200','71-95','E60 520i   Tire Mobility Set','');
insert into Diagram values('NA31-71_0481','NA31-20020200','71-95','E60 520i   Retrofit kit, trailer coupling, rigid','');
insert into Diagram values('NA31-71_0484','NA31-20020200','71-95','E60 520i   Retrofit kit trailer coupling detachable','');
insert into Diagram values('NA31-71_0489','NA31-20020200','71-95','E60 520i   Retrofit kit trailer coupling detachable','');
insert into Diagram values('NA31-71_0513','NA31-20020200','71-95','E60 520i   Twin electrics, caravan leads','');
insert into Diagram values('NA31-72_0459','NA31-20020200','72-03','E60 520i   Airbag passenger and head airbag','');
insert into Diagram values('NA31-72_0460','NA31-20020200','72-03','E60 520i   Side airbag','');
insert into Diagram values('NA31-72_0452','NA31-20020200','72-05','E60 520i   Safety belt front','');
insert into DiagramParts values('NA31-72_0453-72117061254', 'NA31-72_0453', 11, 'Fillister head screw', 'M10X22', 1, to_date('20040401','YYYYMMDD'), to_date('20071201','YYYYMMDD'), '72117061254', '$1.07', '', false);
insert into Diagram values('NA31-72_0453','NA31-20020200','72-05','E60 520i   FRONT SAFETY BELT MOUNTING PARTS','');
insert into Diagram values('NA31-72_0458','NA31-20020200','72-05','E60 520i   SAFETY BELT REAR','');
insert into Diagram values('NA31-72_0519','NA31-20020200','72-05','E60 520i   Child seat mount','');
insert into Diagram values('NA31-72_0518','NA31-20020200','72-15','E60 520i   Flag holder','');
insert into Diagram values('NA31-72_0439','NA31-20020200','72-95','E60 520i   Fire extinguisher / Holder','');
insert into Diagram values('NA31-72_0461','NA31-20020200','72-95','E60 520i   Storage compartment module','');
insert into Diagram values('NA31-72_0462','NA31-20020200','72-95','E60 520i   Cup holder-module','');
insert into Diagram values('NA31-72_0591','NA31-20020200','72-95','E60 520i   Tow bar','');
insert into Diagram values('NA31-72_0598','NA31-20020200','72-95','E60 520i   TOW ROPE','');
insert into Diagram values('NA31-72_0744','NA31-20020200','72-95','E60 520i   Emergency bag','');
insert into Diagram values('NA31-36_0742','NA31-20020200','82-14','E60 520i   Snow chains','');
insert into Diagram values('NA31-82_1571','NA31-20020200','82-14','E60 520i   Snow chains','');
insert into Diagram values('NA31-82_1073','NA31-20020200','82-26','E60 520i   Universal coat hanger','');
insert into Diagram values('NA31-82_1261','NA31-20020200','82-26','E60 520i   Clean Bag','');
insert into Diagram values('NA31-82_1299','NA31-20020200','82-26','E60 520i   Storage pocket, rear passengers','');
insert into Diagram values('NA31-82_1308','NA31-20020200','82-26','E60 520i   Shoe case','');
insert into Diagram values('NA31-82_1311','NA31-20020200','82-26','E60 520i   Driver utility set','');
insert into Diagram values('NA31-82_1171','NA31-20020200','82-31','E60 520i   BMW buggy chrome-marine with accessories','');
insert into Diagram values('NA31-82_1181','NA31-20020200','82-31','E60 520i   BMW Junior Seat I-II','');
insert into Diagram values('NA31-82_1186','NA31-20020200','82-31','E60 520i   BMW Baby Seat 0+','');
insert into Diagram values('NA31-82_1187','NA31-20020200','82-31','E60 520i   BMW Junior Seat I-II Isofix','');
insert into Diagram values('NA31-82_1189','NA31-20020200','82-31','E60 520i   BMW Baby Seat 0+ Isofix','');
insert into Diagram values('NA31-82_1237','NA31-20020200','82-31','E60 520i   Dog harness','');
insert into Diagram values('NA31-82_1276','NA31-20020200','82-31','E60 520i   BMW Junior Seat II-III','');
insert into Diagram values('NA31-82_1305','NA31-20020200','82-31','E60 520i   BMW Junior Seat III','');
insert into Diagram values('NA31-82_1195','NA31-20020200','82-44','E60 520i   Mud flaps','');
insert into Diagram values('NA31-82_1198','NA31-20020200','82-44','E60 520i   Cover','');
insert into Diagram values('NA31-82_1241','NA31-20020200','82-44','E60 520i   SLIPSTREAM DEFLECTOR','');
insert into Diagram values('NA31-82_1251','NA31-20020200','82-44','E60 520i   Cover hood windshield/side window','');
insert into Diagram values('NA31-82_0116','NA31-20020200','82-51','E60 520i   Universal support','');
insert into Diagram values('NA31-82_0123','NA31-20020200','82-51','E60 520i   RACK FOR RACING BICYCLE','');
insert into Diagram values('NA31-82_0124','NA31-20020200','82-51','E60 520i   Luggage basket','');
insert into Diagram values('NA31-82_0125','NA31-20020200','82-51','E60 520i   Bicycle lift','');
insert into Diagram values('NA31-82_0245','NA31-20020200','82-51','E60 520i   SUPPORT SNOWBOARD','');
insert into Diagram values('NA31-82_0281','NA31-20020200','82-51','E60 520i   Touring bicycle holder','');
insert into Diagram values('NA31-82_0283','NA31-20020200','82-51','E60 520i   Surfboard rack','');
insert into Diagram values('NA31-82_0284','NA31-20020200','82-51','E60 520i   Standard ski carrier for 6 pairs of skis','');
insert into Diagram values('NA31-82_0364','NA31-20020200','82-51','E60 520i   SKI/SNOWBOARD SET','');
insert into Diagram values('NA31-82_0501','NA31-20020200','82-51','E60 520i   ki and luggage box','');
insert into Diagram values('NA31-82_0502','NA31-20020200','82-51','E60 520i   Luggage box','');
insert into Diagram values('NA31-82_0594','NA31-20020200','82-51','E60 520i   Komfort ski holder','');
insert into Diagram values('NA31-82_0598','NA31-20020200','82-51','E60 520i   MULTI-PURPOSE ROOF BOX','');
insert into Diagram values('NA31-82_0845','NA31-20020200','82-51','E60 520i   Standard ski holder, for 4 pairs of ski','');
insert into Diagram values('NA31-82_1148','NA31-20020200','82-51','E60 520i   Rack support','');
insert into Diagram values('NA31-82_1157','NA31-20020200','82-51','E60 520i   Bicycle carrier, trailer coupling','');
insert into Diagram values('NA31-82_1175','NA31-20020200','82-51','E60 520i   Touring bicycle holder','');
insert into Diagram values('NA31-82_1178','NA31-20020200','82-51','E60 520i   Roof box','');
insert into Diagram values('NA31-82_1234','NA31-20020200','82-51','E60 520i   Roof box','');
insert into Diagram values('NA31-82_1244','NA31-20020200','82-51','E60 520i   Racing bike rack','');
insert into Diagram values('NA31-82_1250','NA31-20020200','82-51','E60 520i   Roof box','');
insert into Diagram values('NA31-82_1268','NA31-20020200','82-51','E60 520i   Ski/snowboard holder','');
insert into Diagram values('NA31-82_1295','NA31-20020200','82-51','E60 520i   Roof rack systems','');
insert into Diagram values('NA31-82_1364','NA31-20020200','82-51','E60 520i   Bicycle carrier, trailer coupling','');
insert into Diagram values('NA31-82_1460','NA31-20020200','82-51','E60 520i   Roof rack systems','');
insert into Diagram values('NA31-82_1476','NA31-20020200','82-51','E60 520i   Roof-mounted container 320 LCI','');
insert into Diagram values('NA31-82_1551','NA31-20020200','82-51','E60 520i   Bicycle carrier, trailer coupling','');
insert into Diagram values('NA31-82_1567','NA31-20020200','82-51','E60 520i   Bicycle carrier, trailer coupling','');
insert into Diagram values('NA31-82_0926','NA31-20020200','82-52','E60 520i   Adapter (universal lift) for hood','');
insert into Diagram values('NA31-82_0102','NA31-20020200','82-81','E60 520i   Universal hoist','');
insert into Diagram values('NA31-83_0579','NA31-20020200','83-01','E60 520i   Rugzak','');
insert into Diagram values('NA31-83_0282','NA31-20020200','83-06','E60 520i   Transmission oil','');
insert into Diagram values('NA31-83_0306','NA31-20020200','83-24','E60 520i   Paint protection foil E60','');
insert into Diagram values('NA31-84_0604','NA31-20020200','84-10','E60 520i   Indiv. parts, phone handset/mountg Japan','');
insert into Diagram values('NA31-84_0605','NA31-20020200','84-10','E60 520i   Single parts, SA 638, center console','');
insert into DiagramParts values('NA31-84_0606-84106971764', 'NA31-84_0606', 01, 'Telematics Control Unit', 'GSM', 1, to_date('20040901','YYYYMMDD'), to_date('20050301','YYYYMMDD'), '84106971764', '', 'ENDED', false);
insert into DiagramParts values('NA31-84_0606-84106978681', 'NA31-84_0606', 01, 'Rmfd Telematics Control Unit', 'GSM', 1, to_date('20040901','YYYYMMDD'), to_date('20050301','YYYYMMDD'), '84106978681', '', 'ENDED', false);
insert into DiagramParts values('NA31-84_0606-84109187929', 'NA31-84_0606', 01, 'Rmfd Telematics Control Unit', 'GSM', 1, to_date('20040901','YYYYMMDD'), to_date('20050301','YYYYMMDD'), '84109187929', '', '', false);
insert into DiagramParts values('NA31-84_0606-84116947179', 'NA31-84_0606', 01, 'Telematics Control Unit', 'GSM', 1, to_date('20031201','YYYYMMDD'), to_date('20040101','YYYYMMDD'), '84116947179', '', 'ENDED', false);
insert into DiagramParts values('NA31-84_0606-84116948730', 'NA31-84_0606', 01, 'Telematics Control Unit', 'GSM', 1, to_date('20031201','YYYYMMDD'), to_date('20040301','YYYYMMDD'), '84116948730', '', 'ENDED', false);
insert into DiagramParts values('NA31-84_0606-84116948920', 'NA31-84_0606', 01, 'Telematics Control Unit', 'GSM', 1, to_date('20031201','YYYYMMDD'), to_date('20040601','YYYYMMDD'), '84116948920', '', 'ENDED', false);
insert into DiagramParts values('NA31-84_0606-84116950207', 'NA31-84_0606', 01, 'Telematics Control Unit', 'GSM', 1, to_date('20031201','YYYYMMDD'), to_date('20040901','YYYYMMDD'), '84116950207', '', 'ENDED', false);
insert into DiagramParts values('NA31-84_0606-84106978680', 'NA31-84_0606', 01, 'Rmfd Telematics Control Unit', 'GSM', 1, to_date('20031201','YYYYMMDD'), to_date('20040901','YYYYMMDD'), '84106978680', '', 'ENDED', false);
insert into DiagramParts values('NA31-84_0606-84109187928', 'NA31-84_0606', 01, 'Rmfd Telematics Control Unit', 'GSM', 1, to_date('20031201','YYYYMMDD'), to_date('20040901','YYYYMMDD'), '84109187928', '', 'ENDED', false);
insert into DiagramParts values('NA31-84_0606-84116956930', 'NA31-84_0606', 01, 'Telematics Control Unit', 'GSM', 1, to_date('20040901','YYYYMMDD'), to_date('20050301','YYYYMMDD'), '84116956930', '', 'ENDED', false);
insert into Diagram values('NA31-84_0606','NA31-20020200','84-10','E60 520i   Single parts, SA 638, trunk','');
insert into DiagramParts values('NA31-84_0608-84106972696', 'NA31-84_0608', 01, 'Telematics Control Unit', 'CDMA', 1, to_date('20050301','YYYYMMDD'), to_date('20050901','YYYYMMDD'), '84106972696', '', 'ENDED', false);
insert into DiagramParts values('NA31-84_0608-84106982067', 'NA31-84_0608', 01, 'Telematics Control Unit', 'CDMA', 1, to_date('20050301','YYYYMMDD'), to_date('20060301','YYYYMMDD'), '84106982067', '', 'ENDED', false);
insert into DiagramParts values('NA31-84_0608-84109120741', 'NA31-84_0608', 01, 'Telematics Control Unit', 'CDMA', 1, to_date('20050301','YYYYMMDD'), to_date('20060401','YYYYMMDD'), '84109120741', '', 'ENDED', false);
insert into DiagramParts values('NA31-84_0608-84109126533', 'NA31-84_0608', 01, 'Telematics Control Unit', 'CDMA', 1, to_date('20050301','YYYYMMDD'), to_date('20060401','YYYYMMDD'), '84109126533', '', 'ENDED', false);
insert into DiagramParts values('NA31-84_0608-84109122446', 'NA31-84_0608', 01, 'Rmfd Telematics Control Unit', 'CDMA', 1, to_date('20050301','YYYYMMDD'), to_date('20070301','YYYYMMDD'), '84109122446', '', 'ENDED', false);
insert into DiagramParts values('NA31-84_0608-84109171590', 'NA31-84_0608', 01, 'Rmfd Telematics Control Unit', 'CDMA', 1, to_date('20050301','YYYYMMDD'), to_date('20070301','YYYYMMDD'), '84109171590', '', 'ENDED', false);
insert into DiagramParts values('NA31-84_0608-84109181230', 'NA31-84_0608', 01, 'Rmfd Telematics Control Unit', 'CDMA', 1, to_date('20050301','YYYYMMDD'), to_date('20070301','YYYYMMDD'), '84109181230', '$403.59', '', false);
insert into Diagram values('NA31-84_0608','NA31-20020200','84-10','E60 520i   Single parts SA 639/SA 664, trunk','');
insert into DiagramParts values('NA31-84_0616-84106972691', 'NA31-84_0616', 01, 'Telematics Control Unit', 'PDC', 1, to_date('20050301','YYYYMMDD'), to_date('20050901','YYYYMMDD'), '84106972691', '', 'ENDED', false);
insert into DiagramParts values('NA31-84_0616-84106985569', 'NA31-84_0616', 01, 'Telematics Control Unit', 'PDC', 1, to_date('20050301','YYYYMMDD'), to_date('20070301','YYYYMMDD'), '84106985569', '', 'ENDED', false);
insert into DiagramParts values('NA31-84_0616-84109187316', 'NA31-84_0616', 01, 'Rmfd Telematics Control Unit', 'PDC', 1, to_date('20050301','YYYYMMDD'), to_date('20070301','YYYYMMDD'), '84109187316', '', '', false);
insert into Diagram values('NA31-84_0616','NA31-20020200','84-10','E60 520i   Single parts f teleph.luggage cptm.Japan','');
insert into Diagram values('NA31-84_0767','NA31-20020200','84-10','E60 520i   Starter package, cell phone Nokia 6303c','');
insert into Diagram values('NA31-84_0607','NA31-20020200','84-20','E60 520i   Single parts SA639/SA664 center console','');
insert into Diagram values('NA31-84_0609','NA31-20020200','84-20','E60 520i   Single parts, SA 644, trunk','');
insert into Diagram values('NA31-84_0614','NA31-20020200','84-20','E60 520i   Single parts, SA 644 center console','');
insert into Diagram values('NA31-84_0682','NA31-20020200','84-20','E60 520i   Single parts, SA 633, center console','');
insert into DiagramParts values('NA31-84_0686-07119904019', 'NA31-84_0686', 03, 'Hex nut', 'M5', 4, to_date('20050301','YYYYMMDD'), to_date('20060501','YYYYMMDD'), '07119904019', '', 'ENDED', false);
insert into Diagram values('NA31-84_0686','NA31-20020200','84-20','E60 520i   Telematics Control Unit','');
insert into Diagram values('NA31-84_0602','NA31-20020200','84-30','E60 520i   Single parts f hands-free facility','');
insert into Diagram values('NA31-84_0644','NA31-20020200','84-55','E60 520i   Antenna line, telephone','');
insert into Diagram values('NA31-84_0145','NA31-20020200','84-95','E60 520i   Retrofit kit, antenna amplifier','');
insert into Diagram values('NA31-84_0639','NA31-20020200','84-95','E60 520i   Bluetooth SA644 hands-free retrofit kit','');
insert into Diagram values('NA31-84_0641','NA31-20020200','84-95','E60 520i   Retrofit, car telephone Professional','');
insert into Diagram values('NA31-84_0678','NA31-20020200','84-95','E60 520i   Retrofit kit, voice input','');
insert into Diagram values('NA31-84_0713','NA31-20020200','84-95','E60 520i   Retrofit kit for UNI hands-free system','');
insert into Diagram values('NA31-84_0714','NA31-20020200','84-95','E60 520i   Cell phone cradles,Universal hands-free','');
insert into Diagram values('NA31-84_0730','NA31-20020200','84-95','E60 520i   Stolen Vehicle Tracking - TPA','');
insert into Diagram values('NA31-84_0732','NA31-20020200','84-95','E60 520i   Upgrade kit hands-free Bluetooth OPT644','');
insert into Diagram values('NA31-84_0741','NA31-20020200','84-95','E60 520i   Base hands-free system with Bluetooth','');
insert into Diagram values('NA31-84_0778','NA31-20020200','84-95','E60 520i   BMW Bluetooth headset','');
insert into Diagram values('NA31-84_0867','NA31-20020200','84-95','E60 520i   BMW Car Hotspot','');
insert into Diagram values('NA31-84_0897','NA31-20020200','84-95','E60 520i   Snap-in adapter for Apple devices','');
insert into Diagram values('NA31-84_0906','NA31-20020200','84-95','E60 520i   Snap-in adapter, SONY ERICSSON devices','');
insert into Diagram values('NA31-84_0907','NA31-20020200','84-95','E60 520i   Snap-in adapter for NOKIA devices','');
insert into Diagram values('NA31-84_0908','NA31-20020200','84-95','E60 520i   Snap-in adapter for SIEMENS devices','');
insert into Diagram values('NA31-84_0909','NA31-20020200','84-95','E60 520i   Snap-in adapter for MOTOROLA devices','');
insert into Diagram values('NA31-84_0910','NA31-20020200','84-95','E60 520i   Snap-in adapter, BlackBerry/RIM devices','');
insert into Diagram values('NA31-84_0931','NA31-20020200','84-95','E60 520i   BMW Car Hotspot LTE','');
insert into Diagram values('NA31-84_0933','NA31-20020200','84-95','E60 520i   Snap-in adapter for SAMSUNG devices','');
insert into Diagram values('NA31-85_0008','NA31-20020200','85-45','E60 520i   Winter tires','');
insert into Diagram values('NA31-85_0035','NA31-20020200','85-45','E60 520i   Summer tires','');
insert into Diagram values('NA31-88_0022','NA31-20020200','88-80','E60 520i   Service Kit for brake shoes / Value Line','');
insert into Diagram values('NA31-88_0052','NA31-20020200','88-80','E60 520i   Emergency bag','');
insert into Diagram values('NA31-88_0058','NA31-20020200','88-80','E60 520i   Inspection kit I Value Line','');
insert into Diagram values('NA31-88_0059','NA31-20020200','88-80','E60 520i   Inspection kit II Value Line','');
insert into Diagram values('NA31-88_0064','NA31-20020200','88-80','E60 520i   Fluid-change kit, autom. transmission','');
insert into Diagram values('NA31-88_0069','NA31-20020200','88-80','E60 520i   Service Kit for brake pads / Value Line','');
insert into Diagram values('NA31-88_0082','NA31-20020200','88-80','E60 520i   Repair kit for radius rods and wishbones','');
insert into Diagram values('NA31-88_0084','NA31-20020200','88-80','E60 520i   Repair kits, anti-roll bar, front','');
insert into Diagram values('NA31-88_0087','NA31-20020200','88-80','E60 520i   Repair kit, wheel bearing, front','');
insert into DiagramParts values('NA31-88_0088-51481915964', 'NA31-88_0088', 08, 'EXPANDING RIVET', 'D=7,5', 4, to_date('20040701','YYYYMMDD'), to_date('20041201','YYYYMMDD'), '51481915964', '$0.43', '', false);
insert into Diagram values('NA31-88_0088','NA31-20020200','88-80','E60 520i   Repair kit for support bearing','');
insert into Diagram values('NA31-88_0090','NA31-20020200','88-80','E60 520i   Repair kit for ball joint','');
insert into Diagram values('NA31-88_0091','NA31-20020200','88-80','E60 520i   Repair kits for guide rod, wishbone','');
insert into Diagram values('NA31-88_0092','NA31-20020200','88-80','E60 520i   Repair kit for wheel bearing, rear','');
insert into DiagramParts values('NA31-91_0658-25117962261', 'NA31-91_0658', 01, 'Leather gear lever cover', 'INDIVIDUAL', 1, to_date('20050301','YYYYMMDD'), to_date('20070301','YYYYMMDD'), '25117962261', '$83.70', '+core, See NoS No Stock', false);
insert into Diagram values('NA31-91_0658','NA31-20020200','91-10','E60 520i   Individual shift lever cover','');
insert into Diagram values('NA31-91_0660','NA31-20020200','91-10','E60 520i   Individual shift lever cover SMG','');
insert into Diagram values('NA31-91_0685','NA31-20020200','91-10','E60 520i   Individual gear shift knobs, wood','');
insert into Diagram values('NA31-91_0659','NA31-20020200','91-12','E60 520i   Individual selector lever boots','');
insert into DiagramParts values('NA31-91_0686-25167961114', 'NA31-91_0686', 01, 'Selector lever handle,leath.,w/wood ring', 'NUBAUM AMARONE', 1, to_date('20050301','YYYYMMDD'), to_date('20070301','YYYYMMDD'), '25167961114', '', 'See NoS No Stock', false);
insert into DiagramParts values('NA31-91_0686-25167961115', 'NA31-91_0686', 01, 'Selector lever handle,leath.,w/wood ring', 'RIEGELESCHE H.', 1, to_date('20050301','YYYYMMDD'), to_date('20070301','YYYYMMDD'), '25167961115', '', 'See NoS No Stock', false);
insert into Diagram values('NA31-91_0686','NA31-20020200','91-12','E60 520i   Individual selector lever handle, wood','');
insert into Diagram values('NA31-91_0661','NA31-20020200','91-15','E60 520i   Individual handbrake lever and cover','');
insert into DiagramParts values('NA31-91_0625-32347963273', 'NA31-91_0625', 01, 'Sprt st. wheel, leather, shift paddles', 'BICOLOR', 1, to_date('20050901','YYYYMMDD'), to_date('20070301','YYYYMMDD'), '32347963273', '', 'See NoS No Stock', false);
insert into Diagram values('NA31-91_0625','NA31-20020200','91-17','E60 520i   Indiv. sports steering-wheel, bicolor','');
insert into Diagram values('NA31-91_0626','NA31-20020200','91-17','E60 520i   Indiv. sports steering-wheel,decor.clasp','');
insert into DiagramParts values('NA31-91_0634-32308030775', 'NA31-91_0634', 01, 'Sports st.-wheel,leather/wd.ring,multif.', 'PIANOLACK SW', 1, to_date('20040901','YYYYMMDD'), to_date('20050901','YYYYMMDD'), '32308030775', '', 'See NoS No Stock', false);
insert into DiagramParts values('NA31-91_0634-32308030776', 'NA31-91_0634', 01, 'Sports st.-wheel,leather/wd.ring,multif.', 'NUBAUM AMARONE', 1, to_date('20040901','YYYYMMDD'), to_date('20050901','YYYYMMDD'), '32308030776', '', 'See NoS No Stock', false);
insert into DiagramParts values('NA31-91_0634-32307963775', 'NA31-91_0634', 01, 'Sports st.-wheel,leather/wd.ring,multif.', 'RIEGELESCHE H.', 1, to_date('20050901','YYYYMMDD'), to_date('20070301','YYYYMMDD'), '32307963775', '', 'See NoS No Stock', false);
insert into DiagramParts values('NA31-91_0634-32307963776', 'NA31-91_0634', 01, 'Sports st.-wheel,leather/wd.ring,multif.', 'PIANOLACK SW', 1, to_date('20050901','YYYYMMDD'), to_date('20070301','YYYYMMDD'), '32307963776', '', 'ENDED, See NoS No Stock', false);
insert into DiagramParts values('NA31-91_0634-32307963777', 'NA31-91_0634', 01, 'Sports st.-wheel,leather/wd.ring,multif.', 'NUBAUM AMARONE', 1, to_date('20050901','YYYYMMDD'), to_date('20070301','YYYYMMDD'), '32307963777', '', 'ENDED, See NoS No Stock', false);
insert into DiagramParts values('NA31-91_0634-32308030778', 'NA31-91_0634', 01, 'Sp.st.wheel,SMG,leather/wdn ring,multif.', 'PIANOLACK SW', 1, to_date('20040901','YYYYMMDD'), to_date('20050901','YYYYMMDD'), '32308030778', '', 'See NoS No Stock', false);
insert into DiagramParts values('NA31-91_0634-32308030779', 'NA31-91_0634', 01, 'Sp.st.wheel,SMG,leather/wdn ring,multif.', 'NUBAUM AMARONE', 1, to_date('20040901','YYYYMMDD'), to_date('20050901','YYYYMMDD'), '32308030779', '', 'See NoS No Stock', false);
insert into DiagramParts values('NA31-91_0634-32307963778', 'NA31-91_0634', 01, 'Sp.st.wheel,SMG,leather/wdn ring,multif.', 'RIEGELESCHE H.', 1, to_date('20050901','YYYYMMDD'), to_date('20070301','YYYYMMDD'), '32307963778', '', '', false);
insert into DiagramParts values('NA31-91_0634-32307963779', 'NA31-91_0634', 01, 'Sp.st.wheel,SMG,leather/wdn ring,multif.', 'PIANOLACK SW', 1, to_date('20050901','YYYYMMDD'), to_date('20070301','YYYYMMDD'), '32307963779', '', 'ENDED, See NoS No Stock', false);
insert into DiagramParts values('NA31-91_0634-32307963780', 'NA31-91_0634', 01, 'Sp.st.wheel,SMG,leather/wdn ring,multif.', 'NUBAUM AMARONE', 1, to_date('20050901','YYYYMMDD'), to_date('20070301','YYYYMMDD'), '32307963780', '', 'ENDED, See NoS No Stock', false);
insert into Diagram values('NA31-91_0634','NA31-20020200','91-17','E60 520i   Ind.sports st.-wheel,leather w/wdn. ring','');
insert into Diagram values('NA31-91_0651','NA31-20020200','91-30','E60 520i   Individual glove compartment, leather','');
insert into Diagram values('NA31-91_0654','NA31-20020200','91-30','E60 520i   Ind. cup holder covered with leather','');
insert into DiagramParts values('NA31-91_0657-51457963121', 'NA31-91_0657', 01, 'Trim panel dashboard, leather', 'INDIVIDUAL', 1, to_date('20050901','YYYYMMDD'), to_date('20070301','YYYYMMDD'), '51457963121', '', 'See NoS No Stock', false);
insert into DiagramParts values('NA31-91_0657-51457961799', 'NA31-91_0657', 01, 'Trim panel dashboard, leather', 'INDIVIDUAL', 1, to_date('20050901','YYYYMMDD'), to_date('20070301','YYYYMMDD'), '51457961799', '', 'See NoS No Stock', false);
insert into Diagram values('NA31-91_0657','NA31-20020200','91-30','E60 520i   Individual instrument panel, leather','');
insert into Diagram values('NA31-91_0705','NA31-20020200','91-30','E60 520i   Ind.trim piece f head-up display,leather','');
insert into Diagram values('NA31-91_0573','NA31-20020200','91-35','E60 520i   Individual center console','');
insert into DiagramParts values('NA31-91_0574-51168027311', 'NA31-91_0574', 02, 'Cover, centre console', 'INDIVIDUAL', 1, to_date('20040301','YYYYMMDD'), to_date('20070301','YYYYMMDD'), '51168027311', '$588.69', 'See NoS No Stock', false);
insert into DiagramParts values('NA31-91_0574-51168027299', 'NA31-91_0574', 03, 'Center arm rest', 'INDIVIDUAL', 1, to_date('20040301','YYYYMMDD'), to_date('20070301','YYYYMMDD'), '51168027299', '', 'See NoS No Stock', false);
insert into DiagramParts values('NA31-91_0574-51168027323', 'NA31-91_0574', 04, 'Cover centre console, rear', 'INDIVIDUAL', 1, to_date('20040301','YYYYMMDD'), to_date('20070301','YYYYMMDD'), '51168027323', '', '+core, See NoS No Stock', false);
insert into Diagram values('NA31-91_0574','NA31-20020200','91-35','E60 520i   Individual center armrest, leather','');
insert into DiagramParts values('NA31-91_0614-51458026437', 'NA31-91_0614', 02, 'Wood panel, instrument panel, left', 'PIANOLACK SW', 1, to_date('20040301','YYYYMMDD'), to_date('20060301','YYYYMMDD'), '51458026437', '$139.93', 'See NoS No Stock', false);
insert into DiagramParts values('NA31-91_0614-51457963769', 'NA31-91_0614', 02, 'Wood panel, instrument panel, left', 'PIANOLACK SW', 1, to_date('20060301','YYYYMMDD'), to_date('20070301','YYYYMMDD'), '51457963769', '', 'ENDED, See NoS No Stock', false);
insert into DiagramParts values('NA31-91_0614-51457970247', 'NA31-91_0614', 02, 'Wood panel, instrument panel, left', 'PIANOLACK SW', 1, to_date('20060301','YYYYMMDD'), to_date('20070301','YYYYMMDD'), '51457970247', '$139.93', 'See NoS No Stock', false);
insert into DiagramParts values('NA31-91_0614-51458026436', 'NA31-91_0614', 03, 'Wood panel, instrument panel, right', 'PIANOLACK SW', 1, to_date('20040301','YYYYMMDD'), to_date('20060301','YYYYMMDD'), '51458026436', '$355.40', 'See NoS No Stock', false);
insert into DiagramParts values('NA31-91_0614-51457963770', 'NA31-91_0614', 03, 'Wood panel, instrument panel, right', 'PIANOLACK SW', 1, to_date('20060301','YYYYMMDD'), to_date('20070301','YYYYMMDD'), '51457963770', '', 'ENDED, See NoS No Stock', false);
insert into DiagramParts values('NA31-91_0614-51457970248', 'NA31-91_0614', 03, 'Wood panel, instrument panel, right', 'PIANOLACK SW', 1, to_date('20060301','YYYYMMDD'), to_date('20070301','YYYYMMDD'), '51457970248', '$373.21', 'See NoS No Stock', false);
insert into DiagramParts values('NA31-91_0614-51418026985', 'NA31-91_0614', 04, 'Wooden strip, door front left', 'PIANOLACK SW', 1, to_date('20040301','YYYYMMDD'), to_date('20070301','YYYYMMDD'), '51418026985', '$193.45', 'See NoS No Stock', false);
insert into DiagramParts values('NA31-91_0614-51418026986', 'NA31-91_0614', 04, 'Wooden strip, door front right', 'PIANOLACK SW', 1, to_date('20040301','YYYYMMDD'), to_date('20070301','YYYYMMDD'), '51418026986', '$193.45', 'See NoS No Stock', false);
insert into DiagramParts values('NA31-91_0614-51428026991', 'NA31-91_0614', 05, 'Wooden strip, door rear left', 'PIANOLACK SW', 1, to_date('20040301','YYYYMMDD'), to_date('20070301','YYYYMMDD'), '51428026991', '$193.45', 'See NoS No Stock', false);
insert into DiagramParts values('NA31-91_0614-51428026992', 'NA31-91_0614', 05, 'Wooden strip, door rear right', 'PIANOLACK SW', 1, to_date('20040301','YYYYMMDD'), to_date('20070301','YYYYMMDD'), '51428026992', '$193.45', 'See NoS No Stock', false);
insert into DiagramParts values('NA31-91_0614-51168030702', 'NA31-91_0614', 06, 'Cover centre console, rear', 'PIANOLACK SW', 1, to_date('20040301','YYYYMMDD'), to_date('20050301','YYYYMMDD'), '51168030702', '', 'See NoS No Stock', false);
insert into DiagramParts values('NA31-91_0614-51168027703', 'NA31-91_0614', 06, 'Cover centre console, rear', 'PIANOLACK SW', 1, to_date('20050301','YYYYMMDD'), to_date('20060301','YYYYMMDD'), '51168027703', '', 'ENDED, See NoS No Stock', false);
insert into DiagramParts values('NA31-91_0614-51167972061', 'NA31-91_0614', 06, 'Cover centre console, rear', 'PIANOLACK SW', 1, to_date('20050301','YYYYMMDD'), to_date('20060301','YYYYMMDD'), '51167972061', '$199.44', 'See NoS No Stock', false);
insert into DiagramParts values('NA31-91_0614-51167970239', 'NA31-91_0614', 06, 'Cover centre console, rear', 'PIANOLACK SW', 1, to_date('20060301','YYYYMMDD'), to_date('20070301','YYYYMMDD'), '51167970239', '$199.44', 'See NoS No Stock', false);
insert into DiagramParts values('NA31-91_0614-51168030693', 'NA31-91_0614', 06, 'Cover centre console, rear', 'PIANOLACK SW', 1, to_date('20050301','YYYYMMDD'), to_date('20060301','YYYYMMDD'), '51168030693', '', 'ENDED, See NoS No Stock', false);
insert into DiagramParts values('NA31-91_0614-51167972063', 'NA31-91_0614', 06, 'Cover centre console, rear', 'PIANOLACK SW', 1, to_date('20050301','YYYYMMDD'), to_date('20060301','YYYYMMDD'), '51167972063', '$199.44', 'See NoS No Stock', false);
insert into DiagramParts values('NA31-91_0614-51167970240', 'NA31-91_0614', 06, 'Cover centre console, rear', 'PIANOLACK SW', 1, to_date('20060301','YYYYMMDD'), to_date('20070301','YYYYMMDD'), '51167970240', '$199.44', 'See NoS No Stock', false);
insert into Diagram values('NA31-91_0614','NA31-20020200','91-40','E60 520i   Individual wood, Pianolack schwarz','');
insert into DiagramParts values('NA31-91_0615-51458026961', 'NA31-91_0615', 02, 'Wood panel, instrument panel, left', 'NUBAUM AMARONE', 1, to_date('20040301','YYYYMMDD'), to_date('20060301','YYYYMMDD'), '51458026961', '$177.41', 'See NoS No Stock', false);
insert into DiagramParts values('NA31-91_0615-51457963771', 'NA31-91_0615', 02, 'Wood panel, instrument panel, left', 'NUBAUM AMARONE', 1, to_date('20060301','YYYYMMDD'), to_date('20070301','YYYYMMDD'), '51457963771', '$177.41', 'See NoS No Stock', false);
insert into DiagramParts values('NA31-91_0615-51458026960', 'NA31-91_0615', 03, 'Wood panel, instrument panel, right', 'NUBAUM AMARONE', 1, to_date('20040301','YYYYMMDD'), to_date('20060301','YYYYMMDD'), '51458026960', '$459.49', 'See NoS No Stock', false);
insert into DiagramParts values('NA31-91_0615-51457963772', 'NA31-91_0615', 03, 'Wood panel, instrument panel, right', 'NUBAUM AMARONE', 1, to_date('20060301','YYYYMMDD'), to_date('20070301','YYYYMMDD'), '51457963772', '', 'See NoS No Stock', false);
insert into DiagramParts values('NA31-91_0615-51418026981', 'NA31-91_0615', 04, 'Wooden strip, door front left', 'NUBAUM AMARONE', 1, to_date('20040301','YYYYMMDD'), to_date('20070301','YYYYMMDD'), '51418026981', '$193.45', 'See NoS No Stock', false);
insert into DiagramParts values('NA31-91_0615-51418026982', 'NA31-91_0615', 04, 'Wooden strip, door front right', 'NUBAUM AMARONE', 1, to_date('20040301','YYYYMMDD'), to_date('20070301','YYYYMMDD'), '51418026982', '$193.45', 'See NoS No Stock', false);
insert into DiagramParts values('NA31-91_0615-51428026987', 'NA31-91_0615', 05, 'Wooden strip, door rear left', 'NUBAUM AMARONE', 1, to_date('20040301','YYYYMMDD'), to_date('20070301','YYYYMMDD'), '51428026987', '$193.45', 'See NoS No Stock', false);
insert into DiagramParts values('NA31-91_0615-51428026988', 'NA31-91_0615', 05, 'Wooden strip, door rear right', 'NUBAUM AMARONE', 1, to_date('20040301','YYYYMMDD'), to_date('20070301','YYYYMMDD'), '51428026988', '$193.45', '+core, See NoS No Stock', false);
insert into DiagramParts values('NA31-91_0615-51168030701', 'NA31-91_0615', 06, 'Cover centre console, rear', 'NUBAUM AMARONE', 1, to_date('20040301','YYYYMMDD'), to_date('20050301','YYYYMMDD'), '51168030701', '', 'See NoS No Stock', false);
insert into DiagramParts values('NA31-91_0615-51168027704', 'NA31-91_0615', 06, 'Cover centre console, rear', 'NUBAUM AMARONE', 1, to_date('20050301','YYYYMMDD'), to_date('20060301','YYYYMMDD'), '51168027704', '$245.52', 'See NoS No Stock', false);
insert into DiagramParts values('NA31-91_0615-51168030686', 'NA31-91_0615', 06, 'Cover centre console, rear', 'NUBAUM AMARONE', 1, to_date('20060301','YYYYMMDD'), to_date('20070301','YYYYMMDD'), '51168030686', '$245.52', 'See NoS No Stock', false);
insert into DiagramParts values('NA31-91_0615-51168030692', 'NA31-91_0615', 06, 'Cover centre console, rear', 'NUBAUM AMARONE', 1, to_date('20050301','YYYYMMDD'), to_date('20060301','YYYYMMDD'), '51168030692', '$245.52', 'See NoS No Stock', false);
insert into DiagramParts values('NA31-91_0615-51168030704', 'NA31-91_0615', 06, 'Cover centre console, rear', 'NUBAUM AMARONE', 1, to_date('20060301','YYYYMMDD'), to_date('20070301','YYYYMMDD'), '51168030704', '$245.52', 'See NoS No Stock', false);
insert into Diagram values('NA31-91_0615','NA31-20020200','91-40','E60 520i   Individual wood, walnut, amarone','');
insert into DiagramParts values('NA31-91_0616-51458026967', 'NA31-91_0616', 02, 'Wood panel, instrument panel, left', 'RIEGELESCHE H.', 1, to_date('20040301','YYYYMMDD'), to_date('20060301','YYYYMMDD'), '51458026967', '$197.53', 'See NoS No Stock', false);
insert into DiagramParts values('NA31-91_0616-51457963773', 'NA31-91_0616', 02, 'Wood panel, instrument panel, left', 'RIEGELESCHE H.', 1, to_date('20060301','YYYYMMDD'), to_date('20070301','YYYYMMDD'), '51457963773', '$177.41', 'See NoS No Stock', false);
insert into DiagramParts values('NA31-91_0616-51458026966', 'NA31-91_0616', 03, 'Wood panel, instrument panel, right', 'RIEGELESCHE H.', 1, to_date('20040301','YYYYMMDD'), to_date('20060301','YYYYMMDD'), '51458026966', '$508.90', 'See NoS No Stock', false);
insert into DiagramParts values('NA31-91_0616-51457963774', 'NA31-91_0616', 03, 'Wood panel, instrument panel, right', 'RIEGELESCHE H.', 1, to_date('20060301','YYYYMMDD'), to_date('20070301','YYYYMMDD'), '51457963774', '', 'See NoS No Stock', false);
insert into DiagramParts values('NA31-91_0616-51418026983', 'NA31-91_0616', 04, 'Wooden strip, door front left', 'RIEGELESCHE H.', 1, to_date('20040301','YYYYMMDD'), to_date('20070301','YYYYMMDD'), '51418026983', '$197.53', 'See NoS No Stock', false);
insert into DiagramParts values('NA31-91_0616-51418026984', 'NA31-91_0616', 04, 'Wooden strip, door front right', 'RIEGELESCHE H.', 1, to_date('20040301','YYYYMMDD'), to_date('20070301','YYYYMMDD'), '51418026984', '$197.53', 'See NoS No Stock', false);
insert into DiagramParts values('NA31-91_0616-51428026989', 'NA31-91_0616', 05, 'Wooden strip, door rear left', 'RIEGELESCHE H.', 1, to_date('20040301','YYYYMMDD'), to_date('20070301','YYYYMMDD'), '51428026989', '$197.53', 'See NoS No Stock', false);
insert into DiagramParts values('NA31-91_0616-51428026990', 'NA31-91_0616', 05, 'Wooden strip, door rear right', 'RIEGELESCHE H.', 1, to_date('20040301','YYYYMMDD'), to_date('20070301','YYYYMMDD'), '51428026990', '$193.45', 'See NoS No Stock', false);
insert into DiagramParts values('NA31-91_0616-51168030700', 'NA31-91_0616', 06, 'Cover centre console, rear', 'RIEGELESCHE H.', 1, to_date('20040301','YYYYMMDD'), to_date('20050301','YYYYMMDD'), '51168030700', '', 'See NoS No Stock', false);
insert into DiagramParts values('NA31-91_0616-51168027705', 'NA31-91_0616', 06, 'Cover centre console, rear', 'RIEGELESCHE H.', 1, to_date('20050301','YYYYMMDD'), to_date('20060301','YYYYMMDD'), '51168027705', '$245.52', 'See NoS No Stock', false);
insert into DiagramParts values('NA31-91_0616-51168030685', 'NA31-91_0616', 06, 'Cover centre console, rear', 'RIEGELESCHE H.', 1, to_date('20060301','YYYYMMDD'), to_date('20070301','YYYYMMDD'), '51168030685', '$245.52', 'See NoS No Stock', false);
insert into DiagramParts values('NA31-91_0616-51168030691', 'NA31-91_0616', 06, 'Cover centre console, rear', 'RIEGELESCHE H.', 1, to_date('20050301','YYYYMMDD'), to_date('20060301','YYYYMMDD'), '51168030691', '$245.52', 'See NoS No Stock', false);
insert into DiagramParts values('NA31-91_0616-51168030703', 'NA31-91_0616', 06, 'Cover centre console, rear', 'RIEGELESCHE H.', 1, to_date('20060301','YYYYMMDD'), to_date('20070301','YYYYMMDD'), '51168030703', '$245.52', 'See NoS No Stock', false);
insert into Diagram values('NA31-91_0616','NA31-20020200','91-40','E60 520i   Individual wood, ash, bright','');
insert into DiagramParts values('NA31-91_0618-51458031582', 'NA31-91_0618', 01, 'Cover instrument panel, center, black', 'RIEGELESCHE H.', 1, to_date('20040901','YYYYMMDD'), to_date('20070301','YYYYMMDD'), '51458031582', '$283.46', 'See NoS No Stock', false);
insert into DiagramParts values('NA31-91_0618-51458031584', 'NA31-91_0618', 01, 'Cover instrument panel, center, black', 'PIANOLACK SW', 1, to_date('20040901','YYYYMMDD'), to_date('20070301','YYYYMMDD'), '51458031584', '$283.46', 'See NoS No Stock', false);
insert into DiagramParts values('NA31-91_0618-51458031630', 'NA31-91_0618', 01, 'Cover instr. panel,center, basalt-gray', 'NUBAUM AMARONE', 1, to_date('20040901','YYYYMMDD'), to_date('20070301','YYYYMMDD'), '51458031630', '', 'See NoS No Stock', false);
insert into DiagramParts values('NA31-91_0618-51458031632', 'NA31-91_0618', 01, 'Cover instr. panel,center, basalt-gray', 'RIEGELESCHE H.', 1, to_date('20040901','YYYYMMDD'), to_date('20070301','YYYYMMDD'), '51458031632', '$283.46', 'See NoS No Stock', false);
insert into DiagramParts values('NA31-91_0618-51458031634', 'NA31-91_0618', 01, 'Cover instr. panel,center, basalt-gray', 'PIANOLACK SW', 1, to_date('20040901','YYYYMMDD'), to_date('20070301','YYYYMMDD'), '51458031634', '', 'See NoS No Stock', false);
insert into DiagramParts values('NA31-91_0618-51458031581', 'NA31-91_0618', 02, 'Cover instrument panel, center, black', 'NUBAUM AMARONE', 1, to_date('20040901','YYYYMMDD'), to_date('20070301','YYYYMMDD'), '51458031581', '$283.46', 'See NoS No Stock', false);
insert into DiagramParts values('NA31-91_0618-51458031583', 'NA31-91_0618', 02, 'Cover instrument panel, center, black', 'RIEGELESCHE H.', 1, to_date('20040901','YYYYMMDD'), to_date('20070301','YYYYMMDD'), '51458031583', '$283.46', 'See NoS No Stock', false);
insert into DiagramParts values('NA31-91_0618-51458031585', 'NA31-91_0618', 02, 'Cover instrument panel, center, black', 'PIANOLACK SW', 1, to_date('20040901','YYYYMMDD'), to_date('20070301','YYYYMMDD'), '51458031585', '$241.00', 'See NoS No Stock', false);
insert into DiagramParts values('NA31-91_0618-51458031631', 'NA31-91_0618', 02, 'Cover instr. panel,center, basalt-gray', 'NUBAUM AMARONE', 1, to_date('20040901','YYYYMMDD'), to_date('20070301','YYYYMMDD'), '51458031631', '', 'See NoS No Stock', false);
insert into DiagramParts values('NA31-91_0618-51458031633', 'NA31-91_0618', 02, 'Cover instr. panel,center, basalt-gray', 'RIEGELESCHE H.', 1, to_date('20040901','YYYYMMDD'), to_date('20070301','YYYYMMDD'), '51458031633', '$233.24', 'See NoS No Stock', false);
insert into DiagramParts values('NA31-91_0618-51458031635', 'NA31-91_0618', 02, 'Cover instr. panel,center, basalt-gray', 'PIANOLACK SW', 1, to_date('20040901','YYYYMMDD'), to_date('20070301','YYYYMMDD'), '51458031635', '$252.22', 'See NoS No Stock', false);
insert into Diagram values('NA31-91_0618','NA31-20020200','91-40','E60 520i   Individual wood cover for I-panel,center','');
insert into DiagramParts values('NA31-91_0619-51167906374', 'NA31-91_0619', 02, 'Cover, dashboard, center', 'SCHWARZ', 1, to_date('20040301','YYYYMMDD'), to_date('20040901','YYYYMMDD'), '51167906374', '$206.56', '', false);
insert into Diagram values('NA31-91_0619','NA31-20020200','91-40','E60 520i   Indiv. cover instr. panel,center,leather','');
insert into DiagramParts values('NA31-91_0575-51418027180', 'NA31-91_0575', 01, 'Door trim panel, front right', 'INDIVIDUAL', 1, to_date('20040301','YYYYMMDD'), to_date('20070301','YYYYMMDD'), '51418027180', '$968.13', 'See NoS No Stock', false);
insert into DiagramParts values('NA31-91_0575-51418027205', 'NA31-91_0575', 02, 'Armrest, left', 'INDIVIDUAL', 1, to_date('20040301','YYYYMMDD'), to_date('20070301','YYYYMMDD'), '51418027205', '$222.08', 'See NoS No Stock', false);
insert into DiagramParts values('NA31-91_0575-51418027206', 'NA31-91_0575', 02, 'Armrest, right', 'INDIVIDUAL', 1, to_date('20040301','YYYYMMDD'), to_date('20070301','YYYYMMDD'), '51418027206', '$222.08', 'See NoS No Stock', false);
insert into Diagram values('NA31-91_0575','NA31-20020200','91-45','E60 520i   Indiv.front door trim panel,part.leather','');
insert into DiagramParts values('NA31-91_0576-51428027204', 'NA31-91_0576', 01, 'DOOR LINING LEATHER REAR RIGHT', 'INDIVIDUAL', 1, to_date('20040301','YYYYMMDD'), to_date('20070301','YYYYMMDD'), '51428027204', '$1,102.05', '+core, See NoS No Stock', false);
insert into DiagramParts values('NA31-91_0576-51428027264', 'NA31-91_0576', 01, 'DOOR LINING LEATHER REAR RIGHT', 'INDIVIDUAL', 1, to_date('20040301','YYYYMMDD'), to_date('20070301','YYYYMMDD'), '51428027264', '', '+core, See NoS No Stock', false);
insert into DiagramParts values('NA31-91_0576-51428027240', 'NA31-91_0576', 01, 'DOOR LINING LEATHER REAR RIGHT', 'INDIVIDUAL', 1, to_date('20040301','YYYYMMDD'), to_date('20070301','YYYYMMDD'), '51428027240', '', '+core, See NoS No Stock', false);
insert into DiagramParts values('NA31-91_0576-51428027330', 'NA31-91_0576', 01, 'DOOR LINING LEATHER REAR RIGHT', 'INDIVIDUAL', 1, to_date('20040301','YYYYMMDD'), to_date('20070301','YYYYMMDD'), '51428027330', '', '+core, See NoS No Stock', false);
insert into DiagramParts values('NA31-91_0576-51428027228', 'NA31-91_0576', 02, 'DOOR LINING LEATHER REAR RIGHT', 'INDIVIDUAL', 1, to_date('20040301','YYYYMMDD'), to_date('20070301','YYYYMMDD'), '51428027228', '', '+core, See NoS No Stock', false);
insert into DiagramParts values('NA31-91_0576-51428027276', 'NA31-91_0576', 02, 'DOOR LINING LEATHER REAR RIGHT', 'INDIVIDUAL', 1, to_date('20040301','YYYYMMDD'), to_date('20070301','YYYYMMDD'), '51428027276', '', 'See NoS No Stock', false);
insert into DiagramParts values('NA31-91_0576-51428027252', 'NA31-91_0576', 02, 'DOOR LINING LEATHER REAR RIGHT', 'INDIVIDUAL', 1, to_date('20040301','YYYYMMDD'), to_date('20070301','YYYYMMDD'), '51428027252', '', '+core, See NoS No Stock', false);
insert into DiagramParts values('NA31-91_0576-51428027342', 'NA31-91_0576', 02, 'DOOR LINING LEATHER REAR RIGHT', 'INDIVIDUAL', 1, to_date('20040301','YYYYMMDD'), to_date('20070301','YYYYMMDD'), '51428027342', '', '+core, See NoS No Stock', false);
insert into DiagramParts values('NA31-91_0576-51428027401', 'NA31-91_0576', 03, 'Armrest, left', 'INDIVIDUAL', 1, to_date('20040301','YYYYMMDD'), to_date('20070301','YYYYMMDD'), '51428027401', '$219.85', '+core, See NoS No Stock', false);
insert into DiagramParts values('NA31-91_0576-51428027402', 'NA31-91_0576', 03, 'Armrest, right', 'INDIVIDUAL', 1, to_date('20040301','YYYYMMDD'), to_date('20070301','YYYYMMDD'), '51428027402', '$219.85', 'See NoS No Stock', false);
insert into Diagram values('NA31-91_0576','NA31-20020200','91-45','E60 520i   Indiv. rear door trim panel,part.leather','');
insert into DiagramParts values('NA31-91_0635-51418027192', 'NA31-91_0635', 01, 'DOOR LINING LEATHER FRONT RIGHT', 'INDIVIDUAL', 1, to_date('20040901','YYYYMMDD'), to_date('20070301','YYYYMMDD'), '51418027192', '', 'See NoS No Stock', false);
insert into DiagramParts values('NA31-91_0635-51418027205', 'NA31-91_0635', 02, 'Armrest, left', 'INDIVIDUAL', 1, to_date('20040901','YYYYMMDD'), to_date('20070301','YYYYMMDD'), '51418027205', '$222.08', 'See NoS No Stock', false);
insert into DiagramParts values('NA31-91_0635-51418027206', 'NA31-91_0635', 02, 'Armrest, right', 'INDIVIDUAL', 1, to_date('20040901','YYYYMMDD'), to_date('20070301','YYYYMMDD'), '51418027206', '$222.08', 'See NoS No Stock', false);
insert into DiagramParts values('NA31-91_0635-51418029321', 'NA31-91_0635', 03, 'Door pocket, leather front left', 'INDIVIDUAL', 1, to_date('20040901','YYYYMMDD'), to_date('20070301','YYYYMMDD'), '51418029321', '', '+core, See NoS No Stock', false);
insert into DiagramParts values('NA31-91_0635-51418029322', 'NA31-91_0635', 03, 'Door pocket, leather front right', 'INDIVIDUAL', 1, to_date('20040901','YYYYMMDD'), to_date('20070301','YYYYMMDD'), '51418029322', '', '+core, See NoS No Stock', false);
insert into Diagram values('NA31-91_0635','NA31-20020200','91-45','E60 520i   Individual front door trim panel,leather','');
insert into DiagramParts values('NA31-91_0636-51428027354', 'NA31-91_0636', 01, 'DOOR LINING LEATHER REAR RIGHT', 'INDIVIDUAL', 1, to_date('20040901','YYYYMMDD'), to_date('20070301','YYYYMMDD'), '51428027354', '', '+core, See NoS No Stock', false);
insert into DiagramParts values('NA31-91_0636-51428027450', 'NA31-91_0636', 01, 'DOOR LINING LEATHER REAR RIGHT', 'INDIVIDUAL', 1, to_date('20040901','YYYYMMDD'), to_date('20070301','YYYYMMDD'), '51428027450', '', '+core, See NoS No Stock', false);
insert into DiagramParts values('NA31-91_0636-51428027378', 'NA31-91_0636', 01, 'DOOR LINING LEATHER REAR RIGHT', 'INDIVIDUAL', 1, to_date('20040901','YYYYMMDD'), to_date('20070301','YYYYMMDD'), '51428027378', '', '+core, See NoS No Stock', false);
insert into DiagramParts values('NA31-91_0636-51428027426', 'NA31-91_0636', 01, 'DOOR LINING LEATHER REAR RIGHT', 'INDIVIDUAL', 1, to_date('20040901','YYYYMMDD'), to_date('20070301','YYYYMMDD'), '51428027426', '', '+core, See NoS No Stock', false);
insert into DiagramParts values('NA31-91_0636-51428027366', 'NA31-91_0636', 02, 'DOOR LINING LEATHER REAR LEFT', 'INDIVIDUAL', 1, to_date('20040901','YYYYMMDD'), to_date('20070301','YYYYMMDD'), '51428027366', '', '+core, See NoS No Stock', false);
insert into DiagramParts values('NA31-91_0636-51428027462', 'NA31-91_0636', 02, 'DOOR LINING LEATHER REAR RIGHT', 'INDIVIDUAL', 1, to_date('20040901','YYYYMMDD'), to_date('20070301','YYYYMMDD'), '51428027462', '', '+core, See NoS No Stock', false);
insert into DiagramParts values('NA31-91_0636-51428027390', 'NA31-91_0636', 02, 'DOOR LINING LEATHER REAR RIGHT', 'INDIVIDUAL', 1, to_date('20040901','YYYYMMDD'), to_date('20070301','YYYYMMDD'), '51428027390', '', '+core, See NoS No Stock', false);
insert into DiagramParts values('NA31-91_0636-51428027438', 'NA31-91_0636', 02, 'DOOR LINING LEATHER REAR RIGHT', 'INDIVIDUAL', 1, to_date('20040901','YYYYMMDD'), to_date('20070301','YYYYMMDD'), '51428027438', '', '+core, See NoS No Stock', false);
insert into DiagramParts values('NA31-91_0636-51428027401', 'NA31-91_0636', 03, 'Armrest, left', 'INDIVIDUAL', 1, to_date('20040901','YYYYMMDD'), to_date('20070301','YYYYMMDD'), '51428027401', '$219.85', '+core, See NoS No Stock', false);
insert into DiagramParts values('NA31-91_0636-51428027402', 'NA31-91_0636', 03, 'Armrest, right', 'INDIVIDUAL', 1, to_date('20040901','YYYYMMDD'), to_date('20070301','YYYYMMDD'), '51428027402', '$219.85', 'See NoS No Stock', false);
insert into DiagramParts values('NA31-91_0636-51428029337', 'NA31-91_0636', 04, 'Door pocket, leather rear left', 'INDIVIDUAL', 1, to_date('20040901','YYYYMMDD'), to_date('20070301','YYYYMMDD'), '51428029337', '', '+core, See NoS No Stock', false);
insert into DiagramParts values('NA31-91_0636-51428029338', 'NA31-91_0636', 04, 'Door pocket, leather rear right', 'INDIVIDUAL', 1, to_date('20040901','YYYYMMDD'), to_date('20070301','YYYYMMDD'), '51428029338', '', '+core, See NoS No Stock', false);
insert into DiagramParts values('NA31-91_0636-51428029350', 'NA31-91_0636', 04, 'Door pocket, leather rear right', 'INDIVIDUAL', 1, to_date('20040901','YYYYMMDD'), to_date('20070301','YYYYMMDD'), '51428029350', '', '+core, See NoS No Stock', false);
insert into Diagram values('NA31-91_0636','NA31-20020200','91-45','E60 520i   Individual rear door trim panel,leather','');
insert into Diagram values('NA31-91_0502','NA31-20020200','91-50','E60 520i   Individual slide/tilt sunroof','');
insert into Diagram values('NA31-91_0697','NA31-20020200','91-50','E60 520i   Individual moulded headliner, Alcantara','');
insert into Diagram values('NA31-91_0698','NA31-20020200','91-50','E60 520i   Individual sun visor, Alcantara','');
insert into Diagram values('NA31-91_0699','NA31-20020200','91-50','E60 520i   Individual A, B, C pillar covers, top','');
insert into Diagram values('NA31-91_0700','NA31-20020200','91-50','E60 520i   Individual rear window shelf, Alcantara','');
insert into Diagram values('NA31-91_0704','NA31-20020200','91-57','E60 520i   Individual floor mats, Leather border','');
insert into Diagram values('NA31-91_0581','NA31-20020200','91-60','E60 520i   Individ. rear panel Basic /Sports seat','');
insert into Diagram values('NA31-91_0582','NA31-20020200','91-60','E60 520i   Individ. rear panel,leather comfort seat','');
insert into Diagram values('NA31-91_0585','NA31-20020200','91-60','E60 520i   Indiv.cover, basic seat, front','');
insert into Diagram values('NA31-91_0586','NA31-20020200','91-60','E60 520i   Individual sports seat cover, front','');
insert into Diagram values('NA31-91_0587','NA31-20020200','91-60','E60 520i   Indiv. cover for Comfort Seat, front, LC','');
insert into Diagram values('NA31-91_0588','NA31-20020200','91-60','E60 520i   Individual cover,Klima-Leather comf.seat','');
insert into Diagram values('NA31-91_0746','NA31-20020200','91-60','E60 520i   Individual cover, Sport seat, front LC','');
insert into Diagram values('NA31-91_0772','NA31-20020200','91-60','E60 520i   Individual uphols, base seat, front, LC','');
insert into Diagram values('NA31-91_0593','NA31-20020200','91-65','E60 520i   Indiv.cover basic seat, rear','');
insert into Diagram values('NA31-91_0594','NA31-20020200','91-65','E60 520i   Individual sports seat cover, rear','');
insert into Diagram values('NA31-91_0595','NA31-20020200','91-65','E60 520i   Individual cover rear comfort seat','');
insert into Diagram values('NA31-91_0596','NA31-20020200','91-65','E60 520i   Individual cover Klima-Leather, rear','');
insert into Diagram values('NA31-91_0597','NA31-20020200','91-65','E60 520i   Individ.through-loading syst.,rear seat','');
insert into Diagram values('NA31-91_0598','NA31-20020200','91-65','E60 520i   I.through-loading S.KlimaLeather,rr seat','');
insert into Diagram values('NA31-91_0747','NA31-20020200','91-65','E60 520i   Indiv. cover for seat, rear, LC','');
insert into Diagram values('NA31-91_0748','NA31-20020200','91-65','E60 520i   Indiv. load-through for seat, rear, LC','');
insert into Diagram values('NA31-91_0577','NA31-20020200','91-70','E60 520i   Indv. headrest, basic seat, front','');
insert into Diagram values('NA31-91_0579','NA31-20020200','91-70','E60 520i   Ind. headrest, sports seat, front','');
insert into Diagram values('NA31-91_0580','NA31-20020200','91-70','E60 520i   Ind. headrest, comfort seat, front','');
insert into Diagram values('NA31-91_0589','NA31-20020200','91-75','E60 520i   Indv. headrest, basic seat, rear','');
insert into Diagram values('NA31-91_0590','NA31-20020200','91-75','E60 520i   Ind. headrest, sports seat, rear','');
insert into Diagram values('NA31-91_0591','NA31-20020200','91-75','E60 520i   Ind. headrest, comfort seat, rear','');
insert into Diagram values('NA31-91_0599','NA31-20020200','91-80','E60 520i   Individual armrest of rear basic seat','');
insert into Diagram values('NA31-91_0600','NA31-20020200','91-80','E60 520i   Individual armrest of rear sports seat','');
insert into Diagram values('NA31-91_0601','NA31-20020200','91-80','E60 520i   Individual armrest of rear comfort seat','');
insert into Diagram values('NA31-91_0602','NA31-20020200','91-80','E60 520i   Ind.armrest load-through syst.basic seat','');
insert into Diagram values('NA31-91_0603','NA31-20020200','91-80','E60 520i   Ind.armrest load-through syst.sport seat','');
insert into Diagram values('NA31-91_0604','NA31-20020200','91-80','E60 520i   Ind.armrest load-through syst. comf.seat','');
insert into ProdCodeDate values('NA31-20020200','NA31',to_date('20020201','YYYYMMDD'));
insert into ProdCodeDate values('NA31-20020400','NA31',to_date('20020401','YYYYMMDD'));
insert into ProdCodeDate values('NA31-20020400','NA31',to_date('20020401','YYYYMMDD'));
insert into ProdCodeDate values('NA31-20020900','NA31',to_date('20020901','YYYYMMDD'));
insert into ProdCodeDate values('NA31-20020900','NA31',to_date('20020901','YYYYMMDD'));
insert into ProdCodeDate values('NA31-20021000','NA31',to_date('20021001','YYYYMMDD'));
insert into ProdCodeDate values('NA31-20021000','NA31',to_date('20021001','YYYYMMDD'));
insert into ProdCodeDate values('NA31-20021100','NA31',to_date('20021101','YYYYMMDD'));
insert into ProdCodeDate values('NA31-20021100','NA31',to_date('20021101','YYYYMMDD'));
insert into ProdCodeDate values('NA31-20021200','NA31',to_date('20021201','YYYYMMDD'));
insert into ProdCode values('NA32','520i','Lim','E60','ECE','M54','R','12/2002 E60 520i Sedan M54 Europe Right hand drive ');
insert into ProdCodeDate values('NA32-20021200','NA32',to_date('20021201','YYYYMMDD'));
insert into Diagram values('NA32-01_0206','NA32-20021200','01-05','E60 520i   BMW care tips','');
insert into DiagramParts values('NA32-01_0207-01430157437', 'NA32-01_0207', 28, 'Technical information, US Spanish', 'ALLE US MODELLE', 1, to_date('20020901','YYYYMMDD'), to_date('20040401','YYYYMMDD'), '01430157437', '$13.10', '', false);
insert into Diagram values('NA32-01_0207','NA32-20021200','01-05','E60 520i   BMW technical information','');
insert into DiagramParts values('NA32-01_0250-01400157062', 'NA32-01_0250', 01, 'Owner&apos;s handbook E60', 'DE, MJ 2003', 1, to_date('20030501','YYYYMMDD'), to_date('20030901','YYYYMMDD'), '01400157062', '', '', false);
insert into DiagramParts values('NA32-01_0250-01400157650', 'NA32-01_0250', 01, 'Owner&apos;s handbook E60', 'DE, MJ 2004', 1, to_date('20030901','YYYYMMDD'), to_date('20040301','YYYYMMDD'), '01400157650', '', '', false);
insert into DiagramParts values('NA32-01_0250-01400158162', 'NA32-01_0250', 01, 'Owner&apos;s handbook E60, E61', 'DE, MJ 04', 1, to_date('20040301','YYYYMMDD'), to_date('20040901','YYYYMMDD'), '01400158162', '', '', false);
insert into DiagramParts values('NA32-01_0250-01400158379', 'NA32-01_0250', 01, 'Owner&apos;s handbook E60, E61', 'DE, MJ 05', 1, to_date('20040901','YYYYMMDD'), to_date('20050301','YYYYMMDD'), '01400158379', '', '', false);
insert into DiagramParts values('NA32-01_0250-01400159191', 'NA32-01_0250', 01, 'Owner&apos;s handbook E60, E61', 'DE, MJ 2005', 1, to_date('20050301','YYYYMMDD'), to_date('20050901','YYYYMMDD'), '01400159191', '', '', false);
insert into DiagramParts values('NA32-01_0250-01400159724', 'NA32-01_0250', 01, 'Owner&apos;s handbook E60, E61', 'DE, MJ 2006', 1, to_date('20050901','YYYYMMDD'), to_date('20060301','YYYYMMDD'), '01400159724', '', '', false);
insert into DiagramParts values('NA32-01_0250-01400012256', 'NA32-01_0250', 01, 'Owner&apos;s handbook E60, E61', 'DE, MJ 2006', 1, to_date('20060301','YYYYMMDD'), to_date('20060901','YYYYMMDD'), '01400012256', '', '', false);
insert into DiagramParts values('NA32-01_0250-01400012780', 'NA32-01_0250', 01, 'Owner&apos;s handbook E60, E61', 'DE, MJ 2007', 1, to_date('20060901','YYYYMMDD'), to_date('20070301','YYYYMMDD'), '01400012780', '', '', false);
insert into DiagramParts values('NA32-01_0250-01410157063', 'NA32-01_0250', 02, 'Owner&apos;s handbook E60', 'EN, MJ 2003', 1, to_date('20030501','YYYYMMDD'), to_date('20030901','YYYYMMDD'), '01410157063', '', '', false);
insert into DiagramParts values('NA32-01_0250-01410157651', 'NA32-01_0250', 02, 'Owner&apos;s handbook E60', 'EN, MJ 2004', 1, to_date('20030901','YYYYMMDD'), to_date('20040301','YYYYMMDD'), '01410157651', '', '', false);
insert into DiagramParts values('NA32-01_0250-01410158163', 'NA32-01_0250', 02, 'Owner&apos;s handbook E60, E61', 'EN, MJ 04', 1, to_date('20040301','YYYYMMDD'), to_date('20040901','YYYYMMDD'), '01410158163', '', '', false);
insert into DiagramParts values('NA32-01_0250-01410158380', 'NA32-01_0250', 02, 'Owner&apos;s handbook E60, E61', 'EN, MJ 05', 1, to_date('20040901','YYYYMMDD'), to_date('20050301','YYYYMMDD'), '01410158380', '', '', false);
insert into DiagramParts values('NA32-01_0250-01410159192', 'NA32-01_0250', 02, 'Owner&apos;s handbook E60, E61', 'EN, MJ 2005', 1, to_date('20050301','YYYYMMDD'), to_date('20050901','YYYYMMDD'), '01410159192', '', '', false);
insert into DiagramParts values('NA32-01_0250-01410159725', 'NA32-01_0250', 02, 'Owner&apos;s handbook E60, E61', 'EN, MJ 2006', 1, to_date('20050901','YYYYMMDD'), to_date('20060301','YYYYMMDD'), '01410159725', '', '', false);
insert into DiagramParts values('NA32-01_0250-01410012257', 'NA32-01_0250', 02, 'Owner&apos;s handbook E60, E61', 'EN, MJ 2006', 1, to_date('20060301','YYYYMMDD'), to_date('20060901','YYYYMMDD'), '01410012257', '', '', false);
insert into DiagramParts values('NA32-01_0250-01410012781', 'NA32-01_0250', 02, 'Owner&apos;s handbook E60, E61', 'EN, MJ 2007', 1, to_date('20060901','YYYYMMDD'), to_date('20070301','YYYYMMDD'), '01410012781', '', '', false);
insert into DiagramParts values('NA32-01_0250-01410158261', 'NA32-01_0250', 02, 'Insertion sheet', 'ENGLISH', 1, to_date('20031201','YYYYMMDD'), to_date('20040901','YYYYMMDD'), '01410158261', '', '', false);
insert into DiagramParts values('NA32-01_0250-01410158226', 'NA32-01_0250', 02, 'Owner&apos;s handbook E60, E61', 'EN, MJ 04 KOREA', 1, to_date('20040301','YYYYMMDD'), to_date('20040901','YYYYMMDD'), '01410158226', '', '', false);
insert into DiagramParts values('NA32-01_0250-01420157064', 'NA32-01_0250', 03, 'Owner&apos;s handbook E60', 'FR, MJ 2003', 1, to_date('20030501','YYYYMMDD'), to_date('20030901','YYYYMMDD'), '01420157064', '', '', false);
insert into DiagramParts values('NA32-01_0250-01420157652', 'NA32-01_0250', 03, 'Owner&apos;s handbook E60', 'FR, MJ 2004', 1, to_date('20030901','YYYYMMDD'), to_date('20040301','YYYYMMDD'), '01420157652', '', '', false);
insert into DiagramParts values('NA32-01_0250-01420158164', 'NA32-01_0250', 03, 'Owner&apos;s handbook E60, E61', 'FR, MJ 04', 1, to_date('20040301','YYYYMMDD'), to_date('20040901','YYYYMMDD'), '01420158164', '', '', false);
insert into DiagramParts values('NA32-01_0250-01420158381', 'NA32-01_0250', 03, 'Owner&apos;s handbook E60, E61', 'FR, MJ 05', 1, to_date('20040901','YYYYMMDD'), to_date('20050301','YYYYMMDD'), '01420158381', '', '', false);
insert into DiagramParts values('NA32-01_0250-01420159193', 'NA32-01_0250', 03, 'Owner&apos;s handbook E60, E61', 'FR, MJ 2005', 1, to_date('20050301','YYYYMMDD'), to_date('20050901','YYYYMMDD'), '01420159193', '', '', false);
insert into DiagramParts values('NA32-01_0250-01420159726', 'NA32-01_0250', 03, 'Owner&apos;s handbook E60, E61', 'FR, MJ 2006', 1, to_date('20050901','YYYYMMDD'), to_date('20060301','YYYYMMDD'), '01420159726', '', '', false);
insert into DiagramParts values('NA32-01_0250-01420012258', 'NA32-01_0250', 03, 'Owner&apos;s handbook E60, E61', 'FR, MJ 2006', 1, to_date('20060301','YYYYMMDD'), to_date('20060901','YYYYMMDD'), '01420012258', '', '', false);
insert into DiagramParts values('NA32-01_0250-01420012782', 'NA32-01_0250', 03, 'Owner&apos;s handbook E60, E61', 'FR, MJ 2007', 1, to_date('20060901','YYYYMMDD'), to_date('20070301','YYYYMMDD'), '01420012782', '', '', false);
insert into DiagramParts values('NA32-01_0250-01430157065', 'NA32-01_0250', 04, 'Owner&apos;s handbook E60', 'ES, MJ 2003', 1, to_date('20030501','YYYYMMDD'), to_date('20030901','YYYYMMDD'), '01430157065', '', '', false);
insert into DiagramParts values('NA32-01_0250-01430157653', 'NA32-01_0250', 04, 'Owner&apos;s handbook E60', 'ES, MJ 2004', 1, to_date('20030901','YYYYMMDD'), to_date('20040301','YYYYMMDD'), '01430157653', '', '', false);
insert into DiagramParts values('NA32-01_0250-01430158165', 'NA32-01_0250', 04, 'Owner&apos;s handbook E60, E61', 'ES, MJ 04', 1, to_date('20040301','YYYYMMDD'), to_date('20040901','YYYYMMDD'), '01430158165', '', '', false);
insert into DiagramParts values('NA32-01_0250-01430158382', 'NA32-01_0250', 04, 'Owner&apos;s handbook E60, E61', 'ES, MJ 05', 1, to_date('20040901','YYYYMMDD'), to_date('20050901','YYYYMMDD'), '01430158382', '', '', false);
insert into DiagramParts values('NA32-01_0250-01430159194', 'NA32-01_0250', 04, 'Owner&apos;s handbook E60, E61', 'ES, MJ 2005', 1, to_date('20050301','YYYYMMDD'), to_date('20050901','YYYYMMDD'), '01430159194', '', '', false);
insert into DiagramParts values('NA32-01_0250-01430159727', 'NA32-01_0250', 04, 'Owner&apos;s handbook E60, E61', 'ES, MJ 2006', 1, to_date('20050901','YYYYMMDD'), to_date('20060301','YYYYMMDD'), '01430159727', '', '', false);
insert into DiagramParts values('NA32-01_0250-01430012259', 'NA32-01_0250', 04, 'Owner&apos;s handbook E60, E61', 'ES, MJ 2006', 1, to_date('20060301','YYYYMMDD'), to_date('20060901','YYYYMMDD'), '01430012259', '', '', false);
insert into DiagramParts values('NA32-01_0250-01430012783', 'NA32-01_0250', 04, 'Owner&apos;s handbook E60, E61', 'ES, MJ 2007', 1, to_date('20060901','YYYYMMDD'), to_date('20070301','YYYYMMDD'), '01430012783', '', '', false);
insert into DiagramParts values('NA32-01_0250-01440157066', 'NA32-01_0250', 05, 'Owner&apos;s handbook E60', 'IT, MJ 2003', 1, to_date('20030501','YYYYMMDD'), to_date('20030901','YYYYMMDD'), '01440157066', '', '', false);
insert into DiagramParts values('NA32-01_0250-01440157654', 'NA32-01_0250', 05, 'Owner&apos;s handbook E60', 'IT, MJ 2004', 1, to_date('20030901','YYYYMMDD'), to_date('20040301','YYYYMMDD'), '01440157654', '', '', false);
insert into DiagramParts values('NA32-01_0250-01440158166', 'NA32-01_0250', 05, 'Owner&apos;s handbook E60, E61', 'IT, MJ 04', 1, to_date('20040301','YYYYMMDD'), to_date('20040901','YYYYMMDD'), '01440158166', '', '', false);
insert into DiagramParts values('NA32-01_0250-01440158383', 'NA32-01_0250', 05, 'Owner&apos;s handbook E60, E61', 'IT, MJ 05', 1, to_date('20040901','YYYYMMDD'), to_date('20050901','YYYYMMDD'), '01440158383', '', '', false);
insert into DiagramParts values('NA32-01_0250-01440159195', 'NA32-01_0250', 05, 'Owner&apos;s handbook E60, E61', 'IT, MJ 2005', 1, to_date('20050301','YYYYMMDD'), to_date('20050901','YYYYMMDD'), '01440159195', '', '', false);
insert into DiagramParts values('NA32-01_0250-01440159728', 'NA32-01_0250', 05, 'Owner&apos;s handbook E60, E61', 'IT, MJ 2006', 1, to_date('20050901','YYYYMMDD'), to_date('20060301','YYYYMMDD'), '01440159728', '', '', false);
insert into DiagramParts values('NA32-01_0250-01440012260', 'NA32-01_0250', 05, 'Owner&apos;s handbook E60, E61', 'IT, MJ 2006', 1, to_date('20060301','YYYYMMDD'), to_date('20060901','YYYYMMDD'), '01440012260', '', '', false);
insert into DiagramParts values('NA32-01_0250-01440012784', 'NA32-01_0250', 05, 'Owner&apos;s handbook E60, E61', 'IT, MJ 2007', 1, to_date('20060901','YYYYMMDD'), to_date('20070301','YYYYMMDD'), '01440012784', '', '', false);
insert into DiagramParts values('NA32-01_0250-01450157067', 'NA32-01_0250', 06, 'Owner&apos;s handbook E60', 'SV, MJ 2003', 1, to_date('20030501','YYYYMMDD'), to_date('20030901','YYYYMMDD'), '01450157067', '', '', false);
insert into DiagramParts values('NA32-01_0250-01450157655', 'NA32-01_0250', 06, 'Owner&apos;s handbook E60', 'SV, MJ 2004', 1, to_date('20030901','YYYYMMDD'), to_date('20040301','YYYYMMDD'), '01450157655', '', '', false);
insert into DiagramParts values('NA32-01_0250-01450158167', 'NA32-01_0250', 06, 'Owner&apos;s handbook E60, E61', 'SV, MJ 04', 1, to_date('20040301','YYYYMMDD'), to_date('20040901','YYYYMMDD'), '01450158167', '', '', false);
insert into DiagramParts values('NA32-01_0250-01450158384', 'NA32-01_0250', 06, 'Owner&apos;s handbook E60, E61', 'SV, MJ 05', 1, to_date('20040901','YYYYMMDD'), to_date('20050901','YYYYMMDD'), '01450158384', '', '', false);
insert into DiagramParts values('NA32-01_0250-01450159196', 'NA32-01_0250', 06, 'Owner&apos;s handbook E60, E61', 'SV, MJ 2005', 1, to_date('20050301','YYYYMMDD'), to_date('20050901','YYYYMMDD'), '01450159196', '', '', false);
insert into DiagramParts values('NA32-01_0250-01450159729', 'NA32-01_0250', 06, 'Owner&apos;s handbook E60, E61', 'SV, MJ 2006', 1, to_date('20050901','YYYYMMDD'), to_date('20060301','YYYYMMDD'), '01450159729', '', '', false);
insert into DiagramParts values('NA32-01_0250-01450012261', 'NA32-01_0250', 06, 'Owner&apos;s handbook E60, E61', 'SV, MJ 2006', 1, to_date('20060301','YYYYMMDD'), to_date('20060901','YYYYMMDD'), '01450012261', '', '', false);
insert into DiagramParts values('NA32-01_0250-01450012785', 'NA32-01_0250', 06, 'Owner&apos;s handbook E60, E61', 'SV, MJ 2007', 1, to_date('20060901','YYYYMMDD'), to_date('20070301','YYYYMMDD'), '01450012785', '', '', false);
insert into DiagramParts values('NA32-01_0250-01460157068', 'NA32-01_0250', 07, 'Owner&apos;s handbook E60', 'NL, MJ 2003', 1, to_date('20030501','YYYYMMDD'), to_date('20030901','YYYYMMDD'), '01460157068', '', '', false);
insert into DiagramParts values('NA32-01_0250-01460157656', 'NA32-01_0250', 07, 'Owner&apos;s handbook E60', 'NL, MJ 2004', 1, to_date('20030901','YYYYMMDD'), to_date('20040301','YYYYMMDD'), '01460157656', '', '', false);
insert into DiagramParts values('NA32-01_0250-01460158168', 'NA32-01_0250', 07, 'Owner&apos;s handbook E60, E61', 'NL, MJ 04', 1, to_date('20040301','YYYYMMDD'), to_date('20040901','YYYYMMDD'), '01460158168', '', '', false);
insert into DiagramParts values('NA32-01_0250-01460158385', 'NA32-01_0250', 07, 'Owner&apos;s handbook E60, E61', 'NL, MJ 05', 1, to_date('20040901','YYYYMMDD'), to_date('20050301','YYYYMMDD'), '01460158385', '', '', false);
insert into DiagramParts values('NA32-01_0250-01460159197', 'NA32-01_0250', 07, 'Owner&apos;s handbook E60, E61', 'NL, MJ 2005', 1, to_date('20050301','YYYYMMDD'), to_date('20050901','YYYYMMDD'), '01460159197', '', '', false);
insert into DiagramParts values('NA32-01_0250-01460159730', 'NA32-01_0250', 07, 'Owner&apos;s handbook E60, E61', 'NL, MJ 2006', 1, to_date('20050901','YYYYMMDD'), to_date('20060301','YYYYMMDD'), '01460159730', '', '', false);
insert into DiagramParts values('NA32-01_0250-01460012262', 'NA32-01_0250', 07, 'Owner&apos;s handbook E60, E61', 'NL, MJ 2006', 1, to_date('20060301','YYYYMMDD'), to_date('20060901','YYYYMMDD'), '01460012262', '', '', false);
insert into DiagramParts values('NA32-01_0250-01460012786', 'NA32-01_0250', 07, 'Owner&apos;s handbook E60, E61', 'NL, MJ 2007', 1, to_date('20060901','YYYYMMDD'), to_date('20070301','YYYYMMDD'), '01460012786', '', '', false);
insert into DiagramParts values('NA32-01_0250-01470157069', 'NA32-01_0250', 08, 'Owner&apos;s handbook E60', 'AR, MJ 2003', 1, to_date('20030501','YYYYMMDD'), to_date('20030901','YYYYMMDD'), '01470157069', '', '', false);
insert into DiagramParts values('NA32-01_0250-01470157657', 'NA32-01_0250', 08, 'Owner&apos;s handbook E60', 'AR, MJ 2004', 1, to_date('20030901','YYYYMMDD'), to_date('20040301','YYYYMMDD'), '01470157657', '', '', false);
insert into DiagramParts values('NA32-01_0250-01470158169', 'NA32-01_0250', 08, 'Owner&apos;s handbook E60, E61', 'AR, MJ 04', 1, to_date('20040301','YYYYMMDD'), to_date('20040901','YYYYMMDD'), '01470158169', '', '', false);
insert into DiagramParts values('NA32-01_0250-01470158386', 'NA32-01_0250', 08, 'Owner&apos;s handbook E60, E61', 'AR, MJ 05', 1, to_date('20040901','YYYYMMDD'), to_date('20050301','YYYYMMDD'), '01470158386', '', '', false);
insert into DiagramParts values('NA32-01_0250-01470159198', 'NA32-01_0250', 08, 'Owner&apos;s handbook E60, E61', 'AR, MJ 2005', 1, to_date('20050301','YYYYMMDD'), to_date('20050901','YYYYMMDD'), '01470159198', '', '', false);
insert into DiagramParts values('NA32-01_0250-01470159731', 'NA32-01_0250', 08, 'Owner&apos;s handbook E60, E61', 'AR, MJ 2006', 1, to_date('20050901','YYYYMMDD'), to_date('20060301','YYYYMMDD'), '01470159731', '', '', false);
insert into DiagramParts values('NA32-01_0250-01470012263', 'NA32-01_0250', 08, 'Owner&apos;s handbook E60, E61', 'AR, MJ 2006', 1, to_date('20060301','YYYYMMDD'), to_date('20060901','YYYYMMDD'), '01470012263', '', '', false);
insert into DiagramParts values('NA32-01_0250-01470012787', 'NA32-01_0250', 08, 'Owner&apos;s handbook E60, E61', 'AR, MJ 2007', 1, to_date('20060901','YYYYMMDD'), to_date('20070301','YYYYMMDD'), '01470012787', '', '', false);
insert into DiagramParts values('NA32-01_0250-01480157070', 'NA32-01_0250', 09, 'Owner&apos;s handbook E60', 'DA, MJ 2003', 1, to_date('20030501','YYYYMMDD'), to_date('20030901','YYYYMMDD'), '01480157070', '', '', false);
insert into DiagramParts values('NA32-01_0250-01480157658', 'NA32-01_0250', 09, 'Owner&apos;s handbook E60', 'DA, MJ 2004', 1, to_date('20030901','YYYYMMDD'), to_date('20040301','YYYYMMDD'), '01480157658', '', '', false);
insert into DiagramParts values('NA32-01_0250-01480158170', 'NA32-01_0250', 09, 'Owner&apos;s handbook E60, E61', 'DA, MJ 04', 1, to_date('20040301','YYYYMMDD'), to_date('20040901','YYYYMMDD'), '01480158170', '', '', false);
insert into DiagramParts values('NA32-01_0250-01480158387', 'NA32-01_0250', 09, 'Owner&apos;s handbook E60, E61', 'DA, MJ 05', 1, to_date('20040901','YYYYMMDD'), to_date('20050301','YYYYMMDD'), '01480158387', '', '', false);
insert into DiagramParts values('NA32-01_0250-01480159199', 'NA32-01_0250', 09, 'Owner&apos;s handbook E60, E61', 'DA, MJ 2005', 1, to_date('20050301','YYYYMMDD'), to_date('20050901','YYYYMMDD'), '01480159199', '', '', false);
insert into DiagramParts values('NA32-01_0250-01480159732', 'NA32-01_0250', 09, 'Owner&apos;s handbook E60, E61', 'DA, MJ 2006', 1, to_date('20050901','YYYYMMDD'), to_date('20060301','YYYYMMDD'), '01480159732', '', '', false);
insert into DiagramParts values('NA32-01_0250-01480012264', 'NA32-01_0250', 09, 'Owner&apos;s handbook E60, E61', 'DA, MJ 2006', 1, to_date('20060301','YYYYMMDD'), to_date('20060901','YYYYMMDD'), '01480012264', '', '', false);
insert into DiagramParts values('NA32-01_0250-01480012788', 'NA32-01_0250', 09, 'Owner&apos;s handbook E60, E61', 'DA, MJ 2007', 1, to_date('20060901','YYYYMMDD'), to_date('20070301','YYYYMMDD'), '01480012788', '', '', false);
insert into DiagramParts values('NA32-01_0250-01490157071', 'NA32-01_0250', 10, 'Owner&apos;s handbook E60', 'PT, MJ 2003', 1, to_date('20030501','YYYYMMDD'), to_date('20030901','YYYYMMDD'), '01490157071', '', '', false);
insert into DiagramParts values('NA32-01_0250-01490157659', 'NA32-01_0250', 10, 'Owner&apos;s handbook E60', 'PT, MJ 2004', 1, to_date('20030901','YYYYMMDD'), to_date('20040301','YYYYMMDD'), '01490157659', '', '', false);
insert into DiagramParts values('NA32-01_0250-01490158171', 'NA32-01_0250', 10, 'Owner&apos;s handbook E60, E61', 'PT, MJ 04', 1, to_date('20040301','YYYYMMDD'), to_date('20040901','YYYYMMDD'), '01490158171', '', '', false);
insert into DiagramParts values('NA32-01_0250-01490158388', 'NA32-01_0250', 10, 'Owner&apos;s handbook E60, E61', 'PT, MJ 05', 1, to_date('20040901','YYYYMMDD'), to_date('20050301','YYYYMMDD'), '01490158388', '', '', false);
insert into DiagramParts values('NA32-01_0250-01490159200', 'NA32-01_0250', 10, 'Owner&apos;s handbook E60, E61', 'PT, MJ 2005', 1, to_date('20050301','YYYYMMDD'), to_date('20050901','YYYYMMDD'), '01490159200', '', '', false);
insert into DiagramParts values('NA32-01_0250-01490159733', 'NA32-01_0250', 10, 'Owner&apos;s handbook E60, E61', 'PT, MJ 2006', 1, to_date('20050901','YYYYMMDD'), to_date('20060301','YYYYMMDD'), '01490159733', '', '', false);
insert into DiagramParts values('NA32-01_0250-01490012265', 'NA32-01_0250', 10, 'Owner&apos;s handbook E60, E61', 'PT, MJ 2006', 1, to_date('20060301','YYYYMMDD'), to_date('20060901','YYYYMMDD'), '01490012265', '', '', false);
insert into DiagramParts values('NA32-01_0250-01490012789', 'NA32-01_0250', 10, 'Owner&apos;s handbook E60, E61', 'PT, MJ 2007', 1, to_date('20060901','YYYYMMDD'), to_date('20070301','YYYYMMDD'), '01490012789', '', '', false);
insert into DiagramParts values('NA32-01_0250-01490158487', 'NA32-01_0250', 13, 'Owner&apos;s handbook E60, E61', 'EL, MJ 05', 1, to_date('20040901','YYYYMMDD'), to_date('20050301','YYYYMMDD'), '01490158487', '', '', false);
insert into DiagramParts values('NA32-01_0250-01490159202', 'NA32-01_0250', 13, 'Owner&apos;s handbook E60, E61', 'EL, MJ 2005', 1, to_date('20050301','YYYYMMDD'), to_date('20050901','YYYYMMDD'), '01490159202', '', '', false);
insert into DiagramParts values('NA32-01_0250-01490159735', 'NA32-01_0250', 13, 'Owner&apos;s handbook E60, E61', 'EL, MJ 2006', 1, to_date('20050901','YYYYMMDD'), to_date('20060301','YYYYMMDD'), '01490159735', '', '', false);
insert into DiagramParts values('NA32-01_0250-01490012267', 'NA32-01_0250', 13, 'Owner&apos;s handbook E60, E61', 'EL, MJ 2006', 1, to_date('20060301','YYYYMMDD'), to_date('20060901','YYYYMMDD'), '01490012267', '', '', false);
insert into DiagramParts values('NA32-01_0250-01490012791', 'NA32-01_0250', 13, 'Owner&apos;s handbook E60, E61', 'EL, MJ 2007', 1, to_date('20060901','YYYYMMDD'), to_date('20070301','YYYYMMDD'), '01490012791', '', '', false);
insert into DiagramParts values('NA32-01_0250-01490157798', 'NA32-01_0250', 14, 'Owner&apos;s handbook E60', 'ZH, MJ 2004', 1, to_date('20030901','YYYYMMDD'), to_date('20040301','YYYYMMDD'), '01490157798', '', '', false);
insert into DiagramParts values('NA32-01_0250-01490158389', 'NA32-01_0250', 14, 'Owner&apos;s handbook E60, E61', 'ZH, MJ 05', 1, to_date('20040301','YYYYMMDD'), to_date('20050301','YYYYMMDD'), '01490158389', '$66.78', '', false);
insert into DiagramParts values('NA32-01_0250-01490159201', 'NA32-01_0250', 14, 'Owner&apos;s handbook E60, E61', 'ZH, MJ 2005', 1, to_date('20050301','YYYYMMDD'), to_date('20050901','YYYYMMDD'), '01490159201', '', '', false);
insert into DiagramParts values('NA32-01_0250-01490159734', 'NA32-01_0250', 14, 'Owner&apos;s handbook E60, E61', 'ZH, MJ 2006', 1, to_date('20050901','YYYYMMDD'), to_date('20060301','YYYYMMDD'), '01490159734', '', '', false);
insert into DiagramParts values('NA32-01_0250-01490012266', 'NA32-01_0250', 14, 'Owner&apos;s handbook E60, E61', 'ZH, MJ 2006', 1, to_date('20060301','YYYYMMDD'), to_date('20060901','YYYYMMDD'), '01490012266', '', '', false);
insert into DiagramParts values('NA32-01_0250-01490012790', 'NA32-01_0250', 14, 'Owner&apos;s handbook E60, E61', 'ZH, MJ 2007', 1, to_date('20060901','YYYYMMDD'), to_date('20070301','YYYYMMDD'), '01490012790', '', '', false);
insert into Diagram values('NA32-01_0250','NA32-20021200','01-05','E60 520i   Owner&apos;s handbook E60, E61','');
insert into DiagramParts values('NA32-01_0656-01400158695', 'NA32-01_0656', 01, 'Supplement to owner&apos;s manual, police', 'DE, E60, E61', 1, to_date('20040901','YYYYMMDD'), to_date('20070301','YYYYMMDD'), '01400158695', '', '', false);
insert into DiagramParts values('NA32-01_0656-01410158069', 'NA32-01_0656', 02, 'Supplement to owner&apos;s manual, police', 'EN, E60, MJ 04', 1, to_date('20040301','YYYYMMDD'), to_date('20040901','YYYYMMDD'), '01410158069', '', '', false);
insert into DiagramParts values('NA32-01_0656-01410158696', 'NA32-01_0656', 02, 'Supplement to owner&apos;s manual, police', 'EN, E60, E61', 1, to_date('20040901','YYYYMMDD'), to_date('20070301','YYYYMMDD'), '01410158696', '', '', false);
insert into Diagram values('NA32-01_0656','NA32-20021200','01-05','E60 520i   Supplement to owner&apos;s manual, police','');
insert into DiagramParts values('NA32-01_0657-01400158697', 'NA32-01_0657', 01, 'Suppl. Owner&apos;s Manual officials utility', 'DE, E60/61', 1, to_date('20040901','YYYYMMDD'), to_date('20070301','YYYYMMDD'), '01400158697', '', '', false);
insert into Diagram values('NA32-01_0657','NA32-20021200','01-05','E60 520i   Suppl. Owner&apos;s Manual officials utility','');
insert into DiagramParts values('NA32-01_0728-01410157940', 'NA32-01_0728', 02, 'Brief instructions E 60', 'EN', 1, to_date('20030301','YYYYMMDD'), to_date('20040301','YYYYMMDD'), '01410157940', '', '', false);
insert into Diagram values('NA32-01_0728','NA32-20021200','01-05','E60 520i   Brief instructions E60, E61 (incl. M5)','');
insert into Diagram values('NA32-01_0756','NA32-20021200','01-05','E60 520i   Mirror placard','');
insert into Diagram values('NA32-01_0780','NA32-20021200','01-05','E60 520i   Brochure Service Contact, BMW','');
insert into DiagramParts values('NA32-01_0302-01400011822', 'NA32-01_0302', 01, 'Owner&apos;s handbook, telephone &quot;de&quot;', 'SA633, SA644', 1, to_date('20050901','YYYYMMDD'), to_date('20060901','YYYYMMDD'), '01400011822', '', '', false);
insert into DiagramParts values('NA32-01_0302-01400012071', 'NA32-01_0302', 01, 'Owner&apos;s handbook, telephone &quot;de&quot;', 'SA633, SA644', 1, to_date('20060901','YYYYMMDD'), to_date('20070301','YYYYMMDD'), '01400012071', '', '', false);
insert into DiagramParts values('NA32-01_0302-01400013376', 'NA32-01_0302', 01, 'Owner&apos;s handbook, telephone &quot;de&quot;', 'SA633, SA644', 1, to_date('20070301','YYYYMMDD'), to_date('20070901','YYYYMMDD'), '01400013376', '', '', false);
insert into DiagramParts values('NA32-01_0302-01400014355', 'NA32-01_0302', 01, 'Owner&apos;s handbook, telephone &quot;de&quot;', 'SA633, SA644', 1, to_date('20070901','YYYYMMDD'), to_date('20080301','YYYYMMDD'), '01400014355', '', '', false);
insert into DiagramParts values('NA32-01_0302-01410011823', 'NA32-01_0302', 02, 'Owner&apos;s handbook, telephone &quot;en&quot;', 'SA633, SA644', 1, to_date('20050901','YYYYMMDD'), to_date('20060901','YYYYMMDD'), '01410011823', '', '', false);
insert into DiagramParts values('NA32-01_0302-01410012072', 'NA32-01_0302', 02, 'Owner&apos;s handbook, telephone &quot;en&quot;', 'SA633, SA644', 1, to_date('20060901','YYYYMMDD'), to_date('20070301','YYYYMMDD'), '01410012072', '', '', false);
insert into DiagramParts values('NA32-01_0302-01410013377', 'NA32-01_0302', 02, 'Owner&apos;s handbook, telephone &quot;en&quot;', 'SA633, SA644', 1, to_date('20070301','YYYYMMDD'), to_date('20070901','YYYYMMDD'), '01410013377', '', '', false);
insert into DiagramParts values('NA32-01_0302-01410014356', 'NA32-01_0302', 02, 'Owner&apos;s handbook, telephone &quot;en&quot;', 'SA633, SA644', 1, to_date('20070901','YYYYMMDD'), to_date('20080301','YYYYMMDD'), '01410014356', '', '', false);
insert into DiagramParts values('NA32-01_0302-01420011824', 'NA32-01_0302', 03, 'Owner&apos;s handbook, telephone &quot;fr&quot;', 'SA633, SA644', 1, to_date('20050901','YYYYMMDD'), to_date('20060901','YYYYMMDD'), '01420011824', '', '', false);
insert into DiagramParts values('NA32-01_0302-01420012073', 'NA32-01_0302', 03, 'Owner&apos;s handbook, telephone &quot;fr&quot;', 'SA633, SA644', 1, to_date('20060901','YYYYMMDD'), to_date('20070301','YYYYMMDD'), '01420012073', '', '', false);
insert into DiagramParts values('NA32-01_0302-01420013378', 'NA32-01_0302', 03, 'Owner&apos;s handbook, telephone &quot;fr&quot;', 'SA633, SA644', 1, to_date('20070301','YYYYMMDD'), to_date('20070901','YYYYMMDD'), '01420013378', '', '', false);
insert into DiagramParts values('NA32-01_0302-01420014357', 'NA32-01_0302', 03, 'Owner&apos;s handbook, telephone &quot;fr&quot;', 'SA633, SA644', 1, to_date('20070901','YYYYMMDD'), to_date('20080301','YYYYMMDD'), '01420014357', '', '', false);
insert into DiagramParts values('NA32-01_0302-01430011825', 'NA32-01_0302', 04, 'Owner&apos;s handbook, telephone &quot;es&quot;', 'SA633, SA644', 1, to_date('20050901','YYYYMMDD'), to_date('20060901','YYYYMMDD'), '01430011825', '', '', false);
insert into DiagramParts values('NA32-01_0302-01430012074', 'NA32-01_0302', 04, 'Owner&apos;s handbook, telephone &quot;es&quot;', 'SA633, SA644', 1, to_date('20060901','YYYYMMDD'), to_date('20070301','YYYYMMDD'), '01430012074', '', '', false);
insert into DiagramParts values('NA32-01_0302-01430013379', 'NA32-01_0302', 04, 'Owner&apos;s handbook, telephone &quot;es&quot;', 'SA633, SA644', 1, to_date('20070301','YYYYMMDD'), to_date('20070901','YYYYMMDD'), '01430013379', '', '', false);
insert into DiagramParts values('NA32-01_0302-01430014358', 'NA32-01_0302', 04, 'Owner&apos;s handbook, telephone &quot;es&quot;', 'SA633, SA644', 1, to_date('20070901','YYYYMMDD'), to_date('20080301','YYYYMMDD'), '01430014358', '', '', false);
insert into DiagramParts values('NA32-01_0302-01440011826', 'NA32-01_0302', 05, 'Owner&apos;s handbook, telephone &quot;it&quot;', 'SA633, SA644', 1, to_date('20050901','YYYYMMDD'), to_date('20060901','YYYYMMDD'), '01440011826', '', '', false);
insert into DiagramParts values('NA32-01_0302-01440012075', 'NA32-01_0302', 05, 'Owner&apos;s handbook, telephone &quot;it&quot;', 'SA633, SA644', 1, to_date('20060901','YYYYMMDD'), to_date('20070301','YYYYMMDD'), '01440012075', '', '', false);
insert into DiagramParts values('NA32-01_0302-01440013380', 'NA32-01_0302', 05, 'Owner&apos;s handbook, telephone &quot;it&quot;', 'SA633, SA644', 1, to_date('20070301','YYYYMMDD'), to_date('20070901','YYYYMMDD'), '01440013380', '', '', false);
insert into DiagramParts values('NA32-01_0302-01440014359', 'NA32-01_0302', 05, 'Owner&apos;s handbook, telephone &quot;it&quot;', 'SA633, SA644', 1, to_date('20070901','YYYYMMDD'), to_date('20080301','YYYYMMDD'), '01440014359', '', '', false);
insert into DiagramParts values('NA32-01_0302-01450011827', 'NA32-01_0302', 06, 'Owner&apos;s handbook, telephone &quot;sv&quot;', 'SA633, SA644', 1, to_date('20050901','YYYYMMDD'), to_date('20060901','YYYYMMDD'), '01450011827', '', '', false);
insert into DiagramParts values('NA32-01_0302-01450012076', 'NA32-01_0302', 06, 'Owner&apos;s handbook, telephone &quot;sv&quot;', 'SA633, SA644', 1, to_date('20060901','YYYYMMDD'), to_date('20070301','YYYYMMDD'), '01450012076', '', '', false);
insert into DiagramParts values('NA32-01_0302-01450013381', 'NA32-01_0302', 06, 'Owner&apos;s handbook, telephone &quot;sv&quot;', 'SA633, SA644', 1, to_date('20070301','YYYYMMDD'), to_date('20070901','YYYYMMDD'), '01450013381', '', '', false);
insert into DiagramParts values('NA32-01_0302-01450014360', 'NA32-01_0302', 06, 'Owner&apos;s handbook, telephone &quot;sv&quot;', 'SA633, SA644', 1, to_date('20070901','YYYYMMDD'), to_date('20080301','YYYYMMDD'), '01450014360', '', '', false);
insert into DiagramParts values('NA32-01_0302-01460011828', 'NA32-01_0302', 07, 'Owner&apos;s handbook, telephone &quot;nl&quot;', 'SA633, SA644', 1, to_date('20050901','YYYYMMDD'), to_date('20060901','YYYYMMDD'), '01460011828', '', '', false);
insert into DiagramParts values('NA32-01_0302-01460012077', 'NA32-01_0302', 07, 'Owner&apos;s handbook, telephone &quot;nl&quot;', 'SA633, SA644', 1, to_date('20060901','YYYYMMDD'), to_date('20070301','YYYYMMDD'), '01460012077', '', '', false);
insert into DiagramParts values('NA32-01_0302-01460013382', 'NA32-01_0302', 07, 'Owner&apos;s handbook, telephone &quot;nl&quot;', 'SA633, SA644', 1, to_date('20070301','YYYYMMDD'), to_date('20070901','YYYYMMDD'), '01460013382', '', '', false);
insert into DiagramParts values('NA32-01_0302-01460014361', 'NA32-01_0302', 07, 'Owner&apos;s handbook, telephone &quot;nl&quot;', 'SA633, SA644', 1, to_date('20070901','YYYYMMDD'), to_date('20080301','YYYYMMDD'), '01460014361', '', '', false);
insert into DiagramParts values('NA32-01_0302-01470011829', 'NA32-01_0302', 08, 'Owner&apos;s handbook, telephone &quot;ar&quot;', 'SA633, SA644', 1, to_date('20050901','YYYYMMDD'), to_date('20060901','YYYYMMDD'), '01470011829', '', '', false);
insert into DiagramParts values('NA32-01_0302-01470012078', 'NA32-01_0302', 08, 'Owner&apos;s handbook, telephone &quot;ar&quot;', 'SA633, SA644', 1, to_date('20060901','YYYYMMDD'), to_date('20070301','YYYYMMDD'), '01470012078', '', '', false);
insert into DiagramParts values('NA32-01_0302-01470013383', 'NA32-01_0302', 08, 'Owner&apos;s handbook, telephone &quot;ar&quot;', 'SA633, SA644', 1, to_date('20070301','YYYYMMDD'), to_date('20070901','YYYYMMDD'), '01470013383', '', '', false);
insert into DiagramParts values('NA32-01_0302-01470014362', 'NA32-01_0302', 08, 'Owner&apos;s handbook, telephone &quot;ar&quot;', 'SA633, SA644', 1, to_date('20070901','YYYYMMDD'), to_date('20080301','YYYYMMDD'), '01470014362', '', '', false);
insert into DiagramParts values('NA32-01_0302-01480011830', 'NA32-01_0302', 09, 'Owner&apos;s handbook, telephone &quot;da&quot;', 'SA633, SA644', 1, to_date('20050901','YYYYMMDD'), to_date('20060901','YYYYMMDD'), '01480011830', '', '', false);
insert into DiagramParts values('NA32-01_0302-01480012079', 'NA32-01_0302', 09, 'Owner&apos;s handbook, telephone &quot;da&quot;', 'SA633, SA644', 1, to_date('20060901','YYYYMMDD'), to_date('20070301','YYYYMMDD'), '01480012079', '', '', false);
insert into DiagramParts values('NA32-01_0302-01480013384', 'NA32-01_0302', 09, 'Owner&apos;s handbook, telephone &quot;da&quot;', 'SA633, SA644', 1, to_date('20070301','YYYYMMDD'), to_date('20070901','YYYYMMDD'), '01480013384', '', '', false);
insert into DiagramParts values('NA32-01_0302-01480014363', 'NA32-01_0302', 09, 'Owner&apos;s handbook, telephone &quot;da&quot;', 'SA633, SA644', 1, to_date('20070901','YYYYMMDD'), to_date('20080301','YYYYMMDD'), '01480014363', '', '', false);
insert into DiagramParts values('NA32-01_0302-01490011831', 'NA32-01_0302', 10, 'Owner&apos;s handbook, telephone &quot;pt&quot;', 'SA633, SA644', 1, to_date('20050901','YYYYMMDD'), to_date('20060901','YYYYMMDD'), '01490011831', '', '', false);
insert into DiagramParts values('NA32-01_0302-01490012080', 'NA32-01_0302', 10, 'Owner&apos;s handbook, telephone &quot;pt&quot;', 'SA633, SA644', 1, to_date('20060901','YYYYMMDD'), to_date('20070301','YYYYMMDD'), '01490012080', '', '', false);
insert into DiagramParts values('NA32-01_0302-01490013385', 'NA32-01_0302', 10, 'Owner&apos;s handbook, telephone &quot;pt&quot;', 'SA633, SA644', 1, to_date('20070301','YYYYMMDD'), to_date('20070901','YYYYMMDD'), '01490013385', '', '', false);
insert into DiagramParts values('NA32-01_0302-01490014364', 'NA32-01_0302', 10, 'Owner&apos;s handbook, telephone &quot;pt&quot;', 'SA633, SA644', 1, to_date('20070901','YYYYMMDD'), to_date('20080301','YYYYMMDD'), '01490014364', '', '', false);
insert into DiagramParts values('NA32-01_0302-01490011833', 'NA32-01_0302', 13, 'Owner&apos;s handbook, telephone &quot;el&quot;', 'SA633, SA644', 1, to_date('20050901','YYYYMMDD'), to_date('20060901','YYYYMMDD'), '01490011833', '', '', false);
insert into DiagramParts values('NA32-01_0302-01490013387', 'NA32-01_0302', 13, 'Owner&apos;s handbook, telephone &quot;el&quot;', 'SA633, SA644', 1, to_date('20070301','YYYYMMDD'), to_date('20070901','YYYYMMDD'), '01490013387', '', '', false);
insert into DiagramParts values('NA32-01_0302-01490014366', 'NA32-01_0302', 13, 'Owner&apos;s handbook, telephone &quot;el&quot;', 'SA633, SA644', 1, to_date('20070901','YYYYMMDD'), to_date('20080301','YYYYMMDD'), '01490014366', '', '', false);
insert into DiagramParts values('NA32-01_0302-01490011832', 'NA32-01_0302', 14, 'Owner&apos;s handbook, telephone &quot;zh&quot;', 'SA633, SA644', 1, to_date('20050901','YYYYMMDD'), to_date('20060901','YYYYMMDD'), '01490011832', '', '', false);
insert into DiagramParts values('NA32-01_0302-01490013386', 'NA32-01_0302', 14, 'Owner&apos;s handbook, telephone &quot;zh&quot;', 'SA633, SA644', 1, to_date('20070301','YYYYMMDD'), to_date('20070901','YYYYMMDD'), '01490013386', '', '', false);
insert into DiagramParts values('NA32-01_0302-01490014365', 'NA32-01_0302', 14, 'Owner&apos;s handbook, telephone &quot;zh&quot;', 'SA633, SA644', 1, to_date('20070901','YYYYMMDD'), to_date('20080301','YYYYMMDD'), '01490014365', '', '', false);
insert into Diagram values('NA32-01_0302','NA32-20021200','01-14','E60 520i   Universal BMW mobile phone preparat.','');
insert into Diagram values('NA32-01_0568','NA32-20021200','01-14','E60 520i   Tel. Professional E60, E61, E63, E64','');
insert into Diagram values('NA32-01_1128','NA32-20021200','01-19','E60 520i   EC Certificate of Conformity','');
insert into Diagram values('NA32-01_0169','NA32-20021200','01-21','E60 520i   Logbook slipcase BMW','');
insert into Diagram values('NA32-01_1140','NA32-20021200','01-21','E60 520i   Logbook slipcase BMW','');
insert into DiagramParts values('NA32-01_0029-01410157757', 'NA32-01_0029', 01, 'Supplem. to owner&apos;s manual, Australia', 'E60, MJ 04', 1, to_date('20030901','YYYYMMDD'), to_date('20040901','YYYYMMDD'), '01410157757', '', '', false);
insert into DiagramParts values('NA32-01_0029-01410158621', 'NA32-01_0029', 01, 'Supplem. to owner&apos;s manual, Australia', 'E60, MJ 05', 1, to_date('20040901','YYYYMMDD'), to_date('20050301','YYYYMMDD'), '01410158621', '', '', false);
insert into DiagramParts values('NA32-01_0029-01410159386', 'NA32-01_0029', 01, 'Supplem. to owner&apos;s manual, Australia', 'E60, E61 MJ 05', 1, to_date('20050301','YYYYMMDD'), to_date('20050901','YYYYMMDD'), '01410159386', '', '', false);
insert into DiagramParts values('NA32-01_0029-01412600069', 'NA32-01_0029', 01, 'Supplem. to owner&apos;s manual, Australia', 'E60, E61, MJ 06', 1, to_date('20050901','YYYYMMDD'), to_date('20070301','YYYYMMDD'), '01412600069', '', '', false);
insert into DiagramParts values('NA32-01_0029-01412602356', 'NA32-01_0029', 01, 'Supplem. to owner&apos;s manual, Australia', 'EN, E60, E61', 1, to_date('20090301','YYYYMMDD'), to_date('20100601','YYYYMMDD'), '01412602356', '', '', false);
insert into Diagram values('NA32-01_0029','NA32-20021200','01-24','E60 520i   Supplem. to owner&apos;s manual, Australia','');
insert into DiagramParts values('NA32-01_0589-01400158624', 'NA32-01_0589', 01, 'Service booklet, German', 'E60,E61,E63,E64', 1, to_date('20030301','YYYYMMDD'), to_date('20050301','YYYYMMDD'), '01400158624', '', '', false);
insert into DiagramParts values('NA32-01_0589-01402600142', 'NA32-01_0589', 01, 'Service booklet, German', 'E60,E61,E63,E64', 1, to_date('20050301','YYYYMMDD'), to_date('20060901','YYYYMMDD'), '01402600142', '', '', false);
insert into DiagramParts values('NA32-01_0589-01400012181', 'NA32-01_0589', 01, 'Service booklet, German', 'E60,E61,E63,E64', 1, to_date('20060901','YYYYMMDD'), to_date('20070301','YYYYMMDD'), '01400012181', '', '', false);
insert into DiagramParts values('NA32-01_0589-01410158625', 'NA32-01_0589', 02, 'Service booklet, English', 'E60,E61,E63,E64', 1, to_date('20030301','YYYYMMDD'), to_date('20050301','YYYYMMDD'), '01410158625', '', '', false);
insert into DiagramParts values('NA32-01_0589-01412600143', 'NA32-01_0589', 02, 'Service booklet, English', 'E60,E61,E63,E64', 1, to_date('20050301','YYYYMMDD'), to_date('20060901','YYYYMMDD'), '01412600143', '', '', false);
insert into DiagramParts values('NA32-01_0589-01410012182', 'NA32-01_0589', 02, 'Service booklet, English', 'E60,E61,E63,E64', 1, to_date('20060901','YYYYMMDD'), to_date('20070301','YYYYMMDD'), '01410012182', '', '', false);
insert into DiagramParts values('NA32-01_0589-01420158626', 'NA32-01_0589', 03, 'Service booklet, French', 'E60,E61,E63,E64', 1, to_date('20030301','YYYYMMDD'), to_date('20050301','YYYYMMDD'), '01420158626', '', '', false);
insert into DiagramParts values('NA32-01_0589-01422600144', 'NA32-01_0589', 03, 'Service booklet, French', 'E60,E61,E63,E64', 1, to_date('20050301','YYYYMMDD'), to_date('20060901','YYYYMMDD'), '01422600144', '', '', false);
insert into DiagramParts values('NA32-01_0589-01420012183', 'NA32-01_0589', 03, 'Service booklet, French', 'E60,E61,E63,E64', 1, to_date('20060901','YYYYMMDD'), to_date('20070301','YYYYMMDD'), '01420012183', '', '', false);
insert into DiagramParts values('NA32-01_0589-01430158627', 'NA32-01_0589', 04, 'Service booklet, Spanish', 'E60,E61,E63,E64', 1, to_date('20030301','YYYYMMDD'), to_date('20050301','YYYYMMDD'), '01430158627', '', '', false);
insert into DiagramParts values('NA32-01_0589-01432600145', 'NA32-01_0589', 04, 'Service booklet, Spanish', 'E60,E61,E63,E64', 1, to_date('20050301','YYYYMMDD'), to_date('20060901','YYYYMMDD'), '01432600145', '', '', false);
insert into DiagramParts values('NA32-01_0589-01430012184', 'NA32-01_0589', 04, 'Service booklet, Spanish', 'E60,E61,E63,E64', 1, to_date('20060901','YYYYMMDD'), to_date('20070301','YYYYMMDD'), '01430012184', '', '', false);
insert into DiagramParts values('NA32-01_0589-01440158628', 'NA32-01_0589', 05, 'Service booklet, Italian', 'E60,E61,E63,E64', 1, to_date('20030301','YYYYMMDD'), to_date('20050301','YYYYMMDD'), '01440158628', '', '', false);
insert into DiagramParts values('NA32-01_0589-01442600146', 'NA32-01_0589', 05, 'Service booklet, Italian', 'E60,E61,E63,E64', 1, to_date('20050301','YYYYMMDD'), to_date('20060901','YYYYMMDD'), '01442600146', '', '', false);
insert into DiagramParts values('NA32-01_0589-01440012185', 'NA32-01_0589', 05, 'Service booklet, Italian', 'E60,E61,E63,E64', 1, to_date('20060901','YYYYMMDD'), to_date('20070301','YYYYMMDD'), '01440012185', '', '', false);
insert into DiagramParts values('NA32-01_0589-01450158629', 'NA32-01_0589', 06, 'Service booklet, Swedish', 'E60,E61,E63,E64', 1, to_date('20030301','YYYYMMDD'), to_date('20050301','YYYYMMDD'), '01450158629', '', '', false);
insert into DiagramParts values('NA32-01_0589-01452600147', 'NA32-01_0589', 06, 'Service booklet, Swedish', 'E60,E61,E63,E64', 1, to_date('20050301','YYYYMMDD'), to_date('20060901','YYYYMMDD'), '01452600147', '', '', false);
insert into DiagramParts values('NA32-01_0589-01450012186', 'NA32-01_0589', 06, 'Service booklet, Swedish', 'E60,E61,E63,E64', 1, to_date('20060901','YYYYMMDD'), to_date('20070301','YYYYMMDD'), '01450012186', '', '', false);
insert into DiagramParts values('NA32-01_0589-01460158630', 'NA32-01_0589', 07, 'Service booklet, Dutch', 'E60,E61,E63,E64', 1, to_date('20030301','YYYYMMDD'), to_date('20050301','YYYYMMDD'), '01460158630', '', '', false);
insert into DiagramParts values('NA32-01_0589-01462600148', 'NA32-01_0589', 07, 'Service booklet, Dutch', 'E60,E61,E63,E64', 1, to_date('20050301','YYYYMMDD'), to_date('20060901','YYYYMMDD'), '01462600148', '', '', false);
insert into DiagramParts values('NA32-01_0589-01460012187', 'NA32-01_0589', 07, 'Service booklet, Dutch', 'E60,E61,E63,E64', 1, to_date('20060901','YYYYMMDD'), to_date('20070301','YYYYMMDD'), '01460012187', '', '', false);
insert into DiagramParts values('NA32-01_0589-01470158631', 'NA32-01_0589', 08, 'Service booklet, Arabic', 'E60,E61,E63,E64', 1, to_date('20030301','YYYYMMDD'), to_date('20050301','YYYYMMDD'), '01470158631', '', '', false);
insert into DiagramParts values('NA32-01_0589-01472600149', 'NA32-01_0589', 08, 'Service booklet, Arabic', 'E60,E61,E63,E64', 1, to_date('20050301','YYYYMMDD'), to_date('20060901','YYYYMMDD'), '01472600149', '', '', false);
insert into DiagramParts values('NA32-01_0589-01470012188', 'NA32-01_0589', 08, 'Service booklet, Arabic', 'E60,E61,E63,E64', 1, to_date('20060901','YYYYMMDD'), to_date('20070301','YYYYMMDD'), '01470012188', '', '', false);
insert into DiagramParts values('NA32-01_0589-01480158632', 'NA32-01_0589', 09, 'Service booklet, Danish', 'E60,E61,E63,E64', 1, to_date('20030301','YYYYMMDD'), to_date('20050301','YYYYMMDD'), '01480158632', '', '', false);
insert into DiagramParts values('NA32-01_0589-01482600150', 'NA32-01_0589', 09, 'Service booklet, Danish', 'E60,E61,E63,E64', 1, to_date('20050301','YYYYMMDD'), to_date('20060901','YYYYMMDD'), '01482600150', '', '', false);
insert into DiagramParts values('NA32-01_0589-01480012189', 'NA32-01_0589', 09, 'Service booklet, Danish', 'E60,E61,E63,E64', 1, to_date('20060901','YYYYMMDD'), to_date('20070301','YYYYMMDD'), '01480012189', '', '', false);
insert into DiagramParts values('NA32-01_0589-01490158633', 'NA32-01_0589', 10, 'Service booklet, Portuguese', 'E60,E61,E63,E64', 1, to_date('20030301','YYYYMMDD'), to_date('20050301','YYYYMMDD'), '01490158633', '', '', false);
insert into DiagramParts values('NA32-01_0589-01492600151', 'NA32-01_0589', 10, 'Service booklet, Portuguese', 'E60,E61,E63,E64', 1, to_date('20050301','YYYYMMDD'), to_date('20060901','YYYYMMDD'), '01492600151', '', '', false);
insert into DiagramParts values('NA32-01_0589-01490012190', 'NA32-01_0589', 10, 'Service booklet, Portuguese', 'E60,E61,E63,E64', 1, to_date('20060901','YYYYMMDD'), to_date('20070301','YYYYMMDD'), '01490012190', '', '', false);
insert into DiagramParts values('NA32-01_0589-01490158635', 'NA32-01_0589', 11, 'Service booklet, greek', 'E60,E61,E63,E64', 1, to_date('20030301','YYYYMMDD'), to_date('20050301','YYYYMMDD'), '01490158635', '', '', false);
insert into DiagramParts values('NA32-01_0589-01492600153', 'NA32-01_0589', 11, 'Service booklet, greek', 'E60,E61,E63,E64', 1, to_date('20050301','YYYYMMDD'), to_date('20060901','YYYYMMDD'), '01492600153', '', '', false);
insert into DiagramParts values('NA32-01_0589-01490012192', 'NA32-01_0589', 11, 'Service booklet, greek', 'E60,E61,E63,E64', 1, to_date('20060901','YYYYMMDD'), to_date('20070301','YYYYMMDD'), '01490012192', '', '', false);
insert into DiagramParts values('NA32-01_0589-01490158634', 'NA32-01_0589', 12, 'Service booklet, Chinese', 'E60,E61,E63,E64', 1, to_date('20030301','YYYYMMDD'), to_date('20050301','YYYYMMDD'), '01490158634', '', '', false);
insert into DiagramParts values('NA32-01_0589-01492600152', 'NA32-01_0589', 12, 'Service booklet, Chinese', 'E60,E61,E63,E64', 1, to_date('20050301','YYYYMMDD'), to_date('20060901','YYYYMMDD'), '01492600152', '', '', false);
insert into DiagramParts values('NA32-01_0589-01490012191', 'NA32-01_0589', 12, 'Service booklet, Chinese', 'E60,E61,E63,E64', 1, to_date('20060901','YYYYMMDD'), to_date('20070301','YYYYMMDD'), '01490012191', '', '', false);
insert into Diagram values('NA32-01_0589','NA32-20021200','01-26','E60 520i   BMW Service booklet 2004 - 2008','');
insert into Diagram values('NA32-01_0743','NA32-20021200','01-26','E60 520i   BMW Service Manual 2008 - 2011','');
insert into Diagram values('NA32-01_0670','NA32-20021200','01-35','E60 520i   battery charge calendar','');
insert into Diagram values('NA32-01_0681','NA32-20021200','01-40','E60 520i   BMW Service plug unit','');
insert into Diagram values('NA32-01_0680','NA32-20021200','01-46','E60 520i   Service information, BMW','');
insert into Diagram values('NA32-01_0233','NA32-20021200','01-52','E60 520i   Mounting information, Owner&apos;s Manual BMW','');
insert into Diagram values('NA32-01_0299','NA32-20021200','01-52','E60 520i   BMW assembly instructions','');
insert into Diagram values('NA32-01_0635','NA32-20021200','01-60','E60 520i   BMW form','');
insert into Diagram values('NA32-01_0636','NA32-20021200','01-62','E60 520i   Trailer, BMW','');
insert into Diagram values('NA32-01_0637','NA32-20021200','01-64','E60 520i   Sticker, BMW','');
insert into Diagram values('NA32-01_0639','NA32-20021200','01-65','E60 520i   Labels BMW','');
insert into Diagram values('NA32-01_0612','NA32-20021200','01-70','E60 520i   CD/DVD SIP German BMW','');
insert into DiagramParts values('NA32-01_0671-01399789699', 'NA32-01_0671', 01, 'CD literature', 'LITERATUR', 1, to_date('19820901','YYYYMMDD'), to_date('19901201','YYYYMMDD'), '01399789699', '$8.11', '', false);
insert into Diagram values('NA32-01_0671','NA32-20021200','01-70','E60 520i   BMW CD/DVD miscellaneous','');
insert into Diagram values('NA32-01_0737','NA32-20021200','01-70','E60 520i   CD/DVD SIP complete vehicle BMW','');
insert into Diagram values('NA32-01_1172','NA32-20021200','01-70','E60 520i   DVD Web Based Training','');
insert into Diagram values('NA32-01_0854','NA32-20021200','01-94','E60 520i   Sample chart, upholstery colors, leather','');
insert into Diagram values('NA32-01_0954','NA32-20021200','01-94','E60 520i   Sample page, upholstery colors, fabric','');
insert into Diagram values('NA32-01_0955','NA32-20021200','01-94','E60 520i   Sample chart, upholstery colors, leather','');
insert into Diagram values('NA32-01_0957','NA32-20021200','01-94','E60 520i   Sample chart with interior moldings','');
insert into Diagram values('NA32-01_0958','NA32-20021200','01-94','E60 520i   Sample chart with interior moldings','');
insert into Diagram values('NA32-01_0959','NA32-20021200','01-94','E60 520i   Sample chart with interior colors','');
insert into Diagram values('NA32-01_0960','NA32-20021200','01-94','E60 520i   Sample chart with interior colors','');
insert into Diagram values('NA32-11_2226','NA32-20021200','11-05','E60 520i   Short Engine','');
insert into Diagram values('NA32-11_2166','NA32-20021200','11-10','E60 520i   Engine block','');
insert into Diagram values('NA32-11_2167','NA32-20021200','11-10','E60 520i   Engine Block Mounting Parts','');
insert into Diagram values('NA32-11_2168','NA32-20021200','11-10','E60 520i   TIMING CASE','');
insert into Diagram values('NA32-11_2187','NA32-20021200','11-10','E60 520i   OIL PAN/OIL LEVEL INDICATOR','');
insert into Diagram values('NA32-11_2169','NA32-20021200','11-15','E60 520i   Cylinder Head Attached Parts','');
insert into Diagram values('NA32-11_2170','NA32-20021200','11-15','E60 520i   Cylinder Head Vanos','');
insert into Diagram values('NA32-11_2172','NA32-20021200','11-15','E60 520i   Cylinder head cover','');
insert into Diagram values('NA32-11_2194','NA32-20021200','11-15','E60 520i   Crankcase-Ventilation/oil separator','');
insert into DiagramParts values('NA32-11_2213-07119900244', 'NA32-11_2213', 24, 'Gasket ring', 'A10X15-AL', 1, to_date('20030201','YYYYMMDD'), to_date('20040101','YYYYMMDD'), '07119900244', '$0.57', '', false);
insert into Diagram values('NA32-11_2213','NA32-20021200','11-15','E60 520i   Cylinder Head','');
insert into Diagram values('NA32-11_2190','NA32-20021200','11-18','E60 520i   Belt Drive Water Pump/Alternator','');
insert into Diagram values('NA32-11_2263','NA32-20021200','11-18','E60 520i   Belt Drive Climate Compressor','');
insert into Diagram values('NA32-11_2877','NA32-20021200','11-18','E60 520i   Belt Drive-Vibration Damper','');
insert into Diagram values('NA32-11_3510','NA32-20021200','11-18','E60 520i   Belt Drive Water Pump/Alternator','');
insert into Diagram values('NA32-11_1547','NA32-20021200','11-20','E60 520i   Crankshaft With Bearing Shells','');
insert into Diagram values('NA32-11_2010','NA32-20021200','11-20','E60 520i   Crankshaft Connecting Rod','');
insert into Diagram values('NA32-11_2878','NA32-20021200','11-20','E60 520i   Flywheel automatic','');
insert into Diagram values('NA32-11_2925','NA32-20021200','11-20','E60 520i   Crankshaft-Pistons','');
insert into Diagram values('NA32-11_3607','NA32-20021200','11-20','E60 520i   Flywheel / Twin Mass Flywheel','');
insert into Diagram values('NA32-11_1339','NA32-20021200','11-25','E60 520i   Timing - Timing Chain Lower P','');
insert into Diagram values('NA32-11_2171','NA32-20021200','11-25','E60 520i   Valve train,timing chain,upper/intake','');
insert into Diagram values('NA32-11_2182','NA32-20021200','11-25','E60 520i   Valve train,timing chain,upper/outlet','');
insert into Diagram values('NA32-11_2202','NA32-20021200','11-25','E60 520i   Valve Timing Gear - Cam Shaft','');
insert into Diagram values('NA32-11_2201','NA32-20021200','11-30','E60 520i   Lubrication system-Oil filter','');
insert into Diagram values('NA32-11_2868','NA32-20021200','11-30','E60 520i   Lubrication system/Oil pump with drive','');
insert into Diagram values('NA32-11_2180','NA32-20021200','11-35','E60 520i   Waterpump - Thermostat','');
insert into Diagram values('NA32-11_3511','NA32-20021200','11-35','E60 520i   Cooling System Water Hoses','');
insert into Diagram values('NA32-11_2879','NA32-20021200','11-40','E60 520i   Intake manifold system','');
insert into Diagram values('NA32-11_2880','NA32-20021200','11-40','E60 520i   MOUNTING PARTS F INTAKE MANIFOLD SYSTEM','');
insert into Diagram values('NA32-11_3512','NA32-20021200','11-45','E60 520i   Vacuum control - engine','');
insert into Diagram values('NA32-11_3552','NA32-20021200','11-50','E60 520i   EMISSION CONTROL-AIR PUMP','');
insert into Diagram values('NA32-11_5186','NA32-20021200','11-88','E60 520i   Inspection kit I Value Line','');
insert into Diagram values('NA32-11_5187','NA32-20021200','11-88','E60 520i   Inspection kit II Value Line','');
insert into Diagram values('NA32-12_1079','NA32-20021200','12-05','E60 520i   Sensors','');
insert into Diagram values('NA32-12_1104','NA32-20021200','12-05','E60 520i   Ignition coil/spark plug','');
insert into Diagram values('NA32-12_1240','NA32-20021200','12-10','E60 520i   Basic control unit DME / MS45.0','');
insert into Diagram values('NA32-12_1082','NA32-20021200','12-20','E60 520i   COMPACT ALTERNATOR','');
insert into Diagram values('NA32-12_0984','NA32-20021200','12-22','E60 520i   Alternator, individual parts','');
insert into Diagram values('NA32-12_1092','NA32-20021200','12-25','E60 520i   Starter','');
insert into Diagram values('NA32-12_1070','NA32-20021200','12-28','E60 520i   Engine wiring harness, engine module','');
insert into Diagram values('NA32-12_1093','NA32-20021200','12-28','E60 520i   wiring harness, engine ignition module','');
insert into Diagram values('NA32-12_1095','NA32-20021200','12-28','E60 520i   wiring harness, engine trans. module','');
insert into Diagram values('NA32-12_1106','NA32-20021200','12-29','E60 520i   Cable starter','');
insert into Diagram values('NA32-12_1163','NA32-20021200','12-29','E60 520i   BATTERY CABLE/CABLE STARTER','');
insert into Diagram values('NA32-12_1169','NA32-20021200','12-29','E60 520i   DIVERSE SMALL PARTS','');
insert into Diagram values('NA32-12_1376','NA32-20021200','12-30','E60 520i   Interference-suppression band','');
insert into Diagram values('NA32-12_1238','NA32-20021200','12-31','E60 520i   CABLE HOLDER/COVERING','');
insert into Diagram values('NA32-12_1460','NA32-20021200','12-31','E60 520i   DIVERSE SMALL PARTS','');
insert into Diagram values('NA32-12_1249','NA32-20021200','12-32','E60 520i   End cap','');
insert into Diagram values('NA32-12_1162','NA32-20021200','12-35','E60 520i   Integrated supply module','');
insert into Diagram values('NA32-12_1205','NA32-20021200','12-35','E60 520i   RELAY MOTOR','');
insert into Diagram values('NA32-12_1234','NA32-20021200','12-35','E60 520i   Control unit box','');
insert into Diagram values('NA32-13_0900','NA32-20021200','13-15','E60 520i   VALVES/PIPES OF FUEL INJECTION SYSTEM','');
insert into Diagram values('NA32-13_0901','NA32-20021200','13-15','E60 520i   Throttle Housing Assy','');
insert into Diagram values('NA32-13_1030','NA32-20021200','13-15','E60 520i   FUEL TANK BREATHER VALVE','');
insert into Diagram values('NA32-13_1029','NA32-20021200','13-20','E60 520i   Intake muffler/Filter cartridge/HFM','');
insert into Diagram values('NA32-16_0549','NA32-20021200','16-05','E60 520i   Fuel tank/mounting parts','');
insert into Diagram values('NA32-16_0552','NA32-20021200','16-10','E60 520i   Activated Charcoal Filter/FUEL VENTILAT','');
insert into Diagram values('NA32-16_0550','NA32-20021200','16-15','E60 520i   Fuel pipe and scavenging line','');
insert into Diagram values('NA32-16_0553','NA32-20021200','16-15','E60 520i   Fuel pump/Fuel level sensor right','');
insert into Diagram values('NA32-16_0554','NA32-20021200','16-15','E60 520i   Fuel filter /Fuel level sensor left','');
insert into Diagram values('NA32-17_0271','NA32-20021200','17-05','E60 520i   Power steering cooler','');
insert into Diagram values('NA32-17_0272','NA32-20021200','17-05','E60 520i   Cooling water expansion tank','');
insert into Diagram values('NA32-17_0275','NA32-20021200','17-05','E60 520i   Transmission oil cooler line','');
insert into Diagram values('NA32-17_0276','NA32-20021200','17-05','E60 520i   MOUNTING PARTS F RADIATOR','');
insert into Diagram values('NA32-17_0284','NA32-20021200','17-05','E60 520i   Fan shroud/fan','');
insert into Diagram values('NA32-17_0273','NA32-20021200','17-30','E60 520i   Cooling System Water Hoses','');
insert into Diagram values('NA32-17_0274','NA32-20021200','17-30','E60 520i   Cooling System Water Hoses','');
insert into Diagram values('NA32-18_0517','NA32-20021200','18-10','E60 520i   Exhaust manifold with catalyst','');
insert into Diagram values('NA32-18_0518','NA32-20021200','18-10','E60 520i   Lambda Probe Fixings','');
insert into Diagram values('NA32-18_0519','NA32-20021200','18-10','E60 520i   FRONT MUFFLER','');
insert into Diagram values('NA32-18_0520','NA32-20021200','18-20','E60 520i   Exhaust system, rear','');
insert into Diagram values('NA32-21_0182','NA32-20021200','21-05','E60 520i   CLUTCH/TWIN MASS FLYWHEEL','');
insert into Diagram values('NA32-21_0183','NA32-20021200','21-10','E60 520i   Clutch control','');
insert into Diagram values('NA32-22_0091','NA32-20021200','22-05','E60 520i   Engine Suspension','');
insert into Diagram values('NA32-22_0092','NA32-20021200','22-10','E60 520i   Gearbox suspension','');
insert into Diagram values('NA32-23_0918','NA32-20021200','23-05','E60 520i   Manual transmission GS6-37BZ/DZ','');
insert into Diagram values('NA32-23_1034','NA32-20021200','23-10','E60 520i   GEARBOX MOUNTING PARTS','');
insert into Diagram values('NA32-23_1053','NA32-20021200','23-15','E60 520i   GS6-37BZ/DZ Sealing and mount. parts','');
insert into Diagram values('NA32-23_1054','NA32-20021200','23-15','E60 520i   GS6-37BZ/DZ Gear shift components','');
insert into Diagram values('NA32-24_1024','NA32-20021200','24-05','E60 520i   Automatic transmission GA6HP19Z','');
insert into Diagram values('NA32-24_0827','NA32-20021200','24-10','E60 520i   GEARBOX MOUNTING','');
insert into Diagram values('NA32-24_1043','NA32-20021200','24-15','E60 520i   GA6HP19Z housing with mounting parts','');
insert into Diagram values('NA32-24_1044','NA32-20021200','24-15','E60 520i   GA6HP19Z oil pan','');
insert into DiagramParts values('NA32-24_1045-24207571212', 'NA32-24_1045', 05, 'Shaft seal', '28X35,5X5,2', 1, to_date('20020901','YYYYMMDD'), to_date('20110901','YYYYMMDD'), '24207571212', '', 'ENDED', false);
insert into Diagram values('NA32-24_1045','NA32-20021200','24-15','E60 520i   GA6HP19Z output','');
insert into Diagram values('NA32-24_1046','NA32-20021200','24-15','E60 520i   GA6HP19Z Mechatronics','');
insert into Diagram values('NA32-24_1048','NA32-20021200','24-15','E60 520i   GA6HP19Z Mechatronics mounting parts','');
insert into Diagram values('NA32-24_1372','NA32-20021200','24-15','E60 520i   Fluid-change kit, autom. transmission','');
insert into DiagramParts values('NA32-25_0363-25111220439', 'NA32-25_0363', 11, 'Plastic washer', '10X16X0,9', 2, to_date('20031101','YYYYMMDD'), to_date('20050301','YYYYMMDD'), '25111220439', '$0.25', '', false);
insert into Diagram values('NA32-25_0363','NA32-20021200','25-05','E60 520i   Gearbox shifting part','');
insert into Diagram values('NA32-25_0357','NA32-20021200','25-10','E60 520i   GEAR SHIFT KNOBS/SHIFT LEVER COVERINGS','');
insert into Diagram values('NA32-25_0353','NA32-20021200','25-20','E60 520i   AUTOM.TRANSMISS.STEPTRONIC SHIFT PARTS','');
insert into Diagram values('NA32-25_0362','NA32-20021200','25-25','E60 520i   Selector lever handles / Covers','');
insert into Diagram values('NA32-25_0328','NA32-20021200','25-95','E60 520i   Retrofit, leather gearshift knob','');
insert into Diagram values('NA32-25_0424','NA32-20021200','25-95','E60 520i   Retrofit, wooden selector lever knob','');
insert into Diagram values('NA32-25_0425','NA32-20021200','25-95','E60 520i   Retrofit, wooden gearshift knob','');
insert into Diagram values('NA32-26_0184','NA32-20021200','26-05','E60 520i   Drive shaft (constant-velocity joint)','');
insert into Diagram values('NA32-26_0202','NA32-20021200','26-10','E60 520i   DRIVE SHAFT-CEN.BEARING-CONST.VEL.JOINT','');
insert into Diagram values('NA32-31_0655','NA32-20021200','31-05','E60 520i   Frnt axle support,wishbone/tension strut','');
insert into Diagram values('NA32-31_0656','NA32-20021200','31-05','E60 520i   HEADLIGHT VERTICAL AIM CONTROL SENSOR','');
insert into Diagram values('NA32-31_1041','NA32-20021200','31-05','E60 520i   Repair kit for radius rods and wishbones','');
insert into Diagram values('NA32-31_0395','NA32-20021200','31-10','E60 520i   FRONT COIL SPRING','');
insert into Diagram values('NA32-31_0658','NA32-20021200','31-10','E60 520i   Stabilizer, front','');
insert into Diagram values('NA32-31_0660','NA32-20021200','31-10','E60 520i   Front Spring strut/Carrier/Wheel bearing','');
insert into DiagramParts values('NA32-31_0661-51481915964', 'NA32-31_0661', 13, 'EXPANDING RIVET', 'D=7,5', 4, to_date('20040701','YYYYMMDD'), to_date('20041201','YYYYMMDD'), '51481915964', '$0.43', '', false);
insert into Diagram values('NA32-31_0661','NA32-20021200','31-10','E60 520i   GUIDE SUPPORT/SPRING PAD/ATTACHING PARTS','');
insert into Diagram values('NA32-31_1043','NA32-20021200','31-10','E60 520i   Repair kits, anti-roll bar, front','');
insert into Diagram values('NA32-31_1047','NA32-20021200','31-10','E60 520i   Repair kit, wheel bearing, front','');
insert into DiagramParts values('NA32-31_1048-51481915964', 'NA32-31_1048', 08, 'EXPANDING RIVET', 'D=7,5', 4, to_date('20040701','YYYYMMDD'), to_date('20041201','YYYYMMDD'), '51481915964', '$0.43', '', false);
insert into Diagram values('NA32-31_1048','NA32-20021200','31-10','E60 520i   Repair kit for support bearing','');
insert into Diagram values('NA32-32_1420','NA32-20021200','32-10','E60 520i   Hydro steering box','');
insert into Diagram values('NA32-32_1421','NA32-20021200','32-10','E60 520i   Hydro steering box-Active steering (AFS)','');
insert into DiagramParts values('NA32-32_1437-07119904527', 'NA32-32_1437', 04, 'Hex bolt with washer', 'M6X20', 2, to_date('20030801','YYYYMMDD'), to_date('20050901','YYYYMMDD'), '07119904527', '$0.44', '', false);
insert into Diagram values('NA32-32_1437','NA32-20021200','32-10','E60 520i   Ctrl mod./rot. rate sensor act.steering','');
insert into Diagram values('NA32-32_1627','NA32-20021200','32-10','E60 520i   Ctrl mod./rot. rate sensor act.steering','');
insert into Diagram values('NA32-32_1423','NA32-20021200','32-15','E60 520i   Power steering pump','');
insert into Diagram values('NA32-32_1424','NA32-20021200','32-15','E60 520i   Power steering pump/Active steering','');
insert into Diagram values('NA32-32_1431','NA32-20021200','32-20','E60 520i   OIL CARRIER/SINGLE PARTS','');
insert into Diagram values('NA32-32_1432','NA32-20021200','32-20','E60 520i   Oil reservoir/components/Active steering','');
insert into Diagram values('NA32-32_1438','NA32-20021200','32-20','E60 520i   HYDRO STEERING-OIL PIPES','');
insert into Diagram values('NA32-32_1440','NA32-20021200','32-20','E60 520i   HYDRO STEERING-OIL PIPES','');
insert into Diagram values('NA32-32_1443','NA32-20021200','32-20','E60 520i   Power steering/oil pipe/Active steering','');
insert into Diagram values('NA32-32_1444','NA32-20021200','32-20','E60 520i   Power steering/oil pipe/Active steering','');
insert into Diagram values('NA32-32_1422','NA32-20021200','32-25','E60 520i   STEERING LINKAGE/TIE RODS','');
insert into Diagram values('NA32-32_1434','NA32-20021200','32-30','E60 520i   Steering column man.adjust./Mount. parts','');
insert into Diagram values('NA32-32_1435','NA32-20021200','32-30','E60 520i   Electron.steer. column adj./add-on parts','');
insert into Diagram values('NA32-32_1436','NA32-20021200','32-35','E60 520i   Steering wheel Airbag-Smart multifunct.','');
insert into Diagram values('NA32-32_1462','NA32-20021200','32-35','E60 520i   Sport st.whl.airbag-smart /Multifunction','');
insert into Diagram values('NA32-32_1552','NA32-20021200','32-35','E60 520i   M sports strng whl,airb.-smart,multifunc','');
insert into DiagramParts values('NA32-32_1501-32340409261', 'NA32-32_1501', 01, 'Airbag sport st. whl. lthr multifunction', 'RUTHENIUM', 1, to_date('20050901','YYYYMMDD'), to_date('20070301','YYYYMMDD'), '32340409261', '$760.81', 'See EBA 0032571', false);
insert into DiagramParts values('NA32-32_1501-32340409259', 'NA32-32_1501', 01, 'Airbag sport st. whl. lthr multifunction', 'RUTHENIUM', 1, to_date('20050901','YYYYMMDD'), to_date('20070301','YYYYMMDD'), '32340409259', '$583.07', 'See EBA 0032571', false);
insert into Diagram values('NA32-32_1501','NA32-20021200','32-95','E60 520i   Modificat.standard strng whl MFL =>Sport','');
insert into Diagram values('NA32-32_1648','NA32-20021200','32-95','E60 520i   Set of decorative clips','');
insert into Diagram values('NA32-33_1161','NA32-20021200','33-05','E60 520i   DIFFERENTIAL-DRIVE/OUTPUT','');
insert into Diagram values('NA32-33_1162','NA32-20021200','33-10','E60 520i   Final drive, gasket set','');
insert into Diagram values('NA32-33_1213','NA32-20021200','33-25','E60 520i   Output shaft','');
insert into Diagram values('NA32-33_1165','NA32-20021200','33-30','E60 520i   REAR AXLE SUPPORT/WHEEL SUSPENSION','');
insert into Diagram values('NA32-33_1168','NA32-20021200','33-30','E60 520i   HEADLIGHT VERTICAL AIM CONTROL SENSOR','');
insert into Diagram values('NA32-33_1174','NA32-20021200','33-30','E60 520i   REAR AXLE CARRIER','');
insert into Diagram values('NA32-33_1717','NA32-20021200','33-30','E60 520i   Repair kit for ball joint','');
insert into Diagram values('NA32-33_1718','NA32-20021200','33-30','E60 520i   Repair kits for guide rod, wishbone','');
insert into Diagram values('NA32-33_1169','NA32-20021200','33-40','E60 520i   SIDE SHAFT/WHEEL BEARINGS','');
insert into Diagram values('NA32-33_1719','NA32-20021200','33-40','E60 520i   Repair kit for wheel bearing, rear','');
insert into Diagram values('NA32-33_0857','NA32-20021200','33-45','E60 520i   REAR COIL SPRING','');
insert into Diagram values('NA32-33_1170','NA32-20021200','33-45','E60 520i   REAR SPRING STRUT MOUNTING PARTS','');
insert into Diagram values('NA32-33_1171','NA32-20021200','33-45','E60 520i   Stabilizer, rear','');
insert into Diagram values('NA32-33_1339','NA32-20021200','33-95','E60 520i   Retrofit kit M sports suspension','');
insert into Diagram values('NA32-33_1563','NA32-20021200','33-95','E60 520i   Single parts for Sport suspension','');
insert into Diagram values('NA32-34_1324','NA32-20021200','34-05','E60 520i   Front brake pad wear sensor','');
insert into Diagram values('NA32-34_1388','NA32-20021200','34-05','E60 520i   Front brake pad wear sensor','');
insert into Diagram values('NA32-34_2086','NA32-20021200','34-05','E60 520i   Service Kit for brake pads / Value Line','');
insert into Diagram values('NA32-34_1325','NA32-20021200','34-07','E60 520i   Front brake-brake disc','');
insert into Diagram values('NA32-34_1326','NA32-20021200','34-10','E60 520i   Rear brake pad wear sensor','');
insert into Diagram values('NA32-34_1327','NA32-20021200','34-12','E60 520i   Rear wheel brake-Brake disc','');
insert into Diagram values('NA32-34_1328','NA32-20021200','34-15','E60 520i   Brake pipe, front','');
insert into Diagram values('NA32-34_1330','NA32-20021200','34-15','E60 520i   Brake pipe, front','');
insert into Diagram values('NA32-34_1332','NA32-20021200','34-17','E60 520i   Brake pipe rear','');
insert into Diagram values('NA32-34_1334','NA32-20021200','34-18','E60 520i   BRAKE PIPE REAR/MOUNTING','');
insert into Diagram values('NA32-34_1347','NA32-20021200','34-18','E60 520i   FRONT BRAKE PIPE / MOUNTING','');
insert into Diagram values('NA32-34_1348','NA32-20021200','34-18','E60 520i   FRONT BRAKE PIPE / MOUNTING','');
insert into Diagram values('NA32-34_1335','NA32-20021200','34-20','E60 520i   Hydro unit DSC/control unit/fastening','');
insert into Diagram values('NA32-34_1337','NA32-20021200','34-25','E60 520i   BRAKE MASTER CYLINDER/EXPANSION TANK','');
insert into Diagram values('NA32-34_1338','NA32-20021200','34-27','E60 520i   Power brake unit depression','');
insert into Diagram values('NA32-34_1339','NA32-20021200','34-27','E60 520i   Power brake unit depression','');
insert into Diagram values('NA32-34_1340','NA32-20021200','34-30','E60 520i   Handbrake lever','');
insert into Diagram values('NA32-34_1341','NA32-20021200','34-40','E60 520i   PARKING BRAKE/BRAKE SHOES','');
insert into Diagram values('NA32-34_1964','NA32-20021200','34-40','E60 520i   Service Kit for brake shoes / Value Line','');
insert into Diagram values('NA32-34_1384','NA32-20021200','34-95','E60 520i   Retrofit, handbrake handle','');
insert into Diagram values('NA32-34_1562','NA32-20021200','34-95','E60 520i   Handbrake grip with chrome inlay','');
insert into Diagram values('NA32-35_0286','NA32-20021200','35-05','E60 520i   Pedal assembly','');
insert into Diagram values('NA32-35_0288','NA32-20021200','35-05','E60 520i   Foot lever mech. with return spring','');
insert into Diagram values('NA32-35_0274','NA32-20021200','35-20','E60 520i   Acceleration/accelerator pedal module','');
insert into Diagram values('NA32-35_0315','NA32-20021200','35-95','E60 520i   Set of high-grade steel pedal covers','');
insert into Diagram values('NA32-35_0377','NA32-20021200','35-95','E60 520i   Aluminum pedal covers','');
insert into Diagram values('NA32-36_0718','NA32-20021200','36-10','E60 520i   BLACK STEEL EMERGENCY WHEEL','');
insert into Diagram values('NA32-36_0889','NA32-20021200','36-10','E60 520i   STEEL RIM STYL.12','');
insert into Diagram values('NA32-36_0667','NA32-20021200','36-15','E60 520i   BMW LA wheel, star spoke 115','');
insert into Diagram values('NA32-36_0668','NA32-20021200','36-15','E60 520i   BMW LA wheel/double spoke 116','');
insert into Diagram values('NA32-36_0669','NA32-20021200','36-15','E60 520i   BMW LA wheel, star spoke 122','');
insert into Diagram values('NA32-36_0670','NA32-20021200','36-15','E60 520i   BMW LA wheel, star spoke 123','');
insert into Diagram values('NA32-36_0671','NA32-20021200','36-15','E60 520i   BMW LA wheel, star spoke 124','');
insert into Diagram values('NA32-36_0672','NA32-20021200','36-15','E60 520i   BMW alloy wheel, trapezoid spoke 134','');
insert into Diagram values('NA32-36_0673','NA32-20021200','36-15','E60 520i   BMW light alloy wheel, spider spoke 138','');
insert into Diagram values('NA32-36_0676','NA32-20021200','36-15','E60 520i   BMW light alloy wheel, radial spoke 32','');
insert into Diagram values('NA32-36_0677','NA32-20021200','36-15','E60 520i   BMW light alloy wheel, radial spoke 50','');
insert into Diagram values('NA32-36_0678','NA32-20021200','36-15','E60 520i   BMW composite wheel, double spoke 71','');
insert into Diagram values('NA32-36_0679','NA32-20021200','36-15','E60 520i   BMW LA wheel, star spoke 89','');
insert into Diagram values('NA32-36_0680','NA32-20021200','36-15','E60 520i   BMW compound wheel M cross spoke 101','');
insert into Diagram values('NA32-36_0681','NA32-20021200','36-15','E60 520i   BMW LA wheel/double spoke 125','');
insert into Diagram values('NA32-36_0683','NA32-20021200','36-15','E60 520i   BMW light alloy wheel, cross spoke 144','');
insert into Diagram values('NA32-36_0755','NA32-20021200','36-15','E60 520i   BMW alloy wheel, double spoke 129','');
insert into Diagram values('NA32-36_0761','NA32-20021200','36-15','E60 520i   BMW LA Individual wheel V-spoke 152','');
insert into DiagramParts values('NA32-36_0813-36118036570', 'NA32-36_0813', 02, 'Disc wheel, light alloy, reflex-silber', '8JX18     ET:20', 4, to_date('20050201','YYYYMMDD'), to_date('20070301','YYYYMMDD'), '36118036570', '', 'ENDED', false);
insert into Diagram values('NA32-36_0813','NA32-20021200','36-15','E60 520i   BMW alloy wheel, M double spoke 135','');
insert into Diagram values('NA32-36_0814','NA32-20021200','36-15','E60 520i   BMW alloy wheel, M double spoke 172','');
insert into Diagram values('NA32-36_0911','NA32-20021200','36-15','E60 520i   BMW alloy wheel, M double spoke 184','');
insert into Diagram values('NA32-36_0949','NA32-20021200','36-15','E60 520i   BMW Composite wheel, star spoke 179','');
insert into Diagram values('NA32-36_0965','NA32-20021200','36-15','E60 520i   BMW LA forged wheel Radial Spoke 190','');
insert into Diagram values('NA32-36_1090','NA32-20021200','36-15','E60 520i   BMW LA wheel, star spoke 242','');
insert into Diagram values('NA32-36_1091','NA32-20021200','36-15','E60 520i   BMW LA wheel, star spoke 243','');
insert into Diagram values('NA32-36_1092','NA32-20021200','36-15','E60 520i   BMW LA wheel, radial spoke 244','');
insert into Diagram values('NA32-36_1093','NA32-20021200','36-15','E60 520i   BMW light alloy wheel, V-spoke 245','');
insert into Diagram values('NA32-36_1094','NA32-20021200','36-15','E60 520i   BMW LA wheel, star spoke 246','');
insert into Diagram values('NA32-36_1095','NA32-20021200','36-15','E60 520i   BMW LA wheel, dual spoke 247','');
insert into Diagram values('NA32-36_1122','NA32-20021200','36-15','E60 520i   BMW LA wheel Individual w. V spokes 228','');
insert into Diagram values('NA32-36_1231','NA32-20021200','36-15','E60 520i   BMW LA wheel, double spoke 278','');
insert into Diagram values('NA32-36_1232','NA32-20021200','36-15','E60 520i   BMW LA wheel, V-spoke 277','');
insert into Diagram values('NA32-36_1300','NA32-20021200','36-15','E60 520i   BMW light alloy wheel, spider spoke 128','');
insert into Diagram values('NA32-36_1327','NA32-20021200','36-15','E60 520i   BMW Performance LA wheel/double spoke269','');
insert into Diagram values('NA32-36_1343','NA32-20021200','36-15','E60 520i   BMW LA cast wheel Radial Spoke 190','');
insert into Diagram values('NA32-36_0716','NA32-20021200','36-20','E60 520i   Balance weight, lead','');
insert into Diagram values('NA32-36_0884','NA32-20021200','36-20','E60 520i   Balance weight, zinc','');
insert into Diagram values('NA32-36_0312','NA32-20021200','36-25','E60 520i   WHEEL BOLT LOCK WITH ADAPTOR','');
insert into Diagram values('NA32-36_0733','NA32-20021200','36-25','','');
insert into Diagram values('NA32-36_1032','NA32-20021200','36-25','E60 520i   SET WHEEL LOCKS','');
insert into Diagram values('NA32-36_0692','NA32-20021200','36-30','E60 520i   Summer tires','');
insert into Diagram values('NA32-36_1074','NA32-20021200','36-30','E60 520i   Winter tires','');
insert into Diagram values('NA32-36_0766','NA32-20021200','36-95','E60 520i   Winter complete wheel double spoke 116','');
insert into Diagram values('NA32-36_0767','NA32-20021200','36-95','E60 520i   Winter wheel/tire, steel','');
insert into Diagram values('NA32-36_0768','NA32-20021200','36-95','E60 520i   Winter complete wheel star spoke 115','');
insert into Diagram values('NA32-36_0769','NA32-20021200','36-95','E60 520i   Winter complete wheel trapezoid spoke134','');
insert into Diagram values('NA32-36_0770','NA32-20021200','36-95','E60 520i   Radial spoke 50 complete winter wheel','');
insert into Diagram values('NA32-36_0772','NA32-20021200','36-95','E60 520i   Winter complete wheel star spoke 138','');
insert into Diagram values('NA32-36_0916','NA32-20021200','36-95','E60 520i   Retrofit emergency wheel','');
insert into Diagram values('NA32-36_0921','NA32-20021200','36-95','E60 520i   Winter complete wheel star spoke 122','');
insert into Diagram values('NA32-36_1157','NA32-20021200','36-95','E60 520i   Winter complete wheel, star-spoke 243','');
insert into Diagram values('NA32-41_1467','NA32-20021200','41-05','E60 520i   Body skeleton','');
insert into Diagram values('NA32-41_1470','NA32-20021200','41-10','E60 520i   Front side panel','');
insert into Diagram values('NA32-41_1480','NA32-20021200','41-10','E60 520i   FRONT BODY BRACKET LEFT','');
insert into Diagram values('NA32-41_1481','NA32-20021200','41-10','E60 520i   FRONT BODY BRACKET RIGHT','');
insert into Diagram values('NA32-41_1545','NA32-20021200','41-10','E60 520i   WHEELHOUSE/ENGINE SUPPORT','');
insert into Diagram values('NA32-41_1546','NA32-20021200','41-10','E60 520i   SPLASH WALL PARTS','');
insert into Diagram values('NA32-41_1549','NA32-20021200','41-10','E60 520i   Connect. pcs. front structure/side frame','');
insert into Diagram values('NA32-41_1577','NA32-20021200','41-10','E60 520i   FRONT PANEL','');
insert into Diagram values('NA32-41_1672','NA32-20021200','41-10','E60 520i   Repair elements for front end','');
insert into Diagram values('NA32-41_1466','NA32-20021200','41-20','E60 520i   Partition trunk','');
insert into Diagram values('NA32-41_1547','NA32-20021200','41-20','E60 520i   BODY-SIDE FRAME','');
insert into Diagram values('NA32-41_1548','NA32-20021200','41-20','E60 520i   SINGLE COMPONENTS FOR BODY-SIDE FRAME','');
insert into Diagram values('NA32-41_1553','NA32-20021200','41-20','E60 520i   Cavity shielding, side frame','');
insert into Diagram values('NA32-41_1544','NA32-20021200','41-25','E60 520i   FILL-IN FLAP','');
insert into Diagram values('NA32-41_1551','NA32-20021200','41-25','E60 520i   Mounting parts for trunk floor panel','');
insert into Diagram values('NA32-41_1552','NA32-20021200','41-25','E60 520i   REAR WHEELHOUSE/FLOOR PARTS','');
insert into Diagram values('NA32-41_1554','NA32-20021200','41-25','E60 520i   SIDE PANEL/TAIL TRIM','');
insert into Diagram values('NA32-41_1469','NA32-20021200','41-30','E60 520i   Roof','');
insert into Diagram values('NA32-41_1471','NA32-20021200','41-35','E60 520i   ENGINE HOOD/MOUNTING PARTS','');
insert into Diagram values('NA32-41_1472','NA32-20021200','41-40','E60 520i   FRONT DOOR-HINGE/DOOR BRAKE','');
insert into Diagram values('NA32-41_1507','NA32-20021200','41-40','E60 520i   Key with accumulator battery','');
insert into Diagram values('NA32-41_1509','NA32-20021200','41-40','E60 520i   Door weatherstrip front','');
insert into Diagram values('NA32-41_1536','NA32-20021200','41-40','E60 520i   FRONT DOOR CONTROL/DOOR LOCK','');
insert into DiagramParts values('NA32-41_1639-51210032903', 'NA32-41_1639', 04, 'Set of keys with CAS control unit', '868 MHZ', 1, to_date('20050901','YYYYMMDD'), to_date('20070301','YYYYMMDD'), '51210032903', '', '', false);
insert into Diagram values('NA32-41_1639','NA32-20021200','41-40','E60 520i   Radio remote control','');
insert into Diagram values('NA32-41_1473','NA32-20021200','41-45','E60 520i   Door rear, hinge/door brake','');
insert into Diagram values('NA32-41_1535','NA32-20021200','41-45','E60 520i   Door weatherstrip rear','');
insert into Diagram values('NA32-41_1537','NA32-20021200','41-45','E60 520i   REAR DOOR CONTROL/DOOR LOCK','');
insert into Diagram values('NA32-41_1508','NA32-20021200','41-50','E60 520i   Master key locking','');
insert into Diagram values('NA32-41_1474','NA32-20021200','41-60','E60 520i   SINGLE COMPONENTS FOR TRUNK LID','');
insert into Diagram values('NA32-41_1555','NA32-20021200','41-60','E60 520i   TRUNK LID/CLOSING SYSTEM','');
insert into Diagram values('NA32-41_1669','NA32-20021200','41-60','E60 520i   M Rear spoiler','');
insert into Diagram values('NA32-41_1468','NA32-20021200','41-65','E60 520i   MECHANICAL CONNECTION ELEMENTS','');
insert into Diagram values('NA32-51_4903','NA32-20021200','51-05','E60 520i   Glazing','');
insert into Diagram values('NA32-51_4936','NA32-20021200','51-05','E60 520i   GLAZING SINGLE PARTS','');
insert into Diagram values('NA32-51_4904','NA32-20021200','51-10','E60 520i   EL.FRONT DOOR WINDOW LIFTING MECHANISM','');
insert into Diagram values('NA32-51_4924','NA32-20021200','51-10','E60 520i   Mirror glas, basic','');
insert into Diagram values('NA32-51_4925','NA32-20021200','51-10','E60 520i   Mirror glas, electrochrome','');
insert into Diagram values('NA32-51_5025','NA32-20021200','51-10','E60 520i   Outside mirror, basic','');
insert into Diagram values('NA32-51_5026','NA32-20021200','51-10','E60 520i   Outs. mirror,electrochr.+ fold-in SA 430','');
insert into Diagram values('NA32-51_5056','NA32-20021200','51-10','E60 520i   Mounting parts, outside mirror','');
insert into DiagramParts values('NA32-51_6001-51167189536', 'NA32-51_6001', 01, 'Outside mirror w/out glass heated right', 'GLANZSCHWARZ', 1, to_date('20070301','YYYYMMDD'), to_date('20090801','YYYYMMDD'), '51167189536', '', '', false);
insert into Diagram values('NA32-51_6001','NA32-20021200','51-10','E60 520i   Outside mirror, basic','');
insert into Diagram values('NA32-51_4905','NA32-20021200','51-12','E60 520i   EL.REAR DOOR WINDOW LIFTING MECHANISM','');
insert into DiagramParts values('NA32-51_4913-51117142056', 'NA32-51_4913', 15, 'Grid lateral right', 'ACC', 1, to_date('20040901','YYYYMMDD'), to_date('20070301','YYYYMMDD'), '51117142056', '$30.13', '', false);
insert into Diagram values('NA32-51_4913','NA32-20021200','51-15','E60 520i   Trim panel, bumper, front','');
insert into Diagram values('NA32-51_4914','NA32-20021200','51-15','E60 520i   Carrier, bumper front','');
insert into Diagram values('NA32-51_4915','NA32-20021200','51-15','E60 520i   Bumper trim panel, rear','');
insert into Diagram values('NA32-51_4919','NA32-20021200','51-15','E60 520i   Support/fixture rear bumper panel','');
insert into Diagram values('NA32-51_5675','NA32-20021200','51-15','E60 520i   M Trim panel, bumper, front(SA715)','');
insert into Diagram values('NA32-51_5681','NA32-20021200','51-15','E60 520i   M Trim panel, bumper, rear (SA715)','');
insert into Diagram values('NA32-51_4910','NA32-20021200','51-20','E60 520i   Emblems / letterings','');
insert into Diagram values('NA32-51_4932','NA32-20021200','51-20','E60 520i   Grille','');
insert into Diagram values('NA32-51_4933','NA32-20021200','51-20','E60 520i   Door sill cover','');
insert into Diagram values('NA32-51_5031','NA32-20021200','51-20','E60 520i   Exterior covers / door front','');
insert into Diagram values('NA32-51_5032','NA32-20021200','51-20','E60 520i   Exterior covers / door rear','');
insert into Diagram values('NA32-51_5033','NA32-20021200','51-20','E60 520i   Roof molding','');
insert into Diagram values('NA32-51_5784','NA32-20021200','51-20','E60 520i   M Cover door sill','');
insert into Diagram values('NA32-51_5793','NA32-20021200','51-25','E60 520i   Police and Paramedic sticker','');
insert into DiagramParts values('NA32-51_4928-51457156292', 'NA32-51_4928', 01, 'Trim panel dashboard', 'GRAU', 1, to_date('20050301','YYYYMMDD'), to_date('20050901','YYYYMMDD'), '51457156292', '', '', false);
insert into DiagramParts values('NA32-51_4928-51457156293', 'NA32-51_4928', 01, 'Trim panel dashboard', 'BEIGE', 1, to_date('20050301','YYYYMMDD'), to_date('20050901','YYYYMMDD'), '51457156293', '$887.03', '', false);
insert into DiagramParts values('NA32-51_4928-51457156294', 'NA32-51_4928', 01, 'Trim panel dashboard', 'TRFFELBRAUN', 1, to_date('20050301','YYYYMMDD'), to_date('20050901','YYYYMMDD'), '51457156294', '', '', false);
insert into DiagramParts values('NA32-51_4928-51457156313', 'NA32-51_4928', 01, 'Trim panel dashboard', 'BEIGE', 1, to_date('20050301','YYYYMMDD'), to_date('20050901','YYYYMMDD'), '51457156313', '', '', false);
insert into DiagramParts values('NA32-51_4928-51457156314', 'NA32-51_4928', 01, 'Trim panel dashboard', 'TRFFELBRAUN', 1, to_date('20050301','YYYYMMDD'), to_date('20050901','YYYYMMDD'), '51457156314', '', '', false);
insert into DiagramParts values('NA32-51_4928-51457156312', 'NA32-51_4928', 01, 'Trim panel dashboard', 'GRAU', 1, to_date('20050301','YYYYMMDD'), to_date('20050901','YYYYMMDD'), '51457156312', '', '', false);
insert into Diagram values('NA32-51_4928','NA32-20021200','51-30','E60 520i   Trim panel dashboard','');
insert into Diagram values('NA32-51_5066','NA32-20021200','51-30','E60 520i   Mounting parts, I-panel, bottom','');
insert into Diagram values('NA32-51_5110','NA32-20021200','51-30','E60 520i   GLOVE BOX','');
insert into Diagram values('NA32-51_5128','NA32-20021200','51-30','E60 520i   Cup holder','');
insert into Diagram values('NA32-51_5213','NA32-20021200','51-30','E60 520i   Carrier instrument panel','');
insert into Diagram values('NA32-51_6631','NA32-20021200','51-30','E60 520i   Trim panel dashboard','');
insert into Diagram values('NA32-51_5111','NA32-20021200','51-35','E60 520i   Center console','');
insert into Diagram values('NA32-51_5114','NA32-20021200','51-35','E60 520i   Center arm rest, oddments trays','');
insert into Diagram values('NA32-51_5116','NA32-20021200','51-35','E60 520i   Decor trims, centre console','');
insert into Diagram values('NA32-51_5807','NA32-20021200','51-35','E60 520i   Mounting parts, center console, rear','');
insert into Diagram values('NA32-51_5020','NA32-20021200','51-40','E60 520i   Sun visor','');
insert into Diagram values('NA32-51_5129','NA32-20021200','51-40','E60 520i   Interior mirror','');
insert into Diagram values('NA32-51_5135','NA32-20021200','51-40','E60 520i   Headlining / Handle','');
insert into Diagram values('NA32-51_5136','NA32-20021200','51-40','E60 520i   Parcel shelf, electr.sun blind','');
insert into Diagram values('NA32-51_5146','NA32-20021200','51-40','E60 520i   Trim panel A- / B- / C-Column','');
insert into Diagram values('NA32-51_5500','NA32-20021200','51-40','E60 520i   Tandem interior mirror','');
insert into Diagram values('NA32-51_5084','NA32-20021200','51-45','E60 520i   Real Maplewood finish high gloss','');
insert into Diagram values('NA32-51_5085','NA32-20021200','51-45','E60 520i   Real Poplarwood finish high gloss','');
insert into DiagramParts values('NA32-51_5086-51456951054', 'NA32-51_5086', 01, 'Decorative strip, alum., I-panel, right', 'FEINSCHLIFF', 1, to_date('20040901','YYYYMMDD'), to_date('20050901','YYYYMMDD'), '51456951054', '', '+core', false);
insert into Diagram values('NA32-51_5086','NA32-20021200','51-45','E60 520i   Decorative strips Aluminium','');
insert into Diagram values('NA32-51_5087','NA32-20021200','51-45','E60 520i   Decorative strip titan II dunkel','');
insert into Diagram values('NA32-51_5501','NA32-20021200','51-45','E60 520i   Light real poplar wood trim','');
insert into Diagram values('NA32-51_5686','NA32-20021200','51-45','E60 520i   Decorative panel, Alu Cube pure','');
insert into Diagram values('NA32-51_6677','NA32-20021200','51-45','E60 520i   Light real poplar wood trim','');
insert into Diagram values('NA32-51_6680','NA32-20021200','51-45','E60 520i   Decorative panel, Alu Cube pure','');
insert into Diagram values('NA32-51_5005','NA32-20021200','51-50','E60 520i   Door trim panel, front / side airbag','');
insert into Diagram values('NA32-51_5044','NA32-20021200','51-50','E60 520i   Door trim, rear','');
insert into DiagramParts values('NA32-51_5048-51427079517', 'NA32-51_5048', 01, 'DOOR LINING LEATHER REAR LEFT', 'SCHWARZ', 1, to_date('20041001','YYYYMMDD'), to_date('20050901','YYYYMMDD'), '51427079517', '$1,026.72', '+core', false);
insert into DiagramParts values('NA32-51_5048-51427079518', 'NA32-51_5048', 01, 'DOOR LINING LEATHER REAR RIGHT', 'SCHWARZ', 1, to_date('20041001','YYYYMMDD'), to_date('20050901','YYYYMMDD'), '51427079518', '$1,026.72', '+core', false);
insert into DiagramParts values('NA32-51_5048-51427079519', 'NA32-51_5048', 01, 'DOOR LINING LEATHER REAR LEFT', 'BEIGE', 1, to_date('20041001','YYYYMMDD'), to_date('20050901','YYYYMMDD'), '51427079519', '', '+core', false);
insert into DiagramParts values('NA32-51_5048-51427079520', 'NA32-51_5048', 01, 'DOOR LINING LEATHER REAR RIGHT', 'BEIGE', 1, to_date('20041001','YYYYMMDD'), to_date('20050901','YYYYMMDD'), '51427079520', '', '+core', false);
insert into DiagramParts values('NA32-51_5048-51427079526', 'NA32-51_5048', 01, 'DOOR LINING LEATHER REAR RIGHT', 'BEIGE', 1, to_date('20041001','YYYYMMDD'), to_date('20050901','YYYYMMDD'), '51427079526', '$1,051.83', '+core', false);
insert into DiagramParts values('NA32-51_5048-51427079524', 'NA32-51_5048', 01, 'DOOR LINING LEATHER REAR RIGHT', 'SCHWARZ', 1, to_date('20041001','YYYYMMDD'), to_date('20050901','YYYYMMDD'), '51427079524', '$1,101.41', '+core', false);
insert into DiagramParts values('NA32-51_5048-51427079530', 'NA32-51_5048', 01, 'DOOR LINING LEATHER REAR RIGHT', 'SCHWARZ', 1, to_date('20041001','YYYYMMDD'), to_date('20050901','YYYYMMDD'), '51427079530', '$1,051.83', '+core', false);
insert into DiagramParts values('NA32-51_5048-51427079532', 'NA32-51_5048', 01, 'DOOR LINING LEATHER REAR RIGHT', 'BEIGE', 1, to_date('20041001','YYYYMMDD'), to_date('20050901','YYYYMMDD'), '51427079532', '$1,026.72', '+core', false);
insert into Diagram values('NA32-51_5048','NA32-20021200','51-50','E60 520i   Door trim panel rear / Side airbag','');
insert into Diagram values('NA32-51_5117','NA32-20021200','51-50','E60 520i   Roller sun vizor, rear door','');
insert into Diagram values('NA32-51_6558','NA32-20021200','51-50','E60 520i   Door trim panel, front / side airbag','');
insert into Diagram values('NA32-51_6567','NA32-20021200','51-50','E60 520i   Door trim, rear','');
insert into Diagram values('NA32-51_6573','NA32-20021200','51-50','E60 520i   Door trim panel rear / Side airbag','');
insert into Diagram values('NA32-51_5112','NA32-20021200','51-55','E60 520i   Floor mats, velours','');
insert into Diagram values('NA32-51_5118','NA32-20021200','51-55','E60 520i   FLOOR COVERING','');
insert into Diagram values('NA32-51_5119','NA32-20021200','51-55','E60 520i   Edge protector / Trim for entry','');
insert into Diagram values('NA32-51_5145','NA32-20021200','51-55','E60 520i   TRIM PANEL LEG ROOM','');
insert into Diagram values('NA32-51_5796','NA32-20021200','51-55','E60 520i   Floor mat, rubber','');
insert into Diagram values('NA32-51_5126','NA32-20021200','51-65','E60 520i   Trunk trim panel','');
insert into Diagram values('NA32-51_5147','NA32-20021200','51-70','E60 520i   SOUND INSULATING FRONT','');
insert into Diagram values('NA32-51_5148','NA32-20021200','51-70','E60 520i   SOUND INSULATING REAR','');
insert into Diagram values('NA32-51_5154','NA32-20021200','51-70','E60 520i   Heat insulation','');
insert into Diagram values('NA32-51_5089','NA32-20021200','51-75','E60 520i   Underride portection, front','');
insert into Diagram values('NA32-51_5211','NA32-20021200','51-75','E60 520i   Underfloor coating','');
insert into Diagram values('NA32-51_5212','NA32-20021200','51-75','E60 520i   Air duct','');
insert into Diagram values('NA32-51_5152','NA32-20021200','51-80','E60 520i   Reinforcement, body','');
insert into Diagram values('NA32-51_5196','NA32-20021200','51-80','E60 520i   Sealing cap/plug','');
insert into Diagram values('NA32-51_5369','NA32-20021200','51-80','E60 520i   Sealing cap/plug','');
insert into Diagram values('NA32-51_5370','NA32-20021200','51-80','E60 520i   Sealing cap/plug','');
insert into Diagram values('NA32-51_4245','NA32-20021200','51-95','E60 520i   Retrofit, outside mirror, electrochrome','');
insert into Diagram values('NA32-51_4635','NA32-20021200','51-95','E60 520i   Exterior mirror for towing','');
insert into Diagram values('NA32-51_4643','NA32-20021200','51-95','E60 520i   Non-skid mat','');
insert into Diagram values('NA32-51_4646','NA32-20021200','51-95','E60 520i   Boot/trunk floor net','');
insert into Diagram values('NA32-51_4651','NA32-20021200','51-95','E60 520i   Fitted luggage compartment mat','');
insert into Diagram values('NA32-51_4698','NA32-20021200','51-95','E60 520i   Boot lashing strap','');
insert into Diagram values('NA32-51_4821','NA32-20021200','51-95','E60 520i   Floor mats Commercial','');
insert into Diagram values('NA32-51_5106','NA32-20021200','51-95','E60 520i   Rear spoiler','');
insert into Diagram values('NA32-51_5155','NA32-20021200','51-95','E60 520i   Floor mats, velours','');
insert into Diagram values('NA32-51_5207','NA32-20021200','51-95','E60 520i   Retrofit real wood vers.poplar woodgrain','');
insert into Diagram values('NA32-51_5208','NA32-20021200','51-95','E60 520i   Retrofit real wood version mapleSycamore','');
insert into Diagram values('NA32-51_5209','NA32-20021200','51-95','E60 520i   Retrofit in aluminium interior strips','');
insert into Diagram values('NA32-51_5219','NA32-20021200','51-95','E60 520i   Retrofit, armrest front, movable','');
insert into Diagram values('NA32-51_5244','NA32-20021200','51-95','E60 520i   Luggage compartment pan','');
insert into Diagram values('NA32-51_5246','NA32-20021200','51-95','','');
insert into Diagram values('NA32-51_5247','NA32-20021200','51-95','E60 520i   Rubber mat','');
insert into Diagram values('NA32-51_5362','NA32-20021200','51-95','E60 520i   Luggage compartment, folding','');
insert into Diagram values('NA32-51_5486','NA32-20021200','51-95','E60 520i   Illuminated door sill strip retrofit kit','');
insert into Diagram values('NA32-51_5688','NA32-20021200','51-95','E60 520i   Luggage compatment box "multifix"','');
insert into Diagram values('NA32-51_5714','NA32-20021200','51-95','E60 520i   Retrofit decor strip, titan. II, dark','');
insert into Diagram values('NA32-51_5738','NA32-20021200','51-95','E60 520i   Umbrella with bag','');
insert into Diagram values('NA32-51_5739','NA32-20021200','51-95','E60 520i   Storage sleeve DVD/CD','');
insert into Diagram values('NA32-51_5743','NA32-20021200','51-95','E60 520i   Retrofit, precious wood, poplar, bright','');
insert into Diagram values('NA32-51_5782','NA32-20021200','51-95','E60 520i   Retrofit, M aerodynamic kit','');
insert into Diagram values('NA32-51_5791','NA32-20021200','51-95','E60 520i   Retrofit, M rear spoiler','');
insert into Diagram values('NA32-51_5792','NA32-20021200','51-95','E60 520i   Retrofit equipm.supp.front license plate','');
insert into Diagram values('NA32-51_5816','NA32-20021200','51-95','E60 520i   M foot rest retrofit kit','');
insert into Diagram values('NA32-51_5817','NA32-20021200','51-95','E60 520i   Retrofit, M cover, entrance','');
insert into Diagram values('NA32-51_5826','NA32-20021200','51-95','E60 520i   Retrof.equipm.,dec.panels,alu,Cube pure','');
insert into Diagram values('NA32-51_5881','NA32-20021200','51-95','E60 520i   Roller sun shield','');
insert into Diagram values('NA32-51_5954','NA32-20021200','51-95','E60 520i   Load edge protector','');
insert into Diagram values('NA32-51_6089','NA32-20021200','51-95','E60 520i   Carbon fiber package','');
insert into Diagram values('NA32-51_6106','NA32-20021200','51-95','E60 520i   Retrofit: Compass/Remote control','');
insert into Diagram values('NA32-51_6165','NA32-20021200','51-95','E60 520i   Luggage compartment clamping belts','');
insert into Diagram values('NA32-51_6174','NA32-20021200','51-95','E60 520i   Retrofit, cup holder','');
insert into Diagram values('NA32-51_6477','NA32-20021200','51-95','E60 520i   Key fob','');
insert into Diagram values('NA32-51_6639','NA32-20021200','51-95','E60 520i   Protective loading edge mat','');
insert into Diagram values('NA32-51_6805','NA32-20021200','51-95','E60 520i   Moulding rocker panels','');
insert into Diagram values('NA32-51_6979','NA32-20021200','51-95','E60 520i   License plate bracket, self-illuminated','');
insert into Diagram values('NA32-51_7034','NA32-20021200','51-95','E60 520i   Sun blind strips','');
insert into Diagram values('NA32-51_7061','NA32-20021200','51-95','E60 520i   Non-skid mat','');
insert into Diagram values('NA32-51_7236','NA32-20021200','51-95','E60 520i   Footmat update','');
insert into Diagram values('NA32-51_7405','NA32-20021200','51-95','E60 520i   Partitions, storage trays, trunk','');
insert into Diagram values('NA32-51_7413','NA32-20021200','51-95','E60 520i   Retrofit trim grill','');
insert into Diagram values('NA32-51_8051','NA32-20021200','51-95','E60 520i   First-aid kit, universal','');
insert into Diagram values('NA32-51_8522','NA32-20021200','51-95','E60 520i   Travel & Comfort System','');
insert into Diagram values('NA32-51_8703','NA32-20021200','51-95','E60 520i   Pocket set in interior','');
insert into Diagram values('NA32-52_3007','NA32-20021200','52-10','E60 520i   Seat, front, upholstery and cover','');
insert into Diagram values('NA32-52_3008','NA32-20021200','52-10','E60 520i   Seat, front, head restraint','');
insert into DiagramParts values('NA32-52_3009-52107154272', 'NA32-52_3009', 01, 'Attachment rail, cover, right', 'SCHWARZ', 1, to_date('20040401','YYYYMMDD'), to_date('20080101','YYYYMMDD'), '52107154272', '', '', false);
insert into DiagramParts values('NA32-52_3009-52107072687', 'NA32-52_3009', 03, 'Covering outer left', 'SCHWARZ', 1, to_date('20040401','YYYYMMDD'), to_date('20080101','YYYYMMDD'), '52107072687', '$35.03', '', false);
insert into DiagramParts values('NA32-52_3009-52107078531', 'NA32-52_3009', 03, 'Covering outer left', 'GRAU', 1, to_date('20040401','YYYYMMDD'), to_date('20080101','YYYYMMDD'), '52107078531', '$35.03', '', false);
insert into DiagramParts values('NA32-52_3009-52107078533', 'NA32-52_3009', 03, 'Covering outer left', 'BEIGE', 1, to_date('20040401','YYYYMMDD'), to_date('20080101','YYYYMMDD'), '52107078533', '$35.03', '', false);
insert into DiagramParts values('NA32-52_3009-52107078535', 'NA32-52_3009', 03, 'Covering outer left', 'TRFFELBRAUN', 1, to_date('20040401','YYYYMMDD'), to_date('20080101','YYYYMMDD'), '52107078535', '$28.18', '', false);
insert into DiagramParts values('NA32-52_3009-52107154254', 'NA32-52_3009', 03, 'Covering outer right', 'SCHWARZ', 1, to_date('20040401','YYYYMMDD'), to_date('20080101','YYYYMMDD'), '52107154254', '', '', false);
insert into DiagramParts values('NA32-52_3009-52107154256', 'NA32-52_3009', 03, 'Covering outer right', 'GRAU', 1, to_date('20040401','YYYYMMDD'), to_date('20080101','YYYYMMDD'), '52107154256', '', '', false);
insert into DiagramParts values('NA32-52_3009-52107154258', 'NA32-52_3009', 03, 'Covering outer right', 'BEIGE', 1, to_date('20040401','YYYYMMDD'), to_date('20080101','YYYYMMDD'), '52107154258', '', '', false);
insert into DiagramParts values('NA32-52_3009-52107154260', 'NA32-52_3009', 03, 'Covering outer right', 'TRFFELBRAUN', 1, to_date('20040401','YYYYMMDD'), to_date('20080101','YYYYMMDD'), '52107154260', '', '', false);
insert into DiagramParts values('NA32-52_3009-52109127410', 'NA32-52_3009', 03, 'Covering outer right', 'CREAMBEIGE', 1, to_date('20040401','YYYYMMDD'), to_date('20080101','YYYYMMDD'), '52109127410', '', '', false);
insert into DiagramParts values('NA32-52_3009-52106989259', 'NA32-52_3009', 04, 'Covering outer left', 'GRAU', 1, to_date('20040401','YYYYMMDD'), to_date('20080101','YYYYMMDD'), '52106989259', '$35.03', '', false);
insert into DiagramParts values('NA32-52_3009-52106989261', 'NA32-52_3009', 04, 'Covering outer left', 'BEIGE', 1, to_date('20040401','YYYYMMDD'), to_date('20080101','YYYYMMDD'), '52106989261', '$35.03', '+core', false);
insert into DiagramParts values('NA32-52_3009-52106989263', 'NA32-52_3009', 04, 'Covering outer left', 'TRFFELBRAUN', 1, to_date('20040401','YYYYMMDD'), to_date('20080101','YYYYMMDD'), '52106989263', '$35.03', '', false);
insert into DiagramParts values('NA32-52_3009-52109127395', 'NA32-52_3009', 04, 'Covering outer left', 'CREAMBEIGE', 1, to_date('20040401','YYYYMMDD'), to_date('20080101','YYYYMMDD'), '52109127395', '', 'See NoS No Stock', false);
insert into DiagramParts values('NA32-52_3009-52109127398', 'NA32-52_3009', 04, 'Covering outer right', 'CREAMBEIGE', 1, to_date('20040401','YYYYMMDD'), to_date('20060901','YYYYMMDD'), '52109127398', '', '', false);
insert into DiagramParts values('NA32-52_3009-52106989278', 'NA32-52_3009', 04, 'Covering outer right', 'SCHWARZ', 1, to_date('20060901','YYYYMMDD'), to_date('20080101','YYYYMMDD'), '52106989278', '', '+core', false);
insert into DiagramParts values('NA32-52_3009-52106989280', 'NA32-52_3009', 04, 'Covering outer right', 'GRAU', 1, to_date('20060901','YYYYMMDD'), to_date('20080101','YYYYMMDD'), '52106989280', '', '+core', false);
insert into DiagramParts values('NA32-52_3009-52106989282', 'NA32-52_3009', 04, 'Covering outer right', 'BEIGE', 1, to_date('20060901','YYYYMMDD'), to_date('20080101','YYYYMMDD'), '52106989282', '', '+core', false);
insert into DiagramParts values('NA32-52_3009-52106989284', 'NA32-52_3009', 04, 'Covering outer right', 'TRFFELBRAUN', 1, to_date('20060901','YYYYMMDD'), to_date('20080101','YYYYMMDD'), '52106989284', '', '+core', false);
insert into DiagramParts values('NA32-52_3009-52107124981', 'NA32-52_3009', 10, 'Finisher, upper rail, front, left', 'CREAMBEIGE', 1, to_date('20020301','YYYYMMDD'), to_date('20030301','YYYYMMDD'), '52107124981', '', 'ENDED', false);
insert into DiagramParts values('NA32-52_3009-52107124982', 'NA32-52_3009', 10, 'Finisher, upper rail, front, right', 'CREAMBEIGE', 1, to_date('20020301','YYYYMMDD'), to_date('20030301','YYYYMMDD'), '52107124982', '', 'ENDED', false);
insert into DiagramParts values('NA32-52_3009-52107154244', 'NA32-52_3009', 11, 'Finisher, upper rail, exterior, right', 'SCHWARZ', 1, to_date('20040401','YYYYMMDD'), to_date('20071201','YYYYMMDD'), '52107154244', '', '', false);
insert into DiagramParts values('NA32-52_3009-52107154245', 'NA32-52_3009', 11, 'Finisher, upper rail, exterior, left', 'GRAU', 1, to_date('20040401','YYYYMMDD'), to_date('20071201','YYYYMMDD'), '52107154245', '$14.96', '', false);
insert into DiagramParts values('NA32-52_3009-52107154246', 'NA32-52_3009', 11, 'Finisher, upper rail, exterior, right', 'GRAU', 1, to_date('20040401','YYYYMMDD'), to_date('20071201','YYYYMMDD'), '52107154246', '', '', false);
insert into DiagramParts values('NA32-52_3009-52107154247', 'NA32-52_3009', 11, 'Finisher, upper rail, exterior, left', 'BEIGE', 1, to_date('20040401','YYYYMMDD'), to_date('20071201','YYYYMMDD'), '52107154247', '$14.96', '', false);
insert into DiagramParts values('NA32-52_3009-52107154248', 'NA32-52_3009', 11, 'Finisher, upper rail, exterior, right', 'BEIGE', 1, to_date('20040401','YYYYMMDD'), to_date('20071201','YYYYMMDD'), '52107154248', '', '', false);
insert into DiagramParts values('NA32-52_3009-52107154249', 'NA32-52_3009', 11, 'Finisher, upper rail, exterior, left', 'TRFFELBRAUN', 1, to_date('20040401','YYYYMMDD'), to_date('20071201','YYYYMMDD'), '52107154249', '$13.84', '', false);
insert into DiagramParts values('NA32-52_3009-52107154250', 'NA32-52_3009', 11, 'Finisher, upper rail, exterior, right', 'TRFFELBRAUN', 1, to_date('20040401','YYYYMMDD'), to_date('20071201','YYYYMMDD'), '52107154250', '', '', false);
insert into DiagramParts values('NA32-52_3009-52109126991', 'NA32-52_3009', 11, 'Finisher, upper rail, exterior, left', 'CREAMBEIGE', 1, to_date('20040401','YYYYMMDD'), to_date('20071201','YYYYMMDD'), '52109126991', '', '', false);
insert into DiagramParts values('NA32-52_3009-52109127010', 'NA32-52_3009', 11, 'Finisher, upper rail, exterior, right', 'CREAMBEIGE', 1, to_date('20040401','YYYYMMDD'), to_date('20071201','YYYYMMDD'), '52109127010', '', '', false);
insert into DiagramParts values('NA32-52_3009-52107115203', 'NA32-52_3009', 11, 'Finisher, upper rail, exterior, left', 'GRAU', 1, to_date('20040401','YYYYMMDD'), to_date('20071201','YYYYMMDD'), '52107115203', '$16.43', '', false);
insert into DiagramParts values('NA32-52_3009-52107115205', 'NA32-52_3009', 11, 'Finisher, upper rail, exterior, left', 'TRFFELBRAUN', 1, to_date('20040401','YYYYMMDD'), to_date('20071201','YYYYMMDD'), '52107115205', '$14.95', '', false);
insert into DiagramParts values('NA32-52_3009-52107126913', 'NA32-52_3009', 11, 'Finisher, upper rail, exterior, left', 'SCHWARZ', 1, to_date('20040401','YYYYMMDD'), to_date('20071201','YYYYMMDD'), '52107126913', '', '', false);
insert into DiagramParts values('NA32-52_3009-52107126915', 'NA32-52_3009', 11, 'Finisher, upper rail, exterior, left', 'BEIGE', 1, to_date('20040401','YYYYMMDD'), to_date('20071201','YYYYMMDD'), '52107126915', '', '', false);
insert into DiagramParts values('NA32-52_3009-52107154264', 'NA32-52_3009', 11, 'Finisher, upper rail, exterior, right', 'SCHWARZ', 1, to_date('20040401','YYYYMMDD'), to_date('20071201','YYYYMMDD'), '52107154264', '', '', false);
insert into DiagramParts values('NA32-52_3009-52107154266', 'NA32-52_3009', 11, 'Finisher, upper rail, exterior, right', 'GRAU', 1, to_date('20040401','YYYYMMDD'), to_date('20071201','YYYYMMDD'), '52107154266', '', '', false);
insert into DiagramParts values('NA32-52_3009-52107154268', 'NA32-52_3009', 11, 'Finisher, upper rail, exterior, right', 'BEIGE', 1, to_date('20040401','YYYYMMDD'), to_date('20071201','YYYYMMDD'), '52107154268', '', '', false);
insert into DiagramParts values('NA32-52_3009-52107154270', 'NA32-52_3009', 11, 'Finisher, upper rail, exterior, right', 'TRFFELBRAUN', 1, to_date('20040401','YYYYMMDD'), to_date('20071201','YYYYMMDD'), '52107154270', '', '', false);
insert into Diagram values('NA32-52_3009','NA32-20021200','52-10','E60 520i   SEAT FRONT SEAT COVERINGS','');
insert into Diagram values('NA32-52_3010','NA32-20021200','52-10','E60 520i   Seat, front, seat frame','');
insert into Diagram values('NA32-52_3011','NA32-20021200','52-10','E60 520i   FRONT SEAT BACKREST FRAME/REAR PANEL','');
insert into DiagramParts values('NA32-52_3012-52107156216', 'NA32-52_3012', 01, 'SEAT RAIL RIGHT', 'EBS', 1, to_date('20040401','YYYYMMDD'), to_date('20080101','YYYYMMDD'), '52107156216', '', '+core', false);
insert into Diagram values('NA32-52_3012','NA32-20021200','52-10','E60 520i   FRONT SEAT RAIL','');
insert into Diagram values('NA32-52_3013','NA32-20021200','52-10','E60 520i   Seat, front, electrical and motors','');
insert into Diagram values('NA32-52_3014','NA32-20021200','52-10','E60 520i   Seat, front, electrical/motors, backrest','');
insert into Diagram values('NA32-52_3030','NA32-20021200','52-10','E60 520i   Sort of seam, seat','');
insert into Diagram values('NA32-52_3100','NA32-20021200','52-10','E60 520i   Seat, front, Active seat single parts','');
insert into Diagram values('NA32-52_3102','NA32-20021200','52-10','E60 520i   Seat, front, lumbar','');
insert into Diagram values('NA32-52_3017','NA32-20021200','52-20','E60 520i   Seat rear, upholstery & cover base seat','');
insert into Diagram values('NA32-52_3018','NA32-20021200','52-20','E60 520i   Seat rear, upholstery & cover base seat','');
insert into Diagram values('NA32-52_3019','NA32-20021200','52-20','E60 520i   Seat, rear, seat frame, load-through','');
insert into Diagram values('NA32-52_3020','NA32-20021200','52-20','E60 520i   Rear seat head restraint','');
insert into Diagram values('NA32-52_3021','NA32-20021200','52-20','E60 520i   Rear seat center armrest','');
insert into Diagram values('NA32-52_3022','NA32-20021200','52-20','E60 520i   Rear seat center armrest','');
insert into Diagram values('NA32-52_3049','NA32-20021200','52-20','E60 520i   Rear seat ski bag','');
insert into Diagram values('NA32-52_2989','NA32-20021200','52-60','E60 520i   Merino leather sold by meter','');
insert into Diagram values('NA32-52_3023','NA32-20021200','52-60','E60 520i   Cover material, running meter','');
insert into Diagram values('NA32-52_3050','NA32-20021200','52-60','E60 520i   Yarded material,leather Nasca Klimaleder','');
insert into Diagram values('NA32-52_3051','NA32-20021200','52-60','E60 520i   Yarded mat.,leather Walknappa Klimaleder','');
insert into Diagram values('NA32-52_2914','NA32-20021200','52-95','E60 520i   Lambskin seat cover','');
insert into Diagram values('NA32-52_3015','NA32-20021200','52-95','E60 520i   UNIVERSAL PRODECTIVE REAR COVER','');
insert into Diagram values('NA32-52_3043','NA32-20021200','52-95','E60 520i   Belt holder','');
insert into Diagram values('NA32-52_3269','NA32-20021200','52-95','E60 520i   Seat-back storage pocket','');
insert into Diagram values('NA32-54_0325','NA32-20021200','54-05','E60 520i   Lift-up-and-slide-back sunroof','');
insert into Diagram values('NA32-61_1749','NA32-20021200','61-05','E60 520i   Main wiring harness','');
insert into Diagram values('NA32-61_1294','NA32-20021200','61-10','E60 520i   Repair cable, belt tensioner','');
insert into Diagram values('NA32-61_1747','NA32-20021200','61-10','E60 520i   DOOR CABLE HARNESSES','');
insert into Diagram values('NA32-61_1748','NA32-20021200','61-10','E60 520i   VARIOUS ADDITIONAL WIRING SETS','');
insert into DiagramParts values('NA32-61_1760-61129132249', 'NA32-61_1760', 01, 'BATTERY CABLE NEGATIVE', 'IBS', 1, to_date('20061101','YYYYMMDD'), to_date('20070301','YYYYMMDD'), '61129132249', '', 'ENDED', false);
insert into DiagramParts values('NA32-61_1760-61129164346', 'NA32-61_1760', 01, 'BATTERY CABLE NEGATIVE', 'IBS', 1, to_date('20061101','YYYYMMDD'), to_date('20080901','YYYYMMDD'), '61129164346', '', 'ENDED', false);
insert into DiagramParts values('NA32-61_1760-61129184203', 'NA32-61_1760', 01, 'BATTERY CABLE NEGATIVE', 'IBS', 1, to_date('20061101','YYYYMMDD'), to_date('20090901','YYYYMMDD'), '61129184203', '', 'ENDED', false);
insert into Diagram values('NA32-61_1760','NA32-20021200','61-10','E60 520i   Battery cable','');
insert into Diagram values('NA32-61_1761','NA32-20021200','61-10','E60 520i   Repair cable main cable harness','');
insert into Diagram values('NA32-61_1801','NA32-20021200','61-10','E60 520i   Wiring set seat','');
insert into Diagram values('NA32-61_1822','NA32-20021200','61-10','E60 520i   Cable-yarded material','');
insert into Diagram values('NA32-61_2029','NA32-20021200','61-10','E60 520i   Repair wiring sets','');
insert into Diagram values('NA32-61_2084','NA32-20021200','61-10','E60 520i   VARIOUS ADDITIONAL WIRING SETS','');
insert into Diagram values('NA32-61_2252','NA32-20021200','61-10','E60 520i   Repair cable, airbag','');
insert into Diagram values('NA32-61_2405','NA32-20021200','61-10','E60 520i   Wiring harness, drive unit, seat','');
insert into Diagram values('NA32-61_1280','NA32-20021200','61-15','E60 520i   Plug terminal ELO not waterproof','');
insert into Diagram values('NA32-61_1296','NA32-20021200','61-15','E60 520i   Circular connector / D 2,5 mm System','');
insert into Diagram values('NA32-61_1349','NA32-20021200','61-15','E60 520i   Various comb-type connectors','');
insert into Diagram values('NA32-61_1445','NA32-20021200','61-15','E60 520i   Various parts, wiring harness repair','');
insert into Diagram values('NA32-61_1461','NA32-20021200','61-15','E60 520i   Diagnosis plug','');
insert into Diagram values('NA32-61_1578','NA32-20021200','61-15','E60 520i   Repair parts, optical fibre cable','');
insert into Diagram values('NA32-61_1691','NA32-20021200','61-15','E60 520i   Pin contacts ELO','');
insert into Diagram values('NA32-61_1754','NA32-20021200','61-15','E60 520i   Plug terminal ELO-Power','');
insert into Diagram values('NA32-61_1967','NA32-20021200','61-15','E60 520i   CABLE HOLDER/COVERING','');
insert into Diagram values('NA32-61_2085','NA32-20021200','61-15','E60 520i   Various cable grommets','');
insert into Diagram values('NA32-61_2107','NA32-20021200','61-15','E60 520i   Various parts, wiring harness repair','');
insert into Diagram values('NA32-61_2217','NA32-20021200','61-15','E60 520i   Contact system MQS','');
insert into Diagram values('NA32-61_2404','NA32-20021200','61-15','E60 520i   VARIOUS CABLE HOLDERS','');
insert into Diagram values('NA32-61_2444','NA32-20021200','61-15','E60 520i   diverse plugs and connectors','');
insert into Diagram values('NA32-61_2483','NA32-20021200','61-15','E60 520i   Cable tie','');
insert into Diagram values('NA32-61_2638','NA32-20021200','61-15','E60 520i   Repair parts, coaxial cable contacts','');
insert into Diagram values('NA32-61_2680','NA32-20021200','61-15','E60 520i   Repair parts, coaxial cable housing','');
insert into Diagram values('NA32-61_1566','NA32-20021200','61-20','E60 520i   Single components for fuse housing','');
insert into Diagram values('NA32-61_1757','NA32-20021200','61-20','E60 520i   Power distribution box','');
insert into Diagram values('NA32-61_1767','NA32-20021200','61-20','E60 520i   BRACKET F BODY CONTROL UNITS AND MODULES','');
insert into DiagramParts values('NA32-61_1717-61359111947', 'NA32-61_1717', 03, 'TRAILER TOWING MODUL', '3+', 1, to_date('20060901','YYYYMMDD'), to_date('20070301','YYYYMMDD'), '61359111947', '', 'ENDED', false);
insert into DiagramParts values('NA32-61_1717-61359146234', 'NA32-61_1717', 03, 'TRAILER TOWING MODUL', '3+', 1, to_date('20060901','YYYYMMDD'), to_date('20090201','YYYYMMDD'), '61359146234', '', 'ENDED', false);
insert into DiagramParts values('NA32-61_1717-61359167198', 'NA32-61_1717', 03, 'TRAILER TOWING MODUL', '3+', 1, to_date('20060901','YYYYMMDD'), to_date('20090201','YYYYMMDD'), '61359167198', '', 'ENDED', false);
insert into DiagramParts values('NA32-61_1717-61359186177', 'NA32-61_1717', 03, 'TRAILER TOWING MODUL', '4R', 1, to_date('20060901','YYYYMMDD'), to_date('20090301','YYYYMMDD'), '61359186177', '', 'ENDED', false);
insert into Diagram values('NA32-61_1717','NA32-20021200','61-25','E60 520i   Control units/modules','');
insert into Diagram values('NA32-61_1719','NA32-20021200','61-25','E60 520i   Sensors and relays','');
insert into Diagram values('NA32-61_2016','NA32-20021200','61-25','E60 520i   Control unit for front seat','');
insert into Diagram values('NA32-61_2044','NA32-20021200','61-25','E60 520i   Body gateway module','');
insert into Diagram values('NA32-61_1742','NA32-20021200','61-30','E60 520i   Original BMW battery (Warranty only)','');
insert into Diagram values('NA32-61_1743','NA32-20021200','61-30','E60 520i   battery holder and mounting parts','');
insert into Diagram values('NA32-61_1853','NA32-20021200','61-30','E60 520i   Only for Japan - original BMW battery','');
insert into Diagram values('NA32-61_1331','NA32-20021200','61-35','E60 520i   Cigarette lighter / sockets','');
insert into Diagram values('NA32-61_1695','NA32-20021200','61-35','E60 520i   Window lifter switch, passenger&apos;s side','');
insert into Diagram values('NA32-61_1696','NA32-20021200','61-35','E60 520i   Window lifter switch, driver&apos;s side','');
insert into Diagram values('NA32-61_1697','NA32-20021200','61-35','E60 520i   Window lifter switch, rear','');
insert into DiagramParts values('NA32-61_1698-61316953628', 'NA32-61_1698', 02, 'Cover, light operating unit', 'BASALTGRAU', 1, to_date('20040901','YYYYMMDD'), to_date('20050901','YYYYMMDD'), '61316953628', '', '', false);
insert into DiagramParts values('NA32-61_1698-61316953627', 'NA32-61_1698', 02, 'Cover, light operating unit', 'SCHWARZ', 1, to_date('20040901','YYYYMMDD'), to_date('20050901','YYYYMMDD'), '61316953627', '', '', false);
insert into DiagramParts values('NA32-61_1698-61316946317', 'NA32-61_1698', 02, 'Cover, light operating unit', 'SCHWARZ', 1, to_date('20050901','YYYYMMDD'), to_date('20070301','YYYYMMDD'), '61316946317', '', '+core', false);
insert into Diagram values('NA32-61_1698','NA32-20021200','61-35','E60 520i   Control element light','');
insert into Diagram values('NA32-61_1699','NA32-20021200','61-35','E60 520i   Steering wheel electronic control','');
insert into Diagram values('NA32-61_1700','NA32-20021200','61-35','E60 520i   SWITCH ADJUSTER STEERING COLUMN','');
insert into Diagram values('NA32-61_1709','NA32-20021200','61-35','E60 520i   Seat adjustment switch, front','');
insert into Diagram values('NA32-61_1716','NA32-20021200','61-35','E60 520i   Steering column trim, high','');
insert into DiagramParts values('NA32-61_1720-51167000714', 'NA32-61_1720', 10, 'OVAL HEAD SCREW WITH WASHER', '2,5X10MM', 3, to_date('20050901','YYYYMMDD'), to_date('20070401','YYYYMMDD'), '51167000714', '', 'ENDED', false);
insert into Diagram values('NA32-61_1720','NA32-20021200','61-35','E60 520i   VARIOUS SWITCHES','');
insert into Diagram values('NA32-61_1721','NA32-20021200','61-35','E60 520i   Steering column trim, basic','');
insert into Diagram values('NA32-61_1722','NA32-20021200','61-35','E60 520i   Steering column switch/control unit','');
insert into Diagram values('NA32-61_1723','NA32-20021200','61-35','E60 520i   TV/Audio plug socket','');
insert into DiagramParts values('NA32-61_1725-61359226238', 'NA32-61_1725', 03, 'Control unit CAS', 'CAS3', 1, to_date('20050901','YYYYMMDD'), to_date('20070301','YYYYMMDD'), '61359226238', '', '', false);
insert into Diagram values('NA32-61_1725','NA32-20021200','61-35','E60 520i   Ign./starting switch/ring antenna/CAS','');
insert into Diagram values('NA32-61_1833','NA32-20021200','61-35','E60 520i   Steering column trim, high','');
insert into Diagram values('NA32-61_1834','NA32-20021200','61-35','E60 520i   Steering column trim, basic','');
insert into Diagram values('NA32-61_1886','NA32-20021200','61-35','E60 520i   switch, airbag','');
insert into Diagram values('NA32-61_1937','NA32-20021200','61-35','E60 520i   Switch unit, center console','');
insert into Diagram values('NA32-61_1960','NA32-20021200','61-35','E60 520i   Modules/switch/charge socket,off. veh.','');
insert into Diagram values('NA32-61_1966','NA32-20021200','61-35','E60 520i   Switch unit, center console','');
insert into Diagram values('NA32-61_2025','NA32-20021200','61-35','E60 520i   Steering column switch/control unit','');
insert into Diagram values('NA32-61_2052','NA32-20021200','61-35','E60 520i   Steering column switch/control unit','');
insert into Diagram values('NA32-61_2127','NA32-20021200','61-35','E60 520i   Brake and clutch switch','');
insert into Diagram values('NA32-61_1694','NA32-20021200','61-40','E60 520i   Horn','');
insert into Diagram values('NA32-61_1671','NA32-20021200','61-45','E60 520i   SINGLE COMPONENTS FOR WIPER ARM','');
insert into Diagram values('NA32-61_1672','NA32-20021200','61-45','E60 520i   SINGLE WIPER PARTS','');
insert into Diagram values('NA32-61_1673','NA32-20021200','61-45','E60 520i   Reserv.,windshield/headlight washer syst','');
insert into Diagram values('NA32-61_1674','NA32-20021200','61-45','E60 520i   Hose lines, windshield washer system','');
insert into Diagram values('NA32-61_1675','NA32-20021200','61-45','E60 520i   Hose lines, headlight washer system','');
insert into Diagram values('NA32-61_1676','NA32-20021200','61-95','E60 520i   Retrofit kit, headlight cleaning system','');
insert into Diagram values('NA32-61_1888','NA32-20021200','61-95','E60 520i   Remote control/compass interior mirror','');
insert into Diagram values('NA32-61_2223','NA32-20021200','61-95','E60 520i   Suppression filter','');
insert into Diagram values('NA32-61_2441','NA32-20021200','61-95','E60 520i   Retrofit, passenger airbag shutoff','');
insert into Diagram values('NA32-61_3026','NA32-20021200','61-95','E60 520i   Battery charger','');
insert into Diagram values('NA32-61_3244','NA32-20021200','61-95','E60 520i   Battery charger','');
insert into Diagram values('NA32-62_0461','NA32-20021200','62-05','E60 520i   Instrument cluster','');
insert into Diagram values('NA32-62_0462','NA32-20021200','62-30','E60 520i   Head-up display','');
insert into Diagram values('NA32-62_0561','NA32-20021200','62-95','E60 520i   Electronic log book','');
insert into Diagram values('NA32-63_0796','NA32-20021200','63-05','E60 520i   Headlight','');
insert into Diagram values('NA32-63_0797','NA32-20021200','63-05','E60 520i   Headlight, electronic parts, Xenon light','');
insert into Diagram values('NA32-63_0798','NA32-20021200','63-05','E60 520i   Individual parts for halogen headlamp','');
insert into Diagram values('NA32-63_0799','NA32-20021200','63-05','E60 520i   Single components f headlight Xenon/ALC','');
insert into Diagram values('NA32-63_1067','NA32-20021200','63-05','E60 520i   SPARE BULBS BOX','');
insert into Diagram values('NA32-63_1363','NA32-20021200','63-05','E60 520i   BMW Performance Light','');
insert into Diagram values('NA32-63_1420','NA32-20021200','63-05','E60 520i   SPARE BULBS BOX','');
insert into Diagram values('NA32-63_0815','NA32-20021200','63-10','E60 520i   Additional turn indicator lamp','');
insert into Diagram values('NA32-63_0812','NA32-20021200','63-15','E60 520i   Fog lights','');
insert into Diagram values('NA32-63_0879','NA32-20021200','63-15','E60 520i   Fog lamp M-Technik','');
insert into Diagram values('NA32-63_0801','NA32-20021200','63-20','E60 520i   Rear light','');
insert into Diagram values('NA32-63_0814','NA32-20021200','63-25','E60 520i   Third stoplamp','');
insert into Diagram values('NA32-63_0788','NA32-20021200','63-30','E60 520i   Various lamps','');
insert into Diagram values('NA32-63_0813','NA32-20021200','63-30','E60 520i   REFLECTOR','');
insert into Diagram values('NA32-63_0816','NA32-20021200','63-30','E60 520i   Various lamps','');
insert into Diagram values('NA32-63_0817','NA32-20021200','63-30','E60 520i   VARIOUS LAMPS/SPARE BULBS BOX','');
insert into Diagram values('NA32-63_1028','NA32-20021200','63-30','E60 520i   Various lamps','');
insert into Diagram values('NA32-63_0837','NA32-20021200','63-95','E60 520i   Retrofit kit,rr light, white','');
insert into Diagram values('NA32-63_0855','NA32-20021200','63-95','E60 520i   Retrofit kit bi-xenon headlight','');
insert into Diagram values('NA32-63_0856','NA32-20021200','63-95','E60 520i   Retrofit kit adaptive headlights','');
insert into Diagram values('NA32-63_0923','NA32-20021200','63-95','E60 520i   Install.set additional headlight Xenon','');
insert into Diagram values('NA32-63_0976','NA32-20021200','63-95','E60 520i   Retrofit kit rear light Black Line','');
insert into Diagram values('NA32-63_1048','NA32-20021200','63-95','E60 520i   Electrical kit, facelift lights','');
insert into Diagram values('NA32-63_1153','NA32-20021200','63-95','E60 520i   Flashlight, LED','');
insert into Diagram values('NA32-63_1289','NA32-20021200','63-95','E60 520i   Retrofit kit, LED daytime driving lights','');
insert into Diagram values('NA32-63_1322','NA32-20021200','63-95','E60 520i   LED interior light package','');
insert into Diagram values('NA32-63_1509','NA32-20021200','63-95','E60 520i   BMW LED luggage compartment lamp','');
insert into Diagram values('NA32-64_1348','NA32-20021200','64-05','E60 520i   AIR CHANNEL','');
insert into Diagram values('NA32-64_1338','NA32-20021200','64-10','E60 520i   Microfilter/housing parts','');
insert into Diagram values('NA32-64_1350','NA32-20021200','64-15','E60 520i   HEATER RADIATOR AUTOMATIC AIR CONDITION','');
insert into Diagram values('NA32-64_1329','NA32-20021200','64-18','E60 520i   Independ.heating water valves IHKA Basis','');
insert into Diagram values('NA32-64_1330','NA32-20021200','64-18','E60 520i   Independ.heating water valves IHKA High','');
insert into Diagram values('NA32-64_1335','NA32-20021200','64-18','E60 520i   Water valve/Water hose IHKA Basis','');
insert into Diagram values('NA32-64_1336','NA32-20021200','64-18','E60 520i   Water valve/Water hose IHKA High','');
insert into Diagram values('NA32-64_1493','NA32-20021200','64-18','E60 520i   Water valve/Water hose IHKA Basis','');
insert into Diagram values('NA32-64_1325','NA32-20021200','64-20','E60 520i   Automatic air conditioning control','');
insert into Diagram values('NA32-64_1326','NA32-20021200','64-20','E60 520i   Control unit, automatic air cond.,High','');
insert into Diagram values('NA32-64_1339','NA32-20021200','64-30','E60 520i   Evaporator / Expansion valve','');
insert into Diagram values('NA32-64_1366','NA32-20021200','64-35','E60 520i   Housing parts automatic air conditioning','');
insert into Diagram values('NA32-64_1367','NA32-20021200','64-35','E60 520i   Set of small parts, aut air cond housing','');
insert into Diagram values('NA32-64_1488','NA32-20021200','64-35','E60 520i   Housing parts, coolbox','');
insert into Diagram values('NA32-64_1352','NA32-20021200','64-40','E60 520i   Temperature sensor','');
insert into Diagram values('NA32-64_1353','NA32-20021200','64-40','E60 520i   Set of cables for auto. air conditioning','');
insert into Diagram values('NA32-64_1355','NA32-20021200','64-40','E60 520i   Blower unit / mounting parts','');
insert into Diagram values('NA32-64_1340','NA32-20021200','64-45','E60 520i   Actuator for autom. air condition Basis','');
insert into Diagram values('NA32-64_1341','NA32-20021200','64-45','E60 520i   Actuator for autom. air condition High','');
insert into Diagram values('NA32-64_1343','NA32-20021200','64-45','E60 520i   SENSOR F. AUC','');
insert into Diagram values('NA32-64_1344','NA32-20021200','64-45','E60 520i   Condensation sensor / Solar sensor','');
insert into Diagram values('NA32-64_1346','NA32-20021200','64-50','E60 520i   AIR COND.COMPRESSOR-SUPPORTING BRACKET','');
insert into Diagram values('NA32-64_1342','NA32-20021200','64-55','E60 520i   Condenser/Drier insert','');
insert into Diagram values('NA32-64_1331','NA32-20021200','64-60','E60 520i   Coolant lines','');
insert into Diagram values('NA32-64_1327','NA32-20021200','64-65','E60 520i   Auxiliary heating','');
insert into Diagram values('NA32-64_1351','NA32-20021200','64-65','E60 520i   FUEL SUPPLY/PUMP/TUBING','');
insert into Diagram values('NA32-64_1389','NA32-20021200','64-65','E60 520i   TRANSMITTER F AUXIL.HEATING REMOTE CTRL','');
insert into Diagram values('NA32-64_1319','NA32-20021200','64-95','E60 520i   Labels independent heating','');
insert into Diagram values('NA32-64_1394','NA32-20021200','64-95','E60 520i   Install.kit, independent heater','');
insert into Diagram values('NA32-64_1633','NA32-20021200','64-95','E60 520i   Retrofit kit, remote cntrl,indep.heating','');
insert into Diagram values('NA32-64_1855','NA32-20021200','64-95','E60 520i   Accessori e postmontaggi','');
insert into Diagram values('NA32-65_0207','NA32-20021200','65-05','E60 520i   Earth strap for engine hood','');
insert into Diagram values('NA32-65_1330','NA32-20021200','65-05','E60 520i   M-Audio system controller','');
insert into Diagram values('NA32-65_1587','NA32-20021200','65-05','E60 520i   DAB tuner','');
insert into Diagram values('NA32-65_2440','NA32-20021200','65-05','E60 520i   DAB Retrofit','');
insert into Diagram values('NA32-65_1761','NA32-20021200','65-07','E60 520i   USB/Audio interface','');
insert into Diagram values('NA32-65_1786','NA32-20021200','65-07','E60 520i   Auxiliary connection cable','');
insert into Diagram values('NA32-65_1312','NA32-20021200','65-10','E60 520i   CD Changer/Bracket','');
insert into Diagram values('NA32-65_1681','NA32-20021200','65-10','E60 520i   DVD player','');
insert into Diagram values('NA32-65_1301','NA32-20021200','65-20','E60 520i   Components central bass','');
insert into Diagram values('NA32-65_1303','NA32-20021200','65-20','E60 520i   Components Top-HiFi instrument panel','');
insert into Diagram values('NA32-65_1304','NA32-20021200','65-20','E60 520i   Single parts, Stereo System, door frnt','');
insert into Diagram values('NA32-65_1305','NA32-20021200','65-20','E60 520i   SINGLE PARTS F PACKAGE SHELF STEREO SYST','');
insert into Diagram values('NA32-65_1306','NA32-20021200','65-20','E60 520i   SINGLE PARTS F FRONT DOOR HIFI SYSTEM','');
insert into Diagram values('NA32-65_1307','NA32-20021200','65-20','E60 520i   SINGLE PARTS F FRONT DOOR TOP-HIFI SYST.','');
insert into Diagram values('NA32-65_1308','NA32-20021200','65-20','E60 520i   SINGLE PARTS F PACKAGE SHELF HIFI SYSTEM','');
insert into Diagram values('NA32-65_1309','NA32-20021200','65-20','E60 520i   SINGLE PARTS F PACKAGE SHELF TOP-HIFI','');
insert into Diagram values('NA32-65_1310','NA32-20021200','65-20','E60 520i   SINGLE PARTS F REAR DOOR TOP-HIFI SYST.','');
insert into Diagram values('NA32-65_1739','NA32-20021200','65-20','E60 520i   Individual Audio system, door front','');
insert into Diagram values('NA32-65_1740','NA32-20021200','65-20','E60 520i   Individual Audio system, door rear','');
insert into Diagram values('NA32-65_1741','NA32-20021200','65-20','E60 520i   Individual Audio system, I-panel','');
insert into Diagram values('NA32-65_1742','NA32-20021200','65-20','E60 520i   Individual Audio system tray','');
insert into Diagram values('NA32-65_1394','NA32-20021200','65-22','E60 520i   Antenna cable Radio/TV','');
insert into Diagram values('NA32-65_1402','NA32-20021200','65-22','E60 520i   Antenna cable GPS','');
insert into Diagram values('NA32-65_1851','NA32-20021200','65-22','E60 520i   Universal aerial cable','');
insert into Diagram values('NA32-65_1852','NA32-20021200','65-22','E60 520i   Universal aerial cable','');
insert into Diagram values('NA32-65_1853','NA32-20021200','65-22','E60 520i   Universal aerial cable','');
insert into Diagram values('NA32-65_1300','NA32-20021200','65-25','E60 520i   Single parts f instrument support','');
insert into Diagram values('NA32-65_1313','NA32-20021200','65-25','E60 520i   amplifier / holder hifi system','');
insert into Diagram values('NA32-65_1314','NA32-20021200','65-25','E60 520i   Amplifier/holder,HiFi Professional DSP','');
insert into Diagram values('NA32-65_1743','NA32-20021200','65-25','E60 520i   Amplifier/bracket Indi. Audio System','');
insert into Diagram values('NA32-65_1324','NA32-20021200','65-30','E60 520i   SINGLE PARTS F ANTENNA-DIVERSITY','');
insert into Diagram values('NA32-65_1331','NA32-20021200','65-30','E60 520i   SINGLE PARTS F ANTENNA','');
insert into Diagram values('NA32-65_1731','NA32-20021200','65-30','E60 520i   Official radio antenna/horn speaker','');
insert into Diagram values('NA32-65_1119','NA32-20021200','65-45','E60 520i   Headset module','');
insert into DiagramParts values('NA32-65_1352-65826986289', 'NA32-65_1352', 01, 'AT-On-board monitor 6,5&quot;', 'FA. ALPINE', 1, to_date('20040901','YYYYMMDD'), to_date('20051201','YYYYMMDD'), '65826986289', '', 'ENDED', false);
insert into DiagramParts values('NA32-65_1352-65829111270', 'NA32-65_1352', 01, 'AT-On-board monitor 6,5&quot;', 'FA. ALPINE', 1, to_date('20040901','YYYYMMDD'), to_date('20060301','YYYYMMDD'), '65829111270', '', 'ENDED', false);
insert into DiagramParts values('NA32-65_1352-65826981559', 'NA32-65_1352', 01, 'AT-On-board monitor 6,5&quot;', 'FA. ALPINE', 1, to_date('20040901','YYYYMMDD'), to_date('20070301','YYYYMMDD'), '65826981559', '', 'ENDED', false);
insert into DiagramParts values('NA32-65_1352-65829111274', 'NA32-65_1352', 01, 'AT-On-board monitor 8,8&quot;', 'FA. ALPINE', 1, to_date('20040901','YYYYMMDD'), to_date('20060301','YYYYMMDD'), '65829111274', '', 'ENDED', false);
insert into DiagramParts values('NA32-65_1352-65826981560', 'NA32-65_1352', 01, 'AT-On-board monitor 8,8&quot;', 'FA. ALPINE', 1, to_date('20040901','YYYYMMDD'), to_date('20070301','YYYYMMDD'), '65826981560', '', 'ENDED', false);
insert into DiagramParts values('NA32-65_1352-65829118722', 'NA32-65_1352', 01, 'AT-On-board monitor 8,8&quot;', 'FA. ALPINE', 1, to_date('20040901','YYYYMMDD'), to_date('20080901','YYYYMMDD'), '65829118722', '', 'ENDED', false);
insert into DiagramParts values('NA32-65_1352-65829151978', 'NA32-65_1352', 01, 'On-board monitor 8,8&quot;', 'FA. SVDO', 1, to_date('20040901','YYYYMMDD'), to_date('20080901','YYYYMMDD'), '65829151978', '', 'ENDED', false);
insert into Diagram values('NA32-65_1352','NA32-20021200','65-45','E60 520i   On-board monitor','');
insert into DiagramParts values('NA32-65_1353-65826983881', 'NA32-65_1353', 03, 'Control knob', 'PERLGLANZ CHROM', 1, to_date('20050901','YYYYMMDD'), to_date('20080901','YYYYMMDD'), '65826983881', '$66.66', '+core', false);
insert into Diagram values('NA32-65_1353','NA32-20021200','65-45','E60 520i   Controller up to 09/2008','');
insert into DiagramParts values('NA32-65_1635-65509196876', 'NA32-65_1635', 01, 'Video module', 'FBAS', 1, to_date('20081101','YYYYMMDD'), to_date('20090301','YYYYMMDD'), '65509196876', '', 'ENDED', false);
insert into Diagram values('NA32-65_1635','NA32-20021200','65-45','E60 520i   Video module/bracket','');
insert into DiagramParts values('NA32-65_1637-65509179581', 'NA32-65_1637', 01, 'Video module', 'FBAS', 1, to_date('20040901','YYYYMMDD'), to_date('20050301','YYYYMMDD'), '65509179581', '$2,020.32', '', false);
insert into DiagramParts values('NA32-65_1637-65509196876', 'NA32-65_1637', 01, 'Video module', 'FBAS', 1, to_date('20040901','YYYYMMDD'), to_date('20050301','YYYYMMDD'), '65509196876', '', 'ENDED', false);
insert into DiagramParts values('NA32-65_1637-65509206973', 'NA32-65_1637', 01, 'Video module', 'FBAS', 1, to_date('20040901','YYYYMMDD'), to_date('20050301','YYYYMMDD'), '65509206973', '', '', false);
insert into DiagramParts values('NA32-65_1637-65506958396', 'NA32-65_1637', 01, 'Video module', 'RGB 5', 1, to_date('20050301','YYYYMMDD'), to_date('20050901','YYYYMMDD'), '65506958396', '', 'ENDED', false);
insert into DiagramParts values('NA32-65_1637-65506978236', 'NA32-65_1637', 01, 'Video module', 'RGB 5', 1, to_date('20050301','YYYYMMDD'), to_date('20060301','YYYYMMDD'), '65506978236', '', 'ENDED', false);
insert into DiagramParts values('NA32-65_1637-65506986557', 'NA32-65_1637', 01, 'Video module', 'RGB 5', 1, to_date('20050301','YYYYMMDD'), to_date('20070301','YYYYMMDD'), '65506986557', '', 'ENDED', false);
insert into DiagramParts values('NA32-65_1637-65509146702', 'NA32-65_1637', 01, 'Video module', 'RGB 5', 1, to_date('20050301','YYYYMMDD'), to_date('20081101','YYYYMMDD'), '65509146702', '$1,330.68', '', false);
insert into Diagram values('NA32-65_1637','NA32-20021200','65-45','E60 520i   Video module/bracket','');
insert into DiagramParts values('NA32-65_1349-65509179581', 'NA32-65_1349', 01, 'Video module', 'FBAS', 1, to_date('20040901','YYYYMMDD'), to_date('20081101','YYYYMMDD'), '65509179581', '$2,020.32', '', false);
insert into DiagramParts values('NA32-65_1349-65509196876', 'NA32-65_1349', 01, 'Video module', 'FBAS', 1, to_date('20081101','YYYYMMDD'), to_date('20090301','YYYYMMDD'), '65509196876', '', 'ENDED', false);
insert into Diagram values('NA32-65_1349','NA32-20021200','65-50','E60 520i   Video module/bracket','');
insert into Diagram values('NA32-65_1351','NA32-20021200','65-50','E60 520i   Remote control, rear','');
insert into Diagram values('NA32-65_1354','NA32-20021200','65-50','E60 520i   CCC CD','');
insert into Diagram values('NA32-65_1355','NA32-20021200','65-50','E60 520i   CCC MD/CD','');
insert into Diagram values('NA32-65_1356','NA32-20021200','65-50','E60 520i   Navigation system, Asia','');
insert into Diagram values('NA32-65_1453','NA32-20021200','65-50','E60 520i   Single parts CCC','');
insert into DiagramParts values('NA32-65_1724-65909112341', 'NA32-65_1724', 01, 'FSC JNav map 2007-1 initialization', 'ASAP', 1, to_date('20070301','YYYYMMDD'), to_date('20070901','YYYYMMDD'), '65909112341', '', 'ENDED', false);
insert into Diagram values('NA32-65_1724','NA32-20021200','65-50','E60 520i   Enable code for Japanese navigation','');
insert into Diagram values('NA32-65_1975','NA32-20021200','65-50','E60 520i   DVD street map Navigation Option 609','');
insert into Diagram values('NA32-65_1977','NA32-20021200','65-50','E60 520i   DVD street map Navigation Option 606','');
insert into DiagramParts values('NA32-65_2177-65902218712', 'NA32-65_2177', 01, 'Code for CIC map, Europe 2012 Update', 'PREMIUM', 1, to_date('20080301','YYYYMMDD'), to_date('20081101','YYYYMMDD'), '65902218712', '', '', false);
insert into DiagramParts values('NA32-65_2177-65902304626', 'NA32-65_2177', 01, 'Code for CIC map, Europe 2013 update', 'PREMIUM', 1, to_date('20080301','YYYYMMDD'), to_date('20081101','YYYYMMDD'), '65902304626', '', '', false);
insert into DiagramParts values('NA32-65_2177-65902343815', 'NA32-65_2177', 01, 'Enable code CIC map Europe 2013-2 Upd.', 'PREMIUM', 1, to_date('20080301','YYYYMMDD'), to_date('20081101','YYYYMMDD'), '65902343815', '', '', false);
insert into DiagramParts values('NA32-65_2177-65902343820', 'NA32-65_2177', 01, 'CIC map Europe 2013-2 Update', 'PREMIUM RUSSIA', 1, to_date('20080301','YYYYMMDD'), to_date('20081101','YYYYMMDD'), '65902343820', '', '', false);
insert into DiagramParts values('NA32-65_2177-65902321826', 'NA32-65_2177', 01, 'CIC map of Europe 2013 Update', 'PREMIUM RUSSIA', 1, to_date('20080301','YYYYMMDD'), to_date('20081101','YYYYMMDD'), '65902321826', '', '', false);
insert into DiagramParts values('NA32-65_2177-65902337928', 'NA32-65_2177', 01, 'Enable code CIC map India 2013 Update', 'PREMIUM', 1, to_date('20080301','YYYYMMDD'), to_date('20081101','YYYYMMDD'), '65902337928', '', '', false);
insert into Diagram values('NA32-65_2177','NA32-20021200','65-50','E60 520i   Enable code, update for Professional GPS','');
insert into Diagram values('NA32-65_1339','NA32-20021200','65-60','E60 520i   Alarm systems','');
insert into Diagram values('NA32-65_1338','NA32-20021200','65-65','E60 520i   Electric parts for airbag','');
insert into Diagram values('NA32-65_1342','NA32-20021200','65-65','E60 520i   Electr. compon. seat occupancy detection','');
insert into Diagram values('NA32-65_1612','NA32-20021200','65-65','E60 520i   Electric parts for airbag','');
insert into Diagram values('NA32-65_1180','NA32-20021200','65-70','E60 520i   Temperature sensor','');
insert into Diagram values('NA32-65_1249','NA32-20021200','65-95','E60 520i   Retrofit kit, BMW Online','');
insert into Diagram values('NA32-65_1360','NA32-20021200','65-95','E60 520i   Retrofit kit, CD-changer','');
insert into Diagram values('NA32-65_1390','NA32-20021200','65-95','E60 520i   INSTALLATION KIT ALARM SYSTEM','');
insert into Diagram values('NA32-65_1391','NA32-20021200','65-95','E60 520i   DVD-system','');
insert into Diagram values('NA32-65_1397','NA32-20021200','65-95','E60 520i   Retrofit kit Settop-Box','');
insert into Diagram values('NA32-65_1520','NA32-20021200','65-95','E60 520i   Retrofit kit, TV function','');
insert into Diagram values('NA32-65_1531','NA32-20021200','65-95','E60 520i   Retrofit kit navigation Business','');
insert into Diagram values('NA32-65_1538','NA32-20021200','65-95','E60 520i   Retrofit, auxiliary connection','');
insert into Diagram values('NA32-65_1549','NA32-20021200','65-95','E60 520i   Retrofit kit navigation Professional','');
insert into Diagram values('NA32-65_1602','NA32-20021200','65-95','E60 520i   DVD-system Portable','');
insert into Diagram values('NA32-65_1628','NA32-20021200','65-95','E60 520i   Spare parts DVD Advanced','');
insert into Diagram values('NA32-65_1654','NA32-20021200','65-95','E60 520i   DVB-T Set-top box','');
insert into Diagram values('NA32-65_1721','NA32-20021200','65-95','E60 520i   iPod connection retrofit kit','');
insert into Diagram values('NA32-65_1722','NA32-20021200','65-95','E60 520i   Infrared headphones','');
insert into Diagram values('NA32-65_1989','NA32-20021200','65-95','E60 520i   Tracking Products','');
insert into Diagram values('NA32-65_2038','NA32-20021200','65-95','E60 520i   DVD system Tablet','');
insert into Diagram values('NA32-65_2079','NA32-20021200','65-95','E60 520i   Smartnav','');
insert into Diagram values('NA32-65_2422','NA32-20021200','65-95','E60 520i   Cable adapter for Apple iPod / iPhone','');
insert into Diagram values('NA32-65_2434','NA32-20021200','65-95','E60 520i   DVD System Tablet Single','');
insert into Diagram values('NA32-65_2520','NA32-20021200','65-95','E60 520i   BMW USB charger','');
insert into Diagram values('NA32-65_2522','NA32-20021200','65-95','E60 520i   Cable adapter, devices with Micro USB','');
insert into Diagram values('NA32-66_0099','NA32-20021200','66-05','E60 520i   ACC-Sensor','');
insert into Diagram values('NA32-66_0100','NA32-20021200','66-05','E60 520i   Park Distance Control (PDC)','');
insert into Diagram values('NA32-66_0131','NA32-20021200','66-05','E60 520i   Ignition lock of remote control','');
insert into Diagram values('NA32-66_0134','NA32-20021200','66-05','E60 520i   Night vision camera','');
insert into Diagram values('NA32-66_0149','NA32-20021200','66-05','E60 520i   Retrofit kit NightVision camera','');
insert into Diagram values('NA32-66_0152','NA32-20021200','66-05','E60 520i   Control module for remote control','');
insert into Diagram values('NA32-66_0101','NA32-20021200','66-95','E60 520i   Install.kit, Park Distance Control','');
insert into Diagram values('NA32-66_0110','NA32-20021200','66-95','E60 520i   Retrofit kit PDC II','');
insert into Diagram values('NA32-66_0188','NA32-20021200','66-95','E60 520i   Park Distance Control universale sonoro','');
insert into Diagram values('NA32-71_0344','NA32-20021200','71-03','E60 520i   LABEL "TIRE PRESSURE"','');
insert into Diagram values('NA32-71_0568','NA32-20021200','71-03','E60 520i   Instruction notice, Airbag','');
insert into Diagram values('NA32-71_0572','NA32-20021200','71-03','E60 520i   Notice label for fuel','');
insert into Diagram values('NA32-71_0573','NA32-20021200','71-03','E60 520i   Label "Outer paint"','');
insert into Diagram values('NA32-71_0574','NA32-20021200','71-03','E60 520i   Various notice stickers','');
insert into Diagram values('NA32-71_0616','NA32-20021200','71-03','E60 520i   Label, coolant','');
insert into Diagram values('NA32-71_0680','NA32-20021200','71-03','E60 520i   Labels independent heating','');
insert into Diagram values('NA32-71_0340','NA32-20021200','71-05','E60 520i   Car tool/Lifting jack','');
insert into Diagram values('NA32-71_0343','NA32-20021200','71-05','E60 520i   Car tool','');
insert into Diagram values('NA32-71_0391','NA32-20021200','71-05','E60 520i   Warning triangle/First aid kit/-cushion','');
insert into Diagram values('NA32-71_0717','NA32-20021200','71-05','E60 520i   Set of lifting jack','');
insert into Diagram values('NA32-71_0337','NA32-20021200','71-10','E60 520i   Towing hitch, detachable','');
insert into Diagram values('NA32-71_0338','NA32-20021200','71-10','E60 520i   electric parts, towing hitch','');
insert into Diagram values('NA32-71_0400','NA32-20021200','71-95','E60 520i   Set of lifting jack','');
insert into Diagram values('NA32-71_0434','NA32-20021200','71-95','E60 520i   Tire Mobility Set','');
insert into Diagram values('NA32-71_0481','NA32-20021200','71-95','E60 520i   Retrofit kit, trailer coupling, rigid','');
insert into Diagram values('NA32-71_0484','NA32-20021200','71-95','E60 520i   Retrofit kit trailer coupling detachable','');
insert into Diagram values('NA32-71_0489','NA32-20021200','71-95','E60 520i   Retrofit kit trailer coupling detachable','');
insert into Diagram values('NA32-71_0513','NA32-20021200','71-95','E60 520i   Twin electrics, caravan leads','');
insert into Diagram values('NA32-72_0459','NA32-20021200','72-03','E60 520i   Airbag passenger and head airbag','');
insert into Diagram values('NA32-72_0460','NA32-20021200','72-03','E60 520i   Side airbag','');
insert into DiagramParts values('NA32-72_0452-72117127417', 'NA32-72_0452', 01, 'Upper belt,frt lft,overlength without FL', 'BEIGE', 1, to_date('20040401','YYYYMMDD'), to_date('20070301','YYYYMMDD'), '72117127417', '', 'ENDED', false);
insert into Diagram values('NA32-72_0452','NA32-20021200','72-05','E60 520i   Safety belt front','');
insert into DiagramParts values('NA32-72_0453-72117061254', 'NA32-72_0453', 11, 'Fillister head screw', 'M10X22', 1, to_date('20040401','YYYYMMDD'), to_date('20071201','YYYYMMDD'), '72117061254', '$1.07', '', false);
insert into Diagram values('NA32-72_0453','NA32-20021200','72-05','E60 520i   FRONT SAFETY BELT MOUNTING PARTS','');
insert into Diagram values('NA32-72_0458','NA32-20021200','72-05','E60 520i   SAFETY BELT REAR','');
insert into Diagram values('NA32-72_0519','NA32-20021200','72-05','E60 520i   Child seat mount','');
insert into Diagram values('NA32-72_0518','NA32-20021200','72-15','E60 520i   Flag holder','');
insert into Diagram values('NA32-72_0439','NA32-20021200','72-95','E60 520i   Fire extinguisher / Holder','');
insert into Diagram values('NA32-72_0461','NA32-20021200','72-95','E60 520i   Storage compartment module','');
insert into Diagram values('NA32-72_0462','NA32-20021200','72-95','E60 520i   Cup holder-module','');
insert into Diagram values('NA32-72_0591','NA32-20021200','72-95','E60 520i   Tow bar','');
insert into Diagram values('NA32-72_0598','NA32-20021200','72-95','E60 520i   TOW ROPE','');
insert into Diagram values('NA32-72_0744','NA32-20021200','72-95','E60 520i   Emergency bag','');
insert into Diagram values('NA32-36_0742','NA32-20021200','82-14','E60 520i   Snow chains','');
insert into Diagram values('NA32-82_1571','NA32-20021200','82-14','E60 520i   Snow chains','');
insert into Diagram values('NA32-82_1073','NA32-20021200','82-26','E60 520i   Universal coat hanger','');
insert into Diagram values('NA32-82_1261','NA32-20021200','82-26','E60 520i   Clean Bag','');
insert into Diagram values('NA32-82_1299','NA32-20021200','82-26','E60 520i   Storage pocket, rear passengers','');
insert into Diagram values('NA32-82_1308','NA32-20021200','82-26','E60 520i   Shoe case','');
insert into Diagram values('NA32-82_1311','NA32-20021200','82-26','E60 520i   Driver utility set','');
insert into Diagram values('NA32-82_1171','NA32-20021200','82-31','E60 520i   BMW buggy chrome-marine with accessories','');
insert into Diagram values('NA32-82_1181','NA32-20021200','82-31','E60 520i   BMW Junior Seat I-II','');
insert into Diagram values('NA32-82_1186','NA32-20021200','82-31','E60 520i   BMW Baby Seat 0+','');
insert into Diagram values('NA32-82_1187','NA32-20021200','82-31','E60 520i   BMW Junior Seat I-II Isofix','');
insert into Diagram values('NA32-82_1189','NA32-20021200','82-31','E60 520i   BMW Baby Seat 0+ Isofix','');
insert into Diagram values('NA32-82_1237','NA32-20021200','82-31','E60 520i   Dog harness','');
insert into Diagram values('NA32-82_1276','NA32-20021200','82-31','E60 520i   BMW Junior Seat II-III','');
insert into Diagram values('NA32-82_1305','NA32-20021200','82-31','E60 520i   BMW Junior Seat III','');
insert into Diagram values('NA32-82_1195','NA32-20021200','82-44','E60 520i   Mud flaps','');
insert into Diagram values('NA32-82_1198','NA32-20021200','82-44','E60 520i   Cover','');
insert into Diagram values('NA32-82_1241','NA32-20021200','82-44','E60 520i   SLIPSTREAM DEFLECTOR','');
insert into Diagram values('NA32-82_1251','NA32-20021200','82-44','E60 520i   Cover hood windshield/side window','');
insert into Diagram values('NA32-82_0116','NA32-20021200','82-51','E60 520i   Universal support','');
insert into Diagram values('NA32-82_0123','NA32-20021200','82-51','E60 520i   RACK FOR RACING BICYCLE','');
insert into Diagram values('NA32-82_0124','NA32-20021200','82-51','E60 520i   Luggage basket','');
insert into Diagram values('NA32-82_0125','NA32-20021200','82-51','E60 520i   Bicycle lift','');
insert into Diagram values('NA32-82_0245','NA32-20021200','82-51','E60 520i   SUPPORT SNOWBOARD','');
insert into Diagram values('NA32-82_0281','NA32-20021200','82-51','E60 520i   Touring bicycle holder','');
insert into Diagram values('NA32-82_0283','NA32-20021200','82-51','E60 520i   Surfboard rack','');
insert into Diagram values('NA32-82_0284','NA32-20021200','82-51','E60 520i   Standard ski carrier for 6 pairs of skis','');
insert into Diagram values('NA32-82_0364','NA32-20021200','82-51','E60 520i   SKI/SNOWBOARD SET','');
insert into Diagram values('NA32-82_0501','NA32-20021200','82-51','E60 520i   ki and luggage box','');
insert into Diagram values('NA32-82_0502','NA32-20021200','82-51','E60 520i   Luggage box','');
insert into Diagram values('NA32-82_0594','NA32-20021200','82-51','E60 520i   Komfort ski holder','');
insert into Diagram values('NA32-82_0598','NA32-20021200','82-51','E60 520i   MULTI-PURPOSE ROOF BOX','');
insert into Diagram values('NA32-82_0845','NA32-20021200','82-51','E60 520i   Standard ski holder, for 4 pairs of ski','');
insert into Diagram values('NA32-82_1148','NA32-20021200','82-51','E60 520i   Rack support','');
insert into Diagram values('NA32-82_1157','NA32-20021200','82-51','E60 520i   Bicycle carrier, trailer coupling','');
insert into Diagram values('NA32-82_1175','NA32-20021200','82-51','E60 520i   Touring bicycle holder','');
insert into Diagram values('NA32-82_1178','NA32-20021200','82-51','E60 520i   Roof box','');
insert into Diagram values('NA32-82_1234','NA32-20021200','82-51','E60 520i   Roof box','');
insert into Diagram values('NA32-82_1244','NA32-20021200','82-51','E60 520i   Racing bike rack','');
insert into Diagram values('NA32-82_1250','NA32-20021200','82-51','E60 520i   Roof box','');
insert into Diagram values('NA32-82_1268','NA32-20021200','82-51','E60 520i   Ski/snowboard holder','');
insert into Diagram values('NA32-82_1295','NA32-20021200','82-51','E60 520i   Roof rack systems','');
insert into Diagram values('NA32-82_1364','NA32-20021200','82-51','E60 520i   Bicycle carrier, trailer coupling','');
insert into Diagram values('NA32-82_1460','NA32-20021200','82-51','E60 520i   Roof rack systems','');
insert into Diagram values('NA32-82_1476','NA32-20021200','82-51','E60 520i   Roof-mounted container 320 LCI','');
insert into Diagram values('NA32-82_1551','NA32-20021200','82-51','E60 520i   Bicycle carrier, trailer coupling','');
insert into Diagram values('NA32-82_1567','NA32-20021200','82-51','E60 520i   Bicycle carrier, trailer coupling','');
insert into Diagram values('NA32-82_0926','NA32-20021200','82-52','E60 520i   Adapter (universal lift) for hood','');
insert into Diagram values('NA32-82_0102','NA32-20021200','82-81','E60 520i   Universal hoist','');
insert into Diagram values('NA32-83_0579','NA32-20021200','83-01','E60 520i   Rugzak','');
insert into Diagram values('NA32-83_0282','NA32-20021200','83-06','E60 520i   Transmission oil','');
insert into Diagram values('NA32-83_0306','NA32-20021200','83-24','E60 520i   Paint protection foil E60','');
insert into Diagram values('NA32-84_0604','NA32-20021200','84-10','E60 520i   Indiv. parts, phone handset/mountg Japan','');
insert into Diagram values('NA32-84_0605','NA32-20021200','84-10','E60 520i   Single parts, SA 638, center console','');
insert into DiagramParts values('NA32-84_0606-84106971764', 'NA32-84_0606', 01, 'Telematics Control Unit', 'GSM', 1, to_date('20040901','YYYYMMDD'), to_date('20050301','YYYYMMDD'), '84106971764', '', 'ENDED', false);
insert into DiagramParts values('NA32-84_0606-84106978681', 'NA32-84_0606', 01, 'Rmfd Telematics Control Unit', 'GSM', 1, to_date('20040901','YYYYMMDD'), to_date('20050301','YYYYMMDD'), '84106978681', '', 'ENDED', false);
insert into DiagramParts values('NA32-84_0606-84109187929', 'NA32-84_0606', 01, 'Rmfd Telematics Control Unit', 'GSM', 1, to_date('20040901','YYYYMMDD'), to_date('20050301','YYYYMMDD'), '84109187929', '', '', false);
insert into DiagramParts values('NA32-84_0606-84116947179', 'NA32-84_0606', 01, 'Telematics Control Unit', 'GSM', 1, to_date('20031201','YYYYMMDD'), to_date('20040101','YYYYMMDD'), '84116947179', '', 'ENDED', false);
insert into DiagramParts values('NA32-84_0606-84116948730', 'NA32-84_0606', 01, 'Telematics Control Unit', 'GSM', 1, to_date('20031201','YYYYMMDD'), to_date('20040301','YYYYMMDD'), '84116948730', '', 'ENDED', false);
insert into DiagramParts values('NA32-84_0606-84116948920', 'NA32-84_0606', 01, 'Telematics Control Unit', 'GSM', 1, to_date('20031201','YYYYMMDD'), to_date('20040601','YYYYMMDD'), '84116948920', '', 'ENDED', false);
insert into DiagramParts values('NA32-84_0606-84116950207', 'NA32-84_0606', 01, 'Telematics Control Unit', 'GSM', 1, to_date('20031201','YYYYMMDD'), to_date('20040901','YYYYMMDD'), '84116950207', '', 'ENDED', false);
insert into DiagramParts values('NA32-84_0606-84106978680', 'NA32-84_0606', 01, 'Rmfd Telematics Control Unit', 'GSM', 1, to_date('20031201','YYYYMMDD'), to_date('20040901','YYYYMMDD'), '84106978680', '', 'ENDED', false);
insert into DiagramParts values('NA32-84_0606-84109187928', 'NA32-84_0606', 01, 'Rmfd Telematics Control Unit', 'GSM', 1, to_date('20031201','YYYYMMDD'), to_date('20040901','YYYYMMDD'), '84109187928', '', 'ENDED', false);
insert into DiagramParts values('NA32-84_0606-84116956930', 'NA32-84_0606', 01, 'Telematics Control Unit', 'GSM', 1, to_date('20040901','YYYYMMDD'), to_date('20050301','YYYYMMDD'), '84116956930', '', 'ENDED', false);
insert into Diagram values('NA32-84_0606','NA32-20021200','84-10','E60 520i   Single parts, SA 638, trunk','');
insert into Diagram values('NA32-84_0608','NA32-20021200','84-10','E60 520i   Single parts SA 639/SA 664, trunk','');
insert into DiagramParts values('NA32-84_0616-84106972691', 'NA32-84_0616', 01, 'Telematics Control Unit', 'PDC', 1, to_date('20050301','YYYYMMDD'), to_date('20050901','YYYYMMDD'), '84106972691', '', 'ENDED', false);
insert into DiagramParts values('NA32-84_0616-84106985569', 'NA32-84_0616', 01, 'Telematics Control Unit', 'PDC', 1, to_date('20050301','YYYYMMDD'), to_date('20070301','YYYYMMDD'), '84106985569', '', 'ENDED', false);
insert into DiagramParts values('NA32-84_0616-84109187316', 'NA32-84_0616', 01, 'Rmfd Telematics Control Unit', 'PDC', 1, to_date('20050301','YYYYMMDD'), to_date('20070301','YYYYMMDD'), '84109187316', '', '', false);
insert into Diagram values('NA32-84_0616','NA32-20021200','84-10','E60 520i   Single parts f teleph.luggage cptm.Japan','');
insert into Diagram values('NA32-84_0767','NA32-20021200','84-10','E60 520i   Starter package, cell phone Nokia 6303c','');
insert into Diagram values('NA32-84_0607','NA32-20021200','84-20','E60 520i   Single parts SA639/SA664 center console','');
insert into Diagram values('NA32-84_0609','NA32-20021200','84-20','E60 520i   Single parts, SA 644, trunk','');
insert into Diagram values('NA32-84_0614','NA32-20021200','84-20','E60 520i   Single parts, SA 644 center console','');
insert into Diagram values('NA32-84_0682','NA32-20021200','84-20','E60 520i   Single parts, SA 633, center console','');
insert into DiagramParts values('NA32-84_0686-07119904019', 'NA32-84_0686', 03, 'Hex nut', 'M5', 4, to_date('20050301','YYYYMMDD'), to_date('20060501','YYYYMMDD'), '07119904019', '', 'ENDED', false);
insert into Diagram values('NA32-84_0686','NA32-20021200','84-20','E60 520i   Telematics Control Unit','');
insert into Diagram values('NA32-84_0602','NA32-20021200','84-30','E60 520i   Single parts f hands-free facility','');
insert into Diagram values('NA32-84_0644','NA32-20021200','84-55','E60 520i   Antenna line, telephone','');
insert into Diagram values('NA32-84_0145','NA32-20021200','84-95','E60 520i   Retrofit kit, antenna amplifier','');
insert into Diagram values('NA32-84_0639','NA32-20021200','84-95','E60 520i   Bluetooth SA644 hands-free retrofit kit','');
insert into Diagram values('NA32-84_0641','NA32-20021200','84-95','E60 520i   Retrofit, car telephone Professional','');
insert into Diagram values('NA32-84_0678','NA32-20021200','84-95','E60 520i   Retrofit kit, voice input','');
insert into Diagram values('NA32-84_0713','NA32-20021200','84-95','E60 520i   Retrofit kit for UNI hands-free system','');
insert into Diagram values('NA32-84_0714','NA32-20021200','84-95','E60 520i   Cell phone cradles,Universal hands-free','');
insert into Diagram values('NA32-84_0730','NA32-20021200','84-95','E60 520i   Stolen Vehicle Tracking - TPA','');
insert into Diagram values('NA32-84_0732','NA32-20021200','84-95','E60 520i   Upgrade kit hands-free Bluetooth OPT644','');
insert into Diagram values('NA32-84_0741','NA32-20021200','84-95','E60 520i   Base hands-free system with Bluetooth','');
insert into Diagram values('NA32-84_0778','NA32-20021200','84-95','E60 520i   BMW Bluetooth headset','');
insert into Diagram values('NA32-84_0867','NA32-20021200','84-95','E60 520i   BMW Car Hotspot','');
insert into Diagram values('NA32-84_0897','NA32-20021200','84-95','E60 520i   Snap-in adapter for Apple devices','');
insert into Diagram values('NA32-84_0906','NA32-20021200','84-95','E60 520i   Snap-in adapter, SONY ERICSSON devices','');
insert into Diagram values('NA32-84_0907','NA32-20021200','84-95','E60 520i   Snap-in adapter for NOKIA devices','');
insert into Diagram values('NA32-84_0908','NA32-20021200','84-95','E60 520i   Snap-in adapter for SIEMENS devices','');
insert into Diagram values('NA32-84_0909','NA32-20021200','84-95','E60 520i   Snap-in adapter for MOTOROLA devices','');
insert into Diagram values('NA32-84_0910','NA32-20021200','84-95','E60 520i   Snap-in adapter, BlackBerry/RIM devices','');
insert into Diagram values('NA32-84_0931','NA32-20021200','84-95','E60 520i   BMW Car Hotspot LTE','');
insert into Diagram values('NA32-84_0933','NA32-20021200','84-95','E60 520i   Snap-in adapter for SAMSUNG devices','');
insert into Diagram values('NA32-85_0008','NA32-20021200','85-45','E60 520i   Winter tires','');
insert into Diagram values('NA32-85_0035','NA32-20021200','85-45','E60 520i   Summer tires','');
insert into Diagram values('NA32-88_0022','NA32-20021200','88-80','E60 520i   Service Kit for brake shoes / Value Line','');
insert into Diagram values('NA32-88_0052','NA32-20021200','88-80','E60 520i   Emergency bag','');
insert into Diagram values('NA32-88_0058','NA32-20021200','88-80','E60 520i   Inspection kit I Value Line','');
insert into Diagram values('NA32-88_0059','NA32-20021200','88-80','E60 520i   Inspection kit II Value Line','');
insert into Diagram values('NA32-88_0064','NA32-20021200','88-80','E60 520i   Fluid-change kit, autom. transmission','');
insert into Diagram values('NA32-88_0069','NA32-20021200','88-80','E60 520i   Service Kit for brake pads / Value Line','');
insert into Diagram values('NA32-88_0082','NA32-20021200','88-80','E60 520i   Repair kit for radius rods and wishbones','');
insert into Diagram values('NA32-88_0084','NA32-20021200','88-80','E60 520i   Repair kits, anti-roll bar, front','');
insert into Diagram values('NA32-88_0087','NA32-20021200','88-80','E60 520i   Repair kit, wheel bearing, front','');
insert into DiagramParts values('NA32-88_0088-51481915964', 'NA32-88_0088', 08, 'EXPANDING RIVET', 'D=7,5', 4, to_date('20040701','YYYYMMDD'), to_date('20041201','YYYYMMDD'), '51481915964', '$0.43', '', false);
insert into Diagram values('NA32-88_0088','NA32-20021200','88-80','E60 520i   Repair kit for support bearing','');
insert into Diagram values('NA32-88_0090','NA32-20021200','88-80','E60 520i   Repair kit for ball joint','');
insert into Diagram values('NA32-88_0091','NA32-20021200','88-80','E60 520i   Repair kits for guide rod, wishbone','');
insert into Diagram values('NA32-88_0092','NA32-20021200','88-80','E60 520i   Repair kit for wheel bearing, rear','');
insert into DiagramParts values('NA32-91_0658-25117962270', 'NA32-91_0658', 01, 'Leather gear lever cover', 'INDIVIDUAL', 1, to_date('20050301','YYYYMMDD'), to_date('20070301','YYYYMMDD'), '25117962270', '', '+core, See NoS No Stock', false);
insert into Diagram values('NA32-91_0658','NA32-20021200','91-10','E60 520i   Individual shift lever cover','');
insert into Diagram values('NA32-91_0660','NA32-20021200','91-10','E60 520i   Individual shift lever cover SMG','');
insert into Diagram values('NA32-91_0685','NA32-20021200','91-10','E60 520i   Individual gear shift knobs, wood','');
insert into Diagram values('NA32-91_0659','NA32-20021200','91-12','E60 520i   Individual selector lever boots','');
insert into DiagramParts values('NA32-91_0686-25167961114', 'NA32-91_0686', 01, 'Selector lever handle,leath.,w/wood ring', 'NUBAUM AMARONE', 1, to_date('20050301','YYYYMMDD'), to_date('20070301','YYYYMMDD'), '25167961114', '', 'See NoS No Stock', false);
insert into DiagramParts values('NA32-91_0686-25167961115', 'NA32-91_0686', 01, 'Selector lever handle,leath.,w/wood ring', 'RIEGELESCHE H.', 1, to_date('20050301','YYYYMMDD'), to_date('20070301','YYYYMMDD'), '25167961115', '', 'See NoS No Stock', false);
insert into Diagram values('NA32-91_0686','NA32-20021200','91-12','E60 520i   Individual selector lever handle, wood','');
insert into Diagram values('NA32-91_0661','NA32-20021200','91-15','E60 520i   Individual handbrake lever and cover','');
insert into DiagramParts values('NA32-91_0625-32347963273', 'NA32-91_0625', 01, 'Sprt st. wheel, leather, shift paddles', 'BICOLOR', 1, to_date('20050901','YYYYMMDD'), to_date('20070301','YYYYMMDD'), '32347963273', '', 'See NoS No Stock', false);
insert into Diagram values('NA32-91_0625','NA32-20021200','91-17','E60 520i   Indiv. sports steering-wheel, bicolor','');
insert into Diagram values('NA32-91_0626','NA32-20021200','91-17','E60 520i   Indiv. sports steering-wheel,decor.clasp','');
insert into DiagramParts values('NA32-91_0634-32308030775', 'NA32-91_0634', 01, 'Sports st.-wheel,leather/wd.ring,multif.', 'PIANOLACK SW', 1, to_date('20040901','YYYYMMDD'), to_date('20050901','YYYYMMDD'), '32308030775', '', 'See NoS No Stock', false);
insert into DiagramParts values('NA32-91_0634-32308030776', 'NA32-91_0634', 01, 'Sports st.-wheel,leather/wd.ring,multif.', 'NUBAUM AMARONE', 1, to_date('20040901','YYYYMMDD'), to_date('20050901','YYYYMMDD'), '32308030776', '', 'See NoS No Stock', false);
insert into DiagramParts values('NA32-91_0634-32307963775', 'NA32-91_0634', 01, 'Sports st.-wheel,leather/wd.ring,multif.', 'RIEGELESCHE H.', 1, to_date('20050901','YYYYMMDD'), to_date('20070301','YYYYMMDD'), '32307963775', '', 'See NoS No Stock', false);
insert into DiagramParts values('NA32-91_0634-32307963776', 'NA32-91_0634', 01, 'Sports st.-wheel,leather/wd.ring,multif.', 'PIANOLACK SW', 1, to_date('20050901','YYYYMMDD'), to_date('20070301','YYYYMMDD'), '32307963776', '', 'ENDED, See NoS No Stock', false);
insert into DiagramParts values('NA32-91_0634-32307963777', 'NA32-91_0634', 01, 'Sports st.-wheel,leather/wd.ring,multif.', 'NUBAUM AMARONE', 1, to_date('20050901','YYYYMMDD'), to_date('20070301','YYYYMMDD'), '32307963777', '', 'ENDED, See NoS No Stock', false);
insert into DiagramParts values('NA32-91_0634-32308030778', 'NA32-91_0634', 01, 'Sp.st.wheel,SMG,leather/wdn ring,multif.', 'PIANOLACK SW', 1, to_date('20040901','YYYYMMDD'), to_date('20050901','YYYYMMDD'), '32308030778', '', 'See NoS No Stock', false);
insert into DiagramParts values('NA32-91_0634-32308030779', 'NA32-91_0634', 01, 'Sp.st.wheel,SMG,leather/wdn ring,multif.', 'NUBAUM AMARONE', 1, to_date('20040901','YYYYMMDD'), to_date('20050901','YYYYMMDD'), '32308030779', '', 'See NoS No Stock', false);
insert into DiagramParts values('NA32-91_0634-32307963778', 'NA32-91_0634', 01, 'Sp.st.wheel,SMG,leather/wdn ring,multif.', 'RIEGELESCHE H.', 1, to_date('20050901','YYYYMMDD'), to_date('20070301','YYYYMMDD'), '32307963778', '', '', false);
insert into DiagramParts values('NA32-91_0634-32307963779', 'NA32-91_0634', 01, 'Sp.st.wheel,SMG,leather/wdn ring,multif.', 'PIANOLACK SW', 1, to_date('20050901','YYYYMMDD'), to_date('20070301','YYYYMMDD'), '32307963779', '', 'ENDED, See NoS No Stock', false);
insert into DiagramParts values('NA32-91_0634-32307963780', 'NA32-91_0634', 01, 'Sp.st.wheel,SMG,leather/wdn ring,multif.', 'NUBAUM AMARONE', 1, to_date('20050901','YYYYMMDD'), to_date('20070301','YYYYMMDD'), '32307963780', '', 'ENDED, See NoS No Stock', false);
insert into Diagram values('NA32-91_0634','NA32-20021200','91-17','E60 520i   Ind.sports st.-wheel,leather w/wdn. ring','');
insert into Diagram values('NA32-91_0651','NA32-20021200','91-30','E60 520i   Individual glove compartment, leather','');
insert into Diagram values('NA32-91_0654','NA32-20021200','91-30','E60 520i   Ind. cup holder covered with leather','');
insert into DiagramParts values('NA32-91_0657-51457961727', 'NA32-91_0657', 01, 'Trim panel dashboard, leather', 'INDIVIDUAL', 1, to_date('20050301','YYYYMMDD'), to_date('20050901','YYYYMMDD'), '51457961727', '', 'See NoS No Stock', false);
insert into DiagramParts values('NA32-91_0657-51457969261', 'NA32-91_0657', 01, 'Trim panel dashboard, leather', 'INDIVIDUAL', 1, to_date('20050901','YYYYMMDD'), to_date('20070301','YYYYMMDD'), '51457969261', '', 'See NoS No Stock', false);
insert into DiagramParts values('NA32-91_0657-51457961734', 'NA32-91_0657', 01, 'Trim panel dashboard, leather', 'INDIVIDUAL', 1, to_date('20050301','YYYYMMDD'), to_date('20050901','YYYYMMDD'), '51457961734', '', 'See NoS No Stock', false);
insert into DiagramParts values('NA32-91_0657-51457969277', 'NA32-91_0657', 01, 'Trim panel dashboard, leather', 'INDIVIDUAL', 1, to_date('20050901','YYYYMMDD'), to_date('20070301','YYYYMMDD'), '51457969277', '', 'See NoS No Stock', false);
insert into Diagram values('NA32-91_0657','NA32-20021200','91-30','E60 520i   Individual instrument panel, leather','');
insert into Diagram values('NA32-91_0705','NA32-20021200','91-30','E60 520i   Ind.trim piece f head-up display,leather','');
insert into Diagram values('NA32-91_0573','NA32-20021200','91-35','E60 520i   Individual center console','');
insert into DiagramParts values('NA32-91_0574-51168027317', 'NA32-91_0574', 02, 'Cover, centre console', 'INDIVIDUAL', 1, to_date('20040301','YYYYMMDD'), to_date('20070301','YYYYMMDD'), '51168027317', '', '+core, See NoS No Stock', false);
insert into DiagramParts values('NA32-91_0574-51168027305', 'NA32-91_0574', 03, 'Center arm rest', 'INDIVIDUAL', 1, to_date('20040301','YYYYMMDD'), to_date('20070301','YYYYMMDD'), '51168027305', '', '+core, See NoS No Stock', false);
insert into DiagramParts values('NA32-91_0574-51168027323', 'NA32-91_0574', 04, 'Cover centre console, rear', 'INDIVIDUAL', 1, to_date('20040301','YYYYMMDD'), to_date('20070301','YYYYMMDD'), '51168027323', '', '+core, See NoS No Stock', false);
insert into Diagram values('NA32-91_0574','NA32-20021200','91-35','E60 520i   Individual center armrest, leather','');
insert into DiagramParts values('NA32-91_0614-51458026976', 'NA32-91_0614', 02, 'Wood panel, instrument panel, right', 'PIANOLACK SW', 1, to_date('20040301','YYYYMMDD'), to_date('20050901','YYYYMMDD'), '51458026976', '', 'See NoS No Stock', false);
insert into DiagramParts values('NA32-91_0614-51457962178', 'NA32-91_0614', 02, 'Wood panel, instrument panel, right', 'PIANOLACK SW', 1, to_date('20050901','YYYYMMDD'), to_date('20070301','YYYYMMDD'), '51457962178', '', 'ENDED, See NoS No Stock', false);
insert into DiagramParts values('NA32-91_0614-51457970250', 'NA32-91_0614', 02, 'Wood panel, instrument panel, right', 'PIANOLACK SW', 1, to_date('20050901','YYYYMMDD'), to_date('20070301','YYYYMMDD'), '51457970250', '', 'See NoS No Stock', false);
insert into DiagramParts values('NA32-91_0614-51458026975', 'NA32-91_0614', 03, 'Wood panel, instrument panel, left', 'PIANOLACK SW', 1, to_date('20040301','YYYYMMDD'), to_date('20050901','YYYYMMDD'), '51458026975', '', 'See NoS No Stock', false);
insert into DiagramParts values('NA32-91_0614-51457962177', 'NA32-91_0614', 03, 'Wood panel, instrument panel, left', 'PIANOLACK SW', 1, to_date('20050901','YYYYMMDD'), to_date('20070301','YYYYMMDD'), '51457962177', '', 'ENDED, See NoS No Stock', false);
insert into DiagramParts values('NA32-91_0614-51418026985', 'NA32-91_0614', 04, 'Wooden strip, door front left', 'PIANOLACK SW', 1, to_date('20040301','YYYYMMDD'), to_date('20070301','YYYYMMDD'), '51418026985', '$193.45', 'See NoS No Stock', false);
insert into DiagramParts values('NA32-91_0614-51418026986', 'NA32-91_0614', 04, 'Wooden strip, door front right', 'PIANOLACK SW', 1, to_date('20040301','YYYYMMDD'), to_date('20070301','YYYYMMDD'), '51418026986', '$193.45', 'See NoS No Stock', false);
insert into DiagramParts values('NA32-91_0614-51428026991', 'NA32-91_0614', 05, 'Wooden strip, door rear left', 'PIANOLACK SW', 1, to_date('20040301','YYYYMMDD'), to_date('20070301','YYYYMMDD'), '51428026991', '$193.45', 'See NoS No Stock', false);
insert into DiagramParts values('NA32-91_0614-51428026992', 'NA32-91_0614', 05, 'Wooden strip, door rear right', 'PIANOLACK SW', 1, to_date('20040301','YYYYMMDD'), to_date('20070301','YYYYMMDD'), '51428026992', '$193.45', 'See NoS No Stock', false);
insert into DiagramParts values('NA32-91_0614-51168030702', 'NA32-91_0614', 06, 'Cover centre console, rear', 'PIANOLACK SW', 1, to_date('20040301','YYYYMMDD'), to_date('20050301','YYYYMMDD'), '51168030702', '', 'See NoS No Stock', false);
insert into DiagramParts values('NA32-91_0614-51168027703', 'NA32-91_0614', 06, 'Cover centre console, rear', 'PIANOLACK SW', 1, to_date('20050301','YYYYMMDD'), to_date('20060301','YYYYMMDD'), '51168027703', '', 'ENDED, See NoS No Stock', false);
insert into DiagramParts values('NA32-91_0614-51167972061', 'NA32-91_0614', 06, 'Cover centre console, rear', 'PIANOLACK SW', 1, to_date('20050301','YYYYMMDD'), to_date('20060301','YYYYMMDD'), '51167972061', '$199.44', 'See NoS No Stock', false);
insert into DiagramParts values('NA32-91_0614-51167970239', 'NA32-91_0614', 06, 'Cover centre console, rear', 'PIANOLACK SW', 1, to_date('20060301','YYYYMMDD'), to_date('20070301','YYYYMMDD'), '51167970239', '$199.44', 'See NoS No Stock', false);
insert into DiagramParts values('NA32-91_0614-51168030693', 'NA32-91_0614', 06, 'Cover centre console, rear', 'PIANOLACK SW', 1, to_date('20050301','YYYYMMDD'), to_date('20060301','YYYYMMDD'), '51168030693', '', 'ENDED, See NoS No Stock', false);
insert into DiagramParts values('NA32-91_0614-51167972063', 'NA32-91_0614', 06, 'Cover centre console, rear', 'PIANOLACK SW', 1, to_date('20050301','YYYYMMDD'), to_date('20060301','YYYYMMDD'), '51167972063', '$199.44', 'See NoS No Stock', false);
insert into DiagramParts values('NA32-91_0614-51167970240', 'NA32-91_0614', 06, 'Cover centre console, rear', 'PIANOLACK SW', 1, to_date('20060301','YYYYMMDD'), to_date('20070301','YYYYMMDD'), '51167970240', '$199.44', 'See NoS No Stock', false);
insert into Diagram values('NA32-91_0614','NA32-20021200','91-40','E60 520i   Individual wood, Pianolack schwarz','');
insert into DiagramParts values('NA32-91_0615-51458026964', 'NA32-91_0615', 02, 'Wood panel, instrument panel, right', 'NUBAUM AMARONE', 1, to_date('20040301','YYYYMMDD'), to_date('20050901','YYYYMMDD'), '51458026964', '', 'See NoS No Stock', false);
insert into DiagramParts values('NA32-91_0615-51457962120', 'NA32-91_0615', 02, 'Wood panel, instrument panel, right', 'NUBAUM AMARONE', 1, to_date('20050901','YYYYMMDD'), to_date('20070301','YYYYMMDD'), '51457962120', '', 'See NoS No Stock', false);
insert into DiagramParts values('NA32-91_0615-51458026963', 'NA32-91_0615', 03, 'Wood panel, instrument panel, left', 'NUBAUM AMARONE', 1, to_date('20040301','YYYYMMDD'), to_date('20050901','YYYYMMDD'), '51458026963', '', 'See NoS No Stock', false);
insert into DiagramParts values('NA32-91_0615-51457962119', 'NA32-91_0615', 03, 'Wood panel, instrument panel, left', 'NUBAUM AMARONE', 1, to_date('20050901','YYYYMMDD'), to_date('20070301','YYYYMMDD'), '51457962119', '', 'See NoS No Stock', false);
insert into DiagramParts values('NA32-91_0615-51418026981', 'NA32-91_0615', 04, 'Wooden strip, door front left', 'NUBAUM AMARONE', 1, to_date('20040301','YYYYMMDD'), to_date('20070301','YYYYMMDD'), '51418026981', '$193.45', 'See NoS No Stock', false);
insert into DiagramParts values('NA32-91_0615-51418026982', 'NA32-91_0615', 04, 'Wooden strip, door front right', 'NUBAUM AMARONE', 1, to_date('20040301','YYYYMMDD'), to_date('20070301','YYYYMMDD'), '51418026982', '$193.45', 'See NoS No Stock', false);
insert into DiagramParts values('NA32-91_0615-51428026987', 'NA32-91_0615', 05, 'Wooden strip, door rear left', 'NUBAUM AMARONE', 1, to_date('20040301','YYYYMMDD'), to_date('20070301','YYYYMMDD'), '51428026987', '$193.45', 'See NoS No Stock', false);
insert into DiagramParts values('NA32-91_0615-51428026988', 'NA32-91_0615', 05, 'Wooden strip, door rear right', 'NUBAUM AMARONE', 1, to_date('20040301','YYYYMMDD'), to_date('20070301','YYYYMMDD'), '51428026988', '$193.45', '+core, See NoS No Stock', false);
insert into DiagramParts values('NA32-91_0615-51168030701', 'NA32-91_0615', 06, 'Cover centre console, rear', 'NUBAUM AMARONE', 1, to_date('20040301','YYYYMMDD'), to_date('20050301','YYYYMMDD'), '51168030701', '', 'See NoS No Stock', false);
insert into DiagramParts values('NA32-91_0615-51168027704', 'NA32-91_0615', 06, 'Cover centre console, rear', 'NUBAUM AMARONE', 1, to_date('20050301','YYYYMMDD'), to_date('20060301','YYYYMMDD'), '51168027704', '$245.52', 'See NoS No Stock', false);
insert into DiagramParts values('NA32-91_0615-51168030686', 'NA32-91_0615', 06, 'Cover centre console, rear', 'NUBAUM AMARONE', 1, to_date('20060301','YYYYMMDD'), to_date('20070301','YYYYMMDD'), '51168030686', '$245.52', 'See NoS No Stock', false);
insert into DiagramParts values('NA32-91_0615-51168030692', 'NA32-91_0615', 06, 'Cover centre console, rear', 'NUBAUM AMARONE', 1, to_date('20050301','YYYYMMDD'), to_date('20060301','YYYYMMDD'), '51168030692', '$245.52', 'See NoS No Stock', false);
insert into DiagramParts values('NA32-91_0615-51168030704', 'NA32-91_0615', 06, 'Cover centre console, rear', 'NUBAUM AMARONE', 1, to_date('20060301','YYYYMMDD'), to_date('20070301','YYYYMMDD'), '51168030704', '$245.52', 'See NoS No Stock', false);
insert into Diagram values('NA32-91_0615','NA32-20021200','91-40','E60 520i   Individual wood, walnut, amarone','');
insert into DiagramParts values('NA32-91_0616-51458026970', 'NA32-91_0616', 02, 'Wood panel, instrument panel, right', 'RIEGELESCHE H.', 1, to_date('20040301','YYYYMMDD'), to_date('20050901','YYYYMMDD'), '51458026970', '', 'See NoS No Stock', false);
insert into DiagramParts values('NA32-91_0616-51457963092', 'NA32-91_0616', 02, 'Wood panel, instrument panel, right', 'RIEGELESCHE H.', 1, to_date('20050901','YYYYMMDD'), to_date('20070301','YYYYMMDD'), '51457963092', '', 'See NoS No Stock', false);
insert into DiagramParts values('NA32-91_0616-51458026969', 'NA32-91_0616', 03, 'Wood panel, instrument panel, left', 'RIEGELESCHE H.', 1, to_date('20040301','YYYYMMDD'), to_date('20050901','YYYYMMDD'), '51458026969', '', 'See NoS No Stock', false);
insert into DiagramParts values('NA32-91_0616-51457963091', 'NA32-91_0616', 03, 'Wood panel, instrument panel, left', 'RIEGELESCHE H.', 1, to_date('20050901','YYYYMMDD'), to_date('20070301','YYYYMMDD'), '51457963091', '', 'See NoS No Stock', false);
insert into DiagramParts values('NA32-91_0616-51418026983', 'NA32-91_0616', 04, 'Wooden strip, door front left', 'RIEGELESCHE H.', 1, to_date('20040301','YYYYMMDD'), to_date('20070301','YYYYMMDD'), '51418026983', '$197.53', 'See NoS No Stock', false);
insert into DiagramParts values('NA32-91_0616-51418026984', 'NA32-91_0616', 04, 'Wooden strip, door front right', 'RIEGELESCHE H.', 1, to_date('20040301','YYYYMMDD'), to_date('20070301','YYYYMMDD'), '51418026984', '$197.53', 'See NoS No Stock', false);
insert into DiagramParts values('NA32-91_0616-51428026989', 'NA32-91_0616', 05, 'Wooden strip, door rear left', 'RIEGELESCHE H.', 1, to_date('20040301','YYYYMMDD'), to_date('20070301','YYYYMMDD'), '51428026989', '$197.53', 'See NoS No Stock', false);
insert into DiagramParts values('NA32-91_0616-51428026990', 'NA32-91_0616', 05, 'Wooden strip, door rear right', 'RIEGELESCHE H.', 1, to_date('20040301','YYYYMMDD'), to_date('20070301','YYYYMMDD'), '51428026990', '$193.45', 'See NoS No Stock', false);
insert into DiagramParts values('NA32-91_0616-51168030700', 'NA32-91_0616', 06, 'Cover centre console, rear', 'RIEGELESCHE H.', 1, to_date('20040301','YYYYMMDD'), to_date('20050301','YYYYMMDD'), '51168030700', '', 'See NoS No Stock', false);
insert into DiagramParts values('NA32-91_0616-51168027705', 'NA32-91_0616', 06, 'Cover centre console, rear', 'RIEGELESCHE H.', 1, to_date('20050301','YYYYMMDD'), to_date('20060301','YYYYMMDD'), '51168027705', '$245.52', 'See NoS No Stock', false);
insert into DiagramParts values('NA32-91_0616-51168030685', 'NA32-91_0616', 06, 'Cover centre console, rear', 'RIEGELESCHE H.', 1, to_date('20060301','YYYYMMDD'), to_date('20070301','YYYYMMDD'), '51168030685', '$245.52', 'See NoS No Stock', false);
insert into DiagramParts values('NA32-91_0616-51168030691', 'NA32-91_0616', 06, 'Cover centre console, rear', 'RIEGELESCHE H.', 1, to_date('20050301','YYYYMMDD'), to_date('20060301','YYYYMMDD'), '51168030691', '$245.52', 'See NoS No Stock', false);
insert into DiagramParts values('NA32-91_0616-51168030703', 'NA32-91_0616', 06, 'Cover centre console, rear', 'RIEGELESCHE H.', 1, to_date('20060301','YYYYMMDD'), to_date('20070301','YYYYMMDD'), '51168030703', '$245.52', 'See NoS No Stock', false);
insert into Diagram values('NA32-91_0616','NA32-20021200','91-40','E60 520i   Individual wood, ash, bright','');
insert into DiagramParts values('NA32-91_0618-51458031582', 'NA32-91_0618', 01, 'Cover instrument panel, center, black', 'RIEGELESCHE H.', 1, to_date('20040901','YYYYMMDD'), to_date('20070301','YYYYMMDD'), '51458031582', '$283.46', 'See NoS No Stock', false);
insert into DiagramParts values('NA32-91_0618-51458031584', 'NA32-91_0618', 01, 'Cover instrument panel, center, black', 'PIANOLACK SW', 1, to_date('20040901','YYYYMMDD'), to_date('20070301','YYYYMMDD'), '51458031584', '$283.46', 'See NoS No Stock', false);
insert into DiagramParts values('NA32-91_0618-51458031630', 'NA32-91_0618', 01, 'Cover instr. panel,center, basalt-gray', 'NUBAUM AMARONE', 1, to_date('20040901','YYYYMMDD'), to_date('20070301','YYYYMMDD'), '51458031630', '', 'See NoS No Stock', false);
insert into DiagramParts values('NA32-91_0618-51458031632', 'NA32-91_0618', 01, 'Cover instr. panel,center, basalt-gray', 'RIEGELESCHE H.', 1, to_date('20040901','YYYYMMDD'), to_date('20070301','YYYYMMDD'), '51458031632', '$283.46', 'See NoS No Stock', false);
insert into DiagramParts values('NA32-91_0618-51458031634', 'NA32-91_0618', 01, 'Cover instr. panel,center, basalt-gray', 'PIANOLACK SW', 1, to_date('20040901','YYYYMMDD'), to_date('20070301','YYYYMMDD'), '51458031634', '', 'See NoS No Stock', false);
insert into DiagramParts values('NA32-91_0618-51458031588', 'NA32-91_0618', 01, 'Cover instrument panel, center, black', 'RIEGELESCHE H.', 1, to_date('20040901','YYYYMMDD'), to_date('20070301','YYYYMMDD'), '51458031588', '', 'See NoS No Stock', false);
insert into DiagramParts values('NA32-91_0618-51458031590', 'NA32-91_0618', 01, 'Cover instrument panel, center, black', 'PIANOLACK SW', 1, to_date('20040901','YYYYMMDD'), to_date('20070301','YYYYMMDD'), '51458031590', '', 'See NoS No Stock', false);
insert into DiagramParts values('NA32-91_0618-51458031636', 'NA32-91_0618', 01, 'Cover instr. panel,center, basalt-gray', 'NUBAUM AMARONE', 1, to_date('20040901','YYYYMMDD'), to_date('20070301','YYYYMMDD'), '51458031636', '', 'See NoS No Stock', false);
insert into DiagramParts values('NA32-91_0618-51458031638', 'NA32-91_0618', 01, 'Cover instr. panel,center, basalt-gray', 'RIEGELESCHE H.', 1, to_date('20040901','YYYYMMDD'), to_date('20070301','YYYYMMDD'), '51458031638', '', 'See NoS No Stock', false);
insert into DiagramParts values('NA32-91_0618-51458031640', 'NA32-91_0618', 01, 'Cover instr. panel,center, basalt-gray', 'PIANOLACK SW', 1, to_date('20040901','YYYYMMDD'), to_date('20070301','YYYYMMDD'), '51458031640', '', 'See NoS No Stock', false);
insert into DiagramParts values('NA32-91_0618-51458031583', 'NA32-91_0618', 02, 'Cover instrument panel, center, black', 'RIEGELESCHE H.', 1, to_date('20040901','YYYYMMDD'), to_date('20070301','YYYYMMDD'), '51458031583', '$283.46', 'See NoS No Stock', false);
insert into DiagramParts values('NA32-91_0618-51458031585', 'NA32-91_0618', 02, 'Cover instrument panel, center, black', 'PIANOLACK SW', 1, to_date('20040901','YYYYMMDD'), to_date('20070301','YYYYMMDD'), '51458031585', '$241.00', 'See NoS No Stock', false);
insert into DiagramParts values('NA32-91_0618-51458031631', 'NA32-91_0618', 02, 'Cover instr. panel,center, basalt-gray', 'NUBAUM AMARONE', 1, to_date('20040901','YYYYMMDD'), to_date('20070301','YYYYMMDD'), '51458031631', '', 'See NoS No Stock', false);
insert into DiagramParts values('NA32-91_0618-51458031633', 'NA32-91_0618', 02, 'Cover instr. panel,center, basalt-gray', 'RIEGELESCHE H.', 1, to_date('20040901','YYYYMMDD'), to_date('20070301','YYYYMMDD'), '51458031633', '$233.24', 'See NoS No Stock', false);
insert into DiagramParts values('NA32-91_0618-51458031635', 'NA32-91_0618', 02, 'Cover instr. panel,center, basalt-gray', 'PIANOLACK SW', 1, to_date('20040901','YYYYMMDD'), to_date('20070301','YYYYMMDD'), '51458031635', '$252.22', 'See NoS No Stock', false);
insert into DiagramParts values('NA32-91_0618-51458031589', 'NA32-91_0618', 02, 'Cover instrument panel, center, black', 'RIEGELESCHE H.', 1, to_date('20040901','YYYYMMDD'), to_date('20070301','YYYYMMDD'), '51458031589', '', 'See NoS No Stock', false);
insert into DiagramParts values('NA32-91_0618-51458031637', 'NA32-91_0618', 02, 'Cover instr. panel,center, basalt-gray', 'NUBAUM AMARONE', 1, to_date('20040901','YYYYMMDD'), to_date('20070301','YYYYMMDD'), '51458031637', '', 'See NoS No Stock', false);
insert into DiagramParts values('NA32-91_0618-51458031639', 'NA32-91_0618', 02, 'Cover instr. panel,center, basalt-gray', 'RIEGELESCHE H.', 1, to_date('20040901','YYYYMMDD'), to_date('20070301','YYYYMMDD'), '51458031639', '', 'See NoS No Stock', false);
insert into DiagramParts values('NA32-91_0618-51458031641', 'NA32-91_0618', 02, 'Cover instr. panel,center, basalt-gray', 'PIANOLACK SW', 1, to_date('20040901','YYYYMMDD'), to_date('20070301','YYYYMMDD'), '51458031641', '', 'See NoS No Stock', false);
insert into Diagram values('NA32-91_0618','NA32-20021200','91-40','E60 520i   Individual wood cover for I-panel,center','');
insert into DiagramParts values('NA32-91_0619-51167906374', 'NA32-91_0619', 02, 'Cover, dashboard, center', 'SCHWARZ', 1, to_date('20040301','YYYYMMDD'), to_date('20040901','YYYYMMDD'), '51167906374', '$206.56', '', false);
insert into Diagram values('NA32-91_0619','NA32-20021200','91-40','E60 520i   Indiv. cover instr. panel,center,leather','');
insert into DiagramParts values('NA32-91_0575-51418027180', 'NA32-91_0575', 01, 'Door trim panel, front right', 'INDIVIDUAL', 1, to_date('20040301','YYYYMMDD'), to_date('20070301','YYYYMMDD'), '51418027180', '$968.13', 'See NoS No Stock', false);
insert into DiagramParts values('NA32-91_0575-51418027205', 'NA32-91_0575', 02, 'Armrest, left', 'INDIVIDUAL', 1, to_date('20040301','YYYYMMDD'), to_date('20070301','YYYYMMDD'), '51418027205', '$222.08', 'See NoS No Stock', false);
insert into DiagramParts values('NA32-91_0575-51418027206', 'NA32-91_0575', 02, 'Armrest, right', 'INDIVIDUAL', 1, to_date('20040301','YYYYMMDD'), to_date('20070301','YYYYMMDD'), '51418027206', '$222.08', 'See NoS No Stock', false);
insert into Diagram values('NA32-91_0575','NA32-20021200','91-45','E60 520i   Indiv.front door trim panel,part.leather','');
insert into DiagramParts values('NA32-91_0576-51428027204', 'NA32-91_0576', 01, 'DOOR LINING LEATHER REAR RIGHT', 'INDIVIDUAL', 1, to_date('20040301','YYYYMMDD'), to_date('20070301','YYYYMMDD'), '51428027204', '$1,102.05', '+core, See NoS No Stock', false);
insert into DiagramParts values('NA32-91_0576-51428027264', 'NA32-91_0576', 01, 'DOOR LINING LEATHER REAR RIGHT', 'INDIVIDUAL', 1, to_date('20040301','YYYYMMDD'), to_date('20070301','YYYYMMDD'), '51428027264', '', '+core, See NoS No Stock', false);
insert into DiagramParts values('NA32-91_0576-51428027240', 'NA32-91_0576', 01, 'DOOR LINING LEATHER REAR RIGHT', 'INDIVIDUAL', 1, to_date('20040301','YYYYMMDD'), to_date('20070301','YYYYMMDD'), '51428027240', '', '+core, See NoS No Stock', false);
insert into DiagramParts values('NA32-91_0576-51428027330', 'NA32-91_0576', 01, 'DOOR LINING LEATHER REAR RIGHT', 'INDIVIDUAL', 1, to_date('20040301','YYYYMMDD'), to_date('20070301','YYYYMMDD'), '51428027330', '', '+core, See NoS No Stock', false);
insert into DiagramParts values('NA32-91_0576-51428027228', 'NA32-91_0576', 02, 'DOOR LINING LEATHER REAR RIGHT', 'INDIVIDUAL', 1, to_date('20040301','YYYYMMDD'), to_date('20070301','YYYYMMDD'), '51428027228', '', '+core, See NoS No Stock', false);
insert into DiagramParts values('NA32-91_0576-51428027276', 'NA32-91_0576', 02, 'DOOR LINING LEATHER REAR RIGHT', 'INDIVIDUAL', 1, to_date('20040301','YYYYMMDD'), to_date('20070301','YYYYMMDD'), '51428027276', '', 'See NoS No Stock', false);
insert into DiagramParts values('NA32-91_0576-51428027252', 'NA32-91_0576', 02, 'DOOR LINING LEATHER REAR RIGHT', 'INDIVIDUAL', 1, to_date('20040301','YYYYMMDD'), to_date('20070301','YYYYMMDD'), '51428027252', '', '+core, See NoS No Stock', false);
insert into DiagramParts values('NA32-91_0576-51428027342', 'NA32-91_0576', 02, 'DOOR LINING LEATHER REAR RIGHT', 'INDIVIDUAL', 1, to_date('20040301','YYYYMMDD'), to_date('20070301','YYYYMMDD'), '51428027342', '', '+core, See NoS No Stock', false);
insert into DiagramParts values('NA32-91_0576-51428027401', 'NA32-91_0576', 03, 'Armrest, left', 'INDIVIDUAL', 1, to_date('20040301','YYYYMMDD'), to_date('20070301','YYYYMMDD'), '51428027401', '$219.85', '+core, See NoS No Stock', false);
insert into DiagramParts values('NA32-91_0576-51428027402', 'NA32-91_0576', 03, 'Armrest, right', 'INDIVIDUAL', 1, to_date('20040301','YYYYMMDD'), to_date('20070301','YYYYMMDD'), '51428027402', '$219.85', 'See NoS No Stock', false);
insert into Diagram values('NA32-91_0576','NA32-20021200','91-45','E60 520i   Indiv. rear door trim panel,part.leather','');
insert into DiagramParts values('NA32-91_0635-51418027192', 'NA32-91_0635', 01, 'DOOR LINING LEATHER FRONT RIGHT', 'INDIVIDUAL', 1, to_date('20040901','YYYYMMDD'), to_date('20070301','YYYYMMDD'), '51418027192', '', 'See NoS No Stock', false);
insert into DiagramParts values('NA32-91_0635-51418027205', 'NA32-91_0635', 02, 'Armrest, left', 'INDIVIDUAL', 1, to_date('20040901','YYYYMMDD'), to_date('20070301','YYYYMMDD'), '51418027205', '$222.08', 'See NoS No Stock', false);
insert into DiagramParts values('NA32-91_0635-51418027206', 'NA32-91_0635', 02, 'Armrest, right', 'INDIVIDUAL', 1, to_date('20040901','YYYYMMDD'), to_date('20070301','YYYYMMDD'), '51418027206', '$222.08', 'See NoS No Stock', false);
insert into DiagramParts values('NA32-91_0635-51418029321', 'NA32-91_0635', 03, 'Door pocket, leather front left', 'INDIVIDUAL', 1, to_date('20040901','YYYYMMDD'), to_date('20070301','YYYYMMDD'), '51418029321', '', '+core, See NoS No Stock', false);
insert into DiagramParts values('NA32-91_0635-51418029322', 'NA32-91_0635', 03, 'Door pocket, leather front right', 'INDIVIDUAL', 1, to_date('20040901','YYYYMMDD'), to_date('20070301','YYYYMMDD'), '51418029322', '', '+core, See NoS No Stock', false);
insert into Diagram values('NA32-91_0635','NA32-20021200','91-45','E60 520i   Individual front door trim panel,leather','');
insert into DiagramParts values('NA32-91_0636-51428027354', 'NA32-91_0636', 01, 'DOOR LINING LEATHER REAR RIGHT', 'INDIVIDUAL', 1, to_date('20040901','YYYYMMDD'), to_date('20070301','YYYYMMDD'), '51428027354', '', '+core, See NoS No Stock', false);
insert into DiagramParts values('NA32-91_0636-51428027450', 'NA32-91_0636', 01, 'DOOR LINING LEATHER REAR RIGHT', 'INDIVIDUAL', 1, to_date('20040901','YYYYMMDD'), to_date('20070301','YYYYMMDD'), '51428027450', '', '+core, See NoS No Stock', false);
insert into DiagramParts values('NA32-91_0636-51428027378', 'NA32-91_0636', 01, 'DOOR LINING LEATHER REAR RIGHT', 'INDIVIDUAL', 1, to_date('20040901','YYYYMMDD'), to_date('20070301','YYYYMMDD'), '51428027378', '', '+core, See NoS No Stock', false);
insert into DiagramParts values('NA32-91_0636-51428027426', 'NA32-91_0636', 01, 'DOOR LINING LEATHER REAR RIGHT', 'INDIVIDUAL', 1, to_date('20040901','YYYYMMDD'), to_date('20070301','YYYYMMDD'), '51428027426', '', '+core, See NoS No Stock', false);
insert into DiagramParts values('NA32-91_0636-51428027366', 'NA32-91_0636', 02, 'DOOR LINING LEATHER REAR LEFT', 'INDIVIDUAL', 1, to_date('20040901','YYYYMMDD'), to_date('20070301','YYYYMMDD'), '51428027366', '', '+core, See NoS No Stock', false);
insert into DiagramParts values('NA32-91_0636-51428027462', 'NA32-91_0636', 02, 'DOOR LINING LEATHER REAR RIGHT', 'INDIVIDUAL', 1, to_date('20040901','YYYYMMDD'), to_date('20070301','YYYYMMDD'), '51428027462', '', '+core, See NoS No Stock', false);
insert into DiagramParts values('NA32-91_0636-51428027390', 'NA32-91_0636', 02, 'DOOR LINING LEATHER REAR RIGHT', 'INDIVIDUAL', 1, to_date('20040901','YYYYMMDD'), to_date('20070301','YYYYMMDD'), '51428027390', '', '+core, See NoS No Stock', false);
insert into DiagramParts values('NA32-91_0636-51428027438', 'NA32-91_0636', 02, 'DOOR LINING LEATHER REAR RIGHT', 'INDIVIDUAL', 1, to_date('20040901','YYYYMMDD'), to_date('20070301','YYYYMMDD'), '51428027438', '', '+core, See NoS No Stock', false);
insert into DiagramParts values('NA32-91_0636-51428027401', 'NA32-91_0636', 03, 'Armrest, left', 'INDIVIDUAL', 1, to_date('20040901','YYYYMMDD'), to_date('20070301','YYYYMMDD'), '51428027401', '$219.85', '+core, See NoS No Stock', false);
insert into DiagramParts values('NA32-91_0636-51428027402', 'NA32-91_0636', 03, 'Armrest, right', 'INDIVIDUAL', 1, to_date('20040901','YYYYMMDD'), to_date('20070301','YYYYMMDD'), '51428027402', '$219.85', 'See NoS No Stock', false);
insert into DiagramParts values('NA32-91_0636-51428029337', 'NA32-91_0636', 04, 'Door pocket, leather rear left', 'INDIVIDUAL', 1, to_date('20040901','YYYYMMDD'), to_date('20070301','YYYYMMDD'), '51428029337', '', '+core, See NoS No Stock', false);
insert into DiagramParts values('NA32-91_0636-51428029338', 'NA32-91_0636', 04, 'Door pocket, leather rear right', 'INDIVIDUAL', 1, to_date('20040901','YYYYMMDD'), to_date('20070301','YYYYMMDD'), '51428029338', '', '+core, See NoS No Stock', false);
insert into DiagramParts values('NA32-91_0636-51428029350', 'NA32-91_0636', 04, 'Door pocket, leather rear right', 'INDIVIDUAL', 1, to_date('20040901','YYYYMMDD'), to_date('20070301','YYYYMMDD'), '51428029350', '', '+core, See NoS No Stock', false);
insert into Diagram values('NA32-91_0636','NA32-20021200','91-45','E60 520i   Individual rear door trim panel,leather','');
insert into Diagram values('NA32-91_0502','NA32-20021200','91-50','E60 520i   Individual slide/tilt sunroof','');
insert into Diagram values('NA32-91_0697','NA32-20021200','91-50','E60 520i   Individual moulded headliner, Alcantara','');
insert into Diagram values('NA32-91_0698','NA32-20021200','91-50','E60 520i   Individual sun visor, Alcantara','');
insert into Diagram values('NA32-91_0699','NA32-20021200','91-50','E60 520i   Individual A, B, C pillar covers, top','');
insert into Diagram values('NA32-91_0700','NA32-20021200','91-50','E60 520i   Individual rear window shelf, Alcantara','');
insert into Diagram values('NA32-91_0704','NA32-20021200','91-57','E60 520i   Individual floor mats, Leather border','');
insert into Diagram values('NA32-91_0581','NA32-20021200','91-60','E60 520i   Individ. rear panel Basic /Sports seat','');
insert into Diagram values('NA32-91_0582','NA32-20021200','91-60','E60 520i   Individ. rear panel,leather comfort seat','');
insert into Diagram values('NA32-91_0585','NA32-20021200','91-60','E60 520i   Indiv.cover, basic seat, front','');
insert into Diagram values('NA32-91_0586','NA32-20021200','91-60','E60 520i   Individual sports seat cover, front','');
insert into Diagram values('NA32-91_0587','NA32-20021200','91-60','E60 520i   Indiv. cover for Comfort Seat, front, LC','');
insert into Diagram values('NA32-91_0588','NA32-20021200','91-60','E60 520i   Individual cover,Klima-Leather comf.seat','');
insert into Diagram values('NA32-91_0746','NA32-20021200','91-60','E60 520i   Individual cover, Sport seat, front LC','');
insert into Diagram values('NA32-91_0772','NA32-20021200','91-60','E60 520i   Individual uphols, base seat, front, LC','');
insert into Diagram values('NA32-91_0593','NA32-20021200','91-65','E60 520i   Indiv.cover basic seat, rear','');
insert into Diagram values('NA32-91_0594','NA32-20021200','91-65','E60 520i   Individual sports seat cover, rear','');
insert into Diagram values('NA32-91_0595','NA32-20021200','91-65','E60 520i   Individual cover rear comfort seat','');
insert into Diagram values('NA32-91_0596','NA32-20021200','91-65','E60 520i   Individual cover Klima-Leather, rear','');
insert into Diagram values('NA32-91_0597','NA32-20021200','91-65','E60 520i   Individ.through-loading syst.,rear seat','');
insert into Diagram values('NA32-91_0598','NA32-20021200','91-65','E60 520i   I.through-loading S.KlimaLeather,rr seat','');
insert into Diagram values('NA32-91_0747','NA32-20021200','91-65','E60 520i   Indiv. cover for seat, rear, LC','');
insert into Diagram values('NA32-91_0748','NA32-20021200','91-65','E60 520i   Indiv. load-through for seat, rear, LC','');
insert into Diagram values('NA32-91_0577','NA32-20021200','91-70','E60 520i   Indv. headrest, basic seat, front','');
insert into Diagram values('NA32-91_0579','NA32-20021200','91-70','E60 520i   Ind. headrest, sports seat, front','');
insert into Diagram values('NA32-91_0580','NA32-20021200','91-70','E60 520i   Ind. headrest, comfort seat, front','');
insert into Diagram values('NA32-91_0589','NA32-20021200','91-75','E60 520i   Indv. headrest, basic seat, rear','');
insert into Diagram values('NA32-91_0590','NA32-20021200','91-75','E60 520i   Ind. headrest, sports seat, rear','');
insert into Diagram values('NA32-91_0591','NA32-20021200','91-75','E60 520i   Ind. headrest, comfort seat, rear','');
insert into Diagram values('NA32-91_0599','NA32-20021200','91-80','E60 520i   Individual armrest of rear basic seat','');
insert into Diagram values('NA32-91_0600','NA32-20021200','91-80','E60 520i   Individual armrest of rear sports seat','');
insert into Diagram values('NA32-91_0601','NA32-20021200','91-80','E60 520i   Individual armrest of rear comfort seat','');
insert into Diagram values('NA32-91_0602','NA32-20021200','91-80','E60 520i   Ind.armrest load-through syst.basic seat','');
insert into Diagram values('NA32-91_0603','NA32-20021200','91-80','E60 520i   Ind.armrest load-through syst.sport seat','');
insert into Diagram values('NA32-91_0604','NA32-20021200','91-80','E60 520i   Ind.armrest load-through syst. comf.seat','');
insert into ProdCodeDate values('NA31-20030100','NA31',to_date('20030101','YYYYMMDD'));
insert into ProdCodeDate values('NA32-20030100','NA32',to_date('20030101','YYYYMMDD'));
insert into DiagramParts values('NA32-51_5246-51470398794', 'NA32-51_5246', 01, 'Set of floor mats City', 'ANTHRAZIT', 1, to_date('20041101','YYYYMMDD'), to_date('20070901','YYYYMMDD'), '51470398794', '', '+core, ENDED', false);
insert into DiagramParts values('NA32-51_5246-51470398795', 'NA32-51_5246', 01, 'Set of floor mats City', 'BEIGE 3', 1, to_date('20041101','YYYYMMDD'), to_date('20070901','YYYYMMDD'), '51470398795', '', '+core, ENDED', false);
insert into DiagramParts values('NA32-51_5246-51470398796', 'NA32-51_5246', 01, 'Set of floor mats City', 'GRAU 60', 1, to_date('20041101','YYYYMMDD'), to_date('20070901','YYYYMMDD'), '51470398796', '', '+core, ENDED', false);
insert into ProdCodeDate values('NA31-20030200','NA31',to_date('20030201','YYYYMMDD'));
insert into ProdCodeDate values('NA32-20030200','NA32',to_date('20030201','YYYYMMDD'));
insert into ProdCodeDate values('NA31-20030300','NA31',to_date('20030301','YYYYMMDD'));
insert into ProdCodeDate values('NA32-20030300','NA32',to_date('20030301','YYYYMMDD'));
insert into ProdCodeDate values('NA31-20030400','NA31',to_date('20030401','YYYYMMDD'));
insert into ProdCodeDate values('NA32-20030400','NA32',to_date('20030401','YYYYMMDD'));
insert into ProdCodeDate values('NA31-20030500','NA31',to_date('20030501','YYYYMMDD'));
insert into ProdCodeDate values('NA32-20030500','NA32',to_date('20030501','YYYYMMDD'));
insert into ProdCodeDate values('NA31-20030600','NA31',to_date('20030601','YYYYMMDD'));
insert into ProdCodeDate values('NA32-20030600','NA32',to_date('20030601','YYYYMMDD'));
insert into ProdCodeDate values('NA31-20030700','NA31',to_date('20030701','YYYYMMDD'));
insert into ProdCodeDate values('NA32-20030700','NA32',to_date('20030701','YYYYMMDD'));
insert into ProdCodeDate values('NA31-20030800','NA31',to_date('20030801','YYYYMMDD'));
insert into ProdCodeDate values('NA32-20030800','NA32',to_date('20030801','YYYYMMDD'));
insert into ProdCodeDate values('NA31-20030900','NA31',to_date('20030901','YYYYMMDD'));
insert into ProdCodeDate values('NA32-20030900','NA32',to_date('20030901','YYYYMMDD'));
insert into ProdCodeDate values('NA31-20031000','NA31',to_date('20031001','YYYYMMDD'));
insert into ProdCodeDate values('NA32-20031000','NA32',to_date('20031001','YYYYMMDD'));
insert into ProdCodeDate values('NA31-20031100','NA31',to_date('20031101','YYYYMMDD'));
insert into ProdCodeDate values('NA32-20031100','NA32',to_date('20031101','YYYYMMDD'));
insert into ProdCodeDate values('NA31-20031200','NA31',to_date('20031201','YYYYMMDD'));
insert into ProdCodeDate values('NA32-20031200','NA32',to_date('20031201','YYYYMMDD'));
insert into ProdCodeDate values('NA31-20040100','NA31',to_date('20040101','YYYYMMDD'));
insert into ProdCodeDate values('NA32-20040100','NA32',to_date('20040101','YYYYMMDD'));
insert into ProdCodeDate values('NA31-20040200','NA31',to_date('20040201','YYYYMMDD'));
insert into ProdCodeDate values('NA32-20040200','NA32',to_date('20040201','YYYYMMDD'));
insert into ProdCodeDate values('NA31-20040300','NA31',to_date('20040301','YYYYMMDD'));
insert into ProdCodeDate values('NA32-20040300','NA32',to_date('20040301','YYYYMMDD'));
insert into ProdCodeDate values('NA31-20040400','NA31',to_date('20040401','YYYYMMDD'));
insert into ProdCodeDate values('NA32-20040400','NA32',to_date('20040401','YYYYMMDD'));
insert into ProdCodeDate values('NA31-20040500','NA31',to_date('20040501','YYYYMMDD'));
insert into ProdCodeDate values('NA32-20040500','NA32',to_date('20040501','YYYYMMDD'));
insert into ProdCodeDate values('NA31-20040600','NA31',to_date('20040601','YYYYMMDD'));
insert into ProdCodeDate values('NA32-20040600','NA32',to_date('20040601','YYYYMMDD'));
insert into ProdCodeDate values('NA31-20040700','NA31',to_date('20040701','YYYYMMDD'));
insert into ProdCodeDate values('NA32-20040700','NA32',to_date('20040701','YYYYMMDD'));
insert into ProdCodeDate values('NA31-20040800','NA31',to_date('20040801','YYYYMMDD'));
insert into ProdCodeDate values('NA32-20040800','NA32',to_date('20040801','YYYYMMDD'));
insert into ProdCodeDate values('NA31-20040900','NA31',to_date('20040901','YYYYMMDD'));
insert into ProdCodeDate values('NA32-20040900','NA32',to_date('20040901','YYYYMMDD'));
insert into ProdCodeDate values('NA31-20041000','NA31',to_date('20041001','YYYYMMDD'));
insert into ProdCodeDate values('NA32-20041000','NA32',to_date('20041001','YYYYMMDD'));
insert into ProdCodeDate values('NA31-20041100','NA31',to_date('20041101','YYYYMMDD'));
insert into ProdCodeDate values('NA32-20041100','NA32',to_date('20041101','YYYYMMDD'));
insert into ProdCodeDate values('NA31-20041200','NA31',to_date('20041201','YYYYMMDD'));
insert into ProdCodeDate values('NA32-20041200','NA32',to_date('20041201','YYYYMMDD'));
insert into ProdCodeDate values('NA31-20050100','NA31',to_date('20050101','YYYYMMDD'));
insert into ProdCodeDate values('NA32-20050100','NA32',to_date('20050101','YYYYMMDD'));
insert into ProdCodeDate values('NA31-20050200','NA31',to_date('20050201','YYYYMMDD'));
insert into ProdCodeDate values('NA32-20050200','NA32',to_date('20050201','YYYYMMDD'));
insert into Model values('530xi','E60','Lim','530xi','ECE');
insert into Model values('530xi','E60','Lim','530xi','USA');
insert into ProdCode values('NF73','530xi','Lim','E60','USA','N52','L','07/2004 E60 530xi Sedan N52 USA Left hand drive ');
insert into ProdCodeDate values('NF73-20040700','NF73',to_date('20040701','YYYYMMDD'));
insert into DiagramParts values('NF73-01_0206-01420013764', 'NF73-01_0206', 12, 'Care tips, CDN French', 'ALLE MODELLE', 1, to_date('19950901','YYYYMMDD'), to_date('20070901','YYYYMMDD'), '01420013764', '', '', false);
insert into Diagram values('NF73-01_0206','NF73-20040700','01-05','E60 530xi   BMW care tips','');
insert into DiagramParts values('NF73-01_0207-01430157437', 'NF73-01_0207', 28, 'Technical information, US Spanish', 'ALLE US MODELLE', 1, to_date('20020901','YYYYMMDD'), to_date('20040401','YYYYMMDD'), '01430157437', '$13.10', '', false);
insert into Diagram values('NF73-01_0207','NF73-20040700','01-05','E60 530xi   BMW technical information','');
insert into DiagramParts values('NF73-01_0250-01410158518', 'NF73-01_0250', 11, 'Owner&apos;s handbook E60', 'EN US, MJ 2005', 1, to_date('20040901','YYYYMMDD'), to_date('20050301','YYYYMMDD'), '01410158518', '$66.78', '', false);
insert into DiagramParts values('NF73-01_0250-01410159251', 'NF73-01_0250', 11, 'Owner&apos;s handbook E60, E61', 'EN US, MJ 2005', 1, to_date('20050301','YYYYMMDD'), to_date('20050901','YYYYMMDD'), '01410159251', '$66.78', '', false);
insert into DiagramParts values('NF73-01_0250-01410159736', 'NF73-01_0250', 11, 'Owner&apos;s handbook E60, E61', 'EN US, MJ 2006', 1, to_date('20050901','YYYYMMDD'), to_date('20060301','YYYYMMDD'), '01410159736', '$66.78', '', false);
insert into DiagramParts values('NF73-01_0250-01410012211', 'NF73-01_0250', 11, 'Owner&apos;s handbook E60, E61', 'EN US, MJ 2006', 1, to_date('20060301','YYYYMMDD'), to_date('20060901','YYYYMMDD'), '01410012211', '$66.78', '', false);
insert into DiagramParts values('NF73-01_0250-01410012828', 'NF73-01_0250', 11, 'Owner&apos;s handbook E60, E61', 'EN US, MJ 2007', 1, to_date('20060901','YYYYMMDD'), to_date('20070301','YYYYMMDD'), '01410012828', '$66.78', '', false);
insert into DiagramParts values('NF73-01_0250-01420158519', 'NF73-01_0250', 12, 'Owner&apos;s handbook E60', 'FR-CA, MJ 2005', 1, to_date('20040901','YYYYMMDD'), to_date('20050301','YYYYMMDD'), '01420158519', '', '', false);
insert into DiagramParts values('NF73-01_0250-01420159252', 'NF73-01_0250', 12, 'Owner&apos;s handbook E60, E61', 'FR CA, MJ 2005', 1, to_date('20050301','YYYYMMDD'), to_date('20050901','YYYYMMDD'), '01420159252', '', '', false);
insert into DiagramParts values('NF73-01_0250-01420159737', 'NF73-01_0250', 12, 'Owner&apos;s handbook E60, E61', 'FR CA, MJ 2006', 1, to_date('20050901','YYYYMMDD'), to_date('20060301','YYYYMMDD'), '01420159737', '', '', false);
insert into DiagramParts values('NF73-01_0250-01420012212', 'NF73-01_0250', 12, 'Owner&apos;s handbook E60, E61', 'FR CA, MJ 2006', 1, to_date('20060301','YYYYMMDD'), to_date('20060901','YYYYMMDD'), '01420012212', '', '', false);
insert into DiagramParts values('NF73-01_0250-01400012829', 'NF73-01_0250', 12, 'Owner&apos;s handbook E60, E61', 'FR CA, MJ 2007', 1, to_date('20060901','YYYYMMDD'), to_date('20070301','YYYYMMDD'), '01400012829', '', '', false);
insert into Diagram values('NF73-01_0250','NF73-20040700','01-05','E60 530xi   Owner&apos;s handbook E60, E61','');
insert into Diagram values('NF73-01_0780','NF73-20040700','01-05','E60 530xi   Brochure Service Contact, BMW','');
insert into Diagram values('NF73-01_0169','NF73-20040700','01-21','E60 530xi   Logbook slipcase BMW','');
insert into Diagram values('NF73-01_1140','NF73-20040700','01-21','E60 530xi   Logbook slipcase BMW','');
insert into DiagramParts values('NF73-01_0029-01410159386', 'NF73-01_0029', 01, 'Supplem. to owner&apos;s manual, Australia', 'E60, E61 MJ 05', 1, to_date('20050301','YYYYMMDD'), to_date('20050901','YYYYMMDD'), '01410159386', '', '', false);
insert into DiagramParts values('NF73-01_0029-01412600069', 'NF73-01_0029', 01, 'Supplem. to owner&apos;s manual, Australia', 'E60, E61, MJ 06', 1, to_date('20050901','YYYYMMDD'), to_date('20070301','YYYYMMDD'), '01412600069', '', '', false);
insert into Diagram values('NF73-01_0029','NF73-20040700','01-24','E60 530xi   Supplem. to owner&apos;s manual, Australia','');
insert into Diagram values('NF73-01_0670','NF73-20040700','01-35','E60 530xi   battery charge calendar','');
insert into Diagram values('NF73-01_0233','NF73-20040700','01-52','E60 530xi   Mounting information, Owner&apos;s Manual BMW','');
insert into Diagram values('NF73-01_0299','NF73-20040700','01-52','E60 530xi   BMW assembly instructions','');
insert into Diagram values('NF73-01_0635','NF73-20040700','01-60','E60 530xi   BMW form','');
insert into Diagram values('NF73-01_0636','NF73-20040700','01-62','E60 530xi   Trailer, BMW','');
insert into Diagram values('NF73-01_0637','NF73-20040700','01-64','E60 530xi   Sticker, BMW','');
insert into Diagram values('NF73-01_0639','NF73-20040700','01-65','E60 530xi   Labels BMW','');
insert into DiagramParts values('NF73-01_0671-01399789699', 'NF73-01_0671', 01, 'CD literature', 'LITERATUR', 1, to_date('19820901','YYYYMMDD'), to_date('19901201','YYYYMMDD'), '01399789699', '$8.11', '', false);
insert into Diagram values('NF73-01_0671','NF73-20040700','01-70','E60 530xi   BMW CD/DVD miscellaneous','');
insert into Diagram values('NF73-01_0737','NF73-20040700','01-70','E60 530xi   CD/DVD SIP complete vehicle BMW','');
insert into Diagram values('NF73-01_1172','NF73-20040700','01-70','E60 530xi   DVD Web Based Training','');
insert into Diagram values('NF73-01_0854','NF73-20040700','01-94','E60 530xi   Sample chart, upholstery colors, leather','');
insert into Diagram values('NF73-01_0954','NF73-20040700','01-94','E60 530xi   Sample page, upholstery colors, fabric','');
insert into Diagram values('NF73-01_0955','NF73-20040700','01-94','E60 530xi   Sample chart, upholstery colors, leather','');
insert into Diagram values('NF73-01_0957','NF73-20040700','01-94','E60 530xi   Sample chart with interior moldings','');
insert into Diagram values('NF73-01_0958','NF73-20040700','01-94','E60 530xi   Sample chart with interior moldings','');
insert into Diagram values('NF73-01_0959','NF73-20040700','01-94','E60 530xi   Sample chart with interior colors','');
insert into Diagram values('NF73-01_0960','NF73-20040700','01-94','E60 530xi   Sample chart with interior colors','');
insert into Diagram values('NF73-11_3730','NF73-20040700','11-05','E60 530xi   Short Engine','');
insert into Diagram values('NF73-11_3731','NF73-20040700','11-10','E60 530xi   Engine block','');
insert into Diagram values('NF73-11_3732','NF73-20040700','11-10','E60 530xi   Engine Block Mounting Parts','');
insert into Diagram values('NF73-11_3742','NF73-20040700','11-10','E60 530xi   Cylinder crankcase/Heli-Coil insert','');
insert into Diagram values('NF73-11_3865','NF73-20040700','11-10','E60 530xi   Oil Pan','');
insert into Diagram values('NF73-11_3734','NF73-20040700','11-15','E60 530xi   Cylinder Head','');
insert into Diagram values('NF73-11_3735','NF73-20040700','11-15','E60 530xi   Cylinder Head Attached Parts','');
insert into Diagram values('NF73-11_3736','NF73-20040700','11-15','E60 530xi   Cylinder head, electr. add-on parts','');
insert into Diagram values('NF73-11_3737','NF73-20040700','11-15','E60 530xi   Cylinder head cover','');
insert into Diagram values('NF73-11_3738','NF73-20040700','11-15','E60 530xi   Crankcase-Ventilation/oil separator','');
insert into Diagram values('NF73-11_3739','NF73-20040700','11-18','E60 530xi   Belt Drive-Vibration Damper','');
insert into Diagram values('NF73-11_3740','NF73-20040700','11-18','E60 530xi   Belt drive-generator/AC/power steering','');
insert into Diagram values('NF73-11_3185','NF73-20040700','11-20','E60 530xi   Crankshaft Connecting Rod','');
insert into Diagram values('NF73-11_3186','NF73-20040700','11-20','E60 530xi   Crankshaft-Pistons','');
insert into Diagram values('NF73-11_3187','NF73-20040700','11-20','E60 530xi   Flywheel / Twin Mass Flywheel','');
insert into Diagram values('NF73-11_3188','NF73-20040700','11-20','E60 530xi   Flywheel automatic','');
insert into Diagram values('NF73-11_3741','NF73-20040700','11-20','E60 530xi   Crankshaft With Bearing Shells','');
insert into Diagram values('NF73-11_3746','NF73-20040700','11-25','E60 530xi   Timing and valve train-timing chain','');
insert into Diagram values('NF73-11_3747','NF73-20040700','11-25','E60 530xi   Valve timing gear, camshaft, inlet','');
insert into Diagram values('NF73-11_3748','NF73-20040700','11-25','E60 530xi   Valve timing gear, eccentric shaft','');
insert into Diagram values('NF73-11_3750','NF73-20040700','11-25','E60 530xi   Valve timing gear, camshaft, outlet','');
insert into Diagram values('NF73-11_3751','NF73-20040700','11-30','E60 530xi   Lubrication system/Oil pump','');
insert into Diagram values('NF73-11_3754','NF73-20040700','11-35','E60 530xi   Waterpump - Thermostat','');
insert into DiagramParts values('NF73-11_3755-07129905030', 'NF73-11_3755', 18, 'ASA-Bolt', 'M6X12', 1, to_date('20040901','YYYYMMDD'), to_date('20070401','YYYYMMDD'), '07129905030', '$1.53', '', false);
insert into Diagram values('NF73-11_3755','NF73-20040700','11-35','E60 530xi   Cooling System Water Hoses','');
insert into Diagram values('NF73-11_3756','NF73-20040700','11-40','E60 530xi   Intake manifold system','');
insert into Diagram values('NF73-11_3757','NF73-20040700','11-40','E60 530xi   MOUNTING PARTS F INTAKE MANIFOLD SYSTEM','');
insert into Diagram values('NF73-11_3758','NF73-20040700','11-45','E60 530xi   Vacuum pump','');
insert into Diagram values('NF73-11_5186','NF73-20040700','11-88','E60 530xi   Inspection kit I Value Line','');
insert into Diagram values('NF73-11_5187','NF73-20040700','11-88','E60 530xi   Inspection kit II Value Line','');
insert into Diagram values('NF73-12_1139','NF73-20040700','12-05','E60 530xi   Sensors','');
insert into DiagramParts values('NF73-12_1417-12137551049', 'NF73-12_1417', 01, 'Ignition coil', 'BOSCH', 6, to_date('20060401','YYYYMMDD'), to_date('20071001','YYYYMMDD'), '12137551049', '', 'ENDED', false);
insert into DiagramParts values('NF73-12_1417-12137571643', 'NF73-12_1417', 01, 'Ignition coil', 'BOSCH', 6, to_date('20060401','YYYYMMDD'), to_date('20090301','YYYYMMDD'), '12137571643', '', 'ENDED', false);
insert into Diagram values('NF73-12_1417','NF73-20040700','12-05','E60 530xi   Ignition coil/spark plug','');
insert into Diagram values('NF73-12_1359','NF73-20040700','12-10','E60 530xi   Basic cotrol unit DME / MSV70','');
insert into Diagram values('NF73-12_1198','NF73-20040700','12-20','E60 530xi   Generator','');
insert into Diagram values('NF73-12_1245','NF73-20040700','12-22','E60 530xi   Alternator, individual parts','');
insert into Diagram values('NF73-12_1161','NF73-20040700','12-25','E60 530xi   Starter','');
insert into Diagram values('NF73-12_1070','NF73-20040700','12-28','E60 530xi   Engine wiring harness, engine module','');
insert into Diagram values('NF73-12_1095','NF73-20040700','12-28','E60 530xi   wiring harness, engine trans. module','');
insert into Diagram values('NF73-12_1248','NF73-20040700','12-28','E60 530xi   Wiring harness transmission DXC','');
insert into Diagram values('NF73-12_1341','NF73-20040700','12-28','E60 530xi   Cable harness injection valve/ignition','');
insert into Diagram values('NF73-12_1169','NF73-20040700','12-29','E60 530xi   DIVERSE SMALL PARTS','');
insert into Diagram values('NF73-12_1339','NF73-20040700','12-29','E60 530xi   Cable starter','');
insert into Diagram values('NF73-12_1376','NF73-20040700','12-30','E60 530xi   Interference-suppression band','');
insert into Diagram values('NF73-12_1238','NF73-20040700','12-31','E60 530xi   CABLE HOLDER/COVERING','');
insert into Diagram values('NF73-12_1340','NF73-20040700','12-31','E60 530xi   Cable Harness Fixings','');
insert into Diagram values('NF73-12_1460','NF73-20040700','12-31','E60 530xi   DIVERSE SMALL PARTS','');
insert into Diagram values('NF73-12_1249','NF73-20040700','12-32','E60 530xi   End cap','');
insert into Diagram values('NF73-12_1205','NF73-20040700','12-35','E60 530xi   RELAY MOTOR','');
insert into Diagram values('NF73-12_1234','NF73-20040700','12-35','E60 530xi   Control unit box','');
insert into Diagram values('NF73-13_1034','NF73-20040700','13-15','E60 530xi   FUEL TANK BREATHER VALVE','');
insert into Diagram values('NF73-13_1129','NF73-20040700','13-15','E60 530xi   FUEL INJECTION SYSTEM/INJECTION VALVE','');
insert into Diagram values('NF73-13_1130','NF73-20040700','13-15','E60 530xi   Throttle Housing Assy','');
insert into Diagram values('NF73-13_1029','NF73-20040700','13-20','E60 530xi   Intake muffler/Filter cartridge/HFM','');
insert into Diagram values('NF73-16_0559','NF73-20040700','16-05','E60 530xi   Fuel tank/mounting parts','');
insert into Diagram values('NF73-16_0560','NF73-20040700','16-10','E60 530xi   Activated Charcoal Filter/FUEL VENTILAT','');
insert into Diagram values('NF73-16_0550','NF73-20040700','16-15','E60 530xi   Fuel pipe and scavenging line','');
insert into Diagram values('NF73-16_0553','NF73-20040700','16-15','E60 530xi   Fuel pump/Fuel level sensor right','');
insert into Diagram values('NF73-16_0554','NF73-20040700','16-15','E60 530xi   Fuel filter /Fuel level sensor left','');
insert into Diagram values('NF73-16_0555','NF73-20040700','16-15','E60 530xi   Control unit for fuel pump','');
insert into Diagram values('NF73-17_0271','NF73-20040700','17-05','E60 530xi   Power steering cooler','');
insert into Diagram values('NF73-17_0272','NF73-20040700','17-05','E60 530xi   Cooling water expansion tank','');
insert into Diagram values('NF73-17_0275','NF73-20040700','17-05','E60 530xi   Transmission oil cooler line','');
insert into Diagram values('NF73-17_0276','NF73-20040700','17-05','E60 530xi   MOUNTING PARTS F RADIATOR','');
insert into Diagram values('NF73-17_0284','NF73-20040700','17-05','E60 530xi   Fan shroud/fan','');
insert into Diagram values('NF73-17_0326','NF73-20040700','17-30','E60 530xi   Cooling System Water Hoses','');
insert into Diagram values('NF73-17_0327','NF73-20040700','17-30','E60 530xi   Cooling System Water Hoses','');
insert into Diagram values('NF73-18_0566','NF73-20040700','18-10','E60 530xi   Exhaust manifold with catalyst','');
insert into Diagram values('NF73-18_0581','NF73-20040700','18-10','E60 530xi   Catalytic converter/Front silencer','');
insert into Diagram values('NF73-18_0610','NF73-20040700','18-10','E60 530xi   Lambda Probe Fixings','');
insert into Diagram values('NF73-18_0582','NF73-20040700','18-20','E60 530xi   Exhaust system, rear','');
insert into Diagram values('NF73-21_0229','NF73-20040700','21-05','E60 530xi   Clutch','');
insert into Diagram values('NF73-21_0183','NF73-20040700','21-10','E60 530xi   Clutch control','');
insert into Diagram values('NF73-22_0117','NF73-20040700','22-05','E60 530xi   Engine Suspension','');
insert into Diagram values('NF73-22_0059','NF73-20040700','22-10','E60 530xi   Gearbox suspension, 4-wheel drive','');
insert into Diagram values('NF73-23_0924','NF73-20040700','23-05','E60 530xi   Manual Transmission GS6X37BZ/DZ- 4-wheel','');
insert into Diagram values('NF73-23_0979','NF73-20040700','23-10','E60 530xi   GEARBOX MOUNTING PARTS','');
insert into Diagram values('NF73-23_0990','NF73-20040700','23-15','E60 530xi   GS6X37BZ grbx housing and mount. parts','');
insert into Diagram values('NF73-23_0991','NF73-20040700','23-15','E60 530xi   GS6X37BZ inner gear shifting parts','');
insert into Diagram values('NF73-24_1060','NF73-20040700','24-05','E60 530xi   Automatic transmiss. GA6HP19Z - 4-wheel','');
insert into Diagram values('NF73-24_1088','NF73-20040700','24-10','E60 530xi   GEARBOX MOUNTING PARTS','');
insert into Diagram values('NF73-24_1044','NF73-20040700','24-15','E60 530xi   GA6HP19Z oil pan','');
insert into Diagram values('NF73-24_1046','NF73-20040700','24-15','E60 530xi   GA6HP19Z Mechatronics','');
insert into Diagram values('NF73-24_1047','NF73-20040700','24-15','E60 530xi   GA6HP19Z Mechatronics mounting parts','');
insert into Diagram values('NF73-24_1069','NF73-20040700','24-15','E60 530xi   GA6HP19 housing for mounting parts 4WD','');
insert into Diagram values('NF73-24_1097','NF73-20040700','24-15','E60 530xi   GA6HP19Z circuit control components','');
insert into Diagram values('NF73-24_1372','NF73-20040700','24-15','E60 530xi   Fluid-change kit, autom. transmission','');
insert into Diagram values('NF73-25_0408','NF73-20040700','25-05','E60 530xi   Gear shift parts,manual transm./4-wheel','');
insert into Diagram values('NF73-25_0357','NF73-20040700','25-10','E60 530xi   GEAR SHIFT KNOBS/SHIFT LEVER COVERINGS','');
insert into Diagram values('NF73-25_0409','NF73-20040700','25-20','E60 530xi   Gear shift Steptronic,all-wheel-drive','');
insert into Diagram values('NF73-25_0362','NF73-20040700','25-25','E60 530xi   Selector lever handles / Covers','');
insert into Diagram values('NF73-25_0328','NF73-20040700','25-95','E60 530xi   Retrofit, leather gearshift knob','');
insert into Diagram values('NF73-25_0424','NF73-20040700','25-95','E60 530xi   Retrofit, wooden selector lever knob','');
insert into Diagram values('NF73-26_0210','NF73-20040700','26-05','E60 530xi   Drive shaft, 4-wheel','');
insert into Diagram values('NF73-26_0226','NF73-20040700','26-10','E60 530xi   Drive shaft, single components, 4-wheel','');
insert into Diagram values('NF73-27_0029','NF73-20040700','27-05','E60 530xi   Transfer case ATC 300','');
insert into Diagram values('NF73-27_0030','NF73-20040700','27-10','E60 530xi   GEARBOX MOUNTING PARTS','');
insert into Diagram values('NF73-27_0032','NF73-20040700','27-15','E60 530xi   Single parts f transfer case ATC 300','');
insert into Diagram values('NF73-27_0031','NF73-20040700','27-20','E60 530xi   Control unit, transfer box','');
insert into Diagram values('NF73-27_0043','NF73-20040700','27-20','E60 530xi   Control unit, transfer box','');
insert into Diagram values('NF73-31_0676','NF73-20040700','31-05','E60 530xi   HEADLIGHT VERTICAL AIM CONTROL SENSOR','');
insert into Diagram values('NF73-31_0729','NF73-20040700','31-05','E60 530xi   Frnt axle support,wishbone/tension strut','');
insert into Diagram values('NF73-31_1040','NF73-20040700','31-05','E60 530xi   Repair kit for radius rods and wishbones','');
insert into Diagram values('NF73-31_0395','NF73-20040700','31-10','E60 530xi   FRONT COIL SPRING','');
insert into Diagram values('NF73-31_0730','NF73-20040700','31-10','E60 530xi   Front Spring strut/Carrier/Wheel bearing','');
insert into Diagram values('NF73-31_0731','NF73-20040700','31-10','E60 530xi   Stabilizer, front','');
insert into Diagram values('NF73-31_0739','NF73-20040700','31-10','E60 530xi   GUIDE SUPPORT/SPRING PAD/ATTACHING PARTS','');
insert into Diagram values('NF73-31_1044','NF73-20040700','31-10','E60 530xi   Repair kits, anti-roll bar, front','');
insert into Diagram values('NF73-31_1046','NF73-20040700','31-10','E60 530xi   Repair kit, wheel bearing, front','');
insert into DiagramParts values('NF73-31_1050-34106771599', 'NF73-31_1050', 09, 'Hex bolt', 'M12X1,5X41 ZNS3', 4, to_date('20051101','YYYYMMDD'), to_date('20101001','YYYYMMDD'), '34106771599', '', 'ENDED', false);
insert into Diagram values('NF73-31_1050','NF73-20040700','31-10','E60 530xi   Repair kit for support bearing','');
insert into Diagram values('NF73-31_0718','NF73-20040700','31-15','E60 530xi   Final drive (front axle), parts, 4-wheel','');
insert into Diagram values('NF73-31_0719','NF73-20040700','31-20','E60 530xi   Final drive(frnt axle),output shaft,4whl','');
insert into Diagram values('NF73-32_1420','NF73-20040700','32-10','E60 530xi   Hydro steering box','');
insert into Diagram values('NF73-32_1627','NF73-20040700','32-10','E60 530xi   Ctrl mod./rot. rate sensor act.steering','');
insert into Diagram values('NF73-32_1526','NF73-20040700','32-15','E60 530xi   Power steering pump','');
insert into Diagram values('NF73-32_1431','NF73-20040700','32-20','E60 530xi   OIL CARRIER/SINGLE PARTS','');
insert into Diagram values('NF73-32_1577','NF73-20040700','32-20','E60 530xi   HYDRO STEERING-OIL PIPES','');
insert into Diagram values('NF73-32_1422','NF73-20040700','32-25','E60 530xi   STEERING LINKAGE/TIE RODS','');
insert into Diagram values('NF73-32_1593','NF73-20040700','32-30','E60 530xi   Electron.steer. column adj./add-on parts','');
insert into Diagram values('NF73-32_1604','NF73-20040700','32-30','E60 530xi   Electron.steer. column adj./add-on parts','');
insert into Diagram values('NF73-32_1436','NF73-20040700','32-35','E60 530xi   Steering wheel Airbag-Smart multifunct.','');
insert into Diagram values('NF73-32_1462','NF73-20040700','32-35','E60 530xi   Sport st.whl.airbag-smart /Multifunction','');
insert into Diagram values('NF73-32_1552','NF73-20040700','32-35','E60 530xi   M sports strng whl,airb.-smart,multifunc','');
insert into DiagramParts values('NF73-32_1501-32340409261', 'NF73-32_1501', 01, 'Airbag sport st. whl. lthr multifunction', 'RUTHENIUM', 1, to_date('20050901','YYYYMMDD'), to_date('20070301','YYYYMMDD'), '32340409261', '$760.81', 'See EBA 0032571', false);
insert into DiagramParts values('NF73-32_1501-32340409259', 'NF73-32_1501', 01, 'Airbag sport st. whl. lthr multifunction', 'RUTHENIUM', 1, to_date('20050901','YYYYMMDD'), to_date('20070301','YYYYMMDD'), '32340409259', '$583.07', 'See EBA 0032571', false);
insert into Diagram values('NF73-32_1501','NF73-20040700','32-95','E60 530xi   Modificat.standard strng whl MFL =>Sport','');
insert into Diagram values('NF73-32_1586','NF73-20040700','32-95','E60 530xi   Modificat.standard strng whl MFL=>MSport','');
insert into Diagram values('NF73-32_1648','NF73-20040700','32-95','E60 530xi   Set of decorative clips','');
insert into Diagram values('NF73-33_1161','NF73-20040700','33-05','E60 530xi   DIFFERENTIAL-DRIVE/OUTPUT','');
insert into Diagram values('NF73-33_1264','NF73-20040700','33-10','E60 530xi   Final drive, gasket set','');
insert into DiagramParts values('NF73-33_1213-33207572424', 'NF73-33_1213', 01, 'Rmfd. output shaft', 'LK=86MM/D=27MM', 2, to_date('20050901','YYYYMMDD'), to_date('20051101','YYYYMMDD'), '33207572424', '$587.79', '', false);
insert into DiagramParts values('NF73-33_1213-33217527322', 'NF73-33_1213', 01, 'Rmfd. output shaft', 'LK=86MM/D=31MM', 2, to_date('20051001','YYYYMMDD'), to_date('20051101','YYYYMMDD'), '33217527322', '$587.79', '', false);
insert into Diagram values('NF73-33_1213','NF73-20040700','33-25','E60 530xi   Output shaft','');
insert into Diagram values('NF73-33_1165','NF73-20040700','33-30','E60 530xi   REAR AXLE SUPPORT/WHEEL SUSPENSION','');
insert into Diagram values('NF73-33_1174','NF73-20040700','33-30','E60 530xi   REAR AXLE CARRIER','');
insert into Diagram values('NF73-33_1206','NF73-20040700','33-30','E60 530xi   HEADLIGHT VERTICAL AIM CONTROL SENSOR','');
insert into Diagram values('NF73-33_1717','NF73-20040700','33-30','E60 530xi   Repair kit for ball joint','');
insert into Diagram values('NF73-33_1718','NF73-20040700','33-30','E60 530xi   Repair kits for guide rod, wishbone','');
insert into Diagram values('NF73-33_1169','NF73-20040700','33-40','E60 530xi   SIDE SHAFT/WHEEL BEARINGS','');
insert into Diagram values('NF73-33_1719','NF73-20040700','33-40','E60 530xi   Repair kit for wheel bearing, rear','');
insert into Diagram values('NF73-33_0857','NF73-20040700','33-45','E60 530xi   REAR COIL SPRING','');
insert into Diagram values('NF73-33_1170','NF73-20040700','33-45','E60 530xi   REAR SPRING STRUT MOUNTING PARTS','');
insert into Diagram values('NF73-33_1171','NF73-20040700','33-45','E60 530xi   Stabilizer, rear','');
insert into DiagramParts values('NF73-34_1442-34106771599', 'NF73-34_1442', 03, 'Hex bolt', 'M12X1,5X41 ZNS3', 4, to_date('20051101','YYYYMMDD'), to_date('20101001','YYYYMMDD'), '34106771599', '', 'ENDED', false);
insert into Diagram values('NF73-34_1442','NF73-20040700','34-05','E60 530xi   Front brake pad wear sensor','');
insert into Diagram values('NF73-34_2086','NF73-20040700','34-05','E60 530xi   Service Kit for brake pads / Value Line','');
insert into Diagram values('NF73-34_1325','NF73-20040700','34-07','E60 530xi   Front brake-brake disc','');
insert into Diagram values('NF73-34_1326','NF73-20040700','34-10','E60 530xi   Rear brake pad wear sensor','');
insert into Diagram values('NF73-34_1327','NF73-20040700','34-12','E60 530xi   Rear wheel brake-Brake disc','');
insert into Diagram values('NF73-34_1328','NF73-20040700','34-15','E60 530xi   Brake pipe, front','');
insert into Diagram values('NF73-34_1332','NF73-20040700','34-17','E60 530xi   Brake pipe rear','');
insert into Diagram values('NF73-34_1334','NF73-20040700','34-18','E60 530xi   BRAKE PIPE REAR/MOUNTING','');
insert into Diagram values('NF73-34_1347','NF73-20040700','34-18','E60 530xi   FRONT BRAKE PIPE / MOUNTING','');
insert into Diagram values('NF73-34_1467','NF73-20040700','34-20','E60 530xi   Hydro unit DSC/fastening/sensors','');
insert into Diagram values('NF73-34_1337','NF73-20040700','34-25','E60 530xi   BRAKE MASTER CYLINDER/EXPANSION TANK','');
insert into Diagram values('NF73-34_1465','NF73-20040700','34-27','E60 530xi   Power brake unit depression','');
insert into Diagram values('NF73-34_1340','NF73-20040700','34-30','E60 530xi   Handbrake lever','');
insert into Diagram values('NF73-34_1341','NF73-20040700','34-40','E60 530xi   PARKING BRAKE/BRAKE SHOES','');
insert into Diagram values('NF73-34_1964','NF73-20040700','34-40','E60 530xi   Service Kit for brake shoes / Value Line','');
insert into Diagram values('NF73-34_1384','NF73-20040700','34-95','E60 530xi   Retrofit, handbrake handle','');
insert into Diagram values('NF73-34_1562','NF73-20040700','34-95','E60 530xi   Handbrake grip with chrome inlay','');
insert into Diagram values('NF73-35_0286','NF73-20040700','35-05','E60 530xi   Pedal assembly','');
insert into Diagram values('NF73-35_0289','NF73-20040700','35-05','E60 530xi   Pedal assy w over-center helper spring','');
insert into Diagram values('NF73-35_0274','NF73-20040700','35-20','E60 530xi   Acceleration/accelerator pedal module','');
insert into Diagram values('NF73-35_0315','NF73-20040700','35-95','E60 530xi   Set of high-grade steel pedal covers','');
insert into Diagram values('NF73-35_0377','NF73-20040700','35-95','E60 530xi   Aluminum pedal covers','');
insert into Diagram values('NF73-36_0718','NF73-20040700','36-10','E60 530xi   BLACK STEEL EMERGENCY WHEEL','');
insert into Diagram values('NF73-36_0669','NF73-20040700','36-15','E60 530xi   BMW LA wheel, star spoke 122','');
insert into DiagramParts values('NF73-36_0670-36111096449', 'NF73-36_0670', 06, 'SCREW-IN VALVE RDC', 'GRN', 4, to_date('20060301','YYYYMMDD'), to_date('20090901','YYYYMMDD'), '36111096449', '', 'ENDED', false);
insert into Diagram values('NF73-36_0670','NF73-20040700','36-15','E60 530xi   BMW LA wheel, star spoke 123','');
insert into DiagramParts values('NF73-36_0671-36111096449', 'NF73-36_0671', 06, 'SCREW-IN VALVE RDC', 'GRN', 4, to_date('20060301','YYYYMMDD'), to_date('20090901','YYYYMMDD'), '36111096449', '', 'ENDED', false);
insert into Diagram values('NF73-36_0671','NF73-20040700','36-15','E60 530xi   BMW LA wheel, star spoke 124','');
insert into Diagram values('NF73-36_0673','NF73-20040700','36-15','E60 530xi   BMW light alloy wheel, spider spoke 138','');
insert into DiagramParts values('NF73-36_0761-36146759741', 'NF73-36_0761', 06, 'SCREW-IN VALVE RDC', 'GELB', 4, to_date('20060301','YYYYMMDD'), to_date('20090901','YYYYMMDD'), '36146759741', '', 'ENDED', false);
insert into Diagram values('NF73-36_0761','NF73-20040700','36-15','E60 530xi   BMW LA Individual wheel V-spoke 152','');
insert into DiagramParts values('NF73-36_0813-36111096449', 'NF73-36_0813', 06, 'SCREW-IN VALVE RDC', 'GRN', 4, to_date('20060301','YYYYMMDD'), to_date('20090901','YYYYMMDD'), '36111096449', '', 'ENDED', false);
insert into Diagram values('NF73-36_0813','NF73-20040700','36-15','E60 530xi   BMW alloy wheel, M double spoke 135','');
insert into DiagramParts values('NF73-36_0942-36236782800', 'NF73-36_0942', 01, 'CONTROL UNIT RDC', 'SW 10.01.00', 1, to_date('20060301','YYYYMMDD'), to_date('20080901','YYYYMMDD'), '36236782800', '', 'ENDED', false);
insert into DiagramParts values('NF73-36_0942-36236781847', 'NF73-36_0942', 07, 'Wheel electronics module, RDC', '433MHZ', 4, to_date('20060301','YYYYMMDD'), to_date('20120701','YYYYMMDD'), '36236781847', '$79.14', '', false);
insert into DiagramParts values('NF73-36_0942-36111096449', 'NF73-36_0942', 08, 'SCREW-IN VALVE RDC', 'GRN', 4, to_date('20060301','YYYYMMDD'), to_date('20090901','YYYYMMDD'), '36111096449', '', 'ENDED', false);
insert into DiagramParts values('NF73-36_0942-36111095374', 'NF73-36_0942', 08, 'SCREW-IN VALVE RDC', 'SCHWARZ', 4, to_date('20060301','YYYYMMDD'), to_date('20090901','YYYYMMDD'), '36111095374', '$13.90', '', false);
insert into DiagramParts values('NF73-36_0942-36146759741', 'NF73-36_0942', 08, 'SCREW-IN VALVE RDC', 'GELB', 4, to_date('20060301','YYYYMMDD'), to_date('20090901','YYYYMMDD'), '36146759741', '', 'ENDED', false);
insert into Diagram values('NF73-36_0942','NF73-20040700','36-15','E60 530xi   Tire pressure control (RDC) - ctrl unit','');
insert into DiagramParts values('NF73-36_1046-36236781847', 'NF73-36_1046', 07, 'Wheel electronics module, RDC', '433MHZ', 4, to_date('20060301','YYYYMMDD'), to_date('20120701','YYYYMMDD'), '36236781847', '$79.14', '', false);
insert into DiagramParts values('NF73-36_1046-36111096449', 'NF73-36_1046', 08, 'SCREW-IN VALVE RDC', 'GRN', 4, to_date('20060301','YYYYMMDD'), to_date('20090901','YYYYMMDD'), '36111096449', '', 'ENDED', false);
insert into DiagramParts values('NF73-36_1046-36111095374', 'NF73-36_1046', 08, 'SCREW-IN VALVE RDC', 'SCHWARZ', 4, to_date('20060301','YYYYMMDD'), to_date('20090901','YYYYMMDD'), '36111095374', '$13.90', '', false);
insert into DiagramParts values('NF73-36_1046-36146759741', 'NF73-36_1046', 08, 'SCREW-IN VALVE RDC', 'GELB', 4, to_date('20060301','YYYYMMDD'), to_date('20090901','YYYYMMDD'), '36146759741', '', 'ENDED', false);
insert into Diagram values('NF73-36_1046','NF73-20040700','36-15','E60 530xi   Tire pressure control (RDC) - ctrl unit','');
insert into Diagram values('NF73-36_1091','NF73-20040700','36-15','E60 530xi   BMW LA wheel, star spoke 243','');
insert into Diagram values('NF73-36_1094','NF73-20040700','36-15','E60 530xi   BMW LA wheel, star spoke 246','');
insert into Diagram values('NF73-36_1231','NF73-20040700','36-15','E60 530xi   BMW LA wheel, double spoke 278','');
insert into Diagram values('NF73-36_1232','NF73-20040700','36-15','E60 530xi   BMW LA wheel, V-spoke 277','');
insert into Diagram values('NF73-36_0716','NF73-20040700','36-20','E60 530xi   Balance weight, lead','');
insert into Diagram values('NF73-36_0884','NF73-20040700','36-20','E60 530xi   Balance weight, zinc','');
insert into Diagram values('NF73-36_0733','NF73-20040700','36-25','E60 530xi   WHEEL BOLT LOCK WITH ADAPTOR','');
insert into Diagram values('NF73-36_1032','NF73-20040700','36-25','E60 530xi   SET WHEEL LOCKS','');
insert into Diagram values('NF73-36_0692','NF73-20040700','36-30','E60 530xi   Summer tires','');
insert into Diagram values('NF73-36_1074','NF73-20040700','36-30','E60 530xi   Winter tires','');
insert into Diagram values('NF73-36_1667','NF73-20040700','36-30','E60 530xi   All-season tire','');
insert into Diagram values('NF73-36_0772','NF73-20040700','36-95','E60 530xi   Winter complete wheel star spoke 138','');
insert into Diagram values('NF73-36_0916','NF73-20040700','36-95','E60 530xi   Retrofit emergency wheel','');
insert into Diagram values('NF73-36_0921','NF73-20040700','36-95','E60 530xi   Winter complete wheel star spoke 122','');
insert into Diagram values('NF73-41_1470','NF73-20040700','41-10','E60 530xi   Front side panel','');
insert into Diagram values('NF73-41_1480','NF73-20040700','41-10','E60 530xi   FRONT BODY BRACKET LEFT','');
insert into Diagram values('NF73-41_1481','NF73-20040700','41-10','E60 530xi   FRONT BODY BRACKET RIGHT','');
insert into Diagram values('NF73-41_1545','NF73-20040700','41-10','E60 530xi   WHEELHOUSE/ENGINE SUPPORT','');
insert into Diagram values('NF73-41_1546','NF73-20040700','41-10','E60 530xi   SPLASH WALL PARTS','');
insert into Diagram values('NF73-41_1549','NF73-20040700','41-10','E60 530xi   Connect. pcs. front structure/side frame','');
insert into Diagram values('NF73-41_1577','NF73-20040700','41-10','E60 530xi   FRONT PANEL','');
insert into Diagram values('NF73-41_1672','NF73-20040700','41-10','E60 530xi   Repair elements for front end','');
insert into Diagram values('NF73-41_1466','NF73-20040700','41-20','E60 530xi   Partition trunk','');
insert into Diagram values('NF73-41_1547','NF73-20040700','41-20','E60 530xi   BODY-SIDE FRAME','');
insert into Diagram values('NF73-41_1548','NF73-20040700','41-20','E60 530xi   SINGLE COMPONENTS FOR BODY-SIDE FRAME','');
insert into Diagram values('NF73-41_1553','NF73-20040700','41-20','E60 530xi   Cavity shielding, side frame','');
insert into Diagram values('NF73-41_1544','NF73-20040700','41-25','E60 530xi   FILL-IN FLAP','');
insert into Diagram values('NF73-41_1551','NF73-20040700','41-25','E60 530xi   Mounting parts for trunk floor panel','');
insert into Diagram values('NF73-41_1552','NF73-20040700','41-25','E60 530xi   REAR WHEELHOUSE/FLOOR PARTS','');
insert into Diagram values('NF73-41_1554','NF73-20040700','41-25','E60 530xi   SIDE PANEL/TAIL TRIM','');
insert into Diagram values('NF73-41_1469','NF73-20040700','41-30','E60 530xi   Roof','');
insert into Diagram values('NF73-41_1471','NF73-20040700','41-35','E60 530xi   ENGINE HOOD/MOUNTING PARTS','');
insert into Diagram values('NF73-41_1472','NF73-20040700','41-40','E60 530xi   FRONT DOOR-HINGE/DOOR BRAKE','');
insert into Diagram values('NF73-41_1507','NF73-20040700','41-40','E60 530xi   Key with accumulator battery','');
insert into Diagram values('NF73-41_1509','NF73-20040700','41-40','E60 530xi   Door weatherstrip front','');
insert into Diagram values('NF73-41_1536','NF73-20040700','41-40','E60 530xi   FRONT DOOR CONTROL/DOOR LOCK','');
insert into DiagramParts values('NF73-41_1639-51210032903', 'NF73-41_1639', 04, 'Set of keys with CAS control unit', '868 MHZ', 1, to_date('20050901','YYYYMMDD'), to_date('20070301','YYYYMMDD'), '51210032903', '', '', false);
insert into Diagram values('NF73-41_1639','NF73-20040700','41-40','E60 530xi   Radio remote control','');
insert into Diagram values('NF73-41_1473','NF73-20040700','41-45','E60 530xi   Door rear, hinge/door brake','');
insert into Diagram values('NF73-41_1535','NF73-20040700','41-45','E60 530xi   Door weatherstrip rear','');
insert into Diagram values('NF73-41_1537','NF73-20040700','41-45','E60 530xi   REAR DOOR CONTROL/DOOR LOCK','');
insert into Diagram values('NF73-41_1508','NF73-20040700','41-50','E60 530xi   Master key locking','');
insert into Diagram values('NF73-41_1690','NF73-20040700','41-50','E60 530xi   Master key locking','');
insert into Diagram values('NF73-41_1474','NF73-20040700','41-60','E60 530xi   SINGLE COMPONENTS FOR TRUNK LID','');
insert into Diagram values('NF73-41_1555','NF73-20040700','41-60','E60 530xi   TRUNK LID/CLOSING SYSTEM','');
insert into Diagram values('NF73-41_1669','NF73-20040700','41-60','E60 530xi   M Rear spoiler','');
insert into Diagram values('NF73-41_1468','NF73-20040700','41-65','E60 530xi   MECHANICAL CONNECTION ELEMENTS','');
insert into Diagram values('NF73-51_4903','NF73-20040700','51-05','E60 530xi   Glazing','');
insert into Diagram values('NF73-51_4936','NF73-20040700','51-05','E60 530xi   GLAZING SINGLE PARTS','');
insert into Diagram values('NF73-51_4904','NF73-20040700','51-10','E60 530xi   EL.FRONT DOOR WINDOW LIFTING MECHANISM','');
insert into Diagram values('NF73-51_4924','NF73-20040700','51-10','E60 530xi   Mirror glas, basic','');
insert into Diagram values('NF73-51_4925','NF73-20040700','51-10','E60 530xi   Mirror glas, electrochrome','');
insert into Diagram values('NF73-51_5025','NF73-20040700','51-10','E60 530xi   Outside mirror, basic','');
insert into Diagram values('NF73-51_5040','NF73-20040700','51-10','E60 530xi   Electrochromic outside mirror S430A','');
insert into DiagramParts values('NF73-51_5056-67136974453', 'NF73-51_5056', 02, 'Mirror electronics, right', 'LHD', 1, to_date('20050901','YYYYMMDD'), to_date('20090801','YYYYMMDD'), '67136974453', '$163.22', '', false);
insert into Diagram values('NF73-51_5056','NF73-20040700','51-10','E60 530xi   Mounting parts, outside mirror','');
insert into DiagramParts values('NF73-51_6001-51167174756', 'NF73-51_6001', 01, 'Outside mirror w/out glass heated right', 'GLANZSCHWARZ', 1, to_date('20050901','YYYYMMDD'), to_date('20070301','YYYYMMDD'), '51167174756', '', 'ENDED', false);
insert into DiagramParts values('NF73-51_6001-51167189535', 'NF73-51_6001', 01, 'Outside mirror w/out glass heated left', 'GLANZSCHWARZ', 1, to_date('20070301','YYYYMMDD'), to_date('20090801','YYYYMMDD'), '51167189535', '', '', false);
insert into DiagramParts values('NF73-51_6001-51167168460', 'NF73-51_6001', 01, 'Outside mirror w/out glass heated right', 'GLANZSCHWARZ', 1, to_date('20050901','YYYYMMDD'), to_date('20070301','YYYYMMDD'), '51167168460', '', 'ENDED', false);
insert into DiagramParts values('NF73-51_6001-51167168398', 'NF73-51_6001', 01, 'Outside mirror w/out glass heated right', 'GLANZSCHWARZ', 1, to_date('20050901','YYYYMMDD'), to_date('20070301','YYYYMMDD'), '51167168398', '', 'ENDED', false);
insert into Diagram values('NF73-51_6001','NF73-20040700','51-10','E60 530xi   Outside mirror, basic','');
insert into DiagramParts values('NF73-51_6003-51167189663', 'NF73-51_6003', 01, 'Outside mirror w/out glass heated left', 'GLANZSCHWARZ', 1, to_date('20050901','YYYYMMDD'), to_date('20070301','YYYYMMDD'), '51167189663', '$631.33', '', false);
insert into DiagramParts values('NF73-51_6003-51167168414', 'NF73-51_6003', 01, 'Outside mirror w/out glass heated right', 'GLANZSCHWARZ', 1, to_date('20050901','YYYYMMDD'), to_date('20070201','YYYYMMDD'), '51167168414', '$631.33', '', false);
insert into DiagramParts values('NF73-51_6003-51167189664', 'NF73-51_6003', 01, 'Outside mirror w/out glass heated right', 'GLANZSCHWARZ', 1, to_date('20050901','YYYYMMDD'), to_date('20070301','YYYYMMDD'), '51167189664', '$631.33', '', false);
insert into DiagramParts values('NF73-51_6003-51167189659', 'NF73-51_6003', 01, 'Outside mirror w/out glass heated left', 'GLANZSCHWARZ', 1, to_date('20050901','YYYYMMDD'), to_date('20070301','YYYYMMDD'), '51167189659', '', '', false);
insert into DiagramParts values('NF73-51_6003-51167168334', 'NF73-51_6003', 01, 'Outside mirror w/out glass heated right', 'GLANZSCHWARZ', 1, to_date('20050901','YYYYMMDD'), to_date('20070201','YYYYMMDD'), '51167168334', '', 'ENDED', false);
insert into DiagramParts values('NF73-51_6003-51167189660', 'NF73-51_6003', 01, 'Outside mirror w/out glass heated right', 'GLANZSCHWARZ', 1, to_date('20050901','YYYYMMDD'), to_date('20070301','YYYYMMDD'), '51167189660', '$607.07', '', false);
insert into Diagram values('NF73-51_6003','NF73-20040700','51-10','E60 530xi   Electrochromic outside mirror S430A','');
insert into Diagram values('NF73-51_4905','NF73-20040700','51-12','E60 530xi   EL.REAR DOOR WINDOW LIFTING MECHANISM','');
insert into DiagramParts values('NF73-51_4913-51117142056', 'NF73-51_4913', 15, 'Grid lateral right', 'ACC', 1, to_date('20040901','YYYYMMDD'), to_date('20070301','YYYYMMDD'), '51117142056', '$30.13', '', false);
insert into Diagram values('NF73-51_4913','NF73-20040700','51-15','E60 530xi   Trim panel, bumper, front','');
insert into Diagram values('NF73-51_4914','NF73-20040700','51-15','E60 530xi   Carrier, bumper front','');
insert into Diagram values('NF73-51_4915','NF73-20040700','51-15','E60 530xi   Bumper trim panel, rear','');
insert into Diagram values('NF73-51_4919','NF73-20040700','51-15','E60 530xi   Support/fixture rear bumper panel','');
insert into Diagram values('NF73-51_5675','NF73-20040700','51-15','E60 530xi   M Trim panel, bumper, front(SA715)','');
insert into Diagram values('NF73-51_5681','NF73-20040700','51-15','E60 530xi   M Trim panel, bumper, rear (SA715)','');
insert into Diagram values('NF73-51_4910','NF73-20040700','51-20','E60 530xi   Emblems / letterings','');
insert into Diagram values('NF73-51_4932','NF73-20040700','51-20','E60 530xi   Grille','');
insert into Diagram values('NF73-51_4933','NF73-20040700','51-20','E60 530xi   Door sill cover','');
insert into Diagram values('NF73-51_5031','NF73-20040700','51-20','E60 530xi   Exterior covers / door front','');
insert into Diagram values('NF73-51_5032','NF73-20040700','51-20','E60 530xi   Exterior covers / door rear','');
insert into Diagram values('NF73-51_5033','NF73-20040700','51-20','E60 530xi   Roof molding','');
insert into Diagram values('NF73-51_5784','NF73-20040700','51-20','E60 530xi   M Cover door sill','');
insert into Diagram values('NF73-51_4928','NF73-20040700','51-30','E60 530xi   Trim panel dashboard','');
insert into Diagram values('NF73-51_5066','NF73-20040700','51-30','E60 530xi   Mounting parts, I-panel, bottom','');
insert into Diagram values('NF73-51_5110','NF73-20040700','51-30','E60 530xi   GLOVE BOX','');
insert into Diagram values('NF73-51_5128','NF73-20040700','51-30','E60 530xi   Cup holder','');
insert into Diagram values('NF73-51_5213','NF73-20040700','51-30','E60 530xi   Carrier instrument panel','');
insert into Diagram values('NF73-51_6631','NF73-20040700','51-30','E60 530xi   Trim panel dashboard','');
insert into Diagram values('NF73-51_5111','NF73-20040700','51-35','E60 530xi   Center console','');
insert into Diagram values('NF73-51_5114','NF73-20040700','51-35','E60 530xi   Center arm rest, oddments trays','');
insert into Diagram values('NF73-51_5116','NF73-20040700','51-35','E60 530xi   Decor trims, centre console','');
insert into Diagram values('NF73-51_5807','NF73-20040700','51-35','E60 530xi   Mounting parts, center console, rear','');
insert into Diagram values('NF73-51_5020','NF73-20040700','51-40','E60 530xi   Sun visor','');
insert into Diagram values('NF73-51_5129','NF73-20040700','51-40','E60 530xi   Interior mirror','');
insert into Diagram values('NF73-51_5135','NF73-20040700','51-40','E60 530xi   Headlining / Handle','');
insert into Diagram values('NF73-51_5136','NF73-20040700','51-40','E60 530xi   Parcel shelf, electr.sun blind','');
insert into Diagram values('NF73-51_5146','NF73-20040700','51-40','E60 530xi   Trim panel A- / B- / C-Column','');
insert into Diagram values('NF73-51_5500','NF73-20040700','51-40','E60 530xi   Tandem interior mirror','');
insert into Diagram values('NF73-51_5084','NF73-20040700','51-45','E60 530xi   Real Maplewood finish high gloss','');
insert into Diagram values('NF73-51_5085','NF73-20040700','51-45','E60 530xi   Real Poplarwood finish high gloss','');
insert into Diagram values('NF73-51_5086','NF73-20040700','51-45','E60 530xi   Decorative strips Aluminium','');
insert into Diagram values('NF73-51_5087','NF73-20040700','51-45','E60 530xi   Decorative strip titan II dunkel','');
insert into Diagram values('NF73-51_5501','NF73-20040700','51-45','E60 530xi   Light real poplar wood trim','');
insert into Diagram values('NF73-51_5686','NF73-20040700','51-45','E60 530xi   Decorative panel, Alu Cube pure','');
insert into Diagram values('NF73-51_6677','NF73-20040700','51-45','E60 530xi   Light real poplar wood trim','');
insert into Diagram values('NF73-51_6680','NF73-20040700','51-45','E60 530xi   Decorative panel, Alu Cube pure','');
insert into Diagram values('NF73-51_5005','NF73-20040700','51-50','E60 530xi   Door trim panel, front / side airbag','');
insert into Diagram values('NF73-51_5044','NF73-20040700','51-50','E60 530xi   Door trim, rear','');
insert into DiagramParts values('NF73-51_5048-51427079517', 'NF73-51_5048', 01, 'DOOR LINING LEATHER REAR LEFT', 'SCHWARZ', 1, to_date('20041001','YYYYMMDD'), to_date('20050901','YYYYMMDD'), '51427079517', '$1,026.72', '+core', false);
insert into DiagramParts values('NF73-51_5048-51427079518', 'NF73-51_5048', 01, 'DOOR LINING LEATHER REAR RIGHT', 'SCHWARZ', 1, to_date('20041001','YYYYMMDD'), to_date('20050901','YYYYMMDD'), '51427079518', '$1,026.72', '+core', false);
insert into DiagramParts values('NF73-51_5048-51427079519', 'NF73-51_5048', 01, 'DOOR LINING LEATHER REAR LEFT', 'BEIGE', 1, to_date('20041001','YYYYMMDD'), to_date('20050901','YYYYMMDD'), '51427079519', '', '+core', false);
insert into DiagramParts values('NF73-51_5048-51427079520', 'NF73-51_5048', 01, 'DOOR LINING LEATHER REAR RIGHT', 'BEIGE', 1, to_date('20041001','YYYYMMDD'), to_date('20050901','YYYYMMDD'), '51427079520', '', '+core', false);
insert into DiagramParts values('NF73-51_5048-51427079526', 'NF73-51_5048', 01, 'DOOR LINING LEATHER REAR RIGHT', 'BEIGE', 1, to_date('20041001','YYYYMMDD'), to_date('20050901','YYYYMMDD'), '51427079526', '$1,051.83', '+core', false);
insert into DiagramParts values('NF73-51_5048-51427079524', 'NF73-51_5048', 01, 'DOOR LINING LEATHER REAR RIGHT', 'SCHWARZ', 1, to_date('20041001','YYYYMMDD'), to_date('20050901','YYYYMMDD'), '51427079524', '$1,101.41', '+core', false);
insert into DiagramParts values('NF73-51_5048-51427079530', 'NF73-51_5048', 01, 'DOOR LINING LEATHER REAR RIGHT', 'SCHWARZ', 1, to_date('20041001','YYYYMMDD'), to_date('20050901','YYYYMMDD'), '51427079530', '$1,051.83', '+core', false);
insert into DiagramParts values('NF73-51_5048-51427079532', 'NF73-51_5048', 01, 'DOOR LINING LEATHER REAR RIGHT', 'BEIGE', 1, to_date('20041001','YYYYMMDD'), to_date('20050901','YYYYMMDD'), '51427079532', '$1,026.72', '+core', false);
insert into Diagram values('NF73-51_5048','NF73-20040700','51-50','E60 530xi   Door trim panel rear / Side airbag','');
insert into Diagram values('NF73-51_5117','NF73-20040700','51-50','E60 530xi   Roller sun vizor, rear door','');
insert into Diagram values('NF73-51_6558','NF73-20040700','51-50','E60 530xi   Door trim panel, front / side airbag','');
insert into Diagram values('NF73-51_6567','NF73-20040700','51-50','E60 530xi   Door trim, rear','');
insert into Diagram values('NF73-51_6573','NF73-20040700','51-50','E60 530xi   Door trim panel rear / Side airbag','');
insert into Diagram values('NF73-51_5112','NF73-20040700','51-55','E60 530xi   Floor mats, velours','');
insert into Diagram values('NF73-51_5118','NF73-20040700','51-55','E60 530xi   FLOOR COVERING','');
insert into Diagram values('NF73-51_5119','NF73-20040700','51-55','E60 530xi   Edge protector / Trim for entry','');
insert into Diagram values('NF73-51_5145','NF73-20040700','51-55','E60 530xi   TRIM PANEL LEG ROOM','');
insert into Diagram values('NF73-51_5126','NF73-20040700','51-65','E60 530xi   Trunk trim panel','');
insert into Diagram values('NF73-51_5147','NF73-20040700','51-70','E60 530xi   SOUND INSULATING FRONT','');
insert into Diagram values('NF73-51_5148','NF73-20040700','51-70','E60 530xi   SOUND INSULATING REAR','');
insert into Diagram values('NF73-51_5154','NF73-20040700','51-70','E60 530xi   Heat insulation','');
insert into Diagram values('NF73-51_5089','NF73-20040700','51-75','E60 530xi   Underride portection, front','');
insert into Diagram values('NF73-51_5211','NF73-20040700','51-75','E60 530xi   Underfloor coating','');
insert into Diagram values('NF73-51_5212','NF73-20040700','51-75','E60 530xi   Air duct','');
insert into Diagram values('NF73-51_5152','NF73-20040700','51-80','E60 530xi   Reinforcement, body','');
insert into Diagram values('NF73-51_5196','NF73-20040700','51-80','E60 530xi   Sealing cap/plug','');
insert into Diagram values('NF73-51_5369','NF73-20040700','51-80','E60 530xi   Sealing cap/plug','');
insert into Diagram values('NF73-51_5370','NF73-20040700','51-80','E60 530xi   Sealing cap/plug','');
insert into Diagram values('NF73-51_4245','NF73-20040700','51-95','E60 530xi   Retrofit, outside mirror, electrochrome','');
insert into Diagram values('NF73-51_4577','NF73-20040700','51-95','E60 530xi   Floor Mat Set','');
insert into Diagram values('NF73-51_4635','NF73-20040700','51-95','E60 530xi   Exterior mirror for towing','');
insert into Diagram values('NF73-51_4643','NF73-20040700','51-95','E60 530xi   Non-skid mat','');
insert into Diagram values('NF73-51_4646','NF73-20040700','51-95','E60 530xi   Boot/trunk floor net','');
insert into Diagram values('NF73-51_4651','NF73-20040700','51-95','E60 530xi   Fitted luggage compartment mat','');
insert into Diagram values('NF73-51_4698','NF73-20040700','51-95','E60 530xi   Boot lashing strap','');
insert into Diagram values('NF73-51_4821','NF73-20040700','51-95','E60 530xi   Floor mats Commercial','');
insert into Diagram values('NF73-51_5106','NF73-20040700','51-95','E60 530xi   Rear spoiler','');
insert into Diagram values('NF73-51_5155','NF73-20040700','51-95','E60 530xi   Floor mats, velours','');
insert into Diagram values('NF73-51_5207','NF73-20040700','51-95','E60 530xi   Retrofit real wood vers.poplar woodgrain','');
insert into Diagram values('NF73-51_5208','NF73-20040700','51-95','E60 530xi   Retrofit real wood version mapleSycamore','');
insert into Diagram values('NF73-51_5209','NF73-20040700','51-95','E60 530xi   Retrofit in aluminium interior strips','');
insert into Diagram values('NF73-51_5219','NF73-20040700','51-95','E60 530xi   Retrofit, armrest front, movable','');
insert into Diagram values('NF73-51_5244','NF73-20040700','51-95','E60 530xi   Luggage compartment pan','');
insert into Diagram values('NF73-51_5246','NF73-20040700','51-95','E60 530xi   FLOOR MATS CITY','');
insert into Diagram values('NF73-51_5247','NF73-20040700','51-95','E60 530xi   Rubber mat','');
insert into Diagram values('NF73-51_5362','NF73-20040700','51-95','E60 530xi   Luggage compartment, folding','');
insert into Diagram values('NF73-51_5486','NF73-20040700','51-95','E60 530xi   Illuminated door sill strip retrofit kit','');
insert into Diagram values('NF73-51_5688','NF73-20040700','51-95','E60 530xi   Luggage compatment box "multifix"','');
insert into Diagram values('NF73-51_5714','NF73-20040700','51-95','E60 530xi   Retrofit decor strip, titan. II, dark','');
insert into Diagram values('NF73-51_5738','NF73-20040700','51-95','E60 530xi   Umbrella with bag','');
insert into Diagram values('NF73-51_5739','NF73-20040700','51-95','E60 530xi   Storage sleeve DVD/CD','');
insert into Diagram values('NF73-51_5743','NF73-20040700','51-95','E60 530xi   Retrofit, precious wood, poplar, bright','');
insert into Diagram values('NF73-51_5782','NF73-20040700','51-95','E60 530xi   Retrofit, M aerodynamic kit','');
insert into Diagram values('NF73-51_5791','NF73-20040700','51-95','E60 530xi   Retrofit, M rear spoiler','');
insert into Diagram values('NF73-51_5816','NF73-20040700','51-95','E60 530xi   M foot rest retrofit kit','');
insert into Diagram values('NF73-51_5817','NF73-20040700','51-95','E60 530xi   Retrofit, M cover, entrance','');
insert into Diagram values('NF73-51_5826','NF73-20040700','51-95','E60 530xi   Retrof.equipm.,dec.panels,alu,Cube pure','');
insert into Diagram values('NF73-51_5881','NF73-20040700','51-95','E60 530xi   Roller sun shield','');
insert into Diagram values('NF73-51_5954','NF73-20040700','51-95','E60 530xi   Load edge protector','');
insert into Diagram values('NF73-51_6061','NF73-20040700','51-95','E60 530xi   Cargo Tray','');
insert into Diagram values('NF73-51_6089','NF73-20040700','51-95','E60 530xi   Carbon fiber package','');
insert into Diagram values('NF73-51_6106','NF73-20040700','51-95','E60 530xi   Retrofit: Compass/Remote control','');
insert into Diagram values('NF73-51_6165','NF73-20040700','51-95','E60 530xi   Luggage compartment clamping belts','');
insert into Diagram values('NF73-51_6174','NF73-20040700','51-95','E60 530xi   Retrofit, cup holder','');
insert into Diagram values('NF73-51_6477','NF73-20040700','51-95','E60 530xi   Key fob','');
insert into Diagram values('NF73-51_6639','NF73-20040700','51-95','E60 530xi   Protective loading edge mat','');
insert into Diagram values('NF73-51_6805','NF73-20040700','51-95','E60 530xi   Moulding rocker panels','');
insert into Diagram values('NF73-51_7061','NF73-20040700','51-95','E60 530xi   Non-skid mat','');
insert into Diagram values('NF73-51_7236','NF73-20040700','51-95','E60 530xi   Footmat update','');
insert into Diagram values('NF73-51_7405','NF73-20040700','51-95','E60 530xi   Partitions, storage trays, trunk','');
insert into Diagram values('NF73-51_7413','NF73-20040700','51-95','E60 530xi   Retrofit trim grill','');
insert into Diagram values('NF73-51_8522','NF73-20040700','51-95','E60 530xi   Travel & Comfort System','');
insert into Diagram values('NF73-51_8703','NF73-20040700','51-95','E60 530xi   Pocket set in interior','');
insert into Diagram values('NF73-52_3007','NF73-20040700','52-10','E60 530xi   Seat, front, upholstery and cover','');
insert into Diagram values('NF73-52_3008','NF73-20040700','52-10','E60 530xi   Seat, front, head restraint','');
insert into DiagramParts values('NF73-52_3009-52107154272', 'NF73-52_3009', 01, 'Attachment rail, cover, right', 'SCHWARZ', 1, to_date('20040401','YYYYMMDD'), to_date('20080101','YYYYMMDD'), '52107154272', '', '', false);
insert into DiagramParts values('NF73-52_3009-52107072688', 'NF73-52_3009', 03, 'Covering outer right', 'SCHWARZ', 1, to_date('20040401','YYYYMMDD'), to_date('20080101','YYYYMMDD'), '52107072688', '$35.03', '', false);
insert into DiagramParts values('NF73-52_3009-52107078532', 'NF73-52_3009', 03, 'Covering outer right', 'GRAU', 1, to_date('20040401','YYYYMMDD'), to_date('20080101','YYYYMMDD'), '52107078532', '$35.03', '', false);
insert into DiagramParts values('NF73-52_3009-52107078534', 'NF73-52_3009', 03, 'Covering outer right', 'BEIGE', 1, to_date('20040401','YYYYMMDD'), to_date('20080101','YYYYMMDD'), '52107078534', '$35.03', '', false);
insert into DiagramParts values('NF73-52_3009-52107078536', 'NF73-52_3009', 03, 'Covering outer right', 'TRFFELBRAUN', 1, to_date('20040401','YYYYMMDD'), to_date('20080101','YYYYMMDD'), '52107078536', '$28.18', '', false);
insert into DiagramParts values('NF73-52_3009-52107154253', 'NF73-52_3009', 03, 'Covering outer left', 'SCHWARZ', 1, to_date('20040401','YYYYMMDD'), to_date('20080101','YYYYMMDD'), '52107154253', '$35.03', '', false);
insert into DiagramParts values('NF73-52_3009-52107154255', 'NF73-52_3009', 03, 'Covering outer left', 'GRAU', 1, to_date('20040401','YYYYMMDD'), to_date('20080101','YYYYMMDD'), '52107154255', '$35.03', '', false);
insert into DiagramParts values('NF73-52_3009-52107154257', 'NF73-52_3009', 03, 'Covering outer left', 'BEIGE', 1, to_date('20040401','YYYYMMDD'), to_date('20080101','YYYYMMDD'), '52107154257', '$35.03', '', false);
insert into DiagramParts values('NF73-52_3009-52107154259', 'NF73-52_3009', 03, 'Covering outer left', 'TRFFELBRAUN', 1, to_date('20040401','YYYYMMDD'), to_date('20080101','YYYYMMDD'), '52107154259', '$28.18', '', false);
insert into DiagramParts values('NF73-52_3009-52109127405', 'NF73-52_3009', 03, 'Covering outer left', 'CREAMBEIGE', 1, to_date('20040401','YYYYMMDD'), to_date('20080101','YYYYMMDD'), '52109127405', '$35.03', '', false);
insert into DiagramParts values('NF73-52_3009-52106989260', 'NF73-52_3009', 04, 'Covering outer right', 'GRAU', 1, to_date('20040401','YYYYMMDD'), to_date('20080101','YYYYMMDD'), '52106989260', '', '+core', false);
insert into DiagramParts values('NF73-52_3009-52106989262', 'NF73-52_3009', 04, 'Covering outer right', 'BEIGE', 1, to_date('20040401','YYYYMMDD'), to_date('20080101','YYYYMMDD'), '52106989262', '', '+core', false);
insert into DiagramParts values('NF73-52_3009-52106989264', 'NF73-52_3009', 04, 'Covering outer right', 'TRFFELBRAUN', 1, to_date('20040401','YYYYMMDD'), to_date('20080101','YYYYMMDD'), '52106989264', '', '+core', false);
insert into DiagramParts values('NF73-52_3009-52109127400', 'NF73-52_3009', 04, 'Covering outer right', 'CREAMBEIGE', 1, to_date('20040401','YYYYMMDD'), to_date('20080101','YYYYMMDD'), '52109127400', '', 'See NoS No Stock', false);
insert into DiagramParts values('NF73-52_3009-52109127085', 'NF73-52_3009', 04, 'Covering outer left', 'CREAMBEIGE', 1, to_date('20040401','YYYYMMDD'), to_date('20060901','YYYYMMDD'), '52109127085', '$35.03', '', false);
insert into DiagramParts values('NF73-52_3009-52106989277', 'NF73-52_3009', 04, 'Covering outer left', 'SCHWARZ', 1, to_date('20060901','YYYYMMDD'), to_date('20080101','YYYYMMDD'), '52106989277', '$35.03', '', false);
insert into DiagramParts values('NF73-52_3009-52106989279', 'NF73-52_3009', 04, 'Covering outer left', 'GRAU', 1, to_date('20060901','YYYYMMDD'), to_date('20080101','YYYYMMDD'), '52106989279', '$35.03', '', false);
insert into DiagramParts values('NF73-52_3009-52106989281', 'NF73-52_3009', 04, 'Covering outer left', 'BEIGE', 1, to_date('20060901','YYYYMMDD'), to_date('20080101','YYYYMMDD'), '52106989281', '$35.03', '', false);
insert into DiagramParts values('NF73-52_3009-52106989283', 'NF73-52_3009', 04, 'Covering outer left', 'TRFFELBRAUN', 1, to_date('20060901','YYYYMMDD'), to_date('20080101','YYYYMMDD'), '52106989283', '$35.03', '', false);
insert into DiagramParts values('NF73-52_3009-52107124981', 'NF73-52_3009', 10, 'Finisher, upper rail, front, left', 'CREAMBEIGE', 1, to_date('20020301','YYYYMMDD'), to_date('20030301','YYYYMMDD'), '52107124981', '', 'ENDED', false);
insert into DiagramParts values('NF73-52_3009-52107124982', 'NF73-52_3009', 10, 'Finisher, upper rail, front, right', 'CREAMBEIGE', 1, to_date('20020301','YYYYMMDD'), to_date('20030301','YYYYMMDD'), '52107124982', '', 'ENDED', false);
insert into DiagramParts values('NF73-52_3009-52107154245', 'NF73-52_3009', 11, 'Finisher, upper rail, exterior, left', 'GRAU', 1, to_date('20040401','YYYYMMDD'), to_date('20071201','YYYYMMDD'), '52107154245', '$14.96', '', false);
insert into DiagramParts values('NF73-52_3009-52107154247', 'NF73-52_3009', 11, 'Finisher, upper rail, exterior, left', 'BEIGE', 1, to_date('20040401','YYYYMMDD'), to_date('20071201','YYYYMMDD'), '52107154247', '$14.96', '', false);
insert into DiagramParts values('NF73-52_3009-52107154249', 'NF73-52_3009', 11, 'Finisher, upper rail, exterior, left', 'TRFFELBRAUN', 1, to_date('20040401','YYYYMMDD'), to_date('20071201','YYYYMMDD'), '52107154249', '$13.84', '', false);
insert into DiagramParts values('NF73-52_3009-52109127010', 'NF73-52_3009', 11, 'Finisher, upper rail, exterior, right', 'CREAMBEIGE', 1, to_date('20040401','YYYYMMDD'), to_date('20071201','YYYYMMDD'), '52109127010', '', '', false);
insert into DiagramParts values('NF73-52_3009-52107115204', 'NF73-52_3009', 11, 'Finisher, upper rail, exterior, right', 'GRAU', 1, to_date('20040401','YYYYMMDD'), to_date('20071201','YYYYMMDD'), '52107115204', '$16.43', '', false);
insert into DiagramParts values('NF73-52_3009-52107115206', 'NF73-52_3009', 11, 'Finisher, upper rail, exterior, right', 'TRFFELBRAUN', 1, to_date('20040401','YYYYMMDD'), to_date('20071201','YYYYMMDD'), '52107115206', '$14.95', '', false);
insert into DiagramParts values('NF73-52_3009-52107126914', 'NF73-52_3009', 11, 'Finisher, upper rail, exterior, right', 'SCHWARZ', 1, to_date('20040401','YYYYMMDD'), to_date('20071201','YYYYMMDD'), '52107126914', '$16.43', '', false);
insert into DiagramParts values('NF73-52_3009-52107126916', 'NF73-52_3009', 11, 'Finisher, upper rail, exterior, right', 'BEIGE', 1, to_date('20040401','YYYYMMDD'), to_date('20071201','YYYYMMDD'), '52107126916', '$16.43', '', false);
insert into DiagramParts values('NF73-52_3009-52107154263', 'NF73-52_3009', 11, 'Finisher, upper rail, exterior, left', 'SCHWARZ', 1, to_date('20040401','YYYYMMDD'), to_date('20071201','YYYYMMDD'), '52107154263', '$14.96', '', false);
insert into DiagramParts values('NF73-52_3009-52107154265', 'NF73-52_3009', 11, 'Finisher, upper rail, exterior, left', 'GRAU', 1, to_date('20040401','YYYYMMDD'), to_date('20071201','YYYYMMDD'), '52107154265', '$17.24', '', false);
insert into DiagramParts values('NF73-52_3009-52107154267', 'NF73-52_3009', 11, 'Finisher, upper rail, exterior, left', 'BEIGE', 1, to_date('20040401','YYYYMMDD'), to_date('20071201','YYYYMMDD'), '52107154267', '$14.96', '', false);
insert into DiagramParts values('NF73-52_3009-52107154269', 'NF73-52_3009', 11, 'Finisher, upper rail, exterior, left', 'TRFFELBRAUN', 1, to_date('20040401','YYYYMMDD'), to_date('20071201','YYYYMMDD'), '52107154269', '$15.96', '', false);
insert into Diagram values('NF73-52_3009','NF73-20040700','52-10','E60 530xi   SEAT FRONT SEAT COVERINGS','');
insert into Diagram values('NF73-52_3010','NF73-20040700','52-10','E60 530xi   Seat, front, seat frame','');
insert into Diagram values('NF73-52_3011','NF73-20040700','52-10','E60 530xi   FRONT SEAT BACKREST FRAME/REAR PANEL','');
insert into Diagram values('NF73-52_3012','NF73-20040700','52-10','E60 530xi   FRONT SEAT RAIL','');
insert into Diagram values('NF73-52_3013','NF73-20040700','52-10','E60 530xi   Seat, front, electrical and motors','');
insert into Diagram values('NF73-52_3014','NF73-20040700','52-10','E60 530xi   Seat, front, electrical/motors, backrest','');
insert into Diagram values('NF73-52_3030','NF73-20040700','52-10','E60 530xi   Sort of seam, seat','');
insert into Diagram values('NF73-52_3100','NF73-20040700','52-10','E60 530xi   Seat, front, Active seat single parts','');
insert into Diagram values('NF73-52_3102','NF73-20040700','52-10','E60 530xi   Seat, front, lumbar','');
insert into Diagram values('NF73-52_3131','NF73-20040700','52-10','E60 530xi   Seat, front, upholstery and cover','');
insert into DiagramParts values('NF73-52_3277-52109144150', 'NF73-52_3277', 01, 'Upholstery, Comfort seat, climate leathr', 'SCHWARZ', 1, to_date('20040901','YYYYMMDD'), to_date('20060901','YYYYMMDD'), '52109144150', '', 'ENDED', false);
insert into DiagramParts values('NF73-52_3277-52109144136', 'NF73-52_3277', 01, 'Upholstered seat section, climate leathr', 'SCHWARZ', 1, to_date('20040901','YYYYMMDD'), to_date('20060901','YYYYMMDD'), '52109144136', '', 'ENDED', false);
insert into DiagramParts values('NF73-52_3277-52109144137', 'NF73-52_3277', 01, 'Upholstered seat section, climate leathr', 'BEIGE', 1, to_date('20040901','YYYYMMDD'), to_date('20060901','YYYYMMDD'), '52109144137', '', 'ENDED', false);
insert into DiagramParts values('NF73-52_3277-52109144151', 'NF73-52_3277', 01, 'Upholstery, Comfort seat, climate leathr', 'BEIGE', 1, to_date('20040901','YYYYMMDD'), to_date('20060901','YYYYMMDD'), '52109144151', '', 'ENDED', false);
insert into Diagram values('NF73-52_3277','NF73-20040700','52-10','E60 530xi   Seat, front, upholstery and cover','');
insert into Diagram values('NF73-52_3017','NF73-20040700','52-20','E60 530xi   Seat rear, upholstery & cover base seat','');
insert into Diagram values('NF73-52_3018','NF73-20040700','52-20','E60 530xi   Seat rear, upholstery & cover base seat','');
insert into Diagram values('NF73-52_3019','NF73-20040700','52-20','E60 530xi   Seat, rear, seat frame, load-through','');
insert into Diagram values('NF73-52_3020','NF73-20040700','52-20','E60 530xi   Rear seat head restraint','');
insert into Diagram values('NF73-52_3021','NF73-20040700','52-20','E60 530xi   Rear seat center armrest','');
insert into Diagram values('NF73-52_3022','NF73-20040700','52-20','E60 530xi   Rear seat center armrest','');
insert into Diagram values('NF73-52_3049','NF73-20040700','52-20','E60 530xi   Rear seat ski bag','');
insert into Diagram values('NF73-52_2989','NF73-20040700','52-60','E60 530xi   Merino leather sold by meter','');
insert into Diagram values('NF73-52_3023','NF73-20040700','52-60','E60 530xi   Cover material, running meter','');
insert into Diagram values('NF73-52_2914','NF73-20040700','52-95','E60 530xi   Lambskin seat cover','');
insert into Diagram values('NF73-52_3015','NF73-20040700','52-95','E60 530xi   UNIVERSAL PRODECTIVE REAR COVER','');
insert into Diagram values('NF73-52_3043','NF73-20040700','52-95','E60 530xi   Belt holder','');
insert into Diagram values('NF73-52_3269','NF73-20040700','52-95','E60 530xi   Seat-back storage pocket','');
insert into Diagram values('NF73-54_0325','NF73-20040700','54-05','E60 530xi   Lift-up-and-slide-back sunroof','');
insert into Diagram values('NF73-61_1749','NF73-20040700','61-05','E60 530xi   Main wiring harness','');
insert into Diagram values('NF73-61_1294','NF73-20040700','61-10','E60 530xi   Repair cable, belt tensioner','');
insert into Diagram values('NF73-61_1747','NF73-20040700','61-10','E60 530xi   DOOR CABLE HARNESSES','');
insert into Diagram values('NF73-61_1748','NF73-20040700','61-10','E60 530xi   VARIOUS ADDITIONAL WIRING SETS','');
insert into DiagramParts values('NF73-61_1760-61129132249', 'NF73-61_1760', 01, 'BATTERY CABLE NEGATIVE', 'IBS', 1, to_date('20061101','YYYYMMDD'), to_date('20070301','YYYYMMDD'), '61129132249', '', 'ENDED', false);
insert into DiagramParts values('NF73-61_1760-61129164346', 'NF73-61_1760', 01, 'BATTERY CABLE NEGATIVE', 'IBS', 1, to_date('20061101','YYYYMMDD'), to_date('20080901','YYYYMMDD'), '61129164346', '', 'ENDED', false);
insert into DiagramParts values('NF73-61_1760-61129184203', 'NF73-61_1760', 01, 'BATTERY CABLE NEGATIVE', 'IBS', 1, to_date('20061101','YYYYMMDD'), to_date('20090901','YYYYMMDD'), '61129184203', '', 'ENDED', false);
insert into Diagram values('NF73-61_1760','NF73-20040700','61-10','E60 530xi   Battery cable','');
insert into Diagram values('NF73-61_1761','NF73-20040700','61-10','E60 530xi   Repair cable main cable harness','');
insert into Diagram values('NF73-61_1801','NF73-20040700','61-10','E60 530xi   Wiring set seat','');
insert into Diagram values('NF73-61_1822','NF73-20040700','61-10','E60 530xi   Cable-yarded material','');
insert into Diagram values('NF73-61_2029','NF73-20040700','61-10','E60 530xi   Repair wiring sets','');
insert into Diagram values('NF73-61_2084','NF73-20040700','61-10','E60 530xi   VARIOUS ADDITIONAL WIRING SETS','');
insert into Diagram values('NF73-61_2252','NF73-20040700','61-10','E60 530xi   Repair cable, airbag','');
insert into Diagram values('NF73-61_2405','NF73-20040700','61-10','E60 530xi   Wiring harness, drive unit, seat','');
insert into Diagram values('NF73-61_1280','NF73-20040700','61-15','E60 530xi   Plug terminal ELO not waterproof','');
insert into Diagram values('NF73-61_1296','NF73-20040700','61-15','E60 530xi   Circular connector / D 2,5 mm System','');
insert into Diagram values('NF73-61_1349','NF73-20040700','61-15','E60 530xi   Various comb-type connectors','');
insert into Diagram values('NF73-61_1445','NF73-20040700','61-15','E60 530xi   Various parts, wiring harness repair','');
insert into Diagram values('NF73-61_1461','NF73-20040700','61-15','E60 530xi   Diagnosis plug','');
insert into Diagram values('NF73-61_1578','NF73-20040700','61-15','E60 530xi   Repair parts, optical fibre cable','');
insert into Diagram values('NF73-61_1691','NF73-20040700','61-15','E60 530xi   Pin contacts ELO','');
insert into Diagram values('NF73-61_1754','NF73-20040700','61-15','E60 530xi   Plug terminal ELO-Power','');
insert into Diagram values('NF73-61_1967','NF73-20040700','61-15','E60 530xi   CABLE HOLDER/COVERING','');
insert into Diagram values('NF73-61_2085','NF73-20040700','61-15','E60 530xi   Various cable grommets','');
insert into Diagram values('NF73-61_2107','NF73-20040700','61-15','E60 530xi   Various parts, wiring harness repair','');
insert into Diagram values('NF73-61_2217','NF73-20040700','61-15','E60 530xi   Contact system MQS','');
insert into Diagram values('NF73-61_2404','NF73-20040700','61-15','E60 530xi   VARIOUS CABLE HOLDERS','');
insert into Diagram values('NF73-61_2444','NF73-20040700','61-15','E60 530xi   diverse plugs and connectors','');
insert into Diagram values('NF73-61_2483','NF73-20040700','61-15','E60 530xi   Cable tie','');
insert into Diagram values('NF73-61_2638','NF73-20040700','61-15','E60 530xi   Repair parts, coaxial cable contacts','');
insert into Diagram values('NF73-61_2680','NF73-20040700','61-15','E60 530xi   Repair parts, coaxial cable housing','');
insert into Diagram values('NF73-61_1566','NF73-20040700','61-20','E60 530xi   Single components for fuse housing','');
insert into Diagram values('NF73-61_1757','NF73-20040700','61-20','E60 530xi   Power distribution box','');
insert into Diagram values('NF73-61_1767','NF73-20040700','61-20','E60 530xi   BRACKET F BODY CONTROL UNITS AND MODULES','');
insert into DiagramParts values('NF73-61_1717-61359111947', 'NF73-61_1717', 03, 'TRAILER TOWING MODUL', '3+', 1, to_date('20060901','YYYYMMDD'), to_date('20070301','YYYYMMDD'), '61359111947', '', 'ENDED', false);
insert into DiagramParts values('NF73-61_1717-61359146234', 'NF73-61_1717', 03, 'TRAILER TOWING MODUL', '3+', 1, to_date('20060901','YYYYMMDD'), to_date('20090201','YYYYMMDD'), '61359146234', '', 'ENDED', false);
insert into DiagramParts values('NF73-61_1717-61359167198', 'NF73-61_1717', 03, 'TRAILER TOWING MODUL', '3+', 1, to_date('20060901','YYYYMMDD'), to_date('20090201','YYYYMMDD'), '61359167198', '', 'ENDED', false);
insert into DiagramParts values('NF73-61_1717-61359186177', 'NF73-61_1717', 03, 'TRAILER TOWING MODUL', '4R', 1, to_date('20060901','YYYYMMDD'), to_date('20090301','YYYYMMDD'), '61359186177', '', 'ENDED', false);
insert into Diagram values('NF73-61_1717','NF73-20040700','61-25','E60 530xi   Control units/modules','');
insert into Diagram values('NF73-61_1719','NF73-20040700','61-25','E60 530xi   Sensors and relays','');
insert into Diagram values('NF73-61_2000','NF73-20040700','61-25','E60 530xi   Control unit/antennas passive access','');
insert into Diagram values('NF73-61_2016','NF73-20040700','61-25','E60 530xi   Control unit for front seat','');
insert into Diagram values('NF73-61_2044','NF73-20040700','61-25','E60 530xi   Body gateway module','');
insert into Diagram values('NF73-61_1742','NF73-20040700','61-30','E60 530xi   Original BMW battery (Warranty only)','');
insert into Diagram values('NF73-61_1743','NF73-20040700','61-30','E60 530xi   battery holder and mounting parts','');
insert into Diagram values('NF73-61_1331','NF73-20040700','61-35','E60 530xi   Cigarette lighter / sockets','');
insert into Diagram values('NF73-61_1695','NF73-20040700','61-35','E60 530xi   Window lifter switch, passenger&apos;s side','');
insert into Diagram values('NF73-61_1696','NF73-20040700','61-35','E60 530xi   Window lifter switch, driver&apos;s side','');
insert into Diagram values('NF73-61_1697','NF73-20040700','61-35','E60 530xi   Window lifter switch, rear','');
insert into DiagramParts values('NF73-61_1698-61316953625', 'NF73-61_1698', 02, 'Cover, light operating unit', 'SCHWARZ', 1, to_date('20040901','YYYYMMDD'), to_date('20070301','YYYYMMDD'), '61316953625', '$46.97', '', false);
insert into Diagram values('NF73-61_1698','NF73-20040700','61-35','E60 530xi   Control element light','');
insert into Diagram values('NF73-61_1699','NF73-20040700','61-35','E60 530xi   Steering wheel electronic control','');
insert into Diagram values('NF73-61_1700','NF73-20040700','61-35','E60 530xi   SWITCH ADJUSTER STEERING COLUMN','');
insert into Diagram values('NF73-61_1709','NF73-20040700','61-35','E60 530xi   Seat adjustment switch, front','');
insert into Diagram values('NF73-61_1720','NF73-20040700','61-35','E60 530xi   VARIOUS SWITCHES','');
insert into Diagram values('NF73-61_1722','NF73-20040700','61-35','E60 530xi   Steering column switch/control unit','');
insert into Diagram values('NF73-61_1723','NF73-20040700','61-35','E60 530xi   TV/Audio plug socket','');
insert into DiagramParts values('NF73-61_1725-61359226238', 'NF73-61_1725', 03, 'Control unit CAS', 'CAS3', 1, to_date('20050901','YYYYMMDD'), to_date('20070301','YYYYMMDD'), '61359226238', '', '', false);
insert into Diagram values('NF73-61_1725','NF73-20040700','61-35','E60 530xi   Ign./starting switch/ring antenna/CAS','');
insert into Diagram values('NF73-61_1833','NF73-20040700','61-35','E60 530xi   Steering column trim, high','');
insert into Diagram values('NF73-61_1834','NF73-20040700','61-35','E60 530xi   Steering column trim, basic','');
insert into Diagram values('NF73-61_1886','NF73-20040700','61-35','E60 530xi   switch, airbag','');
insert into Diagram values('NF73-61_1937','NF73-20040700','61-35','E60 530xi   Switch unit, center console','');
insert into Diagram values('NF73-61_1966','NF73-20040700','61-35','E60 530xi   Switch unit, center console','');
insert into DiagramParts values('NF73-61_2025-61136901662', 'NF73-61_2025', 08, 'Socket housing', '16 POL./Z-CODE', 1, to_date('20050901','YYYYMMDD'), to_date('20070301','YYYYMMDD'), '61136901662', '$2.55', '', false);
insert into DiagramParts values('NF73-61_2025-61138377072', 'NF73-61_2025', 08, 'Universal socket housing uncoded', '3 POL.', 2, to_date('20050901','YYYYMMDD'), to_date('20070301','YYYYMMDD'), '61138377072', '$1.37', '', false);
insert into Diagram values('NF73-61_2025','NF73-20040700','61-35','E60 530xi   Steering column switch/control unit','');
insert into Diagram values('NF73-61_2127','NF73-20040700','61-35','E60 530xi   Brake and clutch switch','');
insert into Diagram values('NF73-61_1694','NF73-20040700','61-40','E60 530xi   Horn','');
insert into Diagram values('NF73-61_1671','NF73-20040700','61-45','E60 530xi   SINGLE COMPONENTS FOR WIPER ARM','');
insert into Diagram values('NF73-61_1672','NF73-20040700','61-45','E60 530xi   SINGLE WIPER PARTS','');
insert into Diagram values('NF73-61_1673','NF73-20040700','61-45','E60 530xi   Reserv.,windshield/headlight washer syst','');
insert into Diagram values('NF73-61_1674','NF73-20040700','61-45','E60 530xi   Hose lines, windshield washer system','');
insert into Diagram values('NF73-61_1675','NF73-20040700','61-45','E60 530xi   Hose lines, headlight washer system','');
insert into Diagram values('NF73-61_1889','NF73-20040700','61-95','E60 530xi   Remote control/compass interior mirror','');
insert into Diagram values('NF73-61_2223','NF73-20040700','61-95','E60 530xi   Suppression filter','');
insert into Diagram values('NF73-61_3066','NF73-20040700','61-95','E60 530xi   Jumper cable','');
insert into Diagram values('NF73-62_0461','NF73-20040700','62-05','E60 530xi   Instrument cluster','');
insert into Diagram values('NF73-62_0462','NF73-20040700','62-30','E60 530xi   Head-up display','');
insert into Diagram values('NF73-63_0796','NF73-20040700','63-05','E60 530xi   Headlight','');
insert into Diagram values('NF73-63_0797','NF73-20040700','63-05','E60 530xi   Headlight, electronic parts, Xenon light','');
insert into Diagram values('NF73-63_0798','NF73-20040700','63-05','E60 530xi   Individual parts for halogen headlamp','');
insert into Diagram values('NF73-63_0799','NF73-20040700','63-05','E60 530xi   Single components f headlight Xenon/ALC','');
insert into Diagram values('NF73-63_1067','NF73-20040700','63-05','E60 530xi   SPARE BULBS BOX','');
insert into Diagram values('NF73-63_1363','NF73-20040700','63-05','E60 530xi   BMW Performance Light','');
insert into Diagram values('NF73-63_1420','NF73-20040700','63-05','E60 530xi   SPARE BULBS BOX','');
insert into Diagram values('NF73-63_0815','NF73-20040700','63-10','E60 530xi   Additional turn indicator lamp','');
insert into Diagram values('NF73-63_0812','NF73-20040700','63-15','E60 530xi   Fog lights','');
insert into Diagram values('NF73-63_0879','NF73-20040700','63-15','E60 530xi   Fog lamp M-Technik','');
insert into Diagram values('NF73-63_0801','NF73-20040700','63-20','E60 530xi   Rear light','');
insert into Diagram values('NF73-63_0814','NF73-20040700','63-25','E60 530xi   Third stoplamp','');
insert into Diagram values('NF73-63_0788','NF73-20040700','63-30','E60 530xi   Various lamps','');
insert into Diagram values('NF73-63_0816','NF73-20040700','63-30','E60 530xi   Various lamps','');
insert into Diagram values('NF73-63_0817','NF73-20040700','63-30','E60 530xi   VARIOUS LAMPS/SPARE BULBS BOX','');
insert into Diagram values('NF73-63_1028','NF73-20040700','63-30','E60 530xi   Various lamps','');
insert into Diagram values('NF73-63_0837','NF73-20040700','63-95','E60 530xi   Retrofit kit,rr light, white','');
insert into Diagram values('NF73-63_0855','NF73-20040700','63-95','E60 530xi   Retrofit kit bi-xenon headlight','');
insert into Diagram values('NF73-63_0856','NF73-20040700','63-95','E60 530xi   Retrofit kit adaptive headlights','');
insert into Diagram values('NF73-63_1047','NF73-20040700','63-95','E60 530xi   LED Flashlight','');
insert into Diagram values('NF73-63_1048','NF73-20040700','63-95','E60 530xi   Electrical kit, facelift lights','');
insert into Diagram values('NF73-63_1153','NF73-20040700','63-95','E60 530xi   Flashlight, LED','');
insert into Diagram values('NF73-63_1322','NF73-20040700','63-95','E60 530xi   LED interior light package','');
insert into Diagram values('NF73-63_1509','NF73-20040700','63-95','E60 530xi   BMW LED luggage compartment lamp','');
insert into Diagram values('NF73-64_1348','NF73-20040700','64-05','E60 530xi   AIR CHANNEL','');
insert into Diagram values('NF73-64_1338','NF73-20040700','64-10','E60 530xi   Microfilter/housing parts','');
insert into Diagram values('NF73-64_1350','NF73-20040700','64-15','E60 530xi   HEATER RADIATOR AUTOMATIC AIR CONDITION','');
insert into Diagram values('NF73-64_1481','NF73-20040700','64-18','E60 530xi   Water valve/Water hose IHKA High','');
insert into Diagram values('NF73-64_1493','NF73-20040700','64-18','E60 530xi   Water valve/Water hose IHKA Basis','');
insert into Diagram values('NF73-64_1325','NF73-20040700','64-20','E60 530xi   Automatic air conditioning control','');
insert into Diagram values('NF73-64_1326','NF73-20040700','64-20','E60 530xi   Control unit, automatic air cond.,High','');
insert into Diagram values('NF73-64_1339','NF73-20040700','64-30','E60 530xi   Evaporator / Expansion valve','');
insert into Diagram values('NF73-64_1366','NF73-20040700','64-35','E60 530xi   Housing parts automatic air conditioning','');
insert into Diagram values('NF73-64_1367','NF73-20040700','64-35','E60 530xi   Set of small parts, aut air cond housing','');
insert into Diagram values('NF73-64_1488','NF73-20040700','64-35','E60 530xi   Housing parts, coolbox','');
insert into Diagram values('NF73-64_1352','NF73-20040700','64-40','E60 530xi   Temperature sensor','');
insert into Diagram values('NF73-64_1353','NF73-20040700','64-40','E60 530xi   Set of cables for auto. air conditioning','');
insert into Diagram values('NF73-64_1355','NF73-20040700','64-40','E60 530xi   Blower unit / mounting parts','');
insert into Diagram values('NF73-64_1340','NF73-20040700','64-45','E60 530xi   Actuator for autom. air condition Basis','');
insert into Diagram values('NF73-64_1341','NF73-20040700','64-45','E60 530xi   Actuator for autom. air condition High','');
insert into Diagram values('NF73-64_1343','NF73-20040700','64-45','E60 530xi   SENSOR F. AUC','');
insert into Diagram values('NF73-64_1344','NF73-20040700','64-45','E60 530xi   Condensation sensor / Solar sensor','');
insert into Diagram values('NF73-64_1482','NF73-20040700','64-50','E60 530xi   Air-conditioner compressor','');
insert into Diagram values('NF73-64_1669','NF73-20040700','64-50','E60 530xi   COMPRESSOR, MAGNETIC CLUTCH','');
insert into Diagram values('NF73-64_1342','NF73-20040700','64-55','E60 530xi   Condenser/Drier insert','');
insert into Diagram values('NF73-64_1480','NF73-20040700','64-60','E60 530xi   Coolant lines','');
insert into Diagram values('NF73-64_1327','NF73-20040700','64-65','E60 530xi   Auxiliary heating','');
insert into Diagram values('NF73-64_1855','NF73-20040700','64-95','E60 530xi   Accessori e postmontaggi','');
insert into Diagram values('NF73-65_0207','NF73-20040700','65-05','E60 530xi   Earth strap for engine hood','');
insert into Diagram values('NF73-65_1330','NF73-20040700','65-05','E60 530xi   M-Audio system controller','');
insert into Diagram values('NF73-65_1408','NF73-20040700','65-05','E60 530xi   Satellite- radio','');
insert into Diagram values('NF73-65_1592','NF73-20040700','65-05','E60 530xi   IBOC receiver module/IBOC splitter','');
insert into Diagram values('NF73-65_1761','NF73-20040700','65-07','E60 530xi   USB/Audio interface','');
insert into Diagram values('NF73-65_1786','NF73-20040700','65-07','E60 530xi   Auxiliary connection cable','');
insert into Diagram values('NF73-65_1312','NF73-20040700','65-10','E60 530xi   CD Changer/Bracket','');
insert into Diagram values('NF73-65_1681','NF73-20040700','65-10','E60 530xi   DVD player','');
insert into Diagram values('NF73-65_1301','NF73-20040700','65-20','E60 530xi   Components central bass','');
insert into Diagram values('NF73-65_1303','NF73-20040700','65-20','E60 530xi   Components Top-HiFi instrument panel','');
insert into Diagram values('NF73-65_1306','NF73-20040700','65-20','E60 530xi   SINGLE PARTS F FRONT DOOR HIFI SYSTEM','');
insert into Diagram values('NF73-65_1307','NF73-20040700','65-20','E60 530xi   SINGLE PARTS F FRONT DOOR TOP-HIFI SYST.','');
insert into Diagram values('NF73-65_1308','NF73-20040700','65-20','E60 530xi   SINGLE PARTS F PACKAGE SHELF HIFI SYSTEM','');
insert into Diagram values('NF73-65_1309','NF73-20040700','65-20','E60 530xi   SINGLE PARTS F PACKAGE SHELF TOP-HIFI','');
insert into Diagram values('NF73-65_1310','NF73-20040700','65-20','E60 530xi   SINGLE PARTS F REAR DOOR TOP-HIFI SYST.','');
insert into Diagram values('NF73-65_1739','NF73-20040700','65-20','E60 530xi   Individual Audio system, door front','');
insert into Diagram values('NF73-65_1740','NF73-20040700','65-20','E60 530xi   Individual Audio system, door rear','');
insert into Diagram values('NF73-65_1741','NF73-20040700','65-20','E60 530xi   Individual Audio system, I-panel','');
insert into Diagram values('NF73-65_1742','NF73-20040700','65-20','E60 530xi   Individual Audio system tray','');
insert into Diagram values('NF73-65_1394','NF73-20040700','65-22','E60 530xi   Antenna cable Radio/TV','');
insert into Diagram values('NF73-65_1402','NF73-20040700','65-22','E60 530xi   Antenna cable GPS','');
insert into Diagram values('NF73-65_1851','NF73-20040700','65-22','E60 530xi   Universal aerial cable','');
insert into Diagram values('NF73-65_1852','NF73-20040700','65-22','E60 530xi   Universal aerial cable','');
insert into Diagram values('NF73-65_1853','NF73-20040700','65-22','E60 530xi   Universal aerial cable','');
insert into Diagram values('NF73-65_1300','NF73-20040700','65-25','E60 530xi   Single parts f instrument support','');
insert into Diagram values('NF73-65_1313','NF73-20040700','65-25','E60 530xi   amplifier / holder hifi system','');
insert into Diagram values('NF73-65_1314','NF73-20040700','65-25','E60 530xi   Amplifier/holder,HiFi Professional DSP','');
insert into Diagram values('NF73-65_1743','NF73-20040700','65-25','E60 530xi   Amplifier/bracket Indi. Audio System','');
insert into Diagram values('NF73-65_1324','NF73-20040700','65-30','E60 530xi   SINGLE PARTS F ANTENNA-DIVERSITY','');
insert into Diagram values('NF73-65_1331','NF73-20040700','65-30','E60 530xi   SINGLE PARTS F ANTENNA','');
insert into Diagram values('NF73-65_1119','NF73-20040700','65-45','E60 530xi   Headset module','');
insert into DiagramParts values('NF73-65_1352-65826950464', 'NF73-65_1352', 01, 'AT-On-board monitor 6,5&quot;', 'FA. ALPINE', 1, to_date('20040901','YYYYMMDD'), to_date('20050901','YYYYMMDD'), '65826950464', '', 'ENDED', false);
insert into DiagramParts values('NF73-65_1352-65826986289', 'NF73-65_1352', 01, 'AT-On-board monitor 6,5&quot;', 'FA. ALPINE', 1, to_date('20040901','YYYYMMDD'), to_date('20051201','YYYYMMDD'), '65826986289', '', 'ENDED', false);
insert into DiagramParts values('NF73-65_1352-65829111270', 'NF73-65_1352', 01, 'AT-On-board monitor 6,5&quot;', 'FA. ALPINE', 1, to_date('20040901','YYYYMMDD'), to_date('20060301','YYYYMMDD'), '65829111270', '', 'ENDED', false);
insert into DiagramParts values('NF73-65_1352-65826981559', 'NF73-65_1352', 01, 'AT-On-board monitor 6,5&quot;', 'FA. ALPINE', 1, to_date('20040901','YYYYMMDD'), to_date('20070301','YYYYMMDD'), '65826981559', '', 'ENDED', false);
insert into DiagramParts values('NF73-65_1352-65826950465', 'NF73-65_1352', 01, 'AT-On-board monitor 8,8&quot;', 'FA. ALPINE', 1, to_date('20040901','YYYYMMDD'), to_date('20050901','YYYYMMDD'), '65826950465', '', 'ENDED', false);
insert into DiagramParts values('NF73-65_1352-65826986290', 'NF73-65_1352', 01, 'AT-On-board monitor 8,8&quot;', 'FA. ALPINE', 1, to_date('20040901','YYYYMMDD'), to_date('20051201','YYYYMMDD'), '65826986290', '', 'ENDED', false);
insert into DiagramParts values('NF73-65_1352-65829111274', 'NF73-65_1352', 01, 'AT-On-board monitor 8,8&quot;', 'FA. ALPINE', 1, to_date('20040901','YYYYMMDD'), to_date('20060301','YYYYMMDD'), '65829111274', '', 'ENDED', false);
insert into DiagramParts values('NF73-65_1352-65826981560', 'NF73-65_1352', 01, 'AT-On-board monitor 8,8&quot;', 'FA. ALPINE', 1, to_date('20040901','YYYYMMDD'), to_date('20070301','YYYYMMDD'), '65826981560', '', 'ENDED', false);
insert into DiagramParts values('NF73-65_1352-65829118722', 'NF73-65_1352', 01, 'AT-On-board monitor 8,8&quot;', 'FA. ALPINE', 1, to_date('20040901','YYYYMMDD'), to_date('20080901','YYYYMMDD'), '65829118722', '', 'ENDED', false);
insert into Diagram values('NF73-65_1352','NF73-20040700','65-45','E60 530xi   On-board monitor','');
insert into DiagramParts values('NF73-65_1353-65826983881', 'NF73-65_1353', 03, 'Control knob', 'PERLGLANZ CHROM', 1, to_date('20050901','YYYYMMDD'), to_date('20080901','YYYYMMDD'), '65826983881', '$66.66', '+core', false);
insert into Diagram values('NF73-65_1353','NF73-20040700','65-45','E60 530xi   Controller up to 09/2008','');
insert into Diagram values('NF73-65_1354','NF73-20040700','65-50','E60 530xi   CCC CD','');
insert into Diagram values('NF73-65_1453','NF73-20040700','65-50','E60 530xi   Single parts CCC','');
insert into Diagram values('NF73-65_1606','NF73-20040700','65-50','E60 530xi   Navigation CD/DVD','');
insert into Diagram values('NF73-65_1827','NF73-20040700','65-50','E60 530xi   Navigation DVD 2006','');
insert into Diagram values('NF73-65_1339','NF73-20040700','65-60','E60 530xi   Alarm systems','');
insert into Diagram values('NF73-65_1338','NF73-20040700','65-65','E60 530xi   Electric parts for airbag','');
insert into Diagram values('NF73-65_1612','NF73-20040700','65-65','E60 530xi   Electric parts for airbag','');
insert into Diagram values('NF73-65_1180','NF73-20040700','65-70','E60 530xi   Temperature sensor','');
insert into Diagram values('NF73-65_1360','NF73-20040700','65-95','E60 530xi   Retrofit kit, CD-changer','');
insert into Diagram values('NF73-65_1391','NF73-20040700','65-95','E60 530xi   DVD-system','');
insert into Diagram values('NF73-65_1602','NF73-20040700','65-95','E60 530xi   DVD-system Portable','');
insert into Diagram values('NF73-65_1628','NF73-20040700','65-95','E60 530xi   Spare parts DVD Advanced','');
insert into Diagram values('NF73-65_1721','NF73-20040700','65-95','E60 530xi   iPod connection retrofit kit','');
insert into Diagram values('NF73-65_2038','NF73-20040700','65-95','E60 530xi   DVD system Tablet','');
insert into Diagram values('NF73-65_2422','NF73-20040700','65-95','E60 530xi   Cable adapter for Apple iPod / iPhone','');
insert into Diagram values('NF73-65_2520','NF73-20040700','65-95','E60 530xi   BMW USB charger','');
insert into Diagram values('NF73-65_2522','NF73-20040700','65-95','E60 530xi   Cable adapter, devices with Micro USB','');
insert into Diagram values('NF73-66_0099','NF73-20040700','66-05','E60 530xi   ACC-Sensor','');
insert into Diagram values('NF73-66_0100','NF73-20040700','66-05','E60 530xi   Park Distance Control (PDC)','');
insert into Diagram values('NF73-66_0131','NF73-20040700','66-05','E60 530xi   Ignition lock of remote control','');
insert into Diagram values('NF73-66_0134','NF73-20040700','66-05','E60 530xi   Night vision camera','');
insert into Diagram values('NF73-66_0110','NF73-20040700','66-95','E60 530xi   Retrofit kit PDC II','');
insert into Diagram values('NF73-71_0344','NF73-20040700','71-03','E60 530xi   LABEL "TIRE PRESSURE"','');
insert into Diagram values('NF73-71_0362','NF73-20040700','71-03','E60 530xi   LABEL "TIRE PRESSURE"','');
insert into Diagram values('NF73-71_0568','NF73-20040700','71-03','E60 530xi   Instruction notice, Airbag','');
insert into Diagram values('NF73-71_0571','NF73-20040700','71-03','E60 530xi   Label "Exhaust emission"','');
insert into Diagram values('NF73-71_0572','NF73-20040700','71-03','E60 530xi   Notice label for fuel','');
insert into Diagram values('NF73-71_0573','NF73-20040700','71-03','E60 530xi   Label "Outer paint"','');
insert into Diagram values('NF73-71_0574','NF73-20040700','71-03','E60 530xi   Various notice stickers','');
insert into Diagram values('NF73-71_0616','NF73-20040700','71-03','E60 530xi   Label, coolant','');
insert into Diagram values('NF73-71_0340','NF73-20040700','71-05','E60 530xi   Car tool/Lifting jack','');
insert into Diagram values('NF73-71_0343','NF73-20040700','71-05','E60 530xi   Car tool','');
insert into Diagram values('NF73-71_0391','NF73-20040700','71-05','E60 530xi   Warning triangle/First aid kit/-cushion','');
insert into Diagram values('NF73-71_0717','NF73-20040700','71-05','E60 530xi   Set of lifting jack','');
insert into Diagram values('NF73-71_0400','NF73-20040700','71-95','E60 530xi   Set of lifting jack','');
insert into Diagram values('NF73-71_0434','NF73-20040700','71-95','E60 530xi   Tire Mobility Set','');
insert into Diagram values('NF73-72_0459','NF73-20040700','72-03','E60 530xi   Airbag passenger and head airbag','');
insert into Diagram values('NF73-72_0460','NF73-20040700','72-03','E60 530xi   Side airbag','');
insert into Diagram values('NF73-72_0453','NF73-20040700','72-05','E60 530xi   FRONT SAFETY BELT MOUNTING PARTS','');
insert into Diagram values('NF73-72_0458','NF73-20040700','72-05','E60 530xi   SAFETY BELT REAR','');
insert into Diagram values('NF73-72_0519','NF73-20040700','72-05','E60 530xi   Child seat mount','');
insert into Diagram values('NF73-72_0541','NF73-20040700','72-05','E60 530xi   Safety belt front','');
insert into Diagram values('NF73-72_0518','NF73-20040700','72-15','E60 530xi   Flag holder','');
insert into Diagram values('NF73-72_0409','NF73-20040700','72-95','E60 530xi   Warning triangle','');
insert into Diagram values('NF73-72_0439','NF73-20040700','72-95','E60 530xi   Fire extinguisher / Holder','');
insert into Diagram values('NF73-72_0461','NF73-20040700','72-95','E60 530xi   Storage compartment module','');
insert into Diagram values('NF73-72_0462','NF73-20040700','72-95','E60 530xi   Cup holder-module','');
insert into Diagram values('NF73-72_0591','NF73-20040700','72-95','E60 530xi   Tow bar','');
insert into Diagram values('NF73-72_0598','NF73-20040700','72-95','E60 530xi   TOW ROPE','');
insert into Diagram values('NF73-72_0744','NF73-20040700','72-95','E60 530xi   Emergency bag','');
insert into Diagram values('NF73-36_0742','NF73-20040700','82-14','E60 530xi   Snow chains','');
insert into Diagram values('NF73-82_1571','NF73-20040700','82-14','E60 530xi   Snow chains','');
insert into Diagram values('NF73-82_1073','NF73-20040700','82-26','E60 530xi   Universal coat hanger','');
insert into Diagram values('NF73-82_1231','NF73-20040700','82-26','E60 530xi   bag holder','');
insert into Diagram values('NF73-82_1246','NF73-20040700','82-26','E60 530xi   CD case','');
insert into Diagram values('NF73-82_1261','NF73-20040700','82-26','E60 530xi   Clean Bag','');
insert into Diagram values('NF73-82_1299','NF73-20040700','82-26','E60 530xi   Storage pocket, rear passengers','');
insert into Diagram values('NF73-82_1308','NF73-20040700','82-26','E60 530xi   Shoe case','');
insert into Diagram values('NF73-82_1311','NF73-20040700','82-26','E60 530xi   Driver utility set','');
insert into Diagram values('NF73-82_1171','NF73-20040700','82-31','E60 530xi   BMW buggy chrome-marine with accessories','');
insert into Diagram values('NF73-82_1181','NF73-20040700','82-31','E60 530xi   BMW Junior Seat I-II','');
insert into Diagram values('NF73-82_1186','NF73-20040700','82-31','E60 530xi   BMW Baby Seat 0+','');
insert into Diagram values('NF73-82_1187','NF73-20040700','82-31','E60 530xi   BMW Junior Seat I-II Isofix','');
insert into Diagram values('NF73-82_1189','NF73-20040700','82-31','E60 530xi   BMW Baby Seat 0+ Isofix','');
insert into Diagram values('NF73-82_1237','NF73-20040700','82-31','E60 530xi   Dog harness','');
insert into Diagram values('NF73-82_1276','NF73-20040700','82-31','E60 530xi   BMW Junior Seat II-III','');
insert into Diagram values('NF73-82_1305','NF73-20040700','82-31','E60 530xi   BMW Junior Seat III','');
insert into Diagram values('NF73-82_0988','NF73-20040700','82-44','E60 530xi   Clear Covering','');
insert into Diagram values('NF73-82_1106','NF73-20040700','82-44','E60 530xi   Indoor Car Cover','');
insert into Diagram values('NF73-82_1195','NF73-20040700','82-44','E60 530xi   Mud flaps','');
insert into Diagram values('NF73-82_1198','NF73-20040700','82-44','E60 530xi   Cover','');
insert into Diagram values('NF73-82_1241','NF73-20040700','82-44','E60 530xi   SLIPSTREAM DEFLECTOR','');
insert into Diagram values('NF73-82_1251','NF73-20040700','82-44','E60 530xi   Cover hood windshield/side window','');
insert into Diagram values('NF73-82_1284','NF73-20040700','82-44','E60 530xi   License plate frame','');
insert into Diagram values('NF73-82_0116','NF73-20040700','82-51','E60 530xi   Universal support','');
insert into Diagram values('NF73-82_0123','NF73-20040700','82-51','E60 530xi   RACK FOR RACING BICYCLE','');
insert into Diagram values('NF73-82_0124','NF73-20040700','82-51','E60 530xi   Luggage basket','');
insert into Diagram values('NF73-82_0125','NF73-20040700','82-51','E60 530xi   Bicycle lift','');
insert into Diagram values('NF73-82_0245','NF73-20040700','82-51','E60 530xi   SUPPORT SNOWBOARD','');
insert into Diagram values('NF73-82_0281','NF73-20040700','82-51','E60 530xi   Touring bicycle holder','');
insert into Diagram values('NF73-82_0283','NF73-20040700','82-51','E60 530xi   Surfboard rack','');
insert into Diagram values('NF73-82_0284','NF73-20040700','82-51','E60 530xi   Standard ski carrier for 6 pairs of skis','');
insert into Diagram values('NF73-82_0364','NF73-20040700','82-51','E60 530xi   SKI/SNOWBOARD SET','');
insert into Diagram values('NF73-82_0501','NF73-20040700','82-51','E60 530xi   ki and luggage box','');
insert into Diagram values('NF73-82_0502','NF73-20040700','82-51','E60 530xi   Luggage box','');
insert into Diagram values('NF73-82_0594','NF73-20040700','82-51','E60 530xi   Komfort ski holder','');
insert into Diagram values('NF73-82_0598','NF73-20040700','82-51','E60 530xi   MULTI-PURPOSE ROOF BOX','');
insert into Diagram values('NF73-82_0845','NF73-20040700','82-51','E60 530xi   Standard ski holder, for 4 pairs of ski','');
insert into Diagram values('NF73-82_1148','NF73-20040700','82-51','E60 530xi   Rack support','');
insert into Diagram values('NF73-82_1157','NF73-20040700','82-51','E60 530xi   Bicycle carrier, trailer coupling','');
insert into Diagram values('NF73-82_1175','NF73-20040700','82-51','E60 530xi   Touring bicycle holder','');
insert into Diagram values('NF73-82_1178','NF73-20040700','82-51','E60 530xi   Roof box','');
insert into Diagram values('NF73-82_1234','NF73-20040700','82-51','E60 530xi   Roof box','');
insert into Diagram values('NF73-82_1244','NF73-20040700','82-51','E60 530xi   Racing bike rack','');
insert into Diagram values('NF73-82_1245','NF73-20040700','82-51','E60 530xi   ROOF RACK SYSTEMS','');
insert into Diagram values('NF73-82_1250','NF73-20040700','82-51','E60 530xi   Roof box','');
insert into Diagram values('NF73-82_1268','NF73-20040700','82-51','E60 530xi   Ski/snowboard holder','');
insert into Diagram values('NF73-82_1295','NF73-20040700','82-51','E60 530xi   Roof rack systems','');
insert into Diagram values('NF73-82_1364','NF73-20040700','82-51','E60 530xi   Bicycle carrier, trailer coupling','');
insert into Diagram values('NF73-82_1460','NF73-20040700','82-51','E60 530xi   Roof rack systems','');
insert into Diagram values('NF73-82_1476','NF73-20040700','82-51','E60 530xi   Roof-mounted container 320 LCI','');
insert into Diagram values('NF73-82_1551','NF73-20040700','82-51','E60 530xi   Bicycle carrier, trailer coupling','');
insert into Diagram values('NF73-82_0926','NF73-20040700','82-52','E60 530xi   Adapter (universal lift) for hood','');
insert into Diagram values('NF73-82_0102','NF73-20040700','82-81','E60 530xi   Universal hoist','');
insert into Diagram values('NF73-82_0783','NF73-20040700','82-90','E60 530xi   Operating Fluids','');
insert into Diagram values('NF73-83_0306','NF73-20040700','83-24','E60 530xi   Paint protection foil E60','');
insert into DiagramParts values('NF73-84_0608-84106972696', 'NF73-84_0608', 01, 'Telematics Control Unit', 'CDMA', 1, to_date('20050301','YYYYMMDD'), to_date('20050901','YYYYMMDD'), '84106972696', '', 'ENDED', false);
insert into DiagramParts values('NF73-84_0608-84106982067', 'NF73-84_0608', 01, 'Telematics Control Unit', 'CDMA', 1, to_date('20050301','YYYYMMDD'), to_date('20060301','YYYYMMDD'), '84106982067', '', 'ENDED', false);
insert into DiagramParts values('NF73-84_0608-84109120741', 'NF73-84_0608', 01, 'Telematics Control Unit', 'CDMA', 1, to_date('20050301','YYYYMMDD'), to_date('20060401','YYYYMMDD'), '84109120741', '', 'ENDED', false);
insert into DiagramParts values('NF73-84_0608-84109126533', 'NF73-84_0608', 01, 'Telematics Control Unit', 'CDMA', 1, to_date('20050301','YYYYMMDD'), to_date('20060401','YYYYMMDD'), '84109126533', '', 'ENDED', false);
insert into DiagramParts values('NF73-84_0608-84109122446', 'NF73-84_0608', 01, 'Rmfd Telematics Control Unit', 'CDMA', 1, to_date('20050301','YYYYMMDD'), to_date('20070301','YYYYMMDD'), '84109122446', '', 'ENDED', false);
insert into DiagramParts values('NF73-84_0608-84109171590', 'NF73-84_0608', 01, 'Rmfd Telematics Control Unit', 'CDMA', 1, to_date('20050301','YYYYMMDD'), to_date('20070301','YYYYMMDD'), '84109171590', '', 'ENDED', false);
insert into DiagramParts values('NF73-84_0608-84109181230', 'NF73-84_0608', 01, 'Rmfd Telematics Control Unit', 'CDMA', 1, to_date('20050301','YYYYMMDD'), to_date('20070301','YYYYMMDD'), '84109181230', '$403.59', '', false);
insert into DiagramParts values('NF73-84_0608-84109149614', 'NF73-84_0608', 01, 'Telematics Control Unit', 'CDMA', 1, to_date('20070301','YYYYMMDD'), to_date('20070901','YYYYMMDD'), '84109149614', '', 'ENDED', false);
insert into DiagramParts values('NF73-84_0608-84109171348', 'NF73-84_0608', 01, 'Telematics Control Unit', 'CDMA', 1, to_date('20070301','YYYYMMDD'), to_date('20080301','YYYYMMDD'), '84109171348', '', 'ENDED', false);
insert into DiagramParts values('NF73-84_0608-84109196664', 'NF73-84_0608', 01, 'Rmfd Telematics Control Unit', 'CDMA', 1, to_date('20070301','YYYYMMDD'), to_date('20080301','YYYYMMDD'), '84109196664', '', 'ENDED', false);
insert into DiagramParts values('NF73-84_0608-84109228937', 'NF73-84_0608', 01, 'Rmfd Telematics Control Unit', 'GSM', 1, to_date('20080301','YYYYMMDD'), to_date('20100301','YYYYMMDD'), '84109228937', '', 'ENDED', false);
insert into Diagram values('NF73-84_0608','NF73-20040700','84-10','E60 530xi   Single parts SA 639/SA 664, trunk','');
insert into Diagram values('NF73-84_0767','NF73-20040700','84-10','E60 530xi   Starter package, cell phone Nokia 6303c','');
insert into Diagram values('NF73-84_0607','NF73-20040700','84-20','E60 530xi   Single parts SA639/SA664 center console','');
insert into Diagram values('NF73-84_0769','NF73-20040700','84-20','E60 530xi   Snap-In Adapter Bluetooth for USA','');
insert into Diagram values('NF73-84_0602','NF73-20040700','84-30','E60 530xi   Single parts f hands-free facility','');
insert into Diagram values('NF73-84_0644','NF73-20040700','84-55','E60 530xi   Antenna line, telephone','');
insert into Diagram values('NF73-84_0678','NF73-20040700','84-95','E60 530xi   Retrofit kit, voice input','');
insert into Diagram values('NF73-84_0713','NF73-20040700','84-95','E60 530xi   Retrofit kit for UNI hands-free system','');
insert into Diagram values('NF73-84_0714','NF73-20040700','84-95','E60 530xi   Cell phone cradles,Universal hands-free','');
insert into Diagram values('NF73-84_0730','NF73-20040700','84-95','E60 530xi   Stolen Vehicle Tracking - TPA','');
insert into Diagram values('NF73-84_0778','NF73-20040700','84-95','E60 530xi   BMW Bluetooth headset','');
insert into Diagram values('NF73-84_0897','NF73-20040700','84-95','E60 530xi   Snap-in adapter for Apple devices','');
insert into Diagram values('NF73-84_0906','NF73-20040700','84-95','E60 530xi   Snap-in adapter, SONY ERICSSON devices','');
insert into Diagram values('NF73-84_0907','NF73-20040700','84-95','E60 530xi   Snap-in adapter for NOKIA devices','');
insert into Diagram values('NF73-84_0908','NF73-20040700','84-95','E60 530xi   Snap-in adapter for SIEMENS devices','');
insert into Diagram values('NF73-84_0909','NF73-20040700','84-95','E60 530xi   Snap-in adapter for MOTOROLA devices','');
insert into Diagram values('NF73-84_0910','NF73-20040700','84-95','E60 530xi   Snap-in adapter, BlackBerry/RIM devices','');
insert into Diagram values('NF73-84_0931','NF73-20040700','84-95','E60 530xi   BMW Car Hotspot LTE','');
insert into Diagram values('NF73-84_0933','NF73-20040700','84-95','E60 530xi   Snap-in adapter for SAMSUNG devices','');
insert into Diagram values('NF73-88_0022','NF73-20040700','88-80','E60 530xi   Service Kit for brake shoes / Value Line','');
insert into Diagram values('NF73-88_0052','NF73-20040700','88-80','E60 530xi   Emergency bag','');
insert into Diagram values('NF73-88_0058','NF73-20040700','88-80','E60 530xi   Inspection kit I Value Line','');
insert into Diagram values('NF73-88_0059','NF73-20040700','88-80','E60 530xi   Inspection kit II Value Line','');
insert into Diagram values('NF73-88_0064','NF73-20040700','88-80','E60 530xi   Fluid-change kit, autom. transmission','');
insert into Diagram values('NF73-88_0069','NF73-20040700','88-80','E60 530xi   Service Kit for brake pads / Value Line','');
insert into Diagram values('NF73-88_0081','NF73-20040700','88-80','E60 530xi   Repair kit for radius rods and wishbones','');
insert into Diagram values('NF73-88_0085','NF73-20040700','88-80','E60 530xi   Repair kits, anti-roll bar, front','');
insert into Diagram values('NF73-88_0086','NF73-20040700','88-80','E60 530xi   Repair kit, wheel bearing, front','');
insert into DiagramParts values('NF73-88_0089-34106771599', 'NF73-88_0089', 09, 'Hex bolt', 'M12X1,5X41 ZNS3', 4, to_date('20051101','YYYYMMDD'), to_date('20101001','YYYYMMDD'), '34106771599', '', 'ENDED', false);
insert into Diagram values('NF73-88_0089','NF73-20040700','88-80','E60 530xi   Repair kit for support bearing','');
insert into Diagram values('NF73-88_0090','NF73-20040700','88-80','E60 530xi   Repair kit for ball joint','');
insert into Diagram values('NF73-88_0091','NF73-20040700','88-80','E60 530xi   Repair kits for guide rod, wishbone','');
insert into Diagram values('NF73-88_0092','NF73-20040700','88-80','E60 530xi   Repair kit for wheel bearing, rear','');
insert into DiagramParts values('NF73-91_0658-25117962261', 'NF73-91_0658', 01, 'Leather gear lever cover', 'INDIVIDUAL', 1, to_date('20050301','YYYYMMDD'), to_date('20070301','YYYYMMDD'), '25117962261', '$83.70', '+core, See NoS No Stock', false);
insert into Diagram values('NF73-91_0658','NF73-20040700','91-10','E60 530xi   Individual shift lever cover','');
insert into Diagram values('NF73-91_0660','NF73-20040700','91-10','E60 530xi   Individual shift lever cover SMG','');
insert into Diagram values('NF73-91_0685','NF73-20040700','91-10','E60 530xi   Individual gear shift knobs, wood','');
insert into Diagram values('NF73-91_0659','NF73-20040700','91-12','E60 530xi   Individual selector lever boots','');
insert into DiagramParts values('NF73-91_0686-25167961114', 'NF73-91_0686', 01, 'Selector lever handle,leath.,w/wood ring', 'NUBAUM AMARONE', 1, to_date('20050301','YYYYMMDD'), to_date('20070301','YYYYMMDD'), '25167961114', '', 'See NoS No Stock', false);
insert into DiagramParts values('NF73-91_0686-25167961115', 'NF73-91_0686', 01, 'Selector lever handle,leath.,w/wood ring', 'RIEGELESCHE H.', 1, to_date('20050301','YYYYMMDD'), to_date('20070301','YYYYMMDD'), '25167961115', '', 'See NoS No Stock', false);
insert into Diagram values('NF73-91_0686','NF73-20040700','91-12','E60 530xi   Individual selector lever handle, wood','');
insert into Diagram values('NF73-91_0661','NF73-20040700','91-15','E60 530xi   Individual handbrake lever and cover','');
insert into DiagramParts values('NF73-91_0625-32347963273', 'NF73-91_0625', 01, 'Sprt st. wheel, leather, shift paddles', 'BICOLOR', 1, to_date('20050901','YYYYMMDD'), to_date('20070301','YYYYMMDD'), '32347963273', '', 'See NoS No Stock', false);
insert into Diagram values('NF73-91_0625','NF73-20040700','91-17','E60 530xi   Indiv. sports steering-wheel, bicolor','');
insert into Diagram values('NF73-91_0626','NF73-20040700','91-17','E60 530xi   Indiv. sports steering-wheel,decor.clasp','');
insert into DiagramParts values('NF73-91_0634-32308030775', 'NF73-91_0634', 01, 'Sports st.-wheel,leather/wd.ring,multif.', 'PIANOLACK SW', 1, to_date('20040901','YYYYMMDD'), to_date('20050901','YYYYMMDD'), '32308030775', '', 'See NoS No Stock', false);
insert into DiagramParts values('NF73-91_0634-32308030776', 'NF73-91_0634', 01, 'Sports st.-wheel,leather/wd.ring,multif.', 'NUBAUM AMARONE', 1, to_date('20040901','YYYYMMDD'), to_date('20050901','YYYYMMDD'), '32308030776', '', 'See NoS No Stock', false);
insert into DiagramParts values('NF73-91_0634-32307963775', 'NF73-91_0634', 01, 'Sports st.-wheel,leather/wd.ring,multif.', 'RIEGELESCHE H.', 1, to_date('20050901','YYYYMMDD'), to_date('20070301','YYYYMMDD'), '32307963775', '', 'See NoS No Stock', false);
insert into DiagramParts values('NF73-91_0634-32307963776', 'NF73-91_0634', 01, 'Sports st.-wheel,leather/wd.ring,multif.', 'PIANOLACK SW', 1, to_date('20050901','YYYYMMDD'), to_date('20070301','YYYYMMDD'), '32307963776', '', 'ENDED, See NoS No Stock', false);
insert into DiagramParts values('NF73-91_0634-32307963777', 'NF73-91_0634', 01, 'Sports st.-wheel,leather/wd.ring,multif.', 'NUBAUM AMARONE', 1, to_date('20050901','YYYYMMDD'), to_date('20070301','YYYYMMDD'), '32307963777', '', 'ENDED, See NoS No Stock', false);
insert into DiagramParts values('NF73-91_0634-32308030778', 'NF73-91_0634', 01, 'Sp.st.wheel,SMG,leather/wdn ring,multif.', 'PIANOLACK SW', 1, to_date('20040901','YYYYMMDD'), to_date('20050901','YYYYMMDD'), '32308030778', '', 'See NoS No Stock', false);
insert into DiagramParts values('NF73-91_0634-32308030779', 'NF73-91_0634', 01, 'Sp.st.wheel,SMG,leather/wdn ring,multif.', 'NUBAUM AMARONE', 1, to_date('20040901','YYYYMMDD'), to_date('20050901','YYYYMMDD'), '32308030779', '', 'See NoS No Stock', false);
insert into DiagramParts values('NF73-91_0634-32307963778', 'NF73-91_0634', 01, 'Sp.st.wheel,SMG,leather/wdn ring,multif.', 'RIEGELESCHE H.', 1, to_date('20050901','YYYYMMDD'), to_date('20070301','YYYYMMDD'), '32307963778', '', '', false);
insert into DiagramParts values('NF73-91_0634-32307963779', 'NF73-91_0634', 01, 'Sp.st.wheel,SMG,leather/wdn ring,multif.', 'PIANOLACK SW', 1, to_date('20050901','YYYYMMDD'), to_date('20070301','YYYYMMDD'), '32307963779', '', 'ENDED, See NoS No Stock', false);
insert into DiagramParts values('NF73-91_0634-32307963780', 'NF73-91_0634', 01, 'Sp.st.wheel,SMG,leather/wdn ring,multif.', 'NUBAUM AMARONE', 1, to_date('20050901','YYYYMMDD'), to_date('20070301','YYYYMMDD'), '32307963780', '', 'ENDED, See NoS No Stock', false);
insert into Diagram values('NF73-91_0634','NF73-20040700','91-17','E60 530xi   Ind.sports st.-wheel,leather w/wdn. ring','');
insert into Diagram values('NF73-91_0651','NF73-20040700','91-30','E60 530xi   Individual glove compartment, leather','');
insert into Diagram values('NF73-91_0654','NF73-20040700','91-30','E60 530xi   Ind. cup holder covered with leather','');
insert into DiagramParts values('NF73-91_0657-51457963121', 'NF73-91_0657', 01, 'Trim panel dashboard, leather', 'INDIVIDUAL', 1, to_date('20050901','YYYYMMDD'), to_date('20070301','YYYYMMDD'), '51457963121', '', 'See NoS No Stock', false);
insert into DiagramParts values('NF73-91_0657-51457961799', 'NF73-91_0657', 01, 'Trim panel dashboard, leather', 'INDIVIDUAL', 1, to_date('20050901','YYYYMMDD'), to_date('20070301','YYYYMMDD'), '51457961799', '', 'See NoS No Stock', false);
insert into Diagram values('NF73-91_0657','NF73-20040700','91-30','E60 530xi   Individual instrument panel, leather','');
insert into Diagram values('NF73-91_0705','NF73-20040700','91-30','E60 530xi   Ind.trim piece f head-up display,leather','');
insert into Diagram values('NF73-91_0573','NF73-20040700','91-35','E60 530xi   Individual center console','');
insert into DiagramParts values('NF73-91_0574-51168027311', 'NF73-91_0574', 02, 'Cover, centre console', 'INDIVIDUAL', 1, to_date('20040301','YYYYMMDD'), to_date('20070301','YYYYMMDD'), '51168027311', '$588.69', 'See NoS No Stock', false);
insert into DiagramParts values('NF73-91_0574-51168027299', 'NF73-91_0574', 03, 'Center arm rest', 'INDIVIDUAL', 1, to_date('20040301','YYYYMMDD'), to_date('20070301','YYYYMMDD'), '51168027299', '', 'See NoS No Stock', false);
insert into DiagramParts values('NF73-91_0574-51168027323', 'NF73-91_0574', 04, 'Cover centre console, rear', 'INDIVIDUAL', 1, to_date('20040301','YYYYMMDD'), to_date('20070301','YYYYMMDD'), '51168027323', '', '+core, See NoS No Stock', false);
insert into Diagram values('NF73-91_0574','NF73-20040700','91-35','E60 530xi   Individual center armrest, leather','');
insert into DiagramParts values('NF73-91_0614-51458026437', 'NF73-91_0614', 02, 'Wood panel, instrument panel, left', 'PIANOLACK SW', 1, to_date('20040301','YYYYMMDD'), to_date('20060301','YYYYMMDD'), '51458026437', '$139.93', 'See NoS No Stock', false);
insert into DiagramParts values('NF73-91_0614-51457963769', 'NF73-91_0614', 02, 'Wood panel, instrument panel, left', 'PIANOLACK SW', 1, to_date('20060301','YYYYMMDD'), to_date('20070301','YYYYMMDD'), '51457963769', '', 'ENDED, See NoS No Stock', false);
insert into DiagramParts values('NF73-91_0614-51457970247', 'NF73-91_0614', 02, 'Wood panel, instrument panel, left', 'PIANOLACK SW', 1, to_date('20060301','YYYYMMDD'), to_date('20070301','YYYYMMDD'), '51457970247', '$139.93', 'See NoS No Stock', false);
insert into DiagramParts values('NF73-91_0614-51458026436', 'NF73-91_0614', 03, 'Wood panel, instrument panel, right', 'PIANOLACK SW', 1, to_date('20040301','YYYYMMDD'), to_date('20060301','YYYYMMDD'), '51458026436', '$355.40', 'See NoS No Stock', false);
insert into DiagramParts values('NF73-91_0614-51457963770', 'NF73-91_0614', 03, 'Wood panel, instrument panel, right', 'PIANOLACK SW', 1, to_date('20060301','YYYYMMDD'), to_date('20070301','YYYYMMDD'), '51457963770', '', 'ENDED, See NoS No Stock', false);
insert into DiagramParts values('NF73-91_0614-51457970248', 'NF73-91_0614', 03, 'Wood panel, instrument panel, right', 'PIANOLACK SW', 1, to_date('20060301','YYYYMMDD'), to_date('20070301','YYYYMMDD'), '51457970248', '$373.21', 'See NoS No Stock', false);
insert into DiagramParts values('NF73-91_0614-51418026985', 'NF73-91_0614', 04, 'Wooden strip, door front left', 'PIANOLACK SW', 1, to_date('20040301','YYYYMMDD'), to_date('20070301','YYYYMMDD'), '51418026985', '$193.45', 'See NoS No Stock', false);
insert into DiagramParts values('NF73-91_0614-51418026986', 'NF73-91_0614', 04, 'Wooden strip, door front right', 'PIANOLACK SW', 1, to_date('20040301','YYYYMMDD'), to_date('20070301','YYYYMMDD'), '51418026986', '$193.45', 'See NoS No Stock', false);
insert into DiagramParts values('NF73-91_0614-51428026991', 'NF73-91_0614', 05, 'Wooden strip, door rear left', 'PIANOLACK SW', 1, to_date('20040301','YYYYMMDD'), to_date('20070301','YYYYMMDD'), '51428026991', '$193.45', 'See NoS No Stock', false);
insert into DiagramParts values('NF73-91_0614-51428026992', 'NF73-91_0614', 05, 'Wooden strip, door rear right', 'PIANOLACK SW', 1, to_date('20040301','YYYYMMDD'), to_date('20070301','YYYYMMDD'), '51428026992', '$193.45', 'See NoS No Stock', false);
insert into DiagramParts values('NF73-91_0614-51168027703', 'NF73-91_0614', 06, 'Cover centre console, rear', 'PIANOLACK SW', 1, to_date('20040301','YYYYMMDD'), to_date('20060301','YYYYMMDD'), '51168027703', '', 'ENDED, See NoS No Stock', false);
insert into DiagramParts values('NF73-91_0614-51167972061', 'NF73-91_0614', 06, 'Cover centre console, rear', 'PIANOLACK SW', 1, to_date('20040301','YYYYMMDD'), to_date('20060301','YYYYMMDD'), '51167972061', '$199.44', 'See NoS No Stock', false);
insert into DiagramParts values('NF73-91_0614-51167970239', 'NF73-91_0614', 06, 'Cover centre console, rear', 'PIANOLACK SW', 1, to_date('20060301','YYYYMMDD'), to_date('20070301','YYYYMMDD'), '51167970239', '$199.44', 'See NoS No Stock', false);
insert into DiagramParts values('NF73-91_0614-51167972063', 'NF73-91_0614', 06, 'Cover centre console, rear', 'PIANOLACK SW', 1, to_date('20040301','YYYYMMDD'), to_date('20060301','YYYYMMDD'), '51167972063', '$199.44', 'See NoS No Stock', false);
insert into DiagramParts values('NF73-91_0614-51167970240', 'NF73-91_0614', 06, 'Cover centre console, rear', 'PIANOLACK SW', 1, to_date('20060301','YYYYMMDD'), to_date('20070301','YYYYMMDD'), '51167970240', '$199.44', 'See NoS No Stock', false);
insert into Diagram values('NF73-91_0614','NF73-20040700','91-40','E60 530xi   Individual wood, Pianolack schwarz','');
insert into DiagramParts values('NF73-91_0615-51458026961', 'NF73-91_0615', 02, 'Wood panel, instrument panel, left', 'NUBAUM AMARONE', 1, to_date('20040301','YYYYMMDD'), to_date('20060301','YYYYMMDD'), '51458026961', '$177.41', 'See NoS No Stock', false);
insert into DiagramParts values('NF73-91_0615-51457963771', 'NF73-91_0615', 02, 'Wood panel, instrument panel, left', 'NUBAUM AMARONE', 1, to_date('20060301','YYYYMMDD'), to_date('20070301','YYYYMMDD'), '51457963771', '$177.41', 'See NoS No Stock', false);
insert into DiagramParts values('NF73-91_0615-51458026960', 'NF73-91_0615', 03, 'Wood panel, instrument panel, right', 'NUBAUM AMARONE', 1, to_date('20040301','YYYYMMDD'), to_date('20060301','YYYYMMDD'), '51458026960', '$459.49', 'See NoS No Stock', false);
insert into DiagramParts values('NF73-91_0615-51457963772', 'NF73-91_0615', 03, 'Wood panel, instrument panel, right', 'NUBAUM AMARONE', 1, to_date('20060301','YYYYMMDD'), to_date('20070301','YYYYMMDD'), '51457963772', '', 'See NoS No Stock', false);
insert into DiagramParts values('NF73-91_0615-51418026981', 'NF73-91_0615', 04, 'Wooden strip, door front left', 'NUBAUM AMARONE', 1, to_date('20040301','YYYYMMDD'), to_date('20070301','YYYYMMDD'), '51418026981', '$193.45', 'See NoS No Stock', false);
insert into DiagramParts values('NF73-91_0615-51418026982', 'NF73-91_0615', 04, 'Wooden strip, door front right', 'NUBAUM AMARONE', 1, to_date('20040301','YYYYMMDD'), to_date('20070301','YYYYMMDD'), '51418026982', '$193.45', 'See NoS No Stock', false);
insert into DiagramParts values('NF73-91_0615-51428026987', 'NF73-91_0615', 05, 'Wooden strip, door rear left', 'NUBAUM AMARONE', 1, to_date('20040301','YYYYMMDD'), to_date('20070301','YYYYMMDD'), '51428026987', '$193.45', 'See NoS No Stock', false);
insert into DiagramParts values('NF73-91_0615-51428026988', 'NF73-91_0615', 05, 'Wooden strip, door rear right', 'NUBAUM AMARONE', 1, to_date('20040301','YYYYMMDD'), to_date('20070301','YYYYMMDD'), '51428026988', '$193.45', '+core, See NoS No Stock', false);
insert into DiagramParts values('NF73-91_0615-51168027704', 'NF73-91_0615', 06, 'Cover centre console, rear', 'NUBAUM AMARONE', 1, to_date('20040301','YYYYMMDD'), to_date('20060301','YYYYMMDD'), '51168027704', '$245.52', 'See NoS No Stock', false);
insert into DiagramParts values('NF73-91_0615-51168030686', 'NF73-91_0615', 06, 'Cover centre console, rear', 'NUBAUM AMARONE', 1, to_date('20060301','YYYYMMDD'), to_date('20070301','YYYYMMDD'), '51168030686', '$245.52', 'See NoS No Stock', false);
insert into DiagramParts values('NF73-91_0615-51168030704', 'NF73-91_0615', 06, 'Cover centre console, rear', 'NUBAUM AMARONE', 1, to_date('20060301','YYYYMMDD'), to_date('20070301','YYYYMMDD'), '51168030704', '$245.52', 'See NoS No Stock', false);
insert into Diagram values('NF73-91_0615','NF73-20040700','91-40','E60 530xi   Individual wood, walnut, amarone','');
insert into DiagramParts values('NF73-91_0616-51458026967', 'NF73-91_0616', 02, 'Wood panel, instrument panel, left', 'RIEGELESCHE H.', 1, to_date('20040301','YYYYMMDD'), to_date('20060301','YYYYMMDD'), '51458026967', '$197.53', 'See NoS No Stock', false);
insert into DiagramParts values('NF73-91_0616-51457963773', 'NF73-91_0616', 02, 'Wood panel, instrument panel, left', 'RIEGELESCHE H.', 1, to_date('20060301','YYYYMMDD'), to_date('20070301','YYYYMMDD'), '51457963773', '$177.41', 'See NoS No Stock', false);
insert into DiagramParts values('NF73-91_0616-51458026966', 'NF73-91_0616', 03, 'Wood panel, instrument panel, right', 'RIEGELESCHE H.', 1, to_date('20040301','YYYYMMDD'), to_date('20060301','YYYYMMDD'), '51458026966', '$508.90', 'See NoS No Stock', false);
insert into DiagramParts values('NF73-91_0616-51457963774', 'NF73-91_0616', 03, 'Wood panel, instrument panel, right', 'RIEGELESCHE H.', 1, to_date('20060301','YYYYMMDD'), to_date('20070301','YYYYMMDD'), '51457963774', '', 'See NoS No Stock', false);
insert into DiagramParts values('NF73-91_0616-51418026983', 'NF73-91_0616', 04, 'Wooden strip, door front left', 'RIEGELESCHE H.', 1, to_date('20040301','YYYYMMDD'), to_date('20070301','YYYYMMDD'), '51418026983', '$197.53', 'See NoS No Stock', false);
insert into DiagramParts values('NF73-91_0616-51418026984', 'NF73-91_0616', 04, 'Wooden strip, door front right', 'RIEGELESCHE H.', 1, to_date('20040301','YYYYMMDD'), to_date('20070301','YYYYMMDD'), '51418026984', '$197.53', 'See NoS No Stock', false);
insert into DiagramParts values('NF73-91_0616-51428026989', 'NF73-91_0616', 05, 'Wooden strip, door rear left', 'RIEGELESCHE H.', 1, to_date('20040301','YYYYMMDD'), to_date('20070301','YYYYMMDD'), '51428026989', '$197.53', 'See NoS No Stock', false);
insert into DiagramParts values('NF73-91_0616-51428026990', 'NF73-91_0616', 05, 'Wooden strip, door rear right', 'RIEGELESCHE H.', 1, to_date('20040301','YYYYMMDD'), to_date('20070301','YYYYMMDD'), '51428026990', '$193.45', 'See NoS No Stock', false);
insert into DiagramParts values('NF73-91_0616-51168027705', 'NF73-91_0616', 06, 'Cover centre console, rear', 'RIEGELESCHE H.', 1, to_date('20040301','YYYYMMDD'), to_date('20060301','YYYYMMDD'), '51168027705', '$245.52', 'See NoS No Stock', false);
insert into DiagramParts values('NF73-91_0616-51168030685', 'NF73-91_0616', 06, 'Cover centre console, rear', 'RIEGELESCHE H.', 1, to_date('20060301','YYYYMMDD'), to_date('20070301','YYYYMMDD'), '51168030685', '$245.52', 'See NoS No Stock', false);
insert into DiagramParts values('NF73-91_0616-51168030703', 'NF73-91_0616', 06, 'Cover centre console, rear', 'RIEGELESCHE H.', 1, to_date('20060301','YYYYMMDD'), to_date('20070301','YYYYMMDD'), '51168030703', '$245.52', 'See NoS No Stock', false);
insert into Diagram values('NF73-91_0616','NF73-20040700','91-40','E60 530xi   Individual wood, ash, bright','');
insert into DiagramParts values('NF73-91_0618-51458031582', 'NF73-91_0618', 01, 'Cover instrument panel, center, black', 'RIEGELESCHE H.', 1, to_date('20040901','YYYYMMDD'), to_date('20070301','YYYYMMDD'), '51458031582', '$283.46', 'See NoS No Stock', false);
insert into DiagramParts values('NF73-91_0618-51458031584', 'NF73-91_0618', 01, 'Cover instrument panel, center, black', 'PIANOLACK SW', 1, to_date('20040901','YYYYMMDD'), to_date('20070301','YYYYMMDD'), '51458031584', '$283.46', 'See NoS No Stock', false);
insert into DiagramParts values('NF73-91_0618-51458031630', 'NF73-91_0618', 01, 'Cover instr. panel,center, basalt-gray', 'NUBAUM AMARONE', 1, to_date('20040901','YYYYMMDD'), to_date('20070301','YYYYMMDD'), '51458031630', '', 'See NoS No Stock', false);
insert into DiagramParts values('NF73-91_0618-51458031632', 'NF73-91_0618', 01, 'Cover instr. panel,center, basalt-gray', 'RIEGELESCHE H.', 1, to_date('20040901','YYYYMMDD'), to_date('20070301','YYYYMMDD'), '51458031632', '$283.46', 'See NoS No Stock', false);
insert into DiagramParts values('NF73-91_0618-51458031634', 'NF73-91_0618', 01, 'Cover instr. panel,center, basalt-gray', 'PIANOLACK SW', 1, to_date('20040901','YYYYMMDD'), to_date('20070301','YYYYMMDD'), '51458031634', '', 'See NoS No Stock', false);
insert into DiagramParts values('NF73-91_0618-51458031581', 'NF73-91_0618', 02, 'Cover instrument panel, center, black', 'NUBAUM AMARONE', 1, to_date('20040901','YYYYMMDD'), to_date('20070301','YYYYMMDD'), '51458031581', '$283.46', 'See NoS No Stock', false);
insert into DiagramParts values('NF73-91_0618-51458031583', 'NF73-91_0618', 02, 'Cover instrument panel, center, black', 'RIEGELESCHE H.', 1, to_date('20040901','YYYYMMDD'), to_date('20070301','YYYYMMDD'), '51458031583', '$283.46', 'See NoS No Stock', false);
insert into DiagramParts values('NF73-91_0618-51458031585', 'NF73-91_0618', 02, 'Cover instrument panel, center, black', 'PIANOLACK SW', 1, to_date('20040901','YYYYMMDD'), to_date('20070301','YYYYMMDD'), '51458031585', '$241.00', 'See NoS No Stock', false);
insert into DiagramParts values('NF73-91_0618-51458031631', 'NF73-91_0618', 02, 'Cover instr. panel,center, basalt-gray', 'NUBAUM AMARONE', 1, to_date('20040901','YYYYMMDD'), to_date('20070301','YYYYMMDD'), '51458031631', '', 'See NoS No Stock', false);
insert into DiagramParts values('NF73-91_0618-51458031633', 'NF73-91_0618', 02, 'Cover instr. panel,center, basalt-gray', 'RIEGELESCHE H.', 1, to_date('20040901','YYYYMMDD'), to_date('20070301','YYYYMMDD'), '51458031633', '$233.24', 'See NoS No Stock', false);
insert into DiagramParts values('NF73-91_0618-51458031635', 'NF73-91_0618', 02, 'Cover instr. panel,center, basalt-gray', 'PIANOLACK SW', 1, to_date('20040901','YYYYMMDD'), to_date('20070301','YYYYMMDD'), '51458031635', '$252.22', 'See NoS No Stock', false);
insert into Diagram values('NF73-91_0618','NF73-20040700','91-40','E60 530xi   Individual wood cover for I-panel,center','');
insert into DiagramParts values('NF73-91_0575-51418027180', 'NF73-91_0575', 01, 'Door trim panel, front right', 'INDIVIDUAL', 1, to_date('20040301','YYYYMMDD'), to_date('20070301','YYYYMMDD'), '51418027180', '$968.13', 'See NoS No Stock', false);
insert into DiagramParts values('NF73-91_0575-51418027205', 'NF73-91_0575', 02, 'Armrest, left', 'INDIVIDUAL', 1, to_date('20040301','YYYYMMDD'), to_date('20070301','YYYYMMDD'), '51418027205', '$222.08', 'See NoS No Stock', false);
insert into DiagramParts values('NF73-91_0575-51418027206', 'NF73-91_0575', 02, 'Armrest, right', 'INDIVIDUAL', 1, to_date('20040301','YYYYMMDD'), to_date('20070301','YYYYMMDD'), '51418027206', '$222.08', 'See NoS No Stock', false);
insert into Diagram values('NF73-91_0575','NF73-20040700','91-45','E60 530xi   Indiv.front door trim panel,part.leather','');
insert into DiagramParts values('NF73-91_0576-51428027204', 'NF73-91_0576', 01, 'DOOR LINING LEATHER REAR RIGHT', 'INDIVIDUAL', 1, to_date('20040301','YYYYMMDD'), to_date('20070301','YYYYMMDD'), '51428027204', '$1,102.05', '+core, See NoS No Stock', false);
insert into DiagramParts values('NF73-91_0576-51428027264', 'NF73-91_0576', 01, 'DOOR LINING LEATHER REAR RIGHT', 'INDIVIDUAL', 1, to_date('20040301','YYYYMMDD'), to_date('20070301','YYYYMMDD'), '51428027264', '', '+core, See NoS No Stock', false);
insert into DiagramParts values('NF73-91_0576-51428027240', 'NF73-91_0576', 01, 'DOOR LINING LEATHER REAR RIGHT', 'INDIVIDUAL', 1, to_date('20040301','YYYYMMDD'), to_date('20070301','YYYYMMDD'), '51428027240', '', '+core, See NoS No Stock', false);
insert into DiagramParts values('NF73-91_0576-51428027330', 'NF73-91_0576', 01, 'DOOR LINING LEATHER REAR RIGHT', 'INDIVIDUAL', 1, to_date('20040301','YYYYMMDD'), to_date('20070301','YYYYMMDD'), '51428027330', '', '+core, See NoS No Stock', false);
insert into DiagramParts values('NF73-91_0576-51428027228', 'NF73-91_0576', 02, 'DOOR LINING LEATHER REAR RIGHT', 'INDIVIDUAL', 1, to_date('20040301','YYYYMMDD'), to_date('20070301','YYYYMMDD'), '51428027228', '', '+core, See NoS No Stock', false);
insert into DiagramParts values('NF73-91_0576-51428027276', 'NF73-91_0576', 02, 'DOOR LINING LEATHER REAR RIGHT', 'INDIVIDUAL', 1, to_date('20040301','YYYYMMDD'), to_date('20070301','YYYYMMDD'), '51428027276', '', 'See NoS No Stock', false);
insert into DiagramParts values('NF73-91_0576-51428027252', 'NF73-91_0576', 02, 'DOOR LINING LEATHER REAR RIGHT', 'INDIVIDUAL', 1, to_date('20040301','YYYYMMDD'), to_date('20070301','YYYYMMDD'), '51428027252', '', '+core, See NoS No Stock', false);
insert into DiagramParts values('NF73-91_0576-51428027342', 'NF73-91_0576', 02, 'DOOR LINING LEATHER REAR RIGHT', 'INDIVIDUAL', 1, to_date('20040301','YYYYMMDD'), to_date('20070301','YYYYMMDD'), '51428027342', '', '+core, See NoS No Stock', false);
insert into DiagramParts values('NF73-91_0576-51428027401', 'NF73-91_0576', 03, 'Armrest, left', 'INDIVIDUAL', 1, to_date('20040301','YYYYMMDD'), to_date('20070301','YYYYMMDD'), '51428027401', '$219.85', '+core, See NoS No Stock', false);
insert into DiagramParts values('NF73-91_0576-51428027402', 'NF73-91_0576', 03, 'Armrest, right', 'INDIVIDUAL', 1, to_date('20040301','YYYYMMDD'), to_date('20070301','YYYYMMDD'), '51428027402', '$219.85', 'See NoS No Stock', false);
insert into Diagram values('NF73-91_0576','NF73-20040700','91-45','E60 530xi   Indiv. rear door trim panel,part.leather','');
insert into DiagramParts values('NF73-91_0635-51418027192', 'NF73-91_0635', 01, 'DOOR LINING LEATHER FRONT RIGHT', 'INDIVIDUAL', 1, to_date('20040901','YYYYMMDD'), to_date('20070301','YYYYMMDD'), '51418027192', '', 'See NoS No Stock', false);
insert into DiagramParts values('NF73-91_0635-51418027205', 'NF73-91_0635', 02, 'Armrest, left', 'INDIVIDUAL', 1, to_date('20040901','YYYYMMDD'), to_date('20070301','YYYYMMDD'), '51418027205', '$222.08', 'See NoS No Stock', false);
insert into DiagramParts values('NF73-91_0635-51418027206', 'NF73-91_0635', 02, 'Armrest, right', 'INDIVIDUAL', 1, to_date('20040901','YYYYMMDD'), to_date('20070301','YYYYMMDD'), '51418027206', '$222.08', 'See NoS No Stock', false);
insert into DiagramParts values('NF73-91_0635-51418029321', 'NF73-91_0635', 03, 'Door pocket, leather front left', 'INDIVIDUAL', 1, to_date('20040901','YYYYMMDD'), to_date('20070301','YYYYMMDD'), '51418029321', '', '+core, See NoS No Stock', false);
insert into DiagramParts values('NF73-91_0635-51418029322', 'NF73-91_0635', 03, 'Door pocket, leather front right', 'INDIVIDUAL', 1, to_date('20040901','YYYYMMDD'), to_date('20070301','YYYYMMDD'), '51418029322', '', '+core, See NoS No Stock', false);
insert into Diagram values('NF73-91_0635','NF73-20040700','91-45','E60 530xi   Individual front door trim panel,leather','');
insert into DiagramParts values('NF73-91_0636-51428027354', 'NF73-91_0636', 01, 'DOOR LINING LEATHER REAR RIGHT', 'INDIVIDUAL', 1, to_date('20040901','YYYYMMDD'), to_date('20070301','YYYYMMDD'), '51428027354', '', '+core, See NoS No Stock', false);
insert into DiagramParts values('NF73-91_0636-51428027450', 'NF73-91_0636', 01, 'DOOR LINING LEATHER REAR RIGHT', 'INDIVIDUAL', 1, to_date('20040901','YYYYMMDD'), to_date('20070301','YYYYMMDD'), '51428027450', '', '+core, See NoS No Stock', false);
insert into DiagramParts values('NF73-91_0636-51428027378', 'NF73-91_0636', 01, 'DOOR LINING LEATHER REAR RIGHT', 'INDIVIDUAL', 1, to_date('20040901','YYYYMMDD'), to_date('20070301','YYYYMMDD'), '51428027378', '', '+core, See NoS No Stock', false);
insert into DiagramParts values('NF73-91_0636-51428027426', 'NF73-91_0636', 01, 'DOOR LINING LEATHER REAR RIGHT', 'INDIVIDUAL', 1, to_date('20040901','YYYYMMDD'), to_date('20070301','YYYYMMDD'), '51428027426', '', '+core, See NoS No Stock', false);
insert into DiagramParts values('NF73-91_0636-51428027366', 'NF73-91_0636', 02, 'DOOR LINING LEATHER REAR LEFT', 'INDIVIDUAL', 1, to_date('20040901','YYYYMMDD'), to_date('20070301','YYYYMMDD'), '51428027366', '', '+core, See NoS No Stock', false);
insert into DiagramParts values('NF73-91_0636-51428027462', 'NF73-91_0636', 02, 'DOOR LINING LEATHER REAR RIGHT', 'INDIVIDUAL', 1, to_date('20040901','YYYYMMDD'), to_date('20070301','YYYYMMDD'), '51428027462', '', '+core, See NoS No Stock', false);
insert into DiagramParts values('NF73-91_0636-51428027390', 'NF73-91_0636', 02, 'DOOR LINING LEATHER REAR RIGHT', 'INDIVIDUAL', 1, to_date('20040901','YYYYMMDD'), to_date('20070301','YYYYMMDD'), '51428027390', '', '+core, See NoS No Stock', false);
insert into DiagramParts values('NF73-91_0636-51428027438', 'NF73-91_0636', 02, 'DOOR LINING LEATHER REAR RIGHT', 'INDIVIDUAL', 1, to_date('20040901','YYYYMMDD'), to_date('20070301','YYYYMMDD'), '51428027438', '', '+core, See NoS No Stock', false);
insert into DiagramParts values('NF73-91_0636-51428027401', 'NF73-91_0636', 03, 'Armrest, left', 'INDIVIDUAL', 1, to_date('20040901','YYYYMMDD'), to_date('20070301','YYYYMMDD'), '51428027401', '$219.85', '+core, See NoS No Stock', false);
insert into DiagramParts values('NF73-91_0636-51428027402', 'NF73-91_0636', 03, 'Armrest, right', 'INDIVIDUAL', 1, to_date('20040901','YYYYMMDD'), to_date('20070301','YYYYMMDD'), '51428027402', '$219.85', 'See NoS No Stock', false);
insert into DiagramParts values('NF73-91_0636-51428029337', 'NF73-91_0636', 04, 'Door pocket, leather rear left', 'INDIVIDUAL', 1, to_date('20040901','YYYYMMDD'), to_date('20070301','YYYYMMDD'), '51428029337', '', '+core, See NoS No Stock', false);
insert into DiagramParts values('NF73-91_0636-51428029338', 'NF73-91_0636', 04, 'Door pocket, leather rear right', 'INDIVIDUAL', 1, to_date('20040901','YYYYMMDD'), to_date('20070301','YYYYMMDD'), '51428029338', '', '+core, See NoS No Stock', false);
insert into DiagramParts values('NF73-91_0636-51428029350', 'NF73-91_0636', 04, 'Door pocket, leather rear right', 'INDIVIDUAL', 1, to_date('20040901','YYYYMMDD'), to_date('20070301','YYYYMMDD'), '51428029350', '', '+core, See NoS No Stock', false);
insert into Diagram values('NF73-91_0636','NF73-20040700','91-45','E60 530xi   Individual rear door trim panel,leather','');
insert into Diagram values('NF73-91_0502','NF73-20040700','91-50','E60 530xi   Individual slide/tilt sunroof','');
insert into Diagram values('NF73-91_0697','NF73-20040700','91-50','E60 530xi   Individual moulded headliner, Alcantara','');
insert into Diagram values('NF73-91_0698','NF73-20040700','91-50','E60 530xi   Individual sun visor, Alcantara','');
insert into Diagram values('NF73-91_0699','NF73-20040700','91-50','E60 530xi   Individual A, B, C pillar covers, top','');
insert into Diagram values('NF73-91_0700','NF73-20040700','91-50','E60 530xi   Individual rear window shelf, Alcantara','');
insert into Diagram values('NF73-91_0704','NF73-20040700','91-57','E60 530xi   Individual floor mats, Leather border','');
insert into Diagram values('NF73-91_0581','NF73-20040700','91-60','E60 530xi   Individ. rear panel Basic /Sports seat','');
insert into Diagram values('NF73-91_0582','NF73-20040700','91-60','E60 530xi   Individ. rear panel,leather comfort seat','');
insert into Diagram values('NF73-91_0707','NF73-20040700','91-60','E60 530xi   Individual sports seat cover, front','');
insert into Diagram values('NF73-91_0709','NF73-20040700','91-60','E60 530xi   Individual cover,Klima-Leather comf.seat','');
insert into Diagram values('NF73-91_0593','NF73-20040700','91-65','E60 530xi   Indiv.cover basic seat, rear','');
insert into Diagram values('NF73-91_0594','NF73-20040700','91-65','E60 530xi   Individual sports seat cover, rear','');
insert into Diagram values('NF73-91_0595','NF73-20040700','91-65','E60 530xi   Individual cover rear comfort seat','');
insert into Diagram values('NF73-91_0596','NF73-20040700','91-65','E60 530xi   Individual cover Klima-Leather, rear','');
insert into Diagram values('NF73-91_0597','NF73-20040700','91-65','E60 530xi   Individ.through-loading syst.,rear seat','');
insert into Diagram values('NF73-91_0598','NF73-20040700','91-65','E60 530xi   I.through-loading S.KlimaLeather,rr seat','');
insert into Diagram values('NF73-91_0577','NF73-20040700','91-70','E60 530xi   Indv. headrest, basic seat, front','');
insert into Diagram values('NF73-91_0579','NF73-20040700','91-70','E60 530xi   Ind. headrest, sports seat, front','');
insert into Diagram values('NF73-91_0580','NF73-20040700','91-70','E60 530xi   Ind. headrest, comfort seat, front','');
insert into Diagram values('NF73-91_0589','NF73-20040700','91-75','E60 530xi   Indv. headrest, basic seat, rear','');
insert into Diagram values('NF73-91_0590','NF73-20040700','91-75','E60 530xi   Ind. headrest, sports seat, rear','');
insert into Diagram values('NF73-91_0591','NF73-20040700','91-75','E60 530xi   Ind. headrest, comfort seat, rear','');
insert into Diagram values('NF73-91_0599','NF73-20040700','91-80','E60 530xi   Individual armrest of rear basic seat','');
insert into Diagram values('NF73-91_0600','NF73-20040700','91-80','E60 530xi   Individual armrest of rear sports seat','');
insert into Diagram values('NF73-91_0601','NF73-20040700','91-80','E60 530xi   Individual armrest of rear comfort seat','');
insert into Diagram values('NF73-91_0602','NF73-20040700','91-80','E60 530xi   Ind.armrest load-through syst.basic seat','');
insert into Diagram values('NF73-91_0603','NF73-20040700','91-80','E60 530xi   Ind.armrest load-through syst.sport seat','');
insert into Diagram values('NF73-91_0604','NF73-20040700','91-80','E60 530xi   Ind.armrest load-through syst. comf.seat','');
insert into ProdCodeDate values('NF73-20040700','NF73',to_date('20040701','YYYYMMDD'));
insert into Diagram values('NF73-11_3752','NF73-20040700','11-30','E60 530xi   Lubrication system/Oil pump drive','');
insert into Diagram values('NF73-11_3753','NF73-20040700','11-30','E60 530xi   Lubricat.syst.-oil filter,heat exchanger','');
insert into ProdCodeDate values('NF73-20050100','NF73',to_date('20050101','YYYYMMDD'));
insert into ProdCodeDate values('NF73-20050100','NF73',to_date('20050101','YYYYMMDD'));
insert into ProdCodeDate values('NF73-20050500','NF73',to_date('20050501','YYYYMMDD'));
insert into ProdCodeDate values('NF73-20050500','NF73',to_date('20050501','YYYYMMDD'));
insert into ProdCodeDate values('NF73-20050600','NF73',to_date('20050601','YYYYMMDD'));
insert into ProdCodeDate values('NF73-20050600','NF73',to_date('20050601','YYYYMMDD'));
insert into ProdCodeDate values('NF73-20050800','NF73',to_date('20050801','YYYYMMDD'));
insert into ProdCodeDate values('NF73-20050800','NF73',to_date('20050801','YYYYMMDD'));
insert into ProdCodeDate values('NF73-20051000','NF73',to_date('20051001','YYYYMMDD'));
insert into ProdCodeDate values('NF73-20051000','NF73',to_date('20051001','YYYYMMDD'));
insert into ProdCodeDate values('NF73-20060100','NF73',to_date('20060101','YYYYMMDD'));
insert into ProdCodeDate values('NF73-20060100','NF73',to_date('20060101','YYYYMMDD'));
insert into ProdCodeDate values('NF73-20060400','NF73',to_date('20060401','YYYYMMDD'));
insert into ProdCodeDate values('NF73-20060400','NF73',to_date('20060401','YYYYMMDD'));
insert into ProdCodeDate values('NF73-20060700','NF73',to_date('20060701','YYYYMMDD'));
insert into ProdCodeDate values('NF73-20060700','NF73',to_date('20060701','YYYYMMDD'));
insert into ProdCodeDate values('NF73-20060800','NF73',to_date('20060801','YYYYMMDD'));
insert into ProdCodeDate values('NF73-20060800','NF73',to_date('20060801','YYYYMMDD'));
insert into ProdCodeDate values('NF73-20060900','NF73',to_date('20060901','YYYYMMDD'));
insert into ProdCodeDate values('NF73-20060900','NF73',to_date('20060901','YYYYMMDD'));
insert into ProdCodeDate values('NF73-20061200','NF73',to_date('20061201','YYYYMMDD'));
insert into ProdCodeDate values('NF73-20061200','NF73',to_date('20061201','YYYYMMDD'));
insert into ProdCodeDate values('NF73-20070200','NF73',to_date('20070201','YYYYMMDD'));
insert into ProdCodeDate values('NF73-20070200','NF73',to_date('20070201','YYYYMMDD'));
insert into Model values('540i','E60','Lim','540i','ECE');
insert into ProdCode values('NB11','540i','Lim','E60','ECE','N62N','L','06/2005 E60 540i Sedan N62N Europe Left hand drive ');
insert into ProdCodeDate values('NB11-20050600','NB11',to_date('20050601','YYYYMMDD'));
insert into DiagramParts values('NB11-01_0589-01402600142', 'NB11-01_0589', 01, 'Service booklet, German', 'E60,E61,E63,E64', 1, to_date('20050301','YYYYMMDD'), to_date('20060901','YYYYMMDD'), '01402600142', '', '', false);
insert into DiagramParts values('NB11-01_0589-01400012181', 'NB11-01_0589', 01, 'Service booklet, German', 'E60,E61,E63,E64', 1, to_date('20060901','YYYYMMDD'), to_date('20070301','YYYYMMDD'), '01400012181', '', '', false);
insert into DiagramParts values('NB11-01_0589-01412600143', 'NB11-01_0589', 02, 'Service booklet, English', 'E60,E61,E63,E64', 1, to_date('20050301','YYYYMMDD'), to_date('20060901','YYYYMMDD'), '01412600143', '', '', false);
insert into DiagramParts values('NB11-01_0589-01410012182', 'NB11-01_0589', 02, 'Service booklet, English', 'E60,E61,E63,E64', 1, to_date('20060901','YYYYMMDD'), to_date('20070301','YYYYMMDD'), '01410012182', '', '', false);
insert into DiagramParts values('NB11-01_0589-01422600144', 'NB11-01_0589', 03, 'Service booklet, French', 'E60,E61,E63,E64', 1, to_date('20050301','YYYYMMDD'), to_date('20060901','YYYYMMDD'), '01422600144', '', '', false);
insert into DiagramParts values('NB11-01_0589-01420012183', 'NB11-01_0589', 03, 'Service booklet, French', 'E60,E61,E63,E64', 1, to_date('20060901','YYYYMMDD'), to_date('20070301','YYYYMMDD'), '01420012183', '', '', false);
insert into DiagramParts values('NB11-01_0589-01432600145', 'NB11-01_0589', 04, 'Service booklet, Spanish', 'E60,E61,E63,E64', 1, to_date('20050301','YYYYMMDD'), to_date('20060901','YYYYMMDD'), '01432600145', '', '', false);
insert into DiagramParts values('NB11-01_0589-01430012184', 'NB11-01_0589', 04, 'Service booklet, Spanish', 'E60,E61,E63,E64', 1, to_date('20060901','YYYYMMDD'), to_date('20070301','YYYYMMDD'), '01430012184', '', '', false);
insert into DiagramParts values('NB11-01_0589-01442600146', 'NB11-01_0589', 05, 'Service booklet, Italian', 'E60,E61,E63,E64', 1, to_date('20050301','YYYYMMDD'), to_date('20060901','YYYYMMDD'), '01442600146', '', '', false);
insert into DiagramParts values('NB11-01_0589-01440012185', 'NB11-01_0589', 05, 'Service booklet, Italian', 'E60,E61,E63,E64', 1, to_date('20060901','YYYYMMDD'), to_date('20070301','YYYYMMDD'), '01440012185', '', '', false);
insert into DiagramParts values('NB11-01_0589-01452600147', 'NB11-01_0589', 06, 'Service booklet, Swedish', 'E60,E61,E63,E64', 1, to_date('20050301','YYYYMMDD'), to_date('20060901','YYYYMMDD'), '01452600147', '', '', false);
insert into DiagramParts values('NB11-01_0589-01450012186', 'NB11-01_0589', 06, 'Service booklet, Swedish', 'E60,E61,E63,E64', 1, to_date('20060901','YYYYMMDD'), to_date('20070301','YYYYMMDD'), '01450012186', '', '', false);
insert into DiagramParts values('NB11-01_0589-01462600148', 'NB11-01_0589', 07, 'Service booklet, Dutch', 'E60,E61,E63,E64', 1, to_date('20050301','YYYYMMDD'), to_date('20060901','YYYYMMDD'), '01462600148', '', '', false);
insert into DiagramParts values('NB11-01_0589-01460012187', 'NB11-01_0589', 07, 'Service booklet, Dutch', 'E60,E61,E63,E64', 1, to_date('20060901','YYYYMMDD'), to_date('20070301','YYYYMMDD'), '01460012187', '', '', false);
insert into DiagramParts values('NB11-01_0589-01472600149', 'NB11-01_0589', 08, 'Service booklet, Arabic', 'E60,E61,E63,E64', 1, to_date('20050301','YYYYMMDD'), to_date('20060901','YYYYMMDD'), '01472600149', '', '', false);
insert into DiagramParts values('NB11-01_0589-01470012188', 'NB11-01_0589', 08, 'Service booklet, Arabic', 'E60,E61,E63,E64', 1, to_date('20060901','YYYYMMDD'), to_date('20070301','YYYYMMDD'), '01470012188', '', '', false);
insert into DiagramParts values('NB11-01_0589-01482600150', 'NB11-01_0589', 09, 'Service booklet, Danish', 'E60,E61,E63,E64', 1, to_date('20050301','YYYYMMDD'), to_date('20060901','YYYYMMDD'), '01482600150', '', '', false);
insert into DiagramParts values('NB11-01_0589-01480012189', 'NB11-01_0589', 09, 'Service booklet, Danish', 'E60,E61,E63,E64', 1, to_date('20060901','YYYYMMDD'), to_date('20070301','YYYYMMDD'), '01480012189', '', '', false);
insert into DiagramParts values('NB11-01_0589-01492600151', 'NB11-01_0589', 10, 'Service booklet, Portuguese', 'E60,E61,E63,E64', 1, to_date('20050301','YYYYMMDD'), to_date('20060901','YYYYMMDD'), '01492600151', '', '', false);
insert into DiagramParts values('NB11-01_0589-01490012190', 'NB11-01_0589', 10, 'Service booklet, Portuguese', 'E60,E61,E63,E64', 1, to_date('20060901','YYYYMMDD'), to_date('20070301','YYYYMMDD'), '01490012190', '', '', false);
insert into DiagramParts values('NB11-01_0589-01492600153', 'NB11-01_0589', 11, 'Service booklet, greek', 'E60,E61,E63,E64', 1, to_date('20050301','YYYYMMDD'), to_date('20060901','YYYYMMDD'), '01492600153', '', '', false);
insert into DiagramParts values('NB11-01_0589-01490012192', 'NB11-01_0589', 11, 'Service booklet, greek', 'E60,E61,E63,E64', 1, to_date('20060901','YYYYMMDD'), to_date('20070301','YYYYMMDD'), '01490012192', '', '', false);
insert into DiagramParts values('NB11-01_0589-01492600152', 'NB11-01_0589', 12, 'Service booklet, Chinese', 'E60,E61,E63,E64', 1, to_date('20050301','YYYYMMDD'), to_date('20060901','YYYYMMDD'), '01492600152', '', '', false);
insert into DiagramParts values('NB11-01_0589-01490012191', 'NB11-01_0589', 12, 'Service booklet, Chinese', 'E60,E61,E63,E64', 1, to_date('20060901','YYYYMMDD'), to_date('20070301','YYYYMMDD'), '01490012191', '', '', false);
insert into Diagram values('NB11-01_0589','NB11-20050600','01-26','E60 540i   BMW Service booklet 2004 - 2008','');
insert into Diagram values('NB11-01_0743','NB11-20050600','01-26','E60 540i   BMW Service Manual 2008 - 2011','');
insert into Diagram values('NB11-01_0636','NB11-20050600','01-62','E60 540i   Trailer, BMW','');
insert into Diagram values('NB11-11_3267','NB11-20050600','11-25','E60 540i   Timing gear, timing chain, cyl. 1-4','');
insert into Diagram values('NB11-11_3268','NB11-20050600','11-25','E60 540i   Timing gear, timing chain, cyl. 5-8','');
insert into Diagram values('NB11-11_3269','NB11-20050600','11-25','E60 540i   Valve timing gear, camshaft, inlet','');
insert into Diagram values('NB11-11_3270','NB11-20050600','11-25','E60 540i   Valve timing gear, camshaft, outlet','');
insert into Diagram values('NB11-11_3606','NB11-20050600','11-25','E60 540i   Valve timing gear,eccentr.shaft,actuator','');
insert into Diagram values('NB11-11_3271','NB11-20050600','11-30','E60 540i   Lubrication system/Oil pump with drive','');
insert into Diagram values('NB11-11_3273','NB11-20050600','11-30','E60 540i   Lubrication system-Oil filter','');
insert into Diagram values('NB11-11_3338','NB11-20050600','11-30','E60 540i   Oil supply - oil cooler connection','');
insert into Diagram values('NB11-11_3680','NB11-20050600','11-30','E60 540i   Lubrication syst.,oil pump, single parts','');
insert into Diagram values('NB11-12_1373','NB11-20050600','12-10','E60 540i   Basic cotrol unit DME / EK928_5','');
insert into Diagram values('NB11-12_1376','NB11-20050600','12-30','E60 540i   Interference-suppression band','');
insert into Diagram values('NB11-13_1166','NB11-20050600','13-20','E60 540i   Intake muffler/Filter cartridge/HFM','');
insert into Diagram values('NB11-16_0549','NB11-20050600','16-05','E60 540i   Fuel tank/mounting parts','');
insert into Diagram values('NB11-17_0271','NB11-20050600','17-05','E60 540i   Power steering cooler','');
insert into Diagram values('NB11-17_0272','NB11-20050600','17-05','E60 540i   Cooling water expansion tank','');
insert into Diagram values('NB11-17_0276','NB11-20050600','17-05','E60 540i   MOUNTING PARTS F RADIATOR','');
insert into Diagram values('NB11-17_0285','NB11-20050600','17-05','E60 540i   Transmission oil cooler line','');
insert into Diagram values('NB11-17_0363','NB11-20050600','17-05','E60 540i   Fan shroud/fan','');
insert into Diagram values('NB11-17_0364','NB11-20050600','17-05','E60 540i   Engine oil cooler/oil cooler line','');
insert into Diagram values('NB11-22_0099','NB11-20050600','22-05','E60 540i   Engine Suspension','');
insert into Diagram values('NB11-25_0407','NB11-20050600','25-05','E60 540i   Gearbox shifting part','');
insert into Diagram values('NB11-25_0353','NB11-20050600','25-20','E60 540i   AUTOM.TRANSMISS.STEPTRONIC SHIFT PARTS','');
insert into Diagram values('NB11-25_0362','NB11-20050600','25-25','E60 540i   Selector lever handles / Covers','');
insert into Diagram values('NB11-31_0395','NB11-20050600','31-10','E60 540i   FRONT COIL SPRING','');
insert into Diagram values('NB11-31_0658','NB11-20050600','31-10','E60 540i   Stabilizer, front','');
insert into Diagram values('NB11-31_0660','NB11-20050600','31-10','E60 540i   Front Spring strut/Carrier/Wheel bearing','');
insert into Diagram values('NB11-31_0661','NB11-20050600','31-10','E60 540i   GUIDE SUPPORT/SPRING PAD/ATTACHING PARTS','');
insert into Diagram values('NB11-31_0662','NB11-20050600','31-10','E60 540i   Front stabilizer bar/Dynamic Drive','');
insert into Diagram values('NB11-31_0667','NB11-20050600','31-10','E60 540i   Valve block + add-on parts/Dynamic Drive','');
insert into Diagram values('NB11-31_1042','NB11-20050600','31-10','E60 540i   Repair kits, anti-roll bar, front','');
insert into Diagram values('NB11-31_1043','NB11-20050600','31-10','E60 540i   Repair kits, anti-roll bar, front','');
insert into Diagram values('NB11-31_1047','NB11-20050600','31-10','E60 540i   Repair kit, wheel bearing, front','');
insert into Diagram values('NB11-31_1048','NB11-20050600','31-10','E60 540i   Repair kit for support bearing','');
insert into DiagramParts values('NB11-33_1161-33107562449', 'NB11-33_1161', 01, 'Rmfd final drive', 'I=3,38', 1, to_date('20060301','YYYYMMDD'), to_date('20070301','YYYYMMDD'), '33107562449', '', 'ENDED', false);
insert into DiagramParts values('NB11-33_1161-33101214099', 'NB11-33_1161', 09, 'Shaft seal', '45X75X10', 1, to_date('20060301','YYYYMMDD'), to_date('20110601','YYYYMMDD'), '33101214099', '$17.42', '', false);
insert into Diagram values('NB11-33_1161','NB11-20050600','33-05','E60 540i   DIFFERENTIAL-DRIVE/OUTPUT','');
insert into Diagram values('NB11-33_1213','NB11-20050600','33-25','E60 540i   Output shaft','');
insert into Diagram values('NB11-34_1337','NB11-20050600','34-25','E60 540i   BRAKE MASTER CYLINDER/EXPANSION TANK','');
insert into Diagram values('NB11-34_1384','NB11-20050600','34-95','E60 540i   Retrofit, handbrake handle','');
insert into Diagram values('NB11-34_1562','NB11-20050600','34-95','E60 540i   Handbrake grip with chrome inlay','');
insert into Diagram values('NB11-35_0315','NB11-20050600','35-95','E60 540i   Set of high-grade steel pedal covers','');
insert into Diagram values('NB11-35_0377','NB11-20050600','35-95','E60 540i   Aluminum pedal covers','');
insert into Diagram values('NB11-41_1469','NB11-20050600','41-30','E60 540i   Roof','');
insert into Diagram values('NB11-41_1471','NB11-20050600','41-35','E60 540i   ENGINE HOOD/MOUNTING PARTS','');
insert into Diagram values('NB11-41_1508','NB11-20050600','41-50','E60 540i   Master key locking','');
insert into DiagramParts values('NB11-41_1690-51210033385', 'NB11-41_1690', 01, 'Set uniform lock.syst. w/CAS cntrl(code)', '868 MHZ', 1, to_date('20050901','YYYYMMDD'), to_date('20070301','YYYYMMDD'), '51210033385', '', '', false);
insert into Diagram values('NB11-41_1690','NB11-20050600','41-50','E60 540i   Master key locking','');
insert into Diagram values('NB11-41_1669','NB11-20050600','41-60','E60 540i   M Rear spoiler','');
insert into Diagram values('NB11-51_5084','NB11-20050600','51-45','E60 540i   Real Maplewood finish high gloss','');
insert into Diagram values('NB11-51_5085','NB11-20050600','51-45','E60 540i   Real Poplarwood finish high gloss','');
insert into Diagram values('NB11-51_5086','NB11-20050600','51-45','E60 540i   Decorative strips Aluminium','');
insert into Diagram values('NB11-51_5087','NB11-20050600','51-45','E60 540i   Decorative strip titan II dunkel','');
insert into Diagram values('NB11-51_5501','NB11-20050600','51-45','E60 540i   Light real poplar wood trim','');
insert into Diagram values('NB11-51_5686','NB11-20050600','51-45','E60 540i   Decorative panel, Alu Cube pure','');
insert into Diagram values('NB11-51_6677','NB11-20050600','51-45','E60 540i   Light real poplar wood trim','');
insert into Diagram values('NB11-51_6680','NB11-20050600','51-45','E60 540i   Decorative panel, Alu Cube pure','');
insert into Diagram values('NB11-51_5154','NB11-20050600','51-70','E60 540i   Heat insulation','');
insert into Diagram values('NB11-51_5089','NB11-20050600','51-75','E60 540i   Underride portection, front','');
insert into Diagram values('NB11-51_5152','NB11-20050600','51-80','E60 540i   Reinforcement, body','');
insert into Diagram values('NB11-51_5196','NB11-20050600','51-80','E60 540i   Sealing cap/plug','');
insert into Diagram values('NB11-51_5369','NB11-20050600','51-80','E60 540i   Sealing cap/plug','');
insert into Diagram values('NB11-51_5370','NB11-20050600','51-80','E60 540i   Sealing cap/plug','');
insert into Diagram values('NB11-61_1280','NB11-20050600','61-15','E60 540i   Plug terminal ELO not waterproof','');
insert into Diagram values('NB11-61_1296','NB11-20050600','61-15','E60 540i   Circular connector / D 2,5 mm System','');
insert into Diagram values('NB11-61_1349','NB11-20050600','61-15','E60 540i   Various comb-type connectors','');
insert into Diagram values('NB11-61_1445','NB11-20050600','61-15','E60 540i   Various parts, wiring harness repair','');
insert into Diagram values('NB11-61_1461','NB11-20050600','61-15','E60 540i   Diagnosis plug','');
insert into Diagram values('NB11-61_1578','NB11-20050600','61-15','E60 540i   Repair parts, optical fibre cable','');
insert into Diagram values('NB11-61_1691','NB11-20050600','61-15','E60 540i   Pin contacts ELO','');
insert into Diagram values('NB11-61_1754','NB11-20050600','61-15','E60 540i   Plug terminal ELO-Power','');
insert into Diagram values('NB11-61_1967','NB11-20050600','61-15','E60 540i   CABLE HOLDER/COVERING','');
insert into Diagram values('NB11-61_2085','NB11-20050600','61-15','E60 540i   Various cable grommets','');
insert into Diagram values('NB11-61_2107','NB11-20050600','61-15','E60 540i   Various parts, wiring harness repair','');
insert into Diagram values('NB11-61_2217','NB11-20050600','61-15','E60 540i   Contact system MQS','');
insert into Diagram values('NB11-61_2404','NB11-20050600','61-15','E60 540i   VARIOUS CABLE HOLDERS','');
insert into Diagram values('NB11-61_2444','NB11-20050600','61-15','E60 540i   diverse plugs and connectors','');
insert into Diagram values('NB11-61_2483','NB11-20050600','61-15','E60 540i   Cable tie','');
insert into Diagram values('NB11-61_2638','NB11-20050600','61-15','E60 540i   Repair parts, coaxial cable contacts','');
insert into Diagram values('NB11-61_2680','NB11-20050600','61-15','E60 540i   Repair parts, coaxial cable housing','');
insert into Diagram values('NB11-61_1722','NB11-20050600','61-35','E60 540i   Steering column switch/control unit','');
insert into Diagram values('NB11-61_1671','NB11-20050600','61-45','E60 540i   SINGLE COMPONENTS FOR WIPER ARM','');
insert into Diagram values('NB11-61_1672','NB11-20050600','61-45','E60 540i   SINGLE WIPER PARTS','');
insert into Diagram values('NB11-61_1673','NB11-20050600','61-45','E60 540i   Reserv.,windshield/headlight washer syst','');
insert into Diagram values('NB11-61_1674','NB11-20050600','61-45','E60 540i   Hose lines, windshield washer system','');
insert into Diagram values('NB11-61_1675','NB11-20050600','61-45','E60 540i   Hose lines, headlight washer system','');
insert into Diagram values('NB11-62_0561','NB11-20050600','62-95','E60 540i   Electronic log book','');
insert into Diagram values('NB11-64_1348','NB11-20050600','64-05','E60 540i   AIR CHANNEL','');
insert into Diagram values('NB11-64_1347','NB11-20050600','64-50','E60 540i   AIR COND.COMPRESSOR-SUPPORTING BRACKET','');
insert into Diagram values('NB11-64_1533','NB11-20050600','64-60','E60 540i   Coolant lines','');
insert into DiagramParts values('NB11-65_1353-65826983881', 'NB11-65_1353', 03, 'Control knob', 'PERLGLANZ CHROM', 1, to_date('20050901','YYYYMMDD'), to_date('20080901','YYYYMMDD'), '65826983881', '$66.66', '+core', false);
insert into Diagram values('NB11-65_1353','NB11-20050600','65-45','E60 540i   Controller up to 09/2008','');
insert into DiagramParts values('NB11-65_1635-65509196876', 'NB11-65_1635', 01, 'Video module', 'FBAS', 1, to_date('20081101','YYYYMMDD'), to_date('20090301','YYYYMMDD'), '65509196876', '', 'ENDED', false);
insert into Diagram values('NB11-65_1635','NB11-20050600','65-45','E60 540i   Video module/bracket','');
insert into DiagramParts values('NB11-65_1637-65506978236', 'NB11-65_1637', 01, 'Video module', 'RGB 5', 1, to_date('20050301','YYYYMMDD'), to_date('20060301','YYYYMMDD'), '65506978236', '', 'ENDED', false);
insert into DiagramParts values('NB11-65_1637-65506986557', 'NB11-65_1637', 01, 'Video module', 'RGB 5', 1, to_date('20050301','YYYYMMDD'), to_date('20070301','YYYYMMDD'), '65506986557', '', 'ENDED', false);
insert into DiagramParts values('NB11-65_1637-65509146702', 'NB11-65_1637', 01, 'Video module', 'RGB 5', 1, to_date('20050301','YYYYMMDD'), to_date('20081101','YYYYMMDD'), '65509146702', '$1,330.68', '', false);
insert into DiagramParts values('NB11-65_1637-65509196876', 'NB11-65_1637', 01, 'Video module', 'FBAS', 1, to_date('20081101','YYYYMMDD'), to_date('20090301','YYYYMMDD'), '65509196876', '', 'ENDED', false);
insert into Diagram values('NB11-65_1637','NB11-20050600','65-45','E60 540i   Video module/bracket','');
insert into Diagram values('NB11-71_0400','NB11-20050600','71-95','E60 540i   Set of lifting jack','');
insert into Diagram values('NB11-71_0434','NB11-20050600','71-95','E60 540i   Tire Mobility Set','');
insert into Diagram values('NB11-71_0481','NB11-20050600','71-95','E60 540i   Retrofit kit, trailer coupling, rigid','');
insert into Diagram values('NB11-71_0484','NB11-20050600','71-95','E60 540i   Retrofit kit trailer coupling detachable','');
insert into Diagram values('NB11-71_0489','NB11-20050600','71-95','E60 540i   Retrofit kit trailer coupling detachable','');
insert into Diagram values('NB11-71_0513','NB11-20050600','71-95','E60 540i   Twin electrics, caravan leads','');
insert into Diagram values('NB11-91_0502','NB11-20050600','91-50','E60 540i   Individual slide/tilt sunroof','');
insert into Diagram values('NB11-91_0697','NB11-20050600','91-50','E60 540i   Individual moulded headliner, Alcantara','');
insert into Diagram values('NB11-91_0698','NB11-20050600','91-50','E60 540i   Individual sun visor, Alcantara','');
insert into Diagram values('NB11-91_0699','NB11-20050600','91-50','E60 540i   Individual A, B, C pillar covers, top','');
insert into Diagram values('NB11-91_0700','NB11-20050600','91-50','E60 540i   Individual rear window shelf, Alcantara','');
insert into Model values('M5','E60','Lim','M5','ECE');
insert into Model values('M5','E60','Lim','M5','USA');
insert into ProdCode values('NB93','M5','Lim','E60','USA','S85','L','04/2005 E60 M5 Sedan S85 USA Left hand drive ');
insert into ProdCodeDate values('NB93-20050400','NB93',to_date('20050401','YYYYMMDD'));
insert into Diagram values('NB93-01_0636','NB93-20050400','01-62','E60 M5   Trailer, BMW','');
insert into Diagram values('NB93-01_0967','NB93-20050400','01-94','E60 M5   Sample chart, upholstery colors, leather','');
insert into Diagram values('NB93-01_0968','NB93-20050400','01-94','E60 M5   Sample chart with interior moldings','');
insert into Diagram values('NB93-01_0969','NB93-20050400','01-94','E60 M5   Sample chart with interior colors','');
insert into Diagram values('NB93-11_3685','NB93-20050400','11-15','E60 M5   Cylinder Head','');
insert into Diagram values('NB93-11_3686','NB93-20050400','11-15','E60 M5   Cylinder Head Attached Parts','');
insert into Diagram values('NB93-11_3687','NB93-20050400','11-15','E60 M5   Cylinder head cover','');
insert into Diagram values('NB93-11_3688','NB93-20050400','11-15','E60 M5   Crankcase-Ventilation','');
insert into Diagram values('NB93-11_3697','NB93-20050400','11-15','E60 M5   Cylinder Head Vanos','');
insert into Diagram values('NB93-11_3698','NB93-20050400','11-15','E60 M5   VANOS CYLINDER HEAD MOUNTING PARTS','');
insert into Diagram values('NB93-11_3692','NB93-20050400','11-20','E60 M5   Crankshaft With Bearing Shells','');
insert into Diagram values('NB93-11_3693','NB93-20050400','11-20','E60 M5   Crankshaft Connecting Rod','');
insert into Diagram values('NB93-11_3695','NB93-20050400','11-20','E60 M5   Crankshaft-Pistons','');
insert into Diagram values('NB93-11_3696','NB93-20050400','11-20','E60 M5   Flywheel / Twin Mass Flywheel','');
insert into Diagram values('NB93-11_3710','NB93-20050400','11-45','E60 M5   Vacuum control - engine','');
insert into Diagram values('NB93-12_1362','NB93-20050400','12-10','E60 M5   Basic cotrol unit DME / MSS65','');
insert into Diagram values('NB93-12_1336','NB93-20050400','12-30','E60 M5   Various wiring harnesses','');
insert into Diagram values('NB93-12_1376','NB93-20050400','12-30','E60 M5   Interference-suppression band','');
insert into Diagram values('NB93-16_0559','NB93-20050400','16-05','E60 M5   Fuel tank/mounting parts','');
insert into Diagram values('NB93-17_0344','NB93-20050400','17-30','E60 M5   Cooling System Water Hoses','');
insert into Diagram values('NB93-25_0441','NB93-20050400','25-10','E60 M5   SHIFT LEVER COVERING LEATHER ILLUMINATED','');
insert into Diagram values('NB93-31_0395','NB93-20050400','31-10','E60 M5   FRONT COIL SPRING','');
insert into Diagram values('NB93-31_0658','NB93-20050400','31-10','E60 M5   Stabilizer, front','');
insert into Diagram values('NB93-31_0660','NB93-20050400','31-10','E60 M5   Front Spring strut/Carrier/Wheel bearing','');
insert into Diagram values('NB93-31_0703','NB93-20050400','31-10','E60 M5   GUIDE SUPPORT/SPRING PAD/ATTACHING PARTS','');
insert into Diagram values('NB93-31_1043','NB93-20050400','31-10','E60 M5   Repair kits, anti-roll bar, front','');
insert into Diagram values('NB93-33_1161','NB93-20050400','33-05','E60 M5   DIFFERENTIAL-DRIVE/OUTPUT','');
insert into Diagram values('NB93-34_1460','NB93-20050400','34-20','E60 M5   Hydro unit DSC/fastening/sensors','');
insert into Diagram values('NB93-34_1341','NB93-20050400','34-40','E60 M5   PARKING BRAKE/BRAKE SHOES','');
insert into Diagram values('NB93-51_5066','NB93-20050400','51-30','E60 M5   Mounting parts, I-panel, bottom','');
insert into Diagram values('NB93-51_5110','NB93-20050400','51-30','E60 M5   GLOVE BOX','');
insert into Diagram values('NB93-51_5128','NB93-20050400','51-30','E60 M5   Cup holder','');
insert into Diagram values('NB93-51_6631','NB93-20050400','51-30','E60 M5   Trim panel dashboard','');
insert into Diagram values('NB93-51_5152','NB93-20050400','51-80','E60 M5   Reinforcement, body','');
insert into Diagram values('NB93-51_5196','NB93-20050400','51-80','E60 M5   Sealing cap/plug','');
insert into Diagram values('NB93-51_5369','NB93-20050400','51-80','E60 M5   Sealing cap/plug','');
insert into Diagram values('NB93-51_5370','NB93-20050400','51-80','E60 M5   Sealing cap/plug','');
insert into Diagram values('NB93-63_0812','NB93-20050400','63-15','E60 M5   Fog lights','');
insert into Diagram values('NB93-64_1350','NB93-20050400','64-15','E60 M5   HEATER RADIATOR AUTOMATIC AIR CONDITION','');
insert into Diagram values('NB93-64_1487','NB93-20050400','64-50','E60 M5   CLIMATE COMPRESSOR MOUNTING PARTS','');
insert into Diagram values('NB93-65_1310','NB93-20050400','65-20','E60 M5   SINGLE PARTS F REAR DOOR TOP-HIFI SYST.','');
insert into Diagram values('NB93-65_1324','NB93-20050400','65-30','E60 M5   SINGLE PARTS F ANTENNA-DIVERSITY','');
insert into Diagram values('NB93-65_1331','NB93-20050400','65-30','E60 M5   SINGLE PARTS F ANTENNA','');
insert into Diagram values('NB93-65_1354','NB93-20050400','65-50','E60 M5   CCC CD','');
insert into Diagram values('NB93-65_1453','NB93-20050400','65-50','E60 M5   Single parts CCC','');
insert into Diagram values('NB93-65_1606','NB93-20050400','65-50','E60 M5   Navigation CD/DVD','');
insert into Diagram values('NB93-65_1827','NB93-20050400','65-50','E60 M5   Navigation DVD 2006','');
insert into Diagram values('NB93-65_1857','NB93-20050400','65-50','E60 M5   Car Infotainment computer','');
insert into Diagram values('NB93-71_0340','NB93-20050400','71-05','E60 M5   Car tool/Lifting jack','');
insert into Diagram values('NB93-71_0343','NB93-20050400','71-05','E60 M5   Car tool','');
insert into Diagram values('NB93-71_0717','NB93-20050400','71-05','E60 M5   Set of lifting jack','');
insert into Diagram values('NB93-36_0742','NB93-20050400','82-14','E60 M5   Snow chains','');
insert into Diagram values('NB93-82_0102','NB93-20050400','82-81','E60 M5   Universal hoist','');
insert into DiagramParts values('NB93-84_0608-84106972696', 'NB93-84_0608', 01, 'Telematics Control Unit', 'CDMA', 1, to_date('20050301','YYYYMMDD'), to_date('20050901','YYYYMMDD'), '84106972696', '', 'ENDED', false);
insert into DiagramParts values('NB93-84_0608-84106982067', 'NB93-84_0608', 01, 'Telematics Control Unit', 'CDMA', 1, to_date('20050301','YYYYMMDD'), to_date('20060301','YYYYMMDD'), '84106982067', '', 'ENDED', false);
insert into DiagramParts values('NB93-84_0608-84109120741', 'NB93-84_0608', 01, 'Telematics Control Unit', 'CDMA', 1, to_date('20050301','YYYYMMDD'), to_date('20060401','YYYYMMDD'), '84109120741', '', 'ENDED', false);
insert into DiagramParts values('NB93-84_0608-84109126533', 'NB93-84_0608', 01, 'Telematics Control Unit', 'CDMA', 1, to_date('20050301','YYYYMMDD'), to_date('20060401','YYYYMMDD'), '84109126533', '', 'ENDED', false);
insert into DiagramParts values('NB93-84_0608-84109122446', 'NB93-84_0608', 01, 'Rmfd Telematics Control Unit', 'CDMA', 1, to_date('20050301','YYYYMMDD'), to_date('20070301','YYYYMMDD'), '84109122446', '', 'ENDED', false);
insert into DiagramParts values('NB93-84_0608-84109171590', 'NB93-84_0608', 01, 'Rmfd Telematics Control Unit', 'CDMA', 1, to_date('20050301','YYYYMMDD'), to_date('20070301','YYYYMMDD'), '84109171590', '', 'ENDED', false);
insert into DiagramParts values('NB93-84_0608-84109181230', 'NB93-84_0608', 01, 'Rmfd Telematics Control Unit', 'CDMA', 1, to_date('20050301','YYYYMMDD'), to_date('20070301','YYYYMMDD'), '84109181230', '$403.59', '', false);
insert into DiagramParts values('NB93-84_0608-84109149614', 'NB93-84_0608', 01, 'Telematics Control Unit', 'CDMA', 1, to_date('20070301','YYYYMMDD'), to_date('20070901','YYYYMMDD'), '84109149614', '', 'ENDED', false);
insert into DiagramParts values('NB93-84_0608-84109171348', 'NB93-84_0608', 01, 'Telematics Control Unit', 'CDMA', 1, to_date('20070301','YYYYMMDD'), to_date('20080301','YYYYMMDD'), '84109171348', '', 'ENDED', false);
insert into DiagramParts values('NB93-84_0608-84109196664', 'NB93-84_0608', 01, 'Rmfd Telematics Control Unit', 'CDMA', 1, to_date('20070301','YYYYMMDD'), to_date('20080301','YYYYMMDD'), '84109196664', '', 'ENDED', false);
insert into DiagramParts values('NB93-84_0608-84109228937', 'NB93-84_0608', 01, 'Rmfd Telematics Control Unit', 'GSM', 1, to_date('20080301','YYYYMMDD'), to_date('20100301','YYYYMMDD'), '84109228937', '', 'ENDED', false);
insert into Diagram values('NB93-84_0608','NB93-20050400','84-10','E60 M5   Single parts SA 639/SA 664, trunk','');
insert into Diagram values('NB93-84_0767','NB93-20050400','84-10','E60 M5   Starter package, cell phone Nokia 6303c','');
insert into Diagram values('NB93-84_0607','NB93-20050400','84-20','E60 M5   Single parts SA639/SA664 center console','');
insert into Diagram values('NB93-91_0502','NB93-20050400','91-50','E60 M5   Individual slide/tilt sunroof','');
insert into Diagram values('NB93-91_0697','NB93-20050400','91-50','E60 M5   Individual moulded headliner, Alcantara','');
insert into Diagram values('NB93-91_0699','NB93-20050400','91-50','E60 M5   Individual A, B, C pillar covers, top','');
insert into Diagram values('NB93-91_0700','NB93-20050400','91-50','E60 M5   Individual rear window shelf, Alcantara','');
insert into Diagram values('NB93-91_0596','NB93-20050400','91-65','E60 M5   Individual cover Klima-Leather, rear','');
insert into Diagram values('NB93-91_0721','NB93-20050400','91-65','E60 M5   I.through-loading S.KlimaLeather,rr seat','');
insert into Diagram values('NB93-91_0730','NB93-20050400','91-65','E60 M5   Individual cover, leather, seat rear','');
insert into Diagram values('NB93-91_0732','NB93-20050400','91-65','E60 M5   Individ.through-loading syst.,rear seat','');
insert into ProdCodeDate values('NB93-20060800','NB93',to_date('20060801','YYYYMMDD'));
insert into Diagram values('NB93-51_4903','NB93-20060800','51-05','E60 M5   Glazing','');
insert into Diagram values('NB93-51_4936','NB93-20060800','51-05','E60 M5   GLAZING SINGLE PARTS','');
insert into Diagram values('NB93-61_1742','NB93-20060800','61-30','E60 M5   Original BMW battery (Warranty only)','');
insert into Diagram values('NB93-65_1602','NB93-20060800','65-95','E60 M5   DVD-system Portable','');
insert into Diagram values('NB93-84_0769','NB93-20060800','84-20','E60 M5   Snap-In Adapter Bluetooth for USA','');
