insert into Series values('E65','E65');
insert into Body values('Lim','Lim');
insert into Model values('730d','E65','Lim','730d','ECE');
insert into ProdCode values('GM21','730d','Lim','E65','ECE','M57N','L','09/2002 E65 730d Sedan M57N Europe Left hand drive Automatic');
insert into ProdCodeDate values('GM21-20020900','GM21',to_date('20020901','YYYYMMDD'));
insert into DiagramParts values('GM21-01_0196-01400156536', 'GM21-01_0196', 01, 'Owner&apos;s handbook E65, E66', 'DE, MJ 02', 1, to_date('20011101','YYYYMMDD'), to_date('20020301','YYYYMMDD'), '01400156536', '$56.64', '', false);
insert into DiagramParts values('GM21-01_0196-01400156650', 'GM21-01_0196', 01, 'Owner&apos;s handbook E65, E66', 'DE, MJ 02', 1, to_date('20020301','YYYYMMDD'), to_date('20020901','YYYYMMDD'), '01400156650', '', '', false);
insert into DiagramParts values('GM21-01_0196-01400156856', 'GM21-01_0196', 01, 'Owner&apos;s handbook E65, E66', 'DE, MJ 03', 1, to_date('20020901','YYYYMMDD'), to_date('20030101','YYYYMMDD'), '01400156856', '$80.12', '', false);
insert into DiagramParts values('GM21-01_0196-01400157170', 'GM21-01_0196', 01, 'Owner&apos;s handbook E65, E66', 'DE, MJ 03', 1, to_date('20030101','YYYYMMDD'), to_date('20030301','YYYYMMDD'), '01400157170', '', '', false);
insert into DiagramParts values('GM21-01_0196-01400157404', 'GM21-01_0196', 01, 'Owner&apos;s handbook E65, E66, E67', 'DE, MJ 03', 1, to_date('20030301','YYYYMMDD'), to_date('20031001','YYYYMMDD'), '01400157404', '', '', false);
insert into DiagramParts values('GM21-01_0196-01400157660', 'GM21-01_0196', 01, 'Owner&apos;s handbook E65, E66, E67', 'DE, MJ 04', 1, to_date('20031001','YYYYMMDD'), to_date('20040301','YYYYMMDD'), '01400157660', '', '', false);
insert into DiagramParts values('GM21-01_0196-01400158148', 'GM21-01_0196', 01, 'Owner&apos;s handbook E65, E66, E67', 'DE, MJ 04', 1, to_date('20040301','YYYYMMDD'), to_date('20050301','YYYYMMDD'), '01400158148', '', '', false);
insert into DiagramParts values('GM21-01_0196-01400159179', 'GM21-01_0196', 01, 'Owner&apos;s handbook E65, E66, E67', 'DE, MJ 2005', 1, to_date('20050301','YYYYMMDD'), to_date('20050901','YYYYMMDD'), '01400159179', '', '', false);
insert into DiagramParts values('GM21-01_0196-01400159739', 'GM21-01_0196', 01, 'Owner&apos;s handbook E65, E66, E67', 'DE, MJ 2006', 1, to_date('20050901','YYYYMMDD'), to_date('20060301','YYYYMMDD'), '01400159739', '', '', false);
insert into DiagramParts values('GM21-01_0196-01400012268', 'GM21-01_0196', 01, 'Owner&apos;s handbook E65, E66, E67', 'DE, MJ 2006', 1, to_date('20060301','YYYYMMDD'), to_date('20060901','YYYYMMDD'), '01400012268', '', '', false);
insert into DiagramParts values('GM21-01_0196-01400012816', 'GM21-01_0196', 01, 'Owner&apos;s handbook E65, E66, E67', 'DE, MJ 2007', 1, to_date('20060901','YYYYMMDD'), to_date('20070301','YYYYMMDD'), '01400012816', '', '', false);
insert into DiagramParts values('GM21-01_0196-01400013196', 'GM21-01_0196', 01, 'Owner&apos;s handbook E65, E66, E67', 'DE, MJ 07/08', 1, to_date('20070301','YYYYMMDD'), to_date('20080901','YYYYMMDD'), '01400013196', '', '', false);
insert into DiagramParts values('GM21-01_0196-01410156537', 'GM21-01_0196', 02, 'Owner&apos;s handbook E65, E66', 'EN, MJ 02', 1, to_date('20011101','YYYYMMDD'), to_date('20020301','YYYYMMDD'), '01410156537', '$80.12', '', false);
insert into DiagramParts values('GM21-01_0196-01410156651', 'GM21-01_0196', 02, 'Owner&apos;s handbook E65, E66', 'EN, MJ 02', 1, to_date('20020301','YYYYMMDD'), to_date('20020901','YYYYMMDD'), '01410156651', '$80.12', '', false);
insert into DiagramParts values('GM21-01_0196-01410156857', 'GM21-01_0196', 02, 'Owner&apos;s handbook E65, E66', 'EN, MJ 03', 1, to_date('20020901','YYYYMMDD'), to_date('20030101','YYYYMMDD'), '01410156857', '', '', false);
insert into DiagramParts values('GM21-01_0196-01410157171', 'GM21-01_0196', 02, 'Owner&apos;s handbook E65, E66', 'EN, MJ 03', 1, to_date('20030101','YYYYMMDD'), to_date('20040101','YYYYMMDD'), '01410157171', '', '', false);
insert into DiagramParts values('GM21-01_0196-01410157405', 'GM21-01_0196', 02, 'Owner&apos;s handbook E65, E66, E67', 'EN, MJ 03', 1, to_date('20030301','YYYYMMDD'), to_date('20031001','YYYYMMDD'), '01410157405', '', '', false);
insert into DiagramParts values('GM21-01_0196-01410157661', 'GM21-01_0196', 02, 'Owner&apos;s handbook E65, E66, E67', 'EN, MJ 04', 1, to_date('20031001','YYYYMMDD'), to_date('20040301','YYYYMMDD'), '01410157661', '', '', false);
insert into DiagramParts values('GM21-01_0196-01410158149', 'GM21-01_0196', 02, 'Owner&apos;s handbook E65, E66, E67', 'EN, MJ 04', 1, to_date('20040301','YYYYMMDD'), to_date('20050301','YYYYMMDD'), '01410158149', '', '', false);
insert into DiagramParts values('GM21-01_0196-01410159180', 'GM21-01_0196', 02, 'Owner&apos;s handbook E65, E66, E67', 'EN, MJ 2005', 1, to_date('20050301','YYYYMMDD'), to_date('20050901','YYYYMMDD'), '01410159180', '', '', false);
insert into DiagramParts values('GM21-01_0196-01410159740', 'GM21-01_0196', 02, 'Owner&apos;s handbook E65, E66, E67', 'EN, MJ 2006', 1, to_date('20050901','YYYYMMDD'), to_date('20060301','YYYYMMDD'), '01410159740', '', '', false);
insert into DiagramParts values('GM21-01_0196-01410012269', 'GM21-01_0196', 02, 'Owner&apos;s handbook E65, E66, E67', 'EN, MJ 2006', 1, to_date('20060301','YYYYMMDD'), to_date('20060901','YYYYMMDD'), '01410012269', '', '', false);
insert into DiagramParts values('GM21-01_0196-01410012817', 'GM21-01_0196', 02, 'Owner&apos;s handbook E65, E66, E67', 'EN, MJ 2007', 1, to_date('20060901','YYYYMMDD'), to_date('20070301','YYYYMMDD'), '01410012817', '', '', false);
insert into DiagramParts values('GM21-01_0196-01410013197', 'GM21-01_0196', 02, 'Owner&apos;s handbook E65, E66, E67', 'EN, MJ 07/08', 1, to_date('20070301','YYYYMMDD'), to_date('20080901','YYYYMMDD'), '01410013197', '', '', false);
insert into DiagramParts values('GM21-01_0196-01410156685', 'GM21-01_0196', 02, 'Owner&apos;s handbook E65, E66', 'EN, MJ 02 KOREA', 1, to_date('20020301','YYYYMMDD'), to_date('20020901','YYYYMMDD'), '01410156685', '', '', false);
insert into DiagramParts values('GM21-01_0196-01410156899', 'GM21-01_0196', 02, 'Owner&apos;s handbook E65, E66', 'EN, MJ 03 KOREA', 1, to_date('20020901','YYYYMMDD'), to_date('20030101','YYYYMMDD'), '01410156899', '', '', false);
insert into DiagramParts values('GM21-01_0196-01410157200', 'GM21-01_0196', 02, 'Owner&apos;s handbook E65, E66', 'EN, MJ 03 KOREA', 1, to_date('20030101','YYYYMMDD'), to_date('20040101','YYYYMMDD'), '01410157200', '', '', false);
insert into DiagramParts values('GM21-01_0196-01410157479', 'GM21-01_0196', 02, 'Owner&apos;s handbook E65, E66', 'EN, MJ 03 KOREA', 1, to_date('20030301','YYYYMMDD'), to_date('20031001','YYYYMMDD'), '01410157479', '', '', false);
insert into DiagramParts values('GM21-01_0196-01410157755', 'GM21-01_0196', 02, 'Owner&apos;s handbook E65, E66', 'EN, MJ 04 KOREA', 1, to_date('20031001','YYYYMMDD'), to_date('20040301','YYYYMMDD'), '01410157755', '', '', false);
insert into DiagramParts values('GM21-01_0196-01410158224', 'GM21-01_0196', 02, 'Owner&apos;s handbook E65, E66', 'EN, MJ 04 KOREA', 1, to_date('20040301','YYYYMMDD'), to_date('20050301','YYYYMMDD'), '01410158224', '', '', false);
insert into DiagramParts values('GM21-01_0196-01410159960', 'GM21-01_0196', 02, 'Owner&apos;s handbook E65, E66, E67', 'EN, MJ 2006', 1, to_date('20050901','YYYYMMDD'), to_date('20060301','YYYYMMDD'), '01410159960', '', '', false);
insert into DiagramParts values('GM21-01_0196-01410012252', 'GM21-01_0196', 02, 'Owner&apos;s handbook E65, E66, E67', 'EN, MJ 2006', 1, to_date('20060301','YYYYMMDD'), to_date('20060901','YYYYMMDD'), '01410012252', '', '', false);
insert into DiagramParts values('GM21-01_0196-01420156538', 'GM21-01_0196', 03, 'Owner&apos;s handbook E65, E66', 'FR, MJ 02', 1, to_date('20011101','YYYYMMDD'), to_date('20020301','YYYYMMDD'), '01420156538', '', '', false);
insert into DiagramParts values('GM21-01_0196-01420156652', 'GM21-01_0196', 03, 'Owner&apos;s handbook E65, E66', 'FR, MJ 02', 1, to_date('20020201','YYYYMMDD'), to_date('20020401','YYYYMMDD'), '01420156652', '', '', false);
insert into DiagramParts values('GM21-01_0196-01420156733', 'GM21-01_0196', 03, 'Owner&apos;s handbook E65, E66', 'FR, MJ 02', 1, to_date('20020401','YYYYMMDD'), to_date('20020901','YYYYMMDD'), '01420156733', '', '', false);
insert into DiagramParts values('GM21-01_0196-01420156858', 'GM21-01_0196', 03, 'Owner&apos;s handbook E65, E66', 'FR, MJ 03', 1, to_date('20020901','YYYYMMDD'), to_date('20030101','YYYYMMDD'), '01420156858', '', '', false);
insert into DiagramParts values('GM21-01_0196-01420157172', 'GM21-01_0196', 03, 'Owner&apos;s handbook E65, E66', 'FR, MJ 03', 1, to_date('20030101','YYYYMMDD'), to_date('20030301','YYYYMMDD'), '01420157172', '', '', false);
insert into DiagramParts values('GM21-01_0196-01420157406', 'GM21-01_0196', 03, 'Owner&apos;s handbook E65, E66, E67', 'FR, MJ 03', 1, to_date('20030301','YYYYMMDD'), to_date('20031001','YYYYMMDD'), '01420157406', '', '', false);
insert into DiagramParts values('GM21-01_0196-01420157662', 'GM21-01_0196', 03, 'Owner&apos;s handbook E65, E66, E67', 'FR, MJ 2004', 1, to_date('20031001','YYYYMMDD'), to_date('20040301','YYYYMMDD'), '01420157662', '', '', false);
insert into DiagramParts values('GM21-01_0196-01420158150', 'GM21-01_0196', 03, 'Owner&apos;s handbook E65, E66, E67', 'FR, MJ 04', 1, to_date('20040301','YYYYMMDD'), to_date('20050301','YYYYMMDD'), '01420158150', '', '', false);
insert into DiagramParts values('GM21-01_0196-01420159181', 'GM21-01_0196', 03, 'Owner&apos;s handbook E65, E66, E67', 'FR, MJ 2005', 1, to_date('20050301','YYYYMMDD'), to_date('20050901','YYYYMMDD'), '01420159181', '', '', false);
insert into DiagramParts values('GM21-01_0196-01420159741', 'GM21-01_0196', 03, 'Owner&apos;s handbook E65, E66, E67', 'FR, MJ 2006', 1, to_date('20050901','YYYYMMDD'), to_date('20060301','YYYYMMDD'), '01420159741', '', '', false);
insert into DiagramParts values('GM21-01_0196-01420012270', 'GM21-01_0196', 03, 'Owner&apos;s handbook E65, E66, E67', 'FR, MJ 2006', 1, to_date('20060301','YYYYMMDD'), to_date('20060901','YYYYMMDD'), '01420012270', '', '', false);
insert into DiagramParts values('GM21-01_0196-01420012818', 'GM21-01_0196', 03, 'Owner&apos;s handbook E65, E66, E67', 'FR, MJ 2007', 1, to_date('20060901','YYYYMMDD'), to_date('20070301','YYYYMMDD'), '01420012818', '', '', false);
insert into DiagramParts values('GM21-01_0196-01420013198', 'GM21-01_0196', 03, 'Owner&apos;s handbook E65, E66, E67', 'FR, MJ 07/08', 1, to_date('20070301','YYYYMMDD'), to_date('20080901','YYYYMMDD'), '01420013198', '', '', false);
insert into DiagramParts values('GM21-01_0196-01430156539', 'GM21-01_0196', 04, 'Owner&apos;s handbook E65, E66', 'ES, MJ 02', 1, to_date('20011101','YYYYMMDD'), to_date('20020301','YYYYMMDD'), '01430156539', '', '', false);
insert into DiagramParts values('GM21-01_0196-01430156653', 'GM21-01_0196', 04, 'Owner&apos;s handbook E65, E66', 'ES, MJ 02', 1, to_date('20020301','YYYYMMDD'), to_date('20020601','YYYYMMDD'), '01430156653', '', '', false);
insert into DiagramParts values('GM21-01_0196-01430156734', 'GM21-01_0196', 04, 'Owner&apos;s handbook E65, E66', 'ES, MJ 02', 1, to_date('20020601','YYYYMMDD'), to_date('20020901','YYYYMMDD'), '01430156734', '', '', false);
insert into DiagramParts values('GM21-01_0196-01430156859', 'GM21-01_0196', 04, 'Owner&apos;s handbook E65, E66', 'ES, MJ 03', 1, to_date('20020901','YYYYMMDD'), to_date('20030101','YYYYMMDD'), '01430156859', '$80.12', '', false);
insert into DiagramParts values('GM21-01_0196-01430157173', 'GM21-01_0196', 04, 'Owner&apos;s handbook E65, E66', 'ES, MJ 03', 1, to_date('20030101','YYYYMMDD'), to_date('20030301','YYYYMMDD'), '01430157173', '', '', false);
insert into DiagramParts values('GM21-01_0196-01430157407', 'GM21-01_0196', 04, 'Owner&apos;s handbook E65, E66, E67', 'ES, MJ 03', 1, to_date('20030301','YYYYMMDD'), to_date('20031001','YYYYMMDD'), '01430157407', '', '', false);
insert into DiagramParts values('GM21-01_0196-01430157663', 'GM21-01_0196', 04, 'Owner&apos;s handbook E65, E66, E67', 'ES, MJ 04', 1, to_date('20031001','YYYYMMDD'), to_date('20040301','YYYYMMDD'), '01430157663', '', '', false);
insert into DiagramParts values('GM21-01_0196-01430158151', 'GM21-01_0196', 04, 'Owner&apos;s handbook E65, E66, E67', 'ES, MJ 04', 1, to_date('20040301','YYYYMMDD'), to_date('20050301','YYYYMMDD'), '01430158151', '', '', false);
insert into DiagramParts values('GM21-01_0196-01430159182', 'GM21-01_0196', 04, 'Owner&apos;s handbook E65, E66, E67', 'ES, MJ 2005', 1, to_date('20050301','YYYYMMDD'), to_date('20050901','YYYYMMDD'), '01430159182', '', '', false);
insert into DiagramParts values('GM21-01_0196-01420159742', 'GM21-01_0196', 04, 'Owner&apos;s handbook E65, E66, E67', 'ES, MJ 2006', 1, to_date('20050901','YYYYMMDD'), to_date('20060301','YYYYMMDD'), '01420159742', '', '', false);
insert into DiagramParts values('GM21-01_0196-01430012271', 'GM21-01_0196', 04, 'Owner&apos;s handbook E65, E66, E67', 'ES, MJ 2006', 1, to_date('20060301','YYYYMMDD'), to_date('20060901','YYYYMMDD'), '01430012271', '', '', false);
insert into DiagramParts values('GM21-01_0196-01430012819', 'GM21-01_0196', 04, 'Owner&apos;s handbook E65, E66, E67', 'ES, MJ 2007', 1, to_date('20060901','YYYYMMDD'), to_date('20070301','YYYYMMDD'), '01430012819', '', '', false);
insert into DiagramParts values('GM21-01_0196-01430013199', 'GM21-01_0196', 04, 'Owner&apos;s handbook E65, E66, E67', 'ES, MJ 07/08', 1, to_date('20070301','YYYYMMDD'), to_date('20080901','YYYYMMDD'), '01430013199', '', '', false);
insert into DiagramParts values('GM21-01_0196-01430156686', 'GM21-01_0196', 04, 'Owner&apos;s handbook E65, E66', 'ES, MJ 02 USA', 1, to_date('20020301','YYYYMMDD'), to_date('20020601','YYYYMMDD'), '01430156686', '', '', false);
insert into DiagramParts values('GM21-01_0196-01430156900', 'GM21-01_0196', 04, 'Owner&apos;s handbook E65, E66', 'ES, MJ 03 USA', 1, to_date('20020901','YYYYMMDD'), to_date('20030101','YYYYMMDD'), '01430156900', '', '', false);
insert into DiagramParts values('GM21-01_0196-01430157201', 'GM21-01_0196', 04, 'Owner&apos;s handbook E65, E66', 'ES, MJ 02 USA', 1, to_date('20030101','YYYYMMDD'), to_date('20030301','YYYYMMDD'), '01430157201', '', '', false);
insert into DiagramParts values('GM21-01_0196-01430157480', 'GM21-01_0196', 04, 'Owner&apos;s handbook E65, E66', 'ES, MJ 03 USA', 1, to_date('20030301','YYYYMMDD'), to_date('20031001','YYYYMMDD'), '01430157480', '$56.64', '', false);
insert into DiagramParts values('GM21-01_0196-01430157756', 'GM21-01_0196', 04, 'Owner&apos;s handbook E65, E66', 'ES, MJ 04 USA', 1, to_date('20031001','YYYYMMDD'), to_date('20040301','YYYYMMDD'), '01430157756', '', '', false);
insert into DiagramParts values('GM21-01_0196-01430158225', 'GM21-01_0196', 04, 'Owner&apos;s handbook E65, E66', 'ES, MJ 04 USA', 1, to_date('20040301','YYYYMMDD'), to_date('20050301','YYYYMMDD'), '01430158225', '', '', false);
insert into DiagramParts values('GM21-01_0196-01430159255', 'GM21-01_0196', 04, 'Owner&apos;s handbook E65, E66, E67', 'ES, MJ 2005', 1, to_date('20050301','YYYYMMDD'), to_date('20050901','YYYYMMDD'), '01430159255', '', '', false);
insert into DiagramParts values('GM21-01_0196-01430159961', 'GM21-01_0196', 04, 'Owner&apos;s handbook E65, E66, E67', 'ES, MJ 2006', 1, to_date('20050901','YYYYMMDD'), to_date('20060301','YYYYMMDD'), '01430159961', '', '', false);
insert into DiagramParts values('GM21-01_0196-01430012253', 'GM21-01_0196', 04, 'Owner&apos;s handbook E65, E66, E67', 'ES, MJ 2006', 1, to_date('20060301','YYYYMMDD'), to_date('20060901','YYYYMMDD'), '01430012253', '', '', false);
insert into DiagramParts values('GM21-01_0196-01430012839', 'GM21-01_0196', 04, 'Owner&apos;s handbook E65, E66, E67', 'ES, MJ 2007', 1, to_date('20060901','YYYYMMDD'), to_date('20070301','YYYYMMDD'), '01430012839', '$80.12', '', false);
insert into DiagramParts values('GM21-01_0196-01440156540', 'GM21-01_0196', 05, 'Owner&apos;s handbook E65, E66', 'IT, MJ 02', 1, to_date('20011101','YYYYMMDD'), to_date('20020301','YYYYMMDD'), '01440156540', '', '', false);
insert into DiagramParts values('GM21-01_0196-01440156654', 'GM21-01_0196', 05, 'Owner&apos;s handbook E65, E66', 'IT, MJ 02', 1, to_date('20020301','YYYYMMDD'), to_date('20020901','YYYYMMDD'), '01440156654', '', '', false);
insert into DiagramParts values('GM21-01_0196-01440156860', 'GM21-01_0196', 05, 'Owner&apos;s handbook E65, E66', 'IT, MJ 03', 1, to_date('20020901','YYYYMMDD'), to_date('20030101','YYYYMMDD'), '01440156860', '', '', false);
insert into DiagramParts values('GM21-01_0196-01440157174', 'GM21-01_0196', 05, 'Owner&apos;s handbook E65, E66', 'IT, MJ 03', 1, to_date('20030101','YYYYMMDD'), to_date('20030301','YYYYMMDD'), '01440157174', '', '', false);
insert into DiagramParts values('GM21-01_0196-01440157408', 'GM21-01_0196', 05, 'Owner&apos;s handbook E65, E66, E67', 'IT, MJ 03', 1, to_date('20030301','YYYYMMDD'), to_date('20031001','YYYYMMDD'), '01440157408', '', '', false);
insert into DiagramParts values('GM21-01_0196-01440157664', 'GM21-01_0196', 05, 'Owner&apos;s handbook E65, E66, E67', 'IT, MJ 04', 1, to_date('20031001','YYYYMMDD'), to_date('20040301','YYYYMMDD'), '01440157664', '$80.12', '', false);
insert into DiagramParts values('GM21-01_0196-01440158152', 'GM21-01_0196', 05, 'Owner&apos;s handbook E65, E66, E67', 'IT, MJ 04', 1, to_date('20040301','YYYYMMDD'), to_date('20050301','YYYYMMDD'), '01440158152', '', '', false);
insert into DiagramParts values('GM21-01_0196-01440159183', 'GM21-01_0196', 05, 'Owner&apos;s handbook E65, E66, E67', 'IT, MJ 2005', 1, to_date('20050301','YYYYMMDD'), to_date('20050901','YYYYMMDD'), '01440159183', '', '', false);
insert into DiagramParts values('GM21-01_0196-01440159743', 'GM21-01_0196', 05, 'Owner&apos;s handbook E65, E66, E67', 'IT, MJ 2006', 1, to_date('20050901','YYYYMMDD'), to_date('20060301','YYYYMMDD'), '01440159743', '', '', false);
insert into DiagramParts values('GM21-01_0196-01440012272', 'GM21-01_0196', 05, 'Owner&apos;s handbook E65, E66, E67', 'IT, MJ 2006', 1, to_date('20060301','YYYYMMDD'), to_date('20060901','YYYYMMDD'), '01440012272', '', '', false);
insert into DiagramParts values('GM21-01_0196-01440012820', 'GM21-01_0196', 05, 'Owner&apos;s handbook E65, E66, E67', 'IT, MJ 2007', 1, to_date('20060901','YYYYMMDD'), to_date('20070301','YYYYMMDD'), '01440012820', '', '', false);
insert into DiagramParts values('GM21-01_0196-01440013200', 'GM21-01_0196', 05, 'Owner&apos;s handbook E65, E66, E67', 'IT, MJ 07/08', 1, to_date('20070301','YYYYMMDD'), to_date('20080901','YYYYMMDD'), '01440013200', '', '', false);
insert into DiagramParts values('GM21-01_0196-01450156541', 'GM21-01_0196', 06, 'Owner&apos;s handbook E65, E66', 'SV, MJ 02', 1, to_date('20011101','YYYYMMDD'), to_date('20020301','YYYYMMDD'), '01450156541', '', '', false);
insert into DiagramParts values('GM21-01_0196-01450156655', 'GM21-01_0196', 06, 'Owner&apos;s handbook E65, E66', 'SV, MJ 02', 1, to_date('20020301','YYYYMMDD'), to_date('20020901','YYYYMMDD'), '01450156655', '', '', false);
insert into DiagramParts values('GM21-01_0196-01450156861', 'GM21-01_0196', 06, 'Owner&apos;s handbook E65, E66', 'SV, MJ 03', 1, to_date('20020901','YYYYMMDD'), to_date('20030101','YYYYMMDD'), '01450156861', '', '', false);
insert into DiagramParts values('GM21-01_0196-01450157175', 'GM21-01_0196', 06, 'Owner&apos;s handbook E65, E66', 'SV, MJ 03', 1, to_date('20030101','YYYYMMDD'), to_date('20030301','YYYYMMDD'), '01450157175', '', '', false);
insert into DiagramParts values('GM21-01_0196-01450157409', 'GM21-01_0196', 06, 'Owner&apos;s handbook E65, E66, E67', 'SV, MJ 03', 1, to_date('20030301','YYYYMMDD'), to_date('20031001','YYYYMMDD'), '01450157409', '', '', false);
insert into DiagramParts values('GM21-01_0196-01450157665', 'GM21-01_0196', 06, 'Owner&apos;s handbook E65, E66, E67', 'SV, MJ 04', 1, to_date('20031001','YYYYMMDD'), to_date('20040301','YYYYMMDD'), '01450157665', '', '', false);
insert into DiagramParts values('GM21-01_0196-01450158153', 'GM21-01_0196', 06, 'Owner&apos;s handbook E65, E66, E67', 'SV, MJ 04', 1, to_date('20040301','YYYYMMDD'), to_date('20050301','YYYYMMDD'), '01450158153', '', '', false);
insert into DiagramParts values('GM21-01_0196-01450159184', 'GM21-01_0196', 06, 'Owner&apos;s handbook E65, E66, E67', 'SV, MJ 2005', 1, to_date('20050301','YYYYMMDD'), to_date('20050901','YYYYMMDD'), '01450159184', '', '', false);
insert into DiagramParts values('GM21-01_0196-01450159744', 'GM21-01_0196', 06, 'Owner&apos;s handbook E65, E66, E67', 'SV, MJ 2006', 1, to_date('20050901','YYYYMMDD'), to_date('20060301','YYYYMMDD'), '01450159744', '', '', false);
insert into DiagramParts values('GM21-01_0196-01450012273', 'GM21-01_0196', 06, 'Owner&apos;s handbook E65, E66, E67', 'SV, MJ 2006', 1, to_date('20060301','YYYYMMDD'), to_date('20060901','YYYYMMDD'), '01450012273', '', '', false);
insert into DiagramParts values('GM21-01_0196-01450012821', 'GM21-01_0196', 06, 'Owner&apos;s handbook E65, E66, E67', 'SV, MJ 2007', 1, to_date('20060901','YYYYMMDD'), to_date('20070301','YYYYMMDD'), '01450012821', '', '', false);
insert into DiagramParts values('GM21-01_0196-01450013201', 'GM21-01_0196', 06, 'Owner&apos;s handbook E65, E66, E67', 'SV, MJ 07/08', 1, to_date('20070301','YYYYMMDD'), to_date('20080901','YYYYMMDD'), '01450013201', '', '', false);
insert into DiagramParts values('GM21-01_0196-01460156542', 'GM21-01_0196', 07, 'Owner&apos;s handbook E65, E66', 'NL, MJ 02', 1, to_date('20011101','YYYYMMDD'), to_date('20020301','YYYYMMDD'), '01460156542', '', '', false);
insert into DiagramParts values('GM21-01_0196-01460156656', 'GM21-01_0196', 07, 'Owner&apos;s handbook E65, E66', 'NL, MJ 02', 1, to_date('20020301','YYYYMMDD'), to_date('20020901','YYYYMMDD'), '01460156656', '', '', false);
insert into DiagramParts values('GM21-01_0196-01460156862', 'GM21-01_0196', 07, 'Owner&apos;s handbook E65, E66', 'NL, MJ 03', 1, to_date('20020901','YYYYMMDD'), to_date('20030101','YYYYMMDD'), '01460156862', '', '', false);
insert into DiagramParts values('GM21-01_0196-01460157176', 'GM21-01_0196', 07, 'Owner&apos;s handbook E65, E66', 'NL, MJ 03', 1, to_date('20030101','YYYYMMDD'), to_date('20030301','YYYYMMDD'), '01460157176', '', '', false);
insert into DiagramParts values('GM21-01_0196-01460157410', 'GM21-01_0196', 07, 'Owner&apos;s handbook E65, E66, E67', 'NL, MJ 03', 1, to_date('20030301','YYYYMMDD'), to_date('20031001','YYYYMMDD'), '01460157410', '', '', false);
insert into DiagramParts values('GM21-01_0196-01460157666', 'GM21-01_0196', 07, 'Owner&apos;s handbook E65, E66, E67', 'NL, MJ 04', 1, to_date('20031001','YYYYMMDD'), to_date('20040301','YYYYMMDD'), '01460157666', '', '', false);
insert into DiagramParts values('GM21-01_0196-01460158154', 'GM21-01_0196', 07, 'Owner&apos;s handbook E65, E66, E67', 'NL, MJ 04', 1, to_date('20040301','YYYYMMDD'), to_date('20050301','YYYYMMDD'), '01460158154', '', '', false);
insert into DiagramParts values('GM21-01_0196-01460159185', 'GM21-01_0196', 07, 'Owner&apos;s handbook E65, E66, E67', 'NL, MJ 2005', 1, to_date('20050301','YYYYMMDD'), to_date('20050901','YYYYMMDD'), '01460159185', '', '', false);
insert into DiagramParts values('GM21-01_0196-01460159745', 'GM21-01_0196', 07, 'Owner&apos;s handbook E65, E66, E67', 'NL, MJ 2006', 1, to_date('20050901','YYYYMMDD'), to_date('20060301','YYYYMMDD'), '01460159745', '', '', false);
insert into DiagramParts values('GM21-01_0196-01460012274', 'GM21-01_0196', 07, 'Owner&apos;s handbook E65, E66, E67', 'NL, MJ 2006', 1, to_date('20060301','YYYYMMDD'), to_date('20060901','YYYYMMDD'), '01460012274', '', '', false);
insert into DiagramParts values('GM21-01_0196-01460012822', 'GM21-01_0196', 07, 'Owner&apos;s handbook E65, E66, E67', 'NL, MJ 2007', 1, to_date('20060901','YYYYMMDD'), to_date('20070301','YYYYMMDD'), '01460012822', '', '', false);
insert into DiagramParts values('GM21-01_0196-01460013202', 'GM21-01_0196', 07, 'Owner&apos;s handbook E65, E66, E67', 'NL, MJ 07/08', 1, to_date('20070301','YYYYMMDD'), to_date('20080901','YYYYMMDD'), '01460013202', '', '', false);
insert into DiagramParts values('GM21-01_0196-01470156543', 'GM21-01_0196', 08, 'Owner&apos;s handbook E65, E66', 'AR, MJ 02', 1, to_date('20011101','YYYYMMDD'), to_date('20020301','YYYYMMDD'), '01470156543', '', '', false);
insert into DiagramParts values('GM21-01_0196-01470156657', 'GM21-01_0196', 08, 'Owner&apos;s handbook E65, E66', 'AR, MJ 02', 1, to_date('20020301','YYYYMMDD'), to_date('20020901','YYYYMMDD'), '01470156657', '', '', false);
insert into DiagramParts values('GM21-01_0196-01470156863', 'GM21-01_0196', 08, 'Owner&apos;s handbook E65, E66', 'AR, MJ 03', 1, to_date('20020901','YYYYMMDD'), to_date('20030101','YYYYMMDD'), '01470156863', '', '', false);
insert into DiagramParts values('GM21-01_0196-01470157177', 'GM21-01_0196', 08, 'Owner&apos;s handbook E65, E66', 'AR, MJ 03', 1, to_date('20030101','YYYYMMDD'), to_date('20030301','YYYYMMDD'), '01470157177', '', '', false);
insert into DiagramParts values('GM21-01_0196-01470157411', 'GM21-01_0196', 08, 'Owner&apos;s handbook E65, E66, E67', 'AR, MJ 03', 1, to_date('20030301','YYYYMMDD'), to_date('20031001','YYYYMMDD'), '01470157411', '', '', false);
insert into DiagramParts values('GM21-01_0196-01470157667', 'GM21-01_0196', 08, 'Owner&apos;s handbook E65, E66, E67', 'AR, MJ 04', 1, to_date('20031001','YYYYMMDD'), to_date('20040301','YYYYMMDD'), '01470157667', '', '', false);
insert into DiagramParts values('GM21-01_0196-01470158155', 'GM21-01_0196', 08, 'Owner&apos;s handbook E65, E66, E67', 'AR, MJ 04', 1, to_date('20040301','YYYYMMDD'), to_date('20050301','YYYYMMDD'), '01470158155', '', '', false);
insert into DiagramParts values('GM21-01_0196-01470159186', 'GM21-01_0196', 08, 'Owner&apos;s handbook E65, E66, E67', 'AR, MJ 2005', 1, to_date('20050301','YYYYMMDD'), to_date('20050901','YYYYMMDD'), '01470159186', '', '', false);
insert into DiagramParts values('GM21-01_0196-01470159746', 'GM21-01_0196', 08, 'Owner&apos;s handbook E65, E66, E67', 'AR, MJ 2006', 1, to_date('20050901','YYYYMMDD'), to_date('20060301','YYYYMMDD'), '01470159746', '', '', false);
insert into DiagramParts values('GM21-01_0196-01470012275', 'GM21-01_0196', 08, 'Owner&apos;s handbook E65, E66, E67', 'AR, MJ 2006', 1, to_date('20060301','YYYYMMDD'), to_date('20060901','YYYYMMDD'), '01470012275', '', '', false);
insert into DiagramParts values('GM21-01_0196-01470012823', 'GM21-01_0196', 08, 'Owner&apos;s handbook E65, E66, E67', 'AR, MJ 2007', 1, to_date('20060901','YYYYMMDD'), to_date('20070301','YYYYMMDD'), '01470012823', '', '', false);
insert into DiagramParts values('GM21-01_0196-01470013203', 'GM21-01_0196', 08, 'Owner&apos;s handbook E65, E66, E67', 'AR, MJ 07/08', 1, to_date('20070301','YYYYMMDD'), to_date('20080901','YYYYMMDD'), '01470013203', '', '', false);
insert into DiagramParts values('GM21-01_0196-01480156544', 'GM21-01_0196', 09, 'Owner&apos;s handbook E65, E66', 'DA, MJ 02', 1, to_date('20011101','YYYYMMDD'), to_date('20020301','YYYYMMDD'), '01480156544', '', '', false);
insert into DiagramParts values('GM21-01_0196-01480156658', 'GM21-01_0196', 09, 'Owner&apos;s handbook E65, E66', 'DA, MJ 02', 1, to_date('20020301','YYYYMMDD'), to_date('20020901','YYYYMMDD'), '01480156658', '', '', false);
insert into DiagramParts values('GM21-01_0196-01480156864', 'GM21-01_0196', 09, 'Owner&apos;s handbook E65, E66', 'DA, MJ 03', 1, to_date('20020901','YYYYMMDD'), to_date('20030101','YYYYMMDD'), '01480156864', '', '', false);
insert into DiagramParts values('GM21-01_0196-01480157178', 'GM21-01_0196', 09, 'Owner&apos;s handbook E65, E66', 'DA, MJ 03', 1, to_date('20030101','YYYYMMDD'), to_date('20030301','YYYYMMDD'), '01480157178', '', '', false);
insert into DiagramParts values('GM21-01_0196-01480157412', 'GM21-01_0196', 09, 'Owner&apos;s handbook E65, E66, E67', 'DA, MJ 03', 1, to_date('20030301','YYYYMMDD'), to_date('20031001','YYYYMMDD'), '01480157412', '', '', false);
insert into DiagramParts values('GM21-01_0196-01480157668', 'GM21-01_0196', 09, 'Owner&apos;s handbook E65, E66, E67', 'DA, MJ 04', 1, to_date('20031001','YYYYMMDD'), to_date('20040301','YYYYMMDD'), '01480157668', '', '', false);
insert into DiagramParts values('GM21-01_0196-01480158156', 'GM21-01_0196', 09, 'Owner&apos;s handbook E65, E66, E67', 'DA, MJ 04', 1, to_date('20040301','YYYYMMDD'), to_date('20050301','YYYYMMDD'), '01480158156', '', '', false);
insert into DiagramParts values('GM21-01_0196-01480159187', 'GM21-01_0196', 09, 'Owner&apos;s handbook E65, E66, E67', 'DA, MJ 2005', 1, to_date('20050301','YYYYMMDD'), to_date('20050901','YYYYMMDD'), '01480159187', '', '', false);
insert into DiagramParts values('GM21-01_0196-01480159747', 'GM21-01_0196', 09, 'Owner&apos;s handbook E65, E66, E67', 'DA, MJ 2006', 1, to_date('20050901','YYYYMMDD'), to_date('20060301','YYYYMMDD'), '01480159747', '', '', false);
insert into DiagramParts values('GM21-01_0196-01480012276', 'GM21-01_0196', 09, 'Owner&apos;s handbook E65, E66, E67', 'DA, MJ 2006', 1, to_date('20060301','YYYYMMDD'), to_date('20060901','YYYYMMDD'), '01480012276', '', '', false);
insert into DiagramParts values('GM21-01_0196-01480012824', 'GM21-01_0196', 09, 'Owner&apos;s handbook E65, E66, E67', 'DA, MJ 2007', 1, to_date('20060901','YYYYMMDD'), to_date('20070301','YYYYMMDD'), '01480012824', '', '', false);
insert into DiagramParts values('GM21-01_0196-01480013204', 'GM21-01_0196', 09, 'Owner&apos;s handbook E65, E66, E67', 'DA, MJ 07/08', 1, to_date('20070301','YYYYMMDD'), to_date('20080901','YYYYMMDD'), '01480013204', '', '', false);
insert into DiagramParts values('GM21-01_0196-01490156545', 'GM21-01_0196', 10, 'Owner&apos;s handbook E65, E66', 'PT, MJ 02', 1, to_date('20011101','YYYYMMDD'), to_date('20020301','YYYYMMDD'), '01490156545', '', '', false);
insert into DiagramParts values('GM21-01_0196-01490156659', 'GM21-01_0196', 10, 'Owner&apos;s handbook E65, E66', 'PT, MJ 02', 1, to_date('20020301','YYYYMMDD'), to_date('20020901','YYYYMMDD'), '01490156659', '', '', false);
insert into DiagramParts values('GM21-01_0196-01490156865', 'GM21-01_0196', 10, 'Owner&apos;s handbook E65, E66', 'PT, MJ 03', 1, to_date('20020901','YYYYMMDD'), to_date('20030101','YYYYMMDD'), '01490156865', '', '', false);
insert into DiagramParts values('GM21-01_0196-01490157179', 'GM21-01_0196', 10, 'Owner&apos;s handbook E65, E66', 'PT, MJ 03', 1, to_date('20030101','YYYYMMDD'), to_date('20030301','YYYYMMDD'), '01490157179', '', '', false);
insert into DiagramParts values('GM21-01_0196-01490157413', 'GM21-01_0196', 10, 'Owner&apos;s handbook E65, E66, E67', 'PT, MJ 03', 1, to_date('20030301','YYYYMMDD'), to_date('20031001','YYYYMMDD'), '01490157413', '', '', false);
insert into DiagramParts values('GM21-01_0196-01490157669', 'GM21-01_0196', 10, 'Owner&apos;s handbook E65, E66, E67', 'PT, MJ 04', 1, to_date('20031001','YYYYMMDD'), to_date('20040301','YYYYMMDD'), '01490157669', '', '', false);
insert into DiagramParts values('GM21-01_0196-01490158157', 'GM21-01_0196', 10, 'Owner&apos;s handbook E65, E66, E67', 'PT, MJ 04', 1, to_date('20040301','YYYYMMDD'), to_date('20050301','YYYYMMDD'), '01490158157', '', '', false);
insert into DiagramParts values('GM21-01_0196-01490159188', 'GM21-01_0196', 10, 'Owner&apos;s handbook E65, E66, E67', 'PT, MJ 2005', 1, to_date('20050301','YYYYMMDD'), to_date('20050901','YYYYMMDD'), '01490159188', '', '', false);
insert into DiagramParts values('GM21-01_0196-01490159748', 'GM21-01_0196', 10, 'Owner&apos;s handbook E65, E66, E67', 'PT, MJ 2006', 1, to_date('20050901','YYYYMMDD'), to_date('20060301','YYYYMMDD'), '01490159748', '', '', false);
insert into DiagramParts values('GM21-01_0196-01490012277', 'GM21-01_0196', 10, 'Owner&apos;s handbook E65, E66, E67', 'PT, MJ 2006', 1, to_date('20060301','YYYYMMDD'), to_date('20060901','YYYYMMDD'), '01490012277', '', '', false);
insert into DiagramParts values('GM21-01_0196-01490012825', 'GM21-01_0196', 10, 'Owner&apos;s handbook E65, E66, E67', 'PT, MJ 2007', 1, to_date('20060901','YYYYMMDD'), to_date('20070301','YYYYMMDD'), '01490012825', '', '', false);
insert into DiagramParts values('GM21-01_0196-01490013205', 'GM21-01_0196', 10, 'Owner&apos;s handbook E65, E66, E67', 'PT, MJ 07/08', 1, to_date('20070301','YYYYMMDD'), to_date('20080901','YYYYMMDD'), '01490013205', '', '', false);
insert into DiagramParts values('GM21-01_0196-01490159190', 'GM21-01_0196', 13, 'Owner&apos;s handbook E65, E66, E67', 'EL, MJ 2005', 1, to_date('20050301','YYYYMMDD'), to_date('20050901','YYYYMMDD'), '01490159190', '', '', false);
insert into DiagramParts values('GM21-01_0196-01490159750', 'GM21-01_0196', 13, 'Owner&apos;s handbook E65, E66, E67', 'EL, MJ 2006', 1, to_date('20050901','YYYYMMDD'), to_date('20060301','YYYYMMDD'), '01490159750', '', '', false);
insert into DiagramParts values('GM21-01_0196-01490012279', 'GM21-01_0196', 13, 'Owner&apos;s handbook E65, E66, E67', 'EL, MJ 2006', 1, to_date('20060301','YYYYMMDD'), to_date('20060901','YYYYMMDD'), '01490012279', '', '', false);
insert into DiagramParts values('GM21-01_0196-01490012827', 'GM21-01_0196', 13, 'Owner&apos;s handbook E65, E66, E67', 'EL, MJ 2007', 1, to_date('20060901','YYYYMMDD'), to_date('20070301','YYYYMMDD'), '01490012827', '', '', false);
insert into DiagramParts values('GM21-01_0196-01490013207', 'GM21-01_0196', 13, 'Owner&apos;s handbook E65, E66, E67', 'EL, MJ 07/08', 1, to_date('20070301','YYYYMMDD'), to_date('20080901','YYYYMMDD'), '01490013207', '', '', false);
insert into DiagramParts values('GM21-01_0196-01490157886', 'GM21-01_0196', 14, 'Owner&apos;s handbook E65, E66, E67', 'ZH, MJ 03', 1, to_date('20030501','YYYYMMDD'), to_date('20031001','YYYYMMDD'), '01490157886', '', '', false);
insert into DiagramParts values('GM21-01_0196-01490157801', 'GM21-01_0196', 14, 'Owner&apos;s handbook E65, E66, E67', 'ZH, MJ 2004', 1, to_date('20031001','YYYYMMDD'), to_date('20040301','YYYYMMDD'), '01490157801', '', '', false);
insert into DiagramParts values('GM21-01_0196-01490158158', 'GM21-01_0196', 14, 'Owner&apos;s handbook E65, E66, E67', 'ZH, MJ 04', 1, to_date('20040301','YYYYMMDD'), to_date('20050301','YYYYMMDD'), '01490158158', '$80.12', '', false);
insert into DiagramParts values('GM21-01_0196-01490159189', 'GM21-01_0196', 14, 'Owner&apos;s handbook E65, E66, E67', 'ZH, MJ 2005', 1, to_date('20050301','YYYYMMDD'), to_date('20050901','YYYYMMDD'), '01490159189', '', '', false);
insert into DiagramParts values('GM21-01_0196-01490159749', 'GM21-01_0196', 14, 'Owner&apos;s handbook E65, E66, E67', 'ZH, MJ 2006', 1, to_date('20050901','YYYYMMDD'), to_date('20060301','YYYYMMDD'), '01490159749', '', '', false);
insert into DiagramParts values('GM21-01_0196-01490012278', 'GM21-01_0196', 14, 'Owner&apos;s handbook E65, E66, E67', 'ZH, MJ 2006', 1, to_date('20060301','YYYYMMDD'), to_date('20060901','YYYYMMDD'), '01490012278', '', '', false);
insert into DiagramParts values('GM21-01_0196-01490012826', 'GM21-01_0196', 14, 'Owner&apos;s handbook E65, E66, E67', 'ZH, MJ 2007', 1, to_date('20060901','YYYYMMDD'), to_date('20070301','YYYYMMDD'), '01490012826', '$80.12', '', false);
insert into DiagramParts values('GM21-01_0196-01490012961', 'GM21-01_0196', 14, 'Supplementary operating instructions', 'ZH, MJ 2007', 1, to_date('20060901','YYYYMMDD'), to_date('20070301','YYYYMMDD'), '01490012961', '', '', false);
insert into DiagramParts values('GM21-01_0196-01490013206', 'GM21-01_0196', 14, 'Owner&apos;s handbook E65, E66, E67', 'ZH, MJ 07/08', 1, to_date('20070301','YYYYMMDD'), to_date('20080901','YYYYMMDD'), '01490013206', '', '', false);
insert into DiagramParts values('GM21-01_0196-01490013535', 'GM21-01_0196', 15, 'Owner&apos;s handbook E65, E66, E67', 'KO, MJ 2007', 1, to_date('20070301','YYYYMMDD'), to_date('20070901','YYYYMMDD'), '01490013535', '', '', false);
insert into Diagram values('GM21-01_0196','GM21-20020900','01-05','E65 730d   Owner&apos;s handbook E65, E66, E67','');
insert into Diagram values('GM21-01_0206','GM21-20020900','01-05','E65 730d   BMW care tips','');
insert into Diagram values('GM21-01_0207','GM21-20020900','01-05','E65 730d   BMW technical information','');
insert into Diagram values('GM21-01_0756','GM21-20020900','01-05','E65 730d   Mirror placard','');
insert into Diagram values('GM21-01_0780','GM21-20020900','01-05','E65 730d   Brochure Service Contact, BMW','');
insert into Diagram values('GM21-01_0675','GM21-20020900','01-14','E65 730d   Car telephone in rear compartment, SA6NA','');
insert into Diagram values('GM21-01_1128','GM21-20020900','01-19','E65 730d   EC Certificate of Conformity','');
insert into Diagram values('GM21-01_0169','GM21-20020900','01-21','E65 730d   Logbook slipcase BMW','');
insert into Diagram values('GM21-01_1140','GM21-20020900','01-21','E65 730d   Logbook slipcase BMW','');
insert into DiagramParts values('GM21-01_0029-01410156723', 'GM21-01_0029', 01, 'Supplem. to owner&apos;s manual, Australia', 'E65, E66, MJ 02', 1, to_date('20020301','YYYYMMDD'), to_date('20030101','YYYYMMDD'), '01410156723', '', '', false);
insert into DiagramParts values('GM21-01_0029-01410156981', 'GM21-01_0029', 01, 'Supplem. to owner&apos;s manual, Australia', 'E65, E66, MJ 03', 1, to_date('20030101','YYYYMMDD'), to_date('20031001','YYYYMMDD'), '01410156981', '', '', false);
insert into DiagramParts values('GM21-01_0029-01410157788', 'GM21-01_0029', 01, 'Supplem. to owner&apos;s manual, Australia', 'E65, E66', 1, to_date('20031001','YYYYMMDD'), to_date('20080901','YYYYMMDD'), '01410157788', '', '', false);
insert into Diagram values('GM21-01_0029','GM21-20020900','01-24','E65 730d   Supplem. to owner&apos;s manual, Australia','');
insert into DiagramParts values('GM21-01_0589-01400158199', 'GM21-01_0589', 01, 'Service booklet, German', 'E65, E66, E67', 1, to_date('20010701','YYYYMMDD'), to_date('20040901','YYYYMMDD'), '01400158199', '', '', false);
insert into DiagramParts values('GM21-01_0589-01400012697', 'GM21-01_0589', 01, 'Service booklet, German', 'E65, E66, E67', 1, to_date('20060901','YYYYMMDD'), to_date('20080901','YYYYMMDD'), '01400012697', '', '', false);
insert into DiagramParts values('GM21-01_0589-01410158200', 'GM21-01_0589', 02, 'Service booklet, English', 'E65, E66, E67', 1, to_date('20010701','YYYYMMDD'), to_date('20040901','YYYYMMDD'), '01410158200', '', '', false);
insert into DiagramParts values('GM21-01_0589-01410012698', 'GM21-01_0589', 02, 'Service booklet, English', 'E65, E66, E67', 1, to_date('20060901','YYYYMMDD'), to_date('20080901','YYYYMMDD'), '01410012698', '', '', false);
insert into DiagramParts values('GM21-01_0589-01420158201', 'GM21-01_0589', 03, 'Service booklet, French', 'E65, E66, E67', 1, to_date('20010701','YYYYMMDD'), to_date('20040901','YYYYMMDD'), '01420158201', '', '', false);
insert into DiagramParts values('GM21-01_0589-01420012699', 'GM21-01_0589', 03, 'Service booklet, French', 'E65, E66, E67', 1, to_date('20060901','YYYYMMDD'), to_date('20080901','YYYYMMDD'), '01420012699', '', '', false);
insert into DiagramParts values('GM21-01_0589-01430158202', 'GM21-01_0589', 04, 'Service booklet, Spanish', 'E65, E66, E67', 1, to_date('20010701','YYYYMMDD'), to_date('20040901','YYYYMMDD'), '01430158202', '', '', false);
insert into DiagramParts values('GM21-01_0589-01430012700', 'GM21-01_0589', 04, 'Service booklet, Spanish', 'E65, E66, E67', 1, to_date('20060901','YYYYMMDD'), to_date('20080901','YYYYMMDD'), '01430012700', '', '', false);
insert into DiagramParts values('GM21-01_0589-01440158203', 'GM21-01_0589', 05, 'Service booklet, Italian', 'E65, E66, E67', 1, to_date('20010701','YYYYMMDD'), to_date('20040901','YYYYMMDD'), '01440158203', '', '', false);
insert into DiagramParts values('GM21-01_0589-01440012701', 'GM21-01_0589', 05, 'Service booklet, Italian', 'E65, E66, E67', 1, to_date('20060901','YYYYMMDD'), to_date('20080901','YYYYMMDD'), '01440012701', '', '', false);
insert into DiagramParts values('GM21-01_0589-01450158204', 'GM21-01_0589', 06, 'Service booklet, Swedish', 'E65, E66, E67', 1, to_date('20010701','YYYYMMDD'), to_date('20040901','YYYYMMDD'), '01450158204', '', '', false);
insert into DiagramParts values('GM21-01_0589-01450012702', 'GM21-01_0589', 06, 'Service booklet, Swedish', 'E65, E66, E67', 1, to_date('20060901','YYYYMMDD'), to_date('20080901','YYYYMMDD'), '01450012702', '', '', false);
insert into DiagramParts values('GM21-01_0589-01460158205', 'GM21-01_0589', 07, 'Service booklet, Dutch', 'E65, E66, E67', 1, to_date('20010701','YYYYMMDD'), to_date('20040901','YYYYMMDD'), '01460158205', '', '', false);
insert into DiagramParts values('GM21-01_0589-01460012703', 'GM21-01_0589', 07, 'Service booklet, Dutch', 'E65, E66, E67', 1, to_date('20060901','YYYYMMDD'), to_date('20080901','YYYYMMDD'), '01460012703', '', '', false);
insert into DiagramParts values('GM21-01_0589-01470158206', 'GM21-01_0589', 08, 'Service booklet, Arabic', 'E65, E66, E67', 1, to_date('20010701','YYYYMMDD'), to_date('20040901','YYYYMMDD'), '01470158206', '', '', false);
insert into DiagramParts values('GM21-01_0589-01470012704', 'GM21-01_0589', 08, 'Service booklet, Arabic', 'E65, E66, E67', 1, to_date('20060901','YYYYMMDD'), to_date('20080901','YYYYMMDD'), '01470012704', '', '', false);
insert into DiagramParts values('GM21-01_0589-01480158207', 'GM21-01_0589', 09, 'Service booklet, Danish', 'E65, E66, E67', 1, to_date('20010701','YYYYMMDD'), to_date('20040901','YYYYMMDD'), '01480158207', '', '', false);
insert into DiagramParts values('GM21-01_0589-01480012705', 'GM21-01_0589', 09, 'Service booklet, Danish', 'E65, E66, E67', 1, to_date('20060901','YYYYMMDD'), to_date('20080901','YYYYMMDD'), '01480012705', '', '', false);
insert into DiagramParts values('GM21-01_0589-01490158208', 'GM21-01_0589', 10, 'Service booklet, Portuguese', 'E65, E66, E67', 1, to_date('20010701','YYYYMMDD'), to_date('20040901','YYYYMMDD'), '01490158208', '', '', false);
insert into DiagramParts values('GM21-01_0589-01490012706', 'GM21-01_0589', 10, 'Service booklet, Portuguese', 'E65, E66, E67', 1, to_date('20060901','YYYYMMDD'), to_date('20080901','YYYYMMDD'), '01490012706', '', '', false);
insert into DiagramParts values('GM21-01_0589-01490012708', 'GM21-01_0589', 11, 'Service booklet, greek', 'E65, E66, E67', 1, to_date('20060901','YYYYMMDD'), to_date('20080901','YYYYMMDD'), '01490012708', '', '', false);
insert into DiagramParts values('GM21-01_0589-01490158209', 'GM21-01_0589', 12, 'Service booklet, Chinese', 'E65, E66, E67', 1, to_date('20010701','YYYYMMDD'), to_date('20040901','YYYYMMDD'), '01490158209', '', '', false);
insert into DiagramParts values('GM21-01_0589-01490012707', 'GM21-01_0589', 12, 'Service booklet, Chinese', 'E65, E66, E67', 1, to_date('20060901','YYYYMMDD'), to_date('20080901','YYYYMMDD'), '01490012707', '', '', false);
insert into DiagramParts values('GM21-01_0589-01490013652', 'GM21-01_0589', 13, 'Service manual in Korean', 'E65,E66,E67', 1, to_date('20070301','YYYYMMDD'), to_date('20080901','YYYYMMDD'), '01490013652', '', '', false);
insert into Diagram values('GM21-01_0589','GM21-20020900','01-26','E65 730d   BMW Service booklet 2004 - 2008','');
insert into DiagramParts values('GM21-01_0743-01492600509', 'GM21-01_0743', 15, 'service manual, Russian', 'E65, E66, E67', 1, to_date('20080301','YYYYMMDD'), to_date('20080901','YYYYMMDD'), '01492600509', '', '', false);
insert into Diagram values('GM21-01_0743','GM21-20020900','01-26','E65 730d   BMW Service Manual 2008 - 2011','');
insert into Diagram values('GM21-01_0670','GM21-20020900','01-35','E65 730d   battery charge calendar','');
insert into Diagram values('GM21-01_0681','GM21-20020900','01-40','E65 730d   BMW Service plug unit','');
insert into Diagram values('GM21-01_0680','GM21-20020900','01-46','E65 730d   Service information, BMW','');
insert into Diagram values('GM21-01_0233','GM21-20020900','01-52','E65 730d   Mounting information, Owner&apos;s Manual BMW','');
insert into Diagram values('GM21-01_0299','GM21-20020900','01-52','E65 730d   BMW assembly instructions','');
insert into Diagram values('GM21-01_0313','GM21-20020900','01-56','E65 730d   Templates BMW','');
insert into Diagram values('GM21-01_0635','GM21-20020900','01-60','E65 730d   BMW form','');
insert into Diagram values('GM21-01_0636','GM21-20020900','01-62','E65 730d   Trailer, BMW','');
insert into Diagram values('GM21-01_0637','GM21-20020900','01-64','E65 730d   Sticker, BMW','');
insert into Diagram values('GM21-01_0639','GM21-20020900','01-65','E65 730d   Labels BMW','');
insert into Diagram values('GM21-01_0612','GM21-20020900','01-70','E65 730d   CD/DVD SIP German BMW','');
insert into DiagramParts values('GM21-01_0671-01399789699', 'GM21-01_0671', 01, 'CD literature', 'LITERATUR', 1, to_date('19820901','YYYYMMDD'), to_date('19901201','YYYYMMDD'), '01399789699', '$8.11', '', false);
insert into Diagram values('GM21-01_0671','GM21-20020900','01-70','E65 730d   BMW CD/DVD miscellaneous','');
insert into Diagram values('GM21-01_1172','GM21-20020900','01-70','E65 730d   DVD Web Based Training','');
insert into Diagram values('GM21-01_1039','GM21-20020900','01-94','E65 730d   Sample chart, upholstery colors, leather','');
insert into Diagram values('GM21-01_1040','GM21-20020900','01-94','E65 730d   Sample chart, upholstery colors, leather','');
insert into Diagram values('GM21-01_1041','GM21-20020900','01-94','E65 730d   Sample page, upholstery colors, fabric','');
insert into Diagram values('GM21-01_1042','GM21-20020900','01-94','E65 730d   Sample chart with interior moldings','');
insert into Diagram values('GM21-01_1043','GM21-20020900','01-94','E65 730d   Sample chart with interior moldings','');
insert into Diagram values('GM21-01_1044','GM21-20020900','01-94','E65 730d   Sample chart with interior colors','');
insert into Diagram values('GM21-11_2309','GM21-20020900','11-05','E65 730d   Short Engine','');
insert into Diagram values('GM21-11_2310','GM21-20020900','11-10','E65 730d   Engine block','');
insert into Diagram values('GM21-11_2312','GM21-20020900','11-10','E65 730d   LOWER TIMING CASE','');
insert into Diagram values('GM21-11_3420','GM21-20020900','11-10','E65 730d   Engine Block Mounting Parts','');
insert into Diagram values('GM21-11_3459','GM21-20020900','11-10','E65 730d   OIL PAN/OIL LEVEL INDICATOR','');
insert into Diagram values('GM21-11_2314','GM21-20020900','11-15','E65 730d   Cylinder Head','');
insert into Diagram values('GM21-11_2315','GM21-20020900','11-15','E65 730d   Cylinder Head Attached Parts','');
insert into Diagram values('GM21-11_3935','GM21-20020900','11-15','E65 730d   Cylinder head cover','');
insert into Diagram values('GM21-11_2317','GM21-20020900','11-18','E65 730d   Belt Drive-Vibration Damper','');
insert into Diagram values('GM21-11_3461','GM21-20020900','11-18','E65 730d   Belt Drive Water Pump/Alternator','');
insert into Diagram values('GM21-11_3577','GM21-20020900','11-18','E65 730d   Belt Drive Climate Compressor','');
insert into Diagram values('GM21-11_2320','GM21-20020900','11-20','E65 730d   Crankshaft Connecting Rod','');
insert into Diagram values('GM21-11_2321','GM21-20020900','11-20','E65 730d   Crankshaft-Pistons','');
insert into Diagram values('GM21-11_2717','GM21-20020900','11-20','E65 730d   Flywheel automatic','');
insert into Diagram values('GM21-11_3460','GM21-20020900','11-20','E65 730d   Crankshaft With Bearing Shells','');
insert into Diagram values('GM21-11_2326','GM21-20020900','11-25','E65 730d   TIMING AND VALVE TRAIN-CAMSHAFT','');
insert into Diagram values('GM21-11_3462','GM21-20020900','11-25','E65 730d   Timing - Timing Chain Lower P','');
insert into Diagram values('GM21-11_3463','GM21-20020900','11-25','E65 730d   timing gear timing chain top','');
insert into Diagram values('GM21-11_2328','GM21-20020900','11-30','E65 730d   Lubricat.syst.-oil filter,heat exchanger','');
insert into Diagram values('GM21-11_2833','GM21-20020900','11-30','E65 730d   Lubrication system/Oil pump with drive','');
insert into Diagram values('GM21-11_3465','GM21-20020900','11-35','E65 730d   Waterpump - Thermostat','');
insert into Diagram values('GM21-11_3466','GM21-20020900','11-35','E65 730d   Cooling System Water Hoses','');
insert into Diagram values('GM21-11_3467','GM21-20020900','11-40','E65 730d   Intake manifold-AGR - Vacuum-controlled','');
insert into Diagram values('GM21-11_3468','GM21-20020900','11-40','E65 730d   INTAKE MANIFOLD-SUPERCHARG.AIR DUCT/AGR','');
insert into Diagram values('GM21-11_2336','GM21-20020900','11-45','E65 730d   Vacuum control-AGR','');
insert into Diagram values('GM21-11_3471','GM21-20020900','11-45','E65 730d   VACUM CONTROL-ENGINE-TURBO CHARGER','');
insert into Diagram values('GM21-11_3472','GM21-20020900','11-45','E65 730d   VACUUM PUMP WITH TUBES','');
insert into Diagram values('GM21-11_3469','GM21-20020900','11-50','E65 730d   EXHAUST MANIFOLD-AGR','');
insert into Diagram values('GM21-11_3602','GM21-20020900','11-50','E65 730d   pollutant reduction cooling','');
insert into Diagram values('GM21-11_3603','GM21-20020900','11-50','E65 730d   TURBO CHARGER WITH LUBRICATION','');
insert into Diagram values('GM21-11_3474','GM21-20020900','11-55','E65 730d   Engine acoustics','');
insert into Diagram values('GM21-12_1079','GM21-20020900','12-05','E65 730d   Sensors','');
insert into Diagram values('GM21-12_1197','GM21-20020900','12-15','E65 730d   Glow plug unit','');
insert into Diagram values('GM21-12_1198','GM21-20020900','12-20','E65 730d   Generator','');
insert into DiagramParts values('GM21-12_1199-12317836490', 'GM21-12_1199', 02, 'Voltage regulator', 'VALEO', 1, to_date('20060601','YYYYMMDD'), to_date('20070101','YYYYMMDD'), '12317836490', '', 'ENDED', false);
insert into DiagramParts values('GM21-12_1199-12318510092', 'GM21-12_1199', 02, 'Voltage regulator', 'VALEO', 1, to_date('20060601','YYYYMMDD'), to_date('20070101','YYYYMMDD'), '12318510092', '', '', false);
insert into Diagram values('GM21-12_1199','GM21-20020900','12-22','E65 730d   Alternator, individual parts','');
insert into Diagram values('GM21-12_1200','GM21-20020900','12-25','E65 730d   Starter','');
insert into Diagram values('GM21-12_1070','GM21-20020900','12-28','E65 730d   Engine wiring harness, engine module','');
insert into Diagram values('GM21-12_1201','GM21-20020900','12-28','E65 730d   Wiring harness, engine, injector module','');
insert into Diagram values('GM21-12_1169','GM21-20020900','12-29','E65 730d   DIVERSE SMALL PARTS','');
insert into Diagram values('GM21-12_1214','GM21-20020900','12-29','E65 730d   BATTERY CABLE/CABLE STARTER','');
insert into Diagram values('GM21-12_1238','GM21-20020900','12-31','E65 730d   CABLE HOLDER/COVERING','');
insert into Diagram values('GM21-12_1157','GM21-20020900','12-35','E65 730d   Control unit box','');
insert into Diagram values('GM21-12_1168','GM21-20020900','12-35','E65 730d   Control unit box','');
insert into Diagram values('GM21-12_1205','GM21-20020900','12-35','E65 730d   RELAY MOTOR','');
insert into Diagram values('GM21-13_0982','GM21-20020900','13-10','E65 730d   Fuel filter','');
insert into Diagram values('GM21-13_0983','GM21-20020900','13-10','E65 730d   High-pressure pump','');
insert into Diagram values('GM21-13_0984','GM21-20020900','13-10','E65 730d   Fuel lines','');
insert into Diagram values('GM21-13_0966','GM21-20020900','13-15','E65 730d   Basic DDE control unit','');
insert into Diagram values('GM21-13_0985','GM21-20020900','13-15','E65 730d   High pressure accumulator/injector/line','');
insert into Diagram values('GM21-13_0652','GM21-20020900','13-20','E65 730d   Hot-film air mass meter','');
insert into Diagram values('GM21-13_0986','GM21-20020900','13-20','E65 730d   SUCTION SILENCER/FILTER CARTRIDGE','');
insert into Diagram values('GM21-16_0517','GM21-20020900','16-05','E65 730d   FUEL TANK/ATTACHING PARTS','');
insert into Diagram values('GM21-16_0514','GM21-20020900','16-10','E65 730d   EXP.TANK/ACTIVATED CARBON CONTAINER','');
insert into Diagram values('GM21-16_0690','GM21-20020900','16-10','E65 730d   EXP.TANK/ACTIVATED CARBON CONTAINER','');
insert into Diagram values('GM21-16_0516','GM21-20020900','16-15','E65 730d   Fuel pump and fuel level sensor','');
insert into Diagram values('GM21-16_0536','GM21-20020900','16-15','E65 730d   Fuel lines','');
insert into Diagram values('GM21-17_0240','GM21-20020900','17-05','E65 730d   MOUNTING PARTS F RADIATOR','');
insert into Diagram values('GM21-17_0241','GM21-20020900','17-05','E65 730d   Cooling water expansion tank','');
insert into Diagram values('GM21-17_0242','GM21-20020900','17-05','E65 730d   Fan shroud/fan','');
insert into Diagram values('GM21-17_0243','GM21-20020900','17-05','E65 730d   Charge air cooler/power steering cooler','');
insert into Diagram values('GM21-17_0244','GM21-20020900','17-05','E65 730d   Heat exch./transmission oil cooler line','');
insert into Diagram values('GM21-17_0245','GM21-20020900','17-30','E65 730d   Cooling System Water Hoses','');
insert into Diagram values('GM21-18_0505','GM21-20020900','18-10','E65 730d   Catalytic converter/Front silencer','');
insert into Diagram values('GM21-18_0506','GM21-20020900','18-20','E65 730d   Exhaust system, rear','');
insert into Diagram values('GM21-22_0085','GM21-20020900','22-05','E65 730d   Engine Suspension','');
insert into Diagram values('GM21-22_0074','GM21-20020900','22-10','E65 730d   TRANSMISSION SUSPENSION','');
insert into DiagramParts values('GM21-24_1016-24007528958', 'GM21-24_1016', 01, 'Rmfd automatic transmission EH', 'GA6HP26Z', 1, to_date('20030301','YYYYMMDD'), to_date('20031001','YYYYMMDD'), '24007528958', '', '+core', false);
insert into Diagram values('GM21-24_1016','GM21-20020900','24-05','E65 730d   Automatic gearbox GA6HP26Z','');
insert into Diagram values('GM21-24_0827','GM21-20020900','24-10','E65 730d   GEARBOX MOUNTING','');
insert into Diagram values('GM21-24_1004','GM21-20020900','24-13','E65 730d   Emergency release','');
insert into Diagram values('GM21-24_1017','GM21-20020900','24-13','E65 730d   Emergency release','');
insert into Diagram values('GM21-24_1009','GM21-20020900','24-15','E65 730d   GA6HP26Z housing with mounting parts','');
insert into Diagram values('GM21-24_1010','GM21-20020900','24-15','E65 730d   GA6HP26Z oil pan','');
insert into Diagram values('GM21-24_1011','GM21-20020900','24-15','E65 730d   GA6HP26Z gearshift parts','');
insert into DiagramParts values('GM21-24_1012-24207571212', 'GM21-24_1012', 05, 'Shaft seal', '28X35,5X5,2', 1, to_date('20020901','YYYYMMDD'), to_date('20110901','YYYYMMDD'), '24207571212', '', 'ENDED', false);
insert into Diagram values('GM21-24_1012','GM21-20020900','24-15','E65 730d   GA6HP26Z output','');
insert into Diagram values('GM21-24_1013','GM21-20020900','24-15','E65 730d   GA6HP26Z Mechatronics','');
insert into Diagram values('GM21-24_1014','GM21-20020900','24-15','E65 730d   GA6HP26Z Mechatronik mounting parts','');
insert into Diagram values('GM21-24_1372','GM21-20020900','24-15','E65 730d   Fluid-change kit, autom. transmission','');
insert into Diagram values('GM21-26_0184','GM21-20020900','26-05','E65 730d   Drive shaft (constant-velocity joint)','');
insert into Diagram values('GM21-26_0189','GM21-20020900','26-10','E65 730d   DRIVE SHAFT-CEN.BEARING-CONST.VEL.JOINT','');
insert into Diagram values('GM21-31_0624','GM21-20020900','31-05','E65 730d   Frnt axle support,wishbone/tension strut','');
insert into Diagram values('GM21-31_0625','GM21-20020900','31-05','E65 730d   HEADLIGHT VERTICAL AIM CONTROL SENSOR','');
insert into Diagram values('GM21-31_0395','GM21-20020900','31-10','E65 730d   FRONT COIL SPRING','');
insert into Diagram values('GM21-31_0627','GM21-20020900','31-10','E65 730d   Front Spring strut/Carrier/Wheel bearing','');
insert into Diagram values('GM21-31_0628','GM21-20020900','31-10','E65 730d   GUIDE SUPPORT/SPRING PAD/ATTACHING PARTS','');
insert into Diagram values('GM21-31_0631','GM21-20020900','31-10','E65 730d   Stabilizer, front','');
insert into Diagram values('GM21-31_0633','GM21-20020900','31-10','E65 730d   Valve block + add-on parts/Dynamic Drive','');
insert into Diagram values('GM21-31_0664','GM21-20020900','31-10','E65 730d   Front stabilizer bar/Dynamic Drive','');
insert into Diagram values('GM21-32_1322','GM21-20020900','32-10','E65 730d   Hydro steering box','');
insert into Diagram values('GM21-32_1374','GM21-20020900','32-15','E65 730d   Power steering pump','');
insert into Diagram values('GM21-32_1375','GM21-20020900','32-15','E65 730d   Power steering pump/Dynamic Drive','');
insert into Diagram values('GM21-32_1333','GM21-20020900','32-20','E65 730d   Oil reservoir/components/Dynamic Drive','');
insert into Diagram values('GM21-32_1378','GM21-20020900','32-20','E65 730d   Power steering/oil pipe/dynamic drive','');
insert into Diagram values('GM21-32_1379','GM21-20020900','32-20','E65 730d   HYDRO STEERING-OIL PIPES','');
insert into Diagram values('GM21-32_1407','GM21-20020900','32-20','E65 730d   HYDRO STEERING-OIL PIPES','');
insert into Diagram values('GM21-32_1408','GM21-20020900','32-20','E65 730d   Power steering/oil pipe/dynamic drive','');
insert into Diagram values('GM21-32_1410','GM21-20020900','32-20','E65 730d   Repair kit, oil pipe quick coupling','');
insert into Diagram values('GM21-32_1323','GM21-20020900','32-25','E65 730d   STEERING LINKAGE/TIE RODS','');
insert into Diagram values('GM21-32_1328','GM21-20020900','32-30','E65 730d   Electron.steer. column adj./add-on parts','');
insert into Diagram values('GM21-32_1329','GM21-20020900','32-35','E65 730d   Steering wheel Airbag-Smart multifunct.','');
insert into Diagram values('GM21-32_1417','GM21-20020900','32-35','E65 730d   Sport st.whl.airbag-smart /Multifunction','');
insert into DiagramParts values('GM21-32_1372-32340150704', 'GM21-32_1372', 01, 'Steering wheel rim leather/wood ash', 'DUNKELBEIGE', 1, to_date('20020601','YYYYMMDD'), to_date('20050301','YYYYMMDD'), '32340150704', '', 'ENDED', false);
insert into DiagramParts values('GM21-32_1372-32340150702', 'GM21-32_1372', 01, 'Steering wheel rim leather/wood ash', 'SCHWARZ', 1, to_date('20020601','YYYYMMDD'), to_date('20050301','YYYYMMDD'), '32340150702', '', '+core, ENDED', false);
insert into DiagramParts values('GM21-32_1372-32340150703', 'GM21-32_1372', 01, 'Steering wheel rim leather/wood ash', 'BASALTGRAU', 1, to_date('20020601','YYYYMMDD'), to_date('20050301','YYYYMMDD'), '32340150703', '', '+core, ENDED', false);
insert into DiagramParts values('GM21-32_1372-32340150705', 'GM21-32_1372', 01, 'Leather/black cherry steering wheel rim', 'SCHWARZ', 1, to_date('20020601','YYYYMMDD'), to_date('20050301','YYYYMMDD'), '32340150705', '', '+core, ENDED', false);
insert into Diagram values('GM21-32_1372','GM21-20020900','32-95','E65 730d   St.wheel rim, leather/wood','');
insert into Diagram values('GM21-32_1451','GM21-20020900','32-95','E65 730d   Modificat.4-spoke MFL strng whl=> Sport','');
insert into Diagram values('GM21-32_1628','GM21-20020900','32-95','E65 730d   St.wheel rim, leather/wood','');
insert into Diagram values('GM21-33_1101','GM21-20020900','33-05','E65 730d   DIFFERENTIAL-DRIVE/OUTPUT','');
insert into Diagram values('GM21-33_1102','GM21-20020900','33-10','E65 730d   Final drive, gasket set','');
insert into Diagram values('GM21-33_1103','GM21-20020900','33-25','E65 730d   Output shaft','');
insert into Diagram values('GM21-33_1110','GM21-20020900','33-30','E65 730d   REAR AXLE CARRIER','');
insert into Diagram values('GM21-33_1111','GM21-20020900','33-30','E65 730d   REAR AXLE SUPPORT/WHEEL SUSPENSION','');
insert into Diagram values('GM21-33_1112','GM21-20020900','33-30','E65 730d   HEADLIGHT VERTICAL AIM CONTROL SENSOR','');
insert into Diagram values('GM21-33_1114','GM21-20020900','33-40','E65 730d   SIDE SHAFT/WHEEL BEARINGS','');
insert into Diagram values('GM21-33_0857','GM21-20020900','33-45','E65 730d   REAR COIL SPRING','');
insert into Diagram values('GM21-33_1115','GM21-20020900','33-45','E65 730d   REAR SPRING STRUT MOUNTING PARTS','');
insert into Diagram values('GM21-33_1116','GM21-20020900','33-45','E65 730d   REAR SPRING STRUT EDC/CTRL UNIT/SENSOR','');
insert into Diagram values('GM21-33_1117','GM21-20020900','33-45','E65 730d   Stabilizer, rear','');
insert into Diagram values('GM21-33_1118','GM21-20020900','33-45','E65 730d   Rear stabilizer bar/Dynamic Drive','');
insert into Diagram values('GM21-33_1126','GM21-20020900','33-45','E65 730d   Add-on parts/Dynamic Drive','');
insert into Diagram values('GM21-33_1127','GM21-20020900','33-50','E65 730d   Levelling device/air spring strut/sensor','');
insert into Diagram values('GM21-34_1391','GM21-20020900','34-05','E65 730d   Front brake pad wear sensor','');
insert into Diagram values('GM21-34_1227','GM21-20020900','34-07','E65 730d   Front brake-brake disc','');
insert into Diagram values('GM21-34_1228','GM21-20020900','34-10','E65 730d   Rear brake pad wear sensor','');
insert into Diagram values('GM21-34_1229','GM21-20020900','34-12','E65 730d   Rear wheel brake-Brake disc','');
insert into DiagramParts values('GM21-34_1230-34326772617', 'GM21-34_1230', 09, 'Pipe', 'M12/M12', 1, to_date('20030701','YYYYMMDD'), to_date('20061201','YYYYMMDD'), '34326772617', '$25.02', '', false);
insert into Diagram values('GM21-34_1230','GM21-20020900','34-15','E65 730d   Brake pipe, front','');
insert into Diagram values('GM21-34_1231','GM21-20020900','34-15','E65 730d   Brake pipe, front','');
insert into Diagram values('GM21-34_1232','GM21-20020900','34-17','E65 730d   Brake pipe rear','');
insert into Diagram values('GM21-34_1233','GM21-20020900','34-20','E65 730d   Hydro unit DSC/control unit/fastening','');
insert into Diagram values('GM21-34_1234','GM21-20020900','34-20','E65 730d   DSC compressor/senors/mounting parts','');
insert into Diagram values('GM21-34_1236','GM21-20020900','34-25','E65 730d   BRAKE MASTER CYLINDER/EXPANSION TANK','');
insert into Diagram values('GM21-34_1237','GM21-20020900','34-27','E65 730d   Power brake unit depression','');
insert into Diagram values('GM21-34_1239','GM21-20020900','34-27','E65 730d   Power brake unit depression','');
insert into Diagram values('GM21-34_1240','GM21-20020900','34-30','E65 730d   Parking brake/actuator','');
insert into Diagram values('GM21-34_1241','GM21-20020900','34-40','E65 730d   PARKING BRAKE/BRAKE SHOES','');
insert into Diagram values('GM21-35_0277','GM21-20020900','35-05','E65 730d   Pedal assembly','');
insert into Diagram values('GM21-35_0274','GM21-20020900','35-20','E65 730d   Acceleration/accelerator pedal module','');
insert into Diagram values('GM21-35_0315','GM21-20020900','35-95','E65 730d   Set of high-grade steel pedal covers','');
insert into Diagram values('GM21-35_0377','GM21-20020900','35-95','E65 730d   Aluminum pedal covers','');
insert into Diagram values('GM21-36_0514','GM21-20020900','36-15','E65 730d   BMW LA wheel, star spoke 90','');
insert into Diagram values('GM21-36_0515','GM21-20020900','36-15','E65 730d   BMW LA wheel, double spoke 93','');
insert into Diagram values('GM21-36_0516','GM21-20020900','36-15','E65 730d   BMW LA wheel Styling 94','');
insert into Diagram values('GM21-36_0517','GM21-20020900','36-15','E65 730d   BMW LA wheel, star spoke 95','');
insert into Diagram values('GM21-36_0518','GM21-20020900','36-15','E65 730d   BMW light alloy wheel, spider spoke 92','');
insert into Diagram values('GM21-36_0524','GM21-20020900','36-15','E65 730d   BMW LA wheel, star spoke 89','');
insert into Diagram values('GM21-36_0525','GM21-20020900','36-15','E65 730d   BMW light alloy wheel, radial spoke 32','');
insert into Diagram values('GM21-36_0526','GM21-20020900','36-15','E65 730d   BMW compound wheel M cross spoke 101','');
insert into Diagram values('GM21-36_0607','GM21-20020900','36-15','E65 730d   Tire pressure control (RDC) - ctrl unit','');
insert into Diagram values('GM21-36_0649','GM21-20020900','36-15','E65 730d   BMW alloy wheel, ellipsoid styling 91','');
insert into Diagram values('GM21-36_0702','GM21-20020900','36-15','E65 730d   BMW light alloy wheel, V-spoke 126','');
insert into Diagram values('GM21-36_0736','GM21-20020900','36-15','E65 730d   BMW LA wheel Y-spoke 149','');
insert into Diagram values('GM21-36_0762','GM21-20020900','36-15','E65 730d   BMW LA Individual wheel V-spoke 152','');
insert into Diagram values('GM21-36_0771','GM21-20020900','36-15','E65 730d   BMW light alloy wheel, spider spoke 128','');
insert into Diagram values('GM21-36_0785','GM21-20020900','36-15','E65 730d   BMW light alloy wheel, spider spoke 165','');
insert into Diagram values('GM21-36_0892','GM21-20020900','36-15','E65 730d   BMW LA wheel/double spoke 174','');
insert into Diagram values('GM21-36_0893','GM21-20020900','36-15','E65 730d   BMW light alloy wheel, spider spoke 175','');
insert into Diagram values('GM21-36_0894','GM21-20020900','36-15','E65 730d   BMW light-alloy wheel, spoke styl. 176','');
insert into Diagram values('GM21-36_1002','GM21-20020900','36-15','E65 730d   BMW LA wheel, star spoke 231','');
insert into Diagram values('GM21-36_0498','GM21-20020900','36-20','E65 730d   Balance weight, lead','');
insert into Diagram values('GM21-36_0884','GM21-20020900','36-20','E65 730d   Balance weight, zinc','');
insert into Diagram values('GM21-36_0630','GM21-20020900','36-25','E65 730d   WHEEL BOLT LOCK WITH ADAPTOR','');
insert into Diagram values('GM21-36_0732','GM21-20020900','36-25','E65 730d   WHEEL BOLT LOCK WITH ADAPTOR','');
insert into Diagram values('GM21-36_1032','GM21-20020900','36-25','E65 730d   SET WHEEL LOCKS','');
insert into Diagram values('GM21-36_1266','GM21-20020900','36-30','E65 730d   Winter tires','');
insert into Diagram values('GM21-36_1267','GM21-20020900','36-30','E65 730d   Summer tires','');
insert into Diagram values('GM21-36_0744','GM21-20020900','36-95','E65 730d   Retrofit Tyre puncture warning (RPA)','');
insert into Diagram values('GM21-41_1400','GM21-20020900','41-05','E65 730d   Body skeleton','');
insert into Diagram values('GM21-41_1401','GM21-20020900','41-10','E65 730d   FRONT BODY PARTS','');
insert into Diagram values('GM21-41_1404','GM21-20020900','41-10','E65 730d   SPLASH WALL PARTS','');
insert into Diagram values('GM21-41_1406','GM21-20020900','41-10','E65 730d   FRONT BODY BRACKET LEFT','');
insert into Diagram values('GM21-41_1407','GM21-20020900','41-10','E65 730d   FRONT BODY BRACKET RIGHT','');
insert into Diagram values('GM21-41_1408','GM21-20020900','41-10','E65 730d   Front side panel','');
insert into Diagram values('GM21-41_1409','GM21-20020900','41-20','E65 730d   BODY-SIDE FRAME','');
insert into Diagram values('GM21-41_1410','GM21-20020900','41-20','E65 730d   SINGLE COMPONENTS FOR BODY-SIDE FRAME','');
insert into Diagram values('GM21-41_1411','GM21-20020900','41-20','E65 730d   Cavity shielding, side frame','');
insert into Diagram values('GM21-41_1416','GM21-20020900','41-20','E65 730d   Partition trunk','');
insert into Diagram values('GM21-41_1420','GM21-20020900','41-25','E65 730d   SIDE PANEL/TAIL TRIM','');
insert into Diagram values('GM21-41_1434','GM21-20020900','41-25','E65 730d   FLOOR PANEL TRUNK/WHEEL HOUSING REAR','');
insert into Diagram values('GM21-41_1419','GM21-20020900','41-30','E65 730d   Roof','');
insert into Diagram values('GM21-41_1421','GM21-20020900','41-35','E65 730d   ENGINE HOOD/MOUNTING PARTS','');
insert into Diagram values('GM21-41_1417','GM21-20020900','41-40','E65 730d   Radio remote control','');
insert into Diagram values('GM21-41_1423','GM21-20020900','41-40','E65 730d   FRONT DOOR-HINGE/DOOR BRAKE','');
insert into Diagram values('GM21-41_1431','GM21-20020900','41-40','E65 730d   Door weatherstrip front','');
insert into Diagram values('GM21-41_1435','GM21-20020900','41-40','E65 730d   FRONT DOOR CONTROL/DOOR LOCK','');
insert into Diagram values('GM21-41_1424','GM21-20020900','41-45','E65 730d   Door rear, hinge/door brake','');
insert into Diagram values('GM21-41_1432','GM21-20020900','41-45','E65 730d   Door weatherstrip rear','');
insert into Diagram values('GM21-41_1436','GM21-20020900','41-45','E65 730d   REAR DOOR CONTROL/DOOR LOCK','');
insert into Diagram values('GM21-41_1422','GM21-20020900','41-50','E65 730d   Master key locking','');
insert into Diagram values('GM21-41_1425','GM21-20020900','41-60','E65 730d   SINGLE COMPONENTS FOR TRUNK LID','');
insert into Diagram values('GM21-41_1437','GM21-20020900','41-60','E65 730d   TRUNK LID HYDRAULIC PARTS','');
insert into Diagram values('GM21-41_1465','GM21-20020900','41-60','E65 730d   TRUNK LID/CLOSING SYSTEM','');
insert into Diagram values('GM21-41_0983','GM21-20020900','41-65','E65 730d   MECHANICAL CONNECTION ELEMENTS','');
insert into Diagram values('GM21-51_4405','GM21-20020900','51-05','E65 730d   Glazing','');
insert into Diagram values('GM21-51_4458','GM21-20020900','51-05','E65 730d   GLAZING SINGLE PARTS','');
insert into Diagram values('GM21-51_4459','GM21-20020900','51-10','E65 730d   EL.FRONT DOOR WINDOW LIFTING MECHANISM','');
insert into Diagram values('GM21-51_4461','GM21-20020900','51-10','E65 730d   Outside mirror, basic','');
insert into Diagram values('GM21-51_4462','GM21-20020900','51-10','E65 730d   Outs. mirror,electrochr.+ fold-in SA 430','');
insert into Diagram values('GM21-51_4464','GM21-20020900','51-10','E65 730d   Mirror glas, basic','');
insert into Diagram values('GM21-51_4465','GM21-20020900','51-10','E65 730d   Mirror glas, electrochrome','');
insert into Diagram values('GM21-51_4544','GM21-20020900','51-10','E65 730d   Mounting parts, outside mirror','');
insert into Diagram values('GM21-51_4460','GM21-20020900','51-12','E65 730d   EL.REAR DOOR WINDOW LIFTING MECHANISM','');
insert into Diagram values('GM21-51_4547','GM21-20020900','51-15','E65 730d   Front bumper trim - body moldings','');
insert into Diagram values('GM21-51_4548','GM21-20020900','51-15','E65 730d   Trim panel, bumper, front','');
insert into Diagram values('GM21-51_4550','GM21-20020900','51-15','E65 730d   Bumper trim panel, rear','');
insert into Diagram values('GM21-51_4551','GM21-20020900','51-15','E65 730d   Carrier, bumper rear','');
insert into Diagram values('GM21-51_4552','GM21-20020900','51-15','E65 730d   Rear bumper trim - body moldings','');
insert into Diagram values('GM21-51_4776','GM21-20020900','51-15','E65 730d   Carrier, bumper front','');
insert into Diagram values('GM21-51_4502','GM21-20020900','51-20','E65 730d   Grille','');
insert into Diagram values('GM21-51_4556','GM21-20020900','51-20','E65 730d   Emblems / letterings','');
insert into Diagram values('GM21-51_4565','GM21-20020900','51-20','E65 730d   Exterior covers / door front','');
insert into Diagram values('GM21-51_4566','GM21-20020900','51-20','E65 730d   Exterior covers / door rear','');
insert into Diagram values('GM21-51_4735','GM21-20020900','51-20','E65 730d   Door sill cover','');
insert into Diagram values('GM21-51_4804','GM21-20020900','51-20','E65 730d   Roof molding','');
insert into Diagram values('GM21-51_4435','GM21-20020900','51-30','E65 730d   GLOVE BOX','');
insert into Diagram values('GM21-51_4503','GM21-20020900','51-30','E65 730d   Trim panel dashboard I','');
insert into Diagram values('GM21-51_4504','GM21-20020900','51-30','E65 730d   Trim panel dashboard II','');
insert into Diagram values('GM21-51_4505','GM21-20020900','51-30','E65 730d   Trim panel dashboard mounting parts','');
insert into Diagram values('GM21-51_4506','GM21-20020900','51-30','E65 730d   Trim panel dashboard mounting parts','');
insert into Diagram values('GM21-51_4406','GM21-20020900','51-35','E65 730d   Center console/mount/trim','');
insert into Diagram values('GM21-51_4407','GM21-20020900','51-35','E65 730d   Center console/bottom,storage,drink hold','');
insert into DiagramParts values('GM21-51_4408-51167146658', 'GM21-51_4408', 02, 'Lock f center armrest covers', 'DARK SILVER', 1, to_date('20030901','YYYYMMDD'), to_date('20050301','YYYYMMDD'), '51167146658', '$34.83', '', false);
insert into DiagramParts values('GM21-51_4408-51167130018', 'GM21-51_4408', 10, 'Trim panel, center armrest right', 'CREAMBEIGE', 1, to_date('20030301','YYYYMMDD'), to_date('20050301','YYYYMMDD'), '51167130018', '$58.03', '', false);
insert into DiagramParts values('GM21-51_4408-51167018206', 'GM21-51_4408', 10, 'Trim panel, center armrest right', 'STEINGRN', 1, to_date('20030301','YYYYMMDD'), to_date('20050301','YYYYMMDD'), '51167018206', '$58.03', '+core', false);
insert into DiagramParts values('GM21-51_4408-51167011058', 'GM21-51_4408', 10, 'Trim panel, center armrest right', 'FLANELLGRAU', 1, to_date('20030301','YYYYMMDD'), to_date('20050301','YYYYMMDD'), '51167011058', '$52.22', '+core', false);
insert into DiagramParts values('GM21-51_4408-51167007168', 'GM21-51_4408', 10, 'Trim panel, center armrest right', 'SCHWARZ', 1, to_date('20030301','YYYYMMDD'), to_date('20050301','YYYYMMDD'), '51167007168', '$58.03', '+core', false);
insert into DiagramParts values('GM21-51_4408-51167066109', 'GM21-51_4408', 16, 'Trim panel, center armrest right', 'STEINGRN', 1, to_date('20030301','YYYYMMDD'), to_date('20050301','YYYYMMDD'), '51167066109', '$58.03', '+core', false);
insert into DiagramParts values('GM21-51_4408-51167066107', 'GM21-51_4408', 16, 'Trim panel, center armrest right', 'FLANELLGRAU', 1, to_date('20030301','YYYYMMDD'), to_date('20050301','YYYYMMDD'), '51167066107', '$52.22', '+core', false);
insert into DiagramParts values('GM21-51_4408-51167066100', 'GM21-51_4408', 16, 'Trim panel, center armrest right', 'SCHWARZ', 1, to_date('20030301','YYYYMMDD'), to_date('20050301','YYYYMMDD'), '51167066100', '$52.22', '+core', false);
insert into DiagramParts values('GM21-51_4408-51167130022', 'GM21-51_4408', 16, 'Trim panel, center armrest right', 'CREAMBEIGE', 1, to_date('20030301','YYYYMMDD'), to_date('20050301','YYYYMMDD'), '51167130022', '$52.22', '', false);
insert into Diagram values('GM21-51_4408','GM21-20020900','51-35','E65 730d   Center console/armrest,support,trim pan.','');
insert into DiagramParts values('GM21-51_4409-51167137431', 'GM21-51_4409', 01, 'Wood panel, center armrest, front', 'ESCHE DUNKEL', 1, to_date('20031001','YYYYMMDD'), to_date('20050301','YYYYMMDD'), '51167137431', '$384.95', '', false);
insert into DiagramParts values('GM21-51_4409-51167137430', 'GM21-51_4409', 01, 'Wood panel, center armrest, front', 'ESCHE HELL', 1, to_date('20031001','YYYYMMDD'), to_date('20050301','YYYYMMDD'), '51167137430', '$384.95', '', false);
insert into DiagramParts values('GM21-51_4409-51167137429', 'GM21-51_4409', 01, 'Wood panel, center armrest, front', 'KIRSCHE DUNKEL', 1, to_date('20031001','YYYYMMDD'), to_date('20050301','YYYYMMDD'), '51167137429', '$430.50', '', false);
insert into DiagramParts values('GM21-51_4409-51167137433', 'GM21-51_4409', 01, 'Wood panel, center armrest, front', 'VAVONA GRAU', 1, to_date('20031001','YYYYMMDD'), to_date('20050301','YYYYMMDD'), '51167137433', '$430.50', '', false);
insert into DiagramParts values('GM21-51_4409-51167137428', 'GM21-51_4409', 01, 'Wood panel, center armrest, front', 'KIRSCHE HELL', 1, to_date('20031001','YYYYMMDD'), to_date('20050301','YYYYMMDD'), '51167137428', '$430.50', '', false);
insert into Diagram values('GM21-51_4409','GM21-20020900','51-35','E65 730d   Center arm rest, finisher lid','');
insert into Diagram values('GM21-51_4410','GM21-20020900','51-35','E65 730d   Center arm rest, oddments trays','');
insert into Diagram values('GM21-51_4314','GM21-20020900','51-40','E65 730d   Interior mirror','');
insert into DiagramParts values('GM21-51_4509-51167043514', 'GM21-51_4509', 01, 'RIGHT SUN VISOR MAKE-UP LAMP', 'ANTHRAZIT', 1, to_date('20030301','YYYYMMDD'), to_date('20050301','YYYYMMDD'), '51167043514', '', '', false);
insert into DiagramParts values('GM21-51_4509-51167017792', 'GM21-51_4509', 01, 'RIGHT SUN VISOR MAKE-UP LAMP', 'STEINGRAU', 1, to_date('20030301','YYYYMMDD'), to_date('20050301','YYYYMMDD'), '51167017792', '$193.17', '', false);
insert into Diagram values('GM21-51_4509','GM21-20020900','51-40','E65 730d   Sun visor','');
insert into DiagramParts values('GM21-51_4516-51437036868', 'GM21-51_4516', 01, 'COVERING APRON RIGHT', 'ANTHRAZIT', 1, to_date('20030301','YYYYMMDD'), to_date('20050301','YYYYMMDD'), '51437036868', '$52.60', '', false);
insert into DiagramParts values('GM21-51_4516-51437018076', 'GM21-51_4516', 01, 'COVERING APRON RIGHT', 'STEINGRAU', 1, to_date('20030301','YYYYMMDD'), to_date('20050301','YYYYMMDD'), '51437018076', '$52.60', '', false);
insert into DiagramParts values('GM21-51_4516-51437026850', 'GM21-51_4516', 06, 'COVERING COLUMN-CENTER TOP RIGHT', 'STEINGRN', 1, to_date('20030301','YYYYMMDD'), to_date('20050301','YYYYMMDD'), '51437026850', '$84.33', '', false);
insert into DiagramParts values('GM21-51_4516-51437031980', 'GM21-51_4516', 06, 'COVERING COLUMN-CENTER TOP RIGHT', 'FLANELLGRAU', 1, to_date('20030301','YYYYMMDD'), to_date('20050301','YYYYMMDD'), '51437031980', '$84.33', '+core', false);
insert into DiagramParts values('GM21-51_4516-51437018078', 'GM21-51_4516', 06, 'COVERING COLUMN-CENTER TOP RIGHT', 'SCHWARZ', 1, to_date('20030301','YYYYMMDD'), to_date('20050301','YYYYMMDD'), '51437018078', '$84.33', '+core', false);
insert into DiagramParts values('GM21-51_4516-51437036872', 'GM21-51_4516', 06, 'COVERING COLUMN-CENTER TOP RIGHT', 'CREAMBEIGE', 1, to_date('20030301','YYYYMMDD'), to_date('20050301','YYYYMMDD'), '51437036872', '$84.33', '', false);
insert into Diagram values('GM21-51_4516','GM21-20020900','51-40','E65 730d   Trim cover, front, lateral','');
insert into Diagram values('GM21-51_4640','GM21-20020900','51-40','E65 730d   Headlining / Handle','');
insert into DiagramParts values('GM21-51_4732-51467157058', 'GM21-51_4732', 01, 'Storage tray, retracting sun blind', 'FLANELLGRAU', 1, to_date('20040301','YYYYMMDD'), to_date('20050301','YYYYMMDD'), '51467157058', '$318.35', '+core', false);
insert into DiagramParts values('GM21-51_4732-51467157059', 'GM21-51_4732', 01, 'Storage tray, retracting sun blind', 'BEIGE', 1, to_date('20040301','YYYYMMDD'), to_date('20050301','YYYYMMDD'), '51467157059', '$318.35', '+core', false);
insert into DiagramParts values('GM21-51_4732-51467157060', 'GM21-51_4732', 01, 'Storage tray, retracting sun blind', 'BASALTGRAU', 1, to_date('20040301','YYYYMMDD'), to_date('20050301','YYYYMMDD'), '51467157060', '$318.35', '+core', false);
insert into DiagramParts values('GM21-51_4732-51467157061', 'GM21-51_4732', 01, 'Storage tray, retracting sun blind', 'NACHTBLAU', 1, to_date('20040301','YYYYMMDD'), to_date('20050301','YYYYMMDD'), '51467157061', '$318.35', '+core', false);
insert into DiagramParts values('GM21-51_4732-51467157074', 'GM21-51_4732', 05, 'Electric sun blind', 'BASALTGRAU', 1, to_date('20040301','YYYYMMDD'), to_date('20050301','YYYYMMDD'), '51467157074', '$681.39', '', false);
insert into DiagramParts values('GM21-51_4732-51467157075', 'GM21-51_4732', 05, 'Electric sun blind', 'NACHTBLAU', 1, to_date('20040301','YYYYMMDD'), to_date('20050301','YYYYMMDD'), '51467157075', '$681.39', '', false);
insert into DiagramParts values('GM21-51_4732-51469143454', 'GM21-51_4732', 05, 'Electric sun blind', 'SCHWARZ', 1, to_date('20040301','YYYYMMDD'), to_date('20050301','YYYYMMDD'), '51469143454', '$681.39', '', false);
insert into DiagramParts values('GM21-51_4732-51469143455', 'GM21-51_4732', 05, 'Electric sun blind', 'FLANELLGRAU', 1, to_date('20040301','YYYYMMDD'), to_date('20050301','YYYYMMDD'), '51469143455', '$681.39', '', false);
insert into DiagramParts values('GM21-51_4732-51469143456', 'GM21-51_4732', 05, 'Electric sun blind', 'BEIGE', 1, to_date('20040301','YYYYMMDD'), to_date('20050301','YYYYMMDD'), '51469143456', '$681.39', '', false);
insert into DiagramParts values('GM21-51_4732-51469143450', 'GM21-51_4732', 15, 'End cap', 'SCHWARZ', 1, to_date('20040301','YYYYMMDD'), to_date('20050301','YYYYMMDD'), '51469143450', '$33.79', '', false);
insert into Diagram values('GM21-51_4732','GM21-20020900','51-40','E65 730d   REAR WINDOW SHELF/SUN BLIND','');
insert into DiagramParts values('GM21-51_5030-51437043202', 'GM21-51_5030', 01, 'Trim panel C-column, front right', 'ANTHRAZIT', 1, to_date('20030301','YYYYMMDD'), to_date('20050301','YYYYMMDD'), '51437043202', '$74.00', '', false);
insert into DiagramParts values('GM21-51_5030-51437018094', 'GM21-51_5030', 01, 'Trim panel C-column, front right', 'STEINGRAU', 1, to_date('20030301','YYYYMMDD'), to_date('20050301','YYYYMMDD'), '51437018094', '$74.00', '', false);
insert into DiagramParts values('GM21-51_5030-51437018096', 'GM21-51_5030', 05, 'Trim panel C-column, rear right', 'ANTHRAZIT', 1, to_date('20030301','YYYYMMDD'), to_date('20050301','YYYYMMDD'), '51437018096', '$52.60', '', false);
insert into DiagramParts values('GM21-51_5030-51437024756', 'GM21-51_5030', 05, 'Trim panel C-column, rear right', 'STEINGRAU', 1, to_date('20030301','YYYYMMDD'), to_date('20050301','YYYYMMDD'), '51437024756', '$52.60', '', false);
insert into DiagramParts values('GM21-51_5030-51437026862', 'GM21-51_5030', 17, 'Cover, column C, bottom right', 'STEINGRN', 1, to_date('20030301','YYYYMMDD'), to_date('20050301','YYYYMMDD'), '51437026862', '$77.02', '+core', false);
insert into DiagramParts values('GM21-51_5030-51437018098', 'GM21-51_5030', 17, 'Cover, column C, bottom right', 'SCHWARZ', 1, to_date('20030301','YYYYMMDD'), to_date('20050301','YYYYMMDD'), '51437018098', '$77.02', '', false);
insert into DiagramParts values('GM21-51_5030-51437043432', 'GM21-51_5030', 17, 'Cover, column C, bottom right', 'FLANELLGRAU', 1, to_date('20030301','YYYYMMDD'), to_date('20050301','YYYYMMDD'), '51437043432', '$77.02', '+core', false);
insert into DiagramParts values('GM21-51_5030-51437043690', 'GM21-51_5030', 19, 'Cover, belt outlet, right', 'SCHWARZ', 1, to_date('20030301','YYYYMMDD'), to_date('20050301','YYYYMMDD'), '51437043690', '$5.30', '', false);
insert into DiagramParts values('GM21-51_5030-51437043692', 'GM21-51_5030', 19, 'Cover, belt outlet, right', 'FLANELLGRAU', 1, to_date('20030301','YYYYMMDD'), to_date('20050301','YYYYMMDD'), '51437043692', '$5.30', '', false);
insert into DiagramParts values('GM21-51_5030-51437043698', 'GM21-51_5030', 19, 'Cover, belt outlet, right', 'STEINGRN', 1, to_date('20030301','YYYYMMDD'), to_date('20050301','YYYYMMDD'), '51437043698', '$5.69', '', false);
insert into DiagramParts values('GM21-51_5030-51437043702', 'GM21-51_5030', 19, 'Cover, belt outlet, right', 'CREAMBEIGE', 1, to_date('20030301','YYYYMMDD'), to_date('20050301','YYYYMMDD'), '51437043702', '$5.69', '', false);
insert into Diagram values('GM21-51_5030','GM21-20020900','51-40','E65 730d   Trim cover, rear lateral','');
insert into Diagram values('GM21-51_3624','GM21-20020900','51-45','E65 730d   Color sample box','');
insert into DiagramParts values('GM21-51_4784-51167137429', 'GM21-51_4784', 11, 'Wood panel, center armrest, front', 'KIRSCHE DUNKEL', 1, to_date('20031001','YYYYMMDD'), to_date('20050301','YYYYMMDD'), '51167137429', '$430.50', '', false);
insert into Diagram values('GM21-51_4784','GM21-20020900','51-45','E65 730d   Real wood finish, cherry dark, matte','');
insert into DiagramParts values('GM21-51_4785-51167137428', 'GM21-51_4785', 13, 'Wood panel, center armrest, front', 'KIRSCHE HELL', 1, to_date('20031001','YYYYMMDD'), to_date('20050301','YYYYMMDD'), '51167137428', '$430.50', '', false);
insert into Diagram values('GM21-51_4785','GM21-20020900','51-45','E65 730d   Real wood finish, cherry light, matte','');
insert into DiagramParts values('GM21-51_4786-51167137431', 'GM21-51_4786', 13, 'Wood panel, center armrest, front', 'ESCHE DUNKEL', 1, to_date('20031001','YYYYMMDD'), to_date('20050301','YYYYMMDD'), '51167137431', '$384.95', '', false);
insert into Diagram values('GM21-51_4786','GM21-20020900','51-45','E65 730d   Real wood finish, ash dark, high gloss','');
insert into DiagramParts values('GM21-51_4787-51167137430', 'GM21-51_4787', 13, 'Wood panel, center armrest, front', 'ESCHE HELL', 1, to_date('20031001','YYYYMMDD'), to_date('20050301','YYYYMMDD'), '51167137430', '$384.95', '', false);
insert into Diagram values('GM21-51_4787','GM21-20020900','51-45','E65 730d   Real wood finish,ash light, high gloss','');
insert into DiagramParts values('GM21-51_5065-51457117554', 'GM21-51_5065', 02, 'Set of wood panels, instrument panel', 'VAVONA GRAU', 1, to_date('20030301','YYYYMMDD'), to_date('20050301','YYYYMMDD'), '51457117554', '', '+core, ENDED', false);
insert into DiagramParts values('GM21-51_5065-51457117556', 'GM21-51_5065', 03, 'Set of wood panels, module carrier', 'VAVONA GRAU', 1, to_date('20030301','YYYYMMDD'), to_date('20050301','YYYYMMDD'), '51457117556', '', '+core, ENDED', false);
insert into DiagramParts values('GM21-51_5065-51457117557', 'GM21-51_5065', 04, 'Wood panel, instrument panel, left', 'VAVONA GRAU', 1, to_date('20030301','YYYYMMDD'), to_date('20050301','YYYYMMDD'), '51457117557', '$313.66', '', false);
insert into DiagramParts values('GM21-51_5065-51457117559', 'GM21-51_5065', 05, 'Wood panel, instrument panel, center', 'VAVONA GRAU', 1, to_date('20030301','YYYYMMDD'), to_date('20050301','YYYYMMDD'), '51457117559', '$133.42', '', false);
insert into DiagramParts values('GM21-51_5065-51457117561', 'GM21-51_5065', 06, 'Wood panel, instrument panel, right', 'VAVONA GRAU', 1, to_date('20030301','YYYYMMDD'), to_date('20050301','YYYYMMDD'), '51457117561', '$538.48', '', false);
insert into DiagramParts values('GM21-51_5065-51457117566', 'GM21-51_5065', 07, 'Wood panel, module carrier, left', 'VAVONA GRAU', 1, to_date('20030301','YYYYMMDD'), to_date('20050301','YYYYMMDD'), '51457117566', '$97.31', '', false);
insert into DiagramParts values('GM21-51_5065-51457117563', 'GM21-51_5065', 08, 'Wood panel, radio', 'VAVONA GRAU', 1, to_date('20030301','YYYYMMDD'), to_date('20050301','YYYYMMDD'), '51457117563', '$161.94', '', false);
insert into DiagramParts values('GM21-51_5065-51457117565', 'GM21-51_5065', 09, 'Wood panel, drawer', 'VAVONA GRAU', 1, to_date('20030301','YYYYMMDD'), to_date('20050301','YYYYMMDD'), '51457117565', '$140.37', '+core', false);
insert into DiagramParts values('GM21-51_5065-51457117564', 'GM21-51_5065', 10, 'Wood trim, draw, telephone', 'VAVONA GRAU', 1, to_date('20030301','YYYYMMDD'), to_date('20050301','YYYYMMDD'), '51457117564', '$140.37', '+core', false);
insert into DiagramParts values('GM21-51_5065-51457117567', 'GM21-51_5065', 11, 'Wood panel, module carrier, right', 'VAVONA GRAU', 1, to_date('20030301','YYYYMMDD'), to_date('20050301','YYYYMMDD'), '51457117567', '$97.31', '', false);
insert into DiagramParts values('GM21-51_5065-51457117568', 'GM21-51_5065', 12, 'Module carrier, center console, wood', 'VAVONA GRAU', 1, to_date('20030301','YYYYMMDD'), to_date('20050301','YYYYMMDD'), '51457117568', '$398.27', '', false);
insert into DiagramParts values('GM21-51_5065-51167118089', 'GM21-51_5065', 13, 'Wood panel, center armrest, front', 'VAVONA GRAU', 1, to_date('20030301','YYYYMMDD'), to_date('20031001','YYYYMMDD'), '51167118089', '$430.50', '', false);
insert into DiagramParts values('GM21-51_5065-51167137433', 'GM21-51_5065', 13, 'Wood panel, center armrest, front', 'VAVONA GRAU', 1, to_date('20031001','YYYYMMDD'), to_date('20050301','YYYYMMDD'), '51167137433', '$430.50', '', false);
insert into DiagramParts values('GM21-51_5065-51417113395', 'GM21-51_5065', 14, 'Wooden strip, door front left', 'VAVONA GRAU', 1, to_date('20030301','YYYYMMDD'), to_date('20050301','YYYYMMDD'), '51417113395', '$342.92', '', false);
insert into DiagramParts values('GM21-51_5065-51417113396', 'GM21-51_5065', 14, 'Wooden strip, door front right', 'VAVONA GRAU', 1, to_date('20030301','YYYYMMDD'), to_date('20050301','YYYYMMDD'), '51417113396', '$342.92', '', false);
insert into DiagramParts values('GM21-51_5065-51427113397', 'GM21-51_5065', 15, 'Wooden strip, door rear left', 'VAVONA GRAU', 1, to_date('20030301','YYYYMMDD'), to_date('20050301','YYYYMMDD'), '51427113397', '', '', false);
insert into DiagramParts values('GM21-51_5065-51427113398', 'GM21-51_5065', 15, 'Wooden strip, door rear right', 'VAVONA GRAU', 1, to_date('20030301','YYYYMMDD'), to_date('20050301','YYYYMMDD'), '51427113398', '', '', false);
insert into DiagramParts values('GM21-51_5065-51467123481', 'GM21-51_5065', 16, 'Wood strip, rear window shelf', 'VAVONA GRAU', 1, to_date('20030301','YYYYMMDD'), to_date('20050301','YYYYMMDD'), '51467123481', '$436.90', '+core', false);
insert into Diagram values('GM21-51_5065','GM21-20020900','51-45','E65 730d   Real wood version, Vavona grau matt','');
insert into Diagram values('GM21-51_4447','GM21-20020900','51-50','E65 730d   Instrument panel, door, front','');
insert into Diagram values('GM21-51_4448','GM21-20020900','51-50','E65 730d   Instrument panel, door, rear','');
insert into Diagram values('GM21-51_4553','GM21-20020900','51-50','E65 730d   Sun blind, electr., rear door','');
insert into Diagram values('GM21-51_4726','GM21-20020900','51-50','E65 730d   Door trim, rear','');
insert into DiagramParts values('GM21-51_4727-51427131059', 'GM21-51_4727', 22, 'Cover cap &quot;Airbag&quot;', 'NATURBRAUN', 2, to_date('20040301','YYYYMMDD'), to_date('20050301','YYYYMMDD'), '51427131059', '$7.86', '', false);
insert into DiagramParts values('GM21-51_4727-51427131058', 'GM21-51_4727', 22, 'Cover cap &quot;Airbag&quot;', 'STEINGRN', 2, to_date('20040301','YYYYMMDD'), to_date('20050301','YYYYMMDD'), '51427131058', '$7.53', '', false);
insert into DiagramParts values('GM21-51_4727-51427131056', 'GM21-51_4727', 22, 'Cover cap &quot;Airbag&quot;', 'FLANELLGRAU', 2, to_date('20040301','YYYYMMDD'), to_date('20050301','YYYYMMDD'), '51427131056', '$7.86', '', false);
insert into DiagramParts values('GM21-51_4727-51427131057', 'GM21-51_4727', 22, 'Cover cap &quot;Airbag&quot;', 'BEIGE', 2, to_date('20040301','YYYYMMDD'), to_date('20050301','YYYYMMDD'), '51427131057', '$7.86', '', false);
insert into DiagramParts values('GM21-51_4727-51427131055', 'GM21-51_4727', 22, 'Cover cap &quot;Airbag&quot;', 'SCHWARZ', 2, to_date('20040301','YYYYMMDD'), to_date('20050301','YYYYMMDD'), '51427131055', '$7.86', '', false);
insert into DiagramParts values('GM21-51_4727-51427131060', 'GM21-51_4727', 22, 'Cover cap &quot;Airbag&quot;', 'CREAMBEIGE', 2, to_date('20040301','YYYYMMDD'), to_date('20050301','YYYYMMDD'), '51427131060', '$7.53', '', false);
insert into Diagram values('GM21-51_4727','GM21-20020900','51-50','E65 730d   Rear door trim, side airbag','');
insert into Diagram values('GM21-51_4730','GM21-20020900','51-50','E65 730d   Door trim panel, front / side airbag','');
insert into Diagram values('GM21-51_4329','GM21-20020900','51-55','E65 730d   TRIM PANEL LEG ROOM','');
insert into Diagram values('GM21-51_4452','GM21-20020900','51-55','E65 730d   Floor mats, velours','');
insert into Diagram values('GM21-51_4517','GM21-20020900','51-55','E65 730d   FLOOR COVERING','');
insert into Diagram values('GM21-51_4518','GM21-20020900','51-55','E65 730d   EDGE PROTECTION/COVERINGS ROCKERS','');
insert into DiagramParts values('GM21-51_4745-51477149211', 'GM21-51_4745', 01, 'Trunk mat', 'BASALTGRAU HELL', 1, to_date('20040301','YYYYMMDD'), to_date('20050301','YYYYMMDD'), '51477149211', '$141.13', '', false);
insert into DiagramParts values('GM21-51_4745-51477149205', 'GM21-51_4745', 12, 'TRUNK PARTITION TRIM PANEL', 'BASALTGRAU HELL', 1, to_date('20040301','YYYYMMDD'), to_date('20050301','YYYYMMDD'), '51477149205', '$104.32', '+core', false);
insert into DiagramParts values('GM21-51_4745-51477149207', 'GM21-51_4745', 12, 'TRUNK PARTITION TRIM PANEL', 'BASALTGRAU HELL', 1, to_date('20040301','YYYYMMDD'), to_date('20050301','YYYYMMDD'), '51477149207', '$104.32', '', false);
insert into DiagramParts values('GM21-51_4745-51477149206', 'GM21-51_4745', 12, 'TRUNK PARTITION TRIM PANEL', 'BASALTGRAU HELL', 1, to_date('20040301','YYYYMMDD'), to_date('20050301','YYYYMMDD'), '51477149206', '$104.32', '+core', false);
insert into DiagramParts values('GM21-51_4745-51477149208', 'GM21-51_4745', 12, 'TRUNK PARTITION TRIM PANEL', 'BASALTGRAU HELL', 1, to_date('20040301','YYYYMMDD'), to_date('20050301','YYYYMMDD'), '51477149208', '$104.32', '+core', false);
insert into DiagramParts values('GM21-51_4745-51477149210', 'GM21-51_4745', 12, 'TRUNK PARTITION TRIM PANEL', 'BASALTGRAU HELL', 1, to_date('20040301','YYYYMMDD'), to_date('20050301','YYYYMMDD'), '51477149210', '$104.32', '+core', false);
insert into DiagramParts values('GM21-51_4745-51477149209', 'GM21-51_4745', 12, 'TRUNK PARTITION TRIM PANEL', 'BASALTGRAU HELL', 1, to_date('20040301','YYYYMMDD'), to_date('20050301','YYYYMMDD'), '51477149209', '$106.30', '+core', false);
insert into Diagram values('GM21-51_4745','GM21-20020900','51-65','E65 730d   Trunk trim panel','');
insert into DiagramParts values('GM21-51_4746-51477149199', 'GM21-51_4746', 01, 'LEFT TRUNK TRIM', 'BASALTGRAU HELL', 1, to_date('20040301','YYYYMMDD'), to_date('20050301','YYYYMMDD'), '51477149199', '$129.08', '', false);
insert into DiagramParts values('GM21-51_4746-51477149201', 'GM21-51_4746', 01, 'LEFT TRUNK TRIM', 'BASALTGRAU HELL', 1, to_date('20040301','YYYYMMDD'), to_date('20050301','YYYYMMDD'), '51477149201', '$129.08', '+core', false);
insert into DiagramParts values('GM21-51_4746-51477149203', 'GM21-51_4746', 02, 'Luggage compartment trim flap, left', 'BASALTGRAU HELL', 1, to_date('20040301','YYYYMMDD'), to_date('20050301','YYYYMMDD'), '51477149203', '$52.95', '', false);
insert into DiagramParts values('GM21-51_4746-51477149200', 'GM21-51_4746', 03, 'Right TRUNK TRIM', 'BASALTGRAU HELL', 1, to_date('20040301','YYYYMMDD'), to_date('20050301','YYYYMMDD'), '51477149200', '$68.98', '', false);
insert into DiagramParts values('GM21-51_4746-51477149202', 'GM21-51_4746', 03, 'Right TRUNK TRIM', 'BASALTGRAU HELL', 1, to_date('20040301','YYYYMMDD'), to_date('20050301','YYYYMMDD'), '51477149202', '$68.98', '+core', false);
insert into DiagramParts values('GM21-51_4746-51477149204', 'GM21-51_4746', 04, 'Luggage compartment trim flap, right', 'BASALTGRAU HELL', 1, to_date('20040301','YYYYMMDD'), to_date('20050301','YYYYMMDD'), '51477149204', '$88.31', '', false);
insert into DiagramParts values('GM21-51_4746-51497149229', 'GM21-51_4746', 09, 'UPPER TRUNK LID TRIM PANEL', 'BASALTGRAU HELL', 1, to_date('20040301','YYYYMMDD'), to_date('20050301','YYYYMMDD'), '51497149229', '$82.43', '', false);
insert into Diagram values('GM21-51_4746','GM21-20020900','51-65','E65 730d   Luggage compartment tailgate/boot trim','');
insert into Diagram values('GM21-51_4747','GM21-20020900','51-70','E65 730d   SOUND INSULATING FRONT','');
insert into Diagram values('GM21-51_4748','GM21-20020900','51-70','E65 730d   SOUND INSULATING REAR','');
insert into Diagram values('GM21-51_4749','GM21-20020900','51-70','E65 730d   Heat insulation','');
insert into Diagram values('GM21-51_4767','GM21-20020900','51-70','E65 730d   SOUND INSULATION ROOF','');
insert into Diagram values('GM21-51_4750','GM21-20020900','51-75','E65 730d   Shielding, engine compartment/air ducts','');
insert into Diagram values('GM21-51_4789','GM21-20020900','51-75','E65 730d   Shield,engine compartm./underfloor panel','');
insert into Diagram values('GM21-51_4987','GM21-20020900','51-75','E65 730d   Front aggregate protective plate','');
insert into Diagram values('GM21-51_4753','GM21-20020900','51-80','E65 730d   Various body parts','');
insert into Diagram values('GM21-51_4794','GM21-20020900','51-80','E65 730d   Sealing cap/plug','');
insert into Diagram values('GM21-51_4795','GM21-20020900','51-80','E65 730d   Sealing cap/plug','');
insert into Diagram values('GM21-51_4796','GM21-20020900','51-80','E65 730d   Sealing cap/plug','');
insert into Diagram values('GM21-51_4994','GM21-20020900','51-80','E65 730d   Various body parts','');
insert into Diagram values('GM21-51_4453','GM21-20020900','51-95','E65 730d   Floor mats, velours','');
insert into Diagram values('GM21-51_4563','GM21-20020900','51-95','E65 730d   Retrofit, CD holder','');
insert into Diagram values('GM21-51_4564','GM21-20020900','51-95','E65 730d   Retrofit, cassette holder','');
insert into Diagram values('GM21-51_4598','GM21-20020900','51-95','E65 730d   Retrofit, ash wood dark, mirror-finish','');
insert into Diagram values('GM21-51_4599','GM21-20020900','51-95','E65 730d   Retrofit, ash wood light, mirror-finish','');
insert into Diagram values('GM21-51_4635','GM21-20020900','51-95','E65 730d   Exterior mirror for towing','');
insert into Diagram values('GM21-51_4639','GM21-20020900','51-95','E65 730d   Cup holder retrofit, front','');
insert into Diagram values('GM21-51_4643','GM21-20020900','51-95','E65 730d   Non-skid mat','');
insert into Diagram values('GM21-51_4647','GM21-20020900','51-95','E65 730d   Boot/trunk floor net','');
insert into Diagram values('GM21-51_4650','GM21-20020900','51-95','E65 730d   Fitted luggage compartment mat','');
insert into Diagram values('GM21-51_4653','GM21-20020900','51-95','E65 730d   Luggage compartment pan','');
insert into Diagram values('GM21-51_4698','GM21-20020900','51-95','E65 730d   Boot lashing strap','');
insert into Diagram values('GM21-51_5038','GM21-20020900','51-95','E65 730d   FLOOR MATS CITY','');
insert into Diagram values('GM21-51_5039','GM21-20020900','51-95','E65 730d   Rubber mat','');
insert into DiagramParts values('GM21-51_5078-51167137432', 'GM21-51_5078', 02, 'Wood panel, center armrest, front', 'NUB./INTARSIEN', 1, to_date('20031001','YYYYMMDD'), to_date('20050301','YYYYMMDD'), '51167137432', '$434.95', '', false);
insert into Diagram values('GM21-51_5078','GM21-20020900','51-95','E65 730d   Retrofit burrwood with inlays','');
insert into Diagram values('GM21-51_5362','GM21-20020900','51-95','E65 730d   Luggage compartment, folding','');
insert into Diagram values('GM21-51_5688','GM21-20020900','51-95','E65 730d   Luggage compatment box "multifix"','');
insert into Diagram values('GM21-51_5738','GM21-20020900','51-95','E65 730d   Umbrella with bag','');
insert into Diagram values('GM21-51_5739','GM21-20020900','51-95','E65 730d   Storage sleeve DVD/CD','');
insert into Diagram values('GM21-51_5954','GM21-20020900','51-95','E65 730d   Load edge protector','');
insert into Diagram values('GM21-51_5959','GM21-20020900','51-95','E65 730d   Retrofit, model redesign 2005','');
insert into Diagram values('GM21-51_6023','GM21-20020900','51-95','E65 730d   Retrofit universal remote control','');
insert into Diagram values('GM21-51_6165','GM21-20020900','51-95','E65 730d   Luggage compartment clamping belts','');
insert into Diagram values('GM21-51_6639','GM21-20020900','51-95','E65 730d   Protective loading edge mat','');
insert into Diagram values('GM21-51_6695','GM21-20020900','51-95','E65 730d   Storage net, footwell, front','');
insert into Diagram values('GM21-51_7034','GM21-20020900','51-95','E65 730d   Sun blind strips','');
insert into Diagram values('GM21-51_8051','GM21-20020900','51-95','E65 730d   First-aid kit, universal','');
insert into Diagram values('GM21-51_8522','GM21-20020900','51-95','E65 730d   Travel & Comfort System','');
insert into Diagram values('GM21-51_8703','GM21-20020900','51-95','E65 730d   Pocket set in interior','');
insert into Diagram values('GM21-52_2930','GM21-20020900','52-10','E65 730d   Seat, front, upholstery and cover','');
insert into Diagram values('GM21-52_2937','GM21-20020900','52-10','E65 730d   Seat, front, head restraint','');
insert into DiagramParts values('GM21-52_2938-52107124981', 'GM21-52_2938', 09, 'Finisher, upper rail, front, left', 'CREAMBEIGE', 1, to_date('20020301','YYYYMMDD'), to_date('20030301','YYYYMMDD'), '52107124981', '', 'ENDED', false);
insert into DiagramParts values('GM21-52_2938-52107124982', 'GM21-52_2938', 09, 'Finisher, upper rail, front, right', 'CREAMBEIGE', 1, to_date('20020301','YYYYMMDD'), to_date('20030301','YYYYMMDD'), '52107124982', '', 'ENDED', false);
insert into Diagram values('GM21-52_2938','GM21-20020900','52-10','E65 730d   SEAT FRONT SEAT COVERINGS','');
insert into Diagram values('GM21-52_2939','GM21-20020900','52-10','E65 730d   FRONT SEAT BACKREST FRAME/REAR PANEL','');
insert into Diagram values('GM21-52_2941','GM21-20020900','52-10','E65 730d   Seat, front, seat frame','');
insert into DiagramParts values('GM21-52_2942-52107114531', 'GM21-52_2942', 03, 'Set of flexible shafts', 'L153 / L233', 2, to_date('20030301','YYYYMMDD'), to_date('20030601','YYYYMMDD'), '52107114531', '$87.78', '', false);
insert into Diagram values('GM21-52_2942','GM21-20020900','52-10','E65 730d   FRONT SEAT RAIL','');
insert into Diagram values('GM21-52_2962','GM21-20020900','52-10','E65 730d   Seat, front, electrical and motors','');
insert into Diagram values('GM21-52_2964','GM21-20020900','52-10','E65 730d   Seat, front, electrical/motors, backrest','');
insert into Diagram values('GM21-52_3030','GM21-20020900','52-10','E65 730d   Sort of seam, seat','');
insert into Diagram values('GM21-52_3031','GM21-20020900','52-10','E65 730d   Seam pattern, seat','');
insert into Diagram values('GM21-52_3100','GM21-20020900','52-10','E65 730d   Seat, front, Active seat single parts','');
insert into Diagram values('GM21-52_3102','GM21-20020900','52-10','E65 730d   Seat, front, lumbar','');
insert into Diagram values('GM21-52_2943','GM21-20020900','52-20','E65 730d   Seat rear, upholstery & cover base seat','');
insert into Diagram values('GM21-52_2944','GM21-20020900','52-20','E65 730d   Seat rear, uphols & cover, Comfort seat','');
insert into Diagram values('GM21-52_2945','GM21-20020900','52-20','E65 730d   Electric rear seat frame','');
insert into Diagram values('GM21-52_2946','GM21-20020900','52-20','E65 730d   Rear seat head restraint','');
insert into Diagram values('GM21-52_2947','GM21-20020900','52-20','E65 730d   Rear seat center armrest','');
insert into Diagram values('GM21-52_2957','GM21-20020900','52-20','E65 730d   Seat rear, electric, backrest','');
insert into Diagram values('GM21-52_2960','GM21-20020900','52-20','E65 730d   SEAT REAR EL.ADJUSTABLE-DRIVE','');
insert into Diagram values('GM21-52_2961','GM21-20020900','52-20','E65 730d   Seat, rear, lumbar support','');
insert into Diagram values('GM21-52_2976','GM21-20020900','52-60','E65 730d   Cover material, running meter','');
insert into Diagram values('GM21-52_2989','GM21-20020900','52-60','E65 730d   Merino leather sold by meter','');
insert into Diagram values('GM21-52_3050','GM21-20020900','52-60','E65 730d   Yarded material,leather Nasca Klimaleder','');
insert into Diagram values('GM21-52_3051','GM21-20020900','52-60','E65 730d   Yarded mat.,leather Walknappa Klimaleder','');
insert into Diagram values('GM21-52_2929','GM21-20020900','52-95','E65 730d   Retrofit kit, rear seat heating','');
insert into Diagram values('GM21-52_2980','GM21-20020900','52-95','E65 730d   Installation tool for ISOFIX child seats','');
insert into Diagram values('GM21-52_3015','GM21-20020900','52-95','E65 730d   UNIVERSAL PRODECTIVE REAR COVER','');
insert into Diagram values('GM21-52_3043','GM21-20020900','52-95','E65 730d   Belt holder','');
insert into Diagram values('GM21-52_3269','GM21-20020900','52-95','E65 730d   Seat-back storage pocket','');
insert into Diagram values('GM21-54_0308','GM21-20020900','54-05','E65 730d   Lift-up-and-slide-back sunroof','');
insert into Diagram values('GM21-61_1577','GM21-20020900','61-05','E65 730d   Main wiring harness up to 03/2005','');
insert into Diagram values('GM21-61_1540','GM21-20020900','61-10','E65 730d   VARIOUS ADDITIONAL WIRING SETS','');
insert into Diagram values('GM21-61_1547','GM21-20020900','61-10','E65 730d   Battery cable','');
insert into Diagram values('GM21-61_1549','GM21-20020900','61-10','E65 730d   DOOR CABLE HARNESSES','');
insert into Diagram values('GM21-61_1575','GM21-20020900','61-10','E65 730d   Set of cables, center armrest','');
insert into Diagram values('GM21-61_1580','GM21-20020900','61-10','E65 730d   Wiring set seat','');
insert into Diagram values('GM21-61_1592','GM21-20020900','61-10','E65 730d   Repair cable main cable harness','');
insert into Diagram values('GM21-61_1599','GM21-20020900','61-10','E65 730d   Repair lines RDC','');
insert into Diagram values('GM21-61_1677','GM21-20020900','61-10','E65 730d   Repair cable, airbag','');
insert into Diagram values('GM21-61_1687','GM21-20020900','61-10','E65 730d   Rear seat wiring set','');
insert into Diagram values('GM21-61_1822','GM21-20020900','61-10','E65 730d   Cable-yarded material','');
insert into Diagram values('GM21-61_2047','GM21-20020900','61-10','E65 730d   Wiring harness covers/cable ducts','');
insert into Diagram values('GM21-61_1280','GM21-20020900','61-15','E65 730d   Plug terminal ELO not waterproof','');
insert into Diagram values('GM21-61_1296','GM21-20020900','61-15','E65 730d   Circular connector / D 2,5 mm System','');
insert into Diagram values('GM21-61_1349','GM21-20020900','61-15','E65 730d   Various comb-type connectors','');
insert into Diagram values('GM21-61_1445','GM21-20020900','61-15','E65 730d   Various parts, wiring harness repair','');
insert into Diagram values('GM21-61_1461','GM21-20020900','61-15','E65 730d   Diagnosis plug','');
insert into Diagram values('GM21-61_1559','GM21-20020900','61-15','E65 730d   PLUG-IN CONNECTION BRACKET','');
insert into Diagram values('GM21-61_1563','GM21-20020900','61-15','E65 730d   VARIOUS CABLE HOLDERS','');
insert into Diagram values('GM21-61_1578','GM21-20020900','61-15','E65 730d   Repair parts, optical fibre cable','');
insert into Diagram values('GM21-61_1586','GM21-20020900','61-15','E65 730d   Repair parts, flat cable','');
insert into Diagram values('GM21-61_1635','GM21-20020900','61-15','E65 730d   diverse plugs and connectors','');
insert into Diagram values('GM21-61_1691','GM21-20020900','61-15','E65 730d   Pin contacts ELO','');
insert into Diagram values('GM21-61_1754','GM21-20020900','61-15','E65 730d   Plug terminal ELO-Power','');
insert into Diagram values('GM21-61_2107','GM21-20020900','61-15','E65 730d   Various parts, wiring harness repair','');
insert into Diagram values('GM21-61_2156','GM21-20020900','61-15','E65 730d   Double leaf spring contact','');
insert into Diagram values('GM21-61_2217','GM21-20020900','61-15','E65 730d   Contact system MQS','');
insert into Diagram values('GM21-61_2444','GM21-20020900','61-15','E65 730d   diverse plugs and connectors','');
insert into Diagram values('GM21-61_2483','GM21-20020900','61-15','E65 730d   Cable tie','');
insert into Diagram values('GM21-61_2521','GM21-20020900','61-15','E65 730d   Socket housing MQS','');
insert into Diagram values('GM21-61_2638','GM21-20020900','61-15','E65 730d   Repair parts, coaxial cable contacts','');
insert into Diagram values('GM21-61_2680','GM21-20020900','61-15','E65 730d   Repair parts, coaxial cable housing','');
insert into Diagram values('GM21-61_1358','GM21-20020900','61-20','E65 730d   BRACKET F BODY CONTROL UNITS AND MODULES','');
insert into Diagram values('GM21-61_1566','GM21-20020900','61-20','E65 730d   Single components for fuse housing','');
insert into Diagram values('GM21-61_1584','GM21-20020900','61-20','E65 730d   Power distribution box','');
insert into Diagram values('GM21-61_1596','GM21-20020900','61-20','E65 730d   Fuses audio / video','');
insert into DiagramParts values('GM21-61_1557-61359221180', 'GM21-61_1557', 07, 'TRAILER TOWING MODUL', '4R', 1, to_date('20050301','YYYYMMDD'), to_date('20060901','YYYYMMDD'), '61359221180', '$203.91', '', false);
insert into Diagram values('GM21-61_1557','GM21-20020900','61-25','E65 730d   Control units/modules','');
insert into Diagram values('GM21-61_1558','GM21-20020900','61-25','E65 730d   Handheld transmitter','');
insert into Diagram values('GM21-61_1560','GM21-20020900','61-25','E65 730d   Sensors and relays','');
insert into Diagram values('GM21-61_1562','GM21-20020900','61-25','E65 730d   Control unit/antennas passive access','');
insert into Diagram values('GM21-61_1570','GM21-20020900','61-25','E65 730d   Central gateway module','');
insert into Diagram values('GM21-61_1543','GM21-20020900','61-30','E65 730d   Original BMW battery (Warranty only)','');
insert into Diagram values('GM21-61_1544','GM21-20020900','61-30','E65 730d   battery holder and mounting parts','');
insert into Diagram values('GM21-61_1853','GM21-20020900','61-30','E65 730d   Only for Japan - original BMW battery','');
insert into Diagram values('GM21-61_1546','GM21-20020900','61-35','E65 730d   Steering column switch/control unit','');
insert into Diagram values('GM21-61_1548','GM21-20020900','61-35','E65 730d   Switch, steering wheel','');
insert into Diagram values('GM21-61_1550','GM21-20020900','61-35','E65 730d   Steering column trim','');
insert into Diagram values('GM21-61_1552','GM21-20020900','61-35','E65 730d   VARIOUS SWITCHES','');
insert into Diagram values('GM21-61_1553','GM21-20020900','61-35','E65 730d   Phone board/drawer','');
insert into Diagram values('GM21-61_1554','GM21-20020900','61-35','E65 730d   SWITCH F WINDOW LIFTER/MIRROR','');
insert into Diagram values('GM21-61_1556','GM21-20020900','61-35','E65 730d   Cigarette lighter / sockets','');
insert into Diagram values('GM21-61_1574','GM21-20020900','61-35','E65 730d   Switch unit, light','');
insert into Diagram values('GM21-61_1723','GM21-20020900','61-35','E65 730d   TV/Audio plug socket','');
insert into Diagram values('GM21-61_1979','GM21-20020900','61-35','E65 730d   Switch, additional seat functions, front','');
insert into Diagram values('GM21-61_1980','GM21-20020900','61-35','E65 730d   Seat adjustment switch, front','');
insert into Diagram values('GM21-61_1981','GM21-20020900','61-35','E65 730d   Switch, additional seat functions, rear','');
insert into Diagram values('GM21-61_1982','GM21-20020900','61-35','E65 730d   Seat adjustment switch, rear','');
insert into Diagram values('GM21-61_1983','GM21-20020900','61-35','E65 730d   TV connection in rear armrest','');
insert into Diagram values('GM21-61_1984','GM21-20020900','61-35','E65 730d   Control unit center console/armrest','');
insert into Diagram values('GM21-61_1985','GM21-20020900','61-35','E65 730d   Ignition switch/CAS','');
insert into Diagram values('GM21-61_1555','GM21-20020900','61-40','E65 730d   Horn','');
insert into Diagram values('GM21-61_1561','GM21-20020900','61-45','E65 730d   Wiper','');
insert into Diagram values('GM21-61_1565','GM21-20020900','61-45','E65 730d   Reserv.,windshield/headlight washer syst','');
insert into Diagram values('GM21-61_1567','GM21-20020900','61-45','E65 730d   Hose lines, windshield washer system','');
insert into Diagram values('GM21-61_1568','GM21-20020900','61-45','E65 730d   Hose lines, headlight washer system','');
insert into Diagram values('GM21-61_1627','GM21-20020900','61-95','E65 730d   Retrofit kit, headlight cleaning system','');
insert into Diagram values('GM21-61_1888','GM21-20020900','61-95','E65 730d   Remote control/compass interior mirror','');
insert into Diagram values('GM21-61_2223','GM21-20020900','61-95','E65 730d   Suppression filter','');
insert into Diagram values('GM21-61_3026','GM21-20020900','61-95','E65 730d   Battery charger','');
insert into Diagram values('GM21-61_3244','GM21-20020900','61-95','E65 730d   Battery charger','');
insert into Diagram values('GM21-62_0411','GM21-20020900','62-05','E65 730d   Instrument cluster','');
insert into Diagram values('GM21-62_0561','GM21-20020900','62-95','E65 730d   Electronic log book','');
insert into Diagram values('GM21-63_0686','GM21-20020900','63-05','E65 730d   Headlight','');
insert into Diagram values('GM21-63_0694','GM21-20020900','63-05','E65 730d   Single parts, xenon headlight','');
insert into Diagram values('GM21-63_0724','GM21-20020900','63-05','E65 730d   Headlight, electronic parts, Xenon light','');
insert into Diagram values('GM21-63_0725','GM21-20020900','63-05','E65 730d   Single parts, xenon headlight','');
insert into Diagram values('GM21-63_0932','GM21-20020900','63-05','E65 730d   Headlight','');
insert into Diagram values('GM21-63_1067','GM21-20020900','63-05','E65 730d   SPARE BULBS BOX','');
insert into Diagram values('GM21-63_1363','GM21-20020900','63-05','E65 730d   BMW Performance Light','');
insert into Diagram values('GM21-63_1420','GM21-20020900','63-05','E65 730d   SPARE BULBS BOX','');
insert into Diagram values('GM21-63_0687','GM21-20020900','63-10','E65 730d   Additional turn indicator lamp','');
insert into Diagram values('GM21-63_0688','GM21-20020900','63-15','E65 730d   Fog lights','');
insert into Diagram values('GM21-63_0925','GM21-20020900','63-15','E65 730d   Fog lights','');
insert into Diagram values('GM21-63_0690','GM21-20020900','63-20','E65 730d   Rear light in the side panel','');
insert into Diagram values('GM21-63_0691','GM21-20020900','63-20','E65 730d   Rear light in trunk lid','');
insert into Diagram values('GM21-63_0692','GM21-20020900','63-20','E65 730d   Rear light in trunk lid, center','');
insert into Diagram values('GM21-63_0926','GM21-20020900','63-20','E65 730d   Rear light in the side panel','');
insert into DiagramParts values('GM21-63_0929-63217160804', 'GM21-63_0929', 06, 'Longlife bulb', '12V 16W', 2, to_date('20050301','YYYYMMDD'), to_date('20080101','YYYYMMDD'), '63217160804', '', 'ENDED', false);
insert into Diagram values('GM21-63_0929','GM21-20020900','63-20','E65 730d   Rear light in trunk lid','');
insert into Diagram values('GM21-63_0689','GM21-20020900','63-25','E65 730d   Third stoplamp','');
insert into Diagram values('GM21-63_0727','GM21-20020900','63-30','E65 730d   VARIOUS LAMPS/SPARE BULBS BOX','');
insert into Diagram values('GM21-63_0737','GM21-20020900','63-30','E65 730d   Various lamps','');
insert into Diagram values('GM21-63_0788','GM21-20020900','63-30','E65 730d   Various lamps','');
insert into Diagram values('GM21-63_0738','GM21-20020900','63-95','E65 730d   Retrofit kit, bi-xenon headlight','');
insert into Diagram values('GM21-63_0747','GM21-20020900','63-95','E65 730d   Install.kit turn indicators, white','');
insert into Diagram values('GM21-63_1153','GM21-20020900','63-95','E65 730d   Flashlight, LED','');
insert into Diagram values('GM21-63_1289','GM21-20020900','63-95','E65 730d   Retrofit kit, LED daytime driving lights','');
insert into Diagram values('GM21-63_1322','GM21-20020900','63-95','E65 730d   LED interior light package','');
insert into Diagram values('GM21-63_1509','GM21-20020900','63-95','E65 730d   BMW LED luggage compartment lamp','');
insert into Diagram values('GM21-64_1250','GM21-20020900','64-05','E65 730d   AIR CHANNEL','');
insert into Diagram values('GM21-64_1251','GM21-20020900','64-05','E65 730d   AIR OUTLET','');
insert into Diagram values('GM21-64_1307','GM21-20020900','64-05','E65 730d   Condenser air conditioning','');
insert into Diagram values('GM21-64_1252','GM21-20020900','64-10','E65 730d   Microfilter/housing parts','');
insert into Diagram values('GM21-64_1246','GM21-20020900','64-15','E65 730d   HEATER RADIATOR AUTOMATIC AIR CONDITION','');
insert into Diagram values('GM21-64_1315','GM21-20020900','64-18','E65 730d   Independent heating water valves','');
insert into Diagram values('GM21-64_1316','GM21-20020900','64-18','E65 730d   Auxiliary heater water hoses','');
insert into Diagram values('GM21-64_1255','GM21-20020900','64-20','E65 730d   Control unit, automatic air cond.,High','');
insert into Diagram values('GM21-64_1304','GM21-20020900','64-20','E65 730d   Automatic air conditioning control','');
insert into Diagram values('GM21-64_1248','GM21-20020900','64-30','E65 730d   Evaporator / Expansion valve','');
insert into Diagram values('GM21-64_1245','GM21-20020900','64-35','E65 730d   Housing parts automatic air conditioning','');
insert into Diagram values('GM21-64_1256','GM21-20020900','64-35','E65 730d   Housing parts, coolbox','');
insert into DiagramParts values('GM21-64_1395-64116917785', 'GM21-64_1395', 05, 'Cover, coolbox', 'SCHWARZ', 1, to_date('20030501','YYYYMMDD'), to_date('20060601','YYYYMMDD'), '64116917785', '$114.79', '', false);
insert into DiagramParts values('GM21-64_1395-64116917786', 'GM21-64_1395', 05, 'Cover, coolbox', 'FLANELLGRAU', 1, to_date('20030501','YYYYMMDD'), to_date('20060601','YYYYMMDD'), '64116917786', '$114.79', '', false);
insert into DiagramParts values('GM21-64_1395-64116917787', 'GM21-64_1395', 05, 'Cover, coolbox', 'BEIGE 3', 1, to_date('20030501','YYYYMMDD'), to_date('20060601','YYYYMMDD'), '64116917787', '$114.79', '', false);
insert into DiagramParts values('GM21-64_1395-64116917789', 'GM21-64_1395', 05, 'Cover, coolbox', 'NATURBRAUN', 1, to_date('20030501','YYYYMMDD'), to_date('20060601','YYYYMMDD'), '64116917789', '$114.79', '', false);
insert into DiagramParts values('GM21-64_1395-64116917790', 'GM21-64_1395', 05, 'Cover, coolbox', 'CREAMBEIGE', 1, to_date('20030501','YYYYMMDD'), to_date('20060601','YYYYMMDD'), '64116917790', '$114.79', '', false);
insert into Diagram values('GM21-64_1395','GM21-20020900','64-35','E65 730d   Housing parts, coolbox','');
insert into Diagram values('GM21-64_1249','GM21-20020900','64-40','E65 730d   ELECTRIC PARTS F AUTOMATIC AIR CONDITION','');
insert into Diagram values('GM21-64_1085','GM21-20020900','64-45','E65 730d   Solar sensor','');
insert into Diagram values('GM21-64_1247','GM21-20020900','64-45','E65 730d   ACTUATOR FOR AUTOMATIC AIR CONDITION','');
insert into Diagram values('GM21-64_1254','GM21-20020900','64-45','E65 730d   ACTUATOR FOR AUTOMATIC AIR CONDITION','');
insert into Diagram values('GM21-64_1343','GM21-20020900','64-45','E65 730d   SENSOR F. AUC','');
insert into Diagram values('GM21-64_1253','GM21-20020900','64-50','E65 730d   AIR COND.COMPRESSOR-SUPPORTING BRACKET','');
insert into Diagram values('GM21-64_1321','GM21-20020900','64-50','E65 730d   CLIMATE COMPRESSOR SUPPORTING BRACKET','');
insert into Diagram values('GM21-64_1387','GM21-20020900','64-50','E65 730d   Air-conditioner compressor','');
insert into Diagram values('GM21-64_1308','GM21-20020900','64-55','E65 730d   Pusher fan','');
insert into Diagram values('GM21-64_1232','GM21-20020900','64-60','E65 730d   Coolant lines','');
insert into Diagram values('GM21-64_1230','GM21-20020900','64-65','E65 730d   Auxiliary heating','');
insert into Diagram values('GM21-64_1231','GM21-20020900','64-65','E65 730d   FUEL SUPPLY/PUMP/TUBING','');
insert into Diagram values('GM21-64_1314','GM21-20020900','64-65','E65 730d   Additional heater','');
insert into Diagram values('GM21-64_1257','GM21-20020900','64-95','E65 730d   Install.kit, independent heater','');
insert into Diagram values('GM21-64_1264','GM21-20020900','64-95','E65 730d   Refrigerator box retrofit','');
insert into Diagram values('GM21-64_1319','GM21-20020900','64-95','E65 730d   Labels independent heating','');
insert into Diagram values('GM21-64_1633','GM21-20020900','64-95','E65 730d   Retrofit kit, remote cntrl,indep.heating','');
insert into Diagram values('GM21-65_0207','GM21-20020900','65-05','E65 730d   Earth strap for engine hood','');
insert into DiagramParts values('GM21-65_1128-65126928897', 'GM21-65_1128', 01, 'Audio system controller CD', 'FOND', 1, to_date('20020901','YYYYMMDD'), to_date('20030101','YYYYMMDD'), '65126928897', '', 'ENDED', false);
insert into DiagramParts values('GM21-65_1128-65126933510', 'GM21-65_1128', 01, 'Audio system controller CD', 'FOND', 1, to_date('20020901','YYYYMMDD'), to_date('20030101','YYYYMMDD'), '65126933510', '', 'ENDED', false);
insert into DiagramParts values('GM21-65_1128-65126935623', 'GM21-65_1128', 01, 'Audio system controller CD', 'FOND', 1, to_date('20020901','YYYYMMDD'), to_date('20030101','YYYYMMDD'), '65126935623', '', '+core, ENDED', false);
insert into DiagramParts values('GM21-65_1128-65126937738', 'GM21-65_1128', 01, 'Audio system controller CD', 'FOND', 1, to_date('20020901','YYYYMMDD'), to_date('20030101','YYYYMMDD'), '65126937738', '', 'ENDED', false);
insert into DiagramParts values('GM21-65_1128-65126941679', 'GM21-65_1128', 01, 'Audio system controller CD', 'FOND', 1, to_date('20020901','YYYYMMDD'), to_date('20030101','YYYYMMDD'), '65126941679', '', '+core, ENDED', false);
insert into DiagramParts values('GM21-65_1128-65126943223', 'GM21-65_1128', 01, 'Audio system controller CD', 'FOND', 1, to_date('20020901','YYYYMMDD'), to_date('20030101','YYYYMMDD'), '65126943223', '', 'ENDED', false);
insert into DiagramParts values('GM21-65_1128-65126946084', 'GM21-65_1128', 01, 'Audio system controller CD', 'FOND', 1, to_date('20020901','YYYYMMDD'), to_date('20030101','YYYYMMDD'), '65126946084', '', 'ENDED', false);
insert into DiagramParts values('GM21-65_1128-65126947714', 'GM21-65_1128', 01, 'Audio system controller CD', 'FOND', 1, to_date('20020901','YYYYMMDD'), to_date('20030101','YYYYMMDD'), '65126947714', '', 'ENDED', false);
insert into DiagramParts values('GM21-65_1128-65126933511', 'GM21-65_1128', 01, 'AT-audio system controller CD', 'FOND', 1, to_date('20020901','YYYYMMDD'), to_date('20030301','YYYYMMDD'), '65126933511', '', 'ENDED', false);
insert into DiagramParts values('GM21-65_1128-65126939012', 'GM21-65_1128', 01, 'AT-audio system controller CD', 'FOND', 1, to_date('20020901','YYYYMMDD'), to_date('20030601','YYYYMMDD'), '65126939012', '', 'ENDED', false);
insert into DiagramParts values('GM21-65_1128-65126939018', 'GM21-65_1128', 01, 'AT-audio system controller CD', 'FOND', 1, to_date('20020901','YYYYMMDD'), to_date('20031001','YYYYMMDD'), '65126939018', '', 'ENDED', false);
insert into DiagramParts values('GM21-65_1128-65126942469', 'GM21-65_1128', 01, 'AT-audio system controller CD', 'FOND', 1, to_date('20020901','YYYYMMDD'), to_date('20031201','YYYYMMDD'), '65126942469', '', 'ENDED', false);
insert into DiagramParts values('GM21-65_1128-65126946477', 'GM21-65_1128', 01, 'AT-audio system controller CD', 'FOND', 1, to_date('20020901','YYYYMMDD'), to_date('20040301','YYYYMMDD'), '65126946477', '', 'ENDED', false);
insert into DiagramParts values('GM21-65_1128-65126949387', 'GM21-65_1128', 01, 'AT-audio system controller CD', 'FOND', 1, to_date('20020901','YYYYMMDD'), to_date('20050301','YYYYMMDD'), '65126949387', '', 'ENDED', false);
insert into Diagram values('GM21-65_1128','GM21-20020900','65-05','E65 730d   Audio system controller CD','');
insert into DiagramParts values('GM21-65_1129-65126928898', 'GM21-65_1129', 01, 'Audio system controller MD', 'FOND', 1, to_date('20020901','YYYYMMDD'), to_date('20030101','YYYYMMDD'), '65126928898', '', '+core, ENDED', false);
insert into DiagramParts values('GM21-65_1129-65126933512', 'GM21-65_1129', 01, 'Audio system controller MD', 'FOND', 1, to_date('20020901','YYYYMMDD'), to_date('20030101','YYYYMMDD'), '65126933512', '', '+core, ENDED', false);
insert into DiagramParts values('GM21-65_1129-65126935624', 'GM21-65_1129', 01, 'Audio system controller MD', 'FOND', 1, to_date('20020901','YYYYMMDD'), to_date('20030101','YYYYMMDD'), '65126935624', '', '+core, ENDED', false);
insert into DiagramParts values('GM21-65_1129-65126937739', 'GM21-65_1129', 01, 'Audio system controller MD', 'FOND', 1, to_date('20020901','YYYYMMDD'), to_date('20030101','YYYYMMDD'), '65126937739', '', '+core, ENDED', false);
insert into DiagramParts values('GM21-65_1129-65126941680', 'GM21-65_1129', 01, 'Audio system controller MD', 'FOND', 1, to_date('20020901','YYYYMMDD'), to_date('20030101','YYYYMMDD'), '65126941680', '', '+core, ENDED', false);
insert into DiagramParts values('GM21-65_1129-65126943224', 'GM21-65_1129', 01, 'Audio system controller MD', 'FOND', 1, to_date('20020901','YYYYMMDD'), to_date('20030101','YYYYMMDD'), '65126943224', '', 'ENDED', false);
insert into DiagramParts values('GM21-65_1129-65126946085', 'GM21-65_1129', 01, 'Audio system controller MD', 'FOND', 1, to_date('20020901','YYYYMMDD'), to_date('20030101','YYYYMMDD'), '65126946085', '', 'ENDED', false);
insert into DiagramParts values('GM21-65_1129-65126947715', 'GM21-65_1129', 01, 'Audio system controller MD', 'FOND', 1, to_date('20020901','YYYYMMDD'), to_date('20030101','YYYYMMDD'), '65126947715', '', 'ENDED', false);
insert into DiagramParts values('GM21-65_1129-65126954396', 'GM21-65_1129', 01, 'Audio system controller MD', 'FOND', 1, to_date('20020901','YYYYMMDD'), to_date('20030101','YYYYMMDD'), '65126954396', '', 'ENDED', false);
insert into DiagramParts values('GM21-65_1129-65126933513', 'GM21-65_1129', 01, 'AT-audio system controller MD', 'FOND', 1, to_date('20020901','YYYYMMDD'), to_date('20030301','YYYYMMDD'), '65126933513', '', '+core, ENDED', false);
insert into DiagramParts values('GM21-65_1129-65126939013', 'GM21-65_1129', 01, 'AT-audio system controller MD', 'FOND', 1, to_date('20020901','YYYYMMDD'), to_date('20030601','YYYYMMDD'), '65126939013', '', '+core, ENDED', false);
insert into DiagramParts values('GM21-65_1129-65126939019', 'GM21-65_1129', 01, 'AT-audio system controller MD', 'FOND', 1, to_date('20020901','YYYYMMDD'), to_date('20031001','YYYYMMDD'), '65126939019', '', '+core, ENDED', false);
insert into DiagramParts values('GM21-65_1129-65126942470', 'GM21-65_1129', 01, 'AT-audio system controller MD', 'FOND', 1, to_date('20020901','YYYYMMDD'), to_date('20031201','YYYYMMDD'), '65126942470', '', 'ENDED', false);
insert into DiagramParts values('GM21-65_1129-65126946478', 'GM21-65_1129', 01, 'AT-audio system controller MD', 'FOND', 1, to_date('20020901','YYYYMMDD'), to_date('20040301','YYYYMMDD'), '65126946478', '', 'ENDED', false);
insert into DiagramParts values('GM21-65_1129-65126949388', 'GM21-65_1129', 01, 'AT-audio system controller MD', 'FOND', 1, to_date('20020901','YYYYMMDD'), to_date('20040901','YYYYMMDD'), '65126949388', '', 'ENDED', false);
insert into DiagramParts values('GM21-65_1129-65126954984', 'GM21-65_1129', 01, 'AT-audio system controller MD', 'FOND', 1, to_date('20020901','YYYYMMDD'), to_date('20050301','YYYYMMDD'), '65126954984', '', 'ENDED', false);
insert into Diagram values('GM21-65_1129','GM21-20020900','65-05','E65 730d   Audio system controller MD','');
insert into DiagramParts values('GM21-65_1151-65126928896', 'GM21-65_1151', 01, 'Audio system controller CC', 'FOND', 1, to_date('20020901','YYYYMMDD'), to_date('20030101','YYYYMMDD'), '65126928896', '', '+core, ENDED', false);
insert into DiagramParts values('GM21-65_1151-65126933508', 'GM21-65_1151', 01, 'Audio system controller CC', 'FOND', 1, to_date('20020901','YYYYMMDD'), to_date('20030101','YYYYMMDD'), '65126933508', '', '+core, ENDED', false);
insert into DiagramParts values('GM21-65_1151-65126935622', 'GM21-65_1151', 01, 'Audio system controller CC', 'FOND', 1, to_date('20020901','YYYYMMDD'), to_date('20030101','YYYYMMDD'), '65126935622', '', '+core, ENDED', false);
insert into DiagramParts values('GM21-65_1151-65126937737', 'GM21-65_1151', 01, 'Audio system controller CC', 'FOND', 1, to_date('20020901','YYYYMMDD'), to_date('20030101','YYYYMMDD'), '65126937737', '', '+core, ENDED', false);
insert into DiagramParts values('GM21-65_1151-65126933509', 'GM21-65_1151', 01, 'Replacement CC audio system controller', 'FOND', 1, to_date('20020901','YYYYMMDD'), to_date('20030301','YYYYMMDD'), '65126933509', '', '+core, ENDED', false);
insert into DiagramParts values('GM21-65_1151-65126939011', 'GM21-65_1151', 01, 'Replacement CC audio system controller', 'FOND', 1, to_date('20020901','YYYYMMDD'), to_date('20030601','YYYYMMDD'), '65126939011', '', '+core, ENDED', false);
insert into DiagramParts values('GM21-65_1151-65126939017', 'GM21-65_1151', 01, 'Replacement CC audio system controller', 'FOND', 1, to_date('20020901','YYYYMMDD'), to_date('20030901','YYYYMMDD'), '65126939017', '$735.35', '+core', false);
insert into Diagram values('GM21-65_1151','GM21-20020900','65-05','E65 730d   Audio system controller CC','');
insert into Diagram values('GM21-65_2440','GM21-20020900','65-05','E65 730d   DAB Retrofit','');
insert into Diagram values('GM21-65_1786','GM21-20020900','65-07','E65 730d   Auxiliary connection cable','');
insert into Diagram values('GM21-65_1121','GM21-20020900','65-10','E65 730d   CD Changer','');
insert into Diagram values('GM21-65_1184','GM21-20020900','65-10','E65 730d   DVD Changer/Bracket','');
insert into Diagram values('GM21-65_1109','GM21-20020900','65-20','E65 730d   Single parts, Stereo System, door frnt','');
insert into Diagram values('GM21-65_1111','GM21-20020900','65-20','E65 730d   SINGLE PARTS F FRONT DOOR HIFI SYSTEM','');
insert into Diagram values('GM21-65_1112','GM21-20020900','65-20','E65 730d   SINGLE PARTS F FRONT DOOR TOP-HIFI SYST.','');
insert into Diagram values('GM21-65_1113','GM21-20020900','65-20','E65 730d   SINGLE PARTS F REAR DOOR TOP-HIFI SYST.','');
insert into Diagram values('GM21-65_1114','GM21-20020900','65-20','E65 730d   Components central bass','');
insert into Diagram values('GM21-65_1115','GM21-20020900','65-20','E65 730d   SINGLE PARTS F PACKAGE SHELF STEREO SYST','');
insert into Diagram values('GM21-65_1116','GM21-20020900','65-20','E65 730d   SINGLE PARTS F PACKAGE SHELF HIFI SYSTEM','');
insert into Diagram values('GM21-65_1117','GM21-20020900','65-20','E65 730d   SINGLE PARTS F PACKAGE SHELF TOP-HIFI','');
insert into Diagram values('GM21-65_1118','GM21-20020900','65-20','E65 730d   Components Top-HiFi instrument panel','');
insert into Diagram values('GM21-65_1851','GM21-20020900','65-22','E65 730d   Universal aerial cable','');
insert into Diagram values('GM21-65_1120','GM21-20020900','65-25','E65 730d   Amplifier / bracket','');
insert into DiagramParts values('GM21-65_1131-65206963755', 'GM21-65_1131', 01, 'Antenna tuner', 'PROFESSIONAL', 1, to_date('20050301','YYYYMMDD'), to_date('20050601','YYYYMMDD'), '65206963755', '', 'ENDED', false);
insert into DiagramParts values('GM21-65_1131-65206976780', 'GM21-65_1131', 01, 'Antenna tuner', 'PROFESSIONAL', 1, to_date('20050301','YYYYMMDD'), to_date('20050901','YYYYMMDD'), '65206976780', '', '', false);
insert into DiagramParts values('GM21-65_1131-65206981946', 'GM21-65_1131', 01, 'Antenna tuner', 'PROFESSIONAL', 1, to_date('20050901','YYYYMMDD'), to_date('20060901','YYYYMMDD'), '65206981946', '', 'ENDED', false);
insert into DiagramParts values('GM21-65_1131-65209131151', 'GM21-65_1131', 01, 'Antenna tuner', 'PROFESSIONAL', 1, to_date('20050901','YYYYMMDD'), to_date('20070301','YYYYMMDD'), '65209131151', '', 'ENDED', false);
insert into Diagram values('GM21-65_1131','GM21-20020900','65-30','E65 730d   Antenna tuner','');
insert into Diagram values('GM21-65_1132','GM21-20020900','65-30','E65 730d   Antenna amplifier Diversity','');
insert into DiagramParts values('GM21-65_1133-65206938063', 'GM21-65_1133', 01, 'AMPLIFIER F REAR WINDOW ANTENNA', '315MHZ', 1, to_date('20030901','YYYYMMDD'), to_date('20070701','YYYYMMDD'), '65206938063', '', 'ENDED', false);
insert into Diagram values('GM21-65_1133','GM21-20020900','65-30','E65 730d   Antenna amplifier','');
insert into Diagram values('GM21-65_1195','GM21-20020900','65-30','E65 730d   Antenna cable, Audio/Video','');
insert into Diagram values('GM21-65_1119','GM21-20020900','65-45','E65 730d   Headset module','');
insert into Diagram values('GM21-65_1148','GM21-20020900','65-45','E65 730d   Video module','');
insert into Diagram values('GM21-65_1161','GM21-20020900','65-45','E65 730d   Control display','');
insert into Diagram values('GM21-65_1162','GM21-20020900','65-45','E65 730d   Rear compartment monitor','');
insert into DiagramParts values('GM21-65_1228-65829157126', 'GM21-65_1228', 01, 'Control display', '6,5&quot;', 1, to_date('20050301','YYYYMMDD'), to_date('20070901','YYYYMMDD'), '65829157126', '', 'ENDED', false);
insert into DiagramParts values('GM21-65_1228-65506967627', 'GM21-65_1228', 01, 'Control display', '8,8&quot;', 1, to_date('20050301','YYYYMMDD'), to_date('20070301','YYYYMMDD'), '65506967627', '', 'ENDED', false);
insert into DiagramParts values('GM21-65_1228-65829110640', 'GM21-65_1228', 01, 'Control display', '8,8&quot;', 1, to_date('20050301','YYYYMMDD'), to_date('20070301','YYYYMMDD'), '65829110640', '', 'ENDED', false);
insert into DiagramParts values('GM21-65_1228-65829130564', 'GM21-65_1228', 01, 'Control display', '8,8&quot;', 1, to_date('20050301','YYYYMMDD'), to_date('20070301','YYYYMMDD'), '65829130564', '', 'ENDED', false);
insert into DiagramParts values('GM21-65_1228-65829157124', 'GM21-65_1228', 01, 'Control display', '8,8&quot;', 1, to_date('20050301','YYYYMMDD'), to_date('20070901','YYYYMMDD'), '65829157124', '', 'ENDED', false);
insert into Diagram values('GM21-65_1228','GM21-20020900','65-45','E65 730d   Control display for Asia','');
insert into Diagram values('GM21-65_1631','GM21-20020900','65-45','E65 730d   Video module','');
insert into Diagram values('GM21-65_1632','GM21-20020900','65-45','E65 730d   Video module','');
insert into Diagram values('GM21-65_1633','GM21-20020900','65-45','E65 730d   Video module','');
insert into Diagram values('GM21-65_0493','GM21-20020900','65-50','E65 730d   CD navigation street map','');
insert into Diagram values('GM21-65_1168','GM21-20020900','65-50','E65 730d   Navigation system','');
insert into DiagramParts values('GM21-65_1333-65900433143', 'GM21-65_1333', 01, 'CD Road Map Singapore/Malaysia', '2008-1', 1, to_date('20030301','YYYYMMDD'), to_date('20080701','YYYYMMDD'), '65900433143', '', 'ENDED', false);
insert into DiagramParts values('GM21-65_1333-65902147296', 'GM21-65_1333', 01, 'CD Road Map Singapore/Malaysia/Thailand', '2009-1', 1, to_date('20030301','YYYYMMDD'), to_date('20080701','YYYYMMDD'), '65902147296', '', '+core, ENDED', false);
insert into Diagram values('GM21-65_1333','GM21-20020900','65-50','E65 730d   DVD navigation street map','');
insert into DiagramParts values('GM21-65_1356-65909139610', 'GM21-65_1356', 01, 'Navigation DVD computer', 'CHINA', 1, to_date('20050301','YYYYMMDD'), to_date('20070901','YYYYMMDD'), '65909139610', '', 'ENDED', false);
insert into Diagram values('GM21-65_1356','GM21-20020900','65-50','E65 730d   Navigation system, Asia','');
insert into Diagram values('GM21-65_1403','GM21-20020900','65-50','E65 730d   Controller','');
insert into DiagramParts values('GM21-65_1404-65758207870', 'GM21-65_1404', 04, 'Torx bolt', '4X14MM', 4, to_date('20031001','YYYYMMDD'), to_date('20050301','YYYYMMDD'), '65758207870', '', 'ENDED', false);
insert into DiagramParts values('GM21-65_1404-07146963839', 'GM21-65_1404', 04, 'Screw', '4X14MM', 4, to_date('20031001','YYYYMMDD'), to_date('20050301','YYYYMMDD'), '07146963839', '$0.20', '', false);
insert into Diagram values('GM21-65_1404','GM21-20020900','65-50','E65 730d   Controller','');
insert into Diagram values('GM21-65_1650','GM21-20020900','65-50','E65 730d   Navigation computer drive','');
insert into DiagramParts values('GM21-65_1724-65909112341', 'GM21-65_1724', 01, 'FSC JNav map 2007-1 initialization', 'ASAP', 1, to_date('20070301','YYYYMMDD'), to_date('20070901','YYYYMMDD'), '65909112341', '', 'ENDED', false);
insert into Diagram values('GM21-65_1724','GM21-20020900','65-50','E65 730d   Enable code for Japanese navigation','');
insert into Diagram values('GM21-65_1145','GM21-20020900','65-60','E65 730d   Alarm systems','');
insert into Diagram values('GM21-65_1057','GM21-20020900','65-65','E65 730d   Electric parts for airbag','');
insert into Diagram values('GM21-65_1143','GM21-20020900','65-65','E65 730d   Electr. compon. seat occupancy detection','');
insert into Diagram values('GM21-65_1180','GM21-20020900','65-70','E65 730d   Temperature sensor','');
insert into Diagram values('GM21-65_1175','GM21-20020900','65-95','E65 730d   Retrofit kit, CD-changer','');
insert into Diagram values('GM21-65_1186','GM21-20020900','65-95','E65 730d   INSTALLATION KIT ALARM SYSTEM','');
insert into Diagram values('GM21-65_1196','GM21-20020900','65-95','E65 730d   Retrofit kit, DVD changer','');
insert into DiagramParts values('GM21-65_1243-65126928898', 'GM21-65_1243', 02, 'Audio system controller MD', 'FOND', 1, to_date('20020901','YYYYMMDD'), to_date('20030101','YYYYMMDD'), '65126928898', '', '+core, ENDED', false);
insert into DiagramParts values('GM21-65_1243-65126933512', 'GM21-65_1243', 02, 'Audio system controller MD', 'FOND', 1, to_date('20020901','YYYYMMDD'), to_date('20030301','YYYYMMDD'), '65126933512', '', '+core, ENDED', false);
insert into DiagramParts values('GM21-65_1243-65126935624', 'GM21-65_1243', 02, 'Audio system controller MD', 'FOND', 1, to_date('20020901','YYYYMMDD'), to_date('20030601','YYYYMMDD'), '65126935624', '', '+core, ENDED', false);
insert into DiagramParts values('GM21-65_1243-65126937739', 'GM21-65_1243', 02, 'Audio system controller MD', 'FOND', 1, to_date('20020901','YYYYMMDD'), to_date('20031001','YYYYMMDD'), '65126937739', '', '+core, ENDED', false);
insert into DiagramParts values('GM21-65_1243-65126941680', 'GM21-65_1243', 02, 'Audio system controller MD', 'FOND', 1, to_date('20020901','YYYYMMDD'), to_date('20031201','YYYYMMDD'), '65126941680', '', '+core, ENDED', false);
insert into DiagramParts values('GM21-65_1243-65126943224', 'GM21-65_1243', 02, 'Audio system controller MD', 'FOND', 1, to_date('20020901','YYYYMMDD'), to_date('20031201','YYYYMMDD'), '65126943224', '', 'ENDED', false);
insert into DiagramParts values('GM21-65_1243-65126946085', 'GM21-65_1243', 02, 'Audio system controller MD', 'FOND', 1, to_date('20020901','YYYYMMDD'), to_date('20040301','YYYYMMDD'), '65126946085', '', 'ENDED', false);
insert into DiagramParts values('GM21-65_1243-65126947715', 'GM21-65_1243', 02, 'Audio system controller MD', 'FOND', 1, to_date('20020901','YYYYMMDD'), to_date('20040901','YYYYMMDD'), '65126947715', '', 'ENDED', false);
insert into DiagramParts values('GM21-65_1243-65126954396', 'GM21-65_1243', 02, 'Audio system controller MD', 'FOND', 1, to_date('20020901','YYYYMMDD'), to_date('20050301','YYYYMMDD'), '65126954396', '', 'ENDED', false);
insert into Diagram values('GM21-65_1243','GM21-20020900','65-95','E65 730d   Conversion ASK CC to ASK MD Professional','');
insert into DiagramParts values('GM21-65_1244-65126928898', 'GM21-65_1244', 02, 'Audio system controller MD', 'FOND', 1, to_date('20020901','YYYYMMDD'), to_date('20030101','YYYYMMDD'), '65126928898', '', '+core, ENDED', false);
insert into DiagramParts values('GM21-65_1244-65126933512', 'GM21-65_1244', 02, 'Audio system controller MD', 'FOND', 1, to_date('20020901','YYYYMMDD'), to_date('20030301','YYYYMMDD'), '65126933512', '', '+core, ENDED', false);
insert into DiagramParts values('GM21-65_1244-65126935624', 'GM21-65_1244', 02, 'Audio system controller MD', 'FOND', 1, to_date('20020901','YYYYMMDD'), to_date('20030601','YYYYMMDD'), '65126935624', '', '+core, ENDED', false);
insert into DiagramParts values('GM21-65_1244-65126937739', 'GM21-65_1244', 02, 'Audio system controller MD', 'FOND', 1, to_date('20020901','YYYYMMDD'), to_date('20031001','YYYYMMDD'), '65126937739', '', '+core, ENDED', false);
insert into DiagramParts values('GM21-65_1244-65126941680', 'GM21-65_1244', 02, 'Audio system controller MD', 'FOND', 1, to_date('20020901','YYYYMMDD'), to_date('20031201','YYYYMMDD'), '65126941680', '', '+core, ENDED', false);
insert into DiagramParts values('GM21-65_1244-65126943224', 'GM21-65_1244', 02, 'Audio system controller MD', 'FOND', 1, to_date('20020901','YYYYMMDD'), to_date('20031201','YYYYMMDD'), '65126943224', '', 'ENDED', false);
insert into DiagramParts values('GM21-65_1244-65126946085', 'GM21-65_1244', 02, 'Audio system controller MD', 'FOND', 1, to_date('20020901','YYYYMMDD'), to_date('20040301','YYYYMMDD'), '65126946085', '', 'ENDED', false);
insert into DiagramParts values('GM21-65_1244-65126947715', 'GM21-65_1244', 02, 'Audio system controller MD', 'FOND', 1, to_date('20020901','YYYYMMDD'), to_date('20040901','YYYYMMDD'), '65126947715', '', 'ENDED', false);
insert into DiagramParts values('GM21-65_1244-65126954396', 'GM21-65_1244', 02, 'Audio system controller MD', 'FOND', 1, to_date('20020901','YYYYMMDD'), to_date('20050301','YYYYMMDD'), '65126954396', '', 'ENDED', false);
insert into Diagram values('GM21-65_1244','GM21-20020900','65-95','E65 730d   Conversion ASK CD to ASK MD Professional','');
insert into DiagramParts values('GM21-65_1246-65126928896', 'GM21-65_1246', 02, 'Audio system controller CC', 'FOND', 1, to_date('20020901','YYYYMMDD'), to_date('20030101','YYYYMMDD'), '65126928896', '', '+core, ENDED', false);
insert into DiagramParts values('GM21-65_1246-65126933508', 'GM21-65_1246', 02, 'Audio system controller CC', 'FOND', 1, to_date('20020901','YYYYMMDD'), to_date('20030301','YYYYMMDD'), '65126933508', '', '+core, ENDED', false);
insert into DiagramParts values('GM21-65_1246-65126935622', 'GM21-65_1246', 02, 'Audio system controller CC', 'FOND', 1, to_date('20020901','YYYYMMDD'), to_date('20030601','YYYYMMDD'), '65126935622', '', '+core, ENDED', false);
insert into DiagramParts values('GM21-65_1246-65126937737', 'GM21-65_1246', 02, 'Audio system controller CC', 'FOND', 1, to_date('20020901','YYYYMMDD'), to_date('20030901','YYYYMMDD'), '65126937737', '', '+core, ENDED', false);
insert into Diagram values('GM21-65_1246','GM21-20020900','65-95','E65 730d   Conversion ASK CD to ASK CC Professional','');
insert into DiagramParts values('GM21-65_1247-65126928896', 'GM21-65_1247', 02, 'Audio system controller CC', 'FOND', 1, to_date('20020901','YYYYMMDD'), to_date('20030101','YYYYMMDD'), '65126928896', '', '+core, ENDED', false);
insert into DiagramParts values('GM21-65_1247-65126933508', 'GM21-65_1247', 02, 'Audio system controller CC', 'FOND', 1, to_date('20020901','YYYYMMDD'), to_date('20030301','YYYYMMDD'), '65126933508', '', '+core, ENDED', false);
insert into DiagramParts values('GM21-65_1247-65126935622', 'GM21-65_1247', 02, 'Audio system controller CC', 'FOND', 1, to_date('20020901','YYYYMMDD'), to_date('20030601','YYYYMMDD'), '65126935622', '', '+core, ENDED', false);
insert into DiagramParts values('GM21-65_1247-65126937737', 'GM21-65_1247', 02, 'Audio system controller CC', 'FOND', 1, to_date('20020901','YYYYMMDD'), to_date('20030901','YYYYMMDD'), '65126937737', '', '+core, ENDED', false);
insert into Diagram values('GM21-65_1247','GM21-20020900','65-95','E65 730d   Conversion ASK MD to ASK CC Professional','');
insert into Diagram values('GM21-65_1249','GM21-20020900','65-95','E65 730d   Retrofit kit, BMW Online','');
insert into DiagramParts values('GM21-65_1292-65500153495', 'GM21-65_1292', 01, 'Retrofit kit, TV function', 'ANALOG', 1, to_date('20020901','YYYYMMDD'), to_date('20050301','YYYYMMDD'), '65500153495', '', '+core, ENDED, See EBA 0153180', false);
insert into DiagramParts values('GM21-65_1292-65500407052', 'GM21-65_1292', 01, 'Retrofit kit, TV function', 'ANALOG/DIGITAL', 1, to_date('20050301','YYYYMMDD'), to_date('20060901','YYYYMMDD'), '65500407052', '', '+core, ENDED, See EBA 0153180', false);
insert into Diagram values('GM21-65_1292','GM21-20020900','65-95','E65 730d   Retrofit kit, TV function','');
insert into Diagram values('GM21-65_1302','GM21-20020900','65-95','E65 730d   NAVIGATION INSTALLATION SET','');
insert into Diagram values('GM21-65_1397','GM21-20020900','65-95','E65 730d   Retrofit kit Settop-Box','');
insert into Diagram values('GM21-65_1491','GM21-20020900','65-95','E65 730d   Retrofit kit f. controller function keys','');
insert into Diagram values('GM21-65_1630','GM21-20020900','65-95','E65 730d   Spare parts DVD Advanced','');
insert into Diagram values('GM21-65_1657','GM21-20020900','65-95','E65 730d   DVB-T Set-top box','');
insert into Diagram values('GM21-65_1721','GM21-20020900','65-95','E65 730d   iPod connection retrofit kit','');
insert into Diagram values('GM21-65_1989','GM21-20020900','65-95','E65 730d   Tracking Products','');
insert into Diagram values('GM21-65_2038','GM21-20020900','65-95','E65 730d   DVD system Tablet','');
insert into Diagram values('GM21-65_2271','GM21-20020900','65-95','E65 730d   Charger adapter for Apple iPod / iPhone','');
insert into Diagram values('GM21-65_2422','GM21-20020900','65-95','E65 730d   Cable adapter for Apple iPod / iPhone','');
insert into Diagram values('GM21-65_2434','GM21-20020900','65-95','E65 730d   DVD System Tablet Single','');
insert into Diagram values('GM21-65_2520','GM21-20020900','65-95','E65 730d   BMW USB charger','');
insert into Diagram values('GM21-65_2522','GM21-20020900','65-95','E65 730d   Cable adapter, devices with Micro USB','');
insert into Diagram values('GM21-66_0088','GM21-20020900','66-05','E65 730d   Control unit for Park Distance Control','');
insert into Diagram values('GM21-66_0091','GM21-20020900','66-05','E65 730d   ACC-Sensor','');
insert into Diagram values('GM21-66_0134','GM21-20020900','66-05','E65 730d   Night vision camera','');
insert into Diagram values('GM21-66_0149','GM21-20020900','66-05','E65 730d   Retrofit kit NightVision camera','');
insert into Diagram values('GM21-66_0235','GM21-20020900','66-05','E65 730d   Ultrasonic-sensor','');
insert into Diagram values('GM21-66_0092','GM21-20020900','66-95','E65 730d   Install.kit, Park Distance Control','');
insert into Diagram values('GM21-66_0098','GM21-20020900','66-95','E65 730d   Retrofit kit ACC','');
insert into Diagram values('GM21-66_0188','GM21-20020900','66-95','E65 730d   Park Distance Control universale sonoro','');
insert into Diagram values('GM21-71_0324','GM21-20020900','71-03','E65 730d   LABEL "TIRE PRESSURE"','');
insert into Diagram values('GM21-71_0568','GM21-20020900','71-03','E65 730d   Instruction notice, Airbag','');
insert into Diagram values('GM21-71_0598','GM21-20020900','71-03','E65 730d   Notice label for fuel','');
insert into Diagram values('GM21-71_0600','GM21-20020900','71-03','E65 730d   Various notice stickers','');
insert into Diagram values('GM21-71_0624','GM21-20020900','71-03','E65 730d   Label, coolant','');
insert into Diagram values('GM21-71_0680','GM21-20020900','71-03','E65 730d   Labels independent heating','');
insert into Diagram values('GM21-71_0316','GM21-20020900','71-05','E65 730d   Car tool','');
insert into Diagram values('GM21-71_0317','GM21-20020900','71-05','E65 730d   Car tool/Lifting jack','');
insert into Diagram values('GM21-71_0391','GM21-20020900','71-05','E65 730d   Warning triangle/First aid kit/-cushion','');
insert into Diagram values('GM21-71_0717','GM21-20020900','71-05','E65 730d   Set of lifting jack','');
insert into Diagram values('GM21-71_0321','GM21-20020900','71-10','E65 730d   Towing hitch, detachable','');
insert into Diagram values('GM21-71_0272','GM21-20020900','71-95','E65 730d   ADAPTER FOR TRAILER SOCKET','');
insert into Diagram values('GM21-71_0320','GM21-20020900','71-95','E65 730d   Retrofit kit, towing hitch detachable','');
insert into Diagram values('GM21-71_0400','GM21-20020900','71-95','E65 730d   Set of lifting jack','');
insert into Diagram values('GM21-71_0434','GM21-20020900','71-95','E65 730d   Tire Mobility Set','');
insert into Diagram values('GM21-71_0513','GM21-20020900','71-95','E65 730d   Twin electrics, caravan leads','');
insert into Diagram values('GM21-72_0423','GM21-20020900','72-03','E65 730d   Airbag passenger and head airbag','');
insert into Diagram values('GM21-72_0424','GM21-20020900','72-03','E65 730d   Side airbag','');
insert into Diagram values('GM21-72_0417','GM21-20020900','72-05','E65 730d   Rear seat belt, basic','');
insert into Diagram values('GM21-72_0418','GM21-20020900','72-05','E65 730d   Rear seat belt for side airbag','');
insert into DiagramParts values('GM21-72_0419-72117153322', 'GM21-72_0419', 01, 'UPPER BELT REAR RIGHT', 'SCHWARZ', 1, to_date('20040301','YYYYMMDD'), to_date('20070701','YYYYMMDD'), '72117153322', '', 'ENDED', false);
insert into DiagramParts values('GM21-72_0419-72117153324', 'GM21-72_0419', 01, 'UPPER BELT REAR RIGHT', 'BEIGE', 1, to_date('20040301','YYYYMMDD'), to_date('20070701','YYYYMMDD'), '72117153324', '', '+core, ENDED', false);
insert into DiagramParts values('GM21-72_0419-72117153326', 'GM21-72_0419', 01, 'UPPER BELT REAR RIGHT', 'BASALTGRAU', 1, to_date('20040301','YYYYMMDD'), to_date('20070701','YYYYMMDD'), '72117153326', '', '+core, ENDED', false);
insert into DiagramParts values('GM21-72_0419-72117153328', 'GM21-72_0419', 01, 'UPPER BELT REAR RIGHT', 'CREMEBEIGE', 1, to_date('20040301','YYYYMMDD'), to_date('20070701','YYYYMMDD'), '72117153328', '', 'ENDED', false);
insert into DiagramParts values('GM21-72_0419-72117153330', 'GM21-72_0419', 01, 'UPPER BELT REAR RIGHT', 'NATURBRAUN', 1, to_date('20040301','YYYYMMDD'), to_date('20070701','YYYYMMDD'), '72117153330', '', '+core, ENDED', false);
insert into DiagramParts values('GM21-72_0419-72117153332', 'GM21-72_0419', 01, 'UPPER BELT REAR RIGHT', 'LAVABLAU', 1, to_date('20040301','YYYYMMDD'), to_date('20070701','YYYYMMDD'), '72117153332', '', '+core, ENDED', false);
insert into Diagram values('GM21-72_0419','GM21-20020900','72-05','E65 730d   Rear seat belt for comfort seat','');
insert into DiagramParts values('GM21-72_0420-72119138291', 'GM21-72_0420', 01, 'Lft frnt upper belt w/o force limiter', 'BASALTGRAU', 1, to_date('20030301','YYYYMMDD'), to_date('20080701','YYYYMMDD'), '72119138291', '', 'ENDED', false);
insert into DiagramParts values('GM21-72_0420-72119138293', 'GM21-72_0420', 01, 'Lft frnt upper belt w/o force limiter', 'BEIGE 3', 1, to_date('20030301','YYYYMMDD'), to_date('20080701','YYYYMMDD'), '72119138293', '', 'ENDED', false);
insert into DiagramParts values('GM21-72_0420-72119138295', 'GM21-72_0420', 01, 'Lft frnt upper belt w/o force limiter', 'CREAMBEIGE', 1, to_date('20030301','YYYYMMDD'), to_date('20080701','YYYYMMDD'), '72119138295', '', 'ENDED', false);
insert into DiagramParts values('GM21-72_0420-72119138297', 'GM21-72_0420', 01, 'Lft frnt upper belt w/o force limiter', 'NATURBRAUN', 1, to_date('20030301','YYYYMMDD'), to_date('20080701','YYYYMMDD'), '72119138297', '', 'ENDED', false);
insert into DiagramParts values('GM21-72_0420-72119138299', 'GM21-72_0420', 01, 'Lft frnt upper belt w/o force limiter', 'LAVABLAU', 1, to_date('20030301','YYYYMMDD'), to_date('20080701','YYYYMMDD'), '72119138299', '', 'ENDED', false);
insert into DiagramParts values('GM21-72_0420-72117049523', 'GM21-72_0420', 01, 'Lft frnt upper belt w/o force limiter', 'CREAMBEIGE', 1, to_date('20030301','YYYYMMDD'), to_date('20070701','YYYYMMDD'), '72117049523', '', '+core, ENDED', false);
insert into DiagramParts values('GM21-72_0420-72117049525', 'GM21-72_0420', 01, 'Lft frnt upper belt w/o force limiter', 'NATURBRAUN', 1, to_date('20030301','YYYYMMDD'), to_date('20070701','YYYYMMDD'), '72117049525', '', '+core, ENDED', false);
insert into Diagram values('GM21-72_0420','GM21-20020900','72-05','E65 730d   SAFETY BELT FRONT LEFT','');
insert into DiagramParts values('GM21-72_0421-72117049520', 'GM21-72_0421', 01, 'Rght frnt upper belt w/o force limiter', 'BASALTGRAU', 1, to_date('20030301','YYYYMMDD'), to_date('20070701','YYYYMMDD'), '72117049520', '', '+core, ENDED', false);
insert into DiagramParts values('GM21-72_0421-72117049524', 'GM21-72_0421', 01, 'Rght frnt upper belt w/o force limiter', 'CREAMBEIGE', 1, to_date('20030301','YYYYMMDD'), to_date('20070701','YYYYMMDD'), '72117049524', '', '+core, ENDED', false);
insert into DiagramParts values('GM21-72_0421-72117049526', 'GM21-72_0421', 01, 'Rght frnt upper belt w/o force limiter', 'NATURBRAUN', 1, to_date('20030301','YYYYMMDD'), to_date('20070701','YYYYMMDD'), '72117049526', '', '+core, ENDED', false);
insert into Diagram values('GM21-72_0421','GM21-20020900','72-05','E65 730d   SAFETY BELT FRONT RIGHT','');
insert into Diagram values('GM21-72_0422','GM21-20020900','72-05','E65 730d   FRONT SAFETY BELT MOUNTING PARTS','');
insert into Diagram values('GM21-72_0426','GM21-20020900','72-05','E65 730d   Child seat mount','');
insert into Diagram values('GM21-72_0415','GM21-20020900','72-10','E65 730d   Ski bag','');
insert into Diagram values('GM21-72_0435','GM21-20020900','72-15','E65 730d   Flag holder','');
insert into Diagram values('GM21-72_0405','GM21-20020900','72-95','E65 730d   RESERVE FUEL TANK','');
insert into Diagram values('GM21-72_0425','GM21-20020900','72-95','E65 730d   Retrofit, ski bag','');
insert into Diagram values('GM21-72_0439','GM21-20020900','72-95','E65 730d   Fire extinguisher / Holder','');
insert into Diagram values('GM21-72_0591','GM21-20020900','72-95','E65 730d   Tow bar','');
insert into Diagram values('GM21-72_0744','GM21-20020900','72-95','E65 730d   Emergency bag','');
insert into Diagram values('GM21-36_0694','GM21-20020900','82-14','E65 730d   Snow chains','');
insert into Diagram values('GM21-82_1073','GM21-20020900','82-26','E65 730d   Universal coat hanger','');
insert into Diagram values('GM21-82_1261','GM21-20020900','82-26','E65 730d   Clean Bag','');
insert into Diagram values('GM21-82_1299','GM21-20020900','82-26','E65 730d   Storage pocket, rear passengers','');
insert into Diagram values('GM21-82_1308','GM21-20020900','82-26','E65 730d   Shoe case','');
insert into Diagram values('GM21-82_1311','GM21-20020900','82-26','E65 730d   Driver utility set','');
insert into Diagram values('GM21-82_1171','GM21-20020900','82-31','E65 730d   BMW buggy chrome-marine with accessories','');
insert into Diagram values('GM21-82_1181','GM21-20020900','82-31','E65 730d   BMW Junior Seat I-II','');
insert into Diagram values('GM21-82_1186','GM21-20020900','82-31','E65 730d   BMW Baby Seat 0+','');
insert into Diagram values('GM21-82_1187','GM21-20020900','82-31','E65 730d   BMW Junior Seat I-II Isofix','');
insert into Diagram values('GM21-82_1189','GM21-20020900','82-31','E65 730d   BMW Baby Seat 0+ Isofix','');
insert into Diagram values('GM21-82_1237','GM21-20020900','82-31','E65 730d   Dog harness','');
insert into Diagram values('GM21-82_1276','GM21-20020900','82-31','E65 730d   BMW Junior Seat II-III','');
insert into Diagram values('GM21-82_1305','GM21-20020900','82-31','E65 730d   BMW Junior Seat III','');
insert into Diagram values('GM21-82_1151','GM21-20020900','82-44','E65 730d   Mud flaps','');
insert into Diagram values('GM21-82_1198','GM21-20020900','82-44','E65 730d   Cover','');
insert into Diagram values('GM21-82_1251','GM21-20020900','82-44','E65 730d   Cover hood windshield/side window','');
insert into Diagram values('GM21-82_0116','GM21-20020900','82-51','E65 730d   Universal support','');
insert into Diagram values('GM21-82_0123','GM21-20020900','82-51','E65 730d   RACK FOR RACING BICYCLE','');
insert into Diagram values('GM21-82_0124','GM21-20020900','82-51','E65 730d   Luggage basket','');
insert into Diagram values('GM21-82_0125','GM21-20020900','82-51','E65 730d   Bicycle lift','');
insert into Diagram values('GM21-82_0245','GM21-20020900','82-51','E65 730d   SUPPORT SNOWBOARD','');
insert into Diagram values('GM21-82_0281','GM21-20020900','82-51','E65 730d   Touring bicycle holder','');
insert into Diagram values('GM21-82_0283','GM21-20020900','82-51','E65 730d   Surfboard rack','');
insert into Diagram values('GM21-82_0284','GM21-20020900','82-51','E65 730d   Standard ski carrier for 6 pairs of skis','');
insert into Diagram values('GM21-82_0364','GM21-20020900','82-51','E65 730d   SKI/SNOWBOARD SET','');
insert into Diagram values('GM21-82_0501','GM21-20020900','82-51','E65 730d   ki and luggage box','');
insert into Diagram values('GM21-82_0502','GM21-20020900','82-51','E65 730d   Luggage box','');
insert into Diagram values('GM21-82_0594','GM21-20020900','82-51','E65 730d   Komfort ski holder','');
insert into Diagram values('GM21-82_0598','GM21-20020900','82-51','E65 730d   MULTI-PURPOSE ROOF BOX','');
insert into Diagram values('GM21-82_0845','GM21-20020900','82-51','E65 730d   Standard ski holder, for 4 pairs of ski','');
insert into Diagram values('GM21-82_1148','GM21-20020900','82-51','E65 730d   Rack support','');
insert into Diagram values('GM21-82_1157','GM21-20020900','82-51','E65 730d   Bicycle carrier, trailer coupling','');
insert into Diagram values('GM21-82_1175','GM21-20020900','82-51','E65 730d   Touring bicycle holder','');
insert into Diagram values('GM21-82_1178','GM21-20020900','82-51','E65 730d   Roof box','');
insert into Diagram values('GM21-82_1234','GM21-20020900','82-51','E65 730d   Roof box','');
insert into Diagram values('GM21-82_1244','GM21-20020900','82-51','E65 730d   Racing bike rack','');
insert into Diagram values('GM21-82_1250','GM21-20020900','82-51','E65 730d   Roof box','');
insert into Diagram values('GM21-82_1268','GM21-20020900','82-51','E65 730d   Ski/snowboard holder','');
insert into Diagram values('GM21-82_1295','GM21-20020900','82-51','E65 730d   Roof rack systems','');
insert into Diagram values('GM21-82_1460','GM21-20020900','82-51','E65 730d   Roof rack systems','');
insert into Diagram values('GM21-82_1476','GM21-20020900','82-51','E65 730d   Roof-mounted container 320 LCI','');
insert into Diagram values('GM21-82_1567','GM21-20020900','82-51','E65 730d   Bicycle carrier, trailer coupling','');
insert into Diagram values('GM21-82_0665','GM21-20020900','82-52','E65 730d   Trailer','');
insert into Diagram values('GM21-82_0909','GM21-20020900','82-52','E65 730d   Trailer hood','');
insert into Diagram values('GM21-82_0926','GM21-20020900','82-52','E65 730d   Adapter (universal lift) for hood','');
insert into Diagram values('GM21-82_0102','GM21-20020900','82-81','E65 730d   Universal hoist','');
insert into Diagram values('GM21-83_0579','GM21-20020900','83-01','E65 730d   Rugzak','');
insert into Diagram values('GM21-84_0321','GM21-20020900','84-10','E65 730d   Single parts, SA 630, center console','');
insert into Diagram values('GM21-84_0322','GM21-20020900','84-10','E65 730d   Tandem car telephone parts','');
insert into Diagram values('GM21-84_0323','GM21-20020900','84-10','E65 730d   Single parts, SA 630, trunk','');
insert into Diagram values('GM21-84_0326','GM21-20020900','84-10','E65 730d   Parts f telephone,instrument panel Japa','');
insert into Diagram values('GM21-84_0327','GM21-20020900','84-10','E65 730d   Single parts f teleph.luggage cptm.Japan','');
insert into DiagramParts values('GM21-84_0333-84116937678', 'GM21-84_0333', 01, 'Telematics Control Unit', 'AMPS', 1, to_date('20030301','YYYYMMDD'), to_date('20031001','YYYYMMDD'), '84116937678', '', 'ENDED', false);
insert into DiagramParts values('GM21-84_0333-84116940467', 'GM21-84_0333', 01, 'Telematics Control Unit', 'AMPS', 1, to_date('20030301','YYYYMMDD'), to_date('20040301','YYYYMMDD'), '84116940467', '', 'ENDED', false);
insert into DiagramParts values('GM21-84_0333-84116946428', 'GM21-84_0333', 01, 'Telematics Control Unit', 'AMPS', 1, to_date('20030101','YYYYMMDD'), to_date('20050301','YYYYMMDD'), '84116946428', '', 'ENDED', false);
insert into DiagramParts values('GM21-84_0333-84106976709', 'GM21-84_0333', 01, 'Rmfd Telematics Control Unit', 'AMPS', 1, to_date('20030101','YYYYMMDD'), to_date('20050301','YYYYMMDD'), '84106976709', '', 'ENDED', false);
insert into DiagramParts values('GM21-84_0333-84109120920', 'GM21-84_0333', 01, 'Rmfd Telematics Control Unit', 'AMPS', 1, to_date('20030101','YYYYMMDD'), to_date('20050301','YYYYMMDD'), '84109120920', '', 'ENDED', false);
insert into Diagram values('GM21-84_0333','GM21-20020900','84-10','E65 730d   SINGLE PARTS F TRUNK CAR TELEPHONE','');
insert into Diagram values('GM21-84_0509','GM21-20020900','84-10','E65 730d   Individ. parts, Tandem car phone, Japan','');
insert into Diagram values('GM21-84_0510','GM21-20020900','84-10','E65 730d   Single parts, SA 638, center console','');
insert into Diagram values('GM21-84_0511','GM21-20020900','84-10','E65 730d   Single parts, SA 638, trunk','');
insert into DiagramParts values('GM21-84_0578-84116943637', 'GM21-84_0578', 01, 'Handset', 'EVEREST', 1, to_date('20030901','YYYYMMDD'), to_date('20040301','YYYYMMDD'), '84116943637', '', 'ENDED', false);
insert into DiagramParts values('GM21-84_0578-84116945370', 'GM21-84_0578', 01, 'Handset', 'EVEREST', 1, to_date('20030901','YYYYMMDD'), to_date('20040301','YYYYMMDD'), '84116945370', '', 'ENDED', false);
insert into DiagramParts values('GM21-84_0578-84116950620', 'GM21-84_0578', 01, 'Handset', 'EVEREST', 1, to_date('20030901','YYYYMMDD'), to_date('20040901','YYYYMMDD'), '84116950620', '', 'ENDED', false);
insert into DiagramParts values('GM21-84_0578-84116953468', 'GM21-84_0578', 01, 'Handset', 'EVEREST', 1, to_date('20030901','YYYYMMDD'), to_date('20050901','YYYYMMDD'), '84116953468', '', '', false);
insert into DiagramParts values('GM21-84_0578-84116927534', 'GM21-84_0578', 02, 'ACCUMULATOR', 'EVEREST', 1, to_date('20030901','YYYYMMDD'), to_date('20050901','YYYYMMDD'), '84116927534', '', '', false);
insert into DiagramParts values('GM21-84_0578-84116927533', 'GM21-84_0578', 03, 'Battery cover, keypad handset', 'EVEREST', 1, to_date('20030901','YYYYMMDD'), to_date('20050901','YYYYMMDD'), '84116927533', '', '', false);
insert into DiagramParts values('GM21-84_0578-84116933412', 'GM21-84_0578', 04, 'TANDEM CAR TELEPHONE EJECT-BOX', 'GSM', 1, to_date('20030901','YYYYMMDD'), to_date('20050901','YYYYMMDD'), '84116933412', '', '', false);
insert into Diagram values('GM21-84_0578','GM21-20020900','84-10','E65 730d   Tandem car telephone parts','');
insert into Diagram values('GM21-84_0767','GM21-20020900','84-10','E65 730d   Starter package, cell phone Nokia 6303c','');
insert into DiagramParts values('GM21-84_0334-84216948919', 'GM21-84_0334', 05, 'Adapter plate, battery small', 'V60S', 1, to_date('20040301','YYYYMMDD'), to_date('20050301','YYYYMMDD'), '84216948919', '$3.77', '', false);
insert into Diagram values('GM21-84_0334','GM21-20020900','84-20','E65 730d   Indiv parts, mobile phone center console','');
insert into Diagram values('GM21-84_0329','GM21-20020900','84-30','E65 730d   Single parts f hands-free facility','');
insert into Diagram values('GM21-84_0336','GM21-20020900','84-30','E65 730d   Singel parts f voice input system','');
insert into Diagram values('GM21-84_0342','GM21-20020900','84-50','E65 730d   SINGLE PARTS F TELEPHONE ROOF ANTENNA','');
insert into DiagramParts values('GM21-84_0549-07146961863', 'GM21-84_0549', 04, 'Sheet metal screw', 'ISA M5X12', 1, to_date('20030301','YYYYMMDD'), to_date('20070701','YYYYMMDD'), '07146961863', '', 'ENDED', false);
insert into Diagram values('GM21-84_0549','GM21-20020900','84-50','E65 730d   SINGLE PARTS F TELEPHONE ROOF ANTENNA','');
insert into Diagram values('GM21-84_0462','GM21-20020900','84-95','E65 730d   Retrofit kit hands-free facil. CLASSIC','');
insert into Diagram values('GM21-84_0463','GM21-20020900','84-95','E65 730d   Snap-In-adapter CLASSIC','');
insert into Diagram values('GM21-84_0559','GM21-20020900','84-95','E65 730d   Retrofit kit car phone Cordless','');
insert into Diagram values('GM21-84_0560','GM21-20020900','84-95','E65 730d   Retrofit kit, voice input','');
insert into DiagramParts values('GM21-84_0653-84640303043', 'GM21-84_0653', 01, 'Retrofit kit car phone Professional', 'PROFESSIONAL', 1, to_date('20031001','YYYYMMDD'), to_date('20050301','YYYYMMDD'), '84640303043', '', '+core, ENDED, See EBA 0303046', false);
insert into Diagram values('GM21-84_0653','GM21-20020900','84-95','E65 730d   Retrofit, car telephone Professional','');
insert into Diagram values('GM21-84_0715','GM21-20020900','84-95','E65 730d   Retrofit universal hands-free facility','');
insert into Diagram values('GM21-84_0730','GM21-20020900','84-95','E65 730d   Stolen Vehicle Tracking - TPA','');
insert into Diagram values('GM21-84_0778','GM21-20020900','84-95','E65 730d   BMW Bluetooth headset','');
insert into Diagram values('GM21-84_0867','GM21-20020900','84-95','E65 730d   BMW Car Hotspot','');
insert into Diagram values('GM21-84_0906','GM21-20020900','84-95','E65 730d   Snap-in adapter, SONY ERICSSON devices','');
insert into Diagram values('GM21-84_0907','GM21-20020900','84-95','E65 730d   Snap-in adapter for NOKIA devices','');
insert into Diagram values('GM21-84_0908','GM21-20020900','84-95','E65 730d   Snap-in adapter for SIEMENS devices','');
insert into Diagram values('GM21-84_0909','GM21-20020900','84-95','E65 730d   Snap-in adapter for MOTOROLA devices','');
insert into Diagram values('GM21-84_0910','GM21-20020900','84-95','E65 730d   Snap-in adapter, BlackBerry/RIM devices','');
insert into Diagram values('GM21-84_0931','GM21-20020900','84-95','E65 730d   BMW Car Hotspot LTE','');
insert into Diagram values('GM21-85_0009','GM21-20020900','85-45','E65 730d   Winter tires','');
insert into Diagram values('GM21-85_0036','GM21-20020900','85-45','E65 730d   Summer tires','');
insert into Diagram values('GM21-88_0052','GM21-20020900','88-80','E65 730d   Emergency bag','');
insert into Diagram values('GM21-88_0064','GM21-20020900','88-80','E65 730d   Fluid-change kit, autom. transmission','');
insert into Diagram values('GM21-91_0493','GM21-20020900','91-17','E65 730d   Individ. strng whl,airbag,multifunction','');
insert into DiagramParts values('GM21-91_0620-32308030772', 'GM21-91_0620', 01, 'Sports st.-wheel,leather/wd.ring,multif.', 'PAPPEL NATUR', 1, to_date('20040901','YYYYMMDD'), to_date('20070401','YYYYMMDD'), '32308030772', '', 'ENDED, See NoS No Stock', false);
insert into DiagramParts values('GM21-91_0620-32308030773', 'GM21-91_0620', 01, 'Sports st.-wheel,leather/wd.ring,multif.', 'PAPPEL RUBIN', 1, to_date('20040901','YYYYMMDD'), to_date('20070401','YYYYMMDD'), '32308030773', '', 'ENDED, See NoS No Stock', false);
insert into DiagramParts values('GM21-91_0620-32308033207', 'GM21-91_0620', 01, 'Sports st.-wheel,leather/wd.ring,multif.', 'NUBAUM AMARONE', 1, to_date('20050301','YYYYMMDD'), to_date('20070401','YYYYMMDD'), '32308033207', '', 'ENDED, See NoS No Stock', false);
insert into Diagram values('GM21-91_0620','GM21-20020900','91-17','E65 730d   Ind.sports st.-wheel,leather w/wdn. ring','');
insert into Diagram values('GM21-91_0716','GM21-20020900','91-17','E65 730d   Indiv. sports steering-wheel, bicolor','');
insert into Diagram values('GM21-91_0450','GM21-20020900','91-20','E65 730d   Individual high lustre Shadowline','');
insert into Diagram values('GM21-91_0551','GM21-20020900','91-20','E65 730d   Indiv. intercom - Outside mirror','');
insert into Diagram values('GM21-91_0513','GM21-20020900','91-30','E65 730d   Individual glove compartment, leather','');
insert into Diagram values('GM21-91_0514','GM21-20020900','91-30','E65 730d   Individual instrument panel, leather','');
insert into Diagram values('GM21-91_0473','GM21-20020900','91-35','E65 730d   Individual parcel net, footwell','');
insert into Diagram values('GM21-91_0511','GM21-20020900','91-35','E65 730d   Indiv.bottom panel,strge partit.leather','');
insert into Diagram values('GM21-91_0512','GM21-20020900','91-35','E65 730d   Indiv. center console/Center armrest','');
insert into Diagram values('GM21-91_0491','GM21-20020900','91-40','E65 730d   Individual trim piece entry','');
insert into DiagramParts values('GM21-91_0503-51458022859', 'GM21-91_0503', 03, 'Set of wood panels, module carrier', 'PIANOLACK SW', 1, to_date('20020901','YYYYMMDD'), to_date('20050301','YYYYMMDD'), '51458022859', '$725.40', '+core, See NoS No Stock', false);
insert into DiagramParts values('GM21-91_0503-51458022873', 'GM21-91_0503', 08, 'Wood panel, radio', 'PIANOLACK SW', 1, to_date('20020901','YYYYMMDD'), to_date('20050301','YYYYMMDD'), '51458022873', '$224.32', 'See NoS No Stock', false);
insert into DiagramParts values('GM21-91_0503-51458022875', 'GM21-91_0503', 09, 'Wood trim draw, bottom', 'PIANOLACK SW', 1, to_date('20020901','YYYYMMDD'), to_date('20050301','YYYYMMDD'), '51458022875', '$178.56', '+core, See NoS No Stock', false);
insert into DiagramParts values('GM21-91_0503-51458022874', 'GM21-91_0503', 10, 'Wood trim draw, top', 'PIANOLACK SW', 1, to_date('20020901','YYYYMMDD'), to_date('20050301','YYYYMMDD'), '51458022874', '$178.56', 'See NoS No Stock', false);
insert into DiagramParts values('GM21-91_0503-51168022876', 'GM21-91_0503', 12, 'Module carrier, center console, wood', 'PIANOLACK SW', 1, to_date('20020901','YYYYMMDD'), to_date('20050301','YYYYMMDD'), '51168022876', '$602.64', 'See NoS No Stock', false);
insert into DiagramParts values('GM21-91_0503-51168022846', 'GM21-91_0503', 13, 'Wood panel, center armrest, front', 'PIANOLACK SW', 1, to_date('20020901','YYYYMMDD'), to_date('20031001','YYYYMMDD'), '51168022846', '$691.92', 'See NoS No Stock', false);
insert into Diagram values('GM21-91_0503','GM21-20020900','91-40','E65 730d   Individual wood, Pianolack schwarz','');
insert into DiagramParts values('GM21-91_0505-51458023204', 'GM21-91_0505', 03, 'Set of wood panels, module carrier', 'TAMO UMBRA', 1, to_date('20020901','YYYYMMDD'), to_date('20050301','YYYYMMDD'), '51458023204', '$664.02', '+core, See NoS No Stock', false);
insert into DiagramParts values('GM21-91_0505-51458022031', 'GM21-91_0505', 08, 'Wood panel, radio', 'TAMO UMBRA', 1, to_date('20020901','YYYYMMDD'), to_date('20050301','YYYYMMDD'), '51458022031', '$224.32', '+core, See NoS No Stock', false);
insert into DiagramParts values('GM21-91_0505-51458022035', 'GM21-91_0505', 09, 'Wood trim draw, bottom', 'TAMO UMBRA', 1, to_date('20020901','YYYYMMDD'), to_date('20050301','YYYYMMDD'), '51458022035', '$178.56', '+core, See NoS No Stock', false);
insert into DiagramParts values('GM21-91_0505-51458022032', 'GM21-91_0505', 10, 'Wood trim draw, top', 'TAMO UMBRA', 1, to_date('20020901','YYYYMMDD'), to_date('20050301','YYYYMMDD'), '51458022032', '$178.56', '+core, See NoS No Stock', false);
insert into DiagramParts values('GM21-91_0505-51168022036', 'GM21-91_0505', 12, 'Module carrier, center console, wood', 'TAMO UMBRA', 1, to_date('20020901','YYYYMMDD'), to_date('20050301','YYYYMMDD'), '51168022036', '$585.90', '+core, See NoS No Stock', false);
insert into DiagramParts values('GM21-91_0505-51168022037', 'GM21-91_0505', 13, 'Wood panel, center armrest, front', 'TAMO UMBRA', 1, to_date('20020901','YYYYMMDD'), to_date('20031001','YYYYMMDD'), '51168022037', '$691.92', '+core, See NoS No Stock', false);
insert into Diagram values('GM21-91_0505','GM21-20020900','91-40','E65 730d   Individual wood, Tamo umbra','');
insert into DiagramParts values('GM21-91_0506-51458023170', 'GM21-91_0506', 03, 'Set of wood panels, module carrier', 'PAPPEL RUBIN', 1, to_date('20020901','YYYYMMDD'), to_date('20050301','YYYYMMDD'), '51458023170', '$725.40', '+core, See NoS No Stock', false);
insert into DiagramParts values('GM21-91_0506-51458023177', 'GM21-91_0506', 08, 'Wood panel, radio', 'PAPPEL RUBIN', 1, to_date('20020901','YYYYMMDD'), to_date('20050301','YYYYMMDD'), '51458023177', '$224.32', '+core, See NoS No Stock', false);
insert into DiagramParts values('GM21-91_0506-51458023179', 'GM21-91_0506', 09, 'Wood trim draw, bottom', 'PAPPEL RUBIN', 1, to_date('20020901','YYYYMMDD'), to_date('20050301','YYYYMMDD'), '51458023179', '$178.56', '+core, See NoS No Stock', false);
insert into DiagramParts values('GM21-91_0506-51458023178', 'GM21-91_0506', 10, 'Wood trim draw, top', 'PAPPEL RUBIN', 1, to_date('20020901','YYYYMMDD'), to_date('20050301','YYYYMMDD'), '51458023178', '$178.56', '+core, See NoS No Stock', false);
insert into DiagramParts values('GM21-91_0506-51168023180', 'GM21-91_0506', 12, 'Module carrier, center console, wood', 'PAPPEL RUBIN', 1, to_date('20020901','YYYYMMDD'), to_date('20050301','YYYYMMDD'), '51168023180', '$585.90', '+core, See NoS No Stock', false);
insert into DiagramParts values('GM21-91_0506-51168024125', 'GM21-91_0506', 13, 'Wood panel, center armrest, front', 'PAPPEL RUBIN', 1, to_date('20020901','YYYYMMDD'), to_date('20031001','YYYYMMDD'), '51168024125', '$691.92', '+core, See NoS No Stock', false);
insert into Diagram values('GM21-91_0506','GM21-20020900','91-40','E65 730d   Individual Rubin poplar wood','');
insert into DiagramParts values('GM21-91_0507-51458023187', 'GM21-91_0507', 03, 'Set of wood panels, module carrier', 'PAPPEL NATUR', 1, to_date('20020901','YYYYMMDD'), to_date('20050301','YYYYMMDD'), '51458023187', '$725.40', '+core, See NoS No Stock', false);
insert into DiagramParts values('GM21-91_0507-51458023195', 'GM21-91_0507', 08, 'Wood panel, radio', 'PAPPEL NATUR', 1, to_date('20020901','YYYYMMDD'), to_date('20050301','YYYYMMDD'), '51458023195', '$224.32', '+core, See NoS No Stock', false);
insert into DiagramParts values('GM21-91_0507-51458023199', 'GM21-91_0507', 09, 'Wood trim draw, bottom', 'PAPPEL NATUR', 1, to_date('20020901','YYYYMMDD'), to_date('20050301','YYYYMMDD'), '51458023199', '$178.56', '+core, See NoS No Stock', false);
insert into DiagramParts values('GM21-91_0507-51458023196', 'GM21-91_0507', 10, 'Wood trim draw, top', 'PAPPEL NATUR', 1, to_date('20020901','YYYYMMDD'), to_date('20050301','YYYYMMDD'), '51458023196', '$178.56', '+core, See NoS No Stock', false);
insert into DiagramParts values('GM21-91_0507-51168023188', 'GM21-91_0507', 12, 'Module carrier, center console, wood', 'PAPPEL NATUR', 1, to_date('20020901','YYYYMMDD'), to_date('20050301','YYYYMMDD'), '51168023188', '$585.90', '+core, See NoS No Stock', false);
insert into DiagramParts values('GM21-91_0507-51168024126', 'GM21-91_0507', 13, 'Wood panel, center armrest, front', 'PAPPEL NATUR', 1, to_date('20020901','YYYYMMDD'), to_date('20031001','YYYYMMDD'), '51168024126', '$691.92', 'See NoS No Stock', false);
insert into Diagram values('GM21-91_0507','GM21-20020900','91-40','E65 730d   Individual natural poplar wood','');
insert into DiagramParts values('GM21-91_0509-51168026134', 'GM21-91_0509', 01, 'Handle, anthracite', 'PAPPEL NATUR', 4, to_date('20020901','YYYYMMDD'), to_date('20070401','YYYYMMDD'), '51168026134', '', '+core, ENDED, See NoS No Stock', false);
insert into DiagramParts values('GM21-91_0509-51168026646', 'GM21-91_0509', 01, 'Handle, anthracite', 'MARITIMLINE', 4, to_date('20030601','YYYYMMDD'), to_date('20070401','YYYYMMDD'), '51168026646', '', '+core, ENDED, See NoS No Stock', false);
insert into Diagram values('GM21-91_0509','GM21-20020900','91-40','E65 730d   Individual wood roof-handle','');
insert into DiagramParts values('GM21-91_0549-51458026645', 'GM21-91_0549', 03, 'Set of wood panels, module carrier', 'MARITIMLINE', 1, to_date('20030601','YYYYMMDD'), to_date('20050301','YYYYMMDD'), '51458026645', '', '+core, See NoS No Stock', false);
insert into DiagramParts values('GM21-91_0549-51458025404', 'GM21-91_0549', 08, 'Wood panel, radio', 'MARITIMLINE', 1, to_date('20030601','YYYYMMDD'), to_date('20050301','YYYYMMDD'), '51458025404', '', '+core, See NoS No Stock', false);
insert into DiagramParts values('GM21-91_0549-51458025406', 'GM21-91_0549', 09, 'Wood trim draw, bottom', 'MARITIMLINE', 1, to_date('20030601','YYYYMMDD'), to_date('20050301','YYYYMMDD'), '51458025406', '', '+core, See NoS No Stock', false);
insert into DiagramParts values('GM21-91_0549-51458025405', 'GM21-91_0549', 10, 'Wood trim draw, top', 'MARITIMLINE', 1, to_date('20030601','YYYYMMDD'), to_date('20050301','YYYYMMDD'), '51458025405', '', '+core, See NoS No Stock', false);
insert into DiagramParts values('GM21-91_0549-51168025409', 'GM21-91_0549', 12, 'Module carrier, center console, wood', 'MARITIMLINE', 1, to_date('20030601','YYYYMMDD'), to_date('20050301','YYYYMMDD'), '51168025409', '', 'See NoS No Stock', false);
insert into Diagram values('GM21-91_0549','GM21-20020900','91-40','E65 730d   Individual wood Maritimline','');
insert into Diagram values('GM21-91_0560','GM21-20020900','91-40','E65 730d   Indiv. rear cover without belt outlet','');
insert into DiagramParts values('GM21-91_0517-51418022952', 'GM21-91_0517', 01, 'DOOR LINING LEATHER FRONT RIGHT', 'INDIVIDUAL', 1, to_date('20020901','YYYYMMDD'), to_date('20050301','YYYYMMDD'), '51418022952', '$1,780.02', 'See NoS No Stock', false);
insert into Diagram values('GM21-91_0517','GM21-20020900','91-45','E65 730d   Individual front door trim panel,leather','');
insert into DiagramParts values('GM21-91_0518-51428022968', 'GM21-91_0518', 01, 'DOOR LINING LEATHER REAR RIGHT', 'INDIVIDUAL', 1, to_date('20020901','YYYYMMDD'), to_date('20050301','YYYYMMDD'), '51428022968', '', '+core, See NoS No Stock', false);
insert into DiagramParts values('GM21-91_0518-51428022970', 'GM21-91_0518', 01, 'DOOR LINING LEATHER REAR RIGHT', 'INDIVIDUAL', 1, to_date('20020901','YYYYMMDD'), to_date('20050301','YYYYMMDD'), '51428022970', '$2,047.86', '+core, See NoS No Stock', false);
insert into Diagram values('GM21-91_0518','GM21-20020900','91-45','E65 730d   Individual rear door trim panel,leather','');
insert into DiagramParts values('GM21-91_0540-51418026650', 'GM21-91_0540', 01, 'DOOR LINING LEATHER FRONT RIGHT', 'INDIVIDUAL', 1, to_date('20020901','YYYYMMDD'), to_date('20050301','YYYYMMDD'), '51418026650', '$1,355.94', '+core, See NoS No Stock', false);
insert into Diagram values('GM21-91_0540','GM21-20020900','91-45','E65 730d   Indiv.front door trim panel,part.leather','');
insert into DiagramParts values('GM21-91_0543-51428026654', 'GM21-91_0543', 01, 'DOOR LINING LEATHER REAR RIGHT', 'INDIVIDUAL', 1, to_date('20020901','YYYYMMDD'), to_date('20050301','YYYYMMDD'), '51428026654', '$1,062.99', '+core, See NoS No Stock', false);
insert into DiagramParts values('GM21-91_0543-51428026658', 'GM21-91_0543', 01, 'DOOR LINING LEATHER REAR RIGHT', 'INDIVIDUAL', 1, to_date('20020901','YYYYMMDD'), to_date('20050301','YYYYMMDD'), '51428026658', '$1,062.99', '+core, See NoS No Stock', false);
insert into Diagram values('GM21-91_0543','GM21-20020900','91-45','E65 730d   Indiv. rear door trim panel,part.leather','');
insert into Diagram values('GM21-91_0494','GM21-20020900','91-50','E65 730d   Individual sun visor, Alcantara','');
insert into Diagram values('GM21-91_0498','GM21-20020900','91-50','E65 730d   Individual moulded headliner, Alcantara','');
insert into Diagram values('GM21-91_0500','GM21-20020900','91-50','E65 730d   Individual A, B, C pillar covers, top','');
insert into Diagram values('GM21-91_0501','GM21-20020900','91-50','E65 730d   Individual rear window shelf, Alcantara','');
insert into Diagram values('GM21-91_0502','GM21-20020900','91-50','E65 730d   Individual slide/tilt sunroof','');
insert into Diagram values('GM21-91_0520','GM21-20020900','91-50','E65 730d   Individual extra cover column C, bottom','');
insert into DiagramParts values('GM21-91_0521-51438022976', 'GM21-91_0521', 01, 'Trim panel, right lower centre column', 'INDIVIDUAL', 1, to_date('20020901','YYYYMMDD'), to_date('20050301','YYYYMMDD'), '51438022976', '$237.71', 'See NoS No Stock', false);
insert into Diagram values('GM21-91_0521','GM21-20020900','91-50','E65 730d   Individual trim panel Column-B bottom','');
insert into Diagram values('GM21-91_0538','GM21-20020900','91-50','E65 730d   Individual trim panel, center console','');
insert into Diagram values('GM21-91_0539','GM21-20020900','91-50','E65 730d   Individual floor covering','');
insert into Diagram values('GM21-91_0561','GM21-20020900','91-57','E65 730d   Individual floor mats Maritime line','');
insert into Diagram values('GM21-91_0563','GM21-20020900','91-57','E65 730d   Individual floor mats, Leather border','');
insert into Diagram values('GM21-91_0523','GM21-20020900','91-60','E65 730d   Individual cover, leather comfort seat','');
insert into Diagram values('GM21-91_0527','GM21-20020900','91-60','E65 730d   Individ. rear panel Basic /Sports seat','');
insert into Diagram values('GM21-91_0529','GM21-20020900','91-60','E65 730d   Individ. rear panel,leather comfort seat','');
insert into Diagram values('GM21-91_0536','GM21-20020900','91-60','E65 730d   Indiv.cover, basic seat, front','');
insert into DiagramParts values('GM21-91_0545-52108024732', 'GM21-91_0545', 02, 'Cover backrest, comfort seat, leather', 'U6 KLIMALEDER', 2, to_date('20020901','YYYYMMDD'), to_date('20040301','YYYYMMDD'), '52108024732', '$976.50', 'See NoS No Stock', false);
insert into Diagram values('GM21-91_0545','GM21-20020900','91-60','E65 730d   Individual cover,Klima-Leather comf.seat','');
insert into Diagram values('GM21-91_0571','GM21-20020900','91-60','E65 730d   Individual sports seat cover, front','');
insert into Diagram values('GM21-91_0743','GM21-20020900','91-60','E65 730d   Indi. rear panel rear seat Infotainment','');
insert into Diagram values('GM21-91_0744','GM21-20020900','91-60','E65 730d   Indi. mount.parts rear seat Infotainment','');
insert into Diagram values('GM21-91_0532','GM21-20020900','91-65','E65 730d   Indiv.cover, basic seat, rear U7','');
insert into DiagramParts values('GM21-91_0533-52208023030', 'GM21-91_0533', 01, 'Cover for comfort seat, leather right', 'U7', 1, to_date('20020901','YYYYMMDD'), to_date('20061101','YYYYMMDD'), '52208023030', '$965.34', '+core, See NoS No Stock', false);
insert into Diagram values('GM21-91_0533','GM21-20020900','91-65','E65 730d   Indiv.cover, comfort seat, rear U7','');
insert into Diagram values('GM21-91_0537','GM21-20020900','91-65','E65 730d   Indiv.cover, basic seat, rear U6','');
insert into DiagramParts values('GM21-91_0546-52208024744', 'GM21-91_0546', 01, 'Cover for comfort seat, leather right', 'U6 KLIMALEDER', 1, to_date('20020901','YYYYMMDD'), to_date('20040301','YYYYMMDD'), '52208024744', '$965.34', 'See NoS No Stock', false);
insert into DiagramParts values('GM21-91_0546-52208024747', 'GM21-91_0546', 02, 'Cover for comfort backrest,leather left', 'U6 KLIMALEDER', 1, to_date('20020901','YYYYMMDD'), to_date('20040301','YYYYMMDD'), '52208024747', '$965.34', 'See NoS No Stock', false);
insert into DiagramParts values('GM21-91_0546-52208024748', 'GM21-91_0546', 02, 'Cover for comfort backrest,leather right', 'U6 KLIMALEDER', 1, to_date('20020901','YYYYMMDD'), to_date('20040301','YYYYMMDD'), '52208024748', '$965.34', 'See NoS No Stock', false);
insert into Diagram values('GM21-91_0546','GM21-20020900','91-65','E65 730d   Ind. comfort seat Klima-Leather,U6 rear','');
insert into DiagramParts values('GM21-91_0547-52208024738', 'GM21-91_0547', 03, 'Cover backrest, leather, rear right', 'U6 KLIMALEDER', 1, to_date('20020901','YYYYMMDD'), to_date('20040301','YYYYMMDD'), '52208024738', '', 'See NoS No Stock', false);
insert into Diagram values('GM21-91_0547','GM21-20020900','91-65','E65 730d   Ind. basic seat Klima-Leather,U6 rear','');
insert into Diagram values('GM21-91_0572','GM21-20020900','91-65','E65 730d   Individual sports seat cover, rear','');
insert into Diagram values('GM21-91_0522','GM21-20020900','91-70','E65 730d   Ind. headrest, comfort seat, front','');
insert into Diagram values('GM21-91_0535','GM21-20020900','91-70','E65 730d   Indv. headrest, basic seat, front','');
insert into Diagram values('GM21-91_0569','GM21-20020900','91-70','E65 730d   Ind. headrest, sports seat, front','');
insert into Diagram values('GM21-91_0524','GM21-20020900','91-75','E65 730d   Indv. headrest, basic seat, rear','');
insert into Diagram values('GM21-91_0525','GM21-20020900','91-75','E65 730d   Ind. headrest, comfort seat, rear','');
insert into Diagram values('GM21-91_0526','GM21-20020900','91-75','E65 730d   Indiv. headrest, rear, center, leather','');
insert into Diagram values('GM21-91_0570','GM21-20020900','91-75','E65 730d   Ind. headrest, sports seat, rear','');
insert into Diagram values('GM21-91_0530','GM21-20020900','91-80','E65 730d   Individual armrest, multifunctional rear','');
insert into Diagram values('GM21-91_0531','GM21-20020900','91-80','E65 730d   Individual armrest, basic rear','');
insert into Diagram values('GM21-91_0472','GM21-20020900','91-88','E65 730d   Individual DVD cable','');
insert into DiagramParts values('GM21-91_0553-61128024897', 'GM21-91_0553', 01, 'Door wiring harness, mod. carrier, FR', 'WSA', 1, to_date('20021001','YYYYMMDD'), to_date('20030401','YYYYMMDD'), '61128024897', '', 'See NoS No Stock', false);
insert into DiagramParts values('GM21-91_0553-61128024898', 'GM21-91_0553', 01, 'Door wiring harness, mod. carrier, FR', 'WSA', 1, to_date('20021001','YYYYMMDD'), to_date('20030401','YYYYMMDD'), '61128024898', '', 'See NoS No Stock', false);
insert into Diagram values('GM21-91_0553','GM21-20020900','91-88','E65 730d   Indiv. intercom - Door wiring harness','');
insert into Diagram values('GM21-91_0554','GM21-20020900','91-88','E65 730d   Indiv. intercom - Control element','');
insert into Diagram values('GM21-91_0555','GM21-20020900','91-88','E65 730d   Indiv. intercom - Loudspeaker','');
insert into Diagram values('GM21-91_0556','GM21-20020900','91-88','E65 730d   Indiv. intercom - Exterior loudspeaker','');
insert into Diagram values('GM21-91_0557','GM21-20020900','91-88','E65 730d   Indiv. intercom - Control unit','');
insert into DiagramParts values('GM21-91_0742-61128030706', 'GM21-91_0742', 02, 'WIRING SET SEAT RIGHT', 'INDIVIDUAL', 1, to_date('20041101','YYYYMMDD'), to_date('20060901','YYYYMMDD'), '61128030706', '', 'See NoS No Stock', false);
insert into Diagram values('GM21-91_0742','GM21-20020900','91-88','E65 730d   Individual seat wiring harness','');
insert into ProdCodeDate values('GM21-20020900','GM21',to_date('20020901','YYYYMMDD'));
insert into ProdCodeDate values('GM21-20021000','GM21',to_date('20021001','YYYYMMDD'));
insert into ProdCode values('GM22','730d','Lim','E65','ECE','M57N','R','10/2002 E65 730d Sedan M57N Europe Right hand drive Automatic');
insert into ProdCodeDate values('GM22-20021000','GM22',to_date('20021001','YYYYMMDD'));
insert into DiagramParts values('GM22-01_0196-01400156536', 'GM22-01_0196', 01, 'Owner&apos;s handbook E65, E66', 'DE, MJ 02', 1, to_date('20011101','YYYYMMDD'), to_date('20020301','YYYYMMDD'), '01400156536', '$56.64', '', false);
insert into DiagramParts values('GM22-01_0196-01400156650', 'GM22-01_0196', 01, 'Owner&apos;s handbook E65, E66', 'DE, MJ 02', 1, to_date('20020301','YYYYMMDD'), to_date('20020901','YYYYMMDD'), '01400156650', '', '', false);
insert into DiagramParts values('GM22-01_0196-01400156856', 'GM22-01_0196', 01, 'Owner&apos;s handbook E65, E66', 'DE, MJ 03', 1, to_date('20020901','YYYYMMDD'), to_date('20030101','YYYYMMDD'), '01400156856', '$80.12', '', false);
insert into DiagramParts values('GM22-01_0196-01400157170', 'GM22-01_0196', 01, 'Owner&apos;s handbook E65, E66', 'DE, MJ 03', 1, to_date('20030101','YYYYMMDD'), to_date('20030301','YYYYMMDD'), '01400157170', '', '', false);
insert into DiagramParts values('GM22-01_0196-01400157404', 'GM22-01_0196', 01, 'Owner&apos;s handbook E65, E66, E67', 'DE, MJ 03', 1, to_date('20030301','YYYYMMDD'), to_date('20031001','YYYYMMDD'), '01400157404', '', '', false);
insert into DiagramParts values('GM22-01_0196-01400157660', 'GM22-01_0196', 01, 'Owner&apos;s handbook E65, E66, E67', 'DE, MJ 04', 1, to_date('20031001','YYYYMMDD'), to_date('20040301','YYYYMMDD'), '01400157660', '', '', false);
insert into DiagramParts values('GM22-01_0196-01400158148', 'GM22-01_0196', 01, 'Owner&apos;s handbook E65, E66, E67', 'DE, MJ 04', 1, to_date('20040301','YYYYMMDD'), to_date('20050301','YYYYMMDD'), '01400158148', '', '', false);
insert into DiagramParts values('GM22-01_0196-01400159179', 'GM22-01_0196', 01, 'Owner&apos;s handbook E65, E66, E67', 'DE, MJ 2005', 1, to_date('20050301','YYYYMMDD'), to_date('20050901','YYYYMMDD'), '01400159179', '', '', false);
insert into DiagramParts values('GM22-01_0196-01400159739', 'GM22-01_0196', 01, 'Owner&apos;s handbook E65, E66, E67', 'DE, MJ 2006', 1, to_date('20050901','YYYYMMDD'), to_date('20060301','YYYYMMDD'), '01400159739', '', '', false);
insert into DiagramParts values('GM22-01_0196-01400012268', 'GM22-01_0196', 01, 'Owner&apos;s handbook E65, E66, E67', 'DE, MJ 2006', 1, to_date('20060301','YYYYMMDD'), to_date('20060901','YYYYMMDD'), '01400012268', '', '', false);
insert into DiagramParts values('GM22-01_0196-01400012816', 'GM22-01_0196', 01, 'Owner&apos;s handbook E65, E66, E67', 'DE, MJ 2007', 1, to_date('20060901','YYYYMMDD'), to_date('20070301','YYYYMMDD'), '01400012816', '', '', false);
insert into DiagramParts values('GM22-01_0196-01400013196', 'GM22-01_0196', 01, 'Owner&apos;s handbook E65, E66, E67', 'DE, MJ 07/08', 1, to_date('20070301','YYYYMMDD'), to_date('20080901','YYYYMMDD'), '01400013196', '', '', false);
insert into DiagramParts values('GM22-01_0196-01410156537', 'GM22-01_0196', 02, 'Owner&apos;s handbook E65, E66', 'EN, MJ 02', 1, to_date('20011101','YYYYMMDD'), to_date('20020301','YYYYMMDD'), '01410156537', '$80.12', '', false);
insert into DiagramParts values('GM22-01_0196-01410156651', 'GM22-01_0196', 02, 'Owner&apos;s handbook E65, E66', 'EN, MJ 02', 1, to_date('20020301','YYYYMMDD'), to_date('20020901','YYYYMMDD'), '01410156651', '$80.12', '', false);
insert into DiagramParts values('GM22-01_0196-01410156857', 'GM22-01_0196', 02, 'Owner&apos;s handbook E65, E66', 'EN, MJ 03', 1, to_date('20020901','YYYYMMDD'), to_date('20030101','YYYYMMDD'), '01410156857', '', '', false);
insert into DiagramParts values('GM22-01_0196-01410157171', 'GM22-01_0196', 02, 'Owner&apos;s handbook E65, E66', 'EN, MJ 03', 1, to_date('20030101','YYYYMMDD'), to_date('20040101','YYYYMMDD'), '01410157171', '', '', false);
insert into DiagramParts values('GM22-01_0196-01410157405', 'GM22-01_0196', 02, 'Owner&apos;s handbook E65, E66, E67', 'EN, MJ 03', 1, to_date('20030301','YYYYMMDD'), to_date('20031001','YYYYMMDD'), '01410157405', '', '', false);
insert into DiagramParts values('GM22-01_0196-01410157661', 'GM22-01_0196', 02, 'Owner&apos;s handbook E65, E66, E67', 'EN, MJ 04', 1, to_date('20031001','YYYYMMDD'), to_date('20040301','YYYYMMDD'), '01410157661', '', '', false);
insert into DiagramParts values('GM22-01_0196-01410158149', 'GM22-01_0196', 02, 'Owner&apos;s handbook E65, E66, E67', 'EN, MJ 04', 1, to_date('20040301','YYYYMMDD'), to_date('20050301','YYYYMMDD'), '01410158149', '', '', false);
insert into DiagramParts values('GM22-01_0196-01410159180', 'GM22-01_0196', 02, 'Owner&apos;s handbook E65, E66, E67', 'EN, MJ 2005', 1, to_date('20050301','YYYYMMDD'), to_date('20050901','YYYYMMDD'), '01410159180', '', '', false);
insert into DiagramParts values('GM22-01_0196-01410159740', 'GM22-01_0196', 02, 'Owner&apos;s handbook E65, E66, E67', 'EN, MJ 2006', 1, to_date('20050901','YYYYMMDD'), to_date('20060301','YYYYMMDD'), '01410159740', '', '', false);
insert into DiagramParts values('GM22-01_0196-01410012269', 'GM22-01_0196', 02, 'Owner&apos;s handbook E65, E66, E67', 'EN, MJ 2006', 1, to_date('20060301','YYYYMMDD'), to_date('20060901','YYYYMMDD'), '01410012269', '', '', false);
insert into DiagramParts values('GM22-01_0196-01410012817', 'GM22-01_0196', 02, 'Owner&apos;s handbook E65, E66, E67', 'EN, MJ 2007', 1, to_date('20060901','YYYYMMDD'), to_date('20070301','YYYYMMDD'), '01410012817', '', '', false);
insert into DiagramParts values('GM22-01_0196-01410013197', 'GM22-01_0196', 02, 'Owner&apos;s handbook E65, E66, E67', 'EN, MJ 07/08', 1, to_date('20070301','YYYYMMDD'), to_date('20080901','YYYYMMDD'), '01410013197', '', '', false);
insert into DiagramParts values('GM22-01_0196-01410156685', 'GM22-01_0196', 02, 'Owner&apos;s handbook E65, E66', 'EN, MJ 02 KOREA', 1, to_date('20020301','YYYYMMDD'), to_date('20020901','YYYYMMDD'), '01410156685', '', '', false);
insert into DiagramParts values('GM22-01_0196-01410156899', 'GM22-01_0196', 02, 'Owner&apos;s handbook E65, E66', 'EN, MJ 03 KOREA', 1, to_date('20020901','YYYYMMDD'), to_date('20030101','YYYYMMDD'), '01410156899', '', '', false);
insert into DiagramParts values('GM22-01_0196-01410157200', 'GM22-01_0196', 02, 'Owner&apos;s handbook E65, E66', 'EN, MJ 03 KOREA', 1, to_date('20030101','YYYYMMDD'), to_date('20040101','YYYYMMDD'), '01410157200', '', '', false);
insert into DiagramParts values('GM22-01_0196-01410157479', 'GM22-01_0196', 02, 'Owner&apos;s handbook E65, E66', 'EN, MJ 03 KOREA', 1, to_date('20030301','YYYYMMDD'), to_date('20031001','YYYYMMDD'), '01410157479', '', '', false);
insert into DiagramParts values('GM22-01_0196-01410157755', 'GM22-01_0196', 02, 'Owner&apos;s handbook E65, E66', 'EN, MJ 04 KOREA', 1, to_date('20031001','YYYYMMDD'), to_date('20040301','YYYYMMDD'), '01410157755', '', '', false);
insert into DiagramParts values('GM22-01_0196-01410158224', 'GM22-01_0196', 02, 'Owner&apos;s handbook E65, E66', 'EN, MJ 04 KOREA', 1, to_date('20040301','YYYYMMDD'), to_date('20050301','YYYYMMDD'), '01410158224', '', '', false);
insert into DiagramParts values('GM22-01_0196-01410159960', 'GM22-01_0196', 02, 'Owner&apos;s handbook E65, E66, E67', 'EN, MJ 2006', 1, to_date('20050901','YYYYMMDD'), to_date('20060301','YYYYMMDD'), '01410159960', '', '', false);
insert into DiagramParts values('GM22-01_0196-01410012252', 'GM22-01_0196', 02, 'Owner&apos;s handbook E65, E66, E67', 'EN, MJ 2006', 1, to_date('20060301','YYYYMMDD'), to_date('20060901','YYYYMMDD'), '01410012252', '', '', false);
insert into DiagramParts values('GM22-01_0196-01420156538', 'GM22-01_0196', 03, 'Owner&apos;s handbook E65, E66', 'FR, MJ 02', 1, to_date('20011101','YYYYMMDD'), to_date('20020301','YYYYMMDD'), '01420156538', '', '', false);
insert into DiagramParts values('GM22-01_0196-01420156652', 'GM22-01_0196', 03, 'Owner&apos;s handbook E65, E66', 'FR, MJ 02', 1, to_date('20020201','YYYYMMDD'), to_date('20020401','YYYYMMDD'), '01420156652', '', '', false);
insert into DiagramParts values('GM22-01_0196-01420156733', 'GM22-01_0196', 03, 'Owner&apos;s handbook E65, E66', 'FR, MJ 02', 1, to_date('20020401','YYYYMMDD'), to_date('20020901','YYYYMMDD'), '01420156733', '', '', false);
insert into DiagramParts values('GM22-01_0196-01420156858', 'GM22-01_0196', 03, 'Owner&apos;s handbook E65, E66', 'FR, MJ 03', 1, to_date('20020901','YYYYMMDD'), to_date('20030101','YYYYMMDD'), '01420156858', '', '', false);
insert into DiagramParts values('GM22-01_0196-01420157172', 'GM22-01_0196', 03, 'Owner&apos;s handbook E65, E66', 'FR, MJ 03', 1, to_date('20030101','YYYYMMDD'), to_date('20030301','YYYYMMDD'), '01420157172', '', '', false);
insert into DiagramParts values('GM22-01_0196-01420157406', 'GM22-01_0196', 03, 'Owner&apos;s handbook E65, E66, E67', 'FR, MJ 03', 1, to_date('20030301','YYYYMMDD'), to_date('20031001','YYYYMMDD'), '01420157406', '', '', false);
insert into DiagramParts values('GM22-01_0196-01420157662', 'GM22-01_0196', 03, 'Owner&apos;s handbook E65, E66, E67', 'FR, MJ 2004', 1, to_date('20031001','YYYYMMDD'), to_date('20040301','YYYYMMDD'), '01420157662', '', '', false);
insert into DiagramParts values('GM22-01_0196-01420158150', 'GM22-01_0196', 03, 'Owner&apos;s handbook E65, E66, E67', 'FR, MJ 04', 1, to_date('20040301','YYYYMMDD'), to_date('20050301','YYYYMMDD'), '01420158150', '', '', false);
insert into DiagramParts values('GM22-01_0196-01420159181', 'GM22-01_0196', 03, 'Owner&apos;s handbook E65, E66, E67', 'FR, MJ 2005', 1, to_date('20050301','YYYYMMDD'), to_date('20050901','YYYYMMDD'), '01420159181', '', '', false);
insert into DiagramParts values('GM22-01_0196-01420159741', 'GM22-01_0196', 03, 'Owner&apos;s handbook E65, E66, E67', 'FR, MJ 2006', 1, to_date('20050901','YYYYMMDD'), to_date('20060301','YYYYMMDD'), '01420159741', '', '', false);
insert into DiagramParts values('GM22-01_0196-01420012270', 'GM22-01_0196', 03, 'Owner&apos;s handbook E65, E66, E67', 'FR, MJ 2006', 1, to_date('20060301','YYYYMMDD'), to_date('20060901','YYYYMMDD'), '01420012270', '', '', false);
insert into DiagramParts values('GM22-01_0196-01420012818', 'GM22-01_0196', 03, 'Owner&apos;s handbook E65, E66, E67', 'FR, MJ 2007', 1, to_date('20060901','YYYYMMDD'), to_date('20070301','YYYYMMDD'), '01420012818', '', '', false);
insert into DiagramParts values('GM22-01_0196-01420013198', 'GM22-01_0196', 03, 'Owner&apos;s handbook E65, E66, E67', 'FR, MJ 07/08', 1, to_date('20070301','YYYYMMDD'), to_date('20080901','YYYYMMDD'), '01420013198', '', '', false);
insert into DiagramParts values('GM22-01_0196-01430156539', 'GM22-01_0196', 04, 'Owner&apos;s handbook E65, E66', 'ES, MJ 02', 1, to_date('20011101','YYYYMMDD'), to_date('20020301','YYYYMMDD'), '01430156539', '', '', false);
insert into DiagramParts values('GM22-01_0196-01430156653', 'GM22-01_0196', 04, 'Owner&apos;s handbook E65, E66', 'ES, MJ 02', 1, to_date('20020301','YYYYMMDD'), to_date('20020601','YYYYMMDD'), '01430156653', '', '', false);
insert into DiagramParts values('GM22-01_0196-01430156734', 'GM22-01_0196', 04, 'Owner&apos;s handbook E65, E66', 'ES, MJ 02', 1, to_date('20020601','YYYYMMDD'), to_date('20020901','YYYYMMDD'), '01430156734', '', '', false);
insert into DiagramParts values('GM22-01_0196-01430156859', 'GM22-01_0196', 04, 'Owner&apos;s handbook E65, E66', 'ES, MJ 03', 1, to_date('20020901','YYYYMMDD'), to_date('20030101','YYYYMMDD'), '01430156859', '$80.12', '', false);
insert into DiagramParts values('GM22-01_0196-01430157173', 'GM22-01_0196', 04, 'Owner&apos;s handbook E65, E66', 'ES, MJ 03', 1, to_date('20030101','YYYYMMDD'), to_date('20030301','YYYYMMDD'), '01430157173', '', '', false);
insert into DiagramParts values('GM22-01_0196-01430157407', 'GM22-01_0196', 04, 'Owner&apos;s handbook E65, E66, E67', 'ES, MJ 03', 1, to_date('20030301','YYYYMMDD'), to_date('20031001','YYYYMMDD'), '01430157407', '', '', false);
insert into DiagramParts values('GM22-01_0196-01430157663', 'GM22-01_0196', 04, 'Owner&apos;s handbook E65, E66, E67', 'ES, MJ 04', 1, to_date('20031001','YYYYMMDD'), to_date('20040301','YYYYMMDD'), '01430157663', '', '', false);
insert into DiagramParts values('GM22-01_0196-01430158151', 'GM22-01_0196', 04, 'Owner&apos;s handbook E65, E66, E67', 'ES, MJ 04', 1, to_date('20040301','YYYYMMDD'), to_date('20050301','YYYYMMDD'), '01430158151', '', '', false);
insert into DiagramParts values('GM22-01_0196-01430159182', 'GM22-01_0196', 04, 'Owner&apos;s handbook E65, E66, E67', 'ES, MJ 2005', 1, to_date('20050301','YYYYMMDD'), to_date('20050901','YYYYMMDD'), '01430159182', '', '', false);
insert into DiagramParts values('GM22-01_0196-01420159742', 'GM22-01_0196', 04, 'Owner&apos;s handbook E65, E66, E67', 'ES, MJ 2006', 1, to_date('20050901','YYYYMMDD'), to_date('20060301','YYYYMMDD'), '01420159742', '', '', false);
insert into DiagramParts values('GM22-01_0196-01430012271', 'GM22-01_0196', 04, 'Owner&apos;s handbook E65, E66, E67', 'ES, MJ 2006', 1, to_date('20060301','YYYYMMDD'), to_date('20060901','YYYYMMDD'), '01430012271', '', '', false);
insert into DiagramParts values('GM22-01_0196-01430012819', 'GM22-01_0196', 04, 'Owner&apos;s handbook E65, E66, E67', 'ES, MJ 2007', 1, to_date('20060901','YYYYMMDD'), to_date('20070301','YYYYMMDD'), '01430012819', '', '', false);
insert into DiagramParts values('GM22-01_0196-01430013199', 'GM22-01_0196', 04, 'Owner&apos;s handbook E65, E66, E67', 'ES, MJ 07/08', 1, to_date('20070301','YYYYMMDD'), to_date('20080901','YYYYMMDD'), '01430013199', '', '', false);
insert into DiagramParts values('GM22-01_0196-01430156686', 'GM22-01_0196', 04, 'Owner&apos;s handbook E65, E66', 'ES, MJ 02 USA', 1, to_date('20020301','YYYYMMDD'), to_date('20020601','YYYYMMDD'), '01430156686', '', '', false);
insert into DiagramParts values('GM22-01_0196-01430156900', 'GM22-01_0196', 04, 'Owner&apos;s handbook E65, E66', 'ES, MJ 03 USA', 1, to_date('20020901','YYYYMMDD'), to_date('20030101','YYYYMMDD'), '01430156900', '', '', false);
insert into DiagramParts values('GM22-01_0196-01430157201', 'GM22-01_0196', 04, 'Owner&apos;s handbook E65, E66', 'ES, MJ 02 USA', 1, to_date('20030101','YYYYMMDD'), to_date('20030301','YYYYMMDD'), '01430157201', '', '', false);
insert into DiagramParts values('GM22-01_0196-01430157480', 'GM22-01_0196', 04, 'Owner&apos;s handbook E65, E66', 'ES, MJ 03 USA', 1, to_date('20030301','YYYYMMDD'), to_date('20031001','YYYYMMDD'), '01430157480', '$56.64', '', false);
insert into DiagramParts values('GM22-01_0196-01430157756', 'GM22-01_0196', 04, 'Owner&apos;s handbook E65, E66', 'ES, MJ 04 USA', 1, to_date('20031001','YYYYMMDD'), to_date('20040301','YYYYMMDD'), '01430157756', '', '', false);
insert into DiagramParts values('GM22-01_0196-01430158225', 'GM22-01_0196', 04, 'Owner&apos;s handbook E65, E66', 'ES, MJ 04 USA', 1, to_date('20040301','YYYYMMDD'), to_date('20050301','YYYYMMDD'), '01430158225', '', '', false);
insert into DiagramParts values('GM22-01_0196-01430159255', 'GM22-01_0196', 04, 'Owner&apos;s handbook E65, E66, E67', 'ES, MJ 2005', 1, to_date('20050301','YYYYMMDD'), to_date('20050901','YYYYMMDD'), '01430159255', '', '', false);
insert into DiagramParts values('GM22-01_0196-01430159961', 'GM22-01_0196', 04, 'Owner&apos;s handbook E65, E66, E67', 'ES, MJ 2006', 1, to_date('20050901','YYYYMMDD'), to_date('20060301','YYYYMMDD'), '01430159961', '', '', false);
insert into DiagramParts values('GM22-01_0196-01430012253', 'GM22-01_0196', 04, 'Owner&apos;s handbook E65, E66, E67', 'ES, MJ 2006', 1, to_date('20060301','YYYYMMDD'), to_date('20060901','YYYYMMDD'), '01430012253', '', '', false);
insert into DiagramParts values('GM22-01_0196-01430012839', 'GM22-01_0196', 04, 'Owner&apos;s handbook E65, E66, E67', 'ES, MJ 2007', 1, to_date('20060901','YYYYMMDD'), to_date('20070301','YYYYMMDD'), '01430012839', '$80.12', '', false);
insert into DiagramParts values('GM22-01_0196-01440156540', 'GM22-01_0196', 05, 'Owner&apos;s handbook E65, E66', 'IT, MJ 02', 1, to_date('20011101','YYYYMMDD'), to_date('20020301','YYYYMMDD'), '01440156540', '', '', false);
insert into DiagramParts values('GM22-01_0196-01440156654', 'GM22-01_0196', 05, 'Owner&apos;s handbook E65, E66', 'IT, MJ 02', 1, to_date('20020301','YYYYMMDD'), to_date('20020901','YYYYMMDD'), '01440156654', '', '', false);
insert into DiagramParts values('GM22-01_0196-01440156860', 'GM22-01_0196', 05, 'Owner&apos;s handbook E65, E66', 'IT, MJ 03', 1, to_date('20020901','YYYYMMDD'), to_date('20030101','YYYYMMDD'), '01440156860', '', '', false);
insert into DiagramParts values('GM22-01_0196-01440157174', 'GM22-01_0196', 05, 'Owner&apos;s handbook E65, E66', 'IT, MJ 03', 1, to_date('20030101','YYYYMMDD'), to_date('20030301','YYYYMMDD'), '01440157174', '', '', false);
insert into DiagramParts values('GM22-01_0196-01440157408', 'GM22-01_0196', 05, 'Owner&apos;s handbook E65, E66, E67', 'IT, MJ 03', 1, to_date('20030301','YYYYMMDD'), to_date('20031001','YYYYMMDD'), '01440157408', '', '', false);
insert into DiagramParts values('GM22-01_0196-01440157664', 'GM22-01_0196', 05, 'Owner&apos;s handbook E65, E66, E67', 'IT, MJ 04', 1, to_date('20031001','YYYYMMDD'), to_date('20040301','YYYYMMDD'), '01440157664', '$80.12', '', false);
insert into DiagramParts values('GM22-01_0196-01440158152', 'GM22-01_0196', 05, 'Owner&apos;s handbook E65, E66, E67', 'IT, MJ 04', 1, to_date('20040301','YYYYMMDD'), to_date('20050301','YYYYMMDD'), '01440158152', '', '', false);
insert into DiagramParts values('GM22-01_0196-01440159183', 'GM22-01_0196', 05, 'Owner&apos;s handbook E65, E66, E67', 'IT, MJ 2005', 1, to_date('20050301','YYYYMMDD'), to_date('20050901','YYYYMMDD'), '01440159183', '', '', false);
insert into DiagramParts values('GM22-01_0196-01440159743', 'GM22-01_0196', 05, 'Owner&apos;s handbook E65, E66, E67', 'IT, MJ 2006', 1, to_date('20050901','YYYYMMDD'), to_date('20060301','YYYYMMDD'), '01440159743', '', '', false);
insert into DiagramParts values('GM22-01_0196-01440012272', 'GM22-01_0196', 05, 'Owner&apos;s handbook E65, E66, E67', 'IT, MJ 2006', 1, to_date('20060301','YYYYMMDD'), to_date('20060901','YYYYMMDD'), '01440012272', '', '', false);
insert into DiagramParts values('GM22-01_0196-01440012820', 'GM22-01_0196', 05, 'Owner&apos;s handbook E65, E66, E67', 'IT, MJ 2007', 1, to_date('20060901','YYYYMMDD'), to_date('20070301','YYYYMMDD'), '01440012820', '', '', false);
insert into DiagramParts values('GM22-01_0196-01440013200', 'GM22-01_0196', 05, 'Owner&apos;s handbook E65, E66, E67', 'IT, MJ 07/08', 1, to_date('20070301','YYYYMMDD'), to_date('20080901','YYYYMMDD'), '01440013200', '', '', false);
insert into DiagramParts values('GM22-01_0196-01450156541', 'GM22-01_0196', 06, 'Owner&apos;s handbook E65, E66', 'SV, MJ 02', 1, to_date('20011101','YYYYMMDD'), to_date('20020301','YYYYMMDD'), '01450156541', '', '', false);
insert into DiagramParts values('GM22-01_0196-01450156655', 'GM22-01_0196', 06, 'Owner&apos;s handbook E65, E66', 'SV, MJ 02', 1, to_date('20020301','YYYYMMDD'), to_date('20020901','YYYYMMDD'), '01450156655', '', '', false);
insert into DiagramParts values('GM22-01_0196-01450156861', 'GM22-01_0196', 06, 'Owner&apos;s handbook E65, E66', 'SV, MJ 03', 1, to_date('20020901','YYYYMMDD'), to_date('20030101','YYYYMMDD'), '01450156861', '', '', false);
insert into DiagramParts values('GM22-01_0196-01450157175', 'GM22-01_0196', 06, 'Owner&apos;s handbook E65, E66', 'SV, MJ 03', 1, to_date('20030101','YYYYMMDD'), to_date('20030301','YYYYMMDD'), '01450157175', '', '', false);
insert into DiagramParts values('GM22-01_0196-01450157409', 'GM22-01_0196', 06, 'Owner&apos;s handbook E65, E66, E67', 'SV, MJ 03', 1, to_date('20030301','YYYYMMDD'), to_date('20031001','YYYYMMDD'), '01450157409', '', '', false);
insert into DiagramParts values('GM22-01_0196-01450157665', 'GM22-01_0196', 06, 'Owner&apos;s handbook E65, E66, E67', 'SV, MJ 04', 1, to_date('20031001','YYYYMMDD'), to_date('20040301','YYYYMMDD'), '01450157665', '', '', false);
insert into DiagramParts values('GM22-01_0196-01450158153', 'GM22-01_0196', 06, 'Owner&apos;s handbook E65, E66, E67', 'SV, MJ 04', 1, to_date('20040301','YYYYMMDD'), to_date('20050301','YYYYMMDD'), '01450158153', '', '', false);
insert into DiagramParts values('GM22-01_0196-01450159184', 'GM22-01_0196', 06, 'Owner&apos;s handbook E65, E66, E67', 'SV, MJ 2005', 1, to_date('20050301','YYYYMMDD'), to_date('20050901','YYYYMMDD'), '01450159184', '', '', false);
insert into DiagramParts values('GM22-01_0196-01450159744', 'GM22-01_0196', 06, 'Owner&apos;s handbook E65, E66, E67', 'SV, MJ 2006', 1, to_date('20050901','YYYYMMDD'), to_date('20060301','YYYYMMDD'), '01450159744', '', '', false);
insert into DiagramParts values('GM22-01_0196-01450012273', 'GM22-01_0196', 06, 'Owner&apos;s handbook E65, E66, E67', 'SV, MJ 2006', 1, to_date('20060301','YYYYMMDD'), to_date('20060901','YYYYMMDD'), '01450012273', '', '', false);
insert into DiagramParts values('GM22-01_0196-01450012821', 'GM22-01_0196', 06, 'Owner&apos;s handbook E65, E66, E67', 'SV, MJ 2007', 1, to_date('20060901','YYYYMMDD'), to_date('20070301','YYYYMMDD'), '01450012821', '', '', false);
insert into DiagramParts values('GM22-01_0196-01450013201', 'GM22-01_0196', 06, 'Owner&apos;s handbook E65, E66, E67', 'SV, MJ 07/08', 1, to_date('20070301','YYYYMMDD'), to_date('20080901','YYYYMMDD'), '01450013201', '', '', false);
insert into DiagramParts values('GM22-01_0196-01460156542', 'GM22-01_0196', 07, 'Owner&apos;s handbook E65, E66', 'NL, MJ 02', 1, to_date('20011101','YYYYMMDD'), to_date('20020301','YYYYMMDD'), '01460156542', '', '', false);
insert into DiagramParts values('GM22-01_0196-01460156656', 'GM22-01_0196', 07, 'Owner&apos;s handbook E65, E66', 'NL, MJ 02', 1, to_date('20020301','YYYYMMDD'), to_date('20020901','YYYYMMDD'), '01460156656', '', '', false);
insert into DiagramParts values('GM22-01_0196-01460156862', 'GM22-01_0196', 07, 'Owner&apos;s handbook E65, E66', 'NL, MJ 03', 1, to_date('20020901','YYYYMMDD'), to_date('20030101','YYYYMMDD'), '01460156862', '', '', false);
insert into DiagramParts values('GM22-01_0196-01460157176', 'GM22-01_0196', 07, 'Owner&apos;s handbook E65, E66', 'NL, MJ 03', 1, to_date('20030101','YYYYMMDD'), to_date('20030301','YYYYMMDD'), '01460157176', '', '', false);
insert into DiagramParts values('GM22-01_0196-01460157410', 'GM22-01_0196', 07, 'Owner&apos;s handbook E65, E66, E67', 'NL, MJ 03', 1, to_date('20030301','YYYYMMDD'), to_date('20031001','YYYYMMDD'), '01460157410', '', '', false);
insert into DiagramParts values('GM22-01_0196-01460157666', 'GM22-01_0196', 07, 'Owner&apos;s handbook E65, E66, E67', 'NL, MJ 04', 1, to_date('20031001','YYYYMMDD'), to_date('20040301','YYYYMMDD'), '01460157666', '', '', false);
insert into DiagramParts values('GM22-01_0196-01460158154', 'GM22-01_0196', 07, 'Owner&apos;s handbook E65, E66, E67', 'NL, MJ 04', 1, to_date('20040301','YYYYMMDD'), to_date('20050301','YYYYMMDD'), '01460158154', '', '', false);
insert into DiagramParts values('GM22-01_0196-01460159185', 'GM22-01_0196', 07, 'Owner&apos;s handbook E65, E66, E67', 'NL, MJ 2005', 1, to_date('20050301','YYYYMMDD'), to_date('20050901','YYYYMMDD'), '01460159185', '', '', false);
insert into DiagramParts values('GM22-01_0196-01460159745', 'GM22-01_0196', 07, 'Owner&apos;s handbook E65, E66, E67', 'NL, MJ 2006', 1, to_date('20050901','YYYYMMDD'), to_date('20060301','YYYYMMDD'), '01460159745', '', '', false);
insert into DiagramParts values('GM22-01_0196-01460012274', 'GM22-01_0196', 07, 'Owner&apos;s handbook E65, E66, E67', 'NL, MJ 2006', 1, to_date('20060301','YYYYMMDD'), to_date('20060901','YYYYMMDD'), '01460012274', '', '', false);
insert into DiagramParts values('GM22-01_0196-01460012822', 'GM22-01_0196', 07, 'Owner&apos;s handbook E65, E66, E67', 'NL, MJ 2007', 1, to_date('20060901','YYYYMMDD'), to_date('20070301','YYYYMMDD'), '01460012822', '', '', false);
insert into DiagramParts values('GM22-01_0196-01460013202', 'GM22-01_0196', 07, 'Owner&apos;s handbook E65, E66, E67', 'NL, MJ 07/08', 1, to_date('20070301','YYYYMMDD'), to_date('20080901','YYYYMMDD'), '01460013202', '', '', false);
insert into DiagramParts values('GM22-01_0196-01470156543', 'GM22-01_0196', 08, 'Owner&apos;s handbook E65, E66', 'AR, MJ 02', 1, to_date('20011101','YYYYMMDD'), to_date('20020301','YYYYMMDD'), '01470156543', '', '', false);
insert into DiagramParts values('GM22-01_0196-01470156657', 'GM22-01_0196', 08, 'Owner&apos;s handbook E65, E66', 'AR, MJ 02', 1, to_date('20020301','YYYYMMDD'), to_date('20020901','YYYYMMDD'), '01470156657', '', '', false);
insert into DiagramParts values('GM22-01_0196-01470156863', 'GM22-01_0196', 08, 'Owner&apos;s handbook E65, E66', 'AR, MJ 03', 1, to_date('20020901','YYYYMMDD'), to_date('20030101','YYYYMMDD'), '01470156863', '', '', false);
insert into DiagramParts values('GM22-01_0196-01470157177', 'GM22-01_0196', 08, 'Owner&apos;s handbook E65, E66', 'AR, MJ 03', 1, to_date('20030101','YYYYMMDD'), to_date('20030301','YYYYMMDD'), '01470157177', '', '', false);
insert into DiagramParts values('GM22-01_0196-01470157411', 'GM22-01_0196', 08, 'Owner&apos;s handbook E65, E66, E67', 'AR, MJ 03', 1, to_date('20030301','YYYYMMDD'), to_date('20031001','YYYYMMDD'), '01470157411', '', '', false);
insert into DiagramParts values('GM22-01_0196-01470157667', 'GM22-01_0196', 08, 'Owner&apos;s handbook E65, E66, E67', 'AR, MJ 04', 1, to_date('20031001','YYYYMMDD'), to_date('20040301','YYYYMMDD'), '01470157667', '', '', false);
insert into DiagramParts values('GM22-01_0196-01470158155', 'GM22-01_0196', 08, 'Owner&apos;s handbook E65, E66, E67', 'AR, MJ 04', 1, to_date('20040301','YYYYMMDD'), to_date('20050301','YYYYMMDD'), '01470158155', '', '', false);
insert into DiagramParts values('GM22-01_0196-01470159186', 'GM22-01_0196', 08, 'Owner&apos;s handbook E65, E66, E67', 'AR, MJ 2005', 1, to_date('20050301','YYYYMMDD'), to_date('20050901','YYYYMMDD'), '01470159186', '', '', false);
insert into DiagramParts values('GM22-01_0196-01470159746', 'GM22-01_0196', 08, 'Owner&apos;s handbook E65, E66, E67', 'AR, MJ 2006', 1, to_date('20050901','YYYYMMDD'), to_date('20060301','YYYYMMDD'), '01470159746', '', '', false);
insert into DiagramParts values('GM22-01_0196-01470012275', 'GM22-01_0196', 08, 'Owner&apos;s handbook E65, E66, E67', 'AR, MJ 2006', 1, to_date('20060301','YYYYMMDD'), to_date('20060901','YYYYMMDD'), '01470012275', '', '', false);
insert into DiagramParts values('GM22-01_0196-01470012823', 'GM22-01_0196', 08, 'Owner&apos;s handbook E65, E66, E67', 'AR, MJ 2007', 1, to_date('20060901','YYYYMMDD'), to_date('20070301','YYYYMMDD'), '01470012823', '', '', false);
insert into DiagramParts values('GM22-01_0196-01470013203', 'GM22-01_0196', 08, 'Owner&apos;s handbook E65, E66, E67', 'AR, MJ 07/08', 1, to_date('20070301','YYYYMMDD'), to_date('20080901','YYYYMMDD'), '01470013203', '', '', false);
insert into DiagramParts values('GM22-01_0196-01480156544', 'GM22-01_0196', 09, 'Owner&apos;s handbook E65, E66', 'DA, MJ 02', 1, to_date('20011101','YYYYMMDD'), to_date('20020301','YYYYMMDD'), '01480156544', '', '', false);
insert into DiagramParts values('GM22-01_0196-01480156658', 'GM22-01_0196', 09, 'Owner&apos;s handbook E65, E66', 'DA, MJ 02', 1, to_date('20020301','YYYYMMDD'), to_date('20020901','YYYYMMDD'), '01480156658', '', '', false);
insert into DiagramParts values('GM22-01_0196-01480156864', 'GM22-01_0196', 09, 'Owner&apos;s handbook E65, E66', 'DA, MJ 03', 1, to_date('20020901','YYYYMMDD'), to_date('20030101','YYYYMMDD'), '01480156864', '', '', false);
insert into DiagramParts values('GM22-01_0196-01480157178', 'GM22-01_0196', 09, 'Owner&apos;s handbook E65, E66', 'DA, MJ 03', 1, to_date('20030101','YYYYMMDD'), to_date('20030301','YYYYMMDD'), '01480157178', '', '', false);
insert into DiagramParts values('GM22-01_0196-01480157412', 'GM22-01_0196', 09, 'Owner&apos;s handbook E65, E66, E67', 'DA, MJ 03', 1, to_date('20030301','YYYYMMDD'), to_date('20031001','YYYYMMDD'), '01480157412', '', '', false);
insert into DiagramParts values('GM22-01_0196-01480157668', 'GM22-01_0196', 09, 'Owner&apos;s handbook E65, E66, E67', 'DA, MJ 04', 1, to_date('20031001','YYYYMMDD'), to_date('20040301','YYYYMMDD'), '01480157668', '', '', false);
insert into DiagramParts values('GM22-01_0196-01480158156', 'GM22-01_0196', 09, 'Owner&apos;s handbook E65, E66, E67', 'DA, MJ 04', 1, to_date('20040301','YYYYMMDD'), to_date('20050301','YYYYMMDD'), '01480158156', '', '', false);
insert into DiagramParts values('GM22-01_0196-01480159187', 'GM22-01_0196', 09, 'Owner&apos;s handbook E65, E66, E67', 'DA, MJ 2005', 1, to_date('20050301','YYYYMMDD'), to_date('20050901','YYYYMMDD'), '01480159187', '', '', false);
insert into DiagramParts values('GM22-01_0196-01480159747', 'GM22-01_0196', 09, 'Owner&apos;s handbook E65, E66, E67', 'DA, MJ 2006', 1, to_date('20050901','YYYYMMDD'), to_date('20060301','YYYYMMDD'), '01480159747', '', '', false);
insert into DiagramParts values('GM22-01_0196-01480012276', 'GM22-01_0196', 09, 'Owner&apos;s handbook E65, E66, E67', 'DA, MJ 2006', 1, to_date('20060301','YYYYMMDD'), to_date('20060901','YYYYMMDD'), '01480012276', '', '', false);
insert into DiagramParts values('GM22-01_0196-01480012824', 'GM22-01_0196', 09, 'Owner&apos;s handbook E65, E66, E67', 'DA, MJ 2007', 1, to_date('20060901','YYYYMMDD'), to_date('20070301','YYYYMMDD'), '01480012824', '', '', false);
insert into DiagramParts values('GM22-01_0196-01480013204', 'GM22-01_0196', 09, 'Owner&apos;s handbook E65, E66, E67', 'DA, MJ 07/08', 1, to_date('20070301','YYYYMMDD'), to_date('20080901','YYYYMMDD'), '01480013204', '', '', false);
insert into DiagramParts values('GM22-01_0196-01490156545', 'GM22-01_0196', 10, 'Owner&apos;s handbook E65, E66', 'PT, MJ 02', 1, to_date('20011101','YYYYMMDD'), to_date('20020301','YYYYMMDD'), '01490156545', '', '', false);
insert into DiagramParts values('GM22-01_0196-01490156659', 'GM22-01_0196', 10, 'Owner&apos;s handbook E65, E66', 'PT, MJ 02', 1, to_date('20020301','YYYYMMDD'), to_date('20020901','YYYYMMDD'), '01490156659', '', '', false);
insert into DiagramParts values('GM22-01_0196-01490156865', 'GM22-01_0196', 10, 'Owner&apos;s handbook E65, E66', 'PT, MJ 03', 1, to_date('20020901','YYYYMMDD'), to_date('20030101','YYYYMMDD'), '01490156865', '', '', false);
insert into DiagramParts values('GM22-01_0196-01490157179', 'GM22-01_0196', 10, 'Owner&apos;s handbook E65, E66', 'PT, MJ 03', 1, to_date('20030101','YYYYMMDD'), to_date('20030301','YYYYMMDD'), '01490157179', '', '', false);
insert into DiagramParts values('GM22-01_0196-01490157413', 'GM22-01_0196', 10, 'Owner&apos;s handbook E65, E66, E67', 'PT, MJ 03', 1, to_date('20030301','YYYYMMDD'), to_date('20031001','YYYYMMDD'), '01490157413', '', '', false);
insert into DiagramParts values('GM22-01_0196-01490157669', 'GM22-01_0196', 10, 'Owner&apos;s handbook E65, E66, E67', 'PT, MJ 04', 1, to_date('20031001','YYYYMMDD'), to_date('20040301','YYYYMMDD'), '01490157669', '', '', false);
insert into DiagramParts values('GM22-01_0196-01490158157', 'GM22-01_0196', 10, 'Owner&apos;s handbook E65, E66, E67', 'PT, MJ 04', 1, to_date('20040301','YYYYMMDD'), to_date('20050301','YYYYMMDD'), '01490158157', '', '', false);
insert into DiagramParts values('GM22-01_0196-01490159188', 'GM22-01_0196', 10, 'Owner&apos;s handbook E65, E66, E67', 'PT, MJ 2005', 1, to_date('20050301','YYYYMMDD'), to_date('20050901','YYYYMMDD'), '01490159188', '', '', false);
insert into DiagramParts values('GM22-01_0196-01490159748', 'GM22-01_0196', 10, 'Owner&apos;s handbook E65, E66, E67', 'PT, MJ 2006', 1, to_date('20050901','YYYYMMDD'), to_date('20060301','YYYYMMDD'), '01490159748', '', '', false);
insert into DiagramParts values('GM22-01_0196-01490012277', 'GM22-01_0196', 10, 'Owner&apos;s handbook E65, E66, E67', 'PT, MJ 2006', 1, to_date('20060301','YYYYMMDD'), to_date('20060901','YYYYMMDD'), '01490012277', '', '', false);
insert into DiagramParts values('GM22-01_0196-01490012825', 'GM22-01_0196', 10, 'Owner&apos;s handbook E65, E66, E67', 'PT, MJ 2007', 1, to_date('20060901','YYYYMMDD'), to_date('20070301','YYYYMMDD'), '01490012825', '', '', false);
insert into DiagramParts values('GM22-01_0196-01490013205', 'GM22-01_0196', 10, 'Owner&apos;s handbook E65, E66, E67', 'PT, MJ 07/08', 1, to_date('20070301','YYYYMMDD'), to_date('20080901','YYYYMMDD'), '01490013205', '', '', false);
insert into DiagramParts values('GM22-01_0196-01490159190', 'GM22-01_0196', 13, 'Owner&apos;s handbook E65, E66, E67', 'EL, MJ 2005', 1, to_date('20050301','YYYYMMDD'), to_date('20050901','YYYYMMDD'), '01490159190', '', '', false);
insert into DiagramParts values('GM22-01_0196-01490159750', 'GM22-01_0196', 13, 'Owner&apos;s handbook E65, E66, E67', 'EL, MJ 2006', 1, to_date('20050901','YYYYMMDD'), to_date('20060301','YYYYMMDD'), '01490159750', '', '', false);
insert into DiagramParts values('GM22-01_0196-01490012279', 'GM22-01_0196', 13, 'Owner&apos;s handbook E65, E66, E67', 'EL, MJ 2006', 1, to_date('20060301','YYYYMMDD'), to_date('20060901','YYYYMMDD'), '01490012279', '', '', false);
insert into DiagramParts values('GM22-01_0196-01490012827', 'GM22-01_0196', 13, 'Owner&apos;s handbook E65, E66, E67', 'EL, MJ 2007', 1, to_date('20060901','YYYYMMDD'), to_date('20070301','YYYYMMDD'), '01490012827', '', '', false);
insert into DiagramParts values('GM22-01_0196-01490013207', 'GM22-01_0196', 13, 'Owner&apos;s handbook E65, E66, E67', 'EL, MJ 07/08', 1, to_date('20070301','YYYYMMDD'), to_date('20080901','YYYYMMDD'), '01490013207', '', '', false);
insert into DiagramParts values('GM22-01_0196-01490157886', 'GM22-01_0196', 14, 'Owner&apos;s handbook E65, E66, E67', 'ZH, MJ 03', 1, to_date('20030501','YYYYMMDD'), to_date('20031001','YYYYMMDD'), '01490157886', '', '', false);
insert into DiagramParts values('GM22-01_0196-01490157801', 'GM22-01_0196', 14, 'Owner&apos;s handbook E65, E66, E67', 'ZH, MJ 2004', 1, to_date('20031001','YYYYMMDD'), to_date('20040301','YYYYMMDD'), '01490157801', '', '', false);
insert into DiagramParts values('GM22-01_0196-01490158158', 'GM22-01_0196', 14, 'Owner&apos;s handbook E65, E66, E67', 'ZH, MJ 04', 1, to_date('20040301','YYYYMMDD'), to_date('20050301','YYYYMMDD'), '01490158158', '$80.12', '', false);
insert into DiagramParts values('GM22-01_0196-01490159189', 'GM22-01_0196', 14, 'Owner&apos;s handbook E65, E66, E67', 'ZH, MJ 2005', 1, to_date('20050301','YYYYMMDD'), to_date('20050901','YYYYMMDD'), '01490159189', '', '', false);
insert into DiagramParts values('GM22-01_0196-01490159749', 'GM22-01_0196', 14, 'Owner&apos;s handbook E65, E66, E67', 'ZH, MJ 2006', 1, to_date('20050901','YYYYMMDD'), to_date('20060301','YYYYMMDD'), '01490159749', '', '', false);
insert into DiagramParts values('GM22-01_0196-01490012278', 'GM22-01_0196', 14, 'Owner&apos;s handbook E65, E66, E67', 'ZH, MJ 2006', 1, to_date('20060301','YYYYMMDD'), to_date('20060901','YYYYMMDD'), '01490012278', '', '', false);
insert into DiagramParts values('GM22-01_0196-01490012826', 'GM22-01_0196', 14, 'Owner&apos;s handbook E65, E66, E67', 'ZH, MJ 2007', 1, to_date('20060901','YYYYMMDD'), to_date('20070301','YYYYMMDD'), '01490012826', '$80.12', '', false);
insert into DiagramParts values('GM22-01_0196-01490012961', 'GM22-01_0196', 14, 'Supplementary operating instructions', 'ZH, MJ 2007', 1, to_date('20060901','YYYYMMDD'), to_date('20070301','YYYYMMDD'), '01490012961', '', '', false);
insert into DiagramParts values('GM22-01_0196-01490013206', 'GM22-01_0196', 14, 'Owner&apos;s handbook E65, E66, E67', 'ZH, MJ 07/08', 1, to_date('20070301','YYYYMMDD'), to_date('20080901','YYYYMMDD'), '01490013206', '', '', false);
insert into DiagramParts values('GM22-01_0196-01490013535', 'GM22-01_0196', 15, 'Owner&apos;s handbook E65, E66, E67', 'KO, MJ 2007', 1, to_date('20070301','YYYYMMDD'), to_date('20070901','YYYYMMDD'), '01490013535', '', '', false);
insert into Diagram values('GM22-01_0196','GM22-20021000','01-05','E65 730d   Owner&apos;s handbook E65, E66, E67','');
insert into Diagram values('GM22-01_0206','GM22-20021000','01-05','E65 730d   BMW care tips','');
insert into Diagram values('GM22-01_0207','GM22-20021000','01-05','E65 730d   BMW technical information','');
insert into Diagram values('GM22-01_0756','GM22-20021000','01-05','E65 730d   Mirror placard','');
insert into Diagram values('GM22-01_0780','GM22-20021000','01-05','E65 730d   Brochure Service Contact, BMW','');
insert into Diagram values('GM22-01_0675','GM22-20021000','01-14','E65 730d   Car telephone in rear compartment, SA6NA','');
insert into Diagram values('GM22-01_1128','GM22-20021000','01-19','E65 730d   EC Certificate of Conformity','');
insert into Diagram values('GM22-01_0169','GM22-20021000','01-21','E65 730d   Logbook slipcase BMW','');
insert into Diagram values('GM22-01_1140','GM22-20021000','01-21','E65 730d   Logbook slipcase BMW','');
insert into DiagramParts values('GM22-01_0029-01410156723', 'GM22-01_0029', 01, 'Supplem. to owner&apos;s manual, Australia', 'E65, E66, MJ 02', 1, to_date('20020301','YYYYMMDD'), to_date('20030101','YYYYMMDD'), '01410156723', '', '', false);
insert into DiagramParts values('GM22-01_0029-01410156981', 'GM22-01_0029', 01, 'Supplem. to owner&apos;s manual, Australia', 'E65, E66, MJ 03', 1, to_date('20030101','YYYYMMDD'), to_date('20031001','YYYYMMDD'), '01410156981', '', '', false);
insert into DiagramParts values('GM22-01_0029-01410157788', 'GM22-01_0029', 01, 'Supplem. to owner&apos;s manual, Australia', 'E65, E66', 1, to_date('20031001','YYYYMMDD'), to_date('20080901','YYYYMMDD'), '01410157788', '', '', false);
insert into Diagram values('GM22-01_0029','GM22-20021000','01-24','E65 730d   Supplem. to owner&apos;s manual, Australia','');
insert into DiagramParts values('GM22-01_0589-01400158199', 'GM22-01_0589', 01, 'Service booklet, German', 'E65, E66, E67', 1, to_date('20010701','YYYYMMDD'), to_date('20040901','YYYYMMDD'), '01400158199', '', '', false);
insert into DiagramParts values('GM22-01_0589-01400012697', 'GM22-01_0589', 01, 'Service booklet, German', 'E65, E66, E67', 1, to_date('20060901','YYYYMMDD'), to_date('20080901','YYYYMMDD'), '01400012697', '', '', false);
insert into DiagramParts values('GM22-01_0589-01410158200', 'GM22-01_0589', 02, 'Service booklet, English', 'E65, E66, E67', 1, to_date('20010701','YYYYMMDD'), to_date('20040901','YYYYMMDD'), '01410158200', '', '', false);
insert into DiagramParts values('GM22-01_0589-01410012698', 'GM22-01_0589', 02, 'Service booklet, English', 'E65, E66, E67', 1, to_date('20060901','YYYYMMDD'), to_date('20080901','YYYYMMDD'), '01410012698', '', '', false);
insert into DiagramParts values('GM22-01_0589-01420158201', 'GM22-01_0589', 03, 'Service booklet, French', 'E65, E66, E67', 1, to_date('20010701','YYYYMMDD'), to_date('20040901','YYYYMMDD'), '01420158201', '', '', false);
insert into DiagramParts values('GM22-01_0589-01420012699', 'GM22-01_0589', 03, 'Service booklet, French', 'E65, E66, E67', 1, to_date('20060901','YYYYMMDD'), to_date('20080901','YYYYMMDD'), '01420012699', '', '', false);
insert into DiagramParts values('GM22-01_0589-01430158202', 'GM22-01_0589', 04, 'Service booklet, Spanish', 'E65, E66, E67', 1, to_date('20010701','YYYYMMDD'), to_date('20040901','YYYYMMDD'), '01430158202', '', '', false);
insert into DiagramParts values('GM22-01_0589-01430012700', 'GM22-01_0589', 04, 'Service booklet, Spanish', 'E65, E66, E67', 1, to_date('20060901','YYYYMMDD'), to_date('20080901','YYYYMMDD'), '01430012700', '', '', false);
insert into DiagramParts values('GM22-01_0589-01440158203', 'GM22-01_0589', 05, 'Service booklet, Italian', 'E65, E66, E67', 1, to_date('20010701','YYYYMMDD'), to_date('20040901','YYYYMMDD'), '01440158203', '', '', false);
insert into DiagramParts values('GM22-01_0589-01440012701', 'GM22-01_0589', 05, 'Service booklet, Italian', 'E65, E66, E67', 1, to_date('20060901','YYYYMMDD'), to_date('20080901','YYYYMMDD'), '01440012701', '', '', false);
insert into DiagramParts values('GM22-01_0589-01450158204', 'GM22-01_0589', 06, 'Service booklet, Swedish', 'E65, E66, E67', 1, to_date('20010701','YYYYMMDD'), to_date('20040901','YYYYMMDD'), '01450158204', '', '', false);
insert into DiagramParts values('GM22-01_0589-01450012702', 'GM22-01_0589', 06, 'Service booklet, Swedish', 'E65, E66, E67', 1, to_date('20060901','YYYYMMDD'), to_date('20080901','YYYYMMDD'), '01450012702', '', '', false);
insert into DiagramParts values('GM22-01_0589-01460158205', 'GM22-01_0589', 07, 'Service booklet, Dutch', 'E65, E66, E67', 1, to_date('20010701','YYYYMMDD'), to_date('20040901','YYYYMMDD'), '01460158205', '', '', false);
insert into DiagramParts values('GM22-01_0589-01460012703', 'GM22-01_0589', 07, 'Service booklet, Dutch', 'E65, E66, E67', 1, to_date('20060901','YYYYMMDD'), to_date('20080901','YYYYMMDD'), '01460012703', '', '', false);
insert into DiagramParts values('GM22-01_0589-01470158206', 'GM22-01_0589', 08, 'Service booklet, Arabic', 'E65, E66, E67', 1, to_date('20010701','YYYYMMDD'), to_date('20040901','YYYYMMDD'), '01470158206', '', '', false);
insert into DiagramParts values('GM22-01_0589-01470012704', 'GM22-01_0589', 08, 'Service booklet, Arabic', 'E65, E66, E67', 1, to_date('20060901','YYYYMMDD'), to_date('20080901','YYYYMMDD'), '01470012704', '', '', false);
insert into DiagramParts values('GM22-01_0589-01480158207', 'GM22-01_0589', 09, 'Service booklet, Danish', 'E65, E66, E67', 1, to_date('20010701','YYYYMMDD'), to_date('20040901','YYYYMMDD'), '01480158207', '', '', false);
insert into DiagramParts values('GM22-01_0589-01480012705', 'GM22-01_0589', 09, 'Service booklet, Danish', 'E65, E66, E67', 1, to_date('20060901','YYYYMMDD'), to_date('20080901','YYYYMMDD'), '01480012705', '', '', false);
insert into DiagramParts values('GM22-01_0589-01490158208', 'GM22-01_0589', 10, 'Service booklet, Portuguese', 'E65, E66, E67', 1, to_date('20010701','YYYYMMDD'), to_date('20040901','YYYYMMDD'), '01490158208', '', '', false);
insert into DiagramParts values('GM22-01_0589-01490012706', 'GM22-01_0589', 10, 'Service booklet, Portuguese', 'E65, E66, E67', 1, to_date('20060901','YYYYMMDD'), to_date('20080901','YYYYMMDD'), '01490012706', '', '', false);
insert into DiagramParts values('GM22-01_0589-01490012708', 'GM22-01_0589', 11, 'Service booklet, greek', 'E65, E66, E67', 1, to_date('20060901','YYYYMMDD'), to_date('20080901','YYYYMMDD'), '01490012708', '', '', false);
insert into DiagramParts values('GM22-01_0589-01490158209', 'GM22-01_0589', 12, 'Service booklet, Chinese', 'E65, E66, E67', 1, to_date('20010701','YYYYMMDD'), to_date('20040901','YYYYMMDD'), '01490158209', '', '', false);
insert into DiagramParts values('GM22-01_0589-01490012707', 'GM22-01_0589', 12, 'Service booklet, Chinese', 'E65, E66, E67', 1, to_date('20060901','YYYYMMDD'), to_date('20080901','YYYYMMDD'), '01490012707', '', '', false);
insert into DiagramParts values('GM22-01_0589-01490013652', 'GM22-01_0589', 13, 'Service manual in Korean', 'E65,E66,E67', 1, to_date('20070301','YYYYMMDD'), to_date('20080901','YYYYMMDD'), '01490013652', '', '', false);
insert into Diagram values('GM22-01_0589','GM22-20021000','01-26','E65 730d   BMW Service booklet 2004 - 2008','');
insert into DiagramParts values('GM22-01_0743-01492600509', 'GM22-01_0743', 15, 'service manual, Russian', 'E65, E66, E67', 1, to_date('20080301','YYYYMMDD'), to_date('20080901','YYYYMMDD'), '01492600509', '', '', false);
insert into Diagram values('GM22-01_0743','GM22-20021000','01-26','E65 730d   BMW Service Manual 2008 - 2011','');
insert into Diagram values('GM22-01_0670','GM22-20021000','01-35','E65 730d   battery charge calendar','');
insert into Diagram values('GM22-01_0681','GM22-20021000','01-40','E65 730d   BMW Service plug unit','');
insert into Diagram values('GM22-01_0680','GM22-20021000','01-46','E65 730d   Service information, BMW','');
insert into Diagram values('GM22-01_0233','GM22-20021000','01-52','E65 730d   Mounting information, Owner&apos;s Manual BMW','');
insert into Diagram values('GM22-01_0299','GM22-20021000','01-52','E65 730d   BMW assembly instructions','');
insert into Diagram values('GM22-01_0313','GM22-20021000','01-56','E65 730d   Templates BMW','');
insert into Diagram values('GM22-01_0635','GM22-20021000','01-60','E65 730d   BMW form','');
insert into Diagram values('GM22-01_0636','GM22-20021000','01-62','E65 730d   Trailer, BMW','');
insert into Diagram values('GM22-01_0637','GM22-20021000','01-64','E65 730d   Sticker, BMW','');
insert into Diagram values('GM22-01_0639','GM22-20021000','01-65','E65 730d   Labels BMW','');
insert into Diagram values('GM22-01_0612','GM22-20021000','01-70','E65 730d   CD/DVD SIP German BMW','');
insert into DiagramParts values('GM22-01_0671-01399789699', 'GM22-01_0671', 01, 'CD literature', 'LITERATUR', 1, to_date('19820901','YYYYMMDD'), to_date('19901201','YYYYMMDD'), '01399789699', '$8.11', '', false);
insert into Diagram values('GM22-01_0671','GM22-20021000','01-70','E65 730d   BMW CD/DVD miscellaneous','');
insert into Diagram values('GM22-01_1172','GM22-20021000','01-70','E65 730d   DVD Web Based Training','');
insert into Diagram values('GM22-01_1039','GM22-20021000','01-94','E65 730d   Sample chart, upholstery colors, leather','');
insert into Diagram values('GM22-01_1040','GM22-20021000','01-94','E65 730d   Sample chart, upholstery colors, leather','');
insert into Diagram values('GM22-01_1041','GM22-20021000','01-94','E65 730d   Sample page, upholstery colors, fabric','');
insert into Diagram values('GM22-01_1042','GM22-20021000','01-94','E65 730d   Sample chart with interior moldings','');
insert into Diagram values('GM22-01_1043','GM22-20021000','01-94','E65 730d   Sample chart with interior moldings','');
insert into Diagram values('GM22-01_1044','GM22-20021000','01-94','E65 730d   Sample chart with interior colors','');
insert into Diagram values('GM22-16_0517','GM22-20021000','16-05','E65 730d   FUEL TANK/ATTACHING PARTS','');
insert into Diagram values('GM22-16_0514','GM22-20021000','16-10','E65 730d   EXP.TANK/ACTIVATED CARBON CONTAINER','');
insert into Diagram values('GM22-16_0690','GM22-20021000','16-10','E65 730d   EXP.TANK/ACTIVATED CARBON CONTAINER','');
insert into Diagram values('GM22-16_0516','GM22-20021000','16-15','E65 730d   Fuel pump and fuel level sensor','');
insert into Diagram values('GM22-16_0536','GM22-20021000','16-15','E65 730d   Fuel lines','');
insert into Diagram values('GM22-17_0240','GM22-20021000','17-05','E65 730d   MOUNTING PARTS F RADIATOR','');
insert into Diagram values('GM22-17_0241','GM22-20021000','17-05','E65 730d   Cooling water expansion tank','');
insert into Diagram values('GM22-17_0242','GM22-20021000','17-05','E65 730d   Fan shroud/fan','');
insert into Diagram values('GM22-17_0243','GM22-20021000','17-05','E65 730d   Charge air cooler/power steering cooler','');
insert into Diagram values('GM22-17_0244','GM22-20021000','17-05','E65 730d   Heat exch./transmission oil cooler line','');
insert into Diagram values('GM22-17_0245','GM22-20021000','17-30','E65 730d   Cooling System Water Hoses','');
insert into Diagram values('GM22-18_0505','GM22-20021000','18-10','E65 730d   Catalytic converter/Front silencer','');
insert into Diagram values('GM22-18_0506','GM22-20021000','18-20','E65 730d   Exhaust system, rear','');
insert into Diagram values('GM22-26_0184','GM22-20021000','26-05','E65 730d   Drive shaft (constant-velocity joint)','');
insert into Diagram values('GM22-26_0189','GM22-20021000','26-10','E65 730d   DRIVE SHAFT-CEN.BEARING-CONST.VEL.JOINT','');
insert into Diagram values('GM22-32_1322','GM22-20021000','32-10','E65 730d   Hydro steering box','');
insert into Diagram values('GM22-32_1374','GM22-20021000','32-15','E65 730d   Power steering pump','');
insert into Diagram values('GM22-32_1375','GM22-20021000','32-15','E65 730d   Power steering pump/Dynamic Drive','');
insert into Diagram values('GM22-32_1333','GM22-20021000','32-20','E65 730d   Oil reservoir/components/Dynamic Drive','');
insert into Diagram values('GM22-32_1378','GM22-20021000','32-20','E65 730d   Power steering/oil pipe/dynamic drive','');
insert into Diagram values('GM22-32_1379','GM22-20021000','32-20','E65 730d   HYDRO STEERING-OIL PIPES','');
insert into Diagram values('GM22-32_1407','GM22-20021000','32-20','E65 730d   HYDRO STEERING-OIL PIPES','');
insert into Diagram values('GM22-32_1408','GM22-20021000','32-20','E65 730d   Power steering/oil pipe/dynamic drive','');
insert into Diagram values('GM22-32_1410','GM22-20021000','32-20','E65 730d   Repair kit, oil pipe quick coupling','');
insert into Diagram values('GM22-32_1323','GM22-20021000','32-25','E65 730d   STEERING LINKAGE/TIE RODS','');
insert into Diagram values('GM22-32_1328','GM22-20021000','32-30','E65 730d   Electron.steer. column adj./add-on parts','');
insert into Diagram values('GM22-32_1329','GM22-20021000','32-35','E65 730d   Steering wheel Airbag-Smart multifunct.','');
insert into Diagram values('GM22-32_1417','GM22-20021000','32-35','E65 730d   Sport st.whl.airbag-smart /Multifunction','');
insert into DiagramParts values('GM22-32_1372-32340150704', 'GM22-32_1372', 01, 'Steering wheel rim leather/wood ash', 'DUNKELBEIGE', 1, to_date('20020601','YYYYMMDD'), to_date('20050301','YYYYMMDD'), '32340150704', '', 'ENDED', false);
insert into DiagramParts values('GM22-32_1372-32340150702', 'GM22-32_1372', 01, 'Steering wheel rim leather/wood ash', 'SCHWARZ', 1, to_date('20020601','YYYYMMDD'), to_date('20050301','YYYYMMDD'), '32340150702', '', '+core, ENDED', false);
insert into DiagramParts values('GM22-32_1372-32340150703', 'GM22-32_1372', 01, 'Steering wheel rim leather/wood ash', 'BASALTGRAU', 1, to_date('20020601','YYYYMMDD'), to_date('20050301','YYYYMMDD'), '32340150703', '', '+core, ENDED', false);
insert into DiagramParts values('GM22-32_1372-32340150705', 'GM22-32_1372', 01, 'Leather/black cherry steering wheel rim', 'SCHWARZ', 1, to_date('20020601','YYYYMMDD'), to_date('20050301','YYYYMMDD'), '32340150705', '', '+core, ENDED', false);
insert into Diagram values('GM22-32_1372','GM22-20021000','32-95','E65 730d   St.wheel rim, leather/wood','');
insert into Diagram values('GM22-32_1451','GM22-20021000','32-95','E65 730d   Modificat.4-spoke MFL strng whl=> Sport','');
insert into Diagram values('GM22-32_1628','GM22-20021000','32-95','E65 730d   St.wheel rim, leather/wood','');
insert into Diagram values('GM22-33_1101','GM22-20021000','33-05','E65 730d   DIFFERENTIAL-DRIVE/OUTPUT','');
insert into Diagram values('GM22-33_1102','GM22-20021000','33-10','E65 730d   Final drive, gasket set','');
insert into Diagram values('GM22-33_1103','GM22-20021000','33-25','E65 730d   Output shaft','');
insert into Diagram values('GM22-33_1110','GM22-20021000','33-30','E65 730d   REAR AXLE CARRIER','');
insert into Diagram values('GM22-33_1111','GM22-20021000','33-30','E65 730d   REAR AXLE SUPPORT/WHEEL SUSPENSION','');
insert into Diagram values('GM22-33_1112','GM22-20021000','33-30','E65 730d   HEADLIGHT VERTICAL AIM CONTROL SENSOR','');
insert into Diagram values('GM22-33_1114','GM22-20021000','33-40','E65 730d   SIDE SHAFT/WHEEL BEARINGS','');
insert into Diagram values('GM22-33_0857','GM22-20021000','33-45','E65 730d   REAR COIL SPRING','');
insert into Diagram values('GM22-33_1115','GM22-20021000','33-45','E65 730d   REAR SPRING STRUT MOUNTING PARTS','');
insert into Diagram values('GM22-33_1116','GM22-20021000','33-45','E65 730d   REAR SPRING STRUT EDC/CTRL UNIT/SENSOR','');
insert into Diagram values('GM22-33_1117','GM22-20021000','33-45','E65 730d   Stabilizer, rear','');
insert into Diagram values('GM22-33_1118','GM22-20021000','33-45','E65 730d   Rear stabilizer bar/Dynamic Drive','');
insert into Diagram values('GM22-33_1126','GM22-20021000','33-45','E65 730d   Add-on parts/Dynamic Drive','');
insert into Diagram values('GM22-33_1127','GM22-20021000','33-50','E65 730d   Levelling device/air spring strut/sensor','');
insert into Diagram values('GM22-61_1577','GM22-20021000','61-05','E65 730d   Main wiring harness up to 03/2005','');
insert into DiagramParts values('GM22-61_1557-61359221180', 'GM22-61_1557', 07, 'TRAILER TOWING MODUL', '4R', 1, to_date('20050301','YYYYMMDD'), to_date('20060901','YYYYMMDD'), '61359221180', '$203.91', '', false);
insert into Diagram values('GM22-61_1557','GM22-20021000','61-25','E65 730d   Control units/modules','');
insert into Diagram values('GM22-61_1558','GM22-20021000','61-25','','');
insert into Diagram values('GM22-61_1560','GM22-20021000','61-25','','');
insert into Diagram values('GM22-61_1562','GM22-20021000','61-25','','');
insert into Diagram values('GM22-61_1570','GM22-20021000','61-25','','');
insert into Diagram values('GM22-61_1543','GM22-20021000','61-30','E65 730d   Original BMW battery (Warranty only)','');
insert into Diagram values('GM22-61_1544','GM22-20021000','61-30','E65 730d   battery holder and mounting parts','');
insert into Diagram values('GM22-61_1853','GM22-20021000','61-30','E65 730d   Only for Japan - original BMW battery','');
insert into Diagram values('GM22-61_1546','GM22-20021000','61-35','E65 730d   Steering column switch/control unit','');
insert into Diagram values('GM22-61_1548','GM22-20021000','61-35','E65 730d   Switch, steering wheel','');
insert into Diagram values('GM22-61_1550','GM22-20021000','61-35','E65 730d   Steering column trim','');
insert into Diagram values('GM22-61_1552','GM22-20021000','61-35','E65 730d   VARIOUS SWITCHES','');
insert into Diagram values('GM22-61_1553','GM22-20021000','61-35','E65 730d   Phone board/drawer','');
insert into Diagram values('GM22-61_1554','GM22-20021000','61-35','E65 730d   SWITCH F WINDOW LIFTER/MIRROR','');
insert into Diagram values('GM22-61_1556','GM22-20021000','61-35','E65 730d   Cigarette lighter / sockets','');
insert into Diagram values('GM22-61_1574','GM22-20021000','61-35','E65 730d   Switch unit, light','');
insert into Diagram values('GM22-61_1723','GM22-20021000','61-35','E65 730d   TV/Audio plug socket','');
insert into Diagram values('GM22-61_1979','GM22-20021000','61-35','E65 730d   Switch, additional seat functions, front','');
insert into Diagram values('GM22-61_1980','GM22-20021000','61-35','E65 730d   Seat adjustment switch, front','');
insert into Diagram values('GM22-61_1981','GM22-20021000','61-35','E65 730d   Switch, additional seat functions, rear','');
insert into Diagram values('GM22-61_1982','GM22-20021000','61-35','E65 730d   Seat adjustment switch, rear','');
insert into Diagram values('GM22-61_1983','GM22-20021000','61-35','E65 730d   TV connection in rear armrest','');
insert into Diagram values('GM22-61_1984','GM22-20021000','61-35','E65 730d   Control unit center console/armrest','');
insert into Diagram values('GM22-61_1985','GM22-20021000','61-35','E65 730d   Ignition switch/CAS','');
insert into Diagram values('GM22-63_0686','GM22-20021000','63-05','E65 730d   Headlight','');
insert into Diagram values('GM22-63_0694','GM22-20021000','63-05','E65 730d   Single parts, xenon headlight','');
insert into Diagram values('GM22-63_0724','GM22-20021000','63-05','E65 730d   Headlight, electronic parts, Xenon light','');
insert into Diagram values('GM22-63_0725','GM22-20021000','63-05','E65 730d   Single parts, xenon headlight','');
insert into Diagram values('GM22-63_0932','GM22-20021000','63-05','E65 730d   Headlight','');
insert into Diagram values('GM22-63_1067','GM22-20021000','63-05','E65 730d   SPARE BULBS BOX','');
insert into Diagram values('GM22-63_1363','GM22-20021000','63-05','E65 730d   BMW Performance Light','');
insert into Diagram values('GM22-63_1420','GM22-20021000','63-05','E65 730d   SPARE BULBS BOX','');
insert into Diagram values('GM22-63_0687','GM22-20021000','63-10','E65 730d   Additional turn indicator lamp','');
insert into Diagram values('GM22-63_0688','GM22-20021000','63-15','E65 730d   Fog lights','');
insert into Diagram values('GM22-63_0925','GM22-20021000','63-15','E65 730d   Fog lights','');
insert into Diagram values('GM22-63_0690','GM22-20021000','63-20','E65 730d   Rear light in the side panel','');
insert into Diagram values('GM22-63_0691','GM22-20021000','63-20','E65 730d   Rear light in trunk lid','');
insert into Diagram values('GM22-63_0692','GM22-20021000','63-20','E65 730d   Rear light in trunk lid, center','');
insert into Diagram values('GM22-63_0926','GM22-20021000','63-20','E65 730d   Rear light in the side panel','');
insert into DiagramParts values('GM22-63_0929-63217160804', 'GM22-63_0929', 06, 'Longlife bulb', '12V 16W', 2, to_date('20050301','YYYYMMDD'), to_date('20080101','YYYYMMDD'), '63217160804', '', 'ENDED', false);
insert into Diagram values('GM22-63_0929','GM22-20021000','63-20','E65 730d   Rear light in trunk lid','');
insert into Diagram values('GM22-63_0689','GM22-20021000','63-25','E65 730d   Third stoplamp','');
insert into Diagram values('GM22-63_0727','GM22-20021000','63-30','E65 730d   VARIOUS LAMPS/SPARE BULBS BOX','');
insert into Diagram values('GM22-63_0737','GM22-20021000','63-30','E65 730d   Various lamps','');
insert into Diagram values('GM22-63_0788','GM22-20021000','63-30','E65 730d   Various lamps','');
insert into Diagram values('GM22-63_0738','GM22-20021000','63-95','E65 730d   Retrofit kit, bi-xenon headlight','');
insert into Diagram values('GM22-63_0747','GM22-20021000','63-95','E65 730d   Install.kit turn indicators, white','');
insert into Diagram values('GM22-63_1153','GM22-20021000','63-95','E65 730d   Flashlight, LED','');
insert into Diagram values('GM22-63_1289','GM22-20021000','63-95','E65 730d   Retrofit kit, LED daytime driving lights','');
insert into Diagram values('GM22-63_1322','GM22-20021000','63-95','E65 730d   LED interior light package','');
insert into Diagram values('GM22-63_1509','GM22-20021000','63-95','E65 730d   BMW LED luggage compartment lamp','');
insert into Diagram values('GM22-71_0324','GM22-20021000','71-03','E65 730d   LABEL "TIRE PRESSURE"','');
insert into Diagram values('GM22-71_0568','GM22-20021000','71-03','E65 730d   Instruction notice, Airbag','');
insert into Diagram values('GM22-71_0598','GM22-20021000','71-03','E65 730d   Notice label for fuel','');
insert into Diagram values('GM22-71_0600','GM22-20021000','71-03','E65 730d   Various notice stickers','');
insert into Diagram values('GM22-71_0624','GM22-20021000','71-03','E65 730d   Label, coolant','');
insert into Diagram values('GM22-71_0680','GM22-20021000','71-03','E65 730d   Labels independent heating','');
insert into Diagram values('GM22-71_0316','GM22-20021000','71-05','E65 730d   Car tool','');
insert into Diagram values('GM22-71_0317','GM22-20021000','71-05','E65 730d   Car tool/Lifting jack','');
insert into Diagram values('GM22-71_0391','GM22-20021000','71-05','E65 730d   Warning triangle/First aid kit/-cushion','');
insert into Diagram values('GM22-71_0717','GM22-20021000','71-05','E65 730d   Set of lifting jack','');
insert into Diagram values('GM22-71_0321','GM22-20021000','71-10','E65 730d   Towing hitch, detachable','');
insert into Diagram values('GM22-71_0272','GM22-20021000','71-95','E65 730d   ADAPTER FOR TRAILER SOCKET','');
insert into Diagram values('GM22-71_0320','GM22-20021000','71-95','E65 730d   Retrofit kit, towing hitch detachable','');
insert into Diagram values('GM22-71_0400','GM22-20021000','71-95','E65 730d   Set of lifting jack','');
insert into Diagram values('GM22-71_0434','GM22-20021000','71-95','E65 730d   Tire Mobility Set','');
insert into Diagram values('GM22-71_0513','GM22-20021000','71-95','E65 730d   Twin electrics, caravan leads','');
insert into Diagram values('GM22-72_0423','GM22-20021000','72-03','E65 730d   Airbag passenger and head airbag','');
insert into Diagram values('GM22-72_0424','GM22-20021000','72-03','E65 730d   Side airbag','');
insert into Diagram values('GM22-72_0417','GM22-20021000','72-05','E65 730d   Rear seat belt, basic','');
insert into Diagram values('GM22-72_0418','GM22-20021000','72-05','E65 730d   Rear seat belt for side airbag','');
insert into DiagramParts values('GM22-72_0419-72117153322', 'GM22-72_0419', 01, 'UPPER BELT REAR RIGHT', 'SCHWARZ', 1, to_date('20040301','YYYYMMDD'), to_date('20070701','YYYYMMDD'), '72117153322', '', 'ENDED', false);
insert into DiagramParts values('GM22-72_0419-72117153324', 'GM22-72_0419', 01, 'UPPER BELT REAR RIGHT', 'BEIGE', 1, to_date('20040301','YYYYMMDD'), to_date('20070701','YYYYMMDD'), '72117153324', '', '+core, ENDED', false);
insert into DiagramParts values('GM22-72_0419-72117153326', 'GM22-72_0419', 01, 'UPPER BELT REAR RIGHT', 'BASALTGRAU', 1, to_date('20040301','YYYYMMDD'), to_date('20070701','YYYYMMDD'), '72117153326', '', '+core, ENDED', false);
insert into DiagramParts values('GM22-72_0419-72117153328', 'GM22-72_0419', 01, 'UPPER BELT REAR RIGHT', 'CREMEBEIGE', 1, to_date('20040301','YYYYMMDD'), to_date('20070701','YYYYMMDD'), '72117153328', '', 'ENDED', false);
insert into DiagramParts values('GM22-72_0419-72117153330', 'GM22-72_0419', 01, 'UPPER BELT REAR RIGHT', 'NATURBRAUN', 1, to_date('20040301','YYYYMMDD'), to_date('20070701','YYYYMMDD'), '72117153330', '', '+core, ENDED', false);
insert into DiagramParts values('GM22-72_0419-72117153332', 'GM22-72_0419', 01, 'UPPER BELT REAR RIGHT', 'LAVABLAU', 1, to_date('20040301','YYYYMMDD'), to_date('20070701','YYYYMMDD'), '72117153332', '', '+core, ENDED', false);
insert into Diagram values('GM22-72_0419','GM22-20021000','72-05','E65 730d   Rear seat belt for comfort seat','');
insert into Diagram values('GM22-72_0420','GM22-20021000','72-05','E65 730d   SAFETY BELT FRONT LEFT','');
insert into Diagram values('GM22-72_0421','GM22-20021000','72-05','E65 730d   SAFETY BELT FRONT RIGHT','');
insert into Diagram values('GM22-72_0422','GM22-20021000','72-05','E65 730d   FRONT SAFETY BELT MOUNTING PARTS','');
insert into Diagram values('GM22-72_0426','GM22-20021000','72-05','E65 730d   Child seat mount','');
insert into Diagram values('GM22-72_0415','GM22-20021000','72-10','E65 730d   Ski bag','');
insert into Diagram values('GM22-72_0435','GM22-20021000','72-15','E65 730d   Flag holder','');
insert into Diagram values('GM22-72_0405','GM22-20021000','72-95','E65 730d   RESERVE FUEL TANK','');
insert into Diagram values('GM22-72_0425','GM22-20021000','72-95','E65 730d   Retrofit, ski bag','');
insert into Diagram values('GM22-72_0439','GM22-20021000','72-95','E65 730d   Fire extinguisher / Holder','');
insert into Diagram values('GM22-72_0591','GM22-20021000','72-95','E65 730d   Tow bar','');
insert into Diagram values('GM22-72_0744','GM22-20021000','72-95','E65 730d   Emergency bag','');
insert into Diagram values('GM22-36_0694','GM22-20021000','82-14','E65 730d   Snow chains','');
insert into Diagram values('GM22-82_1073','GM22-20021000','82-26','E65 730d   Universal coat hanger','');
insert into Diagram values('GM22-82_1261','GM22-20021000','82-26','E65 730d   Clean Bag','');
insert into Diagram values('GM22-82_1299','GM22-20021000','82-26','E65 730d   Storage pocket, rear passengers','');
insert into Diagram values('GM22-82_1308','GM22-20021000','82-26','E65 730d   Shoe case','');
insert into Diagram values('GM22-82_1311','GM22-20021000','82-26','E65 730d   Driver utility set','');
insert into Diagram values('GM22-82_1171','GM22-20021000','82-31','E65 730d   BMW buggy chrome-marine with accessories','');
insert into Diagram values('GM22-82_1181','GM22-20021000','82-31','E65 730d   BMW Junior Seat I-II','');
insert into Diagram values('GM22-82_1186','GM22-20021000','82-31','E65 730d   BMW Baby Seat 0+','');
insert into Diagram values('GM22-82_1187','GM22-20021000','82-31','E65 730d   BMW Junior Seat I-II Isofix','');
insert into Diagram values('GM22-82_1189','GM22-20021000','82-31','E65 730d   BMW Baby Seat 0+ Isofix','');
insert into Diagram values('GM22-82_1237','GM22-20021000','82-31','E65 730d   Dog harness','');
insert into Diagram values('GM22-82_1276','GM22-20021000','82-31','E65 730d   BMW Junior Seat II-III','');
insert into Diagram values('GM22-82_1305','GM22-20021000','82-31','E65 730d   BMW Junior Seat III','');
insert into Diagram values('GM22-82_1151','GM22-20021000','82-44','E65 730d   Mud flaps','');
insert into Diagram values('GM22-82_1198','GM22-20021000','82-44','E65 730d   Cover','');
insert into Diagram values('GM22-82_1251','GM22-20021000','82-44','E65 730d   Cover hood windshield/side window','');
insert into Diagram values('GM22-82_0116','GM22-20021000','82-51','E65 730d   Universal support','');
insert into Diagram values('GM22-82_0123','GM22-20021000','82-51','E65 730d   RACK FOR RACING BICYCLE','');
insert into Diagram values('GM22-82_0124','GM22-20021000','82-51','E65 730d   Luggage basket','');
insert into Diagram values('GM22-82_0125','GM22-20021000','82-51','E65 730d   Bicycle lift','');
insert into Diagram values('GM22-82_0245','GM22-20021000','82-51','E65 730d   SUPPORT SNOWBOARD','');
insert into Diagram values('GM22-82_0281','GM22-20021000','82-51','E65 730d   Touring bicycle holder','');
insert into Diagram values('GM22-82_0283','GM22-20021000','82-51','E65 730d   Surfboard rack','');
insert into Diagram values('GM22-82_0284','GM22-20021000','82-51','E65 730d   Standard ski carrier for 6 pairs of skis','');
insert into Diagram values('GM22-82_0364','GM22-20021000','82-51','E65 730d   SKI/SNOWBOARD SET','');
insert into Diagram values('GM22-82_0501','GM22-20021000','82-51','E65 730d   ki and luggage box','');
insert into Diagram values('GM22-82_0502','GM22-20021000','82-51','E65 730d   Luggage box','');
insert into Diagram values('GM22-82_0594','GM22-20021000','82-51','E65 730d   Komfort ski holder','');
insert into Diagram values('GM22-82_0598','GM22-20021000','82-51','E65 730d   MULTI-PURPOSE ROOF BOX','');
insert into Diagram values('GM22-82_0845','GM22-20021000','82-51','E65 730d   Standard ski holder, for 4 pairs of ski','');
insert into Diagram values('GM22-82_1148','GM22-20021000','82-51','E65 730d   Rack support','');
insert into Diagram values('GM22-82_1157','GM22-20021000','82-51','E65 730d   Bicycle carrier, trailer coupling','');
insert into Diagram values('GM22-82_1175','GM22-20021000','82-51','E65 730d   Touring bicycle holder','');
insert into Diagram values('GM22-82_1178','GM22-20021000','82-51','E65 730d   Roof box','');
insert into Diagram values('GM22-82_1234','GM22-20021000','82-51','E65 730d   Roof box','');
insert into Diagram values('GM22-82_1244','GM22-20021000','82-51','E65 730d   Racing bike rack','');
insert into Diagram values('GM22-82_1250','GM22-20021000','82-51','E65 730d   Roof box','');
insert into Diagram values('GM22-82_1268','GM22-20021000','82-51','E65 730d   Ski/snowboard holder','');
insert into Diagram values('GM22-82_1295','GM22-20021000','82-51','E65 730d   Roof rack systems','');
insert into Diagram values('GM22-82_1460','GM22-20021000','82-51','E65 730d   Roof rack systems','');
insert into Diagram values('GM22-82_1476','GM22-20021000','82-51','E65 730d   Roof-mounted container 320 LCI','');
insert into Diagram values('GM22-82_1567','GM22-20021000','82-51','E65 730d   Bicycle carrier, trailer coupling','');
insert into Diagram values('GM22-82_0665','GM22-20021000','82-52','E65 730d   Trailer','');
insert into Diagram values('GM22-82_0909','GM22-20021000','82-52','E65 730d   Trailer hood','');
insert into Diagram values('GM22-82_0926','GM22-20021000','82-52','E65 730d   Adapter (universal lift) for hood','');
insert into Diagram values('GM22-82_0102','GM22-20021000','82-81','E65 730d   Universal hoist','');
insert into Diagram values('GM22-83_0579','GM22-20021000','83-01','E65 730d   Rugzak','');
insert into Diagram values('GM22-84_0321','GM22-20021000','84-10','E65 730d   Single parts, SA 630, center console','');
insert into Diagram values('GM22-84_0322','GM22-20021000','84-10','E65 730d   Tandem car telephone parts','');
insert into Diagram values('GM22-84_0323','GM22-20021000','84-10','E65 730d   Single parts, SA 630, trunk','');
insert into Diagram values('GM22-84_0326','GM22-20021000','84-10','E65 730d   Parts f telephone,instrument panel Japa','');
insert into Diagram values('GM22-84_0327','GM22-20021000','84-10','E65 730d   Single parts f teleph.luggage cptm.Japan','');
insert into DiagramParts values('GM22-84_0333-84116937678', 'GM22-84_0333', 01, 'Telematics Control Unit', 'AMPS', 1, to_date('20030301','YYYYMMDD'), to_date('20031001','YYYYMMDD'), '84116937678', '', 'ENDED', false);
insert into DiagramParts values('GM22-84_0333-84116940467', 'GM22-84_0333', 01, 'Telematics Control Unit', 'AMPS', 1, to_date('20030301','YYYYMMDD'), to_date('20040301','YYYYMMDD'), '84116940467', '', 'ENDED', false);
insert into DiagramParts values('GM22-84_0333-84116946428', 'GM22-84_0333', 01, 'Telematics Control Unit', 'AMPS', 1, to_date('20030101','YYYYMMDD'), to_date('20050301','YYYYMMDD'), '84116946428', '', 'ENDED', false);
insert into DiagramParts values('GM22-84_0333-84106976709', 'GM22-84_0333', 01, 'Rmfd Telematics Control Unit', 'AMPS', 1, to_date('20030101','YYYYMMDD'), to_date('20050301','YYYYMMDD'), '84106976709', '', 'ENDED', false);
insert into DiagramParts values('GM22-84_0333-84109120920', 'GM22-84_0333', 01, 'Rmfd Telematics Control Unit', 'AMPS', 1, to_date('20030101','YYYYMMDD'), to_date('20050301','YYYYMMDD'), '84109120920', '', 'ENDED', false);
insert into Diagram values('GM22-84_0333','GM22-20021000','84-10','E65 730d   SINGLE PARTS F TRUNK CAR TELEPHONE','');
insert into Diagram values('GM22-84_0509','GM22-20021000','84-10','E65 730d   Individ. parts, Tandem car phone, Japan','');
insert into Diagram values('GM22-84_0510','GM22-20021000','84-10','E65 730d   Single parts, SA 638, center console','');
insert into Diagram values('GM22-84_0511','GM22-20021000','84-10','E65 730d   Single parts, SA 638, trunk','');
insert into DiagramParts values('GM22-84_0578-84116943637', 'GM22-84_0578', 01, 'Handset', 'EVEREST', 1, to_date('20030901','YYYYMMDD'), to_date('20040301','YYYYMMDD'), '84116943637', '', 'ENDED', false);
insert into DiagramParts values('GM22-84_0578-84116945370', 'GM22-84_0578', 01, 'Handset', 'EVEREST', 1, to_date('20030901','YYYYMMDD'), to_date('20040301','YYYYMMDD'), '84116945370', '', 'ENDED', false);
insert into DiagramParts values('GM22-84_0578-84116950620', 'GM22-84_0578', 01, 'Handset', 'EVEREST', 1, to_date('20030901','YYYYMMDD'), to_date('20040901','YYYYMMDD'), '84116950620', '', 'ENDED', false);
insert into DiagramParts values('GM22-84_0578-84116953468', 'GM22-84_0578', 01, 'Handset', 'EVEREST', 1, to_date('20030901','YYYYMMDD'), to_date('20050901','YYYYMMDD'), '84116953468', '', '', false);
insert into DiagramParts values('GM22-84_0578-84116927534', 'GM22-84_0578', 02, 'ACCUMULATOR', 'EVEREST', 1, to_date('20030901','YYYYMMDD'), to_date('20050901','YYYYMMDD'), '84116927534', '', '', false);
insert into DiagramParts values('GM22-84_0578-84116927533', 'GM22-84_0578', 03, 'Battery cover, keypad handset', 'EVEREST', 1, to_date('20030901','YYYYMMDD'), to_date('20050901','YYYYMMDD'), '84116927533', '', '', false);
insert into DiagramParts values('GM22-84_0578-84116933412', 'GM22-84_0578', 04, 'TANDEM CAR TELEPHONE EJECT-BOX', 'GSM', 1, to_date('20030901','YYYYMMDD'), to_date('20050901','YYYYMMDD'), '84116933412', '', '', false);
insert into Diagram values('GM22-84_0578','GM22-20021000','84-10','E65 730d   Tandem car telephone parts','');
insert into Diagram values('GM22-84_0767','GM22-20021000','84-10','E65 730d   Starter package, cell phone Nokia 6303c','');
insert into DiagramParts values('GM22-84_0334-84216948919', 'GM22-84_0334', 05, 'Adapter plate, battery small', 'V60S', 1, to_date('20040301','YYYYMMDD'), to_date('20050301','YYYYMMDD'), '84216948919', '$3.77', '', false);
insert into Diagram values('GM22-84_0334','GM22-20021000','84-20','E65 730d   Indiv parts, mobile phone center console','');
insert into Diagram values('GM22-84_0329','GM22-20021000','84-30','E65 730d   Single parts f hands-free facility','');
insert into Diagram values('GM22-84_0336','GM22-20021000','84-30','E65 730d   Singel parts f voice input system','');
insert into Diagram values('GM22-84_0342','GM22-20021000','84-50','E65 730d   SINGLE PARTS F TELEPHONE ROOF ANTENNA','');
insert into DiagramParts values('GM22-84_0549-07146961863', 'GM22-84_0549', 04, 'Sheet metal screw', 'ISA M5X12', 1, to_date('20030301','YYYYMMDD'), to_date('20070701','YYYYMMDD'), '07146961863', '', 'ENDED', false);
insert into Diagram values('GM22-84_0549','GM22-20021000','84-50','E65 730d   SINGLE PARTS F TELEPHONE ROOF ANTENNA','');
insert into Diagram values('GM22-84_0462','GM22-20021000','84-95','E65 730d   Retrofit kit hands-free facil. CLASSIC','');
insert into Diagram values('GM22-84_0463','GM22-20021000','84-95','E65 730d   Snap-In-adapter CLASSIC','');
insert into Diagram values('GM22-84_0559','GM22-20021000','84-95','E65 730d   Retrofit kit car phone Cordless','');
insert into Diagram values('GM22-84_0560','GM22-20021000','84-95','E65 730d   Retrofit kit, voice input','');
insert into DiagramParts values('GM22-84_0653-84640303043', 'GM22-84_0653', 01, 'Retrofit kit car phone Professional', 'PROFESSIONAL', 1, to_date('20031001','YYYYMMDD'), to_date('20050301','YYYYMMDD'), '84640303043', '', '+core, ENDED, See EBA 0303046', false);
insert into Diagram values('GM22-84_0653','GM22-20021000','84-95','E65 730d   Retrofit, car telephone Professional','');
insert into Diagram values('GM22-84_0715','GM22-20021000','84-95','E65 730d   Retrofit universal hands-free facility','');
insert into Diagram values('GM22-84_0730','GM22-20021000','84-95','E65 730d   Stolen Vehicle Tracking - TPA','');
insert into Diagram values('GM22-84_0778','GM22-20021000','84-95','E65 730d   BMW Bluetooth headset','');
insert into Diagram values('GM22-84_0867','GM22-20021000','84-95','E65 730d   BMW Car Hotspot','');
insert into Diagram values('GM22-84_0906','GM22-20021000','84-95','E65 730d   Snap-in adapter, SONY ERICSSON devices','');
insert into Diagram values('GM22-84_0907','GM22-20021000','84-95','E65 730d   Snap-in adapter for NOKIA devices','');
insert into Diagram values('GM22-84_0908','GM22-20021000','84-95','E65 730d   Snap-in adapter for SIEMENS devices','');
insert into Diagram values('GM22-84_0909','GM22-20021000','84-95','E65 730d   Snap-in adapter for MOTOROLA devices','');
insert into Diagram values('GM22-84_0910','GM22-20021000','84-95','E65 730d   Snap-in adapter, BlackBerry/RIM devices','');
insert into Diagram values('GM22-84_0931','GM22-20021000','84-95','E65 730d   BMW Car Hotspot LTE','');
insert into Diagram values('GM22-88_0052','GM22-20021000','88-80','E65 730d   Emergency bag','');
insert into Diagram values('GM22-88_0064','GM22-20021000','88-80','E65 730d   Fluid-change kit, autom. transmission','');
insert into ProdCodeDate values('GM21-20030400','GM21',to_date('20030401','YYYYMMDD'));
insert into ProdCodeDate values('GM22-20030400','GM22',to_date('20030401','YYYYMMDD'));
insert into Diagram values('GM22-11_2309','GM22-20030400','11-05','E65 730d   Short Engine','');
insert into Diagram values('GM22-11_2310','GM22-20030400','11-10','E65 730d   Engine block','');
insert into Diagram values('GM22-11_2312','GM22-20030400','11-10','E65 730d   LOWER TIMING CASE','');
insert into Diagram values('GM22-11_3420','GM22-20030400','11-10','E65 730d   Engine Block Mounting Parts','');
insert into Diagram values('GM22-11_3459','GM22-20030400','11-10','E65 730d   OIL PAN/OIL LEVEL INDICATOR','');
insert into Diagram values('GM22-11_2314','GM22-20030400','11-15','E65 730d   Cylinder Head','');
insert into Diagram values('GM22-11_2315','GM22-20030400','11-15','E65 730d   Cylinder Head Attached Parts','');
insert into Diagram values('GM22-11_3935','GM22-20030400','11-15','E65 730d   Cylinder head cover','');
insert into Diagram values('GM22-11_2317','GM22-20030400','11-18','E65 730d   Belt Drive-Vibration Damper','');
insert into Diagram values('GM22-11_3461','GM22-20030400','11-18','E65 730d   Belt Drive Water Pump/Alternator','');
insert into Diagram values('GM22-11_3577','GM22-20030400','11-18','E65 730d   Belt Drive Climate Compressor','');
insert into Diagram values('GM22-11_2320','GM22-20030400','11-20','E65 730d   Crankshaft Connecting Rod','');
insert into Diagram values('GM22-11_2321','GM22-20030400','11-20','E65 730d   Crankshaft-Pistons','');
insert into Diagram values('GM22-11_2717','GM22-20030400','11-20','E65 730d   Flywheel automatic','');
insert into Diagram values('GM22-11_3460','GM22-20030400','11-20','E65 730d   Crankshaft With Bearing Shells','');
insert into Diagram values('GM22-11_2326','GM22-20030400','11-25','E65 730d   TIMING AND VALVE TRAIN-CAMSHAFT','');
insert into Diagram values('GM22-11_3462','GM22-20030400','11-25','E65 730d   Timing - Timing Chain Lower P','');
insert into Diagram values('GM22-11_3463','GM22-20030400','11-25','E65 730d   timing gear timing chain top','');
insert into Diagram values('GM22-11_2328','GM22-20030400','11-30','E65 730d   Lubricat.syst.-oil filter,heat exchanger','');
insert into Diagram values('GM22-11_2833','GM22-20030400','11-30','E65 730d   Lubrication system/Oil pump with drive','');
insert into Diagram values('GM22-11_3465','GM22-20030400','11-35','E65 730d   Waterpump - Thermostat','');
insert into Diagram values('GM22-11_3466','GM22-20030400','11-35','E65 730d   Cooling System Water Hoses','');
insert into Diagram values('GM22-11_3467','GM22-20030400','11-40','E65 730d   Intake manifold-AGR - Vacuum-controlled','');
insert into Diagram values('GM22-11_3468','GM22-20030400','11-40','E65 730d   INTAKE MANIFOLD-SUPERCHARG.AIR DUCT/AGR','');
insert into Diagram values('GM22-11_2336','GM22-20030400','11-45','E65 730d   Vacuum control-AGR','');
insert into Diagram values('GM22-11_3471','GM22-20030400','11-45','E65 730d   VACUM CONTROL-ENGINE-TURBO CHARGER','');
insert into Diagram values('GM22-11_3472','GM22-20030400','11-45','E65 730d   VACUUM PUMP WITH TUBES','');
insert into Diagram values('GM22-11_3469','GM22-20030400','11-50','E65 730d   EXHAUST MANIFOLD-AGR','');
insert into Diagram values('GM22-11_3602','GM22-20030400','11-50','E65 730d   pollutant reduction cooling','');
insert into Diagram values('GM22-11_3603','GM22-20030400','11-50','E65 730d   TURBO CHARGER WITH LUBRICATION','');
insert into Diagram values('GM22-11_3474','GM22-20030400','11-55','E65 730d   Engine acoustics','');
insert into Diagram values('GM22-12_1079','GM22-20030400','12-05','E65 730d   Sensors','');
insert into Diagram values('GM22-12_1197','GM22-20030400','12-15','E65 730d   Glow plug unit','');
insert into Diagram values('GM22-12_1198','GM22-20030400','12-20','E65 730d   Generator','');
insert into DiagramParts values('GM22-12_1199-12317836490', 'GM22-12_1199', 02, 'Voltage regulator', 'VALEO', 1, to_date('20060601','YYYYMMDD'), to_date('20070101','YYYYMMDD'), '12317836490', '', 'ENDED', false);
insert into DiagramParts values('GM22-12_1199-12318510092', 'GM22-12_1199', 02, 'Voltage regulator', 'VALEO', 1, to_date('20060601','YYYYMMDD'), to_date('20070101','YYYYMMDD'), '12318510092', '', '', false);
insert into Diagram values('GM22-12_1199','GM22-20030400','12-22','E65 730d   Alternator, individual parts','');
insert into Diagram values('GM22-12_1200','GM22-20030400','12-25','E65 730d   Starter','');
insert into Diagram values('GM22-12_1070','GM22-20030400','12-28','E65 730d   Engine wiring harness, engine module','');
insert into Diagram values('GM22-12_1201','GM22-20030400','12-28','E65 730d   Wiring harness, engine, injector module','');
insert into Diagram values('GM22-12_1169','GM22-20030400','12-29','E65 730d   DIVERSE SMALL PARTS','');
insert into Diagram values('GM22-12_1214','GM22-20030400','12-29','E65 730d   BATTERY CABLE/CABLE STARTER','');
insert into Diagram values('GM22-12_1238','GM22-20030400','12-31','E65 730d   CABLE HOLDER/COVERING','');
insert into Diagram values('GM22-12_1157','GM22-20030400','12-35','E65 730d   Control unit box','');
insert into Diagram values('GM22-12_1168','GM22-20030400','12-35','E65 730d   Control unit box','');
insert into Diagram values('GM22-12_1205','GM22-20030400','12-35','E65 730d   RELAY MOTOR','');
insert into Diagram values('GM22-13_0982','GM22-20030400','13-10','E65 730d   Fuel filter','');
insert into Diagram values('GM22-13_0983','GM22-20030400','13-10','E65 730d   High-pressure pump','');
insert into Diagram values('GM22-13_0984','GM22-20030400','13-10','E65 730d   Fuel lines','');
insert into Diagram values('GM22-13_0966','GM22-20030400','13-15','E65 730d   Basic DDE control unit','');
insert into Diagram values('GM22-13_0985','GM22-20030400','13-15','E65 730d   High pressure accumulator/injector/line','');
insert into Diagram values('GM22-13_0652','GM22-20030400','13-20','E65 730d   Hot-film air mass meter','');
insert into Diagram values('GM22-13_0986','GM22-20030400','13-20','E65 730d   SUCTION SILENCER/FILTER CARTRIDGE','');
insert into Diagram values('GM22-22_0085','GM22-20030400','22-05','E65 730d   Engine Suspension','');
insert into Diagram values('GM22-22_0074','GM22-20030400','22-10','E65 730d   TRANSMISSION SUSPENSION','');
insert into DiagramParts values('GM22-24_1016-24007528958', 'GM22-24_1016', 01, 'Rmfd automatic transmission EH', 'GA6HP26Z', 1, to_date('20030301','YYYYMMDD'), to_date('20031001','YYYYMMDD'), '24007528958', '', '+core', false);
insert into Diagram values('GM22-24_1016','GM22-20030400','24-05','E65 730d   Automatic gearbox GA6HP26Z','');
insert into Diagram values('GM22-24_0827','GM22-20030400','24-10','E65 730d   GEARBOX MOUNTING','');
insert into Diagram values('GM22-24_1004','GM22-20030400','24-13','E65 730d   Emergency release','');
insert into Diagram values('GM22-24_1017','GM22-20030400','24-13','E65 730d   Emergency release','');
insert into Diagram values('GM22-24_1009','GM22-20030400','24-15','E65 730d   GA6HP26Z housing with mounting parts','');
insert into Diagram values('GM22-24_1010','GM22-20030400','24-15','E65 730d   GA6HP26Z oil pan','');
insert into Diagram values('GM22-24_1011','GM22-20030400','24-15','E65 730d   GA6HP26Z gearshift parts','');
insert into DiagramParts values('GM22-24_1012-24207571212', 'GM22-24_1012', 05, 'Shaft seal', '28X35,5X5,2', 1, to_date('20020901','YYYYMMDD'), to_date('20110901','YYYYMMDD'), '24207571212', '', 'ENDED', false);
insert into Diagram values('GM22-24_1012','GM22-20030400','24-15','E65 730d   GA6HP26Z output','');
insert into Diagram values('GM22-24_1013','GM22-20030400','24-15','E65 730d   GA6HP26Z Mechatronics','');
insert into Diagram values('GM22-24_1014','GM22-20030400','24-15','E65 730d   GA6HP26Z Mechatronik mounting parts','');
insert into Diagram values('GM22-24_1372','GM22-20030400','24-15','E65 730d   Fluid-change kit, autom. transmission','');
insert into Diagram values('GM22-31_0624','GM22-20030400','31-05','E65 730d   Frnt axle support,wishbone/tension strut','');
insert into Diagram values('GM22-31_0625','GM22-20030400','31-05','E65 730d   HEADLIGHT VERTICAL AIM CONTROL SENSOR','');
insert into Diagram values('GM22-31_0395','GM22-20030400','31-10','E65 730d   FRONT COIL SPRING','');
insert into Diagram values('GM22-31_0627','GM22-20030400','31-10','E65 730d   Front Spring strut/Carrier/Wheel bearing','');
insert into Diagram values('GM22-31_0628','GM22-20030400','31-10','E65 730d   GUIDE SUPPORT/SPRING PAD/ATTACHING PARTS','');
insert into Diagram values('GM22-31_0631','GM22-20030400','31-10','E65 730d   Stabilizer, front','');
insert into Diagram values('GM22-31_0633','GM22-20030400','31-10','E65 730d   Valve block + add-on parts/Dynamic Drive','');
insert into Diagram values('GM22-31_0664','GM22-20030400','31-10','E65 730d   Front stabilizer bar/Dynamic Drive','');
insert into Diagram values('GM22-34_1391','GM22-20030400','34-05','E65 730d   Front brake pad wear sensor','');
insert into Diagram values('GM22-34_1227','GM22-20030400','34-07','E65 730d   Front brake-brake disc','');
insert into Diagram values('GM22-34_1228','GM22-20030400','34-10','E65 730d   Rear brake pad wear sensor','');
insert into Diagram values('GM22-34_1229','GM22-20030400','34-12','E65 730d   Rear wheel brake-Brake disc','');
insert into Diagram values('GM22-34_1230','GM22-20030400','34-15','E65 730d   Brake pipe, front','');
insert into Diagram values('GM22-34_1231','GM22-20030400','34-15','E65 730d   Brake pipe, front','');
insert into Diagram values('GM22-34_1232','GM22-20030400','34-17','E65 730d   Brake pipe rear','');
insert into Diagram values('GM22-34_1233','GM22-20030400','34-20','E65 730d   Hydro unit DSC/control unit/fastening','');
insert into Diagram values('GM22-34_1234','GM22-20030400','34-20','E65 730d   DSC compressor/senors/mounting parts','');
insert into Diagram values('GM22-34_1236','GM22-20030400','34-25','E65 730d   BRAKE MASTER CYLINDER/EXPANSION TANK','');
insert into Diagram values('GM22-34_1237','GM22-20030400','34-27','E65 730d   Power brake unit depression','');
insert into Diagram values('GM22-34_1239','GM22-20030400','34-27','E65 730d   Power brake unit depression','');
insert into Diagram values('GM22-34_1240','GM22-20030400','34-30','E65 730d   Parking brake/actuator','');
insert into Diagram values('GM22-34_1241','GM22-20030400','34-40','E65 730d   PARKING BRAKE/BRAKE SHOES','');
insert into Diagram values('GM22-35_0277','GM22-20030400','35-05','E65 730d   Pedal assembly','');
insert into Diagram values('GM22-35_0274','GM22-20030400','35-20','E65 730d   Acceleration/accelerator pedal module','');
insert into Diagram values('GM22-35_0315','GM22-20030400','35-95','E65 730d   Set of high-grade steel pedal covers','');
insert into Diagram values('GM22-35_0377','GM22-20030400','35-95','E65 730d   Aluminum pedal covers','');
insert into Diagram values('GM22-36_0514','GM22-20030400','36-15','E65 730d   BMW LA wheel, star spoke 90','');
insert into Diagram values('GM22-36_0515','GM22-20030400','36-15','E65 730d   BMW LA wheel, double spoke 93','');
insert into Diagram values('GM22-36_0516','GM22-20030400','36-15','E65 730d   BMW LA wheel Styling 94','');
insert into Diagram values('GM22-36_0517','GM22-20030400','36-15','E65 730d   BMW LA wheel, star spoke 95','');
insert into Diagram values('GM22-36_0518','GM22-20030400','36-15','E65 730d   BMW light alloy wheel, spider spoke 92','');
insert into Diagram values('GM22-36_0524','GM22-20030400','36-15','E65 730d   BMW LA wheel, star spoke 89','');
insert into Diagram values('GM22-36_0525','GM22-20030400','36-15','E65 730d   BMW light alloy wheel, radial spoke 32','');
insert into Diagram values('GM22-36_0526','GM22-20030400','36-15','E65 730d   BMW compound wheel M cross spoke 101','');
insert into Diagram values('GM22-36_0607','GM22-20030400','36-15','E65 730d   Tire pressure control (RDC) - ctrl unit','');
insert into Diagram values('GM22-36_0649','GM22-20030400','36-15','E65 730d   BMW alloy wheel, ellipsoid styling 91','');
insert into Diagram values('GM22-36_0702','GM22-20030400','36-15','E65 730d   BMW light alloy wheel, V-spoke 126','');
insert into Diagram values('GM22-36_0736','GM22-20030400','36-15','E65 730d   BMW LA wheel Y-spoke 149','');
insert into Diagram values('GM22-36_0762','GM22-20030400','36-15','E65 730d   BMW LA Individual wheel V-spoke 152','');
insert into Diagram values('GM22-36_0771','GM22-20030400','36-15','E65 730d   BMW light alloy wheel, spider spoke 128','');
insert into Diagram values('GM22-36_0785','GM22-20030400','36-15','E65 730d   BMW light alloy wheel, spider spoke 165','');
insert into Diagram values('GM22-36_0892','GM22-20030400','36-15','E65 730d   BMW LA wheel/double spoke 174','');
insert into Diagram values('GM22-36_0893','GM22-20030400','36-15','E65 730d   BMW light alloy wheel, spider spoke 175','');
insert into Diagram values('GM22-36_0894','GM22-20030400','36-15','E65 730d   BMW light-alloy wheel, spoke styl. 176','');
insert into Diagram values('GM22-36_1002','GM22-20030400','36-15','E65 730d   BMW LA wheel, star spoke 231','');
insert into Diagram values('GM22-36_0498','GM22-20030400','36-20','E65 730d   Balance weight, lead','');
insert into Diagram values('GM22-36_0884','GM22-20030400','36-20','E65 730d   Balance weight, zinc','');
insert into Diagram values('GM22-36_0630','GM22-20030400','36-25','E65 730d   WHEEL BOLT LOCK WITH ADAPTOR','');
insert into Diagram values('GM22-36_0732','GM22-20030400','36-25','E65 730d   WHEEL BOLT LOCK WITH ADAPTOR','');
insert into Diagram values('GM22-36_1032','GM22-20030400','36-25','E65 730d   SET WHEEL LOCKS','');
insert into Diagram values('GM22-36_1266','GM22-20030400','36-30','E65 730d   Winter tires','');
insert into Diagram values('GM22-36_1267','GM22-20030400','36-30','E65 730d   Summer tires','');
insert into Diagram values('GM22-36_0744','GM22-20030400','36-95','E65 730d   Retrofit Tyre puncture warning (RPA)','');
insert into Diagram values('GM22-41_1400','GM22-20030400','41-05','E65 730d   Body skeleton','');
insert into Diagram values('GM22-41_1401','GM22-20030400','41-10','E65 730d   FRONT BODY PARTS','');
insert into Diagram values('GM22-41_1404','GM22-20030400','41-10','E65 730d   SPLASH WALL PARTS','');
insert into Diagram values('GM22-41_1406','GM22-20030400','41-10','E65 730d   FRONT BODY BRACKET LEFT','');
insert into Diagram values('GM22-41_1407','GM22-20030400','41-10','E65 730d   FRONT BODY BRACKET RIGHT','');
insert into Diagram values('GM22-41_1408','GM22-20030400','41-10','E65 730d   Front side panel','');
insert into Diagram values('GM22-41_1409','GM22-20030400','41-20','E65 730d   BODY-SIDE FRAME','');
insert into Diagram values('GM22-41_1410','GM22-20030400','41-20','E65 730d   SINGLE COMPONENTS FOR BODY-SIDE FRAME','');
insert into Diagram values('GM22-41_1411','GM22-20030400','41-20','E65 730d   Cavity shielding, side frame','');
insert into Diagram values('GM22-41_1416','GM22-20030400','41-20','E65 730d   Partition trunk','');
insert into Diagram values('GM22-41_1420','GM22-20030400','41-25','E65 730d   SIDE PANEL/TAIL TRIM','');
insert into Diagram values('GM22-41_1434','GM22-20030400','41-25','E65 730d   FLOOR PANEL TRUNK/WHEEL HOUSING REAR','');
insert into Diagram values('GM22-41_1419','GM22-20030400','41-30','E65 730d   Roof','');
insert into Diagram values('GM22-41_1421','GM22-20030400','41-35','E65 730d   ENGINE HOOD/MOUNTING PARTS','');
insert into Diagram values('GM22-41_1417','GM22-20030400','41-40','E65 730d   Radio remote control','');
insert into Diagram values('GM22-41_1423','GM22-20030400','41-40','E65 730d   FRONT DOOR-HINGE/DOOR BRAKE','');
insert into Diagram values('GM22-41_1431','GM22-20030400','41-40','E65 730d   Door weatherstrip front','');
insert into Diagram values('GM22-41_1435','GM22-20030400','41-40','E65 730d   FRONT DOOR CONTROL/DOOR LOCK','');
insert into Diagram values('GM22-41_1424','GM22-20030400','41-45','E65 730d   Door rear, hinge/door brake','');
insert into Diagram values('GM22-41_1432','GM22-20030400','41-45','E65 730d   Door weatherstrip rear','');
insert into Diagram values('GM22-41_1436','GM22-20030400','41-45','E65 730d   REAR DOOR CONTROL/DOOR LOCK','');
insert into Diagram values('GM22-41_1422','GM22-20030400','41-50','E65 730d   Master key locking','');
insert into Diagram values('GM22-41_1425','GM22-20030400','41-60','E65 730d   SINGLE COMPONENTS FOR TRUNK LID','');
insert into Diagram values('GM22-41_1437','GM22-20030400','41-60','E65 730d   TRUNK LID HYDRAULIC PARTS','');
insert into Diagram values('GM22-41_1465','GM22-20030400','41-60','E65 730d   TRUNK LID/CLOSING SYSTEM','');
insert into Diagram values('GM22-41_0983','GM22-20030400','41-65','E65 730d   MECHANICAL CONNECTION ELEMENTS','');
insert into Diagram values('GM22-51_4405','GM22-20030400','51-05','E65 730d   Glazing','');
insert into Diagram values('GM22-51_4458','GM22-20030400','51-05','E65 730d   GLAZING SINGLE PARTS','');
insert into Diagram values('GM22-51_4459','GM22-20030400','51-10','E65 730d   EL.FRONT DOOR WINDOW LIFTING MECHANISM','');
insert into Diagram values('GM22-51_4461','GM22-20030400','51-10','E65 730d   Outside mirror, basic','');
insert into Diagram values('GM22-51_4462','GM22-20030400','51-10','E65 730d   Outs. mirror,electrochr.+ fold-in SA 430','');
insert into Diagram values('GM22-51_4464','GM22-20030400','51-10','E65 730d   Mirror glas, basic','');
insert into Diagram values('GM22-51_4465','GM22-20030400','51-10','E65 730d   Mirror glas, electrochrome','');
insert into Diagram values('GM22-51_4544','GM22-20030400','51-10','E65 730d   Mounting parts, outside mirror','');
insert into Diagram values('GM22-51_4460','GM22-20030400','51-12','E65 730d   EL.REAR DOOR WINDOW LIFTING MECHANISM','');
insert into Diagram values('GM22-51_4547','GM22-20030400','51-15','E65 730d   Front bumper trim - body moldings','');
insert into Diagram values('GM22-51_4548','GM22-20030400','51-15','E65 730d   Trim panel, bumper, front','');
insert into Diagram values('GM22-51_4550','GM22-20030400','51-15','E65 730d   Bumper trim panel, rear','');
insert into Diagram values('GM22-51_4551','GM22-20030400','51-15','E65 730d   Carrier, bumper rear','');
insert into Diagram values('GM22-51_4552','GM22-20030400','51-15','E65 730d   Rear bumper trim - body moldings','');
insert into Diagram values('GM22-51_4776','GM22-20030400','51-15','E65 730d   Carrier, bumper front','');
insert into Diagram values('GM22-51_4502','GM22-20030400','51-20','E65 730d   Grille','');
insert into Diagram values('GM22-51_4556','GM22-20030400','51-20','E65 730d   Emblems / letterings','');
insert into Diagram values('GM22-51_4565','GM22-20030400','51-20','E65 730d   Exterior covers / door front','');
insert into Diagram values('GM22-51_4566','GM22-20030400','51-20','E65 730d   Exterior covers / door rear','');
insert into Diagram values('GM22-51_4735','GM22-20030400','51-20','E65 730d   Door sill cover','');
insert into Diagram values('GM22-51_4804','GM22-20030400','51-20','E65 730d   Roof molding','');
insert into Diagram values('GM22-51_4435','GM22-20030400','51-30','E65 730d   GLOVE BOX','');
insert into Diagram values('GM22-51_4503','GM22-20030400','51-30','E65 730d   Trim panel dashboard I','');
insert into Diagram values('GM22-51_4504','GM22-20030400','51-30','E65 730d   Trim panel dashboard II','');
insert into Diagram values('GM22-51_4505','GM22-20030400','51-30','E65 730d   Trim panel dashboard mounting parts','');
insert into Diagram values('GM22-51_4506','GM22-20030400','51-30','E65 730d   Trim panel dashboard mounting parts','');
insert into Diagram values('GM22-51_4406','GM22-20030400','51-35','E65 730d   Center console/mount/trim','');
insert into Diagram values('GM22-51_4407','GM22-20030400','51-35','E65 730d   Center console/bottom,storage,drink hold','');
insert into DiagramParts values('GM22-51_4408-51167146658', 'GM22-51_4408', 02, 'Lock f center armrest covers', 'DARK SILVER', 1, to_date('20030901','YYYYMMDD'), to_date('20050301','YYYYMMDD'), '51167146658', '$34.83', '', false);
insert into DiagramParts values('GM22-51_4408-51167130018', 'GM22-51_4408', 10, 'Trim panel, center armrest right', 'CREAMBEIGE', 1, to_date('20030301','YYYYMMDD'), to_date('20050301','YYYYMMDD'), '51167130018', '$58.03', '', false);
insert into DiagramParts values('GM22-51_4408-51167018206', 'GM22-51_4408', 10, 'Trim panel, center armrest right', 'STEINGRN', 1, to_date('20030301','YYYYMMDD'), to_date('20050301','YYYYMMDD'), '51167018206', '$58.03', '+core', false);
insert into DiagramParts values('GM22-51_4408-51167011058', 'GM22-51_4408', 10, 'Trim panel, center armrest right', 'FLANELLGRAU', 1, to_date('20030301','YYYYMMDD'), to_date('20050301','YYYYMMDD'), '51167011058', '$52.22', '+core', false);
insert into DiagramParts values('GM22-51_4408-51167007168', 'GM22-51_4408', 10, 'Trim panel, center armrest right', 'SCHWARZ', 1, to_date('20030301','YYYYMMDD'), to_date('20050301','YYYYMMDD'), '51167007168', '$58.03', '+core', false);
insert into DiagramParts values('GM22-51_4408-51167066109', 'GM22-51_4408', 16, 'Trim panel, center armrest right', 'STEINGRN', 1, to_date('20030301','YYYYMMDD'), to_date('20050301','YYYYMMDD'), '51167066109', '$58.03', '+core', false);
insert into DiagramParts values('GM22-51_4408-51167066107', 'GM22-51_4408', 16, 'Trim panel, center armrest right', 'FLANELLGRAU', 1, to_date('20030301','YYYYMMDD'), to_date('20050301','YYYYMMDD'), '51167066107', '$52.22', '+core', false);
insert into DiagramParts values('GM22-51_4408-51167066100', 'GM22-51_4408', 16, 'Trim panel, center armrest right', 'SCHWARZ', 1, to_date('20030301','YYYYMMDD'), to_date('20050301','YYYYMMDD'), '51167066100', '$52.22', '+core', false);
insert into DiagramParts values('GM22-51_4408-51167130022', 'GM22-51_4408', 16, 'Trim panel, center armrest right', 'CREAMBEIGE', 1, to_date('20030301','YYYYMMDD'), to_date('20050301','YYYYMMDD'), '51167130022', '$52.22', '', false);
insert into Diagram values('GM22-51_4408','GM22-20030400','51-35','E65 730d   Center console/armrest,support,trim pan.','');
insert into DiagramParts values('GM22-51_4409-51167137431', 'GM22-51_4409', 01, 'Wood panel, center armrest, front', 'ESCHE DUNKEL', 1, to_date('20031001','YYYYMMDD'), to_date('20050301','YYYYMMDD'), '51167137431', '$384.95', '', false);
insert into DiagramParts values('GM22-51_4409-51167137430', 'GM22-51_4409', 01, 'Wood panel, center armrest, front', 'ESCHE HELL', 1, to_date('20031001','YYYYMMDD'), to_date('20050301','YYYYMMDD'), '51167137430', '$384.95', '', false);
insert into DiagramParts values('GM22-51_4409-51167137429', 'GM22-51_4409', 01, 'Wood panel, center armrest, front', 'KIRSCHE DUNKEL', 1, to_date('20031001','YYYYMMDD'), to_date('20050301','YYYYMMDD'), '51167137429', '$430.50', '', false);
insert into DiagramParts values('GM22-51_4409-51167137433', 'GM22-51_4409', 01, 'Wood panel, center armrest, front', 'VAVONA GRAU', 1, to_date('20031001','YYYYMMDD'), to_date('20050301','YYYYMMDD'), '51167137433', '$430.50', '', false);
insert into DiagramParts values('GM22-51_4409-51167137428', 'GM22-51_4409', 01, 'Wood panel, center armrest, front', 'KIRSCHE HELL', 1, to_date('20031001','YYYYMMDD'), to_date('20050301','YYYYMMDD'), '51167137428', '$430.50', '', false);
insert into Diagram values('GM22-51_4409','GM22-20030400','51-35','E65 730d   Center arm rest, finisher lid','');
insert into Diagram values('GM22-51_4410','GM22-20030400','51-35','E65 730d   Center arm rest, oddments trays','');
insert into Diagram values('GM22-51_4314','GM22-20030400','51-40','E65 730d   Interior mirror','');
insert into DiagramParts values('GM22-51_4509-51167043514', 'GM22-51_4509', 01, 'RIGHT SUN VISOR MAKE-UP LAMP', 'ANTHRAZIT', 1, to_date('20030301','YYYYMMDD'), to_date('20050301','YYYYMMDD'), '51167043514', '', '', false);
insert into DiagramParts values('GM22-51_4509-51167017792', 'GM22-51_4509', 01, 'RIGHT SUN VISOR MAKE-UP LAMP', 'STEINGRAU', 1, to_date('20030301','YYYYMMDD'), to_date('20050301','YYYYMMDD'), '51167017792', '$193.17', '', false);
insert into Diagram values('GM22-51_4509','GM22-20030400','51-40','E65 730d   Sun visor','');
insert into DiagramParts values('GM22-51_4516-51437036868', 'GM22-51_4516', 01, 'COVERING APRON RIGHT', 'ANTHRAZIT', 1, to_date('20030301','YYYYMMDD'), to_date('20050301','YYYYMMDD'), '51437036868', '$52.60', '', false);
insert into DiagramParts values('GM22-51_4516-51437018076', 'GM22-51_4516', 01, 'COVERING APRON RIGHT', 'STEINGRAU', 1, to_date('20030301','YYYYMMDD'), to_date('20050301','YYYYMMDD'), '51437018076', '$52.60', '', false);
insert into DiagramParts values('GM22-51_4516-51437026850', 'GM22-51_4516', 06, 'COVERING COLUMN-CENTER TOP RIGHT', 'STEINGRN', 1, to_date('20030301','YYYYMMDD'), to_date('20050301','YYYYMMDD'), '51437026850', '$84.33', '', false);
insert into DiagramParts values('GM22-51_4516-51437031980', 'GM22-51_4516', 06, 'COVERING COLUMN-CENTER TOP RIGHT', 'FLANELLGRAU', 1, to_date('20030301','YYYYMMDD'), to_date('20050301','YYYYMMDD'), '51437031980', '$84.33', '+core', false);
insert into DiagramParts values('GM22-51_4516-51437018078', 'GM22-51_4516', 06, 'COVERING COLUMN-CENTER TOP RIGHT', 'SCHWARZ', 1, to_date('20030301','YYYYMMDD'), to_date('20050301','YYYYMMDD'), '51437018078', '$84.33', '+core', false);
insert into DiagramParts values('GM22-51_4516-51437036872', 'GM22-51_4516', 06, 'COVERING COLUMN-CENTER TOP RIGHT', 'CREAMBEIGE', 1, to_date('20030301','YYYYMMDD'), to_date('20050301','YYYYMMDD'), '51437036872', '$84.33', '', false);
insert into Diagram values('GM22-51_4516','GM22-20030400','51-40','E65 730d   Trim cover, front, lateral','');
insert into Diagram values('GM22-51_4640','GM22-20030400','51-40','E65 730d   Headlining / Handle','');
insert into DiagramParts values('GM22-51_4732-51467157058', 'GM22-51_4732', 01, 'Storage tray, retracting sun blind', 'FLANELLGRAU', 1, to_date('20040301','YYYYMMDD'), to_date('20050301','YYYYMMDD'), '51467157058', '$318.35', '+core', false);
insert into DiagramParts values('GM22-51_4732-51467157059', 'GM22-51_4732', 01, 'Storage tray, retracting sun blind', 'BEIGE', 1, to_date('20040301','YYYYMMDD'), to_date('20050301','YYYYMMDD'), '51467157059', '$318.35', '+core', false);
insert into DiagramParts values('GM22-51_4732-51467157060', 'GM22-51_4732', 01, 'Storage tray, retracting sun blind', 'BASALTGRAU', 1, to_date('20040301','YYYYMMDD'), to_date('20050301','YYYYMMDD'), '51467157060', '$318.35', '+core', false);
insert into DiagramParts values('GM22-51_4732-51467157061', 'GM22-51_4732', 01, 'Storage tray, retracting sun blind', 'NACHTBLAU', 1, to_date('20040301','YYYYMMDD'), to_date('20050301','YYYYMMDD'), '51467157061', '$318.35', '+core', false);
insert into DiagramParts values('GM22-51_4732-51467157074', 'GM22-51_4732', 05, 'Electric sun blind', 'BASALTGRAU', 1, to_date('20040301','YYYYMMDD'), to_date('20050301','YYYYMMDD'), '51467157074', '$681.39', '', false);
insert into DiagramParts values('GM22-51_4732-51467157075', 'GM22-51_4732', 05, 'Electric sun blind', 'NACHTBLAU', 1, to_date('20040301','YYYYMMDD'), to_date('20050301','YYYYMMDD'), '51467157075', '$681.39', '', false);
insert into DiagramParts values('GM22-51_4732-51469143454', 'GM22-51_4732', 05, 'Electric sun blind', 'SCHWARZ', 1, to_date('20040301','YYYYMMDD'), to_date('20050301','YYYYMMDD'), '51469143454', '$681.39', '', false);
insert into DiagramParts values('GM22-51_4732-51469143455', 'GM22-51_4732', 05, 'Electric sun blind', 'FLANELLGRAU', 1, to_date('20040301','YYYYMMDD'), to_date('20050301','YYYYMMDD'), '51469143455', '$681.39', '', false);
insert into DiagramParts values('GM22-51_4732-51469143456', 'GM22-51_4732', 05, 'Electric sun blind', 'BEIGE', 1, to_date('20040301','YYYYMMDD'), to_date('20050301','YYYYMMDD'), '51469143456', '$681.39', '', false);
insert into DiagramParts values('GM22-51_4732-51469143450', 'GM22-51_4732', 15, 'End cap', 'SCHWARZ', 1, to_date('20040301','YYYYMMDD'), to_date('20050301','YYYYMMDD'), '51469143450', '$33.79', '', false);
insert into Diagram values('GM22-51_4732','GM22-20030400','51-40','E65 730d   REAR WINDOW SHELF/SUN BLIND','');
insert into DiagramParts values('GM22-51_5030-51437043202', 'GM22-51_5030', 01, 'Trim panel C-column, front right', 'ANTHRAZIT', 1, to_date('20030301','YYYYMMDD'), to_date('20050301','YYYYMMDD'), '51437043202', '$74.00', '', false);
insert into DiagramParts values('GM22-51_5030-51437018094', 'GM22-51_5030', 01, 'Trim panel C-column, front right', 'STEINGRAU', 1, to_date('20030301','YYYYMMDD'), to_date('20050301','YYYYMMDD'), '51437018094', '$74.00', '', false);
insert into DiagramParts values('GM22-51_5030-51437018096', 'GM22-51_5030', 05, 'Trim panel C-column, rear right', 'ANTHRAZIT', 1, to_date('20030301','YYYYMMDD'), to_date('20050301','YYYYMMDD'), '51437018096', '$52.60', '', false);
insert into DiagramParts values('GM22-51_5030-51437024756', 'GM22-51_5030', 05, 'Trim panel C-column, rear right', 'STEINGRAU', 1, to_date('20030301','YYYYMMDD'), to_date('20050301','YYYYMMDD'), '51437024756', '$52.60', '', false);
insert into DiagramParts values('GM22-51_5030-51437026862', 'GM22-51_5030', 17, 'Cover, column C, bottom right', 'STEINGRN', 1, to_date('20030301','YYYYMMDD'), to_date('20050301','YYYYMMDD'), '51437026862', '$77.02', '+core', false);
insert into DiagramParts values('GM22-51_5030-51437018098', 'GM22-51_5030', 17, 'Cover, column C, bottom right', 'SCHWARZ', 1, to_date('20030301','YYYYMMDD'), to_date('20050301','YYYYMMDD'), '51437018098', '$77.02', '', false);
insert into DiagramParts values('GM22-51_5030-51437043432', 'GM22-51_5030', 17, 'Cover, column C, bottom right', 'FLANELLGRAU', 1, to_date('20030301','YYYYMMDD'), to_date('20050301','YYYYMMDD'), '51437043432', '$77.02', '+core', false);
insert into DiagramParts values('GM22-51_5030-51437043690', 'GM22-51_5030', 19, 'Cover, belt outlet, right', 'SCHWARZ', 1, to_date('20030301','YYYYMMDD'), to_date('20050301','YYYYMMDD'), '51437043690', '$5.30', '', false);
insert into DiagramParts values('GM22-51_5030-51437043692', 'GM22-51_5030', 19, 'Cover, belt outlet, right', 'FLANELLGRAU', 1, to_date('20030301','YYYYMMDD'), to_date('20050301','YYYYMMDD'), '51437043692', '$5.30', '', false);
insert into DiagramParts values('GM22-51_5030-51437043698', 'GM22-51_5030', 19, 'Cover, belt outlet, right', 'STEINGRN', 1, to_date('20030301','YYYYMMDD'), to_date('20050301','YYYYMMDD'), '51437043698', '$5.69', '', false);
insert into DiagramParts values('GM22-51_5030-51437043702', 'GM22-51_5030', 19, 'Cover, belt outlet, right', 'CREAMBEIGE', 1, to_date('20030301','YYYYMMDD'), to_date('20050301','YYYYMMDD'), '51437043702', '$5.69', '', false);
insert into Diagram values('GM22-51_5030','GM22-20030400','51-40','E65 730d   Trim cover, rear lateral','');
insert into Diagram values('GM22-51_3624','GM22-20030400','51-45','E65 730d   Color sample box','');
insert into DiagramParts values('GM22-51_4784-51167137429', 'GM22-51_4784', 11, 'Wood panel, center armrest, front', 'KIRSCHE DUNKEL', 1, to_date('20031001','YYYYMMDD'), to_date('20050301','YYYYMMDD'), '51167137429', '$430.50', '', false);
insert into Diagram values('GM22-51_4784','GM22-20030400','51-45','E65 730d   Real wood finish, cherry dark, matte','');
insert into DiagramParts values('GM22-51_4785-51167137428', 'GM22-51_4785', 13, 'Wood panel, center armrest, front', 'KIRSCHE HELL', 1, to_date('20031001','YYYYMMDD'), to_date('20050301','YYYYMMDD'), '51167137428', '$430.50', '', false);
insert into Diagram values('GM22-51_4785','GM22-20030400','51-45','E65 730d   Real wood finish, cherry light, matte','');
insert into DiagramParts values('GM22-51_4786-51167137431', 'GM22-51_4786', 13, 'Wood panel, center armrest, front', 'ESCHE DUNKEL', 1, to_date('20031001','YYYYMMDD'), to_date('20050301','YYYYMMDD'), '51167137431', '$384.95', '', false);
insert into Diagram values('GM22-51_4786','GM22-20030400','51-45','E65 730d   Real wood finish, ash dark, high gloss','');
insert into DiagramParts values('GM22-51_4787-51167137430', 'GM22-51_4787', 13, 'Wood panel, center armrest, front', 'ESCHE HELL', 1, to_date('20031001','YYYYMMDD'), to_date('20050301','YYYYMMDD'), '51167137430', '$384.95', '', false);
insert into Diagram values('GM22-51_4787','GM22-20030400','51-45','E65 730d   Real wood finish,ash light, high gloss','');
insert into DiagramParts values('GM22-51_5065-51457117555', 'GM22-51_5065', 02, 'Set of wood panels, instrument panel', 'VAVONA GRAU', 1, to_date('20030301','YYYYMMDD'), to_date('20050301','YYYYMMDD'), '51457117555', '', '+core, ENDED', false);
insert into DiagramParts values('GM22-51_5065-51457117556', 'GM22-51_5065', 03, 'Set of wood panels, module carrier', 'VAVONA GRAU', 1, to_date('20030301','YYYYMMDD'), to_date('20050301','YYYYMMDD'), '51457117556', '', '+core, ENDED', false);
insert into DiagramParts values('GM22-51_5065-51457117558', 'GM22-51_5065', 04, 'Wood panel, instrument panel, right', 'VAVONA GRAU', 1, to_date('20030301','YYYYMMDD'), to_date('20050301','YYYYMMDD'), '51457117558', '', '+core', false);
insert into DiagramParts values('GM22-51_5065-51457117560', 'GM22-51_5065', 05, 'Wood panel, instrument panel, center', 'VAVONA GRAU', 1, to_date('20030301','YYYYMMDD'), to_date('20050301','YYYYMMDD'), '51457117560', '', '+core', false);
insert into DiagramParts values('GM22-51_5065-51457117562', 'GM22-51_5065', 06, 'Wood panel, instrument panel, left', 'VAVONA GRAU', 1, to_date('20030301','YYYYMMDD'), to_date('20050301','YYYYMMDD'), '51457117562', '', '+core', false);
insert into DiagramParts values('GM22-51_5065-51457117566', 'GM22-51_5065', 07, 'Wood panel, module carrier, left', 'VAVONA GRAU', 1, to_date('20030301','YYYYMMDD'), to_date('20050301','YYYYMMDD'), '51457117566', '$97.31', '', false);
insert into DiagramParts values('GM22-51_5065-51457117563', 'GM22-51_5065', 08, 'Wood panel, radio', 'VAVONA GRAU', 1, to_date('20030301','YYYYMMDD'), to_date('20050301','YYYYMMDD'), '51457117563', '$161.94', '', false);
insert into DiagramParts values('GM22-51_5065-51457117565', 'GM22-51_5065', 09, 'Wood panel, drawer', 'VAVONA GRAU', 1, to_date('20030301','YYYYMMDD'), to_date('20050301','YYYYMMDD'), '51457117565', '$140.37', '+core', false);
insert into DiagramParts values('GM22-51_5065-51457117564', 'GM22-51_5065', 10, 'Wood trim, draw, telephone', 'VAVONA GRAU', 1, to_date('20030301','YYYYMMDD'), to_date('20050301','YYYYMMDD'), '51457117564', '$140.37', '+core', false);
insert into DiagramParts values('GM22-51_5065-51457117567', 'GM22-51_5065', 11, 'Wood panel, module carrier, right', 'VAVONA GRAU', 1, to_date('20030301','YYYYMMDD'), to_date('20050301','YYYYMMDD'), '51457117567', '$97.31', '', false);
insert into DiagramParts values('GM22-51_5065-51457117568', 'GM22-51_5065', 12, 'Module carrier, center console, wood', 'VAVONA GRAU', 1, to_date('20030301','YYYYMMDD'), to_date('20050301','YYYYMMDD'), '51457117568', '$398.27', '', false);
insert into DiagramParts values('GM22-51_5065-51167118089', 'GM22-51_5065', 13, 'Wood panel, center armrest, front', 'VAVONA GRAU', 1, to_date('20030301','YYYYMMDD'), to_date('20031001','YYYYMMDD'), '51167118089', '$430.50', '', false);
insert into DiagramParts values('GM22-51_5065-51167137433', 'GM22-51_5065', 13, 'Wood panel, center armrest, front', 'VAVONA GRAU', 1, to_date('20031001','YYYYMMDD'), to_date('20050301','YYYYMMDD'), '51167137433', '$430.50', '', false);
insert into DiagramParts values('GM22-51_5065-51417113395', 'GM22-51_5065', 14, 'Wooden strip, door front left', 'VAVONA GRAU', 1, to_date('20030301','YYYYMMDD'), to_date('20050301','YYYYMMDD'), '51417113395', '$342.92', '', false);
insert into DiagramParts values('GM22-51_5065-51417113396', 'GM22-51_5065', 14, 'Wooden strip, door front right', 'VAVONA GRAU', 1, to_date('20030301','YYYYMMDD'), to_date('20050301','YYYYMMDD'), '51417113396', '$342.92', '', false);
insert into DiagramParts values('GM22-51_5065-51427113397', 'GM22-51_5065', 15, 'Wooden strip, door rear left', 'VAVONA GRAU', 1, to_date('20030301','YYYYMMDD'), to_date('20050301','YYYYMMDD'), '51427113397', '', '', false);
insert into DiagramParts values('GM22-51_5065-51427113398', 'GM22-51_5065', 15, 'Wooden strip, door rear right', 'VAVONA GRAU', 1, to_date('20030301','YYYYMMDD'), to_date('20050301','YYYYMMDD'), '51427113398', '', '', false);
insert into DiagramParts values('GM22-51_5065-51467123481', 'GM22-51_5065', 16, 'Wood strip, rear window shelf', 'VAVONA GRAU', 1, to_date('20030301','YYYYMMDD'), to_date('20050301','YYYYMMDD'), '51467123481', '$436.90', '+core', false);
insert into Diagram values('GM22-51_5065','GM22-20030400','51-45','E65 730d   Real wood version, Vavona grau matt','');
insert into Diagram values('GM22-51_4447','GM22-20030400','51-50','E65 730d   Instrument panel, door, front','');
insert into Diagram values('GM22-51_4448','GM22-20030400','51-50','E65 730d   Instrument panel, door, rear','');
insert into Diagram values('GM22-51_4553','GM22-20030400','51-50','E65 730d   Sun blind, electr., rear door','');
insert into Diagram values('GM22-51_4726','GM22-20030400','51-50','E65 730d   Door trim, rear','');
insert into DiagramParts values('GM22-51_4727-51427131059', 'GM22-51_4727', 22, 'Cover cap &quot;Airbag&quot;', 'NATURBRAUN', 2, to_date('20040301','YYYYMMDD'), to_date('20050301','YYYYMMDD'), '51427131059', '$7.86', '', false);
insert into DiagramParts values('GM22-51_4727-51427131058', 'GM22-51_4727', 22, 'Cover cap &quot;Airbag&quot;', 'STEINGRN', 2, to_date('20040301','YYYYMMDD'), to_date('20050301','YYYYMMDD'), '51427131058', '$7.53', '', false);
insert into DiagramParts values('GM22-51_4727-51427131056', 'GM22-51_4727', 22, 'Cover cap &quot;Airbag&quot;', 'FLANELLGRAU', 2, to_date('20040301','YYYYMMDD'), to_date('20050301','YYYYMMDD'), '51427131056', '$7.86', '', false);
insert into DiagramParts values('GM22-51_4727-51427131057', 'GM22-51_4727', 22, 'Cover cap &quot;Airbag&quot;', 'BEIGE', 2, to_date('20040301','YYYYMMDD'), to_date('20050301','YYYYMMDD'), '51427131057', '$7.86', '', false);
insert into DiagramParts values('GM22-51_4727-51427131055', 'GM22-51_4727', 22, 'Cover cap &quot;Airbag&quot;', 'SCHWARZ', 2, to_date('20040301','YYYYMMDD'), to_date('20050301','YYYYMMDD'), '51427131055', '$7.86', '', false);
insert into DiagramParts values('GM22-51_4727-51427131060', 'GM22-51_4727', 22, 'Cover cap &quot;Airbag&quot;', 'CREAMBEIGE', 2, to_date('20040301','YYYYMMDD'), to_date('20050301','YYYYMMDD'), '51427131060', '$7.53', '', false);
insert into Diagram values('GM22-51_4727','GM22-20030400','51-50','E65 730d   Rear door trim, side airbag','');
insert into Diagram values('GM22-51_4730','GM22-20030400','51-50','E65 730d   Door trim panel, front / side airbag','');
insert into Diagram values('GM22-51_4329','GM22-20030400','51-55','E65 730d   TRIM PANEL LEG ROOM','');
insert into Diagram values('GM22-51_4452','GM22-20030400','51-55','E65 730d   Floor mats, velours','');
insert into Diagram values('GM22-51_4517','GM22-20030400','51-55','E65 730d   FLOOR COVERING','');
insert into Diagram values('GM22-51_4518','GM22-20030400','51-55','E65 730d   EDGE PROTECTION/COVERINGS ROCKERS','');
insert into DiagramParts values('GM22-51_4745-51477149211', 'GM22-51_4745', 01, 'Trunk mat', 'BASALTGRAU HELL', 1, to_date('20040301','YYYYMMDD'), to_date('20050301','YYYYMMDD'), '51477149211', '$141.13', '', false);
insert into DiagramParts values('GM22-51_4745-51477149205', 'GM22-51_4745', 12, 'TRUNK PARTITION TRIM PANEL', 'BASALTGRAU HELL', 1, to_date('20040301','YYYYMMDD'), to_date('20050301','YYYYMMDD'), '51477149205', '$104.32', '+core', false);
insert into DiagramParts values('GM22-51_4745-51477149207', 'GM22-51_4745', 12, 'TRUNK PARTITION TRIM PANEL', 'BASALTGRAU HELL', 1, to_date('20040301','YYYYMMDD'), to_date('20050301','YYYYMMDD'), '51477149207', '$104.32', '', false);
insert into DiagramParts values('GM22-51_4745-51477149206', 'GM22-51_4745', 12, 'TRUNK PARTITION TRIM PANEL', 'BASALTGRAU HELL', 1, to_date('20040301','YYYYMMDD'), to_date('20050301','YYYYMMDD'), '51477149206', '$104.32', '+core', false);
insert into DiagramParts values('GM22-51_4745-51477149208', 'GM22-51_4745', 12, 'TRUNK PARTITION TRIM PANEL', 'BASALTGRAU HELL', 1, to_date('20040301','YYYYMMDD'), to_date('20050301','YYYYMMDD'), '51477149208', '$104.32', '+core', false);
insert into DiagramParts values('GM22-51_4745-51477149210', 'GM22-51_4745', 12, 'TRUNK PARTITION TRIM PANEL', 'BASALTGRAU HELL', 1, to_date('20040301','YYYYMMDD'), to_date('20050301','YYYYMMDD'), '51477149210', '$104.32', '+core', false);
insert into DiagramParts values('GM22-51_4745-51477149209', 'GM22-51_4745', 12, 'TRUNK PARTITION TRIM PANEL', 'BASALTGRAU HELL', 1, to_date('20040301','YYYYMMDD'), to_date('20050301','YYYYMMDD'), '51477149209', '$106.30', '+core', false);
insert into Diagram values('GM22-51_4745','GM22-20030400','51-65','E65 730d   Trunk trim panel','');
insert into DiagramParts values('GM22-51_4746-51477149199', 'GM22-51_4746', 01, 'LEFT TRUNK TRIM', 'BASALTGRAU HELL', 1, to_date('20040301','YYYYMMDD'), to_date('20050301','YYYYMMDD'), '51477149199', '$129.08', '', false);
insert into DiagramParts values('GM22-51_4746-51477149201', 'GM22-51_4746', 01, 'LEFT TRUNK TRIM', 'BASALTGRAU HELL', 1, to_date('20040301','YYYYMMDD'), to_date('20050301','YYYYMMDD'), '51477149201', '$129.08', '+core', false);
insert into DiagramParts values('GM22-51_4746-51477149203', 'GM22-51_4746', 02, 'Luggage compartment trim flap, left', 'BASALTGRAU HELL', 1, to_date('20040301','YYYYMMDD'), to_date('20050301','YYYYMMDD'), '51477149203', '$52.95', '', false);
insert into DiagramParts values('GM22-51_4746-51477149200', 'GM22-51_4746', 03, 'Right TRUNK TRIM', 'BASALTGRAU HELL', 1, to_date('20040301','YYYYMMDD'), to_date('20050301','YYYYMMDD'), '51477149200', '$68.98', '', false);
insert into DiagramParts values('GM22-51_4746-51477149202', 'GM22-51_4746', 03, 'Right TRUNK TRIM', 'BASALTGRAU HELL', 1, to_date('20040301','YYYYMMDD'), to_date('20050301','YYYYMMDD'), '51477149202', '$68.98', '+core', false);
insert into DiagramParts values('GM22-51_4746-51477149204', 'GM22-51_4746', 04, 'Luggage compartment trim flap, right', 'BASALTGRAU HELL', 1, to_date('20040301','YYYYMMDD'), to_date('20050301','YYYYMMDD'), '51477149204', '$88.31', '', false);
insert into DiagramParts values('GM22-51_4746-51497149229', 'GM22-51_4746', 09, 'UPPER TRUNK LID TRIM PANEL', 'BASALTGRAU HELL', 1, to_date('20040301','YYYYMMDD'), to_date('20050301','YYYYMMDD'), '51497149229', '$82.43', '', false);
insert into Diagram values('GM22-51_4746','GM22-20030400','51-65','E65 730d   Luggage compartment tailgate/boot trim','');
insert into Diagram values('GM22-51_4747','GM22-20030400','51-70','E65 730d   SOUND INSULATING FRONT','');
insert into Diagram values('GM22-51_4748','GM22-20030400','51-70','E65 730d   SOUND INSULATING REAR','');
insert into Diagram values('GM22-51_4749','GM22-20030400','51-70','E65 730d   Heat insulation','');
insert into Diagram values('GM22-51_4767','GM22-20030400','51-70','E65 730d   SOUND INSULATION ROOF','');
insert into Diagram values('GM22-51_4750','GM22-20030400','51-75','E65 730d   Shielding, engine compartment/air ducts','');
insert into Diagram values('GM22-51_4789','GM22-20030400','51-75','E65 730d   Shield,engine compartm./underfloor panel','');
insert into Diagram values('GM22-51_4987','GM22-20030400','51-75','E65 730d   Front aggregate protective plate','');
insert into Diagram values('GM22-51_4753','GM22-20030400','51-80','E65 730d   Various body parts','');
insert into Diagram values('GM22-51_4794','GM22-20030400','51-80','E65 730d   Sealing cap/plug','');
insert into Diagram values('GM22-51_4795','GM22-20030400','51-80','E65 730d   Sealing cap/plug','');
insert into Diagram values('GM22-51_4796','GM22-20030400','51-80','E65 730d   Sealing cap/plug','');
insert into Diagram values('GM22-51_4994','GM22-20030400','51-80','E65 730d   Various body parts','');
insert into Diagram values('GM22-51_4453','GM22-20030400','51-95','E65 730d   Floor mats, velours','');
insert into Diagram values('GM22-51_4563','GM22-20030400','51-95','E65 730d   Retrofit, CD holder','');
insert into Diagram values('GM22-51_4564','GM22-20030400','51-95','E65 730d   Retrofit, cassette holder','');
insert into Diagram values('GM22-51_4598','GM22-20030400','51-95','E65 730d   Retrofit, ash wood dark, mirror-finish','');
insert into Diagram values('GM22-51_4599','GM22-20030400','51-95','E65 730d   Retrofit, ash wood light, mirror-finish','');
insert into Diagram values('GM22-51_4635','GM22-20030400','51-95','E65 730d   Exterior mirror for towing','');
insert into Diagram values('GM22-51_4639','GM22-20030400','51-95','E65 730d   Cup holder retrofit, front','');
insert into Diagram values('GM22-51_4643','GM22-20030400','51-95','E65 730d   Non-skid mat','');
insert into Diagram values('GM22-51_4647','GM22-20030400','51-95','E65 730d   Boot/trunk floor net','');
insert into Diagram values('GM22-51_4650','GM22-20030400','51-95','E65 730d   Fitted luggage compartment mat','');
insert into Diagram values('GM22-51_4653','GM22-20030400','51-95','E65 730d   Luggage compartment pan','');
insert into Diagram values('GM22-51_4698','GM22-20030400','51-95','E65 730d   Boot lashing strap','');
insert into Diagram values('GM22-51_5038','GM22-20030400','51-95','E65 730d   FLOOR MATS CITY','');
insert into Diagram values('GM22-51_5039','GM22-20030400','51-95','E65 730d   Rubber mat','');
insert into DiagramParts values('GM22-51_5078-51167137432', 'GM22-51_5078', 02, 'Wood panel, center armrest, front', 'NUB./INTARSIEN', 1, to_date('20031001','YYYYMMDD'), to_date('20050301','YYYYMMDD'), '51167137432', '$434.95', '', false);
insert into Diagram values('GM22-51_5078','GM22-20030400','51-95','E65 730d   Retrofit burrwood with inlays','');
insert into Diagram values('GM22-51_5362','GM22-20030400','51-95','E65 730d   Luggage compartment, folding','');
insert into Diagram values('GM22-51_5688','GM22-20030400','51-95','E65 730d   Luggage compatment box "multifix"','');
insert into Diagram values('GM22-51_5738','GM22-20030400','51-95','E65 730d   Umbrella with bag','');
insert into Diagram values('GM22-51_5739','GM22-20030400','51-95','E65 730d   Storage sleeve DVD/CD','');
insert into Diagram values('GM22-51_5954','GM22-20030400','51-95','E65 730d   Load edge protector','');
insert into Diagram values('GM22-51_5959','GM22-20030400','51-95','E65 730d   Retrofit, model redesign 2005','');
insert into Diagram values('GM22-51_6023','GM22-20030400','51-95','E65 730d   Retrofit universal remote control','');
insert into Diagram values('GM22-51_6165','GM22-20030400','51-95','E65 730d   Luggage compartment clamping belts','');
insert into Diagram values('GM22-51_6639','GM22-20030400','51-95','E65 730d   Protective loading edge mat','');
insert into Diagram values('GM22-51_6695','GM22-20030400','51-95','E65 730d   Storage net, footwell, front','');
insert into Diagram values('GM22-51_7034','GM22-20030400','51-95','E65 730d   Sun blind strips','');
insert into Diagram values('GM22-51_8051','GM22-20030400','51-95','E65 730d   First-aid kit, universal','');
insert into Diagram values('GM22-51_8522','GM22-20030400','51-95','E65 730d   Travel & Comfort System','');
insert into Diagram values('GM22-51_8703','GM22-20030400','51-95','E65 730d   Pocket set in interior','');
insert into Diagram values('GM22-52_2930','GM22-20030400','52-10','E65 730d   Seat, front, upholstery and cover','');
insert into Diagram values('GM22-52_2937','GM22-20030400','52-10','E65 730d   Seat, front, head restraint','');
insert into DiagramParts values('GM22-52_2938-52107124981', 'GM22-52_2938', 09, 'Finisher, upper rail, front, left', 'CREAMBEIGE', 1, to_date('20020301','YYYYMMDD'), to_date('20030301','YYYYMMDD'), '52107124981', '', 'ENDED', false);
insert into DiagramParts values('GM22-52_2938-52107124982', 'GM22-52_2938', 09, 'Finisher, upper rail, front, right', 'CREAMBEIGE', 1, to_date('20020301','YYYYMMDD'), to_date('20030301','YYYYMMDD'), '52107124982', '', 'ENDED', false);
insert into Diagram values('GM22-52_2938','GM22-20030400','52-10','E65 730d   SEAT FRONT SEAT COVERINGS','');
insert into Diagram values('GM22-52_2939','GM22-20030400','52-10','E65 730d   FRONT SEAT BACKREST FRAME/REAR PANEL','');
insert into Diagram values('GM22-52_2941','GM22-20030400','52-10','E65 730d   Seat, front, seat frame','');
insert into DiagramParts values('GM22-52_2942-52107114531', 'GM22-52_2942', 03, 'Set of flexible shafts', 'L153 / L233', 2, to_date('20030301','YYYYMMDD'), to_date('20030601','YYYYMMDD'), '52107114531', '$87.78', '', false);
insert into Diagram values('GM22-52_2942','GM22-20030400','52-10','E65 730d   FRONT SEAT RAIL','');
insert into Diagram values('GM22-52_2962','GM22-20030400','52-10','E65 730d   Seat, front, electrical and motors','');
insert into Diagram values('GM22-52_2964','GM22-20030400','52-10','E65 730d   Seat, front, electrical/motors, backrest','');
insert into Diagram values('GM22-52_3030','GM22-20030400','52-10','E65 730d   Sort of seam, seat','');
insert into Diagram values('GM22-52_3031','GM22-20030400','52-10','E65 730d   Seam pattern, seat','');
insert into Diagram values('GM22-52_3100','GM22-20030400','52-10','E65 730d   Seat, front, Active seat single parts','');
insert into Diagram values('GM22-52_3102','GM22-20030400','52-10','E65 730d   Seat, front, lumbar','');
insert into Diagram values('GM22-52_2943','GM22-20030400','52-20','E65 730d   Seat rear, upholstery & cover base seat','');
insert into Diagram values('GM22-52_2944','GM22-20030400','52-20','E65 730d   Seat rear, uphols & cover, Comfort seat','');
insert into Diagram values('GM22-52_2945','GM22-20030400','52-20','E65 730d   Electric rear seat frame','');
insert into Diagram values('GM22-52_2946','GM22-20030400','52-20','E65 730d   Rear seat head restraint','');
insert into Diagram values('GM22-52_2947','GM22-20030400','52-20','E65 730d   Rear seat center armrest','');
insert into Diagram values('GM22-52_2957','GM22-20030400','52-20','E65 730d   Seat rear, electric, backrest','');
insert into Diagram values('GM22-52_2960','GM22-20030400','52-20','E65 730d   SEAT REAR EL.ADJUSTABLE-DRIVE','');
insert into Diagram values('GM22-52_2961','GM22-20030400','52-20','E65 730d   Seat, rear, lumbar support','');
insert into Diagram values('GM22-52_2976','GM22-20030400','52-60','E65 730d   Cover material, running meter','');
insert into Diagram values('GM22-52_2989','GM22-20030400','52-60','E65 730d   Merino leather sold by meter','');
insert into Diagram values('GM22-52_3050','GM22-20030400','52-60','E65 730d   Yarded material,leather Nasca Klimaleder','');
insert into Diagram values('GM22-52_3051','GM22-20030400','52-60','E65 730d   Yarded mat.,leather Walknappa Klimaleder','');
insert into Diagram values('GM22-52_2929','GM22-20030400','52-95','E65 730d   Retrofit kit, rear seat heating','');
insert into Diagram values('GM22-52_2980','GM22-20030400','52-95','E65 730d   Installation tool for ISOFIX child seats','');
insert into Diagram values('GM22-52_3015','GM22-20030400','52-95','E65 730d   UNIVERSAL PRODECTIVE REAR COVER','');
insert into Diagram values('GM22-52_3043','GM22-20030400','52-95','E65 730d   Belt holder','');
insert into Diagram values('GM22-52_3269','GM22-20030400','52-95','E65 730d   Seat-back storage pocket','');
insert into Diagram values('GM22-54_0308','GM22-20030400','54-05','E65 730d   Lift-up-and-slide-back sunroof','');
insert into Diagram values('GM22-61_1540','GM22-20030400','61-10','E65 730d   VARIOUS ADDITIONAL WIRING SETS','');
insert into Diagram values('GM22-61_1547','GM22-20030400','61-10','E65 730d   Battery cable','');
insert into Diagram values('GM22-61_1549','GM22-20030400','61-10','E65 730d   DOOR CABLE HARNESSES','');
insert into Diagram values('GM22-61_1575','GM22-20030400','61-10','E65 730d   Set of cables, center armrest','');
insert into Diagram values('GM22-61_1580','GM22-20030400','61-10','E65 730d   Wiring set seat','');
insert into Diagram values('GM22-61_1592','GM22-20030400','61-10','E65 730d   Repair cable main cable harness','');
insert into Diagram values('GM22-61_1599','GM22-20030400','61-10','E65 730d   Repair lines RDC','');
insert into Diagram values('GM22-61_1677','GM22-20030400','61-10','E65 730d   Repair cable, airbag','');
insert into Diagram values('GM22-61_1687','GM22-20030400','61-10','E65 730d   Rear seat wiring set','');
insert into Diagram values('GM22-61_1822','GM22-20030400','61-10','E65 730d   Cable-yarded material','');
insert into Diagram values('GM22-61_2047','GM22-20030400','61-10','E65 730d   Wiring harness covers/cable ducts','');
insert into Diagram values('GM22-61_1280','GM22-20030400','61-15','E65 730d   Plug terminal ELO not waterproof','');
insert into Diagram values('GM22-61_1296','GM22-20030400','61-15','E65 730d   Circular connector / D 2,5 mm System','');
insert into Diagram values('GM22-61_1349','GM22-20030400','61-15','E65 730d   Various comb-type connectors','');
insert into Diagram values('GM22-61_1445','GM22-20030400','61-15','E65 730d   Various parts, wiring harness repair','');
insert into Diagram values('GM22-61_1461','GM22-20030400','61-15','E65 730d   Diagnosis plug','');
insert into Diagram values('GM22-61_1559','GM22-20030400','61-15','E65 730d   PLUG-IN CONNECTION BRACKET','');
insert into Diagram values('GM22-61_1563','GM22-20030400','61-15','E65 730d   VARIOUS CABLE HOLDERS','');
insert into Diagram values('GM22-61_1578','GM22-20030400','61-15','E65 730d   Repair parts, optical fibre cable','');
insert into Diagram values('GM22-61_1586','GM22-20030400','61-15','E65 730d   Repair parts, flat cable','');
insert into Diagram values('GM22-61_1635','GM22-20030400','61-15','E65 730d   diverse plugs and connectors','');
insert into Diagram values('GM22-61_1691','GM22-20030400','61-15','E65 730d   Pin contacts ELO','');
insert into Diagram values('GM22-61_1754','GM22-20030400','61-15','E65 730d   Plug terminal ELO-Power','');
insert into Diagram values('GM22-61_2107','GM22-20030400','61-15','E65 730d   Various parts, wiring harness repair','');
insert into Diagram values('GM22-61_2156','GM22-20030400','61-15','E65 730d   Double leaf spring contact','');
insert into Diagram values('GM22-61_2217','GM22-20030400','61-15','E65 730d   Contact system MQS','');
insert into Diagram values('GM22-61_2444','GM22-20030400','61-15','E65 730d   diverse plugs and connectors','');
insert into Diagram values('GM22-61_2483','GM22-20030400','61-15','E65 730d   Cable tie','');
insert into Diagram values('GM22-61_2521','GM22-20030400','61-15','E65 730d   Socket housing MQS','');
insert into Diagram values('GM22-61_2638','GM22-20030400','61-15','E65 730d   Repair parts, coaxial cable contacts','');
insert into Diagram values('GM22-61_2680','GM22-20030400','61-15','E65 730d   Repair parts, coaxial cable housing','');
insert into Diagram values('GM22-61_1358','GM22-20030400','61-20','E65 730d   BRACKET F BODY CONTROL UNITS AND MODULES','');
insert into Diagram values('GM22-61_1566','GM22-20030400','61-20','E65 730d   Single components for fuse housing','');
insert into Diagram values('GM22-61_1584','GM22-20030400','61-20','E65 730d   Power distribution box','');
insert into Diagram values('GM22-61_1596','GM22-20030400','61-20','E65 730d   Fuses audio / video','');
insert into Diagram values('GM22-61_1555','GM22-20030400','61-40','E65 730d   Horn','');
insert into Diagram values('GM22-61_1561','GM22-20030400','61-45','E65 730d   Wiper','');
insert into Diagram values('GM22-61_1565','GM22-20030400','61-45','E65 730d   Reserv.,windshield/headlight washer syst','');
insert into Diagram values('GM22-61_1567','GM22-20030400','61-45','E65 730d   Hose lines, windshield washer system','');
insert into Diagram values('GM22-61_1568','GM22-20030400','61-45','E65 730d   Hose lines, headlight washer system','');
insert into Diagram values('GM22-61_1627','GM22-20030400','61-95','E65 730d   Retrofit kit, headlight cleaning system','');
insert into Diagram values('GM22-61_1888','GM22-20030400','61-95','E65 730d   Remote control/compass interior mirror','');
insert into Diagram values('GM22-61_2223','GM22-20030400','61-95','E65 730d   Suppression filter','');
insert into Diagram values('GM22-61_3026','GM22-20030400','61-95','E65 730d   Battery charger','');
insert into Diagram values('GM22-61_3244','GM22-20030400','61-95','E65 730d   Battery charger','');
insert into Diagram values('GM22-62_0411','GM22-20030400','62-05','E65 730d   Instrument cluster','');
insert into Diagram values('GM22-62_0561','GM22-20030400','62-95','E65 730d   Electronic log book','');
insert into Diagram values('GM22-64_1250','GM22-20030400','64-05','E65 730d   AIR CHANNEL','');
insert into Diagram values('GM22-64_1251','GM22-20030400','64-05','E65 730d   AIR OUTLET','');
insert into Diagram values('GM22-64_1307','GM22-20030400','64-05','E65 730d   Condenser air conditioning','');
insert into Diagram values('GM22-64_1252','GM22-20030400','64-10','E65 730d   Microfilter/housing parts','');
insert into Diagram values('GM22-64_1246','GM22-20030400','64-15','E65 730d   HEATER RADIATOR AUTOMATIC AIR CONDITION','');
insert into Diagram values('GM22-64_1315','GM22-20030400','64-18','E65 730d   Independent heating water valves','');
insert into Diagram values('GM22-64_1316','GM22-20030400','64-18','E65 730d   Auxiliary heater water hoses','');
insert into DiagramParts values('GM22-64_1255-64116942983', 'GM22-64_1255', 01, 'Automatic air conditioning control', 'DARK SILVER', 1, to_date('20031001','YYYYMMDD'), to_date('20040901','YYYYMMDD'), '64116942983', '', 'ENDED', false);
insert into DiagramParts values('GM22-64_1255-64116942985', 'GM22-64_1255', 01, 'Automatic air conditioning control', 'DARK SILVER', 1, to_date('20031001','YYYYMMDD'), to_date('20040901','YYYYMMDD'), '64116942985', '', '+core, ENDED', false);
insert into Diagram values('GM22-64_1255','GM22-20030400','64-20','E65 730d   Control unit, automatic air cond.,High','');
insert into DiagramParts values('GM22-64_1304-64116942982', 'GM22-64_1304', 01, 'Automatic air conditioning control', 'DARK SILVER', 1, to_date('20031001','YYYYMMDD'), to_date('20040901','YYYYMMDD'), '64116942982', '', 'ENDED', false);
insert into DiagramParts values('GM22-64_1304-64116942984', 'GM22-64_1304', 01, 'Automatic air conditioning control', 'DARK SILVER', 1, to_date('20031001','YYYYMMDD'), to_date('20040901','YYYYMMDD'), '64116942984', '', '+core, ENDED', false);
insert into Diagram values('GM22-64_1304','GM22-20030400','64-20','E65 730d   Automatic air conditioning control','');
insert into Diagram values('GM22-64_1248','GM22-20030400','64-30','E65 730d   Evaporator / Expansion valve','');
insert into Diagram values('GM22-64_1245','GM22-20030400','64-35','E65 730d   Housing parts automatic air conditioning','');
insert into Diagram values('GM22-64_1256','GM22-20030400','64-35','E65 730d   Housing parts, coolbox','');
insert into DiagramParts values('GM22-64_1395-64116917785', 'GM22-64_1395', 05, 'Cover, coolbox', 'SCHWARZ', 1, to_date('20030501','YYYYMMDD'), to_date('20060601','YYYYMMDD'), '64116917785', '$114.79', '', false);
insert into DiagramParts values('GM22-64_1395-64116917786', 'GM22-64_1395', 05, 'Cover, coolbox', 'FLANELLGRAU', 1, to_date('20030501','YYYYMMDD'), to_date('20060601','YYYYMMDD'), '64116917786', '$114.79', '', false);
insert into DiagramParts values('GM22-64_1395-64116917787', 'GM22-64_1395', 05, 'Cover, coolbox', 'BEIGE 3', 1, to_date('20030501','YYYYMMDD'), to_date('20060601','YYYYMMDD'), '64116917787', '$114.79', '', false);
insert into DiagramParts values('GM22-64_1395-64116917789', 'GM22-64_1395', 05, 'Cover, coolbox', 'NATURBRAUN', 1, to_date('20030501','YYYYMMDD'), to_date('20060601','YYYYMMDD'), '64116917789', '$114.79', '', false);
insert into DiagramParts values('GM22-64_1395-64116917790', 'GM22-64_1395', 05, 'Cover, coolbox', 'CREAMBEIGE', 1, to_date('20030501','YYYYMMDD'), to_date('20060601','YYYYMMDD'), '64116917790', '$114.79', '', false);
insert into Diagram values('GM22-64_1395','GM22-20030400','64-35','E65 730d   Housing parts, coolbox','');
insert into Diagram values('GM22-64_1249','GM22-20030400','64-40','E65 730d   ELECTRIC PARTS F AUTOMATIC AIR CONDITION','');
insert into Diagram values('GM22-64_1085','GM22-20030400','64-45','E65 730d   Solar sensor','');
insert into Diagram values('GM22-64_1247','GM22-20030400','64-45','E65 730d   ACTUATOR FOR AUTOMATIC AIR CONDITION','');
insert into Diagram values('GM22-64_1254','GM22-20030400','64-45','E65 730d   ACTUATOR FOR AUTOMATIC AIR CONDITION','');
insert into Diagram values('GM22-64_1343','GM22-20030400','64-45','E65 730d   SENSOR F. AUC','');
insert into Diagram values('GM22-64_1253','GM22-20030400','64-50','E65 730d   AIR COND.COMPRESSOR-SUPPORTING BRACKET','');
insert into Diagram values('GM22-64_1321','GM22-20030400','64-50','E65 730d   CLIMATE COMPRESSOR SUPPORTING BRACKET','');
insert into Diagram values('GM22-64_1387','GM22-20030400','64-50','E65 730d   Air-conditioner compressor','');
insert into Diagram values('GM22-64_1308','GM22-20030400','64-55','E65 730d   Pusher fan','');
insert into Diagram values('GM22-64_1232','GM22-20030400','64-60','E65 730d   Coolant lines','');
insert into Diagram values('GM22-64_1230','GM22-20030400','64-65','E65 730d   Auxiliary heating','');
insert into Diagram values('GM22-64_1231','GM22-20030400','64-65','E65 730d   FUEL SUPPLY/PUMP/TUBING','');
insert into Diagram values('GM22-64_1314','GM22-20030400','64-65','E65 730d   Additional heater','');
insert into Diagram values('GM22-64_1257','GM22-20030400','64-95','E65 730d   Install.kit, independent heater','');
insert into Diagram values('GM22-64_1264','GM22-20030400','64-95','E65 730d   Refrigerator box retrofit','');
insert into Diagram values('GM22-64_1319','GM22-20030400','64-95','E65 730d   Labels independent heating','');
insert into Diagram values('GM22-64_1633','GM22-20030400','64-95','E65 730d   Retrofit kit, remote cntrl,indep.heating','');
insert into Diagram values('GM22-65_0207','GM22-20030400','65-05','E65 730d   Earth strap for engine hood','');
insert into DiagramParts values('GM22-65_1128-65126928897', 'GM22-65_1128', 01, 'Audio system controller CD', 'FOND', 1, to_date('20020901','YYYYMMDD'), to_date('20030101','YYYYMMDD'), '65126928897', '', 'ENDED', false);
insert into DiagramParts values('GM22-65_1128-65126933510', 'GM22-65_1128', 01, 'Audio system controller CD', 'FOND', 1, to_date('20020901','YYYYMMDD'), to_date('20030101','YYYYMMDD'), '65126933510', '', 'ENDED', false);
insert into DiagramParts values('GM22-65_1128-65126935623', 'GM22-65_1128', 01, 'Audio system controller CD', 'FOND', 1, to_date('20020901','YYYYMMDD'), to_date('20030101','YYYYMMDD'), '65126935623', '', '+core, ENDED', false);
insert into DiagramParts values('GM22-65_1128-65126937738', 'GM22-65_1128', 01, 'Audio system controller CD', 'FOND', 1, to_date('20020901','YYYYMMDD'), to_date('20030101','YYYYMMDD'), '65126937738', '', 'ENDED', false);
insert into DiagramParts values('GM22-65_1128-65126941679', 'GM22-65_1128', 01, 'Audio system controller CD', 'FOND', 1, to_date('20020901','YYYYMMDD'), to_date('20030101','YYYYMMDD'), '65126941679', '', '+core, ENDED', false);
insert into DiagramParts values('GM22-65_1128-65126943223', 'GM22-65_1128', 01, 'Audio system controller CD', 'FOND', 1, to_date('20020901','YYYYMMDD'), to_date('20030101','YYYYMMDD'), '65126943223', '', 'ENDED', false);
insert into DiagramParts values('GM22-65_1128-65126946084', 'GM22-65_1128', 01, 'Audio system controller CD', 'FOND', 1, to_date('20020901','YYYYMMDD'), to_date('20030101','YYYYMMDD'), '65126946084', '', 'ENDED', false);
insert into DiagramParts values('GM22-65_1128-65126947714', 'GM22-65_1128', 01, 'Audio system controller CD', 'FOND', 1, to_date('20020901','YYYYMMDD'), to_date('20030101','YYYYMMDD'), '65126947714', '', 'ENDED', false);
insert into DiagramParts values('GM22-65_1128-65126933511', 'GM22-65_1128', 01, 'AT-audio system controller CD', 'FOND', 1, to_date('20020901','YYYYMMDD'), to_date('20030301','YYYYMMDD'), '65126933511', '', 'ENDED', false);
insert into DiagramParts values('GM22-65_1128-65126939012', 'GM22-65_1128', 01, 'AT-audio system controller CD', 'FOND', 1, to_date('20020901','YYYYMMDD'), to_date('20030601','YYYYMMDD'), '65126939012', '', 'ENDED', false);
insert into DiagramParts values('GM22-65_1128-65126939018', 'GM22-65_1128', 01, 'AT-audio system controller CD', 'FOND', 1, to_date('20020901','YYYYMMDD'), to_date('20031001','YYYYMMDD'), '65126939018', '', 'ENDED', false);
insert into DiagramParts values('GM22-65_1128-65126942469', 'GM22-65_1128', 01, 'AT-audio system controller CD', 'FOND', 1, to_date('20020901','YYYYMMDD'), to_date('20031201','YYYYMMDD'), '65126942469', '', 'ENDED', false);
insert into DiagramParts values('GM22-65_1128-65126946477', 'GM22-65_1128', 01, 'AT-audio system controller CD', 'FOND', 1, to_date('20020901','YYYYMMDD'), to_date('20040301','YYYYMMDD'), '65126946477', '', 'ENDED', false);
insert into DiagramParts values('GM22-65_1128-65126949387', 'GM22-65_1128', 01, 'AT-audio system controller CD', 'FOND', 1, to_date('20020901','YYYYMMDD'), to_date('20050301','YYYYMMDD'), '65126949387', '', 'ENDED', false);
insert into Diagram values('GM22-65_1128','GM22-20030400','65-05','E65 730d   Audio system controller CD','');
insert into DiagramParts values('GM22-65_1129-65126928898', 'GM22-65_1129', 01, 'Audio system controller MD', 'FOND', 1, to_date('20020901','YYYYMMDD'), to_date('20030101','YYYYMMDD'), '65126928898', '', '+core, ENDED', false);
insert into DiagramParts values('GM22-65_1129-65126933512', 'GM22-65_1129', 01, 'Audio system controller MD', 'FOND', 1, to_date('20020901','YYYYMMDD'), to_date('20030101','YYYYMMDD'), '65126933512', '', '+core, ENDED', false);
insert into DiagramParts values('GM22-65_1129-65126935624', 'GM22-65_1129', 01, 'Audio system controller MD', 'FOND', 1, to_date('20020901','YYYYMMDD'), to_date('20030101','YYYYMMDD'), '65126935624', '', '+core, ENDED', false);
insert into DiagramParts values('GM22-65_1129-65126937739', 'GM22-65_1129', 01, 'Audio system controller MD', 'FOND', 1, to_date('20020901','YYYYMMDD'), to_date('20030101','YYYYMMDD'), '65126937739', '', '+core, ENDED', false);
insert into DiagramParts values('GM22-65_1129-65126941680', 'GM22-65_1129', 01, 'Audio system controller MD', 'FOND', 1, to_date('20020901','YYYYMMDD'), to_date('20030101','YYYYMMDD'), '65126941680', '', '+core, ENDED', false);
insert into DiagramParts values('GM22-65_1129-65126943224', 'GM22-65_1129', 01, 'Audio system controller MD', 'FOND', 1, to_date('20020901','YYYYMMDD'), to_date('20030101','YYYYMMDD'), '65126943224', '', 'ENDED', false);
insert into DiagramParts values('GM22-65_1129-65126946085', 'GM22-65_1129', 01, 'Audio system controller MD', 'FOND', 1, to_date('20020901','YYYYMMDD'), to_date('20030101','YYYYMMDD'), '65126946085', '', 'ENDED', false);
insert into DiagramParts values('GM22-65_1129-65126947715', 'GM22-65_1129', 01, 'Audio system controller MD', 'FOND', 1, to_date('20020901','YYYYMMDD'), to_date('20030101','YYYYMMDD'), '65126947715', '', 'ENDED', false);
insert into DiagramParts values('GM22-65_1129-65126954396', 'GM22-65_1129', 01, 'Audio system controller MD', 'FOND', 1, to_date('20020901','YYYYMMDD'), to_date('20030101','YYYYMMDD'), '65126954396', '', 'ENDED', false);
insert into DiagramParts values('GM22-65_1129-65126933513', 'GM22-65_1129', 01, 'AT-audio system controller MD', 'FOND', 1, to_date('20020901','YYYYMMDD'), to_date('20030301','YYYYMMDD'), '65126933513', '', '+core, ENDED', false);
insert into DiagramParts values('GM22-65_1129-65126939013', 'GM22-65_1129', 01, 'AT-audio system controller MD', 'FOND', 1, to_date('20020901','YYYYMMDD'), to_date('20030601','YYYYMMDD'), '65126939013', '', '+core, ENDED', false);
insert into DiagramParts values('GM22-65_1129-65126939019', 'GM22-65_1129', 01, 'AT-audio system controller MD', 'FOND', 1, to_date('20020901','YYYYMMDD'), to_date('20031001','YYYYMMDD'), '65126939019', '', '+core, ENDED', false);
insert into DiagramParts values('GM22-65_1129-65126942470', 'GM22-65_1129', 01, 'AT-audio system controller MD', 'FOND', 1, to_date('20020901','YYYYMMDD'), to_date('20031201','YYYYMMDD'), '65126942470', '', 'ENDED', false);
insert into DiagramParts values('GM22-65_1129-65126946478', 'GM22-65_1129', 01, 'AT-audio system controller MD', 'FOND', 1, to_date('20020901','YYYYMMDD'), to_date('20040301','YYYYMMDD'), '65126946478', '', 'ENDED', false);
insert into DiagramParts values('GM22-65_1129-65126949388', 'GM22-65_1129', 01, 'AT-audio system controller MD', 'FOND', 1, to_date('20020901','YYYYMMDD'), to_date('20040901','YYYYMMDD'), '65126949388', '', 'ENDED', false);
insert into DiagramParts values('GM22-65_1129-65126954984', 'GM22-65_1129', 01, 'AT-audio system controller MD', 'FOND', 1, to_date('20020901','YYYYMMDD'), to_date('20050301','YYYYMMDD'), '65126954984', '', 'ENDED', false);
insert into Diagram values('GM22-65_1129','GM22-20030400','65-05','E65 730d   Audio system controller MD','');
insert into DiagramParts values('GM22-65_1151-65126928896', 'GM22-65_1151', 01, 'Audio system controller CC', 'FOND', 1, to_date('20020901','YYYYMMDD'), to_date('20030101','YYYYMMDD'), '65126928896', '', '+core, ENDED', false);
insert into DiagramParts values('GM22-65_1151-65126933508', 'GM22-65_1151', 01, 'Audio system controller CC', 'FOND', 1, to_date('20020901','YYYYMMDD'), to_date('20030101','YYYYMMDD'), '65126933508', '', '+core, ENDED', false);
insert into DiagramParts values('GM22-65_1151-65126935622', 'GM22-65_1151', 01, 'Audio system controller CC', 'FOND', 1, to_date('20020901','YYYYMMDD'), to_date('20030101','YYYYMMDD'), '65126935622', '', '+core, ENDED', false);
insert into DiagramParts values('GM22-65_1151-65126937737', 'GM22-65_1151', 01, 'Audio system controller CC', 'FOND', 1, to_date('20020901','YYYYMMDD'), to_date('20030101','YYYYMMDD'), '65126937737', '', '+core, ENDED', false);
insert into DiagramParts values('GM22-65_1151-65126933509', 'GM22-65_1151', 01, 'Replacement CC audio system controller', 'FOND', 1, to_date('20020901','YYYYMMDD'), to_date('20030301','YYYYMMDD'), '65126933509', '', '+core, ENDED', false);
insert into DiagramParts values('GM22-65_1151-65126939011', 'GM22-65_1151', 01, 'Replacement CC audio system controller', 'FOND', 1, to_date('20020901','YYYYMMDD'), to_date('20030601','YYYYMMDD'), '65126939011', '', '+core, ENDED', false);
insert into DiagramParts values('GM22-65_1151-65126939017', 'GM22-65_1151', 01, 'Replacement CC audio system controller', 'FOND', 1, to_date('20020901','YYYYMMDD'), to_date('20030901','YYYYMMDD'), '65126939017', '$735.35', '+core', false);
insert into Diagram values('GM22-65_1151','GM22-20030400','65-05','E65 730d   Audio system controller CC','');
insert into Diagram values('GM22-65_2440','GM22-20030400','65-05','E65 730d   DAB Retrofit','');
insert into Diagram values('GM22-65_1786','GM22-20030400','65-07','E65 730d   Auxiliary connection cable','');
insert into Diagram values('GM22-65_1121','GM22-20030400','65-10','E65 730d   CD Changer','');
insert into Diagram values('GM22-65_1184','GM22-20030400','65-10','E65 730d   DVD Changer/Bracket','');
insert into Diagram values('GM22-65_1109','GM22-20030400','65-20','E65 730d   Single parts, Stereo System, door frnt','');
insert into Diagram values('GM22-65_1111','GM22-20030400','65-20','E65 730d   SINGLE PARTS F FRONT DOOR HIFI SYSTEM','');
insert into Diagram values('GM22-65_1112','GM22-20030400','65-20','E65 730d   SINGLE PARTS F FRONT DOOR TOP-HIFI SYST.','');
insert into Diagram values('GM22-65_1113','GM22-20030400','65-20','E65 730d   SINGLE PARTS F REAR DOOR TOP-HIFI SYST.','');
insert into Diagram values('GM22-65_1114','GM22-20030400','65-20','E65 730d   Components central bass','');
insert into Diagram values('GM22-65_1115','GM22-20030400','65-20','E65 730d   SINGLE PARTS F PACKAGE SHELF STEREO SYST','');
insert into Diagram values('GM22-65_1116','GM22-20030400','65-20','E65 730d   SINGLE PARTS F PACKAGE SHELF HIFI SYSTEM','');
insert into Diagram values('GM22-65_1117','GM22-20030400','65-20','E65 730d   SINGLE PARTS F PACKAGE SHELF TOP-HIFI','');
insert into Diagram values('GM22-65_1118','GM22-20030400','65-20','E65 730d   Components Top-HiFi instrument panel','');
insert into Diagram values('GM22-65_1851','GM22-20030400','65-22','E65 730d   Universal aerial cable','');
insert into Diagram values('GM22-65_1120','GM22-20030400','65-25','E65 730d   Amplifier / bracket','');
insert into DiagramParts values('GM22-65_1131-65206963755', 'GM22-65_1131', 01, 'Antenna tuner', 'PROFESSIONAL', 1, to_date('20050301','YYYYMMDD'), to_date('20050601','YYYYMMDD'), '65206963755', '', 'ENDED', false);
insert into DiagramParts values('GM22-65_1131-65206976780', 'GM22-65_1131', 01, 'Antenna tuner', 'PROFESSIONAL', 1, to_date('20050301','YYYYMMDD'), to_date('20050901','YYYYMMDD'), '65206976780', '', '', false);
insert into DiagramParts values('GM22-65_1131-65206981946', 'GM22-65_1131', 01, 'Antenna tuner', 'PROFESSIONAL', 1, to_date('20050901','YYYYMMDD'), to_date('20060901','YYYYMMDD'), '65206981946', '', 'ENDED', false);
insert into DiagramParts values('GM22-65_1131-65209131151', 'GM22-65_1131', 01, 'Antenna tuner', 'PROFESSIONAL', 1, to_date('20050901','YYYYMMDD'), to_date('20070301','YYYYMMDD'), '65209131151', '', 'ENDED', false);
insert into Diagram values('GM22-65_1131','GM22-20030400','65-30','E65 730d   Antenna tuner','');
insert into Diagram values('GM22-65_1132','GM22-20030400','65-30','E65 730d   Antenna amplifier Diversity','');
insert into DiagramParts values('GM22-65_1133-65206938063', 'GM22-65_1133', 01, 'AMPLIFIER F REAR WINDOW ANTENNA', '315MHZ', 1, to_date('20030901','YYYYMMDD'), to_date('20070701','YYYYMMDD'), '65206938063', '', 'ENDED', false);
insert into Diagram values('GM22-65_1133','GM22-20030400','65-30','E65 730d   Antenna amplifier','');
insert into Diagram values('GM22-65_1195','GM22-20030400','65-30','E65 730d   Antenna cable, Audio/Video','');
insert into Diagram values('GM22-65_1119','GM22-20030400','65-45','E65 730d   Headset module','');
insert into Diagram values('GM22-65_1148','GM22-20030400','65-45','E65 730d   Video module','');
insert into Diagram values('GM22-65_1161','GM22-20030400','65-45','E65 730d   Control display','');
insert into Diagram values('GM22-65_1162','GM22-20030400','65-45','E65 730d   Rear compartment monitor','');
insert into DiagramParts values('GM22-65_1228-65829157126', 'GM22-65_1228', 01, 'Control display', '6,5&quot;', 1, to_date('20050301','YYYYMMDD'), to_date('20070901','YYYYMMDD'), '65829157126', '', 'ENDED', false);
insert into DiagramParts values('GM22-65_1228-65506967627', 'GM22-65_1228', 01, 'Control display', '8,8&quot;', 1, to_date('20050301','YYYYMMDD'), to_date('20070301','YYYYMMDD'), '65506967627', '', 'ENDED', false);
insert into DiagramParts values('GM22-65_1228-65829110640', 'GM22-65_1228', 01, 'Control display', '8,8&quot;', 1, to_date('20050301','YYYYMMDD'), to_date('20070301','YYYYMMDD'), '65829110640', '', 'ENDED', false);
insert into DiagramParts values('GM22-65_1228-65829130564', 'GM22-65_1228', 01, 'Control display', '8,8&quot;', 1, to_date('20050301','YYYYMMDD'), to_date('20070301','YYYYMMDD'), '65829130564', '', 'ENDED', false);
insert into DiagramParts values('GM22-65_1228-65829157124', 'GM22-65_1228', 01, 'Control display', '8,8&quot;', 1, to_date('20050301','YYYYMMDD'), to_date('20070901','YYYYMMDD'), '65829157124', '', 'ENDED', false);
insert into Diagram values('GM22-65_1228','GM22-20030400','65-45','E65 730d   Control display for Asia','');
insert into Diagram values('GM22-65_1631','GM22-20030400','65-45','E65 730d   Video module','');
insert into Diagram values('GM22-65_1632','GM22-20030400','65-45','E65 730d   Video module','');
insert into Diagram values('GM22-65_1633','GM22-20030400','65-45','E65 730d   Video module','');
insert into Diagram values('GM22-65_0493','GM22-20030400','65-50','E65 730d   CD navigation street map','');
insert into Diagram values('GM22-65_1168','GM22-20030400','65-50','E65 730d   Navigation system','');
insert into DiagramParts values('GM22-65_1333-65900433143', 'GM22-65_1333', 01, 'CD Road Map Singapore/Malaysia', '2008-1', 1, to_date('20030301','YYYYMMDD'), to_date('20080701','YYYYMMDD'), '65900433143', '', 'ENDED', false);
insert into DiagramParts values('GM22-65_1333-65902147296', 'GM22-65_1333', 01, 'CD Road Map Singapore/Malaysia/Thailand', '2009-1', 1, to_date('20030301','YYYYMMDD'), to_date('20080701','YYYYMMDD'), '65902147296', '', '+core, ENDED', false);
insert into Diagram values('GM22-65_1333','GM22-20030400','65-50','E65 730d   DVD navigation street map','');
insert into DiagramParts values('GM22-65_1356-65909139610', 'GM22-65_1356', 01, 'Navigation DVD computer', 'CHINA', 1, to_date('20050301','YYYYMMDD'), to_date('20070901','YYYYMMDD'), '65909139610', '', 'ENDED', false);
insert into Diagram values('GM22-65_1356','GM22-20030400','65-50','E65 730d   Navigation system, Asia','');
insert into Diagram values('GM22-65_1403','GM22-20030400','65-50','E65 730d   Controller','');
insert into DiagramParts values('GM22-65_1404-65758207870', 'GM22-65_1404', 04, 'Torx bolt', '4X14MM', 4, to_date('20031001','YYYYMMDD'), to_date('20050301','YYYYMMDD'), '65758207870', '', 'ENDED', false);
insert into DiagramParts values('GM22-65_1404-07146963839', 'GM22-65_1404', 04, 'Screw', '4X14MM', 4, to_date('20031001','YYYYMMDD'), to_date('20050301','YYYYMMDD'), '07146963839', '$0.20', '', false);
insert into Diagram values('GM22-65_1404','GM22-20030400','65-50','E65 730d   Controller','');
insert into Diagram values('GM22-65_1650','GM22-20030400','65-50','E65 730d   Navigation computer drive','');
insert into DiagramParts values('GM22-65_1724-65909112341', 'GM22-65_1724', 01, 'FSC JNav map 2007-1 initialization', 'ASAP', 1, to_date('20070301','YYYYMMDD'), to_date('20070901','YYYYMMDD'), '65909112341', '', 'ENDED', false);
insert into Diagram values('GM22-65_1724','GM22-20030400','65-50','E65 730d   Enable code for Japanese navigation','');
insert into Diagram values('GM22-65_1145','GM22-20030400','65-60','E65 730d   Alarm systems','');
insert into Diagram values('GM22-65_1057','GM22-20030400','65-65','E65 730d   Electric parts for airbag','');
insert into Diagram values('GM22-65_1143','GM22-20030400','65-65','E65 730d   Electr. compon. seat occupancy detection','');
insert into Diagram values('GM22-65_1180','GM22-20030400','65-70','E65 730d   Temperature sensor','');
insert into Diagram values('GM22-65_1175','GM22-20030400','65-95','E65 730d   Retrofit kit, CD-changer','');
insert into Diagram values('GM22-65_1186','GM22-20030400','65-95','E65 730d   INSTALLATION KIT ALARM SYSTEM','');
insert into Diagram values('GM22-65_1196','GM22-20030400','65-95','E65 730d   Retrofit kit, DVD changer','');
insert into DiagramParts values('GM22-65_1243-65126928898', 'GM22-65_1243', 02, 'Audio system controller MD', 'FOND', 1, to_date('20020901','YYYYMMDD'), to_date('20030101','YYYYMMDD'), '65126928898', '', '+core, ENDED', false);
insert into DiagramParts values('GM22-65_1243-65126933512', 'GM22-65_1243', 02, 'Audio system controller MD', 'FOND', 1, to_date('20020901','YYYYMMDD'), to_date('20030301','YYYYMMDD'), '65126933512', '', '+core, ENDED', false);
insert into DiagramParts values('GM22-65_1243-65126935624', 'GM22-65_1243', 02, 'Audio system controller MD', 'FOND', 1, to_date('20020901','YYYYMMDD'), to_date('20030601','YYYYMMDD'), '65126935624', '', '+core, ENDED', false);
insert into DiagramParts values('GM22-65_1243-65126937739', 'GM22-65_1243', 02, 'Audio system controller MD', 'FOND', 1, to_date('20020901','YYYYMMDD'), to_date('20031001','YYYYMMDD'), '65126937739', '', '+core, ENDED', false);
insert into DiagramParts values('GM22-65_1243-65126941680', 'GM22-65_1243', 02, 'Audio system controller MD', 'FOND', 1, to_date('20020901','YYYYMMDD'), to_date('20031201','YYYYMMDD'), '65126941680', '', '+core, ENDED', false);
insert into DiagramParts values('GM22-65_1243-65126943224', 'GM22-65_1243', 02, 'Audio system controller MD', 'FOND', 1, to_date('20020901','YYYYMMDD'), to_date('20031201','YYYYMMDD'), '65126943224', '', 'ENDED', false);
insert into DiagramParts values('GM22-65_1243-65126946085', 'GM22-65_1243', 02, 'Audio system controller MD', 'FOND', 1, to_date('20020901','YYYYMMDD'), to_date('20040301','YYYYMMDD'), '65126946085', '', 'ENDED', false);
insert into DiagramParts values('GM22-65_1243-65126947715', 'GM22-65_1243', 02, 'Audio system controller MD', 'FOND', 1, to_date('20020901','YYYYMMDD'), to_date('20040901','YYYYMMDD'), '65126947715', '', 'ENDED', false);
insert into DiagramParts values('GM22-65_1243-65126954396', 'GM22-65_1243', 02, 'Audio system controller MD', 'FOND', 1, to_date('20020901','YYYYMMDD'), to_date('20050301','YYYYMMDD'), '65126954396', '', 'ENDED', false);
insert into Diagram values('GM22-65_1243','GM22-20030400','65-95','E65 730d   Conversion ASK CC to ASK MD Professional','');
insert into DiagramParts values('GM22-65_1244-65126928898', 'GM22-65_1244', 02, 'Audio system controller MD', 'FOND', 1, to_date('20020901','YYYYMMDD'), to_date('20030101','YYYYMMDD'), '65126928898', '', '+core, ENDED', false);
insert into DiagramParts values('GM22-65_1244-65126933512', 'GM22-65_1244', 02, 'Audio system controller MD', 'FOND', 1, to_date('20020901','YYYYMMDD'), to_date('20030301','YYYYMMDD'), '65126933512', '', '+core, ENDED', false);
insert into DiagramParts values('GM22-65_1244-65126935624', 'GM22-65_1244', 02, 'Audio system controller MD', 'FOND', 1, to_date('20020901','YYYYMMDD'), to_date('20030601','YYYYMMDD'), '65126935624', '', '+core, ENDED', false);
insert into DiagramParts values('GM22-65_1244-65126937739', 'GM22-65_1244', 02, 'Audio system controller MD', 'FOND', 1, to_date('20020901','YYYYMMDD'), to_date('20031001','YYYYMMDD'), '65126937739', '', '+core, ENDED', false);
insert into DiagramParts values('GM22-65_1244-65126941680', 'GM22-65_1244', 02, 'Audio system controller MD', 'FOND', 1, to_date('20020901','YYYYMMDD'), to_date('20031201','YYYYMMDD'), '65126941680', '', '+core, ENDED', false);
insert into DiagramParts values('GM22-65_1244-65126943224', 'GM22-65_1244', 02, 'Audio system controller MD', 'FOND', 1, to_date('20020901','YYYYMMDD'), to_date('20031201','YYYYMMDD'), '65126943224', '', 'ENDED', false);
insert into DiagramParts values('GM22-65_1244-65126946085', 'GM22-65_1244', 02, 'Audio system controller MD', 'FOND', 1, to_date('20020901','YYYYMMDD'), to_date('20040301','YYYYMMDD'), '65126946085', '', 'ENDED', false);
insert into DiagramParts values('GM22-65_1244-65126947715', 'GM22-65_1244', 02, 'Audio system controller MD', 'FOND', 1, to_date('20020901','YYYYMMDD'), to_date('20040901','YYYYMMDD'), '65126947715', '', 'ENDED', false);
insert into DiagramParts values('GM22-65_1244-65126954396', 'GM22-65_1244', 02, 'Audio system controller MD', 'FOND', 1, to_date('20020901','YYYYMMDD'), to_date('20050301','YYYYMMDD'), '65126954396', '', 'ENDED', false);
insert into Diagram values('GM22-65_1244','GM22-20030400','65-95','E65 730d   Conversion ASK CD to ASK MD Professional','');
insert into DiagramParts values('GM22-65_1246-65126928896', 'GM22-65_1246', 02, 'Audio system controller CC', 'FOND', 1, to_date('20020901','YYYYMMDD'), to_date('20030101','YYYYMMDD'), '65126928896', '', '+core, ENDED', false);
insert into DiagramParts values('GM22-65_1246-65126933508', 'GM22-65_1246', 02, 'Audio system controller CC', 'FOND', 1, to_date('20020901','YYYYMMDD'), to_date('20030301','YYYYMMDD'), '65126933508', '', '+core, ENDED', false);
insert into DiagramParts values('GM22-65_1246-65126935622', 'GM22-65_1246', 02, 'Audio system controller CC', 'FOND', 1, to_date('20020901','YYYYMMDD'), to_date('20030601','YYYYMMDD'), '65126935622', '', '+core, ENDED', false);
insert into DiagramParts values('GM22-65_1246-65126937737', 'GM22-65_1246', 02, 'Audio system controller CC', 'FOND', 1, to_date('20020901','YYYYMMDD'), to_date('20030901','YYYYMMDD'), '65126937737', '', '+core, ENDED', false);
insert into Diagram values('GM22-65_1246','GM22-20030400','65-95','E65 730d   Conversion ASK CD to ASK CC Professional','');
insert into DiagramParts values('GM22-65_1247-65126928896', 'GM22-65_1247', 02, 'Audio system controller CC', 'FOND', 1, to_date('20020901','YYYYMMDD'), to_date('20030101','YYYYMMDD'), '65126928896', '', '+core, ENDED', false);
insert into DiagramParts values('GM22-65_1247-65126933508', 'GM22-65_1247', 02, 'Audio system controller CC', 'FOND', 1, to_date('20020901','YYYYMMDD'), to_date('20030301','YYYYMMDD'), '65126933508', '', '+core, ENDED', false);
insert into DiagramParts values('GM22-65_1247-65126935622', 'GM22-65_1247', 02, 'Audio system controller CC', 'FOND', 1, to_date('20020901','YYYYMMDD'), to_date('20030601','YYYYMMDD'), '65126935622', '', '+core, ENDED', false);
insert into DiagramParts values('GM22-65_1247-65126937737', 'GM22-65_1247', 02, 'Audio system controller CC', 'FOND', 1, to_date('20020901','YYYYMMDD'), to_date('20030901','YYYYMMDD'), '65126937737', '', '+core, ENDED', false);
insert into Diagram values('GM22-65_1247','GM22-20030400','65-95','E65 730d   Conversion ASK MD to ASK CC Professional','');
insert into Diagram values('GM22-65_1249','GM22-20030400','65-95','E65 730d   Retrofit kit, BMW Online','');
insert into DiagramParts values('GM22-65_1292-65500153495', 'GM22-65_1292', 01, 'Retrofit kit, TV function', 'ANALOG', 1, to_date('20020901','YYYYMMDD'), to_date('20050301','YYYYMMDD'), '65500153495', '', '+core, ENDED, See EBA 0153180', false);
insert into DiagramParts values('GM22-65_1292-65500407052', 'GM22-65_1292', 01, 'Retrofit kit, TV function', 'ANALOG/DIGITAL', 1, to_date('20050301','YYYYMMDD'), to_date('20060901','YYYYMMDD'), '65500407052', '', '+core, ENDED, See EBA 0153180', false);
insert into Diagram values('GM22-65_1292','GM22-20030400','65-95','E65 730d   Retrofit kit, TV function','');
insert into Diagram values('GM22-65_1302','GM22-20030400','65-95','E65 730d   NAVIGATION INSTALLATION SET','');
insert into Diagram values('GM22-65_1397','GM22-20030400','65-95','E65 730d   Retrofit kit Settop-Box','');
insert into Diagram values('GM22-65_1491','GM22-20030400','65-95','E65 730d   Retrofit kit f. controller function keys','');
insert into Diagram values('GM22-65_1630','GM22-20030400','65-95','E65 730d   Spare parts DVD Advanced','');
insert into Diagram values('GM22-65_1657','GM22-20030400','65-95','E65 730d   DVB-T Set-top box','');
insert into Diagram values('GM22-65_1721','GM22-20030400','65-95','E65 730d   iPod connection retrofit kit','');
insert into Diagram values('GM22-65_1989','GM22-20030400','65-95','E65 730d   Tracking Products','');
insert into Diagram values('GM22-65_2038','GM22-20030400','65-95','E65 730d   DVD system Tablet','');
insert into Diagram values('GM22-65_2271','GM22-20030400','65-95','E65 730d   Charger adapter for Apple iPod / iPhone','');
insert into Diagram values('GM22-65_2422','GM22-20030400','65-95','E65 730d   Cable adapter for Apple iPod / iPhone','');
insert into Diagram values('GM22-65_2434','GM22-20030400','65-95','E65 730d   DVD System Tablet Single','');
insert into Diagram values('GM22-65_2520','GM22-20030400','65-95','E65 730d   BMW USB charger','');
insert into Diagram values('GM22-65_2522','GM22-20030400','65-95','E65 730d   Cable adapter, devices with Micro USB','');
insert into Diagram values('GM22-66_0088','GM22-20030400','66-05','E65 730d   Control unit for Park Distance Control','');
insert into Diagram values('GM22-66_0091','GM22-20030400','66-05','E65 730d   ACC-Sensor','');
insert into Diagram values('GM22-66_0134','GM22-20030400','66-05','E65 730d   Night vision camera','');
insert into Diagram values('GM22-66_0149','GM22-20030400','66-05','E65 730d   Retrofit kit NightVision camera','');
insert into Diagram values('GM22-66_0235','GM22-20030400','66-05','E65 730d   Ultrasonic-sensor','');
insert into Diagram values('GM22-66_0092','GM22-20030400','66-95','E65 730d   Install.kit, Park Distance Control','');
insert into Diagram values('GM22-66_0098','GM22-20030400','66-95','E65 730d   Retrofit kit ACC','');
insert into Diagram values('GM22-66_0188','GM22-20030400','66-95','E65 730d   Park Distance Control universale sonoro','');
insert into Diagram values('GM22-85_0009','GM22-20030400','85-45','E65 730d   Winter tires','');
insert into Diagram values('GM22-85_0036','GM22-20030400','85-45','E65 730d   Summer tires','');
insert into Diagram values('GM22-91_0493','GM22-20030400','91-17','E65 730d   Individ. strng whl,airbag,multifunction','');
insert into DiagramParts values('GM22-91_0620-32308030772', 'GM22-91_0620', 01, 'Sports st.-wheel,leather/wd.ring,multif.', 'PAPPEL NATUR', 1, to_date('20040901','YYYYMMDD'), to_date('20070401','YYYYMMDD'), '32308030772', '', 'ENDED, See NoS No Stock', false);
insert into DiagramParts values('GM22-91_0620-32308030773', 'GM22-91_0620', 01, 'Sports st.-wheel,leather/wd.ring,multif.', 'PAPPEL RUBIN', 1, to_date('20040901','YYYYMMDD'), to_date('20070401','YYYYMMDD'), '32308030773', '', 'ENDED, See NoS No Stock', false);
insert into DiagramParts values('GM22-91_0620-32308033207', 'GM22-91_0620', 01, 'Sports st.-wheel,leather/wd.ring,multif.', 'NUBAUM AMARONE', 1, to_date('20050301','YYYYMMDD'), to_date('20070401','YYYYMMDD'), '32308033207', '', 'ENDED, See NoS No Stock', false);
insert into Diagram values('GM22-91_0620','GM22-20030400','91-17','E65 730d   Ind.sports st.-wheel,leather w/wdn. ring','');
insert into Diagram values('GM22-91_0716','GM22-20030400','91-17','E65 730d   Indiv. sports steering-wheel, bicolor','');
insert into Diagram values('GM22-91_0450','GM22-20030400','91-20','E65 730d   Individual high lustre Shadowline','');
insert into Diagram values('GM22-91_0551','GM22-20030400','91-20','E65 730d   Indiv. intercom - Outside mirror','');
insert into Diagram values('GM22-91_0513','GM22-20030400','91-30','E65 730d   Individual glove compartment, leather','');
insert into Diagram values('GM22-91_0514','GM22-20030400','91-30','E65 730d   Individual instrument panel, leather','');
insert into Diagram values('GM22-91_0473','GM22-20030400','91-35','E65 730d   Individual parcel net, footwell','');
insert into Diagram values('GM22-91_0511','GM22-20030400','91-35','E65 730d   Indiv.bottom panel,strge partit.leather','');
insert into Diagram values('GM22-91_0512','GM22-20030400','91-35','E65 730d   Indiv. center console/Center armrest','');
insert into Diagram values('GM22-91_0491','GM22-20030400','91-40','E65 730d   Individual trim piece entry','');
insert into DiagramParts values('GM22-91_0503-51458022859', 'GM22-91_0503', 03, 'Set of wood panels, module carrier', 'PIANOLACK SW', 1, to_date('20020901','YYYYMMDD'), to_date('20050301','YYYYMMDD'), '51458022859', '$725.40', '+core, See NoS No Stock', false);
insert into DiagramParts values('GM22-91_0503-51458022873', 'GM22-91_0503', 08, 'Wood panel, radio', 'PIANOLACK SW', 1, to_date('20020901','YYYYMMDD'), to_date('20050301','YYYYMMDD'), '51458022873', '$224.32', 'See NoS No Stock', false);
insert into DiagramParts values('GM22-91_0503-51458022875', 'GM22-91_0503', 09, 'Wood trim draw, bottom', 'PIANOLACK SW', 1, to_date('20020901','YYYYMMDD'), to_date('20050301','YYYYMMDD'), '51458022875', '$178.56', '+core, See NoS No Stock', false);
insert into DiagramParts values('GM22-91_0503-51458022874', 'GM22-91_0503', 10, 'Wood trim draw, top', 'PIANOLACK SW', 1, to_date('20020901','YYYYMMDD'), to_date('20050301','YYYYMMDD'), '51458022874', '$178.56', 'See NoS No Stock', false);
insert into DiagramParts values('GM22-91_0503-51168022876', 'GM22-91_0503', 12, 'Module carrier, center console, wood', 'PIANOLACK SW', 1, to_date('20020901','YYYYMMDD'), to_date('20050301','YYYYMMDD'), '51168022876', '$602.64', 'See NoS No Stock', false);
insert into DiagramParts values('GM22-91_0503-51168022846', 'GM22-91_0503', 13, 'Wood panel, center armrest, front', 'PIANOLACK SW', 1, to_date('20020901','YYYYMMDD'), to_date('20031001','YYYYMMDD'), '51168022846', '$691.92', 'See NoS No Stock', false);
insert into Diagram values('GM22-91_0503','GM22-20030400','91-40','E65 730d   Individual wood, Pianolack schwarz','');
insert into DiagramParts values('GM22-91_0505-51458023204', 'GM22-91_0505', 03, 'Set of wood panels, module carrier', 'TAMO UMBRA', 1, to_date('20020901','YYYYMMDD'), to_date('20050301','YYYYMMDD'), '51458023204', '$664.02', '+core, See NoS No Stock', false);
insert into DiagramParts values('GM22-91_0505-51458022031', 'GM22-91_0505', 08, 'Wood panel, radio', 'TAMO UMBRA', 1, to_date('20020901','YYYYMMDD'), to_date('20050301','YYYYMMDD'), '51458022031', '$224.32', '+core, See NoS No Stock', false);
insert into DiagramParts values('GM22-91_0505-51458022035', 'GM22-91_0505', 09, 'Wood trim draw, bottom', 'TAMO UMBRA', 1, to_date('20020901','YYYYMMDD'), to_date('20050301','YYYYMMDD'), '51458022035', '$178.56', '+core, See NoS No Stock', false);
insert into DiagramParts values('GM22-91_0505-51458022032', 'GM22-91_0505', 10, 'Wood trim draw, top', 'TAMO UMBRA', 1, to_date('20020901','YYYYMMDD'), to_date('20050301','YYYYMMDD'), '51458022032', '$178.56', '+core, See NoS No Stock', false);
insert into DiagramParts values('GM22-91_0505-51168022036', 'GM22-91_0505', 12, 'Module carrier, center console, wood', 'TAMO UMBRA', 1, to_date('20020901','YYYYMMDD'), to_date('20050301','YYYYMMDD'), '51168022036', '$585.90', '+core, See NoS No Stock', false);
insert into DiagramParts values('GM22-91_0505-51168022037', 'GM22-91_0505', 13, 'Wood panel, center armrest, front', 'TAMO UMBRA', 1, to_date('20020901','YYYYMMDD'), to_date('20031001','YYYYMMDD'), '51168022037', '$691.92', '+core, See NoS No Stock', false);
insert into Diagram values('GM22-91_0505','GM22-20030400','91-40','E65 730d   Individual wood, Tamo umbra','');
insert into DiagramParts values('GM22-91_0506-51458023170', 'GM22-91_0506', 03, 'Set of wood panels, module carrier', 'PAPPEL RUBIN', 1, to_date('20020901','YYYYMMDD'), to_date('20050301','YYYYMMDD'), '51458023170', '$725.40', '+core, See NoS No Stock', false);
insert into DiagramParts values('GM22-91_0506-51458023177', 'GM22-91_0506', 08, 'Wood panel, radio', 'PAPPEL RUBIN', 1, to_date('20020901','YYYYMMDD'), to_date('20050301','YYYYMMDD'), '51458023177', '$224.32', '+core, See NoS No Stock', false);
insert into DiagramParts values('GM22-91_0506-51458023179', 'GM22-91_0506', 09, 'Wood trim draw, bottom', 'PAPPEL RUBIN', 1, to_date('20020901','YYYYMMDD'), to_date('20050301','YYYYMMDD'), '51458023179', '$178.56', '+core, See NoS No Stock', false);
insert into DiagramParts values('GM22-91_0506-51458023178', 'GM22-91_0506', 10, 'Wood trim draw, top', 'PAPPEL RUBIN', 1, to_date('20020901','YYYYMMDD'), to_date('20050301','YYYYMMDD'), '51458023178', '$178.56', '+core, See NoS No Stock', false);
insert into DiagramParts values('GM22-91_0506-51168023180', 'GM22-91_0506', 12, 'Module carrier, center console, wood', 'PAPPEL RUBIN', 1, to_date('20020901','YYYYMMDD'), to_date('20050301','YYYYMMDD'), '51168023180', '$585.90', '+core, See NoS No Stock', false);
insert into DiagramParts values('GM22-91_0506-51168024125', 'GM22-91_0506', 13, 'Wood panel, center armrest, front', 'PAPPEL RUBIN', 1, to_date('20020901','YYYYMMDD'), to_date('20031001','YYYYMMDD'), '51168024125', '$691.92', '+core, See NoS No Stock', false);
insert into Diagram values('GM22-91_0506','GM22-20030400','91-40','E65 730d   Individual Rubin poplar wood','');
insert into DiagramParts values('GM22-91_0507-51458023187', 'GM22-91_0507', 03, 'Set of wood panels, module carrier', 'PAPPEL NATUR', 1, to_date('20020901','YYYYMMDD'), to_date('20050301','YYYYMMDD'), '51458023187', '$725.40', '+core, See NoS No Stock', false);
insert into DiagramParts values('GM22-91_0507-51458023195', 'GM22-91_0507', 08, 'Wood panel, radio', 'PAPPEL NATUR', 1, to_date('20020901','YYYYMMDD'), to_date('20050301','YYYYMMDD'), '51458023195', '$224.32', '+core, See NoS No Stock', false);
insert into DiagramParts values('GM22-91_0507-51458023199', 'GM22-91_0507', 09, 'Wood trim draw, bottom', 'PAPPEL NATUR', 1, to_date('20020901','YYYYMMDD'), to_date('20050301','YYYYMMDD'), '51458023199', '$178.56', '+core, See NoS No Stock', false);
insert into DiagramParts values('GM22-91_0507-51458023196', 'GM22-91_0507', 10, 'Wood trim draw, top', 'PAPPEL NATUR', 1, to_date('20020901','YYYYMMDD'), to_date('20050301','YYYYMMDD'), '51458023196', '$178.56', '+core, See NoS No Stock', false);
insert into DiagramParts values('GM22-91_0507-51168023188', 'GM22-91_0507', 12, 'Module carrier, center console, wood', 'PAPPEL NATUR', 1, to_date('20020901','YYYYMMDD'), to_date('20050301','YYYYMMDD'), '51168023188', '$585.90', '+core, See NoS No Stock', false);
insert into DiagramParts values('GM22-91_0507-51168024126', 'GM22-91_0507', 13, 'Wood panel, center armrest, front', 'PAPPEL NATUR', 1, to_date('20020901','YYYYMMDD'), to_date('20031001','YYYYMMDD'), '51168024126', '$691.92', 'See NoS No Stock', false);
insert into Diagram values('GM22-91_0507','GM22-20030400','91-40','E65 730d   Individual natural poplar wood','');
insert into DiagramParts values('GM22-91_0509-51168026134', 'GM22-91_0509', 01, 'Handle, anthracite', 'PAPPEL NATUR', 4, to_date('20020901','YYYYMMDD'), to_date('20070401','YYYYMMDD'), '51168026134', '', '+core, ENDED, See NoS No Stock', false);
insert into DiagramParts values('GM22-91_0509-51168026646', 'GM22-91_0509', 01, 'Handle, anthracite', 'MARITIMLINE', 4, to_date('20030601','YYYYMMDD'), to_date('20070401','YYYYMMDD'), '51168026646', '', '+core, ENDED, See NoS No Stock', false);
insert into Diagram values('GM22-91_0509','GM22-20030400','91-40','E65 730d   Individual wood roof-handle','');
insert into DiagramParts values('GM22-91_0549-51458026645', 'GM22-91_0549', 03, 'Set of wood panels, module carrier', 'MARITIMLINE', 1, to_date('20030601','YYYYMMDD'), to_date('20050301','YYYYMMDD'), '51458026645', '', '+core, See NoS No Stock', false);
insert into DiagramParts values('GM22-91_0549-51458025404', 'GM22-91_0549', 08, 'Wood panel, radio', 'MARITIMLINE', 1, to_date('20030601','YYYYMMDD'), to_date('20050301','YYYYMMDD'), '51458025404', '', '+core, See NoS No Stock', false);
insert into DiagramParts values('GM22-91_0549-51458025406', 'GM22-91_0549', 09, 'Wood trim draw, bottom', 'MARITIMLINE', 1, to_date('20030601','YYYYMMDD'), to_date('20050301','YYYYMMDD'), '51458025406', '', '+core, See NoS No Stock', false);
insert into DiagramParts values('GM22-91_0549-51458025405', 'GM22-91_0549', 10, 'Wood trim draw, top', 'MARITIMLINE', 1, to_date('20030601','YYYYMMDD'), to_date('20050301','YYYYMMDD'), '51458025405', '', '+core, See NoS No Stock', false);
insert into DiagramParts values('GM22-91_0549-51168025409', 'GM22-91_0549', 12, 'Module carrier, center console, wood', 'MARITIMLINE', 1, to_date('20030601','YYYYMMDD'), to_date('20050301','YYYYMMDD'), '51168025409', '', 'See NoS No Stock', false);
insert into Diagram values('GM22-91_0549','GM22-20030400','91-40','E65 730d   Individual wood Maritimline','');
insert into Diagram values('GM22-91_0560','GM22-20030400','91-40','E65 730d   Indiv. rear cover without belt outlet','');
insert into DiagramParts values('GM22-91_0517-51418022952', 'GM22-91_0517', 01, 'DOOR LINING LEATHER FRONT RIGHT', 'INDIVIDUAL', 1, to_date('20020901','YYYYMMDD'), to_date('20050301','YYYYMMDD'), '51418022952', '$1,780.02', 'See NoS No Stock', false);
insert into Diagram values('GM22-91_0517','GM22-20030400','91-45','E65 730d   Individual front door trim panel,leather','');
insert into DiagramParts values('GM22-91_0518-51428022968', 'GM22-91_0518', 01, 'DOOR LINING LEATHER REAR RIGHT', 'INDIVIDUAL', 1, to_date('20020901','YYYYMMDD'), to_date('20050301','YYYYMMDD'), '51428022968', '', '+core, See NoS No Stock', false);
insert into DiagramParts values('GM22-91_0518-51428022970', 'GM22-91_0518', 01, 'DOOR LINING LEATHER REAR RIGHT', 'INDIVIDUAL', 1, to_date('20020901','YYYYMMDD'), to_date('20050301','YYYYMMDD'), '51428022970', '$2,047.86', '+core, See NoS No Stock', false);
insert into Diagram values('GM22-91_0518','GM22-20030400','91-45','E65 730d   Individual rear door trim panel,leather','');
insert into DiagramParts values('GM22-91_0540-51418026650', 'GM22-91_0540', 01, 'DOOR LINING LEATHER FRONT RIGHT', 'INDIVIDUAL', 1, to_date('20020901','YYYYMMDD'), to_date('20050301','YYYYMMDD'), '51418026650', '$1,355.94', '+core, See NoS No Stock', false);
insert into Diagram values('GM22-91_0540','GM22-20030400','91-45','E65 730d   Indiv.front door trim panel,part.leather','');
insert into DiagramParts values('GM22-91_0543-51428026654', 'GM22-91_0543', 01, 'DOOR LINING LEATHER REAR RIGHT', 'INDIVIDUAL', 1, to_date('20020901','YYYYMMDD'), to_date('20050301','YYYYMMDD'), '51428026654', '$1,062.99', '+core, See NoS No Stock', false);
insert into DiagramParts values('GM22-91_0543-51428026658', 'GM22-91_0543', 01, 'DOOR LINING LEATHER REAR RIGHT', 'INDIVIDUAL', 1, to_date('20020901','YYYYMMDD'), to_date('20050301','YYYYMMDD'), '51428026658', '$1,062.99', '+core, See NoS No Stock', false);
insert into Diagram values('GM22-91_0543','GM22-20030400','91-45','E65 730d   Indiv. rear door trim panel,part.leather','');
insert into Diagram values('GM22-91_0494','GM22-20030400','91-50','E65 730d   Individual sun visor, Alcantara','');
insert into Diagram values('GM22-91_0498','GM22-20030400','91-50','E65 730d   Individual moulded headliner, Alcantara','');
insert into Diagram values('GM22-91_0500','GM22-20030400','91-50','E65 730d   Individual A, B, C pillar covers, top','');
insert into Diagram values('GM22-91_0501','GM22-20030400','91-50','E65 730d   Individual rear window shelf, Alcantara','');
insert into Diagram values('GM22-91_0502','GM22-20030400','91-50','E65 730d   Individual slide/tilt sunroof','');
insert into Diagram values('GM22-91_0520','GM22-20030400','91-50','E65 730d   Individual extra cover column C, bottom','');
insert into DiagramParts values('GM22-91_0521-51438022976', 'GM22-91_0521', 01, 'Trim panel, right lower centre column', 'INDIVIDUAL', 1, to_date('20020901','YYYYMMDD'), to_date('20050301','YYYYMMDD'), '51438022976', '$237.71', 'See NoS No Stock', false);
insert into Diagram values('GM22-91_0521','GM22-20030400','91-50','E65 730d   Individual trim panel Column-B bottom','');
insert into Diagram values('GM22-91_0538','GM22-20030400','91-50','E65 730d   Individual trim panel, center console','');
insert into Diagram values('GM22-91_0539','GM22-20030400','91-50','E65 730d   Individual floor covering','');
insert into Diagram values('GM22-91_0561','GM22-20030400','91-57','E65 730d   Individual floor mats Maritime line','');
insert into Diagram values('GM22-91_0563','GM22-20030400','91-57','E65 730d   Individual floor mats, Leather border','');
insert into Diagram values('GM22-91_0523','GM22-20030400','91-60','E65 730d   Individual cover, leather comfort seat','');
insert into Diagram values('GM22-91_0527','GM22-20030400','91-60','E65 730d   Individ. rear panel Basic /Sports seat','');
insert into Diagram values('GM22-91_0529','GM22-20030400','91-60','E65 730d   Individ. rear panel,leather comfort seat','');
insert into Diagram values('GM22-91_0536','GM22-20030400','91-60','E65 730d   Indiv.cover, basic seat, front','');
insert into DiagramParts values('GM22-91_0545-52108024732', 'GM22-91_0545', 02, 'Cover backrest, comfort seat, leather', 'U6 KLIMALEDER', 2, to_date('20020901','YYYYMMDD'), to_date('20040301','YYYYMMDD'), '52108024732', '$976.50', 'See NoS No Stock', false);
insert into Diagram values('GM22-91_0545','GM22-20030400','91-60','E65 730d   Individual cover,Klima-Leather comf.seat','');
insert into Diagram values('GM22-91_0571','GM22-20030400','91-60','E65 730d   Individual sports seat cover, front','');
insert into Diagram values('GM22-91_0743','GM22-20030400','91-60','E65 730d   Indi. rear panel rear seat Infotainment','');
insert into Diagram values('GM22-91_0744','GM22-20030400','91-60','E65 730d   Indi. mount.parts rear seat Infotainment','');
insert into Diagram values('GM22-91_0532','GM22-20030400','91-65','E65 730d   Indiv.cover, basic seat, rear U7','');
insert into DiagramParts values('GM22-91_0533-52208023030', 'GM22-91_0533', 01, 'Cover for comfort seat, leather right', 'U7', 1, to_date('20020901','YYYYMMDD'), to_date('20061101','YYYYMMDD'), '52208023030', '$965.34', '+core, See NoS No Stock', false);
insert into Diagram values('GM22-91_0533','GM22-20030400','91-65','E65 730d   Indiv.cover, comfort seat, rear U7','');
insert into Diagram values('GM22-91_0537','GM22-20030400','91-65','E65 730d   Indiv.cover, basic seat, rear U6','');
insert into DiagramParts values('GM22-91_0546-52208024744', 'GM22-91_0546', 01, 'Cover for comfort seat, leather right', 'U6 KLIMALEDER', 1, to_date('20020901','YYYYMMDD'), to_date('20040301','YYYYMMDD'), '52208024744', '$965.34', 'See NoS No Stock', false);
insert into DiagramParts values('GM22-91_0546-52208024747', 'GM22-91_0546', 02, 'Cover for comfort backrest,leather left', 'U6 KLIMALEDER', 1, to_date('20020901','YYYYMMDD'), to_date('20040301','YYYYMMDD'), '52208024747', '$965.34', 'See NoS No Stock', false);
insert into DiagramParts values('GM22-91_0546-52208024748', 'GM22-91_0546', 02, 'Cover for comfort backrest,leather right', 'U6 KLIMALEDER', 1, to_date('20020901','YYYYMMDD'), to_date('20040301','YYYYMMDD'), '52208024748', '$965.34', 'See NoS No Stock', false);
insert into Diagram values('GM22-91_0546','GM22-20030400','91-65','E65 730d   Ind. comfort seat Klima-Leather,U6 rear','');
insert into DiagramParts values('GM22-91_0547-52208024738', 'GM22-91_0547', 03, 'Cover backrest, leather, rear right', 'U6 KLIMALEDER', 1, to_date('20020901','YYYYMMDD'), to_date('20040301','YYYYMMDD'), '52208024738', '', 'See NoS No Stock', false);
insert into Diagram values('GM22-91_0547','GM22-20030400','91-65','E65 730d   Ind. basic seat Klima-Leather,U6 rear','');
insert into Diagram values('GM22-91_0572','GM22-20030400','91-65','E65 730d   Individual sports seat cover, rear','');
insert into Diagram values('GM22-91_0522','GM22-20030400','91-70','E65 730d   Ind. headrest, comfort seat, front','');
insert into Diagram values('GM22-91_0535','GM22-20030400','91-70','E65 730d   Indv. headrest, basic seat, front','');
insert into Diagram values('GM22-91_0569','GM22-20030400','91-70','E65 730d   Ind. headrest, sports seat, front','');
insert into Diagram values('GM22-91_0524','GM22-20030400','91-75','E65 730d   Indv. headrest, basic seat, rear','');
insert into Diagram values('GM22-91_0525','GM22-20030400','91-75','E65 730d   Ind. headrest, comfort seat, rear','');
insert into Diagram values('GM22-91_0526','GM22-20030400','91-75','E65 730d   Indiv. headrest, rear, center, leather','');
insert into Diagram values('GM22-91_0570','GM22-20030400','91-75','E65 730d   Ind. headrest, sports seat, rear','');
insert into Diagram values('GM22-91_0530','GM22-20030400','91-80','E65 730d   Individual armrest, multifunctional rear','');
insert into Diagram values('GM22-91_0531','GM22-20030400','91-80','E65 730d   Individual armrest, basic rear','');
insert into Diagram values('GM22-91_0472','GM22-20030400','91-88','E65 730d   Individual DVD cable','');
insert into DiagramParts values('GM22-91_0553-61128024897', 'GM22-91_0553', 01, 'Door wiring harness, mod. carrier, FR', 'WSA', 1, to_date('20021001','YYYYMMDD'), to_date('20030401','YYYYMMDD'), '61128024897', '', 'See NoS No Stock', false);
insert into DiagramParts values('GM22-91_0553-61128024898', 'GM22-91_0553', 01, 'Door wiring harness, mod. carrier, FR', 'WSA', 1, to_date('20021001','YYYYMMDD'), to_date('20030401','YYYYMMDD'), '61128024898', '', 'See NoS No Stock', false);
insert into Diagram values('GM22-91_0553','GM22-20030400','91-88','E65 730d   Indiv. intercom - Door wiring harness','');
insert into Diagram values('GM22-91_0554','GM22-20030400','91-88','E65 730d   Indiv. intercom - Control element','');
insert into Diagram values('GM22-91_0555','GM22-20030400','91-88','E65 730d   Indiv. intercom - Loudspeaker','');
insert into Diagram values('GM22-91_0556','GM22-20030400','91-88','E65 730d   Indiv. intercom - Exterior loudspeaker','');
insert into Diagram values('GM22-91_0557','GM22-20030400','91-88','E65 730d   Indiv. intercom - Control unit','');
insert into DiagramParts values('GM22-91_0742-61128030706', 'GM22-91_0742', 02, 'WIRING SET SEAT RIGHT', 'INDIVIDUAL', 1, to_date('20041101','YYYYMMDD'), to_date('20060901','YYYYMMDD'), '61128030706', '', 'See NoS No Stock', false);
insert into Diagram values('GM22-91_0742','GM22-20030400','91-88','E65 730d   Individual seat wiring harness','');
insert into ProdCodeDate values('GM21-20031000','GM21',to_date('20031001','YYYYMMDD'));
insert into ProdCodeDate values('GM22-20031000','GM22',to_date('20031001','YYYYMMDD'));
insert into ProdCodeDate values('GM21-20040200','GM21',to_date('20040201','YYYYMMDD'));
insert into ProdCodeDate values('GM22-20040200','GM22',to_date('20040201','YYYYMMDD'));
insert into ProdCodeDate values('GM21-20040500','GM21',to_date('20040501','YYYYMMDD'));
insert into ProdCodeDate values('GM22-20040500','GM22',to_date('20040501','YYYYMMDD'));
insert into ProdCodeDate values('GM21-20040600','GM21',to_date('20040601','YYYYMMDD'));
insert into ProdCodeDate values('GM22-20040600','GM22',to_date('20040601','YYYYMMDD'));
insert into ProdCodeDate values('GM21-20040700','GM21',to_date('20040701','YYYYMMDD'));
insert into ProdCodeDate values('GM22-20040700','GM22',to_date('20040701','YYYYMMDD'));
insert into ProdCode values('HM21','730d','Lim','E65','ECE','M57N2','L','07/2004 E65 730d Sedan M57N2 Europe Left hand drive Automatic');
insert into ProdCodeDate values('HM21-20040700','HM21',to_date('20040701','YYYYMMDD'));
insert into DiagramParts values('HM21-01_0196-01400156536', 'HM21-01_0196', 01, 'Owner&apos;s handbook E65, E66', 'DE, MJ 02', 1, to_date('20011101','YYYYMMDD'), to_date('20020301','YYYYMMDD'), '01400156536', '$56.64', '', false);
insert into DiagramParts values('HM21-01_0196-01400156650', 'HM21-01_0196', 01, 'Owner&apos;s handbook E65, E66', 'DE, MJ 02', 1, to_date('20020301','YYYYMMDD'), to_date('20020901','YYYYMMDD'), '01400156650', '', '', false);
insert into DiagramParts values('HM21-01_0196-01400156856', 'HM21-01_0196', 01, 'Owner&apos;s handbook E65, E66', 'DE, MJ 03', 1, to_date('20020901','YYYYMMDD'), to_date('20030101','YYYYMMDD'), '01400156856', '$80.12', '', false);
insert into DiagramParts values('HM21-01_0196-01400157170', 'HM21-01_0196', 01, 'Owner&apos;s handbook E65, E66', 'DE, MJ 03', 1, to_date('20030101','YYYYMMDD'), to_date('20030301','YYYYMMDD'), '01400157170', '', '', false);
insert into DiagramParts values('HM21-01_0196-01400157404', 'HM21-01_0196', 01, 'Owner&apos;s handbook E65, E66, E67', 'DE, MJ 03', 1, to_date('20030301','YYYYMMDD'), to_date('20031001','YYYYMMDD'), '01400157404', '', '', false);
insert into DiagramParts values('HM21-01_0196-01400157660', 'HM21-01_0196', 01, 'Owner&apos;s handbook E65, E66, E67', 'DE, MJ 04', 1, to_date('20031001','YYYYMMDD'), to_date('20040301','YYYYMMDD'), '01400157660', '', '', false);
insert into DiagramParts values('HM21-01_0196-01400158148', 'HM21-01_0196', 01, 'Owner&apos;s handbook E65, E66, E67', 'DE, MJ 04', 1, to_date('20040301','YYYYMMDD'), to_date('20050301','YYYYMMDD'), '01400158148', '', '', false);
insert into DiagramParts values('HM21-01_0196-01400159179', 'HM21-01_0196', 01, 'Owner&apos;s handbook E65, E66, E67', 'DE, MJ 2005', 1, to_date('20050301','YYYYMMDD'), to_date('20050901','YYYYMMDD'), '01400159179', '', '', false);
insert into DiagramParts values('HM21-01_0196-01400159739', 'HM21-01_0196', 01, 'Owner&apos;s handbook E65, E66, E67', 'DE, MJ 2006', 1, to_date('20050901','YYYYMMDD'), to_date('20060301','YYYYMMDD'), '01400159739', '', '', false);
insert into DiagramParts values('HM21-01_0196-01400012268', 'HM21-01_0196', 01, 'Owner&apos;s handbook E65, E66, E67', 'DE, MJ 2006', 1, to_date('20060301','YYYYMMDD'), to_date('20060901','YYYYMMDD'), '01400012268', '', '', false);
insert into DiagramParts values('HM21-01_0196-01400012816', 'HM21-01_0196', 01, 'Owner&apos;s handbook E65, E66, E67', 'DE, MJ 2007', 1, to_date('20060901','YYYYMMDD'), to_date('20070301','YYYYMMDD'), '01400012816', '', '', false);
insert into DiagramParts values('HM21-01_0196-01400013196', 'HM21-01_0196', 01, 'Owner&apos;s handbook E65, E66, E67', 'DE, MJ 07/08', 1, to_date('20070301','YYYYMMDD'), to_date('20080901','YYYYMMDD'), '01400013196', '', '', false);
insert into DiagramParts values('HM21-01_0196-01410156537', 'HM21-01_0196', 02, 'Owner&apos;s handbook E65, E66', 'EN, MJ 02', 1, to_date('20011101','YYYYMMDD'), to_date('20020301','YYYYMMDD'), '01410156537', '$80.12', '', false);
insert into DiagramParts values('HM21-01_0196-01410156651', 'HM21-01_0196', 02, 'Owner&apos;s handbook E65, E66', 'EN, MJ 02', 1, to_date('20020301','YYYYMMDD'), to_date('20020901','YYYYMMDD'), '01410156651', '$80.12', '', false);
insert into DiagramParts values('HM21-01_0196-01410156857', 'HM21-01_0196', 02, 'Owner&apos;s handbook E65, E66', 'EN, MJ 03', 1, to_date('20020901','YYYYMMDD'), to_date('20030101','YYYYMMDD'), '01410156857', '', '', false);
insert into DiagramParts values('HM21-01_0196-01410157171', 'HM21-01_0196', 02, 'Owner&apos;s handbook E65, E66', 'EN, MJ 03', 1, to_date('20030101','YYYYMMDD'), to_date('20040101','YYYYMMDD'), '01410157171', '', '', false);
insert into DiagramParts values('HM21-01_0196-01410157405', 'HM21-01_0196', 02, 'Owner&apos;s handbook E65, E66, E67', 'EN, MJ 03', 1, to_date('20030301','YYYYMMDD'), to_date('20031001','YYYYMMDD'), '01410157405', '', '', false);
insert into DiagramParts values('HM21-01_0196-01410157661', 'HM21-01_0196', 02, 'Owner&apos;s handbook E65, E66, E67', 'EN, MJ 04', 1, to_date('20031001','YYYYMMDD'), to_date('20040301','YYYYMMDD'), '01410157661', '', '', false);
insert into DiagramParts values('HM21-01_0196-01410158149', 'HM21-01_0196', 02, 'Owner&apos;s handbook E65, E66, E67', 'EN, MJ 04', 1, to_date('20040301','YYYYMMDD'), to_date('20050301','YYYYMMDD'), '01410158149', '', '', false);
insert into DiagramParts values('HM21-01_0196-01410159180', 'HM21-01_0196', 02, 'Owner&apos;s handbook E65, E66, E67', 'EN, MJ 2005', 1, to_date('20050301','YYYYMMDD'), to_date('20050901','YYYYMMDD'), '01410159180', '', '', false);
insert into DiagramParts values('HM21-01_0196-01410159740', 'HM21-01_0196', 02, 'Owner&apos;s handbook E65, E66, E67', 'EN, MJ 2006', 1, to_date('20050901','YYYYMMDD'), to_date('20060301','YYYYMMDD'), '01410159740', '', '', false);
insert into DiagramParts values('HM21-01_0196-01410012269', 'HM21-01_0196', 02, 'Owner&apos;s handbook E65, E66, E67', 'EN, MJ 2006', 1, to_date('20060301','YYYYMMDD'), to_date('20060901','YYYYMMDD'), '01410012269', '', '', false);
insert into DiagramParts values('HM21-01_0196-01410012817', 'HM21-01_0196', 02, 'Owner&apos;s handbook E65, E66, E67', 'EN, MJ 2007', 1, to_date('20060901','YYYYMMDD'), to_date('20070301','YYYYMMDD'), '01410012817', '', '', false);
insert into DiagramParts values('HM21-01_0196-01410013197', 'HM21-01_0196', 02, 'Owner&apos;s handbook E65, E66, E67', 'EN, MJ 07/08', 1, to_date('20070301','YYYYMMDD'), to_date('20080901','YYYYMMDD'), '01410013197', '', '', false);
insert into DiagramParts values('HM21-01_0196-01410156685', 'HM21-01_0196', 02, 'Owner&apos;s handbook E65, E66', 'EN, MJ 02 KOREA', 1, to_date('20020301','YYYYMMDD'), to_date('20020901','YYYYMMDD'), '01410156685', '', '', false);
insert into DiagramParts values('HM21-01_0196-01410156899', 'HM21-01_0196', 02, 'Owner&apos;s handbook E65, E66', 'EN, MJ 03 KOREA', 1, to_date('20020901','YYYYMMDD'), to_date('20030101','YYYYMMDD'), '01410156899', '', '', false);
insert into DiagramParts values('HM21-01_0196-01410157200', 'HM21-01_0196', 02, 'Owner&apos;s handbook E65, E66', 'EN, MJ 03 KOREA', 1, to_date('20030101','YYYYMMDD'), to_date('20040101','YYYYMMDD'), '01410157200', '', '', false);
insert into DiagramParts values('HM21-01_0196-01410157479', 'HM21-01_0196', 02, 'Owner&apos;s handbook E65, E66', 'EN, MJ 03 KOREA', 1, to_date('20030301','YYYYMMDD'), to_date('20031001','YYYYMMDD'), '01410157479', '', '', false);
insert into DiagramParts values('HM21-01_0196-01410157755', 'HM21-01_0196', 02, 'Owner&apos;s handbook E65, E66', 'EN, MJ 04 KOREA', 1, to_date('20031001','YYYYMMDD'), to_date('20040301','YYYYMMDD'), '01410157755', '', '', false);
insert into DiagramParts values('HM21-01_0196-01410158224', 'HM21-01_0196', 02, 'Owner&apos;s handbook E65, E66', 'EN, MJ 04 KOREA', 1, to_date('20040301','YYYYMMDD'), to_date('20050301','YYYYMMDD'), '01410158224', '', '', false);
insert into DiagramParts values('HM21-01_0196-01410159960', 'HM21-01_0196', 02, 'Owner&apos;s handbook E65, E66, E67', 'EN, MJ 2006', 1, to_date('20050901','YYYYMMDD'), to_date('20060301','YYYYMMDD'), '01410159960', '', '', false);
insert into DiagramParts values('HM21-01_0196-01410012252', 'HM21-01_0196', 02, 'Owner&apos;s handbook E65, E66, E67', 'EN, MJ 2006', 1, to_date('20060301','YYYYMMDD'), to_date('20060901','YYYYMMDD'), '01410012252', '', '', false);
insert into DiagramParts values('HM21-01_0196-01420156538', 'HM21-01_0196', 03, 'Owner&apos;s handbook E65, E66', 'FR, MJ 02', 1, to_date('20011101','YYYYMMDD'), to_date('20020301','YYYYMMDD'), '01420156538', '', '', false);
insert into DiagramParts values('HM21-01_0196-01420156652', 'HM21-01_0196', 03, 'Owner&apos;s handbook E65, E66', 'FR, MJ 02', 1, to_date('20020201','YYYYMMDD'), to_date('20020401','YYYYMMDD'), '01420156652', '', '', false);
insert into DiagramParts values('HM21-01_0196-01420156733', 'HM21-01_0196', 03, 'Owner&apos;s handbook E65, E66', 'FR, MJ 02', 1, to_date('20020401','YYYYMMDD'), to_date('20020901','YYYYMMDD'), '01420156733', '', '', false);
insert into DiagramParts values('HM21-01_0196-01420156858', 'HM21-01_0196', 03, 'Owner&apos;s handbook E65, E66', 'FR, MJ 03', 1, to_date('20020901','YYYYMMDD'), to_date('20030101','YYYYMMDD'), '01420156858', '', '', false);
insert into DiagramParts values('HM21-01_0196-01420157172', 'HM21-01_0196', 03, 'Owner&apos;s handbook E65, E66', 'FR, MJ 03', 1, to_date('20030101','YYYYMMDD'), to_date('20030301','YYYYMMDD'), '01420157172', '', '', false);
insert into DiagramParts values('HM21-01_0196-01420157406', 'HM21-01_0196', 03, 'Owner&apos;s handbook E65, E66, E67', 'FR, MJ 03', 1, to_date('20030301','YYYYMMDD'), to_date('20031001','YYYYMMDD'), '01420157406', '', '', false);
insert into DiagramParts values('HM21-01_0196-01420157662', 'HM21-01_0196', 03, 'Owner&apos;s handbook E65, E66, E67', 'FR, MJ 2004', 1, to_date('20031001','YYYYMMDD'), to_date('20040301','YYYYMMDD'), '01420157662', '', '', false);
insert into DiagramParts values('HM21-01_0196-01420158150', 'HM21-01_0196', 03, 'Owner&apos;s handbook E65, E66, E67', 'FR, MJ 04', 1, to_date('20040301','YYYYMMDD'), to_date('20050301','YYYYMMDD'), '01420158150', '', '', false);
insert into DiagramParts values('HM21-01_0196-01420159181', 'HM21-01_0196', 03, 'Owner&apos;s handbook E65, E66, E67', 'FR, MJ 2005', 1, to_date('20050301','YYYYMMDD'), to_date('20050901','YYYYMMDD'), '01420159181', '', '', false);
insert into DiagramParts values('HM21-01_0196-01420159741', 'HM21-01_0196', 03, 'Owner&apos;s handbook E65, E66, E67', 'FR, MJ 2006', 1, to_date('20050901','YYYYMMDD'), to_date('20060301','YYYYMMDD'), '01420159741', '', '', false);
insert into DiagramParts values('HM21-01_0196-01420012270', 'HM21-01_0196', 03, 'Owner&apos;s handbook E65, E66, E67', 'FR, MJ 2006', 1, to_date('20060301','YYYYMMDD'), to_date('20060901','YYYYMMDD'), '01420012270', '', '', false);
insert into DiagramParts values('HM21-01_0196-01420012818', 'HM21-01_0196', 03, 'Owner&apos;s handbook E65, E66, E67', 'FR, MJ 2007', 1, to_date('20060901','YYYYMMDD'), to_date('20070301','YYYYMMDD'), '01420012818', '', '', false);
insert into DiagramParts values('HM21-01_0196-01420013198', 'HM21-01_0196', 03, 'Owner&apos;s handbook E65, E66, E67', 'FR, MJ 07/08', 1, to_date('20070301','YYYYMMDD'), to_date('20080901','YYYYMMDD'), '01420013198', '', '', false);
insert into DiagramParts values('HM21-01_0196-01430156539', 'HM21-01_0196', 04, 'Owner&apos;s handbook E65, E66', 'ES, MJ 02', 1, to_date('20011101','YYYYMMDD'), to_date('20020301','YYYYMMDD'), '01430156539', '', '', false);
insert into DiagramParts values('HM21-01_0196-01430156653', 'HM21-01_0196', 04, 'Owner&apos;s handbook E65, E66', 'ES, MJ 02', 1, to_date('20020301','YYYYMMDD'), to_date('20020601','YYYYMMDD'), '01430156653', '', '', false);
insert into DiagramParts values('HM21-01_0196-01430156734', 'HM21-01_0196', 04, 'Owner&apos;s handbook E65, E66', 'ES, MJ 02', 1, to_date('20020601','YYYYMMDD'), to_date('20020901','YYYYMMDD'), '01430156734', '', '', false);
insert into DiagramParts values('HM21-01_0196-01430156859', 'HM21-01_0196', 04, 'Owner&apos;s handbook E65, E66', 'ES, MJ 03', 1, to_date('20020901','YYYYMMDD'), to_date('20030101','YYYYMMDD'), '01430156859', '$80.12', '', false);
insert into DiagramParts values('HM21-01_0196-01430157173', 'HM21-01_0196', 04, 'Owner&apos;s handbook E65, E66', 'ES, MJ 03', 1, to_date('20030101','YYYYMMDD'), to_date('20030301','YYYYMMDD'), '01430157173', '', '', false);
insert into DiagramParts values('HM21-01_0196-01430157407', 'HM21-01_0196', 04, 'Owner&apos;s handbook E65, E66, E67', 'ES, MJ 03', 1, to_date('20030301','YYYYMMDD'), to_date('20031001','YYYYMMDD'), '01430157407', '', '', false);
insert into DiagramParts values('HM21-01_0196-01430157663', 'HM21-01_0196', 04, 'Owner&apos;s handbook E65, E66, E67', 'ES, MJ 04', 1, to_date('20031001','YYYYMMDD'), to_date('20040301','YYYYMMDD'), '01430157663', '', '', false);
insert into DiagramParts values('HM21-01_0196-01430158151', 'HM21-01_0196', 04, 'Owner&apos;s handbook E65, E66, E67', 'ES, MJ 04', 1, to_date('20040301','YYYYMMDD'), to_date('20050301','YYYYMMDD'), '01430158151', '', '', false);
insert into DiagramParts values('HM21-01_0196-01430159182', 'HM21-01_0196', 04, 'Owner&apos;s handbook E65, E66, E67', 'ES, MJ 2005', 1, to_date('20050301','YYYYMMDD'), to_date('20050901','YYYYMMDD'), '01430159182', '', '', false);
insert into DiagramParts values('HM21-01_0196-01420159742', 'HM21-01_0196', 04, 'Owner&apos;s handbook E65, E66, E67', 'ES, MJ 2006', 1, to_date('20050901','YYYYMMDD'), to_date('20060301','YYYYMMDD'), '01420159742', '', '', false);
insert into DiagramParts values('HM21-01_0196-01430012271', 'HM21-01_0196', 04, 'Owner&apos;s handbook E65, E66, E67', 'ES, MJ 2006', 1, to_date('20060301','YYYYMMDD'), to_date('20060901','YYYYMMDD'), '01430012271', '', '', false);
insert into DiagramParts values('HM21-01_0196-01430012819', 'HM21-01_0196', 04, 'Owner&apos;s handbook E65, E66, E67', 'ES, MJ 2007', 1, to_date('20060901','YYYYMMDD'), to_date('20070301','YYYYMMDD'), '01430012819', '', '', false);
insert into DiagramParts values('HM21-01_0196-01430013199', 'HM21-01_0196', 04, 'Owner&apos;s handbook E65, E66, E67', 'ES, MJ 07/08', 1, to_date('20070301','YYYYMMDD'), to_date('20080901','YYYYMMDD'), '01430013199', '', '', false);
insert into DiagramParts values('HM21-01_0196-01430156686', 'HM21-01_0196', 04, 'Owner&apos;s handbook E65, E66', 'ES, MJ 02 USA', 1, to_date('20020301','YYYYMMDD'), to_date('20020601','YYYYMMDD'), '01430156686', '', '', false);
insert into DiagramParts values('HM21-01_0196-01430156900', 'HM21-01_0196', 04, 'Owner&apos;s handbook E65, E66', 'ES, MJ 03 USA', 1, to_date('20020901','YYYYMMDD'), to_date('20030101','YYYYMMDD'), '01430156900', '', '', false);
insert into DiagramParts values('HM21-01_0196-01430157201', 'HM21-01_0196', 04, 'Owner&apos;s handbook E65, E66', 'ES, MJ 02 USA', 1, to_date('20030101','YYYYMMDD'), to_date('20030301','YYYYMMDD'), '01430157201', '', '', false);
insert into DiagramParts values('HM21-01_0196-01430157480', 'HM21-01_0196', 04, 'Owner&apos;s handbook E65, E66', 'ES, MJ 03 USA', 1, to_date('20030301','YYYYMMDD'), to_date('20031001','YYYYMMDD'), '01430157480', '$56.64', '', false);
insert into DiagramParts values('HM21-01_0196-01430157756', 'HM21-01_0196', 04, 'Owner&apos;s handbook E65, E66', 'ES, MJ 04 USA', 1, to_date('20031001','YYYYMMDD'), to_date('20040301','YYYYMMDD'), '01430157756', '', '', false);
insert into DiagramParts values('HM21-01_0196-01430158225', 'HM21-01_0196', 04, 'Owner&apos;s handbook E65, E66', 'ES, MJ 04 USA', 1, to_date('20040301','YYYYMMDD'), to_date('20050301','YYYYMMDD'), '01430158225', '', '', false);
insert into DiagramParts values('HM21-01_0196-01430159255', 'HM21-01_0196', 04, 'Owner&apos;s handbook E65, E66, E67', 'ES, MJ 2005', 1, to_date('20050301','YYYYMMDD'), to_date('20050901','YYYYMMDD'), '01430159255', '', '', false);
insert into DiagramParts values('HM21-01_0196-01430159961', 'HM21-01_0196', 04, 'Owner&apos;s handbook E65, E66, E67', 'ES, MJ 2006', 1, to_date('20050901','YYYYMMDD'), to_date('20060301','YYYYMMDD'), '01430159961', '', '', false);
insert into DiagramParts values('HM21-01_0196-01430012253', 'HM21-01_0196', 04, 'Owner&apos;s handbook E65, E66, E67', 'ES, MJ 2006', 1, to_date('20060301','YYYYMMDD'), to_date('20060901','YYYYMMDD'), '01430012253', '', '', false);
insert into DiagramParts values('HM21-01_0196-01430012839', 'HM21-01_0196', 04, 'Owner&apos;s handbook E65, E66, E67', 'ES, MJ 2007', 1, to_date('20060901','YYYYMMDD'), to_date('20070301','YYYYMMDD'), '01430012839', '$80.12', '', false);
insert into DiagramParts values('HM21-01_0196-01440156540', 'HM21-01_0196', 05, 'Owner&apos;s handbook E65, E66', 'IT, MJ 02', 1, to_date('20011101','YYYYMMDD'), to_date('20020301','YYYYMMDD'), '01440156540', '', '', false);
insert into DiagramParts values('HM21-01_0196-01440156654', 'HM21-01_0196', 05, 'Owner&apos;s handbook E65, E66', 'IT, MJ 02', 1, to_date('20020301','YYYYMMDD'), to_date('20020901','YYYYMMDD'), '01440156654', '', '', false);
insert into DiagramParts values('HM21-01_0196-01440156860', 'HM21-01_0196', 05, 'Owner&apos;s handbook E65, E66', 'IT, MJ 03', 1, to_date('20020901','YYYYMMDD'), to_date('20030101','YYYYMMDD'), '01440156860', '', '', false);
insert into DiagramParts values('HM21-01_0196-01440157174', 'HM21-01_0196', 05, 'Owner&apos;s handbook E65, E66', 'IT, MJ 03', 1, to_date('20030101','YYYYMMDD'), to_date('20030301','YYYYMMDD'), '01440157174', '', '', false);
insert into DiagramParts values('HM21-01_0196-01440157408', 'HM21-01_0196', 05, 'Owner&apos;s handbook E65, E66, E67', 'IT, MJ 03', 1, to_date('20030301','YYYYMMDD'), to_date('20031001','YYYYMMDD'), '01440157408', '', '', false);
insert into DiagramParts values('HM21-01_0196-01440157664', 'HM21-01_0196', 05, 'Owner&apos;s handbook E65, E66, E67', 'IT, MJ 04', 1, to_date('20031001','YYYYMMDD'), to_date('20040301','YYYYMMDD'), '01440157664', '$80.12', '', false);
insert into DiagramParts values('HM21-01_0196-01440158152', 'HM21-01_0196', 05, 'Owner&apos;s handbook E65, E66, E67', 'IT, MJ 04', 1, to_date('20040301','YYYYMMDD'), to_date('20050301','YYYYMMDD'), '01440158152', '', '', false);
insert into DiagramParts values('HM21-01_0196-01440159183', 'HM21-01_0196', 05, 'Owner&apos;s handbook E65, E66, E67', 'IT, MJ 2005', 1, to_date('20050301','YYYYMMDD'), to_date('20050901','YYYYMMDD'), '01440159183', '', '', false);
insert into DiagramParts values('HM21-01_0196-01440159743', 'HM21-01_0196', 05, 'Owner&apos;s handbook E65, E66, E67', 'IT, MJ 2006', 1, to_date('20050901','YYYYMMDD'), to_date('20060301','YYYYMMDD'), '01440159743', '', '', false);
insert into DiagramParts values('HM21-01_0196-01440012272', 'HM21-01_0196', 05, 'Owner&apos;s handbook E65, E66, E67', 'IT, MJ 2006', 1, to_date('20060301','YYYYMMDD'), to_date('20060901','YYYYMMDD'), '01440012272', '', '', false);
insert into DiagramParts values('HM21-01_0196-01440012820', 'HM21-01_0196', 05, 'Owner&apos;s handbook E65, E66, E67', 'IT, MJ 2007', 1, to_date('20060901','YYYYMMDD'), to_date('20070301','YYYYMMDD'), '01440012820', '', '', false);
insert into DiagramParts values('HM21-01_0196-01440013200', 'HM21-01_0196', 05, 'Owner&apos;s handbook E65, E66, E67', 'IT, MJ 07/08', 1, to_date('20070301','YYYYMMDD'), to_date('20080901','YYYYMMDD'), '01440013200', '', '', false);
insert into DiagramParts values('HM21-01_0196-01450156541', 'HM21-01_0196', 06, 'Owner&apos;s handbook E65, E66', 'SV, MJ 02', 1, to_date('20011101','YYYYMMDD'), to_date('20020301','YYYYMMDD'), '01450156541', '', '', false);
insert into DiagramParts values('HM21-01_0196-01450156655', 'HM21-01_0196', 06, 'Owner&apos;s handbook E65, E66', 'SV, MJ 02', 1, to_date('20020301','YYYYMMDD'), to_date('20020901','YYYYMMDD'), '01450156655', '', '', false);
insert into DiagramParts values('HM21-01_0196-01450156861', 'HM21-01_0196', 06, 'Owner&apos;s handbook E65, E66', 'SV, MJ 03', 1, to_date('20020901','YYYYMMDD'), to_date('20030101','YYYYMMDD'), '01450156861', '', '', false);
insert into DiagramParts values('HM21-01_0196-01450157175', 'HM21-01_0196', 06, 'Owner&apos;s handbook E65, E66', 'SV, MJ 03', 1, to_date('20030101','YYYYMMDD'), to_date('20030301','YYYYMMDD'), '01450157175', '', '', false);
insert into DiagramParts values('HM21-01_0196-01450157409', 'HM21-01_0196', 06, 'Owner&apos;s handbook E65, E66, E67', 'SV, MJ 03', 1, to_date('20030301','YYYYMMDD'), to_date('20031001','YYYYMMDD'), '01450157409', '', '', false);
insert into DiagramParts values('HM21-01_0196-01450157665', 'HM21-01_0196', 06, 'Owner&apos;s handbook E65, E66, E67', 'SV, MJ 04', 1, to_date('20031001','YYYYMMDD'), to_date('20040301','YYYYMMDD'), '01450157665', '', '', false);
insert into DiagramParts values('HM21-01_0196-01450158153', 'HM21-01_0196', 06, 'Owner&apos;s handbook E65, E66, E67', 'SV, MJ 04', 1, to_date('20040301','YYYYMMDD'), to_date('20050301','YYYYMMDD'), '01450158153', '', '', false);
insert into DiagramParts values('HM21-01_0196-01450159184', 'HM21-01_0196', 06, 'Owner&apos;s handbook E65, E66, E67', 'SV, MJ 2005', 1, to_date('20050301','YYYYMMDD'), to_date('20050901','YYYYMMDD'), '01450159184', '', '', false);
insert into DiagramParts values('HM21-01_0196-01450159744', 'HM21-01_0196', 06, 'Owner&apos;s handbook E65, E66, E67', 'SV, MJ 2006', 1, to_date('20050901','YYYYMMDD'), to_date('20060301','YYYYMMDD'), '01450159744', '', '', false);
insert into DiagramParts values('HM21-01_0196-01450012273', 'HM21-01_0196', 06, 'Owner&apos;s handbook E65, E66, E67', 'SV, MJ 2006', 1, to_date('20060301','YYYYMMDD'), to_date('20060901','YYYYMMDD'), '01450012273', '', '', false);
insert into DiagramParts values('HM21-01_0196-01450012821', 'HM21-01_0196', 06, 'Owner&apos;s handbook E65, E66, E67', 'SV, MJ 2007', 1, to_date('20060901','YYYYMMDD'), to_date('20070301','YYYYMMDD'), '01450012821', '', '', false);
insert into DiagramParts values('HM21-01_0196-01450013201', 'HM21-01_0196', 06, 'Owner&apos;s handbook E65, E66, E67', 'SV, MJ 07/08', 1, to_date('20070301','YYYYMMDD'), to_date('20080901','YYYYMMDD'), '01450013201', '', '', false);
insert into DiagramParts values('HM21-01_0196-01460156542', 'HM21-01_0196', 07, 'Owner&apos;s handbook E65, E66', 'NL, MJ 02', 1, to_date('20011101','YYYYMMDD'), to_date('20020301','YYYYMMDD'), '01460156542', '', '', false);
insert into DiagramParts values('HM21-01_0196-01460156656', 'HM21-01_0196', 07, 'Owner&apos;s handbook E65, E66', 'NL, MJ 02', 1, to_date('20020301','YYYYMMDD'), to_date('20020901','YYYYMMDD'), '01460156656', '', '', false);
insert into DiagramParts values('HM21-01_0196-01460156862', 'HM21-01_0196', 07, 'Owner&apos;s handbook E65, E66', 'NL, MJ 03', 1, to_date('20020901','YYYYMMDD'), to_date('20030101','YYYYMMDD'), '01460156862', '', '', false);
insert into DiagramParts values('HM21-01_0196-01460157176', 'HM21-01_0196', 07, 'Owner&apos;s handbook E65, E66', 'NL, MJ 03', 1, to_date('20030101','YYYYMMDD'), to_date('20030301','YYYYMMDD'), '01460157176', '', '', false);
insert into DiagramParts values('HM21-01_0196-01460157410', 'HM21-01_0196', 07, 'Owner&apos;s handbook E65, E66, E67', 'NL, MJ 03', 1, to_date('20030301','YYYYMMDD'), to_date('20031001','YYYYMMDD'), '01460157410', '', '', false);
insert into DiagramParts values('HM21-01_0196-01460157666', 'HM21-01_0196', 07, 'Owner&apos;s handbook E65, E66, E67', 'NL, MJ 04', 1, to_date('20031001','YYYYMMDD'), to_date('20040301','YYYYMMDD'), '01460157666', '', '', false);
insert into DiagramParts values('HM21-01_0196-01460158154', 'HM21-01_0196', 07, 'Owner&apos;s handbook E65, E66, E67', 'NL, MJ 04', 1, to_date('20040301','YYYYMMDD'), to_date('20050301','YYYYMMDD'), '01460158154', '', '', false);
insert into DiagramParts values('HM21-01_0196-01460159185', 'HM21-01_0196', 07, 'Owner&apos;s handbook E65, E66, E67', 'NL, MJ 2005', 1, to_date('20050301','YYYYMMDD'), to_date('20050901','YYYYMMDD'), '01460159185', '', '', false);
insert into DiagramParts values('HM21-01_0196-01460159745', 'HM21-01_0196', 07, 'Owner&apos;s handbook E65, E66, E67', 'NL, MJ 2006', 1, to_date('20050901','YYYYMMDD'), to_date('20060301','YYYYMMDD'), '01460159745', '', '', false);
insert into DiagramParts values('HM21-01_0196-01460012274', 'HM21-01_0196', 07, 'Owner&apos;s handbook E65, E66, E67', 'NL, MJ 2006', 1, to_date('20060301','YYYYMMDD'), to_date('20060901','YYYYMMDD'), '01460012274', '', '', false);
insert into DiagramParts values('HM21-01_0196-01460012822', 'HM21-01_0196', 07, 'Owner&apos;s handbook E65, E66, E67', 'NL, MJ 2007', 1, to_date('20060901','YYYYMMDD'), to_date('20070301','YYYYMMDD'), '01460012822', '', '', false);
insert into DiagramParts values('HM21-01_0196-01460013202', 'HM21-01_0196', 07, 'Owner&apos;s handbook E65, E66, E67', 'NL, MJ 07/08', 1, to_date('20070301','YYYYMMDD'), to_date('20080901','YYYYMMDD'), '01460013202', '', '', false);
insert into DiagramParts values('HM21-01_0196-01470156543', 'HM21-01_0196', 08, 'Owner&apos;s handbook E65, E66', 'AR, MJ 02', 1, to_date('20011101','YYYYMMDD'), to_date('20020301','YYYYMMDD'), '01470156543', '', '', false);
insert into DiagramParts values('HM21-01_0196-01470156657', 'HM21-01_0196', 08, 'Owner&apos;s handbook E65, E66', 'AR, MJ 02', 1, to_date('20020301','YYYYMMDD'), to_date('20020901','YYYYMMDD'), '01470156657', '', '', false);
insert into DiagramParts values('HM21-01_0196-01470156863', 'HM21-01_0196', 08, 'Owner&apos;s handbook E65, E66', 'AR, MJ 03', 1, to_date('20020901','YYYYMMDD'), to_date('20030101','YYYYMMDD'), '01470156863', '', '', false);
insert into DiagramParts values('HM21-01_0196-01470157177', 'HM21-01_0196', 08, 'Owner&apos;s handbook E65, E66', 'AR, MJ 03', 1, to_date('20030101','YYYYMMDD'), to_date('20030301','YYYYMMDD'), '01470157177', '', '', false);
insert into DiagramParts values('HM21-01_0196-01470157411', 'HM21-01_0196', 08, 'Owner&apos;s handbook E65, E66, E67', 'AR, MJ 03', 1, to_date('20030301','YYYYMMDD'), to_date('20031001','YYYYMMDD'), '01470157411', '', '', false);
insert into DiagramParts values('HM21-01_0196-01470157667', 'HM21-01_0196', 08, 'Owner&apos;s handbook E65, E66, E67', 'AR, MJ 04', 1, to_date('20031001','YYYYMMDD'), to_date('20040301','YYYYMMDD'), '01470157667', '', '', false);
insert into DiagramParts values('HM21-01_0196-01470158155', 'HM21-01_0196', 08, 'Owner&apos;s handbook E65, E66, E67', 'AR, MJ 04', 1, to_date('20040301','YYYYMMDD'), to_date('20050301','YYYYMMDD'), '01470158155', '', '', false);
insert into DiagramParts values('HM21-01_0196-01470159186', 'HM21-01_0196', 08, 'Owner&apos;s handbook E65, E66, E67', 'AR, MJ 2005', 1, to_date('20050301','YYYYMMDD'), to_date('20050901','YYYYMMDD'), '01470159186', '', '', false);
insert into DiagramParts values('HM21-01_0196-01470159746', 'HM21-01_0196', 08, 'Owner&apos;s handbook E65, E66, E67', 'AR, MJ 2006', 1, to_date('20050901','YYYYMMDD'), to_date('20060301','YYYYMMDD'), '01470159746', '', '', false);
insert into DiagramParts values('HM21-01_0196-01470012275', 'HM21-01_0196', 08, 'Owner&apos;s handbook E65, E66, E67', 'AR, MJ 2006', 1, to_date('20060301','YYYYMMDD'), to_date('20060901','YYYYMMDD'), '01470012275', '', '', false);
insert into DiagramParts values('HM21-01_0196-01470012823', 'HM21-01_0196', 08, 'Owner&apos;s handbook E65, E66, E67', 'AR, MJ 2007', 1, to_date('20060901','YYYYMMDD'), to_date('20070301','YYYYMMDD'), '01470012823', '', '', false);
insert into DiagramParts values('HM21-01_0196-01470013203', 'HM21-01_0196', 08, 'Owner&apos;s handbook E65, E66, E67', 'AR, MJ 07/08', 1, to_date('20070301','YYYYMMDD'), to_date('20080901','YYYYMMDD'), '01470013203', '', '', false);
insert into DiagramParts values('HM21-01_0196-01480156544', 'HM21-01_0196', 09, 'Owner&apos;s handbook E65, E66', 'DA, MJ 02', 1, to_date('20011101','YYYYMMDD'), to_date('20020301','YYYYMMDD'), '01480156544', '', '', false);
insert into DiagramParts values('HM21-01_0196-01480156658', 'HM21-01_0196', 09, 'Owner&apos;s handbook E65, E66', 'DA, MJ 02', 1, to_date('20020301','YYYYMMDD'), to_date('20020901','YYYYMMDD'), '01480156658', '', '', false);
insert into DiagramParts values('HM21-01_0196-01480156864', 'HM21-01_0196', 09, 'Owner&apos;s handbook E65, E66', 'DA, MJ 03', 1, to_date('20020901','YYYYMMDD'), to_date('20030101','YYYYMMDD'), '01480156864', '', '', false);
insert into DiagramParts values('HM21-01_0196-01480157178', 'HM21-01_0196', 09, 'Owner&apos;s handbook E65, E66', 'DA, MJ 03', 1, to_date('20030101','YYYYMMDD'), to_date('20030301','YYYYMMDD'), '01480157178', '', '', false);
insert into DiagramParts values('HM21-01_0196-01480157412', 'HM21-01_0196', 09, 'Owner&apos;s handbook E65, E66, E67', 'DA, MJ 03', 1, to_date('20030301','YYYYMMDD'), to_date('20031001','YYYYMMDD'), '01480157412', '', '', false);
insert into DiagramParts values('HM21-01_0196-01480157668', 'HM21-01_0196', 09, 'Owner&apos;s handbook E65, E66, E67', 'DA, MJ 04', 1, to_date('20031001','YYYYMMDD'), to_date('20040301','YYYYMMDD'), '01480157668', '', '', false);
insert into DiagramParts values('HM21-01_0196-01480158156', 'HM21-01_0196', 09, 'Owner&apos;s handbook E65, E66, E67', 'DA, MJ 04', 1, to_date('20040301','YYYYMMDD'), to_date('20050301','YYYYMMDD'), '01480158156', '', '', false);
insert into DiagramParts values('HM21-01_0196-01480159187', 'HM21-01_0196', 09, 'Owner&apos;s handbook E65, E66, E67', 'DA, MJ 2005', 1, to_date('20050301','YYYYMMDD'), to_date('20050901','YYYYMMDD'), '01480159187', '', '', false);
insert into DiagramParts values('HM21-01_0196-01480159747', 'HM21-01_0196', 09, 'Owner&apos;s handbook E65, E66, E67', 'DA, MJ 2006', 1, to_date('20050901','YYYYMMDD'), to_date('20060301','YYYYMMDD'), '01480159747', '', '', false);
insert into DiagramParts values('HM21-01_0196-01480012276', 'HM21-01_0196', 09, 'Owner&apos;s handbook E65, E66, E67', 'DA, MJ 2006', 1, to_date('20060301','YYYYMMDD'), to_date('20060901','YYYYMMDD'), '01480012276', '', '', false);
insert into DiagramParts values('HM21-01_0196-01480012824', 'HM21-01_0196', 09, 'Owner&apos;s handbook E65, E66, E67', 'DA, MJ 2007', 1, to_date('20060901','YYYYMMDD'), to_date('20070301','YYYYMMDD'), '01480012824', '', '', false);
insert into DiagramParts values('HM21-01_0196-01480013204', 'HM21-01_0196', 09, 'Owner&apos;s handbook E65, E66, E67', 'DA, MJ 07/08', 1, to_date('20070301','YYYYMMDD'), to_date('20080901','YYYYMMDD'), '01480013204', '', '', false);
insert into DiagramParts values('HM21-01_0196-01490156545', 'HM21-01_0196', 10, 'Owner&apos;s handbook E65, E66', 'PT, MJ 02', 1, to_date('20011101','YYYYMMDD'), to_date('20020301','YYYYMMDD'), '01490156545', '', '', false);
insert into DiagramParts values('HM21-01_0196-01490156659', 'HM21-01_0196', 10, 'Owner&apos;s handbook E65, E66', 'PT, MJ 02', 1, to_date('20020301','YYYYMMDD'), to_date('20020901','YYYYMMDD'), '01490156659', '', '', false);
insert into DiagramParts values('HM21-01_0196-01490156865', 'HM21-01_0196', 10, 'Owner&apos;s handbook E65, E66', 'PT, MJ 03', 1, to_date('20020901','YYYYMMDD'), to_date('20030101','YYYYMMDD'), '01490156865', '', '', false);
insert into DiagramParts values('HM21-01_0196-01490157179', 'HM21-01_0196', 10, 'Owner&apos;s handbook E65, E66', 'PT, MJ 03', 1, to_date('20030101','YYYYMMDD'), to_date('20030301','YYYYMMDD'), '01490157179', '', '', false);
insert into DiagramParts values('HM21-01_0196-01490157413', 'HM21-01_0196', 10, 'Owner&apos;s handbook E65, E66, E67', 'PT, MJ 03', 1, to_date('20030301','YYYYMMDD'), to_date('20031001','YYYYMMDD'), '01490157413', '', '', false);
insert into DiagramParts values('HM21-01_0196-01490157669', 'HM21-01_0196', 10, 'Owner&apos;s handbook E65, E66, E67', 'PT, MJ 04', 1, to_date('20031001','YYYYMMDD'), to_date('20040301','YYYYMMDD'), '01490157669', '', '', false);
insert into DiagramParts values('HM21-01_0196-01490158157', 'HM21-01_0196', 10, 'Owner&apos;s handbook E65, E66, E67', 'PT, MJ 04', 1, to_date('20040301','YYYYMMDD'), to_date('20050301','YYYYMMDD'), '01490158157', '', '', false);
insert into DiagramParts values('HM21-01_0196-01490159188', 'HM21-01_0196', 10, 'Owner&apos;s handbook E65, E66, E67', 'PT, MJ 2005', 1, to_date('20050301','YYYYMMDD'), to_date('20050901','YYYYMMDD'), '01490159188', '', '', false);
insert into DiagramParts values('HM21-01_0196-01490159748', 'HM21-01_0196', 10, 'Owner&apos;s handbook E65, E66, E67', 'PT, MJ 2006', 1, to_date('20050901','YYYYMMDD'), to_date('20060301','YYYYMMDD'), '01490159748', '', '', false);
insert into DiagramParts values('HM21-01_0196-01490012277', 'HM21-01_0196', 10, 'Owner&apos;s handbook E65, E66, E67', 'PT, MJ 2006', 1, to_date('20060301','YYYYMMDD'), to_date('20060901','YYYYMMDD'), '01490012277', '', '', false);
insert into DiagramParts values('HM21-01_0196-01490012825', 'HM21-01_0196', 10, 'Owner&apos;s handbook E65, E66, E67', 'PT, MJ 2007', 1, to_date('20060901','YYYYMMDD'), to_date('20070301','YYYYMMDD'), '01490012825', '', '', false);
insert into DiagramParts values('HM21-01_0196-01490013205', 'HM21-01_0196', 10, 'Owner&apos;s handbook E65, E66, E67', 'PT, MJ 07/08', 1, to_date('20070301','YYYYMMDD'), to_date('20080901','YYYYMMDD'), '01490013205', '', '', false);
insert into DiagramParts values('HM21-01_0196-01490159190', 'HM21-01_0196', 13, 'Owner&apos;s handbook E65, E66, E67', 'EL, MJ 2005', 1, to_date('20050301','YYYYMMDD'), to_date('20050901','YYYYMMDD'), '01490159190', '', '', false);
insert into DiagramParts values('HM21-01_0196-01490159750', 'HM21-01_0196', 13, 'Owner&apos;s handbook E65, E66, E67', 'EL, MJ 2006', 1, to_date('20050901','YYYYMMDD'), to_date('20060301','YYYYMMDD'), '01490159750', '', '', false);
insert into DiagramParts values('HM21-01_0196-01490012279', 'HM21-01_0196', 13, 'Owner&apos;s handbook E65, E66, E67', 'EL, MJ 2006', 1, to_date('20060301','YYYYMMDD'), to_date('20060901','YYYYMMDD'), '01490012279', '', '', false);
insert into DiagramParts values('HM21-01_0196-01490012827', 'HM21-01_0196', 13, 'Owner&apos;s handbook E65, E66, E67', 'EL, MJ 2007', 1, to_date('20060901','YYYYMMDD'), to_date('20070301','YYYYMMDD'), '01490012827', '', '', false);
insert into DiagramParts values('HM21-01_0196-01490013207', 'HM21-01_0196', 13, 'Owner&apos;s handbook E65, E66, E67', 'EL, MJ 07/08', 1, to_date('20070301','YYYYMMDD'), to_date('20080901','YYYYMMDD'), '01490013207', '', '', false);
insert into DiagramParts values('HM21-01_0196-01490157886', 'HM21-01_0196', 14, 'Owner&apos;s handbook E65, E66, E67', 'ZH, MJ 03', 1, to_date('20030501','YYYYMMDD'), to_date('20031001','YYYYMMDD'), '01490157886', '', '', false);
insert into DiagramParts values('HM21-01_0196-01490157801', 'HM21-01_0196', 14, 'Owner&apos;s handbook E65, E66, E67', 'ZH, MJ 2004', 1, to_date('20031001','YYYYMMDD'), to_date('20040301','YYYYMMDD'), '01490157801', '', '', false);
insert into DiagramParts values('HM21-01_0196-01490158158', 'HM21-01_0196', 14, 'Owner&apos;s handbook E65, E66, E67', 'ZH, MJ 04', 1, to_date('20040301','YYYYMMDD'), to_date('20050301','YYYYMMDD'), '01490158158', '$80.12', '', false);
insert into DiagramParts values('HM21-01_0196-01490159189', 'HM21-01_0196', 14, 'Owner&apos;s handbook E65, E66, E67', 'ZH, MJ 2005', 1, to_date('20050301','YYYYMMDD'), to_date('20050901','YYYYMMDD'), '01490159189', '', '', false);
insert into DiagramParts values('HM21-01_0196-01490159749', 'HM21-01_0196', 14, 'Owner&apos;s handbook E65, E66, E67', 'ZH, MJ 2006', 1, to_date('20050901','YYYYMMDD'), to_date('20060301','YYYYMMDD'), '01490159749', '', '', false);
insert into DiagramParts values('HM21-01_0196-01490012278', 'HM21-01_0196', 14, 'Owner&apos;s handbook E65, E66, E67', 'ZH, MJ 2006', 1, to_date('20060301','YYYYMMDD'), to_date('20060901','YYYYMMDD'), '01490012278', '', '', false);
insert into DiagramParts values('HM21-01_0196-01490012826', 'HM21-01_0196', 14, 'Owner&apos;s handbook E65, E66, E67', 'ZH, MJ 2007', 1, to_date('20060901','YYYYMMDD'), to_date('20070301','YYYYMMDD'), '01490012826', '$80.12', '', false);
insert into DiagramParts values('HM21-01_0196-01490012961', 'HM21-01_0196', 14, 'Supplementary operating instructions', 'ZH, MJ 2007', 1, to_date('20060901','YYYYMMDD'), to_date('20070301','YYYYMMDD'), '01490012961', '', '', false);
insert into DiagramParts values('HM21-01_0196-01490013206', 'HM21-01_0196', 14, 'Owner&apos;s handbook E65, E66, E67', 'ZH, MJ 07/08', 1, to_date('20070301','YYYYMMDD'), to_date('20080901','YYYYMMDD'), '01490013206', '', '', false);
insert into DiagramParts values('HM21-01_0196-01490013535', 'HM21-01_0196', 15, 'Owner&apos;s handbook E65, E66, E67', 'KO, MJ 2007', 1, to_date('20070301','YYYYMMDD'), to_date('20070901','YYYYMMDD'), '01490013535', '', '', false);
insert into Diagram values('HM21-01_0196','HM21-20040700','01-05','E65 730d   Owner&apos;s handbook E65, E66, E67','');
insert into Diagram values('HM21-01_0206','HM21-20040700','01-05','E65 730d   BMW care tips','');
insert into Diagram values('HM21-01_0207','HM21-20040700','01-05','E65 730d   BMW technical information','');
insert into Diagram values('HM21-01_0756','HM21-20040700','01-05','E65 730d   Mirror placard','');
insert into Diagram values('HM21-01_0780','HM21-20040700','01-05','E65 730d   Brochure Service Contact, BMW','');
insert into Diagram values('HM21-01_0675','HM21-20040700','01-14','E65 730d   Car telephone in rear compartment, SA6NA','');
insert into Diagram values('HM21-01_1128','HM21-20040700','01-19','E65 730d   EC Certificate of Conformity','');
insert into Diagram values('HM21-01_0169','HM21-20040700','01-21','E65 730d   Logbook slipcase BMW','');
insert into Diagram values('HM21-01_1140','HM21-20040700','01-21','E65 730d   Logbook slipcase BMW','');
insert into DiagramParts values('HM21-01_0029-01410157788', 'HM21-01_0029', 01, 'Supplem. to owner&apos;s manual, Australia', 'E65, E66', 1, to_date('20031001','YYYYMMDD'), to_date('20080901','YYYYMMDD'), '01410157788', '', '', false);
insert into Diagram values('HM21-01_0029','HM21-20040700','01-24','E65 730d   Supplem. to owner&apos;s manual, Australia','');
insert into DiagramParts values('HM21-01_0589-01400158199', 'HM21-01_0589', 01, 'Service booklet, German', 'E65, E66, E67', 1, to_date('20010701','YYYYMMDD'), to_date('20040901','YYYYMMDD'), '01400158199', '', '', false);
insert into DiagramParts values('HM21-01_0589-01400012697', 'HM21-01_0589', 01, 'Service booklet, German', 'E65, E66, E67', 1, to_date('20060901','YYYYMMDD'), to_date('20080901','YYYYMMDD'), '01400012697', '', '', false);
insert into DiagramParts values('HM21-01_0589-01410158200', 'HM21-01_0589', 02, 'Service booklet, English', 'E65, E66, E67', 1, to_date('20010701','YYYYMMDD'), to_date('20040901','YYYYMMDD'), '01410158200', '', '', false);
insert into DiagramParts values('HM21-01_0589-01410012698', 'HM21-01_0589', 02, 'Service booklet, English', 'E65, E66, E67', 1, to_date('20060901','YYYYMMDD'), to_date('20080901','YYYYMMDD'), '01410012698', '', '', false);
insert into DiagramParts values('HM21-01_0589-01420158201', 'HM21-01_0589', 03, 'Service booklet, French', 'E65, E66, E67', 1, to_date('20010701','YYYYMMDD'), to_date('20040901','YYYYMMDD'), '01420158201', '', '', false);
insert into DiagramParts values('HM21-01_0589-01420012699', 'HM21-01_0589', 03, 'Service booklet, French', 'E65, E66, E67', 1, to_date('20060901','YYYYMMDD'), to_date('20080901','YYYYMMDD'), '01420012699', '', '', false);
insert into DiagramParts values('HM21-01_0589-01430158202', 'HM21-01_0589', 04, 'Service booklet, Spanish', 'E65, E66, E67', 1, to_date('20010701','YYYYMMDD'), to_date('20040901','YYYYMMDD'), '01430158202', '', '', false);
insert into DiagramParts values('HM21-01_0589-01430012700', 'HM21-01_0589', 04, 'Service booklet, Spanish', 'E65, E66, E67', 1, to_date('20060901','YYYYMMDD'), to_date('20080901','YYYYMMDD'), '01430012700', '', '', false);
insert into DiagramParts values('HM21-01_0589-01440158203', 'HM21-01_0589', 05, 'Service booklet, Italian', 'E65, E66, E67', 1, to_date('20010701','YYYYMMDD'), to_date('20040901','YYYYMMDD'), '01440158203', '', '', false);
insert into DiagramParts values('HM21-01_0589-01440012701', 'HM21-01_0589', 05, 'Service booklet, Italian', 'E65, E66, E67', 1, to_date('20060901','YYYYMMDD'), to_date('20080901','YYYYMMDD'), '01440012701', '', '', false);
insert into DiagramParts values('HM21-01_0589-01450158204', 'HM21-01_0589', 06, 'Service booklet, Swedish', 'E65, E66, E67', 1, to_date('20010701','YYYYMMDD'), to_date('20040901','YYYYMMDD'), '01450158204', '', '', false);
insert into DiagramParts values('HM21-01_0589-01450012702', 'HM21-01_0589', 06, 'Service booklet, Swedish', 'E65, E66, E67', 1, to_date('20060901','YYYYMMDD'), to_date('20080901','YYYYMMDD'), '01450012702', '', '', false);
insert into DiagramParts values('HM21-01_0589-01460158205', 'HM21-01_0589', 07, 'Service booklet, Dutch', 'E65, E66, E67', 1, to_date('20010701','YYYYMMDD'), to_date('20040901','YYYYMMDD'), '01460158205', '', '', false);
insert into DiagramParts values('HM21-01_0589-01460012703', 'HM21-01_0589', 07, 'Service booklet, Dutch', 'E65, E66, E67', 1, to_date('20060901','YYYYMMDD'), to_date('20080901','YYYYMMDD'), '01460012703', '', '', false);
insert into DiagramParts values('HM21-01_0589-01470158206', 'HM21-01_0589', 08, 'Service booklet, Arabic', 'E65, E66, E67', 1, to_date('20010701','YYYYMMDD'), to_date('20040901','YYYYMMDD'), '01470158206', '', '', false);
insert into DiagramParts values('HM21-01_0589-01470012704', 'HM21-01_0589', 08, 'Service booklet, Arabic', 'E65, E66, E67', 1, to_date('20060901','YYYYMMDD'), to_date('20080901','YYYYMMDD'), '01470012704', '', '', false);
insert into DiagramParts values('HM21-01_0589-01480158207', 'HM21-01_0589', 09, 'Service booklet, Danish', 'E65, E66, E67', 1, to_date('20010701','YYYYMMDD'), to_date('20040901','YYYYMMDD'), '01480158207', '', '', false);
insert into DiagramParts values('HM21-01_0589-01480012705', 'HM21-01_0589', 09, 'Service booklet, Danish', 'E65, E66, E67', 1, to_date('20060901','YYYYMMDD'), to_date('20080901','YYYYMMDD'), '01480012705', '', '', false);
insert into DiagramParts values('HM21-01_0589-01490158208', 'HM21-01_0589', 10, 'Service booklet, Portuguese', 'E65, E66, E67', 1, to_date('20010701','YYYYMMDD'), to_date('20040901','YYYYMMDD'), '01490158208', '', '', false);
insert into DiagramParts values('HM21-01_0589-01490012706', 'HM21-01_0589', 10, 'Service booklet, Portuguese', 'E65, E66, E67', 1, to_date('20060901','YYYYMMDD'), to_date('20080901','YYYYMMDD'), '01490012706', '', '', false);
insert into DiagramParts values('HM21-01_0589-01490012708', 'HM21-01_0589', 11, 'Service booklet, greek', 'E65, E66, E67', 1, to_date('20060901','YYYYMMDD'), to_date('20080901','YYYYMMDD'), '01490012708', '', '', false);
insert into DiagramParts values('HM21-01_0589-01490158209', 'HM21-01_0589', 12, 'Service booklet, Chinese', 'E65, E66, E67', 1, to_date('20010701','YYYYMMDD'), to_date('20040901','YYYYMMDD'), '01490158209', '', '', false);
insert into DiagramParts values('HM21-01_0589-01490012707', 'HM21-01_0589', 12, 'Service booklet, Chinese', 'E65, E66, E67', 1, to_date('20060901','YYYYMMDD'), to_date('20080901','YYYYMMDD'), '01490012707', '', '', false);
insert into DiagramParts values('HM21-01_0589-01490013652', 'HM21-01_0589', 13, 'Service manual in Korean', 'E65,E66,E67', 1, to_date('20070301','YYYYMMDD'), to_date('20080901','YYYYMMDD'), '01490013652', '', '', false);
insert into Diagram values('HM21-01_0589','HM21-20040700','01-26','E65 730d   BMW Service booklet 2004 - 2008','');
insert into DiagramParts values('HM21-01_0743-01492600509', 'HM21-01_0743', 15, 'service manual, Russian', 'E65, E66, E67', 1, to_date('20080301','YYYYMMDD'), to_date('20080901','YYYYMMDD'), '01492600509', '', '', false);
insert into Diagram values('HM21-01_0743','HM21-20040700','01-26','E65 730d   BMW Service Manual 2008 - 2011','');
insert into Diagram values('HM21-01_0670','HM21-20040700','01-35','E65 730d   battery charge calendar','');
insert into Diagram values('HM21-01_0681','HM21-20040700','01-40','E65 730d   BMW Service plug unit','');
insert into Diagram values('HM21-01_0680','HM21-20040700','01-46','E65 730d   Service information, BMW','');
insert into Diagram values('HM21-01_0233','HM21-20040700','01-52','E65 730d   Mounting information, Owner&apos;s Manual BMW','');
insert into Diagram values('HM21-01_0635','HM21-20040700','01-60','E65 730d   BMW form','');
insert into Diagram values('HM21-01_0636','HM21-20040700','01-62','E65 730d   Trailer, BMW','');
insert into Diagram values('HM21-01_0637','HM21-20040700','01-64','E65 730d   Sticker, BMW','');
insert into Diagram values('HM21-01_0639','HM21-20040700','01-65','E65 730d   Labels BMW','');
insert into Diagram values('HM21-01_0612','HM21-20040700','01-70','E65 730d   CD/DVD SIP German BMW','');
insert into DiagramParts values('HM21-01_0671-01399789699', 'HM21-01_0671', 01, 'CD literature', 'LITERATUR', 1, to_date('19820901','YYYYMMDD'), to_date('19901201','YYYYMMDD'), '01399789699', '$8.11', '', false);
insert into Diagram values('HM21-01_0671','HM21-20040700','01-70','E65 730d   BMW CD/DVD miscellaneous','');
insert into Diagram values('HM21-01_1172','HM21-20040700','01-70','E65 730d   DVD Web Based Training','');
insert into Diagram values('HM21-01_1039','HM21-20040700','01-94','E65 730d   Sample chart, upholstery colors, leather','');
insert into Diagram values('HM21-01_1040','HM21-20040700','01-94','E65 730d   Sample chart, upholstery colors, leather','');
insert into Diagram values('HM21-01_1041','HM21-20040700','01-94','E65 730d   Sample page, upholstery colors, fabric','');
insert into Diagram values('HM21-01_1042','HM21-20040700','01-94','E65 730d   Sample chart with interior moldings','');
insert into Diagram values('HM21-01_1043','HM21-20040700','01-94','E65 730d   Sample chart with interior moldings','');
insert into Diagram values('HM21-01_1044','HM21-20040700','01-94','E65 730d   Sample chart with interior colors','');
insert into Diagram values('HM21-11_2309','HM21-20040700','11-05','E65 730d   Short Engine','');
insert into Diagram values('HM21-11_2310','HM21-20040700','11-10','E65 730d   Engine block','');
insert into Diagram values('HM21-11_2312','HM21-20040700','11-10','E65 730d   LOWER TIMING CASE','');
insert into Diagram values('HM21-11_3420','HM21-20040700','11-10','E65 730d   Engine Block Mounting Parts','');
insert into Diagram values('HM21-11_3459','HM21-20040700','11-10','','');
insert into Diagram values('HM21-11_2314','HM21-20040700','11-15','E65 730d   Cylinder Head','');
insert into Diagram values('HM21-11_2315','HM21-20040700','11-15','E65 730d   Cylinder Head Attached Parts','');
insert into Diagram values('HM21-11_3934','HM21-20040700','11-15','E65 730d   Cylinder head cover','');
insert into Diagram values('HM21-11_2317','HM21-20040700','11-18','E65 730d   Belt Drive-Vibration Damper','');
insert into Diagram values('HM21-11_3461','HM21-20040700','11-18','E65 730d   Belt Drive Water Pump/Alternator','');
insert into Diagram values('HM21-11_3796','HM21-20040700','11-18','E65 730d   Belt Drive Climate Compressor','');
insert into Diagram values('HM21-11_2321','HM21-20040700','11-20','E65 730d   Crankshaft-Pistons','');
insert into Diagram values('HM21-11_2717','HM21-20040700','11-20','E65 730d   Flywheel automatic','');
insert into Diagram values('HM21-11_3460','HM21-20040700','11-20','E65 730d   Crankshaft With Bearing Shells','');
insert into Diagram values('HM21-11_3833','HM21-20040700','11-20','E65 730d   Crankshaft Connecting Rod','');
insert into Diagram values('HM21-11_3462','HM21-20040700','11-25','E65 730d   Timing - Timing Chain Lower P','');
insert into Diagram values('HM21-11_3653','HM21-20040700','11-25','E65 730d   timing gear timing chain top','');
insert into Diagram values('HM21-11_3654','HM21-20040700','11-25','E65 730d   TIMING AND VALVE TRAIN-CAMSHAFT','');
insert into Diagram values('HM21-11_2328','HM21-20040700','11-30','E65 730d   Lubricat.syst.-oil filter,heat exchanger','');
insert into Diagram values('HM21-11_3863','HM21-20040700','11-30','E65 730d   Lubrication system/Oil pump with drive','');
insert into Diagram values('HM21-11_3465','HM21-20040700','11-35','E65 730d   Waterpump - Thermostat','');
insert into Diagram values('HM21-11_3466','HM21-20040700','11-35','E65 730d   Cooling System Water Hoses','');
insert into Diagram values('HM21-11_3468','HM21-20040700','11-40','E65 730d   INTAKE MANIFOLD-SUPERCHARG.AIR DUCT/AGR','');
insert into Diagram values('HM21-11_3652','HM21-20040700','11-40','E65 730d   Intake manifold- Vacuum-controlled','');
insert into Diagram values('HM21-11_3869','HM21-20040700','11-40','E65 730d   AGR - Vacuum-controlled','');
insert into Diagram values('HM21-11_3877','HM21-20040700','11-40','E65 730d   Intake manifold - vacuum control','');
insert into Diagram values('HM21-11_2336','HM21-20040700','11-45','E65 730d   Vacuum control-AGR','');
insert into Diagram values('HM21-11_3472','HM21-20040700','11-45','E65 730d   VACUUM PUMP WITH TUBES','');
insert into Diagram values('HM21-11_3597','HM21-20040700','11-50','E65 730d   pollutant reduction cooling','');
insert into Diagram values('HM21-11_3835','HM21-20040700','11-50','E65 730d   EXHAUST MANIFOLD-AGR','');
insert into Diagram values('HM21-11_3836','HM21-20040700','11-50','E65 730d   TURBO CHARGER WITH LUBRICATION','');
insert into Diagram values('HM21-11_3873','HM21-20040700','11-50','E65 730d   TURBO CHARGER WITH LUBRICATION','');
insert into Diagram values('HM21-11_3474','HM21-20040700','11-55','E65 730d   Engine acoustics','');
insert into Diagram values('HM21-12_1079','HM21-20040700','12-05','E65 730d   Sensors','');
insert into Diagram values('HM21-12_1139','HM21-20040700','12-05','E65 730d   Sensors','');
insert into Diagram values('HM21-12_1197','HM21-20040700','12-15','E65 730d   Glow plug unit','');
insert into Diagram values('HM21-12_1198','HM21-20040700','12-20','E65 730d   Generator','');
insert into DiagramParts values('HM21-12_1199-12317836490', 'HM21-12_1199', 02, 'Voltage regulator', 'VALEO', 1, to_date('20060601','YYYYMMDD'), to_date('20070101','YYYYMMDD'), '12317836490', '', 'ENDED', false);
insert into DiagramParts values('HM21-12_1199-12318510092', 'HM21-12_1199', 02, 'Voltage regulator', 'VALEO', 1, to_date('20060601','YYYYMMDD'), to_date('20070101','YYYYMMDD'), '12318510092', '', '', false);
insert into Diagram values('HM21-12_1199','HM21-20040700','12-22','E65 730d   Alternator, individual parts','');
insert into Diagram values('HM21-12_1200','HM21-20040700','12-25','E65 730d   Starter','');
insert into Diagram values('HM21-12_1070','HM21-20040700','12-28','E65 730d   Engine wiring harness, engine module','');
insert into Diagram values('HM21-12_1201','HM21-20040700','12-28','E65 730d   Wiring harness, engine, injector module','');
insert into Diagram values('HM21-12_1169','HM21-20040700','12-29','E65 730d   DIVERSE SMALL PARTS','');
insert into Diagram values('HM21-12_1214','HM21-20040700','12-29','E65 730d   BATTERY CABLE/CABLE STARTER','');
insert into Diagram values('HM21-12_1238','HM21-20040700','12-31','E65 730d   CABLE HOLDER/COVERING','');
insert into Diagram values('HM21-12_1249','HM21-20040700','12-32','E65 730d   End cap','');
insert into Diagram values('HM21-12_1157','HM21-20040700','12-35','E65 730d   Control unit box','');
insert into Diagram values('HM21-12_1168','HM21-20040700','12-35','E65 730d   Control unit box','');
insert into Diagram values('HM21-12_1205','HM21-20040700','12-35','E65 730d   RELAY MOTOR','');
insert into Diagram values('HM21-13_0982','HM21-20040700','13-10','E65 730d   Fuel filter','');
insert into Diagram values('HM21-13_1149','HM21-20040700','13-10','E65 730d   Fuel lines','');
insert into Diagram values('HM21-13_0958','HM21-20040700','13-15','E65 730d   High-pressure pump','');
insert into Diagram values('HM21-13_0966','HM21-20040700','13-15','E65 730d   Basic DDE control unit','');
insert into Diagram values('HM21-13_1150','HM21-20040700','13-15','E65 730d   High pressure accumulator/injector/line','');
insert into Diagram values('HM21-13_0986','HM21-20040700','13-20','E65 730d   SUCTION SILENCER/FILTER CARTRIDGE','');
insert into Diagram values('HM21-13_1151','HM21-20040700','13-20','E65 730d   Hot-film air mass meter/clean air pipe','');
insert into Diagram values('HM21-16_0517','HM21-20040700','16-05','E65 730d   FUEL TANK/ATTACHING PARTS','');
insert into Diagram values('HM21-16_0514','HM21-20040700','16-10','E65 730d   EXP.TANK/ACTIVATED CARBON CONTAINER','');
insert into Diagram values('HM21-16_0690','HM21-20040700','16-10','E65 730d   EXP.TANK/ACTIVATED CARBON CONTAINER','');
insert into Diagram values('HM21-16_0516','HM21-20040700','16-15','E65 730d   Fuel pump and fuel level sensor','');
insert into Diagram values('HM21-16_0536','HM21-20040700','16-15','E65 730d   Fuel lines','');
insert into Diagram values('HM21-17_0240','HM21-20040700','17-05','E65 730d   MOUNTING PARTS F RADIATOR','');
insert into Diagram values('HM21-17_0241','HM21-20040700','17-05','E65 730d   Cooling water expansion tank','');
insert into Diagram values('HM21-17_0242','HM21-20040700','17-05','E65 730d   Fan shroud/fan','');
insert into Diagram values('HM21-17_0243','HM21-20040700','17-05','E65 730d   Charge air cooler/power steering cooler','');
insert into Diagram values('HM21-17_0244','HM21-20040700','17-05','E65 730d   Heat exch./transmission oil cooler line','');
insert into Diagram values('HM21-17_0278','HM21-20040700','17-05','E65 730d   Charge-air cooler','');
insert into Diagram values('HM21-17_0245','HM21-20040700','17-30','E65 730d   Cooling System Water Hoses','');
insert into Diagram values('HM21-18_0505','HM21-20040700','18-10','E65 730d   Catalytic converter/Front silencer','');
insert into Diagram values('HM21-18_0593','HM21-20040700','18-10','E65 730d   DIESEL CATALYST','');
insert into Diagram values('HM21-18_0594','HM21-20040700','18-10','E65 730d   Diesel particle filter','');
insert into Diagram values('HM21-18_0786','HM21-20040700','18-10','E65 730d   Diesel part.filter sens./mounting parts','');
insert into Diagram values('HM21-18_0506','HM21-20040700','18-20','E65 730d   Exhaust system, rear','');
insert into Diagram values('HM21-22_0085','HM21-20040700','22-05','E65 730d   Engine Suspension','');
insert into Diagram values('HM21-22_0074','HM21-20040700','22-10','E65 730d   TRANSMISSION SUSPENSION','');
insert into Diagram values('HM21-24_1016','HM21-20040700','24-05','E65 730d   Automatic gearbox GA6HP26Z','');
insert into Diagram values('HM21-24_0827','HM21-20040700','24-10','E65 730d   GEARBOX MOUNTING','');
insert into Diagram values('HM21-24_1004','HM21-20040700','24-13','E65 730d   Emergency release','');
insert into Diagram values('HM21-24_1017','HM21-20040700','24-13','E65 730d   Emergency release','');
insert into Diagram values('HM21-24_1009','HM21-20040700','24-15','E65 730d   GA6HP26Z housing with mounting parts','');
insert into Diagram values('HM21-24_1010','HM21-20040700','24-15','E65 730d   GA6HP26Z oil pan','');
insert into Diagram values('HM21-24_1011','HM21-20040700','24-15','E65 730d   GA6HP26Z gearshift parts','');
insert into DiagramParts values('HM21-24_1012-24207571212', 'HM21-24_1012', 05, 'Shaft seal', '28X35,5X5,2', 1, to_date('20020901','YYYYMMDD'), to_date('20110901','YYYYMMDD'), '24207571212', '', 'ENDED', false);
insert into Diagram values('HM21-24_1012','HM21-20040700','24-15','E65 730d   GA6HP26Z output','');
insert into Diagram values('HM21-24_1013','HM21-20040700','24-15','E65 730d   GA6HP26Z Mechatronics','');
insert into Diagram values('HM21-24_1014','HM21-20040700','24-15','E65 730d   GA6HP26Z Mechatronik mounting parts','');
insert into Diagram values('HM21-24_1372','HM21-20040700','24-15','E65 730d   Fluid-change kit, autom. transmission','');
insert into Diagram values('HM21-26_0184','HM21-20040700','26-05','E65 730d   Drive shaft (constant-velocity joint)','');
insert into Diagram values('HM21-26_0189','HM21-20040700','26-10','E65 730d   DRIVE SHAFT-CEN.BEARING-CONST.VEL.JOINT','');
insert into Diagram values('HM21-31_0624','HM21-20040700','31-05','E65 730d   Frnt axle support,wishbone/tension strut','');
insert into Diagram values('HM21-31_0626','HM21-20040700','31-05','E65 730d   HEADLIGHT VERTICAL AIM CONTROL SENSOR','');
insert into Diagram values('HM21-31_0395','HM21-20040700','31-10','E65 730d   FRONT COIL SPRING','');
insert into Diagram values('HM21-31_0627','HM21-20040700','31-10','E65 730d   Front Spring strut/Carrier/Wheel bearing','');
insert into Diagram values('HM21-31_0628','HM21-20040700','31-10','E65 730d   GUIDE SUPPORT/SPRING PAD/ATTACHING PARTS','');
insert into Diagram values('HM21-31_0631','HM21-20040700','31-10','E65 730d   Stabilizer, front','');
insert into Diagram values('HM21-31_0720','HM21-20040700','31-10','E65 730d   Front stabilizer bar/Dynamic Drive','');
insert into Diagram values('HM21-31_0721','HM21-20040700','31-10','E65 730d   Valve block + add-on parts/Dynamic Drive','');
insert into Diagram values('HM21-32_1322','HM21-20040700','32-10','E65 730d   Hydro steering box','');
insert into Diagram values('HM21-32_1374','HM21-20040700','32-15','E65 730d   Power steering pump','');
insert into Diagram values('HM21-32_1375','HM21-20040700','32-15','E65 730d   Power steering pump/Dynamic Drive','');
insert into Diagram values('HM21-32_1333','HM21-20040700','32-20','E65 730d   Oil reservoir/components/Dynamic Drive','');
insert into Diagram values('HM21-32_1378','HM21-20040700','32-20','E65 730d   Power steering/oil pipe/dynamic drive','');
insert into Diagram values('HM21-32_1379','HM21-20040700','32-20','E65 730d   HYDRO STEERING-OIL PIPES','');
insert into Diagram values('HM21-32_1407','HM21-20040700','32-20','E65 730d   HYDRO STEERING-OIL PIPES','');
insert into Diagram values('HM21-32_1408','HM21-20040700','32-20','E65 730d   Power steering/oil pipe/dynamic drive','');
insert into Diagram values('HM21-32_1410','HM21-20040700','32-20','E65 730d   Repair kit, oil pipe quick coupling','');
insert into Diagram values('HM21-32_1323','HM21-20040700','32-25','E65 730d   STEERING LINKAGE/TIE RODS','');
insert into Diagram values('HM21-32_1328','HM21-20040700','32-30','E65 730d   Electron.steer. column adj./add-on parts','');
insert into Diagram values('HM21-32_1417','HM21-20040700','32-35','E65 730d   Sport st.whl.airbag-smart /Multifunction','');
insert into Diagram values('HM21-32_1578','HM21-20040700','32-35','E65 730d   Steering wheel Airbag-Smart multifunct.','');
insert into Diagram values('HM21-32_1372','HM21-20040700','32-95','E65 730d   St.wheel rim, leather/wood','');
insert into Diagram values('HM21-32_1451','HM21-20040700','32-95','E65 730d   Modificat.4-spoke MFL strng whl=> Sport','');
insert into Diagram values('HM21-32_1628','HM21-20040700','32-95','E65 730d   St.wheel rim, leather/wood','');
insert into Diagram values('HM21-33_1135','HM21-20040700','33-05','E65 730d   DIFFERENTIAL-DRIVE/OUTPUT','');
insert into Diagram values('HM21-33_1102','HM21-20040700','33-10','E65 730d   Final drive, gasket set','');
insert into Diagram values('HM21-33_1103','HM21-20040700','33-25','E65 730d   Output shaft','');
insert into Diagram values('HM21-33_1111','HM21-20040700','33-30','E65 730d   REAR AXLE SUPPORT/WHEEL SUSPENSION','');
insert into Diagram values('HM21-33_1113','HM21-20040700','33-30','E65 730d   HEADLIGHT VERTICAL AIM CONTROL SENSOR','');
insert into Diagram values('HM21-33_1173','HM21-20040700','33-30','E65 730d   REAR AXLE CARRIER','');
insert into Diagram values('HM21-33_1114','HM21-20040700','33-40','E65 730d   SIDE SHAFT/WHEEL BEARINGS','');
insert into Diagram values('HM21-33_0857','HM21-20040700','33-45','E65 730d   REAR COIL SPRING','');
insert into Diagram values('HM21-33_1115','HM21-20040700','33-45','E65 730d   REAR SPRING STRUT MOUNTING PARTS','');
insert into Diagram values('HM21-33_1117','HM21-20040700','33-45','E65 730d   Stabilizer, rear','');
insert into Diagram values('HM21-33_1269','HM21-20040700','33-45','E65 730d   REAR SPRING STRUT EDC/CTRL UNIT/SENSOR','');
insert into Diagram values('HM21-33_1270','HM21-20040700','33-45','E65 730d   Rear stabilizer bar/Dynamic Drive','');
insert into Diagram values('HM21-33_1271','HM21-20040700','33-45','E65 730d   Add-on parts/Dynamic Drive','');
insert into Diagram values('HM21-33_1127','HM21-20040700','33-50','E65 730d   Levelling device/air spring strut/sensor','');
insert into Diagram values('HM21-34_1391','HM21-20040700','34-05','E65 730d   Front brake pad wear sensor','');
insert into Diagram values('HM21-34_1227','HM21-20040700','34-07','E65 730d   Front brake-brake disc','');
insert into Diagram values('HM21-34_1228','HM21-20040700','34-10','E65 730d   Rear brake pad wear sensor','');
insert into DiagramParts values('HM21-34_1229-34216765889', 'HM21-34_1229', 01, 'Brake disc, ventilated', '345X24', 2, to_date('20050301','YYYYMMDD'), to_date('20130701','YYYYMMDD'), '34216765889', '$139.27', '', false);
insert into Diagram values('HM21-34_1229','HM21-20040700','34-12','E65 730d   Rear wheel brake-Brake disc','');
insert into DiagramParts values('HM21-34_1230-34326772617', 'HM21-34_1230', 09, 'Pipe', 'M12/M12', 1, to_date('20030701','YYYYMMDD'), to_date('20061201','YYYYMMDD'), '34326772617', '$25.02', '', false);
insert into Diagram values('HM21-34_1230','HM21-20040700','34-15','E65 730d   Brake pipe, front','');
insert into Diagram values('HM21-34_1231','HM21-20040700','34-15','E65 730d   Brake pipe, front','');
insert into Diagram values('HM21-34_1232','HM21-20040700','34-17','E65 730d   Brake pipe rear','');
insert into Diagram values('HM21-34_1233','HM21-20040700','34-20','E65 730d   Hydro unit DSC/control unit/fastening','');
insert into Diagram values('HM21-34_1234','HM21-20040700','34-20','E65 730d   DSC compressor/senors/mounting parts','');
insert into Diagram values('HM21-34_1236','HM21-20040700','34-25','E65 730d   BRAKE MASTER CYLINDER/EXPANSION TANK','');
insert into Diagram values('HM21-34_1237','HM21-20040700','34-27','E65 730d   Power brake unit depression','');
insert into Diagram values('HM21-34_1239','HM21-20040700','34-27','E65 730d   Power brake unit depression','');
insert into Diagram values('HM21-34_1240','HM21-20040700','34-30','E65 730d   Parking brake/actuator','');
insert into Diagram values('HM21-34_1241','HM21-20040700','34-40','E65 730d   PARKING BRAKE/BRAKE SHOES','');
insert into Diagram values('HM21-35_0277','HM21-20040700','35-05','E65 730d   Pedal assembly','');
insert into Diagram values('HM21-35_0274','HM21-20040700','35-20','E65 730d   Acceleration/accelerator pedal module','');
insert into Diagram values('HM21-35_0315','HM21-20040700','35-95','E65 730d   Set of high-grade steel pedal covers','');
insert into Diagram values('HM21-35_0377','HM21-20040700','35-95','E65 730d   Aluminum pedal covers','');
insert into Diagram values('HM21-36_0515','HM21-20040700','36-15','E65 730d   BMW LA wheel, double spoke 93','');
insert into Diagram values('HM21-36_0516','HM21-20040700','36-15','E65 730d   BMW LA wheel Styling 94','');
insert into Diagram values('HM21-36_0517','HM21-20040700','36-15','E65 730d   BMW LA wheel, star spoke 95','');
insert into Diagram values('HM21-36_0518','HM21-20040700','36-15','E65 730d   BMW light alloy wheel, spider spoke 92','');
insert into Diagram values('HM21-36_0524','HM21-20040700','36-15','E65 730d   BMW LA wheel, star spoke 89','');
insert into Diagram values('HM21-36_0525','HM21-20040700','36-15','E65 730d   BMW light alloy wheel, radial spoke 32','');
insert into Diagram values('HM21-36_0526','HM21-20040700','36-15','E65 730d   BMW compound wheel M cross spoke 101','');
insert into Diagram values('HM21-36_0649','HM21-20040700','36-15','E65 730d   BMW alloy wheel, ellipsoid styling 91','');
insert into Diagram values('HM21-36_0702','HM21-20040700','36-15','E65 730d   BMW light alloy wheel, V-spoke 126','');
insert into Diagram values('HM21-36_0736','HM21-20040700','36-15','E65 730d   BMW LA wheel Y-spoke 149','');
insert into Diagram values('HM21-36_0762','HM21-20040700','36-15','E65 730d   BMW LA Individual wheel V-spoke 152','');
insert into Diagram values('HM21-36_0771','HM21-20040700','36-15','E65 730d   BMW light alloy wheel, spider spoke 128','');
insert into Diagram values('HM21-36_0891','HM21-20040700','36-15','E65 730d   BMW light alloy wheel, spider spoke 165','');
insert into Diagram values('HM21-36_0892','HM21-20040700','36-15','E65 730d   BMW LA wheel/double spoke 174','');
insert into Diagram values('HM21-36_0893','HM21-20040700','36-15','E65 730d   BMW light alloy wheel, spider spoke 175','');
insert into Diagram values('HM21-36_0894','HM21-20040700','36-15','E65 730d   BMW light-alloy wheel, spoke styl. 176','');
insert into Diagram values('HM21-36_1002','HM21-20040700','36-15','E65 730d   BMW LA wheel, star spoke 231','');
insert into Diagram values('HM21-36_0498','HM21-20040700','36-20','E65 730d   Balance weight, lead','');
insert into Diagram values('HM21-36_0884','HM21-20040700','36-20','E65 730d   Balance weight, zinc','');
insert into Diagram values('HM21-36_0630','HM21-20040700','36-25','E65 730d   WHEEL BOLT LOCK WITH ADAPTOR','');
insert into Diagram values('HM21-36_0732','HM21-20040700','36-25','E65 730d   WHEEL BOLT LOCK WITH ADAPTOR','');
insert into Diagram values('HM21-36_1032','HM21-20040700','36-25','E65 730d   SET WHEEL LOCKS','');
insert into Diagram values('HM21-36_1266','HM21-20040700','36-30','E65 730d   Winter tires','');
insert into Diagram values('HM21-36_1267','HM21-20040700','36-30','E65 730d   Summer tires','');
insert into Diagram values('HM21-41_1400','HM21-20040700','41-05','E65 730d   Body skeleton','');
insert into Diagram values('HM21-41_1401','HM21-20040700','41-10','E65 730d   FRONT BODY PARTS','');
insert into Diagram values('HM21-41_1404','HM21-20040700','41-10','E65 730d   SPLASH WALL PARTS','');
insert into Diagram values('HM21-41_1406','HM21-20040700','41-10','E65 730d   FRONT BODY BRACKET LEFT','');
insert into Diagram values('HM21-41_1407','HM21-20040700','41-10','E65 730d   FRONT BODY BRACKET RIGHT','');
insert into Diagram values('HM21-41_1408','HM21-20040700','41-10','E65 730d   Front side panel','');
insert into Diagram values('HM21-41_1409','HM21-20040700','41-20','E65 730d   BODY-SIDE FRAME','');
insert into Diagram values('HM21-41_1410','HM21-20040700','41-20','E65 730d   SINGLE COMPONENTS FOR BODY-SIDE FRAME','');
insert into Diagram values('HM21-41_1411','HM21-20040700','41-20','E65 730d   Cavity shielding, side frame','');
insert into Diagram values('HM21-41_1416','HM21-20040700','41-20','E65 730d   Partition trunk','');
insert into Diagram values('HM21-41_1420','HM21-20040700','41-25','E65 730d   SIDE PANEL/TAIL TRIM','');
insert into Diagram values('HM21-41_1434','HM21-20040700','41-25','E65 730d   FLOOR PANEL TRUNK/WHEEL HOUSING REAR','');
insert into Diagram values('HM21-41_1419','HM21-20040700','41-30','E65 730d   Roof','');
insert into Diagram values('HM21-41_1421','HM21-20040700','41-35','E65 730d   ENGINE HOOD/MOUNTING PARTS','');
insert into Diagram values('HM21-41_1417','HM21-20040700','41-40','E65 730d   Radio remote control','');
insert into Diagram values('HM21-41_1423','HM21-20040700','41-40','E65 730d   FRONT DOOR-HINGE/DOOR BRAKE','');
insert into Diagram values('HM21-41_1431','HM21-20040700','41-40','E65 730d   Door weatherstrip front','');
insert into Diagram values('HM21-41_1435','HM21-20040700','41-40','E65 730d   FRONT DOOR CONTROL/DOOR LOCK','');
insert into Diagram values('HM21-41_1424','HM21-20040700','41-45','E65 730d   Door rear, hinge/door brake','');
insert into Diagram values('HM21-41_1432','HM21-20040700','41-45','E65 730d   Door weatherstrip rear','');
insert into Diagram values('HM21-41_1436','HM21-20040700','41-45','E65 730d   REAR DOOR CONTROL/DOOR LOCK','');
insert into Diagram values('HM21-41_1422','HM21-20040700','41-50','E65 730d   Master key locking','');
insert into Diagram values('HM21-41_1425','HM21-20040700','41-60','E65 730d   SINGLE COMPONENTS FOR TRUNK LID','');
insert into Diagram values('HM21-41_1437','HM21-20040700','41-60','E65 730d   TRUNK LID HYDRAULIC PARTS','');
insert into Diagram values('HM21-41_1465','HM21-20040700','41-60','E65 730d   TRUNK LID/CLOSING SYSTEM','');
insert into Diagram values('HM21-41_0983','HM21-20040700','41-65','E65 730d   MECHANICAL CONNECTION ELEMENTS','');
insert into Diagram values('HM21-51_4405','HM21-20040700','51-05','E65 730d   Glazing','');
insert into Diagram values('HM21-51_4458','HM21-20040700','51-05','E65 730d   GLAZING SINGLE PARTS','');
insert into Diagram values('HM21-51_4459','HM21-20040700','51-10','E65 730d   EL.FRONT DOOR WINDOW LIFTING MECHANISM','');
insert into Diagram values('HM21-51_4461','HM21-20040700','51-10','E65 730d   Outside mirror, basic','');
insert into Diagram values('HM21-51_4462','HM21-20040700','51-10','E65 730d   Outs. mirror,electrochr.+ fold-in SA 430','');
insert into Diagram values('HM21-51_4464','HM21-20040700','51-10','E65 730d   Mirror glas, basic','');
insert into Diagram values('HM21-51_4465','HM21-20040700','51-10','E65 730d   Mirror glas, electrochrome','');
insert into Diagram values('HM21-51_4544','HM21-20040700','51-10','E65 730d   Mounting parts, outside mirror','');
insert into Diagram values('HM21-51_4460','HM21-20040700','51-12','E65 730d   EL.REAR DOOR WINDOW LIFTING MECHANISM','');
insert into DiagramParts values('HM21-51_5696-51258118766', 'HM21-51_5696', 02, 'Screw', 'ST 4.8X13', 4, to_date('20050301','YYYYMMDD'), to_date('20070301','YYYYMMDD'), '51258118766', '', 'ENDED', false);
insert into Diagram values('HM21-51_5696','HM21-20040700','51-15','E65 730d   Trim panel, bumper, front','');
insert into Diagram values('HM21-51_5866','HM21-20040700','51-15','E65 730d   Carrier, bumper front','');
insert into Diagram values('HM21-51_5870','HM21-20040700','51-15','E65 730d   Front bumper trim - body moldings','');
insert into Diagram values('HM21-51_5871','HM21-20040700','51-15','E65 730d   Trim pce fr. bumper-chrome impact strips','');
insert into Diagram values('HM21-51_5873','HM21-20040700','51-15','E65 730d   Rear bumper trim - body moldings','');
insert into Diagram values('HM21-51_5874','HM21-20040700','51-15','E65 730d   Trim piece rear bump.-chrome imp. strips','');
insert into Diagram values('HM21-51_5876','HM21-20040700','51-15','E65 730d   Carrier, bumper rear','');
insert into Diagram values('HM21-51_5880','HM21-20040700','51-15','E65 730d   Bumper trim panel, rear','');
insert into Diagram values('HM21-51_4565','HM21-20040700','51-20','E65 730d   Exterior covers / door front','');
insert into Diagram values('HM21-51_4566','HM21-20040700','51-20','E65 730d   Exterior covers / door rear','');
insert into Diagram values('HM21-51_4804','HM21-20040700','51-20','E65 730d   Roof molding','');
insert into Diagram values('HM21-51_5703','HM21-20040700','51-20','E65 730d   Door sill cover','');
insert into Diagram values('HM21-51_5890','HM21-20040700','51-20','E65 730d   Emblems / letterings','');
insert into Diagram values('HM21-51_5892','HM21-20040700','51-20','E65 730d   Grille','');
insert into Diagram values('HM21-51_5557','HM21-20040700','51-30','E65 730d   Trim panel dashboard I','');
insert into Diagram values('HM21-51_5558','HM21-20040700','51-30','E65 730d   Trim panel dashboard II','');
insert into DiagramParts values('HM21-51_5559-51168248320', 'HM21-51_5559', 07, 'SELF-LOCKING HEX NUT', 'M6', 6, to_date('20050301','YYYYMMDD'), to_date('20070701','YYYYMMDD'), '51168248320', '', 'ENDED', false);
insert into Diagram values('HM21-51_5559','HM21-20040700','51-30','E65 730d   Trim panel dashboard mounting parts','');
insert into Diagram values('HM21-51_5560','HM21-20040700','51-30','E65 730d   Trim panel dashboard mounting parts','');
insert into Diagram values('HM21-51_5561','HM21-20040700','51-30','E65 730d   GLOVE BOX','');
insert into DiagramParts values('HM21-51_5563-51168248320', 'HM21-51_5563', 07, 'SELF-LOCKING HEX NUT', 'M6', 2, to_date('20050301','YYYYMMDD'), to_date('20070701','YYYYMMDD'), '51168248320', '', 'ENDED', false);
insert into Diagram values('HM21-51_5563','HM21-20040700','51-35','E65 730d   Center console/mount/trim','');
insert into Diagram values('HM21-51_5564','HM21-20040700','51-35','E65 730d   Center console/bottom,storage,drink hold','');
insert into DiagramParts values('HM21-51_5565-51168248320', 'HM21-51_5565', 14, 'SELF-LOCKING HEX NUT', 'M6', 3, to_date('20050301','YYYYMMDD'), to_date('20070701','YYYYMMDD'), '51168248320', '', 'ENDED', false);
insert into Diagram values('HM21-51_5565','HM21-20040700','51-35','E65 730d   Center console/armrest,support,trim pan.','');
insert into Diagram values('HM21-51_5566','HM21-20040700','51-35','E65 730d   Center arm rest, finisher lid','');
insert into Diagram values('HM21-51_5567','HM21-20040700','51-35','E65 730d   Center arm rest, oddments trays','');
insert into Diagram values('HM21-51_5578','HM21-20040700','51-40','E65 730d   Sun visor','');
insert into DiagramParts values('HM21-51_5642-51169123939', 'HM21-51_5642', 06, 'Rearview mirror EC / LED / GTO / FLA', '434 MHZ', 1, to_date('20050901','YYYYMMDD'), to_date('20060301','YYYYMMDD'), '51169123939', '', 'ENDED', false);
insert into Diagram values('HM21-51_5642','HM21-20040700','51-40','E65 730d   Interior mirror','');
insert into DiagramParts values('HM21-51_5745-51437162012', 'HM21-51_5745', 08, 'Trim panel, right lower centre column', 'FLANELLGRAU', 1, to_date('20050301','YYYYMMDD'), to_date('20070701','YYYYMMDD'), '51437162012', '', '+core, ENDED', false);
insert into DiagramParts values('HM21-51_5745-51437162010', 'HM21-51_5745', 08, 'Trim panel, right lower centre column', 'ANTHRAZIT', 1, to_date('20050301','YYYYMMDD'), to_date('20070701','YYYYMMDD'), '51437162010', '', '+core, ENDED', false);
insert into DiagramParts values('HM21-51_5745-51437162032', 'HM21-51_5745', 08, 'Trim panel, right lower centre column', 'FLANELLGRAU', 1, to_date('20050301','YYYYMMDD'), to_date('20070701','YYYYMMDD'), '51437162032', '', '+core, ENDED', false);
insert into DiagramParts values('HM21-51_5745-51437162060', 'HM21-51_5745', 08, 'Trim panel, right lower centre column', 'CREAMBEIGE', 1, to_date('20050301','YYYYMMDD'), to_date('20070701','YYYYMMDD'), '51437162060', '', '+core, ENDED', false);
insert into DiagramParts values('HM21-51_5745-51437162356', 'HM21-51_5745', 08, 'Trim panel, right lower centre column', 'LAVABLAU', 1, to_date('20050301','YYYYMMDD'), to_date('20070701','YYYYMMDD'), '51437162356', '', '+core, ENDED', false);
insert into DiagramParts values('HM21-51_5745-51437162038', 'HM21-51_5745', 08, 'Trim panel, right lower centre column', 'CREAMBEIGE', 1, to_date('20050301','YYYYMMDD'), to_date('20070701','YYYYMMDD'), '51437162038', '', 'ENDED', false);
insert into DiagramParts values('HM21-51_5745-51437162036', 'HM21-51_5745', 08, 'Trim panel, right lower centre column', 'NATURBRAUN', 1, to_date('20050301','YYYYMMDD'), to_date('20070701','YYYYMMDD'), '51437162036', '', '+core, ENDED', false);
insert into Diagram values('HM21-51_5745','HM21-20040700','51-40','E65 730d   Trim cover, front, lateral','');
insert into DiagramParts values('HM21-51_5746-51437043474', 'HM21-51_5746', 15, 'Addition.cover, column C, bottom right', 'BEIGE', 1, to_date('20050301','YYYYMMDD'), to_date('20061201','YYYYMMDD'), '51437043474', '$182.62', '+core', false);
insert into DiagramParts values('HM21-51_5746-51437152086', 'HM21-51_5746', 15, 'Addition.cover, column C, bottom right', 'LAVABLAU', 1, to_date('20050301','YYYYMMDD'), to_date('20061201','YYYYMMDD'), '51437152086', '$182.62', '+core', false);
insert into DiagramParts values('HM21-51_5746-51437043472', 'HM21-51_5746', 15, 'Addition.cover, column C, bottom right', 'FLANELLGRAU', 1, to_date('20050301','YYYYMMDD'), to_date('20061201','YYYYMMDD'), '51437043472', '$182.62', '+core', false);
insert into DiagramParts values('HM21-51_5746-51437043470', 'HM21-51_5746', 15, 'Addition.cover, column C, bottom right', 'SCHWARZ', 1, to_date('20050301','YYYYMMDD'), to_date('20061201','YYYYMMDD'), '51437043470', '$182.62', '', false);
insert into DiagramParts values('HM21-51_5746-51437043478', 'HM21-51_5746', 15, 'Addition.cover, column C, bottom right', 'NATURBRAUN', 1, to_date('20050301','YYYYMMDD'), to_date('20061201','YYYYMMDD'), '51437043478', '$182.62', '', false);
insert into DiagramParts values('HM21-51_5746-51437043480', 'HM21-51_5746', 15, 'Addition.cover, column C, bottom right', 'CREAMBEIGE', 1, to_date('20050301','YYYYMMDD'), to_date('20061201','YYYYMMDD'), '51437043480', '$182.62', '+core', false);
insert into Diagram values('HM21-51_5746','HM21-20040700','51-40','E65 730d   Trim cover, rear lateral','');
insert into DiagramParts values('HM21-51_5748-51447046427', 'HM21-51_5748', 08, 'Fillister head screw', 'M5X12MM', 4, to_date('20050301','YYYYMMDD'), to_date('20070701','YYYYMMDD'), '51447046427', '', 'ENDED', false);
insert into DiagramParts values('HM21-51_5748-51447149775', 'HM21-51_5748', 14, 'Insert f console, make-up mirror rear', 'STEINGRAU', 1, to_date('20050301','YYYYMMDD'), to_date('20070701','YYYYMMDD'), '51447149775', '', 'ENDED', false);
insert into DiagramParts values('HM21-51_5748-51167043510', 'HM21-51_5748', 17, 'Handle', 'BEIGE', 4, to_date('20050301','YYYYMMDD'), to_date('20070701','YYYYMMDD'), '51167043510', '', 'ENDED', false);
insert into DiagramParts values('HM21-51_5748-51167043511', 'HM21-51_5748', 17, 'Handle', 'ANTHRAZIT', 4, to_date('20050301','YYYYMMDD'), to_date('20070701','YYYYMMDD'), '51167043511', '', 'ENDED', false);
insert into DiagramParts values('HM21-51_5748-51167043509', 'HM21-51_5748', 17, 'Handle', 'STEINGRAU', 4, to_date('20050301','YYYYMMDD'), to_date('20070701','YYYYMMDD'), '51167043509', '', 'ENDED', false);
insert into Diagram values('HM21-51_5748','HM21-20040700','51-40','E65 730d   Headlining / Handle','');
insert into DiagramParts values('HM21-51_5751-51467113560', 'HM21-51_5751', 17, 'Cover, sun blind', 'SCHWARZ', 1, to_date('20050301','YYYYMMDD'), to_date('20070701','YYYYMMDD'), '51467113560', '', 'ENDED', false);
insert into Diagram values('HM21-51_5751','HM21-20040700','51-40','E65 730d   REAR WINDOW SHELF/SUN BLIND','');
insert into DiagramParts values('HM21-51_4784-51167137429', 'HM21-51_4784', 11, 'Wood panel, center armrest, front', 'KIRSCHE DUNKEL', 1, to_date('20031001','YYYYMMDD'), to_date('20050301','YYYYMMDD'), '51167137429', '$430.50', '', false);
insert into Diagram values('HM21-51_4784','HM21-20040700','51-45','E65 730d   Real wood finish, cherry dark, matte','');
insert into DiagramParts values('HM21-51_4785-51167137428', 'HM21-51_4785', 13, 'Wood panel, center armrest, front', 'KIRSCHE HELL', 1, to_date('20031001','YYYYMMDD'), to_date('20050301','YYYYMMDD'), '51167137428', '$430.50', '', false);
insert into Diagram values('HM21-51_4785','HM21-20040700','51-45','E65 730d   Real wood finish, cherry light, matte','');
insert into DiagramParts values('HM21-51_4787-51167137430', 'HM21-51_4787', 13, 'Wood panel, center armrest, front', 'ESCHE HELL', 1, to_date('20031001','YYYYMMDD'), to_date('20050301','YYYYMMDD'), '51167137430', '$384.95', '', false);
insert into Diagram values('HM21-51_4787','HM21-20040700','51-45','E65 730d   Real wood finish,ash light, high gloss','');
insert into Diagram values('HM21-51_5647','HM21-20040700','51-45','E65 730d   Real wood finish, ash dark, high gloss','');
insert into Diagram values('HM21-51_5650','HM21-20040700','51-45','E65 730d   Real wood finish,ash light, high gloss','');
insert into Diagram values('HM21-51_5658','HM21-20040700','51-45','E65 730d   Real wood version, Vavona grau matt','');
insert into Diagram values('HM21-51_5798','HM21-20040700','51-45','E65 730d   Fine wood trim american nutwood','');
insert into Diagram values('HM21-51_4730','HM21-20040700','51-50','E65 730d   Door trim panel, front / side airbag','');
insert into Diagram values('HM21-51_5771','HM21-20040700','51-50','E65 730d   Instrument panel, door, front','');
insert into DiagramParts values('HM21-51_5772-51417150132', 'HM21-51_5772', 01, 'DOOR LINING LEATHER FRONT RIGHT', 'FLANELLGRAU', 1, to_date('20050301','YYYYMMDD'), to_date('20070701','YYYYMMDD'), '51417150132', '', 'ENDED', false);
insert into DiagramParts values('HM21-51_5772-51417150134', 'HM21-51_5772', 01, 'DOOR LINING LEATHER FRONT RIGHT', 'NATURBRAUN', 1, to_date('20050301','YYYYMMDD'), to_date('20070701','YYYYMMDD'), '51417150134', '', 'ENDED', false);
insert into DiagramParts values('HM21-51_5772-51417150080', 'HM21-51_5772', 01, 'DOOR LINING LEATHER FRONT RIGHT', 'NATURBRAUN', 1, to_date('20050301','YYYYMMDD'), to_date('20070701','YYYYMMDD'), '51417150080', '', 'ENDED', false);
insert into DiagramParts values('HM21-51_5772-51417150082', 'HM21-51_5772', 01, 'DOOR LINING LEATHER FRONT RIGHT', 'CREAMBEIGE', 1, to_date('20050301','YYYYMMDD'), to_date('20070701','YYYYMMDD'), '51417150082', '', 'ENDED', false);
insert into DiagramParts values('HM21-51_5772-51427150230', 'HM21-51_5772', 01, 'DOOR LINING LEATHER FRONT RIGHT', 'SCHWARZ', 1, to_date('20050301','YYYYMMDD'), to_date('20070701','YYYYMMDD'), '51427150230', '', 'ENDED', false);
insert into DiagramParts values('HM21-51_5772-51417150012', 'HM21-51_5772', 01, 'DOOR LINING LEATHER FRONT RIGHT', 'CREAMBEIGE', 1, to_date('20050301','YYYYMMDD'), to_date('20070701','YYYYMMDD'), '51417150012', '', 'ENDED', false);
insert into DiagramParts values('HM21-51_5772-51417150010', 'HM21-51_5772', 01, 'DOOR LINING LEATHER FRONT RIGHT', 'NATURBRAUN', 1, to_date('20050301','YYYYMMDD'), to_date('20070701','YYYYMMDD'), '51417150010', '', 'ENDED', false);
insert into DiagramParts values('HM21-51_5772-51417150014', 'HM21-51_5772', 01, 'DOOR LINING LEATHER FRONT RIGHT', 'LAVABLAU', 1, to_date('20050301','YYYYMMDD'), to_date('20070701','YYYYMMDD'), '51417150014', '', 'ENDED', false);
insert into DiagramParts values('HM21-51_5772-51417150084', 'HM21-51_5772', 01, 'DOOR LINING LEATHER FRONT RIGHT', 'LAVABLAU', 1, to_date('20050301','YYYYMMDD'), to_date('20070701','YYYYMMDD'), '51417150084', '', 'ENDED', false);
insert into DiagramParts values('HM21-51_5772-51417150074', 'HM21-51_5772', 01, 'DOOR LINING LEATHER FRONT RIGHT', 'SCHWARZ', 1, to_date('20050301','YYYYMMDD'), to_date('20070701','YYYYMMDD'), '51417150074', '', 'ENDED', false);
insert into DiagramParts values('HM21-51_5772-51417150076', 'HM21-51_5772', 01, 'DOOR LINING LEATHER FRONT RIGHT', 'FLANELLGAU', 1, to_date('20050301','YYYYMMDD'), to_date('20070701','YYYYMMDD'), '51417150076', '', 'ENDED', false);
insert into DiagramParts values('HM21-51_5772-51417150078', 'HM21-51_5772', 01, 'DOOR LINING LEATHER FRONT RIGHT', 'BEIGE', 1, to_date('20050301','YYYYMMDD'), to_date('20070701','YYYYMMDD'), '51417150078', '', 'ENDED', false);
insert into Diagram values('HM21-51_5772','HM21-20040700','51-50','E65 730d   Door trim panel, front / side airbag','');
insert into Diagram values('HM21-51_5774','HM21-20040700','51-50','E65 730d   Instrument panel, door, rear','');
insert into DiagramParts values('HM21-51_5779-51427150318', 'HM21-51_5779', 01, 'DOOR LINING LEATHER REAR RIGHT', 'FLANELLGRAU', 1, to_date('20050301','YYYYMMDD'), to_date('20070701','YYYYMMDD'), '51427150318', '', 'ENDED', false);
insert into DiagramParts values('HM21-51_5779-51427150316', 'HM21-51_5779', 01, 'DOOR LINING LEATHER REAR RIGHT', 'SCHWARZ', 1, to_date('20050301','YYYYMMDD'), to_date('20070701','YYYYMMDD'), '51427150316', '', 'ENDED', false);
insert into DiagramParts values('HM21-51_5779-51426963478', 'HM21-51_5779', 01, 'DOOR LINING LEATHER REAR RIGHT', 'LAVABLAU', 1, to_date('20050301','YYYYMMDD'), to_date('20070701','YYYYMMDD'), '51426963478', '', 'ENDED', false);
insert into DiagramParts values('HM21-51_5779-51427150322', 'HM21-51_5779', 01, 'DOOR LINING LEATHER REAR RIGHT', 'NATURBRAUN', 1, to_date('20050301','YYYYMMDD'), to_date('20070701','YYYYMMDD'), '51427150322', '', 'ENDED', false);
insert into DiagramParts values('HM21-51_5779-51427150484', 'HM21-51_5779', 01, 'DOOR LINING LEATHER REAR RIGHT', 'NATURBRAUN', 1, to_date('20050301','YYYYMMDD'), to_date('20070701','YYYYMMDD'), '51427150484', '', 'ENDED', false);
insert into DiagramParts values('HM21-51_5779-51427150486', 'HM21-51_5779', 01, 'DOOR LINING LEATHER REAR RIGHT', 'CREAMBEIGE', 1, to_date('20050301','YYYYMMDD'), to_date('20070701','YYYYMMDD'), '51427150486', '', 'ENDED', false);
insert into DiagramParts values('HM21-51_5779-51427150326', 'HM21-51_5779', 01, 'DOOR LINING LEATHER REAR RIGHT', 'LAVABLAU', 1, to_date('20050301','YYYYMMDD'), to_date('20070701','YYYYMMDD'), '51427150326', '', 'ENDED', false);
insert into DiagramParts values('HM21-51_5779-51427038698', 'HM21-51_5779', 01, 'DOOR LINING CLOTH REAR RIGHT', 'FLANELLGRAU', 1, to_date('20050301','YYYYMMDD'), to_date('20070701','YYYYMMDD'), '51427038698', '', '+core, ENDED', false);
insert into DiagramParts values('HM21-51_5779-51427150480', 'HM21-51_5779', 01, 'DOOR LINING LEATHER REAR RIGHT', 'SCHWARZ', 1, to_date('20050301','YYYYMMDD'), to_date('20070701','YYYYMMDD'), '51427150480', '', 'ENDED', false);
insert into DiagramParts values('HM21-51_5779-51427150482', 'HM21-51_5779', 01, 'DOOR LINING LEATHER REAR RIGHT', 'FLANELLGRAU', 1, to_date('20050301','YYYYMMDD'), to_date('20070701','YYYYMMDD'), '51427150482', '', 'ENDED', false);
insert into DiagramParts values('HM21-51_5779-51426963476', 'HM21-51_5779', 01, 'DOOR LINING LEATHER REAR RIGHT', 'NATURBRAUN', 1, to_date('20050301','YYYYMMDD'), to_date('20070701','YYYYMMDD'), '51426963476', '', 'ENDED', false);
insert into DiagramParts values('HM21-51_5779-51427113830', 'HM21-51_5779', 01, 'DOOR LINING LEATHER REAR RIGHT', 'CREAMBEIGE', 1, to_date('20050301','YYYYMMDD'), to_date('20070701','YYYYMMDD'), '51427113830', '', '+core, ENDED', false);
insert into DiagramParts values('HM21-51_5779-51427113826', 'HM21-51_5779', 01, 'DOOR LINING LEATHER REAR RIGHT', 'FLANELLGRAU', 1, to_date('20050301','YYYYMMDD'), to_date('20070701','YYYYMMDD'), '51427113826', '', '+core, ENDED', false);
insert into DiagramParts values('HM21-51_5779-51427150306', 'HM21-51_5779', 01, 'DOOR LINING LEATHER REAR RIGHT', 'BEIGE', 1, to_date('20050301','YYYYMMDD'), to_date('20070701','YYYYMMDD'), '51427150306', '', 'ENDED', false);
insert into DiagramParts values('HM21-51_5779-51427150470', 'HM21-51_5779', 01, 'DOOR LINING LEATHER REAR LEFT', 'SCHWARZ', 1, to_date('20050301','YYYYMMDD'), to_date('20070701','YYYYMMDD'), '51427150470', '', 'ENDED', false);
insert into DiagramParts values('HM21-51_5779-51427150472', 'HM21-51_5779', 01, 'DOOR LINING LEATHER REAR RIGHT', 'FLANELLGRAU', 1, to_date('20050301','YYYYMMDD'), to_date('20070701','YYYYMMDD'), '51427150472', '', 'ENDED', false);
insert into DiagramParts values('HM21-51_5779-51427150308', 'HM21-51_5779', 01, 'DOOR LINING LEATHER REAR RIGHT', 'NATURBRAUN', 1, to_date('20050301','YYYYMMDD'), to_date('20070701','YYYYMMDD'), '51427150308', '', 'ENDED', false);
insert into DiagramParts values('HM21-51_5779-51427150310', 'HM21-51_5779', 01, 'DOOR LINING LEATHER REAR RIGHT', 'CREAMBEIGE', 1, to_date('20050301','YYYYMMDD'), to_date('20070701','YYYYMMDD'), '51427150310', '', 'ENDED', false);
insert into DiagramParts values('HM21-51_5779-51427113816', 'HM21-51_5779', 01, 'DOOR LINING LEATHER REAR RIGHT', 'FLANELLGRAU', 1, to_date('20050301','YYYYMMDD'), to_date('20070701','YYYYMMDD'), '51427113816', '', '+core, ENDED', false);
insert into DiagramParts values('HM21-51_5779-51426963480', 'HM21-51_5779', 01, 'DOOR LINING LEATHER REAR RIGHT', 'NATURBRAUN', 1, to_date('20050301','YYYYMMDD'), to_date('20070701','YYYYMMDD'), '51426963480', '', 'ENDED', false);
insert into DiagramParts values('HM21-51_5779-51427150474', 'HM21-51_5779', 01, 'DOOR LINING LEATHER REAR RIGHT', 'NATURBRAUN', 1, to_date('20050301','YYYYMMDD'), to_date('20070701','YYYYMMDD'), '51427150474', '', 'ENDED', false);
insert into DiagramParts values('HM21-51_5779-51427150476', 'HM21-51_5779', 01, 'DOOR LINING LEATHER REAR RIGHT', 'CREAMBEIGE', 1, to_date('20050301','YYYYMMDD'), to_date('20070701','YYYYMMDD'), '51427150476', '', 'ENDED', false);
insert into DiagramParts values('HM21-51_5779-51427150312', 'HM21-51_5779', 01, 'DOOR LINING LEATHER REAR RIGHT', 'LAVABLAU', 1, to_date('20050301','YYYYMMDD'), to_date('20070701','YYYYMMDD'), '51427150312', '', 'ENDED', false);
insert into DiagramParts values('HM21-51_5779-51427150304', 'HM21-51_5779', 01, 'DOOR LINING LEATHER REAR RIGHT', 'FLANELLGRAU', 1, to_date('20050301','YYYYMMDD'), to_date('20070701','YYYYMMDD'), '51427150304', '', 'ENDED', false);
insert into DiagramParts values('HM21-51_5779-51426963482', 'HM21-51_5779', 01, 'DOOR LINING LEATHER REAR RIGHT', 'LAVABLAU', 1, to_date('20050301','YYYYMMDD'), to_date('20070701','YYYYMMDD'), '51426963482', '', 'ENDED', false);
insert into Diagram values('HM21-51_5779','HM21-20040700','51-50','E65 730d   Rear door trim, side airbag','');
insert into DiagramParts values('HM21-51_5785-51166983079', 'HM21-51_5785', 08, 'Roller sun screen,triangular window left', 'ANTHRAZIT', 1, to_date('20050301','YYYYMMDD'), to_date('20060301','YYYYMMDD'), '51166983079', '$184.65', '', false);
insert into DiagramParts values('HM21-51_5785-51166983080', 'HM21-51_5785', 08, 'Sun blind, triangular window right', 'ANTHRAZIT', 1, to_date('20050301','YYYYMMDD'), to_date('20060301','YYYYMMDD'), '51166983080', '$184.65', '', false);
insert into Diagram values('HM21-51_5785','HM21-20040700','51-50','E65 730d   Sun blind, electr., rear door','');
insert into Diagram values('HM21-51_4452','HM21-20040700','51-55','E65 730d   Floor mats, velours','');
insert into Diagram values('HM21-51_5747','HM21-20040700','51-55','E65 730d   EDGE PROTECTION/COVERINGS ROCKERS','');
insert into Diagram values('HM21-51_5749','HM21-20040700','51-55','E65 730d   TRIM PANEL LEG ROOM','');
insert into Diagram values('HM21-51_5750','HM21-20040700','51-55','E65 730d   FLOOR COVERING','');
insert into Diagram values('HM21-51_5752','HM21-20040700','51-65','E65 730d   Trunk trim panel','');
insert into Diagram values('HM21-51_5753','HM21-20040700','51-65','E65 730d   Luggage compartment tailgate/boot trim','');
insert into Diagram values('HM21-51_5754','HM21-20040700','51-70','E65 730d   SOUND INSULATING FRONT','');
insert into Diagram values('HM21-51_5755','HM21-20040700','51-70','E65 730d   SOUND INSULATION ROOF','');
insert into Diagram values('HM21-51_5756','HM21-20040700','51-70','E65 730d   SOUND INSULATING REAR','');
insert into Diagram values('HM21-51_5757','HM21-20040700','51-70','E65 730d   Heat insulation','');
insert into Diagram values('HM21-51_4789','HM21-20040700','51-75','E65 730d   Shield,engine compartm./underfloor panel','');
insert into Diagram values('HM21-51_5758','HM21-20040700','51-75','E65 730d   Shielding, engine compartment/air ducts','');
insert into DiagramParts values('HM21-51_5761-07129904227', 'HM21-51_5761', 06, 'Body nut', 'ST 4,8-8-ZNS', 2, to_date('20050301','YYYYMMDD'), to_date('20070701','YYYYMMDD'), '07129904227', '$0.27', '', false);
insert into Diagram values('HM21-51_5761','HM21-20040700','51-75','E65 730d   Shield,engine compartm./underfloor panel','');
insert into DiagramParts values('HM21-51_5762-07149137069', 'HM21-51_5762', 06, 'Torx-bolt with washer', 'ISA M8X24', 2, to_date('20050301','YYYYMMDD'), to_date('20070701','YYYYMMDD'), '07149137069', '', '', false);
insert into Diagram values('HM21-51_5762','HM21-20040700','51-75','E65 730d   Front aggregate protective plate','');
insert into Diagram values('HM21-51_5763','HM21-20040700','51-80','E65 730d   Various body parts','');
insert into Diagram values('HM21-51_5764','HM21-20040700','51-80','E65 730d   Various body parts','');
insert into Diagram values('HM21-51_5765','HM21-20040700','51-80','E65 730d   Sealing cap/plug','');
insert into Diagram values('HM21-51_5766','HM21-20040700','51-80','E65 730d   Sealing cap/plug','');
insert into Diagram values('HM21-51_5767','HM21-20040700','51-80','E65 730d   Sealing cap/plug','');
insert into Diagram values('HM21-51_4453','HM21-20040700','51-95','E65 730d   Floor mats, velours','');
insert into Diagram values('HM21-51_4563','HM21-20040700','51-95','E65 730d   Retrofit, CD holder','');
insert into Diagram values('HM21-51_4564','HM21-20040700','51-95','E65 730d   Retrofit, cassette holder','');
insert into Diagram values('HM21-51_4598','HM21-20040700','51-95','E65 730d   Retrofit, ash wood dark, mirror-finish','');
insert into Diagram values('HM21-51_4599','HM21-20040700','51-95','E65 730d   Retrofit, ash wood light, mirror-finish','');
insert into Diagram values('HM21-51_4635','HM21-20040700','51-95','E65 730d   Exterior mirror for towing','');
insert into Diagram values('HM21-51_4639','HM21-20040700','51-95','E65 730d   Cup holder retrofit, front','');
insert into Diagram values('HM21-51_4643','HM21-20040700','51-95','E65 730d   Non-skid mat','');
insert into Diagram values('HM21-51_4647','HM21-20040700','51-95','E65 730d   Boot/trunk floor net','');
insert into Diagram values('HM21-51_4650','HM21-20040700','51-95','E65 730d   Fitted luggage compartment mat','');
insert into Diagram values('HM21-51_4653','HM21-20040700','51-95','E65 730d   Luggage compartment pan','');
insert into Diagram values('HM21-51_4698','HM21-20040700','51-95','E65 730d   Boot lashing strap','');
insert into Diagram values('HM21-51_5038','HM21-20040700','51-95','E65 730d   FLOOR MATS CITY','');
insert into Diagram values('HM21-51_5039','HM21-20040700','51-95','E65 730d   Rubber mat','');
insert into DiagramParts values('HM21-51_5078-51167137432', 'HM21-51_5078', 02, 'Wood panel, center armrest, front', 'NUB./INTARSIEN', 1, to_date('20031001','YYYYMMDD'), to_date('20050301','YYYYMMDD'), '51167137432', '$434.95', '', false);
insert into Diagram values('HM21-51_5078','HM21-20040700','51-95','E65 730d   Retrofit burrwood with inlays','');
insert into Diagram values('HM21-51_5362','HM21-20040700','51-95','E65 730d   Luggage compartment, folding','');
insert into Diagram values('HM21-51_5659','HM21-20040700','51-95','E65 730d   Retrofit burrwood with inlays','');
insert into Diagram values('HM21-51_5688','HM21-20040700','51-95','E65 730d   Luggage compatment box "multifix"','');
insert into Diagram values('HM21-51_5738','HM21-20040700','51-95','E65 730d   Umbrella with bag','');
insert into Diagram values('HM21-51_5739','HM21-20040700','51-95','E65 730d   Storage sleeve DVD/CD','');
insert into Diagram values('HM21-51_5954','HM21-20040700','51-95','E65 730d   Load edge protector','');
insert into Diagram values('HM21-51_6165','HM21-20040700','51-95','E65 730d   Luggage compartment clamping belts','');
insert into Diagram values('HM21-51_6639','HM21-20040700','51-95','E65 730d   Protective loading edge mat','');
insert into Diagram values('HM21-51_6695','HM21-20040700','51-95','E65 730d   Storage net, footwell, front','');
insert into Diagram values('HM21-51_7034','HM21-20040700','51-95','E65 730d   Sun blind strips','');
insert into Diagram values('HM21-51_7665','HM21-20040700','51-95','E65 730d   Interior equipment, upper','');
insert into Diagram values('HM21-51_8051','HM21-20040700','51-95','E65 730d   First-aid kit, universal','');
insert into Diagram values('HM21-51_8522','HM21-20040700','51-95','E65 730d   Travel & Comfort System','');
insert into Diagram values('HM21-51_8703','HM21-20040700','51-95','E65 730d   Pocket set in interior','');
insert into Diagram values('HM21-52_2930','HM21-20040700','52-10','E65 730d   Seat, front, upholstery and cover','');
insert into Diagram values('HM21-52_2937','HM21-20040700','52-10','E65 730d   Seat, front, head restraint','');
insert into DiagramParts values('HM21-52_2938-52107124981', 'HM21-52_2938', 09, 'Finisher, upper rail, front, left', 'CREAMBEIGE', 1, to_date('20020301','YYYYMMDD'), to_date('20030301','YYYYMMDD'), '52107124981', '', 'ENDED', false);
insert into DiagramParts values('HM21-52_2938-52107124982', 'HM21-52_2938', 09, 'Finisher, upper rail, front, right', 'CREAMBEIGE', 1, to_date('20020301','YYYYMMDD'), to_date('20030301','YYYYMMDD'), '52107124982', '', 'ENDED', false);
insert into Diagram values('HM21-52_2938','HM21-20040700','52-10','E65 730d   SEAT FRONT SEAT COVERINGS','');
insert into Diagram values('HM21-52_2939','HM21-20040700','52-10','E65 730d   FRONT SEAT BACKREST FRAME/REAR PANEL','');
insert into Diagram values('HM21-52_2941','HM21-20040700','52-10','E65 730d   Seat, front, seat frame','');
insert into DiagramParts values('HM21-52_2942-52107114531', 'HM21-52_2942', 03, 'Set of flexible shafts', 'L153 / L233', 2, to_date('20030301','YYYYMMDD'), to_date('20030601','YYYYMMDD'), '52107114531', '$87.78', '', false);
insert into Diagram values('HM21-52_2942','HM21-20040700','52-10','E65 730d   FRONT SEAT RAIL','');
insert into Diagram values('HM21-52_2962','HM21-20040700','52-10','E65 730d   Seat, front, electrical and motors','');
insert into Diagram values('HM21-52_2964','HM21-20040700','52-10','E65 730d   Seat, front, electrical/motors, backrest','');
insert into Diagram values('HM21-52_3030','HM21-20040700','52-10','E65 730d   Sort of seam, seat','');
insert into Diagram values('HM21-52_3100','HM21-20040700','52-10','E65 730d   Seat, front, Active seat single parts','');
insert into Diagram values('HM21-52_3102','HM21-20040700','52-10','E65 730d   Seat, front, lumbar','');
insert into Diagram values('HM21-52_2943','HM21-20040700','52-20','E65 730d   Seat rear, upholstery & cover base seat','');
insert into Diagram values('HM21-52_2944','HM21-20040700','52-20','E65 730d   Seat rear, uphols & cover, Comfort seat','');
insert into Diagram values('HM21-52_2945','HM21-20040700','52-20','E65 730d   Electric rear seat frame','');
insert into Diagram values('HM21-52_2946','HM21-20040700','52-20','E65 730d   Rear seat head restraint','');
insert into Diagram values('HM21-52_2947','HM21-20040700','52-20','E65 730d   Rear seat center armrest','');
insert into Diagram values('HM21-52_2957','HM21-20040700','52-20','E65 730d   Seat rear, electric, backrest','');
insert into Diagram values('HM21-52_2960','HM21-20040700','52-20','E65 730d   SEAT REAR EL.ADJUSTABLE-DRIVE','');
insert into Diagram values('HM21-52_2961','HM21-20040700','52-20','E65 730d   Seat, rear, lumbar support','');
insert into Diagram values('HM21-52_2976','HM21-20040700','52-60','E65 730d   Cover material, running meter','');
insert into Diagram values('HM21-52_2989','HM21-20040700','52-60','E65 730d   Merino leather sold by meter','');
insert into Diagram values('HM21-52_2929','HM21-20040700','52-95','E65 730d   Retrofit kit, rear seat heating','');
insert into Diagram values('HM21-52_2980','HM21-20040700','52-95','E65 730d   Installation tool for ISOFIX child seats','');
insert into Diagram values('HM21-52_3015','HM21-20040700','52-95','E65 730d   UNIVERSAL PRODECTIVE REAR COVER','');
insert into Diagram values('HM21-52_3043','HM21-20040700','52-95','E65 730d   Belt holder','');
insert into Diagram values('HM21-52_3269','HM21-20040700','52-95','E65 730d   Seat-back storage pocket','');
insert into Diagram values('HM21-54_0308','HM21-20040700','54-05','E65 730d   Lift-up-and-slide-back sunroof','');
insert into Diagram values('HM21-61_1577','HM21-20040700','61-05','E65 730d   Main wiring harness up to 03/2005','');
insert into Diagram values('HM21-61_2215','HM21-20040700','61-05','E65 730d   Main wiring harness from 03/05 on (LCI)','');
insert into Diagram values('HM21-61_1540','HM21-20040700','61-10','E65 730d   VARIOUS ADDITIONAL WIRING SETS','');
insert into Diagram values('HM21-61_1547','HM21-20040700','61-10','E65 730d   Battery cable','');
insert into Diagram values('HM21-61_1549','HM21-20040700','61-10','E65 730d   DOOR CABLE HARNESSES','');
insert into Diagram values('HM21-61_1580','HM21-20040700','61-10','E65 730d   Wiring set seat','');
insert into Diagram values('HM21-61_1592','HM21-20040700','61-10','E65 730d   Repair cable main cable harness','');
insert into Diagram values('HM21-61_1677','HM21-20040700','61-10','E65 730d   Repair cable, airbag','');
insert into Diagram values('HM21-61_1687','HM21-20040700','61-10','E65 730d   Rear seat wiring set','');
insert into Diagram values('HM21-61_1822','HM21-20040700','61-10','E65 730d   Cable-yarded material','');
insert into Diagram values('HM21-61_2047','HM21-20040700','61-10','E65 730d   Wiring harness covers/cable ducts','');
insert into Diagram values('HM21-61_1280','HM21-20040700','61-15','E65 730d   Plug terminal ELO not waterproof','');
insert into Diagram values('HM21-61_1296','HM21-20040700','61-15','E65 730d   Circular connector / D 2,5 mm System','');
insert into Diagram values('HM21-61_1349','HM21-20040700','61-15','E65 730d   Various comb-type connectors','');
insert into Diagram values('HM21-61_1445','HM21-20040700','61-15','E65 730d   Various parts, wiring harness repair','');
insert into Diagram values('HM21-61_1461','HM21-20040700','61-15','E65 730d   Diagnosis plug','');
insert into Diagram values('HM21-61_1559','HM21-20040700','61-15','E65 730d   PLUG-IN CONNECTION BRACKET','');
insert into Diagram values('HM21-61_1563','HM21-20040700','61-15','E65 730d   VARIOUS CABLE HOLDERS','');
insert into Diagram values('HM21-61_1578','HM21-20040700','61-15','E65 730d   Repair parts, optical fibre cable','');
insert into Diagram values('HM21-61_1635','HM21-20040700','61-15','E65 730d   diverse plugs and connectors','');
insert into Diagram values('HM21-61_1691','HM21-20040700','61-15','E65 730d   Pin contacts ELO','');
insert into Diagram values('HM21-61_1754','HM21-20040700','61-15','E65 730d   Plug terminal ELO-Power','');
insert into Diagram values('HM21-61_2107','HM21-20040700','61-15','E65 730d   Various parts, wiring harness repair','');
insert into Diagram values('HM21-61_2156','HM21-20040700','61-15','E65 730d   Double leaf spring contact','');
insert into Diagram values('HM21-61_2217','HM21-20040700','61-15','E65 730d   Contact system MQS','');
insert into Diagram values('HM21-61_2444','HM21-20040700','61-15','E65 730d   diverse plugs and connectors','');
insert into Diagram values('HM21-61_2483','HM21-20040700','61-15','E65 730d   Cable tie','');
insert into Diagram values('HM21-61_2521','HM21-20040700','61-15','E65 730d   Socket housing MQS','');
insert into Diagram values('HM21-61_2638','HM21-20040700','61-15','E65 730d   Repair parts, coaxial cable contacts','');
insert into Diagram values('HM21-61_2680','HM21-20040700','61-15','E65 730d   Repair parts, coaxial cable housing','');
insert into Diagram values('HM21-61_1358','HM21-20040700','61-20','E65 730d   BRACKET F BODY CONTROL UNITS AND MODULES','');
insert into Diagram values('HM21-61_1566','HM21-20040700','61-20','E65 730d   Single components for fuse housing','');
insert into Diagram values('HM21-61_1584','HM21-20040700','61-20','E65 730d   Power distribution box','');
insert into Diagram values('HM21-61_1596','HM21-20040700','61-20','E65 730d   Fuses audio / video','');
insert into DiagramParts values('HM21-61_1557-61359221180', 'HM21-61_1557', 07, 'TRAILER TOWING MODUL', '4R', 1, to_date('20050301','YYYYMMDD'), to_date('20060901','YYYYMMDD'), '61359221180', '$203.91', '', false);
insert into Diagram values('HM21-61_1557','HM21-20040700','61-25','E65 730d   Control units/modules','');
insert into Diagram values('HM21-61_1558','HM21-20040700','61-25','E65 730d   Handheld transmitter','');
insert into Diagram values('HM21-61_1560','HM21-20040700','61-25','E65 730d   Sensors and relays','');
insert into Diagram values('HM21-61_1562','HM21-20040700','61-25','E65 730d   Control unit/antennas passive access','');
insert into Diagram values('HM21-61_1570','HM21-20040700','61-25','E65 730d   Central gateway module','');
insert into Diagram values('HM21-61_1543','HM21-20040700','61-30','E65 730d   Original BMW battery (Warranty only)','');
insert into Diagram values('HM21-61_1544','HM21-20040700','61-30','E65 730d   battery holder and mounting parts','');
insert into Diagram values('HM21-61_1853','HM21-20040700','61-30','E65 730d   Only for Japan - original BMW battery','');
insert into Diagram values('HM21-61_1546','HM21-20040700','61-35','E65 730d   Steering column switch/control unit','');
insert into Diagram values('HM21-61_1548','HM21-20040700','61-35','E65 730d   Switch, steering wheel','');
insert into Diagram values('HM21-61_1550','HM21-20040700','61-35','E65 730d   Steering column trim','');
insert into Diagram values('HM21-61_1552','HM21-20040700','61-35','E65 730d   VARIOUS SWITCHES','');
insert into Diagram values('HM21-61_1553','HM21-20040700','61-35','E65 730d   Phone board/drawer','');
insert into Diagram values('HM21-61_1554','HM21-20040700','61-35','E65 730d   SWITCH F WINDOW LIFTER/MIRROR','');
insert into Diagram values('HM21-61_1556','HM21-20040700','61-35','E65 730d   Cigarette lighter / sockets','');
insert into Diagram values('HM21-61_1723','HM21-20040700','61-35','E65 730d   TV/Audio plug socket','');
insert into Diagram values('HM21-61_1977','HM21-20040700','61-35','E65 730d   Switch unit, light','');
insert into Diagram values('HM21-61_1979','HM21-20040700','61-35','E65 730d   Switch, additional seat functions, front','');
insert into Diagram values('HM21-61_1980','HM21-20040700','61-35','E65 730d   Seat adjustment switch, front','');
insert into Diagram values('HM21-61_1981','HM21-20040700','61-35','E65 730d   Switch, additional seat functions, rear','');
insert into Diagram values('HM21-61_1982','HM21-20040700','61-35','E65 730d   Seat adjustment switch, rear','');
insert into Diagram values('HM21-61_1983','HM21-20040700','61-35','E65 730d   TV connection in rear armrest','');
insert into Diagram values('HM21-61_1984','HM21-20040700','61-35','E65 730d   Control unit center console/armrest','');
insert into Diagram values('HM21-61_1985','HM21-20040700','61-35','E65 730d   Ignition switch/CAS','');
insert into Diagram values('HM21-61_1555','HM21-20040700','61-40','E65 730d   Horn','');
insert into Diagram values('HM21-61_1561','HM21-20040700','61-45','E65 730d   Wiper','');
insert into Diagram values('HM21-61_1565','HM21-20040700','61-45','E65 730d   Reserv.,windshield/headlight washer syst','');
insert into Diagram values('HM21-61_1567','HM21-20040700','61-45','E65 730d   Hose lines, windshield washer system','');
insert into Diagram values('HM21-61_1568','HM21-20040700','61-45','E65 730d   Hose lines, headlight washer system','');
insert into Diagram values('HM21-61_1888','HM21-20040700','61-95','E65 730d   Remote control/compass interior mirror','');
insert into Diagram values('HM21-61_2223','HM21-20040700','61-95','E65 730d   Suppression filter','');
insert into Diagram values('HM21-61_3026','HM21-20040700','61-95','E65 730d   Battery charger','');
insert into Diagram values('HM21-61_3066','HM21-20040700','61-95','E65 730d   Jumper cable','');
insert into Diagram values('HM21-61_3244','HM21-20040700','61-95','E65 730d   Battery charger','');
insert into Diagram values('HM21-62_0411','HM21-20040700','62-05','E65 730d   Instrument cluster','');
insert into Diagram values('HM21-62_0561','HM21-20040700','62-95','E65 730d   Electronic log book','');
insert into Diagram values('HM21-63_0694','HM21-20040700','63-05','E65 730d   Single parts, xenon headlight','');
insert into Diagram values('HM21-63_0725','HM21-20040700','63-05','E65 730d   Single parts, xenon headlight','');
insert into Diagram values('HM21-63_0932','HM21-20040700','63-05','E65 730d   Headlight','');
insert into DiagramParts values('HM21-63_0933-63217162862', 'HM21-63_0933', 02, 'Bulb Xenon light with ignition element', 'D1S', 2, to_date('20050301','YYYYMMDD'), to_date('20080701','YYYYMMDD'), '63217162862', '', 'ENDED', false);
insert into Diagram values('HM21-63_0933','HM21-20040700','63-05','E65 730d   Headlight, electronic parts, Xenon light','');
insert into Diagram values('HM21-63_1067','HM21-20040700','63-05','E65 730d   SPARE BULBS BOX','');
insert into Diagram values('HM21-63_1363','HM21-20040700','63-05','E65 730d   BMW Performance Light','');
insert into Diagram values('HM21-63_1420','HM21-20040700','63-05','E65 730d   SPARE BULBS BOX','');
insert into Diagram values('HM21-63_0687','HM21-20040700','63-10','E65 730d   Additional turn indicator lamp','');
insert into Diagram values('HM21-63_0688','HM21-20040700','63-15','E65 730d   Fog lights','');
insert into Diagram values('HM21-63_0925','HM21-20040700','63-15','E65 730d   Fog lights','');
insert into Diagram values('HM21-63_0926','HM21-20040700','63-20','E65 730d   Rear light in the side panel','');
insert into DiagramParts values('HM21-63_0929-63217160804', 'HM21-63_0929', 06, 'Longlife bulb', '12V 16W', 2, to_date('20050301','YYYYMMDD'), to_date('20080101','YYYYMMDD'), '63217160804', '', 'ENDED', false);
insert into Diagram values('HM21-63_0929','HM21-20040700','63-20','E65 730d   Rear light in trunk lid','');
insert into Diagram values('HM21-63_0689','HM21-20040700','63-25','E65 730d   Third stoplamp','');
insert into Diagram values('HM21-63_0727','HM21-20040700','63-30','E65 730d   VARIOUS LAMPS/SPARE BULBS BOX','');
insert into Diagram values('HM21-63_0737','HM21-20040700','63-30','E65 730d   Various lamps','');
insert into Diagram values('HM21-63_0788','HM21-20040700','63-30','E65 730d   Various lamps','');
insert into Diagram values('HM21-63_1153','HM21-20040700','63-95','E65 730d   Flashlight, LED','');
insert into Diagram values('HM21-63_1289','HM21-20040700','63-95','E65 730d   Retrofit kit, LED daytime driving lights','');
insert into Diagram values('HM21-63_1322','HM21-20040700','63-95','E65 730d   LED interior light package','');
insert into Diagram values('HM21-63_1509','HM21-20040700','63-95','E65 730d   BMW LED luggage compartment lamp','');
insert into Diagram values('HM21-64_1250','HM21-20040700','64-05','E65 730d   AIR CHANNEL','');
insert into Diagram values('HM21-64_1251','HM21-20040700','64-05','E65 730d   AIR OUTLET','');
insert into Diagram values('HM21-64_1307','HM21-20040700','64-05','E65 730d   Condenser air conditioning','');
insert into Diagram values('HM21-64_1252','HM21-20040700','64-10','E65 730d   Microfilter/housing parts','');
insert into Diagram values('HM21-64_1246','HM21-20040700','64-15','E65 730d   HEATER RADIATOR AUTOMATIC AIR CONDITION','');
insert into Diagram values('HM21-64_1315','HM21-20040700','64-18','E65 730d   Independent heating water valves','');
insert into Diagram values('HM21-64_1316','HM21-20040700','64-18','E65 730d   Auxiliary heater water hoses','');
insert into Diagram values('HM21-64_1499','HM21-20040700','64-20','E65 730d   Control unit, automatic air cond.,High','');
insert into DiagramParts values('HM21-64_1501-64116970452', 'HM21-64_1501', 01, 'Automatic air conditioning control', 'TITAN SILVER', 1, to_date('20050301','YYYYMMDD'), to_date('20050901','YYYYMMDD'), '64116970452', '', 'ENDED', false);
insert into Diagram values('HM21-64_1501','HM21-20040700','64-20','E65 730d   Automatic air conditioning control','');
insert into Diagram values('HM21-64_1248','HM21-20040700','64-30','E65 730d   Evaporator / Expansion valve','');
insert into Diagram values('HM21-64_1245','HM21-20040700','64-35','E65 730d   Housing parts automatic air conditioning','');
insert into DiagramParts values('HM21-64_1395-64116917785', 'HM21-64_1395', 05, 'Cover, coolbox', 'SCHWARZ', 1, to_date('20030501','YYYYMMDD'), to_date('20060601','YYYYMMDD'), '64116917785', '$114.79', '', false);
insert into DiagramParts values('HM21-64_1395-64116917786', 'HM21-64_1395', 05, 'Cover, coolbox', 'FLANELLGRAU', 1, to_date('20030501','YYYYMMDD'), to_date('20060601','YYYYMMDD'), '64116917786', '$114.79', '', false);
insert into DiagramParts values('HM21-64_1395-64116917787', 'HM21-64_1395', 05, 'Cover, coolbox', 'BEIGE 3', 1, to_date('20030501','YYYYMMDD'), to_date('20060601','YYYYMMDD'), '64116917787', '$114.79', '', false);
insert into DiagramParts values('HM21-64_1395-64116917789', 'HM21-64_1395', 05, 'Cover, coolbox', 'NATURBRAUN', 1, to_date('20030501','YYYYMMDD'), to_date('20060601','YYYYMMDD'), '64116917789', '$114.79', '', false);
insert into DiagramParts values('HM21-64_1395-64116917790', 'HM21-64_1395', 05, 'Cover, coolbox', 'CREAMBEIGE', 1, to_date('20030501','YYYYMMDD'), to_date('20060601','YYYYMMDD'), '64116917790', '$114.79', '', false);
insert into Diagram values('HM21-64_1395','HM21-20040700','64-35','E65 730d   Housing parts, coolbox','');
insert into Diagram values('HM21-64_1249','HM21-20040700','64-40','E65 730d   ELECTRIC PARTS F AUTOMATIC AIR CONDITION','');
insert into Diagram values('HM21-64_1247','HM21-20040700','64-45','E65 730d   ACTUATOR FOR AUTOMATIC AIR CONDITION','');
insert into Diagram values('HM21-64_1254','HM21-20040700','64-45','E65 730d   ACTUATOR FOR AUTOMATIC AIR CONDITION','');
insert into Diagram values('HM21-64_1343','HM21-20040700','64-45','E65 730d   SENSOR F. AUC','');
insert into Diagram values('HM21-64_1321','HM21-20040700','64-50','E65 730d   CLIMATE COMPRESSOR SUPPORTING BRACKET','');
insert into Diagram values('HM21-64_1387','HM21-20040700','64-50','E65 730d   Air-conditioner compressor','');
insert into Diagram values('HM21-64_1308','HM21-20040700','64-55','E65 730d   Pusher fan','');
insert into Diagram values('HM21-64_1496','HM21-20040700','64-60','E65 730d   Coolant lines','');
insert into Diagram values('HM21-64_1230','HM21-20040700','64-65','E65 730d   Auxiliary heating','');
insert into Diagram values('HM21-64_1231','HM21-20040700','64-65','E65 730d   FUEL SUPPLY/PUMP/TUBING','');
insert into Diagram values('HM21-64_1314','HM21-20040700','64-65','E65 730d   Additional heater','');
insert into Diagram values('HM21-64_1257','HM21-20040700','64-95','E65 730d   Install.kit, independent heater','');
insert into Diagram values('HM21-64_1319','HM21-20040700','64-95','E65 730d   Labels independent heating','');
insert into Diagram values('HM21-64_1633','HM21-20040700','64-95','E65 730d   Retrofit kit, remote cntrl,indep.heating','');
insert into Diagram values('HM21-65_0207','HM21-20040700','65-05','E65 730d   Earth strap for engine hood','');
insert into Diagram values('HM21-65_1128','HM21-20040700','65-05','E65 730d   Audio system controller CD','');
insert into Diagram values('HM21-65_1129','HM21-20040700','65-05','E65 730d   Audio system controller MD','');
insert into Diagram values('HM21-65_1591','HM21-20040700','65-05','E65 730d   DAB tuner','');
insert into Diagram values('HM21-65_2440','HM21-20040700','65-05','E65 730d   DAB Retrofit','');
insert into Diagram values('HM21-65_1786','HM21-20040700','65-07','E65 730d   Auxiliary connection cable','');
insert into Diagram values('HM21-65_1121','HM21-20040700','65-10','E65 730d   CD Changer','');
insert into Diagram values('HM21-65_1184','HM21-20040700','65-10','E65 730d   DVD Changer/Bracket','');
insert into Diagram values('HM21-65_1109','HM21-20040700','65-20','E65 730d   Single parts, Stereo System, door frnt','');
insert into Diagram values('HM21-65_1111','HM21-20040700','65-20','E65 730d   SINGLE PARTS F FRONT DOOR HIFI SYSTEM','');
insert into Diagram values('HM21-65_1112','HM21-20040700','65-20','E65 730d   SINGLE PARTS F FRONT DOOR TOP-HIFI SYST.','');
insert into Diagram values('HM21-65_1113','HM21-20040700','65-20','E65 730d   SINGLE PARTS F REAR DOOR TOP-HIFI SYST.','');
insert into Diagram values('HM21-65_1114','HM21-20040700','65-20','E65 730d   Components central bass','');
insert into Diagram values('HM21-65_1115','HM21-20040700','65-20','E65 730d   SINGLE PARTS F PACKAGE SHELF STEREO SYST','');
insert into Diagram values('HM21-65_1116','HM21-20040700','65-20','E65 730d   SINGLE PARTS F PACKAGE SHELF HIFI SYSTEM','');
insert into Diagram values('HM21-65_1117','HM21-20040700','65-20','E65 730d   SINGLE PARTS F PACKAGE SHELF TOP-HIFI','');
insert into Diagram values('HM21-65_1118','HM21-20040700','65-20','E65 730d   Components Top-HiFi instrument panel','');
insert into Diagram values('HM21-65_1851','HM21-20040700','65-22','E65 730d   Universal aerial cable','');
insert into Diagram values('HM21-65_1120','HM21-20040700','65-25','E65 730d   Amplifier / bracket','');
insert into DiagramParts values('HM21-65_1131-65206963755', 'HM21-65_1131', 01, 'Antenna tuner', 'PROFESSIONAL', 1, to_date('20050301','YYYYMMDD'), to_date('20050601','YYYYMMDD'), '65206963755', '', 'ENDED', false);
insert into DiagramParts values('HM21-65_1131-65206976780', 'HM21-65_1131', 01, 'Antenna tuner', 'PROFESSIONAL', 1, to_date('20050301','YYYYMMDD'), to_date('20050901','YYYYMMDD'), '65206976780', '', '', false);
insert into DiagramParts values('HM21-65_1131-65206981946', 'HM21-65_1131', 01, 'Antenna tuner', 'PROFESSIONAL', 1, to_date('20050901','YYYYMMDD'), to_date('20060901','YYYYMMDD'), '65206981946', '', 'ENDED', false);
insert into DiagramParts values('HM21-65_1131-65209131151', 'HM21-65_1131', 01, 'Antenna tuner', 'PROFESSIONAL', 1, to_date('20050901','YYYYMMDD'), to_date('20070301','YYYYMMDD'), '65209131151', '', 'ENDED', false);
insert into Diagram values('HM21-65_1131','HM21-20040700','65-30','E65 730d   Antenna tuner','');
insert into Diagram values('HM21-65_1132','HM21-20040700','65-30','E65 730d   Antenna amplifier Diversity','');
insert into DiagramParts values('HM21-65_1133-65206938063', 'HM21-65_1133', 01, 'AMPLIFIER F REAR WINDOW ANTENNA', '315MHZ', 1, to_date('20030901','YYYYMMDD'), to_date('20070701','YYYYMMDD'), '65206938063', '', 'ENDED', false);
insert into Diagram values('HM21-65_1133','HM21-20040700','65-30','E65 730d   Antenna amplifier','');
insert into Diagram values('HM21-65_1195','HM21-20040700','65-30','E65 730d   Antenna cable, Audio/Video','');
insert into Diagram values('HM21-65_1119','HM21-20040700','65-45','E65 730d   Headset module','');
insert into DiagramParts values('HM21-65_1148-65509123608', 'HM21-65_1148', 01, 'Video module', 'DRIVE', 1, to_date('20050301','YYYYMMDD'), to_date('20070301','YYYYMMDD'), '65509123608', '', 'ENDED', false);
insert into DiagramParts values('HM21-65_1148-65509146615', 'HM21-65_1148', 01, 'Video module', 'DRIVE', 1, to_date('20050301','YYYYMMDD'), to_date('20070901','YYYYMMDD'), '65509146615', '', 'ENDED', false);
insert into DiagramParts values('HM21-65_1148-65509168386', 'HM21-65_1148', 01, 'Video module', 'DRIVE', 1, to_date('20050301','YYYYMMDD'), to_date('20080301','YYYYMMDD'), '65509168386', '', 'ENDED', false);
insert into DiagramParts values('HM21-65_1148-65509177195', 'HM21-65_1148', 01, 'Video module', 'DRIVE', 1, to_date('20050301','YYYYMMDD'), to_date('20081201','YYYYMMDD'), '65509177195', '', '', false);
insert into Diagram values('HM21-65_1148','HM21-20040700','65-45','E65 730d   Video module','');
insert into Diagram values('HM21-65_1161','HM21-20040700','65-45','E65 730d   Control display','');
insert into Diagram values('HM21-65_1162','HM21-20040700','65-45','E65 730d   Rear compartment monitor','');
insert into DiagramParts values('HM21-65_1228-65829157126', 'HM21-65_1228', 01, 'Control display', '6,5&quot;', 1, to_date('20050301','YYYYMMDD'), to_date('20070901','YYYYMMDD'), '65829157126', '', 'ENDED', false);
insert into DiagramParts values('HM21-65_1228-65506967627', 'HM21-65_1228', 01, 'Control display', '8,8&quot;', 1, to_date('20050301','YYYYMMDD'), to_date('20070301','YYYYMMDD'), '65506967627', '', 'ENDED', false);
insert into DiagramParts values('HM21-65_1228-65829110640', 'HM21-65_1228', 01, 'Control display', '8,8&quot;', 1, to_date('20050301','YYYYMMDD'), to_date('20070301','YYYYMMDD'), '65829110640', '', 'ENDED', false);
insert into DiagramParts values('HM21-65_1228-65829130564', 'HM21-65_1228', 01, 'Control display', '8,8&quot;', 1, to_date('20050301','YYYYMMDD'), to_date('20070301','YYYYMMDD'), '65829130564', '', 'ENDED', false);
insert into DiagramParts values('HM21-65_1228-65829157124', 'HM21-65_1228', 01, 'Control display', '8,8&quot;', 1, to_date('20050301','YYYYMMDD'), to_date('20070901','YYYYMMDD'), '65829157124', '', 'ENDED', false);
insert into Diagram values('HM21-65_1228','HM21-20040700','65-45','E65 730d   Control display for Asia','');
insert into Diagram values('HM21-65_1631','HM21-20040700','65-45','E65 730d   Video module','');
insert into Diagram values('HM21-65_1632','HM21-20040700','65-45','E65 730d   Video module','');
insert into Diagram values('HM21-65_1633','HM21-20040700','65-45','E65 730d   Video module','');
insert into Diagram values('HM21-65_0493','HM21-20040700','65-50','E65 730d   CD navigation street map','');
insert into DiagramParts values('HM21-65_1168-65909139610', 'HM21-65_1168', 01, 'Navigation DVD computer', 'CHINA', 1, to_date('20050301','YYYYMMDD'), to_date('20070901','YYYYMMDD'), '65909139610', '', 'ENDED', false);
insert into Diagram values('HM21-65_1168','HM21-20040700','65-50','E65 730d   Navigation system','');
insert into DiagramParts values('HM21-65_1333-65900433143', 'HM21-65_1333', 01, 'CD Road Map Singapore/Malaysia', '2008-1', 1, to_date('20030301','YYYYMMDD'), to_date('20080701','YYYYMMDD'), '65900433143', '', 'ENDED', false);
insert into DiagramParts values('HM21-65_1333-65902147296', 'HM21-65_1333', 01, 'CD Road Map Singapore/Malaysia/Thailand', '2009-1', 1, to_date('20030301','YYYYMMDD'), to_date('20080701','YYYYMMDD'), '65902147296', '', '+core, ENDED', false);
insert into Diagram values('HM21-65_1333','HM21-20040700','65-50','E65 730d   DVD navigation street map','');
insert into DiagramParts values('HM21-65_1356-65909139610', 'HM21-65_1356', 01, 'Navigation DVD computer', 'CHINA', 1, to_date('20050301','YYYYMMDD'), to_date('20070901','YYYYMMDD'), '65909139610', '', 'ENDED', false);
insert into Diagram values('HM21-65_1356','HM21-20040700','65-50','E65 730d   Navigation system, Asia','');
insert into Diagram values('HM21-65_1536','HM21-20040700','65-50','E65 730d   Controller','');
insert into Diagram values('HM21-65_1650','HM21-20040700','65-50','E65 730d   Navigation computer drive','');
insert into DiagramParts values('HM21-65_1724-65909112341', 'HM21-65_1724', 01, 'FSC JNav map 2007-1 initialization', 'ASAP', 1, to_date('20070301','YYYYMMDD'), to_date('20070901','YYYYMMDD'), '65909112341', '', 'ENDED', false);
insert into Diagram values('HM21-65_1724','HM21-20040700','65-50','E65 730d   Enable code for Japanese navigation','');
insert into Diagram values('HM21-65_1145','HM21-20040700','65-60','E65 730d   Alarm systems','');
insert into Diagram values('HM21-65_1057','HM21-20040700','65-65','E65 730d   Electric parts for airbag','');
insert into Diagram values('HM21-65_1143','HM21-20040700','65-65','E65 730d   Electr. compon. seat occupancy detection','');
insert into Diagram values('HM21-65_1180','HM21-20040700','65-70','E65 730d   Temperature sensor','');
insert into Diagram values('HM21-65_1175','HM21-20040700','65-95','E65 730d   Retrofit kit, CD-changer','');
insert into Diagram values('HM21-65_1186','HM21-20040700','65-95','E65 730d   INSTALLATION KIT ALARM SYSTEM','');
insert into Diagram values('HM21-65_1196','HM21-20040700','65-95','E65 730d   Retrofit kit, DVD changer','');
insert into Diagram values('HM21-65_1244','HM21-20040700','65-95','E65 730d   Conversion ASK CD to ASK MD Professional','');
insert into Diagram values('HM21-65_1249','HM21-20040700','65-95','E65 730d   Retrofit kit, BMW Online','');
insert into Diagram values('HM21-65_1292','HM21-20040700','65-95','E65 730d   Retrofit kit, TV function','');
insert into Diagram values('HM21-65_1302','HM21-20040700','65-95','E65 730d   NAVIGATION INSTALLATION SET','');
insert into Diagram values('HM21-65_1397','HM21-20040700','65-95','E65 730d   Retrofit kit Settop-Box','');
insert into Diagram values('HM21-65_1630','HM21-20040700','65-95','E65 730d   Spare parts DVD Advanced','');
insert into Diagram values('HM21-65_1657','HM21-20040700','65-95','E65 730d   DVB-T Set-top box','');
insert into Diagram values('HM21-65_1721','HM21-20040700','65-95','E65 730d   iPod connection retrofit kit','');
insert into Diagram values('HM21-65_1989','HM21-20040700','65-95','E65 730d   Tracking Products','');
insert into Diagram values('HM21-65_2038','HM21-20040700','65-95','E65 730d   DVD system Tablet','');
insert into Diagram values('HM21-65_2271','HM21-20040700','65-95','E65 730d   Charger adapter for Apple iPod / iPhone','');
insert into Diagram values('HM21-65_2422','HM21-20040700','65-95','E65 730d   Cable adapter for Apple iPod / iPhone','');
insert into Diagram values('HM21-65_2434','HM21-20040700','65-95','E65 730d   DVD System Tablet Single','');
insert into Diagram values('HM21-65_2520','HM21-20040700','65-95','E65 730d   BMW USB charger','');
insert into Diagram values('HM21-65_2522','HM21-20040700','65-95','E65 730d   Cable adapter, devices with Micro USB','');
insert into Diagram values('HM21-66_0088','HM21-20040700','66-05','E65 730d   Control unit for Park Distance Control','');
insert into Diagram values('HM21-66_0091','HM21-20040700','66-05','E65 730d   ACC-Sensor','');
insert into Diagram values('HM21-66_0134','HM21-20040700','66-05','E65 730d   Night vision camera','');
insert into Diagram values('HM21-66_0149','HM21-20040700','66-05','E65 730d   Retrofit kit NightVision camera','');
insert into Diagram values('HM21-66_0235','HM21-20040700','66-05','E65 730d   Ultrasonic-sensor','');
insert into Diagram values('HM21-66_0092','HM21-20040700','66-95','E65 730d   Install.kit, Park Distance Control','');
insert into Diagram values('HM21-66_0188','HM21-20040700','66-95','E65 730d   Park Distance Control universale sonoro','');
insert into Diagram values('HM21-71_0324','HM21-20040700','71-03','E65 730d   LABEL "TIRE PRESSURE"','');
insert into Diagram values('HM21-71_0568','HM21-20040700','71-03','E65 730d   Instruction notice, Airbag','');
insert into Diagram values('HM21-71_0598','HM21-20040700','71-03','E65 730d   Notice label for fuel','');
insert into Diagram values('HM21-71_0600','HM21-20040700','71-03','E65 730d   Various notice stickers','');
insert into Diagram values('HM21-71_0624','HM21-20040700','71-03','E65 730d   Label, coolant','');
insert into Diagram values('HM21-71_0680','HM21-20040700','71-03','E65 730d   Labels independent heating','');
insert into Diagram values('HM21-71_0316','HM21-20040700','71-05','E65 730d   Car tool','');
insert into Diagram values('HM21-71_0317','HM21-20040700','71-05','E65 730d   Car tool/Lifting jack','');
insert into Diagram values('HM21-71_0391','HM21-20040700','71-05','E65 730d   Warning triangle/First aid kit/-cushion','');
insert into Diagram values('HM21-71_0717','HM21-20040700','71-05','E65 730d   Set of lifting jack','');
insert into Diagram values('HM21-71_0321','HM21-20040700','71-10','E65 730d   Towing hitch, detachable','');
insert into Diagram values('HM21-71_0272','HM21-20040700','71-95','E65 730d   ADAPTER FOR TRAILER SOCKET','');
insert into Diagram values('HM21-71_0320','HM21-20040700','71-95','E65 730d   Retrofit kit, towing hitch detachable','');
insert into Diagram values('HM21-71_0400','HM21-20040700','71-95','E65 730d   Set of lifting jack','');
insert into Diagram values('HM21-71_0434','HM21-20040700','71-95','E65 730d   Tire Mobility Set','');
insert into Diagram values('HM21-71_0513','HM21-20040700','71-95','E65 730d   Twin electrics, caravan leads','');
insert into Diagram values('HM21-72_0423','HM21-20040700','72-03','E65 730d   Airbag passenger and head airbag','');
insert into Diagram values('HM21-72_0424','HM21-20040700','72-03','E65 730d   Side airbag','');
insert into Diagram values('HM21-72_0417','HM21-20040700','72-05','E65 730d   Rear seat belt, basic','');
insert into Diagram values('HM21-72_0418','HM21-20040700','72-05','E65 730d   Rear seat belt for side airbag','');
insert into DiagramParts values('HM21-72_0419-72117153322', 'HM21-72_0419', 01, 'UPPER BELT REAR RIGHT', 'SCHWARZ', 1, to_date('20040301','YYYYMMDD'), to_date('20070701','YYYYMMDD'), '72117153322', '', 'ENDED', false);
insert into DiagramParts values('HM21-72_0419-72117153324', 'HM21-72_0419', 01, 'UPPER BELT REAR RIGHT', 'BEIGE', 1, to_date('20040301','YYYYMMDD'), to_date('20070701','YYYYMMDD'), '72117153324', '', '+core, ENDED', false);
insert into DiagramParts values('HM21-72_0419-72117153326', 'HM21-72_0419', 01, 'UPPER BELT REAR RIGHT', 'BASALTGRAU', 1, to_date('20040301','YYYYMMDD'), to_date('20070701','YYYYMMDD'), '72117153326', '', '+core, ENDED', false);
insert into DiagramParts values('HM21-72_0419-72117153328', 'HM21-72_0419', 01, 'UPPER BELT REAR RIGHT', 'CREMEBEIGE', 1, to_date('20040301','YYYYMMDD'), to_date('20070701','YYYYMMDD'), '72117153328', '', 'ENDED', false);
insert into DiagramParts values('HM21-72_0419-72117153330', 'HM21-72_0419', 01, 'UPPER BELT REAR RIGHT', 'NATURBRAUN', 1, to_date('20040301','YYYYMMDD'), to_date('20070701','YYYYMMDD'), '72117153330', '', '+core, ENDED', false);
insert into DiagramParts values('HM21-72_0419-72117153332', 'HM21-72_0419', 01, 'UPPER BELT REAR RIGHT', 'LAVABLAU', 1, to_date('20040301','YYYYMMDD'), to_date('20070701','YYYYMMDD'), '72117153332', '', '+core, ENDED', false);
insert into Diagram values('HM21-72_0419','HM21-20040700','72-05','E65 730d   Rear seat belt for comfort seat','');
insert into DiagramParts values('HM21-72_0420-72119138291', 'HM21-72_0420', 01, 'Lft frnt upper belt w/o force limiter', 'BASALTGRAU', 1, to_date('20030301','YYYYMMDD'), to_date('20080701','YYYYMMDD'), '72119138291', '', 'ENDED', false);
insert into DiagramParts values('HM21-72_0420-72119138293', 'HM21-72_0420', 01, 'Lft frnt upper belt w/o force limiter', 'BEIGE 3', 1, to_date('20030301','YYYYMMDD'), to_date('20080701','YYYYMMDD'), '72119138293', '', 'ENDED', false);
insert into DiagramParts values('HM21-72_0420-72119138295', 'HM21-72_0420', 01, 'Lft frnt upper belt w/o force limiter', 'CREAMBEIGE', 1, to_date('20030301','YYYYMMDD'), to_date('20080701','YYYYMMDD'), '72119138295', '', 'ENDED', false);
insert into DiagramParts values('HM21-72_0420-72119138297', 'HM21-72_0420', 01, 'Lft frnt upper belt w/o force limiter', 'NATURBRAUN', 1, to_date('20030301','YYYYMMDD'), to_date('20080701','YYYYMMDD'), '72119138297', '', 'ENDED', false);
insert into DiagramParts values('HM21-72_0420-72119138299', 'HM21-72_0420', 01, 'Lft frnt upper belt w/o force limiter', 'LAVABLAU', 1, to_date('20030301','YYYYMMDD'), to_date('20080701','YYYYMMDD'), '72119138299', '', 'ENDED', false);
insert into DiagramParts values('HM21-72_0420-72117049523', 'HM21-72_0420', 01, 'Lft frnt upper belt w/o force limiter', 'CREAMBEIGE', 1, to_date('20030301','YYYYMMDD'), to_date('20070701','YYYYMMDD'), '72117049523', '', '+core, ENDED', false);
insert into DiagramParts values('HM21-72_0420-72117049525', 'HM21-72_0420', 01, 'Lft frnt upper belt w/o force limiter', 'NATURBRAUN', 1, to_date('20030301','YYYYMMDD'), to_date('20070701','YYYYMMDD'), '72117049525', '', '+core, ENDED', false);
insert into Diagram values('HM21-72_0420','HM21-20040700','72-05','E65 730d   SAFETY BELT FRONT LEFT','');
insert into DiagramParts values('HM21-72_0421-72117049520', 'HM21-72_0421', 01, 'Rght frnt upper belt w/o force limiter', 'BASALTGRAU', 1, to_date('20030301','YYYYMMDD'), to_date('20070701','YYYYMMDD'), '72117049520', '', '+core, ENDED', false);
insert into DiagramParts values('HM21-72_0421-72117049524', 'HM21-72_0421', 01, 'Rght frnt upper belt w/o force limiter', 'CREAMBEIGE', 1, to_date('20030301','YYYYMMDD'), to_date('20070701','YYYYMMDD'), '72117049524', '', '+core, ENDED', false);
insert into DiagramParts values('HM21-72_0421-72117049526', 'HM21-72_0421', 01, 'Rght frnt upper belt w/o force limiter', 'NATURBRAUN', 1, to_date('20030301','YYYYMMDD'), to_date('20070701','YYYYMMDD'), '72117049526', '', '+core, ENDED', false);
insert into Diagram values('HM21-72_0421','HM21-20040700','72-05','E65 730d   SAFETY BELT FRONT RIGHT','');
insert into Diagram values('HM21-72_0422','HM21-20040700','72-05','E65 730d   FRONT SAFETY BELT MOUNTING PARTS','');
insert into Diagram values('HM21-72_0426','HM21-20040700','72-05','E65 730d   Child seat mount','');
insert into Diagram values('HM21-72_0415','HM21-20040700','72-10','E65 730d   Ski bag','');
insert into Diagram values('HM21-72_0435','HM21-20040700','72-15','E65 730d   Flag holder','');
insert into Diagram values('HM21-72_0425','HM21-20040700','72-95','E65 730d   Retrofit, ski bag','');
insert into Diagram values('HM21-72_0439','HM21-20040700','72-95','E65 730d   Fire extinguisher / Holder','');
insert into Diagram values('HM21-72_0591','HM21-20040700','72-95','E65 730d   Tow bar','');
insert into Diagram values('HM21-72_0744','HM21-20040700','72-95','E65 730d   Emergency bag','');
insert into Diagram values('HM21-36_0694','HM21-20040700','82-14','E65 730d   Snow chains','');
insert into Diagram values('HM21-82_1073','HM21-20040700','82-26','E65 730d   Universal coat hanger','');
insert into Diagram values('HM21-82_1261','HM21-20040700','82-26','E65 730d   Clean Bag','');
insert into Diagram values('HM21-82_1299','HM21-20040700','82-26','E65 730d   Storage pocket, rear passengers','');
insert into Diagram values('HM21-82_1308','HM21-20040700','82-26','E65 730d   Shoe case','');
insert into Diagram values('HM21-82_1311','HM21-20040700','82-26','E65 730d   Driver utility set','');
insert into Diagram values('HM21-82_1171','HM21-20040700','82-31','E65 730d   BMW buggy chrome-marine with accessories','');
insert into Diagram values('HM21-82_1181','HM21-20040700','82-31','E65 730d   BMW Junior Seat I-II','');
insert into Diagram values('HM21-82_1186','HM21-20040700','82-31','E65 730d   BMW Baby Seat 0+','');
insert into Diagram values('HM21-82_1187','HM21-20040700','82-31','E65 730d   BMW Junior Seat I-II Isofix','');
insert into Diagram values('HM21-82_1189','HM21-20040700','82-31','E65 730d   BMW Baby Seat 0+ Isofix','');
insert into Diagram values('HM21-82_1237','HM21-20040700','82-31','E65 730d   Dog harness','');
insert into Diagram values('HM21-82_1276','HM21-20040700','82-31','E65 730d   BMW Junior Seat II-III','');
insert into Diagram values('HM21-82_1305','HM21-20040700','82-31','E65 730d   BMW Junior Seat III','');
insert into Diagram values('HM21-82_1151','HM21-20040700','82-44','E65 730d   Mud flaps','');
insert into Diagram values('HM21-82_1198','HM21-20040700','82-44','E65 730d   Cover','');
insert into Diagram values('HM21-82_1251','HM21-20040700','82-44','E65 730d   Cover hood windshield/side window','');
insert into Diagram values('HM21-82_0116','HM21-20040700','82-51','E65 730d   Universal support','');
insert into Diagram values('HM21-82_0123','HM21-20040700','82-51','E65 730d   RACK FOR RACING BICYCLE','');
insert into Diagram values('HM21-82_0124','HM21-20040700','82-51','E65 730d   Luggage basket','');
insert into Diagram values('HM21-82_0125','HM21-20040700','82-51','E65 730d   Bicycle lift','');
insert into Diagram values('HM21-82_0245','HM21-20040700','82-51','E65 730d   SUPPORT SNOWBOARD','');
insert into Diagram values('HM21-82_0283','HM21-20040700','82-51','E65 730d   Surfboard rack','');
insert into Diagram values('HM21-82_0284','HM21-20040700','82-51','E65 730d   Standard ski carrier for 6 pairs of skis','');
insert into Diagram values('HM21-82_0364','HM21-20040700','82-51','E65 730d   SKI/SNOWBOARD SET','');
insert into Diagram values('HM21-82_0501','HM21-20040700','82-51','E65 730d   ki and luggage box','');
insert into Diagram values('HM21-82_0502','HM21-20040700','82-51','E65 730d   Luggage box','');
insert into Diagram values('HM21-82_0594','HM21-20040700','82-51','E65 730d   Komfort ski holder','');
insert into Diagram values('HM21-82_0598','HM21-20040700','82-51','E65 730d   MULTI-PURPOSE ROOF BOX','');
insert into Diagram values('HM21-82_0845','HM21-20040700','82-51','E65 730d   Standard ski holder, for 4 pairs of ski','');
insert into Diagram values('HM21-82_1148','HM21-20040700','82-51','E65 730d   Rack support','');
insert into Diagram values('HM21-82_1157','HM21-20040700','82-51','E65 730d   Bicycle carrier, trailer coupling','');
insert into Diagram values('HM21-82_1175','HM21-20040700','82-51','E65 730d   Touring bicycle holder','');
insert into Diagram values('HM21-82_1178','HM21-20040700','82-51','E65 730d   Roof box','');
insert into Diagram values('HM21-82_1234','HM21-20040700','82-51','E65 730d   Roof box','');
insert into Diagram values('HM21-82_1244','HM21-20040700','82-51','E65 730d   Racing bike rack','');
insert into Diagram values('HM21-82_1250','HM21-20040700','82-51','E65 730d   Roof box','');
insert into Diagram values('HM21-82_1268','HM21-20040700','82-51','E65 730d   Ski/snowboard holder','');
insert into Diagram values('HM21-82_1295','HM21-20040700','82-51','E65 730d   Roof rack systems','');
insert into Diagram values('HM21-82_1460','HM21-20040700','82-51','E65 730d   Roof rack systems','');
insert into Diagram values('HM21-82_1476','HM21-20040700','82-51','E65 730d   Roof-mounted container 320 LCI','');
insert into Diagram values('HM21-82_1567','HM21-20040700','82-51','E65 730d   Bicycle carrier, trailer coupling','');
insert into Diagram values('HM21-82_0926','HM21-20040700','82-52','E65 730d   Adapter (universal lift) for hood','');
insert into Diagram values('HM21-82_0102','HM21-20040700','82-81','E65 730d   Universal hoist','');
insert into Diagram values('HM21-83_0579','HM21-20040700','83-01','E65 730d   Rugzak','');
insert into Diagram values('HM21-84_0326','HM21-20040700','84-10','E65 730d   Parts f telephone,instrument panel Japa','');
insert into Diagram values('HM21-84_0327','HM21-20040700','84-10','E65 730d   Single parts f teleph.luggage cptm.Japan','');
insert into DiagramParts values('HM21-84_0333-84106983175', 'HM21-84_0333', 01, 'Telematics Control Unit', 'AMPS', 1, to_date('20050301','YYYYMMDD'), to_date('20050901','YYYYMMDD'), '84106983175', '', 'ENDED', false);
insert into DiagramParts values('HM21-84_0333-84109126630', 'HM21-84_0333', 01, 'Telematics Control Unit', 'AMPS', 1, to_date('20050301','YYYYMMDD'), to_date('20050901','YYYYMMDD'), '84109126630', '', 'ENDED', false);
insert into DiagramParts values('HM21-84_0333-84109122662', 'HM21-84_0333', 01, 'Rmfd Telematics Control Unit', 'AMPS', 1, to_date('20050301','YYYYMMDD'), to_date('20050901','YYYYMMDD'), '84109122662', '', 'ENDED', false);
insert into DiagramParts values('HM21-84_0333-84109149615', 'HM21-84_0333', 01, 'Telematics Control Unit', 'GSM', 1, to_date('20070301','YYYYMMDD'), to_date('20070901','YYYYMMDD'), '84109149615', '', 'ENDED', false);
insert into DiagramParts values('HM21-84_0333-84109171590', 'HM21-84_0333', 01, 'Rmfd Telematics Control Unit', 'CDMA', 1, to_date('20050301','YYYYMMDD'), to_date('20050901','YYYYMMDD'), '84109171590', '', 'ENDED', false);
insert into DiagramParts values('HM21-84_0333-07146961863', 'HM21-84_0333', 14, 'Sheet metal screw', 'ISA M5X12', 1, to_date('20050901','YYYYMMDD'), to_date('20070701','YYYYMMDD'), '07146961863', '', 'ENDED', false);
insert into Diagram values('HM21-84_0333','HM21-20040700','84-10','E65 730d   SINGLE PARTS F TRUNK CAR TELEPHONE','');
insert into Diagram values('HM21-84_0509','HM21-20040700','84-10','E65 730d   Individ. parts, Tandem car phone, Japan','');
insert into Diagram values('HM21-84_0510','HM21-20040700','84-10','E65 730d   Single parts, SA 638, center console','');
insert into Diagram values('HM21-84_0511','HM21-20040700','84-10','E65 730d   Single parts, SA 638, trunk','');
insert into DiagramParts values('HM21-84_0578-84116943637', 'HM21-84_0578', 01, 'Handset', 'EVEREST', 1, to_date('20030901','YYYYMMDD'), to_date('20040301','YYYYMMDD'), '84116943637', '', 'ENDED', false);
insert into DiagramParts values('HM21-84_0578-84116945370', 'HM21-84_0578', 01, 'Handset', 'EVEREST', 1, to_date('20030901','YYYYMMDD'), to_date('20040301','YYYYMMDD'), '84116945370', '', 'ENDED', false);
insert into DiagramParts values('HM21-84_0578-84116950620', 'HM21-84_0578', 01, 'Handset', 'EVEREST', 1, to_date('20030901','YYYYMMDD'), to_date('20040901','YYYYMMDD'), '84116950620', '', 'ENDED', false);
insert into DiagramParts values('HM21-84_0578-84116953468', 'HM21-84_0578', 01, 'Handset', 'EVEREST', 1, to_date('20030901','YYYYMMDD'), to_date('20050901','YYYYMMDD'), '84116953468', '', '', false);
insert into DiagramParts values('HM21-84_0578-84116927534', 'HM21-84_0578', 02, 'ACCUMULATOR', 'EVEREST', 1, to_date('20030901','YYYYMMDD'), to_date('20050901','YYYYMMDD'), '84116927534', '', '', false);
insert into DiagramParts values('HM21-84_0578-84116927533', 'HM21-84_0578', 03, 'Battery cover, keypad handset', 'EVEREST', 1, to_date('20030901','YYYYMMDD'), to_date('20050901','YYYYMMDD'), '84116927533', '', '', false);
insert into DiagramParts values('HM21-84_0578-84116933412', 'HM21-84_0578', 04, 'TANDEM CAR TELEPHONE EJECT-BOX', 'GSM', 1, to_date('20030901','YYYYMMDD'), to_date('20050901','YYYYMMDD'), '84116933412', '', '', false);
insert into Diagram values('HM21-84_0578','HM21-20040700','84-10','E65 730d   Tandem car telephone parts','');
insert into Diagram values('HM21-84_0707','HM21-20040700','84-10','E65 730d   Individ. parts, Tandem car phone SA6NA','');
insert into Diagram values('HM21-84_0727','HM21-20040700','84-10','E65 730d   Retrofit kit, Bluetooth control/receiver','');
insert into Diagram values('HM21-84_0767','HM21-20040700','84-10','E65 730d   Starter package, cell phone Nokia 6303c','');
insert into Diagram values('HM21-84_0683','HM21-20040700','84-20','E65 730d   Single parts, SA 633, center console','');
insert into Diagram values('HM21-84_0684','HM21-20040700','84-20','E65 730d   Single parts,mobile tel.,center console','');
insert into DiagramParts values('HM21-84_0685-84109113247', 'HM21-84_0685', 01, 'Telematics Control Unit', 'GSM', 1, to_date('20050901','YYYYMMDD'), to_date('20060901','YYYYMMDD'), '84109113247', '', 'ENDED', false);
insert into DiagramParts values('HM21-84_0685-84109138168', 'HM21-84_0685', 01, 'Telematics Control Unit', 'GSM', 1, to_date('20050901','YYYYMMDD'), to_date('20070301','YYYYMMDD'), '84109138168', '', 'ENDED', false);
insert into DiagramParts values('HM21-84_0685-84109187925', 'HM21-84_0685', 01, 'Rmfd Telematics Control Unit', 'GSM', 1, to_date('20050901','YYYYMMDD'), to_date('20070301','YYYYMMDD'), '84109187925', '', 'ENDED', false);
insert into DiagramParts values('HM21-84_0685-84109149615', 'HM21-84_0685', 01, 'Telematics Control Unit', 'GSM', 1, to_date('20070301','YYYYMMDD'), to_date('20070901','YYYYMMDD'), '84109149615', '', 'ENDED', false);
insert into Diagram values('HM21-84_0685','HM21-20040700','84-20','E65 730d   Single parts SA 633, trunk','');
insert into Diagram values('HM21-84_0329','HM21-20040700','84-30','E65 730d   Single parts f hands-free facility','');
insert into Diagram values('HM21-84_0336','HM21-20040700','84-30','E65 730d   Singel parts f voice input system','');
insert into DiagramParts values('HM21-84_0549-07146961863', 'HM21-84_0549', 04, 'Sheet metal screw', 'ISA M5X12', 1, to_date('20030301','YYYYMMDD'), to_date('20070701','YYYYMMDD'), '07146961863', '', 'ENDED', false);
insert into Diagram values('HM21-84_0549','HM21-20040700','84-50','E65 730d   SINGLE PARTS F TELEPHONE ROOF ANTENNA','');
insert into Diagram values('HM21-84_0708','HM21-20040700','84-50','E65 730d   Bumper antenna, tandem mobile phone','');
insert into Diagram values('HM21-84_0560','HM21-20040700','84-95','E65 730d   Retrofit kit, voice input','');
insert into DiagramParts values('HM21-84_0653-84640303043', 'HM21-84_0653', 01, 'Retrofit kit car phone Professional', 'PROFESSIONAL', 1, to_date('20031001','YYYYMMDD'), to_date('20050301','YYYYMMDD'), '84640303043', '', '+core, ENDED, See EBA 0303046', false);
insert into Diagram values('HM21-84_0653','HM21-20040700','84-95','E65 730d   Retrofit, car telephone Professional','');
insert into Diagram values('HM21-84_0715','HM21-20040700','84-95','E65 730d   Retrofit universal hands-free facility','');
insert into Diagram values('HM21-84_0730','HM21-20040700','84-95','E65 730d   Stolen Vehicle Tracking - TPA','');
insert into Diagram values('HM21-84_0778','HM21-20040700','84-95','E65 730d   BMW Bluetooth headset','');
insert into Diagram values('HM21-84_0867','HM21-20040700','84-95','E65 730d   BMW Car Hotspot','');
insert into Diagram values('HM21-84_0906','HM21-20040700','84-95','E65 730d   Snap-in adapter, SONY ERICSSON devices','');
insert into Diagram values('HM21-84_0907','HM21-20040700','84-95','E65 730d   Snap-in adapter for NOKIA devices','');
insert into Diagram values('HM21-84_0908','HM21-20040700','84-95','E65 730d   Snap-in adapter for SIEMENS devices','');
insert into Diagram values('HM21-84_0909','HM21-20040700','84-95','E65 730d   Snap-in adapter for MOTOROLA devices','');
insert into Diagram values('HM21-84_0910','HM21-20040700','84-95','E65 730d   Snap-in adapter, BlackBerry/RIM devices','');
insert into Diagram values('HM21-84_0931','HM21-20040700','84-95','E65 730d   BMW Car Hotspot LTE','');
insert into Diagram values('HM21-85_0009','HM21-20040700','85-45','E65 730d   Winter tires','');
insert into Diagram values('HM21-85_0036','HM21-20040700','85-45','E65 730d   Summer tires','');
insert into Diagram values('HM21-88_0052','HM21-20040700','88-80','E65 730d   Emergency bag','');
insert into Diagram values('HM21-88_0064','HM21-20040700','88-80','E65 730d   Fluid-change kit, autom. transmission','');
insert into DiagramParts values('HM21-91_0620-32308030772', 'HM21-91_0620', 01, 'Sports st.-wheel,leather/wd.ring,multif.', 'PAPPEL NATUR', 1, to_date('20040901','YYYYMMDD'), to_date('20070401','YYYYMMDD'), '32308030772', '', 'ENDED, See NoS No Stock', false);
insert into DiagramParts values('HM21-91_0620-32308030773', 'HM21-91_0620', 01, 'Sports st.-wheel,leather/wd.ring,multif.', 'PAPPEL RUBIN', 1, to_date('20040901','YYYYMMDD'), to_date('20070401','YYYYMMDD'), '32308030773', '', 'ENDED, See NoS No Stock', false);
insert into DiagramParts values('HM21-91_0620-32308033207', 'HM21-91_0620', 01, 'Sports st.-wheel,leather/wd.ring,multif.', 'NUBAUM AMARONE', 1, to_date('20050301','YYYYMMDD'), to_date('20070401','YYYYMMDD'), '32308033207', '', 'ENDED, See NoS No Stock', false);
insert into Diagram values('HM21-91_0620','HM21-20040700','91-17','E65 730d   Ind.sports st.-wheel,leather w/wdn. ring','');
insert into Diagram values('HM21-91_0716','HM21-20040700','91-17','E65 730d   Indiv. sports steering-wheel, bicolor','');
insert into Diagram values('HM21-91_0551','HM21-20040700','91-20','E65 730d   Indiv. intercom - Outside mirror','');
insert into Diagram values('HM21-91_0513','HM21-20040700','91-30','E65 730d   Individual glove compartment, leather','');
insert into Diagram values('HM21-91_0514','HM21-20040700','91-30','E65 730d   Individual instrument panel, leather','');
insert into Diagram values('HM21-91_0473','HM21-20040700','91-35','E65 730d   Individual parcel net, footwell','');
insert into Diagram values('HM21-91_0511','HM21-20040700','91-35','E65 730d   Indiv.bottom panel,strge partit.leather','');
insert into Diagram values('HM21-91_0512','HM21-20040700','91-35','E65 730d   Indiv. center console/Center armrest','');
insert into Diagram values('HM21-91_0491','HM21-20040700','91-40','E65 730d   Individual trim piece entry','');
insert into Diagram values('HM21-91_0503','HM21-20040700','91-40','E65 730d   Individual wood, Pianolack schwarz','');
insert into Diagram values('HM21-91_0505','HM21-20040700','91-40','E65 730d   Individual wood, Tamo umbra','');
insert into Diagram values('HM21-91_0506','HM21-20040700','91-40','E65 730d   Individual Rubin poplar wood','');
insert into Diagram values('HM21-91_0507','HM21-20040700','91-40','E65 730d   Individual natural poplar wood','');
insert into DiagramParts values('HM21-91_0509-51168026134', 'HM21-91_0509', 01, 'Handle, anthracite', 'PAPPEL NATUR', 4, to_date('20020901','YYYYMMDD'), to_date('20070401','YYYYMMDD'), '51168026134', '', '+core, ENDED, See NoS No Stock', false);
insert into DiagramParts values('HM21-91_0509-51168026646', 'HM21-91_0509', 01, 'Handle, anthracite', 'MARITIMLINE', 4, to_date('20030601','YYYYMMDD'), to_date('20070401','YYYYMMDD'), '51168026646', '', '+core, ENDED, See NoS No Stock', false);
insert into Diagram values('HM21-91_0509','HM21-20040700','91-40','E65 730d   Individual wood roof-handle','');
insert into Diagram values('HM21-91_0549','HM21-20040700','91-40','E65 730d   Individual wood Maritimline','');
insert into Diagram values('HM21-91_0560','HM21-20040700','91-40','E65 730d   Indiv. rear cover without belt outlet','');
insert into Diagram values('HM21-91_0717','HM21-20040700','91-40','E65 730d   Individual wood, walnut, amarone','');
insert into Diagram values('HM21-91_0718','HM21-20040700','91-40','E65 730d   Individual wood Mahogany','');
insert into Diagram values('HM21-91_0517','HM21-20040700','91-45','E65 730d   Individual front door trim panel,leather','');
insert into Diagram values('HM21-91_0518','HM21-20040700','91-45','E65 730d   Individual rear door trim panel,leather','');
insert into Diagram values('HM21-91_0540','HM21-20040700','91-45','E65 730d   Indiv.front door trim panel,part.leather','');
insert into Diagram values('HM21-91_0543','HM21-20040700','91-45','E65 730d   Indiv. rear door trim panel,part.leather','');
insert into Diagram values('HM21-91_0494','HM21-20040700','91-50','E65 730d   Individual sun visor, Alcantara','');
insert into Diagram values('HM21-91_0498','HM21-20040700','91-50','E65 730d   Individual moulded headliner, Alcantara','');
insert into Diagram values('HM21-91_0500','HM21-20040700','91-50','E65 730d   Individual A, B, C pillar covers, top','');
insert into Diagram values('HM21-91_0501','HM21-20040700','91-50','E65 730d   Individual rear window shelf, Alcantara','');
insert into Diagram values('HM21-91_0502','HM21-20040700','91-50','E65 730d   Individual slide/tilt sunroof','');
insert into Diagram values('HM21-91_0520','HM21-20040700','91-50','E65 730d   Individual extra cover column C, bottom','');
insert into Diagram values('HM21-91_0521','HM21-20040700','91-50','E65 730d   Individual trim panel Column-B bottom','');
insert into Diagram values('HM21-91_0538','HM21-20040700','91-50','E65 730d   Individual trim panel, center console','');
insert into Diagram values('HM21-91_0539','HM21-20040700','91-50','E65 730d   Individual floor covering','');
insert into Diagram values('HM21-91_0561','HM21-20040700','91-57','E65 730d   Individual floor mats Maritime line','');
insert into Diagram values('HM21-91_0563','HM21-20040700','91-57','E65 730d   Individual floor mats, Leather border','');
insert into Diagram values('HM21-91_0523','HM21-20040700','91-60','E65 730d   Individual cover, leather comfort seat','');
insert into Diagram values('HM21-91_0527','HM21-20040700','91-60','E65 730d   Individ. rear panel Basic /Sports seat','');
insert into Diagram values('HM21-91_0529','HM21-20040700','91-60','E65 730d   Individ. rear panel,leather comfort seat','');
insert into Diagram values('HM21-91_0536','HM21-20040700','91-60','E65 730d   Indiv.cover, basic seat, front','');
insert into Diagram values('HM21-91_0545','HM21-20040700','91-60','E65 730d   Individual cover,Klima-Leather comf.seat','');
insert into Diagram values('HM21-91_0571','HM21-20040700','91-60','E65 730d   Individual sports seat cover, front','');
insert into Diagram values('HM21-91_0743','HM21-20040700','91-60','E65 730d   Indi. rear panel rear seat Infotainment','');
insert into Diagram values('HM21-91_0744','HM21-20040700','91-60','E65 730d   Indi. mount.parts rear seat Infotainment','');
insert into Diagram values('HM21-91_0532','HM21-20040700','91-65','E65 730d   Indiv.cover, basic seat, rear U7','');
insert into DiagramParts values('HM21-91_0533-52208023030', 'HM21-91_0533', 01, 'Cover for comfort seat, leather right', 'U7', 1, to_date('20020901','YYYYMMDD'), to_date('20061101','YYYYMMDD'), '52208023030', '$965.34', '+core, See NoS No Stock', false);
insert into Diagram values('HM21-91_0533','HM21-20040700','91-65','E65 730d   Indiv.cover, comfort seat, rear U7','');
insert into Diagram values('HM21-91_0537','HM21-20040700','91-65','E65 730d   Indiv.cover, basic seat, rear U6','');
insert into Diagram values('HM21-91_0546','HM21-20040700','91-65','E65 730d   Ind. comfort seat Klima-Leather,U6 rear','');
insert into Diagram values('HM21-91_0547','HM21-20040700','91-65','E65 730d   Ind. basic seat Klima-Leather,U6 rear','');
insert into Diagram values('HM21-91_0572','HM21-20040700','91-65','E65 730d   Individual sports seat cover, rear','');
insert into Diagram values('HM21-91_0522','HM21-20040700','91-70','E65 730d   Ind. headrest, comfort seat, front','');
insert into Diagram values('HM21-91_0535','HM21-20040700','91-70','E65 730d   Indv. headrest, basic seat, front','');
insert into Diagram values('HM21-91_0569','HM21-20040700','91-70','E65 730d   Ind. headrest, sports seat, front','');
insert into Diagram values('HM21-91_0524','HM21-20040700','91-75','E65 730d   Indv. headrest, basic seat, rear','');
insert into Diagram values('HM21-91_0525','HM21-20040700','91-75','E65 730d   Ind. headrest, comfort seat, rear','');
insert into Diagram values('HM21-91_0526','HM21-20040700','91-75','E65 730d   Indiv. headrest, rear, center, leather','');
insert into Diagram values('HM21-91_0570','HM21-20040700','91-75','E65 730d   Ind. headrest, sports seat, rear','');
insert into Diagram values('HM21-91_0530','HM21-20040700','91-80','E65 730d   Individual armrest, multifunctional rear','');
insert into Diagram values('HM21-91_0531','HM21-20040700','91-80','E65 730d   Individual armrest, basic rear','');
insert into Diagram values('HM21-91_0557','HM21-20040700','91-88','E65 730d   Indiv. intercom - Control unit','');
insert into DiagramParts values('HM21-91_0742-61128030706', 'HM21-91_0742', 02, 'WIRING SET SEAT RIGHT', 'INDIVIDUAL', 1, to_date('20041101','YYYYMMDD'), to_date('20060901','YYYYMMDD'), '61128030706', '', 'See NoS No Stock', false);
insert into Diagram values('HM21-91_0742','HM21-20040700','91-88','E65 730d   Individual seat wiring harness','');
insert into ProdCodeDate values('HM21-20040700','HM21',to_date('20040701','YYYYMMDD'));
insert into ProdCodeDate values('GM21-20041100','GM21',to_date('20041101','YYYYMMDD'));
insert into ProdCodeDate values('GM22-20041100','GM22',to_date('20041101','YYYYMMDD'));
insert into ProdCodeDate values('HM21-20041100','HM21',to_date('20041101','YYYYMMDD'));
insert into ProdCodeDate values('HM21-20041100','HM21',to_date('20041101','YYYYMMDD'));
insert into ProdCodeDate values('GM21-20041200','GM21',to_date('20041201','YYYYMMDD'));
insert into ProdCodeDate values('GM22-20041200','GM22',to_date('20041201','YYYYMMDD'));
insert into ProdCodeDate values('HM21-20041200','HM21',to_date('20041201','YYYYMMDD'));
insert into ProdCodeDate values('HM21-20041200','HM21',to_date('20041201','YYYYMMDD'));
insert into ProdCodeDate values('HM21-20050800','HM21',to_date('20050801','YYYYMMDD'));
insert into ProdCode values('HM22','730d','Lim','E65','ECE','M57N2','R','08/2005 E65 730d Sedan M57N2 Europe Right hand drive Automatic');
insert into ProdCodeDate values('HM22-20050800','HM22',to_date('20050801','YYYYMMDD'));
insert into DiagramParts values('HM22-01_0196-01400156536', 'HM22-01_0196', 01, 'Owner&apos;s handbook E65, E66', 'DE, MJ 02', 1, to_date('20011101','YYYYMMDD'), to_date('20020301','YYYYMMDD'), '01400156536', '$56.64', '', false);
insert into DiagramParts values('HM22-01_0196-01400156650', 'HM22-01_0196', 01, 'Owner&apos;s handbook E65, E66', 'DE, MJ 02', 1, to_date('20020301','YYYYMMDD'), to_date('20020901','YYYYMMDD'), '01400156650', '', '', false);
insert into DiagramParts values('HM22-01_0196-01400156856', 'HM22-01_0196', 01, 'Owner&apos;s handbook E65, E66', 'DE, MJ 03', 1, to_date('20020901','YYYYMMDD'), to_date('20030101','YYYYMMDD'), '01400156856', '$80.12', '', false);
insert into DiagramParts values('HM22-01_0196-01400157170', 'HM22-01_0196', 01, 'Owner&apos;s handbook E65, E66', 'DE, MJ 03', 1, to_date('20030101','YYYYMMDD'), to_date('20030301','YYYYMMDD'), '01400157170', '', '', false);
insert into DiagramParts values('HM22-01_0196-01400157404', 'HM22-01_0196', 01, 'Owner&apos;s handbook E65, E66, E67', 'DE, MJ 03', 1, to_date('20030301','YYYYMMDD'), to_date('20031001','YYYYMMDD'), '01400157404', '', '', false);
insert into DiagramParts values('HM22-01_0196-01400157660', 'HM22-01_0196', 01, 'Owner&apos;s handbook E65, E66, E67', 'DE, MJ 04', 1, to_date('20031001','YYYYMMDD'), to_date('20040301','YYYYMMDD'), '01400157660', '', '', false);
insert into DiagramParts values('HM22-01_0196-01400158148', 'HM22-01_0196', 01, 'Owner&apos;s handbook E65, E66, E67', 'DE, MJ 04', 1, to_date('20040301','YYYYMMDD'), to_date('20050301','YYYYMMDD'), '01400158148', '', '', false);
insert into DiagramParts values('HM22-01_0196-01400159179', 'HM22-01_0196', 01, 'Owner&apos;s handbook E65, E66, E67', 'DE, MJ 2005', 1, to_date('20050301','YYYYMMDD'), to_date('20050901','YYYYMMDD'), '01400159179', '', '', false);
insert into DiagramParts values('HM22-01_0196-01400159739', 'HM22-01_0196', 01, 'Owner&apos;s handbook E65, E66, E67', 'DE, MJ 2006', 1, to_date('20050901','YYYYMMDD'), to_date('20060301','YYYYMMDD'), '01400159739', '', '', false);
insert into DiagramParts values('HM22-01_0196-01400012268', 'HM22-01_0196', 01, 'Owner&apos;s handbook E65, E66, E67', 'DE, MJ 2006', 1, to_date('20060301','YYYYMMDD'), to_date('20060901','YYYYMMDD'), '01400012268', '', '', false);
insert into DiagramParts values('HM22-01_0196-01400012816', 'HM22-01_0196', 01, 'Owner&apos;s handbook E65, E66, E67', 'DE, MJ 2007', 1, to_date('20060901','YYYYMMDD'), to_date('20070301','YYYYMMDD'), '01400012816', '', '', false);
insert into DiagramParts values('HM22-01_0196-01400013196', 'HM22-01_0196', 01, 'Owner&apos;s handbook E65, E66, E67', 'DE, MJ 07/08', 1, to_date('20070301','YYYYMMDD'), to_date('20080901','YYYYMMDD'), '01400013196', '', '', false);
insert into DiagramParts values('HM22-01_0196-01410156537', 'HM22-01_0196', 02, 'Owner&apos;s handbook E65, E66', 'EN, MJ 02', 1, to_date('20011101','YYYYMMDD'), to_date('20020301','YYYYMMDD'), '01410156537', '$80.12', '', false);
insert into DiagramParts values('HM22-01_0196-01410156651', 'HM22-01_0196', 02, 'Owner&apos;s handbook E65, E66', 'EN, MJ 02', 1, to_date('20020301','YYYYMMDD'), to_date('20020901','YYYYMMDD'), '01410156651', '$80.12', '', false);
insert into DiagramParts values('HM22-01_0196-01410156857', 'HM22-01_0196', 02, 'Owner&apos;s handbook E65, E66', 'EN, MJ 03', 1, to_date('20020901','YYYYMMDD'), to_date('20030101','YYYYMMDD'), '01410156857', '', '', false);
insert into DiagramParts values('HM22-01_0196-01410157171', 'HM22-01_0196', 02, 'Owner&apos;s handbook E65, E66', 'EN, MJ 03', 1, to_date('20030101','YYYYMMDD'), to_date('20040101','YYYYMMDD'), '01410157171', '', '', false);
insert into DiagramParts values('HM22-01_0196-01410157405', 'HM22-01_0196', 02, 'Owner&apos;s handbook E65, E66, E67', 'EN, MJ 03', 1, to_date('20030301','YYYYMMDD'), to_date('20031001','YYYYMMDD'), '01410157405', '', '', false);
insert into DiagramParts values('HM22-01_0196-01410157661', 'HM22-01_0196', 02, 'Owner&apos;s handbook E65, E66, E67', 'EN, MJ 04', 1, to_date('20031001','YYYYMMDD'), to_date('20040301','YYYYMMDD'), '01410157661', '', '', false);
insert into DiagramParts values('HM22-01_0196-01410158149', 'HM22-01_0196', 02, 'Owner&apos;s handbook E65, E66, E67', 'EN, MJ 04', 1, to_date('20040301','YYYYMMDD'), to_date('20050301','YYYYMMDD'), '01410158149', '', '', false);
insert into DiagramParts values('HM22-01_0196-01410159180', 'HM22-01_0196', 02, 'Owner&apos;s handbook E65, E66, E67', 'EN, MJ 2005', 1, to_date('20050301','YYYYMMDD'), to_date('20050901','YYYYMMDD'), '01410159180', '', '', false);
insert into DiagramParts values('HM22-01_0196-01410159740', 'HM22-01_0196', 02, 'Owner&apos;s handbook E65, E66, E67', 'EN, MJ 2006', 1, to_date('20050901','YYYYMMDD'), to_date('20060301','YYYYMMDD'), '01410159740', '', '', false);
insert into DiagramParts values('HM22-01_0196-01410012269', 'HM22-01_0196', 02, 'Owner&apos;s handbook E65, E66, E67', 'EN, MJ 2006', 1, to_date('20060301','YYYYMMDD'), to_date('20060901','YYYYMMDD'), '01410012269', '', '', false);
insert into DiagramParts values('HM22-01_0196-01410012817', 'HM22-01_0196', 02, 'Owner&apos;s handbook E65, E66, E67', 'EN, MJ 2007', 1, to_date('20060901','YYYYMMDD'), to_date('20070301','YYYYMMDD'), '01410012817', '', '', false);
insert into DiagramParts values('HM22-01_0196-01410013197', 'HM22-01_0196', 02, 'Owner&apos;s handbook E65, E66, E67', 'EN, MJ 07/08', 1, to_date('20070301','YYYYMMDD'), to_date('20080901','YYYYMMDD'), '01410013197', '', '', false);
insert into DiagramParts values('HM22-01_0196-01410156685', 'HM22-01_0196', 02, 'Owner&apos;s handbook E65, E66', 'EN, MJ 02 KOREA', 1, to_date('20020301','YYYYMMDD'), to_date('20020901','YYYYMMDD'), '01410156685', '', '', false);
insert into DiagramParts values('HM22-01_0196-01410156899', 'HM22-01_0196', 02, 'Owner&apos;s handbook E65, E66', 'EN, MJ 03 KOREA', 1, to_date('20020901','YYYYMMDD'), to_date('20030101','YYYYMMDD'), '01410156899', '', '', false);
insert into DiagramParts values('HM22-01_0196-01410157200', 'HM22-01_0196', 02, 'Owner&apos;s handbook E65, E66', 'EN, MJ 03 KOREA', 1, to_date('20030101','YYYYMMDD'), to_date('20040101','YYYYMMDD'), '01410157200', '', '', false);
insert into DiagramParts values('HM22-01_0196-01410157479', 'HM22-01_0196', 02, 'Owner&apos;s handbook E65, E66', 'EN, MJ 03 KOREA', 1, to_date('20030301','YYYYMMDD'), to_date('20031001','YYYYMMDD'), '01410157479', '', '', false);
insert into DiagramParts values('HM22-01_0196-01410157755', 'HM22-01_0196', 02, 'Owner&apos;s handbook E65, E66', 'EN, MJ 04 KOREA', 1, to_date('20031001','YYYYMMDD'), to_date('20040301','YYYYMMDD'), '01410157755', '', '', false);
insert into DiagramParts values('HM22-01_0196-01410158224', 'HM22-01_0196', 02, 'Owner&apos;s handbook E65, E66', 'EN, MJ 04 KOREA', 1, to_date('20040301','YYYYMMDD'), to_date('20050301','YYYYMMDD'), '01410158224', '', '', false);
insert into DiagramParts values('HM22-01_0196-01410159960', 'HM22-01_0196', 02, 'Owner&apos;s handbook E65, E66, E67', 'EN, MJ 2006', 1, to_date('20050901','YYYYMMDD'), to_date('20060301','YYYYMMDD'), '01410159960', '', '', false);
insert into DiagramParts values('HM22-01_0196-01410012252', 'HM22-01_0196', 02, 'Owner&apos;s handbook E65, E66, E67', 'EN, MJ 2006', 1, to_date('20060301','YYYYMMDD'), to_date('20060901','YYYYMMDD'), '01410012252', '', '', false);
insert into DiagramParts values('HM22-01_0196-01420156538', 'HM22-01_0196', 03, 'Owner&apos;s handbook E65, E66', 'FR, MJ 02', 1, to_date('20011101','YYYYMMDD'), to_date('20020301','YYYYMMDD'), '01420156538', '', '', false);
insert into DiagramParts values('HM22-01_0196-01420156652', 'HM22-01_0196', 03, 'Owner&apos;s handbook E65, E66', 'FR, MJ 02', 1, to_date('20020201','YYYYMMDD'), to_date('20020401','YYYYMMDD'), '01420156652', '', '', false);
insert into DiagramParts values('HM22-01_0196-01420156733', 'HM22-01_0196', 03, 'Owner&apos;s handbook E65, E66', 'FR, MJ 02', 1, to_date('20020401','YYYYMMDD'), to_date('20020901','YYYYMMDD'), '01420156733', '', '', false);
insert into DiagramParts values('HM22-01_0196-01420156858', 'HM22-01_0196', 03, 'Owner&apos;s handbook E65, E66', 'FR, MJ 03', 1, to_date('20020901','YYYYMMDD'), to_date('20030101','YYYYMMDD'), '01420156858', '', '', false);
insert into DiagramParts values('HM22-01_0196-01420157172', 'HM22-01_0196', 03, 'Owner&apos;s handbook E65, E66', 'FR, MJ 03', 1, to_date('20030101','YYYYMMDD'), to_date('20030301','YYYYMMDD'), '01420157172', '', '', false);
insert into DiagramParts values('HM22-01_0196-01420157406', 'HM22-01_0196', 03, 'Owner&apos;s handbook E65, E66, E67', 'FR, MJ 03', 1, to_date('20030301','YYYYMMDD'), to_date('20031001','YYYYMMDD'), '01420157406', '', '', false);
insert into DiagramParts values('HM22-01_0196-01420157662', 'HM22-01_0196', 03, 'Owner&apos;s handbook E65, E66, E67', 'FR, MJ 2004', 1, to_date('20031001','YYYYMMDD'), to_date('20040301','YYYYMMDD'), '01420157662', '', '', false);
insert into DiagramParts values('HM22-01_0196-01420158150', 'HM22-01_0196', 03, 'Owner&apos;s handbook E65, E66, E67', 'FR, MJ 04', 1, to_date('20040301','YYYYMMDD'), to_date('20050301','YYYYMMDD'), '01420158150', '', '', false);
insert into DiagramParts values('HM22-01_0196-01420159181', 'HM22-01_0196', 03, 'Owner&apos;s handbook E65, E66, E67', 'FR, MJ 2005', 1, to_date('20050301','YYYYMMDD'), to_date('20050901','YYYYMMDD'), '01420159181', '', '', false);
insert into DiagramParts values('HM22-01_0196-01420159741', 'HM22-01_0196', 03, 'Owner&apos;s handbook E65, E66, E67', 'FR, MJ 2006', 1, to_date('20050901','YYYYMMDD'), to_date('20060301','YYYYMMDD'), '01420159741', '', '', false);
insert into DiagramParts values('HM22-01_0196-01420012270', 'HM22-01_0196', 03, 'Owner&apos;s handbook E65, E66, E67', 'FR, MJ 2006', 1, to_date('20060301','YYYYMMDD'), to_date('20060901','YYYYMMDD'), '01420012270', '', '', false);
insert into DiagramParts values('HM22-01_0196-01420012818', 'HM22-01_0196', 03, 'Owner&apos;s handbook E65, E66, E67', 'FR, MJ 2007', 1, to_date('20060901','YYYYMMDD'), to_date('20070301','YYYYMMDD'), '01420012818', '', '', false);
insert into DiagramParts values('HM22-01_0196-01420013198', 'HM22-01_0196', 03, 'Owner&apos;s handbook E65, E66, E67', 'FR, MJ 07/08', 1, to_date('20070301','YYYYMMDD'), to_date('20080901','YYYYMMDD'), '01420013198', '', '', false);
insert into DiagramParts values('HM22-01_0196-01430156539', 'HM22-01_0196', 04, 'Owner&apos;s handbook E65, E66', 'ES, MJ 02', 1, to_date('20011101','YYYYMMDD'), to_date('20020301','YYYYMMDD'), '01430156539', '', '', false);
insert into DiagramParts values('HM22-01_0196-01430156653', 'HM22-01_0196', 04, 'Owner&apos;s handbook E65, E66', 'ES, MJ 02', 1, to_date('20020301','YYYYMMDD'), to_date('20020601','YYYYMMDD'), '01430156653', '', '', false);
insert into DiagramParts values('HM22-01_0196-01430156734', 'HM22-01_0196', 04, 'Owner&apos;s handbook E65, E66', 'ES, MJ 02', 1, to_date('20020601','YYYYMMDD'), to_date('20020901','YYYYMMDD'), '01430156734', '', '', false);
insert into DiagramParts values('HM22-01_0196-01430156859', 'HM22-01_0196', 04, 'Owner&apos;s handbook E65, E66', 'ES, MJ 03', 1, to_date('20020901','YYYYMMDD'), to_date('20030101','YYYYMMDD'), '01430156859', '$80.12', '', false);
insert into DiagramParts values('HM22-01_0196-01430157173', 'HM22-01_0196', 04, 'Owner&apos;s handbook E65, E66', 'ES, MJ 03', 1, to_date('20030101','YYYYMMDD'), to_date('20030301','YYYYMMDD'), '01430157173', '', '', false);
insert into DiagramParts values('HM22-01_0196-01430157407', 'HM22-01_0196', 04, 'Owner&apos;s handbook E65, E66, E67', 'ES, MJ 03', 1, to_date('20030301','YYYYMMDD'), to_date('20031001','YYYYMMDD'), '01430157407', '', '', false);
insert into DiagramParts values('HM22-01_0196-01430157663', 'HM22-01_0196', 04, 'Owner&apos;s handbook E65, E66, E67', 'ES, MJ 04', 1, to_date('20031001','YYYYMMDD'), to_date('20040301','YYYYMMDD'), '01430157663', '', '', false);
insert into DiagramParts values('HM22-01_0196-01430158151', 'HM22-01_0196', 04, 'Owner&apos;s handbook E65, E66, E67', 'ES, MJ 04', 1, to_date('20040301','YYYYMMDD'), to_date('20050301','YYYYMMDD'), '01430158151', '', '', false);
insert into DiagramParts values('HM22-01_0196-01430159182', 'HM22-01_0196', 04, 'Owner&apos;s handbook E65, E66, E67', 'ES, MJ 2005', 1, to_date('20050301','YYYYMMDD'), to_date('20050901','YYYYMMDD'), '01430159182', '', '', false);
insert into DiagramParts values('HM22-01_0196-01420159742', 'HM22-01_0196', 04, 'Owner&apos;s handbook E65, E66, E67', 'ES, MJ 2006', 1, to_date('20050901','YYYYMMDD'), to_date('20060301','YYYYMMDD'), '01420159742', '', '', false);
insert into DiagramParts values('HM22-01_0196-01430012271', 'HM22-01_0196', 04, 'Owner&apos;s handbook E65, E66, E67', 'ES, MJ 2006', 1, to_date('20060301','YYYYMMDD'), to_date('20060901','YYYYMMDD'), '01430012271', '', '', false);
insert into DiagramParts values('HM22-01_0196-01430012819', 'HM22-01_0196', 04, 'Owner&apos;s handbook E65, E66, E67', 'ES, MJ 2007', 1, to_date('20060901','YYYYMMDD'), to_date('20070301','YYYYMMDD'), '01430012819', '', '', false);
insert into DiagramParts values('HM22-01_0196-01430013199', 'HM22-01_0196', 04, 'Owner&apos;s handbook E65, E66, E67', 'ES, MJ 07/08', 1, to_date('20070301','YYYYMMDD'), to_date('20080901','YYYYMMDD'), '01430013199', '', '', false);
insert into DiagramParts values('HM22-01_0196-01430156686', 'HM22-01_0196', 04, 'Owner&apos;s handbook E65, E66', 'ES, MJ 02 USA', 1, to_date('20020301','YYYYMMDD'), to_date('20020601','YYYYMMDD'), '01430156686', '', '', false);
insert into DiagramParts values('HM22-01_0196-01430156900', 'HM22-01_0196', 04, 'Owner&apos;s handbook E65, E66', 'ES, MJ 03 USA', 1, to_date('20020901','YYYYMMDD'), to_date('20030101','YYYYMMDD'), '01430156900', '', '', false);
insert into DiagramParts values('HM22-01_0196-01430157201', 'HM22-01_0196', 04, 'Owner&apos;s handbook E65, E66', 'ES, MJ 02 USA', 1, to_date('20030101','YYYYMMDD'), to_date('20030301','YYYYMMDD'), '01430157201', '', '', false);
insert into DiagramParts values('HM22-01_0196-01430157480', 'HM22-01_0196', 04, 'Owner&apos;s handbook E65, E66', 'ES, MJ 03 USA', 1, to_date('20030301','YYYYMMDD'), to_date('20031001','YYYYMMDD'), '01430157480', '$56.64', '', false);
insert into DiagramParts values('HM22-01_0196-01430157756', 'HM22-01_0196', 04, 'Owner&apos;s handbook E65, E66', 'ES, MJ 04 USA', 1, to_date('20031001','YYYYMMDD'), to_date('20040301','YYYYMMDD'), '01430157756', '', '', false);
insert into DiagramParts values('HM22-01_0196-01430158225', 'HM22-01_0196', 04, 'Owner&apos;s handbook E65, E66', 'ES, MJ 04 USA', 1, to_date('20040301','YYYYMMDD'), to_date('20050301','YYYYMMDD'), '01430158225', '', '', false);
insert into DiagramParts values('HM22-01_0196-01430159255', 'HM22-01_0196', 04, 'Owner&apos;s handbook E65, E66, E67', 'ES, MJ 2005', 1, to_date('20050301','YYYYMMDD'), to_date('20050901','YYYYMMDD'), '01430159255', '', '', false);
insert into DiagramParts values('HM22-01_0196-01430159961', 'HM22-01_0196', 04, 'Owner&apos;s handbook E65, E66, E67', 'ES, MJ 2006', 1, to_date('20050901','YYYYMMDD'), to_date('20060301','YYYYMMDD'), '01430159961', '', '', false);
insert into DiagramParts values('HM22-01_0196-01430012253', 'HM22-01_0196', 04, 'Owner&apos;s handbook E65, E66, E67', 'ES, MJ 2006', 1, to_date('20060301','YYYYMMDD'), to_date('20060901','YYYYMMDD'), '01430012253', '', '', false);
insert into DiagramParts values('HM22-01_0196-01430012839', 'HM22-01_0196', 04, 'Owner&apos;s handbook E65, E66, E67', 'ES, MJ 2007', 1, to_date('20060901','YYYYMMDD'), to_date('20070301','YYYYMMDD'), '01430012839', '$80.12', '', false);
insert into DiagramParts values('HM22-01_0196-01440156540', 'HM22-01_0196', 05, 'Owner&apos;s handbook E65, E66', 'IT, MJ 02', 1, to_date('20011101','YYYYMMDD'), to_date('20020301','YYYYMMDD'), '01440156540', '', '', false);
insert into DiagramParts values('HM22-01_0196-01440156654', 'HM22-01_0196', 05, 'Owner&apos;s handbook E65, E66', 'IT, MJ 02', 1, to_date('20020301','YYYYMMDD'), to_date('20020901','YYYYMMDD'), '01440156654', '', '', false);
insert into DiagramParts values('HM22-01_0196-01440156860', 'HM22-01_0196', 05, 'Owner&apos;s handbook E65, E66', 'IT, MJ 03', 1, to_date('20020901','YYYYMMDD'), to_date('20030101','YYYYMMDD'), '01440156860', '', '', false);
insert into DiagramParts values('HM22-01_0196-01440157174', 'HM22-01_0196', 05, 'Owner&apos;s handbook E65, E66', 'IT, MJ 03', 1, to_date('20030101','YYYYMMDD'), to_date('20030301','YYYYMMDD'), '01440157174', '', '', false);
insert into DiagramParts values('HM22-01_0196-01440157408', 'HM22-01_0196', 05, 'Owner&apos;s handbook E65, E66, E67', 'IT, MJ 03', 1, to_date('20030301','YYYYMMDD'), to_date('20031001','YYYYMMDD'), '01440157408', '', '', false);
insert into DiagramParts values('HM22-01_0196-01440157664', 'HM22-01_0196', 05, 'Owner&apos;s handbook E65, E66, E67', 'IT, MJ 04', 1, to_date('20031001','YYYYMMDD'), to_date('20040301','YYYYMMDD'), '01440157664', '$80.12', '', false);
insert into DiagramParts values('HM22-01_0196-01440158152', 'HM22-01_0196', 05, 'Owner&apos;s handbook E65, E66, E67', 'IT, MJ 04', 1, to_date('20040301','YYYYMMDD'), to_date('20050301','YYYYMMDD'), '01440158152', '', '', false);
insert into DiagramParts values('HM22-01_0196-01440159183', 'HM22-01_0196', 05, 'Owner&apos;s handbook E65, E66, E67', 'IT, MJ 2005', 1, to_date('20050301','YYYYMMDD'), to_date('20050901','YYYYMMDD'), '01440159183', '', '', false);
insert into DiagramParts values('HM22-01_0196-01440159743', 'HM22-01_0196', 05, 'Owner&apos;s handbook E65, E66, E67', 'IT, MJ 2006', 1, to_date('20050901','YYYYMMDD'), to_date('20060301','YYYYMMDD'), '01440159743', '', '', false);
insert into DiagramParts values('HM22-01_0196-01440012272', 'HM22-01_0196', 05, 'Owner&apos;s handbook E65, E66, E67', 'IT, MJ 2006', 1, to_date('20060301','YYYYMMDD'), to_date('20060901','YYYYMMDD'), '01440012272', '', '', false);
insert into DiagramParts values('HM22-01_0196-01440012820', 'HM22-01_0196', 05, 'Owner&apos;s handbook E65, E66, E67', 'IT, MJ 2007', 1, to_date('20060901','YYYYMMDD'), to_date('20070301','YYYYMMDD'), '01440012820', '', '', false);
insert into DiagramParts values('HM22-01_0196-01440013200', 'HM22-01_0196', 05, 'Owner&apos;s handbook E65, E66, E67', 'IT, MJ 07/08', 1, to_date('20070301','YYYYMMDD'), to_date('20080901','YYYYMMDD'), '01440013200', '', '', false);
insert into DiagramParts values('HM22-01_0196-01450156541', 'HM22-01_0196', 06, 'Owner&apos;s handbook E65, E66', 'SV, MJ 02', 1, to_date('20011101','YYYYMMDD'), to_date('20020301','YYYYMMDD'), '01450156541', '', '', false);
insert into DiagramParts values('HM22-01_0196-01450156655', 'HM22-01_0196', 06, 'Owner&apos;s handbook E65, E66', 'SV, MJ 02', 1, to_date('20020301','YYYYMMDD'), to_date('20020901','YYYYMMDD'), '01450156655', '', '', false);
insert into DiagramParts values('HM22-01_0196-01450156861', 'HM22-01_0196', 06, 'Owner&apos;s handbook E65, E66', 'SV, MJ 03', 1, to_date('20020901','YYYYMMDD'), to_date('20030101','YYYYMMDD'), '01450156861', '', '', false);
insert into DiagramParts values('HM22-01_0196-01450157175', 'HM22-01_0196', 06, 'Owner&apos;s handbook E65, E66', 'SV, MJ 03', 1, to_date('20030101','YYYYMMDD'), to_date('20030301','YYYYMMDD'), '01450157175', '', '', false);
insert into DiagramParts values('HM22-01_0196-01450157409', 'HM22-01_0196', 06, 'Owner&apos;s handbook E65, E66, E67', 'SV, MJ 03', 1, to_date('20030301','YYYYMMDD'), to_date('20031001','YYYYMMDD'), '01450157409', '', '', false);
insert into DiagramParts values('HM22-01_0196-01450157665', 'HM22-01_0196', 06, 'Owner&apos;s handbook E65, E66, E67', 'SV, MJ 04', 1, to_date('20031001','YYYYMMDD'), to_date('20040301','YYYYMMDD'), '01450157665', '', '', false);
insert into DiagramParts values('HM22-01_0196-01450158153', 'HM22-01_0196', 06, 'Owner&apos;s handbook E65, E66, E67', 'SV, MJ 04', 1, to_date('20040301','YYYYMMDD'), to_date('20050301','YYYYMMDD'), '01450158153', '', '', false);
insert into DiagramParts values('HM22-01_0196-01450159184', 'HM22-01_0196', 06, 'Owner&apos;s handbook E65, E66, E67', 'SV, MJ 2005', 1, to_date('20050301','YYYYMMDD'), to_date('20050901','YYYYMMDD'), '01450159184', '', '', false);
insert into DiagramParts values('HM22-01_0196-01450159744', 'HM22-01_0196', 06, 'Owner&apos;s handbook E65, E66, E67', 'SV, MJ 2006', 1, to_date('20050901','YYYYMMDD'), to_date('20060301','YYYYMMDD'), '01450159744', '', '', false);
insert into DiagramParts values('HM22-01_0196-01450012273', 'HM22-01_0196', 06, 'Owner&apos;s handbook E65, E66, E67', 'SV, MJ 2006', 1, to_date('20060301','YYYYMMDD'), to_date('20060901','YYYYMMDD'), '01450012273', '', '', false);
insert into DiagramParts values('HM22-01_0196-01450012821', 'HM22-01_0196', 06, 'Owner&apos;s handbook E65, E66, E67', 'SV, MJ 2007', 1, to_date('20060901','YYYYMMDD'), to_date('20070301','YYYYMMDD'), '01450012821', '', '', false);
insert into DiagramParts values('HM22-01_0196-01450013201', 'HM22-01_0196', 06, 'Owner&apos;s handbook E65, E66, E67', 'SV, MJ 07/08', 1, to_date('20070301','YYYYMMDD'), to_date('20080901','YYYYMMDD'), '01450013201', '', '', false);
insert into DiagramParts values('HM22-01_0196-01460156542', 'HM22-01_0196', 07, 'Owner&apos;s handbook E65, E66', 'NL, MJ 02', 1, to_date('20011101','YYYYMMDD'), to_date('20020301','YYYYMMDD'), '01460156542', '', '', false);
insert into DiagramParts values('HM22-01_0196-01460156656', 'HM22-01_0196', 07, 'Owner&apos;s handbook E65, E66', 'NL, MJ 02', 1, to_date('20020301','YYYYMMDD'), to_date('20020901','YYYYMMDD'), '01460156656', '', '', false);
insert into DiagramParts values('HM22-01_0196-01460156862', 'HM22-01_0196', 07, 'Owner&apos;s handbook E65, E66', 'NL, MJ 03', 1, to_date('20020901','YYYYMMDD'), to_date('20030101','YYYYMMDD'), '01460156862', '', '', false);
insert into DiagramParts values('HM22-01_0196-01460157176', 'HM22-01_0196', 07, 'Owner&apos;s handbook E65, E66', 'NL, MJ 03', 1, to_date('20030101','YYYYMMDD'), to_date('20030301','YYYYMMDD'), '01460157176', '', '', false);
insert into DiagramParts values('HM22-01_0196-01460157410', 'HM22-01_0196', 07, 'Owner&apos;s handbook E65, E66, E67', 'NL, MJ 03', 1, to_date('20030301','YYYYMMDD'), to_date('20031001','YYYYMMDD'), '01460157410', '', '', false);
insert into DiagramParts values('HM22-01_0196-01460157666', 'HM22-01_0196', 07, 'Owner&apos;s handbook E65, E66, E67', 'NL, MJ 04', 1, to_date('20031001','YYYYMMDD'), to_date('20040301','YYYYMMDD'), '01460157666', '', '', false);
insert into DiagramParts values('HM22-01_0196-01460158154', 'HM22-01_0196', 07, 'Owner&apos;s handbook E65, E66, E67', 'NL, MJ 04', 1, to_date('20040301','YYYYMMDD'), to_date('20050301','YYYYMMDD'), '01460158154', '', '', false);
insert into DiagramParts values('HM22-01_0196-01460159185', 'HM22-01_0196', 07, 'Owner&apos;s handbook E65, E66, E67', 'NL, MJ 2005', 1, to_date('20050301','YYYYMMDD'), to_date('20050901','YYYYMMDD'), '01460159185', '', '', false);
insert into DiagramParts values('HM22-01_0196-01460159745', 'HM22-01_0196', 07, 'Owner&apos;s handbook E65, E66, E67', 'NL, MJ 2006', 1, to_date('20050901','YYYYMMDD'), to_date('20060301','YYYYMMDD'), '01460159745', '', '', false);
insert into DiagramParts values('HM22-01_0196-01460012274', 'HM22-01_0196', 07, 'Owner&apos;s handbook E65, E66, E67', 'NL, MJ 2006', 1, to_date('20060301','YYYYMMDD'), to_date('20060901','YYYYMMDD'), '01460012274', '', '', false);
insert into DiagramParts values('HM22-01_0196-01460012822', 'HM22-01_0196', 07, 'Owner&apos;s handbook E65, E66, E67', 'NL, MJ 2007', 1, to_date('20060901','YYYYMMDD'), to_date('20070301','YYYYMMDD'), '01460012822', '', '', false);
insert into DiagramParts values('HM22-01_0196-01460013202', 'HM22-01_0196', 07, 'Owner&apos;s handbook E65, E66, E67', 'NL, MJ 07/08', 1, to_date('20070301','YYYYMMDD'), to_date('20080901','YYYYMMDD'), '01460013202', '', '', false);
insert into DiagramParts values('HM22-01_0196-01470156543', 'HM22-01_0196', 08, 'Owner&apos;s handbook E65, E66', 'AR, MJ 02', 1, to_date('20011101','YYYYMMDD'), to_date('20020301','YYYYMMDD'), '01470156543', '', '', false);
insert into DiagramParts values('HM22-01_0196-01470156657', 'HM22-01_0196', 08, 'Owner&apos;s handbook E65, E66', 'AR, MJ 02', 1, to_date('20020301','YYYYMMDD'), to_date('20020901','YYYYMMDD'), '01470156657', '', '', false);
insert into DiagramParts values('HM22-01_0196-01470156863', 'HM22-01_0196', 08, 'Owner&apos;s handbook E65, E66', 'AR, MJ 03', 1, to_date('20020901','YYYYMMDD'), to_date('20030101','YYYYMMDD'), '01470156863', '', '', false);
insert into DiagramParts values('HM22-01_0196-01470157177', 'HM22-01_0196', 08, 'Owner&apos;s handbook E65, E66', 'AR, MJ 03', 1, to_date('20030101','YYYYMMDD'), to_date('20030301','YYYYMMDD'), '01470157177', '', '', false);
insert into DiagramParts values('HM22-01_0196-01470157411', 'HM22-01_0196', 08, 'Owner&apos;s handbook E65, E66, E67', 'AR, MJ 03', 1, to_date('20030301','YYYYMMDD'), to_date('20031001','YYYYMMDD'), '01470157411', '', '', false);
insert into DiagramParts values('HM22-01_0196-01470157667', 'HM22-01_0196', 08, 'Owner&apos;s handbook E65, E66, E67', 'AR, MJ 04', 1, to_date('20031001','YYYYMMDD'), to_date('20040301','YYYYMMDD'), '01470157667', '', '', false);
insert into DiagramParts values('HM22-01_0196-01470158155', 'HM22-01_0196', 08, 'Owner&apos;s handbook E65, E66, E67', 'AR, MJ 04', 1, to_date('20040301','YYYYMMDD'), to_date('20050301','YYYYMMDD'), '01470158155', '', '', false);
insert into DiagramParts values('HM22-01_0196-01470159186', 'HM22-01_0196', 08, 'Owner&apos;s handbook E65, E66, E67', 'AR, MJ 2005', 1, to_date('20050301','YYYYMMDD'), to_date('20050901','YYYYMMDD'), '01470159186', '', '', false);
insert into DiagramParts values('HM22-01_0196-01470159746', 'HM22-01_0196', 08, 'Owner&apos;s handbook E65, E66, E67', 'AR, MJ 2006', 1, to_date('20050901','YYYYMMDD'), to_date('20060301','YYYYMMDD'), '01470159746', '', '', false);
insert into DiagramParts values('HM22-01_0196-01470012275', 'HM22-01_0196', 08, 'Owner&apos;s handbook E65, E66, E67', 'AR, MJ 2006', 1, to_date('20060301','YYYYMMDD'), to_date('20060901','YYYYMMDD'), '01470012275', '', '', false);
insert into DiagramParts values('HM22-01_0196-01470012823', 'HM22-01_0196', 08, 'Owner&apos;s handbook E65, E66, E67', 'AR, MJ 2007', 1, to_date('20060901','YYYYMMDD'), to_date('20070301','YYYYMMDD'), '01470012823', '', '', false);
insert into DiagramParts values('HM22-01_0196-01470013203', 'HM22-01_0196', 08, 'Owner&apos;s handbook E65, E66, E67', 'AR, MJ 07/08', 1, to_date('20070301','YYYYMMDD'), to_date('20080901','YYYYMMDD'), '01470013203', '', '', false);
insert into DiagramParts values('HM22-01_0196-01480156544', 'HM22-01_0196', 09, 'Owner&apos;s handbook E65, E66', 'DA, MJ 02', 1, to_date('20011101','YYYYMMDD'), to_date('20020301','YYYYMMDD'), '01480156544', '', '', false);
insert into DiagramParts values('HM22-01_0196-01480156658', 'HM22-01_0196', 09, 'Owner&apos;s handbook E65, E66', 'DA, MJ 02', 1, to_date('20020301','YYYYMMDD'), to_date('20020901','YYYYMMDD'), '01480156658', '', '', false);
insert into DiagramParts values('HM22-01_0196-01480156864', 'HM22-01_0196', 09, 'Owner&apos;s handbook E65, E66', 'DA, MJ 03', 1, to_date('20020901','YYYYMMDD'), to_date('20030101','YYYYMMDD'), '01480156864', '', '', false);
insert into DiagramParts values('HM22-01_0196-01480157178', 'HM22-01_0196', 09, 'Owner&apos;s handbook E65, E66', 'DA, MJ 03', 1, to_date('20030101','YYYYMMDD'), to_date('20030301','YYYYMMDD'), '01480157178', '', '', false);
insert into DiagramParts values('HM22-01_0196-01480157412', 'HM22-01_0196', 09, 'Owner&apos;s handbook E65, E66, E67', 'DA, MJ 03', 1, to_date('20030301','YYYYMMDD'), to_date('20031001','YYYYMMDD'), '01480157412', '', '', false);
insert into DiagramParts values('HM22-01_0196-01480157668', 'HM22-01_0196', 09, 'Owner&apos;s handbook E65, E66, E67', 'DA, MJ 04', 1, to_date('20031001','YYYYMMDD'), to_date('20040301','YYYYMMDD'), '01480157668', '', '', false);
insert into DiagramParts values('HM22-01_0196-01480158156', 'HM22-01_0196', 09, 'Owner&apos;s handbook E65, E66, E67', 'DA, MJ 04', 1, to_date('20040301','YYYYMMDD'), to_date('20050301','YYYYMMDD'), '01480158156', '', '', false);
insert into DiagramParts values('HM22-01_0196-01480159187', 'HM22-01_0196', 09, 'Owner&apos;s handbook E65, E66, E67', 'DA, MJ 2005', 1, to_date('20050301','YYYYMMDD'), to_date('20050901','YYYYMMDD'), '01480159187', '', '', false);
insert into DiagramParts values('HM22-01_0196-01480159747', 'HM22-01_0196', 09, 'Owner&apos;s handbook E65, E66, E67', 'DA, MJ 2006', 1, to_date('20050901','YYYYMMDD'), to_date('20060301','YYYYMMDD'), '01480159747', '', '', false);
insert into DiagramParts values('HM22-01_0196-01480012276', 'HM22-01_0196', 09, 'Owner&apos;s handbook E65, E66, E67', 'DA, MJ 2006', 1, to_date('20060301','YYYYMMDD'), to_date('20060901','YYYYMMDD'), '01480012276', '', '', false);
insert into DiagramParts values('HM22-01_0196-01480012824', 'HM22-01_0196', 09, 'Owner&apos;s handbook E65, E66, E67', 'DA, MJ 2007', 1, to_date('20060901','YYYYMMDD'), to_date('20070301','YYYYMMDD'), '01480012824', '', '', false);
insert into DiagramParts values('HM22-01_0196-01480013204', 'HM22-01_0196', 09, 'Owner&apos;s handbook E65, E66, E67', 'DA, MJ 07/08', 1, to_date('20070301','YYYYMMDD'), to_date('20080901','YYYYMMDD'), '01480013204', '', '', false);
insert into DiagramParts values('HM22-01_0196-01490156545', 'HM22-01_0196', 10, 'Owner&apos;s handbook E65, E66', 'PT, MJ 02', 1, to_date('20011101','YYYYMMDD'), to_date('20020301','YYYYMMDD'), '01490156545', '', '', false);
insert into DiagramParts values('HM22-01_0196-01490156659', 'HM22-01_0196', 10, 'Owner&apos;s handbook E65, E66', 'PT, MJ 02', 1, to_date('20020301','YYYYMMDD'), to_date('20020901','YYYYMMDD'), '01490156659', '', '', false);
insert into DiagramParts values('HM22-01_0196-01490156865', 'HM22-01_0196', 10, 'Owner&apos;s handbook E65, E66', 'PT, MJ 03', 1, to_date('20020901','YYYYMMDD'), to_date('20030101','YYYYMMDD'), '01490156865', '', '', false);
insert into DiagramParts values('HM22-01_0196-01490157179', 'HM22-01_0196', 10, 'Owner&apos;s handbook E65, E66', 'PT, MJ 03', 1, to_date('20030101','YYYYMMDD'), to_date('20030301','YYYYMMDD'), '01490157179', '', '', false);
insert into DiagramParts values('HM22-01_0196-01490157413', 'HM22-01_0196', 10, 'Owner&apos;s handbook E65, E66, E67', 'PT, MJ 03', 1, to_date('20030301','YYYYMMDD'), to_date('20031001','YYYYMMDD'), '01490157413', '', '', false);
insert into DiagramParts values('HM22-01_0196-01490157669', 'HM22-01_0196', 10, 'Owner&apos;s handbook E65, E66, E67', 'PT, MJ 04', 1, to_date('20031001','YYYYMMDD'), to_date('20040301','YYYYMMDD'), '01490157669', '', '', false);
insert into DiagramParts values('HM22-01_0196-01490158157', 'HM22-01_0196', 10, 'Owner&apos;s handbook E65, E66, E67', 'PT, MJ 04', 1, to_date('20040301','YYYYMMDD'), to_date('20050301','YYYYMMDD'), '01490158157', '', '', false);
insert into DiagramParts values('HM22-01_0196-01490159188', 'HM22-01_0196', 10, 'Owner&apos;s handbook E65, E66, E67', 'PT, MJ 2005', 1, to_date('20050301','YYYYMMDD'), to_date('20050901','YYYYMMDD'), '01490159188', '', '', false);
insert into DiagramParts values('HM22-01_0196-01490159748', 'HM22-01_0196', 10, 'Owner&apos;s handbook E65, E66, E67', 'PT, MJ 2006', 1, to_date('20050901','YYYYMMDD'), to_date('20060301','YYYYMMDD'), '01490159748', '', '', false);
insert into DiagramParts values('HM22-01_0196-01490012277', 'HM22-01_0196', 10, 'Owner&apos;s handbook E65, E66, E67', 'PT, MJ 2006', 1, to_date('20060301','YYYYMMDD'), to_date('20060901','YYYYMMDD'), '01490012277', '', '', false);
insert into DiagramParts values('HM22-01_0196-01490012825', 'HM22-01_0196', 10, 'Owner&apos;s handbook E65, E66, E67', 'PT, MJ 2007', 1, to_date('20060901','YYYYMMDD'), to_date('20070301','YYYYMMDD'), '01490012825', '', '', false);
insert into DiagramParts values('HM22-01_0196-01490013205', 'HM22-01_0196', 10, 'Owner&apos;s handbook E65, E66, E67', 'PT, MJ 07/08', 1, to_date('20070301','YYYYMMDD'), to_date('20080901','YYYYMMDD'), '01490013205', '', '', false);
insert into DiagramParts values('HM22-01_0196-01490159190', 'HM22-01_0196', 13, 'Owner&apos;s handbook E65, E66, E67', 'EL, MJ 2005', 1, to_date('20050301','YYYYMMDD'), to_date('20050901','YYYYMMDD'), '01490159190', '', '', false);
insert into DiagramParts values('HM22-01_0196-01490159750', 'HM22-01_0196', 13, 'Owner&apos;s handbook E65, E66, E67', 'EL, MJ 2006', 1, to_date('20050901','YYYYMMDD'), to_date('20060301','YYYYMMDD'), '01490159750', '', '', false);
insert into DiagramParts values('HM22-01_0196-01490012279', 'HM22-01_0196', 13, 'Owner&apos;s handbook E65, E66, E67', 'EL, MJ 2006', 1, to_date('20060301','YYYYMMDD'), to_date('20060901','YYYYMMDD'), '01490012279', '', '', false);
insert into DiagramParts values('HM22-01_0196-01490012827', 'HM22-01_0196', 13, 'Owner&apos;s handbook E65, E66, E67', 'EL, MJ 2007', 1, to_date('20060901','YYYYMMDD'), to_date('20070301','YYYYMMDD'), '01490012827', '', '', false);
insert into DiagramParts values('HM22-01_0196-01490013207', 'HM22-01_0196', 13, 'Owner&apos;s handbook E65, E66, E67', 'EL, MJ 07/08', 1, to_date('20070301','YYYYMMDD'), to_date('20080901','YYYYMMDD'), '01490013207', '', '', false);
insert into DiagramParts values('HM22-01_0196-01490157886', 'HM22-01_0196', 14, 'Owner&apos;s handbook E65, E66, E67', 'ZH, MJ 03', 1, to_date('20030501','YYYYMMDD'), to_date('20031001','YYYYMMDD'), '01490157886', '', '', false);
insert into DiagramParts values('HM22-01_0196-01490157801', 'HM22-01_0196', 14, 'Owner&apos;s handbook E65, E66, E67', 'ZH, MJ 2004', 1, to_date('20031001','YYYYMMDD'), to_date('20040301','YYYYMMDD'), '01490157801', '', '', false);
insert into DiagramParts values('HM22-01_0196-01490158158', 'HM22-01_0196', 14, 'Owner&apos;s handbook E65, E66, E67', 'ZH, MJ 04', 1, to_date('20040301','YYYYMMDD'), to_date('20050301','YYYYMMDD'), '01490158158', '$80.12', '', false);
insert into DiagramParts values('HM22-01_0196-01490159189', 'HM22-01_0196', 14, 'Owner&apos;s handbook E65, E66, E67', 'ZH, MJ 2005', 1, to_date('20050301','YYYYMMDD'), to_date('20050901','YYYYMMDD'), '01490159189', '', '', false);
insert into DiagramParts values('HM22-01_0196-01490159749', 'HM22-01_0196', 14, 'Owner&apos;s handbook E65, E66, E67', 'ZH, MJ 2006', 1, to_date('20050901','YYYYMMDD'), to_date('20060301','YYYYMMDD'), '01490159749', '', '', false);
insert into DiagramParts values('HM22-01_0196-01490012278', 'HM22-01_0196', 14, 'Owner&apos;s handbook E65, E66, E67', 'ZH, MJ 2006', 1, to_date('20060301','YYYYMMDD'), to_date('20060901','YYYYMMDD'), '01490012278', '', '', false);
insert into DiagramParts values('HM22-01_0196-01490012826', 'HM22-01_0196', 14, 'Owner&apos;s handbook E65, E66, E67', 'ZH, MJ 2007', 1, to_date('20060901','YYYYMMDD'), to_date('20070301','YYYYMMDD'), '01490012826', '$80.12', '', false);
insert into DiagramParts values('HM22-01_0196-01490012961', 'HM22-01_0196', 14, 'Supplementary operating instructions', 'ZH, MJ 2007', 1, to_date('20060901','YYYYMMDD'), to_date('20070301','YYYYMMDD'), '01490012961', '', '', false);
insert into DiagramParts values('HM22-01_0196-01490013206', 'HM22-01_0196', 14, 'Owner&apos;s handbook E65, E66, E67', 'ZH, MJ 07/08', 1, to_date('20070301','YYYYMMDD'), to_date('20080901','YYYYMMDD'), '01490013206', '', '', false);
insert into DiagramParts values('HM22-01_0196-01490013535', 'HM22-01_0196', 15, 'Owner&apos;s handbook E65, E66, E67', 'KO, MJ 2007', 1, to_date('20070301','YYYYMMDD'), to_date('20070901','YYYYMMDD'), '01490013535', '', '', false);
insert into Diagram values('HM22-01_0196','HM22-20050800','01-05','E65 730d   Owner&apos;s handbook E65, E66, E67','');
insert into Diagram values('HM22-01_0206','HM22-20050800','01-05','E65 730d   BMW care tips','');
insert into Diagram values('HM22-01_0207','HM22-20050800','01-05','E65 730d   BMW technical information','');
insert into Diagram values('HM22-01_0756','HM22-20050800','01-05','E65 730d   Mirror placard','');
insert into Diagram values('HM22-01_0780','HM22-20050800','01-05','E65 730d   Brochure Service Contact, BMW','');
insert into Diagram values('HM22-01_0675','HM22-20050800','01-14','E65 730d   Car telephone in rear compartment, SA6NA','');
insert into Diagram values('HM22-01_1128','HM22-20050800','01-19','E65 730d   EC Certificate of Conformity','');
insert into Diagram values('HM22-01_0169','HM22-20050800','01-21','E65 730d   Logbook slipcase BMW','');
insert into Diagram values('HM22-01_1140','HM22-20050800','01-21','E65 730d   Logbook slipcase BMW','');
insert into DiagramParts values('HM22-01_0029-01410157788', 'HM22-01_0029', 01, 'Supplem. to owner&apos;s manual, Australia', 'E65, E66', 1, to_date('20031001','YYYYMMDD'), to_date('20080901','YYYYMMDD'), '01410157788', '', '', false);
insert into Diagram values('HM22-01_0029','HM22-20050800','01-24','E65 730d   Supplem. to owner&apos;s manual, Australia','');
insert into DiagramParts values('HM22-01_0589-01400158199', 'HM22-01_0589', 01, 'Service booklet, German', 'E65, E66, E67', 1, to_date('20010701','YYYYMMDD'), to_date('20040901','YYYYMMDD'), '01400158199', '', '', false);
insert into DiagramParts values('HM22-01_0589-01400012697', 'HM22-01_0589', 01, 'Service booklet, German', 'E65, E66, E67', 1, to_date('20060901','YYYYMMDD'), to_date('20080901','YYYYMMDD'), '01400012697', '', '', false);
insert into DiagramParts values('HM22-01_0589-01410158200', 'HM22-01_0589', 02, 'Service booklet, English', 'E65, E66, E67', 1, to_date('20010701','YYYYMMDD'), to_date('20040901','YYYYMMDD'), '01410158200', '', '', false);
insert into DiagramParts values('HM22-01_0589-01410012698', 'HM22-01_0589', 02, 'Service booklet, English', 'E65, E66, E67', 1, to_date('20060901','YYYYMMDD'), to_date('20080901','YYYYMMDD'), '01410012698', '', '', false);
insert into DiagramParts values('HM22-01_0589-01420158201', 'HM22-01_0589', 03, 'Service booklet, French', 'E65, E66, E67', 1, to_date('20010701','YYYYMMDD'), to_date('20040901','YYYYMMDD'), '01420158201', '', '', false);
insert into DiagramParts values('HM22-01_0589-01420012699', 'HM22-01_0589', 03, 'Service booklet, French', 'E65, E66, E67', 1, to_date('20060901','YYYYMMDD'), to_date('20080901','YYYYMMDD'), '01420012699', '', '', false);
insert into DiagramParts values('HM22-01_0589-01430158202', 'HM22-01_0589', 04, 'Service booklet, Spanish', 'E65, E66, E67', 1, to_date('20010701','YYYYMMDD'), to_date('20040901','YYYYMMDD'), '01430158202', '', '', false);
insert into DiagramParts values('HM22-01_0589-01430012700', 'HM22-01_0589', 04, 'Service booklet, Spanish', 'E65, E66, E67', 1, to_date('20060901','YYYYMMDD'), to_date('20080901','YYYYMMDD'), '01430012700', '', '', false);
insert into DiagramParts values('HM22-01_0589-01440158203', 'HM22-01_0589', 05, 'Service booklet, Italian', 'E65, E66, E67', 1, to_date('20010701','YYYYMMDD'), to_date('20040901','YYYYMMDD'), '01440158203', '', '', false);
insert into DiagramParts values('HM22-01_0589-01440012701', 'HM22-01_0589', 05, 'Service booklet, Italian', 'E65, E66, E67', 1, to_date('20060901','YYYYMMDD'), to_date('20080901','YYYYMMDD'), '01440012701', '', '', false);
insert into DiagramParts values('HM22-01_0589-01450158204', 'HM22-01_0589', 06, 'Service booklet, Swedish', 'E65, E66, E67', 1, to_date('20010701','YYYYMMDD'), to_date('20040901','YYYYMMDD'), '01450158204', '', '', false);
insert into DiagramParts values('HM22-01_0589-01450012702', 'HM22-01_0589', 06, 'Service booklet, Swedish', 'E65, E66, E67', 1, to_date('20060901','YYYYMMDD'), to_date('20080901','YYYYMMDD'), '01450012702', '', '', false);
insert into DiagramParts values('HM22-01_0589-01460158205', 'HM22-01_0589', 07, 'Service booklet, Dutch', 'E65, E66, E67', 1, to_date('20010701','YYYYMMDD'), to_date('20040901','YYYYMMDD'), '01460158205', '', '', false);
insert into DiagramParts values('HM22-01_0589-01460012703', 'HM22-01_0589', 07, 'Service booklet, Dutch', 'E65, E66, E67', 1, to_date('20060901','YYYYMMDD'), to_date('20080901','YYYYMMDD'), '01460012703', '', '', false);
insert into DiagramParts values('HM22-01_0589-01470158206', 'HM22-01_0589', 08, 'Service booklet, Arabic', 'E65, E66, E67', 1, to_date('20010701','YYYYMMDD'), to_date('20040901','YYYYMMDD'), '01470158206', '', '', false);
insert into DiagramParts values('HM22-01_0589-01470012704', 'HM22-01_0589', 08, 'Service booklet, Arabic', 'E65, E66, E67', 1, to_date('20060901','YYYYMMDD'), to_date('20080901','YYYYMMDD'), '01470012704', '', '', false);
insert into DiagramParts values('HM22-01_0589-01480158207', 'HM22-01_0589', 09, 'Service booklet, Danish', 'E65, E66, E67', 1, to_date('20010701','YYYYMMDD'), to_date('20040901','YYYYMMDD'), '01480158207', '', '', false);
insert into DiagramParts values('HM22-01_0589-01480012705', 'HM22-01_0589', 09, 'Service booklet, Danish', 'E65, E66, E67', 1, to_date('20060901','YYYYMMDD'), to_date('20080901','YYYYMMDD'), '01480012705', '', '', false);
insert into DiagramParts values('HM22-01_0589-01490158208', 'HM22-01_0589', 10, 'Service booklet, Portuguese', 'E65, E66, E67', 1, to_date('20010701','YYYYMMDD'), to_date('20040901','YYYYMMDD'), '01490158208', '', '', false);
insert into DiagramParts values('HM22-01_0589-01490012706', 'HM22-01_0589', 10, 'Service booklet, Portuguese', 'E65, E66, E67', 1, to_date('20060901','YYYYMMDD'), to_date('20080901','YYYYMMDD'), '01490012706', '', '', false);
insert into DiagramParts values('HM22-01_0589-01490012708', 'HM22-01_0589', 11, 'Service booklet, greek', 'E65, E66, E67', 1, to_date('20060901','YYYYMMDD'), to_date('20080901','YYYYMMDD'), '01490012708', '', '', false);
insert into DiagramParts values('HM22-01_0589-01490158209', 'HM22-01_0589', 12, 'Service booklet, Chinese', 'E65, E66, E67', 1, to_date('20010701','YYYYMMDD'), to_date('20040901','YYYYMMDD'), '01490158209', '', '', false);
insert into DiagramParts values('HM22-01_0589-01490012707', 'HM22-01_0589', 12, 'Service booklet, Chinese', 'E65, E66, E67', 1, to_date('20060901','YYYYMMDD'), to_date('20080901','YYYYMMDD'), '01490012707', '', '', false);
insert into DiagramParts values('HM22-01_0589-01490013652', 'HM22-01_0589', 13, 'Service manual in Korean', 'E65,E66,E67', 1, to_date('20070301','YYYYMMDD'), to_date('20080901','YYYYMMDD'), '01490013652', '', '', false);
insert into Diagram values('HM22-01_0589','HM22-20050800','01-26','E65 730d   BMW Service booklet 2004 - 2008','');
insert into DiagramParts values('HM22-01_0743-01492600509', 'HM22-01_0743', 15, 'service manual, Russian', 'E65, E66, E67', 1, to_date('20080301','YYYYMMDD'), to_date('20080901','YYYYMMDD'), '01492600509', '', '', false);
insert into Diagram values('HM22-01_0743','HM22-20050800','01-26','E65 730d   BMW Service Manual 2008 - 2011','');
insert into Diagram values('HM22-01_0670','HM22-20050800','01-35','E65 730d   battery charge calendar','');
insert into Diagram values('HM22-01_0681','HM22-20050800','01-40','E65 730d   BMW Service plug unit','');
insert into Diagram values('HM22-01_0680','HM22-20050800','01-46','E65 730d   Service information, BMW','');
insert into Diagram values('HM22-01_0233','HM22-20050800','01-52','E65 730d   Mounting information, Owner&apos;s Manual BMW','');
insert into Diagram values('HM22-01_0635','HM22-20050800','01-60','E65 730d   BMW form','');
insert into Diagram values('HM22-01_0636','HM22-20050800','01-62','E65 730d   Trailer, BMW','');
insert into Diagram values('HM22-01_0637','HM22-20050800','01-64','E65 730d   Sticker, BMW','');
insert into Diagram values('HM22-01_0639','HM22-20050800','01-65','E65 730d   Labels BMW','');
insert into Diagram values('HM22-01_0612','HM22-20050800','01-70','E65 730d   CD/DVD SIP German BMW','');
insert into DiagramParts values('HM22-01_0671-01399789699', 'HM22-01_0671', 01, 'CD literature', 'LITERATUR', 1, to_date('19820901','YYYYMMDD'), to_date('19901201','YYYYMMDD'), '01399789699', '$8.11', '', false);
insert into Diagram values('HM22-01_0671','HM22-20050800','01-70','E65 730d   BMW CD/DVD miscellaneous','');
insert into Diagram values('HM22-01_1172','HM22-20050800','01-70','E65 730d   DVD Web Based Training','');
insert into Diagram values('HM22-01_1039','HM22-20050800','01-94','E65 730d   Sample chart, upholstery colors, leather','');
insert into Diagram values('HM22-01_1040','HM22-20050800','01-94','E65 730d   Sample chart, upholstery colors, leather','');
insert into Diagram values('HM22-01_1041','HM22-20050800','01-94','E65 730d   Sample page, upholstery colors, fabric','');
insert into Diagram values('HM22-01_1042','HM22-20050800','01-94','E65 730d   Sample chart with interior moldings','');
insert into Diagram values('HM22-01_1043','HM22-20050800','01-94','E65 730d   Sample chart with interior moldings','');
insert into Diagram values('HM22-01_1044','HM22-20050800','01-94','E65 730d   Sample chart with interior colors','');
insert into Diagram values('HM22-11_2309','HM22-20050800','11-05','E65 730d   Short Engine','');
insert into Diagram values('HM22-11_2310','HM22-20050800','11-10','E65 730d   Engine block','');
insert into Diagram values('HM22-11_2312','HM22-20050800','11-10','E65 730d   LOWER TIMING CASE','');
insert into Diagram values('HM22-11_3420','HM22-20050800','11-10','E65 730d   Engine Block Mounting Parts','');
insert into Diagram values('HM22-11_3459','HM22-20050800','11-10','E65 730d   OIL PAN/OIL LEVEL INDICATOR','');
insert into Diagram values('HM22-11_2314','HM22-20050800','11-15','E65 730d   Cylinder Head','');
insert into Diagram values('HM22-11_2315','HM22-20050800','11-15','E65 730d   Cylinder Head Attached Parts','');
insert into Diagram values('HM22-11_3934','HM22-20050800','11-15','E65 730d   Cylinder head cover','');
insert into Diagram values('HM22-11_2317','HM22-20050800','11-18','E65 730d   Belt Drive-Vibration Damper','');
insert into Diagram values('HM22-11_3461','HM22-20050800','11-18','E65 730d   Belt Drive Water Pump/Alternator','');
insert into Diagram values('HM22-11_3796','HM22-20050800','11-18','E65 730d   Belt Drive Climate Compressor','');
insert into Diagram values('HM22-11_2321','HM22-20050800','11-20','E65 730d   Crankshaft-Pistons','');
insert into Diagram values('HM22-11_2717','HM22-20050800','11-20','E65 730d   Flywheel automatic','');
insert into Diagram values('HM22-11_3460','HM22-20050800','11-20','E65 730d   Crankshaft With Bearing Shells','');
insert into Diagram values('HM22-11_3833','HM22-20050800','11-20','E65 730d   Crankshaft Connecting Rod','');
insert into Diagram values('HM22-11_3462','HM22-20050800','11-25','E65 730d   Timing - Timing Chain Lower P','');
insert into Diagram values('HM22-11_3653','HM22-20050800','11-25','E65 730d   timing gear timing chain top','');
insert into Diagram values('HM22-11_3654','HM22-20050800','11-25','E65 730d   TIMING AND VALVE TRAIN-CAMSHAFT','');
insert into Diagram values('HM22-11_2328','HM22-20050800','11-30','E65 730d   Lubricat.syst.-oil filter,heat exchanger','');
insert into Diagram values('HM22-11_3863','HM22-20050800','11-30','E65 730d   Lubrication system/Oil pump with drive','');
insert into Diagram values('HM22-11_3465','HM22-20050800','11-35','E65 730d   Waterpump - Thermostat','');
insert into Diagram values('HM22-11_3466','HM22-20050800','11-35','E65 730d   Cooling System Water Hoses','');
insert into Diagram values('HM22-11_3468','HM22-20050800','11-40','E65 730d   INTAKE MANIFOLD-SUPERCHARG.AIR DUCT/AGR','');
insert into Diagram values('HM22-11_3652','HM22-20050800','11-40','E65 730d   Intake manifold- Vacuum-controlled','');
insert into Diagram values('HM22-11_3869','HM22-20050800','11-40','E65 730d   AGR - Vacuum-controlled','');
insert into Diagram values('HM22-11_3877','HM22-20050800','11-40','E65 730d   Intake manifold - vacuum control','');
insert into Diagram values('HM22-11_2336','HM22-20050800','11-45','E65 730d   Vacuum control-AGR','');
insert into Diagram values('HM22-11_3472','HM22-20050800','11-45','E65 730d   VACUUM PUMP WITH TUBES','');
insert into Diagram values('HM22-11_3597','HM22-20050800','11-50','E65 730d   pollutant reduction cooling','');
insert into Diagram values('HM22-11_3835','HM22-20050800','11-50','E65 730d   EXHAUST MANIFOLD-AGR','');
insert into Diagram values('HM22-11_3836','HM22-20050800','11-50','E65 730d   TURBO CHARGER WITH LUBRICATION','');
insert into Diagram values('HM22-11_3873','HM22-20050800','11-50','E65 730d   TURBO CHARGER WITH LUBRICATION','');
insert into Diagram values('HM22-11_3474','HM22-20050800','11-55','E65 730d   Engine acoustics','');
insert into Diagram values('HM22-12_1079','HM22-20050800','12-05','E65 730d   Sensors','');
insert into Diagram values('HM22-12_1139','HM22-20050800','12-05','E65 730d   Sensors','');
insert into Diagram values('HM22-12_1197','HM22-20050800','12-15','E65 730d   Glow plug unit','');
insert into Diagram values('HM22-12_1198','HM22-20050800','12-20','E65 730d   Generator','');
insert into DiagramParts values('HM22-12_1199-12317836490', 'HM22-12_1199', 02, 'Voltage regulator', 'VALEO', 1, to_date('20060601','YYYYMMDD'), to_date('20070101','YYYYMMDD'), '12317836490', '', 'ENDED', false);
insert into DiagramParts values('HM22-12_1199-12318510092', 'HM22-12_1199', 02, 'Voltage regulator', 'VALEO', 1, to_date('20060601','YYYYMMDD'), to_date('20070101','YYYYMMDD'), '12318510092', '', '', false);
insert into Diagram values('HM22-12_1199','HM22-20050800','12-22','E65 730d   Alternator, individual parts','');
insert into Diagram values('HM22-12_1200','HM22-20050800','12-25','E65 730d   Starter','');
insert into Diagram values('HM22-12_1070','HM22-20050800','12-28','E65 730d   Engine wiring harness, engine module','');
insert into Diagram values('HM22-12_1201','HM22-20050800','12-28','E65 730d   Wiring harness, engine, injector module','');
insert into Diagram values('HM22-12_1169','HM22-20050800','12-29','E65 730d   DIVERSE SMALL PARTS','');
insert into Diagram values('HM22-12_1214','HM22-20050800','12-29','E65 730d   BATTERY CABLE/CABLE STARTER','');
insert into Diagram values('HM22-12_1238','HM22-20050800','12-31','E65 730d   CABLE HOLDER/COVERING','');
insert into Diagram values('HM22-12_1249','HM22-20050800','12-32','E65 730d   End cap','');
insert into Diagram values('HM22-12_1157','HM22-20050800','12-35','E65 730d   Control unit box','');
insert into Diagram values('HM22-12_1168','HM22-20050800','12-35','E65 730d   Control unit box','');
insert into Diagram values('HM22-12_1205','HM22-20050800','12-35','E65 730d   RELAY MOTOR','');
insert into Diagram values('HM22-13_0982','HM22-20050800','13-10','E65 730d   Fuel filter','');
insert into Diagram values('HM22-13_1149','HM22-20050800','13-10','E65 730d   Fuel lines','');
insert into Diagram values('HM22-13_0958','HM22-20050800','13-15','E65 730d   High-pressure pump','');
insert into Diagram values('HM22-13_0966','HM22-20050800','13-15','E65 730d   Basic DDE control unit','');
insert into Diagram values('HM22-13_1150','HM22-20050800','13-15','E65 730d   High pressure accumulator/injector/line','');
insert into Diagram values('HM22-13_0986','HM22-20050800','13-20','E65 730d   SUCTION SILENCER/FILTER CARTRIDGE','');
insert into Diagram values('HM22-13_1151','HM22-20050800','13-20','E65 730d   Hot-film air mass meter/clean air pipe','');
insert into Diagram values('HM22-16_0517','HM22-20050800','16-05','E65 730d   FUEL TANK/ATTACHING PARTS','');
insert into Diagram values('HM22-16_0514','HM22-20050800','16-10','E65 730d   EXP.TANK/ACTIVATED CARBON CONTAINER','');
insert into Diagram values('HM22-16_0690','HM22-20050800','16-10','E65 730d   EXP.TANK/ACTIVATED CARBON CONTAINER','');
insert into Diagram values('HM22-16_0516','HM22-20050800','16-15','E65 730d   Fuel pump and fuel level sensor','');
insert into Diagram values('HM22-16_0536','HM22-20050800','16-15','E65 730d   Fuel lines','');
insert into Diagram values('HM22-17_0240','HM22-20050800','17-05','E65 730d   MOUNTING PARTS F RADIATOR','');
insert into Diagram values('HM22-17_0241','HM22-20050800','17-05','E65 730d   Cooling water expansion tank','');
insert into Diagram values('HM22-17_0242','HM22-20050800','17-05','E65 730d   Fan shroud/fan','');
insert into Diagram values('HM22-17_0243','HM22-20050800','17-05','E65 730d   Charge air cooler/power steering cooler','');
insert into Diagram values('HM22-17_0244','HM22-20050800','17-05','E65 730d   Heat exch./transmission oil cooler line','');
insert into Diagram values('HM22-17_0278','HM22-20050800','17-05','E65 730d   Charge-air cooler','');
insert into Diagram values('HM22-17_0245','HM22-20050800','17-30','E65 730d   Cooling System Water Hoses','');
insert into Diagram values('HM22-18_0505','HM22-20050800','18-10','E65 730d   Catalytic converter/Front silencer','');
insert into Diagram values('HM22-18_0593','HM22-20050800','18-10','E65 730d   DIESEL CATALYST','');
insert into Diagram values('HM22-18_0594','HM22-20050800','18-10','E65 730d   Diesel particle filter','');
insert into Diagram values('HM22-18_0786','HM22-20050800','18-10','E65 730d   Diesel part.filter sens./mounting parts','');
insert into Diagram values('HM22-18_0506','HM22-20050800','18-20','E65 730d   Exhaust system, rear','');
insert into Diagram values('HM22-22_0085','HM22-20050800','22-05','E65 730d   Engine Suspension','');
insert into Diagram values('HM22-22_0074','HM22-20050800','22-10','E65 730d   TRANSMISSION SUSPENSION','');
insert into Diagram values('HM22-24_1016','HM22-20050800','24-05','E65 730d   Automatic gearbox GA6HP26Z','');
insert into Diagram values('HM22-24_0827','HM22-20050800','24-10','E65 730d   GEARBOX MOUNTING','');
insert into Diagram values('HM22-24_1004','HM22-20050800','24-13','E65 730d   Emergency release','');
insert into Diagram values('HM22-24_1017','HM22-20050800','24-13','E65 730d   Emergency release','');
insert into Diagram values('HM22-24_1009','HM22-20050800','24-15','E65 730d   GA6HP26Z housing with mounting parts','');
insert into Diagram values('HM22-24_1010','HM22-20050800','24-15','E65 730d   GA6HP26Z oil pan','');
insert into Diagram values('HM22-24_1011','HM22-20050800','24-15','E65 730d   GA6HP26Z gearshift parts','');
insert into DiagramParts values('HM22-24_1012-24207571212', 'HM22-24_1012', 05, 'Shaft seal', '28X35,5X5,2', 1, to_date('20020901','YYYYMMDD'), to_date('20110901','YYYYMMDD'), '24207571212', '', 'ENDED', false);
insert into Diagram values('HM22-24_1012','HM22-20050800','24-15','E65 730d   GA6HP26Z output','');
insert into Diagram values('HM22-24_1013','HM22-20050800','24-15','E65 730d   GA6HP26Z Mechatronics','');
insert into Diagram values('HM22-24_1014','HM22-20050800','24-15','E65 730d   GA6HP26Z Mechatronik mounting parts','');
insert into Diagram values('HM22-24_1372','HM22-20050800','24-15','E65 730d   Fluid-change kit, autom. transmission','');
insert into Diagram values('HM22-26_0184','HM22-20050800','26-05','E65 730d   Drive shaft (constant-velocity joint)','');
insert into Diagram values('HM22-26_0189','HM22-20050800','26-10','E65 730d   DRIVE SHAFT-CEN.BEARING-CONST.VEL.JOINT','');
insert into Diagram values('HM22-31_0624','HM22-20050800','31-05','E65 730d   Frnt axle support,wishbone/tension strut','');
insert into Diagram values('HM22-31_0626','HM22-20050800','31-05','E65 730d   HEADLIGHT VERTICAL AIM CONTROL SENSOR','');
insert into Diagram values('HM22-31_0395','HM22-20050800','31-10','E65 730d   FRONT COIL SPRING','');
insert into Diagram values('HM22-31_0627','HM22-20050800','31-10','E65 730d   Front Spring strut/Carrier/Wheel bearing','');
insert into Diagram values('HM22-31_0628','HM22-20050800','31-10','E65 730d   GUIDE SUPPORT/SPRING PAD/ATTACHING PARTS','');
insert into Diagram values('HM22-31_0631','HM22-20050800','31-10','E65 730d   Stabilizer, front','');
insert into Diagram values('HM22-31_0720','HM22-20050800','31-10','E65 730d   Front stabilizer bar/Dynamic Drive','');
insert into Diagram values('HM22-31_0721','HM22-20050800','31-10','E65 730d   Valve block + add-on parts/Dynamic Drive','');
insert into Diagram values('HM22-32_1322','HM22-20050800','32-10','E65 730d   Hydro steering box','');
insert into Diagram values('HM22-32_1374','HM22-20050800','32-15','E65 730d   Power steering pump','');
insert into Diagram values('HM22-32_1375','HM22-20050800','32-15','E65 730d   Power steering pump/Dynamic Drive','');
insert into Diagram values('HM22-32_1333','HM22-20050800','32-20','E65 730d   Oil reservoir/components/Dynamic Drive','');
insert into Diagram values('HM22-32_1378','HM22-20050800','32-20','E65 730d   Power steering/oil pipe/dynamic drive','');
insert into Diagram values('HM22-32_1379','HM22-20050800','32-20','E65 730d   HYDRO STEERING-OIL PIPES','');
insert into Diagram values('HM22-32_1407','HM22-20050800','32-20','E65 730d   HYDRO STEERING-OIL PIPES','');
insert into Diagram values('HM22-32_1408','HM22-20050800','32-20','E65 730d   Power steering/oil pipe/dynamic drive','');
insert into Diagram values('HM22-32_1410','HM22-20050800','32-20','E65 730d   Repair kit, oil pipe quick coupling','');
insert into Diagram values('HM22-32_1323','HM22-20050800','32-25','E65 730d   STEERING LINKAGE/TIE RODS','');
insert into Diagram values('HM22-32_1328','HM22-20050800','32-30','E65 730d   Electron.steer. column adj./add-on parts','');
insert into Diagram values('HM22-32_1417','HM22-20050800','32-35','E65 730d   Sport st.whl.airbag-smart /Multifunction','');
insert into Diagram values('HM22-32_1578','HM22-20050800','32-35','E65 730d   Steering wheel Airbag-Smart multifunct.','');
insert into Diagram values('HM22-32_1372','HM22-20050800','32-95','E65 730d   St.wheel rim, leather/wood','');
insert into Diagram values('HM22-32_1451','HM22-20050800','32-95','E65 730d   Modificat.4-spoke MFL strng whl=> Sport','');
insert into Diagram values('HM22-32_1628','HM22-20050800','32-95','E65 730d   St.wheel rim, leather/wood','');
insert into Diagram values('HM22-33_1135','HM22-20050800','33-05','E65 730d   DIFFERENTIAL-DRIVE/OUTPUT','');
insert into Diagram values('HM22-33_1102','HM22-20050800','33-10','E65 730d   Final drive, gasket set','');
insert into Diagram values('HM22-33_1103','HM22-20050800','33-25','E65 730d   Output shaft','');
insert into Diagram values('HM22-33_1111','HM22-20050800','33-30','E65 730d   REAR AXLE SUPPORT/WHEEL SUSPENSION','');
insert into Diagram values('HM22-33_1113','HM22-20050800','33-30','E65 730d   HEADLIGHT VERTICAL AIM CONTROL SENSOR','');
insert into Diagram values('HM22-33_1173','HM22-20050800','33-30','E65 730d   REAR AXLE CARRIER','');
insert into Diagram values('HM22-33_1114','HM22-20050800','33-40','E65 730d   SIDE SHAFT/WHEEL BEARINGS','');
insert into Diagram values('HM22-33_0857','HM22-20050800','33-45','E65 730d   REAR COIL SPRING','');
insert into Diagram values('HM22-33_1115','HM22-20050800','33-45','E65 730d   REAR SPRING STRUT MOUNTING PARTS','');
insert into Diagram values('HM22-33_1117','HM22-20050800','33-45','E65 730d   Stabilizer, rear','');
insert into Diagram values('HM22-33_1269','HM22-20050800','33-45','E65 730d   REAR SPRING STRUT EDC/CTRL UNIT/SENSOR','');
insert into Diagram values('HM22-33_1270','HM22-20050800','33-45','E65 730d   Rear stabilizer bar/Dynamic Drive','');
insert into Diagram values('HM22-33_1271','HM22-20050800','33-45','E65 730d   Add-on parts/Dynamic Drive','');
insert into Diagram values('HM22-33_1127','HM22-20050800','33-50','E65 730d   Levelling device/air spring strut/sensor','');
insert into Diagram values('HM22-34_1391','HM22-20050800','34-05','E65 730d   Front brake pad wear sensor','');
insert into Diagram values('HM22-34_1227','HM22-20050800','34-07','E65 730d   Front brake-brake disc','');
insert into Diagram values('HM22-34_1228','HM22-20050800','34-10','E65 730d   Rear brake pad wear sensor','');
insert into DiagramParts values('HM22-34_1229-34216765889', 'HM22-34_1229', 01, 'Brake disc, ventilated', '345X24', 2, to_date('20050301','YYYYMMDD'), to_date('20130701','YYYYMMDD'), '34216765889', '$139.27', '', false);
insert into Diagram values('HM22-34_1229','HM22-20050800','34-12','E65 730d   Rear wheel brake-Brake disc','');
insert into Diagram values('HM22-34_1230','HM22-20050800','34-15','E65 730d   Brake pipe, front','');
insert into Diagram values('HM22-34_1231','HM22-20050800','34-15','E65 730d   Brake pipe, front','');
insert into Diagram values('HM22-34_1232','HM22-20050800','34-17','E65 730d   Brake pipe rear','');
insert into Diagram values('HM22-34_1233','HM22-20050800','34-20','E65 730d   Hydro unit DSC/control unit/fastening','');
insert into Diagram values('HM22-34_1234','HM22-20050800','34-20','E65 730d   DSC compressor/senors/mounting parts','');
insert into Diagram values('HM22-34_1236','HM22-20050800','34-25','E65 730d   BRAKE MASTER CYLINDER/EXPANSION TANK','');
insert into Diagram values('HM22-34_1237','HM22-20050800','34-27','E65 730d   Power brake unit depression','');
insert into Diagram values('HM22-34_1239','HM22-20050800','34-27','E65 730d   Power brake unit depression','');
insert into Diagram values('HM22-34_1240','HM22-20050800','34-30','E65 730d   Parking brake/actuator','');
insert into Diagram values('HM22-34_1241','HM22-20050800','34-40','E65 730d   PARKING BRAKE/BRAKE SHOES','');
insert into Diagram values('HM22-35_0277','HM22-20050800','35-05','E65 730d   Pedal assembly','');
insert into Diagram values('HM22-35_0274','HM22-20050800','35-20','E65 730d   Acceleration/accelerator pedal module','');
insert into Diagram values('HM22-35_0315','HM22-20050800','35-95','E65 730d   Set of high-grade steel pedal covers','');
insert into Diagram values('HM22-35_0377','HM22-20050800','35-95','E65 730d   Aluminum pedal covers','');
insert into Diagram values('HM22-36_0515','HM22-20050800','36-15','E65 730d   BMW LA wheel, double spoke 93','');
insert into Diagram values('HM22-36_0516','HM22-20050800','36-15','E65 730d   BMW LA wheel Styling 94','');
insert into Diagram values('HM22-36_0517','HM22-20050800','36-15','E65 730d   BMW LA wheel, star spoke 95','');
insert into Diagram values('HM22-36_0518','HM22-20050800','36-15','E65 730d   BMW light alloy wheel, spider spoke 92','');
insert into Diagram values('HM22-36_0524','HM22-20050800','36-15','E65 730d   BMW LA wheel, star spoke 89','');
insert into Diagram values('HM22-36_0525','HM22-20050800','36-15','E65 730d   BMW light alloy wheel, radial spoke 32','');
insert into Diagram values('HM22-36_0526','HM22-20050800','36-15','E65 730d   BMW compound wheel M cross spoke 101','');
insert into Diagram values('HM22-36_0649','HM22-20050800','36-15','E65 730d   BMW alloy wheel, ellipsoid styling 91','');
insert into Diagram values('HM22-36_0702','HM22-20050800','36-15','E65 730d   BMW light alloy wheel, V-spoke 126','');
insert into Diagram values('HM22-36_0736','HM22-20050800','36-15','E65 730d   BMW LA wheel Y-spoke 149','');
insert into Diagram values('HM22-36_0762','HM22-20050800','36-15','E65 730d   BMW LA Individual wheel V-spoke 152','');
insert into Diagram values('HM22-36_0771','HM22-20050800','36-15','E65 730d   BMW light alloy wheel, spider spoke 128','');
insert into Diagram values('HM22-36_0891','HM22-20050800','36-15','E65 730d   BMW light alloy wheel, spider spoke 165','');
insert into Diagram values('HM22-36_0892','HM22-20050800','36-15','E65 730d   BMW LA wheel/double spoke 174','');
insert into Diagram values('HM22-36_0893','HM22-20050800','36-15','E65 730d   BMW light alloy wheel, spider spoke 175','');
insert into Diagram values('HM22-36_0894','HM22-20050800','36-15','E65 730d   BMW light-alloy wheel, spoke styl. 176','');
insert into Diagram values('HM22-36_1002','HM22-20050800','36-15','E65 730d   BMW LA wheel, star spoke 231','');
insert into Diagram values('HM22-36_0498','HM22-20050800','36-20','E65 730d   Balance weight, lead','');
insert into Diagram values('HM22-36_0884','HM22-20050800','36-20','E65 730d   Balance weight, zinc','');
insert into Diagram values('HM22-36_0630','HM22-20050800','36-25','E65 730d   WHEEL BOLT LOCK WITH ADAPTOR','');
insert into Diagram values('HM22-36_0732','HM22-20050800','36-25','E65 730d   WHEEL BOLT LOCK WITH ADAPTOR','');
insert into Diagram values('HM22-36_1032','HM22-20050800','36-25','E65 730d   SET WHEEL LOCKS','');
insert into Diagram values('HM22-36_1266','HM22-20050800','36-30','E65 730d   Winter tires','');
insert into Diagram values('HM22-36_1267','HM22-20050800','36-30','E65 730d   Summer tires','');
insert into Diagram values('HM22-41_1400','HM22-20050800','41-05','E65 730d   Body skeleton','');
insert into Diagram values('HM22-41_1401','HM22-20050800','41-10','E65 730d   FRONT BODY PARTS','');
insert into Diagram values('HM22-41_1404','HM22-20050800','41-10','E65 730d   SPLASH WALL PARTS','');
insert into Diagram values('HM22-41_1406','HM22-20050800','41-10','E65 730d   FRONT BODY BRACKET LEFT','');
insert into Diagram values('HM22-41_1407','HM22-20050800','41-10','E65 730d   FRONT BODY BRACKET RIGHT','');
insert into Diagram values('HM22-41_1408','HM22-20050800','41-10','E65 730d   Front side panel','');
insert into Diagram values('HM22-41_1409','HM22-20050800','41-20','E65 730d   BODY-SIDE FRAME','');
insert into Diagram values('HM22-41_1410','HM22-20050800','41-20','E65 730d   SINGLE COMPONENTS FOR BODY-SIDE FRAME','');
insert into Diagram values('HM22-41_1411','HM22-20050800','41-20','E65 730d   Cavity shielding, side frame','');
insert into Diagram values('HM22-41_1416','HM22-20050800','41-20','E65 730d   Partition trunk','');
insert into Diagram values('HM22-41_1420','HM22-20050800','41-25','E65 730d   SIDE PANEL/TAIL TRIM','');
insert into Diagram values('HM22-41_1434','HM22-20050800','41-25','E65 730d   FLOOR PANEL TRUNK/WHEEL HOUSING REAR','');
insert into Diagram values('HM22-41_1419','HM22-20050800','41-30','E65 730d   Roof','');
insert into Diagram values('HM22-41_1421','HM22-20050800','41-35','E65 730d   ENGINE HOOD/MOUNTING PARTS','');
insert into Diagram values('HM22-41_1417','HM22-20050800','41-40','E65 730d   Radio remote control','');
insert into Diagram values('HM22-41_1423','HM22-20050800','41-40','E65 730d   FRONT DOOR-HINGE/DOOR BRAKE','');
insert into Diagram values('HM22-41_1431','HM22-20050800','41-40','E65 730d   Door weatherstrip front','');
insert into Diagram values('HM22-41_1435','HM22-20050800','41-40','E65 730d   FRONT DOOR CONTROL/DOOR LOCK','');
insert into Diagram values('HM22-41_1424','HM22-20050800','41-45','E65 730d   Door rear, hinge/door brake','');
insert into Diagram values('HM22-41_1432','HM22-20050800','41-45','E65 730d   Door weatherstrip rear','');
insert into Diagram values('HM22-41_1436','HM22-20050800','41-45','E65 730d   REAR DOOR CONTROL/DOOR LOCK','');
insert into Diagram values('HM22-41_1422','HM22-20050800','41-50','E65 730d   Master key locking','');
insert into Diagram values('HM22-41_1425','HM22-20050800','41-60','E65 730d   SINGLE COMPONENTS FOR TRUNK LID','');
insert into Diagram values('HM22-41_1437','HM22-20050800','41-60','E65 730d   TRUNK LID HYDRAULIC PARTS','');
insert into Diagram values('HM22-41_1465','HM22-20050800','41-60','E65 730d   TRUNK LID/CLOSING SYSTEM','');
insert into Diagram values('HM22-41_0983','HM22-20050800','41-65','E65 730d   MECHANICAL CONNECTION ELEMENTS','');
insert into Diagram values('HM22-51_4405','HM22-20050800','51-05','E65 730d   Glazing','');
insert into Diagram values('HM22-51_4458','HM22-20050800','51-05','E65 730d   GLAZING SINGLE PARTS','');
insert into Diagram values('HM22-51_4459','HM22-20050800','51-10','E65 730d   EL.FRONT DOOR WINDOW LIFTING MECHANISM','');
insert into Diagram values('HM22-51_4461','HM22-20050800','51-10','E65 730d   Outside mirror, basic','');
insert into Diagram values('HM22-51_4462','HM22-20050800','51-10','E65 730d   Outs. mirror,electrochr.+ fold-in SA 430','');
insert into Diagram values('HM22-51_4464','HM22-20050800','51-10','E65 730d   Mirror glas, basic','');
insert into Diagram values('HM22-51_4465','HM22-20050800','51-10','E65 730d   Mirror glas, electrochrome','');
insert into Diagram values('HM22-51_4544','HM22-20050800','51-10','E65 730d   Mounting parts, outside mirror','');
insert into Diagram values('HM22-51_4460','HM22-20050800','51-12','E65 730d   EL.REAR DOOR WINDOW LIFTING MECHANISM','');
insert into DiagramParts values('HM22-51_5696-51258118766', 'HM22-51_5696', 02, 'Screw', 'ST 4.8X13', 4, to_date('20050301','YYYYMMDD'), to_date('20070301','YYYYMMDD'), '51258118766', '', 'ENDED', false);
insert into Diagram values('HM22-51_5696','HM22-20050800','51-15','E65 730d   Trim panel, bumper, front','');
insert into Diagram values('HM22-51_5866','HM22-20050800','51-15','E65 730d   Carrier, bumper front','');
insert into Diagram values('HM22-51_5870','HM22-20050800','51-15','E65 730d   Front bumper trim - body moldings','');
insert into Diagram values('HM22-51_5871','HM22-20050800','51-15','E65 730d   Trim pce fr. bumper-chrome impact strips','');
insert into Diagram values('HM22-51_5873','HM22-20050800','51-15','E65 730d   Rear bumper trim - body moldings','');
insert into Diagram values('HM22-51_5874','HM22-20050800','51-15','E65 730d   Trim piece rear bump.-chrome imp. strips','');
insert into Diagram values('HM22-51_5876','HM22-20050800','51-15','E65 730d   Carrier, bumper rear','');
insert into Diagram values('HM22-51_5880','HM22-20050800','51-15','E65 730d   Bumper trim panel, rear','');
insert into Diagram values('HM22-51_4565','HM22-20050800','51-20','E65 730d   Exterior covers / door front','');
insert into Diagram values('HM22-51_4566','HM22-20050800','51-20','E65 730d   Exterior covers / door rear','');
insert into Diagram values('HM22-51_4804','HM22-20050800','51-20','E65 730d   Roof molding','');
insert into Diagram values('HM22-51_5703','HM22-20050800','51-20','E65 730d   Door sill cover','');
insert into Diagram values('HM22-51_5890','HM22-20050800','51-20','E65 730d   Emblems / letterings','');
insert into Diagram values('HM22-51_5892','HM22-20050800','51-20','E65 730d   Grille','');
insert into Diagram values('HM22-51_5557','HM22-20050800','51-30','E65 730d   Trim panel dashboard I','');
insert into Diagram values('HM22-51_5558','HM22-20050800','51-30','E65 730d   Trim panel dashboard II','');
insert into DiagramParts values('HM22-51_5559-51168248320', 'HM22-51_5559', 07, 'SELF-LOCKING HEX NUT', 'M6', 6, to_date('20050301','YYYYMMDD'), to_date('20070701','YYYYMMDD'), '51168248320', '', 'ENDED', false);
insert into Diagram values('HM22-51_5559','HM22-20050800','51-30','E65 730d   Trim panel dashboard mounting parts','');
insert into Diagram values('HM22-51_5560','HM22-20050800','51-30','E65 730d   Trim panel dashboard mounting parts','');
insert into Diagram values('HM22-51_5561','HM22-20050800','51-30','E65 730d   GLOVE BOX','');
insert into DiagramParts values('HM22-51_5563-51168248320', 'HM22-51_5563', 07, 'SELF-LOCKING HEX NUT', 'M6', 2, to_date('20050301','YYYYMMDD'), to_date('20070701','YYYYMMDD'), '51168248320', '', 'ENDED', false);
insert into Diagram values('HM22-51_5563','HM22-20050800','51-35','E65 730d   Center console/mount/trim','');
insert into Diagram values('HM22-51_5564','HM22-20050800','51-35','E65 730d   Center console/bottom,storage,drink hold','');
insert into DiagramParts values('HM22-51_5565-51168248320', 'HM22-51_5565', 14, 'SELF-LOCKING HEX NUT', 'M6', 3, to_date('20050301','YYYYMMDD'), to_date('20070701','YYYYMMDD'), '51168248320', '', 'ENDED', false);
insert into Diagram values('HM22-51_5565','HM22-20050800','51-35','E65 730d   Center console/armrest,support,trim pan.','');
insert into Diagram values('HM22-51_5566','HM22-20050800','51-35','E65 730d   Center arm rest, finisher lid','');
insert into Diagram values('HM22-51_5567','HM22-20050800','51-35','E65 730d   Center arm rest, oddments trays','');
insert into Diagram values('HM22-51_5578','HM22-20050800','51-40','E65 730d   Sun visor','');
insert into DiagramParts values('HM22-51_5642-51169123939', 'HM22-51_5642', 06, 'Rearview mirror EC / LED / GTO / FLA', '434 MHZ', 1, to_date('20050901','YYYYMMDD'), to_date('20060301','YYYYMMDD'), '51169123939', '', 'ENDED', false);
insert into Diagram values('HM22-51_5642','HM22-20050800','51-40','E65 730d   Interior mirror','');
insert into DiagramParts values('HM22-51_5745-51437162012', 'HM22-51_5745', 08, 'Trim panel, right lower centre column', 'FLANELLGRAU', 1, to_date('20050301','YYYYMMDD'), to_date('20070701','YYYYMMDD'), '51437162012', '', '+core, ENDED', false);
insert into DiagramParts values('HM22-51_5745-51437162010', 'HM22-51_5745', 08, 'Trim panel, right lower centre column', 'ANTHRAZIT', 1, to_date('20050301','YYYYMMDD'), to_date('20070701','YYYYMMDD'), '51437162010', '', '+core, ENDED', false);
insert into DiagramParts values('HM22-51_5745-51437162032', 'HM22-51_5745', 08, 'Trim panel, right lower centre column', 'FLANELLGRAU', 1, to_date('20050301','YYYYMMDD'), to_date('20070701','YYYYMMDD'), '51437162032', '', '+core, ENDED', false);
insert into DiagramParts values('HM22-51_5745-51437162060', 'HM22-51_5745', 08, 'Trim panel, right lower centre column', 'CREAMBEIGE', 1, to_date('20050301','YYYYMMDD'), to_date('20070701','YYYYMMDD'), '51437162060', '', '+core, ENDED', false);
insert into DiagramParts values('HM22-51_5745-51437162356', 'HM22-51_5745', 08, 'Trim panel, right lower centre column', 'LAVABLAU', 1, to_date('20050301','YYYYMMDD'), to_date('20070701','YYYYMMDD'), '51437162356', '', '+core, ENDED', false);
insert into DiagramParts values('HM22-51_5745-51437162038', 'HM22-51_5745', 08, 'Trim panel, right lower centre column', 'CREAMBEIGE', 1, to_date('20050301','YYYYMMDD'), to_date('20070701','YYYYMMDD'), '51437162038', '', 'ENDED', false);
insert into DiagramParts values('HM22-51_5745-51437162036', 'HM22-51_5745', 08, 'Trim panel, right lower centre column', 'NATURBRAUN', 1, to_date('20050301','YYYYMMDD'), to_date('20070701','YYYYMMDD'), '51437162036', '', '+core, ENDED', false);
insert into Diagram values('HM22-51_5745','HM22-20050800','51-40','E65 730d   Trim cover, front, lateral','');
insert into DiagramParts values('HM22-51_5746-51437043474', 'HM22-51_5746', 15, 'Addition.cover, column C, bottom right', 'BEIGE', 1, to_date('20050301','YYYYMMDD'), to_date('20061201','YYYYMMDD'), '51437043474', '$182.62', '+core', false);
insert into DiagramParts values('HM22-51_5746-51437152086', 'HM22-51_5746', 15, 'Addition.cover, column C, bottom right', 'LAVABLAU', 1, to_date('20050301','YYYYMMDD'), to_date('20061201','YYYYMMDD'), '51437152086', '$182.62', '+core', false);
insert into DiagramParts values('HM22-51_5746-51437043472', 'HM22-51_5746', 15, 'Addition.cover, column C, bottom right', 'FLANELLGRAU', 1, to_date('20050301','YYYYMMDD'), to_date('20061201','YYYYMMDD'), '51437043472', '$182.62', '+core', false);
insert into DiagramParts values('HM22-51_5746-51437043470', 'HM22-51_5746', 15, 'Addition.cover, column C, bottom right', 'SCHWARZ', 1, to_date('20050301','YYYYMMDD'), to_date('20061201','YYYYMMDD'), '51437043470', '$182.62', '', false);
insert into DiagramParts values('HM22-51_5746-51437043478', 'HM22-51_5746', 15, 'Addition.cover, column C, bottom right', 'NATURBRAUN', 1, to_date('20050301','YYYYMMDD'), to_date('20061201','YYYYMMDD'), '51437043478', '$182.62', '', false);
insert into DiagramParts values('HM22-51_5746-51437043480', 'HM22-51_5746', 15, 'Addition.cover, column C, bottom right', 'CREAMBEIGE', 1, to_date('20050301','YYYYMMDD'), to_date('20061201','YYYYMMDD'), '51437043480', '$182.62', '+core', false);
insert into Diagram values('HM22-51_5746','HM22-20050800','51-40','E65 730d   Trim cover, rear lateral','');
insert into DiagramParts values('HM22-51_5748-51447046427', 'HM22-51_5748', 08, 'Fillister head screw', 'M5X12MM', 4, to_date('20050301','YYYYMMDD'), to_date('20070701','YYYYMMDD'), '51447046427', '', 'ENDED', false);
insert into DiagramParts values('HM22-51_5748-51447149775', 'HM22-51_5748', 14, 'Insert f console, make-up mirror rear', 'STEINGRAU', 1, to_date('20050301','YYYYMMDD'), to_date('20070701','YYYYMMDD'), '51447149775', '', 'ENDED', false);
insert into DiagramParts values('HM22-51_5748-51167043510', 'HM22-51_5748', 17, 'Handle', 'BEIGE', 4, to_date('20050301','YYYYMMDD'), to_date('20070701','YYYYMMDD'), '51167043510', '', 'ENDED', false);
insert into DiagramParts values('HM22-51_5748-51167043511', 'HM22-51_5748', 17, 'Handle', 'ANTHRAZIT', 4, to_date('20050301','YYYYMMDD'), to_date('20070701','YYYYMMDD'), '51167043511', '', 'ENDED', false);
insert into DiagramParts values('HM22-51_5748-51167043509', 'HM22-51_5748', 17, 'Handle', 'STEINGRAU', 4, to_date('20050301','YYYYMMDD'), to_date('20070701','YYYYMMDD'), '51167043509', '', 'ENDED', false);
insert into Diagram values('HM22-51_5748','HM22-20050800','51-40','E65 730d   Headlining / Handle','');
insert into DiagramParts values('HM22-51_5751-51467113560', 'HM22-51_5751', 17, 'Cover, sun blind', 'SCHWARZ', 1, to_date('20050301','YYYYMMDD'), to_date('20070701','YYYYMMDD'), '51467113560', '', 'ENDED', false);
insert into Diagram values('HM22-51_5751','HM22-20050800','51-40','E65 730d   REAR WINDOW SHELF/SUN BLIND','');
insert into DiagramParts values('HM22-51_4784-51167137429', 'HM22-51_4784', 11, 'Wood panel, center armrest, front', 'KIRSCHE DUNKEL', 1, to_date('20031001','YYYYMMDD'), to_date('20050301','YYYYMMDD'), '51167137429', '$430.50', '', false);
insert into Diagram values('HM22-51_4784','HM22-20050800','51-45','E65 730d   Real wood finish, cherry dark, matte','');
insert into DiagramParts values('HM22-51_4785-51167137428', 'HM22-51_4785', 13, 'Wood panel, center armrest, front', 'KIRSCHE HELL', 1, to_date('20031001','YYYYMMDD'), to_date('20050301','YYYYMMDD'), '51167137428', '$430.50', '', false);
insert into Diagram values('HM22-51_4785','HM22-20050800','51-45','E65 730d   Real wood finish, cherry light, matte','');
insert into DiagramParts values('HM22-51_4787-51167137430', 'HM22-51_4787', 13, 'Wood panel, center armrest, front', 'ESCHE HELL', 1, to_date('20031001','YYYYMMDD'), to_date('20050301','YYYYMMDD'), '51167137430', '$384.95', '', false);
insert into Diagram values('HM22-51_4787','HM22-20050800','51-45','E65 730d   Real wood finish,ash light, high gloss','');
insert into Diagram values('HM22-51_5647','HM22-20050800','51-45','E65 730d   Real wood finish, ash dark, high gloss','');
insert into Diagram values('HM22-51_5650','HM22-20050800','51-45','E65 730d   Real wood finish,ash light, high gloss','');
insert into Diagram values('HM22-51_5658','HM22-20050800','51-45','E65 730d   Real wood version, Vavona grau matt','');
insert into Diagram values('HM22-51_5798','HM22-20050800','51-45','E65 730d   Fine wood trim american nutwood','');
insert into Diagram values('HM22-51_4730','HM22-20050800','51-50','E65 730d   Door trim panel, front / side airbag','');
insert into Diagram values('HM22-51_5771','HM22-20050800','51-50','E65 730d   Instrument panel, door, front','');
insert into DiagramParts values('HM22-51_5772-51417150132', 'HM22-51_5772', 01, 'DOOR LINING LEATHER FRONT RIGHT', 'FLANELLGRAU', 1, to_date('20050301','YYYYMMDD'), to_date('20070701','YYYYMMDD'), '51417150132', '', 'ENDED', false);
insert into DiagramParts values('HM22-51_5772-51417150134', 'HM22-51_5772', 01, 'DOOR LINING LEATHER FRONT RIGHT', 'NATURBRAUN', 1, to_date('20050301','YYYYMMDD'), to_date('20070701','YYYYMMDD'), '51417150134', '', 'ENDED', false);
insert into DiagramParts values('HM22-51_5772-51417150080', 'HM22-51_5772', 01, 'DOOR LINING LEATHER FRONT RIGHT', 'NATURBRAUN', 1, to_date('20050301','YYYYMMDD'), to_date('20070701','YYYYMMDD'), '51417150080', '', 'ENDED', false);
insert into DiagramParts values('HM22-51_5772-51417150082', 'HM22-51_5772', 01, 'DOOR LINING LEATHER FRONT RIGHT', 'CREAMBEIGE', 1, to_date('20050301','YYYYMMDD'), to_date('20070701','YYYYMMDD'), '51417150082', '', 'ENDED', false);
insert into DiagramParts values('HM22-51_5772-51427150230', 'HM22-51_5772', 01, 'DOOR LINING LEATHER FRONT RIGHT', 'SCHWARZ', 1, to_date('20050301','YYYYMMDD'), to_date('20070701','YYYYMMDD'), '51427150230', '', 'ENDED', false);
insert into DiagramParts values('HM22-51_5772-51417150012', 'HM22-51_5772', 01, 'DOOR LINING LEATHER FRONT RIGHT', 'CREAMBEIGE', 1, to_date('20050301','YYYYMMDD'), to_date('20070701','YYYYMMDD'), '51417150012', '', 'ENDED', false);
insert into DiagramParts values('HM22-51_5772-51417150010', 'HM22-51_5772', 01, 'DOOR LINING LEATHER FRONT RIGHT', 'NATURBRAUN', 1, to_date('20050301','YYYYMMDD'), to_date('20070701','YYYYMMDD'), '51417150010', '', 'ENDED', false);
insert into DiagramParts values('HM22-51_5772-51417150014', 'HM22-51_5772', 01, 'DOOR LINING LEATHER FRONT RIGHT', 'LAVABLAU', 1, to_date('20050301','YYYYMMDD'), to_date('20070701','YYYYMMDD'), '51417150014', '', 'ENDED', false);
insert into DiagramParts values('HM22-51_5772-51417150084', 'HM22-51_5772', 01, 'DOOR LINING LEATHER FRONT RIGHT', 'LAVABLAU', 1, to_date('20050301','YYYYMMDD'), to_date('20070701','YYYYMMDD'), '51417150084', '', 'ENDED', false);
insert into DiagramParts values('HM22-51_5772-51417150074', 'HM22-51_5772', 01, 'DOOR LINING LEATHER FRONT RIGHT', 'SCHWARZ', 1, to_date('20050301','YYYYMMDD'), to_date('20070701','YYYYMMDD'), '51417150074', '', 'ENDED', false);
insert into DiagramParts values('HM22-51_5772-51417150076', 'HM22-51_5772', 01, 'DOOR LINING LEATHER FRONT RIGHT', 'FLANELLGAU', 1, to_date('20050301','YYYYMMDD'), to_date('20070701','YYYYMMDD'), '51417150076', '', 'ENDED', false);
insert into DiagramParts values('HM22-51_5772-51417150078', 'HM22-51_5772', 01, 'DOOR LINING LEATHER FRONT RIGHT', 'BEIGE', 1, to_date('20050301','YYYYMMDD'), to_date('20070701','YYYYMMDD'), '51417150078', '', 'ENDED', false);
insert into Diagram values('HM22-51_5772','HM22-20050800','51-50','E65 730d   Door trim panel, front / side airbag','');
insert into Diagram values('HM22-51_5774','HM22-20050800','51-50','E65 730d   Instrument panel, door, rear','');
insert into DiagramParts values('HM22-51_5779-51427150318', 'HM22-51_5779', 01, 'DOOR LINING LEATHER REAR RIGHT', 'FLANELLGRAU', 1, to_date('20050301','YYYYMMDD'), to_date('20070701','YYYYMMDD'), '51427150318', '', 'ENDED', false);
insert into DiagramParts values('HM22-51_5779-51427150316', 'HM22-51_5779', 01, 'DOOR LINING LEATHER REAR RIGHT', 'SCHWARZ', 1, to_date('20050301','YYYYMMDD'), to_date('20070701','YYYYMMDD'), '51427150316', '', 'ENDED', false);
insert into DiagramParts values('HM22-51_5779-51426963478', 'HM22-51_5779', 01, 'DOOR LINING LEATHER REAR RIGHT', 'LAVABLAU', 1, to_date('20050301','YYYYMMDD'), to_date('20070701','YYYYMMDD'), '51426963478', '', 'ENDED', false);
insert into DiagramParts values('HM22-51_5779-51427150322', 'HM22-51_5779', 01, 'DOOR LINING LEATHER REAR RIGHT', 'NATURBRAUN', 1, to_date('20050301','YYYYMMDD'), to_date('20070701','YYYYMMDD'), '51427150322', '', 'ENDED', false);
insert into DiagramParts values('HM22-51_5779-51427150484', 'HM22-51_5779', 01, 'DOOR LINING LEATHER REAR RIGHT', 'NATURBRAUN', 1, to_date('20050301','YYYYMMDD'), to_date('20070701','YYYYMMDD'), '51427150484', '', 'ENDED', false);
insert into DiagramParts values('HM22-51_5779-51427150486', 'HM22-51_5779', 01, 'DOOR LINING LEATHER REAR RIGHT', 'CREAMBEIGE', 1, to_date('20050301','YYYYMMDD'), to_date('20070701','YYYYMMDD'), '51427150486', '', 'ENDED', false);
insert into DiagramParts values('HM22-51_5779-51427150326', 'HM22-51_5779', 01, 'DOOR LINING LEATHER REAR RIGHT', 'LAVABLAU', 1, to_date('20050301','YYYYMMDD'), to_date('20070701','YYYYMMDD'), '51427150326', '', 'ENDED', false);
insert into DiagramParts values('HM22-51_5779-51427038698', 'HM22-51_5779', 01, 'DOOR LINING CLOTH REAR RIGHT', 'FLANELLGRAU', 1, to_date('20050301','YYYYMMDD'), to_date('20070701','YYYYMMDD'), '51427038698', '', '+core, ENDED', false);
insert into DiagramParts values('HM22-51_5779-51427150480', 'HM22-51_5779', 01, 'DOOR LINING LEATHER REAR RIGHT', 'SCHWARZ', 1, to_date('20050301','YYYYMMDD'), to_date('20070701','YYYYMMDD'), '51427150480', '', 'ENDED', false);
insert into DiagramParts values('HM22-51_5779-51427150482', 'HM22-51_5779', 01, 'DOOR LINING LEATHER REAR RIGHT', 'FLANELLGRAU', 1, to_date('20050301','YYYYMMDD'), to_date('20070701','YYYYMMDD'), '51427150482', '', 'ENDED', false);
insert into DiagramParts values('HM22-51_5779-51426963476', 'HM22-51_5779', 01, 'DOOR LINING LEATHER REAR RIGHT', 'NATURBRAUN', 1, to_date('20050301','YYYYMMDD'), to_date('20070701','YYYYMMDD'), '51426963476', '', 'ENDED', false);
insert into DiagramParts values('HM22-51_5779-51427113830', 'HM22-51_5779', 01, 'DOOR LINING LEATHER REAR RIGHT', 'CREAMBEIGE', 1, to_date('20050301','YYYYMMDD'), to_date('20070701','YYYYMMDD'), '51427113830', '', '+core, ENDED', false);
insert into DiagramParts values('HM22-51_5779-51427113826', 'HM22-51_5779', 01, 'DOOR LINING LEATHER REAR RIGHT', 'FLANELLGRAU', 1, to_date('20050301','YYYYMMDD'), to_date('20070701','YYYYMMDD'), '51427113826', '', '+core, ENDED', false);
insert into DiagramParts values('HM22-51_5779-51427150306', 'HM22-51_5779', 01, 'DOOR LINING LEATHER REAR RIGHT', 'BEIGE', 1, to_date('20050301','YYYYMMDD'), to_date('20070701','YYYYMMDD'), '51427150306', '', 'ENDED', false);
insert into DiagramParts values('HM22-51_5779-51427150470', 'HM22-51_5779', 01, 'DOOR LINING LEATHER REAR LEFT', 'SCHWARZ', 1, to_date('20050301','YYYYMMDD'), to_date('20070701','YYYYMMDD'), '51427150470', '', 'ENDED', false);
insert into DiagramParts values('HM22-51_5779-51427150472', 'HM22-51_5779', 01, 'DOOR LINING LEATHER REAR RIGHT', 'FLANELLGRAU', 1, to_date('20050301','YYYYMMDD'), to_date('20070701','YYYYMMDD'), '51427150472', '', 'ENDED', false);
insert into DiagramParts values('HM22-51_5779-51427150308', 'HM22-51_5779', 01, 'DOOR LINING LEATHER REAR RIGHT', 'NATURBRAUN', 1, to_date('20050301','YYYYMMDD'), to_date('20070701','YYYYMMDD'), '51427150308', '', 'ENDED', false);
insert into DiagramParts values('HM22-51_5779-51427150310', 'HM22-51_5779', 01, 'DOOR LINING LEATHER REAR RIGHT', 'CREAMBEIGE', 1, to_date('20050301','YYYYMMDD'), to_date('20070701','YYYYMMDD'), '51427150310', '', 'ENDED', false);
insert into DiagramParts values('HM22-51_5779-51427113816', 'HM22-51_5779', 01, 'DOOR LINING LEATHER REAR RIGHT', 'FLANELLGRAU', 1, to_date('20050301','YYYYMMDD'), to_date('20070701','YYYYMMDD'), '51427113816', '', '+core, ENDED', false);
insert into DiagramParts values('HM22-51_5779-51426963480', 'HM22-51_5779', 01, 'DOOR LINING LEATHER REAR RIGHT', 'NATURBRAUN', 1, to_date('20050301','YYYYMMDD'), to_date('20070701','YYYYMMDD'), '51426963480', '', 'ENDED', false);
insert into DiagramParts values('HM22-51_5779-51427150474', 'HM22-51_5779', 01, 'DOOR LINING LEATHER REAR RIGHT', 'NATURBRAUN', 1, to_date('20050301','YYYYMMDD'), to_date('20070701','YYYYMMDD'), '51427150474', '', 'ENDED', false);
insert into DiagramParts values('HM22-51_5779-51427150476', 'HM22-51_5779', 01, 'DOOR LINING LEATHER REAR RIGHT', 'CREAMBEIGE', 1, to_date('20050301','YYYYMMDD'), to_date('20070701','YYYYMMDD'), '51427150476', '', 'ENDED', false);
insert into DiagramParts values('HM22-51_5779-51427150312', 'HM22-51_5779', 01, 'DOOR LINING LEATHER REAR RIGHT', 'LAVABLAU', 1, to_date('20050301','YYYYMMDD'), to_date('20070701','YYYYMMDD'), '51427150312', '', 'ENDED', false);
insert into DiagramParts values('HM22-51_5779-51427150304', 'HM22-51_5779', 01, 'DOOR LINING LEATHER REAR RIGHT', 'FLANELLGRAU', 1, to_date('20050301','YYYYMMDD'), to_date('20070701','YYYYMMDD'), '51427150304', '', 'ENDED', false);
insert into DiagramParts values('HM22-51_5779-51426963482', 'HM22-51_5779', 01, 'DOOR LINING LEATHER REAR RIGHT', 'LAVABLAU', 1, to_date('20050301','YYYYMMDD'), to_date('20070701','YYYYMMDD'), '51426963482', '', 'ENDED', false);
insert into Diagram values('HM22-51_5779','HM22-20050800','51-50','E65 730d   Rear door trim, side airbag','');
insert into DiagramParts values('HM22-51_5785-51166983079', 'HM22-51_5785', 08, 'Roller sun screen,triangular window left', 'ANTHRAZIT', 1, to_date('20050301','YYYYMMDD'), to_date('20060301','YYYYMMDD'), '51166983079', '$184.65', '', false);
insert into DiagramParts values('HM22-51_5785-51166983080', 'HM22-51_5785', 08, 'Sun blind, triangular window right', 'ANTHRAZIT', 1, to_date('20050301','YYYYMMDD'), to_date('20060301','YYYYMMDD'), '51166983080', '$184.65', '', false);
insert into Diagram values('HM22-51_5785','HM22-20050800','51-50','E65 730d   Sun blind, electr., rear door','');
insert into Diagram values('HM22-51_4452','HM22-20050800','51-55','E65 730d   Floor mats, velours','');
insert into Diagram values('HM22-51_5747','HM22-20050800','51-55','E65 730d   EDGE PROTECTION/COVERINGS ROCKERS','');
insert into Diagram values('HM22-51_5749','HM22-20050800','51-55','E65 730d   TRIM PANEL LEG ROOM','');
insert into Diagram values('HM22-51_5750','HM22-20050800','51-55','E65 730d   FLOOR COVERING','');
insert into Diagram values('HM22-51_5752','HM22-20050800','51-65','E65 730d   Trunk trim panel','');
insert into Diagram values('HM22-51_5753','HM22-20050800','51-65','E65 730d   Luggage compartment tailgate/boot trim','');
insert into Diagram values('HM22-51_5754','HM22-20050800','51-70','E65 730d   SOUND INSULATING FRONT','');
insert into Diagram values('HM22-51_5755','HM22-20050800','51-70','E65 730d   SOUND INSULATION ROOF','');
insert into Diagram values('HM22-51_5756','HM22-20050800','51-70','E65 730d   SOUND INSULATING REAR','');
insert into Diagram values('HM22-51_5757','HM22-20050800','51-70','E65 730d   Heat insulation','');
insert into Diagram values('HM22-51_4789','HM22-20050800','51-75','E65 730d   Shield,engine compartm./underfloor panel','');
insert into Diagram values('HM22-51_5758','HM22-20050800','51-75','E65 730d   Shielding, engine compartment/air ducts','');
insert into DiagramParts values('HM22-51_5761-07129904227', 'HM22-51_5761', 06, 'Body nut', 'ST 4,8-8-ZNS', 2, to_date('20050301','YYYYMMDD'), to_date('20070701','YYYYMMDD'), '07129904227', '$0.27', '', false);
insert into Diagram values('HM22-51_5761','HM22-20050800','51-75','E65 730d   Shield,engine compartm./underfloor panel','');
insert into DiagramParts values('HM22-51_5762-07149137069', 'HM22-51_5762', 06, 'Torx-bolt with washer', 'ISA M8X24', 2, to_date('20050301','YYYYMMDD'), to_date('20070701','YYYYMMDD'), '07149137069', '', '', false);
insert into Diagram values('HM22-51_5762','HM22-20050800','51-75','E65 730d   Front aggregate protective plate','');
insert into Diagram values('HM22-51_5763','HM22-20050800','51-80','E65 730d   Various body parts','');
insert into Diagram values('HM22-51_5764','HM22-20050800','51-80','E65 730d   Various body parts','');
insert into Diagram values('HM22-51_5765','HM22-20050800','51-80','E65 730d   Sealing cap/plug','');
insert into Diagram values('HM22-51_5766','HM22-20050800','51-80','E65 730d   Sealing cap/plug','');
insert into Diagram values('HM22-51_5767','HM22-20050800','51-80','E65 730d   Sealing cap/plug','');
insert into Diagram values('HM22-51_4453','HM22-20050800','51-95','E65 730d   Floor mats, velours','');
insert into Diagram values('HM22-51_4563','HM22-20050800','51-95','E65 730d   Retrofit, CD holder','');
insert into Diagram values('HM22-51_4564','HM22-20050800','51-95','E65 730d   Retrofit, cassette holder','');
insert into Diagram values('HM22-51_4598','HM22-20050800','51-95','E65 730d   Retrofit, ash wood dark, mirror-finish','');
insert into Diagram values('HM22-51_4599','HM22-20050800','51-95','E65 730d   Retrofit, ash wood light, mirror-finish','');
insert into Diagram values('HM22-51_4635','HM22-20050800','51-95','E65 730d   Exterior mirror for towing','');
insert into Diagram values('HM22-51_4639','HM22-20050800','51-95','E65 730d   Cup holder retrofit, front','');
insert into Diagram values('HM22-51_4643','HM22-20050800','51-95','E65 730d   Non-skid mat','');
insert into Diagram values('HM22-51_4647','HM22-20050800','51-95','E65 730d   Boot/trunk floor net','');
insert into Diagram values('HM22-51_4650','HM22-20050800','51-95','E65 730d   Fitted luggage compartment mat','');
insert into Diagram values('HM22-51_4653','HM22-20050800','51-95','E65 730d   Luggage compartment pan','');
insert into Diagram values('HM22-51_4698','HM22-20050800','51-95','E65 730d   Boot lashing strap','');
insert into Diagram values('HM22-51_5038','HM22-20050800','51-95','E65 730d   FLOOR MATS CITY','');
insert into Diagram values('HM22-51_5039','HM22-20050800','51-95','E65 730d   Rubber mat','');
insert into DiagramParts values('HM22-51_5078-51167137432', 'HM22-51_5078', 02, 'Wood panel, center armrest, front', 'NUB./INTARSIEN', 1, to_date('20031001','YYYYMMDD'), to_date('20050301','YYYYMMDD'), '51167137432', '$434.95', '', false);
insert into Diagram values('HM22-51_5078','HM22-20050800','51-95','E65 730d   Retrofit burrwood with inlays','');
insert into Diagram values('HM22-51_5362','HM22-20050800','51-95','E65 730d   Luggage compartment, folding','');
insert into Diagram values('HM22-51_5659','HM22-20050800','51-95','E65 730d   Retrofit burrwood with inlays','');
insert into Diagram values('HM22-51_5688','HM22-20050800','51-95','E65 730d   Luggage compatment box "multifix"','');
insert into Diagram values('HM22-51_5738','HM22-20050800','51-95','E65 730d   Umbrella with bag','');
insert into Diagram values('HM22-51_5739','HM22-20050800','51-95','E65 730d   Storage sleeve DVD/CD','');
insert into Diagram values('HM22-51_5954','HM22-20050800','51-95','E65 730d   Load edge protector','');
insert into Diagram values('HM22-51_6165','HM22-20050800','51-95','E65 730d   Luggage compartment clamping belts','');
insert into Diagram values('HM22-51_6639','HM22-20050800','51-95','E65 730d   Protective loading edge mat','');
insert into Diagram values('HM22-51_6695','HM22-20050800','51-95','E65 730d   Storage net, footwell, front','');
insert into Diagram values('HM22-51_7034','HM22-20050800','51-95','E65 730d   Sun blind strips','');
insert into Diagram values('HM22-51_7665','HM22-20050800','51-95','E65 730d   Interior equipment, upper','');
insert into Diagram values('HM22-51_8051','HM22-20050800','51-95','E65 730d   First-aid kit, universal','');
insert into Diagram values('HM22-51_8522','HM22-20050800','51-95','E65 730d   Travel & Comfort System','');
insert into Diagram values('HM22-51_8703','HM22-20050800','51-95','E65 730d   Pocket set in interior','');
insert into Diagram values('HM22-52_2930','HM22-20050800','52-10','E65 730d   Seat, front, upholstery and cover','');
insert into Diagram values('HM22-52_2937','HM22-20050800','52-10','E65 730d   Seat, front, head restraint','');
insert into DiagramParts values('HM22-52_2938-52107124981', 'HM22-52_2938', 09, 'Finisher, upper rail, front, left', 'CREAMBEIGE', 1, to_date('20020301','YYYYMMDD'), to_date('20030301','YYYYMMDD'), '52107124981', '', 'ENDED', false);
insert into DiagramParts values('HM22-52_2938-52107124982', 'HM22-52_2938', 09, 'Finisher, upper rail, front, right', 'CREAMBEIGE', 1, to_date('20020301','YYYYMMDD'), to_date('20030301','YYYYMMDD'), '52107124982', '', 'ENDED', false);
insert into Diagram values('HM22-52_2938','HM22-20050800','52-10','E65 730d   SEAT FRONT SEAT COVERINGS','');
insert into Diagram values('HM22-52_2939','HM22-20050800','52-10','E65 730d   FRONT SEAT BACKREST FRAME/REAR PANEL','');
insert into Diagram values('HM22-52_2941','HM22-20050800','52-10','E65 730d   Seat, front, seat frame','');
insert into DiagramParts values('HM22-52_2942-52107114531', 'HM22-52_2942', 03, 'Set of flexible shafts', 'L153 / L233', 2, to_date('20030301','YYYYMMDD'), to_date('20030601','YYYYMMDD'), '52107114531', '$87.78', '', false);
insert into Diagram values('HM22-52_2942','HM22-20050800','52-10','E65 730d   FRONT SEAT RAIL','');
insert into Diagram values('HM22-52_2962','HM22-20050800','52-10','E65 730d   Seat, front, electrical and motors','');
insert into Diagram values('HM22-52_2964','HM22-20050800','52-10','E65 730d   Seat, front, electrical/motors, backrest','');
insert into Diagram values('HM22-52_3030','HM22-20050800','52-10','E65 730d   Sort of seam, seat','');
insert into Diagram values('HM22-52_3100','HM22-20050800','52-10','E65 730d   Seat, front, Active seat single parts','');
insert into Diagram values('HM22-52_3102','HM22-20050800','52-10','E65 730d   Seat, front, lumbar','');
insert into Diagram values('HM22-52_2943','HM22-20050800','52-20','E65 730d   Seat rear, upholstery & cover base seat','');
insert into Diagram values('HM22-52_2944','HM22-20050800','52-20','E65 730d   Seat rear, uphols & cover, Comfort seat','');
insert into Diagram values('HM22-52_2945','HM22-20050800','52-20','E65 730d   Electric rear seat frame','');
insert into Diagram values('HM22-52_2946','HM22-20050800','52-20','E65 730d   Rear seat head restraint','');
insert into Diagram values('HM22-52_2947','HM22-20050800','52-20','E65 730d   Rear seat center armrest','');
insert into Diagram values('HM22-52_2957','HM22-20050800','52-20','E65 730d   Seat rear, electric, backrest','');
insert into Diagram values('HM22-52_2960','HM22-20050800','52-20','E65 730d   SEAT REAR EL.ADJUSTABLE-DRIVE','');
insert into Diagram values('HM22-52_2961','HM22-20050800','52-20','E65 730d   Seat, rear, lumbar support','');
insert into Diagram values('HM22-52_2976','HM22-20050800','52-60','E65 730d   Cover material, running meter','');
insert into Diagram values('HM22-52_2989','HM22-20050800','52-60','E65 730d   Merino leather sold by meter','');
insert into Diagram values('HM22-52_2929','HM22-20050800','52-95','E65 730d   Retrofit kit, rear seat heating','');
insert into Diagram values('HM22-52_2980','HM22-20050800','52-95','E65 730d   Installation tool for ISOFIX child seats','');
insert into Diagram values('HM22-52_3015','HM22-20050800','52-95','E65 730d   UNIVERSAL PRODECTIVE REAR COVER','');
insert into Diagram values('HM22-52_3043','HM22-20050800','52-95','E65 730d   Belt holder','');
insert into Diagram values('HM22-52_3269','HM22-20050800','52-95','E65 730d   Seat-back storage pocket','');
insert into Diagram values('HM22-54_0308','HM22-20050800','54-05','E65 730d   Lift-up-and-slide-back sunroof','');
insert into Diagram values('HM22-61_1577','HM22-20050800','61-05','E65 730d   Main wiring harness up to 03/2005','');
insert into Diagram values('HM22-61_2215','HM22-20050800','61-05','E65 730d   Main wiring harness from 03/05 on (LCI)','');
insert into Diagram values('HM22-61_1540','HM22-20050800','61-10','E65 730d   VARIOUS ADDITIONAL WIRING SETS','');
insert into Diagram values('HM22-61_1547','HM22-20050800','61-10','E65 730d   Battery cable','');
insert into Diagram values('HM22-61_1549','HM22-20050800','61-10','E65 730d   DOOR CABLE HARNESSES','');
insert into Diagram values('HM22-61_1580','HM22-20050800','61-10','E65 730d   Wiring set seat','');
insert into Diagram values('HM22-61_1592','HM22-20050800','61-10','E65 730d   Repair cable main cable harness','');
insert into Diagram values('HM22-61_1677','HM22-20050800','61-10','E65 730d   Repair cable, airbag','');
insert into Diagram values('HM22-61_1687','HM22-20050800','61-10','E65 730d   Rear seat wiring set','');
insert into Diagram values('HM22-61_1822','HM22-20050800','61-10','E65 730d   Cable-yarded material','');
insert into Diagram values('HM22-61_2047','HM22-20050800','61-10','E65 730d   Wiring harness covers/cable ducts','');
insert into Diagram values('HM22-61_1280','HM22-20050800','61-15','E65 730d   Plug terminal ELO not waterproof','');
insert into Diagram values('HM22-61_1296','HM22-20050800','61-15','E65 730d   Circular connector / D 2,5 mm System','');
insert into Diagram values('HM22-61_1349','HM22-20050800','61-15','E65 730d   Various comb-type connectors','');
insert into Diagram values('HM22-61_1445','HM22-20050800','61-15','E65 730d   Various parts, wiring harness repair','');
insert into Diagram values('HM22-61_1461','HM22-20050800','61-15','E65 730d   Diagnosis plug','');
insert into Diagram values('HM22-61_1559','HM22-20050800','61-15','E65 730d   PLUG-IN CONNECTION BRACKET','');
insert into Diagram values('HM22-61_1563','HM22-20050800','61-15','E65 730d   VARIOUS CABLE HOLDERS','');
insert into Diagram values('HM22-61_1578','HM22-20050800','61-15','E65 730d   Repair parts, optical fibre cable','');
insert into Diagram values('HM22-61_1635','HM22-20050800','61-15','E65 730d   diverse plugs and connectors','');
insert into Diagram values('HM22-61_1691','HM22-20050800','61-15','E65 730d   Pin contacts ELO','');
insert into Diagram values('HM22-61_1754','HM22-20050800','61-15','E65 730d   Plug terminal ELO-Power','');
insert into Diagram values('HM22-61_2107','HM22-20050800','61-15','E65 730d   Various parts, wiring harness repair','');
insert into Diagram values('HM22-61_2156','HM22-20050800','61-15','E65 730d   Double leaf spring contact','');
insert into Diagram values('HM22-61_2217','HM22-20050800','61-15','E65 730d   Contact system MQS','');
insert into Diagram values('HM22-61_2444','HM22-20050800','61-15','E65 730d   diverse plugs and connectors','');
insert into Diagram values('HM22-61_2483','HM22-20050800','61-15','E65 730d   Cable tie','');
insert into Diagram values('HM22-61_2521','HM22-20050800','61-15','E65 730d   Socket housing MQS','');
insert into Diagram values('HM22-61_2638','HM22-20050800','61-15','E65 730d   Repair parts, coaxial cable contacts','');
insert into Diagram values('HM22-61_2680','HM22-20050800','61-15','E65 730d   Repair parts, coaxial cable housing','');
insert into Diagram values('HM22-61_1358','HM22-20050800','61-20','E65 730d   BRACKET F BODY CONTROL UNITS AND MODULES','');
insert into Diagram values('HM22-61_1566','HM22-20050800','61-20','E65 730d   Single components for fuse housing','');
insert into Diagram values('HM22-61_1584','HM22-20050800','61-20','E65 730d   Power distribution box','');
insert into Diagram values('HM22-61_1596','HM22-20050800','61-20','E65 730d   Fuses audio / video','');
insert into DiagramParts values('HM22-61_1557-61359221180', 'HM22-61_1557', 07, 'TRAILER TOWING MODUL', '4R', 1, to_date('20050301','YYYYMMDD'), to_date('20060901','YYYYMMDD'), '61359221180', '$203.91', '', false);
insert into Diagram values('HM22-61_1557','HM22-20050800','61-25','E65 730d   Control units/modules','');
insert into Diagram values('HM22-61_1558','HM22-20050800','61-25','E65 730d   Handheld transmitter','');
insert into Diagram values('HM22-61_1560','HM22-20050800','61-25','E65 730d   Sensors and relays','');
insert into Diagram values('HM22-61_1562','HM22-20050800','61-25','E65 730d   Control unit/antennas passive access','');
insert into Diagram values('HM22-61_1570','HM22-20050800','61-25','E65 730d   Central gateway module','');
insert into Diagram values('HM22-61_1543','HM22-20050800','61-30','E65 730d   Original BMW battery (Warranty only)','');
insert into Diagram values('HM22-61_1544','HM22-20050800','61-30','E65 730d   battery holder and mounting parts','');
insert into Diagram values('HM22-61_1853','HM22-20050800','61-30','E65 730d   Only for Japan - original BMW battery','');
insert into Diagram values('HM22-61_1546','HM22-20050800','61-35','E65 730d   Steering column switch/control unit','');
insert into Diagram values('HM22-61_1548','HM22-20050800','61-35','E65 730d   Switch, steering wheel','');
insert into Diagram values('HM22-61_1550','HM22-20050800','61-35','E65 730d   Steering column trim','');
insert into Diagram values('HM22-61_1552','HM22-20050800','61-35','E65 730d   VARIOUS SWITCHES','');
insert into Diagram values('HM22-61_1553','HM22-20050800','61-35','E65 730d   Phone board/drawer','');
insert into Diagram values('HM22-61_1554','HM22-20050800','61-35','E65 730d   SWITCH F WINDOW LIFTER/MIRROR','');
insert into Diagram values('HM22-61_1556','HM22-20050800','61-35','E65 730d   Cigarette lighter / sockets','');
insert into Diagram values('HM22-61_1723','HM22-20050800','61-35','E65 730d   TV/Audio plug socket','');
insert into Diagram values('HM22-61_1977','HM22-20050800','61-35','E65 730d   Switch unit, light','');
insert into Diagram values('HM22-61_1979','HM22-20050800','61-35','E65 730d   Switch, additional seat functions, front','');
insert into Diagram values('HM22-61_1980','HM22-20050800','61-35','E65 730d   Seat adjustment switch, front','');
insert into Diagram values('HM22-61_1981','HM22-20050800','61-35','E65 730d   Switch, additional seat functions, rear','');
insert into Diagram values('HM22-61_1982','HM22-20050800','61-35','E65 730d   Seat adjustment switch, rear','');
insert into Diagram values('HM22-61_1983','HM22-20050800','61-35','E65 730d   TV connection in rear armrest','');
insert into Diagram values('HM22-61_1984','HM22-20050800','61-35','E65 730d   Control unit center console/armrest','');
insert into Diagram values('HM22-61_1985','HM22-20050800','61-35','E65 730d   Ignition switch/CAS','');
insert into Diagram values('HM22-61_1555','HM22-20050800','61-40','E65 730d   Horn','');
insert into Diagram values('HM22-61_1561','HM22-20050800','61-45','E65 730d   Wiper','');
insert into Diagram values('HM22-61_1565','HM22-20050800','61-45','E65 730d   Reserv.,windshield/headlight washer syst','');
insert into Diagram values('HM22-61_1567','HM22-20050800','61-45','E65 730d   Hose lines, windshield washer system','');
insert into Diagram values('HM22-61_1568','HM22-20050800','61-45','E65 730d   Hose lines, headlight washer system','');
insert into Diagram values('HM22-61_1888','HM22-20050800','61-95','E65 730d   Remote control/compass interior mirror','');
insert into Diagram values('HM22-61_2223','HM22-20050800','61-95','E65 730d   Suppression filter','');
insert into Diagram values('HM22-61_3026','HM22-20050800','61-95','E65 730d   Battery charger','');
insert into Diagram values('HM22-61_3066','HM22-20050800','61-95','E65 730d   Jumper cable','');
insert into Diagram values('HM22-61_3244','HM22-20050800','61-95','E65 730d   Battery charger','');
insert into Diagram values('HM22-62_0411','HM22-20050800','62-05','E65 730d   Instrument cluster','');
insert into Diagram values('HM22-62_0561','HM22-20050800','62-95','E65 730d   Electronic log book','');
insert into Diagram values('HM22-63_0694','HM22-20050800','63-05','E65 730d   Single parts, xenon headlight','');
insert into Diagram values('HM22-63_0725','HM22-20050800','63-05','E65 730d   Single parts, xenon headlight','');
insert into Diagram values('HM22-63_0932','HM22-20050800','63-05','E65 730d   Headlight','');
insert into DiagramParts values('HM22-63_0933-63217162862', 'HM22-63_0933', 02, 'Bulb Xenon light with ignition element', 'D1S', 2, to_date('20050301','YYYYMMDD'), to_date('20080701','YYYYMMDD'), '63217162862', '', 'ENDED', false);
insert into Diagram values('HM22-63_0933','HM22-20050800','63-05','E65 730d   Headlight, electronic parts, Xenon light','');
insert into Diagram values('HM22-63_1067','HM22-20050800','63-05','E65 730d   SPARE BULBS BOX','');
insert into Diagram values('HM22-63_1363','HM22-20050800','63-05','E65 730d   BMW Performance Light','');
insert into Diagram values('HM22-63_1420','HM22-20050800','63-05','E65 730d   SPARE BULBS BOX','');
insert into Diagram values('HM22-63_0687','HM22-20050800','63-10','E65 730d   Additional turn indicator lamp','');
insert into Diagram values('HM22-63_0688','HM22-20050800','63-15','E65 730d   Fog lights','');
insert into Diagram values('HM22-63_0925','HM22-20050800','63-15','E65 730d   Fog lights','');
insert into Diagram values('HM22-63_0926','HM22-20050800','63-20','E65 730d   Rear light in the side panel','');
insert into DiagramParts values('HM22-63_0929-63217160804', 'HM22-63_0929', 06, 'Longlife bulb', '12V 16W', 2, to_date('20050301','YYYYMMDD'), to_date('20080101','YYYYMMDD'), '63217160804', '', 'ENDED', false);
insert into Diagram values('HM22-63_0929','HM22-20050800','63-20','E65 730d   Rear light in trunk lid','');
insert into Diagram values('HM22-63_0689','HM22-20050800','63-25','E65 730d   Third stoplamp','');
insert into Diagram values('HM22-63_0727','HM22-20050800','63-30','E65 730d   VARIOUS LAMPS/SPARE BULBS BOX','');
insert into Diagram values('HM22-63_0737','HM22-20050800','63-30','E65 730d   Various lamps','');
insert into Diagram values('HM22-63_0788','HM22-20050800','63-30','E65 730d   Various lamps','');
insert into Diagram values('HM22-63_1153','HM22-20050800','63-95','E65 730d   Flashlight, LED','');
insert into Diagram values('HM22-63_1289','HM22-20050800','63-95','E65 730d   Retrofit kit, LED daytime driving lights','');
insert into Diagram values('HM22-63_1322','HM22-20050800','63-95','E65 730d   LED interior light package','');
insert into Diagram values('HM22-63_1509','HM22-20050800','63-95','E65 730d   BMW LED luggage compartment lamp','');
insert into Diagram values('HM22-64_1250','HM22-20050800','64-05','E65 730d   AIR CHANNEL','');
insert into Diagram values('HM22-64_1251','HM22-20050800','64-05','E65 730d   AIR OUTLET','');
insert into Diagram values('HM22-64_1307','HM22-20050800','64-05','E65 730d   Condenser air conditioning','');
insert into Diagram values('HM22-64_1252','HM22-20050800','64-10','E65 730d   Microfilter/housing parts','');
insert into Diagram values('HM22-64_1246','HM22-20050800','64-15','E65 730d   HEATER RADIATOR AUTOMATIC AIR CONDITION','');
insert into Diagram values('HM22-64_1315','HM22-20050800','64-18','E65 730d   Independent heating water valves','');
insert into Diagram values('HM22-64_1316','HM22-20050800','64-18','E65 730d   Auxiliary heater water hoses','');
insert into Diagram values('HM22-64_1499','HM22-20050800','64-20','E65 730d   Control unit, automatic air cond.,High','');
insert into DiagramParts values('HM22-64_1501-64116970452', 'HM22-64_1501', 01, 'Automatic air conditioning control', 'TITAN SILVER', 1, to_date('20050301','YYYYMMDD'), to_date('20050901','YYYYMMDD'), '64116970452', '', 'ENDED', false);
insert into Diagram values('HM22-64_1501','HM22-20050800','64-20','E65 730d   Automatic air conditioning control','');
insert into Diagram values('HM22-64_1248','HM22-20050800','64-30','E65 730d   Evaporator / Expansion valve','');
insert into Diagram values('HM22-64_1245','HM22-20050800','64-35','E65 730d   Housing parts automatic air conditioning','');
insert into DiagramParts values('HM22-64_1395-64116917785', 'HM22-64_1395', 05, 'Cover, coolbox', 'SCHWARZ', 1, to_date('20030501','YYYYMMDD'), to_date('20060601','YYYYMMDD'), '64116917785', '$114.79', '', false);
insert into DiagramParts values('HM22-64_1395-64116917786', 'HM22-64_1395', 05, 'Cover, coolbox', 'FLANELLGRAU', 1, to_date('20030501','YYYYMMDD'), to_date('20060601','YYYYMMDD'), '64116917786', '$114.79', '', false);
insert into DiagramParts values('HM22-64_1395-64116917787', 'HM22-64_1395', 05, 'Cover, coolbox', 'BEIGE 3', 1, to_date('20030501','YYYYMMDD'), to_date('20060601','YYYYMMDD'), '64116917787', '$114.79', '', false);
insert into DiagramParts values('HM22-64_1395-64116917789', 'HM22-64_1395', 05, 'Cover, coolbox', 'NATURBRAUN', 1, to_date('20030501','YYYYMMDD'), to_date('20060601','YYYYMMDD'), '64116917789', '$114.79', '', false);
insert into DiagramParts values('HM22-64_1395-64116917790', 'HM22-64_1395', 05, 'Cover, coolbox', 'CREAMBEIGE', 1, to_date('20030501','YYYYMMDD'), to_date('20060601','YYYYMMDD'), '64116917790', '$114.79', '', false);
insert into Diagram values('HM22-64_1395','HM22-20050800','64-35','E65 730d   Housing parts, coolbox','');
insert into Diagram values('HM22-64_1249','HM22-20050800','64-40','E65 730d   ELECTRIC PARTS F AUTOMATIC AIR CONDITION','');
insert into Diagram values('HM22-64_1247','HM22-20050800','64-45','E65 730d   ACTUATOR FOR AUTOMATIC AIR CONDITION','');
insert into Diagram values('HM22-64_1254','HM22-20050800','64-45','E65 730d   ACTUATOR FOR AUTOMATIC AIR CONDITION','');
insert into Diagram values('HM22-64_1343','HM22-20050800','64-45','E65 730d   SENSOR F. AUC','');
insert into Diagram values('HM22-64_1321','HM22-20050800','64-50','E65 730d   CLIMATE COMPRESSOR SUPPORTING BRACKET','');
insert into Diagram values('HM22-64_1387','HM22-20050800','64-50','E65 730d   Air-conditioner compressor','');
insert into Diagram values('HM22-64_1308','HM22-20050800','64-55','E65 730d   Pusher fan','');
insert into Diagram values('HM22-64_1496','HM22-20050800','64-60','E65 730d   Coolant lines','');
insert into Diagram values('HM22-64_1230','HM22-20050800','64-65','E65 730d   Auxiliary heating','');
insert into Diagram values('HM22-64_1231','HM22-20050800','64-65','E65 730d   FUEL SUPPLY/PUMP/TUBING','');
insert into Diagram values('HM22-64_1314','HM22-20050800','64-65','E65 730d   Additional heater','');
insert into Diagram values('HM22-64_1257','HM22-20050800','64-95','E65 730d   Install.kit, independent heater','');
insert into Diagram values('HM22-64_1319','HM22-20050800','64-95','E65 730d   Labels independent heating','');
insert into Diagram values('HM22-64_1633','HM22-20050800','64-95','E65 730d   Retrofit kit, remote cntrl,indep.heating','');
insert into Diagram values('HM22-65_0207','HM22-20050800','65-05','E65 730d   Earth strap for engine hood','');
insert into Diagram values('HM22-65_1128','HM22-20050800','65-05','E65 730d   Audio system controller CD','');
insert into Diagram values('HM22-65_1129','HM22-20050800','65-05','E65 730d   Audio system controller MD','');
insert into Diagram values('HM22-65_1591','HM22-20050800','65-05','E65 730d   DAB tuner','');
insert into Diagram values('HM22-65_2440','HM22-20050800','65-05','E65 730d   DAB Retrofit','');
insert into Diagram values('HM22-65_1786','HM22-20050800','65-07','E65 730d   Auxiliary connection cable','');
insert into Diagram values('HM22-65_1121','HM22-20050800','65-10','E65 730d   CD Changer','');
insert into Diagram values('HM22-65_1184','HM22-20050800','65-10','E65 730d   DVD Changer/Bracket','');
insert into Diagram values('HM22-65_1109','HM22-20050800','65-20','E65 730d   Single parts, Stereo System, door frnt','');
insert into Diagram values('HM22-65_1111','HM22-20050800','65-20','E65 730d   SINGLE PARTS F FRONT DOOR HIFI SYSTEM','');
insert into Diagram values('HM22-65_1112','HM22-20050800','65-20','E65 730d   SINGLE PARTS F FRONT DOOR TOP-HIFI SYST.','');
insert into Diagram values('HM22-65_1113','HM22-20050800','65-20','E65 730d   SINGLE PARTS F REAR DOOR TOP-HIFI SYST.','');
insert into Diagram values('HM22-65_1114','HM22-20050800','65-20','E65 730d   Components central bass','');
insert into Diagram values('HM22-65_1115','HM22-20050800','65-20','E65 730d   SINGLE PARTS F PACKAGE SHELF STEREO SYST','');
insert into Diagram values('HM22-65_1116','HM22-20050800','65-20','E65 730d   SINGLE PARTS F PACKAGE SHELF HIFI SYSTEM','');
insert into Diagram values('HM22-65_1117','HM22-20050800','65-20','E65 730d   SINGLE PARTS F PACKAGE SHELF TOP-HIFI','');
insert into Diagram values('HM22-65_1118','HM22-20050800','65-20','E65 730d   Components Top-HiFi instrument panel','');
insert into Diagram values('HM22-65_1851','HM22-20050800','65-22','E65 730d   Universal aerial cable','');
insert into Diagram values('HM22-65_1120','HM22-20050800','65-25','E65 730d   Amplifier / bracket','');
insert into DiagramParts values('HM22-65_1131-65206963755', 'HM22-65_1131', 01, 'Antenna tuner', 'PROFESSIONAL', 1, to_date('20050301','YYYYMMDD'), to_date('20050601','YYYYMMDD'), '65206963755', '', 'ENDED', false);
insert into DiagramParts values('HM22-65_1131-65206976780', 'HM22-65_1131', 01, 'Antenna tuner', 'PROFESSIONAL', 1, to_date('20050301','YYYYMMDD'), to_date('20050901','YYYYMMDD'), '65206976780', '', '', false);
insert into DiagramParts values('HM22-65_1131-65206981946', 'HM22-65_1131', 01, 'Antenna tuner', 'PROFESSIONAL', 1, to_date('20050901','YYYYMMDD'), to_date('20060901','YYYYMMDD'), '65206981946', '', 'ENDED', false);
insert into DiagramParts values('HM22-65_1131-65209131151', 'HM22-65_1131', 01, 'Antenna tuner', 'PROFESSIONAL', 1, to_date('20050901','YYYYMMDD'), to_date('20070301','YYYYMMDD'), '65209131151', '', 'ENDED', false);
insert into Diagram values('HM22-65_1131','HM22-20050800','65-30','E65 730d   Antenna tuner','');
insert into Diagram values('HM22-65_1132','HM22-20050800','65-30','E65 730d   Antenna amplifier Diversity','');
insert into DiagramParts values('HM22-65_1133-65206938063', 'HM22-65_1133', 01, 'AMPLIFIER F REAR WINDOW ANTENNA', '315MHZ', 1, to_date('20030901','YYYYMMDD'), to_date('20070701','YYYYMMDD'), '65206938063', '', 'ENDED', false);
insert into Diagram values('HM22-65_1133','HM22-20050800','65-30','E65 730d   Antenna amplifier','');
insert into Diagram values('HM22-65_1195','HM22-20050800','65-30','E65 730d   Antenna cable, Audio/Video','');
insert into Diagram values('HM22-65_1119','HM22-20050800','65-45','E65 730d   Headset module','');
insert into DiagramParts values('HM22-65_1148-65509123608', 'HM22-65_1148', 01, 'Video module', 'DRIVE', 1, to_date('20050301','YYYYMMDD'), to_date('20070301','YYYYMMDD'), '65509123608', '', 'ENDED', false);
insert into DiagramParts values('HM22-65_1148-65509146615', 'HM22-65_1148', 01, 'Video module', 'DRIVE', 1, to_date('20050301','YYYYMMDD'), to_date('20070901','YYYYMMDD'), '65509146615', '', 'ENDED', false);
insert into DiagramParts values('HM22-65_1148-65509168386', 'HM22-65_1148', 01, 'Video module', 'DRIVE', 1, to_date('20050301','YYYYMMDD'), to_date('20080301','YYYYMMDD'), '65509168386', '', 'ENDED', false);
insert into DiagramParts values('HM22-65_1148-65509177195', 'HM22-65_1148', 01, 'Video module', 'DRIVE', 1, to_date('20050301','YYYYMMDD'), to_date('20081201','YYYYMMDD'), '65509177195', '', '', false);
insert into Diagram values('HM22-65_1148','HM22-20050800','65-45','E65 730d   Video module','');
insert into Diagram values('HM22-65_1161','HM22-20050800','65-45','E65 730d   Control display','');
insert into Diagram values('HM22-65_1162','HM22-20050800','65-45','E65 730d   Rear compartment monitor','');
insert into DiagramParts values('HM22-65_1228-65829157126', 'HM22-65_1228', 01, 'Control display', '6,5&quot;', 1, to_date('20050301','YYYYMMDD'), to_date('20070901','YYYYMMDD'), '65829157126', '', 'ENDED', false);
insert into DiagramParts values('HM22-65_1228-65506967627', 'HM22-65_1228', 01, 'Control display', '8,8&quot;', 1, to_date('20050301','YYYYMMDD'), to_date('20070301','YYYYMMDD'), '65506967627', '', 'ENDED', false);
insert into DiagramParts values('HM22-65_1228-65829110640', 'HM22-65_1228', 01, 'Control display', '8,8&quot;', 1, to_date('20050301','YYYYMMDD'), to_date('20070301','YYYYMMDD'), '65829110640', '', 'ENDED', false);
insert into DiagramParts values('HM22-65_1228-65829130564', 'HM22-65_1228', 01, 'Control display', '8,8&quot;', 1, to_date('20050301','YYYYMMDD'), to_date('20070301','YYYYMMDD'), '65829130564', '', 'ENDED', false);
insert into DiagramParts values('HM22-65_1228-65829157124', 'HM22-65_1228', 01, 'Control display', '8,8&quot;', 1, to_date('20050301','YYYYMMDD'), to_date('20070901','YYYYMMDD'), '65829157124', '', 'ENDED', false);
insert into Diagram values('HM22-65_1228','HM22-20050800','65-45','E65 730d   Control display for Asia','');
insert into Diagram values('HM22-65_1631','HM22-20050800','65-45','E65 730d   Video module','');
insert into Diagram values('HM22-65_1632','HM22-20050800','65-45','E65 730d   Video module','');
insert into Diagram values('HM22-65_1633','HM22-20050800','65-45','E65 730d   Video module','');
insert into Diagram values('HM22-65_0493','HM22-20050800','65-50','E65 730d   CD navigation street map','');
insert into DiagramParts values('HM22-65_1168-65909139610', 'HM22-65_1168', 01, 'Navigation DVD computer', 'CHINA', 1, to_date('20050301','YYYYMMDD'), to_date('20070901','YYYYMMDD'), '65909139610', '', 'ENDED', false);
insert into Diagram values('HM22-65_1168','HM22-20050800','65-50','E65 730d   Navigation system','');
insert into DiagramParts values('HM22-65_1333-65900433143', 'HM22-65_1333', 01, 'CD Road Map Singapore/Malaysia', '2008-1', 1, to_date('20030301','YYYYMMDD'), to_date('20080701','YYYYMMDD'), '65900433143', '', 'ENDED', false);
insert into DiagramParts values('HM22-65_1333-65902147296', 'HM22-65_1333', 01, 'CD Road Map Singapore/Malaysia/Thailand', '2009-1', 1, to_date('20030301','YYYYMMDD'), to_date('20080701','YYYYMMDD'), '65902147296', '', '+core, ENDED', false);
insert into Diagram values('HM22-65_1333','HM22-20050800','65-50','E65 730d   DVD navigation street map','');
insert into DiagramParts values('HM22-65_1356-65909139610', 'HM22-65_1356', 01, 'Navigation DVD computer', 'CHINA', 1, to_date('20050301','YYYYMMDD'), to_date('20070901','YYYYMMDD'), '65909139610', '', 'ENDED', false);
insert into Diagram values('HM22-65_1356','HM22-20050800','65-50','E65 730d   Navigation system, Asia','');
insert into Diagram values('HM22-65_1536','HM22-20050800','65-50','E65 730d   Controller','');
insert into Diagram values('HM22-65_1650','HM22-20050800','65-50','E65 730d   Navigation computer drive','');
insert into DiagramParts values('HM22-65_1724-65909112341', 'HM22-65_1724', 01, 'FSC JNav map 2007-1 initialization', 'ASAP', 1, to_date('20070301','YYYYMMDD'), to_date('20070901','YYYYMMDD'), '65909112341', '', 'ENDED', false);
insert into Diagram values('HM22-65_1724','HM22-20050800','65-50','E65 730d   Enable code for Japanese navigation','');
insert into Diagram values('HM22-65_1145','HM22-20050800','65-60','E65 730d   Alarm systems','');
insert into Diagram values('HM22-65_1057','HM22-20050800','65-65','E65 730d   Electric parts for airbag','');
insert into Diagram values('HM22-65_1143','HM22-20050800','65-65','E65 730d   Electr. compon. seat occupancy detection','');
insert into Diagram values('HM22-65_1180','HM22-20050800','65-70','E65 730d   Temperature sensor','');
insert into Diagram values('HM22-65_1175','HM22-20050800','65-95','E65 730d   Retrofit kit, CD-changer','');
insert into Diagram values('HM22-65_1186','HM22-20050800','65-95','E65 730d   INSTALLATION KIT ALARM SYSTEM','');
insert into Diagram values('HM22-65_1196','HM22-20050800','65-95','E65 730d   Retrofit kit, DVD changer','');
insert into Diagram values('HM22-65_1244','HM22-20050800','65-95','E65 730d   Conversion ASK CD to ASK MD Professional','');
insert into Diagram values('HM22-65_1249','HM22-20050800','65-95','E65 730d   Retrofit kit, BMW Online','');
insert into Diagram values('HM22-65_1292','HM22-20050800','65-95','E65 730d   Retrofit kit, TV function','');
insert into Diagram values('HM22-65_1302','HM22-20050800','65-95','E65 730d   NAVIGATION INSTALLATION SET','');
insert into Diagram values('HM22-65_1397','HM22-20050800','65-95','E65 730d   Retrofit kit Settop-Box','');
insert into Diagram values('HM22-65_1630','HM22-20050800','65-95','E65 730d   Spare parts DVD Advanced','');
insert into Diagram values('HM22-65_1657','HM22-20050800','65-95','E65 730d   DVB-T Set-top box','');
insert into Diagram values('HM22-65_1721','HM22-20050800','65-95','E65 730d   iPod connection retrofit kit','');
insert into Diagram values('HM22-65_1989','HM22-20050800','65-95','E65 730d   Tracking Products','');
insert into Diagram values('HM22-65_2038','HM22-20050800','65-95','E65 730d   DVD system Tablet','');
insert into Diagram values('HM22-65_2271','HM22-20050800','65-95','E65 730d   Charger adapter for Apple iPod / iPhone','');
insert into Diagram values('HM22-65_2422','HM22-20050800','65-95','E65 730d   Cable adapter for Apple iPod / iPhone','');
insert into Diagram values('HM22-65_2434','HM22-20050800','65-95','E65 730d   DVD System Tablet Single','');
insert into Diagram values('HM22-65_2520','HM22-20050800','65-95','E65 730d   BMW USB charger','');
insert into Diagram values('HM22-65_2522','HM22-20050800','65-95','E65 730d   Cable adapter, devices with Micro USB','');
insert into Diagram values('HM22-66_0088','HM22-20050800','66-05','E65 730d   Control unit for Park Distance Control','');
insert into Diagram values('HM22-66_0091','HM22-20050800','66-05','E65 730d   ACC-Sensor','');
insert into Diagram values('HM22-66_0134','HM22-20050800','66-05','E65 730d   Night vision camera','');
insert into Diagram values('HM22-66_0149','HM22-20050800','66-05','E65 730d   Retrofit kit NightVision camera','');
insert into Diagram values('HM22-66_0235','HM22-20050800','66-05','E65 730d   Ultrasonic-sensor','');
insert into Diagram values('HM22-66_0092','HM22-20050800','66-95','E65 730d   Install.kit, Park Distance Control','');
insert into Diagram values('HM22-66_0188','HM22-20050800','66-95','E65 730d   Park Distance Control universale sonoro','');
insert into Diagram values('HM22-71_0324','HM22-20050800','71-03','E65 730d   LABEL "TIRE PRESSURE"','');
insert into Diagram values('HM22-71_0568','HM22-20050800','71-03','E65 730d   Instruction notice, Airbag','');
insert into Diagram values('HM22-71_0598','HM22-20050800','71-03','E65 730d   Notice label for fuel','');
insert into Diagram values('HM22-71_0600','HM22-20050800','71-03','E65 730d   Various notice stickers','');
insert into Diagram values('HM22-71_0624','HM22-20050800','71-03','E65 730d   Label, coolant','');
insert into Diagram values('HM22-71_0680','HM22-20050800','71-03','E65 730d   Labels independent heating','');
insert into Diagram values('HM22-71_0316','HM22-20050800','71-05','E65 730d   Car tool','');
insert into Diagram values('HM22-71_0317','HM22-20050800','71-05','E65 730d   Car tool/Lifting jack','');
insert into Diagram values('HM22-71_0391','HM22-20050800','71-05','E65 730d   Warning triangle/First aid kit/-cushion','');
insert into Diagram values('HM22-71_0717','HM22-20050800','71-05','E65 730d   Set of lifting jack','');
insert into Diagram values('HM22-71_0321','HM22-20050800','71-10','E65 730d   Towing hitch, detachable','');
insert into Diagram values('HM22-71_0272','HM22-20050800','71-95','E65 730d   ADAPTER FOR TRAILER SOCKET','');
insert into Diagram values('HM22-71_0320','HM22-20050800','71-95','E65 730d   Retrofit kit, towing hitch detachable','');
insert into Diagram values('HM22-71_0400','HM22-20050800','71-95','E65 730d   Set of lifting jack','');
insert into Diagram values('HM22-71_0434','HM22-20050800','71-95','E65 730d   Tire Mobility Set','');
insert into Diagram values('HM22-71_0513','HM22-20050800','71-95','E65 730d   Twin electrics, caravan leads','');
insert into Diagram values('HM22-72_0423','HM22-20050800','72-03','E65 730d   Airbag passenger and head airbag','');
insert into Diagram values('HM22-72_0424','HM22-20050800','72-03','E65 730d   Side airbag','');
insert into Diagram values('HM22-72_0417','HM22-20050800','72-05','E65 730d   Rear seat belt, basic','');
insert into Diagram values('HM22-72_0418','HM22-20050800','72-05','E65 730d   Rear seat belt for side airbag','');
insert into DiagramParts values('HM22-72_0419-72117153322', 'HM22-72_0419', 01, 'UPPER BELT REAR RIGHT', 'SCHWARZ', 1, to_date('20040301','YYYYMMDD'), to_date('20070701','YYYYMMDD'), '72117153322', '', 'ENDED', false);
insert into DiagramParts values('HM22-72_0419-72117153324', 'HM22-72_0419', 01, 'UPPER BELT REAR RIGHT', 'BEIGE', 1, to_date('20040301','YYYYMMDD'), to_date('20070701','YYYYMMDD'), '72117153324', '', '+core, ENDED', false);
insert into DiagramParts values('HM22-72_0419-72117153326', 'HM22-72_0419', 01, 'UPPER BELT REAR RIGHT', 'BASALTGRAU', 1, to_date('20040301','YYYYMMDD'), to_date('20070701','YYYYMMDD'), '72117153326', '', '+core, ENDED', false);
insert into DiagramParts values('HM22-72_0419-72117153328', 'HM22-72_0419', 01, 'UPPER BELT REAR RIGHT', 'CREMEBEIGE', 1, to_date('20040301','YYYYMMDD'), to_date('20070701','YYYYMMDD'), '72117153328', '', 'ENDED', false);
insert into DiagramParts values('HM22-72_0419-72117153330', 'HM22-72_0419', 01, 'UPPER BELT REAR RIGHT', 'NATURBRAUN', 1, to_date('20040301','YYYYMMDD'), to_date('20070701','YYYYMMDD'), '72117153330', '', '+core, ENDED', false);
insert into DiagramParts values('HM22-72_0419-72117153332', 'HM22-72_0419', 01, 'UPPER BELT REAR RIGHT', 'LAVABLAU', 1, to_date('20040301','YYYYMMDD'), to_date('20070701','YYYYMMDD'), '72117153332', '', '+core, ENDED', false);
insert into Diagram values('HM22-72_0419','HM22-20050800','72-05','E65 730d   Rear seat belt for comfort seat','');
insert into Diagram values('HM22-72_0420','HM22-20050800','72-05','E65 730d   SAFETY BELT FRONT LEFT','');
insert into Diagram values('HM22-72_0421','HM22-20050800','72-05','E65 730d   SAFETY BELT FRONT RIGHT','');
insert into Diagram values('HM22-72_0422','HM22-20050800','72-05','E65 730d   FRONT SAFETY BELT MOUNTING PARTS','');
insert into Diagram values('HM22-72_0426','HM22-20050800','72-05','E65 730d   Child seat mount','');
insert into Diagram values('HM22-72_0415','HM22-20050800','72-10','E65 730d   Ski bag','');
insert into Diagram values('HM22-72_0435','HM22-20050800','72-15','E65 730d   Flag holder','');
insert into Diagram values('HM22-72_0425','HM22-20050800','72-95','E65 730d   Retrofit, ski bag','');
insert into Diagram values('HM22-72_0439','HM22-20050800','72-95','E65 730d   Fire extinguisher / Holder','');
insert into Diagram values('HM22-72_0591','HM22-20050800','72-95','E65 730d   Tow bar','');
insert into Diagram values('HM22-72_0744','HM22-20050800','72-95','E65 730d   Emergency bag','');
insert into Diagram values('HM22-36_0694','HM22-20050800','82-14','E65 730d   Snow chains','');
insert into Diagram values('HM22-82_1073','HM22-20050800','82-26','E65 730d   Universal coat hanger','');
insert into Diagram values('HM22-82_1261','HM22-20050800','82-26','E65 730d   Clean Bag','');
insert into Diagram values('HM22-82_1299','HM22-20050800','82-26','E65 730d   Storage pocket, rear passengers','');
insert into Diagram values('HM22-82_1308','HM22-20050800','82-26','E65 730d   Shoe case','');
insert into Diagram values('HM22-82_1311','HM22-20050800','82-26','E65 730d   Driver utility set','');
insert into Diagram values('HM22-82_1171','HM22-20050800','82-31','E65 730d   BMW buggy chrome-marine with accessories','');
insert into Diagram values('HM22-82_1181','HM22-20050800','82-31','E65 730d   BMW Junior Seat I-II','');
insert into Diagram values('HM22-82_1186','HM22-20050800','82-31','E65 730d   BMW Baby Seat 0+','');
insert into Diagram values('HM22-82_1187','HM22-20050800','82-31','E65 730d   BMW Junior Seat I-II Isofix','');
insert into Diagram values('HM22-82_1189','HM22-20050800','82-31','E65 730d   BMW Baby Seat 0+ Isofix','');
insert into Diagram values('HM22-82_1237','HM22-20050800','82-31','E65 730d   Dog harness','');
insert into Diagram values('HM22-82_1276','HM22-20050800','82-31','E65 730d   BMW Junior Seat II-III','');
insert into Diagram values('HM22-82_1305','HM22-20050800','82-31','E65 730d   BMW Junior Seat III','');
insert into Diagram values('HM22-82_1151','HM22-20050800','82-44','E65 730d   Mud flaps','');
insert into Diagram values('HM22-82_1198','HM22-20050800','82-44','E65 730d   Cover','');
insert into Diagram values('HM22-82_1251','HM22-20050800','82-44','E65 730d   Cover hood windshield/side window','');
insert into Diagram values('HM22-82_0116','HM22-20050800','82-51','E65 730d   Universal support','');
insert into Diagram values('HM22-82_0123','HM22-20050800','82-51','E65 730d   RACK FOR RACING BICYCLE','');
insert into Diagram values('HM22-82_0124','HM22-20050800','82-51','E65 730d   Luggage basket','');
insert into Diagram values('HM22-82_0125','HM22-20050800','82-51','E65 730d   Bicycle lift','');
insert into Diagram values('HM22-82_0245','HM22-20050800','82-51','E65 730d   SUPPORT SNOWBOARD','');
insert into Diagram values('HM22-82_0283','HM22-20050800','82-51','E65 730d   Surfboard rack','');
insert into Diagram values('HM22-82_0284','HM22-20050800','82-51','E65 730d   Standard ski carrier for 6 pairs of skis','');
insert into Diagram values('HM22-82_0364','HM22-20050800','82-51','E65 730d   SKI/SNOWBOARD SET','');
insert into Diagram values('HM22-82_0501','HM22-20050800','82-51','E65 730d   ki and luggage box','');
insert into Diagram values('HM22-82_0502','HM22-20050800','82-51','E65 730d   Luggage box','');
insert into Diagram values('HM22-82_0594','HM22-20050800','82-51','E65 730d   Komfort ski holder','');
insert into Diagram values('HM22-82_0598','HM22-20050800','82-51','E65 730d   MULTI-PURPOSE ROOF BOX','');
insert into Diagram values('HM22-82_0845','HM22-20050800','82-51','E65 730d   Standard ski holder, for 4 pairs of ski','');
insert into Diagram values('HM22-82_1148','HM22-20050800','82-51','E65 730d   Rack support','');
insert into Diagram values('HM22-82_1157','HM22-20050800','82-51','E65 730d   Bicycle carrier, trailer coupling','');
insert into Diagram values('HM22-82_1175','HM22-20050800','82-51','E65 730d   Touring bicycle holder','');
insert into Diagram values('HM22-82_1178','HM22-20050800','82-51','E65 730d   Roof box','');
insert into Diagram values('HM22-82_1234','HM22-20050800','82-51','E65 730d   Roof box','');
insert into Diagram values('HM22-82_1244','HM22-20050800','82-51','E65 730d   Racing bike rack','');
insert into Diagram values('HM22-82_1250','HM22-20050800','82-51','E65 730d   Roof box','');
insert into Diagram values('HM22-82_1268','HM22-20050800','82-51','E65 730d   Ski/snowboard holder','');
insert into Diagram values('HM22-82_1295','HM22-20050800','82-51','E65 730d   Roof rack systems','');
insert into Diagram values('HM22-82_1460','HM22-20050800','82-51','E65 730d   Roof rack systems','');
insert into Diagram values('HM22-82_1476','HM22-20050800','82-51','E65 730d   Roof-mounted container 320 LCI','');
insert into Diagram values('HM22-82_1567','HM22-20050800','82-51','E65 730d   Bicycle carrier, trailer coupling','');
insert into Diagram values('HM22-82_0926','HM22-20050800','82-52','E65 730d   Adapter (universal lift) for hood','');
insert into Diagram values('HM22-82_0102','HM22-20050800','82-81','E65 730d   Universal hoist','');
insert into Diagram values('HM22-83_0579','HM22-20050800','83-01','E65 730d   Rugzak','');
insert into Diagram values('HM22-84_0326','HM22-20050800','84-10','E65 730d   Parts f telephone,instrument panel Japa','');
insert into Diagram values('HM22-84_0327','HM22-20050800','84-10','E65 730d   Single parts f teleph.luggage cptm.Japan','');
insert into DiagramParts values('HM22-84_0333-84106983175', 'HM22-84_0333', 01, 'Telematics Control Unit', 'AMPS', 1, to_date('20050301','YYYYMMDD'), to_date('20050901','YYYYMMDD'), '84106983175', '', 'ENDED', false);
insert into DiagramParts values('HM22-84_0333-84109126630', 'HM22-84_0333', 01, 'Telematics Control Unit', 'AMPS', 1, to_date('20050301','YYYYMMDD'), to_date('20050901','YYYYMMDD'), '84109126630', '', 'ENDED', false);
insert into DiagramParts values('HM22-84_0333-84109122662', 'HM22-84_0333', 01, 'Rmfd Telematics Control Unit', 'AMPS', 1, to_date('20050301','YYYYMMDD'), to_date('20050901','YYYYMMDD'), '84109122662', '', 'ENDED', false);
insert into DiagramParts values('HM22-84_0333-84109149615', 'HM22-84_0333', 01, 'Telematics Control Unit', 'GSM', 1, to_date('20070301','YYYYMMDD'), to_date('20070901','YYYYMMDD'), '84109149615', '', 'ENDED', false);
insert into DiagramParts values('HM22-84_0333-84109171590', 'HM22-84_0333', 01, 'Rmfd Telematics Control Unit', 'CDMA', 1, to_date('20050301','YYYYMMDD'), to_date('20050901','YYYYMMDD'), '84109171590', '', 'ENDED', false);
insert into DiagramParts values('HM22-84_0333-07146961863', 'HM22-84_0333', 14, 'Sheet metal screw', 'ISA M5X12', 1, to_date('20050901','YYYYMMDD'), to_date('20070701','YYYYMMDD'), '07146961863', '', 'ENDED', false);
insert into Diagram values('HM22-84_0333','HM22-20050800','84-10','E65 730d   SINGLE PARTS F TRUNK CAR TELEPHONE','');
insert into Diagram values('HM22-84_0509','HM22-20050800','84-10','E65 730d   Individ. parts, Tandem car phone, Japan','');
insert into Diagram values('HM22-84_0510','HM22-20050800','84-10','E65 730d   Single parts, SA 638, center console','');
insert into Diagram values('HM22-84_0511','HM22-20050800','84-10','E65 730d   Single parts, SA 638, trunk','');
insert into DiagramParts values('HM22-84_0578-84116943637', 'HM22-84_0578', 01, 'Handset', 'EVEREST', 1, to_date('20030901','YYYYMMDD'), to_date('20040301','YYYYMMDD'), '84116943637', '', 'ENDED', false);
insert into DiagramParts values('HM22-84_0578-84116945370', 'HM22-84_0578', 01, 'Handset', 'EVEREST', 1, to_date('20030901','YYYYMMDD'), to_date('20040301','YYYYMMDD'), '84116945370', '', 'ENDED', false);
insert into DiagramParts values('HM22-84_0578-84116950620', 'HM22-84_0578', 01, 'Handset', 'EVEREST', 1, to_date('20030901','YYYYMMDD'), to_date('20040901','YYYYMMDD'), '84116950620', '', 'ENDED', false);
insert into DiagramParts values('HM22-84_0578-84116953468', 'HM22-84_0578', 01, 'Handset', 'EVEREST', 1, to_date('20030901','YYYYMMDD'), to_date('20050901','YYYYMMDD'), '84116953468', '', '', false);
insert into DiagramParts values('HM22-84_0578-84116927534', 'HM22-84_0578', 02, 'ACCUMULATOR', 'EVEREST', 1, to_date('20030901','YYYYMMDD'), to_date('20050901','YYYYMMDD'), '84116927534', '', '', false);
insert into DiagramParts values('HM22-84_0578-84116927533', 'HM22-84_0578', 03, 'Battery cover, keypad handset', 'EVEREST', 1, to_date('20030901','YYYYMMDD'), to_date('20050901','YYYYMMDD'), '84116927533', '', '', false);
insert into DiagramParts values('HM22-84_0578-84116933412', 'HM22-84_0578', 04, 'TANDEM CAR TELEPHONE EJECT-BOX', 'GSM', 1, to_date('20030901','YYYYMMDD'), to_date('20050901','YYYYMMDD'), '84116933412', '', '', false);
insert into Diagram values('HM22-84_0578','HM22-20050800','84-10','E65 730d   Tandem car telephone parts','');
insert into Diagram values('HM22-84_0707','HM22-20050800','84-10','E65 730d   Individ. parts, Tandem car phone SA6NA','');
insert into Diagram values('HM22-84_0727','HM22-20050800','84-10','E65 730d   Retrofit kit, Bluetooth control/receiver','');
insert into Diagram values('HM22-84_0767','HM22-20050800','84-10','E65 730d   Starter package, cell phone Nokia 6303c','');
insert into Diagram values('HM22-84_0683','HM22-20050800','84-20','E65 730d   Single parts, SA 633, center console','');
insert into Diagram values('HM22-84_0684','HM22-20050800','84-20','E65 730d   Single parts,mobile tel.,center console','');
insert into DiagramParts values('HM22-84_0685-84109113247', 'HM22-84_0685', 01, 'Telematics Control Unit', 'GSM', 1, to_date('20050901','YYYYMMDD'), to_date('20060901','YYYYMMDD'), '84109113247', '', 'ENDED', false);
insert into DiagramParts values('HM22-84_0685-84109138168', 'HM22-84_0685', 01, 'Telematics Control Unit', 'GSM', 1, to_date('20050901','YYYYMMDD'), to_date('20070301','YYYYMMDD'), '84109138168', '', 'ENDED', false);
insert into DiagramParts values('HM22-84_0685-84109187925', 'HM22-84_0685', 01, 'Rmfd Telematics Control Unit', 'GSM', 1, to_date('20050901','YYYYMMDD'), to_date('20070301','YYYYMMDD'), '84109187925', '', 'ENDED', false);
insert into DiagramParts values('HM22-84_0685-84109149615', 'HM22-84_0685', 01, 'Telematics Control Unit', 'GSM', 1, to_date('20070301','YYYYMMDD'), to_date('20070901','YYYYMMDD'), '84109149615', '', 'ENDED', false);
insert into Diagram values('HM22-84_0685','HM22-20050800','84-20','E65 730d   Single parts SA 633, trunk','');
insert into Diagram values('HM22-84_0329','HM22-20050800','84-30','E65 730d   Single parts f hands-free facility','');
insert into Diagram values('HM22-84_0336','HM22-20050800','84-30','E65 730d   Singel parts f voice input system','');
insert into DiagramParts values('HM22-84_0549-07146961863', 'HM22-84_0549', 04, 'Sheet metal screw', 'ISA M5X12', 1, to_date('20030301','YYYYMMDD'), to_date('20070701','YYYYMMDD'), '07146961863', '', 'ENDED', false);
insert into Diagram values('HM22-84_0549','HM22-20050800','84-50','E65 730d   SINGLE PARTS F TELEPHONE ROOF ANTENNA','');
insert into Diagram values('HM22-84_0708','HM22-20050800','84-50','E65 730d   Bumper antenna, tandem mobile phone','');
insert into Diagram values('HM22-84_0560','HM22-20050800','84-95','E65 730d   Retrofit kit, voice input','');
insert into DiagramParts values('HM22-84_0653-84640303043', 'HM22-84_0653', 01, 'Retrofit kit car phone Professional', 'PROFESSIONAL', 1, to_date('20031001','YYYYMMDD'), to_date('20050301','YYYYMMDD'), '84640303043', '', '+core, ENDED, See EBA 0303046', false);
insert into Diagram values('HM22-84_0653','HM22-20050800','84-95','E65 730d   Retrofit, car telephone Professional','');
insert into Diagram values('HM22-84_0715','HM22-20050800','84-95','E65 730d   Retrofit universal hands-free facility','');
insert into Diagram values('HM22-84_0730','HM22-20050800','84-95','E65 730d   Stolen Vehicle Tracking - TPA','');
insert into Diagram values('HM22-84_0778','HM22-20050800','84-95','E65 730d   BMW Bluetooth headset','');
insert into Diagram values('HM22-84_0867','HM22-20050800','84-95','E65 730d   BMW Car Hotspot','');
insert into Diagram values('HM22-84_0906','HM22-20050800','84-95','E65 730d   Snap-in adapter, SONY ERICSSON devices','');
insert into Diagram values('HM22-84_0907','HM22-20050800','84-95','E65 730d   Snap-in adapter for NOKIA devices','');
insert into Diagram values('HM22-84_0908','HM22-20050800','84-95','E65 730d   Snap-in adapter for SIEMENS devices','');
insert into Diagram values('HM22-84_0909','HM22-20050800','84-95','E65 730d   Snap-in adapter for MOTOROLA devices','');
insert into Diagram values('HM22-84_0910','HM22-20050800','84-95','E65 730d   Snap-in adapter, BlackBerry/RIM devices','');
insert into Diagram values('HM22-84_0931','HM22-20050800','84-95','E65 730d   BMW Car Hotspot LTE','');
insert into Diagram values('HM22-85_0009','HM22-20050800','85-45','E65 730d   Winter tires','');
insert into Diagram values('HM22-85_0036','HM22-20050800','85-45','E65 730d   Summer tires','');
insert into Diagram values('HM22-88_0052','HM22-20050800','88-80','E65 730d   Emergency bag','');
insert into Diagram values('HM22-88_0064','HM22-20050800','88-80','E65 730d   Fluid-change kit, autom. transmission','');
insert into DiagramParts values('HM22-91_0620-32308030772', 'HM22-91_0620', 01, 'Sports st.-wheel,leather/wd.ring,multif.', 'PAPPEL NATUR', 1, to_date('20040901','YYYYMMDD'), to_date('20070401','YYYYMMDD'), '32308030772', '', 'ENDED, See NoS No Stock', false);
insert into DiagramParts values('HM22-91_0620-32308030773', 'HM22-91_0620', 01, 'Sports st.-wheel,leather/wd.ring,multif.', 'PAPPEL RUBIN', 1, to_date('20040901','YYYYMMDD'), to_date('20070401','YYYYMMDD'), '32308030773', '', 'ENDED, See NoS No Stock', false);
insert into DiagramParts values('HM22-91_0620-32308033207', 'HM22-91_0620', 01, 'Sports st.-wheel,leather/wd.ring,multif.', 'NUBAUM AMARONE', 1, to_date('20050301','YYYYMMDD'), to_date('20070401','YYYYMMDD'), '32308033207', '', 'ENDED, See NoS No Stock', false);
insert into Diagram values('HM22-91_0620','HM22-20050800','91-17','E65 730d   Ind.sports st.-wheel,leather w/wdn. ring','');
insert into Diagram values('HM22-91_0716','HM22-20050800','91-17','E65 730d   Indiv. sports steering-wheel, bicolor','');
insert into Diagram values('HM22-91_0551','HM22-20050800','91-20','E65 730d   Indiv. intercom - Outside mirror','');
insert into Diagram values('HM22-91_0513','HM22-20050800','91-30','E65 730d   Individual glove compartment, leather','');
insert into Diagram values('HM22-91_0514','HM22-20050800','91-30','E65 730d   Individual instrument panel, leather','');
insert into Diagram values('HM22-91_0473','HM22-20050800','91-35','E65 730d   Individual parcel net, footwell','');
insert into Diagram values('HM22-91_0511','HM22-20050800','91-35','E65 730d   Indiv.bottom panel,strge partit.leather','');
insert into Diagram values('HM22-91_0512','HM22-20050800','91-35','E65 730d   Indiv. center console/Center armrest','');
insert into Diagram values('HM22-91_0491','HM22-20050800','91-40','E65 730d   Individual trim piece entry','');
insert into Diagram values('HM22-91_0503','HM22-20050800','91-40','E65 730d   Individual wood, Pianolack schwarz','');
insert into Diagram values('HM22-91_0505','HM22-20050800','91-40','E65 730d   Individual wood, Tamo umbra','');
insert into Diagram values('HM22-91_0506','HM22-20050800','91-40','E65 730d   Individual Rubin poplar wood','');
insert into Diagram values('HM22-91_0507','HM22-20050800','91-40','E65 730d   Individual natural poplar wood','');
insert into DiagramParts values('HM22-91_0509-51168026134', 'HM22-91_0509', 01, 'Handle, anthracite', 'PAPPEL NATUR', 4, to_date('20020901','YYYYMMDD'), to_date('20070401','YYYYMMDD'), '51168026134', '', '+core, ENDED, See NoS No Stock', false);
insert into DiagramParts values('HM22-91_0509-51168026646', 'HM22-91_0509', 01, 'Handle, anthracite', 'MARITIMLINE', 4, to_date('20030601','YYYYMMDD'), to_date('20070401','YYYYMMDD'), '51168026646', '', '+core, ENDED, See NoS No Stock', false);
insert into Diagram values('HM22-91_0509','HM22-20050800','91-40','E65 730d   Individual wood roof-handle','');
insert into Diagram values('HM22-91_0549','HM22-20050800','91-40','E65 730d   Individual wood Maritimline','');
insert into Diagram values('HM22-91_0560','HM22-20050800','91-40','E65 730d   Indiv. rear cover without belt outlet','');
insert into Diagram values('HM22-91_0717','HM22-20050800','91-40','E65 730d   Individual wood, walnut, amarone','');
insert into Diagram values('HM22-91_0718','HM22-20050800','91-40','E65 730d   Individual wood Mahogany','');
insert into Diagram values('HM22-91_0517','HM22-20050800','91-45','E65 730d   Individual front door trim panel,leather','');
insert into Diagram values('HM22-91_0518','HM22-20050800','91-45','E65 730d   Individual rear door trim panel,leather','');
insert into Diagram values('HM22-91_0540','HM22-20050800','91-45','E65 730d   Indiv.front door trim panel,part.leather','');
insert into Diagram values('HM22-91_0543','HM22-20050800','91-45','E65 730d   Indiv. rear door trim panel,part.leather','');
insert into Diagram values('HM22-91_0494','HM22-20050800','91-50','E65 730d   Individual sun visor, Alcantara','');
insert into Diagram values('HM22-91_0498','HM22-20050800','91-50','E65 730d   Individual moulded headliner, Alcantara','');
insert into Diagram values('HM22-91_0500','HM22-20050800','91-50','E65 730d   Individual A, B, C pillar covers, top','');
insert into Diagram values('HM22-91_0501','HM22-20050800','91-50','E65 730d   Individual rear window shelf, Alcantara','');
insert into Diagram values('HM22-91_0502','HM22-20050800','91-50','E65 730d   Individual slide/tilt sunroof','');
insert into Diagram values('HM22-91_0520','HM22-20050800','91-50','E65 730d   Individual extra cover column C, bottom','');
insert into Diagram values('HM22-91_0521','HM22-20050800','91-50','E65 730d   Individual trim panel Column-B bottom','');
insert into Diagram values('HM22-91_0538','HM22-20050800','91-50','E65 730d   Individual trim panel, center console','');
insert into Diagram values('HM22-91_0539','HM22-20050800','91-50','E65 730d   Individual floor covering','');
insert into Diagram values('HM22-91_0561','HM22-20050800','91-57','E65 730d   Individual floor mats Maritime line','');
insert into Diagram values('HM22-91_0563','HM22-20050800','91-57','E65 730d   Individual floor mats, Leather border','');
insert into Diagram values('HM22-91_0523','HM22-20050800','91-60','E65 730d   Individual cover, leather comfort seat','');
insert into Diagram values('HM22-91_0527','HM22-20050800','91-60','E65 730d   Individ. rear panel Basic /Sports seat','');
insert into Diagram values('HM22-91_0529','HM22-20050800','91-60','E65 730d   Individ. rear panel,leather comfort seat','');
insert into Diagram values('HM22-91_0536','HM22-20050800','91-60','E65 730d   Indiv.cover, basic seat, front','');
insert into Diagram values('HM22-91_0545','HM22-20050800','91-60','E65 730d   Individual cover,Klima-Leather comf.seat','');
insert into Diagram values('HM22-91_0571','HM22-20050800','91-60','E65 730d   Individual sports seat cover, front','');
insert into Diagram values('HM22-91_0743','HM22-20050800','91-60','E65 730d   Indi. rear panel rear seat Infotainment','');
insert into Diagram values('HM22-91_0744','HM22-20050800','91-60','E65 730d   Indi. mount.parts rear seat Infotainment','');
insert into Diagram values('HM22-91_0532','HM22-20050800','91-65','E65 730d   Indiv.cover, basic seat, rear U7','');
insert into DiagramParts values('HM22-91_0533-52208023030', 'HM22-91_0533', 01, 'Cover for comfort seat, leather right', 'U7', 1, to_date('20020901','YYYYMMDD'), to_date('20061101','YYYYMMDD'), '52208023030', '$965.34', '+core, See NoS No Stock', false);
insert into Diagram values('HM22-91_0533','HM22-20050800','91-65','E65 730d   Indiv.cover, comfort seat, rear U7','');
insert into Diagram values('HM22-91_0537','HM22-20050800','91-65','E65 730d   Indiv.cover, basic seat, rear U6','');
insert into Diagram values('HM22-91_0546','HM22-20050800','91-65','E65 730d   Ind. comfort seat Klima-Leather,U6 rear','');
insert into Diagram values('HM22-91_0547','HM22-20050800','91-65','E65 730d   Ind. basic seat Klima-Leather,U6 rear','');
insert into Diagram values('HM22-91_0572','HM22-20050800','91-65','E65 730d   Individual sports seat cover, rear','');
insert into Diagram values('HM22-91_0522','HM22-20050800','91-70','E65 730d   Ind. headrest, comfort seat, front','');
insert into Diagram values('HM22-91_0535','HM22-20050800','91-70','E65 730d   Indv. headrest, basic seat, front','');
insert into Diagram values('HM22-91_0569','HM22-20050800','91-70','E65 730d   Ind. headrest, sports seat, front','');
insert into Diagram values('HM22-91_0524','HM22-20050800','91-75','E65 730d   Indv. headrest, basic seat, rear','');
insert into Diagram values('HM22-91_0525','HM22-20050800','91-75','E65 730d   Ind. headrest, comfort seat, rear','');
insert into Diagram values('HM22-91_0526','HM22-20050800','91-75','E65 730d   Indiv. headrest, rear, center, leather','');
insert into Diagram values('HM22-91_0570','HM22-20050800','91-75','E65 730d   Ind. headrest, sports seat, rear','');
insert into Diagram values('HM22-91_0530','HM22-20050800','91-80','E65 730d   Individual armrest, multifunctional rear','');
insert into Diagram values('HM22-91_0531','HM22-20050800','91-80','E65 730d   Individual armrest, basic rear','');
insert into Diagram values('HM22-91_0557','HM22-20050800','91-88','E65 730d   Indiv. intercom - Control unit','');
insert into DiagramParts values('HM22-91_0742-61128030706', 'HM22-91_0742', 02, 'WIRING SET SEAT RIGHT', 'INDIVIDUAL', 1, to_date('20041101','YYYYMMDD'), to_date('20060901','YYYYMMDD'), '61128030706', '', 'See NoS No Stock', false);
insert into Diagram values('HM22-91_0742','HM22-20050800','91-88','E65 730d   Individual seat wiring harness','');
insert into ProdCodeDate values('HM21-20051000','HM21',to_date('20051001','YYYYMMDD'));
insert into ProdCodeDate values('HM22-20051000','HM22',to_date('20051001','YYYYMMDD'));
insert into ProdCodeDate values('HM21-20060200','HM21',to_date('20060201','YYYYMMDD'));
insert into ProdCodeDate values('HM22-20060200','HM22',to_date('20060201','YYYYMMDD'));
insert into ProdCodeDate values('HM21-20060700','HM21',to_date('20060701','YYYYMMDD'));
insert into ProdCodeDate values('HM22-20060700','HM22',to_date('20060701','YYYYMMDD'));
insert into ProdCodeDate values('HM21-20060900','HM21',to_date('20060901','YYYYMMDD'));
insert into ProdCodeDate values('HM22-20060900','HM22',to_date('20060901','YYYYMMDD'));
insert into ProdCodeDate values('HM21-20070700','HM21',to_date('20070701','YYYYMMDD'));
insert into ProdCodeDate values('HM22-20070700','HM22',to_date('20070701','YYYYMMDD'));
insert into ProdCodeDate values('HM21-20070800','HM21',to_date('20070801','YYYYMMDD'));
insert into ProdCodeDate values('HM22-20070800','HM22',to_date('20070801','YYYYMMDD'));
insert into ProdCodeDate values('HM21-20071200','HM21',to_date('20071201','YYYYMMDD'));
insert into ProdCodeDate values('HM22-20071200','HM22',to_date('20071201','YYYYMMDD'));
insert into ProdCodeDate values('HM21-20080100','HM21',to_date('20080101','YYYYMMDD'));
insert into ProdCodeDate values('HM22-20080100','HM22',to_date('20080101','YYYYMMDD'));
insert into ProdCodeDate values('HM21-20080600','HM21',to_date('20080601','YYYYMMDD'));
insert into ProdCodeDate values('HM22-20080600','HM22',to_date('20080601','YYYYMMDD'));
