insert into Series values('E70','E70');
insert into Body values('SAV','SAV');
insert into Model values('X5 4.8i','E70','SAV','X5 4.8i','ECE');
insert into ProdCode values('FE81','X5 4.8i','SAV','E70','ECE','N62N','L','05/2006 E70 X5 4.8i SUV N62N Europe Left hand drive Automatic');
insert into ProdCodeDate values('FE81-20060500','FE81',to_date('20060501','YYYYMMDD'));
insert into Diagram values('FE81-01_0206','FE81-20060500','01-05','E70 X5 4.8i   BMW care tips','');
insert into DiagramParts values('FE81-01_0708-01400012564', 'FE81-01_0708', 01, 'Owner&apos;s manual for E70', 'DE, MJ 2007', 1, to_date('20061201','YYYYMMDD'), to_date('20070401','YYYYMMDD'), '01400012564', '', '', false);
insert into DiagramParts values('FE81-01_0708-01400013208', 'FE81-01_0708', 01, 'Owner&apos;s manual for E70', 'DE, MJ 2007', 1, to_date('20070401','YYYYMMDD'), to_date('20071001','YYYYMMDD'), '01400013208', '', '', false);
insert into DiagramParts values('FE81-01_0708-01400014086', 'FE81-01_0708', 01, 'Owner&apos;s manual for E70', 'DE, MJ 2008', 1, to_date('20071001','YYYYMMDD'), to_date('20080401','YYYYMMDD'), '01400014086', '', '', false);
insert into DiagramParts values('FE81-01_0708-01402600565', 'FE81-01_0708', 01, 'Owner&apos;s manual for E70', 'DE, MJ 2008', 1, to_date('20080401','YYYYMMDD'), to_date('20080901','YYYYMMDD'), '01402600565', '$70.12', '', false);
insert into DiagramParts values('FE81-01_0708-01402600777', 'FE81-01_0708', 01, 'Owner&apos;s manual for E70', 'DE, MJ 2009', 1, to_date('20081001','YYYYMMDD'), to_date('20090401','YYYYMMDD'), '01402600777', '', '', false);
insert into DiagramParts values('FE81-01_0708-01402601672', 'FE81-01_0708', 01, 'Owner&apos;s manual for E70', 'DE, MJ 2009', 1, to_date('20090401','YYYYMMDD'), to_date('20091001','YYYYMMDD'), '01402601672', '', '', false);
insert into DiagramParts values('FE81-01_0708-01402602739', 'FE81-01_0708', 01, 'Owner&apos;s manual for E70', 'DE, MJ 2010', 1, to_date('20091001','YYYYMMDD'), to_date('20100401','YYYYMMDD'), '01402602739', '', '', false);
insert into DiagramParts values('FE81-01_0708-01402901849', 'FE81-01_0708', 01, 'Owner&apos;s manual for E70', 'DE', 1, to_date('20120401','YYYYMMDD'), to_date('20120801','YYYYMMDD'), '01402901849', '', '', false);
insert into DiagramParts values('FE81-01_0708-01402916605', 'FE81-01_0708', 01, 'Owner&apos;s manual for E70', 'DE', 1, to_date('20120801','YYYYMMDD'), to_date('20130401','YYYYMMDD'), '01402916605', '', '', false);
insert into DiagramParts values('FE81-01_0708-01410012565', 'FE81-01_0708', 02, 'Owner&apos;s manual for E70', 'EN, MJ 2007', 1, to_date('20061201','YYYYMMDD'), to_date('20070401','YYYYMMDD'), '01410012565', '', '', false);
insert into DiagramParts values('FE81-01_0708-01410013209', 'FE81-01_0708', 02, 'Owner&apos;s manual for E70', 'EN, MJ 2007', 1, to_date('20070401','YYYYMMDD'), to_date('20071001','YYYYMMDD'), '01410013209', '', '', false);
insert into DiagramParts values('FE81-01_0708-01410014087', 'FE81-01_0708', 02, 'Owner&apos;s manual for E70', 'EN, MJ 2008', 1, to_date('20071001','YYYYMMDD'), to_date('20080401','YYYYMMDD'), '01410014087', '', '', false);
insert into DiagramParts values('FE81-01_0708-01412600566', 'FE81-01_0708', 02, 'Owner&apos;s manual for E70', 'EN, MJ 2008', 1, to_date('20080401','YYYYMMDD'), to_date('20080901','YYYYMMDD'), '01412600566', '', '', false);
insert into DiagramParts values('FE81-01_0708-01412600778', 'FE81-01_0708', 02, 'Owner&apos;s manual for E70', 'EN, MJ 2009', 1, to_date('20081001','YYYYMMDD'), to_date('20090401','YYYYMMDD'), '01412600778', '', '', false);
insert into DiagramParts values('FE81-01_0708-01412601673', 'FE81-01_0708', 02, 'Owner&apos;s manual for E70', 'EN, MJ 2009', 1, to_date('20090401','YYYYMMDD'), to_date('20091001','YYYYMMDD'), '01412601673', '', '', false);
insert into DiagramParts values('FE81-01_0708-01412602740', 'FE81-01_0708', 02, 'Owner&apos;s manual for E70', 'EN, MJ 2010', 1, to_date('20091001','YYYYMMDD'), to_date('20100401','YYYYMMDD'), '01412602740', '', '', false);
insert into DiagramParts values('FE81-01_0708-01402901850', 'FE81-01_0708', 02, 'Owner&apos;s manual for E70', 'EN', 1, to_date('20120401','YYYYMMDD'), to_date('20120801','YYYYMMDD'), '01402901850', '', '', false);
insert into DiagramParts values('FE81-01_0708-01402916606', 'FE81-01_0708', 02, 'Owner&apos;s manual for E70', 'EN', 1, to_date('20120801','YYYYMMDD'), to_date('20130401','YYYYMMDD'), '01402916606', '', '', false);
insert into DiagramParts values('FE81-01_0708-01420012566', 'FE81-01_0708', 03, 'Owner&apos;s manual for E70', 'FR, MJ 2007', 1, to_date('20061201','YYYYMMDD'), to_date('20070401','YYYYMMDD'), '01420012566', '', '', false);
insert into DiagramParts values('FE81-01_0708-01420013210', 'FE81-01_0708', 03, 'Owner&apos;s manual for E70', 'FR, MJ 2007', 1, to_date('20070401','YYYYMMDD'), to_date('20071001','YYYYMMDD'), '01420013210', '', '', false);
insert into DiagramParts values('FE81-01_0708-01420014088', 'FE81-01_0708', 03, 'Owner&apos;s manual for E70', 'FR, MJ 2008', 1, to_date('20071001','YYYYMMDD'), to_date('20080401','YYYYMMDD'), '01420014088', '', '', false);
insert into DiagramParts values('FE81-01_0708-01422600567', 'FE81-01_0708', 03, 'Owner&apos;s manual for E70', 'FR, MJ 2008', 1, to_date('20080401','YYYYMMDD'), to_date('20080901','YYYYMMDD'), '01422600567', '', '', false);
insert into DiagramParts values('FE81-01_0708-01422600779', 'FE81-01_0708', 03, 'Owner&apos;s manual for E70', 'FR, MJ 2009', 1, to_date('20081001','YYYYMMDD'), to_date('20090401','YYYYMMDD'), '01422600779', '', '', false);
insert into DiagramParts values('FE81-01_0708-01422601674', 'FE81-01_0708', 03, 'Owner&apos;s manual for E70', 'FR, MJ 2009', 1, to_date('20090401','YYYYMMDD'), to_date('20091001','YYYYMMDD'), '01422601674', '', '', false);
insert into DiagramParts values('FE81-01_0708-01422602741', 'FE81-01_0708', 03, 'Owner&apos;s manual for E70', 'FR, MJ 2010', 1, to_date('20091001','YYYYMMDD'), to_date('20100401','YYYYMMDD'), '01422602741', '', '', false);
insert into DiagramParts values('FE81-01_0708-01402901851', 'FE81-01_0708', 03, 'Owner&apos;s manual for E70', 'FR', 1, to_date('20120401','YYYYMMDD'), to_date('20120801','YYYYMMDD'), '01402901851', '', '', false);
insert into DiagramParts values('FE81-01_0708-01402916607', 'FE81-01_0708', 03, 'Owner&apos;s manual for E70', 'FR', 1, to_date('20120801','YYYYMMDD'), to_date('20130401','YYYYMMDD'), '01402916607', '', '', false);
insert into DiagramParts values('FE81-01_0708-01430012567', 'FE81-01_0708', 04, 'Owner&apos;s manual for E70', 'ES, MJ 2007', 1, to_date('20061201','YYYYMMDD'), to_date('20070401','YYYYMMDD'), '01430012567', '', '', false);
insert into DiagramParts values('FE81-01_0708-01430013211', 'FE81-01_0708', 04, 'Owner&apos;s manual for E70', 'ES, MJ 2007', 1, to_date('20070401','YYYYMMDD'), to_date('20071001','YYYYMMDD'), '01430013211', '', '', false);
insert into DiagramParts values('FE81-01_0708-01430014089', 'FE81-01_0708', 04, 'Owner&apos;s manual for E70', 'ES, MJ 2008', 1, to_date('20071001','YYYYMMDD'), to_date('20080401','YYYYMMDD'), '01430014089', '$70.12', '', false);
insert into DiagramParts values('FE81-01_0708-01432600568', 'FE81-01_0708', 04, 'Owner&apos;s manual for E70', 'ES, MJ 2008', 1, to_date('20080401','YYYYMMDD'), to_date('20080901','YYYYMMDD'), '01432600568', '', '', false);
insert into DiagramParts values('FE81-01_0708-01432600780', 'FE81-01_0708', 04, 'Owner&apos;s manual for E70', 'ES, MJ 2009', 1, to_date('20081001','YYYYMMDD'), to_date('20090401','YYYYMMDD'), '01432600780', '', '', false);
insert into DiagramParts values('FE81-01_0708-01432601675', 'FE81-01_0708', 04, 'Owner&apos;s manual for E70', 'ES, MJ 2009', 1, to_date('20090401','YYYYMMDD'), to_date('20091001','YYYYMMDD'), '01432601675', '', '', false);
insert into DiagramParts values('FE81-01_0708-01432602742', 'FE81-01_0708', 04, 'Owner&apos;s manual for E70', 'ES, MJ 2010', 1, to_date('20091001','YYYYMMDD'), to_date('20100401','YYYYMMDD'), '01432602742', '', '', false);
insert into DiagramParts values('FE81-01_0708-01402901852', 'FE81-01_0708', 04, 'Owner&apos;s manual for E70', 'ES', 1, to_date('20120401','YYYYMMDD'), to_date('20120801','YYYYMMDD'), '01402901852', '', '', false);
insert into DiagramParts values('FE81-01_0708-01402916608', 'FE81-01_0708', 04, 'Owner&apos;s manual for E70', 'ES', 1, to_date('20120801','YYYYMMDD'), to_date('20130401','YYYYMMDD'), '01402916608', '', '', false);
insert into DiagramParts values('FE81-01_0708-01440012568', 'FE81-01_0708', 05, 'Owner&apos;s manual for E70', 'IT, MJ 2007', 1, to_date('20061201','YYYYMMDD'), to_date('20070401','YYYYMMDD'), '01440012568', '', '', false);
insert into DiagramParts values('FE81-01_0708-01440013212', 'FE81-01_0708', 05, 'Owner&apos;s manual for E70', 'IT, MJ 2007', 1, to_date('20070401','YYYYMMDD'), to_date('20071001','YYYYMMDD'), '01440013212', '', '', false);
insert into DiagramParts values('FE81-01_0708-01440014090', 'FE81-01_0708', 05, 'Owner&apos;s manual for E70', 'IT, MJ 2008', 1, to_date('20071001','YYYYMMDD'), to_date('20080401','YYYYMMDD'), '01440014090', '', '', false);
insert into DiagramParts values('FE81-01_0708-01442600569', 'FE81-01_0708', 05, 'Owner&apos;s manual for E70', 'IT, MJ 2008', 1, to_date('20080401','YYYYMMDD'), to_date('20080901','YYYYMMDD'), '01442600569', '', '', false);
insert into DiagramParts values('FE81-01_0708-01442600781', 'FE81-01_0708', 05, 'Owner&apos;s manual for E70', 'IT, MJ 2009', 1, to_date('20081001','YYYYMMDD'), to_date('20090401','YYYYMMDD'), '01442600781', '', '', false);
insert into DiagramParts values('FE81-01_0708-01442601676', 'FE81-01_0708', 05, 'Owner&apos;s manual for E70', 'IT, MJ 2009', 1, to_date('20090401','YYYYMMDD'), to_date('20091001','YYYYMMDD'), '01442601676', '', '', false);
insert into DiagramParts values('FE81-01_0708-01442602743', 'FE81-01_0708', 05, 'Owner&apos;s manual for E70', 'IT, MJ 2010', 1, to_date('20091001','YYYYMMDD'), to_date('20100401','YYYYMMDD'), '01442602743', '', '', false);
insert into DiagramParts values('FE81-01_0708-01402901853', 'FE81-01_0708', 05, 'Owner&apos;s manual for E70', 'IT', 1, to_date('20120401','YYYYMMDD'), to_date('20120801','YYYYMMDD'), '01402901853', '', '', false);
insert into DiagramParts values('FE81-01_0708-01402916609', 'FE81-01_0708', 05, 'Owner&apos;s manual for E70', 'IT', 1, to_date('20120801','YYYYMMDD'), to_date('20130401','YYYYMMDD'), '01402916609', '', '', false);
insert into DiagramParts values('FE81-01_0708-01450012569', 'FE81-01_0708', 06, 'Owner&apos;s manual for E70', 'SV, MJ 2007', 1, to_date('20061201','YYYYMMDD'), to_date('20070401','YYYYMMDD'), '01450012569', '', '', false);
insert into DiagramParts values('FE81-01_0708-01450013213', 'FE81-01_0708', 06, 'Owner&apos;s manual for E70', 'SV, MJ 2007', 1, to_date('20070401','YYYYMMDD'), to_date('20071001','YYYYMMDD'), '01450013213', '', '', false);
insert into DiagramParts values('FE81-01_0708-01450014091', 'FE81-01_0708', 06, 'Owner&apos;s manual for E70', 'SV, MJ 2008', 1, to_date('20071001','YYYYMMDD'), to_date('20080401','YYYYMMDD'), '01450014091', '', '', false);
insert into DiagramParts values('FE81-01_0708-01452600570', 'FE81-01_0708', 06, 'Owner&apos;s manual for E70', 'SV, MJ 2008', 1, to_date('20080401','YYYYMMDD'), to_date('20080901','YYYYMMDD'), '01452600570', '', '', false);
insert into DiagramParts values('FE81-01_0708-01452600782', 'FE81-01_0708', 06, 'Owner&apos;s manual for E70', 'SV, MJ 2009', 1, to_date('20081001','YYYYMMDD'), to_date('20090401','YYYYMMDD'), '01452600782', '', '', false);
insert into DiagramParts values('FE81-01_0708-01452601677', 'FE81-01_0708', 06, 'Owner&apos;s manual for E70', 'SV, MJ 2009', 1, to_date('20090401','YYYYMMDD'), to_date('20091001','YYYYMMDD'), '01452601677', '', '', false);
insert into DiagramParts values('FE81-01_0708-01452602744', 'FE81-01_0708', 06, 'Owner&apos;s manual for E70', 'SV, MJ 2010', 1, to_date('20091001','YYYYMMDD'), to_date('20100401','YYYYMMDD'), '01452602744', '', '', false);
insert into DiagramParts values('FE81-01_0708-01402901854', 'FE81-01_0708', 06, 'Owner&apos;s manual for E70', 'SV', 1, to_date('20120401','YYYYMMDD'), to_date('20120801','YYYYMMDD'), '01402901854', '', '', false);
insert into DiagramParts values('FE81-01_0708-01402916610', 'FE81-01_0708', 06, 'Owner&apos;s manual for E70', 'SV', 1, to_date('20120801','YYYYMMDD'), to_date('20130401','YYYYMMDD'), '01402916610', '', '', false);
insert into DiagramParts values('FE81-01_0708-01460012570', 'FE81-01_0708', 07, 'Owner&apos;s manual for E70', 'NL, MJ 2007', 1, to_date('20061201','YYYYMMDD'), to_date('20070401','YYYYMMDD'), '01460012570', '', '', false);
insert into DiagramParts values('FE81-01_0708-01460013214', 'FE81-01_0708', 07, 'Owner&apos;s manual for E70', 'NL, MJ 2007', 1, to_date('20070401','YYYYMMDD'), to_date('20071001','YYYYMMDD'), '01460013214', '', '', false);
insert into DiagramParts values('FE81-01_0708-01460014092', 'FE81-01_0708', 07, 'Owner&apos;s manual for E70', 'NL, MJ 2008', 1, to_date('20071001','YYYYMMDD'), to_date('20080401','YYYYMMDD'), '01460014092', '', '', false);
insert into DiagramParts values('FE81-01_0708-01462600571', 'FE81-01_0708', 07, 'Owner&apos;s manual for E70', 'NL, MJ 2008', 1, to_date('20080401','YYYYMMDD'), to_date('20080901','YYYYMMDD'), '01462600571', '', '', false);
insert into DiagramParts values('FE81-01_0708-01462600783', 'FE81-01_0708', 07, 'Owner&apos;s manual for E70', 'NL, MJ 2009', 1, to_date('20081001','YYYYMMDD'), to_date('20090401','YYYYMMDD'), '01462600783', '', '', false);
insert into DiagramParts values('FE81-01_0708-01462601678', 'FE81-01_0708', 07, 'Owner&apos;s manual for E70', 'NL, MJ 2009', 1, to_date('20090401','YYYYMMDD'), to_date('20091001','YYYYMMDD'), '01462601678', '', '', false);
insert into DiagramParts values('FE81-01_0708-01462602745', 'FE81-01_0708', 07, 'Owner&apos;s manual for E70', 'NL, MJ 2010', 1, to_date('20091001','YYYYMMDD'), to_date('20100401','YYYYMMDD'), '01462602745', '', '', false);
insert into DiagramParts values('FE81-01_0708-01402901855', 'FE81-01_0708', 07, 'Owner&apos;s manual for E70', 'NL', 1, to_date('20120401','YYYYMMDD'), to_date('20120801','YYYYMMDD'), '01402901855', '', '', false);
insert into DiagramParts values('FE81-01_0708-01402916611', 'FE81-01_0708', 07, 'Owner&apos;s manual for E70', 'NL', 1, to_date('20120801','YYYYMMDD'), to_date('20130401','YYYYMMDD'), '01402916611', '', '', false);
insert into DiagramParts values('FE81-01_0708-01470012571', 'FE81-01_0708', 08, 'Owner&apos;s manual for E70', 'AR, MJ 2007', 1, to_date('20061201','YYYYMMDD'), to_date('20070401','YYYYMMDD'), '01470012571', '', '', false);
insert into DiagramParts values('FE81-01_0708-01470013215', 'FE81-01_0708', 08, 'Owner&apos;s manual for E70', 'AR, MJ 2007', 1, to_date('20070401','YYYYMMDD'), to_date('20071001','YYYYMMDD'), '01470013215', '', '', false);
insert into DiagramParts values('FE81-01_0708-01470014093', 'FE81-01_0708', 08, 'Owner&apos;s manual for E70', 'AR, MJ 2008', 1, to_date('20071001','YYYYMMDD'), to_date('20080401','YYYYMMDD'), '01470014093', '$156.68', '', false);
insert into DiagramParts values('FE81-01_0708-01472600572', 'FE81-01_0708', 08, 'Owner&apos;s manual for E70', 'AR, MJ 2008', 1, to_date('20080401','YYYYMMDD'), to_date('20080901','YYYYMMDD'), '01472600572', '', '', false);
insert into DiagramParts values('FE81-01_0708-01472600784', 'FE81-01_0708', 08, 'Owner&apos;s manual for E70', 'AR, MJ 2009', 1, to_date('20081001','YYYYMMDD'), to_date('20090401','YYYYMMDD'), '01472600784', '', '', false);
insert into DiagramParts values('FE81-01_0708-01472601679', 'FE81-01_0708', 08, 'Owner&apos;s manual for E70', 'AR, MJ 2009', 1, to_date('20090401','YYYYMMDD'), to_date('20091001','YYYYMMDD'), '01472601679', '', '', false);
insert into DiagramParts values('FE81-01_0708-01472602746', 'FE81-01_0708', 08, 'Owner&apos;s manual for E70', 'AR, MJ 2010', 1, to_date('20091001','YYYYMMDD'), to_date('20100401','YYYYMMDD'), '01472602746', '', '', false);
insert into DiagramParts values('FE81-01_0708-01402901856', 'FE81-01_0708', 08, 'Owner&apos;s manual for E70', 'AR', 1, to_date('20120401','YYYYMMDD'), to_date('20120801','YYYYMMDD'), '01402901856', '', '', false);
insert into DiagramParts values('FE81-01_0708-01402916612', 'FE81-01_0708', 08, 'Owner&apos;s manual for E70', 'AR', 1, to_date('20120801','YYYYMMDD'), to_date('20130401','YYYYMMDD'), '01402916612', '', '', false);
insert into DiagramParts values('FE81-01_0708-01480012572', 'FE81-01_0708', 09, 'Owner&apos;s manual for E70', 'DA, MJ 2007', 1, to_date('20061201','YYYYMMDD'), to_date('20070401','YYYYMMDD'), '01480012572', '', '', false);
insert into DiagramParts values('FE81-01_0708-01480013216', 'FE81-01_0708', 09, 'Owner&apos;s manual for E70', 'DA, MJ 2007', 1, to_date('20070401','YYYYMMDD'), to_date('20071001','YYYYMMDD'), '01480013216', '', '', false);
insert into DiagramParts values('FE81-01_0708-01480014094', 'FE81-01_0708', 09, 'Owner&apos;s manual for E70', 'DA, MJ 2008', 1, to_date('20071001','YYYYMMDD'), to_date('20080401','YYYYMMDD'), '01480014094', '', '', false);
insert into DiagramParts values('FE81-01_0708-01482600573', 'FE81-01_0708', 09, 'Owner&apos;s manual for E70', 'DA, MJ 2008', 1, to_date('20080401','YYYYMMDD'), to_date('20080901','YYYYMMDD'), '01482600573', '', '', false);
insert into DiagramParts values('FE81-01_0708-01482600785', 'FE81-01_0708', 09, 'Owner&apos;s manual for E70', 'DA, MJ 2009', 1, to_date('20081001','YYYYMMDD'), to_date('20090401','YYYYMMDD'), '01482600785', '', '', false);
insert into DiagramParts values('FE81-01_0708-01482601680', 'FE81-01_0708', 09, 'Owner&apos;s manual for E70', 'DA, MJ 2009', 1, to_date('20090401','YYYYMMDD'), to_date('20091001','YYYYMMDD'), '01482601680', '', '', false);
insert into DiagramParts values('FE81-01_0708-01482602747', 'FE81-01_0708', 09, 'Owner&apos;s manual for E70', 'DA, MJ 2010', 1, to_date('20091001','YYYYMMDD'), to_date('20100401','YYYYMMDD'), '01482602747', '', '', false);
insert into DiagramParts values('FE81-01_0708-01402901857', 'FE81-01_0708', 09, 'Owner&apos;s manual for E70', 'DA', 1, to_date('20120401','YYYYMMDD'), to_date('20120801','YYYYMMDD'), '01402901857', '', '', false);
insert into DiagramParts values('FE81-01_0708-01402916613', 'FE81-01_0708', 09, 'Owner&apos;s manual for E70', 'DA', 1, to_date('20120801','YYYYMMDD'), to_date('20130401','YYYYMMDD'), '01402916613', '', '', false);
insert into DiagramParts values('FE81-01_0708-01490012573', 'FE81-01_0708', 10, 'Owner&apos;s manual for E70', 'PT, MJ 2007', 1, to_date('20061201','YYYYMMDD'), to_date('20070401','YYYYMMDD'), '01490012573', '', '', false);
insert into DiagramParts values('FE81-01_0708-01490013217', 'FE81-01_0708', 10, 'Owner&apos;s manual for E70', 'PT, MJ 2007', 1, to_date('20070401','YYYYMMDD'), to_date('20071001','YYYYMMDD'), '01490013217', '', '', false);
insert into DiagramParts values('FE81-01_0708-01490014095', 'FE81-01_0708', 10, 'Owner&apos;s manual for E70', 'PT, MJ 2008', 1, to_date('20071001','YYYYMMDD'), to_date('20080401','YYYYMMDD'), '01490014095', '', '', false);
insert into DiagramParts values('FE81-01_0708-01492600574', 'FE81-01_0708', 10, 'Owner&apos;s manual for E70', 'PT, MJ 2008', 1, to_date('20080401','YYYYMMDD'), to_date('20080901','YYYYMMDD'), '01492600574', '', '', false);
insert into DiagramParts values('FE81-01_0708-01492600786', 'FE81-01_0708', 10, 'Owner&apos;s manual for E70', 'PT, MJ 2009', 1, to_date('20081001','YYYYMMDD'), to_date('20090401','YYYYMMDD'), '01492600786', '', '', false);
insert into DiagramParts values('FE81-01_0708-01492601681', 'FE81-01_0708', 10, 'Owner&apos;s manual for E70', 'PT, MJ 2009', 1, to_date('20090401','YYYYMMDD'), to_date('20091001','YYYYMMDD'), '01492601681', '', '', false);
insert into DiagramParts values('FE81-01_0708-01492602748', 'FE81-01_0708', 10, 'Owner&apos;s manual for E70', 'PT, MJ 2010', 1, to_date('20091001','YYYYMMDD'), to_date('20100401','YYYYMMDD'), '01492602748', '', '', false);
insert into DiagramParts values('FE81-01_0708-01402901858', 'FE81-01_0708', 10, 'Owner&apos;s manual for E70', 'PT', 1, to_date('20120401','YYYYMMDD'), to_date('20120801','YYYYMMDD'), '01402901858', '', '', false);
insert into DiagramParts values('FE81-01_0708-01402916614', 'FE81-01_0708', 10, 'Owner&apos;s manual for E70', 'PT', 1, to_date('20120801','YYYYMMDD'), to_date('20130401','YYYYMMDD'), '01402916614', '', '', false);
insert into DiagramParts values('FE81-01_0708-01490012575', 'FE81-01_0708', 13, 'Owner&apos;s manual for E70', 'EL, MJ 2007', 1, to_date('20061201','YYYYMMDD'), to_date('20070401','YYYYMMDD'), '01490012575', '', '', false);
insert into DiagramParts values('FE81-01_0708-01490013219', 'FE81-01_0708', 13, 'Owner&apos;s manual for E70', 'EL, MJ 2007', 1, to_date('20070401','YYYYMMDD'), to_date('20071001','YYYYMMDD'), '01490013219', '', '', false);
insert into DiagramParts values('FE81-01_0708-01490014097', 'FE81-01_0708', 13, 'Owner&apos;s manual for E70', 'EL, MJ 2008', 1, to_date('20071001','YYYYMMDD'), to_date('20080401','YYYYMMDD'), '01490014097', '', '', false);
insert into DiagramParts values('FE81-01_0708-01492600576', 'FE81-01_0708', 13, 'Owner&apos;s manual for E70', 'EL, MJ 2008', 1, to_date('20080401','YYYYMMDD'), to_date('20080901','YYYYMMDD'), '01492600576', '', '', false);
insert into DiagramParts values('FE81-01_0708-01492600788', 'FE81-01_0708', 13, 'Owner&apos;s manual for E70', 'EL, MJ 2009', 1, to_date('20081001','YYYYMMDD'), to_date('20090401','YYYYMMDD'), '01492600788', '', '', false);
insert into DiagramParts values('FE81-01_0708-01492601683', 'FE81-01_0708', 13, 'Owner&apos;s manual for E70', 'EL, MJ 2009', 1, to_date('20090401','YYYYMMDD'), to_date('20091001','YYYYMMDD'), '01492601683', '', '', false);
insert into DiagramParts values('FE81-01_0708-01492602750', 'FE81-01_0708', 13, 'Owner&apos;s manual for E70', 'EL, MJ 2010', 1, to_date('20091001','YYYYMMDD'), to_date('20100401','YYYYMMDD'), '01492602750', '', '', false);
insert into DiagramParts values('FE81-01_0708-01402901860', 'FE81-01_0708', 13, 'Owner&apos;s manual for E70', 'EL', 1, to_date('20120401','YYYYMMDD'), to_date('20120801','YYYYMMDD'), '01402901860', '', '', false);
insert into DiagramParts values('FE81-01_0708-01402916616', 'FE81-01_0708', 13, 'Owner&apos;s manual for E70', 'EL', 1, to_date('20120801','YYYYMMDD'), to_date('20130401','YYYYMMDD'), '01402916616', '', '', false);
insert into DiagramParts values('FE81-01_0708-01490012574', 'FE81-01_0708', 14, 'Owner&apos;s manual for E70', 'ZH, MJ 2007', 1, to_date('20061201','YYYYMMDD'), to_date('20070401','YYYYMMDD'), '01490012574', '', '', false);
insert into DiagramParts values('FE81-01_0708-01490013218', 'FE81-01_0708', 14, 'Owner&apos;s manual for E70', 'ZH, MJ 2007', 1, to_date('20070401','YYYYMMDD'), to_date('20071001','YYYYMMDD'), '01490013218', '', '', false);
insert into DiagramParts values('FE81-01_0708-01490014096', 'FE81-01_0708', 14, 'Owner&apos;s manual for E70', 'ZH, MJ 2008', 1, to_date('20071001','YYYYMMDD'), to_date('20080401','YYYYMMDD'), '01490014096', '$70.12', '', false);
insert into DiagramParts values('FE81-01_0708-01492600575', 'FE81-01_0708', 14, 'Owner&apos;s manual for E70', 'ZH, MJ 2008', 1, to_date('20080401','YYYYMMDD'), to_date('20080901','YYYYMMDD'), '01492600575', '', '', false);
insert into DiagramParts values('FE81-01_0708-01492600787', 'FE81-01_0708', 14, 'Owner&apos;s manual for E70', 'ZH, MJ 2009', 1, to_date('20081001','YYYYMMDD'), to_date('20090401','YYYYMMDD'), '01492600787', '', '', false);
insert into DiagramParts values('FE81-01_0708-01492601682', 'FE81-01_0708', 14, 'Owner&apos;s manual for E70', 'ZH, MJ 2009', 1, to_date('20090401','YYYYMMDD'), to_date('20091001','YYYYMMDD'), '01492601682', '', '', false);
insert into DiagramParts values('FE81-01_0708-01492602749', 'FE81-01_0708', 14, 'Owner&apos;s manual for E70', 'ZH, MJ 2010', 1, to_date('20091001','YYYYMMDD'), to_date('20100401','YYYYMMDD'), '01492602749', '', '', false);
insert into DiagramParts values('FE81-01_0708-01402901859', 'FE81-01_0708', 14, 'Owner&apos;s manual for E70', 'ZH', 1, to_date('20120401','YYYYMMDD'), to_date('20120801','YYYYMMDD'), '01402901859', '', '', false);
insert into DiagramParts values('FE81-01_0708-01402916615', 'FE81-01_0708', 14, 'Owner&apos;s manual for E70', 'ZH', 1, to_date('20120801','YYYYMMDD'), to_date('20121201','YYYYMMDD'), '01402916615', '', '', false);
insert into DiagramParts values('FE81-01_0708-01402917303', 'FE81-01_0708', 14, 'Owner&apos;s manual for E70', 'ZH', 1, to_date('20121201','YYYYMMDD'), to_date('20130401','YYYYMMDD'), '01402917303', '', '', false);
insert into DiagramParts values('FE81-01_0708-01490013220', 'FE81-01_0708', 15, 'Owner&apos;s manual for E70', 'KO, MJ 2007', 1, to_date('20070401','YYYYMMDD'), to_date('20071001','YYYYMMDD'), '01490013220', '', '', false);
insert into DiagramParts values('FE81-01_0708-01490014098', 'FE81-01_0708', 15, 'Owner&apos;s manual for E70', 'KO, MJ 2008', 1, to_date('20071001','YYYYMMDD'), to_date('20080401','YYYYMMDD'), '01490014098', '', '', false);
insert into DiagramParts values('FE81-01_0708-01492600577', 'FE81-01_0708', 15, 'Owner&apos;s manual for E70', 'KO, MJ 2008', 1, to_date('20080401','YYYYMMDD'), to_date('20080901','YYYYMMDD'), '01492600577', '', '', false);
insert into DiagramParts values('FE81-01_0708-01492600789', 'FE81-01_0708', 15, 'Owner&apos;s manual for E70', 'KO, MJ 2009', 1, to_date('20081001','YYYYMMDD'), to_date('20090401','YYYYMMDD'), '01492600789', '', '', false);
insert into DiagramParts values('FE81-01_0708-01492601684', 'FE81-01_0708', 15, 'Owner&apos;s manual for E70', 'KO, MJ 2009', 1, to_date('20090401','YYYYMMDD'), to_date('20091001','YYYYMMDD'), '01492601684', '', '', false);
insert into DiagramParts values('FE81-01_0708-01492602751', 'FE81-01_0708', 15, 'Owner&apos;s manual for E70', 'KO, MJ  2010', 1, to_date('20091001','YYYYMMDD'), to_date('20100401','YYYYMMDD'), '01492602751', '', '', false);
insert into DiagramParts values('FE81-01_0708-01402901861', 'FE81-01_0708', 15, 'Owner&apos;s manual for E70', 'KO', 1, to_date('20120401','YYYYMMDD'), to_date('20120801','YYYYMMDD'), '01402901861', '', '', false);
insert into DiagramParts values('FE81-01_0708-01402916617', 'FE81-01_0708', 15, 'Owner&apos;s manual for E70', 'KO', 1, to_date('20120801','YYYYMMDD'), to_date('20130401','YYYYMMDD'), '01402916617', '', '', false);
insert into DiagramParts values('FE81-01_0708-01492600470', 'FE81-01_0708', 16, 'Owner&apos;s manual for E70', 'RO, MJ 2008', 1, to_date('20071001','YYYYMMDD'), to_date('20080901','YYYYMMDD'), '01492600470', '', '', false);
insert into DiagramParts values('FE81-01_0708-01492600791', 'FE81-01_0708', 16, 'Owner&apos;s manual for E70', 'RO, MJ 2009', 1, to_date('20081001','YYYYMMDD'), to_date('20090401','YYYYMMDD'), '01492600791', '', '', false);
insert into DiagramParts values('FE81-01_0708-01492601686', 'FE81-01_0708', 16, 'Owner&apos;s manual for E70', 'RO, MJ 2009', 1, to_date('20090401','YYYYMMDD'), to_date('20091001','YYYYMMDD'), '01492601686', '', '', false);
insert into DiagramParts values('FE81-01_0708-01492602753', 'FE81-01_0708', 16, 'Owner&apos;s manual for E70', 'RO, MJ 2010', 1, to_date('20091001','YYYYMMDD'), to_date('20100401','YYYYMMDD'), '01492602753', '', '', false);
insert into DiagramParts values('FE81-01_0708-01402901863', 'FE81-01_0708', 16, 'Owner&apos;s manual for E70', 'RO', 1, to_date('20120401','YYYYMMDD'), to_date('20120801','YYYYMMDD'), '01402901863', '', '', false);
insert into DiagramParts values('FE81-01_0708-01402916619', 'FE81-01_0708', 16, 'Owner&apos;s manual for E70', 'RO', 1, to_date('20120801','YYYYMMDD'), to_date('20130401','YYYYMMDD'), '01402916619', '', '', false);
insert into DiagramParts values('FE81-01_0708-01492600578', 'FE81-01_0708', 17, 'Owner&apos;s manual for E70', 'RU, MJ 2008', 1, to_date('20080401','YYYYMMDD'), to_date('20080901','YYYYMMDD'), '01492600578', '', '', false);
insert into DiagramParts values('FE81-01_0708-01492600790', 'FE81-01_0708', 17, 'Owner&apos;s manual for E70', 'RU, MJ 2009', 1, to_date('20081001','YYYYMMDD'), to_date('20090401','YYYYMMDD'), '01492600790', '', '', false);
insert into DiagramParts values('FE81-01_0708-01492601685', 'FE81-01_0708', 17, 'Owner&apos;s manual for E70', 'RU, MJ 2009', 1, to_date('20090401','YYYYMMDD'), to_date('20091001','YYYYMMDD'), '01492601685', '', '', false);
insert into DiagramParts values('FE81-01_0708-01492602752', 'FE81-01_0708', 17, 'Owner&apos;s manual for E70', 'RU, MJ 2010', 1, to_date('20091001','YYYYMMDD'), to_date('20100401','YYYYMMDD'), '01492602752', '', '', false);
insert into DiagramParts values('FE81-01_0708-01402901862', 'FE81-01_0708', 17, 'Owner&apos;s manual for E70', 'RU', 1, to_date('20120401','YYYYMMDD'), to_date('20120801','YYYYMMDD'), '01402901862', '', '', false);
insert into DiagramParts values('FE81-01_0708-01402916618', 'FE81-01_0708', 17, 'Owner&apos;s manual for E70', 'RU', 1, to_date('20120801','YYYYMMDD'), to_date('20130401','YYYYMMDD'), '01402916618', '', '', false);
insert into DiagramParts values('FE81-01_0708-01402901864', 'FE81-01_0708', 18, 'Owner&apos;s manual for E70', 'JA', 1, to_date('20120401','YYYYMMDD'), to_date('20120801','YYYYMMDD'), '01402901864', '', '', false);
insert into DiagramParts values('FE81-01_0708-01402916620', 'FE81-01_0708', 18, 'Owner&apos;s manual for E70', 'JA', 1, to_date('20120801','YYYYMMDD'), to_date('20130401','YYYYMMDD'), '01402916620', '', '', false);
insert into DiagramParts values('FE81-01_0708-01492602754', 'FE81-01_0708', 19, 'Owner&apos;s manual for E70', 'SK, MJ 2010', 1, to_date('20091001','YYYYMMDD'), to_date('20100401','YYYYMMDD'), '01492602754', '', '', false);
insert into DiagramParts values('FE81-01_0708-01402901865', 'FE81-01_0708', 19, 'Owner&apos;s manual for E70', 'SK', 1, to_date('20120401','YYYYMMDD'), to_date('20120801','YYYYMMDD'), '01402901865', '', '', false);
insert into DiagramParts values('FE81-01_0708-01402916621', 'FE81-01_0708', 19, 'Owner&apos;s manual for E70', 'SK', 1, to_date('20120801','YYYYMMDD'), to_date('20130401','YYYYMMDD'), '01402916621', '', '', false);
insert into DiagramParts values('FE81-01_0708-01492602755', 'FE81-01_0708', 20, 'Owner&apos;s manual for E70', 'CS, MJ 2010', 1, to_date('20091001','YYYYMMDD'), to_date('20100401','YYYYMMDD'), '01492602755', '', '', false);
insert into DiagramParts values('FE81-01_0708-01402901866', 'FE81-01_0708', 20, 'Owner&apos;s manual for E70', 'CS', 1, to_date('20120401','YYYYMMDD'), to_date('20120801','YYYYMMDD'), '01402901866', '', '', false);
insert into DiagramParts values('FE81-01_0708-01402916622', 'FE81-01_0708', 20, 'Owner&apos;s manual for E70', 'CS', 1, to_date('20120801','YYYYMMDD'), to_date('20130401','YYYYMMDD'), '01402916622', '', '', false);
insert into DiagramParts values('FE81-01_0708-01402901867', 'FE81-01_0708', 21, 'Owner&apos;s manual for E70', 'PL', 1, to_date('20120401','YYYYMMDD'), to_date('20120801','YYYYMMDD'), '01402901867', '', '', false);
insert into DiagramParts values('FE81-01_0708-01402916623', 'FE81-01_0708', 21, 'Owner&apos;s manual for E70', 'PL', 1, to_date('20120801','YYYYMMDD'), to_date('20130401','YYYYMMDD'), '01402916623', '', '', false);
insert into DiagramParts values('FE81-01_0708-01402901868', 'FE81-01_0708', 22, 'Owner&apos;s manual for E70', 'HU', 1, to_date('20120401','YYYYMMDD'), to_date('20120801','YYYYMMDD'), '01402901868', '', '', false);
insert into DiagramParts values('FE81-01_0708-01402916624', 'FE81-01_0708', 22, 'Owner&apos;s manual for E70', 'HU', 1, to_date('20120801','YYYYMMDD'), to_date('20130401','YYYYMMDD'), '01402916624', '', '', false);
insert into Diagram values('FE81-01_0708','FE81-20060500','01-05','E70 X5 4.8i   Owner&apos;s manual for E70','');
insert into DiagramParts values('FE81-01_0731-01400013388', 'FE81-01_0731', 01, 'Brief instructions E70', 'DE, MJ 2008', 1, to_date('20071001','YYYYMMDD'), to_date('20090401','YYYYMMDD'), '01400013388', '', '', false);
insert into DiagramParts values('FE81-01_0731-01402602409', 'FE81-01_0731', 01, 'Brief instructions E70', 'DE, MJ 2009', 1, to_date('20090401','YYYYMMDD'), to_date('20091001','YYYYMMDD'), '01402602409', '', '', false);
insert into DiagramParts values('FE81-01_0731-01402603144', 'FE81-01_0731', 01, 'Brief instructions E70, E71', 'DE, MJ 2010', 1, to_date('20091001','YYYYMMDD'), to_date('20100401','YYYYMMDD'), '01402603144', '', '', false);
insert into DiagramParts values('FE81-01_0731-01402916961', 'FE81-01_0731', 01, 'Brief instructions E70, E71', 'DE', 1, to_date('20120801','YYYYMMDD'), to_date('20130401','YYYYMMDD'), '01402916961', '', '', false);
insert into DiagramParts values('FE81-01_0731-01402919163', 'FE81-01_0731', 01, 'Brief instructions E70, E71', 'DE', 1, to_date('20130401','YYYYMMDD'), to_date('20130801','YYYYMMDD'), '01402919163', '', '', false);
insert into DiagramParts values('FE81-01_0731-01410012577', 'FE81-01_0731', 02, 'Brief instructions E70', 'EN, MJ 2007', 1, to_date('20061201','YYYYMMDD'), to_date('20071001','YYYYMMDD'), '01410012577', '', '', false);
insert into DiagramParts values('FE81-01_0731-01410013389', 'FE81-01_0731', 02, 'Brief instructions E70', 'EN, MJ 2008', 1, to_date('20071001','YYYYMMDD'), to_date('20090401','YYYYMMDD'), '01410013389', '', '', false);
insert into DiagramParts values('FE81-01_0731-01412602410', 'FE81-01_0731', 02, 'Brief instructions E70', 'EN, MJ 2009', 1, to_date('20090401','YYYYMMDD'), to_date('20091001','YYYYMMDD'), '01412602410', '', '', false);
insert into DiagramParts values('FE81-01_0731-01412603145', 'FE81-01_0731', 02, 'Brief instructions E70, E71', 'EN, MJ 2010', 1, to_date('20091001','YYYYMMDD'), to_date('20100401','YYYYMMDD'), '01412603145', '', '', false);
insert into DiagramParts values('FE81-01_0731-01402916962', 'FE81-01_0731', 02, 'Brief instructions E70, E71', 'EN', 1, to_date('20120801','YYYYMMDD'), to_date('20130401','YYYYMMDD'), '01402916962', '', '', false);
insert into DiagramParts values('FE81-01_0731-01402919164', 'FE81-01_0731', 02, 'Brief instructions E70, E71', 'EN', 1, to_date('20130401','YYYYMMDD'), to_date('20130801','YYYYMMDD'), '01402919164', '', '', false);
insert into DiagramParts values('FE81-01_0731-01402916963', 'FE81-01_0731', 03, 'Brief instructions E70, E71', 'FR', 1, to_date('20120801','YYYYMMDD'), to_date('20130401','YYYYMMDD'), '01402916963', '', '', false);
insert into DiagramParts values('FE81-01_0731-01402919165', 'FE81-01_0731', 03, 'Brief instructions E70, E71', 'FR', 1, to_date('20130401','YYYYMMDD'), to_date('20130801','YYYYMMDD'), '01402919165', '', '', false);
insert into DiagramParts values('FE81-01_0731-01402916964', 'FE81-01_0731', 04, 'Brief instructions E70, E71', 'ES', 1, to_date('20120801','YYYYMMDD'), to_date('20130401','YYYYMMDD'), '01402916964', '', '', false);
insert into DiagramParts values('FE81-01_0731-01402919166', 'FE81-01_0731', 04, 'Brief instructions E70, E71', 'ES', 1, to_date('20130401','YYYYMMDD'), to_date('20130801','YYYYMMDD'), '01402919166', '', '', false);
insert into DiagramParts values('FE81-01_0731-01402916965', 'FE81-01_0731', 05, 'Brief instructions E70, E71', 'IT', 1, to_date('20120801','YYYYMMDD'), to_date('20130401','YYYYMMDD'), '01402916965', '', '', false);
insert into DiagramParts values('FE81-01_0731-01402919167', 'FE81-01_0731', 05, 'Brief instructions E70, E71', 'IT', 1, to_date('20130401','YYYYMMDD'), to_date('20130801','YYYYMMDD'), '01402919167', '', '', false);
insert into DiagramParts values('FE81-01_0731-01402916966', 'FE81-01_0731', 06, 'Brief instructions E70, E71', 'SV', 1, to_date('20120801','YYYYMMDD'), to_date('20130401','YYYYMMDD'), '01402916966', '', '', false);
insert into DiagramParts values('FE81-01_0731-01402919168', 'FE81-01_0731', 06, 'Brief instructions E70, E71', 'SV', 1, to_date('20130401','YYYYMMDD'), to_date('20130801','YYYYMMDD'), '01402919168', '', '', false);
insert into DiagramParts values('FE81-01_0731-01402916967', 'FE81-01_0731', 07, 'Brief instructions E70, E71', 'NL', 1, to_date('20120801','YYYYMMDD'), to_date('20130401','YYYYMMDD'), '01402916967', '', '', false);
insert into DiagramParts values('FE81-01_0731-01402919169', 'FE81-01_0731', 07, 'Brief instructions E70, E71', 'NL', 1, to_date('20130401','YYYYMMDD'), to_date('20130801','YYYYMMDD'), '01402919169', '', '', false);
insert into DiagramParts values('FE81-01_0731-01402916968', 'FE81-01_0731', 08, 'Brief instructions E70, E71', 'AR', 1, to_date('20120801','YYYYMMDD'), to_date('20130401','YYYYMMDD'), '01402916968', '', '', false);
insert into DiagramParts values('FE81-01_0731-01402919170', 'FE81-01_0731', 08, 'Brief instructions E70, E71', 'AR', 1, to_date('20130401','YYYYMMDD'), to_date('20130801','YYYYMMDD'), '01402919170', '', '', false);
insert into DiagramParts values('FE81-01_0731-01402916969', 'FE81-01_0731', 09, 'Brief instructions E70, E71', 'DA', 1, to_date('20120801','YYYYMMDD'), to_date('20130401','YYYYMMDD'), '01402916969', '', '', false);
insert into DiagramParts values('FE81-01_0731-01402919171', 'FE81-01_0731', 09, 'Brief instructions E70, E71', 'DA', 1, to_date('20130401','YYYYMMDD'), to_date('20130801','YYYYMMDD'), '01402919171', '', '', false);
insert into DiagramParts values('FE81-01_0731-01402916970', 'FE81-01_0731', 10, 'Brief instructions E70, E71', 'PT', 1, to_date('20120801','YYYYMMDD'), to_date('20130401','YYYYMMDD'), '01402916970', '', '', false);
insert into DiagramParts values('FE81-01_0731-01402919172', 'FE81-01_0731', 10, 'Brief instructions E70, E71', 'PT', 1, to_date('20130401','YYYYMMDD'), to_date('20130801','YYYYMMDD'), '01402919172', '', '', false);
insert into DiagramParts values('FE81-01_0731-01402916981', 'FE81-01_0731', 11, 'Brief instructions E70, E71', 'EN US', 1, to_date('20120801','YYYYMMDD'), to_date('20130401','YYYYMMDD'), '01402916981', '', '', false);
insert into DiagramParts values('FE81-01_0731-01402916982', 'FE81-01_0731', 12, 'Brief instructions E70, E71', 'FR CA', 1, to_date('20120801','YYYYMMDD'), to_date('20130401','YYYYMMDD'), '01402916982', '', '', false);
insert into DiagramParts values('FE81-01_0731-01402916972', 'FE81-01_0731', 13, 'Brief instructions E70, E71', 'EL', 1, to_date('20120801','YYYYMMDD'), to_date('20130401','YYYYMMDD'), '01402916972', '', '', false);
insert into DiagramParts values('FE81-01_0731-01402919174', 'FE81-01_0731', 13, 'Brief instructions E70, E71', 'EL', 1, to_date('20130401','YYYYMMDD'), to_date('20130801','YYYYMMDD'), '01402919174', '', '', false);
insert into DiagramParts values('FE81-01_0731-01402916971', 'FE81-01_0731', 14, 'Brief instructions E70, E71', 'ZH', 1, to_date('20120801','YYYYMMDD'), to_date('20130401','YYYYMMDD'), '01402916971', '', '', false);
insert into DiagramParts values('FE81-01_0731-01402919173', 'FE81-01_0731', 14, 'Brief instructions E70, E71', 'ZH', 1, to_date('20130401','YYYYMMDD'), to_date('20130801','YYYYMMDD'), '01402919173', '', '', false);
insert into DiagramParts values('FE81-01_0731-01402916973', 'FE81-01_0731', 15, 'Brief instructions E70, E71', 'KO', 1, to_date('20120801','YYYYMMDD'), to_date('20130401','YYYYMMDD'), '01402916973', '', '', false);
insert into DiagramParts values('FE81-01_0731-01402919175', 'FE81-01_0731', 15, 'Brief instructions E70, E71', 'KO', 1, to_date('20130401','YYYYMMDD'), to_date('20130801','YYYYMMDD'), '01402919175', '', '', false);
insert into DiagramParts values('FE81-01_0731-01402916975', 'FE81-01_0731', 16, 'Brief instructions E70, E71', 'RO', 1, to_date('20120801','YYYYMMDD'), to_date('20130401','YYYYMMDD'), '01402916975', '', '', false);
insert into DiagramParts values('FE81-01_0731-01402919177', 'FE81-01_0731', 16, 'Brief instructions E70, E71', 'RO', 1, to_date('20130401','YYYYMMDD'), to_date('20130801','YYYYMMDD'), '01402919177', '', '', false);
insert into DiagramParts values('FE81-01_0731-01402916974', 'FE81-01_0731', 17, 'Brief instructions E70, E71', 'RU', 1, to_date('20120801','YYYYMMDD'), to_date('20130401','YYYYMMDD'), '01402916974', '', '', false);
insert into DiagramParts values('FE81-01_0731-01402919176', 'FE81-01_0731', 17, 'Brief instructions E70, E71', 'RU', 1, to_date('20130401','YYYYMMDD'), to_date('20130801','YYYYMMDD'), '01402919176', '', '', false);
insert into DiagramParts values('FE81-01_0731-01402916976', 'FE81-01_0731', 18, 'Brief instructions E70, E71', 'JA', 1, to_date('20120801','YYYYMMDD'), to_date('20130401','YYYYMMDD'), '01402916976', '', '', false);
insert into DiagramParts values('FE81-01_0731-01402919178', 'FE81-01_0731', 18, 'Brief instructions E70, E71', 'JA', 1, to_date('20130401','YYYYMMDD'), to_date('20130801','YYYYMMDD'), '01402919178', '', '', false);
insert into DiagramParts values('FE81-01_0731-01402916977', 'FE81-01_0731', 19, 'Brief instructions E70, E71', 'SK', 1, to_date('20120801','YYYYMMDD'), to_date('20130401','YYYYMMDD'), '01402916977', '', '', false);
insert into DiagramParts values('FE81-01_0731-01402919179', 'FE81-01_0731', 19, 'Brief instructions E70, E71', 'SK', 1, to_date('20130401','YYYYMMDD'), to_date('20130801','YYYYMMDD'), '01402919179', '', '', false);
insert into DiagramParts values('FE81-01_0731-01402916978', 'FE81-01_0731', 20, 'Brief instructions E70, E71', 'CS', 1, to_date('20120801','YYYYMMDD'), to_date('20130401','YYYYMMDD'), '01402916978', '', '', false);
insert into DiagramParts values('FE81-01_0731-01402919180', 'FE81-01_0731', 20, 'Brief instructions E70, E71', 'CS', 1, to_date('20130401','YYYYMMDD'), to_date('20130801','YYYYMMDD'), '01402919180', '', '', false);
insert into DiagramParts values('FE81-01_0731-01402916979', 'FE81-01_0731', 21, 'Brief instructions E70, E71', 'PL', 1, to_date('20120801','YYYYMMDD'), to_date('20130401','YYYYMMDD'), '01402916979', '', '', false);
insert into DiagramParts values('FE81-01_0731-01402919181', 'FE81-01_0731', 21, 'Brief instructions E70, E71', 'PL', 1, to_date('20130401','YYYYMMDD'), to_date('20130801','YYYYMMDD'), '01402919181', '', '', false);
insert into DiagramParts values('FE81-01_0731-01402916980', 'FE81-01_0731', 22, 'Brief instructions E70, E71', 'HU', 1, to_date('20120801','YYYYMMDD'), to_date('20130401','YYYYMMDD'), '01402916980', '', '', false);
insert into DiagramParts values('FE81-01_0731-01402919182', 'FE81-01_0731', 22, 'Brief instructions E70, E71', 'HU', 1, to_date('20130401','YYYYMMDD'), to_date('20130801','YYYYMMDD'), '01402919182', '', '', false);
insert into Diagram values('FE81-01_0731','FE81-20060500','01-05','E70 X5 4.8i   Brief instructions E70, E71','');
insert into Diagram values('FE81-01_0756','FE81-20060500','01-05','E70 X5 4.8i   Mirror placard','');
insert into Diagram values('FE81-01_0780','FE81-20060500','01-05','E70 X5 4.8i   Brochure Service Contact, BMW','');
insert into DiagramParts values('FE81-01_0943-01492603651', 'FE81-01_0943', 01, 'Suppl. Owner&apos;s Manual E70 Security', 'E70, MJ 2010', 1, to_date('20090701','YYYYMMDD'), to_date('20100401','YYYYMMDD'), '01492603651', '', '', false);
insert into DiagramParts values('FE81-01_0943-01492600698', 'FE81-01_0943', 02, 'Suppl. Owner&apos;s Manual E70 Security', 'E70, MJ 08/09', 1, to_date('20080601','YYYYMMDD'), to_date('20090701','YYYYMMDD'), '01492600698', '', '', false);
insert into Diagram values('FE81-01_0943','FE81-20060500','01-05','E70 X5 4.8i   Suppl. Owner&apos;s Manual E70 Security','');
insert into DiagramParts values('FE81-01_1074-01492603652', 'FE81-01_1074', 01, 'Suppl. Owner&apos;s Manual E70 SecurityPlus', 'E70, MJ 2010', 1, to_date('20090701','YYYYMMDD'), to_date('20100401','YYYYMMDD'), '01492603652', '', '', false);
insert into DiagramParts values('FE81-01_1074-01492602565', 'FE81-01_1074', 02, 'Suppl. Owner&apos;s Manual E70 SecurityPlus', 'E70, MJ 2009', 1, to_date('20090501','YYYYMMDD'), to_date('20090701','YYYYMMDD'), '01492602565', '', '', false);
insert into Diagram values('FE81-01_1074','FE81-20060500','01-05','E70 X5 4.8i   Suppl. Owner&apos;s Manual E70 HighSecurity','');
insert into DiagramParts values('FE81-01_1080-01402912788', 'FE81-01_1080', 01, 'Supplement Owner&apos;s Manual license texts', 'MULTILINGUAL', 1, to_date('20120301','YYYYMMDD'), to_date('20120701','YYYYMMDD'), '01402912788', '', '', false);
insert into DiagramParts values('FE81-01_1080-01402916582', 'FE81-01_1080', 01, 'Supplement Owner&apos;s Manual license texts', 'MULTILINGUAL', 1, to_date('20120701','YYYYMMDD'), to_date('20130301','YYYYMMDD'), '01402916582', '', '', false);
insert into DiagramParts values('FE81-01_1080-01402918756', 'FE81-01_1080', 01, 'Supplement Owner&apos;s Manual license texts', 'MULTILINGUAL', 1, to_date('20130301','YYYYMMDD'), to_date('20130701','YYYYMMDD'), '01402918756', '', '', false);
insert into DiagramParts values('FE81-01_1080-01402901443', 'FE81-01_1080', 02, 'Supplement Owner&apos;s Manual license texts', 'MULTILINGUAL', 1, to_date('20110901','YYYYMMDD'), to_date('20120301','YYYYMMDD'), '01402901443', '', '', false);
insert into Diagram values('FE81-01_1080','FE81-20060500','01-05','E70 X5 4.8i   Flyer, license texts for BMW','');
insert into DiagramParts values('FE81-01_0302-01400013376', 'FE81-01_0302', 01, 'Owner&apos;s handbook, telephone &quot;de&quot;', 'SA633, SA644', 1, to_date('20070301','YYYYMMDD'), to_date('20070901','YYYYMMDD'), '01400013376', '', '', false);
insert into DiagramParts values('FE81-01_0302-01400014355', 'FE81-01_0302', 01, 'Owner&apos;s handbook, telephone &quot;de&quot;', 'SA633, SA644', 1, to_date('20070901','YYYYMMDD'), to_date('20080301','YYYYMMDD'), '01400014355', '', '', false);
insert into DiagramParts values('FE81-01_0302-01402600339', 'FE81-01_0302', 01, 'Owner&apos;s handbook, telephone &quot;de&quot;', 'SA633, SA644', 1, to_date('20080301','YYYYMMDD'), to_date('20080901','YYYYMMDD'), '01402600339', '', '', false);
insert into DiagramParts values('FE81-01_0302-01402601048', 'FE81-01_0302', 01, 'Owner&apos;s handbook, telephone &quot;de&quot;', 'SA633, SA644', 1, to_date('20080901','YYYYMMDD'), to_date('20090301','YYYYMMDD'), '01402601048', '', '', false);
insert into DiagramParts values('FE81-01_0302-01410013377', 'FE81-01_0302', 02, 'Owner&apos;s handbook, telephone &quot;en&quot;', 'SA633, SA644', 1, to_date('20070301','YYYYMMDD'), to_date('20070901','YYYYMMDD'), '01410013377', '', '', false);
insert into DiagramParts values('FE81-01_0302-01410014356', 'FE81-01_0302', 02, 'Owner&apos;s handbook, telephone &quot;en&quot;', 'SA633, SA644', 1, to_date('20070901','YYYYMMDD'), to_date('20080301','YYYYMMDD'), '01410014356', '', '', false);
insert into DiagramParts values('FE81-01_0302-01412600340', 'FE81-01_0302', 02, 'Owner&apos;s handbook, telephone &quot;en&quot;', 'SA633, SA644', 1, to_date('20080301','YYYYMMDD'), to_date('20080901','YYYYMMDD'), '01412600340', '', '', false);
insert into DiagramParts values('FE81-01_0302-01412601049', 'FE81-01_0302', 02, 'Owner&apos;s handbook, telephone &quot;en&quot;', 'SA633, SA644', 1, to_date('20080901','YYYYMMDD'), to_date('20090301','YYYYMMDD'), '01412601049', '', '', false);
insert into DiagramParts values('FE81-01_0302-01420013378', 'FE81-01_0302', 03, 'Owner&apos;s handbook, telephone &quot;fr&quot;', 'SA633, SA644', 1, to_date('20070301','YYYYMMDD'), to_date('20070901','YYYYMMDD'), '01420013378', '', '', false);
insert into DiagramParts values('FE81-01_0302-01420014357', 'FE81-01_0302', 03, 'Owner&apos;s handbook, telephone &quot;fr&quot;', 'SA633, SA644', 1, to_date('20070901','YYYYMMDD'), to_date('20080301','YYYYMMDD'), '01420014357', '', '', false);
insert into DiagramParts values('FE81-01_0302-01422600341', 'FE81-01_0302', 03, 'Owner&apos;s handbook, telephone &quot;fr&quot;', 'SA633, SA644', 1, to_date('20080301','YYYYMMDD'), to_date('20080901','YYYYMMDD'), '01422600341', '', '', false);
insert into DiagramParts values('FE81-01_0302-01430013379', 'FE81-01_0302', 04, 'Owner&apos;s handbook, telephone &quot;es&quot;', 'SA633, SA644', 1, to_date('20070301','YYYYMMDD'), to_date('20070901','YYYYMMDD'), '01430013379', '', '', false);
insert into DiagramParts values('FE81-01_0302-01430014358', 'FE81-01_0302', 04, 'Owner&apos;s handbook, telephone &quot;es&quot;', 'SA633, SA644', 1, to_date('20070901','YYYYMMDD'), to_date('20080301','YYYYMMDD'), '01430014358', '', '', false);
insert into DiagramParts values('FE81-01_0302-01432600342', 'FE81-01_0302', 04, 'Owner&apos;s handbook, telephone &quot;es&quot;', 'SA633, SA644', 1, to_date('20080301','YYYYMMDD'), to_date('20080901','YYYYMMDD'), '01432600342', '', '', false);
insert into DiagramParts values('FE81-01_0302-01440013380', 'FE81-01_0302', 05, 'Owner&apos;s handbook, telephone &quot;it&quot;', 'SA633, SA644', 1, to_date('20070301','YYYYMMDD'), to_date('20070901','YYYYMMDD'), '01440013380', '', '', false);
insert into DiagramParts values('FE81-01_0302-01440014359', 'FE81-01_0302', 05, 'Owner&apos;s handbook, telephone &quot;it&quot;', 'SA633, SA644', 1, to_date('20070901','YYYYMMDD'), to_date('20080301','YYYYMMDD'), '01440014359', '', '', false);
insert into DiagramParts values('FE81-01_0302-01442600343', 'FE81-01_0302', 05, 'Owner&apos;s handbook, telephone &quot;it&quot;', 'SA633, SA644', 1, to_date('20080301','YYYYMMDD'), to_date('20080901','YYYYMMDD'), '01442600343', '', '', false);
insert into DiagramParts values('FE81-01_0302-01450013381', 'FE81-01_0302', 06, 'Owner&apos;s handbook, telephone &quot;sv&quot;', 'SA633, SA644', 1, to_date('20070301','YYYYMMDD'), to_date('20070901','YYYYMMDD'), '01450013381', '', '', false);
insert into DiagramParts values('FE81-01_0302-01450014360', 'FE81-01_0302', 06, 'Owner&apos;s handbook, telephone &quot;sv&quot;', 'SA633, SA644', 1, to_date('20070901','YYYYMMDD'), to_date('20080301','YYYYMMDD'), '01450014360', '', '', false);
insert into DiagramParts values('FE81-01_0302-01452600344', 'FE81-01_0302', 06, 'Owner&apos;s handbook, telephone &quot;sv&quot;', 'SA633, SA644', 1, to_date('20080301','YYYYMMDD'), to_date('20080901','YYYYMMDD'), '01452600344', '', '', false);
insert into DiagramParts values('FE81-01_0302-01460013382', 'FE81-01_0302', 07, 'Owner&apos;s handbook, telephone &quot;nl&quot;', 'SA633, SA644', 1, to_date('20070301','YYYYMMDD'), to_date('20070901','YYYYMMDD'), '01460013382', '', '', false);
insert into DiagramParts values('FE81-01_0302-01460014361', 'FE81-01_0302', 07, 'Owner&apos;s handbook, telephone &quot;nl&quot;', 'SA633, SA644', 1, to_date('20070901','YYYYMMDD'), to_date('20080301','YYYYMMDD'), '01460014361', '', '', false);
insert into DiagramParts values('FE81-01_0302-01462600345', 'FE81-01_0302', 07, 'Owner&apos;s handbook, telephone &quot;nl&quot;', 'SA633, SA644', 1, to_date('20080301','YYYYMMDD'), to_date('20080901','YYYYMMDD'), '01462600345', '', '', false);
insert into DiagramParts values('FE81-01_0302-01470013383', 'FE81-01_0302', 08, 'Owner&apos;s handbook, telephone &quot;ar&quot;', 'SA633, SA644', 1, to_date('20070301','YYYYMMDD'), to_date('20070901','YYYYMMDD'), '01470013383', '', '', false);
insert into DiagramParts values('FE81-01_0302-01470014362', 'FE81-01_0302', 08, 'Owner&apos;s handbook, telephone &quot;ar&quot;', 'SA633, SA644', 1, to_date('20070901','YYYYMMDD'), to_date('20080301','YYYYMMDD'), '01470014362', '', '', false);
insert into DiagramParts values('FE81-01_0302-01472600346', 'FE81-01_0302', 08, 'Owner&apos;s handbook, telephone &quot;ar&quot;', 'SA633, SA644', 1, to_date('20080301','YYYYMMDD'), to_date('20080901','YYYYMMDD'), '01472600346', '', '', false);
insert into DiagramParts values('FE81-01_0302-01480013384', 'FE81-01_0302', 09, 'Owner&apos;s handbook, telephone &quot;da&quot;', 'SA633, SA644', 1, to_date('20070301','YYYYMMDD'), to_date('20070901','YYYYMMDD'), '01480013384', '', '', false);
insert into DiagramParts values('FE81-01_0302-01480014363', 'FE81-01_0302', 09, 'Owner&apos;s handbook, telephone &quot;da&quot;', 'SA633, SA644', 1, to_date('20070901','YYYYMMDD'), to_date('20080301','YYYYMMDD'), '01480014363', '', '', false);
insert into DiagramParts values('FE81-01_0302-01482600347', 'FE81-01_0302', 09, 'Owner&apos;s handbook, telephone &quot;da&quot;', 'SA633, SA644', 1, to_date('20080301','YYYYMMDD'), to_date('20080901','YYYYMMDD'), '01482600347', '', '', false);
insert into DiagramParts values('FE81-01_0302-01490013385', 'FE81-01_0302', 10, 'Owner&apos;s handbook, telephone &quot;pt&quot;', 'SA633, SA644', 1, to_date('20070301','YYYYMMDD'), to_date('20070901','YYYYMMDD'), '01490013385', '', '', false);
insert into DiagramParts values('FE81-01_0302-01490014364', 'FE81-01_0302', 10, 'Owner&apos;s handbook, telephone &quot;pt&quot;', 'SA633, SA644', 1, to_date('20070901','YYYYMMDD'), to_date('20080301','YYYYMMDD'), '01490014364', '', '', false);
insert into DiagramParts values('FE81-01_0302-01492600348', 'FE81-01_0302', 10, 'Owner&apos;s handbook, telephone &quot;pt&quot;', 'SA633, SA644', 1, to_date('20080301','YYYYMMDD'), to_date('20080901','YYYYMMDD'), '01492600348', '', '', false);
insert into DiagramParts values('FE81-01_0302-01490014366', 'FE81-01_0302', 13, 'Owner&apos;s handbook, telephone &quot;el&quot;', 'SA633, SA644', 1, to_date('20070901','YYYYMMDD'), to_date('20080301','YYYYMMDD'), '01490014366', '', '', false);
insert into DiagramParts values('FE81-01_0302-01492600350', 'FE81-01_0302', 13, 'Owner&apos;s handbook, telephone &quot;el&quot;', 'SA633, SA644', 1, to_date('20080301','YYYYMMDD'), to_date('20080901','YYYYMMDD'), '01492600350', '', '', false);
insert into DiagramParts values('FE81-01_0302-01490014365', 'FE81-01_0302', 14, 'Owner&apos;s handbook, telephone &quot;zh&quot;', 'SA633, SA644', 1, to_date('20070901','YYYYMMDD'), to_date('20080301','YYYYMMDD'), '01490014365', '', '', false);
insert into DiagramParts values('FE81-01_0302-01492600349', 'FE81-01_0302', 14, 'Owner&apos;s handbook, telephone &quot;zh&quot;', 'SA633, SA644', 1, to_date('20080301','YYYYMMDD'), to_date('20080901','YYYYMMDD'), '01492600349', '', '', false);
insert into Diagram values('FE81-01_0302','FE81-20060500','01-14','E70 X5 4.8i   Universal BMW mobile phone preparat.','');
insert into Diagram values('FE81-01_1128','FE81-20060500','01-19','E70 X5 4.8i   EC Certificate of Conformity','');
insert into Diagram values('FE81-01_0169','FE81-20060500','01-21','E70 X5 4.8i   Logbook slipcase BMW','');
insert into Diagram values('FE81-01_1140','FE81-20060500','01-21','E70 X5 4.8i   Logbook slipcase BMW','');
insert into DiagramParts values('FE81-01_0029-01410013334', 'FE81-01_0029', 01, 'Supplem. to owner&apos;s manual, Australia', 'E70, MJ 2007', 1, to_date('20070401','YYYYMMDD'), to_date('20071001','YYYYMMDD'), '01410013334', '', '', false);
insert into DiagramParts values('FE81-01_0029-01410014503', 'FE81-01_0029', 01, 'Supplem. to owner&apos;s manual, Australia', 'E70, MJ 2008', 1, to_date('20071001','YYYYMMDD'), to_date('20080401','YYYYMMDD'), '01410014503', '', '', false);
insert into DiagramParts values('FE81-01_0029-01412600596', 'FE81-01_0029', 01, 'Supplem. to owner&apos;s manual, Australia', 'E70, E71, MJ 08', 1, to_date('20080401','YYYYMMDD'), to_date('20081001','YYYYMMDD'), '01412600596', '', '', false);
insert into DiagramParts values('FE81-01_0029-01412601143', 'FE81-01_0029', 01, 'Supplem. to owner&apos;s manual, Australia', 'E70, E71, MJ 09', 1, to_date('20081001','YYYYMMDD'), to_date('20091001','YYYYMMDD'), '01412601143', '', '', false);
insert into DiagramParts values('FE81-01_0029-01412603477', 'FE81-01_0029', 01, 'Supplem. to owner&apos;s manual, Australia', 'E70, E71, MJ 10', 1, to_date('20091001','YYYYMMDD'), to_date('20100401','YYYYMMDD'), '01412603477', '', '', false);
insert into Diagram values('FE81-01_0029','FE81-20060500','01-24','E70 X5 4.8i   Supplem. to owner&apos;s manual, Australia','');
insert into DiagramParts values('FE81-01_0589-01400013079', 'FE81-01_0589', 01, 'Service booklet, German', 'E70, E60, E61', 1, to_date('20061201','YYYYMMDD'), to_date('20070301','YYYYMMDD'), '01400013079', '', '', false);
insert into DiagramParts values('FE81-01_0589-01410013080', 'FE81-01_0589', 02, 'Service booklet, English', 'E70, E60, E61', 1, to_date('20061201','YYYYMMDD'), to_date('20070301','YYYYMMDD'), '01410013080', '', '', false);
insert into DiagramParts values('FE81-01_0589-01420013081', 'FE81-01_0589', 03, 'Service booklet, French', 'E70, E60, E61', 1, to_date('20061201','YYYYMMDD'), to_date('20070301','YYYYMMDD'), '01420013081', '', '', false);
insert into DiagramParts values('FE81-01_0589-01430013082', 'FE81-01_0589', 04, 'Service booklet, Spanish', 'E70, E60, E61', 1, to_date('20061201','YYYYMMDD'), to_date('20070301','YYYYMMDD'), '01430013082', '', '', false);
insert into DiagramParts values('FE81-01_0589-01440013083', 'FE81-01_0589', 05, 'Service booklet, Italian', 'E70, E60, E61', 1, to_date('20061201','YYYYMMDD'), to_date('20070301','YYYYMMDD'), '01440013083', '', '', false);
insert into DiagramParts values('FE81-01_0589-01450013084', 'FE81-01_0589', 06, 'Service booklet, Swedish', 'E70, E60, E61', 1, to_date('20061201','YYYYMMDD'), to_date('20070301','YYYYMMDD'), '01450013084', '', '', false);
insert into DiagramParts values('FE81-01_0589-01460013085', 'FE81-01_0589', 07, 'Service booklet, Dutch', 'E70, E60, E61', 1, to_date('20061201','YYYYMMDD'), to_date('20070301','YYYYMMDD'), '01460013085', '', '', false);
insert into DiagramParts values('FE81-01_0589-01470013086', 'FE81-01_0589', 08, 'Service booklet, Arabic', 'E70, E60, E61', 1, to_date('20061201','YYYYMMDD'), to_date('20070301','YYYYMMDD'), '01470013086', '', '', false);
insert into DiagramParts values('FE81-01_0589-01480013087', 'FE81-01_0589', 09, 'Service booklet, Danish', 'E70, E60, E61', 1, to_date('20061201','YYYYMMDD'), to_date('20070301','YYYYMMDD'), '01480013087', '', '', false);
insert into DiagramParts values('FE81-01_0589-01490013088', 'FE81-01_0589', 10, 'Service booklet, Portuguese', 'E70, E60, E61', 1, to_date('20061201','YYYYMMDD'), to_date('20070301','YYYYMMDD'), '01490013088', '', '', false);
insert into DiagramParts values('FE81-01_0589-01490013090', 'FE81-01_0589', 11, 'Service booklet, greek', 'E70, E60, E61', 1, to_date('20061201','YYYYMMDD'), to_date('20070301','YYYYMMDD'), '01490013090', '', '', false);
insert into DiagramParts values('FE81-01_0589-01490013089', 'FE81-01_0589', 12, 'Service booklet, Chinese', 'E70, E60, E61', 1, to_date('20061201','YYYYMMDD'), to_date('20070301','YYYYMMDD'), '01490013089', '', '', false);
insert into DiagramParts values('FE81-01_0589-01490013653', 'FE81-01_0589', 13, 'Service manual in Korean', 'E70, E60, E61', 1, to_date('20070301','YYYYMMDD'), to_date('20080901','YYYYMMDD'), '01490013653', '', '', false);
insert into Diagram values('FE81-01_0589','FE81-20060500','01-26','E70 X5 4.8i   BMW Service booklet 2004 - 2008','');
insert into DiagramParts values('FE81-01_0743-01400014282', 'FE81-01_0743', 01, 'Service booklet, German', 'E6X, E7X, MJ 08', 1, to_date('20070901','YYYYMMDD'), to_date('20080901','YYYYMMDD'), '01400014282', '', '', false);
insert into DiagramParts values('FE81-01_0743-01492601593', 'FE81-01_0743', 01, 'Service booklet, multi-lingual', 'MJ 2009', 1, to_date('20081001','YYYYMMDD'), to_date('20090301','YYYYMMDD'), '01492601593', '', '', false);
insert into DiagramParts values('FE81-01_0743-01410014283', 'FE81-01_0743', 02, 'Service booklet, English', 'E6X, E7X, MJ 08', 1, to_date('20070901','YYYYMMDD'), to_date('20080901','YYYYMMDD'), '01410014283', '', '', false);
insert into DiagramParts values('FE81-01_0743-01420014284', 'FE81-01_0743', 03, 'Service booklet, French', 'E6X, E7X, MJ 08', 1, to_date('20070901','YYYYMMDD'), to_date('20080901','YYYYMMDD'), '01420014284', '', '', false);
insert into DiagramParts values('FE81-01_0743-01430014285', 'FE81-01_0743', 04, 'Service booklet, Spanish', 'E6X, E7X, MJ 08', 1, to_date('20070901','YYYYMMDD'), to_date('20080901','YYYYMMDD'), '01430014285', '', '', false);
insert into DiagramParts values('FE81-01_0743-01440014286', 'FE81-01_0743', 05, 'Service booklet, Italian', 'E6X, E7X, MJ 08', 1, to_date('20070901','YYYYMMDD'), to_date('20080901','YYYYMMDD'), '01440014286', '', '', false);
insert into DiagramParts values('FE81-01_0743-01450014287', 'FE81-01_0743', 06, 'Service booklet, Swedish', 'E6X, E7X, MJ 08', 1, to_date('20070901','YYYYMMDD'), to_date('20080901','YYYYMMDD'), '01450014287', '', '', false);
insert into DiagramParts values('FE81-01_0743-01460014288', 'FE81-01_0743', 07, 'Service booklet, Dutch', 'E6X, E7X, MJ 08', 1, to_date('20070901','YYYYMMDD'), to_date('20080901','YYYYMMDD'), '01460014288', '', '', false);
insert into DiagramParts values('FE81-01_0743-01470014289', 'FE81-01_0743', 08, 'Service booklet, Arabic', 'E6X, E7X, MJ 08', 1, to_date('20070901','YYYYMMDD'), to_date('20080901','YYYYMMDD'), '01470014289', '', '', false);
insert into DiagramParts values('FE81-01_0743-01480014290', 'FE81-01_0743', 09, 'Service booklet, Danish', 'E6X, E7X, MJ 08', 1, to_date('20070901','YYYYMMDD'), to_date('20080901','YYYYMMDD'), '01480014290', '', '', false);
insert into DiagramParts values('FE81-01_0743-01490014291', 'FE81-01_0743', 10, 'Service booklet, Portuguese', 'E6X, E7X, MJ 08', 1, to_date('20070901','YYYYMMDD'), to_date('20080901','YYYYMMDD'), '01490014291', '', '', false);
insert into DiagramParts values('FE81-01_0743-01490014293', 'FE81-01_0743', 11, 'Service booklet, greek', 'E6X, E7X, MJ 08', 1, to_date('20070901','YYYYMMDD'), to_date('20080901','YYYYMMDD'), '01490014293', '', '', false);
insert into DiagramParts values('FE81-01_0743-01490014292', 'FE81-01_0743', 12, 'Service booklet, Chinese', 'E6X, E7X, MJ 08', 1, to_date('20070901','YYYYMMDD'), to_date('20080901','YYYYMMDD'), '01490014292', '', '', false);
insert into DiagramParts values('FE81-01_0743-01490014294', 'FE81-01_0743', 13, 'Service manual in Korean', 'E6X, E7X, MJ 08', 1, to_date('20070901','YYYYMMDD'), to_date('20080901','YYYYMMDD'), '01490014294', '', '', false);
insert into DiagramParts values('FE81-01_0743-01492600512', 'FE81-01_0743', 14, 'Service booklet, Romanian', 'E6X, E7X, MJ 08', 1, to_date('20080301','YYYYMMDD'), to_date('20080901','YYYYMMDD'), '01492600512', '', '', false);
insert into DiagramParts values('FE81-01_0743-01492600511', 'FE81-01_0743', 15, 'service manual, Russian', 'E6X, E7X, MJ 08', 1, to_date('20080301','YYYYMMDD'), to_date('20080901','YYYYMMDD'), '01492600511', '', '', false);
insert into Diagram values('FE81-01_0743','FE81-20060500','01-26','E70 X5 4.8i   BMW Service Manual 2008 - 2011','');
insert into Diagram values('FE81-01_1139','FE81-20060500','01-26','E70 X5 4.8i   BMW Service Manual from model year 2012','');
insert into Diagram values('FE81-01_0670','FE81-20060500','01-35','E70 X5 4.8i   battery charge calendar','');
insert into Diagram values('FE81-01_0635','FE81-20060500','01-60','E70 X5 4.8i   BMW form','');
insert into Diagram values('FE81-01_0639','FE81-20060500','01-65','E70 X5 4.8i   Labels BMW','');
insert into Diagram values('FE81-01_0612','FE81-20060500','01-70','E70 X5 4.8i   CD/DVD SIP German BMW','');
insert into DiagramParts values('FE81-01_0671-01399789699', 'FE81-01_0671', 01, 'CD literature', 'LITERATUR', 1, to_date('19820901','YYYYMMDD'), to_date('19901201','YYYYMMDD'), '01399789699', '$8.11', '', false);
insert into Diagram values('FE81-01_0671','FE81-20060500','01-70','E70 X5 4.8i   BMW CD/DVD miscellaneous','');
insert into Diagram values('FE81-01_0737','FE81-20060500','01-70','E70 X5 4.8i   CD/DVD SIP complete vehicle BMW','');
insert into Diagram values('FE81-01_1172','FE81-20060500','01-70','E70 X5 4.8i   DVD Web Based Training','');
insert into Diagram values('FE81-01_0855','FE81-20060500','01-94','E70 X5 4.8i   Samples, upholstery colors, leather/fabr','');
insert into Diagram values('FE81-01_0856','FE81-20060500','01-94','E70 X5 4.8i   Sample chart with interior moldings','');
insert into Diagram values('FE81-01_0857','FE81-20060500','01-94','E70 X5 4.8i   Sample chart with interior colors','');
insert into Diagram values('FE81-01_0863','FE81-20060500','01-94','E70 X5 4.8i   Sample chart with interior moldings','');
insert into Diagram values('FE81-11_3249','FE81-20060500','11-05','E70 X5 4.8i   Short Engine','');
insert into Diagram values('FE81-11_3250','FE81-20060500','11-10','E70 X5 4.8i   Engine block','');
insert into Diagram values('FE81-11_3251','FE81-20060500','11-10','E70 X5 4.8i   Engine Block Mounting Parts','');
insert into Diagram values('FE81-11_3252','FE81-20060500','11-10','E70 X5 4.8i   LOWER TIMING CASE','');
insert into Diagram values('FE81-11_3253','FE81-20060500','11-10','E70 X5 4.8i   UPPER TIMING CASE','');
insert into Diagram values('FE81-11_3561','FE81-20060500','11-10','E70 X5 4.8i   Oil pan bottom part, oil level indicator','');
insert into Diagram values('FE81-11_3988','FE81-20060500','11-10','E70 X5 4.8i   Oil pan upper part, oil level indicator','');
insert into Diagram values('FE81-11_3256','FE81-20060500','11-15','E70 X5 4.8i   Cylinder Head','');
insert into Diagram values('FE81-11_3257','FE81-20060500','11-15','E70 X5 4.8i   Cylinder Head Attached Parts','');
insert into Diagram values('FE81-11_3258','FE81-20060500','11-15','E70 X5 4.8i   Cylinder head cover','');
insert into Diagram values('FE81-11_3821','FE81-20060500','11-15','E70 X5 4.8i   Cylinder head cover/Mounting parts','');
insert into Diagram values('FE81-11_3830','FE81-20060500','11-15','E70 X5 4.8i   Crankcase-Ventilation','');
insert into Diagram values('FE81-11_3260','FE81-20060500','11-18','E70 X5 4.8i   Belt Drive-Vibration Damper','');
insert into Diagram values('FE81-11_3261','FE81-20060500','11-18','E70 X5 4.8i   Belt Drive Water Pump/Alternator','');
insert into Diagram values('FE81-11_3989','FE81-20060500','11-18','E70 X5 4.8i   Belt Drive Climate Compressor','');
insert into Diagram values('FE81-11_3263','FE81-20060500','11-20','E70 X5 4.8i   Crankshaft With Bearing Shells','');
insert into Diagram values('FE81-11_3264','FE81-20060500','11-20','E70 X5 4.8i   Crankshaft Connecting Rod','');
insert into Diagram values('FE81-11_3265','FE81-20060500','11-20','E70 X5 4.8i   Crankshaft-Pistons','');
insert into Diagram values('FE81-11_3266','FE81-20060500','11-20','E70 X5 4.8i   Flywheel automatic','');
insert into Diagram values('FE81-11_3267','FE81-20060500','11-25','E70 X5 4.8i   Timing gear, timing chain, cyl. 1-4','');
insert into Diagram values('FE81-11_3268','FE81-20060500','11-25','E70 X5 4.8i   Timing gear, timing chain, cyl. 5-8','');
insert into Diagram values('FE81-11_3269','FE81-20060500','11-25','E70 X5 4.8i   Valve timing gear, camshaft, inlet','');
insert into Diagram values('FE81-11_3270','FE81-20060500','11-25','E70 X5 4.8i   Valve timing gear, camshaft, outlet','');
insert into Diagram values('FE81-11_3606','FE81-20060500','11-25','E70 X5 4.8i   Valve timing gear,eccentr.shaft,actuator','');
insert into Diagram values('FE81-11_3271','FE81-20060500','11-30','E70 X5 4.8i   Lubrication system/Oil pump with drive','');
insert into Diagram values('FE81-11_3273','FE81-20060500','11-30','E70 X5 4.8i   Lubrication system-Oil filter','');
insert into Diagram values('FE81-11_3680','FE81-20060500','11-30','E70 X5 4.8i   Lubrication syst.,oil pump, single parts','');
insert into Diagram values('FE81-11_3990','FE81-20060500','11-30','E70 X5 4.8i   Oil supply - oil cooler connection','');
insert into Diagram values('FE81-11_3274','FE81-20060500','11-35','E70 X5 4.8i   Waterpump - Thermostat','');
insert into Diagram values('FE81-11_3275','FE81-20060500','11-35','E70 X5 4.8i   COOLING SYSTEM PIPE','');
insert into Diagram values('FE81-11_3276','FE81-20060500','11-35','E70 X5 4.8i   Cooling System Water Hoses','');
insert into Diagram values('FE81-11_3811','FE81-20060500','11-40','E70 X5 4.8i   Intake manifold system','');
insert into Diagram values('FE81-11_3278','FE81-20060500','11-45','E70 X5 4.8i   VACUUM PUMP WITH TUBES','');
insert into Diagram values('FE81-11_3279','FE81-20060500','11-50','E70 X5 4.8i   Exhaust manifold - oxygen sensors','');
insert into Diagram values('FE81-12_1139','FE81-20060500','12-05','E70 X5 4.8i   Sensors','');
insert into Diagram values('FE81-12_1312','FE81-20060500','12-05','E70 X5 4.8i   Ignition coil/spark plug','');
insert into Diagram values('FE81-12_1411','FE81-20060500','12-10','E70 X5 4.8i   Basic control unit DME / EK928_7','');
insert into Diagram values('FE81-12_1463','FE81-20060500','12-10','E70 X5 4.8i   Notice, basic control module for DME','');
insert into Diagram values('FE81-12_1403','FE81-20060500','12-20','E70 X5 4.8i   Generator','');
insert into Diagram values('FE81-12_1161','FE81-20060500','12-25','E70 X5 4.8i   Starter','');
insert into Diagram values('FE81-12_1154','FE81-20060500','12-28','E70 X5 4.8i   Engine wiring harness, engine module','');
insert into Diagram values('FE81-12_1155','FE81-20060500','12-28','E70 X5 4.8i   Engine wiring harness, fuel injectors','');
insert into Diagram values('FE81-12_1156','FE81-20060500','12-28','E70 X5 4.8i   wiring harness, engine ignition module','');
insert into Diagram values('FE81-12_1163','FE81-20060500','12-29','E70 X5 4.8i   BATTERY CABLE/CABLE STARTER','');
insert into Diagram values('FE81-12_1169','FE81-20060500','12-29','E70 X5 4.8i   DIVERSE SMALL PARTS','');
insert into Diagram values('FE81-12_1441','FE81-20060500','12-29','E70 X5 4.8i   Ground cable','');
insert into Diagram values('FE81-12_1376','FE81-20060500','12-30','E70 X5 4.8i   Interference-suppression band','');
insert into Diagram values('FE81-12_1249','FE81-20060500','12-32','E70 X5 4.8i   End cap','');
insert into Diagram values('FE81-12_1205','FE81-20060500','12-35','E70 X5 4.8i   RELAY MOTOR','');
insert into Diagram values('FE81-12_1396','FE81-20060500','12-35','E70 X5 4.8i   Control unit box','');
insert into Diagram values('FE81-13_0967','FE81-20060500','13-15','E70 X5 4.8i   Throttle Housing Assy','');
insert into Diagram values('FE81-13_0970','FE81-20060500','13-15','E70 X5 4.8i   VALVES/PIPES OF FUEL INJECTION SYSTEM','');
insert into Diagram values('FE81-13_1034','FE81-20060500','13-15','E70 X5 4.8i   FUEL TANK BREATHER VALVE','');
insert into Diagram values('FE81-13_1204','FE81-20060500','13-20','E70 X5 4.8i   Intake muffler/Filter cartridge/HFM','');
insert into Diagram values('FE81-13_1205','FE81-20060500','13-20','E70 X5 4.8i   Air duct','');
insert into Diagram values('FE81-16_0658','FE81-20060500','16-05','E70 X5 4.8i   Fuel tank/mounting parts','');
insert into Diagram values('FE81-16_0661','FE81-20060500','16-10','E70 X5 4.8i   Activated Charcoal Filter/FUEL VENTILAT','');
insert into Diagram values('FE81-16_0659','FE81-20060500','16-15','E70 X5 4.8i   Fuel pump and fuel level sensor','');
insert into Diagram values('FE81-16_0667','FE81-20060500','16-15','E70 X5 4.8i   Fuel pipes / Mounting parts','');
insert into Diagram values('FE81-16_0747','FE81-20060500','16-15','E70 X5 4.8i   Fuel line / fuel filter','');
insert into Diagram values('FE81-17_0394','FE81-20060500','17-05','E70 X5 4.8i   MOUNTING PARTS F RADIATOR','');
insert into Diagram values('FE81-17_0395','FE81-20060500','17-05','E70 X5 4.8i   Power steering cooler','');
insert into Diagram values('FE81-17_0396','FE81-20060500','17-05','E70 X5 4.8i   Fan shroud','');
insert into Diagram values('FE81-17_0397','FE81-20060500','17-05','E70 X5 4.8i   Expansion tank','');
insert into Diagram values('FE81-17_0399','FE81-20060500','17-05','E70 X5 4.8i   Heat exch./transmission oil cooler line','');
insert into Diagram values('FE81-17_0400','FE81-20060500','17-05','E70 X5 4.8i   Engine oil cooler/oil cooler line','');
insert into Diagram values('FE81-17_0401','FE81-20060500','17-30','E70 X5 4.8i   Cooling System Water Hoses','');
insert into Diagram values('FE81-18_0692','FE81-20060500','18-10','E70 X5 4.8i   Exhaust manifold with catalyst','');
insert into Diagram values('FE81-18_0693','FE81-20060500','18-10','E70 X5 4.8i   Lambda Probe Fixings','');
insert into Diagram values('FE81-18_0694','FE81-20060500','18-10','E70 X5 4.8i   FRONT MUFFLER','');
insert into Diagram values('FE81-18_0695','FE81-20060500','18-20','E70 X5 4.8i   Exhaust system, rear','');
insert into Diagram values('FE81-22_0132','FE81-20060500','22-05','E70 X5 4.8i   Engine Suspension','');
insert into Diagram values('FE81-22_0130','FE81-20060500','22-10','E70 X5 4.8i   Gearbox suspension','');
insert into Diagram values('FE81-24_1038','FE81-20060500','24-05','E70 X5 4.8i   Automatic transmiss. GA6HP26Z - 4-wheel','');
insert into Diagram values('FE81-24_1003','FE81-20060500','24-10','E70 X5 4.8i   GEARBOX MOUNTING','');
insert into Diagram values('FE81-24_1082','FE81-20060500','24-13','E70 X5 4.8i   Emergency release','');
insert into Diagram values('FE81-24_1095','FE81-20060500','24-13','E70 X5 4.8i   Emergency release','');
insert into Diagram values('FE81-24_1010','FE81-20060500','24-15','E70 X5 4.8i   GA6HP26Z oil pan','');
insert into Diagram values('FE81-24_1011','FE81-20060500','24-15','E70 X5 4.8i   GA6HP26Z gearshift parts','');
insert into Diagram values('FE81-24_1013','FE81-20060500','24-15','E70 X5 4.8i   GA6HP26Z Mechatronics','');
insert into Diagram values('FE81-24_1014','FE81-20060500','24-15','E70 X5 4.8i   GA6HP26Z Mechatronik mounting parts','');
insert into Diagram values('FE81-24_1071','FE81-20060500','24-15','E70 X5 4.8i   GA6HP26Z hous. attachm. parts, AWD','');
insert into Diagram values('FE81-24_1372','FE81-20060500','24-15','E70 X5 4.8i   Fluid-change kit, autom. transmission','');
insert into Diagram values('FE81-25_0446','FE81-20060500','25-15','E70 X5 4.8i   Gear selector switch','');
insert into Diagram values('FE81-25_0500','FE81-20060500','25-95','E70 X5 4.8i   Retrofit, gear selector grip, wood','');
insert into Diagram values('FE81-26_0234','FE81-20060500','26-05','E70 X5 4.8i   4-wheel drive shaft/Insert nut','');
insert into Diagram values('FE81-26_0233','FE81-20060500','26-10','E70 X5 4.8i   Hardy coupling/center bearing/insert nut','');
insert into Diagram values('FE81-27_0038','FE81-20060500','27-05','E70 X5 4.8i   Transfer case ATC 700','');
insert into Diagram values('FE81-27_0039','FE81-20060500','27-10','E70 X5 4.8i   Gearbox mounting / ventilation','');
insert into Diagram values('FE81-27_0040','FE81-20060500','27-15','E70 X5 4.8i   Transfer case, single parts ATC 700','');
insert into Diagram values('FE81-27_0041','FE81-20060500','27-20','E70 X5 4.8i   Control unit, transfer box','');
insert into Diagram values('FE81-31_0786','FE81-20060500','31-05','E70 X5 4.8i   Carrier / wheel bearing, front','');
insert into Diagram values('FE81-31_0789','FE81-20060500','31-05','E70 X5 4.8i   Frnt axle support,wishbone/tension strut','');
insert into Diagram values('FE81-31_0796','FE81-20060500','31-05','E70 X5 4.8i   HEADLIGHT VERTICAL AIM CONTROL SENSOR','');
insert into Diagram values('FE81-31_0831','FE81-20060500','31-05','E70 X5 4.8i   Carrier / wheel bearing, front','');
insert into Diagram values('FE81-31_0395','FE81-20060500','31-10','E70 X5 4.8i   FRONT COIL SPRING','');
insert into Diagram values('FE81-31_0787','FE81-20060500','31-10','E70 X5 4.8i   Stabilizer, front','');
insert into Diagram values('FE81-31_0788','FE81-20060500','31-10','E70 X5 4.8i   Front stabilizer bar/Dynamic Drive','');
insert into Diagram values('FE81-31_0790','FE81-20060500','31-10','E70 X5 4.8i   Valve block + add-on parts/Dynamic Drive','');
insert into Diagram values('FE81-31_0791','FE81-20060500','31-10','E70 X5 4.8i   MOUNTING PARTS F FRONT SPRING STRUT ASSY','');
insert into Diagram values('FE81-31_0795','FE81-20060500','31-10','E70 X5 4.8i   Strut front VDC / mounting parts','');
insert into Diagram values('FE81-31_0830','FE81-20060500','31-10','E70 X5 4.8i   COIL SPRING/GUIDE SUPPORT/ATTACH.PARTS','');
insert into Diagram values('FE81-31_0847','FE81-20060500','31-10','E70 X5 4.8i   Valve block + add-on parts/Dynamic Drive','');
insert into Diagram values('FE81-31_0794','FE81-20060500','31-15','E70 X5 4.8i   Final drive (front axle), parts, 4-wheel','');
insert into Diagram values('FE81-31_0798','FE81-20060500','31-15','E70 X5 4.8i   Final drive(frnt axle),ventilat./4-wheel','');
insert into Diagram values('FE81-31_0719','FE81-20060500','31-20','E70 X5 4.8i   Final drive(frnt axle),output shaft,4whl','');
insert into Diagram values('FE81-32_1676','FE81-20060500','32-10','E70 X5 4.8i   Hydro steering box','');
insert into Diagram values('FE81-32_1677','FE81-20060500','32-10','E70 X5 4.8i   Hydro steering box-Active steering (AFS)','');
insert into Diagram values('FE81-32_1679','FE81-20060500','32-10','E70 X5 4.8i   Control unit, active steering','');
insert into Diagram values('FE81-32_1689','FE81-20060500','32-15','E70 X5 4.8i   Power steering pump','');
insert into Diagram values('FE81-32_1690','FE81-20060500','32-15','E70 X5 4.8i   Power steering pump/Adaptive Drive','');
insert into Diagram values('FE81-32_1686','FE81-20060500','32-20','E70 X5 4.8i   OIL CARRIER/SINGLE PARTS','');
insert into Diagram values('FE81-32_1687','FE81-20060500','32-20','E70 X5 4.8i   Fluid tank/single parts/Adaptive Drive','');
insert into Diagram values('FE81-32_1691','FE81-20060500','32-20','E70 X5 4.8i   HYDRO STEERING-OIL PIPES','');
insert into Diagram values('FE81-32_1692','FE81-20060500','32-20','E70 X5 4.8i   Hydraulic steering lines/Adaptive Drive','');
insert into Diagram values('FE81-32_1722','FE81-20060500','32-20','E70 X5 4.8i   HYDRO STEERING-OIL PIPES','');
insert into Diagram values('FE81-32_1723','FE81-20060500','32-20','E70 X5 4.8i   Hydraulic steering lines/Adaptive Drive','');
insert into Diagram values('FE81-32_1678','FE81-20060500','32-25','E70 X5 4.8i   STEERING LINKAGE/TIE RODS','');
insert into Diagram values('FE81-32_1680','FE81-20060500','32-30','E70 X5 4.8i   Steering column, manual / steering shaft','');
insert into Diagram values('FE81-32_1681','FE81-20060500','32-30','E70 X5 4.8i   Steering column, electr./ steering shaft','');
insert into Diagram values('FE81-32_1682','FE81-20060500','32-35','E70 X5 4.8i   Leather steering wheel','');
insert into Diagram values('FE81-32_1683','FE81-20060500','32-35','E70 X5 4.8i   Airbag sports steering wheel, leather','');
insert into Diagram values('FE81-32_1729','FE81-20060500','32-35','E70 X5 4.8i   M sports steer.-wheel, airbag, leather','');
insert into Diagram values('FE81-32_1695','FE81-20060500','32-95','E70 X5 4.8i   Cover for sport steering wheel, wood','');
insert into Diagram values('FE81-32_1947','FE81-20060500','32-95','E70 X5 4.8i   Performance steering wheel','');
insert into DiagramParts values('FE81-33_1388-33121214443', 'FE81-33_1388', 08, 'Shaft seal', '50X78X10/15', 1, to_date('20090901','YYYYMMDD'), to_date('20110601','YYYYMMDD'), '33121214443', '', 'ENDED', false);
insert into Diagram values('FE81-33_1388','FE81-20060500','33-05','E70 X5 4.8i   DIFFERENTIAL-DRIVE/OUTPUT','');
insert into DiagramParts values('FE81-33_1387-33121214443', 'FE81-33_1387', 04, 'Shaft seal', '50X78X10/15', 1, to_date('20090901','YYYYMMDD'), to_date('20110601','YYYYMMDD'), '33121214443', '', 'ENDED', false);
insert into Diagram values('FE81-33_1387','FE81-20060500','33-10','E70 X5 4.8i   Final drive, gasket set','');
insert into Diagram values('FE81-33_1364','FE81-20060500','33-25','E70 X5 4.8i   Output shaft','');
insert into Diagram values('FE81-33_1374','FE81-20060500','33-30','E70 X5 4.8i   REAR AXLE CARRIER','');
insert into Diagram values('FE81-33_1375','FE81-20060500','33-30','E70 X5 4.8i   REAR AXLE SUPPORT/WHEEL SUSPENSION','');
insert into Diagram values('FE81-33_1392','FE81-20060500','33-30','E70 X5 4.8i   HEADLIGHT VERTICAL AIM CONTROL SENSOR','');
insert into Diagram values('FE81-33_1377','FE81-20060500','33-40','E70 X5 4.8i   SIDE SHAFT/WHEEL BEARINGS','');
insert into Diagram values('FE81-33_0857','FE81-20060500','33-45','E70 X5 4.8i   REAR COIL SPRING','');
insert into Diagram values('FE81-33_1378','FE81-20060500','33-45','E70 X5 4.8i   REAR SPRING STRUT MOUNTING PARTS','');
insert into Diagram values('FE81-33_1381','FE81-20060500','33-45','E70 X5 4.8i   Stabilizer, rear','');
insert into Diagram values('FE81-33_1382','FE81-20060500','33-45','E70 X5 4.8i   Rear stabilizer bar/Dynamic Drive','');
insert into Diagram values('FE81-33_1383','FE81-20060500','33-45','E70 X5 4.8i   Add-on parts/Dynamic Drive','');
insert into Diagram values('FE81-33_1385','FE81-20060500','33-45','E70 X5 4.8i   Strut, rear / VDC / control module','');
insert into Diagram values('FE81-33_1452','FE81-20060500','33-45','E70 X5 4.8i   Strut, rear / VDC / control module','');
insert into Diagram values('FE81-33_1389','FE81-20060500','33-50','E70 X5 4.8i   LEVELL.DEVICE, AIR SPRING AND CTRL UNIT','');
insert into Diagram values('FE81-34_1584','FE81-20060500','34-05','E70 X5 4.8i   Front brake pad wear sensor','');
insert into Diagram values('FE81-34_0976','FE81-20060500','34-07','E70 X5 4.8i   Front brake-brake disc','');
insert into Diagram values('FE81-34_1585','FE81-20060500','34-10','E70 X5 4.8i   Rear brake pad wear sensor','');
insert into Diagram values('FE81-34_1052','FE81-20060500','34-12','E70 X5 4.8i   Rear wheel brake-Brake disc','');
insert into Diagram values('FE81-34_1596','FE81-20060500','34-15','E70 X5 4.8i   Brake pipe, front','');
insert into Diagram values('FE81-34_1598','FE81-20060500','34-17','E70 X5 4.8i   Brake pipe rear','');
insert into DiagramParts values('FE81-34_1620-07119905528', 'FE81-34_1620', 14, 'Hex bolt with washer', 'M8X16', 2, to_date('20070401','YYYYMMDD'), to_date('20080301','YYYYMMDD'), '07119905528', '$0.62', '', false);
insert into DiagramParts values('FE81-34_1620-16126766234', 'FE81-34_1620', 19, 'Pipe clip', 'D12/2XD4,75', 1, to_date('20070401','YYYYMMDD'), to_date('20080301','YYYYMMDD'), '16126766234', '$2.05', '', false);
insert into DiagramParts values('FE81-34_1620-34326757282', 'FE81-34_1620', 22, 'Intermediate piece', 'M10X1', 1, to_date('20070401','YYYYMMDD'), to_date('20080301','YYYYMMDD'), '34326757282', '$4.08', '', false);
insert into DiagramParts values('FE81-34_1620-34326757285', 'FE81-34_1620', 23, 'Intermediate piece', 'M12X1', 1, to_date('20070401','YYYYMMDD'), to_date('20080301','YYYYMMDD'), '34326757285', '$4.08', '', false);
insert into Diagram values('FE81-34_1620','FE81-20060500','34-17','E70 X5 4.8i   Brake pipe rear','');
insert into Diagram values('FE81-34_1664','FE81-20060500','34-17','E70 X5 4.8i   Brake pipe rear','');
insert into Diagram values('FE81-34_1601','FE81-20060500','34-20','E70 X5 4.8i   Hydro unit DXC/fastening/sensors','');
insert into Diagram values('FE81-34_1592','FE81-20060500','34-25','E70 X5 4.8i   BRAKE MASTER CYLINDER/EXPANSION TANK','');
insert into Diagram values('FE81-34_1587','FE81-20060500','34-27','E70 X5 4.8i   Power brake unit depression','');
insert into Diagram values('FE81-34_1599','FE81-20060500','34-30','E70 X5 4.8i   Parking brake/actuator','');
insert into Diagram values('FE81-34_1600','FE81-20060500','34-40','E70 X5 4.8i   PARKING BRAKE/BRAKE SHOES','');
insert into Diagram values('FE81-35_0318','FE81-20060500','35-05','E70 X5 4.8i   Pedal assembly, automatic transmission','');
insert into Diagram values('FE81-35_0319','FE81-20060500','35-05','E70 X5 4.8i   Pedal assembly, automatic transmission','');
insert into Diagram values('FE81-35_0274','FE81-20060500','35-20','E70 X5 4.8i   Acceleration/accelerator pedal module','');
insert into Diagram values('FE81-35_0315','FE81-20060500','35-95','E70 X5 4.8i   Set of high-grade steel pedal covers','');
insert into Diagram values('FE81-35_0327','FE81-20060500','35-95','E70 X5 4.8i   BMW Performance Alu pedal plates','');
insert into Diagram values('FE81-35_0377','FE81-20060500','35-95','E70 X5 4.8i   Aluminum pedal covers','');
insert into Diagram values('FE81-36_1025','FE81-20060500','36-10','E70 X5 4.8i   BLACK STEEL EMERGENCY WHEEL','');
insert into Diagram values('FE81-36_1019','FE81-20060500','36-15','E70 X5 4.8i   BMW LA wheel, star spoke 209','');
insert into Diagram values('FE81-36_1020','FE81-20060500','36-15','E70 X5 4.8i   BMW LA wheel, star spoke 210','');
insert into Diagram values('FE81-36_1021','FE81-20060500','36-15','E70 X5 4.8i   BMW LA wheel Y-spoke 211','');
insert into Diagram values('FE81-36_1022','FE81-20060500','36-15','E70 X5 4.8i   BMW LA wheel, star spoke 212','');
insert into Diagram values('FE81-36_1023','FE81-20060500','36-15','E70 X5 4.8i   BMW LA wheel, star spoke 213','');
insert into Diagram values('FE81-36_1024','FE81-20060500','36-15','E70 X5 4.8i   BMW LA wheel Y-spoke 214','');
insert into Diagram values('FE81-36_1029','FE81-20060500','36-15','E70 X5 4.8i   BMW light alloy wheel, cross spoke 177','');
insert into Diagram values('FE81-36_1033','FE81-20060500','36-15','E70 X5 4.8i   BMW LA wheel, dual spoke 215','');
insert into Diagram values('FE81-36_1068','FE81-20060500','36-15','E70 X5 4.8i   BMW light alloy wheel, spider spoke 128','');
insert into Diagram values('FE81-36_1081','FE81-20060500','36-15','E70 X5 4.8i   BMW LA wheel V-spoke 239','');
insert into Diagram values('FE81-36_1125','FE81-20060500','36-15','E70 X5 4.8i   BMW LA wheel, V spoke 223','');
insert into Diagram values('FE81-36_1126','FE81-20060500','36-15','E70 X5 4.8i   BMW M LA wheel, V spoke 227','');
insert into Diagram values('FE81-36_1159','FE81-20060500','36-15','E70 X5 4.8i   BMW light alloy wheel, cross spoke 177','');
insert into Diagram values('FE81-36_1160','FE81-20060500','36-15','E70 X5 4.8i   BMW light alloy wheel, cross spoke 177','');
insert into Diagram values('FE81-36_1249','FE81-20060500','36-15','E70 X5 4.8i   BMW LA wheel, V-spoke 265 individual','');
insert into Diagram values('FE81-36_1438','FE81-20060500','36-15','E70 X5 4.8i   BMW LA wheel Y Spoke 337','');
insert into Diagram values('FE81-36_1446','FE81-20060500','36-15','E70 X5 4.8i   BMW LA wheel, star spoke 209','');
insert into Diagram values('FE81-36_1447','FE81-20060500','36-15','E70 X5 4.8i   BMW LA wheel, star spoke 210','');
insert into Diagram values('FE81-36_1488','FE81-20060500','36-15','E70 X5 4.8i   BMW LA wheel Streamline 297','');
insert into Diagram values('FE81-36_1489','FE81-20060500','36-15','E70 X5 4.8i   BMW LA wheel, Star Spoke 334','');
insert into Diagram values('FE81-36_1490','FE81-20060500','36-15','E70 X5 4.8i   BMW LA wheel Y Spoke 335','');
insert into Diagram values('FE81-36_1491','FE81-20060500','36-15','E70 X5 4.8i   BMW LA wheel Y Spoke 336','');
insert into Diagram values('FE81-36_1492','FE81-20060500','36-15','E70 X5 4.8i   BMW LA wheel, M Double Spoke 333','');
insert into Diagram values('FE81-36_1505','FE81-20060500','36-15','E70 X5 4.8i   BMW LA wheel Y Spoke 375 BMW Performance','');
insert into Diagram values('FE81-36_1679','FE81-20060500','36-15','E70 X5 4.8i   BMW LA wheel, M Double Spoke 310','');
insert into Diagram values('FE81-36_1724','FE81-20060500','36-15','E70 X5 4.8i   BMW LA wheel M Double Spoke 435','');
insert into Diagram values('FE81-36_0865','FE81-20060500','36-20','E70 X5 4.8i   Balance weight, zinc','');
insert into Diagram values('FE81-36_1032','FE81-20060500','36-25','E70 X5 4.8i   SET WHEEL LOCKS','');
insert into Diagram values('FE81-36_1777','FE81-20060500','36-25','E70 X5 4.8i   WHEEL BOLT LOCK WITH ADAPTOR','');
insert into Diagram values('FE81-36_1055','FE81-20060500','36-30','E70 X5 4.8i   Summer tires','');
insert into Diagram values('FE81-36_1072','FE81-20060500','36-30','E70 X5 4.8i   Winter tires','');
insert into Diagram values('FE81-36_1244','FE81-20060500','36-30','E70 X5 4.8i   All-season tire','');
insert into Diagram values('FE81-36_1078','FE81-20060500','36-95','E70 X5 4.8i   Winter complete wheel star spoke 209','');
insert into Diagram values('FE81-36_1088','FE81-20060500','36-95','E70 X5 4.8i   Retrofit emergency wheel','');
insert into Diagram values('FE81-36_1106','FE81-20060500','36-95','E70 X5 4.8i   Winterkomplettrad Kreuzspeiche 177 - 18"','');
insert into Diagram values('FE81-36_1167','FE81-20060500','36-95','E70 X5 4.8i   Winter complete wheel Y-spoke 211','');
insert into Diagram values('FE81-36_1217','FE81-20060500','36-95','E70 X5 4.8i   Winterkomplettrad V-Speiche 223M','');
insert into Diagram values('FE81-36_1278','FE81-20060500','36-95','E70 X5 4.8i   Winterkomplettrad Kreuzspeiche 177 - 19"','');
insert into Diagram values('FE81-36_1369','FE81-20060500','36-95','E70 X5 4.8i   Winter complete wheel Y Spoke 214','');
insert into Diagram values('FE81-41_1732','FE81-20060500','41-05','E70 X5 4.8i   Body skeleton','');
insert into Diagram values('FE81-41_1733','FE81-20060500','41-10','E70 X5 4.8i   WHEELHOUSE/ENGINE SUPPORT','');
insert into Diagram values('FE81-41_1734','FE81-20060500','41-10','E70 X5 4.8i   SPLASH WALL PARTS','');
insert into Diagram values('FE81-41_1735','FE81-20060500','41-10','E70 X5 4.8i   FRONT BODY BRACKET LEFT','');
insert into Diagram values('FE81-41_1736','FE81-20060500','41-10','E70 X5 4.8i   FRONT BODY BRACKET RIGHT','');
insert into Diagram values('FE81-41_1737','FE81-20060500','41-10','E70 X5 4.8i   Front side panel','');
insert into Diagram values('FE81-41_1791','FE81-20060500','41-10','E70 X5 4.8i   Front side panel/Mounting parts','');
insert into Diagram values('FE81-41_1738','FE81-20060500','41-20','E70 X5 4.8i   BODY-SIDE FRAME','');
insert into Diagram values('FE81-41_1739','FE81-20060500','41-20','E70 X5 4.8i   SINGLE COMPONENTS FOR BODY-SIDE FRAME','');
insert into Diagram values('FE81-41_1740','FE81-20060500','41-20','E70 X5 4.8i   Cavity shielding, side frame','');
insert into Diagram values('FE81-41_1741','FE81-20060500','41-25','E70 X5 4.8i   FLOOR PARTS REAR INTERIOR','');
insert into Diagram values('FE81-41_1742','FE81-20060500','41-25','E70 X5 4.8i   Rear body','');
insert into Diagram values('FE81-41_1743','FE81-20060500','41-25','E70 X5 4.8i   REAR WHEELHOUSE/FLOOR PARTS','');
insert into Diagram values('FE81-41_1744','FE81-20060500','41-25','E70 X5 4.8i   SIDE PANEL/TAIL TRIM','');
insert into Diagram values('FE81-41_1792','FE81-20060500','41-25','E70 X5 4.8i   FILL-IN FLAP','');
insert into Diagram values('FE81-41_1782','FE81-20060500','41-30','E70 X5 4.8i   Roof','');
insert into Diagram values('FE81-41_1747','FE81-20060500','41-35','E70 X5 4.8i   ENGINE HOOD/MOUNTING PARTS','');
insert into Diagram values('FE81-41_1748','FE81-20060500','41-40','E70 X5 4.8i   FRONT DOOR-HINGE/DOOR BRAKE','');
insert into Diagram values('FE81-41_1888','FE81-20060500','41-40','E70 X5 4.8i   Door, front','');
insert into Diagram values('FE81-41_1752','FE81-20060500','41-45','E70 X5 4.8i   Door rear, hinge/door brake','');
insert into Diagram values('FE81-41_1889','FE81-20060500','41-45','E70 X5 4.8i   Door, rear','');
insert into Diagram values('FE81-41_1749','FE81-20060500','41-50','E70 X5 4.8i   Key','');
insert into Diagram values('FE81-41_1755','FE81-20060500','41-50','E70 X5 4.8i   Master key locking','');
insert into Diagram values('FE81-41_1756','FE81-20060500','41-60','E70 X5 4.8i   Trunk lid','');
insert into Diagram values('FE81-41_1757','FE81-20060500','41-60','E70 X5 4.8i   Trunk lid, bottom','');
insert into Diagram values('FE81-41_1890','FE81-20060500','41-60','E70 X5 4.8i   Trunk lid','');
insert into Diagram values('FE81-41_2124','FE81-20060500','41-60','E70 X5 4.8i   Mounting parts, trunk lid','');
insert into Diagram values('FE81-41_1758','FE81-20060500','41-65','E70 X5 4.8i   MECHANICAL CONNECTION ELEMENTS','');
insert into Diagram values('FE81-51_6353','FE81-20060500','51-05','E70 X5 4.8i   Glazing','');
insert into Diagram values('FE81-51_6354','FE81-20060500','51-05','E70 X5 4.8i   Window mounting parts','');
insert into Diagram values('FE81-51_7166','FE81-20060500','51-05','E70 X5 4.8i   Glazing for security vehicle','');
insert into Diagram values('FE81-51_8719','FE81-20060500','51-05','E70 X5 4.8i   Glazing','');
insert into Diagram values('FE81-51_6360','FE81-20060500','51-07','E70 X5 4.8i   Exterior mirror (S430A)','');
insert into Diagram values('FE81-51_6362','FE81-20060500','51-07','E70 X5 4.8i   MIRROR GLASS','');
insert into Diagram values('FE81-51_6363','FE81-20060500','51-07','E70 X5 4.8i   MIRROR GLASS','');
insert into Diagram values('FE81-51_8989','FE81-20060500','51-07','E70 X5 4.8i   Outside mirror','');
insert into Diagram values('FE81-51_6356','FE81-20060500','51-10','E70 X5 4.8i   DOOR WINDOW LIFTING MECHANISM FRONT','');
insert into Diagram values('FE81-51_6373','FE81-20060500','51-10','E70 X5 4.8i   Trim and seals for door, front','');
insert into Diagram values('FE81-51_7760','FE81-20060500','51-10','E70 X5 4.8i   Closing system, door, front, I','');
insert into Diagram values('FE81-51_7761','FE81-20060500','51-10','E70 X5 4.8i   Closing system, door, front, II','');
insert into Diagram values('FE81-51_6357','FE81-20060500','51-12','E70 X5 4.8i   DOOR WINDOW LIFTING MECHANISM REAR','');
insert into Diagram values('FE81-51_6374','FE81-20060500','51-12','E70 X5 4.8i   Trim and seals for door, rear','');
insert into Diagram values('FE81-51_7775','FE81-20060500','51-12','E70 X5 4.8i   Closing system, door, rear, II','');
insert into Diagram values('FE81-51_7776','FE81-20060500','51-12','E70 X5 4.8i   Closing system, door, rear, I','');
insert into Diagram values('FE81-51_6364','FE81-20060500','51-15','E70 X5 4.8i   Carrier, bumper front','');
insert into Diagram values('FE81-51_6365','FE81-20060500','51-15','E70 X5 4.8i   Trim panel, bumper, front','');
insert into Diagram values('FE81-51_6366','FE81-20060500','51-15','E70 X5 4.8i   FRONT BUMPER MOUNTING PARTS','');
insert into Diagram values('FE81-51_6428','FE81-20060500','51-15','E70 X5 4.8i   Air duct','');
insert into Diagram values('FE81-51_6649','FE81-20060500','51-15','E70 X5 4.8i   M Trim, front','');
insert into Diagram values('FE81-51_6720','FE81-20060500','51-15','E70 X5 4.8i   M Trim cover, front II','');
insert into Diagram values('FE81-51_6371','FE81-20060500','51-16','E70 X5 4.8i   Cover, wheel arch / sill','');
insert into Diagram values('FE81-51_6372','FE81-20060500','51-16','E70 X5 4.8i   Cover wheel arch / footboard','');
insert into Diagram values('FE81-51_6653','FE81-20060500','51-16','E70 X5 4.8i   M wheel arch cover/ sill','');
insert into Diagram values('FE81-51_6367','FE81-20060500','51-17','E70 X5 4.8i   Carrier, rear','');
insert into Diagram values('FE81-51_6368','FE81-20060500','51-17','E70 X5 4.8i   Trim cover, rear','');
insert into Diagram values('FE81-51_6654','FE81-20060500','51-17','E70 X5 4.8i   M Trim, rear','');
insert into Diagram values('FE81-51_6370','FE81-20060500','51-20','E70 X5 4.8i   Emblems / letterings','');
insert into Diagram values('FE81-51_6375','FE81-20060500','51-20','E70 X5 4.8i   Roof moulding/Roof rail','');
insert into Diagram values('FE81-51_7134','FE81-20060500','51-20','E70 X5 4.8i   Emblems / badges X DRIVE','');
insert into Diagram values('FE81-51_6401','FE81-20060500','51-30','E70 X5 4.8i   Carrier instrument panel','');
insert into Diagram values('FE81-51_6402','FE81-20060500','51-30','E70 X5 4.8i   Trim panel dashboard','');
insert into Diagram values('FE81-51_6411','FE81-20060500','51-30','E70 X5 4.8i   GLOVE BOX','');
insert into Diagram values('FE81-51_9129','FE81-20060500','51-30','E70 X5 4.8i   Mounting parts, I-panel, bottom','');
insert into Diagram values('FE81-51_6412','FE81-20060500','51-35','E70 X5 4.8i   Mount, center console','');
insert into Diagram values('FE81-51_6413','FE81-20060500','51-35','E70 X5 4.8i   Mounting parts, center console','');
insert into Diagram values('FE81-51_6419','FE81-20060500','51-35','E70 X5 4.8i   Mounting parts, center console, rear','');
insert into Diagram values('FE81-51_6423','FE81-20060500','51-35','E70 X5 4.8i   Storage tray, center console','');
insert into Diagram values('FE81-51_6424','FE81-20060500','51-35','E70 X5 4.8i   Armrest, centre console','');
insert into Diagram values('FE81-51_6310','FE81-20060500','51-40','E70 X5 4.8i   Headlining','');
insert into Diagram values('FE81-51_6320','FE81-20060500','51-40','E70 X5 4.8i   Sun visors','');
insert into Diagram values('FE81-51_6321','FE81-20060500','51-40','E70 X5 4.8i   Trim panel A- / B- / C- / D-Column','');
insert into Diagram values('FE81-51_6398','FE81-20060500','51-40','E70 X5 4.8i   Interior mirror','');
insert into Diagram values('FE81-51_8795','FE81-20060500','51-40','E70 X5 4.8i   Covers for interior rearview mirror','');
insert into Diagram values('FE81-51_6433','FE81-20060500','51-45','E70 X5 4.8i   Interior trim finishers','');
insert into Diagram values('FE81-51_6325','FE81-20060500','51-50','E70 X5 4.8i   Door trim panel, front','');
insert into Diagram values('FE81-51_6333','FE81-20060500','51-50','E70 X5 4.8i   Door trim, rear','');
insert into Diagram values('FE81-51_6334','FE81-20060500','51-50','E70 X5 4.8i   Door trim, rear','');
insert into Diagram values('FE81-51_6399','FE81-20060500','51-50','E70 X5 4.8i   Roller sun vizor, rear door','');
insert into Diagram values('FE81-51_7169','FE81-20060500','51-50','E70 X5 4.8i   Door trim panel, front','');
insert into Diagram values('FE81-51_7180','FE81-20060500','51-50','E70 X5 4.8i   Door trim, rear','');
insert into Diagram values('FE81-51_7593','FE81-20060500','51-50','E70 X5 4.8i   Door trim panel, front','');
insert into Diagram values('FE81-51_7594','FE81-20060500','51-50','E70 X5 4.8i   Door trim, rear','');
insert into Diagram values('FE81-51_6342','FE81-20060500','51-55','E70 X5 4.8i   FLOOR COVERING','');
insert into Diagram values('FE81-51_6387','FE81-20060500','51-55','E70 X5 4.8i   EDGE PROTECTION/COVERINGS ROCKERS','');
insert into DiagramParts values('FE81-51_6397-51477250430', 'FE81-51_6397', 02, 'Footmat, velours, for 3rd row seats', 'TABAK', 1, to_date('20111201','YYYYMMDD'), to_date('20120901','YYYYMMDD'), '51477250430', '', 'ENDED', false);
insert into Diagram values('FE81-51_6397','FE81-20060500','51-55','E70 X5 4.8i   Floor mats, velours','');
insert into Diagram values('FE81-51_6400','FE81-20060500','51-55','E70 X5 4.8i   TRIM PANEL LEG ROOM','');
insert into Diagram values('FE81-51_6346','FE81-20060500','51-60','E70 X5 4.8i   NETTED BLIND F SIGHT PROTECTION','');
insert into Diagram values('FE81-51_6343','FE81-20060500','51-65','E70 X5 4.8i   LATERAL TRUNK FLOOR TRIM PANEL','');
insert into Diagram values('FE81-51_6347','FE81-20060500','51-65','E70 X5 4.8i   Trim panel, trunk floor','');
insert into Diagram values('FE81-51_6382','FE81-20060500','51-65','E70 X5 4.8i   Trim panel, trunk floor','');
insert into Diagram values('FE81-51_6405','FE81-20060500','51-65','E70 X5 4.8i   TRUNK LID TRIM PANEL','');
insert into Diagram values('FE81-51_6408','FE81-20060500','51-70','E70 X5 4.8i   SOUND INSULATING REAR','');
insert into Diagram values('FE81-51_6409','FE81-20060500','51-70','E70 X5 4.8i   SOUND INSULATING FRONT','');
insert into Diagram values('FE81-51_6410','FE81-20060500','51-70','E70 X5 4.8i   Heat insulation','');
insert into Diagram values('FE81-51_7518','FE81-20060500','51-70','E70 X5 4.8i   Wheel arch trim, front','');
insert into Diagram values('FE81-51_6430','FE81-20060500','51-75','E70 X5 4.8i   Mounting parts, engine compartment','');
insert into Diagram values('FE81-51_6431','FE81-20060500','51-75','E70 X5 4.8i   Underfloor coating','');
insert into Diagram values('FE81-51_6429','FE81-20060500','51-80','E70 X5 4.8i   Reinforcement, body','');
insert into Diagram values('FE81-51_6443','FE81-20060500','51-80','E70 X5 4.8i   Various body parts','');
insert into Diagram values('FE81-51_6609','FE81-20060500','51-80','E70 X5 4.8i   Sealing cap/plug','');
insert into Diagram values('FE81-51_4577','FE81-20060500','51-95','E70 X5 4.8i   Floor Mat Set','');
insert into Diagram values('FE81-51_4635','FE81-20060500','51-95','E70 X5 4.8i   Exterior mirror for towing','');
insert into Diagram values('FE81-51_4643','FE81-20060500','51-95','E70 X5 4.8i   Non-skid mat','');
insert into Diagram values('FE81-51_4646','FE81-20060500','51-95','E70 X5 4.8i   Boot/trunk floor net','');
insert into Diagram values('FE81-51_4694','FE81-20060500','51-95','E70 X5 4.8i   Aluminum footrest','');
insert into Diagram values('FE81-51_4698','FE81-20060500','51-95','E70 X5 4.8i   Boot lashing strap','');
insert into Diagram values('FE81-51_5244','FE81-20060500','51-95','E70 X5 4.8i   Luggage compartment pan','');
insert into Diagram values('FE81-51_5362','FE81-20060500','51-95','E70 X5 4.8i   Luggage compartment, folding','');
insert into Diagram values('FE81-51_5688','FE81-20060500','51-95','E70 X5 4.8i   Luggage compatment box "multifix"','');
insert into Diagram values('FE81-51_5738','FE81-20060500','51-95','E70 X5 4.8i   Umbrella with bag','');
insert into Diagram values('FE81-51_5739','FE81-20060500','51-95','E70 X5 4.8i   Storage sleeve DVD/CD','');
insert into Diagram values('FE81-51_5799','FE81-20060500','51-95','E70 X5 4.8i   Fitted luggage compartment mat','');
insert into Diagram values('FE81-51_5867','FE81-20060500','51-95','E70 X5 4.8i   Underride portection, front','');
insert into Diagram values('FE81-51_6081','FE81-20060500','51-95','E70 X5 4.8i   Luggage-compartment securing belts','');
insert into Diagram values('FE81-51_6165','FE81-20060500','51-95','E70 X5 4.8i   Luggage compartment clamping belts','');
insert into Diagram values('FE81-51_6267','FE81-20060500','51-95','E70 X5 4.8i   Aerodynamics package','');
insert into Diagram values('FE81-51_6283','FE81-20060500','51-95','E70 X5 4.8i   Load compartment protective cover','');
insert into Diagram values('FE81-51_6327','FE81-20060500','51-95','E70 X5 4.8i   Retrofit Lashing rail system','');
insert into Diagram values('FE81-51_6332','FE81-20060500','51-95','E70 X5 4.8i   Illuminated door sill strip retrofit kit','');
insert into Diagram values('FE81-51_6336','FE81-20060500','51-95','E70 X5 4.8i   Retrofit, ashtray, rear door','');
insert into Diagram values('FE81-51_6376','FE81-20060500','51-95','E70 X5 4.8i   Retrofit, roof rail','');
insert into Diagram values('FE81-51_6377','FE81-20060500','51-95','E70 X5 4.8i   Retrofit, alu running board','');
insert into Diagram values('FE81-51_6392','FE81-20060500','51-95','E70 X5 4.8i   Retrofit: trunk room net','');
insert into Diagram values('FE81-51_6393','FE81-20060500','51-95','E70 X5 4.8i   Retrofit burr walnut wood trim','');
insert into Diagram values('FE81-51_6394','FE81-20060500','51-95','E70 X5 4.8i   Retrofit in aluminium interior strips','');
insert into Diagram values('FE81-51_6395','FE81-20060500','51-95','E70 X5 4.8i   Retrofit dark Bamboo wood-grain trim','');
insert into Diagram values('FE81-51_6396','FE81-20060500','51-95','E70 X5 4.8i   Retrofit light poplar wood-grain trim','');
insert into Diagram values('FE81-51_6444','FE81-20060500','51-95','E70 X5 4.8i   Retrofit Lashing rail system','');
insert into Diagram values('FE81-51_6445','FE81-20060500','51-95','E70 X5 4.8i   Retrofit: trunk room net left','');
insert into Diagram values('FE81-51_6466','FE81-20060500','51-95','E70 X5 4.8i   Luggage net','');
insert into Diagram values('FE81-51_6467','FE81-20060500','51-95','E70 X5 4.8i   Cargo area reversible mat','');
insert into Diagram values('FE81-51_6469','FE81-20060500','51-95','E70 X5 4.8i   Sunshade','');
insert into Diagram values('FE81-51_6477','FE81-20060500','51-95','E70 X5 4.8i   Key fob','');
insert into Diagram values('FE81-51_6482','FE81-20060500','51-95','E70 X5 4.8i   Door sill strip retrofit kit st. steel','');
insert into Diagram values('FE81-51_6579','FE81-20060500','51-95','E70 X5 4.8i   Floor mats, velours','');
insert into Diagram values('FE81-51_6581','FE81-20060500','51-95','E70 X5 4.8i   Rubber floor mats','');
insert into Diagram values('FE81-51_6639','FE81-20060500','51-95','E70 X5 4.8i   Protective loading edge mat','');
insert into Diagram values('FE81-51_6695','FE81-20060500','51-95','E70 X5 4.8i   Storage net, footwell, front','');
insert into Diagram values('FE81-51_6879','FE81-20060500','51-95','E70 X5 4.8i   Retrofit, M aerodynamic kit','');
insert into Diagram values('FE81-51_6969','FE81-20060500','51-95','E70 X5 4.8i   Floor mats Cross Country','');
insert into Diagram values('FE81-51_6979','FE81-20060500','51-95','E70 X5 4.8i   License plate bracket, self-illuminated','');
insert into Diagram values('FE81-51_7034','FE81-20060500','51-95','E70 X5 4.8i   Sun blind strips','');
insert into Diagram values('FE81-51_7061','FE81-20060500','51-95','E70 X5 4.8i   Non-skid mat','');
insert into Diagram values('FE81-51_7192','FE81-20060500','51-95','E70 X5 4.8i   Retrofit trim grill','');
insert into Diagram values('FE81-51_7203','FE81-20060500','51-95','E70 X5 4.8i   Cargo area partition net 1st seat row','');
insert into Diagram values('FE81-51_7236','FE81-20060500','51-95','E70 X5 4.8i   Footmat update','');
insert into Diagram values('FE81-51_7390','FE81-20060500','51-95','E70 X5 4.8i   Floor mat, rubber','');
insert into Diagram values('FE81-51_7515','FE81-20060500','51-95','E70 X5 4.8i   Dog Guard','');
insert into Diagram values('FE81-51_7665','FE81-20060500','51-95','E70 X5 4.8i   Interior equipment, upper','');
insert into Diagram values('FE81-51_7713','FE81-20060500','51-95','E70 X5 4.8i   Multifunct.lugg.compartm.mat w.fold.cont','');
insert into Diagram values('FE81-51_8051','FE81-20060500','51-95','E70 X5 4.8i   First-aid kit, universal','');
insert into Diagram values('FE81-51_8198','FE81-20060500','51-95','E70 X5 4.8i   Performance Aerodynamics Package','');
insert into Diagram values('FE81-51_8316','FE81-20060500','51-95','E70 X5 4.8i   Adaptive Attachment System','');
insert into Diagram values('FE81-51_8336','FE81-20060500','51-95','E70 X5 4.8i   Trunk room net, lateral','');
insert into Diagram values('FE81-51_8356','FE81-20060500','51-95','E70 X5 4.8i   Smoker package','');
insert into Diagram values('FE81-51_8522','FE81-20060500','51-95','E70 X5 4.8i   Travel & Comfort System','');
insert into Diagram values('FE81-51_8703','FE81-20060500','51-95','E70 X5 4.8i   Pocket set in interior','');
insert into DiagramParts values('FE81-52_3302-52109149528', 'FE81-52_3302', 01, 'Headrest imitation leather', 'BEIGE', 2, to_date('20070901','YYYYMMDD'), to_date('20100601','YYYYMMDD'), '52109149528', '', '', false);
insert into DiagramParts values('FE81-52_3302-52109149527', 'FE81-52_3302', 01, 'Headrest imitation leather', 'SCHWARZ', 2, to_date('20070901','YYYYMMDD'), to_date('20100601','YYYYMMDD'), '52109149527', '', '', false);
insert into DiagramParts values('FE81-52_3302-52109149535', 'FE81-52_3302', 01, 'Headrest imitation leather', 'SCHWARZ', 2, to_date('20070901','YYYYMMDD'), to_date('20100601','YYYYMMDD'), '52109149535', '$211.69', '', false);
insert into DiagramParts values('FE81-52_3302-52109149536', 'FE81-52_3302', 01, 'Headrest imitation leather', 'BEIGE', 2, to_date('20070901','YYYYMMDD'), to_date('20100601','YYYYMMDD'), '52109149536', '$211.69', '', false);
insert into DiagramParts values('FE81-52_3302-52109169585', 'FE81-52_3302', 05, 'Repair kit, crash-active head restraint', 'GEN 1', 2, to_date('20070901','YYYYMMDD'), to_date('20100601','YYYYMMDD'), '52109169585', '$112.83', '', false);
insert into Diagram values('FE81-52_3302','FE81-20060500','52-10','E70 X5 4.8i   Seat, front, head restraint, base seat','');
insert into Diagram values('FE81-52_3303','FE81-20060500','52-10','E70 X5 4.8i   Seat, front, head restraint Comfort seat','');
insert into Diagram values('FE81-52_3304','FE81-20060500','52-10','E70 X5 4.8i   Seat, front, head restraint, Sport seat','');
insert into DiagramParts values('FE81-52_3305-52107287241', 'FE81-52_3305', 03, 'SEAT COVER LEATHER', 'ZIMTBRAUN', 2, to_date('20091001','YYYYMMDD'), to_date('20100401','YYYYMMDD'), '52107287241', '', '', false);
insert into Diagram values('FE81-52_3305','FE81-20060500','52-10','E70 X5 4.8i   Seat front, upholstery & cover base seat','');
insert into Diagram values('FE81-52_3306','FE81-20060500','52-10','E70 X5 4.8i   Seat front, uphlstry/cover, Comfort seat','');
insert into Diagram values('FE81-52_3307','FE81-20060500','52-10','E70 X5 4.8i   Seat, front, uphlstry, cover, Sport seat','');
insert into Diagram values('FE81-52_3311','FE81-20060500','52-10','E70 X5 4.8i   SEAT FRONT SEAT COVERINGS','');
insert into Diagram values('FE81-52_3312','FE81-20060500','52-10','E70 X5 4.8i   Seat, front, seat frame','');
insert into Diagram values('FE81-52_3313','FE81-20060500','52-10','E70 X5 4.8i   Seat, front, backrest frame','');
insert into Diagram values('FE81-52_3314','FE81-20060500','52-10','E70 X5 4.8i   Seat, front, lumbar Active seat','');
insert into Diagram values('FE81-52_3316','FE81-20060500','52-10','E70 X5 4.8i   Seat, front, electrical and motors','');
insert into Diagram values('FE81-52_3317','FE81-20060500','52-10','E70 X5 4.8i   Seat, front, electrical/motors, backrest','');
insert into Diagram values('FE81-52_3336','FE81-20060500','52-20','E70 X5 4.8i   Seat rear, upholstery & cover base seat','');
insert into DiagramParts values('FE81-52_3337-52207226622', 'FE81-52_3337', 01, 'Frame, backrest left', 'GRAU', 1, to_date('20080601','YYYYMMDD'), to_date('20090101','YYYYMMDD'), '52207226622', '', 'ENDED', false);
insert into DiagramParts values('FE81-52_3337-52207226618', 'FE81-52_3337', 01, 'Frame, backrest left', 'GRAU', 1, to_date('20080601','YYYYMMDD'), to_date('20090101','YYYYMMDD'), '52207226618', '', 'ENDED', false);
insert into DiagramParts values('FE81-52_3337-52207248083', 'FE81-52_3337', 01, 'Frame, backrest left', 'TABAK', 1, to_date('20080601','YYYYMMDD'), to_date('20091001','YYYYMMDD'), '52207248083', '', '', false);
insert into DiagramParts values('FE81-52_3337-52207248081', 'FE81-52_3337', 01, 'Frame, backrest left', 'BEIGE', 1, to_date('20080601','YYYYMMDD'), to_date('20091001','YYYYMMDD'), '52207248081', '', '', false);
insert into DiagramParts values('FE81-52_3337-52207248080', 'FE81-52_3337', 01, 'Frame, backrest left', 'ANTHRAZIT', 1, to_date('20080601','YYYYMMDD'), to_date('20091001','YYYYMMDD'), '52207248080', '', '', false);
insert into Diagram values('FE81-52_3337','FE81-20060500','52-20','E70 X5 4.8i   Seat, rear, seat frame, left','');
insert into Diagram values('FE81-52_3338','FE81-20060500','52-20','E70 X5 4.8i   Seat, rear, mount for backrest','');
insert into DiagramParts values('FE81-52_3339-52207213805', 'FE81-52_3339', 01, 'Frame, backrest right', 'GRAU', 1, to_date('20080601','YYYYMMDD'), to_date('20090101','YYYYMMDD'), '52207213805', '', 'ENDED', false);
insert into DiagramParts values('FE81-52_3339-52207213806', 'FE81-52_3339', 01, 'Frame, backrest right', 'TABAK', 1, to_date('20080601','YYYYMMDD'), to_date('20090101','YYYYMMDD'), '52207213806', '', 'ENDED', false);
insert into DiagramParts values('FE81-52_3339-52207213804', 'FE81-52_3339', 01, 'Frame, backrest right', 'BEIGE', 1, to_date('20080601','YYYYMMDD'), to_date('20090101','YYYYMMDD'), '52207213804', '', 'ENDED', false);
insert into DiagramParts values('FE81-52_3339-52207213803', 'FE81-52_3339', 01, 'Frame, backrest right', 'ANTHRAZIT', 1, to_date('20080601','YYYYMMDD'), to_date('20090101','YYYYMMDD'), '52207213803', '', 'ENDED', false);
insert into Diagram values('FE81-52_3339','FE81-20060500','52-20','E70 X5 4.8i   Seat, rear, seat frame, right','');
insert into Diagram values('FE81-52_3340','FE81-20060500','52-20','E70 X5 4.8i   Rear seat head restraint','');
insert into Diagram values('FE81-52_3341','FE81-20060500','52-20','E70 X5 4.8i   Seat, rear, center armrest, Basis','');
insert into Diagram values('FE81-52_3343','FE81-20060500','52-20','E70 X5 4.8i   Seat, rear, seat trim covers, left','');
insert into Diagram values('FE81-52_3344','FE81-20060500','52-20','E70 X5 4.8i   Seat, rear, seat trim covers, right','');
insert into Diagram values('FE81-52_3345','FE81-20060500','52-20','E70 X5 4.8i   Seat rear, upholstery & cover base seat','');
insert into Diagram values('FE81-52_3352','FE81-20060500','52-20','E70 X5 4.8i   Seat, rear, pad and cover, 3rd row','');
insert into Diagram values('FE81-52_3353','FE81-20060500','52-20','E70 X5 4.8i   Rear seat head restraint','');
insert into Diagram values('FE81-52_3354','FE81-20060500','52-20','E70 X5 4.8i   Seat, rear, center console','');
insert into Diagram values('FE81-52_3355','FE81-20060500','52-20','E70 X5 4.8i   Seat, rear, seat frame, 3rd row','');
insert into Diagram values('FE81-52_3356','FE81-20060500','52-20','E70 X5 4.8i   Seat, rear, seat trim covers','');
insert into Diagram values('FE81-52_3357','FE81-20060500','52-20','E70 X5 4.8i   Seat rear, center armrest, multifunction','');
insert into Diagram values('FE81-52_3358','FE81-20060500','52-20','E70 X5 4.8i   Rear seat ski bag','');
insert into Diagram values('FE81-52_3359','FE81-20060500','52-20','E70 X5 4.8i   Seat, rear, seat frame, left','');
insert into Diagram values('FE81-52_3360','FE81-20060500','52-20','E70 X5 4.8i   Seat, rear, seat frame, right','');
insert into Diagram values('FE81-52_3415','FE81-20060500','52-20','E70 X5 4.8i   Seat, rear, seat trim covers, left','');
insert into Diagram values('FE81-52_3490','FE81-20060500','52-20','E70 X5 4.8i   Seat, rear, head restraint, center','');
insert into Diagram values('FE81-52_3015','FE81-20060500','52-95','E70 X5 4.8i   UNIVERSAL PRODECTIVE REAR COVER','');
insert into Diagram values('FE81-52_3043','FE81-20060500','52-95','E70 X5 4.8i   Belt holder','');
insert into Diagram values('FE81-52_3269','FE81-20060500','52-95','E70 X5 4.8i   Seat-back storage pocket','');
insert into Diagram values('FE81-52_3342','FE81-20060500','52-95','E70 X5 4.8i   Rear guard cover','');
insert into Diagram values('FE81-52_3376','FE81-20060500','52-95','E70 X5 4.8i   Lambskin seat cover','');
insert into Diagram values('FE81-52_3798','FE81-20060500','52-95','E70 X5 4.8i   Storage pocket, rear, BMW Lines','');
insert into Diagram values('FE81-52_3799','FE81-20060500','52-95','E70 X5 4.8i   Backrest pocket BMW Lines','');
insert into Diagram values('FE81-54_0358','FE81-20060500','54-05','E70 X5 4.8i   Panorama roof mounting parts','');
insert into Diagram values('FE81-54_0359','FE81-20060500','54-05','E70 X5 4.8i   Electric panoramic roof','');
insert into Diagram values('FE81-54_0435','FE81-20060500','54-05','E70 X5 4.8i   Electric panoramic roof','');
insert into Diagram values('FE81-61_2092','FE81-20060500','61-05','E70 X5 4.8i   Main wiring harness','');
insert into Diagram values('FE81-61_2475','FE81-20060500','61-05','E70 X5 4.8i   Repair cable main cable harness','');
insert into Diagram values('FE81-61_2885','FE81-20060500','61-05','E70 X5 4.8i   Main wiring harness, duplicate','');
insert into Diagram values('FE81-61_1822','FE81-20060500','61-10','E70 X5 4.8i   Cable-yarded material','');
insert into Diagram values('FE81-61_2242','FE81-20060500','61-10','E70 X5 4.8i   VARIOUS ADDITIONAL CABLE HARNESSES','');
insert into Diagram values('FE81-61_2244','FE81-20060500','61-10','E70 X5 4.8i   VARIOUS ADDITIONAL WIRING SETS','');
insert into Diagram values('FE81-61_2245','FE81-20060500','61-10','E70 X5 4.8i   Battery cable','');
insert into Diagram values('FE81-61_2257','FE81-20060500','61-10','E70 X5 4.8i   DOOR CABLE HARNESSES','');
insert into Diagram values('FE81-61_2306','FE81-20060500','61-10','E70 X5 4.8i   B+ wiring kits for wiring harness','');
insert into Diagram values('FE81-61_2324','FE81-20060500','61-10','E70 X5 4.8i   Wiring harness, Basis/Sport seat','');
insert into Diagram values('FE81-61_2325','FE81-20060500','61-10','E70 X5 4.8i   Wiring harness, Comfort seat with memory','');
insert into Diagram values('FE81-61_2422','FE81-20060500','61-10','E70 X5 4.8i   Rear seat wiring set','');
insert into Diagram values('FE81-61_2543','FE81-20060500','61-10','E70 X5 4.8i   Repair cable, airbag','');
insert into Diagram values('FE81-61_2569','FE81-20060500','61-10','E70 X5 4.8i   Rep. cable CIC, CCC / display','');
insert into Diagram values('FE81-61_2582','FE81-20060500','61-10','E70 X5 4.8i   Wiring harness covers/cable ducts','');
insert into Diagram values('FE81-61_2591','FE81-20060500','61-10','E70 X5 4.8i   Supplementary wiring harnesses, seat','');
insert into Diagram values('FE81-61_2618','FE81-20060500','61-10','E70 X5 4.8i   Communications/audio single wires','');
insert into Diagram values('FE81-61_2750','FE81-20060500','61-10','E70 X5 4.8i   HSD wire','');
insert into Diagram values('FE81-61_3349','FE81-20060500','61-10','E70 X5 4.8i   CVBS wire','');
insert into Diagram values('FE81-61_1280','FE81-20060500','61-15','E70 X5 4.8i   Plug terminal ELO not waterproof','');
insert into Diagram values('FE81-61_1296','FE81-20060500','61-15','E70 X5 4.8i   Circular connector / D 2,5 mm System','');
insert into Diagram values('FE81-61_1349','FE81-20060500','61-15','E70 X5 4.8i   Various comb-type connectors','');
insert into Diagram values('FE81-61_1445','FE81-20060500','61-15','E70 X5 4.8i   Various parts, wiring harness repair','');
insert into Diagram values('FE81-61_1578','FE81-20060500','61-15','E70 X5 4.8i   Repair parts, optical fibre cable','');
insert into Diagram values('FE81-61_1691','FE81-20060500','61-15','E70 X5 4.8i   Pin contacts ELO','');
insert into Diagram values('FE81-61_1754','FE81-20060500','61-15','E70 X5 4.8i   Plug terminal ELO-Power','');
insert into Diagram values('FE81-61_2107','FE81-20060500','61-15','E70 X5 4.8i   Various parts, wiring harness repair','');
insert into Diagram values('FE81-61_2216','FE81-20060500','61-15','E70 X5 4.8i   Terminal system MCON','');
insert into Diagram values('FE81-61_2284','FE81-20060500','61-15','E70 X5 4.8i   PLUG-IN CONNECTION BRACKET','');
insert into Diagram values('FE81-61_2432','FE81-20060500','61-15','E70 X5 4.8i   Diagnosis plug','');
insert into Diagram values('FE81-61_2456','FE81-20060500','61-15','E70 X5 4.8i   Assorted grommets','');
insert into Diagram values('FE81-61_2458','FE81-20060500','61-15','E70 X5 4.8i   diverse plugs and connectors','');
insert into Diagram values('FE81-61_2483','FE81-20060500','61-15','E70 X5 4.8i   Cable tie','');
insert into Diagram values('FE81-61_2638','FE81-20060500','61-15','E70 X5 4.8i   Repair parts, coaxial cable contacts','');
insert into Diagram values('FE81-61_2680','FE81-20060500','61-15','E70 X5 4.8i   Repair parts, coaxial cable housing','');
insert into Diagram values('FE81-61_2157','FE81-20060500','61-20','E70 X5 4.8i   BRACKET F BODY CONTROL UNITS AND MODULES','');
insert into Diagram values('FE81-61_2162','FE81-20060500','61-20','E70 X5 4.8i   Single components for fuse housing','');
insert into Diagram values('FE81-61_2243','FE81-20060500','61-20','E70 X5 4.8i   Power distribution box','');
insert into Diagram values('FE81-61_2331','FE81-20060500','61-20','E70 X5 4.8i   Power distributor battery','');
insert into Diagram values('FE81-61_2000','FE81-20060500','61-25','E70 X5 4.8i   Control unit/antennas passive access','');
insert into Diagram values('FE81-61_2159','FE81-20060500','61-25','E70 X5 4.8i   Rain and light sensor','');
insert into Diagram values('FE81-61_2161','FE81-20060500','61-25','E70 X5 4.8i   Control unit for driver seat','');
insert into Diagram values('FE81-61_2163','FE81-20060500','61-25','E70 X5 4.8i   Rain and light sensor','');
insert into Diagram values('FE81-61_2165','FE81-20060500','61-25','E70 X5 4.8i   Control units/modules','');
insert into Diagram values('FE81-61_2166','FE81-20060500','61-25','E70 X5 4.8i   Control unit Junctionbox Elektronik','');
insert into Diagram values('FE81-61_2167','FE81-20060500','61-25','E70 X5 4.8i   Control unit, footwell module','');
insert into Diagram values('FE81-61_2168','FE81-20060500','61-25','E70 X5 4.8i   Control unit CAS','');
insert into Diagram values('FE81-61_2169','FE81-20060500','61-25','E70 X5 4.8i   ECU for fr. passenger and rear seats','');
insert into Diagram values('FE81-61_2290','FE81-20060500','61-25','E70 X5 4.8i   Relay','');
insert into Diagram values('FE81-61_2467','FE81-20060500','61-25','E70 X5 4.8i   Intercom/Window heating','');
insert into Diagram values('FE81-61_2468','FE81-20060500','61-25','E70 X5 4.8i   control units, modules, sensors, relays','');
insert into Diagram values('FE81-61_1853','FE81-20060500','61-30','E70 X5 4.8i   Only for Japan - original BMW battery','');
insert into Diagram values('FE81-61_2081','FE81-20060500','61-30','E70 X5 4.8i   Original BMW battery','');
insert into Diagram values('FE81-61_2086','FE81-20060500','61-30','E70 X5 4.8i   battery holder and mounting parts','');
insert into Diagram values('FE81-61_1556','FE81-20060500','61-35','E70 X5 4.8i   Cigarette lighter / sockets','');
insert into Diagram values('FE81-61_1709','FE81-20060500','61-35','E70 X5 4.8i   Seat adjustment switch, front','');
insert into Diagram values('FE81-61_1886','FE81-20060500','61-35','E70 X5 4.8i   switch, airbag','');
insert into Diagram values('FE81-61_2110','FE81-20060500','61-35','E70 X5 4.8i   Switch unit, center console','');
insert into Diagram values('FE81-61_2111','FE81-20060500','61-35','E70 X5 4.8i   SWITCH WINDOW LIFTER','');
insert into Diagram values('FE81-61_2113','FE81-20060500','61-35','E70 X5 4.8i   Control element light','');
insert into Diagram values('FE81-61_2114','FE81-20060500','61-35','E70 X5 4.8i   Steering column trim','');
insert into Diagram values('FE81-61_2127','FE81-20060500','61-35','E70 X5 4.8i   Brake and clutch switch','');
insert into Diagram values('FE81-61_2155','FE81-20060500','61-35','E70 X5 4.8i   Switch, multifunct. steering wheel','');
insert into Diagram values('FE81-61_2158','FE81-20060500','61-35','E70 X5 4.8i   Starter/Stop switch','');
insert into Diagram values('FE81-61_2160','FE81-20060500','61-35','E70 X5 4.8i   VARIOUS SWITCHES','');
insert into Diagram values('FE81-61_2218','FE81-20060500','61-35','E70 X5 4.8i   Sockets','');
insert into Diagram values('FE81-61_2253','FE81-20060500','61-35','E70 X5 4.8i   Switch u. roof w/t emergency call button','');
insert into Diagram values('FE81-61_2255','FE81-20060500','61-35','E70 X5 4.8i   Switch unit roof w emergency call button','');
insert into Diagram values('FE81-61_2837','FE81-20060500','61-35','E70 X5 4.8i   TV/Audio plug socket','');
insert into Diagram values('FE81-61_3084','FE81-20060500','61-35','E70 X5 4.8i   Switch unit steering column','');
insert into Diagram values('FE81-61_3085','FE81-20060500','61-35','E70 X5 4.8i   Switch unit steering column','');
insert into Diagram values('FE81-61_2154','FE81-20060500','61-40','E70 X5 4.8i   Horn','');
insert into Diagram values('FE81-61_2144','FE81-20060500','61-45','E70 X5 4.8i   SINGLE WIPER PARTS','');
insert into Diagram values('FE81-61_2145','FE81-20060500','61-45','E70 X5 4.8i   SINGLE PARTS FOR REAR WINDOW WIPER','');
insert into Diagram values('FE81-61_2146','FE81-20060500','61-45','E70 X5 4.8i   Reserv.,windshield/headlight washer syst','');
insert into Diagram values('FE81-61_2147','FE81-20060500','61-45','E70 X5 4.8i   SINGLE PARTS FOR WINDSHIELD CLEANING','');
insert into Diagram values('FE81-61_2149','FE81-20060500','61-45','E70 X5 4.8i   SINGLE PARTS FOR HEAD LAMP CLEANING','');
insert into Diagram values('FE81-61_2223','FE81-20060500','61-95','E70 X5 4.8i   Suppression filter','');
insert into Diagram values('FE81-61_3026','FE81-20060500','61-95','E70 X5 4.8i   Battery charger','');
insert into Diagram values('FE81-61_3066','FE81-20060500','61-95','E70 X5 4.8i   Jumper cable','');
insert into Diagram values('FE81-61_3244','FE81-20060500','61-95','E70 X5 4.8i   Battery charger','');
insert into Diagram values('FE81-62_0492','FE81-20060500','62-05','E70 X5 4.8i   Instrument cluster','');
insert into Diagram values('FE81-62_0491','FE81-20060500','62-30','E70 X5 4.8i   Head-up display','');
insert into Diagram values('FE81-62_0561','FE81-20060500','62-95','E70 X5 4.8i   Electronic log book','');
insert into Diagram values('FE81-63_0985','FE81-20060500','63-05','E70 X5 4.8i   Headlight','');
insert into Diagram values('FE81-63_0992','FE81-20060500','63-05','E70 X5 4.8i   Single components for headlight','');
insert into Diagram values('FE81-63_1067','FE81-20060500','63-05','E70 X5 4.8i   SPARE BULBS BOX','');
insert into Diagram values('FE81-63_1363','FE81-20060500','63-05','E70 X5 4.8i   BMW Performance Light','');
insert into Diagram values('FE81-63_1420','FE81-20060500','63-05','E70 X5 4.8i   SPARE BULBS BOX','');
insert into Diagram values('FE81-63_0986','FE81-20060500','63-10','E70 X5 4.8i   Additional turn indicator lamp','');
insert into Diagram values('FE81-63_0978','FE81-20060500','63-15','E70 X5 4.8i   Fog lights','');
insert into Diagram values('FE81-63_0990','FE81-20060500','63-20','E70 X5 4.8i   Rear light','');
insert into Diagram values('FE81-63_0987','FE81-20060500','63-25','E70 X5 4.8i   Third stoplamp','');
insert into Diagram values('FE81-63_0988','FE81-20060500','63-30','E70 X5 4.8i   Registration plate light','');
insert into Diagram values('FE81-63_0989','FE81-20060500','63-30','E70 X5 4.8i   REFLECTOR','');
insert into Diagram values('FE81-63_0991','FE81-20060500','63-30','E70 X5 4.8i   Various lamps','');
insert into Diagram values('FE81-63_1008','FE81-20060500','63-30','E70 X5 4.8i   Various lamps','');
insert into Diagram values('FE81-63_1046','FE81-20060500','63-30','E70 X5 4.8i   Door handle illumination','');
insert into Diagram values('FE81-63_1153','FE81-20060500','63-95','E70 X5 4.8i   Flashlight, LED','');
insert into Diagram values('FE81-63_1224','FE81-20060500','63-95','E70 X5 4.8i   Retrofit kit, tail lamps, Facelift LED','');
insert into Diagram values('FE81-63_1289','FE81-20060500','63-95','E70 X5 4.8i   Retrofit kit, LED daytime driving lights','');
insert into Diagram values('FE81-63_1322','FE81-20060500','63-95','E70 X5 4.8i   LED interior light package','');
insert into Diagram values('FE81-64_1574','FE81-20060500','64-05','E70 X5 4.8i   AIR OUTLET','');
insert into Diagram values('FE81-64_1587','FE81-20060500','64-05','E70 X5 4.8i   AIR CHANNEL','');
insert into Diagram values('FE81-64_1589','FE81-20060500','64-05','E70 X5 4.8i   Blower motor for 3rd seat row','');
insert into Diagram values('FE81-64_1569','FE81-20060500','64-10','E70 X5 4.8i   Microfilter/housing parts','');
insert into Diagram values('FE81-64_1578','FE81-20060500','64-15','E70 X5 4.8i   Heater radiator','');
insert into Diagram values('FE81-64_1640','FE81-20060500','64-15','E70 X5 4.8i   BLOWER REAR','');
insert into Diagram values('FE81-64_1585','FE81-20060500','64-18','E70 X5 4.8i   Independent heating water valves','');
insert into Diagram values('FE81-64_1591','FE81-20060500','64-18','E70 X5 4.8i   water hoses/water valve','');
insert into Diagram values('FE81-64_1571','FE81-20060500','64-20','E70 X5 4.8i   Control','');
insert into Diagram values('FE81-64_1742','FE81-20060500','64-20','E70 X5 4.8i   Control unit, automatic air cond.,High','');
insert into Diagram values('FE81-64_1579','FE81-20060500','64-30','E70 X5 4.8i   Evaporator / Expansion valve','');
insert into Diagram values('FE81-64_1580','FE81-20060500','64-35','E70 X5 4.8i   Spiral housing with flaps','');
insert into Diagram values('FE81-64_1581','FE81-20060500','64-35','E70 X5 4.8i   HOUSING PARTS - AIR CONDITIONING','');
insert into Diagram values('FE81-64_1582','FE81-20060500','64-40','E70 X5 4.8i   ELECTRIC PARTS FOR AC UNIT','');
insert into Diagram values('FE81-64_1343','FE81-20060500','64-45','E70 X5 4.8i   SENSOR F. AUC','');
insert into Diagram values('FE81-64_1344','FE81-20060500','64-45','E70 X5 4.8i   Condensation sensor / Solar sensor','');
insert into DiagramParts values('FE81-64_1576-64509121761', 'FE81-64_1576', 01, 'Air-conditioner compressor', 'N62N', 1, to_date('20071001','YYYYMMDD'), to_date('20080301','YYYYMMDD'), '64509121761', '', 'ENDED', false);
insert into Diagram values('FE81-64_1576','FE81-20060500','64-50','E70 X5 4.8i   Air-conditioner compressor/mounting part','');
insert into Diagram values('FE81-64_1592','FE81-20060500','64-55','E70 X5 4.8i   Condenser air conditioning','');
insert into Diagram values('FE81-64_1577','FE81-20060500','64-60','E70 X5 4.8i   Coolant lines','');
insert into DiagramParts values('FE81-64_1389-64129144646', 'FE81-64_1389', 03, 'Telestart handheld transmitter', 'T93', 1, to_date('20070401','YYYYMMDD'), to_date('20080901','YYYYMMDD'), '64129144646', '', 'ENDED', false);
insert into Diagram values('FE81-64_1389','FE81-20060500','64-65','E70 X5 4.8i   TRANSMITTER F AUXIL.HEATING REMOTE CTRL','');
insert into Diagram values('FE81-64_1512','FE81-20060500','64-65','E70 X5 4.8i   TRANSMITTER F AUXIL.HEATING REMOTE CTRL','');
insert into Diagram values('FE81-64_1584','FE81-20060500','64-65','E70 X5 4.8i   FUEL SUPPLY/PUMP/TUBING','');
insert into Diagram values('FE81-64_1586','FE81-20060500','64-65','E70 X5 4.8i   Auxiliary heating','');
insert into Diagram values('FE81-64_1554','FE81-20060500','64-95','E70 X5 4.8i   Install.kit, independent heater','');
insert into Diagram values('FE81-64_1633','FE81-20060500','64-95','E70 X5 4.8i   Retrofit kit, remote cntrl,indep.heating','');
insert into Diagram values('FE81-64_1855','FE81-20060500','64-95','E70 X5 4.8i   Accessori e postmontaggi','');
insert into Diagram values('FE81-64_1583','FE81-20060500','64-99','E70 X5 4.8i   DIVERSE SMALL PARTS','');
insert into Diagram values('FE81-65_1691','FE81-20060500','65-05','E70 X5 4.8i   DAB tuner','');
insert into Diagram values('FE81-65_1708','FE81-20060500','65-05','E70 X5 4.8i   M-Audio system controller','');
insert into Diagram values('FE81-65_2440','FE81-20060500','65-05','E70 X5 4.8i   DAB Retrofit','');
insert into Diagram values('FE81-65_1786','FE81-20060500','65-07','E70 X5 4.8i   Auxiliary connection cable','');
insert into Diagram values('FE81-65_1685','FE81-20060500','65-10','E70 X5 4.8i   DVD player','');
insert into Diagram values('FE81-65_1686','FE81-20060500','65-10','E70 X5 4.8i   CD Changer/Bracket','');
insert into Diagram values('FE81-65_1688','FE81-20060500','65-10','E70 X5 4.8i   DVD Changer/Bracket','');
insert into Diagram values('FE81-65_1695','FE81-20060500','65-20','E70 X5 4.8i   Single parts, Stereo System, door frnt','');
insert into Diagram values('FE81-65_1696','FE81-20060500','65-20','E70 X5 4.8i   SINGLE PARTS F FRONT DOOR HIFI SYSTEM','');
insert into Diagram values('FE81-65_1697','FE81-20060500','65-20','E70 X5 4.8i   SINGLE PARTS F FRONT DOOR TOP-HIFI SYST.','');
insert into Diagram values('FE81-65_1698','FE81-20060500','65-20','E70 X5 4.8i   Single parts, Stereo System, door rear','');
insert into Diagram values('FE81-65_1699','FE81-20060500','65-20','E70 X5 4.8i   SINGLE PARTS F REAR DOOR HIFI SYSTEM','');
insert into Diagram values('FE81-65_1700','FE81-20060500','65-20','E70 X5 4.8i   SINGLE PARTS F REAR DOOR TOP-HIFI SYST.','');
insert into Diagram values('FE81-65_1701','FE81-20060500','65-20','E70 X5 4.8i   Components central bass','');
insert into Diagram values('FE81-65_1702','FE81-20060500','65-20','E70 X5 4.8i   Loudspeaker, instrument panel','');
insert into Diagram values('FE81-65_1703','FE81-20060500','65-20','E70 X5 4.8i   Single parts Top HiFi system, D-pillar','');
insert into Diagram values('FE81-65_1967','FE81-20060500','65-20','E70 X5 4.8i   Individual Audio system, door front','');
insert into Diagram values('FE81-65_1968','FE81-20060500','65-20','E70 X5 4.8i   Individual Audio system, door rear','');
insert into Diagram values('FE81-65_1969','FE81-20060500','65-20','E70 X5 4.8i   Individual Audio system, I-panel','');
insert into Diagram values('FE81-65_1970','FE81-20060500','65-20','E70 X5 4.8i   Individual Audio System, D-pillar','');
insert into Diagram values('FE81-65_1846','FE81-20060500','65-22','E70 X5 4.8i   Audio wiring harness, duplicate','');
insert into Diagram values('FE81-65_1994','FE81-20060500','65-22','E70 X5 4.8i   Universal aerial cable','');
insert into Diagram values('FE81-65_1999','FE81-20060500','65-22','E70 X5 4.8i   Universal aerial cable','');
insert into Diagram values('FE81-65_2002','FE81-20060500','65-22','E70 X5 4.8i   Universal aerial cable','');
insert into Diagram values('FE81-65_2319','FE81-20060500','65-22','E70 X5 4.8i   Audio wiring harness, duplicate','');
insert into Diagram values('FE81-65_1693','FE81-20060500','65-25','E70 X5 4.8i   amplifier / holder hifi system','');
insert into Diagram values('FE81-65_1694','FE81-20060500','65-25','E70 X5 4.8i   Amplifier/holder,HiFi Professional DSP','');
insert into Diagram values('FE81-65_2030','FE81-20060500','65-25','E70 X5 4.8i   Amplifier/bracket Indi. Audio System','');
insert into Diagram values('FE81-65_1705','FE81-20060500','65-30','E70 X5 4.8i   SINGLE PARTS F ANTENNA','');
insert into DiagramParts values('FE81-65_1706-65209157967', 'FE81-65_1706', 01, 'Antenna amplifier Diversity', '315 MHZ', 1, to_date('20071001','YYYYMMDD'), to_date('20080901','YYYYMMDD'), '65209157967', '', '+core, ENDED', false);
insert into Diagram values('FE81-65_1706','FE81-20060500','65-30','E70 X5 4.8i   SINGLE PARTS F ANTENNA-DIVERSITY','');
insert into Diagram values('FE81-65_1119','FE81-20060500','65-45','E70 X5 4.8i   Headset module','');
insert into Diagram values('FE81-65_1711','FE81-20060500','65-45','E70 X5 4.8i   Controller','');
insert into Diagram values('FE81-65_1717','FE81-20060500','65-45','E70 X5 4.8i   Rear compartment monitor','');
insert into Diagram values('FE81-65_1720','FE81-20060500','65-45','E70 X5 4.8i   On-board monitor','');
insert into Diagram values('FE81-65_1356','FE81-20060500','65-50','E70 X5 4.8i   Navigation system, Asia','');
insert into Diagram values('FE81-65_1712','FE81-20060500','65-50','E70 X5 4.8i   CCC CD','');
insert into Diagram values('FE81-65_1713','FE81-20060500','65-50','E70 X5 4.8i   CCC MD/CD','');
insert into Diagram values('FE81-65_1714','FE81-20060500','65-50','E70 X5 4.8i   Single parts CCC','');
insert into DiagramParts values('FE81-65_1715-65509177195', 'FE81-65_1715', 01, 'Video module', 'DRIVE', 1, to_date('20070901','YYYYMMDD'), to_date('20080901','YYYYMMDD'), '65509177195', '', '', false);
insert into DiagramParts values('FE81-65_1715-65509196875', 'FE81-65_1715', 01, 'Video module', 'DRIVE', 1, to_date('20070901','YYYYMMDD'), to_date('20091001','YYYYMMDD'), '65509196875', '', '', false);
insert into DiagramParts values('FE81-65_1715-65509224300', 'FE81-65_1715', 01, 'TV module', 'DRIVE', 1, to_date('20091001','YYYYMMDD'), to_date('20100401','YYYYMMDD'), '65509224300', '', '', false);
insert into DiagramParts values('FE81-65_1715-65509229905', 'FE81-65_1715', 01, 'TV module', 'DRIVE', 1, to_date('20091001','YYYYMMDD'), to_date('20101001','YYYYMMDD'), '65509229905', '', 'ENDED', false);
insert into DiagramParts values('FE81-65_1715-65509240644', 'FE81-65_1715', 01, 'TV module', 'DRIVE', 1, to_date('20091001','YYYYMMDD'), to_date('20120801','YYYYMMDD'), '65509240644', '', '', false);
insert into DiagramParts values('FE81-65_1715-65509235503', 'FE81-65_1715', 01, 'TV module', 'ISDB-T', 1, to_date('20091001','YYYYMMDD'), to_date('20101001','YYYYMMDD'), '65509235503', '', 'ENDED', false);
insert into DiagramParts values('FE81-65_1715-65509240645', 'FE81-65_1715', 01, 'TV module', 'ISDB-T', 1, to_date('20091001','YYYYMMDD'), to_date('20120801','YYYYMMDD'), '65509240645', '', '', false);
insert into DiagramParts values('FE81-65_1715-65509240643', 'FE81-65_1715', 01, 'TV module', 'DVB-T', 1, to_date('20091001','YYYYMMDD'), to_date('20100401','YYYYMMDD'), '65509240643', '', '', false);
insert into DiagramParts values('FE81-65_1715-65509229906', 'FE81-65_1715', 01, 'TV module', 'DVB-T', 1, to_date('20100401','YYYYMMDD'), to_date('20100801','YYYYMMDD'), '65509229906', '', 'ENDED', false);
insert into DiagramParts values('FE81-65_1715-65509233970', 'FE81-65_1715', 01, 'TV module', 'DTMB', 1, to_date('20100701','YYYYMMDD'), to_date('20101001','YYYYMMDD'), '65509233970', '', 'ENDED', false);
insert into DiagramParts values('FE81-65_1715-65509242221', 'FE81-65_1715', 01, 'TV module', 'DTMB', 1, to_date('20100701','YYYYMMDD'), to_date('20110401','YYYYMMDD'), '65509242221', '', 'ENDED', false);
insert into DiagramParts values('FE81-65_1715-65509252352', 'FE81-65_1715', 01, 'TV module', 'DTMB', 1, to_date('20100701','YYYYMMDD'), to_date('20110901','YYYYMMDD'), '65509252352', '', 'ENDED', false);
insert into DiagramParts values('FE81-65_1715-65509253523', 'FE81-65_1715', 01, 'TV module', 'DTMB', 1, to_date('20100701','YYYYMMDD'), to_date('20120801','YYYYMMDD'), '65509253523', '', 'ENDED', false);
insert into DiagramParts values('FE81-65_1715-65509165210', 'FE81-65_1715', 01, 'Video module', 'DRIVE 5', 1, to_date('20070901','YYYYMMDD'), to_date('20091001','YYYYMMDD'), '65509165210', '$2,020.32', '', false);
insert into Diagram values('FE81-65_1715','FE81-20060500','65-50','E70 X5 4.8i   Video module/bracket','');
insert into Diagram values('FE81-65_1718','FE81-20060500','65-50','E70 X5 4.8i   Remote control, rear','');
insert into DiagramParts values('FE81-65_1724-65909112341', 'FE81-65_1724', 01, 'FSC JNav map 2007-1 initialization', 'ASAP', 1, to_date('20070301','YYYYMMDD'), to_date('20070901','YYYYMMDD'), '65909112341', '', 'ENDED', false);
insert into Diagram values('FE81-65_1724','FE81-20060500','65-50','E70 X5 4.8i   Enable code for Japanese navigation','');
insert into Diagram values('FE81-65_1979','FE81-20060500','65-50','E70 X5 4.8i   DVD street map Navigation Option 609','');
insert into DiagramParts values('FE81-65_1988-65129218359', 'FE81-65_1988', 01, 'Car Infotainment computer', 'KOREA', 1, to_date('20091001','YYYYMMDD'), to_date('20101001','YYYYMMDD'), '65129218359', '', 'ENDED', false);
insert into DiagramParts values('FE81-65_1988-65129248111', 'FE81-65_1988', 01, 'Car Infotainment computer', 'KOREA', 1, to_date('20091001','YYYYMMDD'), to_date('20110401','YYYYMMDD'), '65129248111', '', 'ENDED', false);
insert into DiagramParts values('FE81-65_1988-65129257203', 'FE81-65_1988', 01, 'Car Infotainment computer', 'KOREA', 1, to_date('20091001','YYYYMMDD'), to_date('20111001','YYYYMMDD'), '65129257203', '', 'ENDED', false);
insert into DiagramParts values('FE81-65_1988-65129218360', 'FE81-65_1988', 01, 'Car Infotainment computer', 'ASIEN', 1, to_date('20091001','YYYYMMDD'), to_date('20101001','YYYYMMDD'), '65129218360', '', 'ENDED', false);
insert into DiagramParts values('FE81-65_1988-65129244593', 'FE81-65_1988', 01, 'Car Infotainment computer', 'ASIEN', 1, to_date('20091001','YYYYMMDD'), to_date('20110401','YYYYMMDD'), '65129244593', '', 'ENDED', false);
insert into DiagramParts values('FE81-65_1988-65129257204', 'FE81-65_1988', 01, 'Car Infotainment computer', 'ASIEN', 1, to_date('20091001','YYYYMMDD'), to_date('20111001','YYYYMMDD'), '65129257204', '', 'ENDED', false);
insert into DiagramParts values('FE81-65_1988-65129273186', 'FE81-65_1988', 01, 'Car Infotainment computer', 'ASIEN', 1, to_date('20091001','YYYYMMDD'), to_date('20120401','YYYYMMDD'), '65129273186', '', 'ENDED', false);
insert into Diagram values('FE81-65_1988','FE81-20060500','65-50','E70 X5 4.8i   Car Infotainment computer','');
insert into Diagram values('FE81-65_2028','FE81-20060500','65-50','E70 X5 4.8i   Car Infotainment Computer - Mid','');
insert into DiagramParts values('FE81-65_2209-65902218552', 'FE81-65_2209', 01, 'Enable code CIC map of Europe, initial', 'PREMIUM', 1, to_date('20091001','YYYYMMDD'), to_date('20120901','YYYYMMDD'), '65902218552', '', '', false);
insert into DiagramParts values('FE81-65_2209-65902218561', 'FE81-65_2209', 01, 'Enable code CIC map of Taiwan, initial', 'PREMIUM', 1, to_date('20091001','YYYYMMDD'), to_date('20120901','YYYYMMDD'), '65902218561', '', 'ENDED', false);
insert into Diagram values('FE81-65_2209','FE81-20060500','65-50','E70 X5 4.8i   Enable code, initial, Professional GPS','');
insert into Diagram values('FE81-65_2210','FE81-20060500','65-50','E70 X5 4.8i   Enable code, update for Professional GPS','');
insert into Diagram values('FE81-65_2211','FE81-20060500','65-50','E70 X5 4.8i   Enable code, rep, GPS Professional','');
insert into Diagram values('FE81-65_2256','FE81-20060500','65-50','E70 X5 4.8i   Remote control, rear','');
insert into Diagram values('FE81-65_1684','FE81-20060500','65-60','E70 X5 4.8i   Alarm systems','');
insert into Diagram values('FE81-65_1704','FE81-20060500','65-65','E70 X5 4.8i   Electric parts for airbag','');
insert into Diagram values('FE81-65_1707','FE81-20060500','65-65','E70 X5 4.8i   Electr. compon. seat occupancy detection','');
insert into Diagram values('FE81-65_1180','FE81-20060500','65-70','E70 X5 4.8i   Temperature sensor','');
insert into Diagram values('FE81-65_1721','FE81-20060500','65-95','E70 X5 4.8i   iPod connection retrofit kit','');
insert into Diagram values('FE81-65_1722','FE81-20060500','65-95','E70 X5 4.8i   Infrared headphones','');
insert into Diagram values('FE81-65_1723','FE81-20060500','65-95','E70 X5 4.8i   Spare parts DVD Advanced','');
insert into Diagram values('FE81-65_1777','FE81-20060500','65-95','E70 X5 4.8i   DVD-system Portable','');
insert into Diagram values('FE81-65_1779','FE81-20060500','65-95','E70 X5 4.8i   DVB-T Set-top box','');
insert into Diagram values('FE81-65_1782','FE81-20060500','65-95','E70 X5 4.8i   Retrofit kit, CD-changer','');
insert into Diagram values('FE81-65_1783','FE81-20060500','65-95','E70 X5 4.8i   Retrofit kit, theft alarm','');
insert into Diagram values('FE81-65_1860','FE81-20060500','65-95','E70 X5 4.8i   Retrofit kit USB/audio interface','');
insert into Diagram values('FE81-65_1862','FE81-20060500','65-95','E70 X5 4.8i   Retrofit kit, DVD changer','');
insert into Diagram values('FE81-65_1898','FE81-20060500','65-95','E70 X5 4.8i   Retrofit kit navigation Professional','');
insert into Diagram values('FE81-65_1915','FE81-20060500','65-95','E70 X5 4.8i   Retrofit kit, TV function','');
insert into Diagram values('FE81-65_1989','FE81-20060500','65-95','E70 X5 4.8i   Tracking Products','');
insert into Diagram values('FE81-65_2038','FE81-20060500','65-95','E70 X5 4.8i   DVD system Tablet','');
insert into Diagram values('FE81-65_2271','FE81-20060500','65-95','E70 X5 4.8i   Charger adapter for Apple iPod / iPhone','');
insert into Diagram values('FE81-65_2388','FE81-20060500','65-95','E70 X5 4.8i   Retrofit DAB+','');
insert into Diagram values('FE81-65_2422','FE81-20060500','65-95','E70 X5 4.8i   Cable adapter for Apple iPod / iPhone','');
insert into Diagram values('FE81-65_2434','FE81-20060500','65-95','E70 X5 4.8i   DVD System Tablet Single','');
insert into Diagram values('FE81-65_2520','FE81-20060500','65-95','E70 X5 4.8i   BMW USB charger','');
insert into Diagram values('FE81-65_2522','FE81-20060500','65-95','E70 X5 4.8i   Cable adapter, devices with Micro USB','');
insert into Diagram values('FE81-66_0139','FE81-20060500','66-05','E70 X5 4.8i   Reversing camera','');
insert into Diagram values('FE81-66_0141','FE81-20060500','66-05','E70 X5 4.8i   Outside rearview mirror camera','');
insert into Diagram values('FE81-66_0146','FE81-20060500','66-05','E70 X5 4.8i   Video multiplexer','');
insert into Diagram values('FE81-66_0148','FE81-20060500','66-05','E70 X5 4.8i   Control unit, outside mirror camera','');
insert into Diagram values('FE81-66_0199','FE81-20060500','66-05','E70 X5 4.8i   Backup camera with Top View','');
insert into Diagram values('FE81-66_0201','FE81-20060500','66-05','E70 X5 4.8i   Control unit for Park Distance Control','');
insert into Diagram values('FE81-66_0223','FE81-20060500','66-05','E70 X5 4.8i   Backup camera with top and side view','');
insert into Diagram values('FE81-66_0246','FE81-20060500','66-05','E70 X5 4.8i   Ultrasonic-sensor','');
insert into Diagram values('FE81-66_0247','FE81-20060500','66-05','E70 X5 4.8i   Ultrasonic-sensor','');
insert into Diagram values('FE81-66_0143','FE81-20060500','66-95','E70 X5 4.8i   Install.kit, Park Distance Control','');
insert into Diagram values('FE81-66_0163','FE81-20060500','66-95','E70 X5 4.8i   Retrofit backup camera','');
insert into Diagram values('FE81-66_0188','FE81-20060500','66-95','E70 X5 4.8i   Park Distance Control universale sonoro','');
insert into DiagramParts values('FE81-71_0443-71246786780', 'FE81-71_0443', 01, 'LABEL &quot;TIRE PRESSURE&quot;', 'JAPAN MY08', 1, to_date('20070901','YYYYMMDD'), to_date('20080901','YYYYMMDD'), '71246786780', '', '', false);
insert into DiagramParts values('FE81-71_0443-71246791002', 'FE81-71_0443', 01, 'LABEL &quot;TIRE PRESSURE&quot;', 'JAPAN MY09', 1, to_date('20080901','YYYYMMDD'), to_date('20090901','YYYYMMDD'), '71246791002', '', '', false);
insert into Diagram values('FE81-71_0443','FE81-20060500','71-03','E70 X5 4.8i   LABEL "TIRE PRESSURE"','');
insert into Diagram values('FE81-71_0567','FE81-20060500','71-03','E70 X5 4.8i   Notice label for fuel','');
insert into Diagram values('FE81-71_0568','FE81-20060500','71-03','E70 X5 4.8i   Instruction notice, Airbag','');
insert into Diagram values('FE81-71_0602','FE81-20060500','71-03','E70 X5 4.8i   Various notice stickers','');
insert into Diagram values('FE81-71_0621','FE81-20060500','71-03','E70 X5 4.8i   Label, coolant','');
insert into Diagram values('FE81-71_0680','FE81-20060500','71-03','E70 X5 4.8i   Labels independent heating','');
insert into Diagram values('FE81-71_0361','FE81-20060500','71-05','E70 X5 4.8i   Car tool','');
insert into Diagram values('FE81-71_0408','FE81-20060500','71-05','E70 X5 4.8i   Warning triangle/First aid kit/-cushion','');
insert into Diagram values('FE81-71_0423','FE81-20060500','71-05','E70 X5 4.8i   Car tool/Lifting jack','');
insert into Diagram values('FE81-71_0424','FE81-20060500','71-10','E70 X5 4.8i   Towing hitch, detachable','');
insert into Diagram values('FE81-71_0512','FE81-20060500','71-10','E70 X5 4.8i   Trailer coupling, electric swiveling','');
insert into Diagram values('FE81-71_0425','FE81-20060500','71-95','E70 X5 4.8i   Retrofit kit, towing hitch','');
insert into Diagram values('FE81-71_0434','FE81-20060500','71-95','E70 X5 4.8i   Tire Mobility Set','');
insert into Diagram values('FE81-71_0513','FE81-20060500','71-95','E70 X5 4.8i   Twin electrics, caravan leads','');
insert into Diagram values('FE81-71_0516','FE81-20060500','71-95','E70 X5 4.8i   Retrofit kit, tr. cpl., elec. swiveling','');
insert into Diagram values('FE81-72_0581','FE81-20060500','72-03','E70 X5 4.8i   Air bag','');
insert into Diagram values('FE81-72_0580','FE81-20060500','72-05','E70 X5 4.8i   Safety belt front','');
insert into DiagramParts values('FE81-72_0582-52204185743', 'FE81-72_0582', 03, 'REAR center UPPER BELT', 'SCHWARZ', 1, to_date('20061101','YYYYMMDD'), to_date('20090701','YYYYMMDD'), '52204185743', '', '', false);
insert into DiagramParts values('FE81-72_0582-52204185744', 'FE81-72_0582', 03, 'REAR center UPPER BELT', 'BEIGE', 1, to_date('20061101','YYYYMMDD'), to_date('20090701','YYYYMMDD'), '52204185744', '', '', false);
insert into Diagram values('FE81-72_0582','FE81-20060500','72-05','E70 X5 4.8i   Rear seat belt, basic','');
insert into Diagram values('FE81-72_0583','FE81-20060500','72-05','E70 X5 4.8i   Safety belt for 3rd seat row','');
insert into Diagram values('FE81-72_0765','FE81-20060500','72-05','E70 X5 4.8i   Child seat mount','');
insert into Diagram values('FE81-72_0602','FE81-20060500','72-15','E70 X5 4.8i   Flag holder','');
insert into Diagram values('FE81-72_0439','FE81-20060500','72-95','E70 X5 4.8i   Fire extinguisher / Holder','');
insert into Diagram values('FE81-72_0461','FE81-20060500','72-95','E70 X5 4.8i   Storage compartment module','');
insert into Diagram values('FE81-72_0591','FE81-20060500','72-95','E70 X5 4.8i   Tow bar','');
insert into Diagram values('FE81-72_0744','FE81-20060500','72-95','E70 X5 4.8i   Emergency bag','');
insert into Diagram values('FE81-36_0695','FE81-20060500','82-14','E70 X5 4.8i   Snow chains','');
insert into Diagram values('FE81-36_1205','FE81-20060500','82-14','E70 X5 4.8i   SNOW CHAIN"BMW Easy Fit"','');
insert into Diagram values('FE81-82_1073','FE81-20060500','82-26','E70 X5 4.8i   Universal coat hanger','');
insert into Diagram values('FE81-82_1261','FE81-20060500','82-26','E70 X5 4.8i   Clean Bag','');
insert into Diagram values('FE81-82_1299','FE81-20060500','82-26','E70 X5 4.8i   Storage pocket, rear passengers','');
insert into Diagram values('FE81-82_1308','FE81-20060500','82-26','E70 X5 4.8i   Shoe case','');
insert into Diagram values('FE81-82_1311','FE81-20060500','82-26','E70 X5 4.8i   Driver utility set','');
insert into Diagram values('FE81-82_1181','FE81-20060500','82-31','E70 X5 4.8i   BMW Junior Seat I-II','');
insert into Diagram values('FE81-82_1186','FE81-20060500','82-31','E70 X5 4.8i   BMW Baby Seat 0+','');
insert into Diagram values('FE81-82_1187','FE81-20060500','82-31','E70 X5 4.8i   BMW Junior Seat I-II Isofix','');
insert into Diagram values('FE81-82_1189','FE81-20060500','82-31','E70 X5 4.8i   BMW Baby Seat 0+ Isofix','');
insert into Diagram values('FE81-82_1237','FE81-20060500','82-31','E70 X5 4.8i   Dog harness','');
insert into Diagram values('FE81-82_1276','FE81-20060500','82-31','E70 X5 4.8i   BMW Junior Seat II-III','');
insert into Diagram values('FE81-82_1305','FE81-20060500','82-31','E70 X5 4.8i   BMW Junior Seat III','');
insert into Diagram values('FE81-82_1198','FE81-20060500','82-44','E70 X5 4.8i   Cover','');
insert into Diagram values('FE81-82_1251','FE81-20060500','82-44','E70 X5 4.8i   Cover hood windshield/side window','');
insert into Diagram values('FE81-82_1272','FE81-20060500','82-44','E70 X5 4.8i   Mud flaps','');
insert into Diagram values('FE81-82_0116','FE81-20060500','82-51','E70 X5 4.8i   Universal support','');
insert into Diagram values('FE81-82_0123','FE81-20060500','82-51','E70 X5 4.8i   RACK FOR RACING BICYCLE','');
insert into Diagram values('FE81-82_0124','FE81-20060500','82-51','E70 X5 4.8i   Luggage basket','');
insert into Diagram values('FE81-82_0125','FE81-20060500','82-51','E70 X5 4.8i   Bicycle lift','');
insert into Diagram values('FE81-82_0245','FE81-20060500','82-51','E70 X5 4.8i   SUPPORT SNOWBOARD','');
insert into Diagram values('FE81-82_0283','FE81-20060500','82-51','E70 X5 4.8i   Surfboard rack','');
insert into Diagram values('FE81-82_0284','FE81-20060500','82-51','E70 X5 4.8i   Standard ski carrier for 6 pairs of skis','');
insert into Diagram values('FE81-82_0364','FE81-20060500','82-51','E70 X5 4.8i   SKI/SNOWBOARD SET','');
insert into Diagram values('FE81-82_0594','FE81-20060500','82-51','E70 X5 4.8i   Komfort ski holder','');
insert into Diagram values('FE81-82_0845','FE81-20060500','82-51','E70 X5 4.8i   Standard ski holder, for 4 pairs of ski','');
insert into Diagram values('FE81-82_1157','FE81-20060500','82-51','E70 X5 4.8i   Bicycle carrier, trailer coupling','');
insert into Diagram values('FE81-82_1175','FE81-20060500','82-51','E70 X5 4.8i   Touring bicycle holder','');
insert into Diagram values('FE81-82_1178','FE81-20060500','82-51','E70 X5 4.8i   Roof box','');
insert into Diagram values('FE81-82_1234','FE81-20060500','82-51','E70 X5 4.8i   Roof box','');
insert into Diagram values('FE81-82_1244','FE81-20060500','82-51','E70 X5 4.8i   Racing bike rack','');
insert into Diagram values('FE81-82_1250','FE81-20060500','82-51','E70 X5 4.8i   Roof box','');
insert into Diagram values('FE81-82_1259','FE81-20060500','82-51','E70 X5 4.8i   Roof rack systems','');
insert into Diagram values('FE81-82_1268','FE81-20060500','82-51','E70 X5 4.8i   Ski/snowboard holder','');
insert into Diagram values('FE81-82_1290','FE81-20060500','82-51','E70 X5 4.8i   Bolt-on rear carrier ECE','');
insert into Diagram values('FE81-82_1295','FE81-20060500','82-51','E70 X5 4.8i   Roof rack systems','');
insert into Diagram values('FE81-82_1460','FE81-20060500','82-51','E70 X5 4.8i   Roof rack systems','');
insert into Diagram values('FE81-82_1476','FE81-20060500','82-51','E70 X5 4.8i   Roof-mounted container 320 LCI','');
insert into Diagram values('FE81-82_0926','FE81-20060500','82-52','E70 X5 4.8i   Adapter (universal lift) for hood','');
insert into Diagram values('FE81-82_0102','FE81-20060500','82-81','E70 X5 4.8i   Universal hoist','');
insert into Diagram values('FE81-83_0579','FE81-20060500','83-01','E70 X5 4.8i   Rugzak','');
insert into Diagram values('FE81-83_0394','FE81-20060500','83-24','E70 X5 4.8i   Stone impact guard foil','');
insert into Diagram values('FE81-83_0397','FE81-20060500','83-24','E70 X5 4.8i   Stone impact guard package','');
insert into Diagram values('FE81-84_0604','FE81-20060500','84-10','E70 X5 4.8i   Indiv. parts, phone handset/mountg Japan','');
insert into Diagram values('FE81-84_0767','FE81-20060500','84-10','E70 X5 4.8i   Starter package, cell phone Nokia 6303c','');
insert into Diagram values('FE81-84_0614','FE81-20060500','84-20','E70 X5 4.8i   Single parts, SA 644 center console','');
insert into Diagram values('FE81-84_0682','FE81-20060500','84-20','E70 X5 4.8i   Single parts, SA 633, center console','');
insert into Diagram values('FE81-84_0719','FE81-20060500','84-20','E70 X5 4.8i   Single parts SA 633, trunk','');
insert into DiagramParts values('FE81-84_0722-84109147519', 'FE81-84_0722', 01, 'ULF module, High', 'BASIS SVS', 1, to_date('20070301','YYYYMMDD'), to_date('20070901','YYYYMMDD'), '84109147519', '', 'ENDED', false);
insert into DiagramParts values('FE81-84_0722-84109163229', 'FE81-84_0722', 01, 'ULF module, High', 'BASIS SVS', 1, to_date('20070301','YYYYMMDD'), to_date('20070901','YYYYMMDD'), '84109163229', '', 'ENDED', false);
insert into DiagramParts values('FE81-84_0722-84109172420', 'FE81-84_0722', 01, 'ULF module, High', 'BASIS SVS', 1, to_date('20070301','YYYYMMDD'), to_date('20071001','YYYYMMDD'), '84109172420', '', 'ENDED', false);
insert into DiagramParts values('FE81-84_0722-84109178898', 'FE81-84_0722', 01, 'ULF module, High', 'BASIS SVS', 1, to_date('20070301','YYYYMMDD'), to_date('20080301','YYYYMMDD'), '84109178898', '', 'ENDED', false);
insert into DiagramParts values('FE81-84_0722-84109187625', 'FE81-84_0722', 01, 'ULF module, High', 'BASIS SVS', 1, to_date('20070301','YYYYMMDD'), to_date('20080901','YYYYMMDD'), '84109187625', '', 'ENDED', false);
insert into DiagramParts values('FE81-84_0722-84109200822', 'FE81-84_0722', 01, 'ULF module, High', 'BASIS SVS', 1, to_date('20070301','YYYYMMDD'), to_date('20090301','YYYYMMDD'), '84109200822', '', 'ENDED', false);
insert into DiagramParts values('FE81-84_0722-84109207360', 'FE81-84_0722', 01, 'ULF module, High', 'BASIS SVS', 1, to_date('20070301','YYYYMMDD'), to_date('20090901','YYYYMMDD'), '84109207360', '', 'ENDED', false);
insert into DiagramParts values('FE81-84_0722-84109224674', 'FE81-84_0722', 01, 'ULF module, High', 'BASIS SVS', 1, to_date('20070301','YYYYMMDD'), to_date('20100301','YYYYMMDD'), '84109224674', '', 'ENDED', false);
insert into DiagramParts values('FE81-84_0722-84109178900', 'FE81-84_0722', 01, 'ULF module, High', 'I-SPEECH NL/IT', 1, to_date('20070901','YYYYMMDD'), to_date('20080301','YYYYMMDD'), '84109178900', '', 'ENDED', false);
insert into DiagramParts values('FE81-84_0722-84109187627', 'FE81-84_0722', 01, 'ULF module, High', 'I-SPEECH NL/IT', 1, to_date('20070901','YYYYMMDD'), to_date('20080901','YYYYMMDD'), '84109187627', '', 'ENDED', false);
insert into DiagramParts values('FE81-84_0722-84109200824', 'FE81-84_0722', 01, 'ULF module, High', 'I-SPEECH NL/IT', 1, to_date('20070901','YYYYMMDD'), to_date('20090301','YYYYMMDD'), '84109200824', '', 'ENDED', false);
insert into DiagramParts values('FE81-84_0722-84109207363', 'FE81-84_0722', 01, 'ULF module, High', 'I-SPEECH NL/IT', 1, to_date('20070901','YYYYMMDD'), to_date('20090901','YYYYMMDD'), '84109207363', '', 'ENDED', false);
insert into DiagramParts values('FE81-84_0722-84109224677', 'FE81-84_0722', 01, 'ULF module, High', 'I-SPEECH NL/IT', 1, to_date('20070901','YYYYMMDD'), to_date('20100301','YYYYMMDD'), '84109224677', '', 'ENDED', false);
insert into DiagramParts values('FE81-84_0722-84109178901', 'FE81-84_0722', 01, 'ULF module, High', 'I-SPEECH FR/ESP', 1, to_date('20070901','YYYYMMDD'), to_date('20080301','YYYYMMDD'), '84109178901', '', 'ENDED', false);
insert into DiagramParts values('FE81-84_0722-84109187628', 'FE81-84_0722', 01, 'ULF module, High', 'I-SPEECH FR/ESP', 1, to_date('20070901','YYYYMMDD'), to_date('20080901','YYYYMMDD'), '84109187628', '', 'ENDED', false);
insert into DiagramParts values('FE81-84_0722-84109200825', 'FE81-84_0722', 01, 'ULF module, High', 'I-SPEECH FR/ESP', 1, to_date('20070901','YYYYMMDD'), to_date('20090301','YYYYMMDD'), '84109200825', '', 'ENDED', false);
insert into DiagramParts values('FE81-84_0722-84109207362', 'FE81-84_0722', 01, 'ULF module, High', 'I-SPEECH FR/ESP', 1, to_date('20070901','YYYYMMDD'), to_date('20090901','YYYYMMDD'), '84109207362', '', 'ENDED', false);
insert into DiagramParts values('FE81-84_0722-84109224676', 'FE81-84_0722', 01, 'ULF module, High', 'I-SPEECH FR/ESP', 1, to_date('20070901','YYYYMMDD'), to_date('20100301','YYYYMMDD'), '84109224676', '', 'ENDED', false);
insert into DiagramParts values('FE81-84_0722-84109178899', 'FE81-84_0722', 01, 'ULF module, High', 'I-SPEECH DE/UK', 1, to_date('20070901','YYYYMMDD'), to_date('20080301','YYYYMMDD'), '84109178899', '', 'ENDED', false);
insert into DiagramParts values('FE81-84_0722-84109187626', 'FE81-84_0722', 01, 'ULF module, High', 'I-SPEECH DE/UK', 1, to_date('20070901','YYYYMMDD'), to_date('20080901','YYYYMMDD'), '84109187626', '', 'ENDED', false);
insert into DiagramParts values('FE81-84_0722-84109200823', 'FE81-84_0722', 01, 'ULF module, High', 'I-SPEECH DE/UK', 1, to_date('20070901','YYYYMMDD'), to_date('20090301','YYYYMMDD'), '84109200823', '', 'ENDED', false);
insert into DiagramParts values('FE81-84_0722-84109207361', 'FE81-84_0722', 01, 'ULF module, High', 'I-SPEECH DE/UK', 1, to_date('20070901','YYYYMMDD'), to_date('20090901','YYYYMMDD'), '84109207361', '', 'ENDED', false);
insert into DiagramParts values('FE81-84_0722-84109224675', 'FE81-84_0722', 01, 'ULF module, High', 'I-SPEECH DE/UK', 1, to_date('20070901','YYYYMMDD'), to_date('20100301','YYYYMMDD'), '84109224675', '', 'ENDED', false);
insert into Diagram values('FE81-84_0722','FE81-20060500','84-20','E70 X5 4.8i   Charging electronics, hands-free','');
insert into Diagram values('FE81-84_0740','FE81-20060500','84-20','E70 X5 4.8i   Single parts, SA 644, trunk','');
insert into Diagram values('FE81-84_0759','FE81-20060500','84-20','E70 X5 4.8i   Single parts, option 6NF center console','');
insert into Diagram values('FE81-84_0811','FE81-20060500','84-20','E70 X5 4.8i   USB hub','');
insert into Diagram values('FE81-84_0657','FE81-20060500','84-30','E70 X5 4.8i   Single parts f hands-free facility','');
insert into Diagram values('FE81-84_0763','FE81-20060500','84-30','E70 X5 4.8i   Snap-in adapter, SAP','');
insert into Diagram values('FE81-84_0639','FE81-20060500','84-95','E70 X5 4.8i   Bluetooth SA644 hands-free retrofit kit','');
insert into Diagram values('FE81-84_0730','FE81-20060500','84-95','E70 X5 4.8i   Stolen Vehicle Tracking - TPA','');
insert into Diagram values('FE81-84_0732','FE81-20060500','84-95','E70 X5 4.8i   Upgrade kit hands-free Bluetooth OPT644','');
insert into Diagram values('FE81-84_0778','FE81-20060500','84-95','E70 X5 4.8i   BMW Bluetooth headset','');
insert into Diagram values('FE81-84_0867','FE81-20060500','84-95','E70 X5 4.8i   BMW Car Hotspot','');
insert into Diagram values('FE81-84_0897','FE81-20060500','84-95','E70 X5 4.8i   Snap-in adapter for Apple devices','');
insert into Diagram values('FE81-84_0904','FE81-20060500','84-95','E70 X5 4.8i   Retrofit kit, voice input','');
insert into Diagram values('FE81-84_0906','FE81-20060500','84-95','E70 X5 4.8i   Snap-in adapter, SONY ERICSSON devices','');
insert into Diagram values('FE81-84_0907','FE81-20060500','84-95','E70 X5 4.8i   Snap-in adapter for NOKIA devices','');
insert into Diagram values('FE81-84_0908','FE81-20060500','84-95','E70 X5 4.8i   Snap-in adapter for SIEMENS devices','');
insert into Diagram values('FE81-84_0909','FE81-20060500','84-95','E70 X5 4.8i   Snap-in adapter for MOTOROLA devices','');
insert into Diagram values('FE81-84_0910','FE81-20060500','84-95','E70 X5 4.8i   Snap-in adapter, BlackBerry/RIM devices','');
insert into Diagram values('FE81-84_0930','FE81-20060500','84-95','E70 X5 4.8i   Smartphone cradle','');
insert into Diagram values('FE81-84_0931','FE81-20060500','84-95','E70 X5 4.8i   BMW Car Hotspot LTE','');
insert into Diagram values('FE81-84_0933','FE81-20060500','84-95','E70 X5 4.8i   Snap-in adapter for SAMSUNG devices','');
insert into Diagram values('FE81-85_0005','FE81-20060500','85-45','E70 X5 4.8i   Winter tires','');
insert into Diagram values('FE81-85_0026','FE81-20060500','85-45','E70 X5 4.8i   All-season tire','');
insert into Diagram values('FE81-85_0032','FE81-20060500','85-45','E70 X5 4.8i   Summer tires','');
insert into Diagram values('FE81-88_0052','FE81-20060500','88-80','E70 X5 4.8i   Emergency bag','');
insert into Diagram values('FE81-88_0064','FE81-20060500','88-80','E70 X5 4.8i   Fluid-change kit, autom. transmission','');
insert into DiagramParts values('FE81-91_0992-32307843371', 'FE81-91_0992', 01, 'Sports st.-wheel,leather/wd.ring,multif.', 'ROTBRAUN', 1, to_date('20081001','YYYYMMDD'), to_date('20091001','YYYYMMDD'), '32307843371', '', 'ENDED, See NoS No Stock', false);
insert into DiagramParts values('FE81-91_0992-32307843372', 'FE81-91_0992', 01, 'Sports st.-wheel,leather/wd.ring,multif.', 'NUBAUM AMARONE', 1, to_date('20081001','YYYYMMDD'), to_date('20091001','YYYYMMDD'), '32307843372', '', 'ENDED, See NoS No Stock', false);
insert into DiagramParts values('FE81-91_0992-32307966710', 'FE81-91_0992', 01, 'Sports st.-wheel,leather/wd.ring,multif.', 'PIANOLACK SW', 1, to_date('20081001','YYYYMMDD'), to_date('20091001','YYYYMMDD'), '32307966710', '', 'ENDED, See NoS No Stock', false);
insert into DiagramParts values('FE81-91_0992-32307966711', 'FE81-91_0992', 01, 'Sports st.-wheel,leather/wd.ring,multif.', 'ROTBRAUN', 1, to_date('20081001','YYYYMMDD'), to_date('20091001','YYYYMMDD'), '32307966711', '', 'ENDED, See NoS No Stock', false);
insert into DiagramParts values('FE81-91_0992-32307966712', 'FE81-91_0992', 01, 'Sports st.-wheel,leather/wd.ring,multif.', 'NUBAUM AMARONE', 1, to_date('20081001','YYYYMMDD'), to_date('20091001','YYYYMMDD'), '32307966712', '', 'ENDED, See NoS No Stock', false);
insert into Diagram values('FE81-91_0992','FE81-20060500','91-17','E70 X5 4.8i   Ind.sports st.-wheel,leather w/wdn. ring','');
insert into DiagramParts values('FE81-91_1028-32307843374', 'FE81-91_1028', 01, 'Sport st whl leather/leather inlay, MF', 'SW/CHAMPAGNER', 1, to_date('20081001','YYYYMMDD'), to_date('20091001','YYYYMMDD'), '32307843374', '', 'ENDED, See NoS No Stock', false);
insert into DiagramParts values('FE81-91_1028-32307843375', 'FE81-91_1028', 01, 'Sport st whl leather/leather inlay, MF', 'SW/CRIOLLOBRAUN', 1, to_date('20081001','YYYYMMDD'), to_date('20091001','YYYYMMDD'), '32307843375', '', 'ENDED, See NoS No Stock', false);
insert into DiagramParts values('FE81-91_1028-32307843376', 'FE81-91_1028', 01, 'Sport st whl leather/leather inlay, MF', 'SW/SYRAHBLAU', 1, to_date('20081001','YYYYMMDD'), to_date('20091001','YYYYMMDD'), '32307843376', '', 'ENDED, See NoS No Stock', false);
insert into DiagramParts values('FE81-91_1028-32307843377', 'FE81-91_1028', 01, 'Sport st whl leather/leather inlay, MF', 'SW/SCHIEFER', 1, to_date('20081001','YYYYMMDD'), to_date('20091001','YYYYMMDD'), '32307843377', '', 'ENDED, See NoS No Stock', false);
insert into DiagramParts values('FE81-91_1028-32307966714', 'FE81-91_1028', 01, 'Sport st whl leather/leather inlay, MF', 'SW/PLATIN', 1, to_date('20081001','YYYYMMDD'), to_date('20091001','YYYYMMDD'), '32307966714', '', 'ENDED, See NoS No Stock', false);
insert into DiagramParts values('FE81-91_1028-32307966715', 'FE81-91_1028', 01, 'Sport st whl leather/leather inlay, MF', 'SW/CHAMPAGNER', 1, to_date('20081001','YYYYMMDD'), to_date('20091001','YYYYMMDD'), '32307966715', '', 'ENDED, See NoS No Stock', false);
insert into DiagramParts values('FE81-91_1028-32307966716', 'FE81-91_1028', 01, 'Sport st whl leather/leather inlay, MF', 'SW/CRIOLLOBRAUN', 1, to_date('20081001','YYYYMMDD'), to_date('20091001','YYYYMMDD'), '32307966716', '', 'ENDED, See NoS No Stock', false);
insert into DiagramParts values('FE81-91_1028-32307966717', 'FE81-91_1028', 01, 'Sport st whl leather/leather inlay, MF', 'SW/SYRAHBLAU', 1, to_date('20081001','YYYYMMDD'), to_date('20091001','YYYYMMDD'), '32307966717', '', 'ENDED, See NoS No Stock', false);
insert into DiagramParts values('FE81-91_1028-32307966718', 'FE81-91_1028', 01, 'Sport st whl leather/leather inlay, MF', 'SW/SCHIEFER', 1, to_date('20081001','YYYYMMDD'), to_date('20091001','YYYYMMDD'), '32307966718', '', 'ENDED, See NoS No Stock', false);
insert into Diagram values('FE81-91_1028','FE81-20060500','91-17','E70 X5 4.8i   Indi. Sport STWH, leather w. leather rim','');
insert into Diagram values('FE81-91_1052','FE81-20060500','91-30','E70 X5 4.8i   Individual instrument panel, leather','');
insert into Diagram values('FE81-91_1054','FE81-20060500','91-30','E70 X5 4.8i   Indi. cover, glovebox, top, leather','');
insert into Diagram values('FE81-91_1056','FE81-20060500','91-35','E70 X5 4.8i   Individ. mounting parts, center console','');
insert into Diagram values('FE81-91_1057','FE81-20060500','91-35','E70 X5 4.8i   Individual armrest, center console','');
insert into DiagramParts values('FE81-91_0991-51457968025', 'FE81-91_0991', 03, 'COVER GLOVE BOX LOWER', 'NUBAUM AMARONE', 1, to_date('20081001','YYYYMMDD'), to_date('20090901','YYYYMMDD'), '51457968025', '', 'ENDED, See NoS No Stock', false);
insert into Diagram values('FE81-91_0991','FE81-20060500','91-40','E70 X5 4.8i   Individual wood trim covers','');
insert into Diagram values('FE81-91_1236','FE81-20060500','91-40','E70 X5 4.8i   Individual leather covers','');
insert into Diagram values('FE81-91_1045','FE81-20060500','91-45','E70 X5 4.8i   Indiv.front door trim panel,part.leather','');
insert into Diagram values('FE81-91_1046','FE81-20060500','91-45','E70 X5 4.8i   Indi. door trim, all-leather, front','');
insert into Diagram values('FE81-91_1048','FE81-20060500','91-45','E70 X5 4.8i   Indiv. rear door trim panel,part.leather','');
insert into Diagram values('FE81-91_1049','FE81-20060500','91-45','E70 X5 4.8i   Indi. door trim, all-leather, rear','');
insert into Diagram values('FE81-91_1050','FE81-20060500','91-45','E70 X5 4.8i   Individual handle, leather, door front','');
insert into Diagram values('FE81-91_1051','FE81-20060500','91-45','E70 X5 4.8i   Individual handle, leather, door rear','');
insert into DiagramParts values('FE81-91_0973-52107966739', 'FE81-91_0973', 01, 'Seat cover, comfort seat, leather', 'INDIVIDUAL', 2, to_date('20081001','YYYYMMDD'), to_date('20100401','YYYYMMDD'), '52107966739', '', 'See NoS No Stock', false);
insert into DiagramParts values('FE81-91_0973-52107966741', 'FE81-91_0973', 02, 'Cover, backrest, Comfort, leather, left', 'INDIVIDUAL', 1, to_date('20081001','YYYYMMDD'), to_date('20100401','YYYYMMDD'), '52107966741', '', 'See NoS No Stock', false);
insert into DiagramParts values('FE81-91_0973-52107966742', 'FE81-91_0973', 02, 'Cover, backrest, Comfort, leather, right', 'INDIVIDUAL', 1, to_date('20081001','YYYYMMDD'), to_date('20100401','YYYYMMDD'), '52107966742', '', 'See NoS No Stock', false);
insert into DiagramParts values('FE81-91_0973-52107966740', 'FE81-91_0973', 03, 'COVER CLOTH THIGH SUPPORT', 'INDIVIDUAL', 2, to_date('20081001','YYYYMMDD'), to_date('20100401','YYYYMMDD'), '52107966740', '', 'See NoS No Stock', false);
insert into Diagram values('FE81-91_0973','FE81-20060500','91-60','E70 X5 4.8i   Individual cover, leather comfort seat','');
insert into Diagram values('FE81-91_1011','FE81-20060500','91-60','E70 X5 4.8i   Indiv.cover, basic seat, front','');
insert into Diagram values('FE81-91_1012','FE81-20060500','91-60','E70 X5 4.8i   Individual sports seat cover, front','');
insert into DiagramParts values('FE81-91_1013-52107966745', 'FE81-91_1013', 02, 'Cover, backrest, Comfort, leather, left', 'INDIVIDUAL', 1, to_date('20081001','YYYYMMDD'), to_date('20100401','YYYYMMDD'), '52107966745', '', 'See NoS No Stock', false);
insert into DiagramParts values('FE81-91_1013-52107966746', 'FE81-91_1013', 02, 'Cover, backrest, Comfort, leather, right', 'INDIVIDUAL', 1, to_date('20081001','YYYYMMDD'), to_date('20100401','YYYYMMDD'), '52107966746', '', 'See NoS No Stock', false);
insert into DiagramParts values('FE81-91_1013-52107966740', 'FE81-91_1013', 03, 'COVER CLOTH THIGH SUPPORT', 'INDIVIDUAL', 2, to_date('20090201','YYYYMMDD'), to_date('20100401','YYYYMMDD'), '52107966740', '', 'See NoS No Stock', false);
insert into DiagramParts values('FE81-91_1013-52107966744', 'FE81-91_1013', 04, 'COVER CLOTH THIGH SUPPORT', 'INDIVIDUAL', 2, to_date('20081001','YYYYMMDD'), to_date('20090201','YYYYMMDD'), '52107966744', '', 'See NoS No Stock', false);
insert into Diagram values('FE81-91_1013','FE81-20060500','91-60','E70 X5 4.8i   Individual cover,Klima-Leather comf.seat','');
insert into Diagram values('FE81-91_1015','FE81-20060500','91-60','E70 X5 4.8i   Individ. rear panel Basic /Sports seat','');
insert into Diagram values('FE81-91_1016','FE81-20060500','91-60','E70 X5 4.8i   Individ. rear panel,leather comfort seat','');
insert into Diagram values('FE81-91_1032','FE81-20060500','91-65','E70 X5 4.8i   Individual cover, leather, seat rear','');
insert into DiagramParts values('FE81-91_1033-52207966761', 'FE81-91_1033', 01, 'Leather seat cover, rear', 'INDI.KLIMALEDER', 1, to_date('20081001','YYYYMMDD'), to_date('20100401','YYYYMMDD'), '52207966761', '', 'See NoS No Stock', false);
insert into DiagramParts values('FE81-91_1033-52207977741', 'FE81-91_1033', 02, 'Cover backrest, leather, rear left', 'INDI.KLIMALEDER', 1, to_date('20081001','YYYYMMDD'), to_date('20100401','YYYYMMDD'), '52207977741', '', 'See NoS No Stock', false);
insert into DiagramParts values('FE81-91_1033-52207977740', 'FE81-91_1033', 03, 'Cover backrest, leather, rear right', 'INDI.KLIMALEDER', 1, to_date('20081001','YYYYMMDD'), to_date('20100401','YYYYMMDD'), '52207977740', '', 'See NoS No Stock', false);
insert into Diagram values('FE81-91_1033','FE81-20060500','91-65','E70 X5 4.8i   Indi. cover, seat, rear, perforated lthr','');
insert into Diagram values('FE81-91_1041','FE81-20060500','91-70','E70 X5 4.8i   Indi. head restraint CAK base seat front','');
insert into Diagram values('FE81-91_1042','FE81-20060500','91-70','E70 X5 4.8i   Indi. hd. restraint CAK Sport seat front','');
insert into DiagramParts values('FE81-91_1043-52107972543', 'FE81-91_1043', 01, 'Headrest leather', 'INDIVIDUAL', 2, to_date('20081001','YYYYMMDD'), to_date('20100101','YYYYMMDD'), '52107972543', '', 'See NoS No Stock', false);
insert into Diagram values('FE81-91_1043','FE81-20060500','91-70','E70 X5 4.8i   Indi. hd. rest CAK Comfort seat, front','');
insert into Diagram values('FE81-91_1044','FE81-20060500','91-75','E70 X5 4.8i   Individual headrest, leather, rear','');
insert into Diagram values('FE81-91_1039','FE81-20060500','91-80','E70 X5 4.8i   Individual armrest, rear','');
insert into ProdCode values('FE82','X5 4.8i','SAV','E70','ECE','N62N','R','05/2006 E70 X5 4.8i SUV N62N Europe Right hand drive Automatic');
insert into ProdCodeDate values('FE82-20060500','FE82',to_date('20060501','YYYYMMDD'));
insert into Diagram values('FE82-01_0206','FE82-20060500','01-05','E70 X5 4.8i   BMW care tips','');
insert into DiagramParts values('FE82-01_0708-01400012564', 'FE82-01_0708', 01, 'Owner&apos;s manual for E70', 'DE, MJ 2007', 1, to_date('20061201','YYYYMMDD'), to_date('20070401','YYYYMMDD'), '01400012564', '', '', false);
insert into DiagramParts values('FE82-01_0708-01400013208', 'FE82-01_0708', 01, 'Owner&apos;s manual for E70', 'DE, MJ 2007', 1, to_date('20070401','YYYYMMDD'), to_date('20071001','YYYYMMDD'), '01400013208', '', '', false);
insert into DiagramParts values('FE82-01_0708-01400014086', 'FE82-01_0708', 01, 'Owner&apos;s manual for E70', 'DE, MJ 2008', 1, to_date('20071001','YYYYMMDD'), to_date('20080401','YYYYMMDD'), '01400014086', '', '', false);
insert into DiagramParts values('FE82-01_0708-01402600565', 'FE82-01_0708', 01, 'Owner&apos;s manual for E70', 'DE, MJ 2008', 1, to_date('20080401','YYYYMMDD'), to_date('20080901','YYYYMMDD'), '01402600565', '$70.12', '', false);
insert into DiagramParts values('FE82-01_0708-01402600777', 'FE82-01_0708', 01, 'Owner&apos;s manual for E70', 'DE, MJ 2009', 1, to_date('20081001','YYYYMMDD'), to_date('20090401','YYYYMMDD'), '01402600777', '', '', false);
insert into DiagramParts values('FE82-01_0708-01402601672', 'FE82-01_0708', 01, 'Owner&apos;s manual for E70', 'DE, MJ 2009', 1, to_date('20090401','YYYYMMDD'), to_date('20091001','YYYYMMDD'), '01402601672', '', '', false);
insert into DiagramParts values('FE82-01_0708-01402602739', 'FE82-01_0708', 01, 'Owner&apos;s manual for E70', 'DE, MJ 2010', 1, to_date('20091001','YYYYMMDD'), to_date('20100401','YYYYMMDD'), '01402602739', '', '', false);
insert into DiagramParts values('FE82-01_0708-01402901849', 'FE82-01_0708', 01, 'Owner&apos;s manual for E70', 'DE', 1, to_date('20120401','YYYYMMDD'), to_date('20120801','YYYYMMDD'), '01402901849', '', '', false);
insert into DiagramParts values('FE82-01_0708-01402916605', 'FE82-01_0708', 01, 'Owner&apos;s manual for E70', 'DE', 1, to_date('20120801','YYYYMMDD'), to_date('20130401','YYYYMMDD'), '01402916605', '', '', false);
insert into DiagramParts values('FE82-01_0708-01410012565', 'FE82-01_0708', 02, 'Owner&apos;s manual for E70', 'EN, MJ 2007', 1, to_date('20061201','YYYYMMDD'), to_date('20070401','YYYYMMDD'), '01410012565', '', '', false);
insert into DiagramParts values('FE82-01_0708-01410013209', 'FE82-01_0708', 02, 'Owner&apos;s manual for E70', 'EN, MJ 2007', 1, to_date('20070401','YYYYMMDD'), to_date('20071001','YYYYMMDD'), '01410013209', '', '', false);
insert into DiagramParts values('FE82-01_0708-01410014087', 'FE82-01_0708', 02, 'Owner&apos;s manual for E70', 'EN, MJ 2008', 1, to_date('20071001','YYYYMMDD'), to_date('20080401','YYYYMMDD'), '01410014087', '', '', false);
insert into DiagramParts values('FE82-01_0708-01412600566', 'FE82-01_0708', 02, 'Owner&apos;s manual for E70', 'EN, MJ 2008', 1, to_date('20080401','YYYYMMDD'), to_date('20080901','YYYYMMDD'), '01412600566', '', '', false);
insert into DiagramParts values('FE82-01_0708-01412600778', 'FE82-01_0708', 02, 'Owner&apos;s manual for E70', 'EN, MJ 2009', 1, to_date('20081001','YYYYMMDD'), to_date('20090401','YYYYMMDD'), '01412600778', '', '', false);
insert into DiagramParts values('FE82-01_0708-01412601673', 'FE82-01_0708', 02, 'Owner&apos;s manual for E70', 'EN, MJ 2009', 1, to_date('20090401','YYYYMMDD'), to_date('20091001','YYYYMMDD'), '01412601673', '', '', false);
insert into DiagramParts values('FE82-01_0708-01412602740', 'FE82-01_0708', 02, 'Owner&apos;s manual for E70', 'EN, MJ 2010', 1, to_date('20091001','YYYYMMDD'), to_date('20100401','YYYYMMDD'), '01412602740', '', '', false);
insert into DiagramParts values('FE82-01_0708-01402901850', 'FE82-01_0708', 02, 'Owner&apos;s manual for E70', 'EN', 1, to_date('20120401','YYYYMMDD'), to_date('20120801','YYYYMMDD'), '01402901850', '', '', false);
insert into DiagramParts values('FE82-01_0708-01402916606', 'FE82-01_0708', 02, 'Owner&apos;s manual for E70', 'EN', 1, to_date('20120801','YYYYMMDD'), to_date('20130401','YYYYMMDD'), '01402916606', '', '', false);
insert into DiagramParts values('FE82-01_0708-01420012566', 'FE82-01_0708', 03, 'Owner&apos;s manual for E70', 'FR, MJ 2007', 1, to_date('20061201','YYYYMMDD'), to_date('20070401','YYYYMMDD'), '01420012566', '', '', false);
insert into DiagramParts values('FE82-01_0708-01420013210', 'FE82-01_0708', 03, 'Owner&apos;s manual for E70', 'FR, MJ 2007', 1, to_date('20070401','YYYYMMDD'), to_date('20071001','YYYYMMDD'), '01420013210', '', '', false);
insert into DiagramParts values('FE82-01_0708-01420014088', 'FE82-01_0708', 03, 'Owner&apos;s manual for E70', 'FR, MJ 2008', 1, to_date('20071001','YYYYMMDD'), to_date('20080401','YYYYMMDD'), '01420014088', '', '', false);
insert into DiagramParts values('FE82-01_0708-01422600567', 'FE82-01_0708', 03, 'Owner&apos;s manual for E70', 'FR, MJ 2008', 1, to_date('20080401','YYYYMMDD'), to_date('20080901','YYYYMMDD'), '01422600567', '', '', false);
insert into DiagramParts values('FE82-01_0708-01422600779', 'FE82-01_0708', 03, 'Owner&apos;s manual for E70', 'FR, MJ 2009', 1, to_date('20081001','YYYYMMDD'), to_date('20090401','YYYYMMDD'), '01422600779', '', '', false);
insert into DiagramParts values('FE82-01_0708-01422601674', 'FE82-01_0708', 03, 'Owner&apos;s manual for E70', 'FR, MJ 2009', 1, to_date('20090401','YYYYMMDD'), to_date('20091001','YYYYMMDD'), '01422601674', '', '', false);
insert into DiagramParts values('FE82-01_0708-01422602741', 'FE82-01_0708', 03, 'Owner&apos;s manual for E70', 'FR, MJ 2010', 1, to_date('20091001','YYYYMMDD'), to_date('20100401','YYYYMMDD'), '01422602741', '', '', false);
insert into DiagramParts values('FE82-01_0708-01402901851', 'FE82-01_0708', 03, 'Owner&apos;s manual for E70', 'FR', 1, to_date('20120401','YYYYMMDD'), to_date('20120801','YYYYMMDD'), '01402901851', '', '', false);
insert into DiagramParts values('FE82-01_0708-01402916607', 'FE82-01_0708', 03, 'Owner&apos;s manual for E70', 'FR', 1, to_date('20120801','YYYYMMDD'), to_date('20130401','YYYYMMDD'), '01402916607', '', '', false);
insert into DiagramParts values('FE82-01_0708-01430012567', 'FE82-01_0708', 04, 'Owner&apos;s manual for E70', 'ES, MJ 2007', 1, to_date('20061201','YYYYMMDD'), to_date('20070401','YYYYMMDD'), '01430012567', '', '', false);
insert into DiagramParts values('FE82-01_0708-01430013211', 'FE82-01_0708', 04, 'Owner&apos;s manual for E70', 'ES, MJ 2007', 1, to_date('20070401','YYYYMMDD'), to_date('20071001','YYYYMMDD'), '01430013211', '', '', false);
insert into DiagramParts values('FE82-01_0708-01430014089', 'FE82-01_0708', 04, 'Owner&apos;s manual for E70', 'ES, MJ 2008', 1, to_date('20071001','YYYYMMDD'), to_date('20080401','YYYYMMDD'), '01430014089', '$70.12', '', false);
insert into DiagramParts values('FE82-01_0708-01432600568', 'FE82-01_0708', 04, 'Owner&apos;s manual for E70', 'ES, MJ 2008', 1, to_date('20080401','YYYYMMDD'), to_date('20080901','YYYYMMDD'), '01432600568', '', '', false);
insert into DiagramParts values('FE82-01_0708-01432600780', 'FE82-01_0708', 04, 'Owner&apos;s manual for E70', 'ES, MJ 2009', 1, to_date('20081001','YYYYMMDD'), to_date('20090401','YYYYMMDD'), '01432600780', '', '', false);
insert into DiagramParts values('FE82-01_0708-01432601675', 'FE82-01_0708', 04, 'Owner&apos;s manual for E70', 'ES, MJ 2009', 1, to_date('20090401','YYYYMMDD'), to_date('20091001','YYYYMMDD'), '01432601675', '', '', false);
insert into DiagramParts values('FE82-01_0708-01432602742', 'FE82-01_0708', 04, 'Owner&apos;s manual for E70', 'ES, MJ 2010', 1, to_date('20091001','YYYYMMDD'), to_date('20100401','YYYYMMDD'), '01432602742', '', '', false);
insert into DiagramParts values('FE82-01_0708-01402901852', 'FE82-01_0708', 04, 'Owner&apos;s manual for E70', 'ES', 1, to_date('20120401','YYYYMMDD'), to_date('20120801','YYYYMMDD'), '01402901852', '', '', false);
insert into DiagramParts values('FE82-01_0708-01402916608', 'FE82-01_0708', 04, 'Owner&apos;s manual for E70', 'ES', 1, to_date('20120801','YYYYMMDD'), to_date('20130401','YYYYMMDD'), '01402916608', '', '', false);
insert into DiagramParts values('FE82-01_0708-01440012568', 'FE82-01_0708', 05, 'Owner&apos;s manual for E70', 'IT, MJ 2007', 1, to_date('20061201','YYYYMMDD'), to_date('20070401','YYYYMMDD'), '01440012568', '', '', false);
insert into DiagramParts values('FE82-01_0708-01440013212', 'FE82-01_0708', 05, 'Owner&apos;s manual for E70', 'IT, MJ 2007', 1, to_date('20070401','YYYYMMDD'), to_date('20071001','YYYYMMDD'), '01440013212', '', '', false);
insert into DiagramParts values('FE82-01_0708-01440014090', 'FE82-01_0708', 05, 'Owner&apos;s manual for E70', 'IT, MJ 2008', 1, to_date('20071001','YYYYMMDD'), to_date('20080401','YYYYMMDD'), '01440014090', '', '', false);
insert into DiagramParts values('FE82-01_0708-01442600569', 'FE82-01_0708', 05, 'Owner&apos;s manual for E70', 'IT, MJ 2008', 1, to_date('20080401','YYYYMMDD'), to_date('20080901','YYYYMMDD'), '01442600569', '', '', false);
insert into DiagramParts values('FE82-01_0708-01442600781', 'FE82-01_0708', 05, 'Owner&apos;s manual for E70', 'IT, MJ 2009', 1, to_date('20081001','YYYYMMDD'), to_date('20090401','YYYYMMDD'), '01442600781', '', '', false);
insert into DiagramParts values('FE82-01_0708-01442601676', 'FE82-01_0708', 05, 'Owner&apos;s manual for E70', 'IT, MJ 2009', 1, to_date('20090401','YYYYMMDD'), to_date('20091001','YYYYMMDD'), '01442601676', '', '', false);
insert into DiagramParts values('FE82-01_0708-01442602743', 'FE82-01_0708', 05, 'Owner&apos;s manual for E70', 'IT, MJ 2010', 1, to_date('20091001','YYYYMMDD'), to_date('20100401','YYYYMMDD'), '01442602743', '', '', false);
insert into DiagramParts values('FE82-01_0708-01402901853', 'FE82-01_0708', 05, 'Owner&apos;s manual for E70', 'IT', 1, to_date('20120401','YYYYMMDD'), to_date('20120801','YYYYMMDD'), '01402901853', '', '', false);
insert into DiagramParts values('FE82-01_0708-01402916609', 'FE82-01_0708', 05, 'Owner&apos;s manual for E70', 'IT', 1, to_date('20120801','YYYYMMDD'), to_date('20130401','YYYYMMDD'), '01402916609', '', '', false);
insert into DiagramParts values('FE82-01_0708-01450012569', 'FE82-01_0708', 06, 'Owner&apos;s manual for E70', 'SV, MJ 2007', 1, to_date('20061201','YYYYMMDD'), to_date('20070401','YYYYMMDD'), '01450012569', '', '', false);
insert into DiagramParts values('FE82-01_0708-01450013213', 'FE82-01_0708', 06, 'Owner&apos;s manual for E70', 'SV, MJ 2007', 1, to_date('20070401','YYYYMMDD'), to_date('20071001','YYYYMMDD'), '01450013213', '', '', false);
insert into DiagramParts values('FE82-01_0708-01450014091', 'FE82-01_0708', 06, 'Owner&apos;s manual for E70', 'SV, MJ 2008', 1, to_date('20071001','YYYYMMDD'), to_date('20080401','YYYYMMDD'), '01450014091', '', '', false);
insert into DiagramParts values('FE82-01_0708-01452600570', 'FE82-01_0708', 06, 'Owner&apos;s manual for E70', 'SV, MJ 2008', 1, to_date('20080401','YYYYMMDD'), to_date('20080901','YYYYMMDD'), '01452600570', '', '', false);
insert into DiagramParts values('FE82-01_0708-01452600782', 'FE82-01_0708', 06, 'Owner&apos;s manual for E70', 'SV, MJ 2009', 1, to_date('20081001','YYYYMMDD'), to_date('20090401','YYYYMMDD'), '01452600782', '', '', false);
insert into DiagramParts values('FE82-01_0708-01452601677', 'FE82-01_0708', 06, 'Owner&apos;s manual for E70', 'SV, MJ 2009', 1, to_date('20090401','YYYYMMDD'), to_date('20091001','YYYYMMDD'), '01452601677', '', '', false);
insert into DiagramParts values('FE82-01_0708-01452602744', 'FE82-01_0708', 06, 'Owner&apos;s manual for E70', 'SV, MJ 2010', 1, to_date('20091001','YYYYMMDD'), to_date('20100401','YYYYMMDD'), '01452602744', '', '', false);
insert into DiagramParts values('FE82-01_0708-01402901854', 'FE82-01_0708', 06, 'Owner&apos;s manual for E70', 'SV', 1, to_date('20120401','YYYYMMDD'), to_date('20120801','YYYYMMDD'), '01402901854', '', '', false);
insert into DiagramParts values('FE82-01_0708-01402916610', 'FE82-01_0708', 06, 'Owner&apos;s manual for E70', 'SV', 1, to_date('20120801','YYYYMMDD'), to_date('20130401','YYYYMMDD'), '01402916610', '', '', false);
insert into DiagramParts values('FE82-01_0708-01460012570', 'FE82-01_0708', 07, 'Owner&apos;s manual for E70', 'NL, MJ 2007', 1, to_date('20061201','YYYYMMDD'), to_date('20070401','YYYYMMDD'), '01460012570', '', '', false);
insert into DiagramParts values('FE82-01_0708-01460013214', 'FE82-01_0708', 07, 'Owner&apos;s manual for E70', 'NL, MJ 2007', 1, to_date('20070401','YYYYMMDD'), to_date('20071001','YYYYMMDD'), '01460013214', '', '', false);
insert into DiagramParts values('FE82-01_0708-01460014092', 'FE82-01_0708', 07, 'Owner&apos;s manual for E70', 'NL, MJ 2008', 1, to_date('20071001','YYYYMMDD'), to_date('20080401','YYYYMMDD'), '01460014092', '', '', false);
insert into DiagramParts values('FE82-01_0708-01462600571', 'FE82-01_0708', 07, 'Owner&apos;s manual for E70', 'NL, MJ 2008', 1, to_date('20080401','YYYYMMDD'), to_date('20080901','YYYYMMDD'), '01462600571', '', '', false);
insert into DiagramParts values('FE82-01_0708-01462600783', 'FE82-01_0708', 07, 'Owner&apos;s manual for E70', 'NL, MJ 2009', 1, to_date('20081001','YYYYMMDD'), to_date('20090401','YYYYMMDD'), '01462600783', '', '', false);
insert into DiagramParts values('FE82-01_0708-01462601678', 'FE82-01_0708', 07, 'Owner&apos;s manual for E70', 'NL, MJ 2009', 1, to_date('20090401','YYYYMMDD'), to_date('20091001','YYYYMMDD'), '01462601678', '', '', false);
insert into DiagramParts values('FE82-01_0708-01462602745', 'FE82-01_0708', 07, 'Owner&apos;s manual for E70', 'NL, MJ 2010', 1, to_date('20091001','YYYYMMDD'), to_date('20100401','YYYYMMDD'), '01462602745', '', '', false);
insert into DiagramParts values('FE82-01_0708-01402901855', 'FE82-01_0708', 07, 'Owner&apos;s manual for E70', 'NL', 1, to_date('20120401','YYYYMMDD'), to_date('20120801','YYYYMMDD'), '01402901855', '', '', false);
insert into DiagramParts values('FE82-01_0708-01402916611', 'FE82-01_0708', 07, 'Owner&apos;s manual for E70', 'NL', 1, to_date('20120801','YYYYMMDD'), to_date('20130401','YYYYMMDD'), '01402916611', '', '', false);
insert into DiagramParts values('FE82-01_0708-01470012571', 'FE82-01_0708', 08, 'Owner&apos;s manual for E70', 'AR, MJ 2007', 1, to_date('20061201','YYYYMMDD'), to_date('20070401','YYYYMMDD'), '01470012571', '', '', false);
insert into DiagramParts values('FE82-01_0708-01470013215', 'FE82-01_0708', 08, 'Owner&apos;s manual for E70', 'AR, MJ 2007', 1, to_date('20070401','YYYYMMDD'), to_date('20071001','YYYYMMDD'), '01470013215', '', '', false);
insert into DiagramParts values('FE82-01_0708-01470014093', 'FE82-01_0708', 08, 'Owner&apos;s manual for E70', 'AR, MJ 2008', 1, to_date('20071001','YYYYMMDD'), to_date('20080401','YYYYMMDD'), '01470014093', '$156.68', '', false);
insert into DiagramParts values('FE82-01_0708-01472600572', 'FE82-01_0708', 08, 'Owner&apos;s manual for E70', 'AR, MJ 2008', 1, to_date('20080401','YYYYMMDD'), to_date('20080901','YYYYMMDD'), '01472600572', '', '', false);
insert into DiagramParts values('FE82-01_0708-01472600784', 'FE82-01_0708', 08, 'Owner&apos;s manual for E70', 'AR, MJ 2009', 1, to_date('20081001','YYYYMMDD'), to_date('20090401','YYYYMMDD'), '01472600784', '', '', false);
insert into DiagramParts values('FE82-01_0708-01472601679', 'FE82-01_0708', 08, 'Owner&apos;s manual for E70', 'AR, MJ 2009', 1, to_date('20090401','YYYYMMDD'), to_date('20091001','YYYYMMDD'), '01472601679', '', '', false);
insert into DiagramParts values('FE82-01_0708-01472602746', 'FE82-01_0708', 08, 'Owner&apos;s manual for E70', 'AR, MJ 2010', 1, to_date('20091001','YYYYMMDD'), to_date('20100401','YYYYMMDD'), '01472602746', '', '', false);
insert into DiagramParts values('FE82-01_0708-01402901856', 'FE82-01_0708', 08, 'Owner&apos;s manual for E70', 'AR', 1, to_date('20120401','YYYYMMDD'), to_date('20120801','YYYYMMDD'), '01402901856', '', '', false);
insert into DiagramParts values('FE82-01_0708-01402916612', 'FE82-01_0708', 08, 'Owner&apos;s manual for E70', 'AR', 1, to_date('20120801','YYYYMMDD'), to_date('20130401','YYYYMMDD'), '01402916612', '', '', false);
insert into DiagramParts values('FE82-01_0708-01480012572', 'FE82-01_0708', 09, 'Owner&apos;s manual for E70', 'DA, MJ 2007', 1, to_date('20061201','YYYYMMDD'), to_date('20070401','YYYYMMDD'), '01480012572', '', '', false);
insert into DiagramParts values('FE82-01_0708-01480013216', 'FE82-01_0708', 09, 'Owner&apos;s manual for E70', 'DA, MJ 2007', 1, to_date('20070401','YYYYMMDD'), to_date('20071001','YYYYMMDD'), '01480013216', '', '', false);
insert into DiagramParts values('FE82-01_0708-01480014094', 'FE82-01_0708', 09, 'Owner&apos;s manual for E70', 'DA, MJ 2008', 1, to_date('20071001','YYYYMMDD'), to_date('20080401','YYYYMMDD'), '01480014094', '', '', false);
insert into DiagramParts values('FE82-01_0708-01482600573', 'FE82-01_0708', 09, 'Owner&apos;s manual for E70', 'DA, MJ 2008', 1, to_date('20080401','YYYYMMDD'), to_date('20080901','YYYYMMDD'), '01482600573', '', '', false);
insert into DiagramParts values('FE82-01_0708-01482600785', 'FE82-01_0708', 09, 'Owner&apos;s manual for E70', 'DA, MJ 2009', 1, to_date('20081001','YYYYMMDD'), to_date('20090401','YYYYMMDD'), '01482600785', '', '', false);
insert into DiagramParts values('FE82-01_0708-01482601680', 'FE82-01_0708', 09, 'Owner&apos;s manual for E70', 'DA, MJ 2009', 1, to_date('20090401','YYYYMMDD'), to_date('20091001','YYYYMMDD'), '01482601680', '', '', false);
insert into DiagramParts values('FE82-01_0708-01482602747', 'FE82-01_0708', 09, 'Owner&apos;s manual for E70', 'DA, MJ 2010', 1, to_date('20091001','YYYYMMDD'), to_date('20100401','YYYYMMDD'), '01482602747', '', '', false);
insert into DiagramParts values('FE82-01_0708-01402901857', 'FE82-01_0708', 09, 'Owner&apos;s manual for E70', 'DA', 1, to_date('20120401','YYYYMMDD'), to_date('20120801','YYYYMMDD'), '01402901857', '', '', false);
insert into DiagramParts values('FE82-01_0708-01402916613', 'FE82-01_0708', 09, 'Owner&apos;s manual for E70', 'DA', 1, to_date('20120801','YYYYMMDD'), to_date('20130401','YYYYMMDD'), '01402916613', '', '', false);
insert into DiagramParts values('FE82-01_0708-01490012573', 'FE82-01_0708', 10, 'Owner&apos;s manual for E70', 'PT, MJ 2007', 1, to_date('20061201','YYYYMMDD'), to_date('20070401','YYYYMMDD'), '01490012573', '', '', false);
insert into DiagramParts values('FE82-01_0708-01490013217', 'FE82-01_0708', 10, 'Owner&apos;s manual for E70', 'PT, MJ 2007', 1, to_date('20070401','YYYYMMDD'), to_date('20071001','YYYYMMDD'), '01490013217', '', '', false);
insert into DiagramParts values('FE82-01_0708-01490014095', 'FE82-01_0708', 10, 'Owner&apos;s manual for E70', 'PT, MJ 2008', 1, to_date('20071001','YYYYMMDD'), to_date('20080401','YYYYMMDD'), '01490014095', '', '', false);
insert into DiagramParts values('FE82-01_0708-01492600574', 'FE82-01_0708', 10, 'Owner&apos;s manual for E70', 'PT, MJ 2008', 1, to_date('20080401','YYYYMMDD'), to_date('20080901','YYYYMMDD'), '01492600574', '', '', false);
insert into DiagramParts values('FE82-01_0708-01492600786', 'FE82-01_0708', 10, 'Owner&apos;s manual for E70', 'PT, MJ 2009', 1, to_date('20081001','YYYYMMDD'), to_date('20090401','YYYYMMDD'), '01492600786', '', '', false);
insert into DiagramParts values('FE82-01_0708-01492601681', 'FE82-01_0708', 10, 'Owner&apos;s manual for E70', 'PT, MJ 2009', 1, to_date('20090401','YYYYMMDD'), to_date('20091001','YYYYMMDD'), '01492601681', '', '', false);
insert into DiagramParts values('FE82-01_0708-01492602748', 'FE82-01_0708', 10, 'Owner&apos;s manual for E70', 'PT, MJ 2010', 1, to_date('20091001','YYYYMMDD'), to_date('20100401','YYYYMMDD'), '01492602748', '', '', false);
insert into DiagramParts values('FE82-01_0708-01402901858', 'FE82-01_0708', 10, 'Owner&apos;s manual for E70', 'PT', 1, to_date('20120401','YYYYMMDD'), to_date('20120801','YYYYMMDD'), '01402901858', '', '', false);
insert into DiagramParts values('FE82-01_0708-01402916614', 'FE82-01_0708', 10, 'Owner&apos;s manual for E70', 'PT', 1, to_date('20120801','YYYYMMDD'), to_date('20130401','YYYYMMDD'), '01402916614', '', '', false);
insert into DiagramParts values('FE82-01_0708-01490012575', 'FE82-01_0708', 13, 'Owner&apos;s manual for E70', 'EL, MJ 2007', 1, to_date('20061201','YYYYMMDD'), to_date('20070401','YYYYMMDD'), '01490012575', '', '', false);
insert into DiagramParts values('FE82-01_0708-01490013219', 'FE82-01_0708', 13, 'Owner&apos;s manual for E70', 'EL, MJ 2007', 1, to_date('20070401','YYYYMMDD'), to_date('20071001','YYYYMMDD'), '01490013219', '', '', false);
insert into DiagramParts values('FE82-01_0708-01490014097', 'FE82-01_0708', 13, 'Owner&apos;s manual for E70', 'EL, MJ 2008', 1, to_date('20071001','YYYYMMDD'), to_date('20080401','YYYYMMDD'), '01490014097', '', '', false);
insert into DiagramParts values('FE82-01_0708-01492600576', 'FE82-01_0708', 13, 'Owner&apos;s manual for E70', 'EL, MJ 2008', 1, to_date('20080401','YYYYMMDD'), to_date('20080901','YYYYMMDD'), '01492600576', '', '', false);
insert into DiagramParts values('FE82-01_0708-01492600788', 'FE82-01_0708', 13, 'Owner&apos;s manual for E70', 'EL, MJ 2009', 1, to_date('20081001','YYYYMMDD'), to_date('20090401','YYYYMMDD'), '01492600788', '', '', false);
insert into DiagramParts values('FE82-01_0708-01492601683', 'FE82-01_0708', 13, 'Owner&apos;s manual for E70', 'EL, MJ 2009', 1, to_date('20090401','YYYYMMDD'), to_date('20091001','YYYYMMDD'), '01492601683', '', '', false);
insert into DiagramParts values('FE82-01_0708-01492602750', 'FE82-01_0708', 13, 'Owner&apos;s manual for E70', 'EL, MJ 2010', 1, to_date('20091001','YYYYMMDD'), to_date('20100401','YYYYMMDD'), '01492602750', '', '', false);
insert into DiagramParts values('FE82-01_0708-01402901860', 'FE82-01_0708', 13, 'Owner&apos;s manual for E70', 'EL', 1, to_date('20120401','YYYYMMDD'), to_date('20120801','YYYYMMDD'), '01402901860', '', '', false);
insert into DiagramParts values('FE82-01_0708-01402916616', 'FE82-01_0708', 13, 'Owner&apos;s manual for E70', 'EL', 1, to_date('20120801','YYYYMMDD'), to_date('20130401','YYYYMMDD'), '01402916616', '', '', false);
insert into DiagramParts values('FE82-01_0708-01490012574', 'FE82-01_0708', 14, 'Owner&apos;s manual for E70', 'ZH, MJ 2007', 1, to_date('20061201','YYYYMMDD'), to_date('20070401','YYYYMMDD'), '01490012574', '', '', false);
insert into DiagramParts values('FE82-01_0708-01490013218', 'FE82-01_0708', 14, 'Owner&apos;s manual for E70', 'ZH, MJ 2007', 1, to_date('20070401','YYYYMMDD'), to_date('20071001','YYYYMMDD'), '01490013218', '', '', false);
insert into DiagramParts values('FE82-01_0708-01490014096', 'FE82-01_0708', 14, 'Owner&apos;s manual for E70', 'ZH, MJ 2008', 1, to_date('20071001','YYYYMMDD'), to_date('20080401','YYYYMMDD'), '01490014096', '$70.12', '', false);
insert into DiagramParts values('FE82-01_0708-01492600575', 'FE82-01_0708', 14, 'Owner&apos;s manual for E70', 'ZH, MJ 2008', 1, to_date('20080401','YYYYMMDD'), to_date('20080901','YYYYMMDD'), '01492600575', '', '', false);
insert into DiagramParts values('FE82-01_0708-01492600787', 'FE82-01_0708', 14, 'Owner&apos;s manual for E70', 'ZH, MJ 2009', 1, to_date('20081001','YYYYMMDD'), to_date('20090401','YYYYMMDD'), '01492600787', '', '', false);
insert into DiagramParts values('FE82-01_0708-01492601682', 'FE82-01_0708', 14, 'Owner&apos;s manual for E70', 'ZH, MJ 2009', 1, to_date('20090401','YYYYMMDD'), to_date('20091001','YYYYMMDD'), '01492601682', '', '', false);
insert into DiagramParts values('FE82-01_0708-01492602749', 'FE82-01_0708', 14, 'Owner&apos;s manual for E70', 'ZH, MJ 2010', 1, to_date('20091001','YYYYMMDD'), to_date('20100401','YYYYMMDD'), '01492602749', '', '', false);
insert into DiagramParts values('FE82-01_0708-01402901859', 'FE82-01_0708', 14, 'Owner&apos;s manual for E70', 'ZH', 1, to_date('20120401','YYYYMMDD'), to_date('20120801','YYYYMMDD'), '01402901859', '', '', false);
insert into DiagramParts values('FE82-01_0708-01402916615', 'FE82-01_0708', 14, 'Owner&apos;s manual for E70', 'ZH', 1, to_date('20120801','YYYYMMDD'), to_date('20121201','YYYYMMDD'), '01402916615', '', '', false);
insert into DiagramParts values('FE82-01_0708-01402917303', 'FE82-01_0708', 14, 'Owner&apos;s manual for E70', 'ZH', 1, to_date('20121201','YYYYMMDD'), to_date('20130401','YYYYMMDD'), '01402917303', '', '', false);
insert into DiagramParts values('FE82-01_0708-01490013220', 'FE82-01_0708', 15, 'Owner&apos;s manual for E70', 'KO, MJ 2007', 1, to_date('20070401','YYYYMMDD'), to_date('20071001','YYYYMMDD'), '01490013220', '', '', false);
insert into DiagramParts values('FE82-01_0708-01490014098', 'FE82-01_0708', 15, 'Owner&apos;s manual for E70', 'KO, MJ 2008', 1, to_date('20071001','YYYYMMDD'), to_date('20080401','YYYYMMDD'), '01490014098', '', '', false);
insert into DiagramParts values('FE82-01_0708-01492600577', 'FE82-01_0708', 15, 'Owner&apos;s manual for E70', 'KO, MJ 2008', 1, to_date('20080401','YYYYMMDD'), to_date('20080901','YYYYMMDD'), '01492600577', '', '', false);
insert into DiagramParts values('FE82-01_0708-01492600789', 'FE82-01_0708', 15, 'Owner&apos;s manual for E70', 'KO, MJ 2009', 1, to_date('20081001','YYYYMMDD'), to_date('20090401','YYYYMMDD'), '01492600789', '', '', false);
insert into DiagramParts values('FE82-01_0708-01492601684', 'FE82-01_0708', 15, 'Owner&apos;s manual for E70', 'KO, MJ 2009', 1, to_date('20090401','YYYYMMDD'), to_date('20091001','YYYYMMDD'), '01492601684', '', '', false);
insert into DiagramParts values('FE82-01_0708-01492602751', 'FE82-01_0708', 15, 'Owner&apos;s manual for E70', 'KO, MJ  2010', 1, to_date('20091001','YYYYMMDD'), to_date('20100401','YYYYMMDD'), '01492602751', '', '', false);
insert into DiagramParts values('FE82-01_0708-01402901861', 'FE82-01_0708', 15, 'Owner&apos;s manual for E70', 'KO', 1, to_date('20120401','YYYYMMDD'), to_date('20120801','YYYYMMDD'), '01402901861', '', '', false);
insert into DiagramParts values('FE82-01_0708-01402916617', 'FE82-01_0708', 15, 'Owner&apos;s manual for E70', 'KO', 1, to_date('20120801','YYYYMMDD'), to_date('20130401','YYYYMMDD'), '01402916617', '', '', false);
insert into DiagramParts values('FE82-01_0708-01492600470', 'FE82-01_0708', 16, 'Owner&apos;s manual for E70', 'RO, MJ 2008', 1, to_date('20071001','YYYYMMDD'), to_date('20080901','YYYYMMDD'), '01492600470', '', '', false);
insert into DiagramParts values('FE82-01_0708-01492600791', 'FE82-01_0708', 16, 'Owner&apos;s manual for E70', 'RO, MJ 2009', 1, to_date('20081001','YYYYMMDD'), to_date('20090401','YYYYMMDD'), '01492600791', '', '', false);
insert into DiagramParts values('FE82-01_0708-01492601686', 'FE82-01_0708', 16, 'Owner&apos;s manual for E70', 'RO, MJ 2009', 1, to_date('20090401','YYYYMMDD'), to_date('20091001','YYYYMMDD'), '01492601686', '', '', false);
insert into DiagramParts values('FE82-01_0708-01492602753', 'FE82-01_0708', 16, 'Owner&apos;s manual for E70', 'RO, MJ 2010', 1, to_date('20091001','YYYYMMDD'), to_date('20100401','YYYYMMDD'), '01492602753', '', '', false);
insert into DiagramParts values('FE82-01_0708-01402901863', 'FE82-01_0708', 16, 'Owner&apos;s manual for E70', 'RO', 1, to_date('20120401','YYYYMMDD'), to_date('20120801','YYYYMMDD'), '01402901863', '', '', false);
insert into DiagramParts values('FE82-01_0708-01402916619', 'FE82-01_0708', 16, 'Owner&apos;s manual for E70', 'RO', 1, to_date('20120801','YYYYMMDD'), to_date('20130401','YYYYMMDD'), '01402916619', '', '', false);
insert into DiagramParts values('FE82-01_0708-01492600578', 'FE82-01_0708', 17, 'Owner&apos;s manual for E70', 'RU, MJ 2008', 1, to_date('20080401','YYYYMMDD'), to_date('20080901','YYYYMMDD'), '01492600578', '', '', false);
insert into DiagramParts values('FE82-01_0708-01492600790', 'FE82-01_0708', 17, 'Owner&apos;s manual for E70', 'RU, MJ 2009', 1, to_date('20081001','YYYYMMDD'), to_date('20090401','YYYYMMDD'), '01492600790', '', '', false);
insert into DiagramParts values('FE82-01_0708-01492601685', 'FE82-01_0708', 17, 'Owner&apos;s manual for E70', 'RU, MJ 2009', 1, to_date('20090401','YYYYMMDD'), to_date('20091001','YYYYMMDD'), '01492601685', '', '', false);
insert into DiagramParts values('FE82-01_0708-01492602752', 'FE82-01_0708', 17, 'Owner&apos;s manual for E70', 'RU, MJ 2010', 1, to_date('20091001','YYYYMMDD'), to_date('20100401','YYYYMMDD'), '01492602752', '', '', false);
insert into DiagramParts values('FE82-01_0708-01402901862', 'FE82-01_0708', 17, 'Owner&apos;s manual for E70', 'RU', 1, to_date('20120401','YYYYMMDD'), to_date('20120801','YYYYMMDD'), '01402901862', '', '', false);
insert into DiagramParts values('FE82-01_0708-01402916618', 'FE82-01_0708', 17, 'Owner&apos;s manual for E70', 'RU', 1, to_date('20120801','YYYYMMDD'), to_date('20130401','YYYYMMDD'), '01402916618', '', '', false);
insert into DiagramParts values('FE82-01_0708-01402901864', 'FE82-01_0708', 18, 'Owner&apos;s manual for E70', 'JA', 1, to_date('20120401','YYYYMMDD'), to_date('20120801','YYYYMMDD'), '01402901864', '', '', false);
insert into DiagramParts values('FE82-01_0708-01402916620', 'FE82-01_0708', 18, 'Owner&apos;s manual for E70', 'JA', 1, to_date('20120801','YYYYMMDD'), to_date('20130401','YYYYMMDD'), '01402916620', '', '', false);
insert into DiagramParts values('FE82-01_0708-01492602754', 'FE82-01_0708', 19, 'Owner&apos;s manual for E70', 'SK, MJ 2010', 1, to_date('20091001','YYYYMMDD'), to_date('20100401','YYYYMMDD'), '01492602754', '', '', false);
insert into DiagramParts values('FE82-01_0708-01402901865', 'FE82-01_0708', 19, 'Owner&apos;s manual for E70', 'SK', 1, to_date('20120401','YYYYMMDD'), to_date('20120801','YYYYMMDD'), '01402901865', '', '', false);
insert into DiagramParts values('FE82-01_0708-01402916621', 'FE82-01_0708', 19, 'Owner&apos;s manual for E70', 'SK', 1, to_date('20120801','YYYYMMDD'), to_date('20130401','YYYYMMDD'), '01402916621', '', '', false);
insert into DiagramParts values('FE82-01_0708-01492602755', 'FE82-01_0708', 20, 'Owner&apos;s manual for E70', 'CS, MJ 2010', 1, to_date('20091001','YYYYMMDD'), to_date('20100401','YYYYMMDD'), '01492602755', '', '', false);
insert into DiagramParts values('FE82-01_0708-01402901866', 'FE82-01_0708', 20, 'Owner&apos;s manual for E70', 'CS', 1, to_date('20120401','YYYYMMDD'), to_date('20120801','YYYYMMDD'), '01402901866', '', '', false);
insert into DiagramParts values('FE82-01_0708-01402916622', 'FE82-01_0708', 20, 'Owner&apos;s manual for E70', 'CS', 1, to_date('20120801','YYYYMMDD'), to_date('20130401','YYYYMMDD'), '01402916622', '', '', false);
insert into DiagramParts values('FE82-01_0708-01402901867', 'FE82-01_0708', 21, 'Owner&apos;s manual for E70', 'PL', 1, to_date('20120401','YYYYMMDD'), to_date('20120801','YYYYMMDD'), '01402901867', '', '', false);
insert into DiagramParts values('FE82-01_0708-01402916623', 'FE82-01_0708', 21, 'Owner&apos;s manual for E70', 'PL', 1, to_date('20120801','YYYYMMDD'), to_date('20130401','YYYYMMDD'), '01402916623', '', '', false);
insert into DiagramParts values('FE82-01_0708-01402901868', 'FE82-01_0708', 22, 'Owner&apos;s manual for E70', 'HU', 1, to_date('20120401','YYYYMMDD'), to_date('20120801','YYYYMMDD'), '01402901868', '', '', false);
insert into DiagramParts values('FE82-01_0708-01402916624', 'FE82-01_0708', 22, 'Owner&apos;s manual for E70', 'HU', 1, to_date('20120801','YYYYMMDD'), to_date('20130401','YYYYMMDD'), '01402916624', '', '', false);
insert into Diagram values('FE82-01_0708','FE82-20060500','01-05','E70 X5 4.8i   Owner&apos;s manual for E70','');
insert into DiagramParts values('FE82-01_0731-01400013388', 'FE82-01_0731', 01, 'Brief instructions E70', 'DE, MJ 2008', 1, to_date('20071001','YYYYMMDD'), to_date('20090401','YYYYMMDD'), '01400013388', '', '', false);
insert into DiagramParts values('FE82-01_0731-01402602409', 'FE82-01_0731', 01, 'Brief instructions E70', 'DE, MJ 2009', 1, to_date('20090401','YYYYMMDD'), to_date('20091001','YYYYMMDD'), '01402602409', '', '', false);
insert into DiagramParts values('FE82-01_0731-01402603144', 'FE82-01_0731', 01, 'Brief instructions E70, E71', 'DE, MJ 2010', 1, to_date('20091001','YYYYMMDD'), to_date('20100401','YYYYMMDD'), '01402603144', '', '', false);
insert into DiagramParts values('FE82-01_0731-01402916961', 'FE82-01_0731', 01, 'Brief instructions E70, E71', 'DE', 1, to_date('20120801','YYYYMMDD'), to_date('20130401','YYYYMMDD'), '01402916961', '', '', false);
insert into DiagramParts values('FE82-01_0731-01402919163', 'FE82-01_0731', 01, 'Brief instructions E70, E71', 'DE', 1, to_date('20130401','YYYYMMDD'), to_date('20130801','YYYYMMDD'), '01402919163', '', '', false);
insert into DiagramParts values('FE82-01_0731-01410012577', 'FE82-01_0731', 02, 'Brief instructions E70', 'EN, MJ 2007', 1, to_date('20061201','YYYYMMDD'), to_date('20071001','YYYYMMDD'), '01410012577', '', '', false);
insert into DiagramParts values('FE82-01_0731-01410013389', 'FE82-01_0731', 02, 'Brief instructions E70', 'EN, MJ 2008', 1, to_date('20071001','YYYYMMDD'), to_date('20090401','YYYYMMDD'), '01410013389', '', '', false);
insert into DiagramParts values('FE82-01_0731-01412602410', 'FE82-01_0731', 02, 'Brief instructions E70', 'EN, MJ 2009', 1, to_date('20090401','YYYYMMDD'), to_date('20091001','YYYYMMDD'), '01412602410', '', '', false);
insert into DiagramParts values('FE82-01_0731-01412603145', 'FE82-01_0731', 02, 'Brief instructions E70, E71', 'EN, MJ 2010', 1, to_date('20091001','YYYYMMDD'), to_date('20100401','YYYYMMDD'), '01412603145', '', '', false);
insert into DiagramParts values('FE82-01_0731-01402916962', 'FE82-01_0731', 02, 'Brief instructions E70, E71', 'EN', 1, to_date('20120801','YYYYMMDD'), to_date('20130401','YYYYMMDD'), '01402916962', '', '', false);
insert into DiagramParts values('FE82-01_0731-01402919164', 'FE82-01_0731', 02, 'Brief instructions E70, E71', 'EN', 1, to_date('20130401','YYYYMMDD'), to_date('20130801','YYYYMMDD'), '01402919164', '', '', false);
insert into DiagramParts values('FE82-01_0731-01402916963', 'FE82-01_0731', 03, 'Brief instructions E70, E71', 'FR', 1, to_date('20120801','YYYYMMDD'), to_date('20130401','YYYYMMDD'), '01402916963', '', '', false);
insert into DiagramParts values('FE82-01_0731-01402919165', 'FE82-01_0731', 03, 'Brief instructions E70, E71', 'FR', 1, to_date('20130401','YYYYMMDD'), to_date('20130801','YYYYMMDD'), '01402919165', '', '', false);
insert into DiagramParts values('FE82-01_0731-01402916964', 'FE82-01_0731', 04, 'Brief instructions E70, E71', 'ES', 1, to_date('20120801','YYYYMMDD'), to_date('20130401','YYYYMMDD'), '01402916964', '', '', false);
insert into DiagramParts values('FE82-01_0731-01402919166', 'FE82-01_0731', 04, 'Brief instructions E70, E71', 'ES', 1, to_date('20130401','YYYYMMDD'), to_date('20130801','YYYYMMDD'), '01402919166', '', '', false);
insert into DiagramParts values('FE82-01_0731-01402916965', 'FE82-01_0731', 05, 'Brief instructions E70, E71', 'IT', 1, to_date('20120801','YYYYMMDD'), to_date('20130401','YYYYMMDD'), '01402916965', '', '', false);
insert into DiagramParts values('FE82-01_0731-01402919167', 'FE82-01_0731', 05, 'Brief instructions E70, E71', 'IT', 1, to_date('20130401','YYYYMMDD'), to_date('20130801','YYYYMMDD'), '01402919167', '', '', false);
insert into DiagramParts values('FE82-01_0731-01402916966', 'FE82-01_0731', 06, 'Brief instructions E70, E71', 'SV', 1, to_date('20120801','YYYYMMDD'), to_date('20130401','YYYYMMDD'), '01402916966', '', '', false);
insert into DiagramParts values('FE82-01_0731-01402919168', 'FE82-01_0731', 06, 'Brief instructions E70, E71', 'SV', 1, to_date('20130401','YYYYMMDD'), to_date('20130801','YYYYMMDD'), '01402919168', '', '', false);
insert into DiagramParts values('FE82-01_0731-01402916967', 'FE82-01_0731', 07, 'Brief instructions E70, E71', 'NL', 1, to_date('20120801','YYYYMMDD'), to_date('20130401','YYYYMMDD'), '01402916967', '', '', false);
insert into DiagramParts values('FE82-01_0731-01402919169', 'FE82-01_0731', 07, 'Brief instructions E70, E71', 'NL', 1, to_date('20130401','YYYYMMDD'), to_date('20130801','YYYYMMDD'), '01402919169', '', '', false);
insert into DiagramParts values('FE82-01_0731-01402916968', 'FE82-01_0731', 08, 'Brief instructions E70, E71', 'AR', 1, to_date('20120801','YYYYMMDD'), to_date('20130401','YYYYMMDD'), '01402916968', '', '', false);
insert into DiagramParts values('FE82-01_0731-01402919170', 'FE82-01_0731', 08, 'Brief instructions E70, E71', 'AR', 1, to_date('20130401','YYYYMMDD'), to_date('20130801','YYYYMMDD'), '01402919170', '', '', false);
insert into DiagramParts values('FE82-01_0731-01402916969', 'FE82-01_0731', 09, 'Brief instructions E70, E71', 'DA', 1, to_date('20120801','YYYYMMDD'), to_date('20130401','YYYYMMDD'), '01402916969', '', '', false);
insert into DiagramParts values('FE82-01_0731-01402919171', 'FE82-01_0731', 09, 'Brief instructions E70, E71', 'DA', 1, to_date('20130401','YYYYMMDD'), to_date('20130801','YYYYMMDD'), '01402919171', '', '', false);
insert into DiagramParts values('FE82-01_0731-01402916970', 'FE82-01_0731', 10, 'Brief instructions E70, E71', 'PT', 1, to_date('20120801','YYYYMMDD'), to_date('20130401','YYYYMMDD'), '01402916970', '', '', false);
insert into DiagramParts values('FE82-01_0731-01402919172', 'FE82-01_0731', 10, 'Brief instructions E70, E71', 'PT', 1, to_date('20130401','YYYYMMDD'), to_date('20130801','YYYYMMDD'), '01402919172', '', '', false);
insert into DiagramParts values('FE82-01_0731-01402916981', 'FE82-01_0731', 11, 'Brief instructions E70, E71', 'EN US', 1, to_date('20120801','YYYYMMDD'), to_date('20130401','YYYYMMDD'), '01402916981', '', '', false);
insert into DiagramParts values('FE82-01_0731-01402916982', 'FE82-01_0731', 12, 'Brief instructions E70, E71', 'FR CA', 1, to_date('20120801','YYYYMMDD'), to_date('20130401','YYYYMMDD'), '01402916982', '', '', false);
insert into DiagramParts values('FE82-01_0731-01402916972', 'FE82-01_0731', 13, 'Brief instructions E70, E71', 'EL', 1, to_date('20120801','YYYYMMDD'), to_date('20130401','YYYYMMDD'), '01402916972', '', '', false);
insert into DiagramParts values('FE82-01_0731-01402919174', 'FE82-01_0731', 13, 'Brief instructions E70, E71', 'EL', 1, to_date('20130401','YYYYMMDD'), to_date('20130801','YYYYMMDD'), '01402919174', '', '', false);
insert into DiagramParts values('FE82-01_0731-01402916971', 'FE82-01_0731', 14, 'Brief instructions E70, E71', 'ZH', 1, to_date('20120801','YYYYMMDD'), to_date('20130401','YYYYMMDD'), '01402916971', '', '', false);
insert into DiagramParts values('FE82-01_0731-01402919173', 'FE82-01_0731', 14, 'Brief instructions E70, E71', 'ZH', 1, to_date('20130401','YYYYMMDD'), to_date('20130801','YYYYMMDD'), '01402919173', '', '', false);
insert into DiagramParts values('FE82-01_0731-01402916973', 'FE82-01_0731', 15, 'Brief instructions E70, E71', 'KO', 1, to_date('20120801','YYYYMMDD'), to_date('20130401','YYYYMMDD'), '01402916973', '', '', false);
insert into DiagramParts values('FE82-01_0731-01402919175', 'FE82-01_0731', 15, 'Brief instructions E70, E71', 'KO', 1, to_date('20130401','YYYYMMDD'), to_date('20130801','YYYYMMDD'), '01402919175', '', '', false);
insert into DiagramParts values('FE82-01_0731-01402916975', 'FE82-01_0731', 16, 'Brief instructions E70, E71', 'RO', 1, to_date('20120801','YYYYMMDD'), to_date('20130401','YYYYMMDD'), '01402916975', '', '', false);
insert into DiagramParts values('FE82-01_0731-01402919177', 'FE82-01_0731', 16, 'Brief instructions E70, E71', 'RO', 1, to_date('20130401','YYYYMMDD'), to_date('20130801','YYYYMMDD'), '01402919177', '', '', false);
insert into DiagramParts values('FE82-01_0731-01402916974', 'FE82-01_0731', 17, 'Brief instructions E70, E71', 'RU', 1, to_date('20120801','YYYYMMDD'), to_date('20130401','YYYYMMDD'), '01402916974', '', '', false);
insert into DiagramParts values('FE82-01_0731-01402919176', 'FE82-01_0731', 17, 'Brief instructions E70, E71', 'RU', 1, to_date('20130401','YYYYMMDD'), to_date('20130801','YYYYMMDD'), '01402919176', '', '', false);
insert into DiagramParts values('FE82-01_0731-01402916976', 'FE82-01_0731', 18, 'Brief instructions E70, E71', 'JA', 1, to_date('20120801','YYYYMMDD'), to_date('20130401','YYYYMMDD'), '01402916976', '', '', false);
insert into DiagramParts values('FE82-01_0731-01402919178', 'FE82-01_0731', 18, 'Brief instructions E70, E71', 'JA', 1, to_date('20130401','YYYYMMDD'), to_date('20130801','YYYYMMDD'), '01402919178', '', '', false);
insert into DiagramParts values('FE82-01_0731-01402916977', 'FE82-01_0731', 19, 'Brief instructions E70, E71', 'SK', 1, to_date('20120801','YYYYMMDD'), to_date('20130401','YYYYMMDD'), '01402916977', '', '', false);
insert into DiagramParts values('FE82-01_0731-01402919179', 'FE82-01_0731', 19, 'Brief instructions E70, E71', 'SK', 1, to_date('20130401','YYYYMMDD'), to_date('20130801','YYYYMMDD'), '01402919179', '', '', false);
insert into DiagramParts values('FE82-01_0731-01402916978', 'FE82-01_0731', 20, 'Brief instructions E70, E71', 'CS', 1, to_date('20120801','YYYYMMDD'), to_date('20130401','YYYYMMDD'), '01402916978', '', '', false);
insert into DiagramParts values('FE82-01_0731-01402919180', 'FE82-01_0731', 20, 'Brief instructions E70, E71', 'CS', 1, to_date('20130401','YYYYMMDD'), to_date('20130801','YYYYMMDD'), '01402919180', '', '', false);
insert into DiagramParts values('FE82-01_0731-01402916979', 'FE82-01_0731', 21, 'Brief instructions E70, E71', 'PL', 1, to_date('20120801','YYYYMMDD'), to_date('20130401','YYYYMMDD'), '01402916979', '', '', false);
insert into DiagramParts values('FE82-01_0731-01402919181', 'FE82-01_0731', 21, 'Brief instructions E70, E71', 'PL', 1, to_date('20130401','YYYYMMDD'), to_date('20130801','YYYYMMDD'), '01402919181', '', '', false);
insert into DiagramParts values('FE82-01_0731-01402916980', 'FE82-01_0731', 22, 'Brief instructions E70, E71', 'HU', 1, to_date('20120801','YYYYMMDD'), to_date('20130401','YYYYMMDD'), '01402916980', '', '', false);
insert into DiagramParts values('FE82-01_0731-01402919182', 'FE82-01_0731', 22, 'Brief instructions E70, E71', 'HU', 1, to_date('20130401','YYYYMMDD'), to_date('20130801','YYYYMMDD'), '01402919182', '', '', false);
insert into Diagram values('FE82-01_0731','FE82-20060500','01-05','E70 X5 4.8i   Brief instructions E70, E71','');
insert into Diagram values('FE82-01_0756','FE82-20060500','01-05','E70 X5 4.8i   Mirror placard','');
insert into Diagram values('FE82-01_0780','FE82-20060500','01-05','E70 X5 4.8i   Brochure Service Contact, BMW','');
insert into DiagramParts values('FE82-01_0943-01492603651', 'FE82-01_0943', 01, 'Suppl. Owner&apos;s Manual E70 Security', 'E70, MJ 2010', 1, to_date('20090701','YYYYMMDD'), to_date('20100401','YYYYMMDD'), '01492603651', '', '', false);
insert into DiagramParts values('FE82-01_0943-01492600698', 'FE82-01_0943', 02, 'Suppl. Owner&apos;s Manual E70 Security', 'E70, MJ 08/09', 1, to_date('20080601','YYYYMMDD'), to_date('20090701','YYYYMMDD'), '01492600698', '', '', false);
insert into Diagram values('FE82-01_0943','FE82-20060500','01-05','E70 X5 4.8i   Suppl. Owner&apos;s Manual E70 Security','');
insert into DiagramParts values('FE82-01_1074-01492603652', 'FE82-01_1074', 01, 'Suppl. Owner&apos;s Manual E70 SecurityPlus', 'E70, MJ 2010', 1, to_date('20090701','YYYYMMDD'), to_date('20100401','YYYYMMDD'), '01492603652', '', '', false);
insert into DiagramParts values('FE82-01_1074-01492602565', 'FE82-01_1074', 02, 'Suppl. Owner&apos;s Manual E70 SecurityPlus', 'E70, MJ 2009', 1, to_date('20090501','YYYYMMDD'), to_date('20090701','YYYYMMDD'), '01492602565', '', '', false);
insert into Diagram values('FE82-01_1074','FE82-20060500','01-05','E70 X5 4.8i   Suppl. Owner&apos;s Manual E70 HighSecurity','');
insert into DiagramParts values('FE82-01_1080-01402912788', 'FE82-01_1080', 01, 'Supplement Owner&apos;s Manual license texts', 'MULTILINGUAL', 1, to_date('20120301','YYYYMMDD'), to_date('20120701','YYYYMMDD'), '01402912788', '', '', false);
insert into DiagramParts values('FE82-01_1080-01402916582', 'FE82-01_1080', 01, 'Supplement Owner&apos;s Manual license texts', 'MULTILINGUAL', 1, to_date('20120701','YYYYMMDD'), to_date('20130301','YYYYMMDD'), '01402916582', '', '', false);
insert into DiagramParts values('FE82-01_1080-01402918756', 'FE82-01_1080', 01, 'Supplement Owner&apos;s Manual license texts', 'MULTILINGUAL', 1, to_date('20130301','YYYYMMDD'), to_date('20130701','YYYYMMDD'), '01402918756', '', '', false);
insert into DiagramParts values('FE82-01_1080-01402901443', 'FE82-01_1080', 02, 'Supplement Owner&apos;s Manual license texts', 'MULTILINGUAL', 1, to_date('20110901','YYYYMMDD'), to_date('20120301','YYYYMMDD'), '01402901443', '', '', false);
insert into Diagram values('FE82-01_1080','FE82-20060500','01-05','E70 X5 4.8i   Flyer, license texts for BMW','');
insert into DiagramParts values('FE82-01_0302-01400013376', 'FE82-01_0302', 01, 'Owner&apos;s handbook, telephone &quot;de&quot;', 'SA633, SA644', 1, to_date('20070301','YYYYMMDD'), to_date('20070901','YYYYMMDD'), '01400013376', '', '', false);
insert into DiagramParts values('FE82-01_0302-01400014355', 'FE82-01_0302', 01, 'Owner&apos;s handbook, telephone &quot;de&quot;', 'SA633, SA644', 1, to_date('20070901','YYYYMMDD'), to_date('20080301','YYYYMMDD'), '01400014355', '', '', false);
insert into DiagramParts values('FE82-01_0302-01402600339', 'FE82-01_0302', 01, 'Owner&apos;s handbook, telephone &quot;de&quot;', 'SA633, SA644', 1, to_date('20080301','YYYYMMDD'), to_date('20080901','YYYYMMDD'), '01402600339', '', '', false);
insert into DiagramParts values('FE82-01_0302-01402601048', 'FE82-01_0302', 01, 'Owner&apos;s handbook, telephone &quot;de&quot;', 'SA633, SA644', 1, to_date('20080901','YYYYMMDD'), to_date('20090301','YYYYMMDD'), '01402601048', '', '', false);
insert into DiagramParts values('FE82-01_0302-01410013377', 'FE82-01_0302', 02, 'Owner&apos;s handbook, telephone &quot;en&quot;', 'SA633, SA644', 1, to_date('20070301','YYYYMMDD'), to_date('20070901','YYYYMMDD'), '01410013377', '', '', false);
insert into DiagramParts values('FE82-01_0302-01410014356', 'FE82-01_0302', 02, 'Owner&apos;s handbook, telephone &quot;en&quot;', 'SA633, SA644', 1, to_date('20070901','YYYYMMDD'), to_date('20080301','YYYYMMDD'), '01410014356', '', '', false);
insert into DiagramParts values('FE82-01_0302-01412600340', 'FE82-01_0302', 02, 'Owner&apos;s handbook, telephone &quot;en&quot;', 'SA633, SA644', 1, to_date('20080301','YYYYMMDD'), to_date('20080901','YYYYMMDD'), '01412600340', '', '', false);
insert into DiagramParts values('FE82-01_0302-01412601049', 'FE82-01_0302', 02, 'Owner&apos;s handbook, telephone &quot;en&quot;', 'SA633, SA644', 1, to_date('20080901','YYYYMMDD'), to_date('20090301','YYYYMMDD'), '01412601049', '', '', false);
insert into DiagramParts values('FE82-01_0302-01420013378', 'FE82-01_0302', 03, 'Owner&apos;s handbook, telephone &quot;fr&quot;', 'SA633, SA644', 1, to_date('20070301','YYYYMMDD'), to_date('20070901','YYYYMMDD'), '01420013378', '', '', false);
insert into DiagramParts values('FE82-01_0302-01420014357', 'FE82-01_0302', 03, 'Owner&apos;s handbook, telephone &quot;fr&quot;', 'SA633, SA644', 1, to_date('20070901','YYYYMMDD'), to_date('20080301','YYYYMMDD'), '01420014357', '', '', false);
insert into DiagramParts values('FE82-01_0302-01422600341', 'FE82-01_0302', 03, 'Owner&apos;s handbook, telephone &quot;fr&quot;', 'SA633, SA644', 1, to_date('20080301','YYYYMMDD'), to_date('20080901','YYYYMMDD'), '01422600341', '', '', false);
insert into DiagramParts values('FE82-01_0302-01430013379', 'FE82-01_0302', 04, 'Owner&apos;s handbook, telephone &quot;es&quot;', 'SA633, SA644', 1, to_date('20070301','YYYYMMDD'), to_date('20070901','YYYYMMDD'), '01430013379', '', '', false);
insert into DiagramParts values('FE82-01_0302-01430014358', 'FE82-01_0302', 04, 'Owner&apos;s handbook, telephone &quot;es&quot;', 'SA633, SA644', 1, to_date('20070901','YYYYMMDD'), to_date('20080301','YYYYMMDD'), '01430014358', '', '', false);
insert into DiagramParts values('FE82-01_0302-01432600342', 'FE82-01_0302', 04, 'Owner&apos;s handbook, telephone &quot;es&quot;', 'SA633, SA644', 1, to_date('20080301','YYYYMMDD'), to_date('20080901','YYYYMMDD'), '01432600342', '', '', false);
insert into DiagramParts values('FE82-01_0302-01440013380', 'FE82-01_0302', 05, 'Owner&apos;s handbook, telephone &quot;it&quot;', 'SA633, SA644', 1, to_date('20070301','YYYYMMDD'), to_date('20070901','YYYYMMDD'), '01440013380', '', '', false);
insert into DiagramParts values('FE82-01_0302-01440014359', 'FE82-01_0302', 05, 'Owner&apos;s handbook, telephone &quot;it&quot;', 'SA633, SA644', 1, to_date('20070901','YYYYMMDD'), to_date('20080301','YYYYMMDD'), '01440014359', '', '', false);
insert into DiagramParts values('FE82-01_0302-01442600343', 'FE82-01_0302', 05, 'Owner&apos;s handbook, telephone &quot;it&quot;', 'SA633, SA644', 1, to_date('20080301','YYYYMMDD'), to_date('20080901','YYYYMMDD'), '01442600343', '', '', false);
insert into DiagramParts values('FE82-01_0302-01450013381', 'FE82-01_0302', 06, 'Owner&apos;s handbook, telephone &quot;sv&quot;', 'SA633, SA644', 1, to_date('20070301','YYYYMMDD'), to_date('20070901','YYYYMMDD'), '01450013381', '', '', false);
insert into DiagramParts values('FE82-01_0302-01450014360', 'FE82-01_0302', 06, 'Owner&apos;s handbook, telephone &quot;sv&quot;', 'SA633, SA644', 1, to_date('20070901','YYYYMMDD'), to_date('20080301','YYYYMMDD'), '01450014360', '', '', false);
insert into DiagramParts values('FE82-01_0302-01452600344', 'FE82-01_0302', 06, 'Owner&apos;s handbook, telephone &quot;sv&quot;', 'SA633, SA644', 1, to_date('20080301','YYYYMMDD'), to_date('20080901','YYYYMMDD'), '01452600344', '', '', false);
insert into DiagramParts values('FE82-01_0302-01460013382', 'FE82-01_0302', 07, 'Owner&apos;s handbook, telephone &quot;nl&quot;', 'SA633, SA644', 1, to_date('20070301','YYYYMMDD'), to_date('20070901','YYYYMMDD'), '01460013382', '', '', false);
insert into DiagramParts values('FE82-01_0302-01460014361', 'FE82-01_0302', 07, 'Owner&apos;s handbook, telephone &quot;nl&quot;', 'SA633, SA644', 1, to_date('20070901','YYYYMMDD'), to_date('20080301','YYYYMMDD'), '01460014361', '', '', false);
insert into DiagramParts values('FE82-01_0302-01462600345', 'FE82-01_0302', 07, 'Owner&apos;s handbook, telephone &quot;nl&quot;', 'SA633, SA644', 1, to_date('20080301','YYYYMMDD'), to_date('20080901','YYYYMMDD'), '01462600345', '', '', false);
insert into DiagramParts values('FE82-01_0302-01470013383', 'FE82-01_0302', 08, 'Owner&apos;s handbook, telephone &quot;ar&quot;', 'SA633, SA644', 1, to_date('20070301','YYYYMMDD'), to_date('20070901','YYYYMMDD'), '01470013383', '', '', false);
insert into DiagramParts values('FE82-01_0302-01470014362', 'FE82-01_0302', 08, 'Owner&apos;s handbook, telephone &quot;ar&quot;', 'SA633, SA644', 1, to_date('20070901','YYYYMMDD'), to_date('20080301','YYYYMMDD'), '01470014362', '', '', false);
insert into DiagramParts values('FE82-01_0302-01472600346', 'FE82-01_0302', 08, 'Owner&apos;s handbook, telephone &quot;ar&quot;', 'SA633, SA644', 1, to_date('20080301','YYYYMMDD'), to_date('20080901','YYYYMMDD'), '01472600346', '', '', false);
insert into DiagramParts values('FE82-01_0302-01480013384', 'FE82-01_0302', 09, 'Owner&apos;s handbook, telephone &quot;da&quot;', 'SA633, SA644', 1, to_date('20070301','YYYYMMDD'), to_date('20070901','YYYYMMDD'), '01480013384', '', '', false);
insert into DiagramParts values('FE82-01_0302-01480014363', 'FE82-01_0302', 09, 'Owner&apos;s handbook, telephone &quot;da&quot;', 'SA633, SA644', 1, to_date('20070901','YYYYMMDD'), to_date('20080301','YYYYMMDD'), '01480014363', '', '', false);
insert into DiagramParts values('FE82-01_0302-01482600347', 'FE82-01_0302', 09, 'Owner&apos;s handbook, telephone &quot;da&quot;', 'SA633, SA644', 1, to_date('20080301','YYYYMMDD'), to_date('20080901','YYYYMMDD'), '01482600347', '', '', false);
insert into DiagramParts values('FE82-01_0302-01490013385', 'FE82-01_0302', 10, 'Owner&apos;s handbook, telephone &quot;pt&quot;', 'SA633, SA644', 1, to_date('20070301','YYYYMMDD'), to_date('20070901','YYYYMMDD'), '01490013385', '', '', false);
insert into DiagramParts values('FE82-01_0302-01490014364', 'FE82-01_0302', 10, 'Owner&apos;s handbook, telephone &quot;pt&quot;', 'SA633, SA644', 1, to_date('20070901','YYYYMMDD'), to_date('20080301','YYYYMMDD'), '01490014364', '', '', false);
insert into DiagramParts values('FE82-01_0302-01492600348', 'FE82-01_0302', 10, 'Owner&apos;s handbook, telephone &quot;pt&quot;', 'SA633, SA644', 1, to_date('20080301','YYYYMMDD'), to_date('20080901','YYYYMMDD'), '01492600348', '', '', false);
insert into DiagramParts values('FE82-01_0302-01490014366', 'FE82-01_0302', 13, 'Owner&apos;s handbook, telephone &quot;el&quot;', 'SA633, SA644', 1, to_date('20070901','YYYYMMDD'), to_date('20080301','YYYYMMDD'), '01490014366', '', '', false);
insert into DiagramParts values('FE82-01_0302-01492600350', 'FE82-01_0302', 13, 'Owner&apos;s handbook, telephone &quot;el&quot;', 'SA633, SA644', 1, to_date('20080301','YYYYMMDD'), to_date('20080901','YYYYMMDD'), '01492600350', '', '', false);
insert into DiagramParts values('FE82-01_0302-01490014365', 'FE82-01_0302', 14, 'Owner&apos;s handbook, telephone &quot;zh&quot;', 'SA633, SA644', 1, to_date('20070901','YYYYMMDD'), to_date('20080301','YYYYMMDD'), '01490014365', '', '', false);
insert into DiagramParts values('FE82-01_0302-01492600349', 'FE82-01_0302', 14, 'Owner&apos;s handbook, telephone &quot;zh&quot;', 'SA633, SA644', 1, to_date('20080301','YYYYMMDD'), to_date('20080901','YYYYMMDD'), '01492600349', '', '', false);
insert into Diagram values('FE82-01_0302','FE82-20060500','01-14','E70 X5 4.8i   Universal BMW mobile phone preparat.','');
insert into Diagram values('FE82-01_1128','FE82-20060500','01-19','E70 X5 4.8i   EC Certificate of Conformity','');
insert into Diagram values('FE82-01_0169','FE82-20060500','01-21','E70 X5 4.8i   Logbook slipcase BMW','');
insert into Diagram values('FE82-01_1140','FE82-20060500','01-21','E70 X5 4.8i   Logbook slipcase BMW','');
insert into DiagramParts values('FE82-01_0029-01410013334', 'FE82-01_0029', 01, 'Supplem. to owner&apos;s manual, Australia', 'E70, MJ 2007', 1, to_date('20070401','YYYYMMDD'), to_date('20071001','YYYYMMDD'), '01410013334', '', '', false);
insert into DiagramParts values('FE82-01_0029-01410014503', 'FE82-01_0029', 01, 'Supplem. to owner&apos;s manual, Australia', 'E70, MJ 2008', 1, to_date('20071001','YYYYMMDD'), to_date('20080401','YYYYMMDD'), '01410014503', '', '', false);
insert into DiagramParts values('FE82-01_0029-01412600596', 'FE82-01_0029', 01, 'Supplem. to owner&apos;s manual, Australia', 'E70, E71, MJ 08', 1, to_date('20080401','YYYYMMDD'), to_date('20081001','YYYYMMDD'), '01412600596', '', '', false);
insert into DiagramParts values('FE82-01_0029-01412601143', 'FE82-01_0029', 01, 'Supplem. to owner&apos;s manual, Australia', 'E70, E71, MJ 09', 1, to_date('20081001','YYYYMMDD'), to_date('20091001','YYYYMMDD'), '01412601143', '', '', false);
insert into DiagramParts values('FE82-01_0029-01412603477', 'FE82-01_0029', 01, 'Supplem. to owner&apos;s manual, Australia', 'E70, E71, MJ 10', 1, to_date('20091001','YYYYMMDD'), to_date('20100401','YYYYMMDD'), '01412603477', '', '', false);
insert into Diagram values('FE82-01_0029','FE82-20060500','01-24','E70 X5 4.8i   Supplem. to owner&apos;s manual, Australia','');
insert into DiagramParts values('FE82-01_0589-01400013079', 'FE82-01_0589', 01, 'Service booklet, German', 'E70, E60, E61', 1, to_date('20061201','YYYYMMDD'), to_date('20070301','YYYYMMDD'), '01400013079', '', '', false);
insert into DiagramParts values('FE82-01_0589-01410013080', 'FE82-01_0589', 02, 'Service booklet, English', 'E70, E60, E61', 1, to_date('20061201','YYYYMMDD'), to_date('20070301','YYYYMMDD'), '01410013080', '', '', false);
insert into DiagramParts values('FE82-01_0589-01420013081', 'FE82-01_0589', 03, 'Service booklet, French', 'E70, E60, E61', 1, to_date('20061201','YYYYMMDD'), to_date('20070301','YYYYMMDD'), '01420013081', '', '', false);
insert into DiagramParts values('FE82-01_0589-01430013082', 'FE82-01_0589', 04, 'Service booklet, Spanish', 'E70, E60, E61', 1, to_date('20061201','YYYYMMDD'), to_date('20070301','YYYYMMDD'), '01430013082', '', '', false);
insert into DiagramParts values('FE82-01_0589-01440013083', 'FE82-01_0589', 05, 'Service booklet, Italian', 'E70, E60, E61', 1, to_date('20061201','YYYYMMDD'), to_date('20070301','YYYYMMDD'), '01440013083', '', '', false);
insert into DiagramParts values('FE82-01_0589-01450013084', 'FE82-01_0589', 06, 'Service booklet, Swedish', 'E70, E60, E61', 1, to_date('20061201','YYYYMMDD'), to_date('20070301','YYYYMMDD'), '01450013084', '', '', false);
insert into DiagramParts values('FE82-01_0589-01460013085', 'FE82-01_0589', 07, 'Service booklet, Dutch', 'E70, E60, E61', 1, to_date('20061201','YYYYMMDD'), to_date('20070301','YYYYMMDD'), '01460013085', '', '', false);
insert into DiagramParts values('FE82-01_0589-01470013086', 'FE82-01_0589', 08, 'Service booklet, Arabic', 'E70, E60, E61', 1, to_date('20061201','YYYYMMDD'), to_date('20070301','YYYYMMDD'), '01470013086', '', '', false);
insert into DiagramParts values('FE82-01_0589-01480013087', 'FE82-01_0589', 09, 'Service booklet, Danish', 'E70, E60, E61', 1, to_date('20061201','YYYYMMDD'), to_date('20070301','YYYYMMDD'), '01480013087', '', '', false);
insert into DiagramParts values('FE82-01_0589-01490013088', 'FE82-01_0589', 10, 'Service booklet, Portuguese', 'E70, E60, E61', 1, to_date('20061201','YYYYMMDD'), to_date('20070301','YYYYMMDD'), '01490013088', '', '', false);
insert into DiagramParts values('FE82-01_0589-01490013090', 'FE82-01_0589', 11, 'Service booklet, greek', 'E70, E60, E61', 1, to_date('20061201','YYYYMMDD'), to_date('20070301','YYYYMMDD'), '01490013090', '', '', false);
insert into DiagramParts values('FE82-01_0589-01490013089', 'FE82-01_0589', 12, 'Service booklet, Chinese', 'E70, E60, E61', 1, to_date('20061201','YYYYMMDD'), to_date('20070301','YYYYMMDD'), '01490013089', '', '', false);
insert into DiagramParts values('FE82-01_0589-01490013653', 'FE82-01_0589', 13, 'Service manual in Korean', 'E70, E60, E61', 1, to_date('20070301','YYYYMMDD'), to_date('20080901','YYYYMMDD'), '01490013653', '', '', false);
insert into Diagram values('FE82-01_0589','FE82-20060500','01-26','E70 X5 4.8i   BMW Service booklet 2004 - 2008','');
insert into DiagramParts values('FE82-01_0743-01400014282', 'FE82-01_0743', 01, 'Service booklet, German', 'E6X, E7X, MJ 08', 1, to_date('20070901','YYYYMMDD'), to_date('20080901','YYYYMMDD'), '01400014282', '', '', false);
insert into DiagramParts values('FE82-01_0743-01492601593', 'FE82-01_0743', 01, 'Service booklet, multi-lingual', 'MJ 2009', 1, to_date('20081001','YYYYMMDD'), to_date('20090301','YYYYMMDD'), '01492601593', '', '', false);
insert into DiagramParts values('FE82-01_0743-01410014283', 'FE82-01_0743', 02, 'Service booklet, English', 'E6X, E7X, MJ 08', 1, to_date('20070901','YYYYMMDD'), to_date('20080901','YYYYMMDD'), '01410014283', '', '', false);
insert into DiagramParts values('FE82-01_0743-01420014284', 'FE82-01_0743', 03, 'Service booklet, French', 'E6X, E7X, MJ 08', 1, to_date('20070901','YYYYMMDD'), to_date('20080901','YYYYMMDD'), '01420014284', '', '', false);
insert into DiagramParts values('FE82-01_0743-01430014285', 'FE82-01_0743', 04, 'Service booklet, Spanish', 'E6X, E7X, MJ 08', 1, to_date('20070901','YYYYMMDD'), to_date('20080901','YYYYMMDD'), '01430014285', '', '', false);
insert into DiagramParts values('FE82-01_0743-01440014286', 'FE82-01_0743', 05, 'Service booklet, Italian', 'E6X, E7X, MJ 08', 1, to_date('20070901','YYYYMMDD'), to_date('20080901','YYYYMMDD'), '01440014286', '', '', false);
insert into DiagramParts values('FE82-01_0743-01450014287', 'FE82-01_0743', 06, 'Service booklet, Swedish', 'E6X, E7X, MJ 08', 1, to_date('20070901','YYYYMMDD'), to_date('20080901','YYYYMMDD'), '01450014287', '', '', false);
insert into DiagramParts values('FE82-01_0743-01460014288', 'FE82-01_0743', 07, 'Service booklet, Dutch', 'E6X, E7X, MJ 08', 1, to_date('20070901','YYYYMMDD'), to_date('20080901','YYYYMMDD'), '01460014288', '', '', false);
insert into DiagramParts values('FE82-01_0743-01470014289', 'FE82-01_0743', 08, 'Service booklet, Arabic', 'E6X, E7X, MJ 08', 1, to_date('20070901','YYYYMMDD'), to_date('20080901','YYYYMMDD'), '01470014289', '', '', false);
insert into DiagramParts values('FE82-01_0743-01480014290', 'FE82-01_0743', 09, 'Service booklet, Danish', 'E6X, E7X, MJ 08', 1, to_date('20070901','YYYYMMDD'), to_date('20080901','YYYYMMDD'), '01480014290', '', '', false);
insert into DiagramParts values('FE82-01_0743-01490014291', 'FE82-01_0743', 10, 'Service booklet, Portuguese', 'E6X, E7X, MJ 08', 1, to_date('20070901','YYYYMMDD'), to_date('20080901','YYYYMMDD'), '01490014291', '', '', false);
insert into DiagramParts values('FE82-01_0743-01490014293', 'FE82-01_0743', 11, 'Service booklet, greek', 'E6X, E7X, MJ 08', 1, to_date('20070901','YYYYMMDD'), to_date('20080901','YYYYMMDD'), '01490014293', '', '', false);
insert into DiagramParts values('FE82-01_0743-01490014292', 'FE82-01_0743', 12, 'Service booklet, Chinese', 'E6X, E7X, MJ 08', 1, to_date('20070901','YYYYMMDD'), to_date('20080901','YYYYMMDD'), '01490014292', '', '', false);
insert into DiagramParts values('FE82-01_0743-01490014294', 'FE82-01_0743', 13, 'Service manual in Korean', 'E6X, E7X, MJ 08', 1, to_date('20070901','YYYYMMDD'), to_date('20080901','YYYYMMDD'), '01490014294', '', '', false);
insert into DiagramParts values('FE82-01_0743-01492600512', 'FE82-01_0743', 14, 'Service booklet, Romanian', 'E6X, E7X, MJ 08', 1, to_date('20080301','YYYYMMDD'), to_date('20080901','YYYYMMDD'), '01492600512', '', '', false);
insert into DiagramParts values('FE82-01_0743-01492600511', 'FE82-01_0743', 15, 'service manual, Russian', 'E6X, E7X, MJ 08', 1, to_date('20080301','YYYYMMDD'), to_date('20080901','YYYYMMDD'), '01492600511', '', '', false);
insert into Diagram values('FE82-01_0743','FE82-20060500','01-26','E70 X5 4.8i   BMW Service Manual 2008 - 2011','');
insert into Diagram values('FE82-01_1139','FE82-20060500','01-26','E70 X5 4.8i   BMW Service Manual from model year 2012','');
insert into Diagram values('FE82-01_0670','FE82-20060500','01-35','E70 X5 4.8i   battery charge calendar','');
insert into Diagram values('FE82-01_0635','FE82-20060500','01-60','E70 X5 4.8i   BMW form','');
insert into Diagram values('FE82-01_0639','FE82-20060500','01-65','E70 X5 4.8i   Labels BMW','');
insert into Diagram values('FE82-01_0612','FE82-20060500','01-70','E70 X5 4.8i   CD/DVD SIP German BMW','');
insert into DiagramParts values('FE82-01_0671-01399789699', 'FE82-01_0671', 01, 'CD literature', 'LITERATUR', 1, to_date('19820901','YYYYMMDD'), to_date('19901201','YYYYMMDD'), '01399789699', '$8.11', '', false);
insert into Diagram values('FE82-01_0671','FE82-20060500','01-70','E70 X5 4.8i   BMW CD/DVD miscellaneous','');
insert into Diagram values('FE82-01_0737','FE82-20060500','01-70','E70 X5 4.8i   CD/DVD SIP complete vehicle BMW','');
insert into Diagram values('FE82-01_1172','FE82-20060500','01-70','E70 X5 4.8i   DVD Web Based Training','');
insert into Diagram values('FE82-01_0855','FE82-20060500','01-94','E70 X5 4.8i   Samples, upholstery colors, leather/fabr','');
insert into Diagram values('FE82-01_0856','FE82-20060500','01-94','E70 X5 4.8i   Sample chart with interior moldings','');
insert into Diagram values('FE82-01_0857','FE82-20060500','01-94','E70 X5 4.8i   Sample chart with interior colors','');
insert into Diagram values('FE82-01_0863','FE82-20060500','01-94','E70 X5 4.8i   Sample chart with interior moldings','');
insert into Diagram values('FE82-11_3249','FE82-20060500','11-05','E70 X5 4.8i   Short Engine','');
insert into Diagram values('FE82-11_3250','FE82-20060500','11-10','E70 X5 4.8i   Engine block','');
insert into Diagram values('FE82-11_3251','FE82-20060500','11-10','E70 X5 4.8i   Engine Block Mounting Parts','');
insert into Diagram values('FE82-11_3252','FE82-20060500','11-10','E70 X5 4.8i   LOWER TIMING CASE','');
insert into Diagram values('FE82-11_3253','FE82-20060500','11-10','E70 X5 4.8i   UPPER TIMING CASE','');
insert into Diagram values('FE82-11_3561','FE82-20060500','11-10','E70 X5 4.8i   Oil pan bottom part, oil level indicator','');
insert into Diagram values('FE82-11_3988','FE82-20060500','11-10','E70 X5 4.8i   Oil pan upper part, oil level indicator','');
insert into Diagram values('FE82-11_3256','FE82-20060500','11-15','E70 X5 4.8i   Cylinder Head','');
insert into Diagram values('FE82-11_3257','FE82-20060500','11-15','E70 X5 4.8i   Cylinder Head Attached Parts','');
insert into Diagram values('FE82-11_3258','FE82-20060500','11-15','E70 X5 4.8i   Cylinder head cover','');
insert into Diagram values('FE82-11_3821','FE82-20060500','11-15','E70 X5 4.8i   Cylinder head cover/Mounting parts','');
insert into Diagram values('FE82-11_3830','FE82-20060500','11-15','E70 X5 4.8i   Crankcase-Ventilation','');
insert into Diagram values('FE82-11_3260','FE82-20060500','11-18','E70 X5 4.8i   Belt Drive-Vibration Damper','');
insert into Diagram values('FE82-11_3261','FE82-20060500','11-18','E70 X5 4.8i   Belt Drive Water Pump/Alternator','');
insert into Diagram values('FE82-11_3989','FE82-20060500','11-18','E70 X5 4.8i   Belt Drive Climate Compressor','');
insert into Diagram values('FE82-11_3263','FE82-20060500','11-20','E70 X5 4.8i   Crankshaft With Bearing Shells','');
insert into Diagram values('FE82-11_3264','FE82-20060500','11-20','E70 X5 4.8i   Crankshaft Connecting Rod','');
insert into Diagram values('FE82-11_3265','FE82-20060500','11-20','E70 X5 4.8i   Crankshaft-Pistons','');
insert into Diagram values('FE82-11_3266','FE82-20060500','11-20','E70 X5 4.8i   Flywheel automatic','');
insert into Diagram values('FE82-11_3267','FE82-20060500','11-25','E70 X5 4.8i   Timing gear, timing chain, cyl. 1-4','');
insert into Diagram values('FE82-11_3268','FE82-20060500','11-25','E70 X5 4.8i   Timing gear, timing chain, cyl. 5-8','');
insert into Diagram values('FE82-11_3269','FE82-20060500','11-25','E70 X5 4.8i   Valve timing gear, camshaft, inlet','');
insert into Diagram values('FE82-11_3270','FE82-20060500','11-25','E70 X5 4.8i   Valve timing gear, camshaft, outlet','');
insert into Diagram values('FE82-11_3606','FE82-20060500','11-25','E70 X5 4.8i   Valve timing gear,eccentr.shaft,actuator','');
insert into Diagram values('FE82-11_3271','FE82-20060500','11-30','E70 X5 4.8i   Lubrication system/Oil pump with drive','');
insert into Diagram values('FE82-11_3273','FE82-20060500','11-30','E70 X5 4.8i   Lubrication system-Oil filter','');
insert into Diagram values('FE82-11_3680','FE82-20060500','11-30','E70 X5 4.8i   Lubrication syst.,oil pump, single parts','');
insert into Diagram values('FE82-11_3990','FE82-20060500','11-30','E70 X5 4.8i   Oil supply - oil cooler connection','');
insert into Diagram values('FE82-11_3274','FE82-20060500','11-35','E70 X5 4.8i   Waterpump - Thermostat','');
insert into Diagram values('FE82-11_3275','FE82-20060500','11-35','E70 X5 4.8i   COOLING SYSTEM PIPE','');
insert into Diagram values('FE82-11_3276','FE82-20060500','11-35','E70 X5 4.8i   Cooling System Water Hoses','');
insert into Diagram values('FE82-11_3811','FE82-20060500','11-40','E70 X5 4.8i   Intake manifold system','');
insert into Diagram values('FE82-11_3278','FE82-20060500','11-45','E70 X5 4.8i   VACUUM PUMP WITH TUBES','');
insert into Diagram values('FE82-11_3279','FE82-20060500','11-50','E70 X5 4.8i   Exhaust manifold - oxygen sensors','');
insert into Diagram values('FE82-12_1139','FE82-20060500','12-05','E70 X5 4.8i   Sensors','');
insert into Diagram values('FE82-12_1312','FE82-20060500','12-05','E70 X5 4.8i   Ignition coil/spark plug','');
insert into Diagram values('FE82-12_1411','FE82-20060500','12-10','E70 X5 4.8i   Basic control unit DME / EK928_7','');
insert into Diagram values('FE82-12_1463','FE82-20060500','12-10','E70 X5 4.8i   Notice, basic control module for DME','');
insert into Diagram values('FE82-12_1403','FE82-20060500','12-20','E70 X5 4.8i   Generator','');
insert into Diagram values('FE82-12_1161','FE82-20060500','12-25','E70 X5 4.8i   Starter','');
insert into Diagram values('FE82-12_1154','FE82-20060500','12-28','E70 X5 4.8i   Engine wiring harness, engine module','');
insert into Diagram values('FE82-12_1155','FE82-20060500','12-28','E70 X5 4.8i   Engine wiring harness, fuel injectors','');
insert into Diagram values('FE82-12_1156','FE82-20060500','12-28','E70 X5 4.8i   wiring harness, engine ignition module','');
insert into Diagram values('FE82-12_1163','FE82-20060500','12-29','E70 X5 4.8i   BATTERY CABLE/CABLE STARTER','');
insert into Diagram values('FE82-12_1169','FE82-20060500','12-29','E70 X5 4.8i   DIVERSE SMALL PARTS','');
insert into Diagram values('FE82-12_1441','FE82-20060500','12-29','E70 X5 4.8i   Ground cable','');
insert into Diagram values('FE82-12_1376','FE82-20060500','12-30','E70 X5 4.8i   Interference-suppression band','');
insert into Diagram values('FE82-12_1249','FE82-20060500','12-32','E70 X5 4.8i   End cap','');
insert into Diagram values('FE82-12_1205','FE82-20060500','12-35','E70 X5 4.8i   RELAY MOTOR','');
insert into Diagram values('FE82-12_1396','FE82-20060500','12-35','E70 X5 4.8i   Control unit box','');
insert into Diagram values('FE82-13_0967','FE82-20060500','13-15','E70 X5 4.8i   Throttle Housing Assy','');
insert into Diagram values('FE82-13_0970','FE82-20060500','13-15','E70 X5 4.8i   VALVES/PIPES OF FUEL INJECTION SYSTEM','');
insert into Diagram values('FE82-13_1034','FE82-20060500','13-15','E70 X5 4.8i   FUEL TANK BREATHER VALVE','');
insert into Diagram values('FE82-13_1204','FE82-20060500','13-20','E70 X5 4.8i   Intake muffler/Filter cartridge/HFM','');
insert into Diagram values('FE82-13_1205','FE82-20060500','13-20','E70 X5 4.8i   Air duct','');
insert into Diagram values('FE82-16_0658','FE82-20060500','16-05','E70 X5 4.8i   Fuel tank/mounting parts','');
insert into Diagram values('FE82-16_0661','FE82-20060500','16-10','E70 X5 4.8i   Activated Charcoal Filter/FUEL VENTILAT','');
insert into Diagram values('FE82-16_0659','FE82-20060500','16-15','E70 X5 4.8i   Fuel pump and fuel level sensor','');
insert into Diagram values('FE82-16_0667','FE82-20060500','16-15','E70 X5 4.8i   Fuel pipes / Mounting parts','');
insert into Diagram values('FE82-16_0747','FE82-20060500','16-15','E70 X5 4.8i   Fuel line / fuel filter','');
insert into Diagram values('FE82-17_0394','FE82-20060500','17-05','','');
insert into Diagram values('FE82-17_0395','FE82-20060500','17-05','E70 X5 4.8i   Power steering cooler','');
insert into Diagram values('FE82-17_0396','FE82-20060500','17-05','E70 X5 4.8i   Fan shroud','');
insert into Diagram values('FE82-17_0397','FE82-20060500','17-05','E70 X5 4.8i   Expansion tank','');
insert into Diagram values('FE82-17_0399','FE82-20060500','17-05','E70 X5 4.8i   Heat exch./transmission oil cooler line','');
insert into Diagram values('FE82-17_0400','FE82-20060500','17-05','E70 X5 4.8i   Engine oil cooler/oil cooler line','');
insert into Diagram values('FE82-17_0401','FE82-20060500','17-30','E70 X5 4.8i   Cooling System Water Hoses','');
insert into Diagram values('FE82-18_0692','FE82-20060500','18-10','E70 X5 4.8i   Exhaust manifold with catalyst','');
insert into Diagram values('FE82-18_0693','FE82-20060500','18-10','E70 X5 4.8i   Lambda Probe Fixings','');
insert into Diagram values('FE82-18_0694','FE82-20060500','18-10','E70 X5 4.8i   FRONT MUFFLER','');
insert into Diagram values('FE82-18_0695','FE82-20060500','18-20','E70 X5 4.8i   Exhaust system, rear','');
insert into Diagram values('FE82-22_0132','FE82-20060500','22-05','E70 X5 4.8i   Engine Suspension','');
insert into Diagram values('FE82-22_0130','FE82-20060500','22-10','E70 X5 4.8i   Gearbox suspension','');
insert into Diagram values('FE82-24_1038','FE82-20060500','24-05','E70 X5 4.8i   Automatic transmiss. GA6HP26Z - 4-wheel','');
insert into Diagram values('FE82-24_1003','FE82-20060500','24-10','E70 X5 4.8i   GEARBOX MOUNTING','');
insert into Diagram values('FE82-24_1082','FE82-20060500','24-13','E70 X5 4.8i   Emergency release','');
insert into Diagram values('FE82-24_1095','FE82-20060500','24-13','E70 X5 4.8i   Emergency release','');
insert into Diagram values('FE82-24_1010','FE82-20060500','24-15','E70 X5 4.8i   GA6HP26Z oil pan','');
insert into Diagram values('FE82-24_1011','FE82-20060500','24-15','E70 X5 4.8i   GA6HP26Z gearshift parts','');
insert into Diagram values('FE82-24_1013','FE82-20060500','24-15','E70 X5 4.8i   GA6HP26Z Mechatronics','');
insert into Diagram values('FE82-24_1014','FE82-20060500','24-15','E70 X5 4.8i   GA6HP26Z Mechatronik mounting parts','');
insert into Diagram values('FE82-24_1071','FE82-20060500','24-15','E70 X5 4.8i   GA6HP26Z hous. attachm. parts, AWD','');
insert into Diagram values('FE82-24_1372','FE82-20060500','24-15','E70 X5 4.8i   Fluid-change kit, autom. transmission','');
insert into Diagram values('FE82-25_0446','FE82-20060500','25-15','E70 X5 4.8i   Gear selector switch','');
insert into Diagram values('FE82-25_0500','FE82-20060500','25-95','E70 X5 4.8i   Retrofit, gear selector grip, wood','');
insert into Diagram values('FE82-26_0234','FE82-20060500','26-05','E70 X5 4.8i   4-wheel drive shaft/Insert nut','');
insert into Diagram values('FE82-26_0233','FE82-20060500','26-10','E70 X5 4.8i   Hardy coupling/center bearing/insert nut','');
insert into Diagram values('FE82-27_0038','FE82-20060500','27-05','E70 X5 4.8i   Transfer case ATC 700','');
insert into Diagram values('FE82-27_0039','FE82-20060500','27-10','E70 X5 4.8i   Gearbox mounting / ventilation','');
insert into Diagram values('FE82-27_0040','FE82-20060500','27-15','E70 X5 4.8i   Transfer case, single parts ATC 700','');
insert into Diagram values('FE82-27_0041','FE82-20060500','27-20','E70 X5 4.8i   Control unit, transfer box','');
insert into Diagram values('FE82-31_0786','FE82-20060500','31-05','E70 X5 4.8i   Carrier / wheel bearing, front','');
insert into Diagram values('FE82-31_0789','FE82-20060500','31-05','E70 X5 4.8i   Frnt axle support,wishbone/tension strut','');
insert into Diagram values('FE82-31_0796','FE82-20060500','31-05','E70 X5 4.8i   HEADLIGHT VERTICAL AIM CONTROL SENSOR','');
insert into Diagram values('FE82-31_0831','FE82-20060500','31-05','E70 X5 4.8i   Carrier / wheel bearing, front','');
insert into Diagram values('FE82-31_0395','FE82-20060500','31-10','E70 X5 4.8i   FRONT COIL SPRING','');
insert into Diagram values('FE82-31_0787','FE82-20060500','31-10','E70 X5 4.8i   Stabilizer, front','');
insert into Diagram values('FE82-31_0788','FE82-20060500','31-10','E70 X5 4.8i   Front stabilizer bar/Dynamic Drive','');
insert into Diagram values('FE82-31_0790','FE82-20060500','31-10','E70 X5 4.8i   Valve block + add-on parts/Dynamic Drive','');
insert into Diagram values('FE82-31_0791','FE82-20060500','31-10','E70 X5 4.8i   MOUNTING PARTS F FRONT SPRING STRUT ASSY','');
insert into Diagram values('FE82-31_0795','FE82-20060500','31-10','E70 X5 4.8i   Strut front VDC / mounting parts','');
insert into Diagram values('FE82-31_0830','FE82-20060500','31-10','E70 X5 4.8i   COIL SPRING/GUIDE SUPPORT/ATTACH.PARTS','');
insert into Diagram values('FE82-31_0847','FE82-20060500','31-10','E70 X5 4.8i   Valve block + add-on parts/Dynamic Drive','');
insert into Diagram values('FE82-31_0794','FE82-20060500','31-15','E70 X5 4.8i   Final drive (front axle), parts, 4-wheel','');
insert into Diagram values('FE82-31_0798','FE82-20060500','31-15','E70 X5 4.8i   Final drive(frnt axle),ventilat./4-wheel','');
insert into Diagram values('FE82-31_0719','FE82-20060500','31-20','E70 X5 4.8i   Final drive(frnt axle),output shaft,4whl','');
insert into Diagram values('FE82-32_1676','FE82-20060500','32-10','E70 X5 4.8i   Hydro steering box','');
insert into Diagram values('FE82-32_1677','FE82-20060500','32-10','E70 X5 4.8i   Hydro steering box-Active steering (AFS)','');
insert into Diagram values('FE82-32_1679','FE82-20060500','32-10','E70 X5 4.8i   Control unit, active steering','');
insert into Diagram values('FE82-32_1689','FE82-20060500','32-15','E70 X5 4.8i   Power steering pump','');
insert into Diagram values('FE82-32_1690','FE82-20060500','32-15','E70 X5 4.8i   Power steering pump/Adaptive Drive','');
insert into Diagram values('FE82-32_1686','FE82-20060500','32-20','E70 X5 4.8i   OIL CARRIER/SINGLE PARTS','');
insert into Diagram values('FE82-32_1687','FE82-20060500','32-20','E70 X5 4.8i   Fluid tank/single parts/Adaptive Drive','');
insert into Diagram values('FE82-32_1691','FE82-20060500','32-20','E70 X5 4.8i   HYDRO STEERING-OIL PIPES','');
insert into Diagram values('FE82-32_1692','FE82-20060500','32-20','E70 X5 4.8i   Hydraulic steering lines/Adaptive Drive','');
insert into Diagram values('FE82-32_1722','FE82-20060500','32-20','E70 X5 4.8i   HYDRO STEERING-OIL PIPES','');
insert into Diagram values('FE82-32_1723','FE82-20060500','32-20','E70 X5 4.8i   Hydraulic steering lines/Adaptive Drive','');
insert into Diagram values('FE82-32_1678','FE82-20060500','32-25','E70 X5 4.8i   STEERING LINKAGE/TIE RODS','');
insert into Diagram values('FE82-32_1680','FE82-20060500','32-30','E70 X5 4.8i   Steering column, manual / steering shaft','');
insert into Diagram values('FE82-32_1681','FE82-20060500','32-30','E70 X5 4.8i   Steering column, electr./ steering shaft','');
insert into Diagram values('FE82-32_1682','FE82-20060500','32-35','E70 X5 4.8i   Leather steering wheel','');
insert into Diagram values('FE82-32_1683','FE82-20060500','32-35','E70 X5 4.8i   Airbag sports steering wheel, leather','');
insert into Diagram values('FE82-32_1729','FE82-20060500','32-35','E70 X5 4.8i   M sports steer.-wheel, airbag, leather','');
insert into Diagram values('FE82-32_1695','FE82-20060500','32-95','E70 X5 4.8i   Cover for sport steering wheel, wood','');
insert into Diagram values('FE82-32_1947','FE82-20060500','32-95','E70 X5 4.8i   Performance steering wheel','');
insert into DiagramParts values('FE82-33_1388-33121214443', 'FE82-33_1388', 08, 'Shaft seal', '50X78X10/15', 1, to_date('20090901','YYYYMMDD'), to_date('20110601','YYYYMMDD'), '33121214443', '', 'ENDED', false);
insert into Diagram values('FE82-33_1388','FE82-20060500','33-05','E70 X5 4.8i   DIFFERENTIAL-DRIVE/OUTPUT','');
insert into DiagramParts values('FE82-33_1387-33121214443', 'FE82-33_1387', 04, 'Shaft seal', '50X78X10/15', 1, to_date('20090901','YYYYMMDD'), to_date('20110601','YYYYMMDD'), '33121214443', '', 'ENDED', false);
insert into Diagram values('FE82-33_1387','FE82-20060500','33-10','E70 X5 4.8i   Final drive, gasket set','');
insert into Diagram values('FE82-33_1364','FE82-20060500','33-25','E70 X5 4.8i   Output shaft','');
insert into Diagram values('FE82-33_1374','FE82-20060500','33-30','E70 X5 4.8i   REAR AXLE CARRIER','');
insert into Diagram values('FE82-33_1375','FE82-20060500','33-30','E70 X5 4.8i   REAR AXLE SUPPORT/WHEEL SUSPENSION','');
insert into Diagram values('FE82-33_1392','FE82-20060500','33-30','E70 X5 4.8i   HEADLIGHT VERTICAL AIM CONTROL SENSOR','');
insert into Diagram values('FE82-33_1377','FE82-20060500','33-40','E70 X5 4.8i   SIDE SHAFT/WHEEL BEARINGS','');
insert into Diagram values('FE82-33_0857','FE82-20060500','33-45','E70 X5 4.8i   REAR COIL SPRING','');
insert into Diagram values('FE82-33_1378','FE82-20060500','33-45','E70 X5 4.8i   REAR SPRING STRUT MOUNTING PARTS','');
insert into Diagram values('FE82-33_1381','FE82-20060500','33-45','E70 X5 4.8i   Stabilizer, rear','');
insert into Diagram values('FE82-33_1382','FE82-20060500','33-45','E70 X5 4.8i   Rear stabilizer bar/Dynamic Drive','');
insert into Diagram values('FE82-33_1383','FE82-20060500','33-45','E70 X5 4.8i   Add-on parts/Dynamic Drive','');
insert into Diagram values('FE82-33_1385','FE82-20060500','33-45','E70 X5 4.8i   Strut, rear / VDC / control module','');
insert into Diagram values('FE82-33_1452','FE82-20060500','33-45','E70 X5 4.8i   Strut, rear / VDC / control module','');
insert into Diagram values('FE82-33_1389','FE82-20060500','33-50','E70 X5 4.8i   LEVELL.DEVICE, AIR SPRING AND CTRL UNIT','');
insert into Diagram values('FE82-34_1584','FE82-20060500','34-05','E70 X5 4.8i   Front brake pad wear sensor','');
insert into Diagram values('FE82-34_0976','FE82-20060500','34-07','E70 X5 4.8i   Front brake-brake disc','');
insert into Diagram values('FE82-34_1585','FE82-20060500','34-10','E70 X5 4.8i   Rear brake pad wear sensor','');
insert into Diagram values('FE82-34_1052','FE82-20060500','34-12','E70 X5 4.8i   Rear wheel brake-Brake disc','');
insert into Diagram values('FE82-34_1596','FE82-20060500','34-15','E70 X5 4.8i   Brake pipe, front','');
insert into Diagram values('FE82-34_1598','FE82-20060500','34-17','E70 X5 4.8i   Brake pipe rear','');
insert into DiagramParts values('FE82-34_1620-07119905528', 'FE82-34_1620', 14, 'Hex bolt with washer', 'M8X16', 2, to_date('20070401','YYYYMMDD'), to_date('20080301','YYYYMMDD'), '07119905528', '$0.62', '', false);
insert into DiagramParts values('FE82-34_1620-16126766234', 'FE82-34_1620', 19, 'Pipe clip', 'D12/2XD4,75', 1, to_date('20070401','YYYYMMDD'), to_date('20080301','YYYYMMDD'), '16126766234', '$2.05', '', false);
insert into DiagramParts values('FE82-34_1620-34326757282', 'FE82-34_1620', 22, 'Intermediate piece', 'M10X1', 1, to_date('20070401','YYYYMMDD'), to_date('20080301','YYYYMMDD'), '34326757282', '$4.08', '', false);
insert into DiagramParts values('FE82-34_1620-34326757285', 'FE82-34_1620', 23, 'Intermediate piece', 'M12X1', 1, to_date('20070401','YYYYMMDD'), to_date('20080301','YYYYMMDD'), '34326757285', '$4.08', '', false);
insert into Diagram values('FE82-34_1620','FE82-20060500','34-17','E70 X5 4.8i   Brake pipe rear','');
insert into Diagram values('FE82-34_1664','FE82-20060500','34-17','E70 X5 4.8i   Brake pipe rear','');
insert into Diagram values('FE82-34_1601','FE82-20060500','34-20','E70 X5 4.8i   Hydro unit DXC/fastening/sensors','');
insert into Diagram values('FE82-34_1592','FE82-20060500','34-25','E70 X5 4.8i   BRAKE MASTER CYLINDER/EXPANSION TANK','');
insert into Diagram values('FE82-34_1587','FE82-20060500','34-27','E70 X5 4.8i   Power brake unit depression','');
insert into Diagram values('FE82-34_1599','FE82-20060500','34-30','E70 X5 4.8i   Parking brake/actuator','');
insert into Diagram values('FE82-34_1600','FE82-20060500','34-40','E70 X5 4.8i   PARKING BRAKE/BRAKE SHOES','');
insert into Diagram values('FE82-35_0318','FE82-20060500','35-05','E70 X5 4.8i   Pedal assembly, automatic transmission','');
insert into Diagram values('FE82-35_0319','FE82-20060500','35-05','E70 X5 4.8i   Pedal assembly, automatic transmission','');
insert into Diagram values('FE82-35_0274','FE82-20060500','35-20','E70 X5 4.8i   Acceleration/accelerator pedal module','');
insert into Diagram values('FE82-35_0315','FE82-20060500','35-95','E70 X5 4.8i   Set of high-grade steel pedal covers','');
insert into Diagram values('FE82-35_0327','FE82-20060500','35-95','E70 X5 4.8i   BMW Performance Alu pedal plates','');
insert into Diagram values('FE82-35_0377','FE82-20060500','35-95','E70 X5 4.8i   Aluminum pedal covers','');
insert into Diagram values('FE82-36_1025','FE82-20060500','36-10','E70 X5 4.8i   BLACK STEEL EMERGENCY WHEEL','');
insert into Diagram values('FE82-36_1019','FE82-20060500','36-15','E70 X5 4.8i   BMW LA wheel, star spoke 209','');
insert into Diagram values('FE82-36_1020','FE82-20060500','36-15','E70 X5 4.8i   BMW LA wheel, star spoke 210','');
insert into Diagram values('FE82-36_1021','FE82-20060500','36-15','E70 X5 4.8i   BMW LA wheel Y-spoke 211','');
insert into Diagram values('FE82-36_1022','FE82-20060500','36-15','E70 X5 4.8i   BMW LA wheel, star spoke 212','');
insert into Diagram values('FE82-36_1023','FE82-20060500','36-15','E70 X5 4.8i   BMW LA wheel, star spoke 213','');
insert into Diagram values('FE82-36_1024','FE82-20060500','36-15','E70 X5 4.8i   BMW LA wheel Y-spoke 214','');
insert into Diagram values('FE82-36_1029','FE82-20060500','36-15','E70 X5 4.8i   BMW light alloy wheel, cross spoke 177','');
insert into Diagram values('FE82-36_1033','FE82-20060500','36-15','E70 X5 4.8i   BMW LA wheel, dual spoke 215','');
insert into Diagram values('FE82-36_1068','FE82-20060500','36-15','E70 X5 4.8i   BMW light alloy wheel, spider spoke 128','');
insert into Diagram values('FE82-36_1081','FE82-20060500','36-15','E70 X5 4.8i   BMW LA wheel V-spoke 239','');
insert into Diagram values('FE82-36_1125','FE82-20060500','36-15','E70 X5 4.8i   BMW LA wheel, V spoke 223','');
insert into Diagram values('FE82-36_1126','FE82-20060500','36-15','E70 X5 4.8i   BMW M LA wheel, V spoke 227','');
insert into Diagram values('FE82-36_1159','FE82-20060500','36-15','E70 X5 4.8i   BMW light alloy wheel, cross spoke 177','');
insert into Diagram values('FE82-36_1160','FE82-20060500','36-15','E70 X5 4.8i   BMW light alloy wheel, cross spoke 177','');
insert into Diagram values('FE82-36_1249','FE82-20060500','36-15','E70 X5 4.8i   BMW LA wheel, V-spoke 265 individual','');
insert into Diagram values('FE82-36_1438','FE82-20060500','36-15','E70 X5 4.8i   BMW LA wheel Y Spoke 337','');
insert into Diagram values('FE82-36_1446','FE82-20060500','36-15','E70 X5 4.8i   BMW LA wheel, star spoke 209','');
insert into Diagram values('FE82-36_1447','FE82-20060500','36-15','E70 X5 4.8i   BMW LA wheel, star spoke 210','');
insert into Diagram values('FE82-36_1488','FE82-20060500','36-15','E70 X5 4.8i   BMW LA wheel Streamline 297','');
insert into Diagram values('FE82-36_1489','FE82-20060500','36-15','E70 X5 4.8i   BMW LA wheel, Star Spoke 334','');
insert into Diagram values('FE82-36_1490','FE82-20060500','36-15','E70 X5 4.8i   BMW LA wheel Y Spoke 335','');
insert into Diagram values('FE82-36_1491','FE82-20060500','36-15','E70 X5 4.8i   BMW LA wheel Y Spoke 336','');
insert into Diagram values('FE82-36_1492','FE82-20060500','36-15','E70 X5 4.8i   BMW LA wheel, M Double Spoke 333','');
insert into Diagram values('FE82-36_1505','FE82-20060500','36-15','E70 X5 4.8i   BMW LA wheel Y Spoke 375 BMW Performance','');
insert into Diagram values('FE82-36_1679','FE82-20060500','36-15','E70 X5 4.8i   BMW LA wheel, M Double Spoke 310','');
insert into Diagram values('FE82-36_1724','FE82-20060500','36-15','E70 X5 4.8i   BMW LA wheel M Double Spoke 435','');
insert into Diagram values('FE82-36_0865','FE82-20060500','36-20','E70 X5 4.8i   Balance weight, zinc','');
insert into Diagram values('FE82-36_1032','FE82-20060500','36-25','E70 X5 4.8i   SET WHEEL LOCKS','');
insert into Diagram values('FE82-36_1777','FE82-20060500','36-25','E70 X5 4.8i   WHEEL BOLT LOCK WITH ADAPTOR','');
insert into Diagram values('FE82-36_1055','FE82-20060500','36-30','E70 X5 4.8i   Summer tires','');
insert into Diagram values('FE82-36_1072','FE82-20060500','36-30','E70 X5 4.8i   Winter tires','');
insert into Diagram values('FE82-36_1244','FE82-20060500','36-30','E70 X5 4.8i   All-season tire','');
insert into Diagram values('FE82-36_1078','FE82-20060500','36-95','E70 X5 4.8i   Winter complete wheel star spoke 209','');
insert into Diagram values('FE82-36_1088','FE82-20060500','36-95','E70 X5 4.8i   Retrofit emergency wheel','');
insert into Diagram values('FE82-36_1106','FE82-20060500','36-95','E70 X5 4.8i   Winterkomplettrad Kreuzspeiche 177 - 18"','');
insert into Diagram values('FE82-36_1167','FE82-20060500','36-95','E70 X5 4.8i   Winter complete wheel Y-spoke 211','');
insert into Diagram values('FE82-36_1217','FE82-20060500','36-95','E70 X5 4.8i   Winterkomplettrad V-Speiche 223M','');
insert into Diagram values('FE82-36_1278','FE82-20060500','36-95','E70 X5 4.8i   Winterkomplettrad Kreuzspeiche 177 - 19"','');
insert into Diagram values('FE82-36_1369','FE82-20060500','36-95','E70 X5 4.8i   Winter complete wheel Y Spoke 214','');
insert into Diagram values('FE82-41_1732','FE82-20060500','41-05','E70 X5 4.8i   Body skeleton','');
insert into Diagram values('FE82-41_1733','FE82-20060500','41-10','E70 X5 4.8i   WHEELHOUSE/ENGINE SUPPORT','');
insert into Diagram values('FE82-41_1734','FE82-20060500','41-10','E70 X5 4.8i   SPLASH WALL PARTS','');
insert into Diagram values('FE82-41_1735','FE82-20060500','41-10','E70 X5 4.8i   FRONT BODY BRACKET LEFT','');
insert into Diagram values('FE82-41_1736','FE82-20060500','41-10','E70 X5 4.8i   FRONT BODY BRACKET RIGHT','');
insert into Diagram values('FE82-41_1737','FE82-20060500','41-10','E70 X5 4.8i   Front side panel','');
insert into Diagram values('FE82-41_1791','FE82-20060500','41-10','E70 X5 4.8i   Front side panel/Mounting parts','');
insert into Diagram values('FE82-41_1738','FE82-20060500','41-20','E70 X5 4.8i   BODY-SIDE FRAME','');
insert into Diagram values('FE82-41_1739','FE82-20060500','41-20','E70 X5 4.8i   SINGLE COMPONENTS FOR BODY-SIDE FRAME','');
insert into Diagram values('FE82-41_1740','FE82-20060500','41-20','E70 X5 4.8i   Cavity shielding, side frame','');
insert into Diagram values('FE82-41_1741','FE82-20060500','41-25','E70 X5 4.8i   FLOOR PARTS REAR INTERIOR','');
insert into Diagram values('FE82-41_1742','FE82-20060500','41-25','E70 X5 4.8i   Rear body','');
insert into Diagram values('FE82-41_1743','FE82-20060500','41-25','E70 X5 4.8i   REAR WHEELHOUSE/FLOOR PARTS','');
insert into Diagram values('FE82-41_1744','FE82-20060500','41-25','E70 X5 4.8i   SIDE PANEL/TAIL TRIM','');
insert into Diagram values('FE82-41_1792','FE82-20060500','41-25','E70 X5 4.8i   FILL-IN FLAP','');
insert into Diagram values('FE82-41_1782','FE82-20060500','41-30','E70 X5 4.8i   Roof','');
insert into Diagram values('FE82-41_1747','FE82-20060500','41-35','E70 X5 4.8i   ENGINE HOOD/MOUNTING PARTS','');
insert into Diagram values('FE82-41_1748','FE82-20060500','41-40','E70 X5 4.8i   FRONT DOOR-HINGE/DOOR BRAKE','');
insert into Diagram values('FE82-41_1888','FE82-20060500','41-40','E70 X5 4.8i   Door, front','');
insert into Diagram values('FE82-41_1752','FE82-20060500','41-45','E70 X5 4.8i   Door rear, hinge/door brake','');
insert into Diagram values('FE82-41_1889','FE82-20060500','41-45','E70 X5 4.8i   Door, rear','');
insert into Diagram values('FE82-41_1749','FE82-20060500','41-50','E70 X5 4.8i   Key','');
insert into Diagram values('FE82-41_1755','FE82-20060500','41-50','E70 X5 4.8i   Master key locking','');
insert into Diagram values('FE82-41_1756','FE82-20060500','41-60','E70 X5 4.8i   Trunk lid','');
insert into Diagram values('FE82-41_1757','FE82-20060500','41-60','E70 X5 4.8i   Trunk lid, bottom','');
insert into Diagram values('FE82-41_1890','FE82-20060500','41-60','E70 X5 4.8i   Trunk lid','');
insert into Diagram values('FE82-41_2124','FE82-20060500','41-60','E70 X5 4.8i   Mounting parts, trunk lid','');
insert into Diagram values('FE82-41_1758','FE82-20060500','41-65','E70 X5 4.8i   MECHANICAL CONNECTION ELEMENTS','');
insert into Diagram values('FE82-51_6353','FE82-20060500','51-05','E70 X5 4.8i   Glazing','');
insert into Diagram values('FE82-51_6354','FE82-20060500','51-05','E70 X5 4.8i   Window mounting parts','');
insert into Diagram values('FE82-51_7166','FE82-20060500','51-05','E70 X5 4.8i   Glazing for security vehicle','');
insert into Diagram values('FE82-51_8719','FE82-20060500','51-05','E70 X5 4.8i   Glazing','');
insert into Diagram values('FE82-51_6360','FE82-20060500','51-07','E70 X5 4.8i   Exterior mirror (S430A)','');
insert into Diagram values('FE82-51_6362','FE82-20060500','51-07','E70 X5 4.8i   MIRROR GLASS','');
insert into Diagram values('FE82-51_6363','FE82-20060500','51-07','E70 X5 4.8i   MIRROR GLASS','');
insert into Diagram values('FE82-51_8989','FE82-20060500','51-07','E70 X5 4.8i   Outside mirror','');
insert into Diagram values('FE82-51_6356','FE82-20060500','51-10','E70 X5 4.8i   DOOR WINDOW LIFTING MECHANISM FRONT','');
insert into Diagram values('FE82-51_6373','FE82-20060500','51-10','E70 X5 4.8i   Trim and seals for door, front','');
insert into Diagram values('FE82-51_7760','FE82-20060500','51-10','E70 X5 4.8i   Closing system, door, front, I','');
insert into Diagram values('FE82-51_7761','FE82-20060500','51-10','E70 X5 4.8i   Closing system, door, front, II','');
insert into Diagram values('FE82-51_6357','FE82-20060500','51-12','E70 X5 4.8i   DOOR WINDOW LIFTING MECHANISM REAR','');
insert into Diagram values('FE82-51_6374','FE82-20060500','51-12','E70 X5 4.8i   Trim and seals for door, rear','');
insert into Diagram values('FE82-51_7775','FE82-20060500','51-12','E70 X5 4.8i   Closing system, door, rear, II','');
insert into Diagram values('FE82-51_7776','FE82-20060500','51-12','E70 X5 4.8i   Closing system, door, rear, I','');
insert into Diagram values('FE82-51_6364','FE82-20060500','51-15','E70 X5 4.8i   Carrier, bumper front','');
insert into Diagram values('FE82-51_6365','FE82-20060500','51-15','E70 X5 4.8i   Trim panel, bumper, front','');
insert into Diagram values('FE82-51_6366','FE82-20060500','51-15','E70 X5 4.8i   FRONT BUMPER MOUNTING PARTS','');
insert into Diagram values('FE82-51_6428','FE82-20060500','51-15','E70 X5 4.8i   Air duct','');
insert into Diagram values('FE82-51_6649','FE82-20060500','51-15','E70 X5 4.8i   M Trim, front','');
insert into Diagram values('FE82-51_6720','FE82-20060500','51-15','E70 X5 4.8i   M Trim cover, front II','');
insert into Diagram values('FE82-51_6371','FE82-20060500','51-16','E70 X5 4.8i   Cover, wheel arch / sill','');
insert into Diagram values('FE82-51_6372','FE82-20060500','51-16','E70 X5 4.8i   Cover wheel arch / footboard','');
insert into Diagram values('FE82-51_6653','FE82-20060500','51-16','E70 X5 4.8i   M wheel arch cover/ sill','');
insert into Diagram values('FE82-51_6367','FE82-20060500','51-17','E70 X5 4.8i   Carrier, rear','');
insert into Diagram values('FE82-51_6368','FE82-20060500','51-17','E70 X5 4.8i   Trim cover, rear','');
insert into Diagram values('FE82-51_6654','FE82-20060500','51-17','E70 X5 4.8i   M Trim, rear','');
insert into Diagram values('FE82-51_6370','FE82-20060500','51-20','E70 X5 4.8i   Emblems / letterings','');
insert into Diagram values('FE82-51_6375','FE82-20060500','51-20','E70 X5 4.8i   Roof moulding/Roof rail','');
insert into Diagram values('FE82-51_7134','FE82-20060500','51-20','E70 X5 4.8i   Emblems / badges X DRIVE','');
insert into Diagram values('FE82-51_6401','FE82-20060500','51-30','E70 X5 4.8i   Carrier instrument panel','');
insert into Diagram values('FE82-51_6402','FE82-20060500','51-30','E70 X5 4.8i   Trim panel dashboard','');
insert into Diagram values('FE82-51_6411','FE82-20060500','51-30','E70 X5 4.8i   GLOVE BOX','');
insert into Diagram values('FE82-51_9129','FE82-20060500','51-30','E70 X5 4.8i   Mounting parts, I-panel, bottom','');
insert into Diagram values('FE82-51_6412','FE82-20060500','51-35','E70 X5 4.8i   Mount, center console','');
insert into Diagram values('FE82-51_6413','FE82-20060500','51-35','E70 X5 4.8i   Mounting parts, center console','');
insert into Diagram values('FE82-51_6419','FE82-20060500','51-35','E70 X5 4.8i   Mounting parts, center console, rear','');
insert into Diagram values('FE82-51_6423','FE82-20060500','51-35','E70 X5 4.8i   Storage tray, center console','');
insert into Diagram values('FE82-51_6424','FE82-20060500','51-35','E70 X5 4.8i   Armrest, centre console','');
insert into Diagram values('FE82-51_6310','FE82-20060500','51-40','E70 X5 4.8i   Headlining','');
insert into Diagram values('FE82-51_6320','FE82-20060500','51-40','E70 X5 4.8i   Sun visors','');
insert into Diagram values('FE82-51_6321','FE82-20060500','51-40','E70 X5 4.8i   Trim panel A- / B- / C- / D-Column','');
insert into Diagram values('FE82-51_6398','FE82-20060500','51-40','E70 X5 4.8i   Interior mirror','');
insert into Diagram values('FE82-51_8795','FE82-20060500','51-40','E70 X5 4.8i   Covers for interior rearview mirror','');
insert into Diagram values('FE82-51_6433','FE82-20060500','51-45','E70 X5 4.8i   Interior trim finishers','');
insert into Diagram values('FE82-51_6325','FE82-20060500','51-50','E70 X5 4.8i   Door trim panel, front','');
insert into Diagram values('FE82-51_6333','FE82-20060500','51-50','E70 X5 4.8i   Door trim, rear','');
insert into Diagram values('FE82-51_6334','FE82-20060500','51-50','E70 X5 4.8i   Door trim, rear','');
insert into Diagram values('FE82-51_6399','FE82-20060500','51-50','E70 X5 4.8i   Roller sun vizor, rear door','');
insert into Diagram values('FE82-51_7169','FE82-20060500','51-50','E70 X5 4.8i   Door trim panel, front','');
insert into Diagram values('FE82-51_7180','FE82-20060500','51-50','E70 X5 4.8i   Door trim, rear','');
insert into Diagram values('FE82-51_7593','FE82-20060500','51-50','E70 X5 4.8i   Door trim panel, front','');
insert into Diagram values('FE82-51_7594','FE82-20060500','51-50','E70 X5 4.8i   Door trim, rear','');
insert into Diagram values('FE82-51_6342','FE82-20060500','51-55','E70 X5 4.8i   FLOOR COVERING','');
insert into Diagram values('FE82-51_6387','FE82-20060500','51-55','E70 X5 4.8i   EDGE PROTECTION/COVERINGS ROCKERS','');
insert into DiagramParts values('FE82-51_6397-51477250433', 'FE82-51_6397', 01, 'Set of floor mats Velours', 'BEIGE', 1, to_date('20100101','YYYYMMDD'), to_date('20101201','YYYYMMDD'), '51477250433', '', '', false);
insert into DiagramParts values('FE82-51_6397-51477250430', 'FE82-51_6397', 02, 'Footmat, velours, for 3rd row seats', 'TABAK', 1, to_date('20111201','YYYYMMDD'), to_date('20120901','YYYYMMDD'), '51477250430', '', 'ENDED', false);
insert into Diagram values('FE82-51_6397','FE82-20060500','51-55','E70 X5 4.8i   Floor mats, velours','');
insert into Diagram values('FE82-51_6400','FE82-20060500','51-55','E70 X5 4.8i   TRIM PANEL LEG ROOM','');
insert into Diagram values('FE82-51_6346','FE82-20060500','51-60','E70 X5 4.8i   NETTED BLIND F SIGHT PROTECTION','');
insert into Diagram values('FE82-51_6343','FE82-20060500','51-65','E70 X5 4.8i   LATERAL TRUNK FLOOR TRIM PANEL','');
insert into Diagram values('FE82-51_6347','FE82-20060500','51-65','E70 X5 4.8i   Trim panel, trunk floor','');
insert into Diagram values('FE82-51_6382','FE82-20060500','51-65','E70 X5 4.8i   Trim panel, trunk floor','');
insert into Diagram values('FE82-51_6405','FE82-20060500','51-65','E70 X5 4.8i   TRUNK LID TRIM PANEL','');
insert into Diagram values('FE82-51_6408','FE82-20060500','51-70','E70 X5 4.8i   SOUND INSULATING REAR','');
insert into Diagram values('FE82-51_6409','FE82-20060500','51-70','E70 X5 4.8i   SOUND INSULATING FRONT','');
insert into Diagram values('FE82-51_6410','FE82-20060500','51-70','E70 X5 4.8i   Heat insulation','');
insert into Diagram values('FE82-51_7518','FE82-20060500','51-70','E70 X5 4.8i   Wheel arch trim, front','');
insert into Diagram values('FE82-51_6430','FE82-20060500','51-75','E70 X5 4.8i   Mounting parts, engine compartment','');
insert into Diagram values('FE82-51_6431','FE82-20060500','51-75','E70 X5 4.8i   Underfloor coating','');
insert into Diagram values('FE82-51_6429','FE82-20060500','51-80','E70 X5 4.8i   Reinforcement, body','');
insert into Diagram values('FE82-51_6443','FE82-20060500','51-80','E70 X5 4.8i   Various body parts','');
insert into Diagram values('FE82-51_6609','FE82-20060500','51-80','E70 X5 4.8i   Sealing cap/plug','');
insert into Diagram values('FE82-51_4577','FE82-20060500','51-95','E70 X5 4.8i   Floor Mat Set','');
insert into Diagram values('FE82-51_4635','FE82-20060500','51-95','E70 X5 4.8i   Exterior mirror for towing','');
insert into Diagram values('FE82-51_4643','FE82-20060500','51-95','E70 X5 4.8i   Non-skid mat','');
insert into Diagram values('FE82-51_4646','FE82-20060500','51-95','E70 X5 4.8i   Boot/trunk floor net','');
insert into Diagram values('FE82-51_4694','FE82-20060500','51-95','E70 X5 4.8i   Aluminum footrest','');
insert into Diagram values('FE82-51_4698','FE82-20060500','51-95','E70 X5 4.8i   Boot lashing strap','');
insert into Diagram values('FE82-51_5244','FE82-20060500','51-95','E70 X5 4.8i   Luggage compartment pan','');
insert into Diagram values('FE82-51_5362','FE82-20060500','51-95','E70 X5 4.8i   Luggage compartment, folding','');
insert into Diagram values('FE82-51_5688','FE82-20060500','51-95','E70 X5 4.8i   Luggage compatment box "multifix"','');
insert into Diagram values('FE82-51_5738','FE82-20060500','51-95','E70 X5 4.8i   Umbrella with bag','');
insert into Diagram values('FE82-51_5739','FE82-20060500','51-95','E70 X5 4.8i   Storage sleeve DVD/CD','');
insert into Diagram values('FE82-51_5799','FE82-20060500','51-95','E70 X5 4.8i   Fitted luggage compartment mat','');
insert into Diagram values('FE82-51_5867','FE82-20060500','51-95','E70 X5 4.8i   Underride portection, front','');
insert into Diagram values('FE82-51_6081','FE82-20060500','51-95','E70 X5 4.8i   Luggage-compartment securing belts','');
insert into Diagram values('FE82-51_6165','FE82-20060500','51-95','E70 X5 4.8i   Luggage compartment clamping belts','');
insert into Diagram values('FE82-51_6267','FE82-20060500','51-95','E70 X5 4.8i   Aerodynamics package','');
insert into Diagram values('FE82-51_6283','FE82-20060500','51-95','E70 X5 4.8i   Load compartment protective cover','');
insert into Diagram values('FE82-51_6327','FE82-20060500','51-95','E70 X5 4.8i   Retrofit Lashing rail system','');
insert into Diagram values('FE82-51_6332','FE82-20060500','51-95','E70 X5 4.8i   Illuminated door sill strip retrofit kit','');
insert into Diagram values('FE82-51_6336','FE82-20060500','51-95','E70 X5 4.8i   Retrofit, ashtray, rear door','');
insert into Diagram values('FE82-51_6376','FE82-20060500','51-95','E70 X5 4.8i   Retrofit, roof rail','');
insert into Diagram values('FE82-51_6377','FE82-20060500','51-95','E70 X5 4.8i   Retrofit, alu running board','');
insert into Diagram values('FE82-51_6392','FE82-20060500','51-95','E70 X5 4.8i   Retrofit: trunk room net','');
insert into Diagram values('FE82-51_6393','FE82-20060500','51-95','E70 X5 4.8i   Retrofit burr walnut wood trim','');
insert into Diagram values('FE82-51_6394','FE82-20060500','51-95','E70 X5 4.8i   Retrofit in aluminium interior strips','');
insert into Diagram values('FE82-51_6395','FE82-20060500','51-95','E70 X5 4.8i   Retrofit dark Bamboo wood-grain trim','');
insert into Diagram values('FE82-51_6396','FE82-20060500','51-95','E70 X5 4.8i   Retrofit light poplar wood-grain trim','');
insert into Diagram values('FE82-51_6444','FE82-20060500','51-95','E70 X5 4.8i   Retrofit Lashing rail system','');
insert into Diagram values('FE82-51_6445','FE82-20060500','51-95','E70 X5 4.8i   Retrofit: trunk room net left','');
insert into Diagram values('FE82-51_6466','FE82-20060500','51-95','E70 X5 4.8i   Luggage net','');
insert into Diagram values('FE82-51_6467','FE82-20060500','51-95','E70 X5 4.8i   Cargo area reversible mat','');
insert into Diagram values('FE82-51_6469','FE82-20060500','51-95','E70 X5 4.8i   Sunshade','');
insert into Diagram values('FE82-51_6477','FE82-20060500','51-95','E70 X5 4.8i   Key fob','');
insert into Diagram values('FE82-51_6482','FE82-20060500','51-95','E70 X5 4.8i   Door sill strip retrofit kit st. steel','');
insert into Diagram values('FE82-51_6579','FE82-20060500','51-95','E70 X5 4.8i   Floor mats, velours','');
insert into Diagram values('FE82-51_6581','FE82-20060500','51-95','E70 X5 4.8i   Rubber floor mats','');
insert into Diagram values('FE82-51_6639','FE82-20060500','51-95','E70 X5 4.8i   Protective loading edge mat','');
insert into Diagram values('FE82-51_6695','FE82-20060500','51-95','E70 X5 4.8i   Storage net, footwell, front','');
insert into Diagram values('FE82-51_6879','FE82-20060500','51-95','E70 X5 4.8i   Retrofit, M aerodynamic kit','');
insert into Diagram values('FE82-51_6969','FE82-20060500','51-95','E70 X5 4.8i   Floor mats Cross Country','');
insert into Diagram values('FE82-51_6979','FE82-20060500','51-95','E70 X5 4.8i   License plate bracket, self-illuminated','');
insert into Diagram values('FE82-51_7034','FE82-20060500','51-95','E70 X5 4.8i   Sun blind strips','');
insert into Diagram values('FE82-51_7061','FE82-20060500','51-95','E70 X5 4.8i   Non-skid mat','');
insert into Diagram values('FE82-51_7192','FE82-20060500','51-95','E70 X5 4.8i   Retrofit trim grill','');
insert into Diagram values('FE82-51_7203','FE82-20060500','51-95','E70 X5 4.8i   Cargo area partition net 1st seat row','');
insert into Diagram values('FE82-51_7236','FE82-20060500','51-95','E70 X5 4.8i   Footmat update','');
insert into Diagram values('FE82-51_7390','FE82-20060500','51-95','E70 X5 4.8i   Floor mat, rubber','');
insert into Diagram values('FE82-51_7515','FE82-20060500','51-95','E70 X5 4.8i   Dog Guard','');
insert into Diagram values('FE82-51_7665','FE82-20060500','51-95','E70 X5 4.8i   Interior equipment, upper','');
insert into Diagram values('FE82-51_7713','FE82-20060500','51-95','E70 X5 4.8i   Multifunct.lugg.compartm.mat w.fold.cont','');
insert into Diagram values('FE82-51_8051','FE82-20060500','51-95','E70 X5 4.8i   First-aid kit, universal','');
insert into Diagram values('FE82-51_8198','FE82-20060500','51-95','E70 X5 4.8i   Performance Aerodynamics Package','');
insert into Diagram values('FE82-51_8316','FE82-20060500','51-95','E70 X5 4.8i   Adaptive Attachment System','');
insert into Diagram values('FE82-51_8336','FE82-20060500','51-95','E70 X5 4.8i   Trunk room net, lateral','');
insert into Diagram values('FE82-51_8356','FE82-20060500','51-95','E70 X5 4.8i   Smoker package','');
insert into Diagram values('FE82-51_8522','FE82-20060500','51-95','E70 X5 4.8i   Travel & Comfort System','');
insert into Diagram values('FE82-51_8703','FE82-20060500','51-95','E70 X5 4.8i   Pocket set in interior','');
insert into DiagramParts values('FE82-52_3302-52109149528', 'FE82-52_3302', 01, 'Headrest imitation leather', 'BEIGE', 2, to_date('20070901','YYYYMMDD'), to_date('20100601','YYYYMMDD'), '52109149528', '', '', false);
insert into DiagramParts values('FE82-52_3302-52109149527', 'FE82-52_3302', 01, 'Headrest imitation leather', 'SCHWARZ', 2, to_date('20070901','YYYYMMDD'), to_date('20100601','YYYYMMDD'), '52109149527', '', '', false);
insert into DiagramParts values('FE82-52_3302-52109149535', 'FE82-52_3302', 01, 'Headrest imitation leather', 'SCHWARZ', 2, to_date('20070901','YYYYMMDD'), to_date('20100601','YYYYMMDD'), '52109149535', '$211.69', '', false);
insert into DiagramParts values('FE82-52_3302-52109149536', 'FE82-52_3302', 01, 'Headrest imitation leather', 'BEIGE', 2, to_date('20070901','YYYYMMDD'), to_date('20100601','YYYYMMDD'), '52109149536', '$211.69', '', false);
insert into DiagramParts values('FE82-52_3302-52109169585', 'FE82-52_3302', 05, 'Repair kit, crash-active head restraint', 'GEN 1', 2, to_date('20070901','YYYYMMDD'), to_date('20100601','YYYYMMDD'), '52109169585', '$112.83', '', false);
insert into Diagram values('FE82-52_3302','FE82-20060500','52-10','E70 X5 4.8i   Seat, front, head restraint, base seat','');
insert into Diagram values('FE82-52_3303','FE82-20060500','52-10','E70 X5 4.8i   Seat, front, head restraint Comfort seat','');
insert into Diagram values('FE82-52_3304','FE82-20060500','52-10','E70 X5 4.8i   Seat, front, head restraint, Sport seat','');
insert into DiagramParts values('FE82-52_3305-52107287241', 'FE82-52_3305', 03, 'SEAT COVER LEATHER', 'ZIMTBRAUN', 2, to_date('20091001','YYYYMMDD'), to_date('20100401','YYYYMMDD'), '52107287241', '', '', false);
insert into Diagram values('FE82-52_3305','FE82-20060500','52-10','E70 X5 4.8i   Seat front, upholstery & cover base seat','');
insert into Diagram values('FE82-52_3306','FE82-20060500','52-10','E70 X5 4.8i   Seat front, uphlstry/cover, Comfort seat','');
insert into Diagram values('FE82-52_3307','FE82-20060500','52-10','E70 X5 4.8i   Seat, front, uphlstry, cover, Sport seat','');
insert into Diagram values('FE82-52_3311','FE82-20060500','52-10','E70 X5 4.8i   SEAT FRONT SEAT COVERINGS','');
insert into Diagram values('FE82-52_3312','FE82-20060500','52-10','E70 X5 4.8i   Seat, front, seat frame','');
insert into Diagram values('FE82-52_3313','FE82-20060500','52-10','E70 X5 4.8i   Seat, front, backrest frame','');
insert into Diagram values('FE82-52_3314','FE82-20060500','52-10','E70 X5 4.8i   Seat, front, lumbar Active seat','');
insert into Diagram values('FE82-52_3316','FE82-20060500','52-10','E70 X5 4.8i   Seat, front, electrical and motors','');
insert into Diagram values('FE82-52_3317','FE82-20060500','52-10','E70 X5 4.8i   Seat, front, electrical/motors, backrest','');
insert into Diagram values('FE82-52_3336','FE82-20060500','52-20','E70 X5 4.8i   Seat rear, upholstery & cover base seat','');
insert into DiagramParts values('FE82-52_3337-52207226622', 'FE82-52_3337', 01, 'Frame, backrest left', 'GRAU', 1, to_date('20080601','YYYYMMDD'), to_date('20090101','YYYYMMDD'), '52207226622', '', 'ENDED', false);
insert into DiagramParts values('FE82-52_3337-52207226618', 'FE82-52_3337', 01, 'Frame, backrest left', 'GRAU', 1, to_date('20080601','YYYYMMDD'), to_date('20090101','YYYYMMDD'), '52207226618', '', 'ENDED', false);
insert into DiagramParts values('FE82-52_3337-52207248083', 'FE82-52_3337', 01, 'Frame, backrest left', 'TABAK', 1, to_date('20080601','YYYYMMDD'), to_date('20091001','YYYYMMDD'), '52207248083', '', '', false);
insert into DiagramParts values('FE82-52_3337-52207248081', 'FE82-52_3337', 01, 'Frame, backrest left', 'BEIGE', 1, to_date('20080601','YYYYMMDD'), to_date('20091001','YYYYMMDD'), '52207248081', '', '', false);
insert into DiagramParts values('FE82-52_3337-52207248080', 'FE82-52_3337', 01, 'Frame, backrest left', 'ANTHRAZIT', 1, to_date('20080601','YYYYMMDD'), to_date('20091001','YYYYMMDD'), '52207248080', '', '', false);
insert into Diagram values('FE82-52_3337','FE82-20060500','52-20','E70 X5 4.8i   Seat, rear, seat frame, left','');
insert into Diagram values('FE82-52_3338','FE82-20060500','52-20','E70 X5 4.8i   Seat, rear, mount for backrest','');
insert into DiagramParts values('FE82-52_3339-52207213805', 'FE82-52_3339', 01, 'Frame, backrest right', 'GRAU', 1, to_date('20080601','YYYYMMDD'), to_date('20090101','YYYYMMDD'), '52207213805', '', 'ENDED', false);
insert into DiagramParts values('FE82-52_3339-52207213806', 'FE82-52_3339', 01, 'Frame, backrest right', 'TABAK', 1, to_date('20080601','YYYYMMDD'), to_date('20090101','YYYYMMDD'), '52207213806', '', 'ENDED', false);
insert into DiagramParts values('FE82-52_3339-52207213804', 'FE82-52_3339', 01, 'Frame, backrest right', 'BEIGE', 1, to_date('20080601','YYYYMMDD'), to_date('20090101','YYYYMMDD'), '52207213804', '', 'ENDED', false);
insert into DiagramParts values('FE82-52_3339-52207213803', 'FE82-52_3339', 01, 'Frame, backrest right', 'ANTHRAZIT', 1, to_date('20080601','YYYYMMDD'), to_date('20090101','YYYYMMDD'), '52207213803', '', 'ENDED', false);
insert into Diagram values('FE82-52_3339','FE82-20060500','52-20','E70 X5 4.8i   Seat, rear, seat frame, right','');
insert into Diagram values('FE82-52_3340','FE82-20060500','52-20','E70 X5 4.8i   Rear seat head restraint','');
insert into Diagram values('FE82-52_3341','FE82-20060500','52-20','E70 X5 4.8i   Seat, rear, center armrest, Basis','');
insert into Diagram values('FE82-52_3343','FE82-20060500','52-20','E70 X5 4.8i   Seat, rear, seat trim covers, left','');
insert into Diagram values('FE82-52_3344','FE82-20060500','52-20','E70 X5 4.8i   Seat, rear, seat trim covers, right','');
insert into Diagram values('FE82-52_3345','FE82-20060500','52-20','E70 X5 4.8i   Seat rear, upholstery & cover base seat','');
insert into Diagram values('FE82-52_3352','FE82-20060500','52-20','E70 X5 4.8i   Seat, rear, pad and cover, 3rd row','');
insert into Diagram values('FE82-52_3353','FE82-20060500','52-20','E70 X5 4.8i   Rear seat head restraint','');
insert into Diagram values('FE82-52_3354','FE82-20060500','52-20','E70 X5 4.8i   Seat, rear, center console','');
insert into Diagram values('FE82-52_3355','FE82-20060500','52-20','E70 X5 4.8i   Seat, rear, seat frame, 3rd row','');
insert into Diagram values('FE82-52_3356','FE82-20060500','52-20','E70 X5 4.8i   Seat, rear, seat trim covers','');
insert into Diagram values('FE82-52_3357','FE82-20060500','52-20','E70 X5 4.8i   Seat rear, center armrest, multifunction','');
insert into Diagram values('FE82-52_3358','FE82-20060500','52-20','E70 X5 4.8i   Rear seat ski bag','');
insert into Diagram values('FE82-52_3359','FE82-20060500','52-20','E70 X5 4.8i   Seat, rear, seat frame, left','');
insert into Diagram values('FE82-52_3360','FE82-20060500','52-20','E70 X5 4.8i   Seat, rear, seat frame, right','');
insert into Diagram values('FE82-52_3415','FE82-20060500','52-20','E70 X5 4.8i   Seat, rear, seat trim covers, left','');
insert into Diagram values('FE82-52_3490','FE82-20060500','52-20','E70 X5 4.8i   Seat, rear, head restraint, center','');
insert into Diagram values('FE82-52_3015','FE82-20060500','52-95','E70 X5 4.8i   UNIVERSAL PRODECTIVE REAR COVER','');
insert into Diagram values('FE82-52_3043','FE82-20060500','52-95','E70 X5 4.8i   Belt holder','');
insert into Diagram values('FE82-52_3269','FE82-20060500','52-95','E70 X5 4.8i   Seat-back storage pocket','');
insert into Diagram values('FE82-52_3342','FE82-20060500','52-95','E70 X5 4.8i   Rear guard cover','');
insert into Diagram values('FE82-52_3376','FE82-20060500','52-95','E70 X5 4.8i   Lambskin seat cover','');
insert into Diagram values('FE82-52_3798','FE82-20060500','52-95','E70 X5 4.8i   Storage pocket, rear, BMW Lines','');
insert into Diagram values('FE82-52_3799','FE82-20060500','52-95','E70 X5 4.8i   Backrest pocket BMW Lines','');
insert into Diagram values('FE82-54_0358','FE82-20060500','54-05','E70 X5 4.8i   Panorama roof mounting parts','');
insert into Diagram values('FE82-54_0359','FE82-20060500','54-05','E70 X5 4.8i   Electric panoramic roof','');
insert into Diagram values('FE82-54_0435','FE82-20060500','54-05','E70 X5 4.8i   Electric panoramic roof','');
insert into Diagram values('FE82-61_2092','FE82-20060500','61-05','E70 X5 4.8i   Main wiring harness','');
insert into Diagram values('FE82-61_2475','FE82-20060500','61-05','E70 X5 4.8i   Repair cable main cable harness','');
insert into Diagram values('FE82-61_2885','FE82-20060500','61-05','E70 X5 4.8i   Main wiring harness, duplicate','');
insert into Diagram values('FE82-61_1822','FE82-20060500','61-10','E70 X5 4.8i   Cable-yarded material','');
insert into Diagram values('FE82-61_2242','FE82-20060500','61-10','E70 X5 4.8i   VARIOUS ADDITIONAL CABLE HARNESSES','');
insert into Diagram values('FE82-61_2244','FE82-20060500','61-10','E70 X5 4.8i   VARIOUS ADDITIONAL WIRING SETS','');
insert into Diagram values('FE82-61_2245','FE82-20060500','61-10','E70 X5 4.8i   Battery cable','');
insert into Diagram values('FE82-61_2257','FE82-20060500','61-10','E70 X5 4.8i   DOOR CABLE HARNESSES','');
insert into Diagram values('FE82-61_2306','FE82-20060500','61-10','E70 X5 4.8i   B+ wiring kits for wiring harness','');
insert into Diagram values('FE82-61_2324','FE82-20060500','61-10','E70 X5 4.8i   Wiring harness, Basis/Sport seat','');
insert into Diagram values('FE82-61_2325','FE82-20060500','61-10','E70 X5 4.8i   Wiring harness, Comfort seat with memory','');
insert into Diagram values('FE82-61_2422','FE82-20060500','61-10','E70 X5 4.8i   Rear seat wiring set','');
insert into Diagram values('FE82-61_2543','FE82-20060500','61-10','E70 X5 4.8i   Repair cable, airbag','');
insert into Diagram values('FE82-61_2569','FE82-20060500','61-10','E70 X5 4.8i   Rep. cable CIC, CCC / display','');
insert into Diagram values('FE82-61_2582','FE82-20060500','61-10','E70 X5 4.8i   Wiring harness covers/cable ducts','');
insert into Diagram values('FE82-61_2591','FE82-20060500','61-10','E70 X5 4.8i   Supplementary wiring harnesses, seat','');
insert into Diagram values('FE82-61_2618','FE82-20060500','61-10','E70 X5 4.8i   Communications/audio single wires','');
insert into Diagram values('FE82-61_2750','FE82-20060500','61-10','E70 X5 4.8i   HSD wire','');
insert into Diagram values('FE82-61_3349','FE82-20060500','61-10','E70 X5 4.8i   CVBS wire','');
insert into Diagram values('FE82-61_1280','FE82-20060500','61-15','E70 X5 4.8i   Plug terminal ELO not waterproof','');
insert into Diagram values('FE82-61_1296','FE82-20060500','61-15','E70 X5 4.8i   Circular connector / D 2,5 mm System','');
insert into Diagram values('FE82-61_1349','FE82-20060500','61-15','E70 X5 4.8i   Various comb-type connectors','');
insert into Diagram values('FE82-61_1445','FE82-20060500','61-15','E70 X5 4.8i   Various parts, wiring harness repair','');
insert into Diagram values('FE82-61_1578','FE82-20060500','61-15','E70 X5 4.8i   Repair parts, optical fibre cable','');
insert into Diagram values('FE82-61_1691','FE82-20060500','61-15','E70 X5 4.8i   Pin contacts ELO','');
insert into Diagram values('FE82-61_1754','FE82-20060500','61-15','E70 X5 4.8i   Plug terminal ELO-Power','');
insert into Diagram values('FE82-61_2107','FE82-20060500','61-15','E70 X5 4.8i   Various parts, wiring harness repair','');
insert into Diagram values('FE82-61_2216','FE82-20060500','61-15','E70 X5 4.8i   Terminal system MCON','');
insert into Diagram values('FE82-61_2284','FE82-20060500','61-15','E70 X5 4.8i   PLUG-IN CONNECTION BRACKET','');
insert into Diagram values('FE82-61_2432','FE82-20060500','61-15','E70 X5 4.8i   Diagnosis plug','');
insert into Diagram values('FE82-61_2456','FE82-20060500','61-15','E70 X5 4.8i   Assorted grommets','');
insert into Diagram values('FE82-61_2458','FE82-20060500','61-15','E70 X5 4.8i   diverse plugs and connectors','');
insert into Diagram values('FE82-61_2483','FE82-20060500','61-15','E70 X5 4.8i   Cable tie','');
insert into Diagram values('FE82-61_2638','FE82-20060500','61-15','E70 X5 4.8i   Repair parts, coaxial cable contacts','');
insert into Diagram values('FE82-61_2680','FE82-20060500','61-15','E70 X5 4.8i   Repair parts, coaxial cable housing','');
insert into Diagram values('FE82-61_2157','FE82-20060500','61-20','E70 X5 4.8i   BRACKET F BODY CONTROL UNITS AND MODULES','');
insert into Diagram values('FE82-61_2162','FE82-20060500','61-20','E70 X5 4.8i   Single components for fuse housing','');
insert into Diagram values('FE82-61_2243','FE82-20060500','61-20','E70 X5 4.8i   Power distribution box','');
insert into Diagram values('FE82-61_2331','FE82-20060500','61-20','E70 X5 4.8i   Power distributor battery','');
insert into Diagram values('FE82-61_2000','FE82-20060500','61-25','E70 X5 4.8i   Control unit/antennas passive access','');
insert into Diagram values('FE82-61_2159','FE82-20060500','61-25','E70 X5 4.8i   Rain and light sensor','');
insert into Diagram values('FE82-61_2161','FE82-20060500','61-25','E70 X5 4.8i   Control unit for driver seat','');
insert into Diagram values('FE82-61_2163','FE82-20060500','61-25','E70 X5 4.8i   Rain and light sensor','');
insert into Diagram values('FE82-61_2165','FE82-20060500','61-25','E70 X5 4.8i   Control units/modules','');
insert into Diagram values('FE82-61_2166','FE82-20060500','61-25','E70 X5 4.8i   Control unit Junctionbox Elektronik','');
insert into Diagram values('FE82-61_2167','FE82-20060500','61-25','E70 X5 4.8i   Control unit, footwell module','');
insert into Diagram values('FE82-61_2168','FE82-20060500','61-25','E70 X5 4.8i   Control unit CAS','');
insert into Diagram values('FE82-61_2169','FE82-20060500','61-25','E70 X5 4.8i   ECU for fr. passenger and rear seats','');
insert into Diagram values('FE82-61_2290','FE82-20060500','61-25','E70 X5 4.8i   Relay','');
insert into Diagram values('FE82-61_2467','FE82-20060500','61-25','E70 X5 4.8i   Intercom/Window heating','');
insert into Diagram values('FE82-61_2468','FE82-20060500','61-25','E70 X5 4.8i   control units, modules, sensors, relays','');
insert into Diagram values('FE82-61_1853','FE82-20060500','61-30','E70 X5 4.8i   Only for Japan - original BMW battery','');
insert into Diagram values('FE82-61_2081','FE82-20060500','61-30','E70 X5 4.8i   Original BMW battery','');
insert into Diagram values('FE82-61_2086','FE82-20060500','61-30','E70 X5 4.8i   battery holder and mounting parts','');
insert into Diagram values('FE82-61_1556','FE82-20060500','61-35','E70 X5 4.8i   Cigarette lighter / sockets','');
insert into Diagram values('FE82-61_1709','FE82-20060500','61-35','E70 X5 4.8i   Seat adjustment switch, front','');
insert into Diagram values('FE82-61_1886','FE82-20060500','61-35','E70 X5 4.8i   switch, airbag','');
insert into Diagram values('FE82-61_2110','FE82-20060500','61-35','E70 X5 4.8i   Switch unit, center console','');
insert into Diagram values('FE82-61_2111','FE82-20060500','61-35','E70 X5 4.8i   SWITCH WINDOW LIFTER','');
insert into Diagram values('FE82-61_2113','FE82-20060500','61-35','E70 X5 4.8i   Control element light','');
insert into Diagram values('FE82-61_2114','FE82-20060500','61-35','E70 X5 4.8i   Steering column trim','');
insert into Diagram values('FE82-61_2127','FE82-20060500','61-35','E70 X5 4.8i   Brake and clutch switch','');
insert into Diagram values('FE82-61_2155','FE82-20060500','61-35','E70 X5 4.8i   Switch, multifunct. steering wheel','');
insert into Diagram values('FE82-61_2158','FE82-20060500','61-35','E70 X5 4.8i   Starter/Stop switch','');
insert into Diagram values('FE82-61_2160','FE82-20060500','61-35','E70 X5 4.8i   VARIOUS SWITCHES','');
insert into Diagram values('FE82-61_2218','FE82-20060500','61-35','E70 X5 4.8i   Sockets','');
insert into Diagram values('FE82-61_2253','FE82-20060500','61-35','E70 X5 4.8i   Switch u. roof w/t emergency call button','');
insert into Diagram values('FE82-61_2255','FE82-20060500','61-35','E70 X5 4.8i   Switch unit roof w emergency call button','');
insert into Diagram values('FE82-61_2837','FE82-20060500','61-35','E70 X5 4.8i   TV/Audio plug socket','');
insert into Diagram values('FE82-61_3084','FE82-20060500','61-35','E70 X5 4.8i   Switch unit steering column','');
insert into Diagram values('FE82-61_3085','FE82-20060500','61-35','E70 X5 4.8i   Switch unit steering column','');
insert into Diagram values('FE82-61_2154','FE82-20060500','61-40','E70 X5 4.8i   Horn','');
insert into Diagram values('FE82-61_2144','FE82-20060500','61-45','E70 X5 4.8i   SINGLE WIPER PARTS','');
insert into Diagram values('FE82-61_2145','FE82-20060500','61-45','E70 X5 4.8i   SINGLE PARTS FOR REAR WINDOW WIPER','');
insert into Diagram values('FE82-61_2146','FE82-20060500','61-45','E70 X5 4.8i   Reserv.,windshield/headlight washer syst','');
insert into Diagram values('FE82-61_2147','FE82-20060500','61-45','E70 X5 4.8i   SINGLE PARTS FOR WINDSHIELD CLEANING','');
insert into Diagram values('FE82-61_2149','FE82-20060500','61-45','E70 X5 4.8i   SINGLE PARTS FOR HEAD LAMP CLEANING','');
insert into Diagram values('FE82-61_2223','FE82-20060500','61-95','E70 X5 4.8i   Suppression filter','');
insert into Diagram values('FE82-61_3026','FE82-20060500','61-95','E70 X5 4.8i   Battery charger','');
insert into Diagram values('FE82-61_3066','FE82-20060500','61-95','E70 X5 4.8i   Jumper cable','');
insert into Diagram values('FE82-61_3244','FE82-20060500','61-95','E70 X5 4.8i   Battery charger','');
insert into Diagram values('FE82-62_0492','FE82-20060500','62-05','E70 X5 4.8i   Instrument cluster','');
insert into Diagram values('FE82-62_0491','FE82-20060500','62-30','E70 X5 4.8i   Head-up display','');
insert into Diagram values('FE82-62_0561','FE82-20060500','62-95','E70 X5 4.8i   Electronic log book','');
insert into Diagram values('FE82-63_0985','FE82-20060500','63-05','E70 X5 4.8i   Headlight','');
insert into Diagram values('FE82-63_0992','FE82-20060500','63-05','E70 X5 4.8i   Single components for headlight','');
insert into Diagram values('FE82-63_1067','FE82-20060500','63-05','E70 X5 4.8i   SPARE BULBS BOX','');
insert into Diagram values('FE82-63_1363','FE82-20060500','63-05','E70 X5 4.8i   BMW Performance Light','');
insert into Diagram values('FE82-63_1420','FE82-20060500','63-05','E70 X5 4.8i   SPARE BULBS BOX','');
insert into Diagram values('FE82-63_0986','FE82-20060500','63-10','E70 X5 4.8i   Additional turn indicator lamp','');
insert into Diagram values('FE82-63_0978','FE82-20060500','63-15','E70 X5 4.8i   Fog lights','');
insert into Diagram values('FE82-63_0990','FE82-20060500','63-20','E70 X5 4.8i   Rear light','');
insert into Diagram values('FE82-63_0987','FE82-20060500','63-25','E70 X5 4.8i   Third stoplamp','');
insert into Diagram values('FE82-63_0988','FE82-20060500','63-30','E70 X5 4.8i   Registration plate light','');
insert into Diagram values('FE82-63_0989','FE82-20060500','63-30','E70 X5 4.8i   REFLECTOR','');
insert into Diagram values('FE82-63_0991','FE82-20060500','63-30','E70 X5 4.8i   Various lamps','');
insert into Diagram values('FE82-63_1008','FE82-20060500','63-30','E70 X5 4.8i   Various lamps','');
insert into Diagram values('FE82-63_1046','FE82-20060500','63-30','E70 X5 4.8i   Door handle illumination','');
insert into Diagram values('FE82-63_1153','FE82-20060500','63-95','E70 X5 4.8i   Flashlight, LED','');
insert into Diagram values('FE82-63_1224','FE82-20060500','63-95','E70 X5 4.8i   Retrofit kit, tail lamps, Facelift LED','');
insert into Diagram values('FE82-63_1289','FE82-20060500','63-95','E70 X5 4.8i   Retrofit kit, LED daytime driving lights','');
insert into Diagram values('FE82-63_1322','FE82-20060500','63-95','E70 X5 4.8i   LED interior light package','');
insert into Diagram values('FE82-64_1574','FE82-20060500','64-05','E70 X5 4.8i   AIR OUTLET','');
insert into Diagram values('FE82-64_1587','FE82-20060500','64-05','E70 X5 4.8i   AIR CHANNEL','');
insert into Diagram values('FE82-64_1589','FE82-20060500','64-05','E70 X5 4.8i   Blower motor for 3rd seat row','');
insert into Diagram values('FE82-64_1569','FE82-20060500','64-10','E70 X5 4.8i   Microfilter/housing parts','');
insert into Diagram values('FE82-64_1578','FE82-20060500','64-15','E70 X5 4.8i   Heater radiator','');
insert into Diagram values('FE82-64_1640','FE82-20060500','64-15','E70 X5 4.8i   BLOWER REAR','');
insert into Diagram values('FE82-64_1585','FE82-20060500','64-18','E70 X5 4.8i   Independent heating water valves','');
insert into Diagram values('FE82-64_1591','FE82-20060500','64-18','E70 X5 4.8i   water hoses/water valve','');
insert into Diagram values('FE82-64_1571','FE82-20060500','64-20','E70 X5 4.8i   Control','');
insert into Diagram values('FE82-64_1742','FE82-20060500','64-20','E70 X5 4.8i   Control unit, automatic air cond.,High','');
insert into Diagram values('FE82-64_1579','FE82-20060500','64-30','E70 X5 4.8i   Evaporator / Expansion valve','');
insert into Diagram values('FE82-64_1580','FE82-20060500','64-35','E70 X5 4.8i   Spiral housing with flaps','');
insert into Diagram values('FE82-64_1581','FE82-20060500','64-35','E70 X5 4.8i   HOUSING PARTS - AIR CONDITIONING','');
insert into Diagram values('FE82-64_1582','FE82-20060500','64-40','E70 X5 4.8i   ELECTRIC PARTS FOR AC UNIT','');
insert into Diagram values('FE82-64_1343','FE82-20060500','64-45','E70 X5 4.8i   SENSOR F. AUC','');
insert into Diagram values('FE82-64_1344','FE82-20060500','64-45','E70 X5 4.8i   Condensation sensor / Solar sensor','');
insert into DiagramParts values('FE82-64_1576-64509121761', 'FE82-64_1576', 01, 'Air-conditioner compressor', 'N62N', 1, to_date('20071001','YYYYMMDD'), to_date('20080301','YYYYMMDD'), '64509121761', '', 'ENDED', false);
insert into Diagram values('FE82-64_1576','FE82-20060500','64-50','E70 X5 4.8i   Air-conditioner compressor/mounting part','');
insert into Diagram values('FE82-64_1592','FE82-20060500','64-55','E70 X5 4.8i   Condenser air conditioning','');
insert into Diagram values('FE82-64_1577','FE82-20060500','64-60','E70 X5 4.8i   Coolant lines','');
insert into DiagramParts values('FE82-64_1389-64129144646', 'FE82-64_1389', 03, 'Telestart handheld transmitter', 'T93', 1, to_date('20070401','YYYYMMDD'), to_date('20080901','YYYYMMDD'), '64129144646', '', 'ENDED', false);
insert into Diagram values('FE82-64_1389','FE82-20060500','64-65','E70 X5 4.8i   TRANSMITTER F AUXIL.HEATING REMOTE CTRL','');
insert into Diagram values('FE82-64_1512','FE82-20060500','64-65','E70 X5 4.8i   TRANSMITTER F AUXIL.HEATING REMOTE CTRL','');
insert into Diagram values('FE82-64_1584','FE82-20060500','64-65','E70 X5 4.8i   FUEL SUPPLY/PUMP/TUBING','');
insert into Diagram values('FE82-64_1586','FE82-20060500','64-65','E70 X5 4.8i   Auxiliary heating','');
insert into Diagram values('FE82-64_1554','FE82-20060500','64-95','E70 X5 4.8i   Install.kit, independent heater','');
insert into Diagram values('FE82-64_1633','FE82-20060500','64-95','E70 X5 4.8i   Retrofit kit, remote cntrl,indep.heating','');
insert into Diagram values('FE82-64_1855','FE82-20060500','64-95','E70 X5 4.8i   Accessori e postmontaggi','');
insert into Diagram values('FE82-64_1583','FE82-20060500','64-99','E70 X5 4.8i   DIVERSE SMALL PARTS','');
insert into Diagram values('FE82-65_1691','FE82-20060500','65-05','E70 X5 4.8i   DAB tuner','');
insert into Diagram values('FE82-65_1708','FE82-20060500','65-05','E70 X5 4.8i   M-Audio system controller','');
insert into Diagram values('FE82-65_2440','FE82-20060500','65-05','E70 X5 4.8i   DAB Retrofit','');
insert into Diagram values('FE82-65_1786','FE82-20060500','65-07','E70 X5 4.8i   Auxiliary connection cable','');
insert into Diagram values('FE82-65_1685','FE82-20060500','65-10','E70 X5 4.8i   DVD player','');
insert into Diagram values('FE82-65_1686','FE82-20060500','65-10','E70 X5 4.8i   CD Changer/Bracket','');
insert into Diagram values('FE82-65_1688','FE82-20060500','65-10','E70 X5 4.8i   DVD Changer/Bracket','');
insert into Diagram values('FE82-65_1695','FE82-20060500','65-20','E70 X5 4.8i   Single parts, Stereo System, door frnt','');
insert into Diagram values('FE82-65_1696','FE82-20060500','65-20','E70 X5 4.8i   SINGLE PARTS F FRONT DOOR HIFI SYSTEM','');
insert into Diagram values('FE82-65_1697','FE82-20060500','65-20','E70 X5 4.8i   SINGLE PARTS F FRONT DOOR TOP-HIFI SYST.','');
insert into Diagram values('FE82-65_1698','FE82-20060500','65-20','E70 X5 4.8i   Single parts, Stereo System, door rear','');
insert into Diagram values('FE82-65_1699','FE82-20060500','65-20','E70 X5 4.8i   SINGLE PARTS F REAR DOOR HIFI SYSTEM','');
insert into Diagram values('FE82-65_1700','FE82-20060500','65-20','E70 X5 4.8i   SINGLE PARTS F REAR DOOR TOP-HIFI SYST.','');
insert into Diagram values('FE82-65_1701','FE82-20060500','65-20','E70 X5 4.8i   Components central bass','');
insert into Diagram values('FE82-65_1702','FE82-20060500','65-20','E70 X5 4.8i   Loudspeaker, instrument panel','');
insert into Diagram values('FE82-65_1703','FE82-20060500','65-20','E70 X5 4.8i   Single parts Top HiFi system, D-pillar','');
insert into Diagram values('FE82-65_1967','FE82-20060500','65-20','E70 X5 4.8i   Individual Audio system, door front','');
insert into Diagram values('FE82-65_1968','FE82-20060500','65-20','E70 X5 4.8i   Individual Audio system, door rear','');
insert into Diagram values('FE82-65_1969','FE82-20060500','65-20','E70 X5 4.8i   Individual Audio system, I-panel','');
insert into Diagram values('FE82-65_1970','FE82-20060500','65-20','E70 X5 4.8i   Individual Audio System, D-pillar','');
insert into Diagram values('FE82-65_1846','FE82-20060500','65-22','E70 X5 4.8i   Audio wiring harness, duplicate','');
insert into Diagram values('FE82-65_1994','FE82-20060500','65-22','E70 X5 4.8i   Universal aerial cable','');
insert into Diagram values('FE82-65_1999','FE82-20060500','65-22','E70 X5 4.8i   Universal aerial cable','');
insert into Diagram values('FE82-65_2002','FE82-20060500','65-22','E70 X5 4.8i   Universal aerial cable','');
insert into Diagram values('FE82-65_2319','FE82-20060500','65-22','E70 X5 4.8i   Audio wiring harness, duplicate','');
insert into Diagram values('FE82-65_1693','FE82-20060500','65-25','E70 X5 4.8i   amplifier / holder hifi system','');
insert into Diagram values('FE82-65_1694','FE82-20060500','65-25','E70 X5 4.8i   Amplifier/holder,HiFi Professional DSP','');
insert into Diagram values('FE82-65_2030','FE82-20060500','65-25','E70 X5 4.8i   Amplifier/bracket Indi. Audio System','');
insert into Diagram values('FE82-65_1705','FE82-20060500','65-30','E70 X5 4.8i   SINGLE PARTS F ANTENNA','');
insert into DiagramParts values('FE82-65_1706-65209157967', 'FE82-65_1706', 01, 'Antenna amplifier Diversity', '315 MHZ', 1, to_date('20071001','YYYYMMDD'), to_date('20080901','YYYYMMDD'), '65209157967', '', '+core, ENDED', false);
insert into Diagram values('FE82-65_1706','FE82-20060500','65-30','E70 X5 4.8i   SINGLE PARTS F ANTENNA-DIVERSITY','');
insert into Diagram values('FE82-65_1119','FE82-20060500','65-45','E70 X5 4.8i   Headset module','');
insert into Diagram values('FE82-65_1711','FE82-20060500','65-45','E70 X5 4.8i   Controller','');
insert into Diagram values('FE82-65_1717','FE82-20060500','65-45','E70 X5 4.8i   Rear compartment monitor','');
insert into Diagram values('FE82-65_1720','FE82-20060500','65-45','E70 X5 4.8i   On-board monitor','');
insert into Diagram values('FE82-65_1356','FE82-20060500','65-50','E70 X5 4.8i   Navigation system, Asia','');
insert into Diagram values('FE82-65_1712','FE82-20060500','65-50','E70 X5 4.8i   CCC CD','');
insert into Diagram values('FE82-65_1713','FE82-20060500','65-50','E70 X5 4.8i   CCC MD/CD','');
insert into Diagram values('FE82-65_1714','FE82-20060500','65-50','E70 X5 4.8i   Single parts CCC','');
insert into DiagramParts values('FE82-65_1715-65509177195', 'FE82-65_1715', 01, 'Video module', 'DRIVE', 1, to_date('20070901','YYYYMMDD'), to_date('20080901','YYYYMMDD'), '65509177195', '', '', false);
insert into DiagramParts values('FE82-65_1715-65509196875', 'FE82-65_1715', 01, 'Video module', 'DRIVE', 1, to_date('20070901','YYYYMMDD'), to_date('20091001','YYYYMMDD'), '65509196875', '', '', false);
insert into DiagramParts values('FE82-65_1715-65509224300', 'FE82-65_1715', 01, 'TV module', 'DRIVE', 1, to_date('20091001','YYYYMMDD'), to_date('20100401','YYYYMMDD'), '65509224300', '', '', false);
insert into DiagramParts values('FE82-65_1715-65509229905', 'FE82-65_1715', 01, 'TV module', 'DRIVE', 1, to_date('20091001','YYYYMMDD'), to_date('20101001','YYYYMMDD'), '65509229905', '', 'ENDED', false);
insert into DiagramParts values('FE82-65_1715-65509240644', 'FE82-65_1715', 01, 'TV module', 'DRIVE', 1, to_date('20091001','YYYYMMDD'), to_date('20120801','YYYYMMDD'), '65509240644', '', '', false);
insert into DiagramParts values('FE82-65_1715-65509235503', 'FE82-65_1715', 01, 'TV module', 'ISDB-T', 1, to_date('20091001','YYYYMMDD'), to_date('20101001','YYYYMMDD'), '65509235503', '', 'ENDED', false);
insert into DiagramParts values('FE82-65_1715-65509240645', 'FE82-65_1715', 01, 'TV module', 'ISDB-T', 1, to_date('20091001','YYYYMMDD'), to_date('20120801','YYYYMMDD'), '65509240645', '', '', false);
insert into DiagramParts values('FE82-65_1715-65509240643', 'FE82-65_1715', 01, 'TV module', 'DVB-T', 1, to_date('20091001','YYYYMMDD'), to_date('20100401','YYYYMMDD'), '65509240643', '', '', false);
insert into DiagramParts values('FE82-65_1715-65509229906', 'FE82-65_1715', 01, 'TV module', 'DVB-T', 1, to_date('20100401','YYYYMMDD'), to_date('20100801','YYYYMMDD'), '65509229906', '', 'ENDED', false);
insert into DiagramParts values('FE82-65_1715-65509233970', 'FE82-65_1715', 01, 'TV module', 'DTMB', 1, to_date('20100701','YYYYMMDD'), to_date('20101001','YYYYMMDD'), '65509233970', '', 'ENDED', false);
insert into DiagramParts values('FE82-65_1715-65509242221', 'FE82-65_1715', 01, 'TV module', 'DTMB', 1, to_date('20100701','YYYYMMDD'), to_date('20110401','YYYYMMDD'), '65509242221', '', 'ENDED', false);
insert into DiagramParts values('FE82-65_1715-65509252352', 'FE82-65_1715', 01, 'TV module', 'DTMB', 1, to_date('20100701','YYYYMMDD'), to_date('20110901','YYYYMMDD'), '65509252352', '', 'ENDED', false);
insert into DiagramParts values('FE82-65_1715-65509253523', 'FE82-65_1715', 01, 'TV module', 'DTMB', 1, to_date('20100701','YYYYMMDD'), to_date('20120801','YYYYMMDD'), '65509253523', '', 'ENDED', false);
insert into DiagramParts values('FE82-65_1715-65509165210', 'FE82-65_1715', 01, 'Video module', 'DRIVE 5', 1, to_date('20070901','YYYYMMDD'), to_date('20091001','YYYYMMDD'), '65509165210', '$2,020.32', '', false);
insert into Diagram values('FE82-65_1715','FE82-20060500','65-50','E70 X5 4.8i   Video module/bracket','');
insert into Diagram values('FE82-65_1718','FE82-20060500','65-50','E70 X5 4.8i   Remote control, rear','');
insert into DiagramParts values('FE82-65_1724-65909112341', 'FE82-65_1724', 01, 'FSC JNav map 2007-1 initialization', 'ASAP', 1, to_date('20070301','YYYYMMDD'), to_date('20070901','YYYYMMDD'), '65909112341', '', 'ENDED', false);
insert into Diagram values('FE82-65_1724','FE82-20060500','65-50','E70 X5 4.8i   Enable code for Japanese navigation','');
insert into Diagram values('FE82-65_1979','FE82-20060500','65-50','E70 X5 4.8i   DVD street map Navigation Option 609','');
insert into DiagramParts values('FE82-65_1988-65129218359', 'FE82-65_1988', 01, 'Car Infotainment computer', 'KOREA', 1, to_date('20091001','YYYYMMDD'), to_date('20101001','YYYYMMDD'), '65129218359', '', 'ENDED', false);
insert into DiagramParts values('FE82-65_1988-65129248111', 'FE82-65_1988', 01, 'Car Infotainment computer', 'KOREA', 1, to_date('20091001','YYYYMMDD'), to_date('20110401','YYYYMMDD'), '65129248111', '', 'ENDED', false);
insert into DiagramParts values('FE82-65_1988-65129257203', 'FE82-65_1988', 01, 'Car Infotainment computer', 'KOREA', 1, to_date('20091001','YYYYMMDD'), to_date('20111001','YYYYMMDD'), '65129257203', '', 'ENDED', false);
insert into DiagramParts values('FE82-65_1988-65129218360', 'FE82-65_1988', 01, 'Car Infotainment computer', 'ASIEN', 1, to_date('20091001','YYYYMMDD'), to_date('20101001','YYYYMMDD'), '65129218360', '', 'ENDED', false);
insert into DiagramParts values('FE82-65_1988-65129244593', 'FE82-65_1988', 01, 'Car Infotainment computer', 'ASIEN', 1, to_date('20091001','YYYYMMDD'), to_date('20110401','YYYYMMDD'), '65129244593', '', 'ENDED', false);
insert into DiagramParts values('FE82-65_1988-65129257204', 'FE82-65_1988', 01, 'Car Infotainment computer', 'ASIEN', 1, to_date('20091001','YYYYMMDD'), to_date('20111001','YYYYMMDD'), '65129257204', '', 'ENDED', false);
insert into DiagramParts values('FE82-65_1988-65129273186', 'FE82-65_1988', 01, 'Car Infotainment computer', 'ASIEN', 1, to_date('20091001','YYYYMMDD'), to_date('20120401','YYYYMMDD'), '65129273186', '', 'ENDED', false);
insert into Diagram values('FE82-65_1988','FE82-20060500','65-50','E70 X5 4.8i   Car Infotainment computer','');
insert into Diagram values('FE82-65_2028','FE82-20060500','65-50','E70 X5 4.8i   Car Infotainment Computer - Mid','');
insert into DiagramParts values('FE82-65_2209-65902218552', 'FE82-65_2209', 01, 'Enable code CIC map of Europe, initial', 'PREMIUM', 1, to_date('20091001','YYYYMMDD'), to_date('20120901','YYYYMMDD'), '65902218552', '', '', false);
insert into DiagramParts values('FE82-65_2209-65902218561', 'FE82-65_2209', 01, 'Enable code CIC map of Taiwan, initial', 'PREMIUM', 1, to_date('20091001','YYYYMMDD'), to_date('20120901','YYYYMMDD'), '65902218561', '', 'ENDED', false);
insert into Diagram values('FE82-65_2209','FE82-20060500','65-50','E70 X5 4.8i   Enable code, initial, Professional GPS','');
insert into Diagram values('FE82-65_2210','FE82-20060500','65-50','E70 X5 4.8i   Enable code, update for Professional GPS','');
insert into Diagram values('FE82-65_2211','FE82-20060500','65-50','E70 X5 4.8i   Enable code, rep, GPS Professional','');
insert into Diagram values('FE82-65_2256','FE82-20060500','65-50','E70 X5 4.8i   Remote control, rear','');
insert into Diagram values('FE82-65_1684','FE82-20060500','65-60','E70 X5 4.8i   Alarm systems','');
insert into Diagram values('FE82-65_1704','FE82-20060500','65-65','E70 X5 4.8i   Electric parts for airbag','');
insert into Diagram values('FE82-65_1707','FE82-20060500','65-65','E70 X5 4.8i   Electr. compon. seat occupancy detection','');
insert into Diagram values('FE82-65_1180','FE82-20060500','65-70','E70 X5 4.8i   Temperature sensor','');
insert into Diagram values('FE82-65_1721','FE82-20060500','65-95','E70 X5 4.8i   iPod connection retrofit kit','');
insert into Diagram values('FE82-65_1722','FE82-20060500','65-95','E70 X5 4.8i   Infrared headphones','');
insert into Diagram values('FE82-65_1723','FE82-20060500','65-95','E70 X5 4.8i   Spare parts DVD Advanced','');
insert into Diagram values('FE82-65_1777','FE82-20060500','65-95','E70 X5 4.8i   DVD-system Portable','');
insert into Diagram values('FE82-65_1779','FE82-20060500','65-95','E70 X5 4.8i   DVB-T Set-top box','');
insert into Diagram values('FE82-65_1782','FE82-20060500','65-95','E70 X5 4.8i   Retrofit kit, CD-changer','');
insert into Diagram values('FE82-65_1783','FE82-20060500','65-95','E70 X5 4.8i   Retrofit kit, theft alarm','');
insert into Diagram values('FE82-65_1860','FE82-20060500','65-95','E70 X5 4.8i   Retrofit kit USB/audio interface','');
insert into Diagram values('FE82-65_1862','FE82-20060500','65-95','E70 X5 4.8i   Retrofit kit, DVD changer','');
insert into Diagram values('FE82-65_1898','FE82-20060500','65-95','E70 X5 4.8i   Retrofit kit navigation Professional','');
insert into Diagram values('FE82-65_1915','FE82-20060500','65-95','E70 X5 4.8i   Retrofit kit, TV function','');
insert into Diagram values('FE82-65_1989','FE82-20060500','65-95','E70 X5 4.8i   Tracking Products','');
insert into Diagram values('FE82-65_2038','FE82-20060500','65-95','E70 X5 4.8i   DVD system Tablet','');
insert into Diagram values('FE82-65_2271','FE82-20060500','65-95','E70 X5 4.8i   Charger adapter for Apple iPod / iPhone','');
insert into Diagram values('FE82-65_2388','FE82-20060500','65-95','E70 X5 4.8i   Retrofit DAB+','');
insert into Diagram values('FE82-65_2422','FE82-20060500','65-95','E70 X5 4.8i   Cable adapter for Apple iPod / iPhone','');
insert into Diagram values('FE82-65_2434','FE82-20060500','65-95','E70 X5 4.8i   DVD System Tablet Single','');
insert into Diagram values('FE82-65_2520','FE82-20060500','65-95','E70 X5 4.8i   BMW USB charger','');
insert into Diagram values('FE82-65_2522','FE82-20060500','65-95','E70 X5 4.8i   Cable adapter, devices with Micro USB','');
insert into Diagram values('FE82-66_0139','FE82-20060500','66-05','E70 X5 4.8i   Reversing camera','');
insert into Diagram values('FE82-66_0141','FE82-20060500','66-05','E70 X5 4.8i   Outside rearview mirror camera','');
insert into Diagram values('FE82-66_0146','FE82-20060500','66-05','E70 X5 4.8i   Video multiplexer','');
insert into Diagram values('FE82-66_0148','FE82-20060500','66-05','E70 X5 4.8i   Control unit, outside mirror camera','');
insert into Diagram values('FE82-66_0199','FE82-20060500','66-05','E70 X5 4.8i   Backup camera with Top View','');
insert into Diagram values('FE82-66_0201','FE82-20060500','66-05','E70 X5 4.8i   Control unit for Park Distance Control','');
insert into Diagram values('FE82-66_0223','FE82-20060500','66-05','E70 X5 4.8i   Backup camera with top and side view','');
insert into Diagram values('FE82-66_0246','FE82-20060500','66-05','E70 X5 4.8i   Ultrasonic-sensor','');
insert into Diagram values('FE82-66_0247','FE82-20060500','66-05','E70 X5 4.8i   Ultrasonic-sensor','');
insert into Diagram values('FE82-66_0143','FE82-20060500','66-95','E70 X5 4.8i   Install.kit, Park Distance Control','');
insert into Diagram values('FE82-66_0163','FE82-20060500','66-95','E70 X5 4.8i   Retrofit backup camera','');
insert into Diagram values('FE82-66_0188','FE82-20060500','66-95','E70 X5 4.8i   Park Distance Control universale sonoro','');
insert into DiagramParts values('FE82-71_0443-71246786780', 'FE82-71_0443', 01, 'LABEL &quot;TIRE PRESSURE&quot;', 'JAPAN MY08', 1, to_date('20070901','YYYYMMDD'), to_date('20080901','YYYYMMDD'), '71246786780', '', '', false);
insert into DiagramParts values('FE82-71_0443-71246791002', 'FE82-71_0443', 01, 'LABEL &quot;TIRE PRESSURE&quot;', 'JAPAN MY09', 1, to_date('20080901','YYYYMMDD'), to_date('20090901','YYYYMMDD'), '71246791002', '', '', false);
insert into Diagram values('FE82-71_0443','FE82-20060500','71-03','E70 X5 4.8i   LABEL "TIRE PRESSURE"','');
insert into Diagram values('FE82-71_0567','FE82-20060500','71-03','E70 X5 4.8i   Notice label for fuel','');
insert into Diagram values('FE82-71_0568','FE82-20060500','71-03','E70 X5 4.8i   Instruction notice, Airbag','');
insert into Diagram values('FE82-71_0602','FE82-20060500','71-03','E70 X5 4.8i   Various notice stickers','');
insert into Diagram values('FE82-71_0621','FE82-20060500','71-03','E70 X5 4.8i   Label, coolant','');
insert into Diagram values('FE82-71_0680','FE82-20060500','71-03','E70 X5 4.8i   Labels independent heating','');
insert into Diagram values('FE82-71_0361','FE82-20060500','71-05','E70 X5 4.8i   Car tool','');
insert into Diagram values('FE82-71_0408','FE82-20060500','71-05','E70 X5 4.8i   Warning triangle/First aid kit/-cushion','');
insert into Diagram values('FE82-71_0423','FE82-20060500','71-05','E70 X5 4.8i   Car tool/Lifting jack','');
insert into Diagram values('FE82-71_0424','FE82-20060500','71-10','E70 X5 4.8i   Towing hitch, detachable','');
insert into Diagram values('FE82-71_0512','FE82-20060500','71-10','E70 X5 4.8i   Trailer coupling, electric swiveling','');
insert into Diagram values('FE82-71_0425','FE82-20060500','71-95','E70 X5 4.8i   Retrofit kit, towing hitch','');
insert into Diagram values('FE82-71_0434','FE82-20060500','71-95','E70 X5 4.8i   Tire Mobility Set','');
insert into Diagram values('FE82-71_0513','FE82-20060500','71-95','E70 X5 4.8i   Twin electrics, caravan leads','');
insert into Diagram values('FE82-71_0516','FE82-20060500','71-95','E70 X5 4.8i   Retrofit kit, tr. cpl., elec. swiveling','');
insert into Diagram values('FE82-72_0581','FE82-20060500','72-03','E70 X5 4.8i   Air bag','');
insert into Diagram values('FE82-72_0580','FE82-20060500','72-05','E70 X5 4.8i   Safety belt front','');
insert into DiagramParts values('FE82-72_0582-52204185743', 'FE82-72_0582', 03, 'REAR center UPPER BELT', 'SCHWARZ', 1, to_date('20061101','YYYYMMDD'), to_date('20090701','YYYYMMDD'), '52204185743', '', '', false);
insert into DiagramParts values('FE82-72_0582-52204185744', 'FE82-72_0582', 03, 'REAR center UPPER BELT', 'BEIGE', 1, to_date('20061101','YYYYMMDD'), to_date('20090701','YYYYMMDD'), '52204185744', '', '', false);
insert into Diagram values('FE82-72_0582','FE82-20060500','72-05','E70 X5 4.8i   Rear seat belt, basic','');
insert into Diagram values('FE82-72_0583','FE82-20060500','72-05','E70 X5 4.8i   Safety belt for 3rd seat row','');
insert into Diagram values('FE82-72_0765','FE82-20060500','72-05','E70 X5 4.8i   Child seat mount','');
insert into Diagram values('FE82-72_0602','FE82-20060500','72-15','E70 X5 4.8i   Flag holder','');
insert into Diagram values('FE82-72_0439','FE82-20060500','72-95','E70 X5 4.8i   Fire extinguisher / Holder','');
insert into Diagram values('FE82-72_0461','FE82-20060500','72-95','E70 X5 4.8i   Storage compartment module','');
insert into Diagram values('FE82-72_0591','FE82-20060500','72-95','E70 X5 4.8i   Tow bar','');
insert into Diagram values('FE82-72_0744','FE82-20060500','72-95','E70 X5 4.8i   Emergency bag','');
insert into Diagram values('FE82-36_0695','FE82-20060500','82-14','E70 X5 4.8i   Snow chains','');
insert into Diagram values('FE82-36_1205','FE82-20060500','82-14','E70 X5 4.8i   SNOW CHAIN"BMW Easy Fit"','');
insert into Diagram values('FE82-82_1073','FE82-20060500','82-26','E70 X5 4.8i   Universal coat hanger','');
insert into Diagram values('FE82-82_1261','FE82-20060500','82-26','E70 X5 4.8i   Clean Bag','');
insert into Diagram values('FE82-82_1299','FE82-20060500','82-26','E70 X5 4.8i   Storage pocket, rear passengers','');
insert into Diagram values('FE82-82_1308','FE82-20060500','82-26','E70 X5 4.8i   Shoe case','');
insert into Diagram values('FE82-82_1311','FE82-20060500','82-26','E70 X5 4.8i   Driver utility set','');
insert into Diagram values('FE82-82_1181','FE82-20060500','82-31','E70 X5 4.8i   BMW Junior Seat I-II','');
insert into Diagram values('FE82-82_1186','FE82-20060500','82-31','E70 X5 4.8i   BMW Baby Seat 0+','');
insert into Diagram values('FE82-82_1187','FE82-20060500','82-31','E70 X5 4.8i   BMW Junior Seat I-II Isofix','');
insert into Diagram values('FE82-82_1189','FE82-20060500','82-31','E70 X5 4.8i   BMW Baby Seat 0+ Isofix','');
insert into Diagram values('FE82-82_1237','FE82-20060500','82-31','E70 X5 4.8i   Dog harness','');
insert into Diagram values('FE82-82_1276','FE82-20060500','82-31','E70 X5 4.8i   BMW Junior Seat II-III','');
insert into Diagram values('FE82-82_1305','FE82-20060500','82-31','E70 X5 4.8i   BMW Junior Seat III','');
insert into Diagram values('FE82-82_1198','FE82-20060500','82-44','E70 X5 4.8i   Cover','');
insert into Diagram values('FE82-82_1251','FE82-20060500','82-44','E70 X5 4.8i   Cover hood windshield/side window','');
insert into Diagram values('FE82-82_1272','FE82-20060500','82-44','E70 X5 4.8i   Mud flaps','');
insert into Diagram values('FE82-82_0116','FE82-20060500','82-51','E70 X5 4.8i   Universal support','');
insert into Diagram values('FE82-82_0123','FE82-20060500','82-51','E70 X5 4.8i   RACK FOR RACING BICYCLE','');
insert into Diagram values('FE82-82_0124','FE82-20060500','82-51','E70 X5 4.8i   Luggage basket','');
insert into Diagram values('FE82-82_0125','FE82-20060500','82-51','E70 X5 4.8i   Bicycle lift','');
insert into Diagram values('FE82-82_0245','FE82-20060500','82-51','E70 X5 4.8i   SUPPORT SNOWBOARD','');
insert into Diagram values('FE82-82_0283','FE82-20060500','82-51','E70 X5 4.8i   Surfboard rack','');
insert into Diagram values('FE82-82_0284','FE82-20060500','82-51','E70 X5 4.8i   Standard ski carrier for 6 pairs of skis','');
insert into Diagram values('FE82-82_0364','FE82-20060500','82-51','E70 X5 4.8i   SKI/SNOWBOARD SET','');
insert into Diagram values('FE82-82_0594','FE82-20060500','82-51','E70 X5 4.8i   Komfort ski holder','');
insert into Diagram values('FE82-82_0845','FE82-20060500','82-51','E70 X5 4.8i   Standard ski holder, for 4 pairs of ski','');
insert into Diagram values('FE82-82_1157','FE82-20060500','82-51','E70 X5 4.8i   Bicycle carrier, trailer coupling','');
insert into Diagram values('FE82-82_1175','FE82-20060500','82-51','E70 X5 4.8i   Touring bicycle holder','');
insert into Diagram values('FE82-82_1178','FE82-20060500','82-51','E70 X5 4.8i   Roof box','');
insert into Diagram values('FE82-82_1234','FE82-20060500','82-51','E70 X5 4.8i   Roof box','');
insert into Diagram values('FE82-82_1244','FE82-20060500','82-51','E70 X5 4.8i   Racing bike rack','');
insert into Diagram values('FE82-82_1250','FE82-20060500','82-51','E70 X5 4.8i   Roof box','');
insert into Diagram values('FE82-82_1259','FE82-20060500','82-51','E70 X5 4.8i   Roof rack systems','');
insert into Diagram values('FE82-82_1268','FE82-20060500','82-51','E70 X5 4.8i   Ski/snowboard holder','');
insert into Diagram values('FE82-82_1290','FE82-20060500','82-51','E70 X5 4.8i   Bolt-on rear carrier ECE','');
insert into Diagram values('FE82-82_1295','FE82-20060500','82-51','E70 X5 4.8i   Roof rack systems','');
insert into Diagram values('FE82-82_1460','FE82-20060500','82-51','E70 X5 4.8i   Roof rack systems','');
insert into Diagram values('FE82-82_1476','FE82-20060500','82-51','E70 X5 4.8i   Roof-mounted container 320 LCI','');
insert into Diagram values('FE82-82_0926','FE82-20060500','82-52','E70 X5 4.8i   Adapter (universal lift) for hood','');
insert into Diagram values('FE82-82_0102','FE82-20060500','82-81','E70 X5 4.8i   Universal hoist','');
insert into Diagram values('FE82-83_0579','FE82-20060500','83-01','E70 X5 4.8i   Rugzak','');
insert into Diagram values('FE82-83_0394','FE82-20060500','83-24','E70 X5 4.8i   Stone impact guard foil','');
insert into Diagram values('FE82-83_0397','FE82-20060500','83-24','E70 X5 4.8i   Stone impact guard package','');
insert into Diagram values('FE82-84_0604','FE82-20060500','84-10','E70 X5 4.8i   Indiv. parts, phone handset/mountg Japan','');
insert into Diagram values('FE82-84_0767','FE82-20060500','84-10','E70 X5 4.8i   Starter package, cell phone Nokia 6303c','');
insert into Diagram values('FE82-84_0614','FE82-20060500','84-20','E70 X5 4.8i   Single parts, SA 644 center console','');
insert into Diagram values('FE82-84_0682','FE82-20060500','84-20','E70 X5 4.8i   Single parts, SA 633, center console','');
insert into Diagram values('FE82-84_0719','FE82-20060500','84-20','E70 X5 4.8i   Single parts SA 633, trunk','');
insert into DiagramParts values('FE82-84_0722-84109147519', 'FE82-84_0722', 01, 'ULF module, High', 'BASIS SVS', 1, to_date('20070301','YYYYMMDD'), to_date('20070901','YYYYMMDD'), '84109147519', '', 'ENDED', false);
insert into DiagramParts values('FE82-84_0722-84109163229', 'FE82-84_0722', 01, 'ULF module, High', 'BASIS SVS', 1, to_date('20070301','YYYYMMDD'), to_date('20070901','YYYYMMDD'), '84109163229', '', 'ENDED', false);
insert into DiagramParts values('FE82-84_0722-84109172420', 'FE82-84_0722', 01, 'ULF module, High', 'BASIS SVS', 1, to_date('20070301','YYYYMMDD'), to_date('20071001','YYYYMMDD'), '84109172420', '', 'ENDED', false);
insert into DiagramParts values('FE82-84_0722-84109178898', 'FE82-84_0722', 01, 'ULF module, High', 'BASIS SVS', 1, to_date('20070301','YYYYMMDD'), to_date('20080301','YYYYMMDD'), '84109178898', '', 'ENDED', false);
insert into DiagramParts values('FE82-84_0722-84109187625', 'FE82-84_0722', 01, 'ULF module, High', 'BASIS SVS', 1, to_date('20070301','YYYYMMDD'), to_date('20080901','YYYYMMDD'), '84109187625', '', 'ENDED', false);
insert into DiagramParts values('FE82-84_0722-84109200822', 'FE82-84_0722', 01, 'ULF module, High', 'BASIS SVS', 1, to_date('20070301','YYYYMMDD'), to_date('20090301','YYYYMMDD'), '84109200822', '', 'ENDED', false);
insert into DiagramParts values('FE82-84_0722-84109207360', 'FE82-84_0722', 01, 'ULF module, High', 'BASIS SVS', 1, to_date('20070301','YYYYMMDD'), to_date('20090901','YYYYMMDD'), '84109207360', '', 'ENDED', false);
insert into DiagramParts values('FE82-84_0722-84109224674', 'FE82-84_0722', 01, 'ULF module, High', 'BASIS SVS', 1, to_date('20070301','YYYYMMDD'), to_date('20100301','YYYYMMDD'), '84109224674', '', 'ENDED', false);
insert into DiagramParts values('FE82-84_0722-84109178900', 'FE82-84_0722', 01, 'ULF module, High', 'I-SPEECH NL/IT', 1, to_date('20070901','YYYYMMDD'), to_date('20080301','YYYYMMDD'), '84109178900', '', 'ENDED', false);
insert into DiagramParts values('FE82-84_0722-84109187627', 'FE82-84_0722', 01, 'ULF module, High', 'I-SPEECH NL/IT', 1, to_date('20070901','YYYYMMDD'), to_date('20080901','YYYYMMDD'), '84109187627', '', 'ENDED', false);
insert into DiagramParts values('FE82-84_0722-84109200824', 'FE82-84_0722', 01, 'ULF module, High', 'I-SPEECH NL/IT', 1, to_date('20070901','YYYYMMDD'), to_date('20090301','YYYYMMDD'), '84109200824', '', 'ENDED', false);
insert into DiagramParts values('FE82-84_0722-84109207363', 'FE82-84_0722', 01, 'ULF module, High', 'I-SPEECH NL/IT', 1, to_date('20070901','YYYYMMDD'), to_date('20090901','YYYYMMDD'), '84109207363', '', 'ENDED', false);
insert into DiagramParts values('FE82-84_0722-84109224677', 'FE82-84_0722', 01, 'ULF module, High', 'I-SPEECH NL/IT', 1, to_date('20070901','YYYYMMDD'), to_date('20100301','YYYYMMDD'), '84109224677', '', 'ENDED', false);
insert into DiagramParts values('FE82-84_0722-84109178901', 'FE82-84_0722', 01, 'ULF module, High', 'I-SPEECH FR/ESP', 1, to_date('20070901','YYYYMMDD'), to_date('20080301','YYYYMMDD'), '84109178901', '', 'ENDED', false);
insert into DiagramParts values('FE82-84_0722-84109187628', 'FE82-84_0722', 01, 'ULF module, High', 'I-SPEECH FR/ESP', 1, to_date('20070901','YYYYMMDD'), to_date('20080901','YYYYMMDD'), '84109187628', '', 'ENDED', false);
insert into DiagramParts values('FE82-84_0722-84109200825', 'FE82-84_0722', 01, 'ULF module, High', 'I-SPEECH FR/ESP', 1, to_date('20070901','YYYYMMDD'), to_date('20090301','YYYYMMDD'), '84109200825', '', 'ENDED', false);
insert into DiagramParts values('FE82-84_0722-84109207362', 'FE82-84_0722', 01, 'ULF module, High', 'I-SPEECH FR/ESP', 1, to_date('20070901','YYYYMMDD'), to_date('20090901','YYYYMMDD'), '84109207362', '', 'ENDED', false);
insert into DiagramParts values('FE82-84_0722-84109224676', 'FE82-84_0722', 01, 'ULF module, High', 'I-SPEECH FR/ESP', 1, to_date('20070901','YYYYMMDD'), to_date('20100301','YYYYMMDD'), '84109224676', '', 'ENDED', false);
insert into DiagramParts values('FE82-84_0722-84109178899', 'FE82-84_0722', 01, 'ULF module, High', 'I-SPEECH DE/UK', 1, to_date('20070901','YYYYMMDD'), to_date('20080301','YYYYMMDD'), '84109178899', '', 'ENDED', false);
insert into DiagramParts values('FE82-84_0722-84109187626', 'FE82-84_0722', 01, 'ULF module, High', 'I-SPEECH DE/UK', 1, to_date('20070901','YYYYMMDD'), to_date('20080901','YYYYMMDD'), '84109187626', '', 'ENDED', false);
insert into DiagramParts values('FE82-84_0722-84109200823', 'FE82-84_0722', 01, 'ULF module, High', 'I-SPEECH DE/UK', 1, to_date('20070901','YYYYMMDD'), to_date('20090301','YYYYMMDD'), '84109200823', '', 'ENDED', false);
insert into DiagramParts values('FE82-84_0722-84109207361', 'FE82-84_0722', 01, 'ULF module, High', 'I-SPEECH DE/UK', 1, to_date('20070901','YYYYMMDD'), to_date('20090901','YYYYMMDD'), '84109207361', '', 'ENDED', false);
insert into DiagramParts values('FE82-84_0722-84109224675', 'FE82-84_0722', 01, 'ULF module, High', 'I-SPEECH DE/UK', 1, to_date('20070901','YYYYMMDD'), to_date('20100301','YYYYMMDD'), '84109224675', '', 'ENDED', false);
insert into Diagram values('FE82-84_0722','FE82-20060500','84-20','E70 X5 4.8i   Charging electronics, hands-free','');
insert into Diagram values('FE82-84_0740','FE82-20060500','84-20','E70 X5 4.8i   Single parts, SA 644, trunk','');
insert into Diagram values('FE82-84_0759','FE82-20060500','84-20','E70 X5 4.8i   Single parts, option 6NF center console','');
insert into Diagram values('FE82-84_0811','FE82-20060500','84-20','E70 X5 4.8i   USB hub','');
insert into Diagram values('FE82-84_0657','FE82-20060500','84-30','E70 X5 4.8i   Single parts f hands-free facility','');
insert into Diagram values('FE82-84_0763','FE82-20060500','84-30','E70 X5 4.8i   Snap-in adapter, SAP','');
insert into Diagram values('FE82-84_0639','FE82-20060500','84-95','E70 X5 4.8i   Bluetooth SA644 hands-free retrofit kit','');
insert into Diagram values('FE82-84_0730','FE82-20060500','84-95','E70 X5 4.8i   Stolen Vehicle Tracking - TPA','');
insert into Diagram values('FE82-84_0732','FE82-20060500','84-95','E70 X5 4.8i   Upgrade kit hands-free Bluetooth OPT644','');
insert into Diagram values('FE82-84_0778','FE82-20060500','84-95','E70 X5 4.8i   BMW Bluetooth headset','');
insert into Diagram values('FE82-84_0867','FE82-20060500','84-95','E70 X5 4.8i   BMW Car Hotspot','');
insert into Diagram values('FE82-84_0897','FE82-20060500','84-95','E70 X5 4.8i   Snap-in adapter for Apple devices','');
insert into Diagram values('FE82-84_0904','FE82-20060500','84-95','E70 X5 4.8i   Retrofit kit, voice input','');
insert into Diagram values('FE82-84_0906','FE82-20060500','84-95','E70 X5 4.8i   Snap-in adapter, SONY ERICSSON devices','');
insert into Diagram values('FE82-84_0907','FE82-20060500','84-95','E70 X5 4.8i   Snap-in adapter for NOKIA devices','');
insert into Diagram values('FE82-84_0908','FE82-20060500','84-95','E70 X5 4.8i   Snap-in adapter for SIEMENS devices','');
insert into Diagram values('FE82-84_0909','FE82-20060500','84-95','E70 X5 4.8i   Snap-in adapter for MOTOROLA devices','');
insert into Diagram values('FE82-84_0910','FE82-20060500','84-95','E70 X5 4.8i   Snap-in adapter, BlackBerry/RIM devices','');
insert into Diagram values('FE82-84_0930','FE82-20060500','84-95','E70 X5 4.8i   Smartphone cradle','');
insert into Diagram values('FE82-84_0931','FE82-20060500','84-95','E70 X5 4.8i   BMW Car Hotspot LTE','');
insert into Diagram values('FE82-84_0933','FE82-20060500','84-95','E70 X5 4.8i   Snap-in adapter for SAMSUNG devices','');
insert into Diagram values('FE82-85_0005','FE82-20060500','85-45','E70 X5 4.8i   Winter tires','');
insert into Diagram values('FE82-85_0026','FE82-20060500','85-45','E70 X5 4.8i   All-season tire','');
insert into Diagram values('FE82-85_0032','FE82-20060500','85-45','E70 X5 4.8i   Summer tires','');
insert into Diagram values('FE82-88_0052','FE82-20060500','88-80','E70 X5 4.8i   Emergency bag','');
insert into Diagram values('FE82-88_0064','FE82-20060500','88-80','E70 X5 4.8i   Fluid-change kit, autom. transmission','');
insert into DiagramParts values('FE82-91_0992-32307843371', 'FE82-91_0992', 01, 'Sports st.-wheel,leather/wd.ring,multif.', 'ROTBRAUN', 1, to_date('20081001','YYYYMMDD'), to_date('20091001','YYYYMMDD'), '32307843371', '', 'ENDED, See NoS No Stock', false);
insert into DiagramParts values('FE82-91_0992-32307843372', 'FE82-91_0992', 01, 'Sports st.-wheel,leather/wd.ring,multif.', 'NUBAUM AMARONE', 1, to_date('20081001','YYYYMMDD'), to_date('20091001','YYYYMMDD'), '32307843372', '', 'ENDED, See NoS No Stock', false);
insert into DiagramParts values('FE82-91_0992-32307966710', 'FE82-91_0992', 01, 'Sports st.-wheel,leather/wd.ring,multif.', 'PIANOLACK SW', 1, to_date('20081001','YYYYMMDD'), to_date('20091001','YYYYMMDD'), '32307966710', '', 'ENDED, See NoS No Stock', false);
insert into DiagramParts values('FE82-91_0992-32307966711', 'FE82-91_0992', 01, 'Sports st.-wheel,leather/wd.ring,multif.', 'ROTBRAUN', 1, to_date('20081001','YYYYMMDD'), to_date('20091001','YYYYMMDD'), '32307966711', '', 'ENDED, See NoS No Stock', false);
insert into DiagramParts values('FE82-91_0992-32307966712', 'FE82-91_0992', 01, 'Sports st.-wheel,leather/wd.ring,multif.', 'NUBAUM AMARONE', 1, to_date('20081001','YYYYMMDD'), to_date('20091001','YYYYMMDD'), '32307966712', '', 'ENDED, See NoS No Stock', false);
insert into Diagram values('FE82-91_0992','FE82-20060500','91-17','E70 X5 4.8i   Ind.sports st.-wheel,leather w/wdn. ring','');
insert into DiagramParts values('FE82-91_1028-32307843374', 'FE82-91_1028', 01, 'Sport st whl leather/leather inlay, MF', 'SW/CHAMPAGNER', 1, to_date('20081001','YYYYMMDD'), to_date('20091001','YYYYMMDD'), '32307843374', '', 'ENDED, See NoS No Stock', false);
insert into DiagramParts values('FE82-91_1028-32307843375', 'FE82-91_1028', 01, 'Sport st whl leather/leather inlay, MF', 'SW/CRIOLLOBRAUN', 1, to_date('20081001','YYYYMMDD'), to_date('20091001','YYYYMMDD'), '32307843375', '', 'ENDED, See NoS No Stock', false);
insert into DiagramParts values('FE82-91_1028-32307843376', 'FE82-91_1028', 01, 'Sport st whl leather/leather inlay, MF', 'SW/SYRAHBLAU', 1, to_date('20081001','YYYYMMDD'), to_date('20091001','YYYYMMDD'), '32307843376', '', 'ENDED, See NoS No Stock', false);
insert into DiagramParts values('FE82-91_1028-32307843377', 'FE82-91_1028', 01, 'Sport st whl leather/leather inlay, MF', 'SW/SCHIEFER', 1, to_date('20081001','YYYYMMDD'), to_date('20091001','YYYYMMDD'), '32307843377', '', 'ENDED, See NoS No Stock', false);
insert into DiagramParts values('FE82-91_1028-32307966714', 'FE82-91_1028', 01, 'Sport st whl leather/leather inlay, MF', 'SW/PLATIN', 1, to_date('20081001','YYYYMMDD'), to_date('20091001','YYYYMMDD'), '32307966714', '', 'ENDED, See NoS No Stock', false);
insert into DiagramParts values('FE82-91_1028-32307966715', 'FE82-91_1028', 01, 'Sport st whl leather/leather inlay, MF', 'SW/CHAMPAGNER', 1, to_date('20081001','YYYYMMDD'), to_date('20091001','YYYYMMDD'), '32307966715', '', 'ENDED, See NoS No Stock', false);
insert into DiagramParts values('FE82-91_1028-32307966716', 'FE82-91_1028', 01, 'Sport st whl leather/leather inlay, MF', 'SW/CRIOLLOBRAUN', 1, to_date('20081001','YYYYMMDD'), to_date('20091001','YYYYMMDD'), '32307966716', '', 'ENDED, See NoS No Stock', false);
insert into DiagramParts values('FE82-91_1028-32307966717', 'FE82-91_1028', 01, 'Sport st whl leather/leather inlay, MF', 'SW/SYRAHBLAU', 1, to_date('20081001','YYYYMMDD'), to_date('20091001','YYYYMMDD'), '32307966717', '', 'ENDED, See NoS No Stock', false);
insert into DiagramParts values('FE82-91_1028-32307966718', 'FE82-91_1028', 01, 'Sport st whl leather/leather inlay, MF', 'SW/SCHIEFER', 1, to_date('20081001','YYYYMMDD'), to_date('20091001','YYYYMMDD'), '32307966718', '', 'ENDED, See NoS No Stock', false);
insert into Diagram values('FE82-91_1028','FE82-20060500','91-17','E70 X5 4.8i   Indi. Sport STWH, leather w. leather rim','');
insert into Diagram values('FE82-91_1052','FE82-20060500','91-30','E70 X5 4.8i   Individual instrument panel, leather','');
insert into Diagram values('FE82-91_1054','FE82-20060500','91-30','E70 X5 4.8i   Indi. cover, glovebox, top, leather','');
insert into Diagram values('FE82-91_1056','FE82-20060500','91-35','E70 X5 4.8i   Individ. mounting parts, center console','');
insert into Diagram values('FE82-91_1057','FE82-20060500','91-35','E70 X5 4.8i   Individual armrest, center console','');
insert into DiagramParts values('FE82-91_0991-51457968028', 'FE82-91_0991', 03, 'COVER GLOVE BOX LOWER', 'NUBAUM AMARONE', 1, to_date('20081001','YYYYMMDD'), to_date('20090901','YYYYMMDD'), '51457968028', '', 'See NoS No Stock', false);
insert into Diagram values('FE82-91_0991','FE82-20060500','91-40','E70 X5 4.8i   Individual wood trim covers','');
insert into Diagram values('FE82-91_1236','FE82-20060500','91-40','E70 X5 4.8i   Individual leather covers','');
insert into Diagram values('FE82-91_1045','FE82-20060500','91-45','E70 X5 4.8i   Indiv.front door trim panel,part.leather','');
insert into Diagram values('FE82-91_1046','FE82-20060500','91-45','E70 X5 4.8i   Indi. door trim, all-leather, front','');
insert into Diagram values('FE82-91_1048','FE82-20060500','91-45','E70 X5 4.8i   Indiv. rear door trim panel,part.leather','');
insert into Diagram values('FE82-91_1049','FE82-20060500','91-45','E70 X5 4.8i   Indi. door trim, all-leather, rear','');
insert into Diagram values('FE82-91_1050','FE82-20060500','91-45','E70 X5 4.8i   Individual handle, leather, door front','');
insert into Diagram values('FE82-91_1051','FE82-20060500','91-45','E70 X5 4.8i   Individual handle, leather, door rear','');
insert into DiagramParts values('FE82-91_0973-52107966739', 'FE82-91_0973', 01, 'Seat cover, comfort seat, leather', 'INDIVIDUAL', 2, to_date('20081001','YYYYMMDD'), to_date('20100401','YYYYMMDD'), '52107966739', '', 'See NoS No Stock', false);
insert into DiagramParts values('FE82-91_0973-52107966741', 'FE82-91_0973', 02, 'Cover, backrest, Comfort, leather, left', 'INDIVIDUAL', 1, to_date('20081001','YYYYMMDD'), to_date('20100401','YYYYMMDD'), '52107966741', '', 'See NoS No Stock', false);
insert into DiagramParts values('FE82-91_0973-52107966742', 'FE82-91_0973', 02, 'Cover, backrest, Comfort, leather, right', 'INDIVIDUAL', 1, to_date('20081001','YYYYMMDD'), to_date('20100401','YYYYMMDD'), '52107966742', '', 'See NoS No Stock', false);
insert into DiagramParts values('FE82-91_0973-52107966740', 'FE82-91_0973', 03, 'COVER CLOTH THIGH SUPPORT', 'INDIVIDUAL', 2, to_date('20081001','YYYYMMDD'), to_date('20100401','YYYYMMDD'), '52107966740', '', 'See NoS No Stock', false);
insert into Diagram values('FE82-91_0973','FE82-20060500','91-60','E70 X5 4.8i   Individual cover, leather comfort seat','');
insert into Diagram values('FE82-91_1011','FE82-20060500','91-60','E70 X5 4.8i   Indiv.cover, basic seat, front','');
insert into Diagram values('FE82-91_1012','FE82-20060500','91-60','E70 X5 4.8i   Individual sports seat cover, front','');
insert into DiagramParts values('FE82-91_1013-52107966745', 'FE82-91_1013', 02, 'Cover, backrest, Comfort, leather, left', 'INDIVIDUAL', 1, to_date('20081001','YYYYMMDD'), to_date('20100401','YYYYMMDD'), '52107966745', '', 'See NoS No Stock', false);
insert into DiagramParts values('FE82-91_1013-52107966746', 'FE82-91_1013', 02, 'Cover, backrest, Comfort, leather, right', 'INDIVIDUAL', 1, to_date('20081001','YYYYMMDD'), to_date('20100401','YYYYMMDD'), '52107966746', '', 'See NoS No Stock', false);
insert into DiagramParts values('FE82-91_1013-52107966740', 'FE82-91_1013', 03, 'COVER CLOTH THIGH SUPPORT', 'INDIVIDUAL', 2, to_date('20090201','YYYYMMDD'), to_date('20100401','YYYYMMDD'), '52107966740', '', 'See NoS No Stock', false);
insert into DiagramParts values('FE82-91_1013-52107966744', 'FE82-91_1013', 04, 'COVER CLOTH THIGH SUPPORT', 'INDIVIDUAL', 2, to_date('20081001','YYYYMMDD'), to_date('20090201','YYYYMMDD'), '52107966744', '', 'See NoS No Stock', false);
insert into Diagram values('FE82-91_1013','FE82-20060500','91-60','E70 X5 4.8i   Individual cover,Klima-Leather comf.seat','');
insert into Diagram values('FE82-91_1015','FE82-20060500','91-60','E70 X5 4.8i   Individ. rear panel Basic /Sports seat','');
insert into Diagram values('FE82-91_1016','FE82-20060500','91-60','E70 X5 4.8i   Individ. rear panel,leather comfort seat','');
insert into Diagram values('FE82-91_1032','FE82-20060500','91-65','E70 X5 4.8i   Individual cover, leather, seat rear','');
insert into DiagramParts values('FE82-91_1033-52207966761', 'FE82-91_1033', 01, 'Leather seat cover, rear', 'INDI.KLIMALEDER', 1, to_date('20081001','YYYYMMDD'), to_date('20100401','YYYYMMDD'), '52207966761', '', 'See NoS No Stock', false);
insert into DiagramParts values('FE82-91_1033-52207977741', 'FE82-91_1033', 02, 'Cover backrest, leather, rear left', 'INDI.KLIMALEDER', 1, to_date('20081001','YYYYMMDD'), to_date('20100401','YYYYMMDD'), '52207977741', '', 'See NoS No Stock', false);
insert into DiagramParts values('FE82-91_1033-52207977740', 'FE82-91_1033', 03, 'Cover backrest, leather, rear right', 'INDI.KLIMALEDER', 1, to_date('20081001','YYYYMMDD'), to_date('20100401','YYYYMMDD'), '52207977740', '', 'See NoS No Stock', false);
insert into Diagram values('FE82-91_1033','FE82-20060500','91-65','E70 X5 4.8i   Indi. cover, seat, rear, perforated lthr','');
insert into Diagram values('FE82-91_1041','FE82-20060500','91-70','E70 X5 4.8i   Indi. head restraint CAK base seat front','');
insert into Diagram values('FE82-91_1042','FE82-20060500','91-70','E70 X5 4.8i   Indi. hd. restraint CAK Sport seat front','');
insert into DiagramParts values('FE82-91_1043-52107972543', 'FE82-91_1043', 01, 'Headrest leather', 'INDIVIDUAL', 2, to_date('20081001','YYYYMMDD'), to_date('20100101','YYYYMMDD'), '52107972543', '', 'See NoS No Stock', false);
insert into Diagram values('FE82-91_1043','FE82-20060500','91-70','E70 X5 4.8i   Indi. hd. rest CAK Comfort seat, front','');
insert into Diagram values('FE82-91_1044','FE82-20060500','91-75','E70 X5 4.8i   Individual headrest, leather, rear','');
insert into Diagram values('FE82-91_1039','FE82-20060500','91-80','E70 X5 4.8i   Individual armrest, rear','');
insert into ProdCodeDate values('FE81-20060600','FE81',to_date('20060601','YYYYMMDD'));
insert into ProdCodeDate values('FE82-20060600','FE82',to_date('20060601','YYYYMMDD'));
insert into ProdCodeDate values('FE81-20060700','FE81',to_date('20060701','YYYYMMDD'));
insert into ProdCodeDate values('FE82-20060700','FE82',to_date('20060701','YYYYMMDD'));
insert into ProdCodeDate values('FE81-20060800','FE81',to_date('20060801','YYYYMMDD'));
insert into ProdCodeDate values('FE82-20060800','FE82',to_date('20060801','YYYYMMDD'));
insert into ProdCodeDate values('FE81-20060900','FE81',to_date('20060901','YYYYMMDD'));
insert into ProdCodeDate values('FE82-20060900','FE82',to_date('20060901','YYYYMMDD'));
insert into ProdCodeDate values('FE81-20061000','FE81',to_date('20061001','YYYYMMDD'));
insert into ProdCodeDate values('FE81-20061000','FE81',to_date('20061001','YYYYMMDD'));
insert into ProdCodeDate values('FE81-20061100','FE81',to_date('20061101','YYYYMMDD'));
insert into ProdCodeDate values('FE82-20061100','FE82',to_date('20061101','YYYYMMDD'));
insert into ProdCodeDate values('FE81-20061200','FE81',to_date('20061201','YYYYMMDD'));
insert into ProdCodeDate values('FE82-20061200','FE82',to_date('20061201','YYYYMMDD'));
insert into ProdCodeDate values('FE81-20070300','FE81',to_date('20070301','YYYYMMDD'));
insert into ProdCodeDate values('FE82-20070300','FE82',to_date('20070301','YYYYMMDD'));
insert into ProdCodeDate values('FE81-20070400','FE81',to_date('20070401','YYYYMMDD'));
insert into ProdCodeDate values('FE82-20070400','FE82',to_date('20070401','YYYYMMDD'));
insert into ProdCodeDate values('FE81-20070500','FE81',to_date('20070501','YYYYMMDD'));
insert into ProdCodeDate values('FE82-20070500','FE82',to_date('20070501','YYYYMMDD'));
insert into ProdCodeDate values('FE81-20070600','FE81',to_date('20070601','YYYYMMDD'));
insert into ProdCodeDate values('FE82-20070600','FE82',to_date('20070601','YYYYMMDD'));
insert into ProdCodeDate values('FE81-20070700','FE81',to_date('20070701','YYYYMMDD'));
insert into ProdCodeDate values('FE82-20070700','FE82',to_date('20070701','YYYYMMDD'));
insert into ProdCodeDate values('FE81-20070800','FE81',to_date('20070801','YYYYMMDD'));
insert into ProdCodeDate values('FE82-20070800','FE82',to_date('20070801','YYYYMMDD'));
insert into ProdCodeDate values('FE81-20071000','FE81',to_date('20071001','YYYYMMDD'));
insert into ProdCodeDate values('FE82-20071000','FE82',to_date('20071001','YYYYMMDD'));
insert into ProdCodeDate values('FE81-20071100','FE81',to_date('20071101','YYYYMMDD'));
insert into ProdCodeDate values('FE82-20071100','FE82',to_date('20071101','YYYYMMDD'));
insert into ProdCodeDate values('FE81-20071200','FE81',to_date('20071201','YYYYMMDD'));
insert into ProdCodeDate values('FE82-20071200','FE82',to_date('20071201','YYYYMMDD'));
insert into ProdCodeDate values('FE81-20080100','FE81',to_date('20080101','YYYYMMDD'));
insert into ProdCodeDate values('FE82-20080100','FE82',to_date('20080101','YYYYMMDD'));
insert into ProdCodeDate values('FE81-20080200','FE81',to_date('20080201','YYYYMMDD'));
insert into ProdCodeDate values('FE82-20080200','FE82',to_date('20080201','YYYYMMDD'));
insert into ProdCodeDate values('FE81-20080600','FE81',to_date('20080601','YYYYMMDD'));
insert into ProdCodeDate values('FE82-20080600','FE82',to_date('20080601','YYYYMMDD'));
insert into ProdCodeDate values('FE81-20080700','FE81',to_date('20080701','YYYYMMDD'));
insert into ProdCodeDate values('FE82-20080700','FE82',to_date('20080701','YYYYMMDD'));
insert into ProdCodeDate values('FE81-20080900','FE81',to_date('20080901','YYYYMMDD'));
insert into ProdCodeDate values('FE82-20080900','FE82',to_date('20080901','YYYYMMDD'));
insert into ProdCodeDate values('FE81-20081000','FE81',to_date('20081001','YYYYMMDD'));
insert into ProdCodeDate values('FE82-20081000','FE82',to_date('20081001','YYYYMMDD'));
insert into ProdCodeDate values('FE81-20081100','FE81',to_date('20081101','YYYYMMDD'));
insert into ProdCodeDate values('FE82-20081100','FE82',to_date('20081101','YYYYMMDD'));
insert into ProdCodeDate values('FE81-20090100','FE81',to_date('20090101','YYYYMMDD'));
insert into ProdCodeDate values('FE82-20090100','FE82',to_date('20090101','YYYYMMDD'));
insert into ProdCodeDate values('FE81-20090200','FE81',to_date('20090201','YYYYMMDD'));
insert into ProdCodeDate values('FE82-20090200','FE82',to_date('20090201','YYYYMMDD'));
insert into ProdCodeDate values('FE81-20090300','FE81',to_date('20090301','YYYYMMDD'));
insert into ProdCodeDate values('FE82-20090300','FE82',to_date('20090301','YYYYMMDD'));
insert into ProdCodeDate values('FE81-20090500','FE81',to_date('20090501','YYYYMMDD'));
insert into ProdCodeDate values('FE82-20090500','FE82',to_date('20090501','YYYYMMDD'));
insert into ProdCodeDate values('FE81-20090600','FE81',to_date('20090601','YYYYMMDD'));
insert into ProdCodeDate values('FE82-20090600','FE82',to_date('20090601','YYYYMMDD'));
insert into ProdCodeDate values('FE81-20090700','FE81',to_date('20090701','YYYYMMDD'));
insert into ProdCodeDate values('FE82-20090700','FE82',to_date('20090701','YYYYMMDD'));
insert into ProdCodeDate values('FE81-20090800','FE81',to_date('20090801','YYYYMMDD'));
insert into ProdCodeDate values('FE82-20090800','FE82',to_date('20090801','YYYYMMDD'));
insert into ProdCodeDate values('FE81-20091000','FE81',to_date('20091001','YYYYMMDD'));
insert into ProdCodeDate values('FE82-20091000','FE82',to_date('20091001','YYYYMMDD'));
insert into ProdCodeDate values('FE81-20091100','FE81',to_date('20091101','YYYYMMDD'));
insert into ProdCodeDate values('FE82-20091100','FE82',to_date('20091101','YYYYMMDD'));
insert into ProdCodeDate values('FE81-20091200','FE81',to_date('20091201','YYYYMMDD'));
insert into ProdCodeDate values('FE82-20091200','FE82',to_date('20091201','YYYYMMDD'));
insert into ProdCodeDate values('FE81-20100100','FE81',to_date('20100101','YYYYMMDD'));
insert into ProdCodeDate values('FE82-20100100','FE82',to_date('20100101','YYYYMMDD'));
insert into ProdCodeDate values('FE81-20100200','FE81',to_date('20100201','YYYYMMDD'));
insert into ProdCode values('','X5 4.8i','SAV','E70','ECE','N62N','R','');
insert into ProdCodeDate values('-20100200','',to_date('20100201','YYYYMMDD'));
insert into ProdCodeDate values('FE81-20100300','FE81',to_date('20100301','YYYYMMDD'));
insert into ProdCodeDate values('FE82-20100300','FE82',to_date('20100301','YYYYMMDD'));
insert into Model values('X5 4.8i','E70','SAV','X5 4.8i','USA');
insert into ProdCode values('FE83','X5 4.8i','SAV','E70','USA','N62N','L','02/2006 E70 X5 4.8i SUV N62N USA Left hand drive Automatic');
insert into ProdCodeDate values('FE83-20060200','FE83',to_date('20060201','YYYYMMDD'));
insert into DiagramParts values('FE83-01_0206-01420013764', 'FE83-01_0206', 12, 'Care tips, CDN French', 'ALLE MODELLE', 1, to_date('19950901','YYYYMMDD'), to_date('20070901','YYYYMMDD'), '01420013764', '', '', false);
insert into Diagram values('FE83-01_0206','FE83-20060200','01-05','E70 X5 4.8i   BMW care tips','');
insert into DiagramParts values('FE83-01_0708-01410012501', 'FE83-01_0708', 11, 'Owner&apos;s manual for E70', 'EN US, MJ 2007', 1, to_date('20061001','YYYYMMDD'), to_date('20070401','YYYYMMDD'), '01410012501', '$70.12', '', false);
insert into DiagramParts values('FE83-01_0708-01410013318', 'FE83-01_0708', 11, 'Owner&apos;s manual for E70', 'EN US, MJ 2007', 1, to_date('20070401','YYYYMMDD'), to_date('20071001','YYYYMMDD'), '01410013318', '$70.12', '', false);
insert into DiagramParts values('FE83-01_0708-01410014248', 'FE83-01_0708', 11, 'Owner&apos;s manual for E70', 'EN US, MJ 2008', 1, to_date('20071001','YYYYMMDD'), to_date('20080401','YYYYMMDD'), '01410014248', '$70.12', '', false);
insert into DiagramParts values('FE83-01_0708-01412600316', 'FE83-01_0708', 11, 'Owner&apos;s manual for E70', 'EN US, MJ 2008', 1, to_date('20080401','YYYYMMDD'), to_date('20081001','YYYYMMDD'), '01412600316', '$70.12', '', false);
insert into DiagramParts values('FE83-01_0708-01412600792', 'FE83-01_0708', 11, 'Owner&apos;s manual for E70', 'EN US, MJ 2009', 1, to_date('20081001','YYYYMMDD'), to_date('20090401','YYYYMMDD'), '01412600792', '$70.12', '', false);
insert into DiagramParts values('FE83-01_0708-01412601687', 'FE83-01_0708', 11, 'Owner&apos;s manual for E70', 'EN US, MJ 2009', 1, to_date('20090401','YYYYMMDD'), to_date('20090601','YYYYMMDD'), '01412601687', '$72.22', '', false);
insert into DiagramParts values('FE83-01_0708-01412602756', 'FE83-01_0708', 11, 'Owner&apos;s manual for E70', 'EN US, MJ 2010', 1, to_date('20091001','YYYYMMDD'), to_date('20100401','YYYYMMDD'), '01412602756', '', '', false);
insert into DiagramParts values('FE83-01_0708-01402901869', 'FE83-01_0708', 11, 'Owner&apos;s manual for E70', 'EN US', 1, to_date('20120401','YYYYMMDD'), to_date('20120801','YYYYMMDD'), '01402901869', '', '', false);
insert into DiagramParts values('FE83-01_0708-01402916625', 'FE83-01_0708', 11, 'Owner&apos;s manual for E70', 'EN US', 1, to_date('20120801','YYYYMMDD'), to_date('20130401','YYYYMMDD'), '01402916625', '', '', false);
insert into DiagramParts values('FE83-01_0708-01420012502', 'FE83-01_0708', 12, 'Owner&apos;s manual for E70', 'FR CA, MJ 2007', 1, to_date('20061001','YYYYMMDD'), to_date('20070401','YYYYMMDD'), '01420012502', '', '', false);
insert into DiagramParts values('FE83-01_0708-01420013319', 'FE83-01_0708', 12, 'Owner&apos;s manual for E70', 'FR CA, MJ 2007', 1, to_date('20070401','YYYYMMDD'), to_date('20071001','YYYYMMDD'), '01420013319', '', '', false);
insert into DiagramParts values('FE83-01_0708-01420014249', 'FE83-01_0708', 12, 'Owner&apos;s manual for E70', 'FR CA, MJ 2008', 1, to_date('20071001','YYYYMMDD'), to_date('20080401','YYYYMMDD'), '01420014249', '', '', false);
insert into DiagramParts values('FE83-01_0708-01422600317', 'FE83-01_0708', 12, 'Owner&apos;s manual for E70', 'FR CA, MJ 2008', 1, to_date('20080401','YYYYMMDD'), to_date('20081001','YYYYMMDD'), '01422600317', '', '', false);
insert into DiagramParts values('FE83-01_0708-01422600793', 'FE83-01_0708', 12, 'Owner&apos;s manual for E70', 'FR CA, MJ 2009', 1, to_date('20081001','YYYYMMDD'), to_date('20090401','YYYYMMDD'), '01422600793', '', '', false);
insert into DiagramParts values('FE83-01_0708-01422601688', 'FE83-01_0708', 12, 'Owner&apos;s manual for E70', 'FR CA, MJ 2009', 1, to_date('20090401','YYYYMMDD'), to_date('20090601','YYYYMMDD'), '01422601688', '', '', false);
insert into DiagramParts values('FE83-01_0708-01422602757', 'FE83-01_0708', 12, 'Owner&apos;s manual for E70', 'FR CA, MJ 2010', 1, to_date('20091001','YYYYMMDD'), to_date('20100401','YYYYMMDD'), '01422602757', '', '', false);
insert into DiagramParts values('FE83-01_0708-01402901870', 'FE83-01_0708', 12, 'Owner&apos;s manual for E70', 'FR CA', 1, to_date('20120401','YYYYMMDD'), to_date('20120801','YYYYMMDD'), '01402901870', '', '', false);
insert into DiagramParts values('FE83-01_0708-01402916626', 'FE83-01_0708', 12, 'Owner&apos;s manual for E70', 'FR CA', 1, to_date('20120801','YYYYMMDD'), to_date('20130401','YYYYMMDD'), '01402916626', '', '', false);
insert into Diagram values('FE83-01_0708','FE83-20060200','01-05','E70 X5 4.8i   Owner&apos;s manual for E70','');
insert into DiagramParts values('FE83-01_0731-01402916962', 'FE83-01_0731', 02, 'Brief instructions E70, E71', 'EN', 1, to_date('20120801','YYYYMMDD'), to_date('20130401','YYYYMMDD'), '01402916962', '', '', false);
insert into DiagramParts values('FE83-01_0731-01402916963', 'FE83-01_0731', 03, 'Brief instructions E70, E71', 'FR', 1, to_date('20120801','YYYYMMDD'), to_date('20130401','YYYYMMDD'), '01402916963', '', '', false);
insert into DiagramParts values('FE83-01_0731-01402916964', 'FE83-01_0731', 04, 'Brief instructions E70, E71', 'ES', 1, to_date('20120801','YYYYMMDD'), to_date('20130401','YYYYMMDD'), '01402916964', '', '', false);
insert into DiagramParts values('FE83-01_0731-01402916965', 'FE83-01_0731', 05, 'Brief instructions E70, E71', 'IT', 1, to_date('20120801','YYYYMMDD'), to_date('20130401','YYYYMMDD'), '01402916965', '', '', false);
insert into DiagramParts values('FE83-01_0731-01402916966', 'FE83-01_0731', 06, 'Brief instructions E70, E71', 'SV', 1, to_date('20120801','YYYYMMDD'), to_date('20130401','YYYYMMDD'), '01402916966', '', '', false);
insert into DiagramParts values('FE83-01_0731-01402916967', 'FE83-01_0731', 07, 'Brief instructions E70, E71', 'NL', 1, to_date('20120801','YYYYMMDD'), to_date('20130401','YYYYMMDD'), '01402916967', '', '', false);
insert into DiagramParts values('FE83-01_0731-01402916968', 'FE83-01_0731', 08, 'Brief instructions E70, E71', 'AR', 1, to_date('20120801','YYYYMMDD'), to_date('20130401','YYYYMMDD'), '01402916968', '', '', false);
insert into DiagramParts values('FE83-01_0731-01402916969', 'FE83-01_0731', 09, 'Brief instructions E70, E71', 'DA', 1, to_date('20120801','YYYYMMDD'), to_date('20130401','YYYYMMDD'), '01402916969', '', '', false);
insert into DiagramParts values('FE83-01_0731-01402916970', 'FE83-01_0731', 10, 'Brief instructions E70, E71', 'PT', 1, to_date('20120801','YYYYMMDD'), to_date('20130401','YYYYMMDD'), '01402916970', '', '', false);
insert into DiagramParts values('FE83-01_0731-01412603159', 'FE83-01_0731', 11, 'Brief instructions E70, E71', 'EN US, MJ 2010', 1, to_date('20091001','YYYYMMDD'), to_date('20100401','YYYYMMDD'), '01412603159', '', '', false);
insert into DiagramParts values('FE83-01_0731-01402916981', 'FE83-01_0731', 11, 'Brief instructions E70, E71', 'EN US', 1, to_date('20120801','YYYYMMDD'), to_date('20130401','YYYYMMDD'), '01402916981', '', '', false);
insert into DiagramParts values('FE83-01_0731-01402919183', 'FE83-01_0731', 11, 'Brief instructions E70, E71', 'EN US', 1, to_date('20130401','YYYYMMDD'), to_date('20130801','YYYYMMDD'), '01402919183', '', '', false);
insert into DiagramParts values('FE83-01_0731-01402916982', 'FE83-01_0731', 12, 'Brief instructions E70, E71', 'FR CA', 1, to_date('20120801','YYYYMMDD'), to_date('20130401','YYYYMMDD'), '01402916982', '', '', false);
insert into DiagramParts values('FE83-01_0731-01402919184', 'FE83-01_0731', 12, 'Brief instructions E70, E71', 'FR CA', 1, to_date('20130401','YYYYMMDD'), to_date('20130801','YYYYMMDD'), '01402919184', '', '', false);
insert into DiagramParts values('FE83-01_0731-01402916972', 'FE83-01_0731', 13, 'Brief instructions E70, E71', 'EL', 1, to_date('20120801','YYYYMMDD'), to_date('20130401','YYYYMMDD'), '01402916972', '', '', false);
insert into DiagramParts values('FE83-01_0731-01402916971', 'FE83-01_0731', 14, 'Brief instructions E70, E71', 'ZH', 1, to_date('20120801','YYYYMMDD'), to_date('20130401','YYYYMMDD'), '01402916971', '', '', false);
insert into DiagramParts values('FE83-01_0731-01402916973', 'FE83-01_0731', 15, 'Brief instructions E70, E71', 'KO', 1, to_date('20120801','YYYYMMDD'), to_date('20130401','YYYYMMDD'), '01402916973', '', '', false);
insert into DiagramParts values('FE83-01_0731-01402916975', 'FE83-01_0731', 16, 'Brief instructions E70, E71', 'RO', 1, to_date('20120801','YYYYMMDD'), to_date('20130401','YYYYMMDD'), '01402916975', '', '', false);
insert into DiagramParts values('FE83-01_0731-01402916974', 'FE83-01_0731', 17, 'Brief instructions E70, E71', 'RU', 1, to_date('20120801','YYYYMMDD'), to_date('20130401','YYYYMMDD'), '01402916974', '', '', false);
insert into DiagramParts values('FE83-01_0731-01402916976', 'FE83-01_0731', 18, 'Brief instructions E70, E71', 'JA', 1, to_date('20120801','YYYYMMDD'), to_date('20130401','YYYYMMDD'), '01402916976', '', '', false);
insert into DiagramParts values('FE83-01_0731-01402916977', 'FE83-01_0731', 19, 'Brief instructions E70, E71', 'SK', 1, to_date('20120801','YYYYMMDD'), to_date('20130401','YYYYMMDD'), '01402916977', '', '', false);
insert into DiagramParts values('FE83-01_0731-01402916978', 'FE83-01_0731', 20, 'Brief instructions E70, E71', 'CS', 1, to_date('20120801','YYYYMMDD'), to_date('20130401','YYYYMMDD'), '01402916978', '', '', false);
insert into DiagramParts values('FE83-01_0731-01402916979', 'FE83-01_0731', 21, 'Brief instructions E70, E71', 'PL', 1, to_date('20120801','YYYYMMDD'), to_date('20130401','YYYYMMDD'), '01402916979', '', '', false);
insert into DiagramParts values('FE83-01_0731-01402916980', 'FE83-01_0731', 22, 'Brief instructions E70, E71', 'HU', 1, to_date('20120801','YYYYMMDD'), to_date('20130401','YYYYMMDD'), '01402916980', '', '', false);
insert into Diagram values('FE83-01_0731','FE83-20060200','01-05','E70 X5 4.8i   Brief instructions E70, E71','');
insert into Diagram values('FE83-01_0780','FE83-20060200','01-05','E70 X5 4.8i   Brochure Service Contact, BMW','');
insert into DiagramParts values('FE83-01_1080-01402912788', 'FE83-01_1080', 11, 'Supplement Owner&apos;s Manual license texts', 'MULTILINGUAL', 1, to_date('20120301','YYYYMMDD'), to_date('20120701','YYYYMMDD'), '01402912788', '', '', false);
insert into DiagramParts values('FE83-01_1080-01402916582', 'FE83-01_1080', 11, 'Supplement Owner&apos;s Manual license texts', 'MULTILINGUAL', 1, to_date('20120701','YYYYMMDD'), to_date('20130301','YYYYMMDD'), '01402916582', '', '', false);
insert into DiagramParts values('FE83-01_1080-01402901443', 'FE83-01_1080', 12, 'Supplement Owner&apos;s Manual license texts', 'MULTILINGUAL', 1, to_date('20110901','YYYYMMDD'), to_date('20120301','YYYYMMDD'), '01402901443', '', '', false);
insert into Diagram values('FE83-01_1080','FE83-20060200','01-05','E70 X5 4.8i   Flyer, license texts for BMW','');
insert into Diagram values('FE83-01_0169','FE83-20060200','01-21','E70 X5 4.8i   Logbook slipcase BMW','');
insert into Diagram values('FE83-01_1140','FE83-20060200','01-21','E70 X5 4.8i   Logbook slipcase BMW','');
insert into Diagram values('FE83-01_0670','FE83-20060200','01-35','E70 X5 4.8i   battery charge calendar','');
insert into Diagram values('FE83-01_0635','FE83-20060200','01-60','E70 X5 4.8i   BMW form','');
insert into Diagram values('FE83-01_0639','FE83-20060200','01-65','E70 X5 4.8i   Labels BMW','');
insert into DiagramParts values('FE83-01_0671-01399789699', 'FE83-01_0671', 01, 'CD literature', 'LITERATUR', 1, to_date('19820901','YYYYMMDD'), to_date('19901201','YYYYMMDD'), '01399789699', '$8.11', '', false);
insert into Diagram values('FE83-01_0671','FE83-20060200','01-70','E70 X5 4.8i   BMW CD/DVD miscellaneous','');
insert into Diagram values('FE83-01_0737','FE83-20060200','01-70','E70 X5 4.8i   CD/DVD SIP complete vehicle BMW','');
insert into Diagram values('FE83-01_1172','FE83-20060200','01-70','E70 X5 4.8i   DVD Web Based Training','');
insert into Diagram values('FE83-01_0855','FE83-20060200','01-94','E70 X5 4.8i   Samples, upholstery colors, leather/fabr','');
insert into Diagram values('FE83-01_0856','FE83-20060200','01-94','E70 X5 4.8i   Sample chart with interior moldings','');
insert into Diagram values('FE83-01_0857','FE83-20060200','01-94','E70 X5 4.8i   Sample chart with interior colors','');
insert into Diagram values('FE83-01_0863','FE83-20060200','01-94','E70 X5 4.8i   Sample chart with interior moldings','');
insert into Diagram values('FE83-11_3249','FE83-20060200','11-05','E70 X5 4.8i   Short Engine','');
insert into Diagram values('FE83-11_3250','FE83-20060200','11-10','E70 X5 4.8i   Engine block','');
insert into Diagram values('FE83-11_3251','FE83-20060200','11-10','E70 X5 4.8i   Engine Block Mounting Parts','');
insert into Diagram values('FE83-11_3252','FE83-20060200','11-10','E70 X5 4.8i   LOWER TIMING CASE','');
insert into Diagram values('FE83-11_3253','FE83-20060200','11-10','E70 X5 4.8i   UPPER TIMING CASE','');
insert into Diagram values('FE83-11_3561','FE83-20060200','11-10','E70 X5 4.8i   Oil pan bottom part, oil level indicator','');
insert into Diagram values('FE83-11_3988','FE83-20060200','11-10','E70 X5 4.8i   Oil pan upper part, oil level indicator','');
insert into Diagram values('FE83-11_3256','FE83-20060200','11-15','E70 X5 4.8i   Cylinder Head','');
insert into Diagram values('FE83-11_3257','FE83-20060200','11-15','E70 X5 4.8i   Cylinder Head Attached Parts','');
insert into Diagram values('FE83-11_3258','FE83-20060200','11-15','E70 X5 4.8i   Cylinder head cover','');
insert into Diagram values('FE83-11_3821','FE83-20060200','11-15','E70 X5 4.8i   Cylinder head cover/Mounting parts','');
insert into Diagram values('FE83-11_3830','FE83-20060200','11-15','E70 X5 4.8i   Crankcase-Ventilation','');
insert into Diagram values('FE83-11_3260','FE83-20060200','11-18','E70 X5 4.8i   Belt Drive-Vibration Damper','');
insert into Diagram values('FE83-11_3261','FE83-20060200','11-18','E70 X5 4.8i   Belt Drive Water Pump/Alternator','');
insert into Diagram values('FE83-11_3989','FE83-20060200','11-18','E70 X5 4.8i   Belt Drive Climate Compressor','');
insert into Diagram values('FE83-11_3263','FE83-20060200','11-20','E70 X5 4.8i   Crankshaft With Bearing Shells','');
insert into Diagram values('FE83-11_3264','FE83-20060200','11-20','E70 X5 4.8i   Crankshaft Connecting Rod','');
insert into Diagram values('FE83-11_3265','FE83-20060200','11-20','E70 X5 4.8i   Crankshaft-Pistons','');
insert into Diagram values('FE83-11_3266','FE83-20060200','11-20','E70 X5 4.8i   Flywheel automatic','');
insert into Diagram values('FE83-11_3267','FE83-20060200','11-25','E70 X5 4.8i   Timing gear, timing chain, cyl. 1-4','');
insert into Diagram values('FE83-11_3268','FE83-20060200','11-25','E70 X5 4.8i   Timing gear, timing chain, cyl. 5-8','');
insert into Diagram values('FE83-11_3269','FE83-20060200','11-25','E70 X5 4.8i   Valve timing gear, camshaft, inlet','');
insert into Diagram values('FE83-11_3270','FE83-20060200','11-25','E70 X5 4.8i   Valve timing gear, camshaft, outlet','');
insert into Diagram values('FE83-11_3606','FE83-20060200','11-25','E70 X5 4.8i   Valve timing gear,eccentr.shaft,actuator','');
insert into Diagram values('FE83-11_3271','FE83-20060200','11-30','E70 X5 4.8i   Lubrication system/Oil pump with drive','');
insert into Diagram values('FE83-11_3273','FE83-20060200','11-30','E70 X5 4.8i   Lubrication system-Oil filter','');
insert into Diagram values('FE83-11_3680','FE83-20060200','11-30','E70 X5 4.8i   Lubrication syst.,oil pump, single parts','');
insert into Diagram values('FE83-11_3990','FE83-20060200','11-30','E70 X5 4.8i   Oil supply - oil cooler connection','');
insert into Diagram values('FE83-11_3274','FE83-20060200','11-35','E70 X5 4.8i   Waterpump - Thermostat','');
insert into Diagram values('FE83-11_3275','FE83-20060200','11-35','E70 X5 4.8i   COOLING SYSTEM PIPE','');
insert into Diagram values('FE83-11_3276','FE83-20060200','11-35','E70 X5 4.8i   Cooling System Water Hoses','');
insert into Diagram values('FE83-11_3811','FE83-20060200','11-40','E70 X5 4.8i   Intake manifold system','');
insert into Diagram values('FE83-11_3278','FE83-20060200','11-45','E70 X5 4.8i   VACUUM PUMP WITH TUBES','');
insert into Diagram values('FE83-11_3279','FE83-20060200','11-50','E70 X5 4.8i   Exhaust manifold - oxygen sensors','');
insert into Diagram values('FE83-12_1139','FE83-20060200','12-05','E70 X5 4.8i   Sensors','');
insert into Diagram values('FE83-12_1312','FE83-20060200','12-05','E70 X5 4.8i   Ignition coil/spark plug','');
insert into Diagram values('FE83-12_1411','FE83-20060200','12-10','E70 X5 4.8i   Basic control unit DME / EK928_7','');
insert into Diagram values('FE83-12_1403','FE83-20060200','12-20','E70 X5 4.8i   Generator','');
insert into Diagram values('FE83-12_1161','FE83-20060200','12-25','E70 X5 4.8i   Starter','');
insert into Diagram values('FE83-12_1154','FE83-20060200','12-28','E70 X5 4.8i   Engine wiring harness, engine module','');
insert into Diagram values('FE83-12_1155','FE83-20060200','12-28','E70 X5 4.8i   Engine wiring harness, fuel injectors','');
insert into Diagram values('FE83-12_1156','FE83-20060200','12-28','E70 X5 4.8i   wiring harness, engine ignition module','');
insert into Diagram values('FE83-12_1163','FE83-20060200','12-29','E70 X5 4.8i   BATTERY CABLE/CABLE STARTER','');
insert into Diagram values('FE83-12_1169','FE83-20060200','12-29','E70 X5 4.8i   DIVERSE SMALL PARTS','');
insert into Diagram values('FE83-12_1441','FE83-20060200','12-29','E70 X5 4.8i   Ground cable','');
insert into Diagram values('FE83-12_1376','FE83-20060200','12-30','E70 X5 4.8i   Interference-suppression band','');
insert into Diagram values('FE83-12_1249','FE83-20060200','12-32','E70 X5 4.8i   End cap','');
insert into Diagram values('FE83-12_1205','FE83-20060200','12-35','E70 X5 4.8i   RELAY MOTOR','');
insert into Diagram values('FE83-12_1396','FE83-20060200','12-35','E70 X5 4.8i   Control unit box','');
insert into Diagram values('FE83-13_0967','FE83-20060200','13-15','E70 X5 4.8i   Throttle Housing Assy','');
insert into Diagram values('FE83-13_0970','FE83-20060200','13-15','E70 X5 4.8i   VALVES/PIPES OF FUEL INJECTION SYSTEM','');
insert into Diagram values('FE83-13_1034','FE83-20060200','13-15','E70 X5 4.8i   FUEL TANK BREATHER VALVE','');
insert into Diagram values('FE83-13_1204','FE83-20060200','13-20','E70 X5 4.8i   Intake muffler/Filter cartridge/HFM','');
insert into Diagram values('FE83-13_1205','FE83-20060200','13-20','E70 X5 4.8i   Air duct','');
insert into Diagram values('FE83-16_0658','FE83-20060200','16-05','E70 X5 4.8i   Fuel tank/mounting parts','');
insert into Diagram values('FE83-16_0661','FE83-20060200','16-10','E70 X5 4.8i   Activated Charcoal Filter/FUEL VENTILAT','');
insert into Diagram values('FE83-16_0659','FE83-20060200','16-15','E70 X5 4.8i   Fuel pump and fuel level sensor','');
insert into Diagram values('FE83-16_0667','FE83-20060200','16-15','E70 X5 4.8i   Fuel pipes / Mounting parts','');
insert into Diagram values('FE83-17_0394','FE83-20060200','17-05','E70 X5 4.8i   MOUNTING PARTS F RADIATOR','');
insert into Diagram values('FE83-17_0395','FE83-20060200','17-05','E70 X5 4.8i   Power steering cooler','');
insert into Diagram values('FE83-17_0396','FE83-20060200','17-05','E70 X5 4.8i   Fan shroud','');
insert into Diagram values('FE83-17_0397','FE83-20060200','17-05','E70 X5 4.8i   Expansion tank','');
insert into Diagram values('FE83-17_0399','FE83-20060200','17-05','E70 X5 4.8i   Heat exch./transmission oil cooler line','');
insert into Diagram values('FE83-17_0400','FE83-20060200','17-05','E70 X5 4.8i   Engine oil cooler/oil cooler line','');
insert into Diagram values('FE83-17_0401','FE83-20060200','17-30','E70 X5 4.8i   Cooling System Water Hoses','');
insert into Diagram values('FE83-18_0692','FE83-20060200','18-10','E70 X5 4.8i   Exhaust manifold with catalyst','');
insert into Diagram values('FE83-18_0693','FE83-20060200','18-10','E70 X5 4.8i   Lambda Probe Fixings','');
insert into Diagram values('FE83-18_0694','FE83-20060200','18-10','E70 X5 4.8i   FRONT MUFFLER','');
insert into Diagram values('FE83-18_0695','FE83-20060200','18-20','E70 X5 4.8i   Exhaust system, rear','');
insert into Diagram values('FE83-22_0132','FE83-20060200','22-05','E70 X5 4.8i   Engine Suspension','');
insert into Diagram values('FE83-22_0130','FE83-20060200','22-10','E70 X5 4.8i   Gearbox suspension','');
insert into Diagram values('FE83-24_1038','FE83-20060200','24-05','E70 X5 4.8i   Automatic transmiss. GA6HP26Z - 4-wheel','');
insert into Diagram values('FE83-24_1003','FE83-20060200','24-10','E70 X5 4.8i   GEARBOX MOUNTING','');
insert into Diagram values('FE83-24_1082','FE83-20060200','24-13','E70 X5 4.8i   Emergency release','');
insert into Diagram values('FE83-24_1010','FE83-20060200','24-15','E70 X5 4.8i   GA6HP26Z oil pan','');
insert into Diagram values('FE83-24_1011','FE83-20060200','24-15','E70 X5 4.8i   GA6HP26Z gearshift parts','');
insert into Diagram values('FE83-24_1013','FE83-20060200','24-15','E70 X5 4.8i   GA6HP26Z Mechatronics','');
insert into Diagram values('FE83-24_1014','FE83-20060200','24-15','E70 X5 4.8i   GA6HP26Z Mechatronik mounting parts','');
insert into Diagram values('FE83-24_1071','FE83-20060200','24-15','E70 X5 4.8i   GA6HP26Z hous. attachm. parts, AWD','');
insert into Diagram values('FE83-24_1372','FE83-20060200','24-15','E70 X5 4.8i   Fluid-change kit, autom. transmission','');
insert into Diagram values('FE83-25_0446','FE83-20060200','25-15','E70 X5 4.8i   Gear selector switch','');
insert into Diagram values('FE83-25_0500','FE83-20060200','25-95','E70 X5 4.8i   Retrofit, gear selector grip, wood','');
insert into Diagram values('FE83-26_0234','FE83-20060200','26-05','E70 X5 4.8i   4-wheel drive shaft/Insert nut','');
insert into Diagram values('FE83-26_0233','FE83-20060200','26-10','E70 X5 4.8i   Hardy coupling/center bearing/insert nut','');
insert into Diagram values('FE83-27_0038','FE83-20060200','27-05','E70 X5 4.8i   Transfer case ATC 700','');
insert into Diagram values('FE83-27_0039','FE83-20060200','27-10','E70 X5 4.8i   Gearbox mounting / ventilation','');
insert into Diagram values('FE83-27_0040','FE83-20060200','27-15','E70 X5 4.8i   Transfer case, single parts ATC 700','');
insert into Diagram values('FE83-27_0041','FE83-20060200','27-20','E70 X5 4.8i   Control unit, transfer box','');
insert into Diagram values('FE83-31_0786','FE83-20060200','31-05','E70 X5 4.8i   Carrier / wheel bearing, front','');
insert into Diagram values('FE83-31_0789','FE83-20060200','31-05','E70 X5 4.8i   Frnt axle support,wishbone/tension strut','');
insert into Diagram values('FE83-31_0796','FE83-20060200','31-05','E70 X5 4.8i   HEADLIGHT VERTICAL AIM CONTROL SENSOR','');
insert into Diagram values('FE83-31_0395','FE83-20060200','31-10','E70 X5 4.8i   FRONT COIL SPRING','');
insert into Diagram values('FE83-31_0787','FE83-20060200','31-10','E70 X5 4.8i   Stabilizer, front','');
insert into Diagram values('FE83-31_0788','FE83-20060200','31-10','E70 X5 4.8i   Front stabilizer bar/Dynamic Drive','');
insert into Diagram values('FE83-31_0790','FE83-20060200','31-10','E70 X5 4.8i   Valve block + add-on parts/Dynamic Drive','');
insert into Diagram values('FE83-31_0791','FE83-20060200','31-10','E70 X5 4.8i   MOUNTING PARTS F FRONT SPRING STRUT ASSY','');
insert into Diagram values('FE83-31_0795','FE83-20060200','31-10','E70 X5 4.8i   Strut front VDC / mounting parts','');
insert into Diagram values('FE83-31_0847','FE83-20060200','31-10','E70 X5 4.8i   Valve block + add-on parts/Dynamic Drive','');
insert into Diagram values('FE83-31_0794','FE83-20060200','31-15','E70 X5 4.8i   Final drive (front axle), parts, 4-wheel','');
insert into Diagram values('FE83-31_0798','FE83-20060200','31-15','E70 X5 4.8i   Final drive(frnt axle),ventilat./4-wheel','');
insert into Diagram values('FE83-31_0719','FE83-20060200','31-20','E70 X5 4.8i   Final drive(frnt axle),output shaft,4whl','');
insert into Diagram values('FE83-32_1676','FE83-20060200','32-10','E70 X5 4.8i   Hydro steering box','');
insert into Diagram values('FE83-32_1677','FE83-20060200','32-10','E70 X5 4.8i   Hydro steering box-Active steering (AFS)','');
insert into Diagram values('FE83-32_1679','FE83-20060200','32-10','E70 X5 4.8i   Control unit, active steering','');
insert into Diagram values('FE83-32_1689','FE83-20060200','32-15','E70 X5 4.8i   Power steering pump','');
insert into Diagram values('FE83-32_1690','FE83-20060200','32-15','E70 X5 4.8i   Power steering pump/Adaptive Drive','');
insert into Diagram values('FE83-32_1686','FE83-20060200','32-20','E70 X5 4.8i   OIL CARRIER/SINGLE PARTS','');
insert into Diagram values('FE83-32_1687','FE83-20060200','32-20','E70 X5 4.8i   Fluid tank/single parts/Adaptive Drive','');
insert into Diagram values('FE83-32_1691','FE83-20060200','32-20','E70 X5 4.8i   HYDRO STEERING-OIL PIPES','');
insert into Diagram values('FE83-32_1692','FE83-20060200','32-20','E70 X5 4.8i   Hydraulic steering lines/Adaptive Drive','');
insert into Diagram values('FE83-32_1678','FE83-20060200','32-25','E70 X5 4.8i   STEERING LINKAGE/TIE RODS','');
insert into Diagram values('FE83-32_1681','FE83-20060200','32-30','E70 X5 4.8i   Steering column, electr./ steering shaft','');
insert into Diagram values('FE83-32_1682','FE83-20060200','32-35','E70 X5 4.8i   Leather steering wheel','');
insert into Diagram values('FE83-32_1683','FE83-20060200','32-35','E70 X5 4.8i   Airbag sports steering wheel, leather','');
insert into Diagram values('FE83-32_1729','FE83-20060200','32-35','E70 X5 4.8i   M sports steer.-wheel, airbag, leather','');
insert into Diagram values('FE83-32_1695','FE83-20060200','32-95','E70 X5 4.8i   Cover for sport steering wheel, wood','');
insert into Diagram values('FE83-32_1947','FE83-20060200','32-95','E70 X5 4.8i   Performance steering wheel','');
insert into DiagramParts values('FE83-33_1388-33121214443', 'FE83-33_1388', 08, 'Shaft seal', '50X78X10/15', 1, to_date('20090901','YYYYMMDD'), to_date('20110601','YYYYMMDD'), '33121214443', '', 'ENDED', false);
insert into Diagram values('FE83-33_1388','FE83-20060200','33-05','E70 X5 4.8i   DIFFERENTIAL-DRIVE/OUTPUT','');
insert into DiagramParts values('FE83-33_1387-33121214443', 'FE83-33_1387', 04, 'Shaft seal', '50X78X10/15', 1, to_date('20090901','YYYYMMDD'), to_date('20110601','YYYYMMDD'), '33121214443', '', 'ENDED', false);
insert into Diagram values('FE83-33_1387','FE83-20060200','33-10','E70 X5 4.8i   Final drive, gasket set','');
insert into Diagram values('FE83-33_1364','FE83-20060200','33-25','E70 X5 4.8i   Output shaft','');
insert into Diagram values('FE83-33_1374','FE83-20060200','33-30','E70 X5 4.8i   REAR AXLE CARRIER','');
insert into Diagram values('FE83-33_1375','FE83-20060200','33-30','E70 X5 4.8i   REAR AXLE SUPPORT/WHEEL SUSPENSION','');
insert into Diagram values('FE83-33_1392','FE83-20060200','33-30','E70 X5 4.8i   HEADLIGHT VERTICAL AIM CONTROL SENSOR','');
insert into Diagram values('FE83-33_1377','FE83-20060200','33-40','E70 X5 4.8i   SIDE SHAFT/WHEEL BEARINGS','');
insert into Diagram values('FE83-33_0857','FE83-20060200','33-45','E70 X5 4.8i   REAR COIL SPRING','');
insert into Diagram values('FE83-33_1378','FE83-20060200','33-45','E70 X5 4.8i   REAR SPRING STRUT MOUNTING PARTS','');
insert into Diagram values('FE83-33_1381','FE83-20060200','33-45','E70 X5 4.8i   Stabilizer, rear','');
insert into Diagram values('FE83-33_1382','FE83-20060200','33-45','E70 X5 4.8i   Rear stabilizer bar/Dynamic Drive','');
insert into Diagram values('FE83-33_1383','FE83-20060200','33-45','E70 X5 4.8i   Add-on parts/Dynamic Drive','');
insert into Diagram values('FE83-33_1385','FE83-20060200','33-45','E70 X5 4.8i   Strut, rear / VDC / control module','');
insert into Diagram values('FE83-33_1389','FE83-20060200','33-50','E70 X5 4.8i   LEVELL.DEVICE, AIR SPRING AND CTRL UNIT','');
insert into Diagram values('FE83-34_1584','FE83-20060200','34-05','E70 X5 4.8i   Front brake pad wear sensor','');
insert into Diagram values('FE83-34_0976','FE83-20060200','34-07','E70 X5 4.8i   Front brake-brake disc','');
insert into Diagram values('FE83-34_1585','FE83-20060200','34-10','E70 X5 4.8i   Rear brake pad wear sensor','');
insert into Diagram values('FE83-34_1052','FE83-20060200','34-12','E70 X5 4.8i   Rear wheel brake-Brake disc','');
insert into Diagram values('FE83-34_1596','FE83-20060200','34-15','E70 X5 4.8i   Brake pipe, front','');
insert into Diagram values('FE83-34_1598','FE83-20060200','34-17','E70 X5 4.8i   Brake pipe rear','');
insert into DiagramParts values('FE83-34_1620-07119905528', 'FE83-34_1620', 14, 'Hex bolt with washer', 'M8X16', 2, to_date('20070401','YYYYMMDD'), to_date('20080301','YYYYMMDD'), '07119905528', '$0.62', '', false);
insert into DiagramParts values('FE83-34_1620-16126766234', 'FE83-34_1620', 19, 'Pipe clip', 'D12/2XD4,75', 1, to_date('20070401','YYYYMMDD'), to_date('20080301','YYYYMMDD'), '16126766234', '$2.05', '', false);
insert into DiagramParts values('FE83-34_1620-34326757282', 'FE83-34_1620', 22, 'Intermediate piece', 'M10X1', 1, to_date('20070401','YYYYMMDD'), to_date('20080301','YYYYMMDD'), '34326757282', '$4.08', '', false);
insert into DiagramParts values('FE83-34_1620-34326757285', 'FE83-34_1620', 23, 'Intermediate piece', 'M12X1', 1, to_date('20070401','YYYYMMDD'), to_date('20080301','YYYYMMDD'), '34326757285', '$4.08', '', false);
insert into Diagram values('FE83-34_1620','FE83-20060200','34-17','E70 X5 4.8i   Brake pipe rear','');
insert into Diagram values('FE83-34_1664','FE83-20060200','34-17','E70 X5 4.8i   Brake pipe rear','');
insert into Diagram values('FE83-34_1601','FE83-20060200','34-20','E70 X5 4.8i   Hydro unit DXC/fastening/sensors','');
insert into Diagram values('FE83-34_1592','FE83-20060200','34-25','E70 X5 4.8i   BRAKE MASTER CYLINDER/EXPANSION TANK','');
insert into Diagram values('FE83-34_1587','FE83-20060200','34-27','E70 X5 4.8i   Power brake unit depression','');
insert into Diagram values('FE83-34_1599','FE83-20060200','34-30','E70 X5 4.8i   Parking brake/actuator','');
insert into Diagram values('FE83-34_1600','FE83-20060200','34-40','E70 X5 4.8i   PARKING BRAKE/BRAKE SHOES','');
insert into Diagram values('FE83-35_0318','FE83-20060200','35-05','E70 X5 4.8i   Pedal assembly, automatic transmission','');
insert into Diagram values('FE83-35_0274','FE83-20060200','35-20','E70 X5 4.8i   Acceleration/accelerator pedal module','');
insert into Diagram values('FE83-35_0315','FE83-20060200','35-95','E70 X5 4.8i   Set of high-grade steel pedal covers','');
insert into Diagram values('FE83-35_0327','FE83-20060200','35-95','E70 X5 4.8i   BMW Performance Alu pedal plates','');
insert into Diagram values('FE83-35_0377','FE83-20060200','35-95','E70 X5 4.8i   Aluminum pedal covers','');
insert into Diagram values('FE83-36_1025','FE83-20060200','36-10','E70 X5 4.8i   BLACK STEEL EMERGENCY WHEEL','');
insert into Diagram values('FE83-36_1019','FE83-20060200','36-15','E70 X5 4.8i   BMW LA wheel, star spoke 209','');
insert into Diagram values('FE83-36_1020','FE83-20060200','36-15','E70 X5 4.8i   BMW LA wheel, star spoke 210','');
insert into Diagram values('FE83-36_1021','FE83-20060200','36-15','E70 X5 4.8i   BMW LA wheel Y-spoke 211','');
insert into Diagram values('FE83-36_1022','FE83-20060200','36-15','E70 X5 4.8i   BMW LA wheel, star spoke 212','');
insert into Diagram values('FE83-36_1023','FE83-20060200','36-15','E70 X5 4.8i   BMW LA wheel, star spoke 213','');
insert into Diagram values('FE83-36_1024','FE83-20060200','36-15','E70 X5 4.8i   BMW LA wheel Y-spoke 214','');
insert into DiagramParts values('FE83-36_1027-51711934930', 'FE83-36_1027', 08, 'Cap nut', 'M5', 10, to_date('20080301','YYYYMMDD'), to_date('20101001','YYYYMMDD'), '51711934930', '$0.23', '', false);
insert into Diagram values('FE83-36_1027','FE83-20060200','36-15','E70 X5 4.8i   Tire pressure control (RDC) - ctrl unit','');
insert into DiagramParts values('FE83-36_1028-51711934930', 'FE83-36_1028', 08, 'Cap nut', 'M5', 10, to_date('20080301','YYYYMMDD'), to_date('20101001','YYYYMMDD'), '51711934930', '$0.23', '', false);
insert into Diagram values('FE83-36_1028','FE83-20060200','36-15','E70 X5 4.8i   Tire pressure control (RDC) - ctrl unit','');
insert into Diagram values('FE83-36_1029','FE83-20060200','36-15','E70 X5 4.8i   BMW light alloy wheel, cross spoke 177','');
insert into Diagram values('FE83-36_1033','FE83-20060200','36-15','E70 X5 4.8i   BMW LA wheel, dual spoke 215','');
insert into Diagram values('FE83-36_1068','FE83-20060200','36-15','E70 X5 4.8i   BMW light alloy wheel, spider spoke 128','');
insert into Diagram values('FE83-36_1081','FE83-20060200','36-15','E70 X5 4.8i   BMW LA wheel V-spoke 239','');
insert into Diagram values('FE83-36_1125','FE83-20060200','36-15','E70 X5 4.8i   BMW LA wheel, V spoke 223','');
insert into Diagram values('FE83-36_1126','FE83-20060200','36-15','E70 X5 4.8i   BMW M LA wheel, V spoke 227','');
insert into Diagram values('FE83-36_1159','FE83-20060200','36-15','E70 X5 4.8i   BMW light alloy wheel, cross spoke 177','');
insert into Diagram values('FE83-36_1160','FE83-20060200','36-15','E70 X5 4.8i   BMW light alloy wheel, cross spoke 177','');
insert into Diagram values('FE83-36_1249','FE83-20060200','36-15','E70 X5 4.8i   BMW LA wheel, V-spoke 265 individual','');
insert into Diagram values('FE83-36_1488','FE83-20060200','36-15','E70 X5 4.8i   BMW LA wheel Streamline 297','');
insert into Diagram values('FE83-36_1489','FE83-20060200','36-15','E70 X5 4.8i   BMW LA wheel, Star Spoke 334','');
insert into Diagram values('FE83-36_1490','FE83-20060200','36-15','E70 X5 4.8i   BMW LA wheel Y Spoke 335','');
insert into Diagram values('FE83-36_1491','FE83-20060200','36-15','E70 X5 4.8i   BMW LA wheel Y Spoke 336','');
insert into Diagram values('FE83-36_1492','FE83-20060200','36-15','E70 X5 4.8i   BMW LA wheel, M Double Spoke 333','');
insert into Diagram values('FE83-36_1505','FE83-20060200','36-15','E70 X5 4.8i   BMW LA wheel Y Spoke 375 BMW Performance','');
insert into Diagram values('FE83-36_1532','FE83-20060200','36-15','E70 X5 4.8i   Tire pressure control (RDC) - ctrl unit','');
insert into Diagram values('FE83-36_1533','FE83-20060200','36-15','E70 X5 4.8i   Tire pressure control (RDC) - ctrl unit','');
insert into Diagram values('FE83-36_1679','FE83-20060200','36-15','E70 X5 4.8i   BMW LA wheel, M Double Spoke 310','');
insert into Diagram values('FE83-36_1724','FE83-20060200','36-15','E70 X5 4.8i   BMW LA wheel M Double Spoke 435','');
insert into Diagram values('FE83-36_0865','FE83-20060200','36-20','E70 X5 4.8i   Balance weight, zinc','');
insert into Diagram values('FE83-36_1032','FE83-20060200','36-25','E70 X5 4.8i   SET WHEEL LOCKS','');
insert into Diagram values('FE83-36_1777','FE83-20060200','36-25','E70 X5 4.8i   WHEEL BOLT LOCK WITH ADAPTOR','');
insert into Diagram values('FE83-36_1055','FE83-20060200','36-30','E70 X5 4.8i   Summer tires','');
insert into Diagram values('FE83-36_1072','FE83-20060200','36-30','E70 X5 4.8i   Winter tires','');
insert into Diagram values('FE83-36_1244','FE83-20060200','36-30','E70 X5 4.8i   All-season tire','');
insert into Diagram values('FE83-36_1078','FE83-20060200','36-95','E70 X5 4.8i   Winter complete wheel star spoke 209','');
insert into Diagram values('FE83-36_1088','FE83-20060200','36-95','E70 X5 4.8i   Retrofit emergency wheel','');
insert into Diagram values('FE83-36_1106','FE83-20060200','36-95','E70 X5 4.8i   Winterkomplettrad Kreuzspeiche 177 - 18"','');
insert into Diagram values('FE83-36_1167','FE83-20060200','36-95','E70 X5 4.8i   Winter complete wheel Y-spoke 211','');
insert into Diagram values('FE83-36_1217','FE83-20060200','36-95','E70 X5 4.8i   Winterkomplettrad V-Speiche 223M','');
insert into Diagram values('FE83-36_1278','FE83-20060200','36-95','E70 X5 4.8i   Winterkomplettrad Kreuzspeiche 177 - 19"','');
insert into Diagram values('FE83-41_1732','FE83-20060200','41-05','E70 X5 4.8i   Body skeleton','');
insert into Diagram values('FE83-41_1733','FE83-20060200','41-10','E70 X5 4.8i   WHEELHOUSE/ENGINE SUPPORT','');
insert into Diagram values('FE83-41_1734','FE83-20060200','41-10','E70 X5 4.8i   SPLASH WALL PARTS','');
insert into Diagram values('FE83-41_1735','FE83-20060200','41-10','E70 X5 4.8i   FRONT BODY BRACKET LEFT','');
insert into Diagram values('FE83-41_1736','FE83-20060200','41-10','E70 X5 4.8i   FRONT BODY BRACKET RIGHT','');
insert into Diagram values('FE83-41_1737','FE83-20060200','41-10','E70 X5 4.8i   Front side panel','');
insert into Diagram values('FE83-41_1791','FE83-20060200','41-10','E70 X5 4.8i   Front side panel/Mounting parts','');
insert into Diagram values('FE83-41_1738','FE83-20060200','41-20','E70 X5 4.8i   BODY-SIDE FRAME','');
insert into Diagram values('FE83-41_1739','FE83-20060200','41-20','E70 X5 4.8i   SINGLE COMPONENTS FOR BODY-SIDE FRAME','');
insert into Diagram values('FE83-41_1740','FE83-20060200','41-20','E70 X5 4.8i   Cavity shielding, side frame','');
insert into Diagram values('FE83-41_1741','FE83-20060200','41-25','E70 X5 4.8i   FLOOR PARTS REAR INTERIOR','');
insert into Diagram values('FE83-41_1742','FE83-20060200','41-25','E70 X5 4.8i   Rear body','');
insert into Diagram values('FE83-41_1743','FE83-20060200','41-25','E70 X5 4.8i   REAR WHEELHOUSE/FLOOR PARTS','');
insert into Diagram values('FE83-41_1744','FE83-20060200','41-25','E70 X5 4.8i   SIDE PANEL/TAIL TRIM','');
insert into Diagram values('FE83-41_1792','FE83-20060200','41-25','E70 X5 4.8i   FILL-IN FLAP','');
insert into Diagram values('FE83-41_1782','FE83-20060200','41-30','E70 X5 4.8i   Roof','');
insert into Diagram values('FE83-41_1747','FE83-20060200','41-35','E70 X5 4.8i   ENGINE HOOD/MOUNTING PARTS','');
insert into Diagram values('FE83-41_1748','FE83-20060200','41-40','E70 X5 4.8i   FRONT DOOR-HINGE/DOOR BRAKE','');
insert into Diagram values('FE83-41_1752','FE83-20060200','41-45','E70 X5 4.8i   Door rear, hinge/door brake','');
insert into Diagram values('FE83-41_1749','FE83-20060200','41-50','E70 X5 4.8i   Key','');
insert into Diagram values('FE83-41_1755','FE83-20060200','41-50','E70 X5 4.8i   Master key locking','');
insert into Diagram values('FE83-41_1756','FE83-20060200','41-60','E70 X5 4.8i   Trunk lid','');
insert into Diagram values('FE83-41_1757','FE83-20060200','41-60','E70 X5 4.8i   Trunk lid, bottom','');
insert into Diagram values('FE83-41_2124','FE83-20060200','41-60','E70 X5 4.8i   Mounting parts, trunk lid','');
insert into Diagram values('FE83-41_1758','FE83-20060200','41-65','E70 X5 4.8i   MECHANICAL CONNECTION ELEMENTS','');
insert into Diagram values('FE83-51_4737','FE83-20060200','51-05','E70 X5 4.8i   Exterior trim / grill','');
insert into Diagram values('FE83-51_6354','FE83-20060200','51-05','E70 X5 4.8i   Window mounting parts','');
insert into Diagram values('FE83-51_8845','FE83-20060200','51-05','E70 X5 4.8i   Glazing','');
insert into Diagram values('FE83-51_6360','FE83-20060200','51-07','E70 X5 4.8i   Exterior mirror (S430A)','');
insert into Diagram values('FE83-51_6362','FE83-20060200','51-07','E70 X5 4.8i   MIRROR GLASS','');
insert into Diagram values('FE83-51_6363','FE83-20060200','51-07','E70 X5 4.8i   MIRROR GLASS','');
insert into Diagram values('FE83-51_8989','FE83-20060200','51-07','E70 X5 4.8i   Outside mirror','');
insert into Diagram values('FE83-51_6356','FE83-20060200','51-10','E70 X5 4.8i   DOOR WINDOW LIFTING MECHANISM FRONT','');
insert into Diagram values('FE83-51_6373','FE83-20060200','51-10','E70 X5 4.8i   Trim and seals for door, front','');
insert into Diagram values('FE83-51_7760','FE83-20060200','51-10','E70 X5 4.8i   Closing system, door, front, I','');
insert into Diagram values('FE83-51_7761','FE83-20060200','51-10','E70 X5 4.8i   Closing system, door, front, II','');
insert into Diagram values('FE83-51_6357','FE83-20060200','51-12','E70 X5 4.8i   DOOR WINDOW LIFTING MECHANISM REAR','');
insert into Diagram values('FE83-51_6374','FE83-20060200','51-12','E70 X5 4.8i   Trim and seals for door, rear','');
insert into Diagram values('FE83-51_7775','FE83-20060200','51-12','E70 X5 4.8i   Closing system, door, rear, II','');
insert into Diagram values('FE83-51_7776','FE83-20060200','51-12','E70 X5 4.8i   Closing system, door, rear, I','');
insert into Diagram values('FE83-51_6364','FE83-20060200','51-15','E70 X5 4.8i   Carrier, bumper front','');
insert into Diagram values('FE83-51_6365','FE83-20060200','51-15','E70 X5 4.8i   Trim panel, bumper, front','');
insert into Diagram values('FE83-51_6366','FE83-20060200','51-15','E70 X5 4.8i   FRONT BUMPER MOUNTING PARTS','');
insert into Diagram values('FE83-51_6428','FE83-20060200','51-15','E70 X5 4.8i   Air duct','');
insert into Diagram values('FE83-51_6649','FE83-20060200','51-15','E70 X5 4.8i   M Trim, front','');
insert into Diagram values('FE83-51_6720','FE83-20060200','51-15','E70 X5 4.8i   M Trim cover, front II','');
insert into Diagram values('FE83-51_6371','FE83-20060200','51-16','E70 X5 4.8i   Cover, wheel arch / sill','');
insert into Diagram values('FE83-51_6372','FE83-20060200','51-16','E70 X5 4.8i   Cover wheel arch / footboard','');
insert into Diagram values('FE83-51_6653','FE83-20060200','51-16','E70 X5 4.8i   M wheel arch cover/ sill','');
insert into Diagram values('FE83-51_6367','FE83-20060200','51-17','E70 X5 4.8i   Carrier, rear','');
insert into Diagram values('FE83-51_6368','FE83-20060200','51-17','E70 X5 4.8i   Trim cover, rear','');
insert into Diagram values('FE83-51_6654','FE83-20060200','51-17','E70 X5 4.8i   M Trim, rear','');
insert into Diagram values('FE83-51_6370','FE83-20060200','51-20','E70 X5 4.8i   Emblems / letterings','');
insert into Diagram values('FE83-51_6375','FE83-20060200','51-20','E70 X5 4.8i   Roof moulding/Roof rail','');
insert into Diagram values('FE83-51_7134','FE83-20060200','51-20','E70 X5 4.8i   Emblems / badges X DRIVE','');
insert into Diagram values('FE83-51_6401','FE83-20060200','51-30','E70 X5 4.8i   Carrier instrument panel','');
insert into Diagram values('FE83-51_6402','FE83-20060200','51-30','E70 X5 4.8i   Trim panel dashboard','');
insert into Diagram values('FE83-51_6411','FE83-20060200','51-30','E70 X5 4.8i   GLOVE BOX','');
insert into Diagram values('FE83-51_9129','FE83-20060200','51-30','E70 X5 4.8i   Mounting parts, I-panel, bottom','');
insert into Diagram values('FE83-51_6412','FE83-20060200','51-35','E70 X5 4.8i   Mount, center console','');
insert into Diagram values('FE83-51_6413','FE83-20060200','51-35','E70 X5 4.8i   Mounting parts, center console','');
insert into Diagram values('FE83-51_6419','FE83-20060200','51-35','E70 X5 4.8i   Mounting parts, center console, rear','');
insert into Diagram values('FE83-51_6423','FE83-20060200','51-35','E70 X5 4.8i   Storage tray, center console','');
insert into Diagram values('FE83-51_6424','FE83-20060200','51-35','E70 X5 4.8i   Armrest, centre console','');
insert into Diagram values('FE83-51_6310','FE83-20060200','51-40','E70 X5 4.8i   Headlining','');
insert into Diagram values('FE83-51_6320','FE83-20060200','51-40','E70 X5 4.8i   Sun visors','');
insert into Diagram values('FE83-51_6321','FE83-20060200','51-40','E70 X5 4.8i   Trim panel A- / B- / C- / D-Column','');
insert into Diagram values('FE83-51_6398','FE83-20060200','51-40','E70 X5 4.8i   Interior mirror','');
insert into Diagram values('FE83-51_8795','FE83-20060200','51-40','E70 X5 4.8i   Covers for interior rearview mirror','');
insert into Diagram values('FE83-51_6433','FE83-20060200','51-45','E70 X5 4.8i   Interior trim finishers','');
insert into Diagram values('FE83-51_6325','FE83-20060200','51-50','E70 X5 4.8i   Door trim panel, front','');
insert into Diagram values('FE83-51_6399','FE83-20060200','51-50','E70 X5 4.8i   Roller sun vizor, rear door','');
insert into Diagram values('FE83-51_8907','FE83-20060200','51-50','E70 X5 4.8i   Door trim, rear','');
insert into Diagram values('FE83-51_8950','FE83-20060200','51-50','E70 X5 4.8i   Door trim, rear','');
insert into Diagram values('FE83-51_6342','FE83-20060200','51-55','E70 X5 4.8i   FLOOR COVERING','');
insert into Diagram values('FE83-51_6387','FE83-20060200','51-55','E70 X5 4.8i   EDGE PROTECTION/COVERINGS ROCKERS','');
insert into DiagramParts values('FE83-51_6397-51477250430', 'FE83-51_6397', 02, 'Footmat, velours, for 3rd row seats', 'TABAK', 1, to_date('20111201','YYYYMMDD'), to_date('20120901','YYYYMMDD'), '51477250430', '', 'ENDED', false);
insert into Diagram values('FE83-51_6397','FE83-20060200','51-55','E70 X5 4.8i   Floor mats, velours','');
insert into Diagram values('FE83-51_6400','FE83-20060200','51-55','E70 X5 4.8i   TRIM PANEL LEG ROOM','');
insert into Diagram values('FE83-51_6346','FE83-20060200','51-60','E70 X5 4.8i   NETTED BLIND F SIGHT PROTECTION','');
insert into Diagram values('FE83-51_6343','FE83-20060200','51-65','E70 X5 4.8i   LATERAL TRUNK FLOOR TRIM PANEL','');
insert into Diagram values('FE83-51_6347','FE83-20060200','51-65','E70 X5 4.8i   Trim panel, trunk floor','');
insert into Diagram values('FE83-51_6382','FE83-20060200','51-65','E70 X5 4.8i   Trim panel, trunk floor','');
insert into Diagram values('FE83-51_6405','FE83-20060200','51-65','E70 X5 4.8i   TRUNK LID TRIM PANEL','');
insert into Diagram values('FE83-51_6408','FE83-20060200','51-70','E70 X5 4.8i   SOUND INSULATING REAR','');
insert into Diagram values('FE83-51_6409','FE83-20060200','51-70','E70 X5 4.8i   SOUND INSULATING FRONT','');
insert into Diagram values('FE83-51_6410','FE83-20060200','51-70','E70 X5 4.8i   Heat insulation','');
insert into Diagram values('FE83-51_7518','FE83-20060200','51-70','E70 X5 4.8i   Wheel arch trim, front','');
insert into Diagram values('FE83-51_6430','FE83-20060200','51-75','E70 X5 4.8i   Mounting parts, engine compartment','');
insert into Diagram values('FE83-51_6431','FE83-20060200','51-75','E70 X5 4.8i   Underfloor coating','');
insert into Diagram values('FE83-51_6429','FE83-20060200','51-80','E70 X5 4.8i   Reinforcement, body','');
insert into Diagram values('FE83-51_6443','FE83-20060200','51-80','E70 X5 4.8i   Various body parts','');
insert into Diagram values('FE83-51_6609','FE83-20060200','51-80','E70 X5 4.8i   Sealing cap/plug','');
insert into Diagram values('FE83-51_4577','FE83-20060200','51-95','E70 X5 4.8i   Floor Mat Set','');
insert into Diagram values('FE83-51_4624','FE83-20060200','51-95','E70 X5 4.8i   Bull bar','');
insert into Diagram values('FE83-51_4635','FE83-20060200','51-95','E70 X5 4.8i   Exterior mirror for towing','');
insert into Diagram values('FE83-51_4643','FE83-20060200','51-95','E70 X5 4.8i   Non-skid mat','');
insert into Diagram values('FE83-51_4646','FE83-20060200','51-95','E70 X5 4.8i   Boot/trunk floor net','');
insert into Diagram values('FE83-51_4694','FE83-20060200','51-95','E70 X5 4.8i   Aluminum footrest','');
insert into Diagram values('FE83-51_4698','FE83-20060200','51-95','E70 X5 4.8i   Boot lashing strap','');
insert into Diagram values('FE83-51_4739','FE83-20060200','51-95','E70 X5 4.8i   X5 trunk mat','');
insert into Diagram values('FE83-51_5099','FE83-20060200','51-95','E70 X5 4.8i   Rubber floor mats','');
insert into Diagram values('FE83-51_5101','FE83-20060200','51-95','E70 X5 4.8i   Cargo Organizer','');
insert into Diagram values('FE83-51_5244','FE83-20060200','51-95','E70 X5 4.8i   Luggage compartment pan','');
insert into Diagram values('FE83-51_5362','FE83-20060200','51-95','E70 X5 4.8i   Luggage compartment, folding','');
insert into Diagram values('FE83-51_5688','FE83-20060200','51-95','E70 X5 4.8i   Luggage compatment box "multifix"','');
insert into Diagram values('FE83-51_5738','FE83-20060200','51-95','E70 X5 4.8i   Umbrella with bag','');
insert into Diagram values('FE83-51_5739','FE83-20060200','51-95','E70 X5 4.8i   Storage sleeve DVD/CD','');
insert into Diagram values('FE83-51_5799','FE83-20060200','51-95','E70 X5 4.8i   Fitted luggage compartment mat','');
insert into Diagram values('FE83-51_5867','FE83-20060200','51-95','E70 X5 4.8i   Underride portection, front','');
insert into Diagram values('FE83-51_6081','FE83-20060200','51-95','E70 X5 4.8i   Luggage-compartment securing belts','');
insert into Diagram values('FE83-51_6165','FE83-20060200','51-95','E70 X5 4.8i   Luggage compartment clamping belts','');
insert into Diagram values('FE83-51_6267','FE83-20060200','51-95','E70 X5 4.8i   Aerodynamics package','');
insert into Diagram values('FE83-51_6283','FE83-20060200','51-95','E70 X5 4.8i   Load compartment protective cover','');
insert into Diagram values('FE83-51_6327','FE83-20060200','51-95','E70 X5 4.8i   Retrofit Lashing rail system','');
insert into Diagram values('FE83-51_6332','FE83-20060200','51-95','E70 X5 4.8i   Illuminated door sill strip retrofit kit','');
insert into Diagram values('FE83-51_6336','FE83-20060200','51-95','E70 X5 4.8i   Retrofit, ashtray, rear door','');
insert into Diagram values('FE83-51_6376','FE83-20060200','51-95','E70 X5 4.8i   Retrofit, roof rail','');
insert into Diagram values('FE83-51_6377','FE83-20060200','51-95','E70 X5 4.8i   Retrofit, alu running board','');
insert into Diagram values('FE83-51_6393','FE83-20060200','51-95','E70 X5 4.8i   Retrofit burr walnut wood trim','');
insert into Diagram values('FE83-51_6394','FE83-20060200','51-95','E70 X5 4.8i   Retrofit in aluminium interior strips','');
insert into Diagram values('FE83-51_6395','FE83-20060200','51-95','E70 X5 4.8i   Retrofit dark Bamboo wood-grain trim','');
insert into Diagram values('FE83-51_6396','FE83-20060200','51-95','E70 X5 4.8i   Retrofit light poplar wood-grain trim','');
insert into Diagram values('FE83-51_6444','FE83-20060200','51-95','E70 X5 4.8i   Retrofit Lashing rail system','');
insert into Diagram values('FE83-51_6445','FE83-20060200','51-95','E70 X5 4.8i   Retrofit: trunk room net left','');
insert into Diagram values('FE83-51_6466','FE83-20060200','51-95','E70 X5 4.8i   Luggage net','');
insert into Diagram values('FE83-51_6467','FE83-20060200','51-95','E70 X5 4.8i   Cargo area reversible mat','');
insert into Diagram values('FE83-51_6469','FE83-20060200','51-95','E70 X5 4.8i   Sunshade','');
insert into Diagram values('FE83-51_6477','FE83-20060200','51-95','E70 X5 4.8i   Key fob','');
insert into Diagram values('FE83-51_6482','FE83-20060200','51-95','E70 X5 4.8i   Door sill strip retrofit kit st. steel','');
insert into Diagram values('FE83-51_6579','FE83-20060200','51-95','E70 X5 4.8i   Floor mats, velours','');
insert into Diagram values('FE83-51_6581','FE83-20060200','51-95','E70 X5 4.8i   Rubber floor mats','');
insert into Diagram values('FE83-51_6639','FE83-20060200','51-95','E70 X5 4.8i   Protective loading edge mat','');
insert into Diagram values('FE83-51_6670','FE83-20060200','51-95','E70 X5 4.8i   All Weather Floor Liners','');
insert into Diagram values('FE83-51_6695','FE83-20060200','51-95','E70 X5 4.8i   Storage net, footwell, front','');
insert into Diagram values('FE83-51_6879','FE83-20060200','51-95','E70 X5 4.8i   Retrofit, M aerodynamic kit','');
insert into Diagram values('FE83-51_6969','FE83-20060200','51-95','E70 X5 4.8i   Floor mats Cross Country','');
insert into Diagram values('FE83-51_7061','FE83-20060200','51-95','E70 X5 4.8i   Non-skid mat','');
insert into Diagram values('FE83-51_7192','FE83-20060200','51-95','E70 X5 4.8i   Retrofit trim grill','');
insert into Diagram values('FE83-51_7236','FE83-20060200','51-95','E70 X5 4.8i   Footmat update','');
insert into Diagram values('FE83-51_7390','FE83-20060200','51-95','E70 X5 4.8i   Floor mat, rubber','');
insert into Diagram values('FE83-51_7515','FE83-20060200','51-95','E70 X5 4.8i   Dog Guard','');
insert into Diagram values('FE83-51_7665','FE83-20060200','51-95','E70 X5 4.8i   Interior equipment, upper','');
insert into Diagram values('FE83-51_7713','FE83-20060200','51-95','E70 X5 4.8i   Multifunct.lugg.compartm.mat w.fold.cont','');
insert into Diagram values('FE83-51_8198','FE83-20060200','51-95','E70 X5 4.8i   Performance Aerodynamics Package','');
insert into Diagram values('FE83-51_8316','FE83-20060200','51-95','E70 X5 4.8i   Adaptive Attachment System','');
insert into Diagram values('FE83-51_8336','FE83-20060200','51-95','E70 X5 4.8i   Trunk room net, lateral','');
insert into Diagram values('FE83-51_8356','FE83-20060200','51-95','E70 X5 4.8i   Smoker package','');
insert into Diagram values('FE83-51_8522','FE83-20060200','51-95','E70 X5 4.8i   Travel & Comfort System','');
insert into Diagram values('FE83-51_8703','FE83-20060200','51-95','E70 X5 4.8i   Pocket set in interior','');
insert into DiagramParts values('FE83-52_3302-52109149528', 'FE83-52_3302', 01, 'Headrest imitation leather', 'BEIGE', 2, to_date('20070901','YYYYMMDD'), to_date('20100601','YYYYMMDD'), '52109149528', '', '', false);
insert into DiagramParts values('FE83-52_3302-52109149527', 'FE83-52_3302', 01, 'Headrest imitation leather', 'SCHWARZ', 2, to_date('20070901','YYYYMMDD'), to_date('20100601','YYYYMMDD'), '52109149527', '', '', false);
insert into DiagramParts values('FE83-52_3302-52109149535', 'FE83-52_3302', 01, 'Headrest imitation leather', 'SCHWARZ', 2, to_date('20070901','YYYYMMDD'), to_date('20100601','YYYYMMDD'), '52109149535', '$211.69', '', false);
insert into DiagramParts values('FE83-52_3302-52109149536', 'FE83-52_3302', 01, 'Headrest imitation leather', 'BEIGE', 2, to_date('20070901','YYYYMMDD'), to_date('20100601','YYYYMMDD'), '52109149536', '$211.69', '', false);
insert into DiagramParts values('FE83-52_3302-52109169585', 'FE83-52_3302', 05, 'Repair kit, crash-active head restraint', 'GEN 1', 2, to_date('20070901','YYYYMMDD'), to_date('20100601','YYYYMMDD'), '52109169585', '$112.83', '', false);
insert into Diagram values('FE83-52_3302','FE83-20060200','52-10','E70 X5 4.8i   Seat, front, head restraint, base seat','');
insert into Diagram values('FE83-52_3303','FE83-20060200','52-10','E70 X5 4.8i   Seat, front, head restraint Comfort seat','');
insert into Diagram values('FE83-52_3304','FE83-20060200','52-10','E70 X5 4.8i   Seat, front, head restraint, Sport seat','');
insert into DiagramParts values('FE83-52_3308-52107308163', 'FE83-52_3308', 01, 'Seat upholstery, leather', 'TABAK', 1, to_date('20091101','YYYYMMDD'), to_date('20100401','YYYYMMDD'), '52107308163', '', '', false);
insert into DiagramParts values('FE83-52_3308-52107308162', 'FE83-52_3308', 01, 'Seat upholstery, leather', 'CAMEL', 1, to_date('20091101','YYYYMMDD'), to_date('20100401','YYYYMMDD'), '52107308162', '', '', false);
insert into DiagramParts values('FE83-52_3308-52107308161', 'FE83-52_3308', 01, 'Seat upholstery, leather', 'BEIGE', 1, to_date('20091101','YYYYMMDD'), to_date('20100401','YYYYMMDD'), '52107308161', '', '', false);
insert into DiagramParts values('FE83-52_3308-52107308160', 'FE83-52_3308', 01, 'Seat upholstery, leather', 'SCHWARZ', 1, to_date('20091101','YYYYMMDD'), to_date('20100401','YYYYMMDD'), '52107308160', '', '', false);
insert into DiagramParts values('FE83-52_3308-52107308167', 'FE83-52_3308', 01, 'Seat upholstery, leather', 'CAMEL', 1, to_date('20091101','YYYYMMDD'), to_date('20100401','YYYYMMDD'), '52107308167', '', '', false);
insert into DiagramParts values('FE83-52_3308-52107308165', 'FE83-52_3308', 01, 'Seat upholstery, leather', 'SCHWARZ', 1, to_date('20091101','YYYYMMDD'), to_date('20100401','YYYYMMDD'), '52107308165', '', '', false);
insert into DiagramParts values('FE83-52_3308-52107308168', 'FE83-52_3308', 01, 'Seat upholstery, leather', 'TABAK', 1, to_date('20091101','YYYYMMDD'), to_date('20100401','YYYYMMDD'), '52107308168', '', '', false);
insert into DiagramParts values('FE83-52_3308-52107308166', 'FE83-52_3308', 01, 'Seat upholstery, leather', 'BEIGE', 1, to_date('20091101','YYYYMMDD'), to_date('20100401','YYYYMMDD'), '52107308166', '', '', false);
insert into DiagramParts values('FE83-52_3308-52107247501', 'FE83-52_3308', 02, 'Basic seat upholstery', 'OC3', 1, to_date('20091101','YYYYMMDD'), to_date('20100401','YYYYMMDD'), '52107247501', '$543.31', '', false);
insert into Diagram values('FE83-52_3308','FE83-20060200','52-10','E70 X5 4.8i   Seat front, upholstery & cover base seat','');
insert into DiagramParts values('FE83-52_3309-52107308172', 'FE83-52_3309', 01, 'Seat upholstery, leather', 'CAMEL', 1, to_date('20091101','YYYYMMDD'), to_date('20100401','YYYYMMDD'), '52107308172', '', '', false);
insert into DiagramParts values('FE83-52_3309-52107308171', 'FE83-52_3309', 01, 'Seat upholstery, leather', 'BEIGE', 1, to_date('20091101','YYYYMMDD'), to_date('20100401','YYYYMMDD'), '52107308171', '', '', false);
insert into DiagramParts values('FE83-52_3309-52107308173', 'FE83-52_3309', 01, 'Seat upholstery, leather', 'TABAK', 1, to_date('20091101','YYYYMMDD'), to_date('20100401','YYYYMMDD'), '52107308173', '', '', false);
insert into DiagramParts values('FE83-52_3309-52107308170', 'FE83-52_3309', 01, 'Seat upholstery, leather', 'SCHWARZ', 1, to_date('20091101','YYYYMMDD'), to_date('20100401','YYYYMMDD'), '52107308170', '', '', false);
insert into DiagramParts values('FE83-52_3309-52107308176', 'FE83-52_3309', 01, 'Seat upholstery, leather', 'BEIGE', 1, to_date('20091101','YYYYMMDD'), to_date('20100401','YYYYMMDD'), '52107308176', '', '', false);
insert into DiagramParts values('FE83-52_3309-52107308175', 'FE83-52_3309', 01, 'Seat upholstery, leather', 'SCHWARZ', 1, to_date('20091101','YYYYMMDD'), to_date('20100401','YYYYMMDD'), '52107308175', '', '', false);
insert into DiagramParts values('FE83-52_3309-52107247503', 'FE83-52_3309', 02, 'Padding section comfort seat', 'OC3', 1, to_date('20091101','YYYYMMDD'), to_date('20100401','YYYYMMDD'), '52107247503', '', '', false);
insert into DiagramParts values('FE83-52_3309-52107247504', 'FE83-52_3309', 02, 'Upholstery, Comfort seat, climate leathr', 'OC3', 1, to_date('20091101','YYYYMMDD'), to_date('20100401','YYYYMMDD'), '52107247504', '', '', false);
insert into Diagram values('FE83-52_3309','FE83-20060200','52-10','E70 X5 4.8i   Seat front, uphlstry/cover, Comfort seat','');
insert into Diagram values('FE83-52_3310','FE83-20060200','52-10','E70 X5 4.8i   Seat, front, uphlstry, cover, Sport seat','');
insert into Diagram values('FE83-52_3311','FE83-20060200','52-10','E70 X5 4.8i   SEAT FRONT SEAT COVERINGS','');
insert into Diagram values('FE83-52_3312','FE83-20060200','52-10','E70 X5 4.8i   Seat, front, seat frame','');
insert into Diagram values('FE83-52_3313','FE83-20060200','52-10','E70 X5 4.8i   Seat, front, backrest frame','');
insert into Diagram values('FE83-52_3314','FE83-20060200','52-10','E70 X5 4.8i   Seat, front, lumbar Active seat','');
insert into Diagram values('FE83-52_3316','FE83-20060200','52-10','E70 X5 4.8i   Seat, front, electrical and motors','');
insert into Diagram values('FE83-52_3317','FE83-20060200','52-10','E70 X5 4.8i   Seat, front, electrical/motors, backrest','');
insert into DiagramParts values('FE83-52_3402-52107287235', 'FE83-52_3402', 03, 'SEAT COVER LEATHER', 'SATTELBRAUN', 1, to_date('20091001','YYYYMMDD'), to_date('20100401','YYYYMMDD'), '52107287235', '', '', false);
insert into DiagramParts values('FE83-52_3402-52107287239', 'FE83-52_3402', 03, 'SEAT COVER LEATHER', 'SATTELBRAUN', 1, to_date('20091001','YYYYMMDD'), to_date('20100401','YYYYMMDD'), '52107287239', '', '', false);
insert into Diagram values('FE83-52_3402','FE83-20060200','52-10','E70 X5 4.8i   Seat front, upholstery & cover base seat','');
insert into DiagramParts values('FE83-52_3403-52107287254', 'FE83-52_3403', 04, 'Sports seat cover leather', 'OYSTER', 1, to_date('20091001','YYYYMMDD'), to_date('20100401','YYYYMMDD'), '52107287254', '', '', false);
insert into DiagramParts values('FE83-52_3403-52107287255', 'FE83-52_3403', 04, 'Sports seat cover leather', 'CHATEAU', 1, to_date('20091001','YYYYMMDD'), to_date('20100401','YYYYMMDD'), '52107287255', '', '', false);
insert into DiagramParts values('FE83-52_3403-52107287253', 'FE83-52_3403', 04, 'Sports seat cover leather', 'SATTELBRAUN', 1, to_date('20091001','YYYYMMDD'), to_date('20100401','YYYYMMDD'), '52107287253', '', '', false);
insert into Diagram values('FE83-52_3403','FE83-20060200','52-10','E70 X5 4.8i   Seat, front, uphlstry, cover, Sport seat','');
insert into DiagramParts values('FE83-52_3404-52107287243', 'FE83-52_3404', 04, 'Cover for comfort seat, leather', 'SATTELBRAUN', 1, to_date('20091001','YYYYMMDD'), to_date('20100401','YYYYMMDD'), '52107287243', '', '', false);
insert into Diagram values('FE83-52_3404','FE83-20060200','52-10','E70 X5 4.8i   Seat front, uphlstry/cover, Comfort seat','');
insert into Diagram values('FE83-52_3336','FE83-20060200','52-20','E70 X5 4.8i   Seat rear, upholstery & cover base seat','');
insert into DiagramParts values('FE83-52_3337-52207226622', 'FE83-52_3337', 01, 'Frame, backrest left', 'GRAU', 1, to_date('20080601','YYYYMMDD'), to_date('20090101','YYYYMMDD'), '52207226622', '', 'ENDED', false);
insert into DiagramParts values('FE83-52_3337-52207226618', 'FE83-52_3337', 01, 'Frame, backrest left', 'GRAU', 1, to_date('20080601','YYYYMMDD'), to_date('20090101','YYYYMMDD'), '52207226618', '', 'ENDED', false);
insert into Diagram values('FE83-52_3337','FE83-20060200','52-20','E70 X5 4.8i   Seat, rear, seat frame, left','');
insert into Diagram values('FE83-52_3338','FE83-20060200','52-20','E70 X5 4.8i   Seat, rear, mount for backrest','');
insert into DiagramParts values('FE83-52_3339-52207213805', 'FE83-52_3339', 01, 'Frame, backrest right', 'GRAU', 1, to_date('20080601','YYYYMMDD'), to_date('20090101','YYYYMMDD'), '52207213805', '', 'ENDED', false);
insert into DiagramParts values('FE83-52_3339-52207213806', 'FE83-52_3339', 01, 'Frame, backrest right', 'TABAK', 1, to_date('20080601','YYYYMMDD'), to_date('20090101','YYYYMMDD'), '52207213806', '', 'ENDED', false);
insert into DiagramParts values('FE83-52_3339-52207213804', 'FE83-52_3339', 01, 'Frame, backrest right', 'BEIGE', 1, to_date('20080601','YYYYMMDD'), to_date('20090101','YYYYMMDD'), '52207213804', '', 'ENDED', false);
insert into DiagramParts values('FE83-52_3339-52207213803', 'FE83-52_3339', 01, 'Frame, backrest right', 'ANTHRAZIT', 1, to_date('20080601','YYYYMMDD'), to_date('20090101','YYYYMMDD'), '52207213803', '', 'ENDED', false);
insert into Diagram values('FE83-52_3339','FE83-20060200','52-20','E70 X5 4.8i   Seat, rear, seat frame, right','');
insert into Diagram values('FE83-52_3340','FE83-20060200','52-20','E70 X5 4.8i   Rear seat head restraint','');
insert into Diagram values('FE83-52_3341','FE83-20060200','52-20','E70 X5 4.8i   Seat, rear, center armrest, Basis','');
insert into Diagram values('FE83-52_3343','FE83-20060200','52-20','E70 X5 4.8i   Seat, rear, seat trim covers, left','');
insert into Diagram values('FE83-52_3344','FE83-20060200','52-20','E70 X5 4.8i   Seat, rear, seat trim covers, right','');
insert into Diagram values('FE83-52_3345','FE83-20060200','52-20','E70 X5 4.8i   Seat rear, upholstery & cover base seat','');
insert into Diagram values('FE83-52_3352','FE83-20060200','52-20','E70 X5 4.8i   Seat, rear, pad and cover, 3rd row','');
insert into Diagram values('FE83-52_3353','FE83-20060200','52-20','E70 X5 4.8i   Rear seat head restraint','');
insert into Diagram values('FE83-52_3354','FE83-20060200','52-20','E70 X5 4.8i   Seat, rear, center console','');
insert into Diagram values('FE83-52_3355','FE83-20060200','52-20','E70 X5 4.8i   Seat, rear, seat frame, 3rd row','');
insert into Diagram values('FE83-52_3356','FE83-20060200','52-20','E70 X5 4.8i   Seat, rear, seat trim covers','');
insert into Diagram values('FE83-52_3357','FE83-20060200','52-20','E70 X5 4.8i   Seat rear, center armrest, multifunction','');
insert into Diagram values('FE83-52_3358','FE83-20060200','52-20','E70 X5 4.8i   Rear seat ski bag','');
insert into Diagram values('FE83-52_3359','FE83-20060200','52-20','E70 X5 4.8i   Seat, rear, seat frame, left','');
insert into Diagram values('FE83-52_3360','FE83-20060200','52-20','E70 X5 4.8i   Seat, rear, seat frame, right','');
insert into Diagram values('FE83-52_3415','FE83-20060200','52-20','E70 X5 4.8i   Seat, rear, seat trim covers, left','');
insert into Diagram values('FE83-52_3490','FE83-20060200','52-20','E70 X5 4.8i   Seat, rear, head restraint, center','');
insert into Diagram values('FE83-52_3509','FE83-20060200','52-20','E70 X5 4.8i   Rear seat head restraint','');
insert into Diagram values('FE83-52_3510','FE83-20060200','52-20','E70 X5 4.8i   Seat rear, upholstery & cover base seat','');
insert into Diagram values('FE83-52_3015','FE83-20060200','52-95','E70 X5 4.8i   UNIVERSAL PRODECTIVE REAR COVER','');
insert into Diagram values('FE83-52_3043','FE83-20060200','52-95','E70 X5 4.8i   Belt holder','');
insert into Diagram values('FE83-52_3269','FE83-20060200','52-95','E70 X5 4.8i   Seat-back storage pocket','');
insert into Diagram values('FE83-52_3342','FE83-20060200','52-95','E70 X5 4.8i   Rear guard cover','');
insert into Diagram values('FE83-52_3376','FE83-20060200','52-95','E70 X5 4.8i   Lambskin seat cover','');
insert into Diagram values('FE83-52_3420','FE83-20060200','52-95','E70 X5 4.8i   Seat cover','');
insert into Diagram values('FE83-52_3798','FE83-20060200','52-95','E70 X5 4.8i   Storage pocket, rear, BMW Lines','');
insert into Diagram values('FE83-52_3799','FE83-20060200','52-95','E70 X5 4.8i   Backrest pocket BMW Lines','');
insert into Diagram values('FE83-54_0358','FE83-20060200','54-05','E70 X5 4.8i   Panorama roof mounting parts','');
insert into Diagram values('FE83-54_0359','FE83-20060200','54-05','E70 X5 4.8i   Electric panoramic roof','');
insert into Diagram values('FE83-54_0435','FE83-20060200','54-05','E70 X5 4.8i   Electric panoramic roof','');
insert into Diagram values('FE83-54_0307','FE83-20060200','54-95','E70 X5 4.8i   Wind deflector','');
insert into Diagram values('FE83-61_2092','FE83-20060200','61-05','E70 X5 4.8i   Main wiring harness','');
insert into Diagram values('FE83-61_2475','FE83-20060200','61-05','E70 X5 4.8i   Repair cable main cable harness','');
insert into Diagram values('FE83-61_2885','FE83-20060200','61-05','E70 X5 4.8i   Main wiring harness, duplicate','');
insert into Diagram values('FE83-61_1822','FE83-20060200','61-10','E70 X5 4.8i   Cable-yarded material','');
insert into Diagram values('FE83-61_2242','FE83-20060200','61-10','E70 X5 4.8i   VARIOUS ADDITIONAL CABLE HARNESSES','');
insert into Diagram values('FE83-61_2244','FE83-20060200','61-10','E70 X5 4.8i   VARIOUS ADDITIONAL WIRING SETS','');
insert into Diagram values('FE83-61_2245','FE83-20060200','61-10','E70 X5 4.8i   Battery cable','');
insert into Diagram values('FE83-61_2257','FE83-20060200','61-10','E70 X5 4.8i   DOOR CABLE HARNESSES','');
insert into Diagram values('FE83-61_2306','FE83-20060200','61-10','E70 X5 4.8i   B+ wiring kits for wiring harness','');
insert into Diagram values('FE83-61_2324','FE83-20060200','61-10','E70 X5 4.8i   Wiring harness, Basis/Sport seat','');
insert into Diagram values('FE83-61_2325','FE83-20060200','61-10','E70 X5 4.8i   Wiring harness, Comfort seat with memory','');
insert into Diagram values('FE83-61_2422','FE83-20060200','61-10','E70 X5 4.8i   Rear seat wiring set','');
insert into Diagram values('FE83-61_2543','FE83-20060200','61-10','E70 X5 4.8i   Repair cable, airbag','');
insert into Diagram values('FE83-61_2569','FE83-20060200','61-10','E70 X5 4.8i   Rep. cable CIC, CCC / display','');
insert into Diagram values('FE83-61_2582','FE83-20060200','61-10','E70 X5 4.8i   Wiring harness covers/cable ducts','');
insert into Diagram values('FE83-61_2591','FE83-20060200','61-10','E70 X5 4.8i   Supplementary wiring harnesses, seat','');
insert into Diagram values('FE83-61_2618','FE83-20060200','61-10','E70 X5 4.8i   Communications/audio single wires','');
insert into Diagram values('FE83-61_2750','FE83-20060200','61-10','E70 X5 4.8i   HSD wire','');
insert into Diagram values('FE83-61_3349','FE83-20060200','61-10','E70 X5 4.8i   CVBS wire','');
insert into Diagram values('FE83-61_1280','FE83-20060200','61-15','E70 X5 4.8i   Plug terminal ELO not waterproof','');
insert into Diagram values('FE83-61_1296','FE83-20060200','61-15','E70 X5 4.8i   Circular connector / D 2,5 mm System','');
insert into Diagram values('FE83-61_1349','FE83-20060200','61-15','E70 X5 4.8i   Various comb-type connectors','');
insert into Diagram values('FE83-61_1445','FE83-20060200','61-15','E70 X5 4.8i   Various parts, wiring harness repair','');
insert into Diagram values('FE83-61_1578','FE83-20060200','61-15','E70 X5 4.8i   Repair parts, optical fibre cable','');
insert into Diagram values('FE83-61_1691','FE83-20060200','61-15','E70 X5 4.8i   Pin contacts ELO','');
insert into Diagram values('FE83-61_1754','FE83-20060200','61-15','E70 X5 4.8i   Plug terminal ELO-Power','');
insert into Diagram values('FE83-61_2107','FE83-20060200','61-15','E70 X5 4.8i   Various parts, wiring harness repair','');
insert into Diagram values('FE83-61_2216','FE83-20060200','61-15','E70 X5 4.8i   Terminal system MCON','');
insert into Diagram values('FE83-61_2284','FE83-20060200','61-15','E70 X5 4.8i   PLUG-IN CONNECTION BRACKET','');
insert into Diagram values('FE83-61_2432','FE83-20060200','61-15','E70 X5 4.8i   Diagnosis plug','');
insert into Diagram values('FE83-61_2456','FE83-20060200','61-15','E70 X5 4.8i   Assorted grommets','');
insert into Diagram values('FE83-61_2458','FE83-20060200','61-15','E70 X5 4.8i   diverse plugs and connectors','');
insert into Diagram values('FE83-61_2483','FE83-20060200','61-15','E70 X5 4.8i   Cable tie','');
insert into Diagram values('FE83-61_2638','FE83-20060200','61-15','E70 X5 4.8i   Repair parts, coaxial cable contacts','');
insert into Diagram values('FE83-61_2680','FE83-20060200','61-15','E70 X5 4.8i   Repair parts, coaxial cable housing','');
insert into Diagram values('FE83-61_2157','FE83-20060200','61-20','E70 X5 4.8i   BRACKET F BODY CONTROL UNITS AND MODULES','');
insert into Diagram values('FE83-61_2162','FE83-20060200','61-20','E70 X5 4.8i   Single components for fuse housing','');
insert into Diagram values('FE83-61_2243','FE83-20060200','61-20','E70 X5 4.8i   Power distribution box','');
insert into Diagram values('FE83-61_2331','FE83-20060200','61-20','E70 X5 4.8i   Power distributor battery','');
insert into Diagram values('FE83-61_2000','FE83-20060200','61-25','E70 X5 4.8i   Control unit/antennas passive access','');
insert into Diagram values('FE83-61_2159','FE83-20060200','61-25','E70 X5 4.8i   Rain and light sensor','');
insert into Diagram values('FE83-61_2161','FE83-20060200','61-25','E70 X5 4.8i   Control unit for driver seat','');
insert into Diagram values('FE83-61_2163','FE83-20060200','61-25','E70 X5 4.8i   Rain and light sensor','');
insert into Diagram values('FE83-61_2165','FE83-20060200','61-25','E70 X5 4.8i   Control units/modules','');
insert into Diagram values('FE83-61_2167','FE83-20060200','61-25','E70 X5 4.8i   Control unit, footwell module','');
insert into Diagram values('FE83-61_2168','FE83-20060200','61-25','E70 X5 4.8i   Control unit CAS','');
insert into Diagram values('FE83-61_2169','FE83-20060200','61-25','E70 X5 4.8i   ECU for fr. passenger and rear seats','');
insert into Diagram values('FE83-61_2290','FE83-20060200','61-25','E70 X5 4.8i   Relay','');
insert into Diagram values('FE83-61_2963','FE83-20060200','61-25','E70 X5 4.8i   Control unit Junctionbox Elektronik','');
insert into Diagram values('FE83-61_1853','FE83-20060200','61-30','E70 X5 4.8i   Only for Japan - original BMW battery','');
insert into Diagram values('FE83-61_2081','FE83-20060200','61-30','E70 X5 4.8i   Original BMW battery','');
insert into Diagram values('FE83-61_2086','FE83-20060200','61-30','E70 X5 4.8i   battery holder and mounting parts','');
insert into Diagram values('FE83-61_1556','FE83-20060200','61-35','E70 X5 4.8i   Cigarette lighter / sockets','');
insert into Diagram values('FE83-61_1709','FE83-20060200','61-35','E70 X5 4.8i   Seat adjustment switch, front','');
insert into Diagram values('FE83-61_2110','FE83-20060200','61-35','E70 X5 4.8i   Switch unit, center console','');
insert into Diagram values('FE83-61_2111','FE83-20060200','61-35','E70 X5 4.8i   SWITCH WINDOW LIFTER','');
insert into Diagram values('FE83-61_2113','FE83-20060200','61-35','E70 X5 4.8i   Control element light','');
insert into Diagram values('FE83-61_2114','FE83-20060200','61-35','E70 X5 4.8i   Steering column trim','');
insert into Diagram values('FE83-61_2127','FE83-20060200','61-35','E70 X5 4.8i   Brake and clutch switch','');
insert into Diagram values('FE83-61_2139','FE83-20060200','61-35','E70 X5 4.8i   Switch u. roof w/t emergency call button','');
insert into Diagram values('FE83-61_2140','FE83-20060200','61-35','E70 X5 4.8i   Switch unit roof w emergency call button','');
insert into Diagram values('FE83-61_2155','FE83-20060200','61-35','E70 X5 4.8i   Switch, multifunct. steering wheel','');
insert into Diagram values('FE83-61_2158','FE83-20060200','61-35','E70 X5 4.8i   Starter/Stop switch','');
insert into Diagram values('FE83-61_2160','FE83-20060200','61-35','E70 X5 4.8i   VARIOUS SWITCHES','');
insert into Diagram values('FE83-61_2218','FE83-20060200','61-35','E70 X5 4.8i   Sockets','');
insert into Diagram values('FE83-61_2837','FE83-20060200','61-35','E70 X5 4.8i   TV/Audio plug socket','');
insert into Diagram values('FE83-61_3084','FE83-20060200','61-35','E70 X5 4.8i   Switch unit steering column','');
insert into Diagram values('FE83-61_3085','FE83-20060200','61-35','E70 X5 4.8i   Switch unit steering column','');
insert into Diagram values('FE83-61_2154','FE83-20060200','61-40','E70 X5 4.8i   Horn','');
insert into Diagram values('FE83-61_2144','FE83-20060200','61-45','E70 X5 4.8i   SINGLE WIPER PARTS','');
insert into Diagram values('FE83-61_2145','FE83-20060200','61-45','E70 X5 4.8i   SINGLE PARTS FOR REAR WINDOW WIPER','');
insert into Diagram values('FE83-61_2146','FE83-20060200','61-45','E70 X5 4.8i   Reserv.,windshield/headlight washer syst','');
insert into Diagram values('FE83-61_2147','FE83-20060200','61-45','E70 X5 4.8i   SINGLE PARTS FOR WINDSHIELD CLEANING','');
insert into Diagram values('FE83-61_2149','FE83-20060200','61-45','E70 X5 4.8i   SINGLE PARTS FOR HEAD LAMP CLEANING','');
insert into Diagram values('FE83-61_2223','FE83-20060200','61-95','E70 X5 4.8i   Suppression filter','');
insert into Diagram values('FE83-61_3066','FE83-20060200','61-95','E70 X5 4.8i   Jumper cable','');
insert into Diagram values('FE83-62_0492','FE83-20060200','62-05','E70 X5 4.8i   Instrument cluster','');
insert into Diagram values('FE83-62_0491','FE83-20060200','62-30','E70 X5 4.8i   Head-up display','');
insert into Diagram values('FE83-63_0985','FE83-20060200','63-05','E70 X5 4.8i   Headlight','');
insert into Diagram values('FE83-63_0992','FE83-20060200','63-05','E70 X5 4.8i   Single components for headlight','');
insert into Diagram values('FE83-63_1067','FE83-20060200','63-05','E70 X5 4.8i   SPARE BULBS BOX','');
insert into Diagram values('FE83-63_1363','FE83-20060200','63-05','E70 X5 4.8i   BMW Performance Light','');
insert into Diagram values('FE83-63_1420','FE83-20060200','63-05','E70 X5 4.8i   SPARE BULBS BOX','');
insert into Diagram values('FE83-63_0986','FE83-20060200','63-10','E70 X5 4.8i   Additional turn indicator lamp','');
insert into Diagram values('FE83-63_0978','FE83-20060200','63-15','E70 X5 4.8i   Fog lights','');
insert into Diagram values('FE83-63_0990','FE83-20060200','63-20','E70 X5 4.8i   Rear light','');
insert into Diagram values('FE83-63_0987','FE83-20060200','63-25','E70 X5 4.8i   Third stoplamp','');
insert into Diagram values('FE83-63_0988','FE83-20060200','63-30','E70 X5 4.8i   Registration plate light','');
insert into Diagram values('FE83-63_0989','FE83-20060200','63-30','E70 X5 4.8i   REFLECTOR','');
insert into Diagram values('FE83-63_0991','FE83-20060200','63-30','E70 X5 4.8i   Various lamps','');
insert into Diagram values('FE83-63_1008','FE83-20060200','63-30','E70 X5 4.8i   Various lamps','');
insert into Diagram values('FE83-63_1046','FE83-20060200','63-30','E70 X5 4.8i   Door handle illumination','');
insert into Diagram values('FE83-63_1047','FE83-20060200','63-95','E70 X5 4.8i   LED Flashlight','');
insert into Diagram values('FE83-63_1153','FE83-20060200','63-95','E70 X5 4.8i   Flashlight, LED','');
insert into Diagram values('FE83-63_1322','FE83-20060200','63-95','E70 X5 4.8i   LED interior light package','');
insert into Diagram values('FE83-64_1574','FE83-20060200','64-05','E70 X5 4.8i   AIR OUTLET','');
insert into Diagram values('FE83-64_1587','FE83-20060200','64-05','E70 X5 4.8i   AIR CHANNEL','');
insert into Diagram values('FE83-64_1589','FE83-20060200','64-05','E70 X5 4.8i   Blower motor for 3rd seat row','');
insert into Diagram values('FE83-64_1569','FE83-20060200','64-10','E70 X5 4.8i   Microfilter/housing parts','');
insert into Diagram values('FE83-64_1578','FE83-20060200','64-15','E70 X5 4.8i   Heater radiator','');
insert into Diagram values('FE83-64_1640','FE83-20060200','64-15','E70 X5 4.8i   BLOWER REAR','');
insert into Diagram values('FE83-64_1591','FE83-20060200','64-18','E70 X5 4.8i   water hoses/water valve','');
insert into Diagram values('FE83-64_1571','FE83-20060200','64-20','E70 X5 4.8i   Control','');
insert into Diagram values('FE83-64_1932','FE83-20060200','64-20','E70 X5 4.8i   Control unit, automatic air cond.,High','');
insert into Diagram values('FE83-64_1579','FE83-20060200','64-30','E70 X5 4.8i   Evaporator / Expansion valve','');
insert into Diagram values('FE83-64_1580','FE83-20060200','64-35','E70 X5 4.8i   Spiral housing with flaps','');
insert into Diagram values('FE83-64_1581','FE83-20060200','64-35','E70 X5 4.8i   HOUSING PARTS - AIR CONDITIONING','');
insert into Diagram values('FE83-64_1582','FE83-20060200','64-40','E70 X5 4.8i   ELECTRIC PARTS FOR AC UNIT','');
insert into Diagram values('FE83-64_1343','FE83-20060200','64-45','E70 X5 4.8i   SENSOR F. AUC','');
insert into Diagram values('FE83-64_1344','FE83-20060200','64-45','E70 X5 4.8i   Condensation sensor / Solar sensor','');
insert into Diagram values('FE83-64_1576','FE83-20060200','64-50','E70 X5 4.8i   Air-conditioner compressor/mounting part','');
insert into Diagram values('FE83-64_1592','FE83-20060200','64-55','E70 X5 4.8i   Condenser air conditioning','');
insert into Diagram values('FE83-64_1577','FE83-20060200','64-60','E70 X5 4.8i   Coolant lines','');
insert into Diagram values('FE83-64_1855','FE83-20060200','64-95','E70 X5 4.8i   Accessori e postmontaggi','');
insert into Diagram values('FE83-64_1583','FE83-20060200','64-99','E70 X5 4.8i   DIVERSE SMALL PARTS','');
insert into Diagram values('FE83-65_1689','FE83-20060200','65-05','E70 X5 4.8i   Satellite- radio','');
insert into Diagram values('FE83-65_1690','FE83-20060200','65-05','E70 X5 4.8i   IBOC receiver module/IBOC splitter','');
insert into Diagram values('FE83-65_1709','FE83-20060200','65-05','E70 X5 4.8i   CHAMP','');
insert into Diagram values('FE83-65_1786','FE83-20060200','65-07','E70 X5 4.8i   Auxiliary connection cable','');
insert into Diagram values('FE83-65_1685','FE83-20060200','65-10','E70 X5 4.8i   DVD player','');
insert into Diagram values('FE83-65_1686','FE83-20060200','65-10','E70 X5 4.8i   CD Changer/Bracket','');
insert into Diagram values('FE83-65_1688','FE83-20060200','65-10','E70 X5 4.8i   DVD Changer/Bracket','');
insert into Diagram values('FE83-65_1695','FE83-20060200','65-20','E70 X5 4.8i   Single parts, Stereo System, door frnt','');
insert into Diagram values('FE83-65_1696','FE83-20060200','65-20','E70 X5 4.8i   SINGLE PARTS F FRONT DOOR HIFI SYSTEM','');
insert into Diagram values('FE83-65_1697','FE83-20060200','65-20','E70 X5 4.8i   SINGLE PARTS F FRONT DOOR TOP-HIFI SYST.','');
insert into Diagram values('FE83-65_1698','FE83-20060200','65-20','E70 X5 4.8i   Single parts, Stereo System, door rear','');
insert into Diagram values('FE83-65_1699','FE83-20060200','65-20','E70 X5 4.8i   SINGLE PARTS F REAR DOOR HIFI SYSTEM','');
insert into Diagram values('FE83-65_1700','FE83-20060200','65-20','E70 X5 4.8i   SINGLE PARTS F REAR DOOR TOP-HIFI SYST.','');
insert into Diagram values('FE83-65_1701','FE83-20060200','65-20','E70 X5 4.8i   Components central bass','');
insert into Diagram values('FE83-65_1702','FE83-20060200','65-20','E70 X5 4.8i   Loudspeaker, instrument panel','');
insert into Diagram values('FE83-65_1703','FE83-20060200','65-20','E70 X5 4.8i   Single parts Top HiFi system, D-pillar','');
insert into Diagram values('FE83-65_1967','FE83-20060200','65-20','E70 X5 4.8i   Individual Audio system, door front','');
insert into Diagram values('FE83-65_1968','FE83-20060200','65-20','E70 X5 4.8i   Individual Audio system, door rear','');
insert into Diagram values('FE83-65_1969','FE83-20060200','65-20','E70 X5 4.8i   Individual Audio system, I-panel','');
insert into Diagram values('FE83-65_1970','FE83-20060200','65-20','E70 X5 4.8i   Individual Audio System, D-pillar','');
insert into Diagram values('FE83-65_1846','FE83-20060200','65-22','E70 X5 4.8i   Audio wiring harness, duplicate','');
insert into Diagram values('FE83-65_1994','FE83-20060200','65-22','E70 X5 4.8i   Universal aerial cable','');
insert into Diagram values('FE83-65_1999','FE83-20060200','65-22','E70 X5 4.8i   Universal aerial cable','');
insert into Diagram values('FE83-65_2002','FE83-20060200','65-22','E70 X5 4.8i   Universal aerial cable','');
insert into Diagram values('FE83-65_2319','FE83-20060200','65-22','E70 X5 4.8i   Audio wiring harness, duplicate','');
insert into Diagram values('FE83-65_1693','FE83-20060200','65-25','E70 X5 4.8i   amplifier / holder hifi system','');
insert into Diagram values('FE83-65_1694','FE83-20060200','65-25','E70 X5 4.8i   Amplifier/holder,HiFi Professional DSP','');
insert into Diagram values('FE83-65_2030','FE83-20060200','65-25','E70 X5 4.8i   Amplifier/bracket Indi. Audio System','');
insert into Diagram values('FE83-65_1705','FE83-20060200','65-30','E70 X5 4.8i   SINGLE PARTS F ANTENNA','');
insert into Diagram values('FE83-65_1706','FE83-20060200','65-30','E70 X5 4.8i   SINGLE PARTS F ANTENNA-DIVERSITY','');
insert into Diagram values('FE83-65_1119','FE83-20060200','65-45','E70 X5 4.8i   Headset module','');
insert into Diagram values('FE83-65_1711','FE83-20060200','65-45','E70 X5 4.8i   Controller','');
insert into Diagram values('FE83-65_1717','FE83-20060200','65-45','E70 X5 4.8i   Rear compartment monitor','');
insert into Diagram values('FE83-65_1720','FE83-20060200','65-45','E70 X5 4.8i   On-board monitor','');
insert into Diagram values('FE83-65_1712','FE83-20060200','65-50','E70 X5 4.8i   CCC CD','');
insert into Diagram values('FE83-65_1714','FE83-20060200','65-50','E70 X5 4.8i   Single parts CCC','');
insert into Diagram values('FE83-65_1718','FE83-20060200','65-50','E70 X5 4.8i   Remote control, rear','');
insert into Diagram values('FE83-65_1827','FE83-20060200','65-50','E70 X5 4.8i   Navigation DVD 2006','');
insert into Diagram values('FE83-65_1988','FE83-20060200','65-50','E70 X5 4.8i   Car Infotainment computer','');
insert into Diagram values('FE83-65_2028','FE83-20060200','65-50','E70 X5 4.8i   Car Infotainment Computer - Mid','');
insert into DiagramParts values('FE83-65_2209-65902218554', 'FE83-65_2209', 01, 'Enable code CIC map N. America, initial', 'PREMIUM', 1, to_date('20091001','YYYYMMDD'), to_date('20121001','YYYYMMDD'), '65902218554', '', '', false);
insert into Diagram values('FE83-65_2209','FE83-20060200','65-50','E70 X5 4.8i   Enable code, initial, Professional GPS','');
insert into Diagram values('FE83-65_2210','FE83-20060200','65-50','E70 X5 4.8i   Enable code, update for Professional GPS','');
insert into Diagram values('FE83-65_2211','FE83-20060200','65-50','E70 X5 4.8i   Enable code, rep, GPS Professional','');
insert into Diagram values('FE83-65_1684','FE83-20060200','65-60','E70 X5 4.8i   Alarm systems','');
insert into Diagram values('FE83-65_1704','FE83-20060200','65-65','E70 X5 4.8i   Electric parts for airbag','');
insert into Diagram values('FE83-65_1707','FE83-20060200','65-65','E70 X5 4.8i   Electr. compon. seat occupancy detection','');
insert into Diagram values('FE83-65_1180','FE83-20060200','65-70','E70 X5 4.8i   Temperature sensor','');
insert into Diagram values('FE83-65_1721','FE83-20060200','65-95','E70 X5 4.8i   iPod connection retrofit kit','');
insert into Diagram values('FE83-65_1723','FE83-20060200','65-95','E70 X5 4.8i   Spare parts DVD Advanced','');
insert into Diagram values('FE83-65_1777','FE83-20060200','65-95','E70 X5 4.8i   DVD-system Portable','');
insert into Diagram values('FE83-65_1782','FE83-20060200','65-95','E70 X5 4.8i   Retrofit kit, CD-changer','');
insert into Diagram values('FE83-65_1860','FE83-20060200','65-95','E70 X5 4.8i   Retrofit kit USB/audio interface','');
insert into Diagram values('FE83-65_2038','FE83-20060200','65-95','E70 X5 4.8i   DVD system Tablet','');
insert into Diagram values('FE83-65_2271','FE83-20060200','65-95','E70 X5 4.8i   Charger adapter for Apple iPod / iPhone','');
insert into Diagram values('FE83-65_2422','FE83-20060200','65-95','E70 X5 4.8i   Cable adapter for Apple iPod / iPhone','');
insert into Diagram values('FE83-65_2520','FE83-20060200','65-95','E70 X5 4.8i   BMW USB charger','');
insert into Diagram values('FE83-65_2522','FE83-20060200','65-95','E70 X5 4.8i   Cable adapter, devices with Micro USB','');
insert into Diagram values('FE83-66_0139','FE83-20060200','66-05','E70 X5 4.8i   Reversing camera','');
insert into Diagram values('FE83-66_0141','FE83-20060200','66-05','E70 X5 4.8i   Outside rearview mirror camera','');
insert into Diagram values('FE83-66_0146','FE83-20060200','66-05','E70 X5 4.8i   Video multiplexer','');
insert into Diagram values('FE83-66_0199','FE83-20060200','66-05','E70 X5 4.8i   Backup camera with Top View','');
insert into Diagram values('FE83-66_0201','FE83-20060200','66-05','E70 X5 4.8i   Control unit for Park Distance Control','');
insert into Diagram values('FE83-66_0223','FE83-20060200','66-05','E70 X5 4.8i   Backup camera with top and side view','');
insert into Diagram values('FE83-66_0246','FE83-20060200','66-05','E70 X5 4.8i   Ultrasonic-sensor','');
insert into Diagram values('FE83-66_0247','FE83-20060200','66-05','E70 X5 4.8i   Ultrasonic-sensor','');
insert into Diagram values('FE83-71_0362','FE83-20060200','71-03','E70 X5 4.8i   LABEL "TIRE PRESSURE"','');
insert into Diagram values('FE83-71_0443','FE83-20060200','71-03','E70 X5 4.8i   LABEL "TIRE PRESSURE"','');
insert into Diagram values('FE83-71_0567','FE83-20060200','71-03','E70 X5 4.8i   Notice label for fuel','');
insert into Diagram values('FE83-71_0568','FE83-20060200','71-03','E70 X5 4.8i   Instruction notice, Airbag','');
insert into Diagram values('FE83-71_0592','FE83-20060200','71-03','E70 X5 4.8i   Label "Exhaust emission"','');
insert into DiagramParts values('FE83-71_0602-71217000673', 'FE83-71_0602', 01, 'Label &quot;Chassis Number&quot;', 'US/CDN/GB/GOLF', 1, to_date('20010101','YYYYMMDD'), to_date('20010401','YYYYMMDD'), '71217000673', '$1.67', '', false);
insert into Diagram values('FE83-71_0602','FE83-20060200','71-03','E70 X5 4.8i   Various notice stickers','');
insert into Diagram values('FE83-71_0361','FE83-20060200','71-05','E70 X5 4.8i   Car tool','');
insert into Diagram values('FE83-71_0408','FE83-20060200','71-05','E70 X5 4.8i   Warning triangle/First aid kit/-cushion','');
insert into Diagram values('FE83-71_0423','FE83-20060200','71-05','E70 X5 4.8i   Car tool/Lifting jack','');
insert into Diagram values('FE83-71_0277','FE83-20060200','71-10','E70 X5 4.8i   Trailer hitch','');
insert into Diagram values('FE83-71_0390','FE83-20060200','71-10','E70 X5 4.8i   Trailer hitch','');
insert into Diagram values('FE83-71_0447','FE83-20060200','71-10','E70 X5 4.8i   Trailer coupling','');
insert into Diagram values('FE83-71_0276','FE83-20060200','71-95','E70 X5 4.8i   Trailer hitch accessories','');
insert into Diagram values('FE83-71_0434','FE83-20060200','71-95','E70 X5 4.8i   Tire Mobility Set','');
insert into Diagram values('FE83-71_0450','FE83-20060200','71-95','E70 X5 4.8i   Trailor Assessory','');
insert into Diagram values('FE83-71_0451','FE83-20060200','71-95','E70 X5 4.8i   Trailer Accessories','');
insert into Diagram values('FE83-72_0581','FE83-20060200','72-03','E70 X5 4.8i   Air bag','');
insert into Diagram values('FE83-72_0580','FE83-20060200','72-05','E70 X5 4.8i   Safety belt front','');
insert into Diagram values('FE83-72_0582','FE83-20060200','72-05','E70 X5 4.8i   Rear seat belt, basic','');
insert into Diagram values('FE83-72_0583','FE83-20060200','72-05','E70 X5 4.8i   Safety belt for 3rd seat row','');
insert into Diagram values('FE83-72_0765','FE83-20060200','72-05','E70 X5 4.8i   Child seat mount','');
insert into Diagram values('FE83-72_0602','FE83-20060200','72-15','E70 X5 4.8i   Flag holder','');
insert into Diagram values('FE83-72_0409','FE83-20060200','72-95','E70 X5 4.8i   Warning triangle','');
insert into Diagram values('FE83-72_0410','FE83-20060200','72-95','E70 X5 4.8i   First aid kit','');
insert into Diagram values('FE83-72_0439','FE83-20060200','72-95','E70 X5 4.8i   Fire extinguisher / Holder','');
insert into Diagram values('FE83-72_0461','FE83-20060200','72-95','E70 X5 4.8i   Storage compartment module','');
insert into Diagram values('FE83-72_0591','FE83-20060200','72-95','E70 X5 4.8i   Tow bar','');
insert into Diagram values('FE83-72_0744','FE83-20060200','72-95','E70 X5 4.8i   Emergency bag','');
insert into Diagram values('FE83-36_0695','FE83-20060200','82-14','E70 X5 4.8i   Snow chains','');
insert into Diagram values('FE83-36_1205','FE83-20060200','82-14','E70 X5 4.8i   SNOW CHAIN"BMW Easy Fit"','');
insert into Diagram values('FE83-82_1073','FE83-20060200','82-26','E70 X5 4.8i   Universal coat hanger','');
insert into Diagram values('FE83-82_1128','FE83-20060200','82-26','E70 X5 4.8i   Halogen Map Light','');
insert into Diagram values('FE83-82_1231','FE83-20060200','82-26','E70 X5 4.8i   bag holder','');
insert into Diagram values('FE83-82_1232','FE83-20060200','82-26','E70 X5 4.8i   Cargo Tray','');
insert into Diagram values('FE83-82_1233','FE83-20060200','82-26','E70 X5 4.8i   Cargo Tray','');
insert into Diagram values('FE83-82_1261','FE83-20060200','82-26','E70 X5 4.8i   Clean Bag','');
insert into Diagram values('FE83-82_1299','FE83-20060200','82-26','E70 X5 4.8i   Storage pocket, rear passengers','');
insert into Diagram values('FE83-82_1308','FE83-20060200','82-26','E70 X5 4.8i   Shoe case','');
insert into Diagram values('FE83-82_1311','FE83-20060200','82-26','E70 X5 4.8i   Driver utility set','');
insert into Diagram values('FE83-82_1181','FE83-20060200','82-31','E70 X5 4.8i   BMW Junior Seat I-II','');
insert into Diagram values('FE83-82_1186','FE83-20060200','82-31','E70 X5 4.8i   BMW Baby Seat 0+','');
insert into Diagram values('FE83-82_1187','FE83-20060200','82-31','E70 X5 4.8i   BMW Junior Seat I-II Isofix','');
insert into Diagram values('FE83-82_1189','FE83-20060200','82-31','E70 X5 4.8i   BMW Baby Seat 0+ Isofix','');
insert into Diagram values('FE83-82_1237','FE83-20060200','82-31','E70 X5 4.8i   Dog harness','');
insert into Diagram values('FE83-82_1276','FE83-20060200','82-31','E70 X5 4.8i   BMW Junior Seat II-III','');
insert into Diagram values('FE83-82_1305','FE83-20060200','82-31','E70 X5 4.8i   BMW Junior Seat III','');
insert into Diagram values('FE83-82_0736','FE83-20060200','82-44','E70 X5 4.8i   Electronic Tire Presssure Gauge','');
insert into Diagram values('FE83-82_0781','FE83-20060200','82-44','E70 X5 4.8i   Sunshade for Windshield','');
insert into Diagram values('FE83-82_0788','FE83-20060200','82-44','E70 X5 4.8i   Nose mask','');
insert into Diagram values('FE83-82_0790','FE83-20060200','82-44','E70 X5 4.8i   Stainless Steel License Plate Frame','');
insert into Diagram values('FE83-82_0823','FE83-20060200','82-44','E70 X5 4.8i   Noah Car Cover','');
insert into Diagram values('FE83-82_0893','FE83-20060200','82-44','E70 X5 4.8i   Marque License Plate Frame','');
insert into Diagram values('FE83-82_0988','FE83-20060200','82-44','E70 X5 4.8i   Clear Covering','');
insert into Diagram values('FE83-82_1100','FE83-20060200','82-44','E70 X5 4.8i   Lighting Package','');
insert into Diagram values('FE83-82_1106','FE83-20060200','82-44','E70 X5 4.8i   Indoor Car Cover','');
insert into Diagram values('FE83-82_1131','FE83-20060200','82-44','E70 X5 4.8i   hood protector','');
insert into Diagram values('FE83-82_1135','FE83-20060200','82-44','E70 X5 4.8i   Deflector','');
insert into Diagram values('FE83-82_1136','FE83-20060200','82-44','E70 X5 4.8i   Clear Cover Foglights','');
insert into Diagram values('FE83-82_1198','FE83-20060200','82-44','E70 X5 4.8i   Cover','');
insert into Diagram values('FE83-82_1251','FE83-20060200','82-44','E70 X5 4.8i   Cover hood windshield/side window','');
insert into Diagram values('FE83-82_1272','FE83-20060200','82-44','E70 X5 4.8i   Mud flaps','');
insert into Diagram values('FE83-82_1283','FE83-20060200','82-44','E70 X5 4.8i   License plate frame','');
insert into Diagram values('FE83-82_1284','FE83-20060200','82-44','E70 X5 4.8i   License plate frame','');
insert into Diagram values('FE83-82_0116','FE83-20060200','82-51','E70 X5 4.8i   Universal support','');
insert into Diagram values('FE83-82_0123','FE83-20060200','82-51','E70 X5 4.8i   RACK FOR RACING BICYCLE','');
insert into Diagram values('FE83-82_0124','FE83-20060200','82-51','E70 X5 4.8i   Luggage basket','');
insert into Diagram values('FE83-82_0125','FE83-20060200','82-51','E70 X5 4.8i   Bicycle lift','');
insert into Diagram values('FE83-82_0245','FE83-20060200','82-51','E70 X5 4.8i   SUPPORT SNOWBOARD','');
insert into Diagram values('FE83-82_0283','FE83-20060200','82-51','E70 X5 4.8i   Surfboard rack','');
insert into Diagram values('FE83-82_0284','FE83-20060200','82-51','E70 X5 4.8i   Standard ski carrier for 6 pairs of skis','');
insert into Diagram values('FE83-82_0364','FE83-20060200','82-51','E70 X5 4.8i   SKI/SNOWBOARD SET','');
insert into Diagram values('FE83-82_0594','FE83-20060200','82-51','E70 X5 4.8i   Komfort ski holder','');
insert into Diagram values('FE83-82_0845','FE83-20060200','82-51','E70 X5 4.8i   Standard ski holder, for 4 pairs of ski','');
insert into Diagram values('FE83-82_1157','FE83-20060200','82-51','E70 X5 4.8i   Bicycle carrier, trailer coupling','');
insert into Diagram values('FE83-82_1175','FE83-20060200','82-51','E70 X5 4.8i   Touring bicycle holder','');
insert into Diagram values('FE83-82_1178','FE83-20060200','82-51','E70 X5 4.8i   Roof box','');
insert into Diagram values('FE83-82_1234','FE83-20060200','82-51','E70 X5 4.8i   Roof box','');
insert into Diagram values('FE83-82_1244','FE83-20060200','82-51','E70 X5 4.8i   Racing bike rack','');
insert into Diagram values('FE83-82_1245','FE83-20060200','82-51','E70 X5 4.8i   ROOF RACK SYSTEMS','');
insert into Diagram values('FE83-82_1250','FE83-20060200','82-51','E70 X5 4.8i   Roof box','');
insert into Diagram values('FE83-82_1259','FE83-20060200','82-51','E70 X5 4.8i   Roof rack systems','');
insert into Diagram values('FE83-82_1268','FE83-20060200','82-51','E70 X5 4.8i   Ski/snowboard holder','');
insert into Diagram values('FE83-82_1281','FE83-20060200','82-51','E70 X5 4.8i   Roof rack/transport systems/rear carrier','');
insert into Diagram values('FE83-82_1290','FE83-20060200','82-51','E70 X5 4.8i   Bolt-on rear carrier ECE','');
insert into Diagram values('FE83-82_1295','FE83-20060200','82-51','E70 X5 4.8i   Roof rack systems','');
insert into Diagram values('FE83-82_1460','FE83-20060200','82-51','E70 X5 4.8i   Roof rack systems','');
insert into Diagram values('FE83-82_1476','FE83-20060200','82-51','E70 X5 4.8i   Roof-mounted container 320 LCI','');
insert into Diagram values('FE83-82_0926','FE83-20060200','82-52','E70 X5 4.8i   Adapter (universal lift) for hood','');
insert into Diagram values('FE83-82_0102','FE83-20060200','82-81','E70 X5 4.8i   Universal hoist','');
insert into Diagram values('FE83-82_0785','FE83-20060200','82-90','E70 X5 4.8i   Sheepskin Wash/Polish Mitt','');
insert into Diagram values('FE83-83_0394','FE83-20060200','83-24','E70 X5 4.8i   Stone impact guard foil','');
insert into Diagram values('FE83-83_0397','FE83-20060200','83-24','E70 X5 4.8i   Stone impact guard package','');
insert into DiagramParts values('FE83-84_0721-84109171348', 'FE83-84_0721', 01, 'Telematics Control Unit', 'CDMA', 1, to_date('20070301','YYYYMMDD'), to_date('20080401','YYYYMMDD'), '84109171348', '', 'ENDED', false);
insert into DiagramParts values('FE83-84_0721-84109196664', 'FE83-84_0721', 01, 'Rmfd Telematics Control Unit', 'CDMA', 1, to_date('20070301','YYYYMMDD'), to_date('20080401','YYYYMMDD'), '84109196664', '', 'ENDED', false);
insert into DiagramParts values('FE83-84_0721-84109181230', 'FE83-84_0721', 01, 'Rmfd Telematics Control Unit', 'CDMA', 1, to_date('20070301','YYYYMMDD'), to_date('20080401','YYYYMMDD'), '84109181230', '$403.59', '', false);
insert into DiagramParts values('FE83-84_0721-84109206422', 'FE83-84_0721', 01, 'Rmfd Telematics Control Unit', 'GSM', 1, to_date('20080401','YYYYMMDD'), to_date('20090301','YYYYMMDD'), '84109206422', '', 'ENDED', false);
insert into DiagramParts values('FE83-84_0721-84109216364', 'FE83-84_0721', 01, 'Rmfd Telematics Control Unit', 'GSM', 1, to_date('20080401','YYYYMMDD'), to_date('20090901','YYYYMMDD'), '84109216364', '', 'ENDED', false);
insert into DiagramParts values('FE83-84_0721-84109219823', 'FE83-84_0721', 01, 'Rmfd Telematics Control Unit', 'GSM', 1, to_date('20080401','YYYYMMDD'), to_date('20100101','YYYYMMDD'), '84109219823', '', 'ENDED', false);
insert into DiagramParts values('FE83-84_0721-84109228937', 'FE83-84_0721', 01, 'Rmfd Telematics Control Unit', 'GSM', 1, to_date('20080401','YYYYMMDD'), to_date('20100301','YYYYMMDD'), '84109228937', '', 'ENDED', false);
insert into Diagram values('FE83-84_0721','FE83-20060200','84-10','E70 X5 4.8i   Single parts SA 639, trunk','');
insert into Diagram values('FE83-84_0767','FE83-20060200','84-10','E70 X5 4.8i   Starter package, cell phone Nokia 6303c','');
insert into Diagram values('FE83-84_0607','FE83-20060200','84-20','E70 X5 4.8i   Single parts SA639/SA664 center console','');
insert into Diagram values('FE83-84_0740','FE83-20060200','84-20','E70 X5 4.8i   Single parts, SA 644, trunk','');
insert into Diagram values('FE83-84_0759','FE83-20060200','84-20','E70 X5 4.8i   Single parts, option 6NF center console','');
insert into Diagram values('FE83-84_0769','FE83-20060200','84-20','E70 X5 4.8i   Snap-In Adapter Bluetooth for USA','');
insert into Diagram values('FE83-84_0811','FE83-20060200','84-20','E70 X5 4.8i   USB hub','');
insert into Diagram values('FE83-84_0657','FE83-20060200','84-30','E70 X5 4.8i   Single parts f hands-free facility','');
insert into Diagram values('FE83-84_0763','FE83-20060200','84-30','E70 X5 4.8i   Snap-in adapter, SAP','');
insert into Diagram values('FE83-84_0730','FE83-20060200','84-95','E70 X5 4.8i   Stolen Vehicle Tracking - TPA','');
insert into Diagram values('FE83-84_0778','FE83-20060200','84-95','E70 X5 4.8i   BMW Bluetooth headset','');
insert into Diagram values('FE83-84_0897','FE83-20060200','84-95','E70 X5 4.8i   Snap-in adapter for Apple devices','');
insert into Diagram values('FE83-84_0904','FE83-20060200','84-95','E70 X5 4.8i   Retrofit kit, voice input','');
insert into Diagram values('FE83-84_0906','FE83-20060200','84-95','E70 X5 4.8i   Snap-in adapter, SONY ERICSSON devices','');
insert into Diagram values('FE83-84_0907','FE83-20060200','84-95','E70 X5 4.8i   Snap-in adapter for NOKIA devices','');
insert into Diagram values('FE83-84_0908','FE83-20060200','84-95','E70 X5 4.8i   Snap-in adapter for SIEMENS devices','');
insert into Diagram values('FE83-84_0909','FE83-20060200','84-95','E70 X5 4.8i   Snap-in adapter for MOTOROLA devices','');
insert into Diagram values('FE83-84_0910','FE83-20060200','84-95','E70 X5 4.8i   Snap-in adapter, BlackBerry/RIM devices','');
insert into Diagram values('FE83-84_0930','FE83-20060200','84-95','E70 X5 4.8i   Smartphone cradle','');
insert into Diagram values('FE83-84_0933','FE83-20060200','84-95','E70 X5 4.8i   Snap-in adapter for SAMSUNG devices','');
insert into Diagram values('FE83-88_0052','FE83-20060200','88-80','E70 X5 4.8i   Emergency bag','');
insert into Diagram values('FE83-88_0064','FE83-20060200','88-80','E70 X5 4.8i   Fluid-change kit, autom. transmission','');
insert into Diagram values('FE83-91_1236','FE83-20060200','91-40','E70 X5 4.8i   Individual leather covers','');
insert into ProdCodeDate values('FE83-20060200','FE83',to_date('20060201','YYYYMMDD'));
insert into ProdCodeDate values('FE83-20060400','FE83',to_date('20060401','YYYYMMDD'));
insert into ProdCodeDate values('FE83-20060400','FE83',to_date('20060401','YYYYMMDD'));
insert into ProdCodeDate values('FE83-20060500','FE83',to_date('20060501','YYYYMMDD'));
insert into ProdCodeDate values('FE83-20060500','FE83',to_date('20060501','YYYYMMDD'));
insert into ProdCodeDate values('FE83-20060600','FE83',to_date('20060601','YYYYMMDD'));
insert into ProdCodeDate values('FE83-20060600','FE83',to_date('20060601','YYYYMMDD'));
insert into ProdCodeDate values('FE83-20060700','FE83',to_date('20060701','YYYYMMDD'));
insert into ProdCodeDate values('FE83-20060700','FE83',to_date('20060701','YYYYMMDD'));
insert into ProdCodeDate values('FE83-20060800','FE83',to_date('20060801','YYYYMMDD'));
insert into ProdCodeDate values('FE83-20060800','FE83',to_date('20060801','YYYYMMDD'));
insert into ProdCodeDate values('FE83-20060900','FE83',to_date('20060901','YYYYMMDD'));
insert into ProdCodeDate values('FE83-20060900','FE83',to_date('20060901','YYYYMMDD'));
insert into ProdCodeDate values('FE83-20061000','FE83',to_date('20061001','YYYYMMDD'));
insert into ProdCodeDate values('FE83-20061000','FE83',to_date('20061001','YYYYMMDD'));
insert into ProdCodeDate values('FE83-20061100','FE83',to_date('20061101','YYYYMMDD'));
insert into ProdCodeDate values('FE83-20061100','FE83',to_date('20061101','YYYYMMDD'));
insert into ProdCodeDate values('FE83-20061200','FE83',to_date('20061201','YYYYMMDD'));
insert into ProdCodeDate values('FE83-20061200','FE83',to_date('20061201','YYYYMMDD'));
insert into ProdCodeDate values('FE83-20070100','FE83',to_date('20070101','YYYYMMDD'));
insert into ProdCodeDate values('FE83-20070100','FE83',to_date('20070101','YYYYMMDD'));
insert into ProdCodeDate values('FE83-20070200','FE83',to_date('20070201','YYYYMMDD'));
insert into ProdCodeDate values('FE83-20070200','FE83',to_date('20070201','YYYYMMDD'));
insert into ProdCodeDate values('FE83-20070300','FE83',to_date('20070301','YYYYMMDD'));
insert into ProdCodeDate values('FE83-20070300','FE83',to_date('20070301','YYYYMMDD'));
insert into ProdCodeDate values('FE83-20070400','FE83',to_date('20070401','YYYYMMDD'));
insert into ProdCodeDate values('FE83-20070400','FE83',to_date('20070401','YYYYMMDD'));
insert into ProdCodeDate values('FE83-20070500','FE83',to_date('20070501','YYYYMMDD'));
insert into ProdCodeDate values('FE83-20070500','FE83',to_date('20070501','YYYYMMDD'));
insert into ProdCodeDate values('FE83-20070600','FE83',to_date('20070601','YYYYMMDD'));
insert into ProdCodeDate values('FE83-20070600','FE83',to_date('20070601','YYYYMMDD'));
insert into ProdCodeDate values('FE83-20070700','FE83',to_date('20070701','YYYYMMDD'));
insert into ProdCodeDate values('FE83-20070700','FE83',to_date('20070701','YYYYMMDD'));
insert into ProdCodeDate values('FE83-20070800','FE83',to_date('20070801','YYYYMMDD'));
insert into ProdCodeDate values('FE83-20070800','FE83',to_date('20070801','YYYYMMDD'));
insert into ProdCodeDate values('FE83-20070900','FE83',to_date('20070901','YYYYMMDD'));
insert into ProdCodeDate values('FE83-20070900','FE83',to_date('20070901','YYYYMMDD'));
insert into ProdCodeDate values('FE83-20071000','FE83',to_date('20071001','YYYYMMDD'));
insert into ProdCodeDate values('FE83-20071000','FE83',to_date('20071001','YYYYMMDD'));
insert into ProdCodeDate values('FE83-20071100','FE83',to_date('20071101','YYYYMMDD'));
insert into ProdCodeDate values('FE83-20071100','FE83',to_date('20071101','YYYYMMDD'));
insert into ProdCodeDate values('FE83-20071200','FE83',to_date('20071201','YYYYMMDD'));
insert into ProdCodeDate values('FE83-20071200','FE83',to_date('20071201','YYYYMMDD'));
insert into ProdCodeDate values('FE83-20080100','FE83',to_date('20080101','YYYYMMDD'));
insert into ProdCodeDate values('FE83-20080100','FE83',to_date('20080101','YYYYMMDD'));
insert into ProdCodeDate values('FE83-20080200','FE83',to_date('20080201','YYYYMMDD'));
insert into ProdCodeDate values('FE83-20080200','FE83',to_date('20080201','YYYYMMDD'));
insert into ProdCodeDate values('FE83-20080300','FE83',to_date('20080301','YYYYMMDD'));
insert into ProdCodeDate values('FE83-20080300','FE83',to_date('20080301','YYYYMMDD'));
insert into ProdCodeDate values('FE83-20080400','FE83',to_date('20080401','YYYYMMDD'));
insert into ProdCodeDate values('FE83-20080400','FE83',to_date('20080401','YYYYMMDD'));
insert into ProdCodeDate values('FE83-20080500','FE83',to_date('20080501','YYYYMMDD'));
insert into ProdCodeDate values('FE83-20080500','FE83',to_date('20080501','YYYYMMDD'));
insert into ProdCodeDate values('FE83-20080600','FE83',to_date('20080601','YYYYMMDD'));
insert into ProdCodeDate values('FE83-20080600','FE83',to_date('20080601','YYYYMMDD'));
insert into ProdCodeDate values('FE83-20080700','FE83',to_date('20080701','YYYYMMDD'));
insert into ProdCodeDate values('FE83-20080700','FE83',to_date('20080701','YYYYMMDD'));
insert into ProdCodeDate values('FE83-20080800','FE83',to_date('20080801','YYYYMMDD'));
insert into ProdCodeDate values('FE83-20080800','FE83',to_date('20080801','YYYYMMDD'));
insert into ProdCodeDate values('FE83-20080900','FE83',to_date('20080901','YYYYMMDD'));
insert into ProdCodeDate values('FE83-20080900','FE83',to_date('20080901','YYYYMMDD'));
insert into ProdCodeDate values('FE83-20081000','FE83',to_date('20081001','YYYYMMDD'));
insert into ProdCodeDate values('FE83-20081000','FE83',to_date('20081001','YYYYMMDD'));
insert into ProdCodeDate values('FE83-20081100','FE83',to_date('20081101','YYYYMMDD'));
insert into ProdCodeDate values('FE83-20081100','FE83',to_date('20081101','YYYYMMDD'));
insert into ProdCodeDate values('FE83-20081200','FE83',to_date('20081201','YYYYMMDD'));
insert into ProdCodeDate values('FE83-20081200','FE83',to_date('20081201','YYYYMMDD'));
insert into ProdCodeDate values('FE83-20090100','FE83',to_date('20090101','YYYYMMDD'));
insert into ProdCodeDate values('FE83-20090100','FE83',to_date('20090101','YYYYMMDD'));
insert into ProdCodeDate values('FE83-20090200','FE83',to_date('20090201','YYYYMMDD'));
insert into ProdCodeDate values('FE83-20090200','FE83',to_date('20090201','YYYYMMDD'));
insert into ProdCodeDate values('FE83-20090300','FE83',to_date('20090301','YYYYMMDD'));
insert into ProdCodeDate values('FE83-20090300','FE83',to_date('20090301','YYYYMMDD'));
insert into ProdCodeDate values('FE83-20090400','FE83',to_date('20090401','YYYYMMDD'));
insert into ProdCodeDate values('FE83-20090400','FE83',to_date('20090401','YYYYMMDD'));
insert into ProdCodeDate values('FE83-20090500','FE83',to_date('20090501','YYYYMMDD'));
insert into ProdCodeDate values('FE83-20090500','FE83',to_date('20090501','YYYYMMDD'));
insert into ProdCodeDate values('FE83-20090600','FE83',to_date('20090601','YYYYMMDD'));
insert into ProdCodeDate values('FE83-20090600','FE83',to_date('20090601','YYYYMMDD'));
insert into ProdCodeDate values('FE83-20090700','FE83',to_date('20090701','YYYYMMDD'));
insert into ProdCodeDate values('FE83-20090700','FE83',to_date('20090701','YYYYMMDD'));
insert into ProdCodeDate values('FE83-20090800','FE83',to_date('20090801','YYYYMMDD'));
insert into ProdCodeDate values('FE83-20090800','FE83',to_date('20090801','YYYYMMDD'));
insert into ProdCodeDate values('FE83-20090900','FE83',to_date('20090901','YYYYMMDD'));
insert into ProdCodeDate values('FE83-20090900','FE83',to_date('20090901','YYYYMMDD'));
insert into ProdCodeDate values('FE83-20091000','FE83',to_date('20091001','YYYYMMDD'));
insert into ProdCodeDate values('FE83-20091000','FE83',to_date('20091001','YYYYMMDD'));
insert into ProdCodeDate values('FE83-20091100','FE83',to_date('20091101','YYYYMMDD'));
insert into ProdCodeDate values('FE83-20091100','FE83',to_date('20091101','YYYYMMDD'));
insert into ProdCodeDate values('FE83-20091200','FE83',to_date('20091201','YYYYMMDD'));
insert into ProdCodeDate values('FE83-20091200','FE83',to_date('20091201','YYYYMMDD'));
insert into ProdCodeDate values('FE83-20100100','FE83',to_date('20100101','YYYYMMDD'));
insert into ProdCodeDate values('FE83-20100100','FE83',to_date('20100101','YYYYMMDD'));
insert into ProdCodeDate values('FE83-20100200','FE83',to_date('20100201','YYYYMMDD'));
insert into ProdCodeDate values('FE83-20100200','FE83',to_date('20100201','YYYYMMDD'));
insert into ProdCodeDate values('FE83-20100300','FE83',to_date('20100301','YYYYMMDD'));
insert into ProdCodeDate values('FE83-20100300','FE83',to_date('20100301','YYYYMMDD'));
