insert into Series values('E85','E85');
insert into Body values('Roa','Roa');
insert into Model values('Z4 2.2i','E85','Roa','Z4 2.2i','ECE');
insert into ProdCode values('BT11','Z4 2.2i','Roa','E85','ECE','M54','L','12/2002 E85 Z4 2.2i Roadster M54 Europe Left hand drive ');
insert into ProdCodeDate values('BT11-20021200','BT11',to_date('20021201','YYYYMMDD'));
insert into Diagram values('BT11-01_0206','BT11-20021200','01-05','E85 Z4 2.2i   BMW care tips','');
insert into Diagram values('BT11-01_0207','BT11-20021200','01-05','E85 Z4 2.2i   BMW technical information','');
insert into DiagramParts values('BT11-01_0210-01400157488', 'BT11-01_0210', 01, 'Owner&apos;s handbook Z4', 'DE, MJ 2004', 1, to_date('20031001','YYYYMMDD'), to_date('20040401','YYYYMMDD'), '01400157488', '', '', false);
insert into DiagramParts values('BT11-01_0210-01400158312', 'BT11-01_0210', 01, 'Owner&apos;s handbook Z4', 'DE, MJ 2004', 1, to_date('20040401','YYYYMMDD'), to_date('20041001','YYYYMMDD'), '01400158312', '', '', false);
insert into DiagramParts values('BT11-01_0210-01400158796', 'BT11-01_0210', 01, 'Owner&apos;s handbook Z4 E85', 'DE, MJ 2005', 1, to_date('20041001','YYYYMMDD'), to_date('20050401','YYYYMMDD'), '01400158796', '', '', false);
insert into DiagramParts values('BT11-01_0210-01400159455', 'BT11-01_0210', 01, 'Owner&apos;s handbook Z4 E85', 'DE, MJ 2005', 1, to_date('20050401','YYYYMMDD'), to_date('20060101','YYYYMMDD'), '01400159455', '', '', false);
insert into DiagramParts values('BT11-01_0210-01400157501', 'BT11-01_0210', 01, 'Supplement to owner&apos;s manual Assist', 'DE', 1, to_date('20040301','YYYYMMDD'), to_date('20040901','YYYYMMDD'), '01400157501', '', '', false);
insert into DiagramParts values('BT11-01_0210-01400158820', 'BT11-01_0210', 01, 'Supplement to owner&apos;s manual Assist', 'DE', 1, to_date('20040901','YYYYMMDD'), to_date('20050301','YYYYMMDD'), '01400158820', '', '', false);
insert into DiagramParts values('BT11-01_0210-01400159640', 'BT11-01_0210', 01, 'Supplement to owner&apos;s manual Assist', 'DE', 1, to_date('20050301','YYYYMMDD'), to_date('20050901','YYYYMMDD'), '01400159640', '', '', false);
insert into DiagramParts values('BT11-01_0210-01400011818', 'BT11-01_0210', 01, 'Supplement to owner&apos;s manual Assist', 'DE', 1, to_date('20050901','YYYYMMDD'), to_date('20080901','YYYYMMDD'), '01400011818', '', '', false);
insert into DiagramParts values('BT11-01_0210-01410157489', 'BT11-01_0210', 02, 'Owner&apos;s handbook Z4', 'EN, MJ 2004', 1, to_date('20031001','YYYYMMDD'), to_date('20040401','YYYYMMDD'), '01410157489', '', '', false);
insert into DiagramParts values('BT11-01_0210-01410158313', 'BT11-01_0210', 02, 'Owner&apos;s handbook Z4', 'EN, MJ 2004', 1, to_date('20040401','YYYYMMDD'), to_date('20041001','YYYYMMDD'), '01410158313', '', '', false);
insert into DiagramParts values('BT11-01_0210-01410158797', 'BT11-01_0210', 02, 'Owner&apos;s handbook Z4 E85', 'EN, MJ 2005', 1, to_date('20041001','YYYYMMDD'), to_date('20050401','YYYYMMDD'), '01410158797', '', '', false);
insert into DiagramParts values('BT11-01_0210-01410159456', 'BT11-01_0210', 02, 'Owner&apos;s handbook Z4 E85', 'EN, MJ 2005', 1, to_date('20050401','YYYYMMDD'), to_date('20060101','YYYYMMDD'), '01410159456', '', '', false);
insert into DiagramParts values('BT11-01_0210-01410158301', 'BT11-01_0210', 02, 'Supplement to owner&apos;s manual Assist', 'EN', 1, to_date('20040301','YYYYMMDD'), to_date('20040901','YYYYMMDD'), '01410158301', '', '', false);
insert into DiagramParts values('BT11-01_0210-01410158821', 'BT11-01_0210', 02, 'Supplement to owner&apos;s manual Assist', 'EN', 1, to_date('20040901','YYYYMMDD'), to_date('20050301','YYYYMMDD'), '01410158821', '', '', false);
insert into DiagramParts values('BT11-01_0210-01410159641', 'BT11-01_0210', 02, 'Supplement to owner&apos;s manual Assist', 'EN', 1, to_date('20050301','YYYYMMDD'), to_date('20050901','YYYYMMDD'), '01410159641', '', '', false);
insert into DiagramParts values('BT11-01_0210-01410011819', 'BT11-01_0210', 02, 'Supplement to owner&apos;s manual Assist', 'EN', 1, to_date('20050901','YYYYMMDD'), to_date('20080901','YYYYMMDD'), '01410011819', '', '', false);
insert into DiagramParts values('BT11-01_0210-01420157490', 'BT11-01_0210', 03, 'Owner&apos;s handbook Z4', 'FR, MJ 2004', 1, to_date('20031001','YYYYMMDD'), to_date('20040401','YYYYMMDD'), '01420157490', '', '', false);
insert into DiagramParts values('BT11-01_0210-01420158314', 'BT11-01_0210', 03, 'Owner&apos;s handbook Z4', 'FR, MJ 2004', 1, to_date('20040401','YYYYMMDD'), to_date('20041001','YYYYMMDD'), '01420158314', '', '', false);
insert into DiagramParts values('BT11-01_0210-01420158798', 'BT11-01_0210', 03, 'Owner&apos;s handbook Z4 E85', 'FR, MJ 2005', 1, to_date('20041001','YYYYMMDD'), to_date('20050401','YYYYMMDD'), '01420158798', '', '', false);
insert into DiagramParts values('BT11-01_0210-01420159457', 'BT11-01_0210', 03, 'Owner&apos;s handbook Z4 E85', 'FR, MJ 2005', 1, to_date('20050401','YYYYMMDD'), to_date('20060101','YYYYMMDD'), '01420159457', '', '', false);
insert into DiagramParts values('BT11-01_0210-01430157491', 'BT11-01_0210', 04, 'Owner&apos;s handbook Z4', 'ES, MJ 2004', 1, to_date('20031001','YYYYMMDD'), to_date('20040401','YYYYMMDD'), '01430157491', '', '', false);
insert into DiagramParts values('BT11-01_0210-01430158315', 'BT11-01_0210', 04, 'Owner&apos;s handbook Z4', 'ES, MJ 2004', 1, to_date('20040401','YYYYMMDD'), to_date('20041001','YYYYMMDD'), '01430158315', '', '', false);
insert into DiagramParts values('BT11-01_0210-01430158799', 'BT11-01_0210', 04, 'Owner&apos;s handbook Z4 E85', 'ES, MJ 2005', 1, to_date('20041001','YYYYMMDD'), to_date('20050401','YYYYMMDD'), '01430158799', '', '', false);
insert into DiagramParts values('BT11-01_0210-01430159458', 'BT11-01_0210', 04, 'Owner&apos;s handbook Z4 E85', 'ES, MJ 2005', 1, to_date('20050401','YYYYMMDD'), to_date('20060101','YYYYMMDD'), '01430159458', '', '', false);
insert into DiagramParts values('BT11-01_0210-01440157492', 'BT11-01_0210', 05, 'Owner&apos;s handbook Z4', 'IT, MJ 2004', 1, to_date('20031001','YYYYMMDD'), to_date('20040401','YYYYMMDD'), '01440157492', '', '', false);
insert into DiagramParts values('BT11-01_0210-01440158316', 'BT11-01_0210', 05, 'Owner&apos;s handbook Z4', 'IT, MJ 2004', 1, to_date('20040401','YYYYMMDD'), to_date('20041001','YYYYMMDD'), '01440158316', '', '', false);
insert into DiagramParts values('BT11-01_0210-01440158800', 'BT11-01_0210', 05, 'Owner&apos;s handbook Z4 E85', 'IT, MJ 2005', 1, to_date('20041001','YYYYMMDD'), to_date('20050401','YYYYMMDD'), '01440158800', '', '', false);
insert into DiagramParts values('BT11-01_0210-01440159459', 'BT11-01_0210', 05, 'Owner&apos;s handbook Z4 E85', 'IT, MJ 2005', 1, to_date('20050401','YYYYMMDD'), to_date('20060101','YYYYMMDD'), '01440159459', '', '', false);
insert into DiagramParts values('BT11-01_0210-01440159642', 'BT11-01_0210', 05, 'Supplement to owner&apos;s manual Assist', 'IT', 1, to_date('20050301','YYYYMMDD'), to_date('20050901','YYYYMMDD'), '01440159642', '', '', false);
insert into DiagramParts values('BT11-01_0210-01440011821', 'BT11-01_0210', 05, 'Supplement to owner&apos;s manual Assist', 'IT', 1, to_date('20050901','YYYYMMDD'), to_date('20060801','YYYYMMDD'), '01440011821', '', '', false);
insert into DiagramParts values('BT11-01_0210-01450157493', 'BT11-01_0210', 06, 'Owner&apos;s handbook Z4', 'SV, MJ 2004', 1, to_date('20031001','YYYYMMDD'), to_date('20040401','YYYYMMDD'), '01450157493', '', '', false);
insert into DiagramParts values('BT11-01_0210-01450158317', 'BT11-01_0210', 06, 'Owner&apos;s handbook Z4', 'SV, MJ 2004', 1, to_date('20040401','YYYYMMDD'), to_date('20041001','YYYYMMDD'), '01450158317', '', '', false);
insert into DiagramParts values('BT11-01_0210-01450158801', 'BT11-01_0210', 06, 'Owner&apos;s handbook Z4 E85', 'SV, MJ 2005', 1, to_date('20041001','YYYYMMDD'), to_date('20050401','YYYYMMDD'), '01450158801', '', '', false);
insert into DiagramParts values('BT11-01_0210-01450159460', 'BT11-01_0210', 06, 'Owner&apos;s handbook Z4 E85', 'SV, MJ 2005', 1, to_date('20050401','YYYYMMDD'), to_date('20060101','YYYYMMDD'), '01450159460', '', '', false);
insert into DiagramParts values('BT11-01_0210-01460157494', 'BT11-01_0210', 07, 'Owner&apos;s handbook Z4', 'NL, MJ 2004', 1, to_date('20031001','YYYYMMDD'), to_date('20040401','YYYYMMDD'), '01460157494', '', '', false);
insert into DiagramParts values('BT11-01_0210-01460158318', 'BT11-01_0210', 07, 'Owner&apos;s handbook Z4', 'NL, MJ 2004', 1, to_date('20040401','YYYYMMDD'), to_date('20041001','YYYYMMDD'), '01460158318', '', '', false);
insert into DiagramParts values('BT11-01_0210-01460158802', 'BT11-01_0210', 07, 'Owner&apos;s handbook Z4 E85', 'NL, MJ 2005', 1, to_date('20041001','YYYYMMDD'), to_date('20050401','YYYYMMDD'), '01460158802', '', '', false);
insert into DiagramParts values('BT11-01_0210-01460159461', 'BT11-01_0210', 07, 'Owner&apos;s handbook Z4 E85', 'NL, MJ 2005', 1, to_date('20050401','YYYYMMDD'), to_date('20060101','YYYYMMDD'), '01460159461', '', '', false);
insert into DiagramParts values('BT11-01_0210-01470157495', 'BT11-01_0210', 08, 'Owner&apos;s handbook Z4', 'AR, MJ 2004', 1, to_date('20031001','YYYYMMDD'), to_date('20040401','YYYYMMDD'), '01470157495', '', '', false);
insert into DiagramParts values('BT11-01_0210-01470158319', 'BT11-01_0210', 08, 'Owner&apos;s handbook Z4', 'AR, MJ 2004', 1, to_date('20040401','YYYYMMDD'), to_date('20041001','YYYYMMDD'), '01470158319', '', '', false);
insert into DiagramParts values('BT11-01_0210-01470158803', 'BT11-01_0210', 08, 'Owner&apos;s handbook Z4 E85', 'AR, MJ 2005', 1, to_date('20041001','YYYYMMDD'), to_date('20050401','YYYYMMDD'), '01470158803', '', '', false);
insert into DiagramParts values('BT11-01_0210-01470159462', 'BT11-01_0210', 08, 'Owner&apos;s handbook Z4 E85', 'AR, MJ 2005', 1, to_date('20050401','YYYYMMDD'), to_date('20060101','YYYYMMDD'), '01470159462', '', '', false);
insert into DiagramParts values('BT11-01_0210-01470159643', 'BT11-01_0210', 08, 'Supplement to owner&apos;s manual Assist', 'AR', 1, to_date('20050301','YYYYMMDD'), to_date('20050901','YYYYMMDD'), '01470159643', '', '', false);
insert into DiagramParts values('BT11-01_0210-01470011820', 'BT11-01_0210', 08, 'Supplement to owner&apos;s manual Assist', 'AR', 1, to_date('20050901','YYYYMMDD'), to_date('20080901','YYYYMMDD'), '01470011820', '', '', false);
insert into DiagramParts values('BT11-01_0210-01480157496', 'BT11-01_0210', 09, 'Owner&apos;s handbook Z4', 'DA, MJ 2004', 1, to_date('20031001','YYYYMMDD'), to_date('20040401','YYYYMMDD'), '01480157496', '', '', false);
insert into DiagramParts values('BT11-01_0210-01480158320', 'BT11-01_0210', 09, 'Owner&apos;s handbook Z4', 'DA, MJ 2004', 1, to_date('20040401','YYYYMMDD'), to_date('20041001','YYYYMMDD'), '01480158320', '', '', false);
insert into DiagramParts values('BT11-01_0210-01480158804', 'BT11-01_0210', 09, 'Owner&apos;s handbook Z4 E85', 'DA, MJ 2005', 1, to_date('20041001','YYYYMMDD'), to_date('20050401','YYYYMMDD'), '01480158804', '', '', false);
insert into DiagramParts values('BT11-01_0210-01480159463', 'BT11-01_0210', 09, 'Owner&apos;s handbook Z4 E85', 'DA, MJ 2005', 1, to_date('20050401','YYYYMMDD'), to_date('20060101','YYYYMMDD'), '01480159463', '', '', false);
insert into DiagramParts values('BT11-01_0210-01490157497', 'BT11-01_0210', 10, 'Owner&apos;s handbook Z4', 'PT, MJ 2004', 1, to_date('20031001','YYYYMMDD'), to_date('20040401','YYYYMMDD'), '01490157497', '', '', false);
insert into DiagramParts values('BT11-01_0210-01490158321', 'BT11-01_0210', 10, 'Owner&apos;s handbook Z4', 'PT, MJ 2004', 1, to_date('20040401','YYYYMMDD'), to_date('20041001','YYYYMMDD'), '01490158321', '', '', false);
insert into DiagramParts values('BT11-01_0210-01490158805', 'BT11-01_0210', 10, 'Owner&apos;s handbook Z4 E85', 'PT, MJ 2005', 1, to_date('20041001','YYYYMMDD'), to_date('20050401','YYYYMMDD'), '01490158805', '', '', false);
insert into DiagramParts values('BT11-01_0210-01490159464', 'BT11-01_0210', 10, 'Owner&apos;s handbook Z4 E85', 'PT, MJ 2005', 1, to_date('20050401','YYYYMMDD'), to_date('20060101','YYYYMMDD'), '01490159464', '', '', false);
insert into DiagramParts values('BT11-01_0210-01490158807', 'BT11-01_0210', 13, 'Owner&apos;s handbook Z4 E85', 'EL, MJ 2005', 1, to_date('20041001','YYYYMMDD'), to_date('20050401','YYYYMMDD'), '01490158807', '', '', false);
insert into DiagramParts values('BT11-01_0210-01490159466', 'BT11-01_0210', 13, 'Owner&apos;s handbook Z4 E85', 'EL, MJ 2005', 1, to_date('20050401','YYYYMMDD'), to_date('20060101','YYYYMMDD'), '01490159466', '', '', false);
insert into DiagramParts values('BT11-01_0210-01490157806', 'BT11-01_0210', 14, 'Owner&apos;s handbook Z4', 'ZH, MJ 2004', 1, to_date('20031001','YYYYMMDD'), to_date('20040401','YYYYMMDD'), '01490157806', '', '', false);
insert into DiagramParts values('BT11-01_0210-01490158322', 'BT11-01_0210', 14, 'Owner&apos;s handbook Z4', 'ZH, MJ 2004', 1, to_date('20040401','YYYYMMDD'), to_date('20041001','YYYYMMDD'), '01490158322', '', '', false);
insert into DiagramParts values('BT11-01_0210-01490158806', 'BT11-01_0210', 14, 'Owner&apos;s handbook Z4 E85', 'ZH, MJ 2005', 1, to_date('20041001','YYYYMMDD'), to_date('20050401','YYYYMMDD'), '01490158806', '', '', false);
insert into DiagramParts values('BT11-01_0210-01490159465', 'BT11-01_0210', 14, 'Owner&apos;s handbook Z4 E85', 'ZH, MJ 2005', 1, to_date('20050401','YYYYMMDD'), to_date('20060101','YYYYMMDD'), '01490159465', '', '', false);
insert into Diagram values('BT11-01_0210','BT11-20021200','01-05','E85 Z4 2.2i   Owner&apos;s handbook E85, E86','');
insert into Diagram values('BT11-01_0756','BT11-20021200','01-05','E85 Z4 2.2i   Mirror placard','');
insert into Diagram values('BT11-01_0780','BT11-20021200','01-05','E85 Z4 2.2i   Brochure Service Contact, BMW','');
insert into DiagramParts values('BT11-01_1080-01402918756', 'BT11-01_1080', 02, 'Supplement Owner&apos;s Manual license texts', 'MULTILINGUAL', 1, to_date('20130301','YYYYMMDD'), to_date('20130701','YYYYMMDD'), '01402918756', '', '', false);
insert into Diagram values('BT11-01_1080','BT11-20021200','01-05','E85 Z4 2.2i   Flyer, license texts for BMW','');
insert into DiagramParts values('BT11-01_0227-01400157732', 'BT11-01_0227', 01, 'Operating instructions, radio &quot;de&quot;', 'SA662', 1, to_date('20030901','YYYYMMDD'), to_date('20050901','YYYYMMDD'), '01400157732', '', '', false);
insert into DiagramParts values('BT11-01_0227-01400159831', 'BT11-01_0227', 01, 'Operating instructions, radio &quot;de&quot;', 'SA662', 1, to_date('20050901','YYYYMMDD'), to_date('20060801','YYYYMMDD'), '01400159831', '', '', false);
insert into DiagramParts values('BT11-01_0227-01400012650', 'BT11-01_0227', 01, 'Operating instructions, radio &quot;de&quot;', 'SA662', 1, to_date('20060801','YYYYMMDD'), to_date('20100901','YYYYMMDD'), '01400012650', '', '', false);
insert into DiagramParts values('BT11-01_0227-01400157918', 'BT11-01_0227', 01, 'Operating instructions, radio &quot;de&quot;', 'SA648', 1, to_date('20030901','YYYYMMDD'), to_date('20040901','YYYYMMDD'), '01400157918', '', '', false);
insert into DiagramParts values('BT11-01_0227-01400158899', 'BT11-01_0227', 01, 'Operating instructions, radio &quot;de&quot;', 'SA648', 1, to_date('20040901','YYYYMMDD'), to_date('20070301','YYYYMMDD'), '01400158899', '', '', false);
insert into DiagramParts values('BT11-01_0227-01400013363', 'BT11-01_0227', 01, 'Operating instructions, radio &quot;de&quot;', 'SA648', 1, to_date('20070301','YYYYMMDD'), to_date('20100901','YYYYMMDD'), '01400013363', '', '', false);
insert into DiagramParts values('BT11-01_0227-01410157733', 'BT11-01_0227', 02, 'Operating instructions, radio &quot;en&quot;', 'SA662', 1, to_date('20030901','YYYYMMDD'), to_date('20050901','YYYYMMDD'), '01410157733', '', '', false);
insert into DiagramParts values('BT11-01_0227-01410159832', 'BT11-01_0227', 02, 'Operating instructions, radio &quot;en&quot;', 'SA662', 1, to_date('20050901','YYYYMMDD'), to_date('20060801','YYYYMMDD'), '01410159832', '', '', false);
insert into DiagramParts values('BT11-01_0227-01410012651', 'BT11-01_0227', 02, 'Operating instructions, radio &quot;en&quot;', 'SA662', 1, to_date('20060801','YYYYMMDD'), to_date('20100901','YYYYMMDD'), '01410012651', '', '', false);
insert into DiagramParts values('BT11-01_0227-01410157919', 'BT11-01_0227', 02, 'Operating instructions, radio &quot;en&quot;', 'SA648', 1, to_date('20030901','YYYYMMDD'), to_date('20040901','YYYYMMDD'), '01410157919', '', '', false);
insert into DiagramParts values('BT11-01_0227-01410158900', 'BT11-01_0227', 02, 'Operating instructions, radio &quot;en&quot;', 'SA648', 1, to_date('20040901','YYYYMMDD'), to_date('20070301','YYYYMMDD'), '01410158900', '', '', false);
insert into DiagramParts values('BT11-01_0227-01410013364', 'BT11-01_0227', 02, 'Operating instructions, radio &quot;en&quot;', 'SA648', 1, to_date('20070301','YYYYMMDD'), to_date('20100901','YYYYMMDD'), '01410013364', '', '', false);
insert into DiagramParts values('BT11-01_0227-01420157734', 'BT11-01_0227', 03, 'Operating instructions, radio &quot;fr&quot;', 'SA662', 1, to_date('20030901','YYYYMMDD'), to_date('20050901','YYYYMMDD'), '01420157734', '', '', false);
insert into DiagramParts values('BT11-01_0227-01420159833', 'BT11-01_0227', 03, 'Operating instructions, radio &quot;fr&quot;', 'SA662', 1, to_date('20050901','YYYYMMDD'), to_date('20060801','YYYYMMDD'), '01420159833', '', '', false);
insert into DiagramParts values('BT11-01_0227-01420012652', 'BT11-01_0227', 03, 'Operating instructions, radio &quot;fr&quot;', 'SA662', 1, to_date('20060801','YYYYMMDD'), to_date('20100901','YYYYMMDD'), '01420012652', '', '', false);
insert into DiagramParts values('BT11-01_0227-01420157920', 'BT11-01_0227', 03, 'Operating instructions, radio &quot;fr&quot;', 'SA648', 1, to_date('20030901','YYYYMMDD'), to_date('20040901','YYYYMMDD'), '01420157920', '', '', false);
insert into DiagramParts values('BT11-01_0227-01420158901', 'BT11-01_0227', 03, 'Operating instructions, radio &quot;fr&quot;', 'SA648', 1, to_date('20040901','YYYYMMDD'), to_date('20070301','YYYYMMDD'), '01420158901', '', '', false);
insert into DiagramParts values('BT11-01_0227-01420013365', 'BT11-01_0227', 03, 'Operating instructions, radio &quot;fr&quot;', 'SA648', 1, to_date('20070301','YYYYMMDD'), to_date('20100901','YYYYMMDD'), '01420013365', '', '', false);
insert into DiagramParts values('BT11-01_0227-01430157735', 'BT11-01_0227', 04, 'Operating instructions, radio &quot;es&quot;', 'SA662', 1, to_date('20030901','YYYYMMDD'), to_date('20050901','YYYYMMDD'), '01430157735', '', '', false);
insert into DiagramParts values('BT11-01_0227-01430159834', 'BT11-01_0227', 04, 'Operating instructions, radio &quot;es&quot;', 'SA662', 1, to_date('20050901','YYYYMMDD'), to_date('20060801','YYYYMMDD'), '01430159834', '', '', false);
insert into DiagramParts values('BT11-01_0227-01430012653', 'BT11-01_0227', 04, 'Operating instructions, radio &quot;es&quot;', 'SA662', 1, to_date('20060801','YYYYMMDD'), to_date('20100901','YYYYMMDD'), '01430012653', '', '', false);
insert into DiagramParts values('BT11-01_0227-01430157921', 'BT11-01_0227', 04, 'Operating instructions, radio &quot;es&quot;', 'SA648', 1, to_date('20030901','YYYYMMDD'), to_date('20040901','YYYYMMDD'), '01430157921', '', '', false);
insert into DiagramParts values('BT11-01_0227-01430158902', 'BT11-01_0227', 04, 'Operating instructions, radio &quot;es&quot;', 'SA648', 1, to_date('20040901','YYYYMMDD'), to_date('20070301','YYYYMMDD'), '01430158902', '', '', false);
insert into DiagramParts values('BT11-01_0227-01430013366', 'BT11-01_0227', 04, 'Operating instructions, radio &quot;es&quot;', 'SA648', 1, to_date('20070301','YYYYMMDD'), to_date('20100901','YYYYMMDD'), '01430013366', '', '', false);
insert into DiagramParts values('BT11-01_0227-01440157736', 'BT11-01_0227', 05, 'Operating instructions, radio &quot;it&quot;', 'SA662', 1, to_date('20030901','YYYYMMDD'), to_date('20050901','YYYYMMDD'), '01440157736', '', '', false);
insert into DiagramParts values('BT11-01_0227-01440159835', 'BT11-01_0227', 05, 'Operating instructions, radio &quot;it&quot;', 'SA662', 1, to_date('20050901','YYYYMMDD'), to_date('20060801','YYYYMMDD'), '01440159835', '', '', false);
insert into DiagramParts values('BT11-01_0227-01440012654', 'BT11-01_0227', 05, 'Operating instructions, radio &quot;it&quot;', 'SA662', 1, to_date('20060801','YYYYMMDD'), to_date('20100901','YYYYMMDD'), '01440012654', '', '', false);
insert into DiagramParts values('BT11-01_0227-01440157922', 'BT11-01_0227', 05, 'Operating instructions, radio &quot;it&quot;', 'SA648', 1, to_date('20030901','YYYYMMDD'), to_date('20040901','YYYYMMDD'), '01440157922', '', '', false);
insert into DiagramParts values('BT11-01_0227-01440158903', 'BT11-01_0227', 05, 'Operating instructions, radio &quot;it&quot;', 'SA648', 1, to_date('20040901','YYYYMMDD'), to_date('20070301','YYYYMMDD'), '01440158903', '', '', false);
insert into DiagramParts values('BT11-01_0227-01440013367', 'BT11-01_0227', 05, 'Operating instructions, radio &quot;it&quot;', 'SA648', 1, to_date('20070301','YYYYMMDD'), to_date('20100901','YYYYMMDD'), '01440013367', '', '', false);
insert into DiagramParts values('BT11-01_0227-01450157737', 'BT11-01_0227', 06, 'Operating instructions, radio &quot;sv&quot;', 'SA662', 1, to_date('20030901','YYYYMMDD'), to_date('20050901','YYYYMMDD'), '01450157737', '', '', false);
insert into DiagramParts values('BT11-01_0227-01450159836', 'BT11-01_0227', 06, 'Operating instructions, radio &quot;sv&quot;', 'SA662', 1, to_date('20050901','YYYYMMDD'), to_date('20060801','YYYYMMDD'), '01450159836', '', '', false);
insert into DiagramParts values('BT11-01_0227-01450012655', 'BT11-01_0227', 06, 'Operating instructions, radio &quot;sv&quot;', 'SA662', 1, to_date('20060801','YYYYMMDD'), to_date('20100901','YYYYMMDD'), '01450012655', '', '', false);
insert into DiagramParts values('BT11-01_0227-01450157923', 'BT11-01_0227', 06, 'Operating instructions, radio &quot;sv&quot;', 'SA648', 1, to_date('20030901','YYYYMMDD'), to_date('20040901','YYYYMMDD'), '01450157923', '', '', false);
insert into DiagramParts values('BT11-01_0227-01450158904', 'BT11-01_0227', 06, 'Operating instructions, radio &quot;sv&quot;', 'SA648', 1, to_date('20040901','YYYYMMDD'), to_date('20070301','YYYYMMDD'), '01450158904', '', '', false);
insert into DiagramParts values('BT11-01_0227-01450013368', 'BT11-01_0227', 06, 'Operating instructions, radio &quot;sv&quot;', 'SA648', 1, to_date('20070301','YYYYMMDD'), to_date('20100901','YYYYMMDD'), '01450013368', '', '', false);
insert into DiagramParts values('BT11-01_0227-01460157738', 'BT11-01_0227', 07, 'Operating instructions, radio &quot;nl&quot;', 'SA662', 1, to_date('20030901','YYYYMMDD'), to_date('20050901','YYYYMMDD'), '01460157738', '', '', false);
insert into DiagramParts values('BT11-01_0227-01460159837', 'BT11-01_0227', 07, 'Operating instructions, radio &quot;nl&quot;', 'SA662', 1, to_date('20050901','YYYYMMDD'), to_date('20060801','YYYYMMDD'), '01460159837', '', '', false);
insert into DiagramParts values('BT11-01_0227-01460012656', 'BT11-01_0227', 07, 'Operating instructions, radio &quot;nl&quot;', 'SA662', 1, to_date('20060801','YYYYMMDD'), to_date('20100901','YYYYMMDD'), '01460012656', '', '', false);
insert into DiagramParts values('BT11-01_0227-01460157924', 'BT11-01_0227', 07, 'Operating instructions, radio &quot;nl&quot;', 'SA648', 1, to_date('20030901','YYYYMMDD'), to_date('20040901','YYYYMMDD'), '01460157924', '', '', false);
insert into DiagramParts values('BT11-01_0227-01460158905', 'BT11-01_0227', 07, 'Operating instructions, radio &quot;nl&quot;', 'SA648', 1, to_date('20040901','YYYYMMDD'), to_date('20070301','YYYYMMDD'), '01460158905', '', '', false);
insert into DiagramParts values('BT11-01_0227-01460013369', 'BT11-01_0227', 07, 'Operating instructions, radio &quot;nl&quot;', 'SA648', 1, to_date('20070301','YYYYMMDD'), to_date('20100901','YYYYMMDD'), '01460013369', '', '', false);
insert into DiagramParts values('BT11-01_0227-01470157739', 'BT11-01_0227', 08, 'Operating instructions, radio &quot;ar&quot;', 'SA662', 1, to_date('20030901','YYYYMMDD'), to_date('20050901','YYYYMMDD'), '01470157739', '', '', false);
insert into DiagramParts values('BT11-01_0227-01470159838', 'BT11-01_0227', 08, 'Operating instructions, radio &quot;ar&quot;', 'SA662', 1, to_date('20050901','YYYYMMDD'), to_date('20060801','YYYYMMDD'), '01470159838', '', '', false);
insert into DiagramParts values('BT11-01_0227-01470012657', 'BT11-01_0227', 08, 'Operating instructions, radio &quot;ar&quot;', 'SA662', 1, to_date('20060801','YYYYMMDD'), to_date('20100901','YYYYMMDD'), '01470012657', '', '', false);
insert into DiagramParts values('BT11-01_0227-01470157925', 'BT11-01_0227', 08, 'Operating instructions, radio &quot;ar&quot;', 'SA648', 1, to_date('20030901','YYYYMMDD'), to_date('20040901','YYYYMMDD'), '01470157925', '', '', false);
insert into DiagramParts values('BT11-01_0227-01470158906', 'BT11-01_0227', 08, 'Operating instructions, radio &quot;ar&quot;', 'SA648', 1, to_date('20040901','YYYYMMDD'), to_date('20070301','YYYYMMDD'), '01470158906', '', '', false);
insert into DiagramParts values('BT11-01_0227-01470013370', 'BT11-01_0227', 08, 'Operating instructions, radio &quot;ar&quot;', 'SA648', 1, to_date('20070301','YYYYMMDD'), to_date('20100901','YYYYMMDD'), '01470013370', '', '', false);
insert into DiagramParts values('BT11-01_0227-01480157740', 'BT11-01_0227', 09, 'Operating instructions, radio &quot;da&quot;', 'SA662', 1, to_date('20030901','YYYYMMDD'), to_date('20050901','YYYYMMDD'), '01480157740', '', '', false);
insert into DiagramParts values('BT11-01_0227-01480159839', 'BT11-01_0227', 09, 'Operating instructions, radio &quot;da&quot;', 'SA662', 1, to_date('20050901','YYYYMMDD'), to_date('20060801','YYYYMMDD'), '01480159839', '', '', false);
insert into DiagramParts values('BT11-01_0227-01480012658', 'BT11-01_0227', 09, 'Operating instructions, radio &quot;da&quot;', 'SA662', 1, to_date('20060801','YYYYMMDD'), to_date('20100901','YYYYMMDD'), '01480012658', '', '', false);
insert into DiagramParts values('BT11-01_0227-01480157926', 'BT11-01_0227', 09, 'Operating instructions, radio &quot;da&quot;', 'SA648', 1, to_date('20030901','YYYYMMDD'), to_date('20040901','YYYYMMDD'), '01480157926', '', '', false);
insert into DiagramParts values('BT11-01_0227-01480158907', 'BT11-01_0227', 09, 'Operating instructions, radio &quot;da&quot;', 'SA648', 1, to_date('20040901','YYYYMMDD'), to_date('20070301','YYYYMMDD'), '01480158907', '', '', false);
insert into DiagramParts values('BT11-01_0227-01480013371', 'BT11-01_0227', 09, 'Operating instructions, radio &quot;da&quot;', 'SA648', 1, to_date('20070301','YYYYMMDD'), to_date('20100901','YYYYMMDD'), '01480013371', '', '', false);
insert into DiagramParts values('BT11-01_0227-01490157741', 'BT11-01_0227', 10, 'Operating instructions, radio &quot;pt&quot;', 'SA662', 1, to_date('20030901','YYYYMMDD'), to_date('20050901','YYYYMMDD'), '01490157741', '', '', false);
insert into DiagramParts values('BT11-01_0227-01490159840', 'BT11-01_0227', 10, 'Operating instructions, radio &quot;pt&quot;', 'SA662', 1, to_date('20050901','YYYYMMDD'), to_date('20060801','YYYYMMDD'), '01490159840', '', '', false);
insert into DiagramParts values('BT11-01_0227-01490012659', 'BT11-01_0227', 10, 'Operating instructions, radio &quot;pt&quot;', 'SA662', 1, to_date('20060801','YYYYMMDD'), to_date('20100901','YYYYMMDD'), '01490012659', '', '', false);
insert into DiagramParts values('BT11-01_0227-01490157927', 'BT11-01_0227', 10, 'Operating instructions, radio &quot;pt&quot;', 'SA648', 1, to_date('20030901','YYYYMMDD'), to_date('20040901','YYYYMMDD'), '01490157927', '', '', false);
insert into DiagramParts values('BT11-01_0227-01490158908', 'BT11-01_0227', 10, 'Operating instructions, radio &quot;pt&quot;', 'SA648', 1, to_date('20040901','YYYYMMDD'), to_date('20070301','YYYYMMDD'), '01490158908', '', '', false);
insert into DiagramParts values('BT11-01_0227-01490013372', 'BT11-01_0227', 10, 'Operating instructions, radio &quot;pt&quot;', 'SA648', 1, to_date('20070301','YYYYMMDD'), to_date('20100901','YYYYMMDD'), '01490013372', '', '', false);
insert into DiagramParts values('BT11-01_0227-01490012661', 'BT11-01_0227', 13, 'Operating instructions, radio &quot;el&quot;', 'SA662', 1, to_date('20060801','YYYYMMDD'), to_date('20100901','YYYYMMDD'), '01490012661', '', '', false);
insert into DiagramParts values('BT11-01_0227-01490013374', 'BT11-01_0227', 13, 'Operating instructions, radio &quot;el&quot;', 'SA648', 1, to_date('20070301','YYYYMMDD'), to_date('20100901','YYYYMMDD'), '01490013374', '', '', false);
insert into DiagramParts values('BT11-01_0227-01490159841', 'BT11-01_0227', 14, 'Operating instructions, radio &quot;zh&quot;', 'SA662', 1, to_date('20050901','YYYYMMDD'), to_date('20060801','YYYYMMDD'), '01490159841', '', '', false);
insert into DiagramParts values('BT11-01_0227-01490012660', 'BT11-01_0227', 14, 'Operating instructions, radio &quot;zh&quot;', 'SA662', 1, to_date('20060801','YYYYMMDD'), to_date('20100901','YYYYMMDD'), '01490012660', '', '', false);
insert into DiagramParts values('BT11-01_0227-01490158909', 'BT11-01_0227', 14, 'Operating instructions, radio &quot;zh&quot;', 'SA648', 1, to_date('20040901','YYYYMMDD'), to_date('20070301','YYYYMMDD'), '01490158909', '', '', false);
insert into DiagramParts values('BT11-01_0227-01490013373', 'BT11-01_0227', 14, 'Operating instructions, radio &quot;zh&quot;', 'SA648', 1, to_date('20070301','YYYYMMDD'), to_date('20100901','YYYYMMDD'), '01490013373', '', '', false);
insert into DiagramParts values('BT11-01_0227-01492600662', 'BT11-01_0227', 16, 'Operating instructions for radio &apos;ro&apos;', 'SA662', 1, to_date('20080301','YYYYMMDD'), to_date('20100901','YYYYMMDD'), '01492600662', '', '', false);
insert into Diagram values('BT11-01_0227','BT11-20021200','01-12','E85 Z4 2.2i   Radio E83, E85, E86','');
insert into DiagramParts values('BT11-01_0144-01410157843', 'BT11-01_0144', 02, 'Owner&apos;s handbook, telephone &quot;en&quot;', 'SA638', 1, to_date('20030901','YYYYMMDD'), to_date('20040901','YYYYMMDD'), '01410157843', '', '', false);
insert into DiagramParts values('BT11-01_0144-01420157844', 'BT11-01_0144', 03, 'Owner&apos;s handbook, telephone &quot;fr&quot;', 'SA638', 1, to_date('20030901','YYYYMMDD'), to_date('20040901','YYYYMMDD'), '01420157844', '', '', false);
insert into DiagramParts values('BT11-01_0144-01430157845', 'BT11-01_0144', 04, 'Owner&apos;s handbook, telephone &quot;es&quot;', 'SA638', 1, to_date('20030901','YYYYMMDD'), to_date('20040901','YYYYMMDD'), '01430157845', '', '', false);
insert into DiagramParts values('BT11-01_0144-01440157846', 'BT11-01_0144', 05, 'Owner&apos;s handbook, telephone &quot;it&quot;', 'SA638', 1, to_date('20030901','YYYYMMDD'), to_date('20040901','YYYYMMDD'), '01440157846', '', '', false);
insert into DiagramParts values('BT11-01_0144-01450157847', 'BT11-01_0144', 06, 'Owner&apos;s handbook, telephone &quot;sv&quot;', 'SA638', 1, to_date('20030901','YYYYMMDD'), to_date('20040901','YYYYMMDD'), '01450157847', '', '', false);
insert into DiagramParts values('BT11-01_0144-01460157848', 'BT11-01_0144', 07, 'Owner&apos;s handbook, telephone &quot;nl&quot;', 'SA638', 1, to_date('20030901','YYYYMMDD'), to_date('20040901','YYYYMMDD'), '01460157848', '', '', false);
insert into DiagramParts values('BT11-01_0144-01470157849', 'BT11-01_0144', 08, 'Owner&apos;s handbook, telephone &quot;ar&quot;', 'SA638', 1, to_date('20030901','YYYYMMDD'), to_date('20040901','YYYYMMDD'), '01470157849', '', '', false);
insert into DiagramParts values('BT11-01_0144-01480157850', 'BT11-01_0144', 09, 'Owner&apos;s handbook, telephone &quot;da&quot;', 'SA638', 1, to_date('20030901','YYYYMMDD'), to_date('20040901','YYYYMMDD'), '01480157850', '', '', false);
insert into DiagramParts values('BT11-01_0144-01490157851', 'BT11-01_0144', 10, 'Owner&apos;s handbook, telephone &quot;pt&quot;', 'SA638', 1, to_date('20030901','YYYYMMDD'), to_date('20040901','YYYYMMDD'), '01490157851', '', '', false);
insert into DiagramParts values('BT11-01_0144-01490157781', 'BT11-01_0144', 14, 'Owner&apos;s handbook, telephone &quot;zh&quot;', 'SA638', 1, to_date('20030901','YYYYMMDD'), to_date('20040901','YYYYMMDD'), '01490157781', '', '', false);
insert into Diagram values('BT11-01_0144','BT11-20021200','01-14','E85 Z4 2.2i   Phone, fixed installation, SA630/631/638','');
insert into DiagramParts values('BT11-01_0302-01490157831', 'BT11-01_0302', 01, 'Owner&apos;s man., telephone, multilingual', 'SA 644', 1, to_date('20030901','YYYYMMDD'), to_date('20040901','YYYYMMDD'), '01490157831', '', '', false);
insert into DiagramParts values('BT11-01_0302-01492600701', 'BT11-01_0302', 16, 'Owner&apos;s man., telephone, multilingual', 'RU,RO E83/85/86', 1, to_date('20080401','YYYYMMDD'), to_date('20100901','YYYYMMDD'), '01492600701', '', '', false);
insert into DiagramParts values('BT11-01_0302-01492600647', 'BT11-01_0302', 17, 'Owner&apos;s man., telephone, multilingual', 'RU,RO SA633/644', 1, to_date('20080301','YYYYMMDD'), to_date('20080401','YYYYMMDD'), '01492600647', '', '', false);
insert into Diagram values('BT11-01_0302','BT11-20021200','01-14','E85 Z4 2.2i   Universal BMW mobile phone preparat.','');
insert into DiagramParts values('BT11-01_0087-01400157384', 'BT11-01_0087', 01, 'Owner&apos;s handbook, Navi Professional', 'DE, E83/E85', 1, to_date('20030901','YYYYMMDD'), to_date('20040901','YYYYMMDD'), '01400157384', '', '', false);
insert into DiagramParts values('BT11-01_0087-01400158562', 'BT11-01_0087', 01, 'Owner&apos;s handbook, Navi Professional', 'DE, E83, E85', 1, to_date('20040901','YYYYMMDD'), to_date('20050901','YYYYMMDD'), '01400158562', '', '', false);
insert into DiagramParts values('BT11-01_0087-01402600035', 'BT11-01_0087', 01, 'Owner&apos;s handbook, Navi Professional', 'DE, E83,E85,E86', 1, to_date('20050901','YYYYMMDD'), to_date('20060801','YYYYMMDD'), '01402600035', '', '', false);
insert into DiagramParts values('BT11-01_0087-01400012627', 'BT11-01_0087', 01, 'Owner&apos;s handbook, Navi Professional', 'DE, E83,E85,E86', 1, to_date('20060801','YYYYMMDD'), to_date('20070301','YYYYMMDD'), '01400012627', '', '', false);
insert into DiagramParts values('BT11-01_0087-01400013494', 'BT11-01_0087', 01, 'Owner&apos;s handbook, Navi Professional', 'DE, E83,E85,E86', 1, to_date('20070301','YYYYMMDD'), to_date('20100901','YYYYMMDD'), '01400013494', '', '', false);
insert into DiagramParts values('BT11-01_0087-01410157385', 'BT11-01_0087', 02, 'Owner&apos;s handbook, Navi Professional', 'EN, E83, E85', 1, to_date('20030901','YYYYMMDD'), to_date('20040901','YYYYMMDD'), '01410157385', '', '', false);
insert into DiagramParts values('BT11-01_0087-01410158563', 'BT11-01_0087', 02, 'Owner&apos;s handbook, Navi Professional', 'EN, E83, E85', 1, to_date('20040901','YYYYMMDD'), to_date('20050901','YYYYMMDD'), '01410158563', '', '', false);
insert into DiagramParts values('BT11-01_0087-01412600036', 'BT11-01_0087', 02, 'Owner&apos;s handbook, Navi Professional', 'EN, E83,E85,E86', 1, to_date('20050901','YYYYMMDD'), to_date('20060801','YYYYMMDD'), '01412600036', '', '', false);
insert into DiagramParts values('BT11-01_0087-01410012628', 'BT11-01_0087', 02, 'Owner&apos;s handbook, Navi Professional', 'EN, E83,E85,E86', 1, to_date('20060801','YYYYMMDD'), to_date('20070301','YYYYMMDD'), '01410012628', '', '', false);
insert into DiagramParts values('BT11-01_0087-01410013497', 'BT11-01_0087', 02, 'Owner&apos;s handbook, Navi Professional', 'EN, E83,E85,E86', 1, to_date('20070301','YYYYMMDD'), to_date('20100901','YYYYMMDD'), '01410013497', '', '', false);
insert into DiagramParts values('BT11-01_0087-01420157386', 'BT11-01_0087', 03, 'Owner&apos;s handbook, Navi Professional', 'FR, E83, E85', 1, to_date('20030901','YYYYMMDD'), to_date('20050901','YYYYMMDD'), '01420157386', '', '', false);
insert into DiagramParts values('BT11-01_0087-01422600037', 'BT11-01_0087', 03, 'Owner&apos;s handbook, Navi Professional', 'FR, E83,E85,E86', 1, to_date('20050901','YYYYMMDD'), to_date('20060801','YYYYMMDD'), '01422600037', '', '', false);
insert into DiagramParts values('BT11-01_0087-01420012629', 'BT11-01_0087', 03, 'Owner&apos;s handbook, Navi Professional', 'FR, E83,E85,E86', 1, to_date('20060801','YYYYMMDD'), to_date('20070301','YYYYMMDD'), '01420012629', '', '', false);
insert into DiagramParts values('BT11-01_0087-01420013498', 'BT11-01_0087', 03, 'Owner&apos;s handbook, Navi Professional', 'FR, E83,E85,E86', 1, to_date('20070301','YYYYMMDD'), to_date('20100901','YYYYMMDD'), '01420013498', '', '', false);
insert into DiagramParts values('BT11-01_0087-01430157387', 'BT11-01_0087', 04, 'Owner&apos;s handbook, Navi Professional', 'ES, E83, E85', 1, to_date('20030901','YYYYMMDD'), to_date('20050901','YYYYMMDD'), '01430157387', '', '', false);
insert into DiagramParts values('BT11-01_0087-01432600038', 'BT11-01_0087', 04, 'Owner&apos;s handbook, Navi Professional', 'ES, E83,E85,E86', 1, to_date('20050901','YYYYMMDD'), to_date('20060801','YYYYMMDD'), '01432600038', '', '', false);
insert into DiagramParts values('BT11-01_0087-01430012630', 'BT11-01_0087', 04, 'Owner&apos;s handbook, Navi Professional', 'ES, E83,E85,E86', 1, to_date('20060801','YYYYMMDD'), to_date('20070301','YYYYMMDD'), '01430012630', '', '', false);
insert into DiagramParts values('BT11-01_0087-01430013499', 'BT11-01_0087', 04, 'Owner&apos;s handbook, Navi Professional', 'ES, E83,E85,E86', 1, to_date('20070301','YYYYMMDD'), to_date('20100901','YYYYMMDD'), '01430013499', '', '', false);
insert into DiagramParts values('BT11-01_0087-01440157388', 'BT11-01_0087', 05, 'Owner&apos;s handbook, Navi Professional', 'IT, E83, E85', 1, to_date('20030901','YYYYMMDD'), to_date('20050901','YYYYMMDD'), '01440157388', '', '', false);
insert into DiagramParts values('BT11-01_0087-01442600039', 'BT11-01_0087', 05, 'Owner&apos;s handbook, Navi Professional', 'IT, E83,E85,E86', 1, to_date('20050901','YYYYMMDD'), to_date('20060801','YYYYMMDD'), '01442600039', '', '', false);
insert into DiagramParts values('BT11-01_0087-01440012631', 'BT11-01_0087', 05, 'Owner&apos;s handbook, Navi Professional', 'IT, E83,E85,E86', 1, to_date('20060801','YYYYMMDD'), to_date('20070301','YYYYMMDD'), '01440012631', '', '', false);
insert into DiagramParts values('BT11-01_0087-01440013500', 'BT11-01_0087', 05, 'Owner&apos;s handbook, Navi Professional', 'IT, E83,E85,E86', 1, to_date('20070301','YYYYMMDD'), to_date('20100901','YYYYMMDD'), '01440013500', '', '', false);
insert into DiagramParts values('BT11-01_0087-01450157389', 'BT11-01_0087', 06, 'Owner&apos;s handbook, Navi Professional', 'SV, E83, E85', 1, to_date('20030901','YYYYMMDD'), to_date('20050901','YYYYMMDD'), '01450157389', '', '', false);
insert into DiagramParts values('BT11-01_0087-01452600040', 'BT11-01_0087', 06, 'Owner&apos;s handbook, Navi Professional', 'SV, E83,E85,E86', 1, to_date('20050901','YYYYMMDD'), to_date('20060801','YYYYMMDD'), '01452600040', '', '', false);
insert into DiagramParts values('BT11-01_0087-01450012632', 'BT11-01_0087', 06, 'Owner&apos;s handbook, Navi Professional', 'SV, E83,E85,E86', 1, to_date('20060801','YYYYMMDD'), to_date('20070301','YYYYMMDD'), '01450012632', '', '', false);
insert into DiagramParts values('BT11-01_0087-01450013501', 'BT11-01_0087', 06, 'Owner&apos;s handbook, Navi Professional', 'SV, E83,E85,E86', 1, to_date('20070301','YYYYMMDD'), to_date('20100901','YYYYMMDD'), '01450013501', '', '', false);
insert into DiagramParts values('BT11-01_0087-01460157390', 'BT11-01_0087', 07, 'Owner&apos;s handbook, Navi Professional', 'NL, E83, E85', 1, to_date('20030901','YYYYMMDD'), to_date('20050901','YYYYMMDD'), '01460157390', '', '', false);
insert into DiagramParts values('BT11-01_0087-01462600041', 'BT11-01_0087', 07, 'Owner&apos;s handbook, Navi Professional', 'NL, E83,E85,E86', 1, to_date('20050901','YYYYMMDD'), to_date('20060801','YYYYMMDD'), '01462600041', '', '', false);
insert into DiagramParts values('BT11-01_0087-01460012633', 'BT11-01_0087', 07, 'Owner&apos;s handbook, Navi Professional', 'NL, E83,E85,E86', 1, to_date('20060801','YYYYMMDD'), to_date('20070301','YYYYMMDD'), '01460012633', '', '', false);
insert into DiagramParts values('BT11-01_0087-01460013502', 'BT11-01_0087', 07, 'Owner&apos;s handbook, Navi Professional', 'NL, E83,E85,E86', 1, to_date('20070301','YYYYMMDD'), to_date('20100901','YYYYMMDD'), '01460013502', '', '', false);
insert into DiagramParts values('BT11-01_0087-01470157391', 'BT11-01_0087', 08, 'Owner&apos;s handbook, Navi Professional', 'AR, E83/85', 1, to_date('20030901','YYYYMMDD'), to_date('20050901','YYYYMMDD'), '01470157391', '', '', false);
insert into DiagramParts values('BT11-01_0087-01472600042', 'BT11-01_0087', 08, 'Owner&apos;s handbook, Navi Professional', 'AR, E83,E85,E86', 1, to_date('20050901','YYYYMMDD'), to_date('20060801','YYYYMMDD'), '01472600042', '', '', false);
insert into DiagramParts values('BT11-01_0087-01470012634', 'BT11-01_0087', 08, 'Owner&apos;s handbook, Navi Professional', 'AR, E83,E85,E86', 1, to_date('20060801','YYYYMMDD'), to_date('20070301','YYYYMMDD'), '01470012634', '', '', false);
insert into DiagramParts values('BT11-01_0087-01470013503', 'BT11-01_0087', 08, 'Owner&apos;s handbook, Navi Professional', 'AR, E83,E85,E86', 1, to_date('20070301','YYYYMMDD'), to_date('20100901','YYYYMMDD'), '01470013503', '', '', false);
insert into DiagramParts values('BT11-01_0087-01480157392', 'BT11-01_0087', 09, 'Owner&apos;s handbook, Navi Professional', 'DA, E83/E85', 1, to_date('20030901','YYYYMMDD'), to_date('20050901','YYYYMMDD'), '01480157392', '', '', false);
insert into DiagramParts values('BT11-01_0087-01482600043', 'BT11-01_0087', 09, 'Owner&apos;s handbook, Navi Professional', 'DA, E83,E85,E86', 1, to_date('20050901','YYYYMMDD'), to_date('20060801','YYYYMMDD'), '01482600043', '', '', false);
insert into DiagramParts values('BT11-01_0087-01480012635', 'BT11-01_0087', 09, 'Owner&apos;s handbook, Navi Professional', 'DA, E83,E85,E86', 1, to_date('20060801','YYYYMMDD'), to_date('20070301','YYYYMMDD'), '01480012635', '', '', false);
insert into DiagramParts values('BT11-01_0087-01480013504', 'BT11-01_0087', 09, 'Owner&apos;s handbook, Navi Professional', 'DA, E83,E85,E86', 1, to_date('20070301','YYYYMMDD'), to_date('20100901','YYYYMMDD'), '01480013504', '', '', false);
insert into DiagramParts values('BT11-01_0087-01490157393', 'BT11-01_0087', 10, 'Owner&apos;s handbook, Navi Professional', 'PT, E83, E85', 1, to_date('20030901','YYYYMMDD'), to_date('20050901','YYYYMMDD'), '01490157393', '', '', false);
insert into DiagramParts values('BT11-01_0087-01492600044', 'BT11-01_0087', 10, 'Owner&apos;s handbook, Navi Professional', 'PT, E83,E85,E86', 1, to_date('20050901','YYYYMMDD'), to_date('20060801','YYYYMMDD'), '01492600044', '', '', false);
insert into DiagramParts values('BT11-01_0087-01490012636', 'BT11-01_0087', 10, 'Owner&apos;s handbook, Navi Professional', 'PT, E83,E85,E86', 1, to_date('20060801','YYYYMMDD'), to_date('20070301','YYYYMMDD'), '01490012636', '', '', false);
insert into DiagramParts values('BT11-01_0087-01490013505', 'BT11-01_0087', 10, 'Owner&apos;s handbook, Navi Professional', 'PT, E83,E85,E86', 1, to_date('20070301','YYYYMMDD'), to_date('20100901','YYYYMMDD'), '01490013505', '', '', false);
insert into DiagramParts values('BT11-01_0087-01490012637', 'BT11-01_0087', 11, 'Owner&apos;s handbook, Navi Professional', 'EL, E83,E85,E86', 1, to_date('20060801','YYYYMMDD'), to_date('20070301','YYYYMMDD'), '01490012637', '', '', false);
insert into DiagramParts values('BT11-01_0087-01490013506', 'BT11-01_0087', 11, 'Owner&apos;s handbook, Navi Professional', 'EL, E83,E85,E86', 1, to_date('20070301','YYYYMMDD'), to_date('20100901','YYYYMMDD'), '01490013506', '', '', false);
insert into Diagram values('BT11-01_0087','BT11-20021200','01-16','E85 Z4 2.2i   Navigation and TV, SA609 + SA601','');
insert into DiagramParts values('BT11-01_0088-01410013520', 'BT11-01_0088', 11, 'Owner&apos;s handbook, Navi Professional', 'EN US', 1, to_date('20070301','YYYYMMDD'), to_date('20070901','YYYYMMDD'), '01410013520', '$33.27', '', false);
insert into DiagramParts values('BT11-01_0088-01420012607', 'BT11-01_0088', 12, 'Owner&apos;s handbook, Navi Professional', 'FR CA', 1, to_date('20060801','YYYYMMDD'), to_date('20070301','YYYYMMDD'), '01420012607', '', '', false);
insert into DiagramParts values('BT11-01_0088-01420013521', 'BT11-01_0088', 12, 'Owner&apos;s handbook, Navi Professional', 'FR CA', 1, to_date('20070301','YYYYMMDD'), to_date('20070901','YYYYMMDD'), '01420013521', '', '', false);
insert into Diagram values('BT11-01_0088','BT11-20021200','01-16','E85 Z4 2.2i   Navigation system US, SA609','');
insert into DiagramParts values('BT11-01_0290-01400157862', 'BT11-01_0290', 01, 'Owner&apos;s handbook, Navi Business', 'DE, E83, E85', 1, to_date('20030901','YYYYMMDD'), to_date('20050901','YYYYMMDD'), '01400157862', '', '', false);
insert into DiagramParts values('BT11-01_0290-01410157122', 'BT11-01_0290', 02, 'Owner&apos;s handbook, Navi Business', 'EN, E85', 1, to_date('20021201','YYYYMMDD'), to_date('20030901','YYYYMMDD'), '01410157122', '', '', false);
insert into DiagramParts values('BT11-01_0290-01410157863', 'BT11-01_0290', 02, 'Owner&apos;s handbook, Navi Business', 'EN, E83, E85', 1, to_date('20030901','YYYYMMDD'), to_date('20050901','YYYYMMDD'), '01410157863', '$33.27', '', false);
insert into DiagramParts values('BT11-01_0290-01420157123', 'BT11-01_0290', 03, 'Owner&apos;s handbook, Navi Business', 'FR, E85', 1, to_date('20021201','YYYYMMDD'), to_date('20030901','YYYYMMDD'), '01420157123', '', '', false);
insert into DiagramParts values('BT11-01_0290-01420157864', 'BT11-01_0290', 03, 'Owner&apos;s handbook, Navi Business', 'FR, E83, E85', 1, to_date('20030901','YYYYMMDD'), to_date('20050901','YYYYMMDD'), '01420157864', '', '', false);
insert into DiagramParts values('BT11-01_0290-01430157124', 'BT11-01_0290', 04, 'Owner&apos;s handbook, Navi Business', 'ES, E85', 1, to_date('20021201','YYYYMMDD'), to_date('20030901','YYYYMMDD'), '01430157124', '', '', false);
insert into DiagramParts values('BT11-01_0290-01430157865', 'BT11-01_0290', 04, 'Owner&apos;s handbook, Navi Business', 'ES, E83, E85', 1, to_date('20030901','YYYYMMDD'), to_date('20050901','YYYYMMDD'), '01430157865', '', '', false);
insert into DiagramParts values('BT11-01_0290-01440157125', 'BT11-01_0290', 05, 'Owner&apos;s handbook, Navi Business', 'IT, E85', 1, to_date('20021201','YYYYMMDD'), to_date('20030901','YYYYMMDD'), '01440157125', '', '', false);
insert into DiagramParts values('BT11-01_0290-01440157866', 'BT11-01_0290', 05, 'Owner&apos;s handbook, Navi Business', 'IT, E83, E85', 1, to_date('20030901','YYYYMMDD'), to_date('20050901','YYYYMMDD'), '01440157866', '', '', false);
insert into DiagramParts values('BT11-01_0290-01450157126', 'BT11-01_0290', 06, 'Owner&apos;s handbook, Navi Business', 'SV, E85', 1, to_date('20021201','YYYYMMDD'), to_date('20030901','YYYYMMDD'), '01450157126', '', '', false);
insert into DiagramParts values('BT11-01_0290-01450157867', 'BT11-01_0290', 06, 'Owner&apos;s handbook, Navi Business', 'SV, E83, E85', 1, to_date('20030901','YYYYMMDD'), to_date('20050901','YYYYMMDD'), '01450157867', '', '', false);
insert into DiagramParts values('BT11-01_0290-01460157127', 'BT11-01_0290', 07, 'Owner&apos;s handbook, Navi Business', 'NL, E85', 1, to_date('20021201','YYYYMMDD'), to_date('20030901','YYYYMMDD'), '01460157127', '', '', false);
insert into DiagramParts values('BT11-01_0290-01460157868', 'BT11-01_0290', 07, 'Owner&apos;s handbook, Navi Business', 'NL, E83, E85', 1, to_date('20030901','YYYYMMDD'), to_date('20040901','YYYYMMDD'), '01460157868', '', '', false);
insert into DiagramParts values('BT11-01_0290-01460158786', 'BT11-01_0290', 07, 'Owner&apos;s handbook, Navi Business', 'NL, E83, E85', 1, to_date('20040901','YYYYMMDD'), to_date('20050901','YYYYMMDD'), '01460158786', '', '', false);
insert into DiagramParts values('BT11-01_0290-01470157128', 'BT11-01_0290', 08, 'Owner&apos;s handbook, Navi Business', 'AR, E85', 1, to_date('20021201','YYYYMMDD'), to_date('20030901','YYYYMMDD'), '01470157128', '', '', false);
insert into DiagramParts values('BT11-01_0290-01470157869', 'BT11-01_0290', 08, 'Owner&apos;s handbook, Navi Business', 'AR, E83, E85', 1, to_date('20030901','YYYYMMDD'), to_date('20050901','YYYYMMDD'), '01470157869', '', '', false);
insert into DiagramParts values('BT11-01_0290-01480157129', 'BT11-01_0290', 09, 'Owner&apos;s handbook, Navi Business', 'DA, E85', 1, to_date('20021201','YYYYMMDD'), to_date('20030901','YYYYMMDD'), '01480157129', '', '', false);
insert into DiagramParts values('BT11-01_0290-01480157870', 'BT11-01_0290', 09, 'Owner&apos;s handbook, Navi Business', 'DA, E83, E85', 1, to_date('20030901','YYYYMMDD'), to_date('20050901','YYYYMMDD'), '01480157870', '', '', false);
insert into DiagramParts values('BT11-01_0290-01490157130', 'BT11-01_0290', 10, 'Owner&apos;s handbook, Navi Business', 'PT, E85', 1, to_date('20021201','YYYYMMDD'), to_date('20030901','YYYYMMDD'), '01490157130', '', '', false);
insert into DiagramParts values('BT11-01_0290-01490157871', 'BT11-01_0290', 10, 'Owner&apos;s handbook, Navi Business', 'PT, E83, E85', 1, to_date('20030901','YYYYMMDD'), to_date('20050901','YYYYMMDD'), '01490157871', '', '', false);
insert into Diagram values('BT11-01_0290','BT11-20021200','01-16','E85 Z4 2.2i   Navigation system Business E83, E85, E86','');
insert into DiagramParts values('BT11-01_0695-01410012639', 'BT11-01_0695', 02, 'Owner&apos;s manual, on-board monitor+TV', 'EN, E83,E85,E86', 1, to_date('20060801','YYYYMMDD'), to_date('20070301','YYYYMMDD'), '01410012639', '', '', false);
insert into DiagramParts values('BT11-01_0695-01420012640', 'BT11-01_0695', 03, 'Owner&apos;s manual, on-board monitor+TV', 'FR, E83,E85,E86', 1, to_date('20060801','YYYYMMDD'), to_date('20070301','YYYYMMDD'), '01420012640', '', '', false);
insert into DiagramParts values('BT11-01_0695-01430012641', 'BT11-01_0695', 04, 'Owner&apos;s manual, on-board monitor+TV', 'ES, E83,E85,E86', 1, to_date('20060801','YYYYMMDD'), to_date('20070301','YYYYMMDD'), '01430012641', '', '', false);
insert into DiagramParts values('BT11-01_0695-01440012642', 'BT11-01_0695', 05, 'Owner&apos;s manual, on-board monitor+TV', 'IT, E83,E85,E86', 1, to_date('20060801','YYYYMMDD'), to_date('20070301','YYYYMMDD'), '01440012642', '', '', false);
insert into DiagramParts values('BT11-01_0695-01450012643', 'BT11-01_0695', 06, 'Owner&apos;s manual, on-board monitor+TV', 'SV, E83,E85,E86', 1, to_date('20060801','YYYYMMDD'), to_date('20070301','YYYYMMDD'), '01450012643', '', '', false);
insert into DiagramParts values('BT11-01_0695-01460012644', 'BT11-01_0695', 07, 'Owner&apos;s manual, on-board monitor+TV', 'NL, E83,E85,E86', 1, to_date('20060801','YYYYMMDD'), to_date('20070301','YYYYMMDD'), '01460012644', '', '', false);
insert into DiagramParts values('BT11-01_0695-01470012645', 'BT11-01_0695', 08, 'Owner&apos;s manual, on-board monitor+TV', 'AR, E83,E85,E86', 1, to_date('20060801','YYYYMMDD'), to_date('20070301','YYYYMMDD'), '01470012645', '', '', false);
insert into DiagramParts values('BT11-01_0695-01480012646', 'BT11-01_0695', 09, 'Owner&apos;s manual, on-board monitor+TV', 'DA, E83,E85,E86', 1, to_date('20060801','YYYYMMDD'), to_date('20070301','YYYYMMDD'), '01480012646', '', '', false);
insert into DiagramParts values('BT11-01_0695-01490012647', 'BT11-01_0695', 10, 'Owner&apos;s manual, on-board monitor+TV', 'PT, E83,E85,E86', 1, to_date('20060801','YYYYMMDD'), to_date('20070301','YYYYMMDD'), '01490012647', '', '', false);
insert into DiagramParts values('BT11-01_0695-01490012649', 'BT11-01_0695', 13, 'Owner&apos;s manual, on-board monitor+TV', 'EL, E83,E85,E86', 1, to_date('20060801','YYYYMMDD'), to_date('20070301','YYYYMMDD'), '01490012649', '', '', false);
insert into DiagramParts values('BT11-01_0695-01490012648', 'BT11-01_0695', 14, 'Owner&apos;s manual, on-board monitor+TV', 'ZH, E83,E85,E86', 1, to_date('20060801','YYYYMMDD'), to_date('20070301','YYYYMMDD'), '01490012648', '', '', false);
insert into Diagram values('BT11-01_0695','BT11-20021200','01-18','E85 Z4 2.2i   On-board monitor with TV, SA 602','');
insert into Diagram values('BT11-01_1128','BT11-20021200','01-19','E85 Z4 2.2i   EC Certificate of Conformity','');
insert into Diagram values('BT11-01_0169','BT11-20021200','01-21','E85 Z4 2.2i   Logbook slipcase BMW','');
insert into Diagram values('BT11-01_1140','BT11-20021200','01-21','E85 Z4 2.2i   Logbook slipcase BMW','');
insert into DiagramParts values('BT11-01_0029-01410157789', 'BT11-01_0029', 01, 'Supplem. to owner&apos;s manual, Australia', 'E85, MJ 04 / 05', 1, to_date('20031001','YYYYMMDD'), to_date('20060101','YYYYMMDD'), '01410157789', '', '', false);
insert into DiagramParts values('BT11-01_0029-01412600115', 'BT11-01_0029', 01, 'Supplem. to owner&apos;s manual, Australia', 'E85, MJ 2006', 1, to_date('20060101','YYYYMMDD'), to_date('20060401','YYYYMMDD'), '01412600115', '', '', false);
insert into DiagramParts values('BT11-01_0029-01410012042', 'BT11-01_0029', 01, 'Supplem. to owner&apos;s manual, Australia', 'E85, E86, EN', 1, to_date('20060401','YYYYMMDD'), to_date('20080901','YYYYMMDD'), '01410012042', '', '', false);
insert into Diagram values('BT11-01_0029','BT11-20021200','01-24','E85 Z4 2.2i   Supplem. to owner&apos;s manual, Australia','');
insert into DiagramParts values('BT11-01_0589-01400157701', 'BT11-01_0589', 01, 'Service booklet, German', 'MJ 2004', 1, to_date('20021201','YYYYMMDD'), to_date('20040301','YYYYMMDD'), '01400157701', '', '', false);
insert into DiagramParts values('BT11-01_0589-01400158636', 'BT11-01_0589', 01, 'Service booklet, German', 'E46,E53,E83,E85', 1, to_date('20040301','YYYYMMDD'), to_date('20050301','YYYYMMDD'), '01400158636', '', '', false);
insert into DiagramParts values('BT11-01_0589-01400011983', 'BT11-01_0589', 01, 'Service booklet, German', 'E46/53/83/85/86', 1, to_date('20050301','YYYYMMDD'), to_date('20060801','YYYYMMDD'), '01400011983', '', '', false);
insert into DiagramParts values('BT11-01_0589-01400012709', 'BT11-01_0589', 01, 'Service booklet, German', 'E83,E85,E86', 1, to_date('20060801','YYYYMMDD'), to_date('20080901','YYYYMMDD'), '01400012709', '', '', false);
insert into DiagramParts values('BT11-01_0589-01410157702', 'BT11-01_0589', 02, 'Service booklet, English', 'MJ 2004', 1, to_date('20021201','YYYYMMDD'), to_date('20040301','YYYYMMDD'), '01410157702', '', '', false);
insert into DiagramParts values('BT11-01_0589-01410158637', 'BT11-01_0589', 02, 'Service booklet, English', 'E46,E53,E83,E85', 1, to_date('20040301','YYYYMMDD'), to_date('20050301','YYYYMMDD'), '01410158637', '', '', false);
insert into DiagramParts values('BT11-01_0589-01410011984', 'BT11-01_0589', 02, 'Service booklet, English', 'E46/53/83/85/86', 1, to_date('20050301','YYYYMMDD'), to_date('20060801','YYYYMMDD'), '01410011984', '', '', false);
insert into DiagramParts values('BT11-01_0589-01410012710', 'BT11-01_0589', 02, 'Service booklet, English', 'E83,E85,E86', 1, to_date('20060801','YYYYMMDD'), to_date('20080901','YYYYMMDD'), '01410012710', '', '', false);
insert into DiagramParts values('BT11-01_0589-01420157703', 'BT11-01_0589', 03, 'Service booklet, French', 'MJ 2004', 1, to_date('20021201','YYYYMMDD'), to_date('20040301','YYYYMMDD'), '01420157703', '', '', false);
insert into DiagramParts values('BT11-01_0589-01420158638', 'BT11-01_0589', 03, 'Service booklet, French', 'E46,E53,E83,E85', 1, to_date('20040301','YYYYMMDD'), to_date('20050301','YYYYMMDD'), '01420158638', '', '', false);
insert into DiagramParts values('BT11-01_0589-01420011985', 'BT11-01_0589', 03, 'Service booklet, French', 'E46/53/83/85/86', 1, to_date('20050301','YYYYMMDD'), to_date('20060801','YYYYMMDD'), '01420011985', '', '', false);
insert into DiagramParts values('BT11-01_0589-01420012714', 'BT11-01_0589', 03, 'Service booklet, French', 'E83,E85,E86', 1, to_date('20060801','YYYYMMDD'), to_date('20080901','YYYYMMDD'), '01420012714', '', '', false);
insert into DiagramParts values('BT11-01_0589-01430157704', 'BT11-01_0589', 04, 'Service booklet, Spanish', 'MJ 2004', 1, to_date('20021201','YYYYMMDD'), to_date('20040301','YYYYMMDD'), '01430157704', '', '', false);
insert into DiagramParts values('BT11-01_0589-01430158639', 'BT11-01_0589', 04, 'Service booklet, Spanish', 'E46,E53,E83,E85', 1, to_date('20040301','YYYYMMDD'), to_date('20050301','YYYYMMDD'), '01430158639', '', '', false);
insert into DiagramParts values('BT11-01_0589-01430011986', 'BT11-01_0589', 04, 'Service booklet, Spanish', 'E46/53/83/85/86', 1, to_date('20050301','YYYYMMDD'), to_date('20060801','YYYYMMDD'), '01430011986', '', '', false);
insert into DiagramParts values('BT11-01_0589-01430012719', 'BT11-01_0589', 04, 'Service booklet, Spanish', 'E83,E85,E86', 1, to_date('20060801','YYYYMMDD'), to_date('20080901','YYYYMMDD'), '01430012719', '', '', false);
insert into DiagramParts values('BT11-01_0589-01440157705', 'BT11-01_0589', 05, 'Service booklet, Italian', 'MJ 2004', 1, to_date('20021201','YYYYMMDD'), to_date('20040301','YYYYMMDD'), '01440157705', '', '', false);
insert into DiagramParts values('BT11-01_0589-01440158640', 'BT11-01_0589', 05, 'Service booklet, Italian', 'E46,E53,E83,E85', 1, to_date('20040301','YYYYMMDD'), to_date('20050301','YYYYMMDD'), '01440158640', '', '', false);
insert into DiagramParts values('BT11-01_0589-01440011987', 'BT11-01_0589', 05, 'Service booklet, Italian', 'E46/53/83/85/86', 1, to_date('20050301','YYYYMMDD'), to_date('20060801','YYYYMMDD'), '01440011987', '', '', false);
insert into DiagramParts values('BT11-01_0589-01440012724', 'BT11-01_0589', 05, 'Service booklet, Italian', 'E83,E85,E86', 1, to_date('20060801','YYYYMMDD'), to_date('20080901','YYYYMMDD'), '01440012724', '', '', false);
insert into DiagramParts values('BT11-01_0589-01450157706', 'BT11-01_0589', 06, 'Service booklet, Swedish', 'MJ 2004', 1, to_date('20021201','YYYYMMDD'), to_date('20040301','YYYYMMDD'), '01450157706', '', '', false);
insert into DiagramParts values('BT11-01_0589-01450158641', 'BT11-01_0589', 06, 'Service booklet, Swedish', 'E46,E53,E83,E85', 1, to_date('20040301','YYYYMMDD'), to_date('20050301','YYYYMMDD'), '01450158641', '', '', false);
insert into DiagramParts values('BT11-01_0589-01450011988', 'BT11-01_0589', 06, 'Service booklet, Swedish', 'E46/53/83/85/86', 1, to_date('20050301','YYYYMMDD'), to_date('20060801','YYYYMMDD'), '01450011988', '', '', false);
insert into DiagramParts values('BT11-01_0589-01450012725', 'BT11-01_0589', 06, 'Service booklet, Swedish', 'E83,E85,E86', 1, to_date('20060801','YYYYMMDD'), to_date('20080901','YYYYMMDD'), '01450012725', '', '', false);
insert into DiagramParts values('BT11-01_0589-01460157707', 'BT11-01_0589', 07, 'Service booklet, Dutch', 'MJ 2004', 1, to_date('20021201','YYYYMMDD'), to_date('20040301','YYYYMMDD'), '01460157707', '', '', false);
insert into DiagramParts values('BT11-01_0589-01460158642', 'BT11-01_0589', 07, 'Service booklet, Dutch', 'E46,E53,E83,E85', 1, to_date('20040301','YYYYMMDD'), to_date('20050301','YYYYMMDD'), '01460158642', '', '', false);
insert into DiagramParts values('BT11-01_0589-01460011989', 'BT11-01_0589', 07, 'Service booklet, Dutch', 'E46/53/83/85/86', 1, to_date('20050301','YYYYMMDD'), to_date('20060801','YYYYMMDD'), '01460011989', '', '', false);
insert into DiagramParts values('BT11-01_0589-01460012727', 'BT11-01_0589', 07, 'Service booklet, Dutch', 'E83,E85,E86', 1, to_date('20060801','YYYYMMDD'), to_date('20080901','YYYYMMDD'), '01460012727', '', '', false);
insert into DiagramParts values('BT11-01_0589-01470157708', 'BT11-01_0589', 08, 'Service booklet, Arabic', 'MJ 2004', 1, to_date('20021201','YYYYMMDD'), to_date('20040301','YYYYMMDD'), '01470157708', '', '', false);
insert into DiagramParts values('BT11-01_0589-01470158643', 'BT11-01_0589', 08, 'Service booklet, Arabic', 'E46,E53,E83,E85', 1, to_date('20040301','YYYYMMDD'), to_date('20050301','YYYYMMDD'), '01470158643', '', '', false);
insert into DiagramParts values('BT11-01_0589-01470011990', 'BT11-01_0589', 08, 'Service booklet, Arabic', 'E46/53/83/85/86', 1, to_date('20050301','YYYYMMDD'), to_date('20060801','YYYYMMDD'), '01470011990', '', '', false);
insert into DiagramParts values('BT11-01_0589-01470012731', 'BT11-01_0589', 08, 'Service booklet, Arabic', 'E83,E85,E86', 1, to_date('20060801','YYYYMMDD'), to_date('20080901','YYYYMMDD'), '01470012731', '', '', false);
insert into DiagramParts values('BT11-01_0589-01480157709', 'BT11-01_0589', 09, 'Service booklet, Danish', 'MJ 2004', 1, to_date('20021201','YYYYMMDD'), to_date('20040301','YYYYMMDD'), '01480157709', '', '', false);
insert into DiagramParts values('BT11-01_0589-01480158644', 'BT11-01_0589', 09, 'Service booklet, Danish', 'E46,E53,E83,E85', 1, to_date('20040301','YYYYMMDD'), to_date('20050301','YYYYMMDD'), '01480158644', '', '', false);
insert into DiagramParts values('BT11-01_0589-01480011991', 'BT11-01_0589', 09, 'Service booklet, Danish', 'E46/53/83/85/86', 1, to_date('20051101','YYYYMMDD'), to_date('20060801','YYYYMMDD'), '01480011991', '', '', false);
insert into DiagramParts values('BT11-01_0589-01480012732', 'BT11-01_0589', 09, 'Service booklet, Danish', 'E83,E85,E86', 1, to_date('20060801','YYYYMMDD'), to_date('20080901','YYYYMMDD'), '01480012732', '', '', false);
insert into DiagramParts values('BT11-01_0589-01490157710', 'BT11-01_0589', 10, 'Service booklet, Portuguese', 'MJ 2004', 1, to_date('20021201','YYYYMMDD'), to_date('20040301','YYYYMMDD'), '01490157710', '', '', false);
insert into DiagramParts values('BT11-01_0589-01490158645', 'BT11-01_0589', 10, 'Service booklet, Portuguese', 'E46,E53,E83,E85', 1, to_date('20040301','YYYYMMDD'), to_date('20050301','YYYYMMDD'), '01490158645', '', '', false);
insert into DiagramParts values('BT11-01_0589-01490011992', 'BT11-01_0589', 10, 'Service booklet, Portuguese', 'E46/53/83/85/86', 1, to_date('20050301','YYYYMMDD'), to_date('20060801','YYYYMMDD'), '01490011992', '', '', false);
insert into DiagramParts values('BT11-01_0589-01490012733', 'BT11-01_0589', 10, 'Service booklet, Portuguese', 'E83,E85,E86', 1, to_date('20060801','YYYYMMDD'), to_date('20080901','YYYYMMDD'), '01490012733', '', '', false);
insert into DiagramParts values('BT11-01_0589-01490158647', 'BT11-01_0589', 11, 'Service booklet, greek', 'E46,E53,E83,E85', 1, to_date('20040301','YYYYMMDD'), to_date('20050301','YYYYMMDD'), '01490158647', '', '', false);
insert into DiagramParts values('BT11-01_0589-01490011994', 'BT11-01_0589', 11, 'Service booklet, greek', 'E46/53/83/85/86', 1, to_date('20050301','YYYYMMDD'), to_date('20060801','YYYYMMDD'), '01490011994', '', '', false);
insert into DiagramParts values('BT11-01_0589-01490012735', 'BT11-01_0589', 11, 'Service booklet, greek', 'E83,E85,E86', 1, to_date('20060801','YYYYMMDD'), to_date('20080901','YYYYMMDD'), '01490012735', '', '', false);
insert into DiagramParts values('BT11-01_0589-01490157829', 'BT11-01_0589', 12, 'Service booklet, Chinese', 'MJ 2004', 1, to_date('20030901','YYYYMMDD'), to_date('20040301','YYYYMMDD'), '01490157829', '', '', false);
insert into DiagramParts values('BT11-01_0589-01490158646', 'BT11-01_0589', 12, 'Service booklet, Chinese', 'E46,E53,E83,E85', 1, to_date('20040301','YYYYMMDD'), to_date('20050301','YYYYMMDD'), '01490158646', '', '', false);
insert into DiagramParts values('BT11-01_0589-01490011993', 'BT11-01_0589', 12, 'Service booklet, Chinese', 'E46/53/83/85/86', 1, to_date('20050301','YYYYMMDD'), to_date('20060801','YYYYMMDD'), '01490011993', '', '', false);
insert into DiagramParts values('BT11-01_0589-01490012734', 'BT11-01_0589', 12, 'Service booklet, Chinese', 'E83,E85,E86', 1, to_date('20060801','YYYYMMDD'), to_date('20080901','YYYYMMDD'), '01490012734', '', '', false);
insert into DiagramParts values('BT11-01_0589-01490013654', 'BT11-01_0589', 13, 'Service manual in Korean', 'E83,E85,E86', 1, to_date('20070301','YYYYMMDD'), to_date('20080901','YYYYMMDD'), '01490013654', '', '', false);
insert into Diagram values('BT11-01_0589','BT11-20021200','01-26','E85 Z4 2.2i   BMW Service booklet 2004 - 2008','');
insert into DiagramParts values('BT11-01_0743-01492600516', 'BT11-01_0743', 14, 'Service booklet, Romanian', 'E83, E85, E86', 1, to_date('20080301','YYYYMMDD'), to_date('20080901','YYYYMMDD'), '01492600516', '', '', false);
insert into Diagram values('BT11-01_0743','BT11-20021200','01-26','E85 Z4 2.2i   BMW Service Manual 2008 - 2011','');
insert into Diagram values('BT11-01_0670','BT11-20021200','01-35','E85 Z4 2.2i   battery charge calendar','');
insert into Diagram values('BT11-01_0681','BT11-20021200','01-40','E85 Z4 2.2i   BMW Service plug unit','');
insert into Diagram values('BT11-01_0680','BT11-20021200','01-46','E85 Z4 2.2i   Service information, BMW','');
insert into Diagram values('BT11-01_0233','BT11-20021200','01-52','E85 Z4 2.2i   Mounting information, Owner&apos;s Manual BMW','');
insert into Diagram values('BT11-01_0299','BT11-20021200','01-52','E85 Z4 2.2i   BMW assembly instructions','');
insert into Diagram values('BT11-01_0313','BT11-20021200','01-56','E85 Z4 2.2i   Templates BMW','');
insert into Diagram values('BT11-01_0635','BT11-20021200','01-60','E85 Z4 2.2i   BMW form','');
insert into Diagram values('BT11-01_0636','BT11-20021200','01-62','E85 Z4 2.2i   Trailer, BMW','');
insert into Diagram values('BT11-01_0637','BT11-20021200','01-64','E85 Z4 2.2i   Sticker, BMW','');
insert into Diagram values('BT11-01_0639','BT11-20021200','01-65','E85 Z4 2.2i   Labels BMW','');
insert into Diagram values('BT11-01_0612','BT11-20021200','01-70','E85 Z4 2.2i   CD/DVD SIP German BMW','');
insert into DiagramParts values('BT11-01_0671-01399789699', 'BT11-01_0671', 01, 'CD literature', 'LITERATUR', 1, to_date('19820901','YYYYMMDD'), to_date('19901201','YYYYMMDD'), '01399789699', '$8.11', '', false);
insert into Diagram values('BT11-01_0671','BT11-20021200','01-70','E85 Z4 2.2i   BMW CD/DVD miscellaneous','');
insert into Diagram values('BT11-01_0737','BT11-20021200','01-70','E85 Z4 2.2i   CD/DVD SIP complete vehicle BMW','');
insert into Diagram values('BT11-01_1172','BT11-20021200','01-70','E85 Z4 2.2i   DVD Web Based Training','');
insert into Diagram values('BT11-01_0888','BT11-20021200','01-94','E85 Z4 2.2i   Sample chart, upholstery colors, leather','');
insert into Diagram values('BT11-01_0889','BT11-20021200','01-94','E85 Z4 2.2i   Sample page, upholstery colors, fabric','');
insert into Diagram values('BT11-01_0890','BT11-20021200','01-94','E85 Z4 2.2i   Sample chart with interior moldings','');
insert into Diagram values('BT11-01_0891','BT11-20021200','01-94','E85 Z4 2.2i   Sample chart with interior colors','');
insert into Diagram values('BT11-11_2226','BT11-20021200','11-05','E85 Z4 2.2i   Short Engine','');
insert into Diagram values('BT11-11_2166','BT11-20021200','11-10','E85 Z4 2.2i   Engine block','');
insert into Diagram values('BT11-11_2167','BT11-20021200','11-10','E85 Z4 2.2i   Engine Block Mounting Parts','');
insert into Diagram values('BT11-11_2168','BT11-20021200','11-10','E85 Z4 2.2i   TIMING CASE','');
insert into Diagram values('BT11-11_2187','BT11-20021200','11-10','E85 Z4 2.2i   OIL PAN/OIL LEVEL INDICATOR','');
insert into Diagram values('BT11-11_2169','BT11-20021200','11-15','E85 Z4 2.2i   Cylinder Head Attached Parts','');
insert into Diagram values('BT11-11_2170','BT11-20021200','11-15','E85 Z4 2.2i   Cylinder Head Vanos','');
insert into Diagram values('BT11-11_2172','BT11-20021200','11-15','E85 Z4 2.2i   Cylinder head cover','');
insert into Diagram values('BT11-11_2194','BT11-20021200','11-15','E85 Z4 2.2i   Crankcase-Ventilation/oil separator','');
insert into DiagramParts values('BT11-11_2213-07119900244', 'BT11-11_2213', 24, 'Gasket ring', 'A10X15-AL', 1, to_date('20030201','YYYYMMDD'), to_date('20040101','YYYYMMDD'), '07119900244', '$0.57', '', false);
insert into Diagram values('BT11-11_2213','BT11-20021200','11-15','E85 Z4 2.2i   Cylinder Head','');
insert into Diagram values('BT11-11_2263','BT11-20021200','11-18','E85 Z4 2.2i   Belt Drive Climate Compressor','');
insert into Diagram values('BT11-11_2877','BT11-20021200','11-18','E85 Z4 2.2i   Belt Drive-Vibration Damper','');
insert into Diagram values('BT11-11_3416','BT11-20021200','11-18','E85 Z4 2.2i   Belt Drive Water Pump/Alternator','');
insert into Diagram values('BT11-11_1547','BT11-20021200','11-20','E85 Z4 2.2i   Crankshaft With Bearing Shells','');
insert into Diagram values('BT11-11_2010','BT11-20021200','11-20','E85 Z4 2.2i   Crankshaft Connecting Rod','');
insert into Diagram values('BT11-11_2878','BT11-20021200','11-20','E85 Z4 2.2i   Flywheel automatic','');
insert into Diagram values('BT11-11_2925','BT11-20021200','11-20','E85 Z4 2.2i   Crankshaft-Pistons','');
insert into Diagram values('BT11-11_3607','BT11-20021200','11-20','E85 Z4 2.2i   Flywheel / Twin Mass Flywheel','');
insert into Diagram values('BT11-11_1339','BT11-20021200','11-25','E85 Z4 2.2i   Timing - Timing Chain Lower P','');
insert into Diagram values('BT11-11_2171','BT11-20021200','11-25','E85 Z4 2.2i   Valve train,timing chain,upper/intake','');
insert into Diagram values('BT11-11_2182','BT11-20021200','11-25','E85 Z4 2.2i   Valve train,timing chain,upper/outlet','');
insert into Diagram values('BT11-11_2202','BT11-20021200','11-25','E85 Z4 2.2i   Valve Timing Gear - Cam Shaft','');
insert into Diagram values('BT11-11_2201','BT11-20021200','11-30','E85 Z4 2.2i   Lubrication system-Oil filter','');
insert into Diagram values('BT11-11_2868','BT11-20021200','11-30','E85 Z4 2.2i   Lubrication system/Oil pump with drive','');
insert into Diagram values('BT11-11_2180','BT11-20021200','11-35','E85 Z4 2.2i   Waterpump - Thermostat','');
insert into Diagram values('BT11-11_3421','BT11-20021200','11-35','E85 Z4 2.2i   Cooling System Water Hoses','');
insert into Diagram values('BT11-11_2879','BT11-20021200','11-40','E85 Z4 2.2i   Intake manifold system','');
insert into Diagram values('BT11-11_2880','BT11-20021200','11-40','E85 Z4 2.2i   MOUNTING PARTS F INTAKE MANIFOLD SYSTEM','');
insert into Diagram values('BT11-11_2885','BT11-20021200','11-45','E85 Z4 2.2i   Vacuum control - engine','');
insert into Diagram values('BT11-11_3419','BT11-20021200','11-50','E85 Z4 2.2i   EMISSION CONTROL-AIR PUMP','');
insert into Diagram values('BT11-12_1079','BT11-20021200','12-05','E85 Z4 2.2i   Sensors','');
insert into DiagramParts values('BT11-12_1104-12131712219', 'BT11-12_1104', 01, 'Ignition coil', 'BOSCH', 6, to_date('20020901','YYYYMMDD'), to_date('20090601','YYYYMMDD'), '12131712219', '$57.21', '', false);
insert into Diagram values('BT11-12_1104','BT11-20021200','12-05','E85 Z4 2.2i   Ignition coil/spark plug','');
insert into Diagram values('BT11-12_1240','BT11-20021200','12-10','E85 Z4 2.2i   Basic control unit DME / MS45.0','');
insert into Diagram values('BT11-12_1241','BT11-20021200','12-10','E85 Z4 2.2i   Programmed DME control unit','');
insert into Diagram values('BT11-12_1082','BT11-20021200','12-20','E85 Z4 2.2i   COMPACT ALTERNATOR','');
insert into Diagram values('BT11-12_1204','BT11-20021200','12-22','E85 Z4 2.2i   Generator single parts 120A Bosch','');
insert into Diagram values('BT11-12_1092','BT11-20021200','12-25','E85 Z4 2.2i   Starter','');
insert into Diagram values('BT11-12_1093','BT11-20021200','12-28','E85 Z4 2.2i   wiring harness, engine ignition module','');
insert into Diagram values('BT11-12_1094','BT11-20021200','12-28','E85 Z4 2.2i   Engine wiring harness, engine module','');
insert into Diagram values('BT11-12_1095','BT11-20021200','12-28','E85 Z4 2.2i   wiring harness, engine trans. module','');
insert into Diagram values('BT11-12_1106','BT11-20021200','12-29','E85 Z4 2.2i   Cable starter','');
insert into Diagram values('BT11-12_1107','BT11-20021200','12-29','E85 Z4 2.2i   Battery cable','');
insert into Diagram values('BT11-12_1141','BT11-20021200','12-29','E85 Z4 2.2i   DIVERSE SMALL PARTS','');
insert into Diagram values('BT11-12_0907','BT11-20021200','12-31','E85 Z4 2.2i   Cable holder','');
insert into Diagram values('BT11-12_1238','BT11-20021200','12-31','E85 Z4 2.2i   CABLE HOLDER/COVERING','');
insert into Diagram values('BT11-12_1328','BT11-20021200','12-31','E85 Z4 2.2i   Cable Harness Fixings','');
insert into Diagram values('BT11-12_1043','BT11-20021200','12-32','E85 Z4 2.2i   Laminated contacts/spring contacts','');
insert into Diagram values('BT11-12_1249','BT11-20021200','12-32','E85 Z4 2.2i   End cap','');
insert into Diagram values('BT11-12_1459','BT11-20021200','12-32','E85 Z4 2.2i   Contact system MLK','');
insert into Diagram values('BT11-12_1203','BT11-20021200','12-35','E85 Z4 2.2i   Control unit box','');
insert into Diagram values('BT11-12_1205','BT11-20021200','12-35','E85 Z4 2.2i   RELAY MOTOR','');
insert into Diagram values('BT11-13_0798','BT11-20021200','13-15','E85 Z4 2.2i   FUEL TANK BREATHER VALVE','');
insert into Diagram values('BT11-13_0900','BT11-20021200','13-15','E85 Z4 2.2i   VALVES/PIPES OF FUEL INJECTION SYSTEM','');
insert into Diagram values('BT11-13_0901','BT11-20021200','13-15','E85 Z4 2.2i   Throttle Housing Assy','');
insert into Diagram values('BT11-13_0995','BT11-20021200','13-15','E85 Z4 2.2i   Hot-film air mass meter','');
insert into Diagram values('BT11-13_0998','BT11-20021200','13-20','E85 Z4 2.2i   SUCTION SILENCER/FILTER CARTRIDGE','');
insert into Diagram values('BT11-13_0999','BT11-20021200','13-20','E85 Z4 2.2i   Sound generator','');
insert into Diagram values('BT11-16_0537','BT11-20021200','16-05','E85 Z4 2.2i   Fuel tank/mounting parts','');
insert into Diagram values('BT11-16_0540','BT11-20021200','16-10','E85 Z4 2.2i   Activated Charcoal Filter/FUEL VENTILAT','');
insert into Diagram values('BT11-16_0538','BT11-20021200','16-15','E85 Z4 2.2i   Fuel pipe and scavenging line','');
insert into Diagram values('BT11-16_0541','BT11-20021200','16-15','E85 Z4 2.2i   Fuel filter/pump/fuel level sensor','');
insert into Diagram values('BT11-17_0139','BT11-20021200','17-05','E85 Z4 2.2i   Fan shroud','');
insert into Diagram values('BT11-17_0141','BT11-20021200','17-05','E85 Z4 2.2i   Expansion tank, automatic transmission','');
insert into Diagram values('BT11-17_0143','BT11-20021200','17-05','E85 Z4 2.2i   expansion tank / mounting plate','');
insert into Diagram values('BT11-17_0145','BT11-20021200','17-05','E85 Z4 2.2i   MOUNTING PARTS F RADIATOR','');
insert into Diagram values('BT11-17_0250','BT11-20021200','17-05','E85 Z4 2.2i   TRANSMISSION OIL COOLING','');
insert into Diagram values('BT11-17_0249','BT11-20021200','17-30','E85 Z4 2.2i   Cooling System Water Hoses','');
insert into Diagram values('BT11-18_0496','BT11-20021200','18-10','E85 Z4 2.2i   Exhaust manifold with catalyst','');
insert into Diagram values('BT11-18_0497','BT11-20021200','18-10','E85 Z4 2.2i   Lambda Probe Fixings','');
insert into Diagram values('BT11-18_0498','BT11-20021200','18-10','E85 Z4 2.2i   FRONT MUFFLER','');
insert into Diagram values('BT11-18_0499','BT11-20021200','18-20','E85 Z4 2.2i   Exhaust system, rear','');
insert into Diagram values('BT11-18_0511','BT11-20021200','18-20','E85 Z4 2.2i   Exhaust pipe tip','');
insert into Diagram values('BT11-21_0179','BT11-20021200','21-05','E85 Z4 2.2i   Clutch','');
insert into Diagram values('BT11-21_0180','BT11-20021200','21-10','E85 Z4 2.2i   Clutch control','');
insert into Diagram values('BT11-22_0026','BT11-20021200','22-05','E85 Z4 2.2i   Engine Suspension','');
insert into Diagram values('BT11-22_0029','BT11-20021200','22-10','E85 Z4 2.2i   TRANSMISSION SUSPENSION','');
insert into Diagram values('BT11-22_0082','BT11-20021200','22-10','E85 Z4 2.2i   GEARBOX MOUNTING','');
insert into Diagram values('BT11-23_0116','BT11-20021200','23-05','E85 Z4 2.2i   Manual Transmission S5D...G','');
insert into Diagram values('BT11-23_0762','BT11-20021200','23-10','E85 Z4 2.2i   GEARBOX MOUNTING','');
insert into Diagram values('BT11-23_0128','BT11-20021200','23-15','E85 Z4 2.2i   S5D...G inner gear shifting parts','');
insert into Diagram values('BT11-23_0129','BT11-20021200','23-15','E85 Z4 2.2i   S5D...G inner gear shifting parts','');
insert into Diagram values('BT11-23_0224','BT11-20021200','23-15','E85 Z4 2.2i   S5D...G countershaft/reverse gear','');
insert into Diagram values('BT11-23_0234','BT11-20021200','23-15','E85 Z4 2.2i   S5D...G housing + mounting parts','');
insert into Diagram values('BT11-23_0719','BT11-20021200','23-15','E85 Z4 2.2i   S5D...G drive shaft/output shaft','');
insert into Diagram values('BT11-24_0829','BT11-20021200','24-05','E85 Z4 2.2i   automatic transmission A5S325Z','');
insert into Diagram values('BT11-24_0827','BT11-20021200','24-10','E85 Z4 2.2i   GEARBOX MOUNTING','');
insert into Diagram values('BT11-24_0887','BT11-20021200','24-15','E85 Z4 2.2i   A5S325Z HOUSING WITH MOUNTING PARTS','');
insert into Diagram values('BT11-24_0888','BT11-20021200','24-15','E85 Z4 2.2i   A5S325Z oil pan','');
insert into Diagram values('BT11-24_0889','BT11-20021200','24-15','E85 Z4 2.2i   A5S325Z lubrication system','');
insert into Diagram values('BT11-24_0890','BT11-20021200','24-15','E85 Z4 2.2i   A5S325Z Output','');
insert into Diagram values('BT11-24_0891','BT11-20021200','24-15','E85 Z4 2.2i   A5S325Z PARKING LOCK','');
insert into Diagram values('BT11-24_0892','BT11-20021200','24-15','E85 Z4 2.2i   A5S325Z control unit','');
insert into Diagram values('BT11-24_0893','BT11-20021200','24-15','E85 Z4 2.2i   A5S325Z wiring/oil filt./pulse generator','');
insert into Diagram values('BT11-24_0894','BT11-20021200','24-15','E85 Z4 2.2i   A5S325Z pressure regulat./solenoid valve','');
insert into Diagram values('BT11-24_1372','BT11-20021200','24-15','E85 Z4 2.2i   Fluid-change kit, autom. transmission','');
insert into Diagram values('BT11-24_1374','BT11-20021200','24-15','E85 Z4 2.2i   Fluid-change kit, autom. transmission','');
insert into Diagram values('BT11-24_0831','BT11-20021200','24-20','E85 Z4 2.2i   Control unit EGS, programmed','');
insert into Diagram values('BT11-24_0832','BT11-20021200','24-20','E85 Z4 2.2i   BASIC CONTROL UNIT EGS','');
insert into DiagramParts values('BT11-25_0342-25111220439', 'BT11-25_0342', 09, 'Plastic washer', '10X16X0,9', 2, to_date('20031101','YYYYMMDD'), to_date('20050301','YYYYMMDD'), '25111220439', '$0.25', '', false);
insert into Diagram values('BT11-25_0342','BT11-20021200','25-05','E85 Z4 2.2i   Gearbox shifting part','');
insert into Diagram values('BT11-25_0341','BT11-20021200','25-10','E85 Z4 2.2i   GEAR SHIFT KNOBS/SHIFT LEVER COVERINGS','');
insert into Diagram values('BT11-25_0301','BT11-20021200','25-20','E85 Z4 2.2i   AUTOM.TRANSMISS.STEPTRONIC SHIFT PARTS','');
insert into Diagram values('BT11-25_0344','BT11-20021200','25-25','E85 Z4 2.2i   Selector lever handles / Covers','');
insert into Diagram values('BT11-25_0329','BT11-20021200','25-95','E85 Z4 2.2i   Retrofit, leather selector lever knob','');
insert into Diagram values('BT11-25_0422','BT11-20021200','25-95','E85 Z4 2.2i   Retrofit, wooden selector lever knob','');
insert into Diagram values('BT11-26_0192','BT11-20021200','26-05','E85 Z4 2.2i   Drive shaft (swivel joint)','');
insert into Diagram values('BT11-26_0193','BT11-20021200','26-10','E85 Z4 2.2i   DRIVE SHAFT-CENT.BEARING-UNIVERSAL JOINT','');
insert into Diagram values('BT11-31_0642','BT11-20021200','31-05','E85 Z4 2.2i   FRONT AXLE SUPPORT/WISHBONE','');
insert into Diagram values('BT11-31_0644','BT11-20021200','31-05','E85 Z4 2.2i   HEADLIGHT VERTICAL AIM CONTROL SENSOR','');
insert into Diagram values('BT11-31_0395','BT11-20021200','31-10','E85 Z4 2.2i   FRONT COIL SPRING','');
insert into Diagram values('BT11-31_0645','BT11-20021200','31-10','E85 Z4 2.2i   Wheel bearings','');
insert into Diagram values('BT11-31_0646','BT11-20021200','31-10','E85 Z4 2.2i   FRONT SPRING STRUT/SHOCK ABSORBER','');
insert into Diagram values('BT11-31_0648','BT11-20021200','31-10','E85 Z4 2.2i   GUIDE SUPPORT/SPRING PAD/ATTACHING PARTS','');
insert into Diagram values('BT11-31_0649','BT11-20021200','31-10','E85 Z4 2.2i   Stabilizer, front','');
insert into Diagram values('BT11-32_1371','BT11-20021200','32-05','E85 Z4 2.2i   STEERING LINKAGE/TIE RODS','');
insert into Diagram values('BT11-32_1373','BT11-20021200','32-05','E85 Z4 2.2i   STEERING GEAR','');
insert into Diagram values('BT11-32_1382','BT11-20021200','32-30','E85 Z4 2.2i   STEER.COL.-LOWER JOINT ASSY','');
insert into Diagram values('BT11-32_1383','BT11-20021200','32-30','E85 Z4 2.2i   Steering column/trim/interlock cable','');
insert into Diagram values('BT11-32_1384','BT11-20021200','32-30','E85 Z4 2.2i   Steering column attach. parts/lock cyl.','');
insert into Diagram values('BT11-32_1385','BT11-20021200','32-35','E85 Z4 2.2i   Airbag sports steering wheel','');
insert into Diagram values('BT11-32_1418','BT11-20021200','32-35','E85 Z4 2.2i   Sports steering wheel airbag w/paddles','');
insert into Diagram values('BT11-32_1488','BT11-20021200','32-35','E85 Z4 2.2i   Airbag sports steering wheel multifunct.','');
insert into Diagram values('BT11-32_1489','BT11-20021200','32-35','E85 Z4 2.2i   Sports st. wheel airbag multif./paddles','');
insert into Diagram values('BT11-32_1588','BT11-20021200','32-35','E85 Z4 2.2i   M sports steer.-wheel, airbag, leather','');
insert into Diagram values('BT11-32_1595','BT11-20021200','32-35','E85 Z4 2.2i   M sports strng whl,airbag,multifunction','');
insert into Diagram values('BT11-32_1596','BT11-20021200','32-35','E85 Z4 2.2i   Sports steering wheel,leather/wdn. ring','');
insert into Diagram values('BT11-32_1597','BT11-20021200','32-35','E85 Z4 2.2i   Sports st.-wheel,leather/wd.ring,multif.','');
insert into Diagram values('BT11-32_1598','BT11-20021200','32-35','E85 Z4 2.2i   Sp. s.wh.,leath./wd. ring multif./padl.','');
insert into Diagram values('BT11-32_1391','BT11-20021200','32-95','E85 Z4 2.2i   St.wheel rim sport, leather/wood','');
insert into Diagram values('BT11-32_1475','BT11-20021200','32-95','E85 Z4 2.2i   Retrofit kit, multifunct. steering wheel','');
insert into Diagram values('BT11-33_1142','BT11-20021200','33-05','E85 Z4 2.2i   DIFFERENTIAL-DRIVE/OUTPUT','');
insert into Diagram values('BT11-33_1147','BT11-20021200','33-10','E85 Z4 2.2i   Final drive, gasket set','');
insert into Diagram values('BT11-33_1197','BT11-20021200','33-10','E85 Z4 2.2i   Final drive, gasket set','');
insert into Diagram values('BT11-33_1148','BT11-20021200','33-25','E85 Z4 2.2i   Output shaft','');
insert into Diagram values('BT11-33_1137','BT11-20021200','33-30','E85 Z4 2.2i   HEADLIGHT VERTICAL AIM CONTROL SENSOR','');
insert into DiagramParts values('BT11-33_1138-33326769647', 'BT11-33_1138', 10, 'Hex bolt with washer', 'M14X1,5X138ZNS3', 1, to_date('20060901','YYYYMMDD'), to_date('20080201','YYYYMMDD'), '33326769647', '$6.40', '', false);
insert into DiagramParts values('BT11-33_1138-33176779816', 'BT11-33_1138', 11, 'Shim', '5MM', 1, to_date('20060901','YYYYMMDD'), to_date('20080201','YYYYMMDD'), '33176779816', '$5.00', '', false);
insert into Diagram values('BT11-33_1138','BT11-20021200','33-30','E85 Z4 2.2i   REAR AXLE CARRIER','');
insert into Diagram values('BT11-33_1139','BT11-20021200','33-30','E85 Z4 2.2i   REAR AXLE SUPPORT/WHEEL SUSPENSION','');
insert into Diagram values('BT11-33_1140','BT11-20021200','33-40','E85 Z4 2.2i   SIDE SHAFT/WHEEL BEARINGS','');
insert into Diagram values('BT11-33_0828','BT11-20021200','33-45','E85 Z4 2.2i   Barrel spring rear','');
insert into Diagram values('BT11-33_1141','BT11-20021200','33-45','E85 Z4 2.2i   Stabilizer, rear','');
insert into Diagram values('BT11-33_1143','BT11-20021200','33-45','E85 Z4 2.2i   REAR SPRING STRUT MOUNTING PARTS','');
insert into Diagram values('BT11-34_1282','BT11-20021200','34-05','E85 Z4 2.2i   Front brake pad wear sensor','');
insert into Diagram values('BT11-34_1284','BT11-20021200','34-07','E85 Z4 2.2i   Front brake-brake disc','');
insert into Diagram values('BT11-34_1285','BT11-20021200','34-10','E85 Z4 2.2i   Rear brake pad wear sensor','');
insert into Diagram values('BT11-34_1286','BT11-20021200','34-12','E85 Z4 2.2i   Rear wheel brake-Brake disc','');
insert into Diagram values('BT11-34_1287','BT11-20021200','34-15','E85 Z4 2.2i   Brake pipe, front','');
insert into Diagram values('BT11-34_1499','BT11-20021200','34-15','E85 Z4 2.2i   Brake pipe, front','');
insert into Diagram values('BT11-34_1288','BT11-20021200','34-17','E85 Z4 2.2i   Brake pipe rear','');
insert into Diagram values('BT11-34_1500','BT11-20021200','34-17','E85 Z4 2.2i   Brake pipe rear','');
insert into Diagram values('BT11-34_1289','BT11-20021200','34-20','E85 Z4 2.2i   Hydro unit DSC/fastening/sensors','');
insert into Diagram values('BT11-34_1308','BT11-20021200','34-20','E85 Z4 2.2i   Hydro unit DSC/fastening/sensors','');
insert into Diagram values('BT11-34_1290','BT11-20021200','34-25','E85 Z4 2.2i   Brake master cylinder','');
insert into Diagram values('BT11-34_1529','BT11-20021200','34-25','E85 Z4 2.2i   Brake master cylinder','');
insert into Diagram values('BT11-34_1291','BT11-20021200','34-27','E85 Z4 2.2i   Power brake unit depression','');
insert into Diagram values('BT11-34_1318','BT11-20021200','34-27','E85 Z4 2.2i   Power brake unit depression','');
insert into Diagram values('BT11-34_1292','BT11-20021200','34-30','E85 Z4 2.2i   Handbrake lever','');
insert into Diagram values('BT11-34_1293','BT11-20021200','34-40','E85 Z4 2.2i   PARKING BRAKE/BRAKE SHOES','');
insert into Diagram values('BT11-34_1562','BT11-20021200','34-95','E85 Z4 2.2i   Handbrake grip with chrome inlay','');
insert into Diagram values('BT11-35_0186','BT11-20021200','35-05','E85 Z4 2.2i   PEDALS/STOP LIGHT SWITCH','');
insert into Diagram values('BT11-35_0274','BT11-20021200','35-20','E85 Z4 2.2i   Acceleration/accelerator pedal module','');
insert into Diagram values('BT11-35_0315','BT11-20021200','35-95','E85 Z4 2.2i   Set of high-grade steel pedal covers','');
insert into Diagram values('BT11-35_0377','BT11-20021200','35-95','E85 Z4 2.2i   Aluminum pedal covers','');
insert into Diagram values('BT11-36_0634','BT11-20021200','36-15','E85 Z4 2.2i   BMW LA wheel, star spoke 102','');
insert into Diagram values('BT11-36_0635','BT11-20021200','36-15','E85 Z4 2.2i   BMW LA wheel/double spoke 103','');
insert into Diagram values('BT11-36_0636','BT11-20021200','36-15','E85 Z4 2.2i   BMW LA wheel, star spoke 104','');
insert into Diagram values('BT11-36_0637','BT11-20021200','36-15','E85 Z4 2.2i   BMW LA wheel turbine styling 106','');
insert into Diagram values('BT11-36_0638','BT11-20021200','36-15','E85 Z4 2.2i   BMW compound wheel M cross spoke 101','');
insert into Diagram values('BT11-36_0640','BT11-20021200','36-15','E85 Z4 2.2i   BMW composite wheel, double spoke 71','');
insert into Diagram values('BT11-36_0641','BT11-20021200','36-15','E85 Z4 2.2i   BMW LA wheel/double spoke 125','');
insert into Diagram values('BT11-36_0642','BT11-20021200','36-15','E85 Z4 2.2i   BMW LA wheel, ellipsoid styling 107','');
insert into Diagram values('BT11-36_0643','BT11-20021200','36-15','E85 Z4 2.2i   BMW Composite wheel, star spoke 108','');
insert into Diagram values('BT11-36_0644','BT11-20021200','36-15','E85 Z4 2.2i   BMW LA wheel, star spoke 105','');
insert into Diagram values('BT11-36_0666','BT11-20021200','36-15','E85 Z4 2.2i   BMW light alloy wheel, cross spoke 133','');
insert into Diagram values('BT11-36_0703','BT11-20021200','36-15','E85 Z4 2.2i   BMW Composite wheel, cross spoke 78','');
insert into Diagram values('BT11-36_0759','BT11-20021200','36-15','E85 Z4 2.2i   BMW LA Individual wheel V-spoke 152','');
insert into Diagram values('BT11-36_0824','BT11-20021200','36-15','E85 Z4 2.2i   BMW alloy wheel, M double spoke 135','');
insert into Diagram values('BT11-36_0950','BT11-20021200','36-15','E85 Z4 2.2i   BMW LA wheel, star spoke 200','');
insert into Diagram values('BT11-36_0951','BT11-20021200','36-15','E85 Z4 2.2i   BMW LA wheel turbine styling 201','');
insert into Diagram values('BT11-36_0952','BT11-20021200','36-15','E85 Z4 2.2i   BMW LA wheel, ellipsoid styling 202','');
insert into Diagram values('BT11-36_0963','BT11-20021200','36-15','E85 Z4 2.2i   BMW LA wheel, star spoke 203','');
insert into Diagram values('BT11-36_1038','BT11-20021200','36-15','E85 Z4 2.2i   BMW LA wheel, star spoke 241','');
insert into Diagram values('BT11-36_1133','BT11-20021200','36-15','E85 Z4 2.2i   BMW Performance LA wheel/double spoke269','');
insert into Diagram values('BT11-36_0716','BT11-20021200','36-20','E85 Z4 2.2i   Balance weight, lead','');
insert into Diagram values('BT11-36_0887','BT11-20021200','36-20','E85 Z4 2.2i   Balance weight, zinc','');
insert into DiagramParts values('BT11-36_0786-36136765548', 'BT11-36_0786', 02, 'WHEEL BOLT WITH CODE', 'CODE 30', 4, to_date('20040401','YYYYMMDD'), to_date('20071201','YYYYMMDD'), '36136765548', '', 'ENDED', false);
insert into DiagramParts values('BT11-36_0786-36136765549', 'BT11-36_0786', 02, 'WHEEL BOLT WITH CODE', 'CODE 31', 4, to_date('20040401','YYYYMMDD'), to_date('20071201','YYYYMMDD'), '36136765549', '', 'ENDED', false);
insert into DiagramParts values('BT11-36_0786-36136765550', 'BT11-36_0786', 02, 'WHEEL BOLT WITH CODE', 'CODE 32', 4, to_date('20040401','YYYYMMDD'), to_date('20071201','YYYYMMDD'), '36136765550', '', 'ENDED', false);
insert into DiagramParts values('BT11-36_0786-36136765551', 'BT11-36_0786', 02, 'WHEEL BOLT WITH CODE', 'CODE 33', 4, to_date('20040401','YYYYMMDD'), to_date('20071201','YYYYMMDD'), '36136765551', '', 'ENDED', false);
insert into DiagramParts values('BT11-36_0786-36136765552', 'BT11-36_0786', 02, 'WHEEL BOLT WITH CODE', 'CODE 34', 4, to_date('20040401','YYYYMMDD'), to_date('20071201','YYYYMMDD'), '36136765552', '', 'ENDED', false);
insert into DiagramParts values('BT11-36_0786-36136765553', 'BT11-36_0786', 02, 'WHEEL BOLT WITH CODE', 'CODE 35', 4, to_date('20040401','YYYYMMDD'), to_date('20071201','YYYYMMDD'), '36136765553', '', 'ENDED', false);
insert into DiagramParts values('BT11-36_0786-36136765554', 'BT11-36_0786', 02, 'WHEEL BOLT WITH CODE', 'CODE 36', 4, to_date('20040401','YYYYMMDD'), to_date('20071201','YYYYMMDD'), '36136765554', '', 'ENDED', false);
insert into DiagramParts values('BT11-36_0786-36136765555', 'BT11-36_0786', 02, 'WHEEL BOLT WITH CODE', 'CODE 37', 4, to_date('20040401','YYYYMMDD'), to_date('20071201','YYYYMMDD'), '36136765555', '', 'ENDED', false);
insert into DiagramParts values('BT11-36_0786-36136765556', 'BT11-36_0786', 02, 'WHEEL BOLT WITH CODE', 'CODE 38', 4, to_date('20040401','YYYYMMDD'), to_date('20071201','YYYYMMDD'), '36136765556', '', 'ENDED', false);
insert into DiagramParts values('BT11-36_0786-36136765557', 'BT11-36_0786', 02, 'WHEEL BOLT WITH CODE', 'CODE 40', 4, to_date('20040401','YYYYMMDD'), to_date('20071201','YYYYMMDD'), '36136765557', '', 'ENDED', false);
insert into Diagram values('BT11-36_0786','BT11-20021200','36-25','E85 Z4 2.2i   WHEEL BOLT LOCK WITH ADAPTOR','');
insert into Diagram values('BT11-36_0830','BT11-20021200','36-25','E85 Z4 2.2i   WHEEL BOLT LOCK WITH ADAPTOR','');
insert into Diagram values('BT11-36_1032','BT11-20021200','36-25','E85 Z4 2.2i   SET WHEEL LOCKS','');
insert into Diagram values('BT11-36_0656','BT11-20021200','36-30','E85 Z4 2.2i   Summer tires','');
insert into Diagram values('BT11-36_1073','BT11-20021200','36-30','E85 Z4 2.2i   Winter tires','');
insert into Diagram values('BT11-41_1447','BT11-20021200','41-05','E85 Z4 2.2i   Body skeleton','');
insert into Diagram values('BT11-41_1449','BT11-20021200','41-10','E85 Z4 2.2i   FRONT BODY BRACKET LEFT','');
insert into Diagram values('BT11-41_1450','BT11-20021200','41-10','E85 Z4 2.2i   FRONT BODY BRACKET RIGHT','');
insert into Diagram values('BT11-41_1451','BT11-20021200','41-10','E85 Z4 2.2i   Front side panel','');
insert into Diagram values('BT11-41_1464','BT11-20021200','41-10','E85 Z4 2.2i   SPLASH WALL PARTS','');
insert into Diagram values('BT11-41_1479','BT11-20021200','41-10','E85 Z4 2.2i   WHEELHOUSE/ENGINE SUPPORT','');
insert into Diagram values('BT11-41_1448','BT11-20021200','41-15','E85 Z4 2.2i   Outer panel','');
insert into Diagram values('BT11-41_1461','BT11-20021200','41-20','E85 Z4 2.2i   Partition trunk','');
insert into Diagram values('BT11-41_1463','BT11-20021200','41-20','E85 Z4 2.2i   SINGLE COMPONENTS FOR BODY-SIDE FRAME','');
insert into Diagram values('BT11-41_1452','BT11-20021200','41-25','E85 Z4 2.2i   SIDE PANEL/TAIL TRIM','');
insert into Diagram values('BT11-41_1457','BT11-20021200','41-25','E85 Z4 2.2i   REAR FLOOR PARTS','');
insert into Diagram values('BT11-41_1458','BT11-20021200','41-25','E85 Z4 2.2i   FLOOR PANEL TRUNK/WHEEL HOUSING REAR','');
insert into Diagram values('BT11-41_1453','BT11-20021200','41-35','E85 Z4 2.2i   ENGINE HOOD/MOUNTING PARTS','');
insert into Diagram values('BT11-41_1454','BT11-20021200','41-40','E85 Z4 2.2i   FRONT DOOR-HINGE/DOOR BRAKE','');
insert into Diagram values('BT11-41_1476','BT11-20021200','41-40','E85 Z4 2.2i   Key with accumulator battery','');
insert into Diagram values('BT11-41_1477','BT11-20021200','41-40','E85 Z4 2.2i   DOOR HANDLE FRONT/LOCK, SINGLE PARTS','');
insert into Diagram values('BT11-41_1478','BT11-20021200','41-40','E85 Z4 2.2i   Door weatherstrip front','');
insert into Diagram values('BT11-41_1475','BT11-20021200','41-50','E85 Z4 2.2i   Master key locking','');
insert into Diagram values('BT11-41_1455','BT11-20021200','41-60','E85 Z4 2.2i   SINGLE COMPONENTS FOR TRUNK LID','');
insert into Diagram values('BT11-41_1456','BT11-20021200','41-65','E85 Z4 2.2i   MECHANICAL CONNECTION ELEMENTS','');
insert into Diagram values('BT11-51_4858','BT11-20021200','51-05','E85 Z4 2.2i   Glazing','');
insert into Diagram values('BT11-51_4893','BT11-20021200','51-07','E85 Z4 2.2i   MIRROR GLASS','');
insert into Diagram values('BT11-51_4969','BT11-20021200','51-07','E85 Z4 2.2i   Outside mirror','');
insert into Diagram values('BT11-51_5423','BT11-20021200','51-07','E85 Z4 2.2i   Outside mirror bright-black','');
insert into Diagram values('BT11-51_4859','BT11-20021200','51-10','E85 Z4 2.2i   Door window lifting mechanism','');
insert into Diagram values('BT11-51_4847','BT11-20021200','51-15','E85 Z4 2.2i   Carrier, bumper front','');
insert into Diagram values('BT11-51_4848','BT11-20021200','51-15','E85 Z4 2.2i   Trim panel, bumper, front','');
insert into Diagram values('BT11-51_4862','BT11-20021200','51-16','E85 Z4 2.2i   Door sill','');
insert into Diagram values('BT11-51_4854','BT11-20021200','51-17','E85 Z4 2.2i   Bumper trim panel, rear','');
insert into Diagram values('BT11-51_4855','BT11-20021200','51-17','E85 Z4 2.2i   Carrier, bumper rear','');
insert into Diagram values('BT11-51_4863','BT11-20021200','51-20','E85 Z4 2.2i   Exterior trim / Grille / Seals','');
insert into Diagram values('BT11-51_4901','BT11-20021200','51-20','E85 Z4 2.2i   Emblems','');
insert into Diagram values('BT11-51_4937','BT11-20021200','51-30','E85 Z4 2.2i   Trim panel dashboard LOWER','');
insert into Diagram values('BT11-51_4946','BT11-20021200','51-30','E85 Z4 2.2i   GLOVE BOX','');
insert into Diagram values('BT11-51_4949','BT11-20021200','51-30','E85 Z4 2.2i   Trim panel dashboard mounting parts','');
insert into Diagram values('BT11-51_4950','BT11-20021200','51-30','E85 Z4 2.2i   Trim panel dashboard, support tube','');
insert into Diagram values('BT11-51_4931','BT11-20021200','51-35','E85 Z4 2.2i   CENTER CONSOLE STORING PARTITION','');
insert into Diagram values('BT11-51_4939','BT11-20021200','51-35','E85 Z4 2.2i   Center console, rear','');
insert into Diagram values('BT11-51_4918','BT11-20021200','51-40','E85 Z4 2.2i   Trim panel roll bar','');
insert into Diagram values('BT11-51_4920','BT11-20021200','51-40','E85 Z4 2.2i   Trim panel A-column/Int.windshield panel','');
insert into Diagram values('BT11-51_4922','BT11-20021200','51-40','E85 Z4 2.2i   Sun visor','');
insert into Diagram values('BT11-51_4923','BT11-20021200','51-40','E85 Z4 2.2i   Interior mirror','');
insert into Diagram values('BT11-51_4941','BT11-20021200','51-40','E85 Z4 2.2i   TRIM PANEL COLUMN CENTER','');
insert into Diagram values('BT11-51_4942','BT11-20021200','51-40','E85 Z4 2.2i   WINDSHIELD FRAME COVER','');
insert into Diagram values('BT11-51_4935','BT11-20021200','51-45','E85 Z4 2.2i   Real wood version, plane tree high gloss','');
insert into Diagram values('BT11-51_5006','BT11-20021200','51-45','E85 Z4 2.2i   Trim items, Rutheniumgrau metallic','');
insert into Diagram values('BT11-51_5007','BT11-20021200','51-45','E85 Z4 2.2i   Interior trim finishers, aluminium','');
insert into Diagram values('BT11-51_5395','BT11-20021200','51-45','E85 Z4 2.2i   Real wood version mahogany maritim','');
insert into Diagram values('BT11-51_5398','BT11-20021200','51-45','E85 Z4 2.2i   Real natural poplar wood','');
insert into Diagram values('BT11-51_5655','BT11-20021200','51-45','E85 Z4 2.2i   Fine-wood trim poplar grain light','');
insert into Diagram values('BT11-51_5814','BT11-20021200','51-45','E85 Z4 2.2i   Decor strips, leather, felted nappa','');
insert into Diagram values('BT11-51_5815','BT11-20021200','51-45','E85 Z4 2.2i   Decor strips, glossy leather','');
insert into Diagram values('BT11-51_5967','BT11-20021200','51-45','E85 Z4 2.2i   Interior strips, piano lacquer, black','');
insert into Diagram values('BT11-51_4911','BT11-20021200','51-50','E85 Z4 2.2i   Door trim panel','');
insert into DiagramParts values('BT11-51_4912-51417141064', 'BT11-51_4912', 03, 'DOOR HANDLE INNER RIGHT', 'BEIGE', 1, to_date('20041001','YYYYMMDD'), to_date('20060301','YYYYMMDD'), '51417141064', '$32.84', '+core', false);
insert into DiagramParts values('BT11-51_4912-51417141062', 'BT11-51_4912', 03, 'DOOR HANDLE INNER RIGHT', 'SCHWARZ', 1, to_date('20041001','YYYYMMDD'), to_date('20071101','YYYYMMDD'), '51417141062', '$35.34', '', false);
insert into Diagram values('BT11-51_4912','BT11-20021200','51-50','E85 Z4 2.2i   DOOR LINING SINGLE PARTS','');
insert into Diagram values('BT11-51_4916','BT11-20021200','51-50','E85 Z4 2.2i   Lateral trim panel rear','');
insert into Diagram values('BT11-51_4828','BT11-20021200','51-55','E85 Z4 2.2i   Floor mats, velours','');
insert into Diagram values('BT11-51_4921','BT11-20021200','51-55','E85 Z4 2.2i   TRIM PANEL LEG ROOM','');
insert into Diagram values('BT11-51_4929','BT11-20021200','51-55','E85 Z4 2.2i   FLOOR COVERING','');
insert into Diagram values('BT11-51_4940','BT11-20021200','51-55','E85 Z4 2.2i   Cover, entrance','');
insert into Diagram values('BT11-51_4953','BT11-20021200','51-65','E85 Z4 2.2i   Trunk trim panel','');
insert into Diagram values('BT11-51_4954','BT11-20021200','51-65','E85 Z4 2.2i   LATERAL TRUNK FLOOR TRIM PANEL','');
insert into Diagram values('BT11-51_4962','BT11-20021200','51-65','E85 Z4 2.2i   SINGLE COMPONENTS FOR TRUNK LID','');
insert into Diagram values('BT11-51_4955','BT11-20021200','51-70','E85 Z4 2.2i   Sound insulation','');
insert into Diagram values('BT11-51_4956','BT11-20021200','51-70','E85 Z4 2.2i   Heat insulation','');
insert into Diagram values('BT11-51_4951','BT11-20021200','51-75','E85 Z4 2.2i   Wheel arch trim, front','');
insert into Diagram values('BT11-51_4952','BT11-20021200','51-75','E85 Z4 2.2i   Wheel arch trim, rear','');
insert into Diagram values('BT11-51_4958','BT11-20021200','51-75','E85 Z4 2.2i   Strut brace','');
insert into Diagram values('BT11-51_4959','BT11-20021200','51-75','E85 Z4 2.2i   FRONT PANEL','');
insert into Diagram values('BT11-51_4960','BT11-20021200','51-75','E85 Z4 2.2i   Mounting parts, engine compartment','');
insert into Diagram values('BT11-51_4963','BT11-20021200','51-75','E85 Z4 2.2i   Air duct','');
insert into Diagram values('BT11-51_4957','BT11-20021200','51-80','E85 Z4 2.2i   Reinforcement, body','');
insert into Diagram values('BT11-51_4961','BT11-20021200','51-80','E85 Z4 2.2i   Various body parts','');
insert into Diagram values('BT11-51_4964','BT11-20021200','51-80','E85 Z4 2.2i   Sealing cap/plug','');
insert into Diagram values('BT11-51_4643','BT11-20021200','51-95','E85 Z4 2.2i   Non-skid mat','');
insert into Diagram values('BT11-51_4829','BT11-20021200','51-95','E85 Z4 2.2i   Floor mats, velours','');
insert into Diagram values('BT11-51_5009','BT11-20021200','51-95','E85 Z4 2.2i   Retrofit real wood version, plane tree','');
insert into Diagram values('BT11-51_5010','BT11-20021200','51-95','E85 Z4 2.2i   Cup holder retrofit, front','');
insert into Diagram values('BT11-51_5011','BT11-20021200','51-95','E85 Z4 2.2i   Retrofit, floor net','');
insert into Diagram values('BT11-51_5029','BT11-20021200','51-95','E85 Z4 2.2i   Aerodynamics package','');
insert into Diagram values('BT11-51_5047','BT11-20021200','51-95','E85 Z4 2.2i   Fitted luggage compartment mat','');
insert into Diagram values('BT11-51_5220','BT11-20021200','51-95','E85 Z4 2.2i   Boot/trunk floor net','');
insert into Diagram values('BT11-51_5221','BT11-20021200','51-95','E85 Z4 2.2i   FLOOR MATS CITY','');
insert into Diagram values('BT11-51_5269','BT11-20021200','51-95','E85 Z4 2.2i   Rear spoiler','');
insert into Diagram values('BT11-51_5273','BT11-20021200','51-95','E85 Z4 2.2i   Retrofit, graphite grille','');
insert into Diagram values('BT11-51_5362','BT11-20021200','51-95','E85 Z4 2.2i   Luggage compartment, folding','');
insert into Diagram values('BT11-51_5397','BT11-20021200','51-95','E85 Z4 2.2i   Retrofit real Mahogany maritim wood','');
insert into Diagram values('BT11-51_5399','BT11-20021200','51-95','E85 Z4 2.2i   Interior moldings Carbon','');
insert into Diagram values('BT11-51_5400','BT11-20021200','51-95','E85 Z4 2.2i   Alu-look radiator cover','');
insert into Diagram values('BT11-51_5411','BT11-20021200','51-95','E85 Z4 2.2i   Rubber mat','');
insert into Diagram values('BT11-51_5688','BT11-20021200','51-95','E85 Z4 2.2i   Luggage compatment box "multifix"','');
insert into Diagram values('BT11-51_5738','BT11-20021200','51-95','E85 Z4 2.2i   Umbrella with bag','');
insert into Diagram values('BT11-51_5954','BT11-20021200','51-95','E85 Z4 2.2i   Load edge protector','');
insert into Diagram values('BT11-51_5971','BT11-20021200','51-95','E85 Z4 2.2i   Strut brace','');
insert into Diagram values('BT11-51_6108','BT11-20021200','51-95','E85 Z4 2.2i   Retrof.,alumin. decor strips,Pianolack','');
insert into Diagram values('BT11-51_6157','BT11-20021200','51-95','E85 Z4 2.2i   Retrofit,precious poplar wood-grain,lght','');
insert into Diagram values('BT11-51_6158','BT11-20021200','51-95','E85 Z4 2.2i   Retrofit poplar woodgrain brown','');
insert into Diagram values('BT11-51_6159','BT11-20021200','51-95','E85 Z4 2.2i   Retrofit, decor strips, alum. Cirrus','');
insert into Diagram values('BT11-51_6160','BT11-20021200','51-95','E85 Z4 2.2i   Retrofit deco. strips fine-gnd. alu.','');
insert into Diagram values('BT11-51_6161','BT11-20021200','51-95','E85 Z4 2.2i   Retrofit,decor strips,alum. Silver Grid','');
insert into Diagram values('BT11-51_6163','BT11-20021200','51-95','E85 Z4 2.2i   Retrofit real Mahogany wood','');
insert into Diagram values('BT11-51_6164','BT11-20021200','51-95','E85 Z4 2.2i   Retrofit fine wood, natural poplar','');
insert into Diagram values('BT11-51_6442','BT11-20021200','51-95','E85 Z4 2.2i   Retrofit model update 2006','');
insert into Diagram values('BT11-51_6639','BT11-20021200','51-95','E85 Z4 2.2i   Protective loading edge mat','');
insert into Diagram values('BT11-51_6695','BT11-20021200','51-95','E85 Z4 2.2i   Storage net, footwell, front','');
insert into Diagram values('BT11-51_7191','BT11-20021200','51-95','E85 Z4 2.2i   Retrofit trim grill','');
insert into Diagram values('BT11-51_7236','BT11-20021200','51-95','E85 Z4 2.2i   Footmat update','');
insert into Diagram values('BT11-51_7713','BT11-20021200','51-95','E85 Z4 2.2i   Multifunct.lugg.compartm.mat w.fold.cont','');
insert into Diagram values('BT11-51_8051','BT11-20021200','51-95','E85 Z4 2.2i   First-aid kit, universal','');
insert into Diagram values('BT11-52_2966','BT11-20021200','52-10','E85 Z4 2.2i   Seat, front, complete seat','');
insert into Diagram values('BT11-52_2967','BT11-20021200','52-10','E85 Z4 2.2i   Seat, front, head restraint, base seat','');
insert into Diagram values('BT11-52_2968','BT11-20021200','52-10','E85 Z4 2.2i   Seat front, upholstery & cover base seat','');
insert into Diagram values('BT11-52_2969','BT11-20021200','52-10','E85 Z4 2.2i   SINGLE PARTS OF FRONT SEAT CONTROLS','');
insert into Diagram values('BT11-52_2970','BT11-20021200','52-10','E85 Z4 2.2i   FRONT SEAT FRAME MECH./EL./SINGL.PARTS','');
insert into Diagram values('BT11-52_2971','BT11-20021200','52-10','E85 Z4 2.2i   FRONT SEAT BACKREST FRAME/REAR PANEL','');
insert into Diagram values('BT11-52_2972','BT11-20021200','52-10','E85 Z4 2.2i   Cover material, running meter','');
insert into Diagram values('BT11-52_2973','BT11-20021200','52-10','E85 Z4 2.2i   FRONT SEAT RAIL','');
insert into Diagram values('BT11-52_2974','BT11-20021200','52-10','E85 Z4 2.2i   FRONT SEAT RAIL ELECTRICAL/SINGLE PARTS','');
insert into Diagram values('BT11-52_3067','BT11-20021200','52-10','E85 Z4 2.2i   Seat, front, complete seat','');
insert into Diagram values('BT11-52_3068','BT11-20021200','52-10','E85 Z4 2.2i   Seat, front, uphlstry, cover, Sport seat','');
insert into Diagram values('BT11-52_3069','BT11-20021200','52-10','E85 Z4 2.2i   FRONT SEAT BACKREST FRAME/REAR PANEL','');
insert into Diagram values('BT11-52_3070','BT11-20021200','52-10','E85 Z4 2.2i   Seat, front, seat frame','');
insert into Diagram values('BT11-52_3071','BT11-20021200','52-10','E85 Z4 2.2i   Seat, front, tilt adjustment','');
insert into Diagram values('BT11-52_2895','BT11-20021200','52-95','E85 Z4 2.2i   Easy-on/Easy-off Seat Cover','');
insert into Diagram values('BT11-52_2987','BT11-20021200','52-95','E85 Z4 2.2i   FRONT SEAT BACKREST FRAME/REAR PANEL','');
insert into Diagram values('BT11-52_3032','BT11-20021200','52-95','E85 Z4 2.2i   INSTALLING SET HEATED SEAT FRONT','');
insert into DiagramParts values('BT11-54_0310-54317160278', 'BT11-54_0310', 01, 'MANUAL FOLDING TOP', 'SCHWARZ', 1, to_date('20041001','YYYYMMDD'), to_date('20070701','YYYYMMDD'), '54317160278', '', 'ENDED', false);
insert into Diagram values('BT11-54_0310','BT11-20021200','54-10','E85 Z4 2.2i   Folding top','');
insert into DiagramParts values('BT11-54_0311-54347191220', 'BT11-54_0311', 01, 'Folding top with head lining', 'SCHWARZ', 1, to_date('20060501','YYYYMMDD'), to_date('20070701','YYYYMMDD'), '54347191220', '', 'ENDED', false);
insert into DiagramParts values('BT11-54_0311-54347191233', 'BT11-54_0311', 01, 'Folding top with head lining', 'GRAU', 1, to_date('20060501','YYYYMMDD'), to_date('20070701','YYYYMMDD'), '54347191233', '', 'ENDED', false);
insert into DiagramParts values('BT11-54_0311-54347191234', 'BT11-54_0311', 01, 'Folding top with head lining', 'BEIGE', 1, to_date('20060501','YYYYMMDD'), to_date('20070701','YYYYMMDD'), '54347191234', '', 'ENDED', false);
insert into Diagram values('BT11-54_0311','BT11-20021200','54-10','E85 Z4 2.2i   EH Folding top','');
insert into Diagram values('BT11-54_0312','BT11-20021200','54-10','E85 Z4 2.2i   FOLDING TOP MOUNTING PARTS','');
insert into Diagram values('BT11-54_0313','BT11-20021200','54-10','E85 Z4 2.2i   ELECTRO-HYDRAULIC FOLDING TOP PARTS','');
insert into Diagram values('BT11-54_0314','BT11-20021200','54-10','E85 Z4 2.2i   Wind deflector','');
insert into Diagram values('BT11-54_0315','BT11-20021200','54-10','E85 Z4 2.2i   Folding top compartment','');
insert into Diagram values('BT11-54_0330','BT11-20021200','54-20','E85 Z4 2.2i   Hardtop','');
insert into Diagram values('BT11-54_0316','BT11-20021200','54-95','E85 Z4 2.2i   Retrofit, Wind deflector','');
insert into Diagram values('BT11-54_0319','BT11-20021200','54-95','E85 Z4 2.2i   Wind deflector textile, folding','');
insert into Diagram values('BT11-54_0324','BT11-20021200','54-95','E85 Z4 2.2i   Folding top cover','');
insert into Diagram values('BT11-61_1611','BT11-20021200','61-05','E85 Z4 2.2i   Main wiring harness','');
insert into Diagram values('BT11-61_1972','BT11-20021200','61-05','E85 Z4 2.2i   Wiring duct','');
insert into Diagram values('BT11-61_2002','BT11-20021200','61-05','E85 Z4 2.2i   Main wiring harness','');
insert into Diagram values('BT11-61_1623','BT11-20021200','61-10','E85 Z4 2.2i   DOOR CABLE HARNESSES','');
insert into Diagram values('BT11-61_1628','BT11-20021200','61-10','E85 Z4 2.2i   Battery cable','');
insert into Diagram values('BT11-61_1636','BT11-20021200','61-10','E85 Z4 2.2i   Wiring set seat','');
insert into Diagram values('BT11-61_1638','BT11-20021200','61-10','E85 Z4 2.2i   CABLE HARNESS FOLDING TOP','');
insert into Diagram values('BT11-61_1663','BT11-20021200','61-10','E85 Z4 2.2i   Repair cable main cable harness','');
insert into Diagram values('BT11-61_1758','BT11-20021200','61-10','E85 Z4 2.2i   Repair cable, airbag','');
insert into Diagram values('BT11-61_1822','BT11-20021200','61-10','E85 Z4 2.2i   Cable-yarded material','');
insert into Diagram values('BT11-61_1994','BT11-20021200','61-10','E85 Z4 2.2i   Battery cable','');
insert into Diagram values('BT11-61_1280','BT11-20021200','61-15','E85 Z4 2.2i   Plug terminal ELO not waterproof','');
insert into Diagram values('BT11-61_1296','BT11-20021200','61-15','E85 Z4 2.2i   Circular connector / D 2,5 mm System','');
insert into Diagram values('BT11-61_1349','BT11-20021200','61-15','E85 Z4 2.2i   Various comb-type connectors','');
insert into Diagram values('BT11-61_1401','BT11-20021200','61-15','E85 Z4 2.2i   Various cable grommets','');
insert into Diagram values('BT11-61_1578','BT11-20021200','61-15','E85 Z4 2.2i   Repair parts, optical fibre cable','');
insert into Diagram values('BT11-61_1626','BT11-20021200','61-15','E85 Z4 2.2i   SINGLE COMPONENTS F RAIN SENSOR','');
insert into Diagram values('BT11-61_1691','BT11-20021200','61-15','E85 Z4 2.2i   Pin contacts ELO','');
insert into Diagram values('BT11-61_1711','BT11-20021200','61-15','E85 Z4 2.2i   Cable tie','');
insert into Diagram values('BT11-61_1713','BT11-20021200','61-15','E85 Z4 2.2i   VARIOUS CABLE HOLDERS','');
insert into Diagram values('BT11-61_1714','BT11-20021200','61-15','E85 Z4 2.2i   Diagnosis plug','');
insert into Diagram values('BT11-61_1754','BT11-20021200','61-15','E85 Z4 2.2i   Plug terminal ELO-Power','');
insert into Diagram values('BT11-61_1765','BT11-20021200','61-15','E85 Z4 2.2i   Various cable terminals','');
insert into Diagram values('BT11-61_1992','BT11-20021200','61-15','E85 Z4 2.2i   Various cable grommets','');
insert into Diagram values('BT11-61_2107','BT11-20021200','61-15','E85 Z4 2.2i   Various parts, wiring harness repair','');
insert into Diagram values('BT11-61_2156','BT11-20021200','61-15','E85 Z4 2.2i   Double leaf spring contact','');
insert into Diagram values('BT11-61_2217','BT11-20021200','61-15','E85 Z4 2.2i   Contact system MQS','');
insert into Diagram values('BT11-61_2292','BT11-20021200','61-15','E85 Z4 2.2i   SLK socket contact','');
insert into Diagram values('BT11-61_2293','BT11-20021200','61-15','E85 Z4 2.2i   Contact system blade terminal MDK4 2.8','');
insert into Diagram values('BT11-61_2638','BT11-20021200','61-15','E85 Z4 2.2i   Repair parts, coaxial cable contacts','');
insert into Diagram values('BT11-61_2680','BT11-20021200','61-15','E85 Z4 2.2i   Repair parts, coaxial cable housing','');
insert into Diagram values('BT11-61_1596','BT11-20021200','61-20','E85 Z4 2.2i   Fuses audio / video','');
insert into Diagram values('BT11-61_1624','BT11-20021200','61-20','E85 Z4 2.2i   Single components for fuse housing','');
insert into Diagram values('BT11-61_1633','BT11-20021200','61-20','E85 Z4 2.2i   Single components, fuse box, interiors','');
insert into Diagram values('BT11-61_1622','BT11-20021200','61-25','E85 Z4 2.2i   VARIOUS RELAYS','');
insert into DiagramParts values('BT11-61_1625-61356988104', 'BT11-61_1625', 03, 'Control unit EWS IV', 'EWS 4.3', 1, to_date('20031001','YYYYMMDD'), to_date('20060801','YYYYMMDD'), '61356988104', '', 'ENDED', false);
insert into DiagramParts values('BT11-61_1625-61359127086', 'BT11-61_1625', 03, 'Control unit EWS IV', 'EWS 4.3', 1, to_date('20031001','YYYYMMDD'), to_date('20070301','YYYYMMDD'), '61359127086', '', 'ENDED', false);
insert into DiagramParts values('BT11-61_1625-61359145349', 'BT11-61_1625', 03, 'Control unit EWS IV', 'EWS 4.3', 1, to_date('20031001','YYYYMMDD'), to_date('20070901','YYYYMMDD'), '61359145349', '', 'ENDED', false);
insert into Diagram values('BT11-61_1625','BT11-20021200','61-25','E85 Z4 2.2i   BODY CONTROL UNITS AND MODULS','');
insert into Diagram values('BT11-61_1612','BT11-20021200','61-30','E85 Z4 2.2i   Original BMW battery (Warranty only)','');
insert into Diagram values('BT11-61_1613','BT11-20021200','61-30','E85 Z4 2.2i   battery holder and mounting parts','');
insert into Diagram values('BT11-61_1614','BT11-20021200','61-35','E85 Z4 2.2i   Switch unit, center console','');
insert into Diagram values('BT11-61_1615','BT11-20021200','61-35','E85 Z4 2.2i   VARIOUS SWITCHES','');
insert into Diagram values('BT11-61_1619','BT11-20021200','61-35','E85 Z4 2.2i   Steering column/cruise control switch','');
insert into Diagram values('BT11-61_1620','BT11-20021200','61-35','E85 Z4 2.2i   VARIOUS SWITCHES/CIGAR LIGHTER','');
insert into Diagram values('BT11-61_1681','BT11-20021200','61-35','E85 Z4 2.2i   Switch unit, light','');
insert into Diagram values('BT11-61_1800','BT11-20021200','61-35','E85 Z4 2.2i   Steering wheel electronic control','');
insert into Diagram values('BT11-61_2900','BT11-20021200','61-35','E85 Z4 2.2i   USB/AUX-IN socket','');
insert into Diagram values('BT11-61_2946','BT11-20021200','61-35','E85 Z4 2.2i   USB/AUX-IN socket','');
insert into Diagram values('BT11-61_1621','BT11-20021200','61-40','E85 Z4 2.2i   Horn','');
insert into Diagram values('BT11-61_1083','BT11-20021200','61-45','E85 Z4 2.2i   HEAD LAMP CLEANING DEVICE CONTAINER','');
insert into Diagram values('BT11-61_1084','BT11-20021200','61-45','E85 Z4 2.2i   Windshield cleaning container','');
insert into Diagram values('BT11-61_1600','BT11-20021200','61-45','E85 Z4 2.2i   Wiper','');
insert into Diagram values('BT11-61_1601','BT11-20021200','61-45','E85 Z4 2.2i   WIPER ARM/WIPER BLADE','');
insert into Diagram values('BT11-61_1603','BT11-20021200','61-45','E85 Z4 2.2i   SINGLE PARTS FOR WINDSHIELD CLEANING','');
insert into Diagram values('BT11-61_1604','BT11-20021200','61-45','E85 Z4 2.2i   SINGLE PARTS FOR HEAD LAMP CLEANING','');
insert into Diagram values('BT11-61_1605','BT11-20021200','61-95','E85 Z4 2.2i   Retrofit kit, headlight cleaning system','');
insert into Diagram values('BT11-61_1690','BT11-20021200','61-95','E85 Z4 2.2i   Retrofit, passenger airbag shutoff','');
insert into Diagram values('BT11-61_2223','BT11-20021200','61-95','E85 Z4 2.2i   Suppression filter','');
insert into Diagram values('BT11-61_3026','BT11-20021200','61-95','E85 Z4 2.2i   Battery charger','');
insert into Diagram values('BT11-61_3244','BT11-20021200','61-95','E85 Z4 2.2i   Battery charger','');
insert into Diagram values('BT11-62_0449','BT11-20021200','62-05','E85 Z4 2.2i   Instrument cluster','');
insert into Diagram values('BT11-62_0561','BT11-20021200','62-95','E85 Z4 2.2i   Electronic log book','');
insert into Diagram values('BT11-63_0757','BT11-20021200','63-05','E85 Z4 2.2i   Headlight','');
insert into Diagram values('BT11-63_0758','BT11-20021200','63-05','E85 Z4 2.2i   Single parts, xenon headlight','');
insert into Diagram values('BT11-63_0766','BT11-20021200','63-05','E85 Z4 2.2i   Headlight, electronic parts, Xenon light','');
insert into Diagram values('BT11-63_1067','BT11-20021200','63-05','E85 Z4 2.2i   SPARE BULBS BOX','');
insert into Diagram values('BT11-63_1363','BT11-20021200','63-05','E85 Z4 2.2i   BMW Performance Light','');
insert into Diagram values('BT11-63_1420','BT11-20021200','63-05','E85 Z4 2.2i   SPARE BULBS BOX','');
insert into Diagram values('BT11-63_0759','BT11-20021200','63-10','E85 Z4 2.2i   Additional turn indicator lamp','');
insert into Diagram values('BT11-63_1316','BT11-20021200','63-15','E85 Z4 2.2i   Fog lights','');
insert into Diagram values('BT11-63_1317','BT11-20021200','63-15','E85 Z4 2.2i   Fog lights','');
insert into Diagram values('BT11-63_0763','BT11-20021200','63-20','E85 Z4 2.2i   Rear light','');
insert into Diagram values('BT11-63_0762','BT11-20021200','63-25','E85 Z4 2.2i   Third stoplamp','');
insert into Diagram values('BT11-63_0764','BT11-20021200','63-30','E85 Z4 2.2i   VARIOUS LAMPS/SPARE BULBS BOX','');
insert into Diagram values('BT11-63_0788','BT11-20021200','63-30','E85 Z4 2.2i   Various lamps','');
insert into Diagram values('BT11-63_0780','BT11-20021200','63-95','E85 Z4 2.2i   Retrofit kit,rr light, white','');
insert into Diagram values('BT11-63_0784','BT11-20021200','63-95','E85 Z4 2.2i   INSTALLING SET FOG LAMPS','');
insert into Diagram values('BT11-63_0785','BT11-20021200','63-95','E85 Z4 2.2i   Illuminated door sill strip retrofit kit','');
insert into Diagram values('BT11-63_0811','BT11-20021200','63-95','E85 Z4 2.2i   Retrofit kit bi-xenon headlight','');
insert into Diagram values('BT11-63_1153','BT11-20021200','63-95','E85 Z4 2.2i   Flashlight, LED','');
insert into Diagram values('BT11-63_1289','BT11-20021200','63-95','E85 Z4 2.2i   Retrofit kit, LED daytime driving lights','');
insert into Diagram values('BT11-63_1322','BT11-20021200','63-95','E85 Z4 2.2i   LED interior light package','');
insert into DiagramParts values('BT11-64_1271-64226949158', 'BT11-64_1271', 01, 'FRESH AIR GRILLE CENTER', 'SCHWARZ', 1, to_date('20041001','YYYYMMDD'), to_date('20060101','YYYYMMDD'), '64226949158', '$97.04', '', false);
insert into Diagram values('BT11-64_1271','BT11-20021200','64-05','E85 Z4 2.2i   AIR OUTLET','');
insert into Diagram values('BT11-64_1272','BT11-20021200','64-05','E85 Z4 2.2i   AIR CHANNEL','');
insert into Diagram values('BT11-64_1310','BT11-20021200','64-10','E85 Z4 2.2i   MICROFILTER/ACTIVATED CARBON CONTAINER','');
insert into Diagram values('BT11-64_1311','BT11-20021200','64-15','E85 Z4 2.2i   HEATER RADIATOR/MOUNTING PARTS','');
insert into Diagram values('BT11-64_1313','BT11-20021200','64-18','E85 Z4 2.2i   Water hoses','');
insert into Diagram values('BT11-64_1267','BT11-20021200','64-20','E85 Z4 2.2i   Automatic air conditioning control','');
insert into Diagram values('BT11-64_1268','BT11-20021200','64-20','E85 Z4 2.2i   Air Conditioning Control','');
insert into Diagram values('BT11-64_1270','BT11-20021200','64-20','E85 Z4 2.2i   HEATER CONTROL','');
insert into Diagram values('BT11-64_1288','BT11-20021200','64-25','E85 Z4 2.2i   Actuator drive, heating','');
insert into Diagram values('BT11-64_1275','BT11-20021200','64-30','E85 Z4 2.2i   Evaporator / Expansion valve','');
insert into Diagram values('BT11-64_1294','BT11-20021200','64-35','E85 Z4 2.2i   Housing parts automatic air conditioning','');
insert into Diagram values('BT11-64_1295','BT11-20021200','64-35','E85 Z4 2.2i   Housing parts, heater','');
insert into Diagram values('BT11-64_1296','BT11-20021200','64-35','E85 Z4 2.2i   HOUSING PARTS - AIR CONDITIONING','');
insert into Diagram values('BT11-64_1297','BT11-20021200','64-35','E85 Z4 2.2i   Set of parts Heater/Air condit. housing','');
insert into Diagram values('BT11-64_1298','BT11-20021200','64-35','E85 Z4 2.2i   Set of small parts, aut air cond housing','');
insert into Diagram values('BT11-64_1291','BT11-20021200','64-40','E85 Z4 2.2i   Blower unit / mounting parts','');
insert into Diagram values('BT11-64_1309','BT11-20021200','64-40','E85 Z4 2.2i   Cable set, heater and air conditioning','');
insert into Diagram values('BT11-64_1312','BT11-20021200','64-40','E85 Z4 2.2i   Temperature sensor','');
insert into Diagram values('BT11-64_1265','BT11-20021200','64-45','E85 Z4 2.2i   SENSOR F. AUC','');
insert into Diagram values('BT11-64_1281','BT11-20021200','64-45','E85 Z4 2.2i   ACTUATOR FOR AUTOMATIC AIR CONDITION','');
insert into Diagram values('BT11-64_1282','BT11-20021200','64-45','E85 Z4 2.2i   ACTUATOR AIR CONDITIONING','');
insert into Diagram values('BT11-64_1284','BT11-20021200','64-45','E85 Z4 2.2i   Actuator drive, heating','');
insert into Diagram values('BT11-64_1286','BT11-20021200','64-45','E85 Z4 2.2i   ACTUATOR FOR AUTOMATIC AIR CONDITION','');
insert into Diagram values('BT11-64_1287','BT11-20021200','64-45','E85 Z4 2.2i   ACTUATOR AIR CONDITIONING','');
insert into Diagram values('BT11-64_1273','BT11-20021200','64-50','E85 Z4 2.2i   Air-conditioner compressor','');
insert into Diagram values('BT11-64_1321','BT11-20021200','64-50','E85 Z4 2.2i   CLIMATE COMPRESSOR SUPPORTING BRACKET','');
insert into Diagram values('BT11-64_1276','BT11-20021200','64-55','E85 Z4 2.2i   Condenser air conditioning','');
insert into Diagram values('BT11-64_1266','BT11-20021200','64-60','E85 Z4 2.2i   DRYING CONTAINER','');
insert into Diagram values('BT11-64_1274','BT11-20021200','64-60','E85 Z4 2.2i   Coolant lines','');
insert into Diagram values('BT11-64_1319','BT11-20021200','64-95','E85 Z4 2.2i   Labels independent heating','');
insert into Diagram values('BT11-64_1356','BT11-20021200','64-95','E85 Z4 2.2i   INSTALLING SET INDEPEND.HEATER/VENTILAT.','');
insert into Diagram values('BT11-64_1390','BT11-20021200','64-95','E85 Z4 2.2i   INSTALLING SET AUTOMATIC AIR CONDITIONER','');
insert into Diagram values('BT11-64_1364','BT11-20021200','64-99','E85 Z4 2.2i   Various cable grommets','');
insert into Diagram values('BT11-64_1365','BT11-20021200','64-99','E85 Z4 2.2i   Add-on parts, heater/air conditioning','');
insert into Diagram values('BT11-65_0207','BT11-20021200','65-05','E85 Z4 2.2i   Earth strap for engine hood','');
insert into Diagram values('BT11-65_1204','BT11-20021200','65-05','E85 Z4 2.2i   Radio BMW Business CD','');
insert into Diagram values('BT11-65_1205','BT11-20021200','65-05','E85 Z4 2.2i   Radio BMW Basic CD','');
insert into Diagram values('BT11-65_1206','BT11-20021200','65-05','E85 Z4 2.2i   Radio BMW navigation','');
insert into Diagram values('BT11-65_1207','BT11-20021200','65-05','E85 Z4 2.2i   CID control, CD','');
insert into Diagram values('BT11-65_1208','BT11-20021200','65-05','E85 Z4 2.2i   CID control, MD','');
insert into Diagram values('BT11-65_2440','BT11-20021200','65-05','E85 Z4 2.2i   DAB Retrofit','');
insert into Diagram values('BT11-65_1786','BT11-20021200','65-07','E85 Z4 2.2i   Auxiliary connection cable','');
insert into Diagram values('BT11-65_1210','BT11-20021200','65-10','E85 Z4 2.2i   CD Changer','');
insert into Diagram values('BT11-65_1213','BT11-20021200','65-10','E85 Z4 2.2i   CD changer mounting parts','');
insert into Diagram values('BT11-65_1214','BT11-20021200','65-20','E85 Z4 2.2i   Loudspeaker rear Stereo System','');
insert into Diagram values('BT11-65_1215','BT11-20021200','65-20','E85 Z4 2.2i   Loudspeaker, front, stereo syst.','');
insert into Diagram values('BT11-65_1216','BT11-20021200','65-20','E85 Z4 2.2i   Loudspeaker, front, hifi syst.','');
insert into Diagram values('BT11-65_1217','BT11-20021200','65-20','E85 Z4 2.2i   Loudspeaker, front, top-hifi syst.','');
insert into Diagram values('BT11-65_1218','BT11-20021200','65-20','E85 Z4 2.2i   Loudspeaker rear hifi','');
insert into Diagram values('BT11-65_1219','BT11-20021200','65-20','E85 Z4 2.2i   Loudspeaker, rear, top-hifi syst.','');
insert into Diagram values('BT11-65_1251','BT11-20021200','65-22','E85 Z4 2.2i   Audio wiring harness','');
insert into Diagram values('BT11-65_1448','BT11-20021200','65-22','E85 Z4 2.2i   Antenna cable','');
insert into Diagram values('BT11-65_1599','BT11-20021200','65-22','E85 Z4 2.2i   Audio wiring harness','');
insert into Diagram values('BT11-65_1615','BT11-20021200','65-22','E85 Z4 2.2i   Universal aerial cable','');
insert into Diagram values('BT11-65_1616','BT11-20021200','65-22','E85 Z4 2.2i   Double antenna cables','');
insert into Diagram values('BT11-65_1209','BT11-20021200','65-25','E85 Z4 2.2i   Amplifier / bracket','');
insert into Diagram values('BT11-65_1202','BT11-20021200','65-30','E85 Z4 2.2i   SINGLE COMPONENTS F SHORT ROD ANTENNA','');
insert into Diagram values('BT11-65_1203','BT11-20021200','65-30','E85 Z4 2.2i   SINGLE PARTS F ANTENNA-DIVERSITY','');
insert into Diagram values('BT11-65_1788','BT11-20021200','65-30','E85 Z4 2.2i   Rod antenna SPORT','');
insert into Diagram values('BT11-65_1240','BT11-20021200','65-45','E85 Z4 2.2i   Central information display','');
insert into Diagram values('BT11-65_0493','BT11-20021200','65-50','E85 Z4 2.2i   CD navigation street map','');
insert into Diagram values('BT11-65_1268','BT11-20021200','65-50','E85 Z4 2.2i   Navigation system','');
insert into Diagram values('BT11-65_1269','BT11-20021200','65-50','E85 Z4 2.2i   TV system','');
insert into Diagram values('BT11-65_1333','BT11-20021200','65-50','E85 Z4 2.2i   DVD navigation street map','');
insert into Diagram values('BT11-65_1650','BT11-20021200','65-50','E85 Z4 2.2i   Navigation computer drive','');
insert into DiagramParts values('BT11-65_1724-65909112341', 'BT11-65_1724', 01, 'FSC JNav map 2007-1 initialization', 'ASAP', 1, to_date('20070301','YYYYMMDD'), to_date('20070901','YYYYMMDD'), '65909112341', '', 'ENDED', false);
insert into Diagram values('BT11-65_1724','BT11-20021200','65-50','E85 Z4 2.2i   Enable code for Japanese navigation','');
insert into Diagram values('BT11-65_1211','BT11-20021200','65-60','E85 Z4 2.2i   Alarm systems','');
insert into DiagramParts values('BT11-65_1212-61138364666', 'BT11-65_1212', 10, 'Universal socket housing uncoded', '18 POL.', 1, to_date('20031001','YYYYMMDD'), to_date('20060101','YYYYMMDD'), '61138364666', '$0.68', '', false);
insert into Diagram values('BT11-65_1212','BT11-20021200','65-65','E85 Z4 2.2i   Electric parts for airbag','');
insert into Diagram values('BT11-65_1221','BT11-20021200','65-65','E85 Z4 2.2i   Electr. compon. seat occupancy detection','');
insert into Diagram values('BT11-65_1610','BT11-20021200','65-65','E85 Z4 2.2i   Electric parts for airbag','');
insert into Diagram values('BT11-65_1192','BT11-20021200','65-70','E85 Z4 2.2i   Temperature sensor, gong','');
insert into Diagram values('BT11-65_1250','BT11-20021200','65-95','E85 Z4 2.2i   Retrofit kit, TV function','');
insert into Diagram values('BT11-65_1261','BT11-20021200','65-95','E85 Z4 2.2i   Retrofit kit, CD-changer','');
insert into DiagramParts values('BT11-65_1335-65509179594', 'BT11-65_1335', 03, 'Central information display', 'SCHWARZ', 1, to_date('20041001','YYYYMMDD'), to_date('20070801','YYYYMMDD'), '65509179594', '', 'ENDED', false);
insert into DiagramParts values('BT11-65_1335-65509164531', 'BT11-65_1335', 03, 'Central information display', 'SCHWARZ', 1, to_date('20041001','YYYYMMDD'), to_date('20080401','YYYYMMDD'), '65509164531', '', 'ENDED', false);
insert into Diagram values('BT11-65_1335','BT11-20021200','65-95','E85 Z4 2.2i   Retrofit kit, navigation with monitor','');
insert into Diagram values('BT11-65_1344','BT11-20021200','65-95','E85 Z4 2.2i   Replacement parts for radio navigation','');
insert into Diagram values('BT11-65_1348','BT11-20021200','65-95','E85 Z4 2.2i   INSTALLATION KIT ALARM SYSTEM','');
insert into Diagram values('BT11-65_1397','BT11-20021200','65-95','E85 Z4 2.2i   Retrofit kit Settop-Box','');
insert into Diagram values('BT11-65_1441','BT11-20021200','65-95','E85 Z4 2.2i   Retrofit, auxiliary connection','');
insert into Diagram values('BT11-65_1569','BT11-20021200','65-95','E85 Z4 2.2i   Replacement parts for radio navigation','');
insert into Diagram values('BT11-65_1645','BT11-20021200','65-95','E85 Z4 2.2i   iPod connection retrofit kit','');
insert into Diagram values('BT11-65_1989','BT11-20021200','65-95','E85 Z4 2.2i   Tracking Products','');
insert into Diagram values('BT11-65_2079','BT11-20021200','65-95','E85 Z4 2.2i   Smartnav','');
insert into Diagram values('BT11-65_2520','BT11-20021200','65-95','E85 Z4 2.2i   BMW USB charger','');
insert into Diagram values('BT11-66_0096','BT11-20021200','66-05','E85 Z4 2.2i   Park Distance Control (PDC)','');
insert into Diagram values('BT11-66_0094','BT11-20021200','66-95','E85 Z4 2.2i   INSTALLING SET CRUISE CONTROL','');
insert into Diagram values('BT11-66_0097','BT11-20021200','66-95','E85 Z4 2.2i   Install.kit, Park Distance Control','');
insert into Diagram values('BT11-66_0102','BT11-20021200','66-95','E85 Z4 2.2i   Retrofit kit, multifunct. steering wheel','');
insert into Diagram values('BT11-66_0110','BT11-20021200','66-95','E85 Z4 2.2i   Retrofit kit PDC II','');
insert into Diagram values('BT11-66_0188','BT11-20021200','66-95','E85 Z4 2.2i   Park Distance Control universale sonoro','');
insert into Diagram values('BT11-71_0347','BT11-20021200','71-03','E85 Z4 2.2i   LABEL "TIRE PRESSURE"','');
insert into Diagram values('BT11-71_0568','BT11-20021200','71-03','E85 Z4 2.2i   Instruction notice, Airbag','');
insert into Diagram values('BT11-71_0604','BT11-20021200','71-03','E85 Z4 2.2i   Various notice stickers','');
insert into Diagram values('BT11-71_0605','BT11-20021200','71-03','E85 Z4 2.2i   Notice label for fuel','');
insert into Diagram values('BT11-71_0607','BT11-20021200','71-03','E85 Z4 2.2i   Label "Outer paint"','');
insert into Diagram values('BT11-71_0625','BT11-20021200','71-03','E85 Z4 2.2i   Label, coolant','');
insert into Diagram values('BT11-71_0326','BT11-20021200','71-05','E85 Z4 2.2i   Car tool/Lifting jack','');
insert into Diagram values('BT11-71_0391','BT11-20021200','71-05','E85 Z4 2.2i   Warning triangle/First aid kit/-cushion','');
insert into Diagram values('BT11-71_0717','BT11-20021200','71-05','E85 Z4 2.2i   Set of lifting jack','');
insert into Diagram values('BT11-71_0400','BT11-20021200','71-95','E85 Z4 2.2i   Set of lifting jack','');
insert into Diagram values('BT11-71_0434','BT11-20021200','71-95','E85 Z4 2.2i   Tire Mobility Set','');
insert into Diagram values('BT11-72_0438','BT11-20021200','72-03','E85 Z4 2.2i   Air bag','');
insert into Diagram values('BT11-72_0437','BT11-20021200','72-05','E85 Z4 2.2i   Safety belt','');
insert into Diagram values('BT11-72_0454','BT11-20021200','72-95','E85 Z4 2.2i   FIRE-EXTINGUISHER POWDER','');
insert into Diagram values('BT11-72_0591','BT11-20021200','72-95','E85 Z4 2.2i   Tow bar','');
insert into Diagram values('BT11-72_0598','BT11-20021200','72-95','E85 Z4 2.2i   TOW ROPE','');
insert into Diagram values('BT11-72_0744','BT11-20021200','72-95','E85 Z4 2.2i   Emergency bag','');
insert into Diagram values('BT11-36_0694','BT11-20021200','82-14','E85 Z4 2.2i   Snow chains','');
insert into Diagram values('BT11-82_1571','BT11-20021200','82-14','E85 Z4 2.2i   Snow chains','');
insert into Diagram values('BT11-82_1128','BT11-20021200','82-26','E85 Z4 2.2i   Halogen Map Light','');
insert into Diagram values('BT11-82_1152','BT11-20021200','82-26','E85 Z4 2.2i   Active seat ventilation retrofit kit','');
insert into Diagram values('BT11-82_1154','BT11-20021200','82-26','E85 Z4 2.2i   Battery charger','');
insert into Diagram values('BT11-82_1205','BT11-20021200','82-26','E85 Z4 2.2i   Clothes hanger','');
insert into Diagram values('BT11-82_1261','BT11-20021200','82-26','E85 Z4 2.2i   Clean Bag','');
insert into Diagram values('BT11-82_1311','BT11-20021200','82-26','E85 Z4 2.2i   Driver utility set','');
insert into Diagram values('BT11-82_1171','BT11-20021200','82-31','E85 Z4 2.2i   BMW buggy chrome-marine with accessories','');
insert into Diagram values('BT11-82_1181','BT11-20021200','82-31','E85 Z4 2.2i   BMW Junior Seat I-II','');
insert into Diagram values('BT11-82_1186','BT11-20021200','82-31','E85 Z4 2.2i   BMW Baby Seat 0+','');
insert into Diagram values('BT11-82_1187','BT11-20021200','82-31','E85 Z4 2.2i   BMW Junior Seat I-II Isofix','');
insert into Diagram values('BT11-82_1189','BT11-20021200','82-31','E85 Z4 2.2i   BMW Baby Seat 0+ Isofix','');
insert into Diagram values('BT11-82_1276','BT11-20021200','82-31','E85 Z4 2.2i   BMW Junior Seat II-III','');
insert into Diagram values('BT11-82_1305','BT11-20021200','82-31','E85 Z4 2.2i   BMW Junior Seat III','');
insert into Diagram values('BT11-82_0988','BT11-20021200','82-44','E85 Z4 2.2i   Clear Covering','');
insert into Diagram values('BT11-82_1174','BT11-20021200','82-44','E85 Z4 2.2i   Mud flaps','');
insert into Diagram values('BT11-82_1198','BT11-20021200','82-44','E85 Z4 2.2i   Cover','');
insert into Diagram values('BT11-82_1360','BT11-20021200','82-44','E85 Z4 2.2i   Car cover &apos;Tarpaulin&apos;','');
insert into Diagram values('BT11-82_1167','BT11-20021200','82-51','E85 Z4 2.2i   Railing on trunk lid','');
insert into Diagram values('BT11-82_1168','BT11-20021200','82-51','E85 Z4 2.2i   Ski/snowboard holder','');
insert into Diagram values('BT11-82_1170','BT11-20021200','82-51','E85 Z4 2.2i   SUITCASE','');
insert into Diagram values('BT11-82_1172','BT11-20021200','82-51','E85 Z4 2.2i   Luggage basket','');
insert into Diagram values('BT11-82_1173','BT11-20021200','82-51','E85 Z4 2.2i   Interior bag f case','');
insert into Diagram values('BT11-82_1255','BT11-20021200','82-51','E85 Z4 2.2i   Rear carrier','');
insert into Diagram values('BT11-82_0102','BT11-20021200','82-81','E85 Z4 2.2i   Universal hoist','');
insert into Diagram values('BT11-82_0103','BT11-20021200','82-81','E85 Z4 2.2i   Hardtop holder/mobile','');
insert into Diagram values('BT11-82_0106','BT11-20021200','82-81','E85 Z4 2.2i   Hardtop holder/wall-mounted','');
insert into Diagram values('BT11-84_0490','BT11-20021200','84-10','E85 Z4 2.2i   Single parts f teleph.luggage cptm.Japan','');
insert into Diagram values('BT11-84_0493','BT11-20021200','84-10','E85 Z4 2.2i   Single parts, SA 638, center console','');
insert into Diagram values('BT11-84_0494','BT11-20021200','84-10','E85 Z4 2.2i   Single parts, SA 638, trunk','');
insert into Diagram values('BT11-84_0767','BT11-20021200','84-10','E85 Z4 2.2i   Starter package, cell phone Nokia 6303c','');
insert into Diagram values('BT11-84_0491','BT11-20021200','84-20','E85 Z4 2.2i   Single parts, SA 644 center console','');
insert into Diagram values('BT11-84_0492','BT11-20021200','84-20','E85 Z4 2.2i   Single parts, SA 644, trunk','');
insert into Diagram values('BT11-84_0572','BT11-20021200','84-20','E85 Z4 2.2i   Mobile telephone Nokia 6310i','');
insert into Diagram values('BT11-84_0664','BT11-20021200','84-20','E85 Z4 2.2i   Single parts, SA 633, center console','');
insert into Diagram values('BT11-84_0665','BT11-20021200','84-20','E85 Z4 2.2i   Single parts SA 633, trunk','');
insert into Diagram values('BT11-84_0619','BT11-20021200','84-30','E85 Z4 2.2i   Ind. parts Classic hands-fr. centre con.','');
insert into Diagram values('BT11-84_0620','BT11-20021200','84-30','E85 Z4 2.2i   Individual parts Classic hands-free trnk','');
insert into Diagram values('BT11-84_0622','BT11-20021200','84-30','E85 Z4 2.2i   Single parts f hands-free fac. Universal','');
insert into Diagram values('BT11-84_0624','BT11-20021200','84-30','E85 Z4 2.2i   Singel parts f voice input system','');
insert into Diagram values('BT11-84_0625','BT11-20021200','84-30','E85 Z4 2.2i   Single parts f hands-free facility','');
insert into Diagram values('BT11-84_0489','BT11-20021200','84-50','E85 Z4 2.2i   SINGLE PARTS F SIDE PANEL TELEPH.ANTENNA','');
insert into Diagram values('BT11-84_0536','BT11-20021200','84-50','E85 Z4 2.2i   WIRING CAR TELEPHONE','');
insert into Diagram values('BT11-84_0621','BT11-20021200','84-50','E85 Z4 2.2i   Ind. parts Classic hands-fr. tel. aerial','');
insert into Diagram values('BT11-84_0145','BT11-20021200','84-95','E85 Z4 2.2i   Retrofit kit, antenna amplifier','');
insert into Diagram values('BT11-84_0462','BT11-20021200','84-95','E85 Z4 2.2i   Retrofit kit hands-free facil. CLASSIC','');
insert into Diagram values('BT11-84_0463','BT11-20021200','84-95','E85 Z4 2.2i   Snap-In-adapter CLASSIC','');
insert into Diagram values('BT11-84_0548','BT11-20021200','84-95','E85 Z4 2.2i   Bluetooth SA644 hands-free retrofit kit','');
insert into Diagram values('BT11-84_0661','BT11-20021200','84-95','E85 Z4 2.2i   Retrofit kit car phone Professional','');
insert into Diagram values('BT11-84_0678','BT11-20021200','84-95','E85 Z4 2.2i   Retrofit kit, voice input','');
insert into Diagram values('BT11-84_0713','BT11-20021200','84-95','E85 Z4 2.2i   Retrofit kit for UNI hands-free system','');
insert into Diagram values('BT11-84_0714','BT11-20021200','84-95','E85 Z4 2.2i   Cell phone cradles,Universal hands-free','');
insert into Diagram values('BT11-84_0730','BT11-20021200','84-95','E85 Z4 2.2i   Stolen Vehicle Tracking - TPA','');
insert into Diagram values('BT11-84_0778','BT11-20021200','84-95','E85 Z4 2.2i   BMW Bluetooth headset','');
insert into Diagram values('BT11-84_0897','BT11-20021200','84-95','E85 Z4 2.2i   Snap-in adapter for Apple devices','');
insert into Diagram values('BT11-84_0906','BT11-20021200','84-95','E85 Z4 2.2i   Snap-in adapter, SONY ERICSSON devices','');
insert into Diagram values('BT11-84_0907','BT11-20021200','84-95','E85 Z4 2.2i   Snap-in adapter for NOKIA devices','');
insert into Diagram values('BT11-84_0908','BT11-20021200','84-95','E85 Z4 2.2i   Snap-in adapter for SIEMENS devices','');
insert into Diagram values('BT11-84_0909','BT11-20021200','84-95','E85 Z4 2.2i   Snap-in adapter for MOTOROLA devices','');
insert into Diagram values('BT11-84_0910','BT11-20021200','84-95','E85 Z4 2.2i   Snap-in adapter, BlackBerry/RIM devices','');
insert into Diagram values('BT11-85_0006','BT11-20021200','85-45','E85 Z4 2.2i   Winter tires','');
insert into Diagram values('BT11-85_0033','BT11-20021200','85-45','E85 Z4 2.2i   Summer tires','');
insert into Diagram values('BT11-88_0052','BT11-20021200','88-80','E85 Z4 2.2i   Emergency bag','');
insert into Diagram values('BT11-88_0064','BT11-20021200','88-80','E85 Z4 2.2i   Fluid-change kit, autom. transmission','');
insert into Diagram values('BT11-88_0066','BT11-20021200','88-80','E85 Z4 2.2i   Fluid-change kit, autom. transmission','');
insert into ProdCode values('BT12','Z4 2.2i','Roa','E85','ECE','M54','R','12/2002 E85 Z4 2.2i Roadster M54 Europe Right hand drive ');
insert into ProdCodeDate values('BT12-20021200','BT12',to_date('20021201','YYYYMMDD'));
insert into Diagram values('BT12-01_0206','BT12-20021200','01-05','E85 Z4 2.2i   BMW care tips','');
insert into Diagram values('BT12-01_0207','BT12-20021200','01-05','E85 Z4 2.2i   BMW technical information','');
insert into DiagramParts values('BT12-01_0210-01400157488', 'BT12-01_0210', 01, 'Owner&apos;s handbook Z4', 'DE, MJ 2004', 1, to_date('20031001','YYYYMMDD'), to_date('20040401','YYYYMMDD'), '01400157488', '', '', false);
insert into DiagramParts values('BT12-01_0210-01400158312', 'BT12-01_0210', 01, 'Owner&apos;s handbook Z4', 'DE, MJ 2004', 1, to_date('20040401','YYYYMMDD'), to_date('20041001','YYYYMMDD'), '01400158312', '', '', false);
insert into DiagramParts values('BT12-01_0210-01400158796', 'BT12-01_0210', 01, 'Owner&apos;s handbook Z4 E85', 'DE, MJ 2005', 1, to_date('20041001','YYYYMMDD'), to_date('20050401','YYYYMMDD'), '01400158796', '', '', false);
insert into DiagramParts values('BT12-01_0210-01400159455', 'BT12-01_0210', 01, 'Owner&apos;s handbook Z4 E85', 'DE, MJ 2005', 1, to_date('20050401','YYYYMMDD'), to_date('20060101','YYYYMMDD'), '01400159455', '', '', false);
insert into DiagramParts values('BT12-01_0210-01400157501', 'BT12-01_0210', 01, 'Supplement to owner&apos;s manual Assist', 'DE', 1, to_date('20040301','YYYYMMDD'), to_date('20040901','YYYYMMDD'), '01400157501', '', '', false);
insert into DiagramParts values('BT12-01_0210-01400158820', 'BT12-01_0210', 01, 'Supplement to owner&apos;s manual Assist', 'DE', 1, to_date('20040901','YYYYMMDD'), to_date('20050301','YYYYMMDD'), '01400158820', '', '', false);
insert into DiagramParts values('BT12-01_0210-01400159640', 'BT12-01_0210', 01, 'Supplement to owner&apos;s manual Assist', 'DE', 1, to_date('20050301','YYYYMMDD'), to_date('20050901','YYYYMMDD'), '01400159640', '', '', false);
insert into DiagramParts values('BT12-01_0210-01400011818', 'BT12-01_0210', 01, 'Supplement to owner&apos;s manual Assist', 'DE', 1, to_date('20050901','YYYYMMDD'), to_date('20080901','YYYYMMDD'), '01400011818', '', '', false);
insert into DiagramParts values('BT12-01_0210-01410157489', 'BT12-01_0210', 02, 'Owner&apos;s handbook Z4', 'EN, MJ 2004', 1, to_date('20031001','YYYYMMDD'), to_date('20040401','YYYYMMDD'), '01410157489', '', '', false);
insert into DiagramParts values('BT12-01_0210-01410158313', 'BT12-01_0210', 02, 'Owner&apos;s handbook Z4', 'EN, MJ 2004', 1, to_date('20040401','YYYYMMDD'), to_date('20041001','YYYYMMDD'), '01410158313', '', '', false);
insert into DiagramParts values('BT12-01_0210-01410158797', 'BT12-01_0210', 02, 'Owner&apos;s handbook Z4 E85', 'EN, MJ 2005', 1, to_date('20041001','YYYYMMDD'), to_date('20050401','YYYYMMDD'), '01410158797', '', '', false);
insert into DiagramParts values('BT12-01_0210-01410159456', 'BT12-01_0210', 02, 'Owner&apos;s handbook Z4 E85', 'EN, MJ 2005', 1, to_date('20050401','YYYYMMDD'), to_date('20060101','YYYYMMDD'), '01410159456', '', '', false);
insert into DiagramParts values('BT12-01_0210-01410158301', 'BT12-01_0210', 02, 'Supplement to owner&apos;s manual Assist', 'EN', 1, to_date('20040301','YYYYMMDD'), to_date('20040901','YYYYMMDD'), '01410158301', '', '', false);
insert into DiagramParts values('BT12-01_0210-01410158821', 'BT12-01_0210', 02, 'Supplement to owner&apos;s manual Assist', 'EN', 1, to_date('20040901','YYYYMMDD'), to_date('20050301','YYYYMMDD'), '01410158821', '', '', false);
insert into DiagramParts values('BT12-01_0210-01410159641', 'BT12-01_0210', 02, 'Supplement to owner&apos;s manual Assist', 'EN', 1, to_date('20050301','YYYYMMDD'), to_date('20050901','YYYYMMDD'), '01410159641', '', '', false);
insert into DiagramParts values('BT12-01_0210-01410011819', 'BT12-01_0210', 02, 'Supplement to owner&apos;s manual Assist', 'EN', 1, to_date('20050901','YYYYMMDD'), to_date('20080901','YYYYMMDD'), '01410011819', '', '', false);
insert into DiagramParts values('BT12-01_0210-01420157490', 'BT12-01_0210', 03, 'Owner&apos;s handbook Z4', 'FR, MJ 2004', 1, to_date('20031001','YYYYMMDD'), to_date('20040401','YYYYMMDD'), '01420157490', '', '', false);
insert into DiagramParts values('BT12-01_0210-01420158314', 'BT12-01_0210', 03, 'Owner&apos;s handbook Z4', 'FR, MJ 2004', 1, to_date('20040401','YYYYMMDD'), to_date('20041001','YYYYMMDD'), '01420158314', '', '', false);
insert into DiagramParts values('BT12-01_0210-01420158798', 'BT12-01_0210', 03, 'Owner&apos;s handbook Z4 E85', 'FR, MJ 2005', 1, to_date('20041001','YYYYMMDD'), to_date('20050401','YYYYMMDD'), '01420158798', '', '', false);
insert into DiagramParts values('BT12-01_0210-01420159457', 'BT12-01_0210', 03, 'Owner&apos;s handbook Z4 E85', 'FR, MJ 2005', 1, to_date('20050401','YYYYMMDD'), to_date('20060101','YYYYMMDD'), '01420159457', '', '', false);
insert into DiagramParts values('BT12-01_0210-01430157491', 'BT12-01_0210', 04, 'Owner&apos;s handbook Z4', 'ES, MJ 2004', 1, to_date('20031001','YYYYMMDD'), to_date('20040401','YYYYMMDD'), '01430157491', '', '', false);
insert into DiagramParts values('BT12-01_0210-01430158315', 'BT12-01_0210', 04, 'Owner&apos;s handbook Z4', 'ES, MJ 2004', 1, to_date('20040401','YYYYMMDD'), to_date('20041001','YYYYMMDD'), '01430158315', '', '', false);
insert into DiagramParts values('BT12-01_0210-01430158799', 'BT12-01_0210', 04, 'Owner&apos;s handbook Z4 E85', 'ES, MJ 2005', 1, to_date('20041001','YYYYMMDD'), to_date('20050401','YYYYMMDD'), '01430158799', '', '', false);
insert into DiagramParts values('BT12-01_0210-01430159458', 'BT12-01_0210', 04, 'Owner&apos;s handbook Z4 E85', 'ES, MJ 2005', 1, to_date('20050401','YYYYMMDD'), to_date('20060101','YYYYMMDD'), '01430159458', '', '', false);
insert into DiagramParts values('BT12-01_0210-01440157492', 'BT12-01_0210', 05, 'Owner&apos;s handbook Z4', 'IT, MJ 2004', 1, to_date('20031001','YYYYMMDD'), to_date('20040401','YYYYMMDD'), '01440157492', '', '', false);
insert into DiagramParts values('BT12-01_0210-01440158316', 'BT12-01_0210', 05, 'Owner&apos;s handbook Z4', 'IT, MJ 2004', 1, to_date('20040401','YYYYMMDD'), to_date('20041001','YYYYMMDD'), '01440158316', '', '', false);
insert into DiagramParts values('BT12-01_0210-01440158800', 'BT12-01_0210', 05, 'Owner&apos;s handbook Z4 E85', 'IT, MJ 2005', 1, to_date('20041001','YYYYMMDD'), to_date('20050401','YYYYMMDD'), '01440158800', '', '', false);
insert into DiagramParts values('BT12-01_0210-01440159459', 'BT12-01_0210', 05, 'Owner&apos;s handbook Z4 E85', 'IT, MJ 2005', 1, to_date('20050401','YYYYMMDD'), to_date('20060101','YYYYMMDD'), '01440159459', '', '', false);
insert into DiagramParts values('BT12-01_0210-01440159642', 'BT12-01_0210', 05, 'Supplement to owner&apos;s manual Assist', 'IT', 1, to_date('20050301','YYYYMMDD'), to_date('20050901','YYYYMMDD'), '01440159642', '', '', false);
insert into DiagramParts values('BT12-01_0210-01440011821', 'BT12-01_0210', 05, 'Supplement to owner&apos;s manual Assist', 'IT', 1, to_date('20050901','YYYYMMDD'), to_date('20060801','YYYYMMDD'), '01440011821', '', '', false);
insert into DiagramParts values('BT12-01_0210-01450157493', 'BT12-01_0210', 06, 'Owner&apos;s handbook Z4', 'SV, MJ 2004', 1, to_date('20031001','YYYYMMDD'), to_date('20040401','YYYYMMDD'), '01450157493', '', '', false);
insert into DiagramParts values('BT12-01_0210-01450158317', 'BT12-01_0210', 06, 'Owner&apos;s handbook Z4', 'SV, MJ 2004', 1, to_date('20040401','YYYYMMDD'), to_date('20041001','YYYYMMDD'), '01450158317', '', '', false);
insert into DiagramParts values('BT12-01_0210-01450158801', 'BT12-01_0210', 06, 'Owner&apos;s handbook Z4 E85', 'SV, MJ 2005', 1, to_date('20041001','YYYYMMDD'), to_date('20050401','YYYYMMDD'), '01450158801', '', '', false);
insert into DiagramParts values('BT12-01_0210-01450159460', 'BT12-01_0210', 06, 'Owner&apos;s handbook Z4 E85', 'SV, MJ 2005', 1, to_date('20050401','YYYYMMDD'), to_date('20060101','YYYYMMDD'), '01450159460', '', '', false);
insert into DiagramParts values('BT12-01_0210-01460157494', 'BT12-01_0210', 07, 'Owner&apos;s handbook Z4', 'NL, MJ 2004', 1, to_date('20031001','YYYYMMDD'), to_date('20040401','YYYYMMDD'), '01460157494', '', '', false);
insert into DiagramParts values('BT12-01_0210-01460158318', 'BT12-01_0210', 07, 'Owner&apos;s handbook Z4', 'NL, MJ 2004', 1, to_date('20040401','YYYYMMDD'), to_date('20041001','YYYYMMDD'), '01460158318', '', '', false);
insert into DiagramParts values('BT12-01_0210-01460158802', 'BT12-01_0210', 07, 'Owner&apos;s handbook Z4 E85', 'NL, MJ 2005', 1, to_date('20041001','YYYYMMDD'), to_date('20050401','YYYYMMDD'), '01460158802', '', '', false);
insert into DiagramParts values('BT12-01_0210-01460159461', 'BT12-01_0210', 07, 'Owner&apos;s handbook Z4 E85', 'NL, MJ 2005', 1, to_date('20050401','YYYYMMDD'), to_date('20060101','YYYYMMDD'), '01460159461', '', '', false);
insert into DiagramParts values('BT12-01_0210-01470157495', 'BT12-01_0210', 08, 'Owner&apos;s handbook Z4', 'AR, MJ 2004', 1, to_date('20031001','YYYYMMDD'), to_date('20040401','YYYYMMDD'), '01470157495', '', '', false);
insert into DiagramParts values('BT12-01_0210-01470158319', 'BT12-01_0210', 08, 'Owner&apos;s handbook Z4', 'AR, MJ 2004', 1, to_date('20040401','YYYYMMDD'), to_date('20041001','YYYYMMDD'), '01470158319', '', '', false);
insert into DiagramParts values('BT12-01_0210-01470158803', 'BT12-01_0210', 08, 'Owner&apos;s handbook Z4 E85', 'AR, MJ 2005', 1, to_date('20041001','YYYYMMDD'), to_date('20050401','YYYYMMDD'), '01470158803', '', '', false);
insert into DiagramParts values('BT12-01_0210-01470159462', 'BT12-01_0210', 08, 'Owner&apos;s handbook Z4 E85', 'AR, MJ 2005', 1, to_date('20050401','YYYYMMDD'), to_date('20060101','YYYYMMDD'), '01470159462', '', '', false);
insert into DiagramParts values('BT12-01_0210-01470159643', 'BT12-01_0210', 08, 'Supplement to owner&apos;s manual Assist', 'AR', 1, to_date('20050301','YYYYMMDD'), to_date('20050901','YYYYMMDD'), '01470159643', '', '', false);
insert into DiagramParts values('BT12-01_0210-01470011820', 'BT12-01_0210', 08, 'Supplement to owner&apos;s manual Assist', 'AR', 1, to_date('20050901','YYYYMMDD'), to_date('20080901','YYYYMMDD'), '01470011820', '', '', false);
insert into DiagramParts values('BT12-01_0210-01480157496', 'BT12-01_0210', 09, 'Owner&apos;s handbook Z4', 'DA, MJ 2004', 1, to_date('20031001','YYYYMMDD'), to_date('20040401','YYYYMMDD'), '01480157496', '', '', false);
insert into DiagramParts values('BT12-01_0210-01480158320', 'BT12-01_0210', 09, 'Owner&apos;s handbook Z4', 'DA, MJ 2004', 1, to_date('20040401','YYYYMMDD'), to_date('20041001','YYYYMMDD'), '01480158320', '', '', false);
insert into DiagramParts values('BT12-01_0210-01480158804', 'BT12-01_0210', 09, 'Owner&apos;s handbook Z4 E85', 'DA, MJ 2005', 1, to_date('20041001','YYYYMMDD'), to_date('20050401','YYYYMMDD'), '01480158804', '', '', false);
insert into DiagramParts values('BT12-01_0210-01480159463', 'BT12-01_0210', 09, 'Owner&apos;s handbook Z4 E85', 'DA, MJ 2005', 1, to_date('20050401','YYYYMMDD'), to_date('20060101','YYYYMMDD'), '01480159463', '', '', false);
insert into DiagramParts values('BT12-01_0210-01490157497', 'BT12-01_0210', 10, 'Owner&apos;s handbook Z4', 'PT, MJ 2004', 1, to_date('20031001','YYYYMMDD'), to_date('20040401','YYYYMMDD'), '01490157497', '', '', false);
insert into DiagramParts values('BT12-01_0210-01490158321', 'BT12-01_0210', 10, 'Owner&apos;s handbook Z4', 'PT, MJ 2004', 1, to_date('20040401','YYYYMMDD'), to_date('20041001','YYYYMMDD'), '01490158321', '', '', false);
insert into DiagramParts values('BT12-01_0210-01490158805', 'BT12-01_0210', 10, 'Owner&apos;s handbook Z4 E85', 'PT, MJ 2005', 1, to_date('20041001','YYYYMMDD'), to_date('20050401','YYYYMMDD'), '01490158805', '', '', false);
insert into DiagramParts values('BT12-01_0210-01490159464', 'BT12-01_0210', 10, 'Owner&apos;s handbook Z4 E85', 'PT, MJ 2005', 1, to_date('20050401','YYYYMMDD'), to_date('20060101','YYYYMMDD'), '01490159464', '', '', false);
insert into DiagramParts values('BT12-01_0210-01490158807', 'BT12-01_0210', 13, 'Owner&apos;s handbook Z4 E85', 'EL, MJ 2005', 1, to_date('20041001','YYYYMMDD'), to_date('20050401','YYYYMMDD'), '01490158807', '', '', false);
insert into DiagramParts values('BT12-01_0210-01490159466', 'BT12-01_0210', 13, 'Owner&apos;s handbook Z4 E85', 'EL, MJ 2005', 1, to_date('20050401','YYYYMMDD'), to_date('20060101','YYYYMMDD'), '01490159466', '', '', false);
insert into DiagramParts values('BT12-01_0210-01490157806', 'BT12-01_0210', 14, 'Owner&apos;s handbook Z4', 'ZH, MJ 2004', 1, to_date('20031001','YYYYMMDD'), to_date('20040401','YYYYMMDD'), '01490157806', '', '', false);
insert into DiagramParts values('BT12-01_0210-01490158322', 'BT12-01_0210', 14, 'Owner&apos;s handbook Z4', 'ZH, MJ 2004', 1, to_date('20040401','YYYYMMDD'), to_date('20041001','YYYYMMDD'), '01490158322', '', '', false);
insert into DiagramParts values('BT12-01_0210-01490158806', 'BT12-01_0210', 14, 'Owner&apos;s handbook Z4 E85', 'ZH, MJ 2005', 1, to_date('20041001','YYYYMMDD'), to_date('20050401','YYYYMMDD'), '01490158806', '', '', false);
insert into DiagramParts values('BT12-01_0210-01490159465', 'BT12-01_0210', 14, 'Owner&apos;s handbook Z4 E85', 'ZH, MJ 2005', 1, to_date('20050401','YYYYMMDD'), to_date('20060101','YYYYMMDD'), '01490159465', '', '', false);
insert into Diagram values('BT12-01_0210','BT12-20021200','01-05','E85 Z4 2.2i   Owner&apos;s handbook E85, E86','');
insert into Diagram values('BT12-01_0756','BT12-20021200','01-05','E85 Z4 2.2i   Mirror placard','');
insert into Diagram values('BT12-01_0780','BT12-20021200','01-05','E85 Z4 2.2i   Brochure Service Contact, BMW','');
insert into DiagramParts values('BT12-01_1080-01402918756', 'BT12-01_1080', 02, 'Supplement Owner&apos;s Manual license texts', 'MULTILINGUAL', 1, to_date('20130301','YYYYMMDD'), to_date('20130701','YYYYMMDD'), '01402918756', '', '', false);
insert into Diagram values('BT12-01_1080','BT12-20021200','01-05','E85 Z4 2.2i   Flyer, license texts for BMW','');
insert into DiagramParts values('BT12-01_0227-01400157732', 'BT12-01_0227', 01, 'Operating instructions, radio &quot;de&quot;', 'SA662', 1, to_date('20030901','YYYYMMDD'), to_date('20050901','YYYYMMDD'), '01400157732', '', '', false);
insert into DiagramParts values('BT12-01_0227-01400159831', 'BT12-01_0227', 01, 'Operating instructions, radio &quot;de&quot;', 'SA662', 1, to_date('20050901','YYYYMMDD'), to_date('20060801','YYYYMMDD'), '01400159831', '', '', false);
insert into DiagramParts values('BT12-01_0227-01400012650', 'BT12-01_0227', 01, 'Operating instructions, radio &quot;de&quot;', 'SA662', 1, to_date('20060801','YYYYMMDD'), to_date('20100901','YYYYMMDD'), '01400012650', '', '', false);
insert into DiagramParts values('BT12-01_0227-01400157918', 'BT12-01_0227', 01, 'Operating instructions, radio &quot;de&quot;', 'SA648', 1, to_date('20030901','YYYYMMDD'), to_date('20040901','YYYYMMDD'), '01400157918', '', '', false);
insert into DiagramParts values('BT12-01_0227-01400158899', 'BT12-01_0227', 01, 'Operating instructions, radio &quot;de&quot;', 'SA648', 1, to_date('20040901','YYYYMMDD'), to_date('20070301','YYYYMMDD'), '01400158899', '', '', false);
insert into DiagramParts values('BT12-01_0227-01400013363', 'BT12-01_0227', 01, 'Operating instructions, radio &quot;de&quot;', 'SA648', 1, to_date('20070301','YYYYMMDD'), to_date('20100901','YYYYMMDD'), '01400013363', '', '', false);
insert into DiagramParts values('BT12-01_0227-01410157733', 'BT12-01_0227', 02, 'Operating instructions, radio &quot;en&quot;', 'SA662', 1, to_date('20030901','YYYYMMDD'), to_date('20050901','YYYYMMDD'), '01410157733', '', '', false);
insert into DiagramParts values('BT12-01_0227-01410159832', 'BT12-01_0227', 02, 'Operating instructions, radio &quot;en&quot;', 'SA662', 1, to_date('20050901','YYYYMMDD'), to_date('20060801','YYYYMMDD'), '01410159832', '', '', false);
insert into DiagramParts values('BT12-01_0227-01410012651', 'BT12-01_0227', 02, 'Operating instructions, radio &quot;en&quot;', 'SA662', 1, to_date('20060801','YYYYMMDD'), to_date('20100901','YYYYMMDD'), '01410012651', '', '', false);
insert into DiagramParts values('BT12-01_0227-01410157919', 'BT12-01_0227', 02, 'Operating instructions, radio &quot;en&quot;', 'SA648', 1, to_date('20030901','YYYYMMDD'), to_date('20040901','YYYYMMDD'), '01410157919', '', '', false);
insert into DiagramParts values('BT12-01_0227-01410158900', 'BT12-01_0227', 02, 'Operating instructions, radio &quot;en&quot;', 'SA648', 1, to_date('20040901','YYYYMMDD'), to_date('20070301','YYYYMMDD'), '01410158900', '', '', false);
insert into DiagramParts values('BT12-01_0227-01410013364', 'BT12-01_0227', 02, 'Operating instructions, radio &quot;en&quot;', 'SA648', 1, to_date('20070301','YYYYMMDD'), to_date('20100901','YYYYMMDD'), '01410013364', '', '', false);
insert into DiagramParts values('BT12-01_0227-01420157734', 'BT12-01_0227', 03, 'Operating instructions, radio &quot;fr&quot;', 'SA662', 1, to_date('20030901','YYYYMMDD'), to_date('20050901','YYYYMMDD'), '01420157734', '', '', false);
insert into DiagramParts values('BT12-01_0227-01420159833', 'BT12-01_0227', 03, 'Operating instructions, radio &quot;fr&quot;', 'SA662', 1, to_date('20050901','YYYYMMDD'), to_date('20060801','YYYYMMDD'), '01420159833', '', '', false);
insert into DiagramParts values('BT12-01_0227-01420012652', 'BT12-01_0227', 03, 'Operating instructions, radio &quot;fr&quot;', 'SA662', 1, to_date('20060801','YYYYMMDD'), to_date('20100901','YYYYMMDD'), '01420012652', '', '', false);
insert into DiagramParts values('BT12-01_0227-01420157920', 'BT12-01_0227', 03, 'Operating instructions, radio &quot;fr&quot;', 'SA648', 1, to_date('20030901','YYYYMMDD'), to_date('20040901','YYYYMMDD'), '01420157920', '', '', false);
insert into DiagramParts values('BT12-01_0227-01420158901', 'BT12-01_0227', 03, 'Operating instructions, radio &quot;fr&quot;', 'SA648', 1, to_date('20040901','YYYYMMDD'), to_date('20070301','YYYYMMDD'), '01420158901', '', '', false);
insert into DiagramParts values('BT12-01_0227-01420013365', 'BT12-01_0227', 03, 'Operating instructions, radio &quot;fr&quot;', 'SA648', 1, to_date('20070301','YYYYMMDD'), to_date('20100901','YYYYMMDD'), '01420013365', '', '', false);
insert into DiagramParts values('BT12-01_0227-01430157735', 'BT12-01_0227', 04, 'Operating instructions, radio &quot;es&quot;', 'SA662', 1, to_date('20030901','YYYYMMDD'), to_date('20050901','YYYYMMDD'), '01430157735', '', '', false);
insert into DiagramParts values('BT12-01_0227-01430159834', 'BT12-01_0227', 04, 'Operating instructions, radio &quot;es&quot;', 'SA662', 1, to_date('20050901','YYYYMMDD'), to_date('20060801','YYYYMMDD'), '01430159834', '', '', false);
insert into DiagramParts values('BT12-01_0227-01430012653', 'BT12-01_0227', 04, 'Operating instructions, radio &quot;es&quot;', 'SA662', 1, to_date('20060801','YYYYMMDD'), to_date('20100901','YYYYMMDD'), '01430012653', '', '', false);
insert into DiagramParts values('BT12-01_0227-01430157921', 'BT12-01_0227', 04, 'Operating instructions, radio &quot;es&quot;', 'SA648', 1, to_date('20030901','YYYYMMDD'), to_date('20040901','YYYYMMDD'), '01430157921', '', '', false);
insert into DiagramParts values('BT12-01_0227-01430158902', 'BT12-01_0227', 04, 'Operating instructions, radio &quot;es&quot;', 'SA648', 1, to_date('20040901','YYYYMMDD'), to_date('20070301','YYYYMMDD'), '01430158902', '', '', false);
insert into DiagramParts values('BT12-01_0227-01430013366', 'BT12-01_0227', 04, 'Operating instructions, radio &quot;es&quot;', 'SA648', 1, to_date('20070301','YYYYMMDD'), to_date('20100901','YYYYMMDD'), '01430013366', '', '', false);
insert into DiagramParts values('BT12-01_0227-01440157736', 'BT12-01_0227', 05, 'Operating instructions, radio &quot;it&quot;', 'SA662', 1, to_date('20030901','YYYYMMDD'), to_date('20050901','YYYYMMDD'), '01440157736', '', '', false);
insert into DiagramParts values('BT12-01_0227-01440159835', 'BT12-01_0227', 05, 'Operating instructions, radio &quot;it&quot;', 'SA662', 1, to_date('20050901','YYYYMMDD'), to_date('20060801','YYYYMMDD'), '01440159835', '', '', false);
insert into DiagramParts values('BT12-01_0227-01440012654', 'BT12-01_0227', 05, 'Operating instructions, radio &quot;it&quot;', 'SA662', 1, to_date('20060801','YYYYMMDD'), to_date('20100901','YYYYMMDD'), '01440012654', '', '', false);
insert into DiagramParts values('BT12-01_0227-01440157922', 'BT12-01_0227', 05, 'Operating instructions, radio &quot;it&quot;', 'SA648', 1, to_date('20030901','YYYYMMDD'), to_date('20040901','YYYYMMDD'), '01440157922', '', '', false);
insert into DiagramParts values('BT12-01_0227-01440158903', 'BT12-01_0227', 05, 'Operating instructions, radio &quot;it&quot;', 'SA648', 1, to_date('20040901','YYYYMMDD'), to_date('20070301','YYYYMMDD'), '01440158903', '', '', false);
insert into DiagramParts values('BT12-01_0227-01440013367', 'BT12-01_0227', 05, 'Operating instructions, radio &quot;it&quot;', 'SA648', 1, to_date('20070301','YYYYMMDD'), to_date('20100901','YYYYMMDD'), '01440013367', '', '', false);
insert into DiagramParts values('BT12-01_0227-01450157737', 'BT12-01_0227', 06, 'Operating instructions, radio &quot;sv&quot;', 'SA662', 1, to_date('20030901','YYYYMMDD'), to_date('20050901','YYYYMMDD'), '01450157737', '', '', false);
insert into DiagramParts values('BT12-01_0227-01450159836', 'BT12-01_0227', 06, 'Operating instructions, radio &quot;sv&quot;', 'SA662', 1, to_date('20050901','YYYYMMDD'), to_date('20060801','YYYYMMDD'), '01450159836', '', '', false);
insert into DiagramParts values('BT12-01_0227-01450012655', 'BT12-01_0227', 06, 'Operating instructions, radio &quot;sv&quot;', 'SA662', 1, to_date('20060801','YYYYMMDD'), to_date('20100901','YYYYMMDD'), '01450012655', '', '', false);
insert into DiagramParts values('BT12-01_0227-01450157923', 'BT12-01_0227', 06, 'Operating instructions, radio &quot;sv&quot;', 'SA648', 1, to_date('20030901','YYYYMMDD'), to_date('20040901','YYYYMMDD'), '01450157923', '', '', false);
insert into DiagramParts values('BT12-01_0227-01450158904', 'BT12-01_0227', 06, 'Operating instructions, radio &quot;sv&quot;', 'SA648', 1, to_date('20040901','YYYYMMDD'), to_date('20070301','YYYYMMDD'), '01450158904', '', '', false);
insert into DiagramParts values('BT12-01_0227-01450013368', 'BT12-01_0227', 06, 'Operating instructions, radio &quot;sv&quot;', 'SA648', 1, to_date('20070301','YYYYMMDD'), to_date('20100901','YYYYMMDD'), '01450013368', '', '', false);
insert into DiagramParts values('BT12-01_0227-01460157738', 'BT12-01_0227', 07, 'Operating instructions, radio &quot;nl&quot;', 'SA662', 1, to_date('20030901','YYYYMMDD'), to_date('20050901','YYYYMMDD'), '01460157738', '', '', false);
insert into DiagramParts values('BT12-01_0227-01460159837', 'BT12-01_0227', 07, 'Operating instructions, radio &quot;nl&quot;', 'SA662', 1, to_date('20050901','YYYYMMDD'), to_date('20060801','YYYYMMDD'), '01460159837', '', '', false);
insert into DiagramParts values('BT12-01_0227-01460012656', 'BT12-01_0227', 07, 'Operating instructions, radio &quot;nl&quot;', 'SA662', 1, to_date('20060801','YYYYMMDD'), to_date('20100901','YYYYMMDD'), '01460012656', '', '', false);
insert into DiagramParts values('BT12-01_0227-01460157924', 'BT12-01_0227', 07, 'Operating instructions, radio &quot;nl&quot;', 'SA648', 1, to_date('20030901','YYYYMMDD'), to_date('20040901','YYYYMMDD'), '01460157924', '', '', false);
insert into DiagramParts values('BT12-01_0227-01460158905', 'BT12-01_0227', 07, 'Operating instructions, radio &quot;nl&quot;', 'SA648', 1, to_date('20040901','YYYYMMDD'), to_date('20070301','YYYYMMDD'), '01460158905', '', '', false);
insert into DiagramParts values('BT12-01_0227-01460013369', 'BT12-01_0227', 07, 'Operating instructions, radio &quot;nl&quot;', 'SA648', 1, to_date('20070301','YYYYMMDD'), to_date('20100901','YYYYMMDD'), '01460013369', '', '', false);
insert into DiagramParts values('BT12-01_0227-01470157739', 'BT12-01_0227', 08, 'Operating instructions, radio &quot;ar&quot;', 'SA662', 1, to_date('20030901','YYYYMMDD'), to_date('20050901','YYYYMMDD'), '01470157739', '', '', false);
insert into DiagramParts values('BT12-01_0227-01470159838', 'BT12-01_0227', 08, 'Operating instructions, radio &quot;ar&quot;', 'SA662', 1, to_date('20050901','YYYYMMDD'), to_date('20060801','YYYYMMDD'), '01470159838', '', '', false);
insert into DiagramParts values('BT12-01_0227-01470012657', 'BT12-01_0227', 08, 'Operating instructions, radio &quot;ar&quot;', 'SA662', 1, to_date('20060801','YYYYMMDD'), to_date('20100901','YYYYMMDD'), '01470012657', '', '', false);
insert into DiagramParts values('BT12-01_0227-01470157925', 'BT12-01_0227', 08, 'Operating instructions, radio &quot;ar&quot;', 'SA648', 1, to_date('20030901','YYYYMMDD'), to_date('20040901','YYYYMMDD'), '01470157925', '', '', false);
insert into DiagramParts values('BT12-01_0227-01470158906', 'BT12-01_0227', 08, 'Operating instructions, radio &quot;ar&quot;', 'SA648', 1, to_date('20040901','YYYYMMDD'), to_date('20070301','YYYYMMDD'), '01470158906', '', '', false);
insert into DiagramParts values('BT12-01_0227-01470013370', 'BT12-01_0227', 08, 'Operating instructions, radio &quot;ar&quot;', 'SA648', 1, to_date('20070301','YYYYMMDD'), to_date('20100901','YYYYMMDD'), '01470013370', '', '', false);
insert into DiagramParts values('BT12-01_0227-01480157740', 'BT12-01_0227', 09, 'Operating instructions, radio &quot;da&quot;', 'SA662', 1, to_date('20030901','YYYYMMDD'), to_date('20050901','YYYYMMDD'), '01480157740', '', '', false);
insert into DiagramParts values('BT12-01_0227-01480159839', 'BT12-01_0227', 09, 'Operating instructions, radio &quot;da&quot;', 'SA662', 1, to_date('20050901','YYYYMMDD'), to_date('20060801','YYYYMMDD'), '01480159839', '', '', false);
insert into DiagramParts values('BT12-01_0227-01480012658', 'BT12-01_0227', 09, 'Operating instructions, radio &quot;da&quot;', 'SA662', 1, to_date('20060801','YYYYMMDD'), to_date('20100901','YYYYMMDD'), '01480012658', '', '', false);
insert into DiagramParts values('BT12-01_0227-01480157926', 'BT12-01_0227', 09, 'Operating instructions, radio &quot;da&quot;', 'SA648', 1, to_date('20030901','YYYYMMDD'), to_date('20040901','YYYYMMDD'), '01480157926', '', '', false);
insert into DiagramParts values('BT12-01_0227-01480158907', 'BT12-01_0227', 09, 'Operating instructions, radio &quot;da&quot;', 'SA648', 1, to_date('20040901','YYYYMMDD'), to_date('20070301','YYYYMMDD'), '01480158907', '', '', false);
insert into DiagramParts values('BT12-01_0227-01480013371', 'BT12-01_0227', 09, 'Operating instructions, radio &quot;da&quot;', 'SA648', 1, to_date('20070301','YYYYMMDD'), to_date('20100901','YYYYMMDD'), '01480013371', '', '', false);
insert into DiagramParts values('BT12-01_0227-01490157741', 'BT12-01_0227', 10, 'Operating instructions, radio &quot;pt&quot;', 'SA662', 1, to_date('20030901','YYYYMMDD'), to_date('20050901','YYYYMMDD'), '01490157741', '', '', false);
insert into DiagramParts values('BT12-01_0227-01490159840', 'BT12-01_0227', 10, 'Operating instructions, radio &quot;pt&quot;', 'SA662', 1, to_date('20050901','YYYYMMDD'), to_date('20060801','YYYYMMDD'), '01490159840', '', '', false);
insert into DiagramParts values('BT12-01_0227-01490012659', 'BT12-01_0227', 10, 'Operating instructions, radio &quot;pt&quot;', 'SA662', 1, to_date('20060801','YYYYMMDD'), to_date('20100901','YYYYMMDD'), '01490012659', '', '', false);
insert into DiagramParts values('BT12-01_0227-01490157927', 'BT12-01_0227', 10, 'Operating instructions, radio &quot;pt&quot;', 'SA648', 1, to_date('20030901','YYYYMMDD'), to_date('20040901','YYYYMMDD'), '01490157927', '', '', false);
insert into DiagramParts values('BT12-01_0227-01490158908', 'BT12-01_0227', 10, 'Operating instructions, radio &quot;pt&quot;', 'SA648', 1, to_date('20040901','YYYYMMDD'), to_date('20070301','YYYYMMDD'), '01490158908', '', '', false);
insert into DiagramParts values('BT12-01_0227-01490013372', 'BT12-01_0227', 10, 'Operating instructions, radio &quot;pt&quot;', 'SA648', 1, to_date('20070301','YYYYMMDD'), to_date('20100901','YYYYMMDD'), '01490013372', '', '', false);
insert into DiagramParts values('BT12-01_0227-01490012661', 'BT12-01_0227', 13, 'Operating instructions, radio &quot;el&quot;', 'SA662', 1, to_date('20060801','YYYYMMDD'), to_date('20100901','YYYYMMDD'), '01490012661', '', '', false);
insert into DiagramParts values('BT12-01_0227-01490013374', 'BT12-01_0227', 13, 'Operating instructions, radio &quot;el&quot;', 'SA648', 1, to_date('20070301','YYYYMMDD'), to_date('20100901','YYYYMMDD'), '01490013374', '', '', false);
insert into DiagramParts values('BT12-01_0227-01490159841', 'BT12-01_0227', 14, 'Operating instructions, radio &quot;zh&quot;', 'SA662', 1, to_date('20050901','YYYYMMDD'), to_date('20060801','YYYYMMDD'), '01490159841', '', '', false);
insert into DiagramParts values('BT12-01_0227-01490012660', 'BT12-01_0227', 14, 'Operating instructions, radio &quot;zh&quot;', 'SA662', 1, to_date('20060801','YYYYMMDD'), to_date('20100901','YYYYMMDD'), '01490012660', '', '', false);
insert into DiagramParts values('BT12-01_0227-01490158909', 'BT12-01_0227', 14, 'Operating instructions, radio &quot;zh&quot;', 'SA648', 1, to_date('20040901','YYYYMMDD'), to_date('20070301','YYYYMMDD'), '01490158909', '', '', false);
insert into DiagramParts values('BT12-01_0227-01490013373', 'BT12-01_0227', 14, 'Operating instructions, radio &quot;zh&quot;', 'SA648', 1, to_date('20070301','YYYYMMDD'), to_date('20100901','YYYYMMDD'), '01490013373', '', '', false);
insert into DiagramParts values('BT12-01_0227-01492600662', 'BT12-01_0227', 16, 'Operating instructions for radio &apos;ro&apos;', 'SA662', 1, to_date('20080301','YYYYMMDD'), to_date('20100901','YYYYMMDD'), '01492600662', '', '', false);
insert into Diagram values('BT12-01_0227','BT12-20021200','01-12','E85 Z4 2.2i   Radio E83, E85, E86','');
insert into DiagramParts values('BT12-01_0144-01410157843', 'BT12-01_0144', 02, 'Owner&apos;s handbook, telephone &quot;en&quot;', 'SA638', 1, to_date('20030901','YYYYMMDD'), to_date('20040901','YYYYMMDD'), '01410157843', '', '', false);
insert into DiagramParts values('BT12-01_0144-01420157844', 'BT12-01_0144', 03, 'Owner&apos;s handbook, telephone &quot;fr&quot;', 'SA638', 1, to_date('20030901','YYYYMMDD'), to_date('20040901','YYYYMMDD'), '01420157844', '', '', false);
insert into DiagramParts values('BT12-01_0144-01430157845', 'BT12-01_0144', 04, 'Owner&apos;s handbook, telephone &quot;es&quot;', 'SA638', 1, to_date('20030901','YYYYMMDD'), to_date('20040901','YYYYMMDD'), '01430157845', '', '', false);
insert into DiagramParts values('BT12-01_0144-01440157846', 'BT12-01_0144', 05, 'Owner&apos;s handbook, telephone &quot;it&quot;', 'SA638', 1, to_date('20030901','YYYYMMDD'), to_date('20040901','YYYYMMDD'), '01440157846', '', '', false);
insert into DiagramParts values('BT12-01_0144-01450157847', 'BT12-01_0144', 06, 'Owner&apos;s handbook, telephone &quot;sv&quot;', 'SA638', 1, to_date('20030901','YYYYMMDD'), to_date('20040901','YYYYMMDD'), '01450157847', '', '', false);
insert into DiagramParts values('BT12-01_0144-01460157848', 'BT12-01_0144', 07, 'Owner&apos;s handbook, telephone &quot;nl&quot;', 'SA638', 1, to_date('20030901','YYYYMMDD'), to_date('20040901','YYYYMMDD'), '01460157848', '', '', false);
insert into DiagramParts values('BT12-01_0144-01470157849', 'BT12-01_0144', 08, 'Owner&apos;s handbook, telephone &quot;ar&quot;', 'SA638', 1, to_date('20030901','YYYYMMDD'), to_date('20040901','YYYYMMDD'), '01470157849', '', '', false);
insert into DiagramParts values('BT12-01_0144-01480157850', 'BT12-01_0144', 09, 'Owner&apos;s handbook, telephone &quot;da&quot;', 'SA638', 1, to_date('20030901','YYYYMMDD'), to_date('20040901','YYYYMMDD'), '01480157850', '', '', false);
insert into DiagramParts values('BT12-01_0144-01490157851', 'BT12-01_0144', 10, 'Owner&apos;s handbook, telephone &quot;pt&quot;', 'SA638', 1, to_date('20030901','YYYYMMDD'), to_date('20040901','YYYYMMDD'), '01490157851', '', '', false);
insert into DiagramParts values('BT12-01_0144-01490157781', 'BT12-01_0144', 14, 'Owner&apos;s handbook, telephone &quot;zh&quot;', 'SA638', 1, to_date('20030901','YYYYMMDD'), to_date('20040901','YYYYMMDD'), '01490157781', '', '', false);
insert into Diagram values('BT12-01_0144','BT12-20021200','01-14','E85 Z4 2.2i   Phone, fixed installation, SA630/631/638','');
insert into DiagramParts values('BT12-01_0302-01490157831', 'BT12-01_0302', 01, 'Owner&apos;s man., telephone, multilingual', 'SA 644', 1, to_date('20030901','YYYYMMDD'), to_date('20040901','YYYYMMDD'), '01490157831', '', '', false);
insert into DiagramParts values('BT12-01_0302-01492600701', 'BT12-01_0302', 16, 'Owner&apos;s man., telephone, multilingual', 'RU,RO E83/85/86', 1, to_date('20080401','YYYYMMDD'), to_date('20100901','YYYYMMDD'), '01492600701', '', '', false);
insert into DiagramParts values('BT12-01_0302-01492600647', 'BT12-01_0302', 17, 'Owner&apos;s man., telephone, multilingual', 'RU,RO SA633/644', 1, to_date('20080301','YYYYMMDD'), to_date('20080401','YYYYMMDD'), '01492600647', '', '', false);
insert into Diagram values('BT12-01_0302','BT12-20021200','01-14','E85 Z4 2.2i   Universal BMW mobile phone preparat.','');
insert into DiagramParts values('BT12-01_0087-01400157384', 'BT12-01_0087', 01, 'Owner&apos;s handbook, Navi Professional', 'DE, E83/E85', 1, to_date('20030901','YYYYMMDD'), to_date('20040901','YYYYMMDD'), '01400157384', '', '', false);
insert into DiagramParts values('BT12-01_0087-01400158562', 'BT12-01_0087', 01, 'Owner&apos;s handbook, Navi Professional', 'DE, E83, E85', 1, to_date('20040901','YYYYMMDD'), to_date('20050901','YYYYMMDD'), '01400158562', '', '', false);
insert into DiagramParts values('BT12-01_0087-01402600035', 'BT12-01_0087', 01, 'Owner&apos;s handbook, Navi Professional', 'DE, E83,E85,E86', 1, to_date('20050901','YYYYMMDD'), to_date('20060801','YYYYMMDD'), '01402600035', '', '', false);
insert into DiagramParts values('BT12-01_0087-01400012627', 'BT12-01_0087', 01, 'Owner&apos;s handbook, Navi Professional', 'DE, E83,E85,E86', 1, to_date('20060801','YYYYMMDD'), to_date('20070301','YYYYMMDD'), '01400012627', '', '', false);
insert into DiagramParts values('BT12-01_0087-01400013494', 'BT12-01_0087', 01, 'Owner&apos;s handbook, Navi Professional', 'DE, E83,E85,E86', 1, to_date('20070301','YYYYMMDD'), to_date('20100901','YYYYMMDD'), '01400013494', '', '', false);
insert into DiagramParts values('BT12-01_0087-01410157385', 'BT12-01_0087', 02, 'Owner&apos;s handbook, Navi Professional', 'EN, E83, E85', 1, to_date('20030901','YYYYMMDD'), to_date('20040901','YYYYMMDD'), '01410157385', '', '', false);
insert into DiagramParts values('BT12-01_0087-01410158563', 'BT12-01_0087', 02, 'Owner&apos;s handbook, Navi Professional', 'EN, E83, E85', 1, to_date('20040901','YYYYMMDD'), to_date('20050901','YYYYMMDD'), '01410158563', '', '', false);
insert into DiagramParts values('BT12-01_0087-01412600036', 'BT12-01_0087', 02, 'Owner&apos;s handbook, Navi Professional', 'EN, E83,E85,E86', 1, to_date('20050901','YYYYMMDD'), to_date('20060801','YYYYMMDD'), '01412600036', '', '', false);
insert into DiagramParts values('BT12-01_0087-01410012628', 'BT12-01_0087', 02, 'Owner&apos;s handbook, Navi Professional', 'EN, E83,E85,E86', 1, to_date('20060801','YYYYMMDD'), to_date('20070301','YYYYMMDD'), '01410012628', '', '', false);
insert into DiagramParts values('BT12-01_0087-01410013497', 'BT12-01_0087', 02, 'Owner&apos;s handbook, Navi Professional', 'EN, E83,E85,E86', 1, to_date('20070301','YYYYMMDD'), to_date('20100901','YYYYMMDD'), '01410013497', '', '', false);
insert into DiagramParts values('BT12-01_0087-01420157386', 'BT12-01_0087', 03, 'Owner&apos;s handbook, Navi Professional', 'FR, E83, E85', 1, to_date('20030901','YYYYMMDD'), to_date('20050901','YYYYMMDD'), '01420157386', '', '', false);
insert into DiagramParts values('BT12-01_0087-01422600037', 'BT12-01_0087', 03, 'Owner&apos;s handbook, Navi Professional', 'FR, E83,E85,E86', 1, to_date('20050901','YYYYMMDD'), to_date('20060801','YYYYMMDD'), '01422600037', '', '', false);
insert into DiagramParts values('BT12-01_0087-01420012629', 'BT12-01_0087', 03, 'Owner&apos;s handbook, Navi Professional', 'FR, E83,E85,E86', 1, to_date('20060801','YYYYMMDD'), to_date('20070301','YYYYMMDD'), '01420012629', '', '', false);
insert into DiagramParts values('BT12-01_0087-01420013498', 'BT12-01_0087', 03, 'Owner&apos;s handbook, Navi Professional', 'FR, E83,E85,E86', 1, to_date('20070301','YYYYMMDD'), to_date('20100901','YYYYMMDD'), '01420013498', '', '', false);
insert into DiagramParts values('BT12-01_0087-01430157387', 'BT12-01_0087', 04, 'Owner&apos;s handbook, Navi Professional', 'ES, E83, E85', 1, to_date('20030901','YYYYMMDD'), to_date('20050901','YYYYMMDD'), '01430157387', '', '', false);
insert into DiagramParts values('BT12-01_0087-01432600038', 'BT12-01_0087', 04, 'Owner&apos;s handbook, Navi Professional', 'ES, E83,E85,E86', 1, to_date('20050901','YYYYMMDD'), to_date('20060801','YYYYMMDD'), '01432600038', '', '', false);
insert into DiagramParts values('BT12-01_0087-01430012630', 'BT12-01_0087', 04, 'Owner&apos;s handbook, Navi Professional', 'ES, E83,E85,E86', 1, to_date('20060801','YYYYMMDD'), to_date('20070301','YYYYMMDD'), '01430012630', '', '', false);
insert into DiagramParts values('BT12-01_0087-01430013499', 'BT12-01_0087', 04, 'Owner&apos;s handbook, Navi Professional', 'ES, E83,E85,E86', 1, to_date('20070301','YYYYMMDD'), to_date('20100901','YYYYMMDD'), '01430013499', '', '', false);
insert into DiagramParts values('BT12-01_0087-01440157388', 'BT12-01_0087', 05, 'Owner&apos;s handbook, Navi Professional', 'IT, E83, E85', 1, to_date('20030901','YYYYMMDD'), to_date('20050901','YYYYMMDD'), '01440157388', '', '', false);
insert into DiagramParts values('BT12-01_0087-01442600039', 'BT12-01_0087', 05, 'Owner&apos;s handbook, Navi Professional', 'IT, E83,E85,E86', 1, to_date('20050901','YYYYMMDD'), to_date('20060801','YYYYMMDD'), '01442600039', '', '', false);
insert into DiagramParts values('BT12-01_0087-01440012631', 'BT12-01_0087', 05, 'Owner&apos;s handbook, Navi Professional', 'IT, E83,E85,E86', 1, to_date('20060801','YYYYMMDD'), to_date('20070301','YYYYMMDD'), '01440012631', '', '', false);
insert into DiagramParts values('BT12-01_0087-01440013500', 'BT12-01_0087', 05, 'Owner&apos;s handbook, Navi Professional', 'IT, E83,E85,E86', 1, to_date('20070301','YYYYMMDD'), to_date('20100901','YYYYMMDD'), '01440013500', '', '', false);
insert into DiagramParts values('BT12-01_0087-01450157389', 'BT12-01_0087', 06, 'Owner&apos;s handbook, Navi Professional', 'SV, E83, E85', 1, to_date('20030901','YYYYMMDD'), to_date('20050901','YYYYMMDD'), '01450157389', '', '', false);
insert into DiagramParts values('BT12-01_0087-01452600040', 'BT12-01_0087', 06, 'Owner&apos;s handbook, Navi Professional', 'SV, E83,E85,E86', 1, to_date('20050901','YYYYMMDD'), to_date('20060801','YYYYMMDD'), '01452600040', '', '', false);
insert into DiagramParts values('BT12-01_0087-01450012632', 'BT12-01_0087', 06, 'Owner&apos;s handbook, Navi Professional', 'SV, E83,E85,E86', 1, to_date('20060801','YYYYMMDD'), to_date('20070301','YYYYMMDD'), '01450012632', '', '', false);
insert into DiagramParts values('BT12-01_0087-01450013501', 'BT12-01_0087', 06, 'Owner&apos;s handbook, Navi Professional', 'SV, E83,E85,E86', 1, to_date('20070301','YYYYMMDD'), to_date('20100901','YYYYMMDD'), '01450013501', '', '', false);
insert into DiagramParts values('BT12-01_0087-01460157390', 'BT12-01_0087', 07, 'Owner&apos;s handbook, Navi Professional', 'NL, E83, E85', 1, to_date('20030901','YYYYMMDD'), to_date('20050901','YYYYMMDD'), '01460157390', '', '', false);
insert into DiagramParts values('BT12-01_0087-01462600041', 'BT12-01_0087', 07, 'Owner&apos;s handbook, Navi Professional', 'NL, E83,E85,E86', 1, to_date('20050901','YYYYMMDD'), to_date('20060801','YYYYMMDD'), '01462600041', '', '', false);
insert into DiagramParts values('BT12-01_0087-01460012633', 'BT12-01_0087', 07, 'Owner&apos;s handbook, Navi Professional', 'NL, E83,E85,E86', 1, to_date('20060801','YYYYMMDD'), to_date('20070301','YYYYMMDD'), '01460012633', '', '', false);
insert into DiagramParts values('BT12-01_0087-01460013502', 'BT12-01_0087', 07, 'Owner&apos;s handbook, Navi Professional', 'NL, E83,E85,E86', 1, to_date('20070301','YYYYMMDD'), to_date('20100901','YYYYMMDD'), '01460013502', '', '', false);
insert into DiagramParts values('BT12-01_0087-01470157391', 'BT12-01_0087', 08, 'Owner&apos;s handbook, Navi Professional', 'AR, E83/85', 1, to_date('20030901','YYYYMMDD'), to_date('20050901','YYYYMMDD'), '01470157391', '', '', false);
insert into DiagramParts values('BT12-01_0087-01472600042', 'BT12-01_0087', 08, 'Owner&apos;s handbook, Navi Professional', 'AR, E83,E85,E86', 1, to_date('20050901','YYYYMMDD'), to_date('20060801','YYYYMMDD'), '01472600042', '', '', false);
insert into DiagramParts values('BT12-01_0087-01470012634', 'BT12-01_0087', 08, 'Owner&apos;s handbook, Navi Professional', 'AR, E83,E85,E86', 1, to_date('20060801','YYYYMMDD'), to_date('20070301','YYYYMMDD'), '01470012634', '', '', false);
insert into DiagramParts values('BT12-01_0087-01470013503', 'BT12-01_0087', 08, 'Owner&apos;s handbook, Navi Professional', 'AR, E83,E85,E86', 1, to_date('20070301','YYYYMMDD'), to_date('20100901','YYYYMMDD'), '01470013503', '', '', false);
insert into DiagramParts values('BT12-01_0087-01480157392', 'BT12-01_0087', 09, 'Owner&apos;s handbook, Navi Professional', 'DA, E83/E85', 1, to_date('20030901','YYYYMMDD'), to_date('20050901','YYYYMMDD'), '01480157392', '', '', false);
insert into DiagramParts values('BT12-01_0087-01482600043', 'BT12-01_0087', 09, 'Owner&apos;s handbook, Navi Professional', 'DA, E83,E85,E86', 1, to_date('20050901','YYYYMMDD'), to_date('20060801','YYYYMMDD'), '01482600043', '', '', false);
insert into DiagramParts values('BT12-01_0087-01480012635', 'BT12-01_0087', 09, 'Owner&apos;s handbook, Navi Professional', 'DA, E83,E85,E86', 1, to_date('20060801','YYYYMMDD'), to_date('20070301','YYYYMMDD'), '01480012635', '', '', false);
insert into DiagramParts values('BT12-01_0087-01480013504', 'BT12-01_0087', 09, 'Owner&apos;s handbook, Navi Professional', 'DA, E83,E85,E86', 1, to_date('20070301','YYYYMMDD'), to_date('20100901','YYYYMMDD'), '01480013504', '', '', false);
insert into DiagramParts values('BT12-01_0087-01490157393', 'BT12-01_0087', 10, 'Owner&apos;s handbook, Navi Professional', 'PT, E83, E85', 1, to_date('20030901','YYYYMMDD'), to_date('20050901','YYYYMMDD'), '01490157393', '', '', false);
insert into DiagramParts values('BT12-01_0087-01492600044', 'BT12-01_0087', 10, 'Owner&apos;s handbook, Navi Professional', 'PT, E83,E85,E86', 1, to_date('20050901','YYYYMMDD'), to_date('20060801','YYYYMMDD'), '01492600044', '', '', false);
insert into DiagramParts values('BT12-01_0087-01490012636', 'BT12-01_0087', 10, 'Owner&apos;s handbook, Navi Professional', 'PT, E83,E85,E86', 1, to_date('20060801','YYYYMMDD'), to_date('20070301','YYYYMMDD'), '01490012636', '', '', false);
insert into DiagramParts values('BT12-01_0087-01490013505', 'BT12-01_0087', 10, 'Owner&apos;s handbook, Navi Professional', 'PT, E83,E85,E86', 1, to_date('20070301','YYYYMMDD'), to_date('20100901','YYYYMMDD'), '01490013505', '', '', false);
insert into DiagramParts values('BT12-01_0087-01490012637', 'BT12-01_0087', 11, 'Owner&apos;s handbook, Navi Professional', 'EL, E83,E85,E86', 1, to_date('20060801','YYYYMMDD'), to_date('20070301','YYYYMMDD'), '01490012637', '', '', false);
insert into DiagramParts values('BT12-01_0087-01490013506', 'BT12-01_0087', 11, 'Owner&apos;s handbook, Navi Professional', 'EL, E83,E85,E86', 1, to_date('20070301','YYYYMMDD'), to_date('20100901','YYYYMMDD'), '01490013506', '', '', false);
insert into Diagram values('BT12-01_0087','BT12-20021200','01-16','E85 Z4 2.2i   Navigation and TV, SA609 + SA601','');
insert into DiagramParts values('BT12-01_0088-01410013520', 'BT12-01_0088', 11, 'Owner&apos;s handbook, Navi Professional', 'EN US', 1, to_date('20070301','YYYYMMDD'), to_date('20070901','YYYYMMDD'), '01410013520', '$33.27', '', false);
insert into DiagramParts values('BT12-01_0088-01420012607', 'BT12-01_0088', 12, 'Owner&apos;s handbook, Navi Professional', 'FR CA', 1, to_date('20060801','YYYYMMDD'), to_date('20070301','YYYYMMDD'), '01420012607', '', '', false);
insert into DiagramParts values('BT12-01_0088-01420013521', 'BT12-01_0088', 12, 'Owner&apos;s handbook, Navi Professional', 'FR CA', 1, to_date('20070301','YYYYMMDD'), to_date('20070901','YYYYMMDD'), '01420013521', '', '', false);
insert into Diagram values('BT12-01_0088','BT12-20021200','01-16','E85 Z4 2.2i   Navigation system US, SA609','');
insert into DiagramParts values('BT12-01_0290-01400157862', 'BT12-01_0290', 01, 'Owner&apos;s handbook, Navi Business', 'DE, E83, E85', 1, to_date('20030901','YYYYMMDD'), to_date('20050901','YYYYMMDD'), '01400157862', '', '', false);
insert into DiagramParts values('BT12-01_0290-01410157122', 'BT12-01_0290', 02, 'Owner&apos;s handbook, Navi Business', 'EN, E85', 1, to_date('20021201','YYYYMMDD'), to_date('20030901','YYYYMMDD'), '01410157122', '', '', false);
insert into DiagramParts values('BT12-01_0290-01410157863', 'BT12-01_0290', 02, 'Owner&apos;s handbook, Navi Business', 'EN, E83, E85', 1, to_date('20030901','YYYYMMDD'), to_date('20050901','YYYYMMDD'), '01410157863', '$33.27', '', false);
insert into DiagramParts values('BT12-01_0290-01420157123', 'BT12-01_0290', 03, 'Owner&apos;s handbook, Navi Business', 'FR, E85', 1, to_date('20021201','YYYYMMDD'), to_date('20030901','YYYYMMDD'), '01420157123', '', '', false);
insert into DiagramParts values('BT12-01_0290-01420157864', 'BT12-01_0290', 03, 'Owner&apos;s handbook, Navi Business', 'FR, E83, E85', 1, to_date('20030901','YYYYMMDD'), to_date('20050901','YYYYMMDD'), '01420157864', '', '', false);
insert into DiagramParts values('BT12-01_0290-01430157124', 'BT12-01_0290', 04, 'Owner&apos;s handbook, Navi Business', 'ES, E85', 1, to_date('20021201','YYYYMMDD'), to_date('20030901','YYYYMMDD'), '01430157124', '', '', false);
insert into DiagramParts values('BT12-01_0290-01430157865', 'BT12-01_0290', 04, 'Owner&apos;s handbook, Navi Business', 'ES, E83, E85', 1, to_date('20030901','YYYYMMDD'), to_date('20050901','YYYYMMDD'), '01430157865', '', '', false);
insert into DiagramParts values('BT12-01_0290-01440157125', 'BT12-01_0290', 05, 'Owner&apos;s handbook, Navi Business', 'IT, E85', 1, to_date('20021201','YYYYMMDD'), to_date('20030901','YYYYMMDD'), '01440157125', '', '', false);
insert into DiagramParts values('BT12-01_0290-01440157866', 'BT12-01_0290', 05, 'Owner&apos;s handbook, Navi Business', 'IT, E83, E85', 1, to_date('20030901','YYYYMMDD'), to_date('20050901','YYYYMMDD'), '01440157866', '', '', false);
insert into DiagramParts values('BT12-01_0290-01450157126', 'BT12-01_0290', 06, 'Owner&apos;s handbook, Navi Business', 'SV, E85', 1, to_date('20021201','YYYYMMDD'), to_date('20030901','YYYYMMDD'), '01450157126', '', '', false);
insert into DiagramParts values('BT12-01_0290-01450157867', 'BT12-01_0290', 06, 'Owner&apos;s handbook, Navi Business', 'SV, E83, E85', 1, to_date('20030901','YYYYMMDD'), to_date('20050901','YYYYMMDD'), '01450157867', '', '', false);
insert into DiagramParts values('BT12-01_0290-01460157127', 'BT12-01_0290', 07, 'Owner&apos;s handbook, Navi Business', 'NL, E85', 1, to_date('20021201','YYYYMMDD'), to_date('20030901','YYYYMMDD'), '01460157127', '', '', false);
insert into DiagramParts values('BT12-01_0290-01460157868', 'BT12-01_0290', 07, 'Owner&apos;s handbook, Navi Business', 'NL, E83, E85', 1, to_date('20030901','YYYYMMDD'), to_date('20040901','YYYYMMDD'), '01460157868', '', '', false);
insert into DiagramParts values('BT12-01_0290-01460158786', 'BT12-01_0290', 07, 'Owner&apos;s handbook, Navi Business', 'NL, E83, E85', 1, to_date('20040901','YYYYMMDD'), to_date('20050901','YYYYMMDD'), '01460158786', '', '', false);
insert into DiagramParts values('BT12-01_0290-01470157128', 'BT12-01_0290', 08, 'Owner&apos;s handbook, Navi Business', 'AR, E85', 1, to_date('20021201','YYYYMMDD'), to_date('20030901','YYYYMMDD'), '01470157128', '', '', false);
insert into DiagramParts values('BT12-01_0290-01470157869', 'BT12-01_0290', 08, 'Owner&apos;s handbook, Navi Business', 'AR, E83, E85', 1, to_date('20030901','YYYYMMDD'), to_date('20050901','YYYYMMDD'), '01470157869', '', '', false);
insert into DiagramParts values('BT12-01_0290-01480157129', 'BT12-01_0290', 09, 'Owner&apos;s handbook, Navi Business', 'DA, E85', 1, to_date('20021201','YYYYMMDD'), to_date('20030901','YYYYMMDD'), '01480157129', '', '', false);
insert into DiagramParts values('BT12-01_0290-01480157870', 'BT12-01_0290', 09, 'Owner&apos;s handbook, Navi Business', 'DA, E83, E85', 1, to_date('20030901','YYYYMMDD'), to_date('20050901','YYYYMMDD'), '01480157870', '', '', false);
insert into DiagramParts values('BT12-01_0290-01490157130', 'BT12-01_0290', 10, 'Owner&apos;s handbook, Navi Business', 'PT, E85', 1, to_date('20021201','YYYYMMDD'), to_date('20030901','YYYYMMDD'), '01490157130', '', '', false);
insert into DiagramParts values('BT12-01_0290-01490157871', 'BT12-01_0290', 10, 'Owner&apos;s handbook, Navi Business', 'PT, E83, E85', 1, to_date('20030901','YYYYMMDD'), to_date('20050901','YYYYMMDD'), '01490157871', '', '', false);
insert into Diagram values('BT12-01_0290','BT12-20021200','01-16','E85 Z4 2.2i   Navigation system Business E83, E85, E86','');
insert into DiagramParts values('BT12-01_0695-01410012639', 'BT12-01_0695', 02, 'Owner&apos;s manual, on-board monitor+TV', 'EN, E83,E85,E86', 1, to_date('20060801','YYYYMMDD'), to_date('20070301','YYYYMMDD'), '01410012639', '', '', false);
insert into DiagramParts values('BT12-01_0695-01420012640', 'BT12-01_0695', 03, 'Owner&apos;s manual, on-board monitor+TV', 'FR, E83,E85,E86', 1, to_date('20060801','YYYYMMDD'), to_date('20070301','YYYYMMDD'), '01420012640', '', '', false);
insert into DiagramParts values('BT12-01_0695-01430012641', 'BT12-01_0695', 04, 'Owner&apos;s manual, on-board monitor+TV', 'ES, E83,E85,E86', 1, to_date('20060801','YYYYMMDD'), to_date('20070301','YYYYMMDD'), '01430012641', '', '', false);
insert into DiagramParts values('BT12-01_0695-01440012642', 'BT12-01_0695', 05, 'Owner&apos;s manual, on-board monitor+TV', 'IT, E83,E85,E86', 1, to_date('20060801','YYYYMMDD'), to_date('20070301','YYYYMMDD'), '01440012642', '', '', false);
insert into DiagramParts values('BT12-01_0695-01450012643', 'BT12-01_0695', 06, 'Owner&apos;s manual, on-board monitor+TV', 'SV, E83,E85,E86', 1, to_date('20060801','YYYYMMDD'), to_date('20070301','YYYYMMDD'), '01450012643', '', '', false);
insert into DiagramParts values('BT12-01_0695-01460012644', 'BT12-01_0695', 07, 'Owner&apos;s manual, on-board monitor+TV', 'NL, E83,E85,E86', 1, to_date('20060801','YYYYMMDD'), to_date('20070301','YYYYMMDD'), '01460012644', '', '', false);
insert into DiagramParts values('BT12-01_0695-01470012645', 'BT12-01_0695', 08, 'Owner&apos;s manual, on-board monitor+TV', 'AR, E83,E85,E86', 1, to_date('20060801','YYYYMMDD'), to_date('20070301','YYYYMMDD'), '01470012645', '', '', false);
insert into DiagramParts values('BT12-01_0695-01480012646', 'BT12-01_0695', 09, 'Owner&apos;s manual, on-board monitor+TV', 'DA, E83,E85,E86', 1, to_date('20060801','YYYYMMDD'), to_date('20070301','YYYYMMDD'), '01480012646', '', '', false);
insert into DiagramParts values('BT12-01_0695-01490012647', 'BT12-01_0695', 10, 'Owner&apos;s manual, on-board monitor+TV', 'PT, E83,E85,E86', 1, to_date('20060801','YYYYMMDD'), to_date('20070301','YYYYMMDD'), '01490012647', '', '', false);
insert into DiagramParts values('BT12-01_0695-01490012649', 'BT12-01_0695', 13, 'Owner&apos;s manual, on-board monitor+TV', 'EL, E83,E85,E86', 1, to_date('20060801','YYYYMMDD'), to_date('20070301','YYYYMMDD'), '01490012649', '', '', false);
insert into DiagramParts values('BT12-01_0695-01490012648', 'BT12-01_0695', 14, 'Owner&apos;s manual, on-board monitor+TV', 'ZH, E83,E85,E86', 1, to_date('20060801','YYYYMMDD'), to_date('20070301','YYYYMMDD'), '01490012648', '', '', false);
insert into Diagram values('BT12-01_0695','BT12-20021200','01-18','E85 Z4 2.2i   On-board monitor with TV, SA 602','');
insert into Diagram values('BT12-01_1128','BT12-20021200','01-19','E85 Z4 2.2i   EC Certificate of Conformity','');
insert into Diagram values('BT12-01_0169','BT12-20021200','01-21','E85 Z4 2.2i   Logbook slipcase BMW','');
insert into Diagram values('BT12-01_1140','BT12-20021200','01-21','E85 Z4 2.2i   Logbook slipcase BMW','');
insert into DiagramParts values('BT12-01_0029-01410157789', 'BT12-01_0029', 01, 'Supplem. to owner&apos;s manual, Australia', 'E85, MJ 04 / 05', 1, to_date('20031001','YYYYMMDD'), to_date('20060101','YYYYMMDD'), '01410157789', '', '', false);
insert into DiagramParts values('BT12-01_0029-01412600115', 'BT12-01_0029', 01, 'Supplem. to owner&apos;s manual, Australia', 'E85, MJ 2006', 1, to_date('20060101','YYYYMMDD'), to_date('20060401','YYYYMMDD'), '01412600115', '', '', false);
insert into DiagramParts values('BT12-01_0029-01410012042', 'BT12-01_0029', 01, 'Supplem. to owner&apos;s manual, Australia', 'E85, E86, EN', 1, to_date('20060401','YYYYMMDD'), to_date('20080901','YYYYMMDD'), '01410012042', '', '', false);
insert into Diagram values('BT12-01_0029','BT12-20021200','01-24','E85 Z4 2.2i   Supplem. to owner&apos;s manual, Australia','');
insert into DiagramParts values('BT12-01_0589-01400157701', 'BT12-01_0589', 01, 'Service booklet, German', 'MJ 2004', 1, to_date('20021201','YYYYMMDD'), to_date('20040301','YYYYMMDD'), '01400157701', '', '', false);
insert into DiagramParts values('BT12-01_0589-01400158636', 'BT12-01_0589', 01, 'Service booklet, German', 'E46,E53,E83,E85', 1, to_date('20040301','YYYYMMDD'), to_date('20050301','YYYYMMDD'), '01400158636', '', '', false);
insert into DiagramParts values('BT12-01_0589-01400011983', 'BT12-01_0589', 01, 'Service booklet, German', 'E46/53/83/85/86', 1, to_date('20050301','YYYYMMDD'), to_date('20060801','YYYYMMDD'), '01400011983', '', '', false);
insert into DiagramParts values('BT12-01_0589-01400012709', 'BT12-01_0589', 01, 'Service booklet, German', 'E83,E85,E86', 1, to_date('20060801','YYYYMMDD'), to_date('20080901','YYYYMMDD'), '01400012709', '', '', false);
insert into DiagramParts values('BT12-01_0589-01410157702', 'BT12-01_0589', 02, 'Service booklet, English', 'MJ 2004', 1, to_date('20021201','YYYYMMDD'), to_date('20040301','YYYYMMDD'), '01410157702', '', '', false);
insert into DiagramParts values('BT12-01_0589-01410158637', 'BT12-01_0589', 02, 'Service booklet, English', 'E46,E53,E83,E85', 1, to_date('20040301','YYYYMMDD'), to_date('20050301','YYYYMMDD'), '01410158637', '', '', false);
insert into DiagramParts values('BT12-01_0589-01410011984', 'BT12-01_0589', 02, 'Service booklet, English', 'E46/53/83/85/86', 1, to_date('20050301','YYYYMMDD'), to_date('20060801','YYYYMMDD'), '01410011984', '', '', false);
insert into DiagramParts values('BT12-01_0589-01410012710', 'BT12-01_0589', 02, 'Service booklet, English', 'E83,E85,E86', 1, to_date('20060801','YYYYMMDD'), to_date('20080901','YYYYMMDD'), '01410012710', '', '', false);
insert into DiagramParts values('BT12-01_0589-01420157703', 'BT12-01_0589', 03, 'Service booklet, French', 'MJ 2004', 1, to_date('20021201','YYYYMMDD'), to_date('20040301','YYYYMMDD'), '01420157703', '', '', false);
insert into DiagramParts values('BT12-01_0589-01420158638', 'BT12-01_0589', 03, 'Service booklet, French', 'E46,E53,E83,E85', 1, to_date('20040301','YYYYMMDD'), to_date('20050301','YYYYMMDD'), '01420158638', '', '', false);
insert into DiagramParts values('BT12-01_0589-01420011985', 'BT12-01_0589', 03, 'Service booklet, French', 'E46/53/83/85/86', 1, to_date('20050301','YYYYMMDD'), to_date('20060801','YYYYMMDD'), '01420011985', '', '', false);
insert into DiagramParts values('BT12-01_0589-01420012714', 'BT12-01_0589', 03, 'Service booklet, French', 'E83,E85,E86', 1, to_date('20060801','YYYYMMDD'), to_date('20080901','YYYYMMDD'), '01420012714', '', '', false);
insert into DiagramParts values('BT12-01_0589-01430157704', 'BT12-01_0589', 04, 'Service booklet, Spanish', 'MJ 2004', 1, to_date('20021201','YYYYMMDD'), to_date('20040301','YYYYMMDD'), '01430157704', '', '', false);
insert into DiagramParts values('BT12-01_0589-01430158639', 'BT12-01_0589', 04, 'Service booklet, Spanish', 'E46,E53,E83,E85', 1, to_date('20040301','YYYYMMDD'), to_date('20050301','YYYYMMDD'), '01430158639', '', '', false);
insert into DiagramParts values('BT12-01_0589-01430011986', 'BT12-01_0589', 04, 'Service booklet, Spanish', 'E46/53/83/85/86', 1, to_date('20050301','YYYYMMDD'), to_date('20060801','YYYYMMDD'), '01430011986', '', '', false);
insert into DiagramParts values('BT12-01_0589-01430012719', 'BT12-01_0589', 04, 'Service booklet, Spanish', 'E83,E85,E86', 1, to_date('20060801','YYYYMMDD'), to_date('20080901','YYYYMMDD'), '01430012719', '', '', false);
insert into DiagramParts values('BT12-01_0589-01440157705', 'BT12-01_0589', 05, 'Service booklet, Italian', 'MJ 2004', 1, to_date('20021201','YYYYMMDD'), to_date('20040301','YYYYMMDD'), '01440157705', '', '', false);
insert into DiagramParts values('BT12-01_0589-01440158640', 'BT12-01_0589', 05, 'Service booklet, Italian', 'E46,E53,E83,E85', 1, to_date('20040301','YYYYMMDD'), to_date('20050301','YYYYMMDD'), '01440158640', '', '', false);
insert into DiagramParts values('BT12-01_0589-01440011987', 'BT12-01_0589', 05, 'Service booklet, Italian', 'E46/53/83/85/86', 1, to_date('20050301','YYYYMMDD'), to_date('20060801','YYYYMMDD'), '01440011987', '', '', false);
insert into DiagramParts values('BT12-01_0589-01440012724', 'BT12-01_0589', 05, 'Service booklet, Italian', 'E83,E85,E86', 1, to_date('20060801','YYYYMMDD'), to_date('20080901','YYYYMMDD'), '01440012724', '', '', false);
insert into DiagramParts values('BT12-01_0589-01450157706', 'BT12-01_0589', 06, 'Service booklet, Swedish', 'MJ 2004', 1, to_date('20021201','YYYYMMDD'), to_date('20040301','YYYYMMDD'), '01450157706', '', '', false);
insert into DiagramParts values('BT12-01_0589-01450158641', 'BT12-01_0589', 06, 'Service booklet, Swedish', 'E46,E53,E83,E85', 1, to_date('20040301','YYYYMMDD'), to_date('20050301','YYYYMMDD'), '01450158641', '', '', false);
insert into DiagramParts values('BT12-01_0589-01450011988', 'BT12-01_0589', 06, 'Service booklet, Swedish', 'E46/53/83/85/86', 1, to_date('20050301','YYYYMMDD'), to_date('20060801','YYYYMMDD'), '01450011988', '', '', false);
insert into DiagramParts values('BT12-01_0589-01450012725', 'BT12-01_0589', 06, 'Service booklet, Swedish', 'E83,E85,E86', 1, to_date('20060801','YYYYMMDD'), to_date('20080901','YYYYMMDD'), '01450012725', '', '', false);
insert into DiagramParts values('BT12-01_0589-01460157707', 'BT12-01_0589', 07, 'Service booklet, Dutch', 'MJ 2004', 1, to_date('20021201','YYYYMMDD'), to_date('20040301','YYYYMMDD'), '01460157707', '', '', false);
insert into DiagramParts values('BT12-01_0589-01460158642', 'BT12-01_0589', 07, 'Service booklet, Dutch', 'E46,E53,E83,E85', 1, to_date('20040301','YYYYMMDD'), to_date('20050301','YYYYMMDD'), '01460158642', '', '', false);
insert into DiagramParts values('BT12-01_0589-01460011989', 'BT12-01_0589', 07, 'Service booklet, Dutch', 'E46/53/83/85/86', 1, to_date('20050301','YYYYMMDD'), to_date('20060801','YYYYMMDD'), '01460011989', '', '', false);
insert into DiagramParts values('BT12-01_0589-01460012727', 'BT12-01_0589', 07, 'Service booklet, Dutch', 'E83,E85,E86', 1, to_date('20060801','YYYYMMDD'), to_date('20080901','YYYYMMDD'), '01460012727', '', '', false);
insert into DiagramParts values('BT12-01_0589-01470157708', 'BT12-01_0589', 08, 'Service booklet, Arabic', 'MJ 2004', 1, to_date('20021201','YYYYMMDD'), to_date('20040301','YYYYMMDD'), '01470157708', '', '', false);
insert into DiagramParts values('BT12-01_0589-01470158643', 'BT12-01_0589', 08, 'Service booklet, Arabic', 'E46,E53,E83,E85', 1, to_date('20040301','YYYYMMDD'), to_date('20050301','YYYYMMDD'), '01470158643', '', '', false);
insert into DiagramParts values('BT12-01_0589-01470011990', 'BT12-01_0589', 08, 'Service booklet, Arabic', 'E46/53/83/85/86', 1, to_date('20050301','YYYYMMDD'), to_date('20060801','YYYYMMDD'), '01470011990', '', '', false);
insert into DiagramParts values('BT12-01_0589-01470012731', 'BT12-01_0589', 08, 'Service booklet, Arabic', 'E83,E85,E86', 1, to_date('20060801','YYYYMMDD'), to_date('20080901','YYYYMMDD'), '01470012731', '', '', false);
insert into DiagramParts values('BT12-01_0589-01480157709', 'BT12-01_0589', 09, 'Service booklet, Danish', 'MJ 2004', 1, to_date('20021201','YYYYMMDD'), to_date('20040301','YYYYMMDD'), '01480157709', '', '', false);
insert into DiagramParts values('BT12-01_0589-01480158644', 'BT12-01_0589', 09, 'Service booklet, Danish', 'E46,E53,E83,E85', 1, to_date('20040301','YYYYMMDD'), to_date('20050301','YYYYMMDD'), '01480158644', '', '', false);
insert into DiagramParts values('BT12-01_0589-01480011991', 'BT12-01_0589', 09, 'Service booklet, Danish', 'E46/53/83/85/86', 1, to_date('20051101','YYYYMMDD'), to_date('20060801','YYYYMMDD'), '01480011991', '', '', false);
insert into DiagramParts values('BT12-01_0589-01480012732', 'BT12-01_0589', 09, 'Service booklet, Danish', 'E83,E85,E86', 1, to_date('20060801','YYYYMMDD'), to_date('20080901','YYYYMMDD'), '01480012732', '', '', false);
insert into DiagramParts values('BT12-01_0589-01490157710', 'BT12-01_0589', 10, 'Service booklet, Portuguese', 'MJ 2004', 1, to_date('20021201','YYYYMMDD'), to_date('20040301','YYYYMMDD'), '01490157710', '', '', false);
insert into DiagramParts values('BT12-01_0589-01490158645', 'BT12-01_0589', 10, 'Service booklet, Portuguese', 'E46,E53,E83,E85', 1, to_date('20040301','YYYYMMDD'), to_date('20050301','YYYYMMDD'), '01490158645', '', '', false);
insert into DiagramParts values('BT12-01_0589-01490011992', 'BT12-01_0589', 10, 'Service booklet, Portuguese', 'E46/53/83/85/86', 1, to_date('20050301','YYYYMMDD'), to_date('20060801','YYYYMMDD'), '01490011992', '', '', false);
insert into DiagramParts values('BT12-01_0589-01490012733', 'BT12-01_0589', 10, 'Service booklet, Portuguese', 'E83,E85,E86', 1, to_date('20060801','YYYYMMDD'), to_date('20080901','YYYYMMDD'), '01490012733', '', '', false);
insert into DiagramParts values('BT12-01_0589-01490158647', 'BT12-01_0589', 11, 'Service booklet, greek', 'E46,E53,E83,E85', 1, to_date('20040301','YYYYMMDD'), to_date('20050301','YYYYMMDD'), '01490158647', '', '', false);
insert into DiagramParts values('BT12-01_0589-01490011994', 'BT12-01_0589', 11, 'Service booklet, greek', 'E46/53/83/85/86', 1, to_date('20050301','YYYYMMDD'), to_date('20060801','YYYYMMDD'), '01490011994', '', '', false);
insert into DiagramParts values('BT12-01_0589-01490012735', 'BT12-01_0589', 11, 'Service booklet, greek', 'E83,E85,E86', 1, to_date('20060801','YYYYMMDD'), to_date('20080901','YYYYMMDD'), '01490012735', '', '', false);
insert into DiagramParts values('BT12-01_0589-01490157829', 'BT12-01_0589', 12, 'Service booklet, Chinese', 'MJ 2004', 1, to_date('20030901','YYYYMMDD'), to_date('20040301','YYYYMMDD'), '01490157829', '', '', false);
insert into DiagramParts values('BT12-01_0589-01490158646', 'BT12-01_0589', 12, 'Service booklet, Chinese', 'E46,E53,E83,E85', 1, to_date('20040301','YYYYMMDD'), to_date('20050301','YYYYMMDD'), '01490158646', '', '', false);
insert into DiagramParts values('BT12-01_0589-01490011993', 'BT12-01_0589', 12, 'Service booklet, Chinese', 'E46/53/83/85/86', 1, to_date('20050301','YYYYMMDD'), to_date('20060801','YYYYMMDD'), '01490011993', '', '', false);
insert into DiagramParts values('BT12-01_0589-01490012734', 'BT12-01_0589', 12, 'Service booklet, Chinese', 'E83,E85,E86', 1, to_date('20060801','YYYYMMDD'), to_date('20080901','YYYYMMDD'), '01490012734', '', '', false);
insert into DiagramParts values('BT12-01_0589-01490013654', 'BT12-01_0589', 13, 'Service manual in Korean', 'E83,E85,E86', 1, to_date('20070301','YYYYMMDD'), to_date('20080901','YYYYMMDD'), '01490013654', '', '', false);
insert into Diagram values('BT12-01_0589','BT12-20021200','01-26','E85 Z4 2.2i   BMW Service booklet 2004 - 2008','');
insert into DiagramParts values('BT12-01_0743-01492600516', 'BT12-01_0743', 14, 'Service booklet, Romanian', 'E83, E85, E86', 1, to_date('20080301','YYYYMMDD'), to_date('20080901','YYYYMMDD'), '01492600516', '', '', false);
insert into Diagram values('BT12-01_0743','BT12-20021200','01-26','E85 Z4 2.2i   BMW Service Manual 2008 - 2011','');
insert into Diagram values('BT12-01_0670','BT12-20021200','01-35','E85 Z4 2.2i   battery charge calendar','');
insert into Diagram values('BT12-01_0681','BT12-20021200','01-40','E85 Z4 2.2i   BMW Service plug unit','');
insert into Diagram values('BT12-01_0680','BT12-20021200','01-46','E85 Z4 2.2i   Service information, BMW','');
insert into Diagram values('BT12-01_0233','BT12-20021200','01-52','E85 Z4 2.2i   Mounting information, Owner&apos;s Manual BMW','');
insert into Diagram values('BT12-01_0299','BT12-20021200','01-52','E85 Z4 2.2i   BMW assembly instructions','');
insert into Diagram values('BT12-01_0313','BT12-20021200','01-56','E85 Z4 2.2i   Templates BMW','');
insert into Diagram values('BT12-01_0635','BT12-20021200','01-60','E85 Z4 2.2i   BMW form','');
insert into Diagram values('BT12-01_0636','BT12-20021200','01-62','E85 Z4 2.2i   Trailer, BMW','');
insert into Diagram values('BT12-01_0637','BT12-20021200','01-64','E85 Z4 2.2i   Sticker, BMW','');
insert into Diagram values('BT12-01_0639','BT12-20021200','01-65','E85 Z4 2.2i   Labels BMW','');
insert into Diagram values('BT12-01_0612','BT12-20021200','01-70','E85 Z4 2.2i   CD/DVD SIP German BMW','');
insert into DiagramParts values('BT12-01_0671-01399789699', 'BT12-01_0671', 01, 'CD literature', 'LITERATUR', 1, to_date('19820901','YYYYMMDD'), to_date('19901201','YYYYMMDD'), '01399789699', '$8.11', '', false);
insert into Diagram values('BT12-01_0671','BT12-20021200','01-70','E85 Z4 2.2i   BMW CD/DVD miscellaneous','');
insert into Diagram values('BT12-01_0737','BT12-20021200','01-70','E85 Z4 2.2i   CD/DVD SIP complete vehicle BMW','');
insert into Diagram values('BT12-01_1172','BT12-20021200','01-70','E85 Z4 2.2i   DVD Web Based Training','');
insert into Diagram values('BT12-01_0888','BT12-20021200','01-94','E85 Z4 2.2i   Sample chart, upholstery colors, leather','');
insert into Diagram values('BT12-01_0889','BT12-20021200','01-94','E85 Z4 2.2i   Sample page, upholstery colors, fabric','');
insert into Diagram values('BT12-01_0890','BT12-20021200','01-94','E85 Z4 2.2i   Sample chart with interior moldings','');
insert into Diagram values('BT12-01_0891','BT12-20021200','01-94','E85 Z4 2.2i   Sample chart with interior colors','');
insert into Diagram values('BT12-11_2226','BT12-20021200','11-05','E85 Z4 2.2i   Short Engine','');
insert into Diagram values('BT12-11_2166','BT12-20021200','11-10','E85 Z4 2.2i   Engine block','');
insert into Diagram values('BT12-11_2167','BT12-20021200','11-10','E85 Z4 2.2i   Engine Block Mounting Parts','');
insert into Diagram values('BT12-11_2168','BT12-20021200','11-10','E85 Z4 2.2i   TIMING CASE','');
insert into Diagram values('BT12-11_2187','BT12-20021200','11-10','E85 Z4 2.2i   OIL PAN/OIL LEVEL INDICATOR','');
insert into Diagram values('BT12-11_2169','BT12-20021200','11-15','E85 Z4 2.2i   Cylinder Head Attached Parts','');
insert into Diagram values('BT12-11_2170','BT12-20021200','11-15','E85 Z4 2.2i   Cylinder Head Vanos','');
insert into Diagram values('BT12-11_2172','BT12-20021200','11-15','E85 Z4 2.2i   Cylinder head cover','');
insert into Diagram values('BT12-11_2194','BT12-20021200','11-15','E85 Z4 2.2i   Crankcase-Ventilation/oil separator','');
insert into DiagramParts values('BT12-11_2213-07119900244', 'BT12-11_2213', 24, 'Gasket ring', 'A10X15-AL', 1, to_date('20030201','YYYYMMDD'), to_date('20040101','YYYYMMDD'), '07119900244', '$0.57', '', false);
insert into Diagram values('BT12-11_2213','BT12-20021200','11-15','E85 Z4 2.2i   Cylinder Head','');
insert into Diagram values('BT12-11_2263','BT12-20021200','11-18','E85 Z4 2.2i   Belt Drive Climate Compressor','');
insert into Diagram values('BT12-11_2877','BT12-20021200','11-18','E85 Z4 2.2i   Belt Drive-Vibration Damper','');
insert into Diagram values('BT12-11_3416','BT12-20021200','11-18','E85 Z4 2.2i   Belt Drive Water Pump/Alternator','');
insert into Diagram values('BT12-11_1547','BT12-20021200','11-20','E85 Z4 2.2i   Crankshaft With Bearing Shells','');
insert into Diagram values('BT12-11_2010','BT12-20021200','11-20','E85 Z4 2.2i   Crankshaft Connecting Rod','');
insert into Diagram values('BT12-11_2878','BT12-20021200','11-20','E85 Z4 2.2i   Flywheel automatic','');
insert into Diagram values('BT12-11_2925','BT12-20021200','11-20','E85 Z4 2.2i   Crankshaft-Pistons','');
insert into Diagram values('BT12-11_3607','BT12-20021200','11-20','E85 Z4 2.2i   Flywheel / Twin Mass Flywheel','');
insert into Diagram values('BT12-11_1339','BT12-20021200','11-25','E85 Z4 2.2i   Timing - Timing Chain Lower P','');
insert into Diagram values('BT12-11_2171','BT12-20021200','11-25','E85 Z4 2.2i   Valve train,timing chain,upper/intake','');
insert into Diagram values('BT12-11_2182','BT12-20021200','11-25','E85 Z4 2.2i   Valve train,timing chain,upper/outlet','');
insert into Diagram values('BT12-11_2202','BT12-20021200','11-25','E85 Z4 2.2i   Valve Timing Gear - Cam Shaft','');
insert into Diagram values('BT12-11_2201','BT12-20021200','11-30','E85 Z4 2.2i   Lubrication system-Oil filter','');
insert into Diagram values('BT12-11_2868','BT12-20021200','11-30','E85 Z4 2.2i   Lubrication system/Oil pump with drive','');
insert into Diagram values('BT12-11_2180','BT12-20021200','11-35','E85 Z4 2.2i   Waterpump - Thermostat','');
insert into Diagram values('BT12-11_3421','BT12-20021200','11-35','E85 Z4 2.2i   Cooling System Water Hoses','');
insert into Diagram values('BT12-11_2879','BT12-20021200','11-40','E85 Z4 2.2i   Intake manifold system','');
insert into Diagram values('BT12-11_2880','BT12-20021200','11-40','E85 Z4 2.2i   MOUNTING PARTS F INTAKE MANIFOLD SYSTEM','');
insert into Diagram values('BT12-11_2885','BT12-20021200','11-45','E85 Z4 2.2i   Vacuum control - engine','');
insert into Diagram values('BT12-11_3419','BT12-20021200','11-50','E85 Z4 2.2i   EMISSION CONTROL-AIR PUMP','');
insert into Diagram values('BT12-12_1079','BT12-20021200','12-05','E85 Z4 2.2i   Sensors','');
insert into DiagramParts values('BT12-12_1104-12131712219', 'BT12-12_1104', 01, 'Ignition coil', 'BOSCH', 6, to_date('20020901','YYYYMMDD'), to_date('20090601','YYYYMMDD'), '12131712219', '$57.21', '', false);
insert into Diagram values('BT12-12_1104','BT12-20021200','12-05','E85 Z4 2.2i   Ignition coil/spark plug','');
insert into Diagram values('BT12-12_1240','BT12-20021200','12-10','E85 Z4 2.2i   Basic control unit DME / MS45.0','');
insert into Diagram values('BT12-12_1241','BT12-20021200','12-10','E85 Z4 2.2i   Programmed DME control unit','');
insert into Diagram values('BT12-12_1082','BT12-20021200','12-20','E85 Z4 2.2i   COMPACT ALTERNATOR','');
insert into Diagram values('BT12-12_1204','BT12-20021200','12-22','E85 Z4 2.2i   Generator single parts 120A Bosch','');
insert into Diagram values('BT12-12_1092','BT12-20021200','12-25','E85 Z4 2.2i   Starter','');
insert into Diagram values('BT12-12_1093','BT12-20021200','12-28','E85 Z4 2.2i   wiring harness, engine ignition module','');
insert into Diagram values('BT12-12_1094','BT12-20021200','12-28','E85 Z4 2.2i   Engine wiring harness, engine module','');
insert into Diagram values('BT12-12_1095','BT12-20021200','12-28','E85 Z4 2.2i   wiring harness, engine trans. module','');
insert into Diagram values('BT12-12_1106','BT12-20021200','12-29','E85 Z4 2.2i   Cable starter','');
insert into Diagram values('BT12-12_1107','BT12-20021200','12-29','E85 Z4 2.2i   Battery cable','');
insert into Diagram values('BT12-12_1141','BT12-20021200','12-29','E85 Z4 2.2i   DIVERSE SMALL PARTS','');
insert into Diagram values('BT12-12_0907','BT12-20021200','12-31','E85 Z4 2.2i   Cable holder','');
insert into Diagram values('BT12-12_1238','BT12-20021200','12-31','E85 Z4 2.2i   CABLE HOLDER/COVERING','');
insert into Diagram values('BT12-12_1328','BT12-20021200','12-31','E85 Z4 2.2i   Cable Harness Fixings','');
insert into Diagram values('BT12-12_1043','BT12-20021200','12-32','E85 Z4 2.2i   Laminated contacts/spring contacts','');
insert into Diagram values('BT12-12_1249','BT12-20021200','12-32','E85 Z4 2.2i   End cap','');
insert into Diagram values('BT12-12_1459','BT12-20021200','12-32','E85 Z4 2.2i   Contact system MLK','');
insert into Diagram values('BT12-12_1203','BT12-20021200','12-35','E85 Z4 2.2i   Control unit box','');
insert into Diagram values('BT12-12_1205','BT12-20021200','12-35','E85 Z4 2.2i   RELAY MOTOR','');
insert into Diagram values('BT12-13_0798','BT12-20021200','13-15','E85 Z4 2.2i   FUEL TANK BREATHER VALVE','');
insert into Diagram values('BT12-13_0900','BT12-20021200','13-15','E85 Z4 2.2i   VALVES/PIPES OF FUEL INJECTION SYSTEM','');
insert into Diagram values('BT12-13_0901','BT12-20021200','13-15','E85 Z4 2.2i   Throttle Housing Assy','');
insert into Diagram values('BT12-13_0995','BT12-20021200','13-15','E85 Z4 2.2i   Hot-film air mass meter','');
insert into Diagram values('BT12-13_0998','BT12-20021200','13-20','E85 Z4 2.2i   SUCTION SILENCER/FILTER CARTRIDGE','');
insert into Diagram values('BT12-13_0999','BT12-20021200','13-20','E85 Z4 2.2i   Sound generator','');
insert into Diagram values('BT12-16_0537','BT12-20021200','16-05','E85 Z4 2.2i   Fuel tank/mounting parts','');
insert into Diagram values('BT12-16_0540','BT12-20021200','16-10','E85 Z4 2.2i   Activated Charcoal Filter/FUEL VENTILAT','');
insert into Diagram values('BT12-16_0538','BT12-20021200','16-15','E85 Z4 2.2i   Fuel pipe and scavenging line','');
insert into Diagram values('BT12-16_0541','BT12-20021200','16-15','E85 Z4 2.2i   Fuel filter/pump/fuel level sensor','');
insert into Diagram values('BT12-17_0139','BT12-20021200','17-05','E85 Z4 2.2i   Fan shroud','');
insert into Diagram values('BT12-17_0141','BT12-20021200','17-05','E85 Z4 2.2i   Expansion tank, automatic transmission','');
insert into Diagram values('BT12-17_0143','BT12-20021200','17-05','E85 Z4 2.2i   expansion tank / mounting plate','');
insert into Diagram values('BT12-17_0145','BT12-20021200','17-05','E85 Z4 2.2i   MOUNTING PARTS F RADIATOR','');
insert into Diagram values('BT12-17_0250','BT12-20021200','17-05','E85 Z4 2.2i   TRANSMISSION OIL COOLING','');
insert into Diagram values('BT12-17_0249','BT12-20021200','17-30','E85 Z4 2.2i   Cooling System Water Hoses','');
insert into Diagram values('BT12-18_0496','BT12-20021200','18-10','E85 Z4 2.2i   Exhaust manifold with catalyst','');
insert into Diagram values('BT12-18_0497','BT12-20021200','18-10','E85 Z4 2.2i   Lambda Probe Fixings','');
insert into Diagram values('BT12-18_0498','BT12-20021200','18-10','E85 Z4 2.2i   FRONT MUFFLER','');
insert into Diagram values('BT12-18_0499','BT12-20021200','18-20','E85 Z4 2.2i   Exhaust system, rear','');
insert into Diagram values('BT12-18_0511','BT12-20021200','18-20','E85 Z4 2.2i   Exhaust pipe tip','');
insert into Diagram values('BT12-21_0179','BT12-20021200','21-05','E85 Z4 2.2i   Clutch','');
insert into Diagram values('BT12-21_0180','BT12-20021200','21-10','E85 Z4 2.2i   Clutch control','');
insert into Diagram values('BT12-22_0026','BT12-20021200','22-05','E85 Z4 2.2i   Engine Suspension','');
insert into Diagram values('BT12-22_0029','BT12-20021200','22-10','E85 Z4 2.2i   TRANSMISSION SUSPENSION','');
insert into Diagram values('BT12-22_0082','BT12-20021200','22-10','E85 Z4 2.2i   GEARBOX MOUNTING','');
insert into Diagram values('BT12-23_0116','BT12-20021200','23-05','E85 Z4 2.2i   Manual Transmission S5D...G','');
insert into Diagram values('BT12-23_0762','BT12-20021200','23-10','E85 Z4 2.2i   GEARBOX MOUNTING','');
insert into Diagram values('BT12-23_0128','BT12-20021200','23-15','E85 Z4 2.2i   S5D...G inner gear shifting parts','');
insert into Diagram values('BT12-23_0129','BT12-20021200','23-15','E85 Z4 2.2i   S5D...G inner gear shifting parts','');
insert into Diagram values('BT12-23_0224','BT12-20021200','23-15','E85 Z4 2.2i   S5D...G countershaft/reverse gear','');
insert into Diagram values('BT12-23_0234','BT12-20021200','23-15','E85 Z4 2.2i   S5D...G housing + mounting parts','');
insert into Diagram values('BT12-23_0719','BT12-20021200','23-15','E85 Z4 2.2i   S5D...G drive shaft/output shaft','');
insert into Diagram values('BT12-24_0829','BT12-20021200','24-05','E85 Z4 2.2i   automatic transmission A5S325Z','');
insert into Diagram values('BT12-24_0827','BT12-20021200','24-10','E85 Z4 2.2i   GEARBOX MOUNTING','');
insert into Diagram values('BT12-24_0887','BT12-20021200','24-15','E85 Z4 2.2i   A5S325Z HOUSING WITH MOUNTING PARTS','');
insert into Diagram values('BT12-24_0888','BT12-20021200','24-15','E85 Z4 2.2i   A5S325Z oil pan','');
insert into Diagram values('BT12-24_0889','BT12-20021200','24-15','E85 Z4 2.2i   A5S325Z lubrication system','');
insert into Diagram values('BT12-24_0890','BT12-20021200','24-15','E85 Z4 2.2i   A5S325Z Output','');
insert into Diagram values('BT12-24_0891','BT12-20021200','24-15','E85 Z4 2.2i   A5S325Z PARKING LOCK','');
insert into Diagram values('BT12-24_0892','BT12-20021200','24-15','E85 Z4 2.2i   A5S325Z control unit','');
insert into Diagram values('BT12-24_0893','BT12-20021200','24-15','E85 Z4 2.2i   A5S325Z wiring/oil filt./pulse generator','');
insert into Diagram values('BT12-24_0894','BT12-20021200','24-15','E85 Z4 2.2i   A5S325Z pressure regulat./solenoid valve','');
insert into Diagram values('BT12-24_1372','BT12-20021200','24-15','E85 Z4 2.2i   Fluid-change kit, autom. transmission','');
insert into Diagram values('BT12-24_1374','BT12-20021200','24-15','E85 Z4 2.2i   Fluid-change kit, autom. transmission','');
insert into Diagram values('BT12-24_0831','BT12-20021200','24-20','E85 Z4 2.2i   Control unit EGS, programmed','');
insert into Diagram values('BT12-24_0832','BT12-20021200','24-20','E85 Z4 2.2i   BASIC CONTROL UNIT EGS','');
insert into DiagramParts values('BT12-25_0342-25111220439', 'BT12-25_0342', 09, 'Plastic washer', '10X16X0,9', 2, to_date('20031101','YYYYMMDD'), to_date('20050301','YYYYMMDD'), '25111220439', '$0.25', '', false);
insert into Diagram values('BT12-25_0342','BT12-20021200','25-05','E85 Z4 2.2i   Gearbox shifting part','');
insert into Diagram values('BT12-25_0341','BT12-20021200','25-10','E85 Z4 2.2i   GEAR SHIFT KNOBS/SHIFT LEVER COVERINGS','');
insert into Diagram values('BT12-25_0301','BT12-20021200','25-20','E85 Z4 2.2i   AUTOM.TRANSMISS.STEPTRONIC SHIFT PARTS','');
insert into Diagram values('BT12-25_0344','BT12-20021200','25-25','E85 Z4 2.2i   Selector lever handles / Covers','');
insert into Diagram values('BT12-25_0329','BT12-20021200','25-95','E85 Z4 2.2i   Retrofit, leather selector lever knob','');
insert into Diagram values('BT12-25_0422','BT12-20021200','25-95','E85 Z4 2.2i   Retrofit, wooden selector lever knob','');
insert into Diagram values('BT12-26_0192','BT12-20021200','26-05','E85 Z4 2.2i   Drive shaft (swivel joint)','');
insert into Diagram values('BT12-26_0193','BT12-20021200','26-10','E85 Z4 2.2i   DRIVE SHAFT-CENT.BEARING-UNIVERSAL JOINT','');
insert into Diagram values('BT12-31_0642','BT12-20021200','31-05','E85 Z4 2.2i   FRONT AXLE SUPPORT/WISHBONE','');
insert into Diagram values('BT12-31_0644','BT12-20021200','31-05','E85 Z4 2.2i   HEADLIGHT VERTICAL AIM CONTROL SENSOR','');
insert into Diagram values('BT12-31_0395','BT12-20021200','31-10','E85 Z4 2.2i   FRONT COIL SPRING','');
insert into Diagram values('BT12-31_0645','BT12-20021200','31-10','E85 Z4 2.2i   Wheel bearings','');
insert into Diagram values('BT12-31_0646','BT12-20021200','31-10','E85 Z4 2.2i   FRONT SPRING STRUT/SHOCK ABSORBER','');
insert into Diagram values('BT12-31_0648','BT12-20021200','31-10','E85 Z4 2.2i   GUIDE SUPPORT/SPRING PAD/ATTACHING PARTS','');
insert into Diagram values('BT12-31_0649','BT12-20021200','31-10','E85 Z4 2.2i   Stabilizer, front','');
insert into Diagram values('BT12-32_1371','BT12-20021200','32-05','E85 Z4 2.2i   STEERING LINKAGE/TIE RODS','');
insert into Diagram values('BT12-32_1373','BT12-20021200','32-05','E85 Z4 2.2i   STEERING GEAR','');
insert into Diagram values('BT12-32_1382','BT12-20021200','32-30','E85 Z4 2.2i   STEER.COL.-LOWER JOINT ASSY','');
insert into Diagram values('BT12-32_1383','BT12-20021200','32-30','E85 Z4 2.2i   Steering column/trim/interlock cable','');
insert into Diagram values('BT12-32_1384','BT12-20021200','32-30','E85 Z4 2.2i   Steering column attach. parts/lock cyl.','');
insert into Diagram values('BT12-32_1385','BT12-20021200','32-35','E85 Z4 2.2i   Airbag sports steering wheel','');
insert into Diagram values('BT12-32_1418','BT12-20021200','32-35','E85 Z4 2.2i   Sports steering wheel airbag w/paddles','');
insert into Diagram values('BT12-32_1488','BT12-20021200','32-35','E85 Z4 2.2i   Airbag sports steering wheel multifunct.','');
insert into Diagram values('BT12-32_1489','BT12-20021200','32-35','E85 Z4 2.2i   Sports st. wheel airbag multif./paddles','');
insert into Diagram values('BT12-32_1588','BT12-20021200','32-35','E85 Z4 2.2i   M sports steer.-wheel, airbag, leather','');
insert into Diagram values('BT12-32_1595','BT12-20021200','32-35','E85 Z4 2.2i   M sports strng whl,airbag,multifunction','');
insert into Diagram values('BT12-32_1596','BT12-20021200','32-35','E85 Z4 2.2i   Sports steering wheel,leather/wdn. ring','');
insert into Diagram values('BT12-32_1597','BT12-20021200','32-35','E85 Z4 2.2i   Sports st.-wheel,leather/wd.ring,multif.','');
insert into Diagram values('BT12-32_1598','BT12-20021200','32-35','E85 Z4 2.2i   Sp. s.wh.,leath./wd. ring multif./padl.','');
insert into Diagram values('BT12-32_1391','BT12-20021200','32-95','E85 Z4 2.2i   St.wheel rim sport, leather/wood','');
insert into Diagram values('BT12-32_1475','BT12-20021200','32-95','E85 Z4 2.2i   Retrofit kit, multifunct. steering wheel','');
insert into Diagram values('BT12-33_1142','BT12-20021200','33-05','E85 Z4 2.2i   DIFFERENTIAL-DRIVE/OUTPUT','');
insert into Diagram values('BT12-33_1147','BT12-20021200','33-10','E85 Z4 2.2i   Final drive, gasket set','');
insert into Diagram values('BT12-33_1197','BT12-20021200','33-10','E85 Z4 2.2i   Final drive, gasket set','');
insert into Diagram values('BT12-33_1148','BT12-20021200','33-25','E85 Z4 2.2i   Output shaft','');
insert into Diagram values('BT12-33_1137','BT12-20021200','33-30','E85 Z4 2.2i   HEADLIGHT VERTICAL AIM CONTROL SENSOR','');
insert into DiagramParts values('BT12-33_1138-33326769647', 'BT12-33_1138', 10, 'Hex bolt with washer', 'M14X1,5X138ZNS3', 1, to_date('20060901','YYYYMMDD'), to_date('20080201','YYYYMMDD'), '33326769647', '$6.40', '', false);
insert into DiagramParts values('BT12-33_1138-33176779816', 'BT12-33_1138', 11, 'Shim', '5MM', 1, to_date('20060901','YYYYMMDD'), to_date('20080201','YYYYMMDD'), '33176779816', '$5.00', '', false);
insert into Diagram values('BT12-33_1138','BT12-20021200','33-30','E85 Z4 2.2i   REAR AXLE CARRIER','');
insert into Diagram values('BT12-33_1139','BT12-20021200','33-30','E85 Z4 2.2i   REAR AXLE SUPPORT/WHEEL SUSPENSION','');
insert into Diagram values('BT12-33_1140','BT12-20021200','33-40','E85 Z4 2.2i   SIDE SHAFT/WHEEL BEARINGS','');
insert into Diagram values('BT12-33_0828','BT12-20021200','33-45','E85 Z4 2.2i   Barrel spring rear','');
insert into Diagram values('BT12-33_1141','BT12-20021200','33-45','E85 Z4 2.2i   Stabilizer, rear','');
insert into Diagram values('BT12-33_1143','BT12-20021200','33-45','E85 Z4 2.2i   REAR SPRING STRUT MOUNTING PARTS','');
insert into Diagram values('BT12-34_1282','BT12-20021200','34-05','E85 Z4 2.2i   Front brake pad wear sensor','');
insert into Diagram values('BT12-34_1284','BT12-20021200','34-07','E85 Z4 2.2i   Front brake-brake disc','');
insert into Diagram values('BT12-34_1285','BT12-20021200','34-10','E85 Z4 2.2i   Rear brake pad wear sensor','');
insert into Diagram values('BT12-34_1286','BT12-20021200','34-12','E85 Z4 2.2i   Rear wheel brake-Brake disc','');
insert into Diagram values('BT12-34_1287','BT12-20021200','34-15','E85 Z4 2.2i   Brake pipe, front','');
insert into Diagram values('BT12-34_1499','BT12-20021200','34-15','E85 Z4 2.2i   Brake pipe, front','');
insert into Diagram values('BT12-34_1288','BT12-20021200','34-17','E85 Z4 2.2i   Brake pipe rear','');
insert into Diagram values('BT12-34_1500','BT12-20021200','34-17','E85 Z4 2.2i   Brake pipe rear','');
insert into Diagram values('BT12-34_1289','BT12-20021200','34-20','E85 Z4 2.2i   Hydro unit DSC/fastening/sensors','');
insert into Diagram values('BT12-34_1308','BT12-20021200','34-20','E85 Z4 2.2i   Hydro unit DSC/fastening/sensors','');
insert into Diagram values('BT12-34_1290','BT12-20021200','34-25','E85 Z4 2.2i   Brake master cylinder','');
insert into Diagram values('BT12-34_1529','BT12-20021200','34-25','E85 Z4 2.2i   Brake master cylinder','');
insert into Diagram values('BT12-34_1291','BT12-20021200','34-27','E85 Z4 2.2i   Power brake unit depression','');
insert into Diagram values('BT12-34_1318','BT12-20021200','34-27','E85 Z4 2.2i   Power brake unit depression','');
insert into Diagram values('BT12-34_1292','BT12-20021200','34-30','E85 Z4 2.2i   Handbrake lever','');
insert into Diagram values('BT12-34_1293','BT12-20021200','34-40','E85 Z4 2.2i   PARKING BRAKE/BRAKE SHOES','');
insert into Diagram values('BT12-34_1562','BT12-20021200','34-95','E85 Z4 2.2i   Handbrake grip with chrome inlay','');
insert into Diagram values('BT12-35_0186','BT12-20021200','35-05','E85 Z4 2.2i   PEDALS/STOP LIGHT SWITCH','');
insert into Diagram values('BT12-35_0274','BT12-20021200','35-20','E85 Z4 2.2i   Acceleration/accelerator pedal module','');
insert into Diagram values('BT12-35_0315','BT12-20021200','35-95','E85 Z4 2.2i   Set of high-grade steel pedal covers','');
insert into Diagram values('BT12-35_0377','BT12-20021200','35-95','E85 Z4 2.2i   Aluminum pedal covers','');
insert into Diagram values('BT12-36_0634','BT12-20021200','36-15','E85 Z4 2.2i   BMW LA wheel, star spoke 102','');
insert into Diagram values('BT12-36_0635','BT12-20021200','36-15','E85 Z4 2.2i   BMW LA wheel/double spoke 103','');
insert into Diagram values('BT12-36_0636','BT12-20021200','36-15','E85 Z4 2.2i   BMW LA wheel, star spoke 104','');
insert into Diagram values('BT12-36_0637','BT12-20021200','36-15','E85 Z4 2.2i   BMW LA wheel turbine styling 106','');
insert into Diagram values('BT12-36_0638','BT12-20021200','36-15','E85 Z4 2.2i   BMW compound wheel M cross spoke 101','');
insert into Diagram values('BT12-36_0640','BT12-20021200','36-15','E85 Z4 2.2i   BMW composite wheel, double spoke 71','');
insert into Diagram values('BT12-36_0641','BT12-20021200','36-15','E85 Z4 2.2i   BMW LA wheel/double spoke 125','');
insert into Diagram values('BT12-36_0642','BT12-20021200','36-15','E85 Z4 2.2i   BMW LA wheel, ellipsoid styling 107','');
insert into Diagram values('BT12-36_0643','BT12-20021200','36-15','E85 Z4 2.2i   BMW Composite wheel, star spoke 108','');
insert into Diagram values('BT12-36_0644','BT12-20021200','36-15','E85 Z4 2.2i   BMW LA wheel, star spoke 105','');
insert into Diagram values('BT12-36_0666','BT12-20021200','36-15','E85 Z4 2.2i   BMW light alloy wheel, cross spoke 133','');
insert into Diagram values('BT12-36_0703','BT12-20021200','36-15','E85 Z4 2.2i   BMW Composite wheel, cross spoke 78','');
insert into Diagram values('BT12-36_0759','BT12-20021200','36-15','E85 Z4 2.2i   BMW LA Individual wheel V-spoke 152','');
insert into Diagram values('BT12-36_0824','BT12-20021200','36-15','E85 Z4 2.2i   BMW alloy wheel, M double spoke 135','');
insert into Diagram values('BT12-36_0950','BT12-20021200','36-15','E85 Z4 2.2i   BMW LA wheel, star spoke 200','');
insert into Diagram values('BT12-36_0951','BT12-20021200','36-15','E85 Z4 2.2i   BMW LA wheel turbine styling 201','');
insert into Diagram values('BT12-36_0952','BT12-20021200','36-15','E85 Z4 2.2i   BMW LA wheel, ellipsoid styling 202','');
insert into Diagram values('BT12-36_0963','BT12-20021200','36-15','E85 Z4 2.2i   BMW LA wheel, star spoke 203','');
insert into Diagram values('BT12-36_1038','BT12-20021200','36-15','E85 Z4 2.2i   BMW LA wheel, star spoke 241','');
insert into Diagram values('BT12-36_1133','BT12-20021200','36-15','E85 Z4 2.2i   BMW Performance LA wheel/double spoke269','');
insert into Diagram values('BT12-36_0716','BT12-20021200','36-20','E85 Z4 2.2i   Balance weight, lead','');
insert into Diagram values('BT12-36_0887','BT12-20021200','36-20','E85 Z4 2.2i   Balance weight, zinc','');
insert into DiagramParts values('BT12-36_0786-36136765548', 'BT12-36_0786', 02, 'WHEEL BOLT WITH CODE', 'CODE 30', 4, to_date('20040401','YYYYMMDD'), to_date('20071201','YYYYMMDD'), '36136765548', '', 'ENDED', false);
insert into DiagramParts values('BT12-36_0786-36136765549', 'BT12-36_0786', 02, 'WHEEL BOLT WITH CODE', 'CODE 31', 4, to_date('20040401','YYYYMMDD'), to_date('20071201','YYYYMMDD'), '36136765549', '', 'ENDED', false);
insert into DiagramParts values('BT12-36_0786-36136765550', 'BT12-36_0786', 02, 'WHEEL BOLT WITH CODE', 'CODE 32', 4, to_date('20040401','YYYYMMDD'), to_date('20071201','YYYYMMDD'), '36136765550', '', 'ENDED', false);
insert into DiagramParts values('BT12-36_0786-36136765551', 'BT12-36_0786', 02, 'WHEEL BOLT WITH CODE', 'CODE 33', 4, to_date('20040401','YYYYMMDD'), to_date('20071201','YYYYMMDD'), '36136765551', '', 'ENDED', false);
insert into DiagramParts values('BT12-36_0786-36136765552', 'BT12-36_0786', 02, 'WHEEL BOLT WITH CODE', 'CODE 34', 4, to_date('20040401','YYYYMMDD'), to_date('20071201','YYYYMMDD'), '36136765552', '', 'ENDED', false);
insert into DiagramParts values('BT12-36_0786-36136765553', 'BT12-36_0786', 02, 'WHEEL BOLT WITH CODE', 'CODE 35', 4, to_date('20040401','YYYYMMDD'), to_date('20071201','YYYYMMDD'), '36136765553', '', 'ENDED', false);
insert into DiagramParts values('BT12-36_0786-36136765554', 'BT12-36_0786', 02, 'WHEEL BOLT WITH CODE', 'CODE 36', 4, to_date('20040401','YYYYMMDD'), to_date('20071201','YYYYMMDD'), '36136765554', '', 'ENDED', false);
insert into DiagramParts values('BT12-36_0786-36136765555', 'BT12-36_0786', 02, 'WHEEL BOLT WITH CODE', 'CODE 37', 4, to_date('20040401','YYYYMMDD'), to_date('20071201','YYYYMMDD'), '36136765555', '', 'ENDED', false);
insert into DiagramParts values('BT12-36_0786-36136765556', 'BT12-36_0786', 02, 'WHEEL BOLT WITH CODE', 'CODE 38', 4, to_date('20040401','YYYYMMDD'), to_date('20071201','YYYYMMDD'), '36136765556', '', 'ENDED', false);
insert into DiagramParts values('BT12-36_0786-36136765557', 'BT12-36_0786', 02, 'WHEEL BOLT WITH CODE', 'CODE 40', 4, to_date('20040401','YYYYMMDD'), to_date('20071201','YYYYMMDD'), '36136765557', '', 'ENDED', false);
insert into Diagram values('BT12-36_0786','BT12-20021200','36-25','E85 Z4 2.2i   WHEEL BOLT LOCK WITH ADAPTOR','');
insert into Diagram values('BT12-36_0830','BT12-20021200','36-25','E85 Z4 2.2i   WHEEL BOLT LOCK WITH ADAPTOR','');
insert into Diagram values('BT12-36_1032','BT12-20021200','36-25','E85 Z4 2.2i   SET WHEEL LOCKS','');
insert into Diagram values('BT12-36_0656','BT12-20021200','36-30','E85 Z4 2.2i   Summer tires','');
insert into Diagram values('BT12-36_1073','BT12-20021200','36-30','E85 Z4 2.2i   Winter tires','');
insert into Diagram values('BT12-41_1447','BT12-20021200','41-05','E85 Z4 2.2i   Body skeleton','');
insert into Diagram values('BT12-41_1449','BT12-20021200','41-10','E85 Z4 2.2i   FRONT BODY BRACKET LEFT','');
insert into Diagram values('BT12-41_1450','BT12-20021200','41-10','E85 Z4 2.2i   FRONT BODY BRACKET RIGHT','');
insert into Diagram values('BT12-41_1451','BT12-20021200','41-10','E85 Z4 2.2i   Front side panel','');
insert into Diagram values('BT12-41_1464','BT12-20021200','41-10','E85 Z4 2.2i   SPLASH WALL PARTS','');
insert into Diagram values('BT12-41_1479','BT12-20021200','41-10','E85 Z4 2.2i   WHEELHOUSE/ENGINE SUPPORT','');
insert into Diagram values('BT12-41_1448','BT12-20021200','41-15','E85 Z4 2.2i   Outer panel','');
insert into Diagram values('BT12-41_1461','BT12-20021200','41-20','E85 Z4 2.2i   Partition trunk','');
insert into Diagram values('BT12-41_1463','BT12-20021200','41-20','E85 Z4 2.2i   SINGLE COMPONENTS FOR BODY-SIDE FRAME','');
insert into Diagram values('BT12-41_1452','BT12-20021200','41-25','E85 Z4 2.2i   SIDE PANEL/TAIL TRIM','');
insert into Diagram values('BT12-41_1457','BT12-20021200','41-25','E85 Z4 2.2i   REAR FLOOR PARTS','');
insert into Diagram values('BT12-41_1458','BT12-20021200','41-25','E85 Z4 2.2i   FLOOR PANEL TRUNK/WHEEL HOUSING REAR','');
insert into Diagram values('BT12-41_1453','BT12-20021200','41-35','E85 Z4 2.2i   ENGINE HOOD/MOUNTING PARTS','');
insert into Diagram values('BT12-41_1454','BT12-20021200','41-40','E85 Z4 2.2i   FRONT DOOR-HINGE/DOOR BRAKE','');
insert into Diagram values('BT12-41_1476','BT12-20021200','41-40','E85 Z4 2.2i   Key with accumulator battery','');
insert into Diagram values('BT12-41_1477','BT12-20021200','41-40','E85 Z4 2.2i   DOOR HANDLE FRONT/LOCK, SINGLE PARTS','');
insert into Diagram values('BT12-41_1478','BT12-20021200','41-40','E85 Z4 2.2i   Door weatherstrip front','');
insert into Diagram values('BT12-41_1475','BT12-20021200','41-50','E85 Z4 2.2i   Master key locking','');
insert into Diagram values('BT12-41_1455','BT12-20021200','41-60','E85 Z4 2.2i   SINGLE COMPONENTS FOR TRUNK LID','');
insert into Diagram values('BT12-41_1456','BT12-20021200','41-65','E85 Z4 2.2i   MECHANICAL CONNECTION ELEMENTS','');
insert into Diagram values('BT12-51_4858','BT12-20021200','51-05','E85 Z4 2.2i   Glazing','');
insert into Diagram values('BT12-51_4893','BT12-20021200','51-07','E85 Z4 2.2i   MIRROR GLASS','');
insert into Diagram values('BT12-51_4969','BT12-20021200','51-07','E85 Z4 2.2i   Outside mirror','');
insert into Diagram values('BT12-51_5423','BT12-20021200','51-07','E85 Z4 2.2i   Outside mirror bright-black','');
insert into Diagram values('BT12-51_4859','BT12-20021200','51-10','E85 Z4 2.2i   Door window lifting mechanism','');
insert into Diagram values('BT12-51_4847','BT12-20021200','51-15','E85 Z4 2.2i   Carrier, bumper front','');
insert into Diagram values('BT12-51_4848','BT12-20021200','51-15','E85 Z4 2.2i   Trim panel, bumper, front','');
insert into Diagram values('BT12-51_4862','BT12-20021200','51-16','E85 Z4 2.2i   Door sill','');
insert into Diagram values('BT12-51_4854','BT12-20021200','51-17','E85 Z4 2.2i   Bumper trim panel, rear','');
insert into Diagram values('BT12-51_4855','BT12-20021200','51-17','E85 Z4 2.2i   Carrier, bumper rear','');
insert into Diagram values('BT12-51_4863','BT12-20021200','51-20','E85 Z4 2.2i   Exterior trim / Grille / Seals','');
insert into Diagram values('BT12-51_4901','BT12-20021200','51-20','E85 Z4 2.2i   Emblems','');
insert into Diagram values('BT12-51_4937','BT12-20021200','51-30','E85 Z4 2.2i   Trim panel dashboard LOWER','');
insert into Diagram values('BT12-51_4946','BT12-20021200','51-30','E85 Z4 2.2i   GLOVE BOX','');
insert into Diagram values('BT12-51_4949','BT12-20021200','51-30','E85 Z4 2.2i   Trim panel dashboard mounting parts','');
insert into Diagram values('BT12-51_4950','BT12-20021200','51-30','E85 Z4 2.2i   Trim panel dashboard, support tube','');
insert into Diagram values('BT12-51_4931','BT12-20021200','51-35','E85 Z4 2.2i   CENTER CONSOLE STORING PARTITION','');
insert into Diagram values('BT12-51_4939','BT12-20021200','51-35','E85 Z4 2.2i   Center console, rear','');
insert into Diagram values('BT12-51_4918','BT12-20021200','51-40','E85 Z4 2.2i   Trim panel roll bar','');
insert into Diagram values('BT12-51_4920','BT12-20021200','51-40','E85 Z4 2.2i   Trim panel A-column/Int.windshield panel','');
insert into Diagram values('BT12-51_4922','BT12-20021200','51-40','E85 Z4 2.2i   Sun visor','');
insert into Diagram values('BT12-51_4923','BT12-20021200','51-40','E85 Z4 2.2i   Interior mirror','');
insert into Diagram values('BT12-51_4941','BT12-20021200','51-40','E85 Z4 2.2i   TRIM PANEL COLUMN CENTER','');
insert into Diagram values('BT12-51_4942','BT12-20021200','51-40','E85 Z4 2.2i   WINDSHIELD FRAME COVER','');
insert into Diagram values('BT12-51_4935','BT12-20021200','51-45','E85 Z4 2.2i   Real wood version, plane tree high gloss','');
insert into Diagram values('BT12-51_5006','BT12-20021200','51-45','E85 Z4 2.2i   Trim items, Rutheniumgrau metallic','');
insert into Diagram values('BT12-51_5007','BT12-20021200','51-45','E85 Z4 2.2i   Interior trim finishers, aluminium','');
insert into Diagram values('BT12-51_5395','BT12-20021200','51-45','E85 Z4 2.2i   Real wood version mahogany maritim','');
insert into Diagram values('BT12-51_5398','BT12-20021200','51-45','E85 Z4 2.2i   Real natural poplar wood','');
insert into Diagram values('BT12-51_5655','BT12-20021200','51-45','E85 Z4 2.2i   Fine-wood trim poplar grain light','');
insert into Diagram values('BT12-51_5814','BT12-20021200','51-45','E85 Z4 2.2i   Decor strips, leather, felted nappa','');
insert into Diagram values('BT12-51_5815','BT12-20021200','51-45','E85 Z4 2.2i   Decor strips, glossy leather','');
insert into Diagram values('BT12-51_5967','BT12-20021200','51-45','E85 Z4 2.2i   Interior strips, piano lacquer, black','');
insert into Diagram values('BT12-51_4911','BT12-20021200','51-50','E85 Z4 2.2i   Door trim panel','');
insert into DiagramParts values('BT12-51_4912-51417141064', 'BT12-51_4912', 03, 'DOOR HANDLE INNER RIGHT', 'BEIGE', 1, to_date('20041001','YYYYMMDD'), to_date('20060301','YYYYMMDD'), '51417141064', '$32.84', '+core', false);
insert into DiagramParts values('BT12-51_4912-51417141062', 'BT12-51_4912', 03, 'DOOR HANDLE INNER RIGHT', 'SCHWARZ', 1, to_date('20041001','YYYYMMDD'), to_date('20071101','YYYYMMDD'), '51417141062', '$35.34', '', false);
insert into Diagram values('BT12-51_4912','BT12-20021200','51-50','E85 Z4 2.2i   DOOR LINING SINGLE PARTS','');
insert into Diagram values('BT12-51_4916','BT12-20021200','51-50','E85 Z4 2.2i   Lateral trim panel rear','');
insert into Diagram values('BT12-51_4828','BT12-20021200','51-55','E85 Z4 2.2i   Floor mats, velours','');
insert into Diagram values('BT12-51_4921','BT12-20021200','51-55','E85 Z4 2.2i   TRIM PANEL LEG ROOM','');
insert into Diagram values('BT12-51_4929','BT12-20021200','51-55','E85 Z4 2.2i   FLOOR COVERING','');
insert into Diagram values('BT12-51_4940','BT12-20021200','51-55','E85 Z4 2.2i   Cover, entrance','');
insert into Diagram values('BT12-51_4953','BT12-20021200','51-65','E85 Z4 2.2i   Trunk trim panel','');
insert into Diagram values('BT12-51_4954','BT12-20021200','51-65','E85 Z4 2.2i   LATERAL TRUNK FLOOR TRIM PANEL','');
insert into Diagram values('BT12-51_4962','BT12-20021200','51-65','E85 Z4 2.2i   SINGLE COMPONENTS FOR TRUNK LID','');
insert into Diagram values('BT12-51_4955','BT12-20021200','51-70','E85 Z4 2.2i   Sound insulation','');
insert into Diagram values('BT12-51_4956','BT12-20021200','51-70','E85 Z4 2.2i   Heat insulation','');
insert into Diagram values('BT12-51_4951','BT12-20021200','51-75','E85 Z4 2.2i   Wheel arch trim, front','');
insert into Diagram values('BT12-51_4952','BT12-20021200','51-75','E85 Z4 2.2i   Wheel arch trim, rear','');
insert into Diagram values('BT12-51_4958','BT12-20021200','51-75','E85 Z4 2.2i   Strut brace','');
insert into Diagram values('BT12-51_4959','BT12-20021200','51-75','E85 Z4 2.2i   FRONT PANEL','');
insert into Diagram values('BT12-51_4960','BT12-20021200','51-75','E85 Z4 2.2i   Mounting parts, engine compartment','');
insert into Diagram values('BT12-51_4963','BT12-20021200','51-75','E85 Z4 2.2i   Air duct','');
insert into Diagram values('BT12-51_4957','BT12-20021200','51-80','E85 Z4 2.2i   Reinforcement, body','');
insert into Diagram values('BT12-51_4961','BT12-20021200','51-80','E85 Z4 2.2i   Various body parts','');
insert into Diagram values('BT12-51_4964','BT12-20021200','51-80','E85 Z4 2.2i   Sealing cap/plug','');
insert into Diagram values('BT12-51_4643','BT12-20021200','51-95','E85 Z4 2.2i   Non-skid mat','');
insert into Diagram values('BT12-51_4829','BT12-20021200','51-95','E85 Z4 2.2i   Floor mats, velours','');
insert into Diagram values('BT12-51_5009','BT12-20021200','51-95','E85 Z4 2.2i   Retrofit real wood version, plane tree','');
insert into Diagram values('BT12-51_5010','BT12-20021200','51-95','E85 Z4 2.2i   Cup holder retrofit, front','');
insert into Diagram values('BT12-51_5011','BT12-20021200','51-95','E85 Z4 2.2i   Retrofit, floor net','');
insert into Diagram values('BT12-51_5029','BT12-20021200','51-95','E85 Z4 2.2i   Aerodynamics package','');
insert into Diagram values('BT12-51_5047','BT12-20021200','51-95','E85 Z4 2.2i   Fitted luggage compartment mat','');
insert into Diagram values('BT12-51_5220','BT12-20021200','51-95','E85 Z4 2.2i   Boot/trunk floor net','');
insert into Diagram values('BT12-51_5221','BT12-20021200','51-95','E85 Z4 2.2i   FLOOR MATS CITY','');
insert into Diagram values('BT12-51_5269','BT12-20021200','51-95','E85 Z4 2.2i   Rear spoiler','');
insert into Diagram values('BT12-51_5273','BT12-20021200','51-95','E85 Z4 2.2i   Retrofit, graphite grille','');
insert into Diagram values('BT12-51_5362','BT12-20021200','51-95','E85 Z4 2.2i   Luggage compartment, folding','');
insert into Diagram values('BT12-51_5397','BT12-20021200','51-95','E85 Z4 2.2i   Retrofit real Mahogany maritim wood','');
insert into Diagram values('BT12-51_5399','BT12-20021200','51-95','E85 Z4 2.2i   Interior moldings Carbon','');
insert into Diagram values('BT12-51_5400','BT12-20021200','51-95','E85 Z4 2.2i   Alu-look radiator cover','');
insert into Diagram values('BT12-51_5411','BT12-20021200','51-95','E85 Z4 2.2i   Rubber mat','');
insert into Diagram values('BT12-51_5688','BT12-20021200','51-95','E85 Z4 2.2i   Luggage compatment box "multifix"','');
insert into Diagram values('BT12-51_5738','BT12-20021200','51-95','E85 Z4 2.2i   Umbrella with bag','');
insert into Diagram values('BT12-51_5954','BT12-20021200','51-95','E85 Z4 2.2i   Load edge protector','');
insert into Diagram values('BT12-51_5971','BT12-20021200','51-95','E85 Z4 2.2i   Strut brace','');
insert into Diagram values('BT12-51_6108','BT12-20021200','51-95','E85 Z4 2.2i   Retrof.,alumin. decor strips,Pianolack','');
insert into Diagram values('BT12-51_6157','BT12-20021200','51-95','E85 Z4 2.2i   Retrofit,precious poplar wood-grain,lght','');
insert into Diagram values('BT12-51_6158','BT12-20021200','51-95','E85 Z4 2.2i   Retrofit poplar woodgrain brown','');
insert into Diagram values('BT12-51_6159','BT12-20021200','51-95','E85 Z4 2.2i   Retrofit, decor strips, alum. Cirrus','');
insert into Diagram values('BT12-51_6160','BT12-20021200','51-95','E85 Z4 2.2i   Retrofit deco. strips fine-gnd. alu.','');
insert into Diagram values('BT12-51_6161','BT12-20021200','51-95','E85 Z4 2.2i   Retrofit,decor strips,alum. Silver Grid','');
insert into Diagram values('BT12-51_6163','BT12-20021200','51-95','E85 Z4 2.2i   Retrofit real Mahogany wood','');
insert into Diagram values('BT12-51_6164','BT12-20021200','51-95','E85 Z4 2.2i   Retrofit fine wood, natural poplar','');
insert into Diagram values('BT12-51_6442','BT12-20021200','51-95','E85 Z4 2.2i   Retrofit model update 2006','');
insert into Diagram values('BT12-51_6639','BT12-20021200','51-95','E85 Z4 2.2i   Protective loading edge mat','');
insert into Diagram values('BT12-51_6695','BT12-20021200','51-95','E85 Z4 2.2i   Storage net, footwell, front','');
insert into Diagram values('BT12-51_7191','BT12-20021200','51-95','E85 Z4 2.2i   Retrofit trim grill','');
insert into Diagram values('BT12-51_7236','BT12-20021200','51-95','E85 Z4 2.2i   Footmat update','');
insert into Diagram values('BT12-51_7713','BT12-20021200','51-95','E85 Z4 2.2i   Multifunct.lugg.compartm.mat w.fold.cont','');
insert into Diagram values('BT12-51_8051','BT12-20021200','51-95','E85 Z4 2.2i   First-aid kit, universal','');
insert into Diagram values('BT12-52_2966','BT12-20021200','52-10','E85 Z4 2.2i   Seat, front, complete seat','');
insert into Diagram values('BT12-52_2967','BT12-20021200','52-10','E85 Z4 2.2i   Seat, front, head restraint, base seat','');
insert into Diagram values('BT12-52_2968','BT12-20021200','52-10','E85 Z4 2.2i   Seat front, upholstery & cover base seat','');
insert into Diagram values('BT12-52_2969','BT12-20021200','52-10','E85 Z4 2.2i   SINGLE PARTS OF FRONT SEAT CONTROLS','');
insert into Diagram values('BT12-52_2970','BT12-20021200','52-10','E85 Z4 2.2i   FRONT SEAT FRAME MECH./EL./SINGL.PARTS','');
insert into Diagram values('BT12-52_2971','BT12-20021200','52-10','E85 Z4 2.2i   FRONT SEAT BACKREST FRAME/REAR PANEL','');
insert into Diagram values('BT12-52_2972','BT12-20021200','52-10','E85 Z4 2.2i   Cover material, running meter','');
insert into Diagram values('BT12-52_2973','BT12-20021200','52-10','E85 Z4 2.2i   FRONT SEAT RAIL','');
insert into Diagram values('BT12-52_2974','BT12-20021200','52-10','E85 Z4 2.2i   FRONT SEAT RAIL ELECTRICAL/SINGLE PARTS','');
insert into Diagram values('BT12-52_3067','BT12-20021200','52-10','E85 Z4 2.2i   Seat, front, complete seat','');
insert into Diagram values('BT12-52_3068','BT12-20021200','52-10','E85 Z4 2.2i   Seat, front, uphlstry, cover, Sport seat','');
insert into Diagram values('BT12-52_3069','BT12-20021200','52-10','E85 Z4 2.2i   FRONT SEAT BACKREST FRAME/REAR PANEL','');
insert into Diagram values('BT12-52_3070','BT12-20021200','52-10','E85 Z4 2.2i   Seat, front, seat frame','');
insert into Diagram values('BT12-52_3071','BT12-20021200','52-10','E85 Z4 2.2i   Seat, front, tilt adjustment','');
insert into Diagram values('BT12-52_2895','BT12-20021200','52-95','E85 Z4 2.2i   Easy-on/Easy-off Seat Cover','');
insert into Diagram values('BT12-52_2987','BT12-20021200','52-95','E85 Z4 2.2i   FRONT SEAT BACKREST FRAME/REAR PANEL','');
insert into Diagram values('BT12-52_3032','BT12-20021200','52-95','E85 Z4 2.2i   INSTALLING SET HEATED SEAT FRONT','');
insert into DiagramParts values('BT12-54_0310-54317160278', 'BT12-54_0310', 01, 'MANUAL FOLDING TOP', 'SCHWARZ', 1, to_date('20041001','YYYYMMDD'), to_date('20070701','YYYYMMDD'), '54317160278', '', 'ENDED', false);
insert into Diagram values('BT12-54_0310','BT12-20021200','54-10','E85 Z4 2.2i   Folding top','');
insert into DiagramParts values('BT12-54_0311-54347191220', 'BT12-54_0311', 01, 'Folding top with head lining', 'SCHWARZ', 1, to_date('20060501','YYYYMMDD'), to_date('20070701','YYYYMMDD'), '54347191220', '', 'ENDED', false);
insert into DiagramParts values('BT12-54_0311-54347191233', 'BT12-54_0311', 01, 'Folding top with head lining', 'GRAU', 1, to_date('20060501','YYYYMMDD'), to_date('20070701','YYYYMMDD'), '54347191233', '', 'ENDED', false);
insert into DiagramParts values('BT12-54_0311-54347191234', 'BT12-54_0311', 01, 'Folding top with head lining', 'BEIGE', 1, to_date('20060501','YYYYMMDD'), to_date('20070701','YYYYMMDD'), '54347191234', '', 'ENDED', false);
insert into Diagram values('BT12-54_0311','BT12-20021200','54-10','E85 Z4 2.2i   EH Folding top','');
insert into Diagram values('BT12-54_0312','BT12-20021200','54-10','E85 Z4 2.2i   FOLDING TOP MOUNTING PARTS','');
insert into Diagram values('BT12-54_0313','BT12-20021200','54-10','E85 Z4 2.2i   ELECTRO-HYDRAULIC FOLDING TOP PARTS','');
insert into Diagram values('BT12-54_0314','BT12-20021200','54-10','E85 Z4 2.2i   Wind deflector','');
insert into Diagram values('BT12-54_0315','BT12-20021200','54-10','E85 Z4 2.2i   Folding top compartment','');
insert into Diagram values('BT12-54_0330','BT12-20021200','54-20','E85 Z4 2.2i   Hardtop','');
insert into Diagram values('BT12-54_0316','BT12-20021200','54-95','E85 Z4 2.2i   Retrofit, Wind deflector','');
insert into Diagram values('BT12-54_0319','BT12-20021200','54-95','E85 Z4 2.2i   Wind deflector textile, folding','');
insert into Diagram values('BT12-54_0324','BT12-20021200','54-95','E85 Z4 2.2i   Folding top cover','');
insert into Diagram values('BT12-61_1611','BT12-20021200','61-05','E85 Z4 2.2i   Main wiring harness','');
insert into Diagram values('BT12-61_1972','BT12-20021200','61-05','E85 Z4 2.2i   Wiring duct','');
insert into Diagram values('BT12-61_2002','BT12-20021200','61-05','E85 Z4 2.2i   Main wiring harness','');
insert into Diagram values('BT12-61_1623','BT12-20021200','61-10','E85 Z4 2.2i   DOOR CABLE HARNESSES','');
insert into Diagram values('BT12-61_1628','BT12-20021200','61-10','E85 Z4 2.2i   Battery cable','');
insert into Diagram values('BT12-61_1636','BT12-20021200','61-10','E85 Z4 2.2i   Wiring set seat','');
insert into Diagram values('BT12-61_1638','BT12-20021200','61-10','E85 Z4 2.2i   CABLE HARNESS FOLDING TOP','');
insert into Diagram values('BT12-61_1663','BT12-20021200','61-10','E85 Z4 2.2i   Repair cable main cable harness','');
insert into Diagram values('BT12-61_1758','BT12-20021200','61-10','E85 Z4 2.2i   Repair cable, airbag','');
insert into Diagram values('BT12-61_1822','BT12-20021200','61-10','E85 Z4 2.2i   Cable-yarded material','');
insert into Diagram values('BT12-61_1994','BT12-20021200','61-10','E85 Z4 2.2i   Battery cable','');
insert into Diagram values('BT12-61_1280','BT12-20021200','61-15','E85 Z4 2.2i   Plug terminal ELO not waterproof','');
insert into Diagram values('BT12-61_1296','BT12-20021200','61-15','E85 Z4 2.2i   Circular connector / D 2,5 mm System','');
insert into Diagram values('BT12-61_1349','BT12-20021200','61-15','E85 Z4 2.2i   Various comb-type connectors','');
insert into Diagram values('BT12-61_1401','BT12-20021200','61-15','E85 Z4 2.2i   Various cable grommets','');
insert into Diagram values('BT12-61_1578','BT12-20021200','61-15','E85 Z4 2.2i   Repair parts, optical fibre cable','');
insert into Diagram values('BT12-61_1626','BT12-20021200','61-15','E85 Z4 2.2i   SINGLE COMPONENTS F RAIN SENSOR','');
insert into Diagram values('BT12-61_1691','BT12-20021200','61-15','E85 Z4 2.2i   Pin contacts ELO','');
insert into Diagram values('BT12-61_1711','BT12-20021200','61-15','E85 Z4 2.2i   Cable tie','');
insert into Diagram values('BT12-61_1713','BT12-20021200','61-15','E85 Z4 2.2i   VARIOUS CABLE HOLDERS','');
insert into Diagram values('BT12-61_1714','BT12-20021200','61-15','E85 Z4 2.2i   Diagnosis plug','');
insert into Diagram values('BT12-61_1754','BT12-20021200','61-15','E85 Z4 2.2i   Plug terminal ELO-Power','');
insert into Diagram values('BT12-61_1765','BT12-20021200','61-15','E85 Z4 2.2i   Various cable terminals','');
insert into Diagram values('BT12-61_1992','BT12-20021200','61-15','E85 Z4 2.2i   Various cable grommets','');
insert into Diagram values('BT12-61_2107','BT12-20021200','61-15','E85 Z4 2.2i   Various parts, wiring harness repair','');
insert into Diagram values('BT12-61_2156','BT12-20021200','61-15','E85 Z4 2.2i   Double leaf spring contact','');
insert into Diagram values('BT12-61_2217','BT12-20021200','61-15','E85 Z4 2.2i   Contact system MQS','');
insert into Diagram values('BT12-61_2292','BT12-20021200','61-15','E85 Z4 2.2i   SLK socket contact','');
insert into Diagram values('BT12-61_2293','BT12-20021200','61-15','E85 Z4 2.2i   Contact system blade terminal MDK4 2.8','');
insert into Diagram values('BT12-61_2638','BT12-20021200','61-15','E85 Z4 2.2i   Repair parts, coaxial cable contacts','');
insert into Diagram values('BT12-61_2680','BT12-20021200','61-15','E85 Z4 2.2i   Repair parts, coaxial cable housing','');
insert into Diagram values('BT12-61_1596','BT12-20021200','61-20','E85 Z4 2.2i   Fuses audio / video','');
insert into Diagram values('BT12-61_1624','BT12-20021200','61-20','E85 Z4 2.2i   Single components for fuse housing','');
insert into Diagram values('BT12-61_1633','BT12-20021200','61-20','E85 Z4 2.2i   Single components, fuse box, interiors','');
insert into Diagram values('BT12-61_1622','BT12-20021200','61-25','E85 Z4 2.2i   VARIOUS RELAYS','');
insert into DiagramParts values('BT12-61_1625-61356988104', 'BT12-61_1625', 03, 'Control unit EWS IV', 'EWS 4.3', 1, to_date('20031001','YYYYMMDD'), to_date('20060801','YYYYMMDD'), '61356988104', '', 'ENDED', false);
insert into DiagramParts values('BT12-61_1625-61359127086', 'BT12-61_1625', 03, 'Control unit EWS IV', 'EWS 4.3', 1, to_date('20031001','YYYYMMDD'), to_date('20070301','YYYYMMDD'), '61359127086', '', 'ENDED', false);
insert into DiagramParts values('BT12-61_1625-61359145349', 'BT12-61_1625', 03, 'Control unit EWS IV', 'EWS 4.3', 1, to_date('20031001','YYYYMMDD'), to_date('20070901','YYYYMMDD'), '61359145349', '', 'ENDED', false);
insert into Diagram values('BT12-61_1625','BT12-20021200','61-25','E85 Z4 2.2i   BODY CONTROL UNITS AND MODULS','');
insert into Diagram values('BT12-61_1612','BT12-20021200','61-30','E85 Z4 2.2i   Original BMW battery (Warranty only)','');
insert into Diagram values('BT12-61_1613','BT12-20021200','61-30','E85 Z4 2.2i   battery holder and mounting parts','');
insert into Diagram values('BT12-61_1614','BT12-20021200','61-35','E85 Z4 2.2i   Switch unit, center console','');
insert into Diagram values('BT12-61_1615','BT12-20021200','61-35','E85 Z4 2.2i   VARIOUS SWITCHES','');
insert into Diagram values('BT12-61_1619','BT12-20021200','61-35','E85 Z4 2.2i   Steering column/cruise control switch','');
insert into Diagram values('BT12-61_1620','BT12-20021200','61-35','E85 Z4 2.2i   VARIOUS SWITCHES/CIGAR LIGHTER','');
insert into Diagram values('BT12-61_1681','BT12-20021200','61-35','E85 Z4 2.2i   Switch unit, light','');
insert into Diagram values('BT12-61_1800','BT12-20021200','61-35','E85 Z4 2.2i   Steering wheel electronic control','');
insert into Diagram values('BT12-61_2900','BT12-20021200','61-35','E85 Z4 2.2i   USB/AUX-IN socket','');
insert into Diagram values('BT12-61_2946','BT12-20021200','61-35','E85 Z4 2.2i   USB/AUX-IN socket','');
insert into Diagram values('BT12-61_1621','BT12-20021200','61-40','E85 Z4 2.2i   Horn','');
insert into Diagram values('BT12-61_1083','BT12-20021200','61-45','E85 Z4 2.2i   HEAD LAMP CLEANING DEVICE CONTAINER','');
insert into Diagram values('BT12-61_1084','BT12-20021200','61-45','E85 Z4 2.2i   Windshield cleaning container','');
insert into Diagram values('BT12-61_1600','BT12-20021200','61-45','E85 Z4 2.2i   Wiper','');
insert into Diagram values('BT12-61_1601','BT12-20021200','61-45','E85 Z4 2.2i   WIPER ARM/WIPER BLADE','');
insert into Diagram values('BT12-61_1603','BT12-20021200','61-45','E85 Z4 2.2i   SINGLE PARTS FOR WINDSHIELD CLEANING','');
insert into Diagram values('BT12-61_1604','BT12-20021200','61-45','E85 Z4 2.2i   SINGLE PARTS FOR HEAD LAMP CLEANING','');
insert into Diagram values('BT12-61_1605','BT12-20021200','61-95','E85 Z4 2.2i   Retrofit kit, headlight cleaning system','');
insert into Diagram values('BT12-61_1690','BT12-20021200','61-95','E85 Z4 2.2i   Retrofit, passenger airbag shutoff','');
insert into Diagram values('BT12-61_2223','BT12-20021200','61-95','E85 Z4 2.2i   Suppression filter','');
insert into Diagram values('BT12-61_3026','BT12-20021200','61-95','E85 Z4 2.2i   Battery charger','');
insert into Diagram values('BT12-61_3244','BT12-20021200','61-95','E85 Z4 2.2i   Battery charger','');
insert into Diagram values('BT12-62_0449','BT12-20021200','62-05','E85 Z4 2.2i   Instrument cluster','');
insert into Diagram values('BT12-62_0561','BT12-20021200','62-95','E85 Z4 2.2i   Electronic log book','');
insert into Diagram values('BT12-63_0757','BT12-20021200','63-05','E85 Z4 2.2i   Headlight','');
insert into Diagram values('BT12-63_0758','BT12-20021200','63-05','E85 Z4 2.2i   Single parts, xenon headlight','');
insert into Diagram values('BT12-63_0766','BT12-20021200','63-05','E85 Z4 2.2i   Headlight, electronic parts, Xenon light','');
insert into Diagram values('BT12-63_1067','BT12-20021200','63-05','E85 Z4 2.2i   SPARE BULBS BOX','');
insert into Diagram values('BT12-63_1363','BT12-20021200','63-05','E85 Z4 2.2i   BMW Performance Light','');
insert into Diagram values('BT12-63_1420','BT12-20021200','63-05','E85 Z4 2.2i   SPARE BULBS BOX','');
insert into Diagram values('BT12-63_0759','BT12-20021200','63-10','E85 Z4 2.2i   Additional turn indicator lamp','');
insert into Diagram values('BT12-63_1316','BT12-20021200','63-15','E85 Z4 2.2i   Fog lights','');
insert into Diagram values('BT12-63_1317','BT12-20021200','63-15','E85 Z4 2.2i   Fog lights','');
insert into Diagram values('BT12-63_0763','BT12-20021200','63-20','E85 Z4 2.2i   Rear light','');
insert into Diagram values('BT12-63_0762','BT12-20021200','63-25','E85 Z4 2.2i   Third stoplamp','');
insert into Diagram values('BT12-63_0764','BT12-20021200','63-30','E85 Z4 2.2i   VARIOUS LAMPS/SPARE BULBS BOX','');
insert into Diagram values('BT12-63_0788','BT12-20021200','63-30','E85 Z4 2.2i   Various lamps','');
insert into Diagram values('BT12-63_0780','BT12-20021200','63-95','E85 Z4 2.2i   Retrofit kit,rr light, white','');
insert into Diagram values('BT12-63_0784','BT12-20021200','63-95','E85 Z4 2.2i   INSTALLING SET FOG LAMPS','');
insert into Diagram values('BT12-63_0785','BT12-20021200','63-95','E85 Z4 2.2i   Illuminated door sill strip retrofit kit','');
insert into Diagram values('BT12-63_0811','BT12-20021200','63-95','E85 Z4 2.2i   Retrofit kit bi-xenon headlight','');
insert into Diagram values('BT12-63_1153','BT12-20021200','63-95','E85 Z4 2.2i   Flashlight, LED','');
insert into Diagram values('BT12-63_1289','BT12-20021200','63-95','E85 Z4 2.2i   Retrofit kit, LED daytime driving lights','');
insert into Diagram values('BT12-63_1322','BT12-20021200','63-95','E85 Z4 2.2i   LED interior light package','');
insert into DiagramParts values('BT12-64_1271-64226949158', 'BT12-64_1271', 01, 'FRESH AIR GRILLE CENTER', 'SCHWARZ', 1, to_date('20041001','YYYYMMDD'), to_date('20060101','YYYYMMDD'), '64226949158', '$97.04', '', false);
insert into Diagram values('BT12-64_1271','BT12-20021200','64-05','E85 Z4 2.2i   AIR OUTLET','');
insert into Diagram values('BT12-64_1272','BT12-20021200','64-05','E85 Z4 2.2i   AIR CHANNEL','');
insert into Diagram values('BT12-64_1310','BT12-20021200','64-10','E85 Z4 2.2i   MICROFILTER/ACTIVATED CARBON CONTAINER','');
insert into Diagram values('BT12-64_1311','BT12-20021200','64-15','E85 Z4 2.2i   HEATER RADIATOR/MOUNTING PARTS','');
insert into Diagram values('BT12-64_1313','BT12-20021200','64-18','E85 Z4 2.2i   Water hoses','');
insert into Diagram values('BT12-64_1267','BT12-20021200','64-20','E85 Z4 2.2i   Automatic air conditioning control','');
insert into Diagram values('BT12-64_1268','BT12-20021200','64-20','E85 Z4 2.2i   Air Conditioning Control','');
insert into Diagram values('BT12-64_1270','BT12-20021200','64-20','E85 Z4 2.2i   HEATER CONTROL','');
insert into Diagram values('BT12-64_1288','BT12-20021200','64-25','E85 Z4 2.2i   Actuator drive, heating','');
insert into Diagram values('BT12-64_1275','BT12-20021200','64-30','E85 Z4 2.2i   Evaporator / Expansion valve','');
insert into Diagram values('BT12-64_1294','BT12-20021200','64-35','E85 Z4 2.2i   Housing parts automatic air conditioning','');
insert into Diagram values('BT12-64_1295','BT12-20021200','64-35','E85 Z4 2.2i   Housing parts, heater','');
insert into Diagram values('BT12-64_1296','BT12-20021200','64-35','E85 Z4 2.2i   HOUSING PARTS - AIR CONDITIONING','');
insert into Diagram values('BT12-64_1297','BT12-20021200','64-35','E85 Z4 2.2i   Set of parts Heater/Air condit. housing','');
insert into Diagram values('BT12-64_1298','BT12-20021200','64-35','E85 Z4 2.2i   Set of small parts, aut air cond housing','');
insert into Diagram values('BT12-64_1291','BT12-20021200','64-40','E85 Z4 2.2i   Blower unit / mounting parts','');
insert into Diagram values('BT12-64_1309','BT12-20021200','64-40','E85 Z4 2.2i   Cable set, heater and air conditioning','');
insert into Diagram values('BT12-64_1312','BT12-20021200','64-40','E85 Z4 2.2i   Temperature sensor','');
insert into Diagram values('BT12-64_1265','BT12-20021200','64-45','E85 Z4 2.2i   SENSOR F. AUC','');
insert into Diagram values('BT12-64_1281','BT12-20021200','64-45','E85 Z4 2.2i   ACTUATOR FOR AUTOMATIC AIR CONDITION','');
insert into Diagram values('BT12-64_1282','BT12-20021200','64-45','E85 Z4 2.2i   ACTUATOR AIR CONDITIONING','');
insert into Diagram values('BT12-64_1284','BT12-20021200','64-45','E85 Z4 2.2i   Actuator drive, heating','');
insert into Diagram values('BT12-64_1286','BT12-20021200','64-45','E85 Z4 2.2i   ACTUATOR FOR AUTOMATIC AIR CONDITION','');
insert into Diagram values('BT12-64_1287','BT12-20021200','64-45','E85 Z4 2.2i   ACTUATOR AIR CONDITIONING','');
insert into Diagram values('BT12-64_1273','BT12-20021200','64-50','E85 Z4 2.2i   Air-conditioner compressor','');
insert into Diagram values('BT12-64_1321','BT12-20021200','64-50','E85 Z4 2.2i   CLIMATE COMPRESSOR SUPPORTING BRACKET','');
insert into Diagram values('BT12-64_1276','BT12-20021200','64-55','E85 Z4 2.2i   Condenser air conditioning','');
insert into Diagram values('BT12-64_1266','BT12-20021200','64-60','E85 Z4 2.2i   DRYING CONTAINER','');
insert into Diagram values('BT12-64_1274','BT12-20021200','64-60','E85 Z4 2.2i   Coolant lines','');
insert into Diagram values('BT12-64_1319','BT12-20021200','64-95','E85 Z4 2.2i   Labels independent heating','');
insert into Diagram values('BT12-64_1356','BT12-20021200','64-95','E85 Z4 2.2i   INSTALLING SET INDEPEND.HEATER/VENTILAT.','');
insert into Diagram values('BT12-64_1390','BT12-20021200','64-95','E85 Z4 2.2i   INSTALLING SET AUTOMATIC AIR CONDITIONER','');
insert into Diagram values('BT12-64_1364','BT12-20021200','64-99','E85 Z4 2.2i   Various cable grommets','');
insert into Diagram values('BT12-64_1365','BT12-20021200','64-99','E85 Z4 2.2i   Add-on parts, heater/air conditioning','');
insert into Diagram values('BT12-65_0207','BT12-20021200','65-05','E85 Z4 2.2i   Earth strap for engine hood','');
insert into Diagram values('BT12-65_1204','BT12-20021200','65-05','E85 Z4 2.2i   Radio BMW Business CD','');
insert into Diagram values('BT12-65_1205','BT12-20021200','65-05','E85 Z4 2.2i   Radio BMW Basic CD','');
insert into Diagram values('BT12-65_1206','BT12-20021200','65-05','E85 Z4 2.2i   Radio BMW navigation','');
insert into Diagram values('BT12-65_1207','BT12-20021200','65-05','E85 Z4 2.2i   CID control, CD','');
insert into Diagram values('BT12-65_1208','BT12-20021200','65-05','E85 Z4 2.2i   CID control, MD','');
insert into Diagram values('BT12-65_2440','BT12-20021200','65-05','E85 Z4 2.2i   DAB Retrofit','');
insert into Diagram values('BT12-65_1786','BT12-20021200','65-07','E85 Z4 2.2i   Auxiliary connection cable','');
insert into Diagram values('BT12-65_1210','BT12-20021200','65-10','E85 Z4 2.2i   CD Changer','');
insert into Diagram values('BT12-65_1213','BT12-20021200','65-10','E85 Z4 2.2i   CD changer mounting parts','');
insert into Diagram values('BT12-65_1214','BT12-20021200','65-20','E85 Z4 2.2i   Loudspeaker rear Stereo System','');
insert into Diagram values('BT12-65_1215','BT12-20021200','65-20','E85 Z4 2.2i   Loudspeaker, front, stereo syst.','');
insert into Diagram values('BT12-65_1216','BT12-20021200','65-20','E85 Z4 2.2i   Loudspeaker, front, hifi syst.','');
insert into Diagram values('BT12-65_1217','BT12-20021200','65-20','E85 Z4 2.2i   Loudspeaker, front, top-hifi syst.','');
insert into Diagram values('BT12-65_1218','BT12-20021200','65-20','E85 Z4 2.2i   Loudspeaker rear hifi','');
insert into Diagram values('BT12-65_1219','BT12-20021200','65-20','E85 Z4 2.2i   Loudspeaker, rear, top-hifi syst.','');
insert into Diagram values('BT12-65_1251','BT12-20021200','65-22','E85 Z4 2.2i   Audio wiring harness','');
insert into Diagram values('BT12-65_1448','BT12-20021200','65-22','E85 Z4 2.2i   Antenna cable','');
insert into Diagram values('BT12-65_1599','BT12-20021200','65-22','E85 Z4 2.2i   Audio wiring harness','');
insert into Diagram values('BT12-65_1615','BT12-20021200','65-22','E85 Z4 2.2i   Universal aerial cable','');
insert into Diagram values('BT12-65_1616','BT12-20021200','65-22','E85 Z4 2.2i   Double antenna cables','');
insert into Diagram values('BT12-65_1209','BT12-20021200','65-25','E85 Z4 2.2i   Amplifier / bracket','');
insert into Diagram values('BT12-65_1202','BT12-20021200','65-30','E85 Z4 2.2i   SINGLE COMPONENTS F SHORT ROD ANTENNA','');
insert into Diagram values('BT12-65_1203','BT12-20021200','65-30','E85 Z4 2.2i   SINGLE PARTS F ANTENNA-DIVERSITY','');
insert into Diagram values('BT12-65_1788','BT12-20021200','65-30','E85 Z4 2.2i   Rod antenna SPORT','');
insert into Diagram values('BT12-65_1240','BT12-20021200','65-45','E85 Z4 2.2i   Central information display','');
insert into Diagram values('BT12-65_0493','BT12-20021200','65-50','E85 Z4 2.2i   CD navigation street map','');
insert into Diagram values('BT12-65_1268','BT12-20021200','65-50','E85 Z4 2.2i   Navigation system','');
insert into Diagram values('BT12-65_1269','BT12-20021200','65-50','E85 Z4 2.2i   TV system','');
insert into Diagram values('BT12-65_1333','BT12-20021200','65-50','E85 Z4 2.2i   DVD navigation street map','');
insert into Diagram values('BT12-65_1650','BT12-20021200','65-50','E85 Z4 2.2i   Navigation computer drive','');
insert into DiagramParts values('BT12-65_1724-65909112341', 'BT12-65_1724', 01, 'FSC JNav map 2007-1 initialization', 'ASAP', 1, to_date('20070301','YYYYMMDD'), to_date('20070901','YYYYMMDD'), '65909112341', '', 'ENDED', false);
insert into Diagram values('BT12-65_1724','BT12-20021200','65-50','E85 Z4 2.2i   Enable code for Japanese navigation','');
insert into Diagram values('BT12-65_1211','BT12-20021200','65-60','E85 Z4 2.2i   Alarm systems','');
insert into DiagramParts values('BT12-65_1212-61138364666', 'BT12-65_1212', 10, 'Universal socket housing uncoded', '18 POL.', 1, to_date('20031001','YYYYMMDD'), to_date('20060101','YYYYMMDD'), '61138364666', '$0.68', '', false);
insert into Diagram values('BT12-65_1212','BT12-20021200','65-65','E85 Z4 2.2i   Electric parts for airbag','');
insert into Diagram values('BT12-65_1221','BT12-20021200','65-65','E85 Z4 2.2i   Electr. compon. seat occupancy detection','');
insert into Diagram values('BT12-65_1610','BT12-20021200','65-65','E85 Z4 2.2i   Electric parts for airbag','');
insert into Diagram values('BT12-65_1192','BT12-20021200','65-70','E85 Z4 2.2i   Temperature sensor, gong','');
insert into Diagram values('BT12-65_1250','BT12-20021200','65-95','E85 Z4 2.2i   Retrofit kit, TV function','');
insert into Diagram values('BT12-65_1261','BT12-20021200','65-95','E85 Z4 2.2i   Retrofit kit, CD-changer','');
insert into DiagramParts values('BT12-65_1335-65509179594', 'BT12-65_1335', 03, 'Central information display', 'SCHWARZ', 1, to_date('20041001','YYYYMMDD'), to_date('20070801','YYYYMMDD'), '65509179594', '', 'ENDED', false);
insert into DiagramParts values('BT12-65_1335-65509164531', 'BT12-65_1335', 03, 'Central information display', 'SCHWARZ', 1, to_date('20041001','YYYYMMDD'), to_date('20080401','YYYYMMDD'), '65509164531', '', 'ENDED', false);
insert into Diagram values('BT12-65_1335','BT12-20021200','65-95','E85 Z4 2.2i   Retrofit kit, navigation with monitor','');
insert into Diagram values('BT12-65_1344','BT12-20021200','65-95','E85 Z4 2.2i   Replacement parts for radio navigation','');
insert into Diagram values('BT12-65_1348','BT12-20021200','65-95','E85 Z4 2.2i   INSTALLATION KIT ALARM SYSTEM','');
insert into Diagram values('BT12-65_1397','BT12-20021200','65-95','E85 Z4 2.2i   Retrofit kit Settop-Box','');
insert into Diagram values('BT12-65_1441','BT12-20021200','65-95','E85 Z4 2.2i   Retrofit, auxiliary connection','');
insert into Diagram values('BT12-65_1569','BT12-20021200','65-95','E85 Z4 2.2i   Replacement parts for radio navigation','');
insert into Diagram values('BT12-65_1645','BT12-20021200','65-95','E85 Z4 2.2i   iPod connection retrofit kit','');
insert into Diagram values('BT12-65_1989','BT12-20021200','65-95','E85 Z4 2.2i   Tracking Products','');
insert into Diagram values('BT12-65_2079','BT12-20021200','65-95','E85 Z4 2.2i   Smartnav','');
insert into Diagram values('BT12-65_2520','BT12-20021200','65-95','E85 Z4 2.2i   BMW USB charger','');
insert into Diagram values('BT12-66_0096','BT12-20021200','66-05','E85 Z4 2.2i   Park Distance Control (PDC)','');
insert into Diagram values('BT12-66_0094','BT12-20021200','66-95','E85 Z4 2.2i   INSTALLING SET CRUISE CONTROL','');
insert into Diagram values('BT12-66_0097','BT12-20021200','66-95','E85 Z4 2.2i   Install.kit, Park Distance Control','');
insert into Diagram values('BT12-66_0102','BT12-20021200','66-95','E85 Z4 2.2i   Retrofit kit, multifunct. steering wheel','');
insert into Diagram values('BT12-66_0110','BT12-20021200','66-95','E85 Z4 2.2i   Retrofit kit PDC II','');
insert into Diagram values('BT12-66_0188','BT12-20021200','66-95','E85 Z4 2.2i   Park Distance Control universale sonoro','');
insert into Diagram values('BT12-71_0347','BT12-20021200','71-03','E85 Z4 2.2i   LABEL "TIRE PRESSURE"','');
insert into Diagram values('BT12-71_0568','BT12-20021200','71-03','E85 Z4 2.2i   Instruction notice, Airbag','');
insert into Diagram values('BT12-71_0604','BT12-20021200','71-03','E85 Z4 2.2i   Various notice stickers','');
insert into Diagram values('BT12-71_0605','BT12-20021200','71-03','E85 Z4 2.2i   Notice label for fuel','');
insert into Diagram values('BT12-71_0607','BT12-20021200','71-03','E85 Z4 2.2i   Label "Outer paint"','');
insert into Diagram values('BT12-71_0625','BT12-20021200','71-03','E85 Z4 2.2i   Label, coolant','');
insert into Diagram values('BT12-71_0326','BT12-20021200','71-05','E85 Z4 2.2i   Car tool/Lifting jack','');
insert into Diagram values('BT12-71_0391','BT12-20021200','71-05','E85 Z4 2.2i   Warning triangle/First aid kit/-cushion','');
insert into Diagram values('BT12-71_0717','BT12-20021200','71-05','E85 Z4 2.2i   Set of lifting jack','');
insert into Diagram values('BT12-71_0400','BT12-20021200','71-95','E85 Z4 2.2i   Set of lifting jack','');
insert into Diagram values('BT12-71_0434','BT12-20021200','71-95','E85 Z4 2.2i   Tire Mobility Set','');
insert into Diagram values('BT12-72_0438','BT12-20021200','72-03','E85 Z4 2.2i   Air bag','');
insert into Diagram values('BT12-72_0437','BT12-20021200','72-05','E85 Z4 2.2i   Safety belt','');
insert into Diagram values('BT12-72_0454','BT12-20021200','72-95','E85 Z4 2.2i   FIRE-EXTINGUISHER POWDER','');
insert into Diagram values('BT12-72_0591','BT12-20021200','72-95','E85 Z4 2.2i   Tow bar','');
insert into Diagram values('BT12-72_0598','BT12-20021200','72-95','E85 Z4 2.2i   TOW ROPE','');
insert into Diagram values('BT12-72_0744','BT12-20021200','72-95','E85 Z4 2.2i   Emergency bag','');
insert into Diagram values('BT12-36_0694','BT12-20021200','82-14','E85 Z4 2.2i   Snow chains','');
insert into Diagram values('BT12-82_1571','BT12-20021200','82-14','E85 Z4 2.2i   Snow chains','');
insert into Diagram values('BT12-82_1128','BT12-20021200','82-26','E85 Z4 2.2i   Halogen Map Light','');
insert into Diagram values('BT12-82_1152','BT12-20021200','82-26','E85 Z4 2.2i   Active seat ventilation retrofit kit','');
insert into Diagram values('BT12-82_1154','BT12-20021200','82-26','E85 Z4 2.2i   Battery charger','');
insert into Diagram values('BT12-82_1205','BT12-20021200','82-26','E85 Z4 2.2i   Clothes hanger','');
insert into Diagram values('BT12-82_1261','BT12-20021200','82-26','E85 Z4 2.2i   Clean Bag','');
insert into Diagram values('BT12-82_1311','BT12-20021200','82-26','E85 Z4 2.2i   Driver utility set','');
insert into Diagram values('BT12-82_1171','BT12-20021200','82-31','E85 Z4 2.2i   BMW buggy chrome-marine with accessories','');
insert into Diagram values('BT12-82_1181','BT12-20021200','82-31','E85 Z4 2.2i   BMW Junior Seat I-II','');
insert into Diagram values('BT12-82_1186','BT12-20021200','82-31','E85 Z4 2.2i   BMW Baby Seat 0+','');
insert into Diagram values('BT12-82_1187','BT12-20021200','82-31','E85 Z4 2.2i   BMW Junior Seat I-II Isofix','');
insert into Diagram values('BT12-82_1189','BT12-20021200','82-31','E85 Z4 2.2i   BMW Baby Seat 0+ Isofix','');
insert into Diagram values('BT12-82_1276','BT12-20021200','82-31','E85 Z4 2.2i   BMW Junior Seat II-III','');
insert into Diagram values('BT12-82_1305','BT12-20021200','82-31','E85 Z4 2.2i   BMW Junior Seat III','');
insert into Diagram values('BT12-82_0988','BT12-20021200','82-44','E85 Z4 2.2i   Clear Covering','');
insert into Diagram values('BT12-82_1174','BT12-20021200','82-44','E85 Z4 2.2i   Mud flaps','');
insert into Diagram values('BT12-82_1198','BT12-20021200','82-44','E85 Z4 2.2i   Cover','');
insert into Diagram values('BT12-82_1360','BT12-20021200','82-44','E85 Z4 2.2i   Car cover &apos;Tarpaulin&apos;','');
insert into Diagram values('BT12-82_1167','BT12-20021200','82-51','E85 Z4 2.2i   Railing on trunk lid','');
insert into Diagram values('BT12-82_1168','BT12-20021200','82-51','E85 Z4 2.2i   Ski/snowboard holder','');
insert into Diagram values('BT12-82_1170','BT12-20021200','82-51','E85 Z4 2.2i   SUITCASE','');
insert into Diagram values('BT12-82_1172','BT12-20021200','82-51','E85 Z4 2.2i   Luggage basket','');
insert into Diagram values('BT12-82_1173','BT12-20021200','82-51','E85 Z4 2.2i   Interior bag f case','');
insert into Diagram values('BT12-82_1255','BT12-20021200','82-51','E85 Z4 2.2i   Rear carrier','');
insert into Diagram values('BT12-82_0102','BT12-20021200','82-81','E85 Z4 2.2i   Universal hoist','');
insert into Diagram values('BT12-82_0103','BT12-20021200','82-81','E85 Z4 2.2i   Hardtop holder/mobile','');
insert into Diagram values('BT12-82_0106','BT12-20021200','82-81','E85 Z4 2.2i   Hardtop holder/wall-mounted','');
insert into Diagram values('BT12-84_0490','BT12-20021200','84-10','E85 Z4 2.2i   Single parts f teleph.luggage cptm.Japan','');
insert into Diagram values('BT12-84_0493','BT12-20021200','84-10','E85 Z4 2.2i   Single parts, SA 638, center console','');
insert into Diagram values('BT12-84_0494','BT12-20021200','84-10','E85 Z4 2.2i   Single parts, SA 638, trunk','');
insert into Diagram values('BT12-84_0767','BT12-20021200','84-10','E85 Z4 2.2i   Starter package, cell phone Nokia 6303c','');
insert into Diagram values('BT12-84_0491','BT12-20021200','84-20','E85 Z4 2.2i   Single parts, SA 644 center console','');
insert into Diagram values('BT12-84_0492','BT12-20021200','84-20','E85 Z4 2.2i   Single parts, SA 644, trunk','');
insert into Diagram values('BT12-84_0572','BT12-20021200','84-20','E85 Z4 2.2i   Mobile telephone Nokia 6310i','');
insert into Diagram values('BT12-84_0664','BT12-20021200','84-20','E85 Z4 2.2i   Single parts, SA 633, center console','');
insert into Diagram values('BT12-84_0665','BT12-20021200','84-20','E85 Z4 2.2i   Single parts SA 633, trunk','');
insert into Diagram values('BT12-84_0619','BT12-20021200','84-30','E85 Z4 2.2i   Ind. parts Classic hands-fr. centre con.','');
insert into Diagram values('BT12-84_0620','BT12-20021200','84-30','E85 Z4 2.2i   Individual parts Classic hands-free trnk','');
insert into Diagram values('BT12-84_0622','BT12-20021200','84-30','E85 Z4 2.2i   Single parts f hands-free fac. Universal','');
insert into Diagram values('BT12-84_0624','BT12-20021200','84-30','E85 Z4 2.2i   Singel parts f voice input system','');
insert into Diagram values('BT12-84_0625','BT12-20021200','84-30','E85 Z4 2.2i   Single parts f hands-free facility','');
insert into Diagram values('BT12-84_0489','BT12-20021200','84-50','E85 Z4 2.2i   SINGLE PARTS F SIDE PANEL TELEPH.ANTENNA','');
insert into Diagram values('BT12-84_0536','BT12-20021200','84-50','E85 Z4 2.2i   WIRING CAR TELEPHONE','');
insert into Diagram values('BT12-84_0621','BT12-20021200','84-50','E85 Z4 2.2i   Ind. parts Classic hands-fr. tel. aerial','');
insert into Diagram values('BT12-84_0145','BT12-20021200','84-95','E85 Z4 2.2i   Retrofit kit, antenna amplifier','');
insert into Diagram values('BT12-84_0462','BT12-20021200','84-95','E85 Z4 2.2i   Retrofit kit hands-free facil. CLASSIC','');
insert into Diagram values('BT12-84_0463','BT12-20021200','84-95','E85 Z4 2.2i   Snap-In-adapter CLASSIC','');
insert into Diagram values('BT12-84_0548','BT12-20021200','84-95','E85 Z4 2.2i   Bluetooth SA644 hands-free retrofit kit','');
insert into Diagram values('BT12-84_0661','BT12-20021200','84-95','E85 Z4 2.2i   Retrofit kit car phone Professional','');
insert into Diagram values('BT12-84_0678','BT12-20021200','84-95','E85 Z4 2.2i   Retrofit kit, voice input','');
insert into Diagram values('BT12-84_0713','BT12-20021200','84-95','E85 Z4 2.2i   Retrofit kit for UNI hands-free system','');
insert into Diagram values('BT12-84_0714','BT12-20021200','84-95','E85 Z4 2.2i   Cell phone cradles,Universal hands-free','');
insert into Diagram values('BT12-84_0730','BT12-20021200','84-95','E85 Z4 2.2i   Stolen Vehicle Tracking - TPA','');
insert into Diagram values('BT12-84_0778','BT12-20021200','84-95','E85 Z4 2.2i   BMW Bluetooth headset','');
insert into Diagram values('BT12-84_0897','BT12-20021200','84-95','E85 Z4 2.2i   Snap-in adapter for Apple devices','');
insert into Diagram values('BT12-84_0906','BT12-20021200','84-95','E85 Z4 2.2i   Snap-in adapter, SONY ERICSSON devices','');
insert into Diagram values('BT12-84_0907','BT12-20021200','84-95','E85 Z4 2.2i   Snap-in adapter for NOKIA devices','');
insert into Diagram values('BT12-84_0908','BT12-20021200','84-95','E85 Z4 2.2i   Snap-in adapter for SIEMENS devices','');
insert into Diagram values('BT12-84_0909','BT12-20021200','84-95','E85 Z4 2.2i   Snap-in adapter for MOTOROLA devices','');
insert into Diagram values('BT12-84_0910','BT12-20021200','84-95','E85 Z4 2.2i   Snap-in adapter, BlackBerry/RIM devices','');
insert into Diagram values('BT12-85_0006','BT12-20021200','85-45','E85 Z4 2.2i   Winter tires','');
insert into Diagram values('BT12-85_0033','BT12-20021200','85-45','E85 Z4 2.2i   Summer tires','');
insert into Diagram values('BT12-88_0052','BT12-20021200','88-80','E85 Z4 2.2i   Emergency bag','');
insert into Diagram values('BT12-88_0064','BT12-20021200','88-80','E85 Z4 2.2i   Fluid-change kit, autom. transmission','');
insert into Diagram values('BT12-88_0066','BT12-20021200','88-80','E85 Z4 2.2i   Fluid-change kit, autom. transmission','');
insert into ProdCodeDate values('BT11-20030600','BT11',to_date('20030601','YYYYMMDD'));
insert into ProdCodeDate values('BT11-20030600','BT11',to_date('20030601','YYYYMMDD'));
insert into ProdCodeDate values('BT11-20030900','BT11',to_date('20030901','YYYYMMDD'));
insert into ProdCodeDate values('BT12-20030900','BT12',to_date('20030901','YYYYMMDD'));
insert into ProdCodeDate values('BT11-20031000','BT11',to_date('20031001','YYYYMMDD'));
insert into ProdCodeDate values('BT12-20031000','BT12',to_date('20031001','YYYYMMDD'));
insert into ProdCodeDate values('BT11-20031100','BT11',to_date('20031101','YYYYMMDD'));
insert into ProdCodeDate values('BT12-20031100','BT12',to_date('20031101','YYYYMMDD'));
insert into ProdCodeDate values('BT11-20031200','BT11',to_date('20031201','YYYYMMDD'));
insert into ProdCodeDate values('BT12-20031200','BT12',to_date('20031201','YYYYMMDD'));
insert into ProdCodeDate values('BT11-20040100','BT11',to_date('20040101','YYYYMMDD'));
insert into ProdCodeDate values('BT12-20040100','BT12',to_date('20040101','YYYYMMDD'));
insert into ProdCodeDate values('BT11-20040200','BT11',to_date('20040201','YYYYMMDD'));
insert into ProdCodeDate values('BT12-20040200','BT12',to_date('20040201','YYYYMMDD'));
insert into ProdCodeDate values('BT11-20040300','BT11',to_date('20040301','YYYYMMDD'));
insert into ProdCodeDate values('BT12-20040300','BT12',to_date('20040301','YYYYMMDD'));
insert into ProdCodeDate values('BT11-20040400','BT11',to_date('20040401','YYYYMMDD'));
insert into ProdCodeDate values('BT12-20040400','BT12',to_date('20040401','YYYYMMDD'));
insert into ProdCodeDate values('BT11-20040500','BT11',to_date('20040501','YYYYMMDD'));
insert into ProdCodeDate values('BT12-20040500','BT12',to_date('20040501','YYYYMMDD'));
insert into ProdCodeDate values('BT11-20040600','BT11',to_date('20040601','YYYYMMDD'));
insert into ProdCodeDate values('BT12-20040600','BT12',to_date('20040601','YYYYMMDD'));
insert into ProdCodeDate values('BT11-20040700','BT11',to_date('20040701','YYYYMMDD'));
insert into ProdCodeDate values('BT12-20040700','BT12',to_date('20040701','YYYYMMDD'));
insert into ProdCodeDate values('BT11-20040900','BT11',to_date('20040901','YYYYMMDD'));
insert into ProdCodeDate values('BT12-20040900','BT12',to_date('20040901','YYYYMMDD'));
insert into ProdCodeDate values('BT11-20041000','BT11',to_date('20041001','YYYYMMDD'));
insert into ProdCodeDate values('BT12-20041000','BT12',to_date('20041001','YYYYMMDD'));
insert into ProdCodeDate values('BT11-20041100','BT11',to_date('20041101','YYYYMMDD'));
insert into ProdCodeDate values('BT12-20041100','BT12',to_date('20041101','YYYYMMDD'));
insert into ProdCodeDate values('BT11-20041200','BT11',to_date('20041201','YYYYMMDD'));
insert into ProdCodeDate values('BT12-20041200','BT12',to_date('20041201','YYYYMMDD'));
insert into ProdCodeDate values('BT11-20050100','BT11',to_date('20050101','YYYYMMDD'));
insert into ProdCodeDate values('BT12-20050100','BT12',to_date('20050101','YYYYMMDD'));
insert into ProdCodeDate values('BT11-20050200','BT11',to_date('20050201','YYYYMMDD'));
insert into ProdCodeDate values('BT12-20050200','BT12',to_date('20050201','YYYYMMDD'));
insert into ProdCodeDate values('BT11-20050300','BT11',to_date('20050301','YYYYMMDD'));
insert into ProdCodeDate values('BT12-20050300','BT12',to_date('20050301','YYYYMMDD'));
insert into ProdCodeDate values('BT11-20050400','BT11',to_date('20050401','YYYYMMDD'));
insert into ProdCodeDate values('BT12-20050400','BT12',to_date('20050401','YYYYMMDD'));
insert into ProdCodeDate values('BT11-20050500','BT11',to_date('20050501','YYYYMMDD'));
insert into ProdCodeDate values('BT12-20050500','BT12',to_date('20050501','YYYYMMDD'));
insert into ProdCodeDate values('BT11-20050700','BT11',to_date('20050701','YYYYMMDD'));
insert into ProdCodeDate values('BT12-20050700','BT12',to_date('20050701','YYYYMMDD'));
insert into ProdCodeDate values('BT11-20050800','BT11',to_date('20050801','YYYYMMDD'));
insert into ProdCodeDate values('BT12-20050800','BT12',to_date('20050801','YYYYMMDD'));
insert into ProdCodeDate values('BT11-20050900','BT11',to_date('20050901','YYYYMMDD'));
insert into ProdCodeDate values('BT12-20050900','BT12',to_date('20050901','YYYYMMDD'));
insert into ProdCodeDate values('BT11-20051000','BT11',to_date('20051001','YYYYMMDD'));
insert into ProdCodeDate values('BT12-20051000','BT12',to_date('20051001','YYYYMMDD'));
insert into ProdCodeDate values('BT11-20051100','BT11',to_date('20051101','YYYYMMDD'));
insert into ProdCodeDate values('BT12-20051100','BT12',to_date('20051101','YYYYMMDD'));
