insert into Series values('E87','E87');
insert into Body values('SH','SH');
insert into Model values('116i','E87','SH','116i','ECE');
insert into ProdCode values('UF12','116i','SH','E87','ECE','N45','L','03/2003 E87 116i 5 doors N45 Europe Right hand drive ');
insert into ProdCodeDate values('UF12-20030300','UF12',to_date('20030301','YYYYMMDD'));
insert into Diagram values('UF12-01_0206','UF12-20030300','01-05','E87 116i   BMW care tips','');
insert into DiagramParts values('UF12-01_0689-01400159973', 'UF12-01_0689', 01, 'Owner&apos;s handbook E87 without iDrive', 'DE, MJ 2006', 1, to_date('20050901','YYYYMMDD'), to_date('20060901','YYYYMMDD'), '01400159973', '', '', false);
insert into DiagramParts values('UF12-01_0689-01400012852', 'UF12-01_0689', 01, 'Owner&apos;s handbook E87 without iDrive', 'DE, MJ 2007', 1, to_date('20060901','YYYYMMDD'), to_date('20070301','YYYYMMDD'), '01400012852', '', '', false);
insert into DiagramParts values('UF12-01_0689-01410158975', 'UF12-01_0689', 02, 'Owner&apos;s handbook E87 without iDrive', 'EN, MJ 2005', 1, to_date('20040601','YYYYMMDD'), to_date('20050901','YYYYMMDD'), '01410158975', '', '', false);
insert into DiagramParts values('UF12-01_0689-01410159974', 'UF12-01_0689', 02, 'Owner&apos;s handbook E87 without iDrive', 'EN, MJ 2006', 1, to_date('20050901','YYYYMMDD'), to_date('20060901','YYYYMMDD'), '01410159974', '', '', false);
insert into DiagramParts values('UF12-01_0689-01410012853', 'UF12-01_0689', 02, 'Owner&apos;s handbook E87 without iDrive', 'EN, MJ 2007', 1, to_date('20060901','YYYYMMDD'), to_date('20070301','YYYYMMDD'), '01410012853', '', '', false);
insert into DiagramParts values('UF12-01_0689-01420158976', 'UF12-01_0689', 03, 'Owner&apos;s handbook E87 without iDrive', 'FR, MJ 2005', 1, to_date('20040601','YYYYMMDD'), to_date('20050901','YYYYMMDD'), '01420158976', '', '', false);
insert into DiagramParts values('UF12-01_0689-01420159975', 'UF12-01_0689', 03, 'Owner&apos;s handbook E87 without iDrive', 'FR, MJ 2006', 1, to_date('20050901','YYYYMMDD'), to_date('20060901','YYYYMMDD'), '01420159975', '', '', false);
insert into DiagramParts values('UF12-01_0689-01420012854', 'UF12-01_0689', 03, 'Owner&apos;s handbook E87 without iDrive', 'FR, MJ 2007', 1, to_date('20060901','YYYYMMDD'), to_date('20070301','YYYYMMDD'), '01420012854', '', '', false);
insert into DiagramParts values('UF12-01_0689-01430158977', 'UF12-01_0689', 04, 'Owner&apos;s handbook E87 without iDrive', 'ES, MJ 2005', 1, to_date('20040601','YYYYMMDD'), to_date('20050901','YYYYMMDD'), '01430158977', '', '', false);
insert into DiagramParts values('UF12-01_0689-01430159976', 'UF12-01_0689', 04, 'Owner&apos;s handbook E87 without iDrive', 'ES, MJ 2006', 1, to_date('20050901','YYYYMMDD'), to_date('20060901','YYYYMMDD'), '01430159976', '', '', false);
insert into DiagramParts values('UF12-01_0689-01430012855', 'UF12-01_0689', 04, 'Owner&apos;s handbook E87 without iDrive', 'ES, MJ 2007', 1, to_date('20060901','YYYYMMDD'), to_date('20070301','YYYYMMDD'), '01430012855', '', '', false);
insert into DiagramParts values('UF12-01_0689-01440158978', 'UF12-01_0689', 05, 'Owner&apos;s handbook E87 without iDrive', 'IT, MJ 2005', 1, to_date('20040601','YYYYMMDD'), to_date('20050901','YYYYMMDD'), '01440158978', '', '', false);
insert into DiagramParts values('UF12-01_0689-01440159977', 'UF12-01_0689', 05, 'Owner&apos;s handbook E87 without iDrive', 'IT, MJ 2006', 1, to_date('20050901','YYYYMMDD'), to_date('20060901','YYYYMMDD'), '01440159977', '', '', false);
insert into DiagramParts values('UF12-01_0689-01440012856', 'UF12-01_0689', 05, 'Owner&apos;s handbook E87 without iDrive', 'IT, MJ 2007', 1, to_date('20060901','YYYYMMDD'), to_date('20070301','YYYYMMDD'), '01440012856', '', '', false);
insert into DiagramParts values('UF12-01_0689-01450158979', 'UF12-01_0689', 06, 'Owner&apos;s handbook E87 without iDrive', 'SV, MJ 2005', 1, to_date('20040601','YYYYMMDD'), to_date('20050901','YYYYMMDD'), '01450158979', '', '', false);
insert into DiagramParts values('UF12-01_0689-01450159978', 'UF12-01_0689', 06, 'Owner&apos;s handbook E87 without iDrive', 'SV, MJ 2006', 1, to_date('20050901','YYYYMMDD'), to_date('20060901','YYYYMMDD'), '01450159978', '', '', false);
insert into DiagramParts values('UF12-01_0689-01450012857', 'UF12-01_0689', 06, 'Owner&apos;s handbook E87 without iDrive', 'SV, MJ 2007', 1, to_date('20060901','YYYYMMDD'), to_date('20070301','YYYYMMDD'), '01450012857', '', '', false);
insert into DiagramParts values('UF12-01_0689-01460158980', 'UF12-01_0689', 07, 'Owner&apos;s handbook E87 without iDrive', 'NL, MJ 2005', 1, to_date('20040601','YYYYMMDD'), to_date('20050901','YYYYMMDD'), '01460158980', '', '', false);
insert into DiagramParts values('UF12-01_0689-01460159979', 'UF12-01_0689', 07, 'Owner&apos;s handbook E87 without iDrive', 'NL, MJ 2006', 1, to_date('20050901','YYYYMMDD'), to_date('20060901','YYYYMMDD'), '01460159979', '', '', false);
insert into DiagramParts values('UF12-01_0689-01460012858', 'UF12-01_0689', 07, 'Owner&apos;s handbook E87 without iDrive', 'NL, MJ 2007', 1, to_date('20060901','YYYYMMDD'), to_date('20070301','YYYYMMDD'), '01460012858', '', '', false);
insert into DiagramParts values('UF12-01_0689-01470158981', 'UF12-01_0689', 08, 'Owner&apos;s handbook E87 without iDrive', 'AR, MJ 2005', 1, to_date('20040601','YYYYMMDD'), to_date('20050901','YYYYMMDD'), '01470158981', '', '', false);
insert into DiagramParts values('UF12-01_0689-01470159980', 'UF12-01_0689', 08, 'Owner&apos;s handbook E87 without iDrive', 'AR, MJ 2006', 1, to_date('20050901','YYYYMMDD'), to_date('20060901','YYYYMMDD'), '01470159980', '', '', false);
insert into DiagramParts values('UF12-01_0689-01470012859', 'UF12-01_0689', 08, 'Owner&apos;s handbook E87 without iDrive', 'AR, MJ 2007', 1, to_date('20060901','YYYYMMDD'), to_date('20070301','YYYYMMDD'), '01470012859', '', '', false);
insert into DiagramParts values('UF12-01_0689-01480158982', 'UF12-01_0689', 09, 'Owner&apos;s handbook E87 without iDrive', 'DA, MJ 2005', 1, to_date('20040601','YYYYMMDD'), to_date('20050901','YYYYMMDD'), '01480158982', '', '', false);
insert into DiagramParts values('UF12-01_0689-01480159981', 'UF12-01_0689', 09, 'Owner&apos;s handbook E87 without iDrive', 'DA, MJ 2006', 1, to_date('20050901','YYYYMMDD'), to_date('20060901','YYYYMMDD'), '01480159981', '', '', false);
insert into DiagramParts values('UF12-01_0689-01480012860', 'UF12-01_0689', 09, 'Owner&apos;s handbook E87 without iDrive', 'DA, MJ 2007', 1, to_date('20060901','YYYYMMDD'), to_date('20070301','YYYYMMDD'), '01480012860', '', '', false);
insert into DiagramParts values('UF12-01_0689-01490158983', 'UF12-01_0689', 10, 'Owner&apos;s handbook E87 without iDrive', 'PT, MJ 2005', 1, to_date('20040601','YYYYMMDD'), to_date('20050901','YYYYMMDD'), '01490158983', '', '', false);
insert into DiagramParts values('UF12-01_0689-01490159982', 'UF12-01_0689', 10, 'Owner&apos;s handbook E87 without iDrive', 'PT, MJ 2006', 1, to_date('20050901','YYYYMMDD'), to_date('20060901','YYYYMMDD'), '01490159982', '', '', false);
insert into DiagramParts values('UF12-01_0689-01490012861', 'UF12-01_0689', 10, 'Owner&apos;s handbook E87 without iDrive', 'PT, MJ 2007', 1, to_date('20060901','YYYYMMDD'), to_date('20070301','YYYYMMDD'), '01490012861', '', '', false);
insert into DiagramParts values('UF12-01_0689-01490158985', 'UF12-01_0689', 13, 'Owner&apos;s handbook E87 without iDrive', 'EL, MJ 2005', 1, to_date('20040601','YYYYMMDD'), to_date('20050901','YYYYMMDD'), '01490158985', '', '', false);
insert into DiagramParts values('UF12-01_0689-01490159983', 'UF12-01_0689', 13, 'Owner&apos;s handbook E87 without iDrive', 'EL, MJ 2006', 1, to_date('20050901','YYYYMMDD'), to_date('20060901','YYYYMMDD'), '01490159983', '', '', false);
insert into DiagramParts values('UF12-01_0689-01490012862', 'UF12-01_0689', 13, 'Owner&apos;s handbook E87 without iDrive', 'EL, MJ 2007', 1, to_date('20060901','YYYYMMDD'), to_date('20070301','YYYYMMDD'), '01490012862', '', '', false);
insert into Diagram values('UF12-01_0689','UF12-20030300','01-05','E87 116i   Owner&apos;s manual for E81, E87 w/o iDrive','');
insert into DiagramParts values('UF12-01_0690-01400159984', 'UF12-01_0690', 01, 'Owner&apos;s handbook E87 with iDrive', 'DE, MJ 2006', 1, to_date('20050901','YYYYMMDD'), to_date('20060901','YYYYMMDD'), '01400159984', '', '', false);
insert into DiagramParts values('UF12-01_0690-01400012915', 'UF12-01_0690', 01, 'Owner&apos;s handbook E87 with iDrive', 'DE, MJ 2007', 1, to_date('20060901','YYYYMMDD'), to_date('20070301','YYYYMMDD'), '01400012915', '', '', false);
insert into DiagramParts values('UF12-01_0690-01410159496', 'UF12-01_0690', 02, 'Owner&apos;s handbook E87 with iDrive', 'EN, MJ 2005', 1, to_date('20040601','YYYYMMDD'), to_date('20050901','YYYYMMDD'), '01410159496', '', '', false);
insert into DiagramParts values('UF12-01_0690-01410159985', 'UF12-01_0690', 02, 'Owner&apos;s handbook E87 with iDrive', 'EN, MJ 2006', 1, to_date('20050901','YYYYMMDD'), to_date('20060901','YYYYMMDD'), '01410159985', '', '', false);
insert into DiagramParts values('UF12-01_0690-01410012916', 'UF12-01_0690', 02, 'Owner&apos;s handbook E87 with iDrive', 'EN, MJ 2007', 1, to_date('20060901','YYYYMMDD'), to_date('20070301','YYYYMMDD'), '01410012916', '', '', false);
insert into DiagramParts values('UF12-01_0690-01420159497', 'UF12-01_0690', 03, 'Owner&apos;s handbook E87 with iDrive', 'FR, MJ 2005', 1, to_date('20040601','YYYYMMDD'), to_date('20050901','YYYYMMDD'), '01420159497', '', '', false);
insert into DiagramParts values('UF12-01_0690-01420159986', 'UF12-01_0690', 03, 'Owner&apos;s handbook E87 with iDrive', 'FR, MJ 2006', 1, to_date('20050901','YYYYMMDD'), to_date('20060901','YYYYMMDD'), '01420159986', '', '', false);
insert into DiagramParts values('UF12-01_0690-01420012917', 'UF12-01_0690', 03, 'Owner&apos;s handbook E87 with iDrive', 'FR, MJ 2007', 1, to_date('20060901','YYYYMMDD'), to_date('20070301','YYYYMMDD'), '01420012917', '', '', false);
insert into DiagramParts values('UF12-01_0690-01430159498', 'UF12-01_0690', 04, 'Owner&apos;s handbook E87 with iDrive', 'ES, MJ 2005', 1, to_date('20040601','YYYYMMDD'), to_date('20050901','YYYYMMDD'), '01430159498', '', '', false);
insert into DiagramParts values('UF12-01_0690-01430159987', 'UF12-01_0690', 04, 'Owner&apos;s handbook E87 with iDrive', 'ES, MJ 2006', 1, to_date('20050901','YYYYMMDD'), to_date('20060901','YYYYMMDD'), '01430159987', '', '', false);
insert into DiagramParts values('UF12-01_0690-01430012918', 'UF12-01_0690', 04, 'Owner&apos;s handbook E87 with iDrive', 'ES, MJ 2007', 1, to_date('20060901','YYYYMMDD'), to_date('20070301','YYYYMMDD'), '01430012918', '', '', false);
insert into DiagramParts values('UF12-01_0690-01440159499', 'UF12-01_0690', 05, 'Owner&apos;s handbook E87 with iDrive', 'IT, MJ 2005', 1, to_date('20040601','YYYYMMDD'), to_date('20050901','YYYYMMDD'), '01440159499', '', '', false);
insert into DiagramParts values('UF12-01_0690-01440159988', 'UF12-01_0690', 05, 'Owner&apos;s handbook E87 with iDrive', 'IT, MJ 2006', 1, to_date('20050901','YYYYMMDD'), to_date('20060901','YYYYMMDD'), '01440159988', '', '', false);
insert into DiagramParts values('UF12-01_0690-01440012919', 'UF12-01_0690', 05, 'Owner&apos;s handbook E87 with iDrive', 'IT, MJ 2007', 1, to_date('20060901','YYYYMMDD'), to_date('20070301','YYYYMMDD'), '01440012919', '', '', false);
insert into DiagramParts values('UF12-01_0690-01450159500', 'UF12-01_0690', 06, 'Owner&apos;s handbook E87 with iDrive', 'SV, MJ 2005', 1, to_date('20040601','YYYYMMDD'), to_date('20050901','YYYYMMDD'), '01450159500', '', '', false);
insert into DiagramParts values('UF12-01_0690-01450159989', 'UF12-01_0690', 06, 'Owner&apos;s handbook E87 with iDrive', 'SV, MJ 2006', 1, to_date('20050901','YYYYMMDD'), to_date('20060901','YYYYMMDD'), '01450159989', '', '', false);
insert into DiagramParts values('UF12-01_0690-01450012920', 'UF12-01_0690', 06, 'Owner&apos;s handbook E87 with iDrive', 'SV, MJ 2007', 1, to_date('20060901','YYYYMMDD'), to_date('20070301','YYYYMMDD'), '01450012920', '', '', false);
insert into DiagramParts values('UF12-01_0690-01460159501', 'UF12-01_0690', 07, 'Owner&apos;s handbook E87 with iDrive', 'NL, MJ 2005', 1, to_date('20040601','YYYYMMDD'), to_date('20050901','YYYYMMDD'), '01460159501', '', '', false);
insert into DiagramParts values('UF12-01_0690-01460159990', 'UF12-01_0690', 07, 'Owner&apos;s handbook E87 with iDrive', 'NL, MJ 2006', 1, to_date('20050901','YYYYMMDD'), to_date('20060901','YYYYMMDD'), '01460159990', '', '', false);
insert into DiagramParts values('UF12-01_0690-01460012921', 'UF12-01_0690', 07, 'Owner&apos;s handbook E87 with iDrive', 'NL, MJ 2007', 1, to_date('20060901','YYYYMMDD'), to_date('20070301','YYYYMMDD'), '01460012921', '', '', false);
insert into DiagramParts values('UF12-01_0690-01470159502', 'UF12-01_0690', 08, 'Owner&apos;s handbook E87 with iDrive', 'AR, MJ 2005', 1, to_date('20040601','YYYYMMDD'), to_date('20050901','YYYYMMDD'), '01470159502', '', '', false);
insert into DiagramParts values('UF12-01_0690-01470159991', 'UF12-01_0690', 08, 'Owner&apos;s handbook E87 with iDrive', 'AR, MJ 2006', 1, to_date('20050901','YYYYMMDD'), to_date('20060901','YYYYMMDD'), '01470159991', '', '', false);
insert into DiagramParts values('UF12-01_0690-01470012922', 'UF12-01_0690', 08, 'Owner&apos;s handbook E87 with iDrive', 'AR, MJ 2007', 1, to_date('20060901','YYYYMMDD'), to_date('20070301','YYYYMMDD'), '01470012922', '', '', false);
insert into DiagramParts values('UF12-01_0690-01480012923', 'UF12-01_0690', 08, 'Owner&apos;s handbook E87 with iDrive', 'DA, MJ 2007', 1, to_date('20060901','YYYYMMDD'), to_date('20070301','YYYYMMDD'), '01480012923', '', '', false);
insert into DiagramParts values('UF12-01_0690-01480159503', 'UF12-01_0690', 09, 'Owner&apos;s handbook E87 with iDrive', 'DA, MJ 2005', 1, to_date('20040601','YYYYMMDD'), to_date('20050901','YYYYMMDD'), '01480159503', '', '', false);
insert into DiagramParts values('UF12-01_0690-01480159992', 'UF12-01_0690', 09, 'Owner&apos;s handbook E87 with iDrive', 'DA, MJ 2006', 1, to_date('20050901','YYYYMMDD'), to_date('20060901','YYYYMMDD'), '01480159992', '', '', false);
insert into DiagramParts values('UF12-01_0690-01490159504', 'UF12-01_0690', 10, 'Owner&apos;s handbook E87 with iDrive', 'PT, MJ 2005', 1, to_date('20040601','YYYYMMDD'), to_date('20050901','YYYYMMDD'), '01490159504', '', '', false);
insert into DiagramParts values('UF12-01_0690-01490159993', 'UF12-01_0690', 10, 'Owner&apos;s handbook E87 with iDrive', 'PT, MJ 2006', 1, to_date('20050901','YYYYMMDD'), to_date('20060901','YYYYMMDD'), '01490159993', '', '', false);
insert into DiagramParts values('UF12-01_0690-01490012924', 'UF12-01_0690', 10, 'Owner&apos;s handbook E87 with iDrive', 'PT, MJ 2007', 1, to_date('20060901','YYYYMMDD'), to_date('20070301','YYYYMMDD'), '01490012924', '', '', false);
insert into DiagramParts values('UF12-01_0690-01490159505', 'UF12-01_0690', 13, 'Owner&apos;s handbook E87 with iDrive', 'EL, MJ 2005', 1, to_date('20040601','YYYYMMDD'), to_date('20050901','YYYYMMDD'), '01490159505', '', '', false);
insert into DiagramParts values('UF12-01_0690-01490159994', 'UF12-01_0690', 13, 'Owner&apos;s handbook E87 with iDrive', 'EL, MJ 2006', 1, to_date('20050901','YYYYMMDD'), to_date('20060901','YYYYMMDD'), '01490159994', '', '', false);
insert into DiagramParts values('UF12-01_0690-01490012925', 'UF12-01_0690', 13, 'Owner&apos;s handbook E87 with iDrive', 'EL, MJ 2007', 1, to_date('20060901','YYYYMMDD'), to_date('20070301','YYYYMMDD'), '01490012925', '', '', false);
insert into Diagram values('UF12-01_0690','UF12-20030300','01-05','E87 116i   Owner&apos;s manual for E81, E87 with iDrive','');
insert into DiagramParts values('UF12-01_0727-01400011871', 'UF12-01_0727', 01, 'Brief instructions E87 without iDrive', 'DE', 1, to_date('20050901','YYYYMMDD'), to_date('20070301','YYYYMMDD'), '01400011871', '', '', false);
insert into DiagramParts values('UF12-01_0727-01400011882', 'UF12-01_0727', 01, 'Brief instructions E87 with iDrive', 'DE', 1, to_date('20050901','YYYYMMDD'), to_date('20070301','YYYYMMDD'), '01400011882', '', '', false);
insert into DiagramParts values('UF12-01_0727-01410011883', 'UF12-01_0727', 02, 'Brief instructions E87 with iDrive', 'EN', 1, to_date('20050901','YYYYMMDD'), to_date('20070301','YYYYMMDD'), '01410011883', '', '', false);
insert into Diagram values('UF12-01_0727','UF12-20030300','01-05','E87 116i   Brief instructions E81, E82, E87, E','');
insert into Diagram values('UF12-01_0756','UF12-20030300','01-05','E87 116i   Mirror placard','');
insert into Diagram values('UF12-01_0780','UF12-20030300','01-05','E87 116i   Brochure Service Contact, BMW','');
insert into DiagramParts values('UF12-01_1080-01402918756', 'UF12-01_1080', 02, 'Supplement Owner&apos;s Manual license texts', 'MULTILINGUAL', 1, to_date('20130301','YYYYMMDD'), to_date('20130701','YYYYMMDD'), '01402918756', '', '', false);
insert into Diagram values('UF12-01_1080','UF12-20030300','01-05','E87 116i   Flyer, license texts for BMW','');
insert into DiagramParts values('UF12-01_0606-01400012026', 'UF12-01_0606', 01, 'Operating instructions, radio &quot;de&quot;', 'SA663', 1, to_date('20060901','YYYYMMDD'), to_date('20070301','YYYYMMDD'), '01400012026', '', '', false);
insert into DiagramParts values('UF12-01_0606-01400159098', 'UF12-01_0606', 01, 'Operating instructions, radio &quot;de&quot;', 'SA663', 1, to_date('20050301','YYYYMMDD'), to_date('20050901','YYYYMMDD'), '01400159098', '', '', false);
insert into DiagramParts values('UF12-01_0606-01410012027', 'UF12-01_0606', 02, 'Operating instructions, radio &quot;en&quot;', 'SA663', 1, to_date('20060901','YYYYMMDD'), to_date('20070301','YYYYMMDD'), '01410012027', '', '', false);
insert into DiagramParts values('UF12-01_0606-01410159099', 'UF12-01_0606', 02, 'Operating instructions, radio &quot;en&quot;', 'SA663', 1, to_date('20050301','YYYYMMDD'), to_date('20050901','YYYYMMDD'), '01410159099', '', '', false);
insert into DiagramParts values('UF12-01_0606-01420012028', 'UF12-01_0606', 03, 'Operating instructions, radio &quot;fr&quot;', 'SA663', 1, to_date('20060901','YYYYMMDD'), to_date('20070301','YYYYMMDD'), '01420012028', '', '', false);
insert into DiagramParts values('UF12-01_0606-01420159100', 'UF12-01_0606', 03, 'Operating instructions, radio &quot;fr&quot;', 'SA663', 1, to_date('20050301','YYYYMMDD'), to_date('20050901','YYYYMMDD'), '01420159100', '', '', false);
insert into DiagramParts values('UF12-01_0606-01430012029', 'UF12-01_0606', 04, 'Operating instructions, radio &quot;es&quot;', 'SA663', 1, to_date('20060901','YYYYMMDD'), to_date('20070301','YYYYMMDD'), '01430012029', '', '', false);
insert into DiagramParts values('UF12-01_0606-01430158404', 'UF12-01_0606', 04, 'Operating instructions, radio &quot;es&quot;', 'SA663', 1, to_date('20041201','YYYYMMDD'), to_date('20050301','YYYYMMDD'), '01430158404', '', '', false);
insert into DiagramParts values('UF12-01_0606-01430159101', 'UF12-01_0606', 04, 'Operating instructions, radio &quot;es&quot;', 'SA663', 1, to_date('20050301','YYYYMMDD'), to_date('20050901','YYYYMMDD'), '01430159101', '', '', false);
insert into DiagramParts values('UF12-01_0606-01440012030', 'UF12-01_0606', 05, 'Operating instructions, radio &quot;it&quot;', 'SA663', 1, to_date('20060901','YYYYMMDD'), to_date('20070301','YYYYMMDD'), '01440012030', '', '', false);
insert into DiagramParts values('UF12-01_0606-01440159102', 'UF12-01_0606', 05, 'Operating instructions, radio &quot;it&quot;', 'SA663', 1, to_date('20050301','YYYYMMDD'), to_date('20050901','YYYYMMDD'), '01440159102', '', '', false);
insert into DiagramParts values('UF12-01_0606-01450012031', 'UF12-01_0606', 06, 'Operating instructions, radio &quot;sv&quot;', 'SA663', 1, to_date('20060901','YYYYMMDD'), to_date('20070301','YYYYMMDD'), '01450012031', '', '', false);
insert into DiagramParts values('UF12-01_0606-01450159103', 'UF12-01_0606', 06, 'Operating instructions, radio &quot;sv&quot;', 'SA663', 1, to_date('20050301','YYYYMMDD'), to_date('20050901','YYYYMMDD'), '01450159103', '', '', false);
insert into DiagramParts values('UF12-01_0606-01460012032', 'UF12-01_0606', 07, 'Operating instructions, radio &quot;nl&quot;', 'SA663', 1, to_date('20060901','YYYYMMDD'), to_date('20070301','YYYYMMDD'), '01460012032', '', '', false);
insert into DiagramParts values('UF12-01_0606-01460159104', 'UF12-01_0606', 07, 'Operating instructions, radio &quot;nl&quot;', 'SA663', 1, to_date('20050301','YYYYMMDD'), to_date('20050901','YYYYMMDD'), '01460159104', '', '', false);
insert into DiagramParts values('UF12-01_0606-01470012033', 'UF12-01_0606', 08, 'Operating instructions, radio &quot;ar&quot;', 'SA663', 1, to_date('20060901','YYYYMMDD'), to_date('20070301','YYYYMMDD'), '01470012033', '', '', false);
insert into DiagramParts values('UF12-01_0606-01470159105', 'UF12-01_0606', 08, 'Operating instructions, radio &quot;ar&quot;', 'SA663', 1, to_date('20050301','YYYYMMDD'), to_date('20050901','YYYYMMDD'), '01470159105', '', '', false);
insert into DiagramParts values('UF12-01_0606-01480012034', 'UF12-01_0606', 09, 'Operating instructions, radio &quot;da&quot;', 'SA663', 1, to_date('20060901','YYYYMMDD'), to_date('20070301','YYYYMMDD'), '01480012034', '', '', false);
insert into DiagramParts values('UF12-01_0606-01480159106', 'UF12-01_0606', 09, 'Operating instructions, radio &quot;da&quot;', 'SA663', 1, to_date('20050301','YYYYMMDD'), to_date('20050901','YYYYMMDD'), '01480159106', '', '', false);
insert into DiagramParts values('UF12-01_0606-01490012035', 'UF12-01_0606', 10, 'Operating instructions, radio &quot;pt&quot;', 'SA663', 1, to_date('20060901','YYYYMMDD'), to_date('20070301','YYYYMMDD'), '01490012035', '', '', false);
insert into DiagramParts values('UF12-01_0606-01490159107', 'UF12-01_0606', 10, 'Operating instructions, radio &quot;pt&quot;', 'SA663', 1, to_date('20050301','YYYYMMDD'), to_date('20050901','YYYYMMDD'), '01490159107', '', '', false);
insert into DiagramParts values('UF12-01_0606-01490012037', 'UF12-01_0606', 13, 'Operating instructions, radio &quot;el&quot;', 'SA663', 1, to_date('20060901','YYYYMMDD'), to_date('20070301','YYYYMMDD'), '01490012037', '', '', false);
insert into DiagramParts values('UF12-01_0606-01490159109', 'UF12-01_0606', 13, 'Operating instructions, radio &quot;el&quot;', 'SA663', 1, to_date('20050301','YYYYMMDD'), to_date('20050901','YYYYMMDD'), '01490159109', '', '', false);
insert into DiagramParts values('UF12-01_0606-01490012036', 'UF12-01_0606', 14, 'Operating instructions, radio &quot;zh&quot;', 'SA663', 1, to_date('20060901','YYYYMMDD'), to_date('20070301','YYYYMMDD'), '01490012036', '', '', false);
insert into Diagram values('UF12-01_0606','UF12-20030300','01-12','E87 116i   Radio E81,E82,E87,E88, E90,E91,E92,E93','');
insert into DiagramParts values('UF12-01_0302-01400011822', 'UF12-01_0302', 01, 'Owner&apos;s handbook, telephone &quot;de&quot;', 'SA633, SA644', 1, to_date('20050901','YYYYMMDD'), to_date('20060901','YYYYMMDD'), '01400011822', '', '', false);
insert into DiagramParts values('UF12-01_0302-01400012071', 'UF12-01_0302', 01, 'Owner&apos;s handbook, telephone &quot;de&quot;', 'SA633, SA644', 1, to_date('20060901','YYYYMMDD'), to_date('20070301','YYYYMMDD'), '01400012071', '', '', false);
insert into DiagramParts values('UF12-01_0302-01400014355', 'UF12-01_0302', 01, 'Owner&apos;s handbook, telephone &quot;de&quot;', 'SA633, SA644', 1, to_date('20070901','YYYYMMDD'), to_date('20080301','YYYYMMDD'), '01400014355', '', '', false);
insert into DiagramParts values('UF12-01_0302-01402600073', 'UF12-01_0302', 01, 'Owner&apos;s handbook, telephone &quot;de&quot;', 'SA633, SA644', 1, to_date('20050901','YYYYMMDD'), to_date('20060301','YYYYMMDD'), '01402600073', '', '', false);
insert into DiagramParts values('UF12-01_0302-01400012059', 'UF12-01_0302', 01, 'Owner&apos;s handbook, telephone &quot;de&quot;', 'SA633, SA644', 1, to_date('20060301','YYYYMMDD'), to_date('20060901','YYYYMMDD'), '01400012059', '', '', false);
insert into DiagramParts values('UF12-01_0302-01410011823', 'UF12-01_0302', 02, 'Owner&apos;s handbook, telephone &quot;en&quot;', 'SA633, SA644', 1, to_date('20050901','YYYYMMDD'), to_date('20060901','YYYYMMDD'), '01410011823', '', '', false);
insert into DiagramParts values('UF12-01_0302-01410012072', 'UF12-01_0302', 02, 'Owner&apos;s handbook, telephone &quot;en&quot;', 'SA633, SA644', 1, to_date('20060901','YYYYMMDD'), to_date('20070301','YYYYMMDD'), '01410012072', '', '', false);
insert into DiagramParts values('UF12-01_0302-01410014356', 'UF12-01_0302', 02, 'Owner&apos;s handbook, telephone &quot;en&quot;', 'SA633, SA644', 1, to_date('20070901','YYYYMMDD'), to_date('20080301','YYYYMMDD'), '01410014356', '', '', false);
insert into DiagramParts values('UF12-01_0302-01412600074', 'UF12-01_0302', 02, 'Owner&apos;s handbook, telephone &quot;en&quot;', 'SA633, SA644', 1, to_date('20050901','YYYYMMDD'), to_date('20060301','YYYYMMDD'), '01412600074', '', '', false);
insert into DiagramParts values('UF12-01_0302-01410012060', 'UF12-01_0302', 02, 'Owner&apos;s handbook, telephone &quot;en&quot;', 'SA633, SA644', 1, to_date('20060301','YYYYMMDD'), to_date('20060901','YYYYMMDD'), '01410012060', '', '', false);
insert into DiagramParts values('UF12-01_0302-01420011824', 'UF12-01_0302', 03, 'Owner&apos;s handbook, telephone &quot;fr&quot;', 'SA633, SA644', 1, to_date('20050901','YYYYMMDD'), to_date('20060901','YYYYMMDD'), '01420011824', '', '', false);
insert into DiagramParts values('UF12-01_0302-01420012073', 'UF12-01_0302', 03, 'Owner&apos;s handbook, telephone &quot;fr&quot;', 'SA633, SA644', 1, to_date('20060901','YYYYMMDD'), to_date('20070301','YYYYMMDD'), '01420012073', '', '', false);
insert into DiagramParts values('UF12-01_0302-01420014357', 'UF12-01_0302', 03, 'Owner&apos;s handbook, telephone &quot;fr&quot;', 'SA633, SA644', 1, to_date('20070901','YYYYMMDD'), to_date('20080301','YYYYMMDD'), '01420014357', '', '', false);
insert into DiagramParts values('UF12-01_0302-01422600075', 'UF12-01_0302', 03, 'Owner&apos;s handbook, telephone &quot;fr&quot;', 'SA633, SA644', 1, to_date('20050901','YYYYMMDD'), to_date('20060301','YYYYMMDD'), '01422600075', '', '', false);
insert into DiagramParts values('UF12-01_0302-01420012061', 'UF12-01_0302', 03, 'Owner&apos;s handbook, telephone &quot;fr&quot;', 'SA633, SA644', 1, to_date('20060301','YYYYMMDD'), to_date('20060901','YYYYMMDD'), '01420012061', '', '', false);
insert into DiagramParts values('UF12-01_0302-01430011825', 'UF12-01_0302', 04, 'Owner&apos;s handbook, telephone &quot;es&quot;', 'SA633, SA644', 1, to_date('20050901','YYYYMMDD'), to_date('20060901','YYYYMMDD'), '01430011825', '', '', false);
insert into DiagramParts values('UF12-01_0302-01430012074', 'UF12-01_0302', 04, 'Owner&apos;s handbook, telephone &quot;es&quot;', 'SA633, SA644', 1, to_date('20060901','YYYYMMDD'), to_date('20070301','YYYYMMDD'), '01430012074', '', '', false);
insert into DiagramParts values('UF12-01_0302-01430014358', 'UF12-01_0302', 04, 'Owner&apos;s handbook, telephone &quot;es&quot;', 'SA633, SA644', 1, to_date('20070901','YYYYMMDD'), to_date('20080301','YYYYMMDD'), '01430014358', '', '', false);
insert into DiagramParts values('UF12-01_0302-01432600076', 'UF12-01_0302', 04, 'Owner&apos;s handbook, telephone &quot;es&quot;', 'SA633, SA644', 1, to_date('20050901','YYYYMMDD'), to_date('20060301','YYYYMMDD'), '01432600076', '', '', false);
insert into DiagramParts values('UF12-01_0302-01430012062', 'UF12-01_0302', 04, 'Owner&apos;s handbook, telephone &quot;es&quot;', 'SA633, SA644', 1, to_date('20060301','YYYYMMDD'), to_date('20060901','YYYYMMDD'), '01430012062', '', '', false);
insert into DiagramParts values('UF12-01_0302-01440011826', 'UF12-01_0302', 05, 'Owner&apos;s handbook, telephone &quot;it&quot;', 'SA633, SA644', 1, to_date('20050901','YYYYMMDD'), to_date('20060901','YYYYMMDD'), '01440011826', '', '', false);
insert into DiagramParts values('UF12-01_0302-01440012075', 'UF12-01_0302', 05, 'Owner&apos;s handbook, telephone &quot;it&quot;', 'SA633, SA644', 1, to_date('20060901','YYYYMMDD'), to_date('20070301','YYYYMMDD'), '01440012075', '', '', false);
insert into DiagramParts values('UF12-01_0302-01440014359', 'UF12-01_0302', 05, 'Owner&apos;s handbook, telephone &quot;it&quot;', 'SA633, SA644', 1, to_date('20070901','YYYYMMDD'), to_date('20080301','YYYYMMDD'), '01440014359', '', '', false);
insert into DiagramParts values('UF12-01_0302-01442600077', 'UF12-01_0302', 05, 'Owner&apos;s handbook, telephone &quot;it&quot;', 'SA633, SA644', 1, to_date('20050901','YYYYMMDD'), to_date('20060301','YYYYMMDD'), '01442600077', '', '', false);
insert into DiagramParts values('UF12-01_0302-01440012063', 'UF12-01_0302', 05, 'Owner&apos;s handbook, telephone &quot;it&quot;', 'SA633, SA644', 1, to_date('20060301','YYYYMMDD'), to_date('20060901','YYYYMMDD'), '01440012063', '', '', false);
insert into DiagramParts values('UF12-01_0302-01450011827', 'UF12-01_0302', 06, 'Owner&apos;s handbook, telephone &quot;sv&quot;', 'SA633, SA644', 1, to_date('20050901','YYYYMMDD'), to_date('20060901','YYYYMMDD'), '01450011827', '', '', false);
insert into DiagramParts values('UF12-01_0302-01450012076', 'UF12-01_0302', 06, 'Owner&apos;s handbook, telephone &quot;sv&quot;', 'SA633, SA644', 1, to_date('20060901','YYYYMMDD'), to_date('20070301','YYYYMMDD'), '01450012076', '', '', false);
insert into DiagramParts values('UF12-01_0302-01450014360', 'UF12-01_0302', 06, 'Owner&apos;s handbook, telephone &quot;sv&quot;', 'SA633, SA644', 1, to_date('20070901','YYYYMMDD'), to_date('20080301','YYYYMMDD'), '01450014360', '', '', false);
insert into DiagramParts values('UF12-01_0302-01452600078', 'UF12-01_0302', 06, 'Owner&apos;s handbook, telephone &quot;sv&quot;', 'SA633, SA644', 1, to_date('20050901','YYYYMMDD'), to_date('20060301','YYYYMMDD'), '01452600078', '', '', false);
insert into DiagramParts values('UF12-01_0302-01450012064', 'UF12-01_0302', 06, 'Owner&apos;s handbook, telephone &quot;sv&quot;', 'SA633, SA644', 1, to_date('20060301','YYYYMMDD'), to_date('20060901','YYYYMMDD'), '01450012064', '', '', false);
insert into DiagramParts values('UF12-01_0302-01460011828', 'UF12-01_0302', 07, 'Owner&apos;s handbook, telephone &quot;nl&quot;', 'SA633, SA644', 1, to_date('20050901','YYYYMMDD'), to_date('20060901','YYYYMMDD'), '01460011828', '', '', false);
insert into DiagramParts values('UF12-01_0302-01460012077', 'UF12-01_0302', 07, 'Owner&apos;s handbook, telephone &quot;nl&quot;', 'SA633, SA644', 1, to_date('20060901','YYYYMMDD'), to_date('20070301','YYYYMMDD'), '01460012077', '', '', false);
insert into DiagramParts values('UF12-01_0302-01460014361', 'UF12-01_0302', 07, 'Owner&apos;s handbook, telephone &quot;nl&quot;', 'SA633, SA644', 1, to_date('20070901','YYYYMMDD'), to_date('20080301','YYYYMMDD'), '01460014361', '', '', false);
insert into DiagramParts values('UF12-01_0302-01462600079', 'UF12-01_0302', 07, 'Owner&apos;s handbook, telephone &quot;nl&quot;', 'SA633, SA644', 1, to_date('20050901','YYYYMMDD'), to_date('20060301','YYYYMMDD'), '01462600079', '', '', false);
insert into DiagramParts values('UF12-01_0302-01460012065', 'UF12-01_0302', 07, 'Owner&apos;s handbook, telephone &quot;nl&quot;', 'SA633, SA644', 1, to_date('20060301','YYYYMMDD'), to_date('20060901','YYYYMMDD'), '01460012065', '', '', false);
insert into DiagramParts values('UF12-01_0302-01470011829', 'UF12-01_0302', 08, 'Owner&apos;s handbook, telephone &quot;ar&quot;', 'SA633, SA644', 1, to_date('20050901','YYYYMMDD'), to_date('20060901','YYYYMMDD'), '01470011829', '', '', false);
insert into DiagramParts values('UF12-01_0302-01470012078', 'UF12-01_0302', 08, 'Owner&apos;s handbook, telephone &quot;ar&quot;', 'SA633, SA644', 1, to_date('20060901','YYYYMMDD'), to_date('20070301','YYYYMMDD'), '01470012078', '', '', false);
insert into DiagramParts values('UF12-01_0302-01470014362', 'UF12-01_0302', 08, 'Owner&apos;s handbook, telephone &quot;ar&quot;', 'SA633, SA644', 1, to_date('20070901','YYYYMMDD'), to_date('20080301','YYYYMMDD'), '01470014362', '', '', false);
insert into DiagramParts values('UF12-01_0302-01472600080', 'UF12-01_0302', 08, 'Owner&apos;s handbook, telephone &quot;ar&quot;', 'SA633, SA644', 1, to_date('20050901','YYYYMMDD'), to_date('20060301','YYYYMMDD'), '01472600080', '', '', false);
insert into DiagramParts values('UF12-01_0302-01470012066', 'UF12-01_0302', 08, 'Owner&apos;s handbook, telephone &quot;ar&quot;', 'SA633, SA644', 1, to_date('20060301','YYYYMMDD'), to_date('20060901','YYYYMMDD'), '01470012066', '', '', false);
insert into DiagramParts values('UF12-01_0302-01480011830', 'UF12-01_0302', 09, 'Owner&apos;s handbook, telephone &quot;da&quot;', 'SA633, SA644', 1, to_date('20050901','YYYYMMDD'), to_date('20060901','YYYYMMDD'), '01480011830', '', '', false);
insert into DiagramParts values('UF12-01_0302-01480012079', 'UF12-01_0302', 09, 'Owner&apos;s handbook, telephone &quot;da&quot;', 'SA633, SA644', 1, to_date('20060901','YYYYMMDD'), to_date('20070301','YYYYMMDD'), '01480012079', '', '', false);
insert into DiagramParts values('UF12-01_0302-01480014363', 'UF12-01_0302', 09, 'Owner&apos;s handbook, telephone &quot;da&quot;', 'SA633, SA644', 1, to_date('20070901','YYYYMMDD'), to_date('20080301','YYYYMMDD'), '01480014363', '', '', false);
insert into DiagramParts values('UF12-01_0302-01482600081', 'UF12-01_0302', 09, 'Owner&apos;s handbook, telephone &quot;da&quot;', 'SA633, SA644', 1, to_date('20050901','YYYYMMDD'), to_date('20060301','YYYYMMDD'), '01482600081', '', '', false);
insert into DiagramParts values('UF12-01_0302-01480012067', 'UF12-01_0302', 09, 'Owner&apos;s handbook, telephone &quot;da&quot;', 'SA633, SA644', 1, to_date('20060301','YYYYMMDD'), to_date('20060901','YYYYMMDD'), '01480012067', '', '', false);
insert into DiagramParts values('UF12-01_0302-01490011831', 'UF12-01_0302', 10, 'Owner&apos;s handbook, telephone &quot;pt&quot;', 'SA633, SA644', 1, to_date('20050901','YYYYMMDD'), to_date('20060901','YYYYMMDD'), '01490011831', '', '', false);
insert into DiagramParts values('UF12-01_0302-01490012080', 'UF12-01_0302', 10, 'Owner&apos;s handbook, telephone &quot;pt&quot;', 'SA633, SA644', 1, to_date('20060901','YYYYMMDD'), to_date('20070301','YYYYMMDD'), '01490012080', '', '', false);
insert into DiagramParts values('UF12-01_0302-01490014364', 'UF12-01_0302', 10, 'Owner&apos;s handbook, telephone &quot;pt&quot;', 'SA633, SA644', 1, to_date('20070901','YYYYMMDD'), to_date('20080301','YYYYMMDD'), '01490014364', '', '', false);
insert into DiagramParts values('UF12-01_0302-01492600082', 'UF12-01_0302', 10, 'Owner&apos;s handbook, telephone &quot;pt&quot;', 'SA633, SA644', 1, to_date('20050901','YYYYMMDD'), to_date('20060301','YYYYMMDD'), '01492600082', '', '', false);
insert into DiagramParts values('UF12-01_0302-01490012068', 'UF12-01_0302', 10, 'Owner&apos;s handbook, telephone &quot;pt&quot;', 'SA633, SA644', 1, to_date('20060301','YYYYMMDD'), to_date('20060901','YYYYMMDD'), '01490012068', '', '', false);
insert into DiagramParts values('UF12-01_0302-01490011833', 'UF12-01_0302', 13, 'Owner&apos;s handbook, telephone &quot;el&quot;', 'SA633, SA644', 1, to_date('20050901','YYYYMMDD'), to_date('20060901','YYYYMMDD'), '01490011833', '', '', false);
insert into DiagramParts values('UF12-01_0302-01490014366', 'UF12-01_0302', 13, 'Owner&apos;s handbook, telephone &quot;el&quot;', 'SA633, SA644', 1, to_date('20070901','YYYYMMDD'), to_date('20080301','YYYYMMDD'), '01490014366', '', '', false);
insert into DiagramParts values('UF12-01_0302-01492600084', 'UF12-01_0302', 13, 'Owner&apos;s handbook, telephone &quot;el&quot;', 'SA633, SA644', 1, to_date('20050901','YYYYMMDD'), to_date('20060301','YYYYMMDD'), '01492600084', '', '', false);
insert into DiagramParts values('UF12-01_0302-01490012070', 'UF12-01_0302', 13, 'Owner&apos;s handbook, telephone &quot;el&quot;', 'SA633, SA644', 1, to_date('20060301','YYYYMMDD'), to_date('20060901','YYYYMMDD'), '01490012070', '', '', false);
insert into DiagramParts values('UF12-01_0302-01490011832', 'UF12-01_0302', 14, 'Owner&apos;s handbook, telephone &quot;zh&quot;', 'SA633, SA644', 1, to_date('20050901','YYYYMMDD'), to_date('20060901','YYYYMMDD'), '01490011832', '', '', false);
insert into DiagramParts values('UF12-01_0302-01490014365', 'UF12-01_0302', 14, 'Owner&apos;s handbook, telephone &quot;zh&quot;', 'SA633, SA644', 1, to_date('20070901','YYYYMMDD'), to_date('20080301','YYYYMMDD'), '01490014365', '', '', false);
insert into DiagramParts values('UF12-01_0302-01492600083', 'UF12-01_0302', 14, 'Owner&apos;s handbook, telephone &quot;zh&quot;', 'SA633, SA644', 1, to_date('20050901','YYYYMMDD'), to_date('20060301','YYYYMMDD'), '01492600083', '', '', false);
insert into DiagramParts values('UF12-01_0302-01490012069', 'UF12-01_0302', 14, 'Owner&apos;s handbook, telephone &quot;zh&quot;', 'SA633, SA644', 1, to_date('20060301','YYYYMMDD'), to_date('20060901','YYYYMMDD'), '01490012069', '', '', false);
insert into Diagram values('UF12-01_0302','UF12-20030300','01-14','E87 116i   Universal BMW mobile phone preparat.','');
insert into Diagram values('UF12-01_1128','UF12-20030300','01-19','E87 116i   EC Certificate of Conformity','');
insert into Diagram values('UF12-01_0169','UF12-20030300','01-21','E87 116i   Logbook slipcase BMW','');
insert into Diagram values('UF12-01_1140','UF12-20030300','01-21','E87 116i   Logbook slipcase BMW','');
insert into DiagramParts values('UF12-01_0029-01410159011', 'UF12-01_0029', 01, 'Supplem. to owner&apos;s manual, Australia', 'E87, MJ 05', 1, to_date('20041201','YYYYMMDD'), to_date('20050901','YYYYMMDD'), '01410159011', '', '', false);
insert into DiagramParts values('UF12-01_0029-01412600068', 'UF12-01_0029', 01, 'Supplem. to owner&apos;s manual, Australia', 'E87, MJ 2006', 1, to_date('20050901','YYYYMMDD'), to_date('20060301','YYYYMMDD'), '01412600068', '', '', false);
insert into DiagramParts values('UF12-01_0029-01410012043', 'UF12-01_0029', 01, 'Supplem. to owner&apos;s manual, Australia', 'E87, MJ 2006', 1, to_date('20060301','YYYYMMDD'), to_date('20070301','YYYYMMDD'), '01410012043', '', '', false);
insert into Diagram values('UF12-01_0029','UF12-20030300','01-24','E87 116i   Supplem. to owner&apos;s manual, Australia','');
insert into DiagramParts values('UF12-01_0589-01400011971', 'UF12-01_0589', 01, 'Service booklet, German', 'E87, E90, E91', 1, to_date('20040601','YYYYMMDD'), to_date('20060901','YYYYMMDD'), '01400011971', '', '', false);
insert into DiagramParts values('UF12-01_0589-01400013061', 'UF12-01_0589', 01, 'Service booklet, German', 'E8X, E9X', 1, to_date('20060901','YYYYMMDD'), to_date('20070901','YYYYMMDD'), '01400013061', '', '', false);
insert into DiagramParts values('UF12-01_0589-01410011972', 'UF12-01_0589', 02, 'Service booklet, English', 'E87, E90, E91', 1, to_date('20040601','YYYYMMDD'), to_date('20060901','YYYYMMDD'), '01410011972', '', '', false);
insert into DiagramParts values('UF12-01_0589-01410013062', 'UF12-01_0589', 02, 'Service booklet, English', 'E8X, E9X', 1, to_date('20060901','YYYYMMDD'), to_date('20070901','YYYYMMDD'), '01410013062', '', '', false);
insert into DiagramParts values('UF12-01_0589-01420011973', 'UF12-01_0589', 03, 'Service booklet, French', 'E87, E90, E91', 1, to_date('20040601','YYYYMMDD'), to_date('20060901','YYYYMMDD'), '01420011973', '', '', false);
insert into DiagramParts values('UF12-01_0589-01420013063', 'UF12-01_0589', 03, 'Service booklet, French', 'E8X, E9X', 1, to_date('20060901','YYYYMMDD'), to_date('20070901','YYYYMMDD'), '01420013063', '', '', false);
insert into DiagramParts values('UF12-01_0589-01430011974', 'UF12-01_0589', 04, 'Service booklet, Spanish', 'E87, E90, E91', 1, to_date('20040601','YYYYMMDD'), to_date('20060901','YYYYMMDD'), '01430011974', '', '', false);
insert into DiagramParts values('UF12-01_0589-01430013064', 'UF12-01_0589', 04, 'Service booklet, Spanish', 'E8X, E9X', 1, to_date('20060901','YYYYMMDD'), to_date('20070901','YYYYMMDD'), '01430013064', '', '', false);
insert into DiagramParts values('UF12-01_0589-01440011975', 'UF12-01_0589', 05, 'Service booklet, Italian', 'E87, E90, E91', 1, to_date('20040601','YYYYMMDD'), to_date('20060901','YYYYMMDD'), '01440011975', '', '', false);
insert into DiagramParts values('UF12-01_0589-01440013065', 'UF12-01_0589', 05, 'Service booklet, Italian', 'E8X, E9X', 1, to_date('20060901','YYYYMMDD'), to_date('20070901','YYYYMMDD'), '01440013065', '', '', false);
insert into DiagramParts values('UF12-01_0589-01450011976', 'UF12-01_0589', 06, 'Service booklet, Swedish', 'E87, E90, E91', 1, to_date('20040601','YYYYMMDD'), to_date('20060901','YYYYMMDD'), '01450011976', '', '', false);
insert into DiagramParts values('UF12-01_0589-01450013066', 'UF12-01_0589', 06, 'Service booklet, Swedish', 'E8X, E9X', 1, to_date('20060901','YYYYMMDD'), to_date('20070901','YYYYMMDD'), '01450013066', '', '', false);
insert into DiagramParts values('UF12-01_0589-01460011977', 'UF12-01_0589', 07, 'Service booklet, Dutch', 'E87, E90, E91', 1, to_date('20040601','YYYYMMDD'), to_date('20060901','YYYYMMDD'), '01460011977', '', '', false);
insert into DiagramParts values('UF12-01_0589-01460013067', 'UF12-01_0589', 07, 'Service booklet, Dutch', 'E8X, E9X', 1, to_date('20060901','YYYYMMDD'), to_date('20070901','YYYYMMDD'), '01460013067', '', '', false);
insert into DiagramParts values('UF12-01_0589-01470011978', 'UF12-01_0589', 08, 'Service booklet, Arabic', 'E87, E90, E91', 1, to_date('20040601','YYYYMMDD'), to_date('20060901','YYYYMMDD'), '01470011978', '', '', false);
insert into DiagramParts values('UF12-01_0589-01470013068', 'UF12-01_0589', 08, 'Service booklet, Arabic', 'E8X, E9X', 1, to_date('20060901','YYYYMMDD'), to_date('20070901','YYYYMMDD'), '01470013068', '', '', false);
insert into DiagramParts values('UF12-01_0589-01480011979', 'UF12-01_0589', 09, 'Service booklet, Danish', 'E87, E90, E91', 1, to_date('20040601','YYYYMMDD'), to_date('20060901','YYYYMMDD'), '01480011979', '', '', false);
insert into DiagramParts values('UF12-01_0589-01480013069', 'UF12-01_0589', 09, 'Service booklet, Danish', 'E8X, E9X', 1, to_date('20060901','YYYYMMDD'), to_date('20070901','YYYYMMDD'), '01480013069', '', '', false);
insert into DiagramParts values('UF12-01_0589-01490011980', 'UF12-01_0589', 10, 'Service booklet, Portuguese', 'E87, E90, E91', 1, to_date('20040601','YYYYMMDD'), to_date('20060901','YYYYMMDD'), '01490011980', '', '', false);
insert into DiagramParts values('UF12-01_0589-01490013070', 'UF12-01_0589', 10, 'Service booklet, Portuguese', 'E8X, E9X', 1, to_date('20060901','YYYYMMDD'), to_date('20070901','YYYYMMDD'), '01490013070', '', '', false);
insert into DiagramParts values('UF12-01_0589-01490011982', 'UF12-01_0589', 11, 'Service booklet, greek', 'E87, E90, E91', 1, to_date('20040601','YYYYMMDD'), to_date('20060901','YYYYMMDD'), '01490011982', '', '', false);
insert into DiagramParts values('UF12-01_0589-01490013071', 'UF12-01_0589', 11, 'Service booklet, greek', 'E8X, E9X', 1, to_date('20060901','YYYYMMDD'), to_date('20070901','YYYYMMDD'), '01490013071', '', '', false);
insert into DiagramParts values('UF12-01_0589-01490011981', 'UF12-01_0589', 12, 'Service booklet, Chinese', 'E87, E90, E91', 1, to_date('20040601','YYYYMMDD'), to_date('20060901','YYYYMMDD'), '01490011981', '', '', false);
insert into DiagramParts values('UF12-01_0589-01490013596', 'UF12-01_0589', 12, 'Service booklet, Chinese', 'E8X, E9X', 1, to_date('20060901','YYYYMMDD'), to_date('20070901','YYYYMMDD'), '01490013596', '', '', false);
insert into DiagramParts values('UF12-01_0589-01490013656', 'UF12-01_0589', 13, 'Service manual in Korean', 'E8X, E9X', 1, to_date('20060901','YYYYMMDD'), to_date('20070901','YYYYMMDD'), '01490013656', '', '', false);
insert into Diagram values('UF12-01_0589','UF12-20030300','01-26','E87 116i   BMW Service booklet 2004 - 2008','');
insert into Diagram values('UF12-01_0670','UF12-20030300','01-35','E87 116i   battery charge calendar','');
insert into Diagram values('UF12-01_0681','UF12-20030300','01-40','E87 116i   BMW Service plug unit','');
insert into Diagram values('UF12-01_0680','UF12-20030300','01-46','E87 116i   Service information, BMW','');
insert into Diagram values('UF12-01_0233','UF12-20030300','01-52','E87 116i   Mounting information, Owner&apos;s Manual BMW','');
insert into Diagram values('UF12-01_0299','UF12-20030300','01-52','E87 116i   BMW assembly instructions','');
insert into Diagram values('UF12-01_0635','UF12-20030300','01-60','E87 116i   BMW form','');
insert into Diagram values('UF12-01_0636','UF12-20030300','01-62','E87 116i   Trailer, BMW','');
insert into Diagram values('UF12-01_0637','UF12-20030300','01-64','E87 116i   Sticker, BMW','');
insert into Diagram values('UF12-01_0639','UF12-20030300','01-65','E87 116i   Labels BMW','');
insert into Diagram values('UF12-01_0612','UF12-20030300','01-70','E87 116i   CD/DVD SIP German BMW','');
insert into DiagramParts values('UF12-01_0671-01399789699', 'UF12-01_0671', 01, 'CD literature', 'LITERATUR', 1, to_date('19820901','YYYYMMDD'), to_date('19901201','YYYYMMDD'), '01399789699', '$8.11', '', false);
insert into Diagram values('UF12-01_0671','UF12-20030300','01-70','E87 116i   BMW CD/DVD miscellaneous','');
insert into Diagram values('UF12-01_0737','UF12-20030300','01-70','E87 116i   CD/DVD SIP complete vehicle BMW','');
insert into Diagram values('UF12-01_1172','UF12-20030300','01-70','E87 116i   DVD Web Based Training','');
insert into Diagram values('UF12-01_1045','UF12-20030300','01-94','E87 116i   Samples, upholstery colors, leather/fabr','');
insert into Diagram values('UF12-01_1046','UF12-20030300','01-94','E87 116i   Sample page, upholstery colors, fabric','');
insert into Diagram values('UF12-01_1047','UF12-20030300','01-94','E87 116i   Sample chart, upholstery colors, leather','');
insert into Diagram values('UF12-01_1048','UF12-20030300','01-94','E87 116i   Sample chart with interior moldings','');
insert into Diagram values('UF12-01_1049','UF12-20030300','01-94','E87 116i   Sample chart with interior moldings','');
insert into Diagram values('UF12-01_1050','UF12-20030300','01-94','E87 116i   Sample chart with interior moldings','');
insert into Diagram values('UF12-01_1051','UF12-20030300','01-94','E87 116i   Sample chart with interior colors','');
insert into Diagram values('UF12-01_1052','UF12-20030300','01-94','E87 116i   Sample chart with interior colors','');
insert into Diagram values('UF12-11_3171','UF12-20030300','11-05','E87 116i   Short Engine','');
insert into DiagramParts values('UF12-11_3172-11117570268', 'UF12-11_3172', 19, 'Dowel', 'D=10,5MM', 2, to_date('20070101','YYYYMMDD'), to_date('20070201','YYYYMMDD'), '11117570268', '', '', false);
insert into Diagram values('UF12-11_3172','UF12-20030300','11-10','E87 116i   Engine block','');
insert into Diagram values('UF12-11_3173','UF12-20030300','11-10','E87 116i   Engine Block Mounting Parts','');
insert into Diagram values('UF12-11_3694','UF12-20030300','11-10','E87 116i   OIL PAN/OIL LEVEL INDICATOR','');
insert into Diagram values('UF12-11_3296','UF12-20030300','11-15','E87 116i   Cylinder head, electr. add-on parts','');
insert into Diagram values('UF12-11_3381','UF12-20030300','11-15','E87 116i   Cylinder Head','');
insert into DiagramParts values('UF12-11_3382-11127578077', 'UF12-11_3382', 01, 'Set Bolt Cylinder Head', 'TORX M9/M10', 1, to_date('20070101','YYYYMMDD'), to_date('20070201','YYYYMMDD'), '11127578077', '', '', false);
insert into DiagramParts values('UF12-11_3382-11127509711', 'UF12-11_3382', 04, 'Cylinder Head Gasket Asbestos-Free', '0,70MM(+0,3)', 1, to_date('20070101','YYYYMMDD'), to_date('20070201','YYYYMMDD'), '11127509711', '$95.92', '', false);
insert into DiagramParts values('UF12-11_3382-11127563412', 'UF12-11_3382', 04, 'Cylinder Head Gasket Asbestos-Free', '0,5MM', 1, to_date('20070101','YYYYMMDD'), to_date('20070201','YYYYMMDD'), '11127563412', '', '', false);
insert into DiagramParts values('UF12-11_3382-11127578093', 'UF12-11_3382', 04, 'Cylinder Head Gasket Asbestos-Free', '0,8MM(+0,3)', 1, to_date('20070101','YYYYMMDD'), to_date('20070201','YYYYMMDD'), '11127578093', '', '', false);
insert into Diagram values('UF12-11_3382','UF12-20030300','11-15','E87 116i   Cylinder Head Attached Parts','');
insert into Diagram values('UF12-11_3383','UF12-20030300','11-15','E87 116i   Cylinder head cover','');
insert into Diagram values('UF12-11_3181','UF12-20030300','11-18','E87 116i   Belt Drive-Vibration Damper','');
insert into Diagram values('UF12-11_3182','UF12-20030300','11-18','E87 116i   Belt Drive Water Pump/Alternator','');
insert into Diagram values('UF12-11_3183','UF12-20030300','11-18','E87 116i   Belt Drive Climate Compressor','');
insert into Diagram values('UF12-11_3185','UF12-20030300','11-20','E87 116i   Crankshaft Connecting Rod','');
insert into DiagramParts values('UF12-11_3186-11257556435', 'UF12-11_3186', 03, 'REPAIR KIT PISTON RINGS', '(0)', 4, to_date('20051101','YYYYMMDD'), to_date('20070101','YYYYMMDD'), '11257556435', '', 'ENDED', false);
insert into Diagram values('UF12-11_3186','UF12-20030300','11-20','E87 116i   Crankshaft-Pistons','');
insert into Diagram values('UF12-11_3187','UF12-20030300','11-20','E87 116i   Flywheel / Twin Mass Flywheel','');
insert into Diagram values('UF12-11_3188','UF12-20030300','11-20','E87 116i   Flywheel automatic','');
insert into Diagram values('UF12-11_3345','UF12-20030300','11-20','E87 116i   Crankshaft With Bearing Shells','');
insert into Diagram values('UF12-11_3189','UF12-20030300','11-25','E87 116i   Timing and valve train-timing chain','');
insert into Diagram values('UF12-11_3384','UF12-20030300','11-25','E87 116i   VALVE TIMING GEAR - CAMSHAFT/VALVES','');
insert into Diagram values('UF12-11_3191','UF12-20030300','11-30','E87 116i   Lubricat.syst.-oil filter,heat exchanger','');
insert into Diagram values('UF12-11_3713','UF12-20030300','11-30','E87 116i   Lubrication system/Oil pump','');
insert into Diagram values('UF12-11_3714','UF12-20030300','11-30','E87 116i   Lubrication system/Oil pump drive','');
insert into Diagram values('UF12-11_3715','UF12-20030300','11-30','E87 116i   Lubrication system-Oil filter','');
insert into Diagram values('UF12-11_3192','UF12-20030300','11-35','E87 116i   Waterpump - Thermostat','');
insert into Diagram values('UF12-11_3193','UF12-20030300','11-35','E87 116i   Cooling System Water Hoses','');
insert into Diagram values('UF12-11_3718','UF12-20030300','11-40','E87 116i   Intake manifold system','');
insert into Diagram values('UF12-11_3716','UF12-20030300','11-45','E87 116i   Vacuum control - engine','');
insert into Diagram values('UF12-12_1139','UF12-20030300','12-05','E87 116i   Sensors','');
insert into Diagram values('UF12-12_1312','UF12-20030300','12-05','E87 116i   Ignition coil/spark plug','');
insert into Diagram values('UF12-12_1333','UF12-20030300','12-10','E87 116i   Basic cotrol unit DME / EKB945','');
insert into Diagram values('UF12-12_1309','UF12-20030300','12-20','E87 116i   Alternator 110A','');
insert into Diagram values('UF12-12_1310','UF12-20030300','12-20','E87 116i   Alternator 140/150A','');
insert into Diagram values('UF12-12_1311','UF12-20030300','12-25','E87 116i   Starter','');
insert into Diagram values('UF12-12_1317','UF12-20030300','12-28','E87 116i   Engine wiring harness, engine module','');
insert into Diagram values('UF12-12_1318','UF12-20030300','12-28','E87 116i   wiring harness, engine trans. module','');
insert into Diagram values('UF12-12_1330','UF12-20030300','12-28','E87 116i   wiring harness, engine ignition module','');
insert into Diagram values('UF12-12_1138','UF12-20030300','12-29','E87 116i   Cable starter','');
insert into Diagram values('UF12-12_1141','UF12-20030300','12-29','E87 116i   DIVERSE SMALL PARTS','');
insert into Diagram values('UF12-12_0907','UF12-20030300','12-31','E87 116i   Cable holder','');
insert into Diagram values('UF12-12_1238','UF12-20030300','12-31','E87 116i   CABLE HOLDER/COVERING','');
insert into Diagram values('UF12-12_1328','UF12-20030300','12-31','E87 116i   Cable Harness Fixings','');
insert into Diagram values('UF12-12_1043','UF12-20030300','12-32','E87 116i   Laminated contacts/spring contacts','');
insert into Diagram values('UF12-12_1459','UF12-20030300','12-32','E87 116i   Contact system MLK','');
insert into Diagram values('UF12-12_0495','UF12-20030300','12-35','E87 116i   RELAY MOTOR','');
insert into Diagram values('UF12-12_1205','UF12-20030300','12-35','E87 116i   RELAY MOTOR','');
insert into Diagram values('UF12-12_1327','UF12-20030300','12-35','E87 116i   Control unit box','');
insert into Diagram values('UF12-13_0901','UF12-20030300','13-15','E87 116i   Throttle Housing Assy','');
insert into Diagram values('UF12-13_0950','UF12-20030300','13-15','E87 116i   FUEL TANK BREATHER VALVE','');
insert into Diagram values('UF12-13_1122','UF12-20030300','13-15','E87 116i   FUEL INJECTION SYSTEM/INJECTION VALVE','');
insert into Diagram values('UF12-13_1123','UF12-20030300','13-20','E87 116i   Intake muffler/Filter cartridge/HFM','');
insert into Diagram values('UF12-16_0595','UF12-20030300','16-05','E87 116i   Fuel tank/mounting parts','');
insert into Diagram values('UF12-16_0597','UF12-20030300','16-10','E87 116i   Activated Charcoal Filter/FUEL VENTILAT','');
insert into Diagram values('UF12-16_0596','UF12-20030300','16-15','E87 116i   Fuel pipes / Mounting parts','');
insert into Diagram values('UF12-16_0601','UF12-20030300','16-15','E87 116i   Fuel filter/pump/fuel level sensor','');
insert into Diagram values('UF12-17_0319','UF12-20030300','17-05','E87 116i   Oil-cooler pipe/heat exchanger','');
insert into Diagram values('UF12-17_0322','UF12-20030300','17-05','E87 116i   Expansion tank','');
insert into Diagram values('UF12-17_0323','UF12-20030300','17-05','E87 116i   MOUNTING PARTS F RADIATOR','');
insert into Diagram values('UF12-17_0324','UF12-20030300','17-05','E87 116i   Fan housing, mounting parts','');
insert into Diagram values('UF12-17_0320','UF12-20030300','17-30','E87 116i   Cooling System Water Hoses','');
insert into Diagram values('UF12-17_0321','UF12-20030300','17-30','E87 116i   Cooling System Water Hoses','');
insert into Diagram values('UF12-17_0690','UF12-20030300','17-30','E87 116i   Cooling System Water Hoses','');
insert into Diagram values('UF12-17_0709','UF12-20030300','17-30','E87 116i   Cooling system coolant hoses','');
insert into Diagram values('UF12-17_0727','UF12-20030300','17-30','E87 116i   Cooling system coolant hoses','');
insert into Diagram values('UF12-18_0557','UF12-20030300','18-10','E87 116i   Exhaust manifold with catalyst','');
insert into Diagram values('UF12-18_0558','UF12-20030300','18-10','E87 116i   FRONT MUFFLER','');
insert into Diagram values('UF12-18_0559','UF12-20030300','18-20','E87 116i   Rear muffler','');
insert into Diagram values('UF12-18_0583','UF12-20030300','18-20','E87 116i   Sports rear silencer','');
insert into Diagram values('UF12-18_0596','UF12-20030300','18-20','E87 116i   Exhaust pipe tip','');
insert into Diagram values('UF12-18_0882','UF12-20030300','18-95','E87 116i   BMW Performance muffler system','');
insert into Diagram values('UF12-21_0234','UF12-20030300','21-05','E87 116i   Clutch','');
insert into Diagram values('UF12-21_0199','UF12-20030300','21-10','E87 116i   Clutch control','');
insert into Diagram values('UF12-22_0105','UF12-20030300','22-05','E87 116i   Engine Suspension','');
insert into Diagram values('UF12-22_0028','UF12-20030300','22-10','E87 116i   Gearbox suspension','');
insert into Diagram values('UF12-22_0106','UF12-20030300','22-10','E87 116i   Gearbox suspension','');
insert into Diagram values('UF12-23_0116','UF12-20030300','23-05','E87 116i   Manual Transmission S5D...G','');
insert into DiagramParts values('UF12-23_0996-23007559135', 'UF12-23_0996', 01, 'Rmfd-6 speed gearbox', 'GS6-17BG - TCAL', 1, to_date('20060301','YYYYMMDD'), to_date('20060601','YYYYMMDD'), '23007559135', '', 'ENDED', false);
insert into DiagramParts values('UF12-23_0996-23007565902', 'UF12-23_0996', 01, 'Rmfd-6 speed gearbox', 'GS6-17BG - TCAS', 1, to_date('20060301','YYYYMMDD'), to_date('20070301','YYYYMMDD'), '23007565902', '', 'ENDED', false);
insert into DiagramParts values('UF12-23_0996-23007570572', 'UF12-23_0996', 01, 'Rmfd-6 speed gearbox', 'GS6-17BG - TCAX', 1, to_date('20060301','YYYYMMDD'), to_date('20070901','YYYYMMDD'), '23007570572', '', 'ENDED', false);
insert into DiagramParts values('UF12-23_0996-23007575046', 'UF12-23_0996', 01, 'Rmfd-6 speed gearbox', 'GS6-17BG - TCBF', 1, to_date('20060301','YYYYMMDD'), to_date('20090901','YYYYMMDD'), '23007575046', '', 'ENDED', false);
insert into DiagramParts values('UF12-23_0996-23007604894', 'UF12-23_0996', 01, 'Rmfd-6 speed gearbox', 'GS6-17BG - TAH7', 1, to_date('20060301','YYYYMMDD'), to_date('20110301','YYYYMMDD'), '23007604894', '', 'ENDED', false);
insert into Diagram values('UF12-23_0996','UF12-20030300','23-05','E87 116i   Manual Transmission GS6-17BG','');
insert into Diagram values('UF12-23_0720','UF12-20030300','23-10','E87 116i   Gearbox parts - oxygen sensor holder','');
insert into Diagram values('UF12-23_0893','UF12-20030300','23-10','E87 116i   GEARBOX MOUNTING PARTS','');
insert into Diagram values('UF12-23_0997','UF12-20030300','23-10','E87 116i   GEARBOX MOUNTING PARTS','');
insert into Diagram values('UF12-23_0128','UF12-20030300','23-15','E87 116i   S5D...G inner gear shifting parts','');
insert into Diagram values('UF12-23_0129','UF12-20030300','23-15','E87 116i   S5D...G inner gear shifting parts','');
insert into Diagram values('UF12-23_0224','UF12-20030300','23-15','E87 116i   S5D...G countershaft/reverse gear','');
insert into Diagram values('UF12-23_0234','UF12-20030300','23-15','E87 116i   S5D...G housing + mounting parts','');
insert into Diagram values('UF12-23_0719','UF12-20030300','23-15','E87 116i   S5D...G drive shaft/output shaft','');
insert into DiagramParts values('UF12-23_1032-23121222972', 'UF12-23_1032', 03, 'Shaft seal', '30X50X7', 1, to_date('20060301','YYYYMMDD'), to_date('20121201','YYYYMMDD'), '23121222972', '$30.56', '', false);
insert into DiagramParts values('UF12-23_1032-23121228328', 'UF12-23_1032', 03, 'Shaft seal', '30X50X7', 1, to_date('20060301','YYYYMMDD'), to_date('20121201','YYYYMMDD'), '23121228328', '', 'See NoS No Stock', false);
insert into DiagramParts values('UF12-23_1032-23127564721', 'UF12-23_1032', 05, 'Screw plug', 'M18X1,5X18', 2, to_date('20060301','YYYYMMDD'), to_date('20090701','YYYYMMDD'), '23127564721', '', 'ENDED', false);
insert into DiagramParts values('UF12-23_1032-23137572514', 'UF12-23_1032', 06, 'Vent screw', 'M10X20', 1, to_date('20060301','YYYYMMDD'), to_date('20060601','YYYYMMDD'), '23137572514', '', '', false);
insert into Diagram values('UF12-23_1032','UF12-20030300','23-15','E87 116i   GS6-17BG/DG Seals,gaskets/mounted parts','');
insert into Diagram values('UF12-23_1033','UF12-20030300','23-15','E87 116i   GS6-17BG gearshift parts','');
insert into Diagram values('UF12-24_1024','UF12-20030300','24-05','E87 116i   Automatic transmission GA6HP19Z','');
insert into Diagram values('UF12-24_1049','UF12-20030300','24-10','E87 116i   GEARBOX MOUNTING PARTS','');
insert into Diagram values('UF12-24_1043','UF12-20030300','24-15','E87 116i   GA6HP19Z housing with mounting parts','');
insert into Diagram values('UF12-24_1044','UF12-20030300','24-15','E87 116i   GA6HP19Z oil pan','');
insert into DiagramParts values('UF12-24_1045-24207571212', 'UF12-24_1045', 05, 'Shaft seal', '28X35,5X5,2', 1, to_date('20020901','YYYYMMDD'), to_date('20110901','YYYYMMDD'), '24207571212', '', 'ENDED', false);
insert into Diagram values('UF12-24_1045','UF12-20030300','24-15','E87 116i   GA6HP19Z output','');
insert into Diagram values('UF12-24_1046','UF12-20030300','24-15','E87 116i   GA6HP19Z Mechatronics','');
insert into Diagram values('UF12-24_1048','UF12-20030300','24-15','E87 116i   GA6HP19Z Mechatronics mounting parts','');
insert into Diagram values('UF12-24_1372','UF12-20030300','24-15','E87 116i   Fluid-change kit, autom. transmission','');
insert into Diagram values('UF12-25_0382','UF12-20030300','25-05','E87 116i   Gearbox shifting part','');
insert into Diagram values('UF12-25_0388','UF12-20030300','25-05','E87 116i   Gearbox shifting part','');
insert into DiagramParts values('UF12-25_0383-25118036625', 'UF12-25_0383', 03, 'Leather shift knob with boot/6-speed', 'SCHWARZ/M', 1, to_date('20060301','YYYYMMDD'), to_date('20060601','YYYYMMDD'), '25118036625', '', '+core', false);
insert into Diagram values('UF12-25_0383','UF12-20030300','25-10','E87 116i   GEAR SHIFT KNOBS/SHIFT LEVER COVERINGS','');
insert into Diagram values('UF12-25_0461','UF12-20030300','25-10','E87 116i   Performance shift knob','');
insert into Diagram values('UF12-25_0436','UF12-20030300','25-20','E87 116i   AUTOM.TRANSMISS.STEPTRONIC SHIFT PARTS','');
insert into Diagram values('UF12-25_0384','UF12-20030300','25-25','E87 116i   Selector lever handles / Covers','');
insert into Diagram values('UF12-25_0419','UF12-20030300','25-95','E87 116i   Retrofit, wooden selector lever knob','');
insert into Diagram values('UF12-25_0439','UF12-20030300','25-95','E87 116i   Retrofit, sport switch knob','');
insert into Diagram values('UF12-25_0484','UF12-20030300','25-95','E87 116i   BMW Performance selector lever handle','');
insert into Diagram values('UF12-26_0215','UF12-20030300','26-05','E87 116i   Drive shaft (swivel joint)','');
insert into Diagram values('UF12-26_0217','UF12-20030300','26-10','E87 116i   Drive shaft,univ.joint/center mounting','');
insert into Diagram values('UF12-27_0034','UF12-20030300','27-95','E87 116i   Retrofit, wooden gearshift knob','');
insert into Diagram values('UF12-31_0693','UF12-20030300','31-05','E87 116i   Frnt axle support,wishbone/tension strut','');
insert into Diagram values('UF12-31_0697','UF12-20030300','31-05','E87 116i   HEADLIGHT VERTICAL AIM CONTROL SENSOR','');
insert into Diagram values('UF12-31_0695','UF12-20030300','31-10','E87 116i   GUIDE SUPPORT/SPRING PAD/ATTACHING PARTS','');
insert into DiagramParts values('UF12-31_0696-31356796301', 'UF12-31_0696', 01, 'Stabilizer front with rubber mounting', 'D=26,5MM', 1, to_date('20041101','YYYYMMDD'), to_date('20050501','YYYYMMDD'), '31356796301', '', '', false);
insert into DiagramParts values('UF12-31_0696-31356765574', 'UF12-31_0696', 02, 'Stabilizer rubber mounting', 'D=26,5MM', 2, to_date('20041101','YYYYMMDD'), to_date('20050501','YYYYMMDD'), '31356765574', '$19.25', '', false);
insert into Diagram values('UF12-31_0696','UF12-20030300','31-10','E87 116i   Stabilizer, front','');
insert into Diagram values('UF12-31_0698','UF12-20030300','31-10','E87 116i   FRONT COIL SPRING','');
insert into Diagram values('UF12-31_0736','UF12-20030300','31-10','E87 116i   Front Spring strut/Carrier/Wheel bearing','');
insert into Diagram values('UF12-31_0891','UF12-20030300','31-95','E87 116i   Performance suspension','');
insert into Diagram values('UF12-31_0892','UF12-20030300','31-95','E87 116i   Performance suspension','');
insert into Diagram values('UF12-32_1509','UF12-20030300','32-10','E87 116i   Hydro steering box','');
insert into Diagram values('UF12-32_1284','UF12-20030300','32-15','E87 116i   Power steering pump','');
insert into Diagram values('UF12-32_1506','UF12-20030300','32-20','E87 116i   HYDRO STEERING-OIL PIPES','');
insert into Diagram values('UF12-32_1513','UF12-20030300','32-20','E87 116i   OIL CARRIER/SINGLE PARTS','');
insert into Diagram values('UF12-32_1510','UF12-20030300','32-25','E87 116i   STEERING LINKAGE/TIE RODS','');
insert into Diagram values('UF12-32_1515','UF12-20030300','32-30','E87 116i   Manually adjust. steering column','');
insert into Diagram values('UF12-32_1516','UF12-20030300','32-30','E87 116i   STEER.COL.-LOWER JOINT ASSY','');
insert into Diagram values('UF12-32_1517','UF12-20030300','32-35','E87 116i   Steering wheel airbag','');
insert into DiagramParts values('UF12-32_1518-32306777630', 'UF12-32_1518', 01, 'Sport steering wheel rim', 'LEDER', 1, to_date('20060201','YYYYMMDD'), to_date('20090901','YYYYMMDD'), '32306777630', '$383.97', '', false);
insert into Diagram values('UF12-32_1518','UF12-20030300','32-35','E87 116i   Airbag sports steering wheel','');
insert into DiagramParts values('UF12-32_1519-32306777630', 'UF12-32_1519', 01, 'Sport steering wheel rim', 'LEDER', 1, to_date('20060201','YYYYMMDD'), to_date('20090901','YYYYMMDD'), '32306777630', '$383.97', '', false);
insert into Diagram values('UF12-32_1519','UF12-20030300','32-35','E87 116i   Airbag sports steering wheel multifunct.','');
insert into Diagram values('UF12-32_1605','UF12-20030300','32-35','E87 116i   M sports steer.-wheel, airbag, leather','');
insert into Diagram values('UF12-32_1617','UF12-20030300','32-35','E87 116i   M sports strng whl,airbag,multifunction','');
insert into Diagram values('UF12-32_1592','UF12-20030300','32-95','E87 116i   Retrofit multi-functional steering wheel','');
insert into Diagram values('UF12-32_1773','UF12-20030300','32-95','E87 116i   Performance steering wheel with display','');
insert into Diagram values('UF12-32_1778','UF12-20030300','32-95','E87 116i   Performance steering wheel with display','');
insert into Diagram values('UF12-32_1834','UF12-20030300','32-95','E87 116i   Performance steering wheel','');
insert into Diagram values('UF12-32_1835','UF12-20030300','32-95','E87 116i   Performance steering wheel','');
insert into Diagram values('UF12-33_1232','UF12-20030300','33-05','E87 116i   DIFFERENTIAL-DRIVE/OUTPUT','');
insert into Diagram values('UF12-33_1236','UF12-20030300','33-10','E87 116i   Final drive, gasket set','');
insert into Diagram values('UF12-33_1244','UF12-20030300','33-25','E87 116i   Output shaft','');
insert into Diagram values('UF12-33_1229','UF12-20030300','33-30','E87 116i   REAR AXLE CARRIER','');
insert into Diagram values('UF12-33_1230','UF12-20030300','33-30','E87 116i   REAR AXLE SUPPORT/WHEEL SUSPENSION','');
insert into Diagram values('UF12-33_1237','UF12-20030300','33-30','E87 116i   HEADLIGHT VERTICAL AIM CONTROL SENSOR','');
insert into Diagram values('UF12-33_1231','UF12-20030300','33-40','E87 116i   SIDE SHAFT/WHEEL BEARINGS','');
insert into Diagram values('UF12-33_1233','UF12-20030300','33-45','E87 116i   REAR SPRING STRUT MOUNTING PARTS','');
insert into DiagramParts values('UF12-33_1234-33556764423', 'UF12-33_1234', 01, 'Stabilizer, rear', 'D=11MM', 1, to_date('20041101','YYYYMMDD'), to_date('20050401','YYYYMMDD'), '33556764423', '$119.80', '+core', false);
insert into Diagram values('UF12-33_1234','UF12-20030300','33-45','E87 116i   Stabilizer, rear','');
insert into Diagram values('UF12-33_1238','UF12-20030300','33-45','E87 116i   REAR COIL SPRING','');
insert into Diagram values('UF12-33_1338','UF12-20030300','33-95','E87 116i   Retrofit kit M sports suspension','');
insert into Diagram values('UF12-34_1414','UF12-20030300','34-05','E87 116i   Front brake pad wear sensor','');
insert into Diagram values('UF12-34_1766','UF12-20030300','34-07','E87 116i   Front brake-brake disc','');
insert into Diagram values('UF12-34_1417','UF12-20030300','34-10','E87 116i   Rear brake pad wear sensor','');
insert into Diagram values('UF12-34_1767','UF12-20030300','34-12','E87 116i   Rear wheel brake-Brake disc','');
insert into Diagram values('UF12-34_1400','UF12-20030300','34-15','E87 116i   Brake pipe, front','');
insert into DiagramParts values('UF12-34_1401-34326784066', 'UF12-34_1401', 03, 'Pipe', 'M10/M12', 1, to_date('20050701','YYYYMMDD'), to_date('20110401','YYYYMMDD'), '34326784066', '', 'ENDED', false);
insert into DiagramParts values('UF12-34_1401-34326770555', 'UF12-34_1401', 04, 'Pipe', 'M10/M10-1188MM', 1, to_date('20050701','YYYYMMDD'), to_date('20110401','YYYYMMDD'), '34326770555', '', 'ENDED', false);
insert into Diagram values('UF12-34_1401','UF12-20030300','34-15','E87 116i   Brake pipe, front','');
insert into Diagram values('UF12-34_1402','UF12-20030300','34-17','E87 116i   Brake pipe rear','');
insert into Diagram values('UF12-34_1805','UF12-20030300','34-17','E87 116i   Brake pipe rear','');
insert into Diagram values('UF12-34_1403','UF12-20030300','34-18','E87 116i   BRAKE PIPE REAR/MOUNTING','');
insert into DiagramParts values('UF12-34_1404-34506781284', 'UF12-34_1404', 07, 'Spacer sleeve', 'ZNS3', 3, to_date('20070701','YYYYMMDD'), to_date('20080901','YYYYMMDD'), '34506781284', '$8.16', '', false);
insert into Diagram values('UF12-34_1404','UF12-20030300','34-20','E87 116i   Hydro unit DSC/fastening/sensors','');
insert into Diagram values('UF12-34_1410','UF12-20030300','34-25','E87 116i   Brake master cylinder','');
insert into Diagram values('UF12-34_1411','UF12-20030300','34-27','E87 116i   Power brake unit depression','');
insert into Diagram values('UF12-34_1412','UF12-20030300','34-27','E87 116i   Power brake unit depression','');
insert into Diagram values('UF12-34_1493','UF12-20030300','34-27','E87 116i   Vacuum pump for brake servo unit','');
insert into Diagram values('UF12-34_1405','UF12-20030300','34-30','E87 116i   Handbrake lever','');
insert into Diagram values('UF12-34_1421','UF12-20030300','34-40','E87 116i   PARKING BRAKE/BRAKE SHOES','');
insert into Diagram values('UF12-34_1384','UF12-20030300','34-95','E87 116i   Retrofit, handbrake handle','');
insert into Diagram values('UF12-34_1562','UF12-20030300','34-95','E87 116i   Handbrake grip with chrome inlay','');
insert into Diagram values('UF12-34_1680','UF12-20030300','34-95','E87 116i   Set of BMW Performance Brakes front/rear','');
insert into Diagram values('UF12-34_1681','UF12-20030300','34-95','E87 116i   BMW Performance front wheel brake','');
insert into Diagram values('UF12-34_1691','UF12-20030300','34-95','E87 116i   BMW Performance Rear wheel brake','');
insert into Diagram values('UF12-34_1717','UF12-20030300','34-95','E87 116i   BMW Performance parking brake handle','');
insert into Diagram values('UF12-35_0291','UF12-20030300','35-05','E87 116i   Foot lever mech. with return spring','');
insert into Diagram values('UF12-35_0292','UF12-20030300','35-05','E87 116i   Foot lever mech. with return spring','');
insert into Diagram values('UF12-35_0294','UF12-20030300','35-05','E87 116i   Pedal assembly','');
insert into Diagram values('UF12-35_0274','UF12-20030300','35-20','E87 116i   Acceleration/accelerator pedal module','');
insert into Diagram values('UF12-35_0275','UF12-20030300','35-95','E87 116i   Aluminum pedal covers','');
insert into Diagram values('UF12-35_0315','UF12-20030300','35-95','E87 116i   Set of high-grade steel pedal covers','');
insert into Diagram values('UF12-35_0327','UF12-20030300','35-95','E87 116i   BMW Performance Alu pedal plates','');
insert into Diagram values('UF12-35_0377','UF12-20030300','35-95','E87 116i   Aluminum pedal covers','');
insert into Diagram values('UF12-36_0798','UF12-20030300','36-10','E87 116i   STEEL RIM STYL.12','');
insert into Diagram values('UF12-36_0799','UF12-20030300','36-15','E87 116i   BMW light alloy wheel, spider spoke 139','');
insert into Diagram values('UF12-36_0800','UF12-20030300','36-15','E87 116i   BMW light alloy wheel, radial spoke 32','');
insert into Diagram values('UF12-36_0801','UF12-20030300','36-15','E87 116i   BMW light alloy wheel, spider spoke 140','');
insert into Diagram values('UF12-36_0802','UF12-20030300','36-15','E87 116i   BMW light alloy wheel, V-spoke 141','');
insert into Diagram values('UF12-36_0803','UF12-20030300','36-15','E87 116i   BMW light alloy wheel, spider spoke 142','');
insert into Diagram values('UF12-36_0804','UF12-20030300','36-15','E87 116i   BMW light alloy wheel, spider spoke 151','');
insert into Diagram values('UF12-36_0805','UF12-20030300','36-15','E87 116i   BMW LA wheel/double spoke 178','');
insert into Diagram values('UF12-36_0806','UF12-20030300','36-15','E87 116i   BMW Composite wheel, star spoke 179','');
insert into Diagram values('UF12-36_0807','UF12-20030300','36-15','E87 116i   BMW LA wheel, star spoke 180','');
insert into Diagram values('UF12-36_0808','UF12-20030300','36-15','E87 116i   BMW LA wheel, star spoke 181','');
insert into Diagram values('UF12-36_0809','UF12-20030300','36-15','E87 116i   BMW LA wheel/double spoke 182','');
insert into Diagram values('UF12-36_0903','UF12-20030300','36-15','E87 116i   BMW LA wheel, double spoke 98','');
insert into Diagram values('UF12-36_0926','UF12-20030300','36-15','E87 116i   BMW alloy wheel M V-spoke 217','');
insert into Diagram values('UF12-36_0927','UF12-20030300','36-15','E87 116i   BMW alloy wheel, M double spoke 207','');
insert into Diagram values('UF12-36_0928','UF12-20030300','36-15','E87 116i   BMW alloy wheel, M double spoke 208','');
insert into Diagram values('UF12-36_0964','UF12-20030300','36-15','E87 116i   BMW light alloy wheel, V-spoke 229','');
insert into Diagram values('UF12-36_1052','UF12-20030300','36-15','E87 116i   BMW LA wheel/double spoke 222','');
insert into Diagram values('UF12-36_1053','UF12-20030300','36-15','E87 116i   BMW light alloy wheel, V-spoke 255','');
insert into Diagram values('UF12-36_1054','UF12-20030300','36-15','E87 116i   BMW LA wheel, star spoke 256','');
insert into Diagram values('UF12-36_1108','UF12-20030300','36-15','E87 116i   BMW LA wheel, star spoke 262','');
insert into Diagram values('UF12-36_1109','UF12-20030300','36-15','E87 116i   BMW LA wheel, W spoke 263','');
insert into Diagram values('UF12-36_1130','UF12-20030300','36-15','E87 116i   BMW LA wheel, dual spoke 261','');
insert into Diagram values('UF12-36_1131','UF12-20030300','36-15','E87 116i   BMW Performance LA wheel/double spoke269','');
insert into Diagram values('UF12-36_1135','UF12-20030300','36-15','E87 116i   BMW light alloy wheel, radial spoke 216','');
insert into Diagram values('UF12-36_1315','UF12-20030300','36-15','E87 116i   BMW LA wheel, Star Spoke 311','');
insert into Diagram values('UF12-36_1316','UF12-20030300','36-15','E87 116i   BMW Performance LA wheel DoubleSpoke 313','');
insert into Diagram values('UF12-36_1433','UF12-20030300','36-15','E87 116i   BMW LA wheel, V Spoke 360','');
insert into Diagram values('UF12-36_1607','UF12-20030300','36-15','E87 116i   BMW LA wheel Streamline 370','');
insert into Diagram values('UF12-36_1608','UF12-20030300','36-15','E87 116i   BMW LA wheel, Star Spoke 371','');
insert into Diagram values('UF12-36_1709','UF12-20030300','36-15','E87 116i   BMW LA wheel, M Double Spoke 313','');
insert into Diagram values('UF12-36_0812','UF12-20030300','36-20','E87 116i   Balance weight, zinc','');
insert into Diagram values('UF12-36_0811','UF12-20030300','36-25','E87 116i   WHEEL BOLT LOCK WITH ADAPTOR','');
insert into Diagram values('UF12-36_1032','UF12-20030300','36-25','E87 116i   SET WHEEL LOCKS','');
insert into Diagram values('UF12-36_0834','UF12-20030300','36-30','E87 116i   Summer tires','');
insert into Diagram values('UF12-36_1076','UF12-20030300','36-30','E87 116i   Winter tires','');
insert into Diagram values('UF12-36_0873','UF12-20030300','36-95','E87 116i   COMPL.WINT.TYRE+WHEEL,RADIAL STYLING 32','');
insert into Diagram values('UF12-36_0874','UF12-20030300','36-95','E87 116i   Radial spoke 139 complete winter wheel','');
insert into Diagram values('UF12-36_0924','UF12-20030300','36-95','E87 116i   Winter wheel/tire, steel','');
insert into Diagram values('UF12-36_0958','UF12-20030300','36-95','E87 116i   Winter complete wheel V spoke 141','');
insert into Diagram values('UF12-36_1168','UF12-20030300','36-95','E87 116i   Winterkomplettrad V-Speiche 229','');
insert into Diagram values('UF12-36_1274','UF12-20030300','36-95','E87 116i   Set emergency wheel with tyre','');
insert into Diagram values('UF12-36_1329','UF12-20030300','36-95','E87 116i   Winterkomplettrad Sternspeiche 256','');
insert into Diagram values('UF12-41_1594','UF12-20030300','41-05','E87 116i   Body skeleton','');
insert into Diagram values('UF12-41_1596','UF12-20030300','41-10','E87 116i   Front side panel','');
insert into Diagram values('UF12-41_1597','UF12-20030300','41-10','E87 116i   WHEELHOUSE/ENGINE SUPPORT','');
insert into Diagram values('UF12-41_1598','UF12-20030300','41-10','E87 116i   SPLASH WALL PARTS','');
insert into Diagram values('UF12-41_1599','UF12-20030300','41-10','E87 116i   FRONT BODY BRACKET LEFT','');
insert into Diagram values('UF12-41_1600','UF12-20030300','41-10','E87 116i   FRONT BODY BRACKET RIGHT','');
insert into Diagram values('UF12-41_1602','UF12-20030300','41-20','E87 116i   Cavity shielding, side frame','');
insert into Diagram values('UF12-41_1603','UF12-20030300','41-20','E87 116i   BODY-SIDE FRAME','');
insert into Diagram values('UF12-41_1604','UF12-20030300','41-20','E87 116i   SINGLE COMPONENTS FOR BODY-SIDE FRAME','');
insert into Diagram values('UF12-41_1605','UF12-20030300','41-20','E87 116i   Partition trunk/Floor parts','');
insert into Diagram values('UF12-41_1606','UF12-20030300','41-25','E87 116i   Mounting parts for trunk floor panel','');
insert into Diagram values('UF12-41_1608','UF12-20030300','41-25','E87 116i   FLOOR PARTS REAR EXTERIOR','');
insert into Diagram values('UF12-41_1609','UF12-20030300','41-25','E87 116i   SIDE PANEL/TAIL TRIM','');
insert into Diagram values('UF12-41_1610','UF12-20030300','41-25','E87 116i   FILL-IN FLAP','');
insert into Diagram values('UF12-41_1601','UF12-20030300','41-30','E87 116i   Roof','');
insert into Diagram values('UF12-41_1611','UF12-20030300','41-35','E87 116i   ENGINE HOOD/MOUNTING PARTS','');
insert into Diagram values('UF12-41_1641','UF12-20030300','41-35','E87 116i   ENGINE HOOD MECHANISM','');
insert into Diagram values('UF12-41_1612','UF12-20030300','41-40','E87 116i   FRONT DOOR-HINGE/DOOR BRAKE','');
insert into Diagram values('UF12-41_1635','UF12-20030300','41-40','E87 116i   Door weatherstrip front','');
insert into DiagramParts values('UF12-41_1639-51210037535', 'UF12-41_1639', 05, 'Set of keys with CAS control unit', '315 MHZ', 1, to_date('20041201','YYYYMMDD'), to_date('20080301','YYYYMMDD'), '51210037535', '', '', false);
insert into Diagram values('UF12-41_1639','UF12-20030300','41-40','E87 116i   Radio remote control','');
insert into Diagram values('UF12-41_1973','UF12-20030300','41-40','E87 116i   DOOR CONTROL FRONT','');
insert into Diagram values('UF12-41_1613','UF12-20030300','41-45','E87 116i   Door rear, hinge/door brake','');
insert into Diagram values('UF12-41_1634','UF12-20030300','41-45','E87 116i   DOOR CONTROL REAR','');
insert into Diagram values('UF12-41_1636','UF12-20030300','41-45','E87 116i   Door weatherstrip rear','');
insert into DiagramParts values('UF12-41_1640-51210037537', 'UF12-41_1640', 01, 'Set uniform lock.syst. w/CAS cntrl(code)', '315 MHZ', 1, to_date('20041201','YYYYMMDD'), to_date('20080301','YYYYMMDD'), '51210037537', '', '', false);
insert into Diagram values('UF12-41_1640','UF12-20030300','41-50','E87 116i   Master key locking','');
insert into Diagram values('UF12-41_1614','UF12-20030300','41-60','E87 116i   TRUNK LID/CLOSING SYSTEM','');
insert into Diagram values('UF12-41_1615','UF12-20030300','41-60','E87 116i   SINGLE COMPONENTS FOR TRUNK LID','');
insert into Diagram values('UF12-41_1607','UF12-20030300','41-65','E87 116i   MECHANICAL CONNECTION ELEMENTS','');
insert into Diagram values('UF12-51_5434','UF12-20030300','51-05','E87 116i   Glazing','');
insert into DiagramParts values('UF12-51_5293-51167132736', 'UF12-51_5293', 01, 'Mirror glas, heated, wide-angle, right', 'CHROMFARBIG', 1, to_date('20090301','YYYYMMDD'), to_date('20090901','YYYYMMDD'), '51167132736', '$73.94', '', false);
insert into Diagram values('UF12-51_5293','UF12-20030300','51-07','E87 116i   MIRROR GLASS','');
insert into Diagram values('UF12-51_5294','UF12-20030300','51-07','E87 116i   Mirror glas with auto dip','');
insert into DiagramParts values('UF12-51_5472-51167234224', 'UF12-51_5472', 01, 'heated outside mirror, right', 'SHADOWLINE', 1, to_date('20080701','YYYYMMDD'), to_date('20090901','YYYYMMDD'), '51167234224', '', '', false);
insert into DiagramParts values('UF12-51_5472-51167189896', 'UF12-51_5472', 01, 'heated outside mirror, right', 'SHADOWLINE', 1, to_date('20060701','YYYYMMDD'), to_date('20080701','YYYYMMDD'), '51167189896', '', '', false);
insert into DiagramParts values('UF12-51_5472-51167234228', 'UF12-51_5472', 01, 'Outside mirror heated with memory,right', 'SHADOWLINE', 1, to_date('20080701','YYYYMMDD'), to_date('20090901','YYYYMMDD'), '51167234228', '', '', false);
insert into DiagramParts values('UF12-51_5472-51167189904', 'UF12-51_5472', 01, 'Outside mirror heated with memory,right', 'SHADOWLINE', 1, to_date('20060701','YYYYMMDD'), to_date('20080701','YYYYMMDD'), '51167189904', '', '', false);
insert into DiagramParts values('UF12-51_5472-51168036572', 'UF12-51_5472', 04, 'Supporting ring right', 'GLANZSCHWARZ', 1, to_date('20080701','YYYYMMDD'), to_date('20090901','YYYYMMDD'), '51168036572', '$32.17', '', false);
insert into Diagram values('UF12-51_5472','UF12-20030300','51-07','E87 116i   Outside mirror','');
insert into DiagramParts values('UF12-51_5473-51167234236', 'UF12-51_5473', 01, 'Outside mirror heated with memory,right', 'SHADOWLINE', 1, to_date('20080701','YYYYMMDD'), to_date('20090901','YYYYMMDD'), '51167234236', '', '', false);
insert into DiagramParts values('UF12-51_5473-51167234232', 'UF12-51_5473', 01, 'Outside mirror heated with memory,right', 'SHADOWLINE', 1, to_date('20080701','YYYYMMDD'), to_date('20090901','YYYYMMDD'), '51167234232', '', '', false);
insert into DiagramParts values('UF12-51_5473-51167189913', 'UF12-51_5473', 01, 'Outside mirror heated with memory, left', 'SHADOWLINE', 1, to_date('20060701','YYYYMMDD'), to_date('20080701','YYYYMMDD'), '51167189913', '', '', false);
insert into Diagram values('UF12-51_5473','UF12-20030300','51-07','E87 116i   Fold-in outside mirror','');
insert into Diagram values('UF12-51_5438','UF12-20030300','51-10','E87 116i   DOOR WINDOW LIFTING MECHANISM FRONT','');
insert into Diagram values('UF12-51_5439','UF12-20030300','51-10','E87 116i   Window frame cover, front door','');
insert into Diagram values('UF12-51_5440','UF12-20030300','51-12','E87 116i   DOOR WINDOW LIFTING MECHANISM REAR','');
insert into Diagram values('UF12-51_5441','UF12-20030300','51-12','E87 116i   Window frame cover, rear door','');
insert into Diagram values('UF12-51_5332','UF12-20030300','51-15','E87 116i   Trim panel, bumper, front','');
insert into Diagram values('UF12-51_5402','UF12-20030300','51-15','E87 116i   Carrier, bumper front','');
insert into Diagram values('UF12-51_5435','UF12-20030300','51-15','E87 116i   Bracket, PDC-sensors','');
insert into Diagram values('UF12-51_5977','UF12-20030300','51-15','E87 116i   M FRONT BUMPER TRIM PANEL','');
insert into DiagramParts values('UF12-51_5348-51477906818', 'UF12-51_5348', 15, 'M trim piece, front right entry', 'M', 1, to_date('20050901','YYYYMMDD'), to_date('20070301','YYYYMMDD'), '51477906818', '', '', false);
insert into DiagramParts values('UF12-51_5348-51477906820', 'UF12-51_5348', 16, 'M trim piece, rear right entry', 'M', 1, to_date('20050901','YYYYMMDD'), to_date('20070301','YYYYMMDD'), '51477906820', '', '', false);
insert into Diagram values('UF12-51_5348','UF12-20030300','51-16','E87 116i   Door sill','');
insert into Diagram values('UF12-51_6335','UF12-20030300','51-16','E87 116i   M door sill trim panel','');
insert into Diagram values('UF12-51_5403','UF12-20030300','51-17','E87 116i   Carrier, bumper rear','');
insert into Diagram values('UF12-51_5429','UF12-20030300','51-17','E87 116i   Bumper trim panel, rear','');
insert into Diagram values('UF12-51_5431','UF12-20030300','51-17','E87 116i   REAR BUMPER MOUNTING PARTS','');
insert into Diagram values('UF12-51_5985','UF12-20030300','51-17','E87 116i   M REAR BUMPER TRIM','');
insert into Diagram values('UF12-51_5414','UF12-20030300','51-20','E87 116i   Exterior trim and door seals','');
insert into Diagram values('UF12-51_5442','UF12-20030300','51-20','E87 116i   Exterior trim / Grille / Seals','');
insert into Diagram values('UF12-51_5465','UF12-20030300','51-20','E87 116i   Emblems','');
insert into Diagram values('UF12-51_5503','UF12-20030300','51-30','E87 116i   Carrier instrument panel','');
insert into Diagram values('UF12-51_5504','UF12-20030300','51-30','E87 116i   Trim panel dashboard','');
insert into Diagram values('UF12-51_5505','UF12-20030300','51-30','E87 116i   GLOVE BOX','');
insert into Diagram values('UF12-51_9041','UF12-20030300','51-30','E87 116i   Switch unit cover, center console','');
insert into Diagram values('UF12-51_9135','UF12-20030300','51-30','E87 116i   Mounting parts, I-panel, bottom','');
insert into Diagram values('UF12-51_5508','UF12-20030300','51-35','E87 116i   Center console','');
insert into Diagram values('UF12-51_5509','UF12-20030300','51-35','E87 116i   Armrest, centre console','');
insert into Diagram values('UF12-51_5540','UF12-20030300','51-35','E87 116i   Mounting parts, center console','');
insert into Diagram values('UF12-51_5510','UF12-20030300','51-40','E87 116i   Sun visors','');
insert into Diagram values('UF12-51_5511','UF12-20030300','51-40','E87 116i   Inside mirror manually dippable','');
insert into Diagram values('UF12-51_5512','UF12-20030300','51-40','E87 116i   Interior mirror with automatic-dip','');
insert into Diagram values('UF12-51_5515','UF12-20030300','51-40','E87 116i   Headlining / Handle','');
insert into Diagram values('UF12-51_5516','UF12-20030300','51-40','E87 116i   Headlin./Handle lift-up&slide-back sunr.','');
insert into Diagram values('UF12-51_5517','UF12-20030300','51-40','E87 116i   Trim panel A- / B- / C-Column','');
insert into Diagram values('UF12-51_5522','UF12-20030300','51-40','E87 116i   REAR WINDOW SHELF','');
insert into Diagram values('UF12-51_6211','UF12-20030300','51-40','E87 116i   Headlining / Handle','');
insert into Diagram values('UF12-51_6212','UF12-20030300','51-40','E87 116i   Headlin./Handle lift-up&slide-back sunr.','');
insert into Diagram values('UF12-51_5513','UF12-20030300','51-50','E87 116i   Door trim panel, front','');
insert into Diagram values('UF12-51_5514','UF12-20030300','51-50','E87 116i   Door trim, rear','');
insert into Diagram values('UF12-51_5535','UF12-20030300','51-50','E87 116i   Door trim panel rear/Eler. window lifter','');
insert into Diagram values('UF12-51_5518','UF12-20030300','51-55','E87 116i   TRIM PANEL LEG ROOM','');
insert into Diagram values('UF12-51_5519','UF12-20030300','51-55','E87 116i   Cover, entrance','');
insert into Diagram values('UF12-51_5521','UF12-20030300','51-55','E87 116i   FLOOR COVERING','');
insert into DiagramParts values('UF12-51_6668-51479171368', 'UF12-51_6668', 03, 'Velcro element with screw thread', 'D 62MM', 2, to_date('20070901','YYYYMMDD'), to_date('20110801','YYYYMMDD'), '51479171368', '$8.03', '', false);
insert into Diagram values('UF12-51_6668','UF12-20030300','51-55','E87 116i   Floor mats, velours','');
insert into Diagram values('UF12-51_5523','UF12-20030300','51-65','E87 116i   TRUNK LID TRIM PANEL','');
insert into Diagram values('UF12-51_5525','UF12-20030300','51-65','E87 116i   LEFT TRUNK TRIM','');
insert into Diagram values('UF12-51_5536','UF12-20030300','51-65','E87 116i   Right TRUNK TRIM','');
insert into Diagram values('UF12-51_6519','UF12-20030300','51-65','E87 116i   Trunk floor / Trunk sill / Dividing net','');
insert into Diagram values('UF12-51_5526','UF12-20030300','51-70','E87 116i   SOUND INSULATING FRONT','');
insert into Diagram values('UF12-51_5527','UF12-20030300','51-70','E87 116i   Heat insulation','');
insert into Diagram values('UF12-51_5532','UF12-20030300','51-70','E87 116i   Wheelarch trim','');
insert into Diagram values('UF12-51_5538','UF12-20030300','51-70','E87 116i   SOUND INSULATING REAR','');
insert into Diagram values('UF12-51_5528','UF12-20030300','51-75','E87 116i   Underhood shield','');
insert into Diagram values('UF12-51_5529','UF12-20030300','51-75','E87 116i   Underfloor coating for manual transm.','');
insert into Diagram values('UF12-51_5709','UF12-20030300','51-75','E87 116i   Underhood shield','');
insert into Diagram values('UF12-51_6171','UF12-20030300','51-75','E87 116i   Underbody trim on side','');
insert into Diagram values('UF12-51_6173','UF12-20030300','51-75','E87 116i   Underfloor coating for automatic transm.','');
insert into Diagram values('UF12-51_6529','UF12-20030300','51-75','E87 116i   FRONT PANEL','');
insert into Diagram values('UF12-51_6760','UF12-20030300','51-75','E87 116i   Strut brace','');
insert into Diagram values('UF12-51_6960','UF12-20030300','51-75','E87 116i   Air duct','');
insert into Diagram values('UF12-51_6535','UF12-20030300','51-80','E87 116i   Misc. body parts','');
insert into Diagram values('UF12-51_6771','UF12-20030300','51-80','E87 116i   Sealing cap/plug','');
insert into Diagram values('UF12-51_4635','UF12-20030300','51-95','E87 116i   Exterior mirror for towing','');
insert into Diagram values('UF12-51_4643','UF12-20030300','51-95','E87 116i   Non-skid mat','');
insert into Diagram values('UF12-51_4694','UF12-20030300','51-95','E87 116i   Aluminum footrest','');
insert into Diagram values('UF12-51_4698','UF12-20030300','51-95','E87 116i   Boot lashing strap','');
insert into Diagram values('UF12-51_5244','UF12-20030300','51-95','E87 116i   Luggage compartment pan','');
insert into Diagram values('UF12-51_5362','UF12-20030300','51-95','E87 116i   Luggage compartment, folding','');
insert into Diagram values('UF12-51_5674','UF12-20030300','51-95','E87 116i   Retrofit of exterior items in car color','');
insert into Diagram values('UF12-51_5688','UF12-20030300','51-95','E87 116i   Luggage compatment box "multifix"','');
insert into Diagram values('UF12-51_5727','UF12-20030300','51-95','E87 116i   Fine wood trim','');
insert into Diagram values('UF12-51_5733','UF12-20030300','51-95','E87 116i   Sunshade','');
insert into Diagram values('UF12-51_5734','UF12-20030300','51-95','E87 116i   Illuminated door sill strip retrofit kit','');
insert into Diagram values('UF12-51_5737','UF12-20030300','51-95','E87 116i   Rubber mat','');
insert into Diagram values('UF12-51_5738','UF12-20030300','51-95','E87 116i   Umbrella with bag','');
insert into Diagram values('UF12-51_5739','UF12-20030300','51-95','E87 116i   Storage sleeve DVD/CD','');
insert into Diagram values('UF12-51_5799','UF12-20030300','51-95','E87 116i   Fitted luggage compartment mat','');
insert into Diagram values('UF12-51_5804','UF12-20030300','51-95','E87 116i   Retrofit Cup holder center console','');
insert into Diagram values('UF12-51_5808','UF12-20030300','51-95','E87 116i   Retrofit equipm. armrest center console','');
insert into Diagram values('UF12-51_5928','UF12-20030300','51-95','E87 116i   Retrofit rearview mirror w. auto dimmer','');
insert into Diagram values('UF12-51_5939','UF12-20030300','51-95','E87 116i   Floor mats Commercial','');
insert into Diagram values('UF12-51_5954','UF12-20030300','51-95','E87 116i   Load edge protector','');
insert into Diagram values('UF12-51_5955','UF12-20030300','51-95','E87 116i   Retrofit kit M aerodyn. package','');
insert into Diagram values('UF12-51_5980','UF12-20030300','51-95','E87 116i   Retrofit: heating outside mirror','');
insert into Diagram values('UF12-51_6073','UF12-20030300','51-95','E87 116i   Door sill strip retrofit kit st. steel','');
insert into Diagram values('UF12-51_6085','UF12-20030300','51-95','E87 116i   Retrofit, M cover, entrance','');
insert into Diagram values('UF12-51_6137','UF12-20030300','51-95','E87 116i   Retrofit, cup holder','');
insert into Diagram values('UF12-51_6165','UF12-20030300','51-95','E87 116i   Luggage compartment clamping belts','');
insert into Diagram values('UF12-51_6213','UF12-20030300','51-95','E87 116i   Carbon fiber package','');
insert into Diagram values('UF12-51_6283','UF12-20030300','51-95','E87 116i   Load compartment protective cover','');
insert into Diagram values('UF12-51_6477','UF12-20030300','51-95','E87 116i   Key fob','');
insert into Diagram values('UF12-51_6639','UF12-20030300','51-95','E87 116i   Protective loading edge mat','');
insert into DiagramParts values('UF12-51_6669-51479171368', 'UF12-51_6669', 03, 'Velcro element with screw thread', 'D 62MM', 2, to_date('20070901','YYYYMMDD'), to_date('20110801','YYYYMMDD'), '51479171368', '$8.03', '', false);
insert into Diagram values('UF12-51_6669','UF12-20030300','51-95','E87 116i   Floor mats, velours','');
insert into Diagram values('UF12-51_6695','UF12-20030300','51-95','E87 116i   Storage net, footwell, front','');
insert into Diagram values('UF12-51_6696','UF12-20030300','51-95','E87 116i   Trunk room net','');
insert into Diagram values('UF12-51_6762','UF12-20030300','51-95','E87 116i   Retrofit f oddments tray instr. panel','');
insert into Diagram values('UF12-51_6770','UF12-20030300','51-95','E87 116i   FLOOR MATS CITY','');
insert into Diagram values('UF12-51_6803','UF12-20030300','51-95','E87 116i   Impact guard strips, side','');
insert into Diagram values('UF12-51_6850','UF12-20030300','51-95','E87 116i   Retrofit kit, M rocker panel trim','');
insert into Diagram values('UF12-51_6885','UF12-20030300','51-95','E87 116i   Aerodynamics package','');
insert into Diagram values('UF12-51_6963','UF12-20030300','51-95','E87 116i   Interior moldings Carbon','');
insert into Diagram values('UF12-51_6973','UF12-20030300','51-95','E87 116i   BMW Performance side stripes','');
insert into Diagram values('UF12-51_6977','UF12-20030300','51-95','E87 116i   Boot/trunk floor net','');
insert into Diagram values('UF12-51_6992','UF12-20030300','51-95','E87 116i   BMW Performance Aerodynamics, front','');
insert into Diagram values('UF12-51_6993','UF12-20030300','51-95','E87 116i   BMW Performance Aerodynamics','');
insert into Diagram values('UF12-51_6996','UF12-20030300','51-95','E87 116i   BMW Performance Aerodynamics, rocker','');
insert into Diagram values('UF12-51_7021','UF12-20030300','51-95','E87 116i   Retrofit snap-on drink holder','');
insert into Diagram values('UF12-51_7048','UF12-20030300','51-95','E87 116i   BMW Performance Aerodynamics, rear','');
insert into Diagram values('UF12-51_7061','UF12-20030300','51-95','E87 116i   Non-skid mat','');
insert into Diagram values('UF12-51_7142','UF12-20030300','51-95','E87 116i   BMW Performance Aluminum footrest','');
insert into Diagram values('UF12-51_7146','UF12-20030300','51-95','E87 116i   BMW Performance Interior moldings Carbon','');
insert into Diagram values('UF12-51_7191','UF12-20030300','51-95','E87 116i   Retrofit trim grill','');
insert into Diagram values('UF12-51_7224','UF12-20030300','51-95','E87 116i   BMW Performance door sill moldings','');
insert into Diagram values('UF12-51_7236','UF12-20030300','51-95','E87 116i   Footmat update','');
insert into Diagram values('UF12-51_7515','UF12-20030300','51-95','E87 116i   Dog Guard','');
insert into Diagram values('UF12-51_7713','UF12-20030300','51-95','E87 116i   Multifunct.lugg.compartm.mat w.fold.cont','');
insert into Diagram values('UF12-51_8051','UF12-20030300','51-95','E87 116i   First-aid kit, universal','');
insert into Diagram values('UF12-51_8522','UF12-20030300','51-95','E87 116i   Travel & Comfort System','');
insert into Diagram values('UF12-52_3086','UF12-20030300','52-10','E87 116i   Seat, front, head restraint','');
insert into DiagramParts values('UF12-52_3087-52106970532', 'UF12-52_3087', 04, 'COVER BACKREST CLOTH RIGHT', 'ANTHRAZIT', 1, to_date('20050901','YYYYMMDD'), to_date('20080901','YYYYMMDD'), '52106970532', '', '', false);
insert into DiagramParts values('UF12-52_3087-52106970534', 'UF12-52_3087', 04, 'COVER BACKREST CLOTH RIGHT', 'MONACOBLAU', 1, to_date('20050901','YYYYMMDD'), to_date('20080901','YYYYMMDD'), '52106970534', '', '', false);
insert into DiagramParts values('UF12-52_3087-52106970536', 'UF12-52_3087', 04, 'COVER BACKREST CLOTH RIGHT', 'NAUTILUSGRAU', 1, to_date('20050901','YYYYMMDD'), to_date('20080901','YYYYMMDD'), '52106970536', '', '', false);
insert into Diagram values('UF12-52_3087','UF12-20030300','52-10','E87 116i   Seat front, upholstery & cover base seat','');
insert into DiagramParts values('UF12-52_3088-52106955940', 'UF12-52_3088', 05, 'COVER BACKREST CLOTH RIGHT', 'ANTHRAZIT', 1, to_date('20050901','YYYYMMDD'), to_date('20061001','YYYYMMDD'), '52106955940', '', '', false);
insert into DiagramParts values('UF12-52_3088-52106955939', 'UF12-52_3088', 05, 'COVER BACKREST CLOTH LEFT', 'ANTHRAZIT', 1, to_date('20061001','YYYYMMDD'), to_date('20080901','YYYYMMDD'), '52106955939', '', '', false);
insert into DiagramParts values('UF12-52_3088-52106955942', 'UF12-52_3088', 05, 'COVER BACKREST CLOTH RIGHT', 'MONACOBLAU', 1, to_date('20050901','YYYYMMDD'), to_date('20061001','YYYYMMDD'), '52106955942', '', '', false);
insert into DiagramParts values('UF12-52_3088-52106955941', 'UF12-52_3088', 05, 'COVER BACKREST CLOTH LEFT', 'MONACOBLAU', 1, to_date('20061001','YYYYMMDD'), to_date('20080901','YYYYMMDD'), '52106955941', '', '', false);
insert into DiagramParts values('UF12-52_3088-52106955944', 'UF12-52_3088', 05, 'COVER BACKREST CLOTH RIGHT', 'NAUTILUSGRAU', 1, to_date('20050901','YYYYMMDD'), to_date('20061001','YYYYMMDD'), '52106955944', '', '', false);
insert into DiagramParts values('UF12-52_3088-52108036202', 'UF12-52_3088', 05, 'Cover backrest cloth/Imitat. leather,rig', 'SCHWARZ', 1, to_date('20050901','YYYYMMDD'), to_date('20061001','YYYYMMDD'), '52108036202', '', '', false);
insert into DiagramParts values('UF12-52_3088-52108036201', 'UF12-52_3088', 05, 'Cover backrest cloth/Imitat. leather,lft', 'SCHWARZ', 1, to_date('20061001','YYYYMMDD'), to_date('20070301','YYYYMMDD'), '52108036201', '', '', false);
insert into DiagramParts values('UF12-52_3088-52108039533', 'UF12-52_3088', 05, 'Cover backrest cloth/Imitat. leather,lft', 'SCHWARZ', 1, to_date('20070301','YYYYMMDD'), to_date('20080901','YYYYMMDD'), '52108039533', '', '', false);
insert into DiagramParts values('UF12-52_3088-52108039534', 'UF12-52_3088', 05, 'Cover backrest cloth/Imitat. leather,rig', 'SCHWARZ', 1, to_date('20070301','YYYYMMDD'), to_date('20080901','YYYYMMDD'), '52108039534', '', '', false);
insert into Diagram values('UF12-52_3088','UF12-20030300','52-10','E87 116i   Seat, front, uphlstry, cover, Sport seat','');
insert into Diagram values('UF12-52_3092','UF12-20030300','52-10','E87 116i   FRONT SEAT BACKREST FRAME/REAR PANEL','');
insert into Diagram values('UF12-52_3093','UF12-20030300','52-10','E87 116i   FRONT SEAT RAIL MECHANICAL/SINGLE PARTS','');
insert into DiagramParts values('UF12-52_3094-52106979627', 'UF12-52_3094', 12, 'Cover, belt catch left', 'NAUTILUSGRAU', 1, to_date('20050501','YYYYMMDD'), to_date('20070301','YYYYMMDD'), '52106979627', '', '', false);
insert into DiagramParts values('UF12-52_3094-52106979628', 'UF12-52_3094', 12, 'Cover, belt catch right', 'NAUTILUSGRAU', 1, to_date('20050501','YYYYMMDD'), to_date('20070301','YYYYMMDD'), '52106979628', '', '', false);
insert into Diagram values('UF12-52_3094','UF12-20030300','52-10','E87 116i   FRONT SEAT RAIL ELECTRICAL/SINGLE PARTS','');
insert into Diagram values('UF12-52_3125','UF12-20030300','52-10','E87 116i   Seat, front, lumbar','');
insert into Diagram values('UF12-52_3468','UF12-20030300','52-10','E87 116i   BMW Performance Sport Seat','');
insert into Diagram values('UF12-52_3541','UF12-20030300','52-10','E87 116i   Seat, front, electrical and motors','');
insert into Diagram values('UF12-52_3074','UF12-20030300','52-20','E87 116i   Rear seat head restraint','');
insert into Diagram values('UF12-52_3075','UF12-20030300','52-20','E87 116i   Seat, rear, head restraint, center','');
insert into Diagram values('UF12-52_3077','UF12-20030300','52-20','E87 116i   Seat, rear, uphlstry/cover, load-through','');
insert into Diagram values('UF12-52_3078','UF12-20030300','52-20','E87 116i   Seat, rear, seat frame, load-through','');
insert into Diagram values('UF12-52_3082','UF12-20030300','52-20','E87 116i   Rear seat ski bag','');
insert into Diagram values('UF12-52_3172','UF12-20030300','52-20','E87 116i   Retrofitting rear folding head restraint','');
insert into Diagram values('UF12-52_3212','UF12-20030300','52-20','E87 116i   Seat, rear, backrest trim covers','');
insert into Diagram values('UF12-52_3079','UF12-20030300','52-60','E87 116i   Cover material, running meter','');
insert into Diagram values('UF12-52_3713','UF12-20030300','52-65','E87 116i   Seat heating','');
insert into Diagram values('UF12-52_2913','UF12-20030300','52-95','E87 116i   Lambskin seat cover','');
insert into Diagram values('UF12-52_3015','UF12-20030300','52-95','E87 116i   UNIVERSAL PRODECTIVE REAR COVER','');
insert into Diagram values('UF12-52_3043','UF12-20030300','52-95','E87 116i   Belt holder','');
insert into Diagram values('UF12-52_3175','UF12-20030300','52-95','E87 116i   INSTALLING SET HEATED SEAT FRONT','');
insert into Diagram values('UF12-52_3196','UF12-20030300','52-95','E87 116i   Retrofit, net bag at seat backrest','');
insert into Diagram values('UF12-52_3199','UF12-20030300','52-95','E87 116i   Fire extinguisher','');
insert into Diagram values('UF12-52_3269','UF12-20030300','52-95','E87 116i   Seat-back storage pocket','');
insert into Diagram values('UF12-52_3435','UF12-20030300','52-95','E87 116i   Retrofitting rear folding head restraint','');
insert into Diagram values('UF12-52_3792','UF12-20030300','52-95','E87 116i   Fire extinguisher','');
insert into Diagram values('UF12-54_0341','UF12-20030300','54-05','E87 116i   SLID.LIFT. ROOF-COVER/CEILING FRAME','');
insert into Diagram values('UF12-61_1942','UF12-20030300','61-05','E87 116i   Main wiring harness, duplicate','');
insert into Diagram values('UF12-61_2028','UF12-20030300','61-05','E87 116i   Main wiring harness','');
insert into Diagram values('UF12-61_2195','UF12-20030300','61-05','E87 116i   Repair cable main cable harness','');
insert into Diagram values('UF12-61_2237','UF12-20030300','61-05','E87 116i   Main wiring harness','');
insert into Diagram values('UF12-61_2286','UF12-20030300','61-05','E87 116i   Main wiring harness','');
insert into Diagram values('UF12-61_1822','UF12-20030300','61-10','E87 116i   Cable-yarded material','');
insert into Diagram values('UF12-61_1861','UF12-20030300','61-10','E87 116i   VARIOUS ADDITIONAL WIRING SETS','');
insert into Diagram values('UF12-61_1863','UF12-20030300','61-10','E87 116i   DOOR CABLE HARNESSES','');
insert into Diagram values('UF12-61_1864','UF12-20030300','61-10','E87 116i   Wiring harness, instrument panel','');
insert into Diagram values('UF12-61_1868','UF12-20030300','61-10','E87 116i   Wiring set seat','');
insert into Diagram values('UF12-61_1869','UF12-20030300','61-10','E87 116i   Repair cable, airbag','');
insert into Diagram values('UF12-61_2567','UF12-20030300','61-10','E87 116i   Rep. wire for B+','');
insert into Diagram values('UF12-61_1280','UF12-20030300','61-15','E87 116i   Plug terminal ELO not waterproof','');
insert into Diagram values('UF12-61_1296','UF12-20030300','61-15','E87 116i   Circular connector / D 2,5 mm System','');
insert into Diagram values('UF12-61_1559','UF12-20030300','61-15','E87 116i   PLUG-IN CONNECTION BRACKET','');
insert into Diagram values('UF12-61_1578','UF12-20030300','61-15','E87 116i   Repair parts, optical fibre cable','');
insert into Diagram values('UF12-61_1691','UF12-20030300','61-15','E87 116i   Pin contacts ELO','');
insert into Diagram values('UF12-61_1711','UF12-20030300','61-15','E87 116i   Cable tie','');
insert into Diagram values('UF12-61_1754','UF12-20030300','61-15','E87 116i   Plug terminal ELO-Power','');
insert into Diagram values('UF12-61_1764','UF12-20030300','61-15','E87 116i   Diagnosis plug','');
insert into Diagram values('UF12-61_1765','UF12-20030300','61-15','E87 116i   Various cable terminals','');
insert into Diagram values('UF12-61_1865','UF12-20030300','61-15','E87 116i   VARIOUS CABLE HOLDERS','');
insert into Diagram values('UF12-61_1896','UF12-20030300','61-15','E87 116i   VARIOUS CABLE HOLDERS','');
insert into Diagram values('UF12-61_1970','UF12-20030300','61-15','E87 116i   Cable guide','');
insert into Diagram values('UF12-61_1996','UF12-20030300','61-15','E87 116i   Various cable grommets','');
insert into Diagram values('UF12-61_2063','UF12-20030300','61-15','E87 116i   Comb type connector','');
insert into Diagram values('UF12-61_2068','UF12-20030300','61-15','E87 116i   Contact system LSK8','');
insert into Diagram values('UF12-61_2107','UF12-20030300','61-15','E87 116i   Various parts, wiring harness repair','');
insert into Diagram values('UF12-61_2156','UF12-20030300','61-15','E87 116i   Double leaf spring contact','');
insert into Diagram values('UF12-61_2216','UF12-20030300','61-15','E87 116i   Terminal system MCON','');
insert into Diagram values('UF12-61_2217','UF12-20030300','61-15','E87 116i   Contact system MQS','');
insert into Diagram values('UF12-61_2268','UF12-20030300','61-15','E87 116i   Contact system MAK8','');
insert into Diagram values('UF12-61_2292','UF12-20030300','61-15','E87 116i   SLK socket contact','');
insert into Diagram values('UF12-61_2293','UF12-20030300','61-15','E87 116i   Contact system blade terminal MDK4 2.8','');
insert into Diagram values('UF12-61_2310','UF12-20030300','61-15','E87 116i   Plug housing for antenna cable, FAKRA','');
insert into Diagram values('UF12-61_2452','UF12-20030300','61-15','E87 116i   Round plug system D 1.5 mm','');
insert into Diagram values('UF12-61_2521','UF12-20030300','61-15','E87 116i   Socket housing MQS','');
insert into Diagram values('UF12-61_2638','UF12-20030300','61-15','E87 116i   Repair parts, coaxial cable contacts','');
insert into Diagram values('UF12-61_2680','UF12-20030300','61-15','E87 116i   Repair parts, coaxial cable housing','');
insert into Diagram values('UF12-61_1710','UF12-20030300','61-20','E87 116i   Fuses / sign with fuse allocat. diagr.','');
insert into Diagram values('UF12-61_1862','UF12-20030300','61-20','E87 116i   Individual parts, power distributor, fr.','');
insert into Diagram values('UF12-61_1718','UF12-20030300','61-25','E87 116i   Control unit/antennas passive access','');
insert into Diagram values('UF12-61_1847','UF12-20030300','61-25','E87 116i   BRACKET F BODY CONTROL UNITS AND MODULES','');
insert into Diagram values('UF12-61_2093','UF12-20030300','61-25','E87 116i   Control unit Junctionbox Elektronik','');
insert into Diagram values('UF12-61_2094','UF12-20030300','61-25','E87 116i   Control unit, footwell module','');
insert into DiagramParts values('UF12-61_2095-61356943766', 'UF12-61_2095', 01, 'Control unit CAS', 'CAS2', 1, to_date('20041201','YYYYMMDD'), to_date('20060901','YYYYMMDD'), '61356943766', '', 'ENDED', false);
insert into DiagramParts values('UF12-61_2095-61356964051', 'UF12-61_2095', 01, 'Control unit CAS', 'CAS2', 1, to_date('20041201','YYYYMMDD'), to_date('20060901','YYYYMMDD'), '61356964051', '', 'ENDED', false);
insert into DiagramParts values('UF12-61_2095-61356943771', 'UF12-61_2095', 01, 'Control unit CAS', 'CAS2', 1, to_date('20041201','YYYYMMDD'), to_date('20060901','YYYYMMDD'), '61356943771', '', 'ENDED', false);
insert into DiagramParts values('UF12-61_2095-61356981416', 'UF12-61_2095', 01, 'Control unit CAS', 'CAS2', 1, to_date('20041201','YYYYMMDD'), to_date('20060901','YYYYMMDD'), '61356981416', '', 'ENDED', false);
insert into DiagramParts values('UF12-61_2095-61356943791', 'UF12-61_2095', 01, 'Control unit CAS', 'CAS2', 1, to_date('20041201','YYYYMMDD'), to_date('20060901','YYYYMMDD'), '61356943791', '', 'ENDED', false);
insert into DiagramParts values('UF12-61_2095-61356943797', 'UF12-61_2095', 01, 'Control unit CAS', 'CAS2', 1, to_date('20041201','YYYYMMDD'), to_date('20060901','YYYYMMDD'), '61356943797', '', 'ENDED', false);
insert into DiagramParts values('UF12-61_2095-61356943814', 'UF12-61_2095', 01, 'Control unit CAS', 'CAS3', 1, to_date('20041201','YYYYMMDD'), to_date('20060901','YYYYMMDD'), '61356943814', '', 'ENDED', false);
insert into DiagramParts values('UF12-61_2095-61356943830', 'UF12-61_2095', 01, 'Control unit CAS', 'CAS3', 1, to_date('20041201','YYYYMMDD'), to_date('20070301','YYYYMMDD'), '61356943830', '', 'ENDED', false);
insert into DiagramParts values('UF12-61_2095-61356943834', 'UF12-61_2095', 01, 'Control unit CAS', 'CAS3', 1, to_date('20041201','YYYYMMDD'), to_date('20090301','YYYYMMDD'), '61356943834', '', 'ENDED', false);
insert into DiagramParts values('UF12-61_2095-61359147184', 'UF12-61_2095', 01, 'Control unit CAS', 'CAS3', 1, to_date('20041201','YYYYMMDD'), to_date('20090301','YYYYMMDD'), '61359147184', '', 'ENDED', false);
insert into DiagramParts values('UF12-61_2095-61359147195', 'UF12-61_2095', 01, 'Control unit CAS', 'CAS3', 1, to_date('20041201','YYYYMMDD'), to_date('20090301','YYYYMMDD'), '61359147195', '', 'ENDED', false);
insert into DiagramParts values('UF12-61_2095-61359147196', 'UF12-61_2095', 01, 'Control unit CAS', 'CAS3', 1, to_date('20041201','YYYYMMDD'), to_date('20090901','YYYYMMDD'), '61359147196', '', 'ENDED', false);
insert into DiagramParts values('UF12-61_2095-61359147212', 'UF12-61_2095', 01, 'Control unit CAS', 'CAS3', 1, to_date('20041201','YYYYMMDD'), to_date('20090901','YYYYMMDD'), '61359147212', '', 'ENDED', false);
insert into DiagramParts values('UF12-61_2095-61359147220', 'UF12-61_2095', 01, 'Control unit CAS', 'CAS3', 1, to_date('20041201','YYYYMMDD'), to_date('20090901','YYYYMMDD'), '61359147220', '', 'ENDED', false);
insert into DiagramParts values('UF12-61_2095-61359147221', 'UF12-61_2095', 01, 'Control unit CAS', 'CAS3', 1, to_date('20041201','YYYYMMDD'), to_date('20090901','YYYYMMDD'), '61359147221', '', 'ENDED', false);
insert into DiagramParts values('UF12-61_2095-61359147226', 'UF12-61_2095', 01, 'Control unit CAS', 'CAS3', 1, to_date('20041201','YYYYMMDD'), to_date('20090901','YYYYMMDD'), '61359147226', '', 'ENDED', false);
insert into DiagramParts values('UF12-61_2095-61359217853', 'UF12-61_2095', 01, 'Control unit CAS', 'CAS3', 1, to_date('20041201','YYYYMMDD'), to_date('20100301','YYYYMMDD'), '61359217853', '', 'ENDED', false);
insert into Diagram values('UF12-61_2095','UF12-20030300','61-25','E87 116i   Control unit CAS','');
insert into DiagramParts values('UF12-61_2096-61359221180', 'UF12-61_2096', 07, 'TRAILER TOWING MODUL', '4R', 1, to_date('20090301','YYYYMMDD'), to_date('20110301','YYYYMMDD'), '61359221180', '$203.91', '', false);
insert into DiagramParts values('UF12-61_2096-61359186177', 'UF12-61_2096', 07, 'TRAILER TOWING MODUL', '4R', 1, to_date('20060901','YYYYMMDD'), to_date('20090301','YYYYMMDD'), '61359186177', '', 'ENDED', false);
insert into Diagram values('UF12-61_2096','UF12-20030300','61-25','E87 116i   Control units/modules','');
insert into Diagram values('UF12-61_1859','UF12-20030300','61-30','E87 116i   B+ terminal point, engine compartment','');
insert into Diagram values('UF12-61_1860','UF12-20030300','61-30','E87 116i   Battery lead/distribution box, rear','');
insert into Diagram values('UF12-61_1948','UF12-20030300','61-30','E87 116i   battery holder and mounting parts','');
insert into Diagram values('UF12-61_1986','UF12-20030300','61-30','E87 116i   Original BMW battery (Warranty only)','');
insert into Diagram values('UF12-61_1839','UF12-20030300','61-35','E87 116i   Control element light','');
insert into Diagram values('UF12-61_1843','UF12-20030300','61-35','E87 116i   SWITCH WINDOW LIFTER','');
insert into Diagram values('UF12-61_1844','UF12-20030300','61-35','E87 116i   Switch unit roof','');
insert into Diagram values('UF12-61_1845','UF12-20030300','61-35','E87 116i   Seat adjustment switch, front','');
insert into Diagram values('UF12-61_1849','UF12-20030300','61-35','E87 116i   VARIOUS SWITCHES','');
insert into Diagram values('UF12-61_1880','UF12-20030300','61-35','E87 116i   Switch, Multifunction Sport/M st. wheel','');
insert into Diagram values('UF12-61_2050','UF12-20030300','61-35','E87 116i   Switch unit roof','');
insert into Diagram values('UF12-61_2128','UF12-20030300','61-35','E87 116i   Switch for brake, clutch','');
insert into Diagram values('UF12-61_2274','UF12-20030300','61-35','E87 116i   Switch unit, center console','');
insert into Diagram values('UF12-61_2281','UF12-20030300','61-35','E87 116i   Starter/Stop switch','');
insert into Diagram values('UF12-61_2282','UF12-20030300','61-35','E87 116i   Switch hazard warning/central lckng syst','');
insert into Diagram values('UF12-61_2322','UF12-20030300','61-35','E87 116i   Switch unit roof','');
insert into Diagram values('UF12-61_2480','UF12-20030300','61-35','E87 116i   Cigarette lighter / sockets','');
insert into Diagram values('UF12-61_2639','UF12-20030300','61-35','E87 116i   Shift paddles / Shift paddles','');
insert into Diagram values('UF12-61_2900','UF12-20030300','61-35','E87 116i   USB/AUX-IN socket','');
insert into Diagram values('UF12-61_2946','UF12-20030300','61-35','E87 116i   USB/AUX-IN socket','');
insert into Diagram values('UF12-61_3088','UF12-20030300','61-35','E87 116i   Switch unit steering column','');
insert into Diagram values('UF12-61_2857','UF12-20030300','61-40','E87 116i   Horn','');
insert into Diagram values('UF12-61_1854','UF12-20030300','61-45','E87 116i   SINGLE WIPER PARTS','');
insert into Diagram values('UF12-61_1856','UF12-20030300','61-45','E87 116i   SINGLE PARTS FOR REAR WINDOW WIPER','');
insert into Diagram values('UF12-61_1858','UF12-20030300','61-45','E87 116i   WIPER ARM/WIPER BLADE','');
insert into Diagram values('UF12-61_1876','UF12-20030300','61-45','E87 116i   SINGLE PARTS FOR HEAD LAMP CLEANING','');
insert into Diagram values('UF12-61_1877','UF12-20030300','61-45','E87 116i   FILLER PIPE FOR WASH CONTAINER','');
insert into Diagram values('UF12-61_1878','UF12-20030300','61-45','E87 116i   SINGLE PARTS FOR WINDSHIELD CLEANING','');
insert into Diagram values('UF12-61_1879','UF12-20030300','61-45','E87 116i   Reserv.,windshield/headlight washer syst','');
insert into Diagram values('UF12-61_2046','UF12-20030300','61-45','E87 116i   SINGLE PARTS FOR HEAD LAMP CLEANING','');
insert into Diagram values('UF12-61_1872','UF12-20030300','61-95','E87 116i   Retrofit kit, headlight cleaning system','');
insert into Diagram values('UF12-61_1974','UF12-20030300','61-95','E87 116i   Retrofit, passenger airbag shutoff','');
insert into Diagram values('UF12-61_2223','UF12-20030300','61-95','E87 116i   Suppression filter','');
insert into Diagram values('UF12-61_3026','UF12-20030300','61-95','E87 116i   Battery charger','');
insert into Diagram values('UF12-61_3244','UF12-20030300','61-95','E87 116i   Battery charger','');
insert into Diagram values('UF12-62_0471','UF12-20030300','62-05','E87 116i   Instrument cluster','');
insert into Diagram values('UF12-62_0561','UF12-20030300','62-95','E87 116i   Electronic log book','');
insert into Diagram values('UF12-63_0865','UF12-20030300','63-05','E87 116i   Headlight','');
insert into Diagram values('UF12-63_0874','UF12-20030300','63-05','E87 116i   Single components for headlight','');
insert into Diagram values('UF12-63_0875','UF12-20030300','63-05','E87 116i   Single parts, xenon headlight','');
insert into Diagram values('UF12-63_1067','UF12-20030300','63-05','E87 116i   SPARE BULBS BOX','');
insert into Diagram values('UF12-63_1363','UF12-20030300','63-05','E87 116i   BMW Performance Light','');
insert into Diagram values('UF12-63_1420','UF12-20030300','63-05','E87 116i   SPARE BULBS BOX','');
insert into Diagram values('UF12-63_0866','UF12-20030300','63-10','E87 116i   Additional turn indicator lamp','');
insert into Diagram values('UF12-63_0867','UF12-20030300','63-15','E87 116i   Fog lights','');
insert into Diagram values('UF12-63_0868','UF12-20030300','63-20','E87 116i   Rear light','');
insert into Diagram values('UF12-63_0869','UF12-20030300','63-25','E87 116i   Third stoplamp','');
insert into Diagram values('UF12-63_0870','UF12-20030300','63-30','E87 116i   VARIOUS LAMPS/SPARE BULBS BOX','');
insert into Diagram values('UF12-63_0871','UF12-20030300','63-30','E87 116i   Various lamps','');
insert into Diagram values('UF12-63_0904','UF12-20030300','63-95','E87 116i   INSTALLING SET FOG LAMPS','');
insert into Diagram values('UF12-63_0922','UF12-20030300','63-95','E87 116i   Install.kit, Xenon light','');
insert into Diagram values('UF12-63_0935','UF12-20030300','63-95','E87 116i   Retrofit kit rear light Black Line','');
insert into Diagram values('UF12-63_1050','UF12-20030300','63-95','E87 116i   Retrofit kit, tail lamps, Facelift LED','');
insert into Diagram values('UF12-63_1078','UF12-20030300','63-95','E87 116i   Retrofit kit cornering light','');
insert into Diagram values('UF12-63_1153','UF12-20030300','63-95','E87 116i   Flashlight, LED','');
insert into Diagram values('UF12-63_1289','UF12-20030300','63-95','E87 116i   Retrofit kit, LED daytime driving lights','');
insert into Diagram values('UF12-63_1322','UF12-20030300','63-95','E87 116i   LED interior light package','');
insert into Diagram values('UF12-63_1509','UF12-20030300','63-95','E87 116i   BMW LED luggage compartment lamp','');
insert into Diagram values('UF12-64_1440','UF12-20030300','64-05','E87 116i   AIR OUTLET','');
insert into Diagram values('UF12-64_1428','UF12-20030300','64-10','E87 116i   MICROFILTER/ACTIVATED CARBON CONTAINER','');
insert into Diagram values('UF12-64_1449','UF12-20030300','64-15','E87 116i   Heater radiator','');
insert into Diagram values('UF12-64_1774','UF12-20030300','64-15','E87 116i   Heater unit, Denso','');
insert into Diagram values('UF12-64_1778','UF12-20030300','64-15','E87 116i   Heater core up to 07/2006','');
insert into Diagram values('UF12-64_1779','UF12-20030300','64-15','E87 116i   Heater core from 07/2006 onward','');
insert into Diagram values('UF12-64_1780','UF12-20030300','64-15','E87 116i   Heater unit, Denso','');
insert into Diagram values('UF12-64_1781','UF12-20030300','64-15','E87 116i   Heater unit, Denso','');
insert into Diagram values('UF12-64_1437','UF12-20030300','64-18','E87 116i   Additional water pump/Water hose/Valve','');
insert into Diagram values('UF12-64_1442','UF12-20030300','64-20','E87 116i   HEATER CONTROL','');
insert into Diagram values('UF12-64_1443','UF12-20030300','64-20','E87 116i   Automatic air conditioning control','');
insert into Diagram values('UF12-64_1445','UF12-20030300','64-20','E87 116i   Air Conditioning Control','');
insert into Diagram values('UF12-64_1439','UF12-20030300','64-30','E87 116i   Evaporator / Expansion valve','');
insert into Diagram values('UF12-64_1451','UF12-20030300','64-35','E87 116i   Housing parts heater and air cond. Denso','');
insert into Diagram values('UF12-64_1452','UF12-20030300','64-35','E87 116i   Housing parts aut.air conditioning Valeo','');
insert into Diagram values('UF12-64_1455','UF12-20030300','64-35','E87 116i   Housing parts aut.air conditioning Denso','');
insert into Diagram values('UF12-64_1453','UF12-20030300','64-40','E87 116i   ELECTRIC PARTS FOR HEATER','');
insert into Diagram values('UF12-64_1454','UF12-20030300','64-40','E87 116i   ELECTRIC PARTS FOR AC UNIT','');
insert into Diagram values('UF12-64_1433','UF12-20030300','64-45','E87 116i   SENSOR F. AUC','');
insert into Diagram values('UF12-64_1434','UF12-20030300','64-45','E87 116i   Solar sensor','');
insert into Diagram values('UF12-64_1438','UF12-20030300','64-45','E87 116i   Condensation sensor','');
insert into Diagram values('UF12-64_1170','UF12-20030300','64-50','E87 116i   CLIMATE COMPRESSOR SUPPORTING BRACKET','');
insert into Diagram values('UF12-64_1430','UF12-20030300','64-50','E87 116i   Air-conditioner compressor','');
insert into Diagram values('UF12-64_1429','UF12-20030300','64-55','E87 116i   Condenser air conditioning','');
insert into Diagram values('UF12-64_1431','UF12-20030300','64-60','E87 116i   Coolant lines','');
insert into Diagram values('UF12-64_1575','UF12-20030300','64-65','E87 116i   Spare parts,aux.heater,Opt.Eqmt/Accessor','');
insert into Diagram values('UF12-64_1319','UF12-20030300','64-95','E87 116i   Labels independent heating','');
insert into Diagram values('UF12-64_1444','UF12-20030300','64-95','E87 116i   INSTALLING SET AUTOMATIC AIR CONDITIONER','');
insert into Diagram values('UF12-64_1573','UF12-20030300','64-95','E87 116i   Install.kit, independent heater','');
insert into Diagram values('UF12-64_1855','UF12-20030300','64-95','E87 116i   Accessori e postmontaggi','');
insert into Diagram values('UF12-64_1441','UF12-20030300','64-99','E87 116i   DIVERSE SMALL PARTS','');
insert into Diagram values('UF12-65_0207','UF12-20030300','65-05','E87 116i   Earth strap for engine hood','');
insert into Diagram values('UF12-65_1472','UF12-20030300','65-05','E87 116i   Radio BMW Audio','');
insert into Diagram values('UF12-65_1473','UF12-20030300','65-05','E87 116i   Radio BMW Business CD','');
insert into DiagramParts values('UF12-65_1474-65129231059', 'UF12-65_1474', 02, 'Rotary knob', 'CHROM', 2, to_date('20100501','YYYYMMDD'), to_date('20100901','YYYYMMDD'), '65129231059', '', '', false);
insert into Diagram values('UF12-65_1474','UF12-20030300','65-05','E87 116i   Radio BMW Professional CD','');
insert into Diagram values('UF12-65_1475','UF12-20030300','65-05','E87 116i   Radio BMW Professional MD','');
insert into Diagram values('UF12-65_1476','UF12-20030300','65-05','E87 116i   M-Audio system controller','');
insert into Diagram values('UF12-65_1585','UF12-20030300','65-05','E87 116i   DAB tuner','');
insert into Diagram values('UF12-65_2440','UF12-20030300','65-05','E87 116i   DAB Retrofit','');
insert into Diagram values('UF12-65_1786','UF12-20030300','65-07','E87 116i   Auxiliary connection cable','');
insert into Diagram values('UF12-65_1471','UF12-20030300','65-10','E87 116i   CD Changer/Bracket','');
insert into DiagramParts values('UF12-65_1483-65136954877', 'UF12-65_1483', 01, 'Central bass, left', 'TOP-HIFI-SYSTEM', 1, to_date('20040801','YYYYMMDD'), to_date('20070301','YYYYMMDD'), '65136954877', '', 'ENDED', false);
insert into DiagramParts values('UF12-65_1483-65136954875', 'UF12-65_1483', 01, 'Central bass, left', 'HIFI-SYSTEM', 1, to_date('20040801','YYYYMMDD'), to_date('20070301','YYYYMMDD'), '65136954875', '', 'ENDED', false);
insert into DiagramParts values('UF12-65_1483-65136954871', 'UF12-65_1483', 01, 'Central bass, left', 'STEREO-SYSTEM', 1, to_date('20040801','YYYYMMDD'), to_date('20070301','YYYYMMDD'), '65136954871', '', 'ENDED', false);
insert into DiagramParts values('UF12-65_1483-65139143233', 'UF12-65_1483', 01, 'Central bass, left', 'STEREO-SYSTEM', 1, to_date('20040801','YYYYMMDD'), to_date('20090301','YYYYMMDD'), '65139143233', '', 'ENDED', false);
insert into DiagramParts values('UF12-65_1483-65139192461', 'UF12-65_1483', 01, 'Central bass, left', 'STEREO-SYSTEM', 1, to_date('20040801','YYYYMMDD'), to_date('20091101','YYYYMMDD'), '65139192461', '', 'ENDED', false);
insert into Diagram values('UF12-65_1483','UF12-20030300','65-20','E87 116i   Components central bass','');
insert into Diagram values('UF12-65_1484','UF12-20030300','65-20','E87 116i   SINGLE PARTS F FRONT DOOR LOUDSPEAKER','');
insert into Diagram values('UF12-65_1485','UF12-20030300','65-20','E87 116i   SINGLE PARTS F REAR HELF LOUDSPEAKER','');
insert into Diagram values('UF12-65_1489','UF12-20030300','65-22','E87 116i   Audio wiring harness','');
insert into Diagram values('UF12-65_1534','UF12-20030300','65-22','E87 116i   Universal aerial cable','');
insert into Diagram values('UF12-65_1469','UF12-20030300','65-25','E87 116i   amplifier / holder hifi system','');
insert into Diagram values('UF12-65_1470','UF12-20030300','65-25','E87 116i   Amplifier HiFi Prof. / Harman Kardon','');
insert into DiagramParts values('UF12-65_1486-07146961863', 'UF12-65_1486', 07, 'Sheet metal screw', 'ISA M5X12', 2, to_date('20060901','YYYYMMDD'), to_date('20070701','YYYYMMDD'), '07146961863', '', 'ENDED', false);
insert into Diagram values('UF12-65_1486','UF12-20030300','65-30','E87 116i   SINGLE PARTS F ANTENNA','');
insert into Diagram values('UF12-65_1788','UF12-20030300','65-30','E87 116i   Rod antenna SPORT','');
insert into Diagram values('UF12-65_1498','UF12-20030300','65-45','E87 116i   Controller','');
insert into Diagram values('UF12-65_1499','UF12-20030300','65-45','E87 116i   CCC CD','');
insert into Diagram values('UF12-65_1500','UF12-20030300','65-45','E87 116i   CCC MD/CD','');
insert into Diagram values('UF12-65_1501','UF12-20030300','65-45','E87 116i   Central information display','');
insert into Diagram values('UF12-65_1503','UF12-20030300','65-45','E87 116i   Single parts CCC','');
insert into Diagram values('UF12-65_1504','UF12-20030300','65-45','E87 116i   Coolant hose, CCC / CIC / MASK','');
insert into DiagramParts values('UF12-65_1724-65909112341', 'UF12-65_1724', 01, 'FSC JNav map 2007-1 initialization', 'ASAP', 1, to_date('20070301','YYYYMMDD'), to_date('20070901','YYYYMMDD'), '65909112341', '', 'ENDED', false);
insert into Diagram values('UF12-65_1724','UF12-20030300','65-50','E87 116i   Enable code for Japanese navigation','');
insert into Diagram values('UF12-65_1829','UF12-20030300','65-50','E87 116i   Bracket for Asian Navigation','');
insert into Diagram values('UF12-65_1976','UF12-20030300','65-50','E87 116i   DVD street map Navigation Option 609','');
insert into Diagram values('UF12-65_1978','UF12-20030300','65-50','E87 116i   DVD street map Navigation Option 606','');
insert into Diagram values('UF12-65_1487','UF12-20030300','65-60','E87 116i   Alarm systems','');
insert into Diagram values('UF12-65_1488','UF12-20030300','65-65','E87 116i   Electric parts for airbag','');
insert into Diagram values('UF12-65_1468','UF12-20030300','65-70','E87 116i   Temperature sensor','');
insert into Diagram values('UF12-65_1249','UF12-20030300','65-95','E87 116i   Retrofit kit, BMW Online','');
insert into Diagram values('UF12-65_1344','UF12-20030300','65-95','E87 116i   Replacement parts for radio navigation','');
insert into Diagram values('UF12-65_1513','UF12-20030300','65-95','E87 116i   Retrofit, CD changer','');
insert into Diagram values('UF12-65_1537','UF12-20030300','65-95','E87 116i   INSTALLATION KIT ALARM SYSTEM','');
insert into Diagram values('UF12-65_1541','UF12-20030300','65-95','E87 116i   Replacement parts for radio navigation','');
insert into Diagram values('UF12-65_1658','UF12-20030300','65-95','E87 116i   DVB-T Set-top box','');
insert into Diagram values('UF12-65_1814','UF12-20030300','65-95','E87 116i   Retrofit kit USB/iPod connection','');
insert into Diagram values('UF12-65_1825','UF12-20030300','65-95','E87 116i   iPod connection retrofit kit','');
insert into Diagram values('UF12-65_1894','UF12-20030300','65-95','E87 116i   Hifi system, Alpine','');
insert into Diagram values('UF12-65_1901','UF12-20030300','65-95','E87 116i   Navigation Portable Plus/Pro/HD Traffic','');
insert into Diagram values('UF12-65_1902','UF12-20030300','65-95','E87 116i   GPS, portable, street map','');
insert into Diagram values('UF12-65_1903','UF12-20030300','65-95','E87 116i   iPod connection retrofit kit','');
insert into Diagram values('UF12-65_1924','UF12-20030300','65-95','E87 116i   Navigation Portable accessories','');
insert into Diagram values('UF12-65_1989','UF12-20030300','65-95','E87 116i   Tracking Products','');
insert into Diagram values('UF12-65_2038','UF12-20030300','65-95','E87 116i   DVD system Tablet','');
insert into Diagram values('UF12-65_2079','UF12-20030300','65-95','E87 116i   Smartnav','');
insert into Diagram values('UF12-65_2271','UF12-20030300','65-95','E87 116i   Charger adapter for Apple iPod / iPhone','');
insert into Diagram values('UF12-65_2422','UF12-20030300','65-95','E87 116i   Cable adapter for Apple iPod / iPhone','');
insert into Diagram values('UF12-65_2434','UF12-20030300','65-95','E87 116i   DVD System Tablet Single','');
insert into Diagram values('UF12-65_2515','UF12-20030300','65-95','E87 116i   Navigation &apos;Portable&apos; with Design holder','');
insert into Diagram values('UF12-65_2520','UF12-20030300','65-95','E87 116i   BMW USB charger','');
insert into Diagram values('UF12-65_2522','UF12-20030300','65-95','E87 116i   Cable adapter, devices with Micro USB','');
insert into Diagram values('UF12-66_0114','UF12-20030300','66-05','E87 116i   Ignition lock of remote control','');
insert into Diagram values('UF12-66_0115','UF12-20030300','66-05','E87 116i   Park Distance Control (PDC)','');
insert into Diagram values('UF12-66_0229','UF12-20030300','66-05','E87 116i   Ultrasonic-sensor','');
insert into Diagram values('UF12-66_0110','UF12-20030300','66-95','E87 116i   Retrofit kit PDC II','');
insert into Diagram values('UF12-66_0120','UF12-20030300','66-95','E87 116i   Retrofit kit PDC, rear','');
insert into Diagram values('UF12-66_0121','UF12-20030300','66-95','E87 116i   Retrofit kit PDC, front and rear','');
insert into Diagram values('UF12-66_0122','UF12-20030300','66-95','E87 116i   Front PDC upgrade','');
insert into Diagram values('UF12-66_0128','UF12-20030300','66-95','E87 116i   Dynamic cruise control retrofit','');
insert into Diagram values('UF12-66_0130','UF12-20030300','66-95','E87 116i   Retrofit multi-functional steering wheel','');
insert into Diagram values('UF12-66_0188','UF12-20030300','66-95','E87 116i   Park Distance Control universale sonoro','');
insert into Diagram values('UF12-71_0385','UF12-20030300','71-03','E87 116i   LABEL "TIRE PRESSURE"','');
insert into Diagram values('UF12-71_0537','UF12-20030300','71-03','E87 116i   Various notice stickers','');
insert into Diagram values('UF12-71_0568','UF12-20030300','71-03','E87 116i   Instruction notice, Airbag','');
insert into Diagram values('UF12-71_0619','UF12-20030300','71-03','E87 116i   Label, coolant','');
insert into Diagram values('UF12-71_0388','UF12-20030300','71-05','E87 116i   Warning triangle/First aid kit/-cushion','');
insert into Diagram values('UF12-71_0389','UF12-20030300','71-05','E87 116i   Car tool','');
insert into Diagram values('UF12-71_0717','UF12-20030300','71-05','E87 116i   Set of lifting jack','');
insert into Diagram values('UF12-71_0338','UF12-20030300','71-10','E87 116i   electric parts, towing hitch','');
insert into Diagram values('UF12-71_0396','UF12-20030300','71-10','E87 116i   Towing hitch, detachable','');
insert into Diagram values('UF12-71_0384','UF12-20030300','71-95','E87 116i   Retrofit kit, towing hitch','');
insert into Diagram values('UF12-71_0400','UF12-20030300','71-95','E87 116i   Set of lifting jack','');
insert into Diagram values('UF12-71_0434','UF12-20030300','71-95','E87 116i   Tire Mobility Set','');
insert into Diagram values('UF12-71_0494','UF12-20030300','71-95','E87 116i   Retrofit kit, towing hitch','');
insert into Diagram values('UF12-71_0513','UF12-20030300','71-95','E87 116i   Twin electrics, caravan leads','');
insert into Diagram values('UF12-72_0524','UF12-20030300','72-03','E87 116i   Air bag','');
insert into Diagram values('UF12-72_0521','UF12-20030300','72-05','E87 116i   Safety belt front','');
insert into Diagram values('UF12-72_0522','UF12-20030300','72-05','E87 116i   FRONT SAFETY BELT MOUNTING PARTS','');
insert into Diagram values('UF12-72_0523','UF12-20030300','72-05','E87 116i   SAFETY BELT REAR','');
insert into Diagram values('UF12-72_0461','UF12-20030300','72-95','E87 116i   Storage compartment module','');
insert into Diagram values('UF12-72_0462','UF12-20030300','72-95','E87 116i   Cup holder-module','');
insert into Diagram values('UF12-72_0591','UF12-20030300','72-95','E87 116i   Tow bar','');
insert into Diagram values('UF12-72_0598','UF12-20030300','72-95','E87 116i   TOW ROPE','');
insert into Diagram values('UF12-72_0603','UF12-20030300','72-95','E87 116i   Fire extinguisher','');
insert into Diagram values('UF12-72_0744','UF12-20030300','72-95','E87 116i   Emergency bag','');
insert into Diagram values('UF12-36_0938','UF12-20030300','82-14','E87 116i   Snow chains','');
insert into Diagram values('UF12-82_1073','UF12-20030300','82-26','E87 116i   Universal coat hanger','');
insert into Diagram values('UF12-82_1261','UF12-20030300','82-26','E87 116i   Clean Bag','');
insert into Diagram values('UF12-82_1308','UF12-20030300','82-26','E87 116i   Shoe case','');
insert into Diagram values('UF12-82_1309','UF12-20030300','82-26','E87 116i   Multimedia case','');
insert into Diagram values('UF12-82_1311','UF12-20030300','82-26','E87 116i   Driver utility set','');
insert into Diagram values('UF12-82_1171','UF12-20030300','82-31','E87 116i   BMW buggy chrome-marine with accessories','');
insert into Diagram values('UF12-82_1181','UF12-20030300','82-31','E87 116i   BMW Junior Seat I-II','');
insert into Diagram values('UF12-82_1186','UF12-20030300','82-31','E87 116i   BMW Baby Seat 0+','');
insert into Diagram values('UF12-82_1187','UF12-20030300','82-31','E87 116i   BMW Junior Seat I-II Isofix','');
insert into Diagram values('UF12-82_1189','UF12-20030300','82-31','E87 116i   BMW Baby Seat 0+ Isofix','');
insert into Diagram values('UF12-82_1237','UF12-20030300','82-31','E87 116i   Dog harness','');
insert into Diagram values('UF12-82_1276','UF12-20030300','82-31','E87 116i   BMW Junior Seat II-III','');
insert into Diagram values('UF12-82_1305','UF12-20030300','82-31','E87 116i   BMW Junior Seat III','');
insert into Diagram values('UF12-82_1198','UF12-20030300','82-44','E87 116i   Cover','');
insert into Diagram values('UF12-82_1236','UF12-20030300','82-44','E87 116i   Mud flaps','');
insert into Diagram values('UF12-82_1251','UF12-20030300','82-44','E87 116i   Cover hood windshield/side window','');
insert into Diagram values('UF12-82_0116','UF12-20030300','82-51','E87 116i   Universal support','');
insert into Diagram values('UF12-82_0122','UF12-20030300','82-51','E87 116i   Touring bicycle holder','');
insert into Diagram values('UF12-82_0123','UF12-20030300','82-51','E87 116i   RACK FOR RACING BICYCLE','');
insert into Diagram values('UF12-82_0124','UF12-20030300','82-51','E87 116i   Luggage basket','');
insert into Diagram values('UF12-82_0125','UF12-20030300','82-51','E87 116i   Bicycle lift','');
insert into Diagram values('UF12-82_0245','UF12-20030300','82-51','E87 116i   SUPPORT SNOWBOARD','');
insert into Diagram values('UF12-82_0281','UF12-20030300','82-51','E87 116i   Touring bicycle holder','');
insert into Diagram values('UF12-82_0283','UF12-20030300','82-51','E87 116i   Surfboard rack','');
insert into Diagram values('UF12-82_0284','UF12-20030300','82-51','E87 116i   Standard ski carrier for 6 pairs of skis','');
insert into Diagram values('UF12-82_0364','UF12-20030300','82-51','E87 116i   SKI/SNOWBOARD SET','');
insert into Diagram values('UF12-82_0501','UF12-20030300','82-51','E87 116i   ki and luggage box','');
insert into Diagram values('UF12-82_0502','UF12-20030300','82-51','E87 116i   Luggage box','');
insert into Diagram values('UF12-82_0594','UF12-20030300','82-51','E87 116i   Komfort ski holder','');
insert into Diagram values('UF12-82_0845','UF12-20030300','82-51','E87 116i   Standard ski holder, for 4 pairs of ski','');
insert into Diagram values('UF12-82_1157','UF12-20030300','82-51','E87 116i   Bicycle carrier, trailer coupling','');
insert into Diagram values('UF12-82_1175','UF12-20030300','82-51','E87 116i   Touring bicycle holder','');
insert into Diagram values('UF12-82_1178','UF12-20030300','82-51','E87 116i   Roof box','');
insert into Diagram values('UF12-82_1230','UF12-20030300','82-51','E87 116i   Rack support','');
insert into Diagram values('UF12-82_1234','UF12-20030300','82-51','E87 116i   Roof box','');
insert into Diagram values('UF12-82_1244','UF12-20030300','82-51','E87 116i   Racing bike rack','');
insert into Diagram values('UF12-82_1250','UF12-20030300','82-51','E87 116i   Roof box','');
insert into Diagram values('UF12-82_1268','UF12-20030300','82-51','E87 116i   Ski/snowboard holder','');
insert into Diagram values('UF12-82_1277','UF12-20030300','82-51','E87 116i   Rear carrier ECE','');
insert into Diagram values('UF12-82_1282','UF12-20030300','82-51','E87 116i   Rear carrier ski/snowboard holder','');
insert into Diagram values('UF12-82_1295','UF12-20030300','82-51','E87 116i   Roof rack systems','');
insert into Diagram values('UF12-82_1364','UF12-20030300','82-51','E87 116i   Bicycle carrier, trailer coupling','');
insert into Diagram values('UF12-82_1460','UF12-20030300','82-51','E87 116i   Roof rack systems','');
insert into Diagram values('UF12-82_1476','UF12-20030300','82-51','E87 116i   Roof-mounted container 320 LCI','');
insert into Diagram values('UF12-82_1551','UF12-20030300','82-51','E87 116i   Bicycle carrier, trailer coupling','');
insert into Diagram values('UF12-82_1567','UF12-20030300','82-51','E87 116i   Bicycle carrier, trailer coupling','');
insert into Diagram values('UF12-82_1589','UF12-20030300','82-51','E87 116i   Racing bike rack','');
insert into Diagram values('UF12-82_0926','UF12-20030300','82-52','E87 116i   Adapter (universal lift) for hood','');
insert into Diagram values('UF12-82_0102','UF12-20030300','82-81','E87 116i   Universal hoist','');
insert into Diagram values('UF12-83_0579','UF12-20030300','83-01','E87 116i   Rugzak','');
insert into Diagram values('UF12-83_0311','UF12-20030300','83-24','E87 116i   Paint protection foil E87','');
insert into Diagram values('UF12-84_0675','UF12-20030300','84-10','E87 116i   Indiv. parts, phone handset/mountg Japan','');
insert into DiagramParts values('UF12-84_0676-84109187316', 'UF12-84_0676', 01, 'Rmfd Telematics Control Unit', 'PDC', 1, to_date('20050901','YYYYMMDD'), to_date('20070301','YYYYMMDD'), '84109187316', '', '', false);
insert into Diagram values('UF12-84_0676','UF12-20030300','84-10','E87 116i   Single parts f teleph.luggage cptm.Japan','');
insert into Diagram values('UF12-84_0767','UF12-20030300','84-10','E87 116i   Starter package, cell phone Nokia 6303c','');
insert into Diagram values('UF12-84_0850','UF12-20030300','84-10','E87 116i   ASSY COMBOX TELEMATIC ECE','');
insert into Diagram values('UF12-84_0658','UF12-20030300','84-20','E87 116i   Single parts, SA 644 center console','');
insert into Diagram values('UF12-84_0659','UF12-20030300','84-20','E87 116i   Single parts, SA 644, trunk','');
insert into Diagram values('UF12-84_0673','UF12-20030300','84-20','E87 116i   Single parts, SA 633, center console','');
insert into Diagram values('UF12-84_0704','UF12-20030300','84-20','E87 116i   Single parts SA 633, trunk','');
insert into Diagram values('UF12-84_0758','UF12-20030300','84-20','E87 116i   Single parts, option 6NF center console','');
insert into Diagram values('UF12-84_0657','UF12-20030300','84-30','E87 116i   Single parts f hands-free facility','');
insert into Diagram values('UF12-84_0694','UF12-20030300','84-30','E87 116i   Single parts f hands-free fac. Bluetooth','');
insert into Diagram values('UF12-84_0639','UF12-20030300','84-95','E87 116i   Bluetooth SA644 hands-free retrofit kit','');
insert into Diagram values('UF12-84_0669','UF12-20030300','84-95','E87 116i   Retrofit kit hands-free facil. Bluetooth','');
insert into Diagram values('UF12-84_0678','UF12-20030300','84-95','E87 116i   Retrofit kit, voice input','');
insert into Diagram values('UF12-84_0711','UF12-20030300','84-95','E87 116i   Car phone for Japan','');
insert into Diagram values('UF12-84_0713','UF12-20030300','84-95','E87 116i   Retrofit kit for UNI hands-free system','');
insert into Diagram values('UF12-84_0714','UF12-20030300','84-95','E87 116i   Cell phone cradles,Universal hands-free','');
insert into Diagram values('UF12-84_0730','UF12-20030300','84-95','E87 116i   Stolen Vehicle Tracking - TPA','');
insert into Diagram values('UF12-84_0732','UF12-20030300','84-95','E87 116i   Upgrade kit hands-free Bluetooth OPT644','');
insert into Diagram values('UF12-84_0741','UF12-20030300','84-95','E87 116i   Base hands-free system with Bluetooth','');
insert into Diagram values('UF12-84_0778','UF12-20030300','84-95','E87 116i   BMW Bluetooth headset','');
insert into Diagram values('UF12-84_0867','UF12-20030300','84-95','E87 116i   BMW Car Hotspot','');
insert into Diagram values('UF12-84_0895','UF12-20030300','84-95','E87 116i   BMW station fr Apple iPhone','');
insert into Diagram values('UF12-84_0897','UF12-20030300','84-95','E87 116i   Snap-in adapter for Apple devices','');
insert into Diagram values('UF12-84_0906','UF12-20030300','84-95','E87 116i   Snap-in adapter, SONY ERICSSON devices','');
insert into Diagram values('UF12-84_0907','UF12-20030300','84-95','E87 116i   Snap-in adapter for NOKIA devices','');
insert into Diagram values('UF12-84_0908','UF12-20030300','84-95','E87 116i   Snap-in adapter for SIEMENS devices','');
insert into Diagram values('UF12-84_0909','UF12-20030300','84-95','E87 116i   Snap-in adapter for MOTOROLA devices','');
insert into Diagram values('UF12-84_0910','UF12-20030300','84-95','E87 116i   Snap-in adapter, BlackBerry/RIM devices','');
insert into Diagram values('UF12-84_0930','UF12-20030300','84-95','E87 116i   Smartphone cradle','');
insert into Diagram values('UF12-84_0931','UF12-20030300','84-95','E87 116i   BMW Car Hotspot LTE','');
insert into Diagram values('UF12-85_0001','UF12-20030300','85-45','E87 116i   Winter tires','');
insert into Diagram values('UF12-85_0028','UF12-20030300','85-45','E87 116i   Summer tires','');
insert into Diagram values('UF12-88_0052','UF12-20030300','88-80','E87 116i   Emergency bag','');
insert into Diagram values('UF12-88_0064','UF12-20030300','88-80','E87 116i   Fluid-change kit, autom. transmission','');
insert into ProdCodeDate values('UF12-20030300','UF12',to_date('20030301','YYYYMMDD'));
insert into ProdCode values('UF11','116i','SH','E87','ECE','N45','L','04/2003 E87 116i 5 doors N45 Europe Left hand drive ');
insert into ProdCodeDate values('UF11-20030400','UF11',to_date('20030401','YYYYMMDD'));
insert into Diagram values('UF11-01_0206','UF11-20030400','01-05','E87 116i   BMW care tips','');
insert into DiagramParts values('UF11-01_0689-01400159973', 'UF11-01_0689', 01, 'Owner&apos;s handbook E87 without iDrive', 'DE, MJ 2006', 1, to_date('20050901','YYYYMMDD'), to_date('20060901','YYYYMMDD'), '01400159973', '', '', false);
insert into DiagramParts values('UF11-01_0689-01400012852', 'UF11-01_0689', 01, 'Owner&apos;s handbook E87 without iDrive', 'DE, MJ 2007', 1, to_date('20060901','YYYYMMDD'), to_date('20070301','YYYYMMDD'), '01400012852', '', '', false);
insert into DiagramParts values('UF11-01_0689-01410158975', 'UF11-01_0689', 02, 'Owner&apos;s handbook E87 without iDrive', 'EN, MJ 2005', 1, to_date('20040601','YYYYMMDD'), to_date('20050901','YYYYMMDD'), '01410158975', '', '', false);
insert into DiagramParts values('UF11-01_0689-01410159974', 'UF11-01_0689', 02, 'Owner&apos;s handbook E87 without iDrive', 'EN, MJ 2006', 1, to_date('20050901','YYYYMMDD'), to_date('20060901','YYYYMMDD'), '01410159974', '', '', false);
insert into DiagramParts values('UF11-01_0689-01410012853', 'UF11-01_0689', 02, 'Owner&apos;s handbook E87 without iDrive', 'EN, MJ 2007', 1, to_date('20060901','YYYYMMDD'), to_date('20070301','YYYYMMDD'), '01410012853', '', '', false);
insert into DiagramParts values('UF11-01_0689-01420158976', 'UF11-01_0689', 03, 'Owner&apos;s handbook E87 without iDrive', 'FR, MJ 2005', 1, to_date('20040601','YYYYMMDD'), to_date('20050901','YYYYMMDD'), '01420158976', '', '', false);
insert into DiagramParts values('UF11-01_0689-01420159975', 'UF11-01_0689', 03, 'Owner&apos;s handbook E87 without iDrive', 'FR, MJ 2006', 1, to_date('20050901','YYYYMMDD'), to_date('20060901','YYYYMMDD'), '01420159975', '', '', false);
insert into DiagramParts values('UF11-01_0689-01420012854', 'UF11-01_0689', 03, 'Owner&apos;s handbook E87 without iDrive', 'FR, MJ 2007', 1, to_date('20060901','YYYYMMDD'), to_date('20070301','YYYYMMDD'), '01420012854', '', '', false);
insert into DiagramParts values('UF11-01_0689-01430158977', 'UF11-01_0689', 04, 'Owner&apos;s handbook E87 without iDrive', 'ES, MJ 2005', 1, to_date('20040601','YYYYMMDD'), to_date('20050901','YYYYMMDD'), '01430158977', '', '', false);
insert into DiagramParts values('UF11-01_0689-01430159976', 'UF11-01_0689', 04, 'Owner&apos;s handbook E87 without iDrive', 'ES, MJ 2006', 1, to_date('20050901','YYYYMMDD'), to_date('20060901','YYYYMMDD'), '01430159976', '', '', false);
insert into DiagramParts values('UF11-01_0689-01430012855', 'UF11-01_0689', 04, 'Owner&apos;s handbook E87 without iDrive', 'ES, MJ 2007', 1, to_date('20060901','YYYYMMDD'), to_date('20070301','YYYYMMDD'), '01430012855', '', '', false);
insert into DiagramParts values('UF11-01_0689-01440158978', 'UF11-01_0689', 05, 'Owner&apos;s handbook E87 without iDrive', 'IT, MJ 2005', 1, to_date('20040601','YYYYMMDD'), to_date('20050901','YYYYMMDD'), '01440158978', '', '', false);
insert into DiagramParts values('UF11-01_0689-01440159977', 'UF11-01_0689', 05, 'Owner&apos;s handbook E87 without iDrive', 'IT, MJ 2006', 1, to_date('20050901','YYYYMMDD'), to_date('20060901','YYYYMMDD'), '01440159977', '', '', false);
insert into DiagramParts values('UF11-01_0689-01440012856', 'UF11-01_0689', 05, 'Owner&apos;s handbook E87 without iDrive', 'IT, MJ 2007', 1, to_date('20060901','YYYYMMDD'), to_date('20070301','YYYYMMDD'), '01440012856', '', '', false);
insert into DiagramParts values('UF11-01_0689-01450158979', 'UF11-01_0689', 06, 'Owner&apos;s handbook E87 without iDrive', 'SV, MJ 2005', 1, to_date('20040601','YYYYMMDD'), to_date('20050901','YYYYMMDD'), '01450158979', '', '', false);
insert into DiagramParts values('UF11-01_0689-01450159978', 'UF11-01_0689', 06, 'Owner&apos;s handbook E87 without iDrive', 'SV, MJ 2006', 1, to_date('20050901','YYYYMMDD'), to_date('20060901','YYYYMMDD'), '01450159978', '', '', false);
insert into DiagramParts values('UF11-01_0689-01450012857', 'UF11-01_0689', 06, 'Owner&apos;s handbook E87 without iDrive', 'SV, MJ 2007', 1, to_date('20060901','YYYYMMDD'), to_date('20070301','YYYYMMDD'), '01450012857', '', '', false);
insert into DiagramParts values('UF11-01_0689-01460158980', 'UF11-01_0689', 07, 'Owner&apos;s handbook E87 without iDrive', 'NL, MJ 2005', 1, to_date('20040601','YYYYMMDD'), to_date('20050901','YYYYMMDD'), '01460158980', '', '', false);
insert into DiagramParts values('UF11-01_0689-01460159979', 'UF11-01_0689', 07, 'Owner&apos;s handbook E87 without iDrive', 'NL, MJ 2006', 1, to_date('20050901','YYYYMMDD'), to_date('20060901','YYYYMMDD'), '01460159979', '', '', false);
insert into DiagramParts values('UF11-01_0689-01460012858', 'UF11-01_0689', 07, 'Owner&apos;s handbook E87 without iDrive', 'NL, MJ 2007', 1, to_date('20060901','YYYYMMDD'), to_date('20070301','YYYYMMDD'), '01460012858', '', '', false);
insert into DiagramParts values('UF11-01_0689-01470158981', 'UF11-01_0689', 08, 'Owner&apos;s handbook E87 without iDrive', 'AR, MJ 2005', 1, to_date('20040601','YYYYMMDD'), to_date('20050901','YYYYMMDD'), '01470158981', '', '', false);
insert into DiagramParts values('UF11-01_0689-01470159980', 'UF11-01_0689', 08, 'Owner&apos;s handbook E87 without iDrive', 'AR, MJ 2006', 1, to_date('20050901','YYYYMMDD'), to_date('20060901','YYYYMMDD'), '01470159980', '', '', false);
insert into DiagramParts values('UF11-01_0689-01470012859', 'UF11-01_0689', 08, 'Owner&apos;s handbook E87 without iDrive', 'AR, MJ 2007', 1, to_date('20060901','YYYYMMDD'), to_date('20070301','YYYYMMDD'), '01470012859', '', '', false);
insert into DiagramParts values('UF11-01_0689-01480158982', 'UF11-01_0689', 09, 'Owner&apos;s handbook E87 without iDrive', 'DA, MJ 2005', 1, to_date('20040601','YYYYMMDD'), to_date('20050901','YYYYMMDD'), '01480158982', '', '', false);
insert into DiagramParts values('UF11-01_0689-01480159981', 'UF11-01_0689', 09, 'Owner&apos;s handbook E87 without iDrive', 'DA, MJ 2006', 1, to_date('20050901','YYYYMMDD'), to_date('20060901','YYYYMMDD'), '01480159981', '', '', false);
insert into DiagramParts values('UF11-01_0689-01480012860', 'UF11-01_0689', 09, 'Owner&apos;s handbook E87 without iDrive', 'DA, MJ 2007', 1, to_date('20060901','YYYYMMDD'), to_date('20070301','YYYYMMDD'), '01480012860', '', '', false);
insert into DiagramParts values('UF11-01_0689-01490158983', 'UF11-01_0689', 10, 'Owner&apos;s handbook E87 without iDrive', 'PT, MJ 2005', 1, to_date('20040601','YYYYMMDD'), to_date('20050901','YYYYMMDD'), '01490158983', '', '', false);
insert into DiagramParts values('UF11-01_0689-01490159982', 'UF11-01_0689', 10, 'Owner&apos;s handbook E87 without iDrive', 'PT, MJ 2006', 1, to_date('20050901','YYYYMMDD'), to_date('20060901','YYYYMMDD'), '01490159982', '', '', false);
insert into DiagramParts values('UF11-01_0689-01490012861', 'UF11-01_0689', 10, 'Owner&apos;s handbook E87 without iDrive', 'PT, MJ 2007', 1, to_date('20060901','YYYYMMDD'), to_date('20070301','YYYYMMDD'), '01490012861', '', '', false);
insert into DiagramParts values('UF11-01_0689-01490158985', 'UF11-01_0689', 13, 'Owner&apos;s handbook E87 without iDrive', 'EL, MJ 2005', 1, to_date('20040601','YYYYMMDD'), to_date('20050901','YYYYMMDD'), '01490158985', '', '', false);
insert into DiagramParts values('UF11-01_0689-01490159983', 'UF11-01_0689', 13, 'Owner&apos;s handbook E87 without iDrive', 'EL, MJ 2006', 1, to_date('20050901','YYYYMMDD'), to_date('20060901','YYYYMMDD'), '01490159983', '', '', false);
insert into DiagramParts values('UF11-01_0689-01490012862', 'UF11-01_0689', 13, 'Owner&apos;s handbook E87 without iDrive', 'EL, MJ 2007', 1, to_date('20060901','YYYYMMDD'), to_date('20070301','YYYYMMDD'), '01490012862', '', '', false);
insert into Diagram values('UF11-01_0689','UF11-20030400','01-05','E87 116i   Owner&apos;s manual for E81, E87 w/o iDrive','');
insert into DiagramParts values('UF11-01_0690-01400159984', 'UF11-01_0690', 01, 'Owner&apos;s handbook E87 with iDrive', 'DE, MJ 2006', 1, to_date('20050901','YYYYMMDD'), to_date('20060901','YYYYMMDD'), '01400159984', '', '', false);
insert into DiagramParts values('UF11-01_0690-01400012915', 'UF11-01_0690', 01, 'Owner&apos;s handbook E87 with iDrive', 'DE, MJ 2007', 1, to_date('20060901','YYYYMMDD'), to_date('20070301','YYYYMMDD'), '01400012915', '', '', false);
insert into DiagramParts values('UF11-01_0690-01410159496', 'UF11-01_0690', 02, 'Owner&apos;s handbook E87 with iDrive', 'EN, MJ 2005', 1, to_date('20040601','YYYYMMDD'), to_date('20050901','YYYYMMDD'), '01410159496', '', '', false);
insert into DiagramParts values('UF11-01_0690-01410159985', 'UF11-01_0690', 02, 'Owner&apos;s handbook E87 with iDrive', 'EN, MJ 2006', 1, to_date('20050901','YYYYMMDD'), to_date('20060901','YYYYMMDD'), '01410159985', '', '', false);
insert into DiagramParts values('UF11-01_0690-01410012916', 'UF11-01_0690', 02, 'Owner&apos;s handbook E87 with iDrive', 'EN, MJ 2007', 1, to_date('20060901','YYYYMMDD'), to_date('20070301','YYYYMMDD'), '01410012916', '', '', false);
insert into DiagramParts values('UF11-01_0690-01420159497', 'UF11-01_0690', 03, 'Owner&apos;s handbook E87 with iDrive', 'FR, MJ 2005', 1, to_date('20040601','YYYYMMDD'), to_date('20050901','YYYYMMDD'), '01420159497', '', '', false);
insert into DiagramParts values('UF11-01_0690-01420159986', 'UF11-01_0690', 03, 'Owner&apos;s handbook E87 with iDrive', 'FR, MJ 2006', 1, to_date('20050901','YYYYMMDD'), to_date('20060901','YYYYMMDD'), '01420159986', '', '', false);
insert into DiagramParts values('UF11-01_0690-01420012917', 'UF11-01_0690', 03, 'Owner&apos;s handbook E87 with iDrive', 'FR, MJ 2007', 1, to_date('20060901','YYYYMMDD'), to_date('20070301','YYYYMMDD'), '01420012917', '', '', false);
insert into DiagramParts values('UF11-01_0690-01430159498', 'UF11-01_0690', 04, 'Owner&apos;s handbook E87 with iDrive', 'ES, MJ 2005', 1, to_date('20040601','YYYYMMDD'), to_date('20050901','YYYYMMDD'), '01430159498', '', '', false);
insert into DiagramParts values('UF11-01_0690-01430159987', 'UF11-01_0690', 04, 'Owner&apos;s handbook E87 with iDrive', 'ES, MJ 2006', 1, to_date('20050901','YYYYMMDD'), to_date('20060901','YYYYMMDD'), '01430159987', '', '', false);
insert into DiagramParts values('UF11-01_0690-01430012918', 'UF11-01_0690', 04, 'Owner&apos;s handbook E87 with iDrive', 'ES, MJ 2007', 1, to_date('20060901','YYYYMMDD'), to_date('20070301','YYYYMMDD'), '01430012918', '', '', false);
insert into DiagramParts values('UF11-01_0690-01440159499', 'UF11-01_0690', 05, 'Owner&apos;s handbook E87 with iDrive', 'IT, MJ 2005', 1, to_date('20040601','YYYYMMDD'), to_date('20050901','YYYYMMDD'), '01440159499', '', '', false);
insert into DiagramParts values('UF11-01_0690-01440159988', 'UF11-01_0690', 05, 'Owner&apos;s handbook E87 with iDrive', 'IT, MJ 2006', 1, to_date('20050901','YYYYMMDD'), to_date('20060901','YYYYMMDD'), '01440159988', '', '', false);
insert into DiagramParts values('UF11-01_0690-01440012919', 'UF11-01_0690', 05, 'Owner&apos;s handbook E87 with iDrive', 'IT, MJ 2007', 1, to_date('20060901','YYYYMMDD'), to_date('20070301','YYYYMMDD'), '01440012919', '', '', false);
insert into DiagramParts values('UF11-01_0690-01450159500', 'UF11-01_0690', 06, 'Owner&apos;s handbook E87 with iDrive', 'SV, MJ 2005', 1, to_date('20040601','YYYYMMDD'), to_date('20050901','YYYYMMDD'), '01450159500', '', '', false);
insert into DiagramParts values('UF11-01_0690-01450159989', 'UF11-01_0690', 06, 'Owner&apos;s handbook E87 with iDrive', 'SV, MJ 2006', 1, to_date('20050901','YYYYMMDD'), to_date('20060901','YYYYMMDD'), '01450159989', '', '', false);
insert into DiagramParts values('UF11-01_0690-01450012920', 'UF11-01_0690', 06, 'Owner&apos;s handbook E87 with iDrive', 'SV, MJ 2007', 1, to_date('20060901','YYYYMMDD'), to_date('20070301','YYYYMMDD'), '01450012920', '', '', false);
insert into DiagramParts values('UF11-01_0690-01460159501', 'UF11-01_0690', 07, 'Owner&apos;s handbook E87 with iDrive', 'NL, MJ 2005', 1, to_date('20040601','YYYYMMDD'), to_date('20050901','YYYYMMDD'), '01460159501', '', '', false);
insert into DiagramParts values('UF11-01_0690-01460159990', 'UF11-01_0690', 07, 'Owner&apos;s handbook E87 with iDrive', 'NL, MJ 2006', 1, to_date('20050901','YYYYMMDD'), to_date('20060901','YYYYMMDD'), '01460159990', '', '', false);
insert into DiagramParts values('UF11-01_0690-01460012921', 'UF11-01_0690', 07, 'Owner&apos;s handbook E87 with iDrive', 'NL, MJ 2007', 1, to_date('20060901','YYYYMMDD'), to_date('20070301','YYYYMMDD'), '01460012921', '', '', false);
insert into DiagramParts values('UF11-01_0690-01470159502', 'UF11-01_0690', 08, 'Owner&apos;s handbook E87 with iDrive', 'AR, MJ 2005', 1, to_date('20040601','YYYYMMDD'), to_date('20050901','YYYYMMDD'), '01470159502', '', '', false);
insert into DiagramParts values('UF11-01_0690-01470159991', 'UF11-01_0690', 08, 'Owner&apos;s handbook E87 with iDrive', 'AR, MJ 2006', 1, to_date('20050901','YYYYMMDD'), to_date('20060901','YYYYMMDD'), '01470159991', '', '', false);
insert into DiagramParts values('UF11-01_0690-01470012922', 'UF11-01_0690', 08, 'Owner&apos;s handbook E87 with iDrive', 'AR, MJ 2007', 1, to_date('20060901','YYYYMMDD'), to_date('20070301','YYYYMMDD'), '01470012922', '', '', false);
insert into DiagramParts values('UF11-01_0690-01480012923', 'UF11-01_0690', 08, 'Owner&apos;s handbook E87 with iDrive', 'DA, MJ 2007', 1, to_date('20060901','YYYYMMDD'), to_date('20070301','YYYYMMDD'), '01480012923', '', '', false);
insert into DiagramParts values('UF11-01_0690-01480159503', 'UF11-01_0690', 09, 'Owner&apos;s handbook E87 with iDrive', 'DA, MJ 2005', 1, to_date('20040601','YYYYMMDD'), to_date('20050901','YYYYMMDD'), '01480159503', '', '', false);
insert into DiagramParts values('UF11-01_0690-01480159992', 'UF11-01_0690', 09, 'Owner&apos;s handbook E87 with iDrive', 'DA, MJ 2006', 1, to_date('20050901','YYYYMMDD'), to_date('20060901','YYYYMMDD'), '01480159992', '', '', false);
insert into DiagramParts values('UF11-01_0690-01490159504', 'UF11-01_0690', 10, 'Owner&apos;s handbook E87 with iDrive', 'PT, MJ 2005', 1, to_date('20040601','YYYYMMDD'), to_date('20050901','YYYYMMDD'), '01490159504', '', '', false);
insert into DiagramParts values('UF11-01_0690-01490159993', 'UF11-01_0690', 10, 'Owner&apos;s handbook E87 with iDrive', 'PT, MJ 2006', 1, to_date('20050901','YYYYMMDD'), to_date('20060901','YYYYMMDD'), '01490159993', '', '', false);
insert into DiagramParts values('UF11-01_0690-01490012924', 'UF11-01_0690', 10, 'Owner&apos;s handbook E87 with iDrive', 'PT, MJ 2007', 1, to_date('20060901','YYYYMMDD'), to_date('20070301','YYYYMMDD'), '01490012924', '', '', false);
insert into DiagramParts values('UF11-01_0690-01490159505', 'UF11-01_0690', 13, 'Owner&apos;s handbook E87 with iDrive', 'EL, MJ 2005', 1, to_date('20040601','YYYYMMDD'), to_date('20050901','YYYYMMDD'), '01490159505', '', '', false);
insert into DiagramParts values('UF11-01_0690-01490159994', 'UF11-01_0690', 13, 'Owner&apos;s handbook E87 with iDrive', 'EL, MJ 2006', 1, to_date('20050901','YYYYMMDD'), to_date('20060901','YYYYMMDD'), '01490159994', '', '', false);
insert into DiagramParts values('UF11-01_0690-01490012925', 'UF11-01_0690', 13, 'Owner&apos;s handbook E87 with iDrive', 'EL, MJ 2007', 1, to_date('20060901','YYYYMMDD'), to_date('20070301','YYYYMMDD'), '01490012925', '', '', false);
insert into Diagram values('UF11-01_0690','UF11-20030400','01-05','E87 116i   Owner&apos;s manual for E81, E87 with iDrive','');
insert into DiagramParts values('UF11-01_0727-01400011871', 'UF11-01_0727', 01, 'Brief instructions E87 without iDrive', 'DE', 1, to_date('20050901','YYYYMMDD'), to_date('20070301','YYYYMMDD'), '01400011871', '', '', false);
insert into DiagramParts values('UF11-01_0727-01400011882', 'UF11-01_0727', 01, 'Brief instructions E87 with iDrive', 'DE', 1, to_date('20050901','YYYYMMDD'), to_date('20070301','YYYYMMDD'), '01400011882', '', '', false);
insert into DiagramParts values('UF11-01_0727-01410011883', 'UF11-01_0727', 02, 'Brief instructions E87 with iDrive', 'EN', 1, to_date('20050901','YYYYMMDD'), to_date('20070301','YYYYMMDD'), '01410011883', '', '', false);
insert into Diagram values('UF11-01_0727','UF11-20030400','01-05','E87 116i   Brief instructions E81, E82, E87, E','');
insert into Diagram values('UF11-01_0756','UF11-20030400','01-05','E87 116i   Mirror placard','');
insert into Diagram values('UF11-01_0780','UF11-20030400','01-05','E87 116i   Brochure Service Contact, BMW','');
insert into DiagramParts values('UF11-01_1080-01402918756', 'UF11-01_1080', 02, 'Supplement Owner&apos;s Manual license texts', 'MULTILINGUAL', 1, to_date('20130301','YYYYMMDD'), to_date('20130701','YYYYMMDD'), '01402918756', '', '', false);
insert into Diagram values('UF11-01_1080','UF11-20030400','01-05','E87 116i   Flyer, license texts for BMW','');
insert into DiagramParts values('UF11-01_0606-01400012026', 'UF11-01_0606', 01, 'Operating instructions, radio &quot;de&quot;', 'SA663', 1, to_date('20060901','YYYYMMDD'), to_date('20070301','YYYYMMDD'), '01400012026', '', '', false);
insert into DiagramParts values('UF11-01_0606-01400159098', 'UF11-01_0606', 01, 'Operating instructions, radio &quot;de&quot;', 'SA663', 1, to_date('20050301','YYYYMMDD'), to_date('20050901','YYYYMMDD'), '01400159098', '', '', false);
insert into DiagramParts values('UF11-01_0606-01410012027', 'UF11-01_0606', 02, 'Operating instructions, radio &quot;en&quot;', 'SA663', 1, to_date('20060901','YYYYMMDD'), to_date('20070301','YYYYMMDD'), '01410012027', '', '', false);
insert into DiagramParts values('UF11-01_0606-01410159099', 'UF11-01_0606', 02, 'Operating instructions, radio &quot;en&quot;', 'SA663', 1, to_date('20050301','YYYYMMDD'), to_date('20050901','YYYYMMDD'), '01410159099', '', '', false);
insert into DiagramParts values('UF11-01_0606-01420012028', 'UF11-01_0606', 03, 'Operating instructions, radio &quot;fr&quot;', 'SA663', 1, to_date('20060901','YYYYMMDD'), to_date('20070301','YYYYMMDD'), '01420012028', '', '', false);
insert into DiagramParts values('UF11-01_0606-01420159100', 'UF11-01_0606', 03, 'Operating instructions, radio &quot;fr&quot;', 'SA663', 1, to_date('20050301','YYYYMMDD'), to_date('20050901','YYYYMMDD'), '01420159100', '', '', false);
insert into DiagramParts values('UF11-01_0606-01430012029', 'UF11-01_0606', 04, 'Operating instructions, radio &quot;es&quot;', 'SA663', 1, to_date('20060901','YYYYMMDD'), to_date('20070301','YYYYMMDD'), '01430012029', '', '', false);
insert into DiagramParts values('UF11-01_0606-01430158404', 'UF11-01_0606', 04, 'Operating instructions, radio &quot;es&quot;', 'SA663', 1, to_date('20041201','YYYYMMDD'), to_date('20050301','YYYYMMDD'), '01430158404', '', '', false);
insert into DiagramParts values('UF11-01_0606-01430159101', 'UF11-01_0606', 04, 'Operating instructions, radio &quot;es&quot;', 'SA663', 1, to_date('20050301','YYYYMMDD'), to_date('20050901','YYYYMMDD'), '01430159101', '', '', false);
insert into DiagramParts values('UF11-01_0606-01440012030', 'UF11-01_0606', 05, 'Operating instructions, radio &quot;it&quot;', 'SA663', 1, to_date('20060901','YYYYMMDD'), to_date('20070301','YYYYMMDD'), '01440012030', '', '', false);
insert into DiagramParts values('UF11-01_0606-01440159102', 'UF11-01_0606', 05, 'Operating instructions, radio &quot;it&quot;', 'SA663', 1, to_date('20050301','YYYYMMDD'), to_date('20050901','YYYYMMDD'), '01440159102', '', '', false);
insert into DiagramParts values('UF11-01_0606-01450012031', 'UF11-01_0606', 06, 'Operating instructions, radio &quot;sv&quot;', 'SA663', 1, to_date('20060901','YYYYMMDD'), to_date('20070301','YYYYMMDD'), '01450012031', '', '', false);
insert into DiagramParts values('UF11-01_0606-01450159103', 'UF11-01_0606', 06, 'Operating instructions, radio &quot;sv&quot;', 'SA663', 1, to_date('20050301','YYYYMMDD'), to_date('20050901','YYYYMMDD'), '01450159103', '', '', false);
insert into DiagramParts values('UF11-01_0606-01460012032', 'UF11-01_0606', 07, 'Operating instructions, radio &quot;nl&quot;', 'SA663', 1, to_date('20060901','YYYYMMDD'), to_date('20070301','YYYYMMDD'), '01460012032', '', '', false);
insert into DiagramParts values('UF11-01_0606-01460159104', 'UF11-01_0606', 07, 'Operating instructions, radio &quot;nl&quot;', 'SA663', 1, to_date('20050301','YYYYMMDD'), to_date('20050901','YYYYMMDD'), '01460159104', '', '', false);
insert into DiagramParts values('UF11-01_0606-01470012033', 'UF11-01_0606', 08, 'Operating instructions, radio &quot;ar&quot;', 'SA663', 1, to_date('20060901','YYYYMMDD'), to_date('20070301','YYYYMMDD'), '01470012033', '', '', false);
insert into DiagramParts values('UF11-01_0606-01470159105', 'UF11-01_0606', 08, 'Operating instructions, radio &quot;ar&quot;', 'SA663', 1, to_date('20050301','YYYYMMDD'), to_date('20050901','YYYYMMDD'), '01470159105', '', '', false);
insert into DiagramParts values('UF11-01_0606-01480012034', 'UF11-01_0606', 09, 'Operating instructions, radio &quot;da&quot;', 'SA663', 1, to_date('20060901','YYYYMMDD'), to_date('20070301','YYYYMMDD'), '01480012034', '', '', false);
insert into DiagramParts values('UF11-01_0606-01480159106', 'UF11-01_0606', 09, 'Operating instructions, radio &quot;da&quot;', 'SA663', 1, to_date('20050301','YYYYMMDD'), to_date('20050901','YYYYMMDD'), '01480159106', '', '', false);
insert into DiagramParts values('UF11-01_0606-01490012035', 'UF11-01_0606', 10, 'Operating instructions, radio &quot;pt&quot;', 'SA663', 1, to_date('20060901','YYYYMMDD'), to_date('20070301','YYYYMMDD'), '01490012035', '', '', false);
insert into DiagramParts values('UF11-01_0606-01490159107', 'UF11-01_0606', 10, 'Operating instructions, radio &quot;pt&quot;', 'SA663', 1, to_date('20050301','YYYYMMDD'), to_date('20050901','YYYYMMDD'), '01490159107', '', '', false);
insert into DiagramParts values('UF11-01_0606-01490012037', 'UF11-01_0606', 13, 'Operating instructions, radio &quot;el&quot;', 'SA663', 1, to_date('20060901','YYYYMMDD'), to_date('20070301','YYYYMMDD'), '01490012037', '', '', false);
insert into DiagramParts values('UF11-01_0606-01490159109', 'UF11-01_0606', 13, 'Operating instructions, radio &quot;el&quot;', 'SA663', 1, to_date('20050301','YYYYMMDD'), to_date('20050901','YYYYMMDD'), '01490159109', '', '', false);
insert into DiagramParts values('UF11-01_0606-01490012036', 'UF11-01_0606', 14, 'Operating instructions, radio &quot;zh&quot;', 'SA663', 1, to_date('20060901','YYYYMMDD'), to_date('20070301','YYYYMMDD'), '01490012036', '', '', false);
insert into Diagram values('UF11-01_0606','UF11-20030400','01-12','E87 116i   Radio E81,E82,E87,E88, E90,E91,E92,E93','');
insert into DiagramParts values('UF11-01_0302-01400011822', 'UF11-01_0302', 01, 'Owner&apos;s handbook, telephone &quot;de&quot;', 'SA633, SA644', 1, to_date('20050901','YYYYMMDD'), to_date('20060901','YYYYMMDD'), '01400011822', '', '', false);
insert into DiagramParts values('UF11-01_0302-01400012071', 'UF11-01_0302', 01, 'Owner&apos;s handbook, telephone &quot;de&quot;', 'SA633, SA644', 1, to_date('20060901','YYYYMMDD'), to_date('20070301','YYYYMMDD'), '01400012071', '', '', false);
insert into DiagramParts values('UF11-01_0302-01400014355', 'UF11-01_0302', 01, 'Owner&apos;s handbook, telephone &quot;de&quot;', 'SA633, SA644', 1, to_date('20070901','YYYYMMDD'), to_date('20080301','YYYYMMDD'), '01400014355', '', '', false);
insert into DiagramParts values('UF11-01_0302-01402600073', 'UF11-01_0302', 01, 'Owner&apos;s handbook, telephone &quot;de&quot;', 'SA633, SA644', 1, to_date('20050901','YYYYMMDD'), to_date('20060301','YYYYMMDD'), '01402600073', '', '', false);
insert into DiagramParts values('UF11-01_0302-01400012059', 'UF11-01_0302', 01, 'Owner&apos;s handbook, telephone &quot;de&quot;', 'SA633, SA644', 1, to_date('20060301','YYYYMMDD'), to_date('20060901','YYYYMMDD'), '01400012059', '', '', false);
insert into DiagramParts values('UF11-01_0302-01410011823', 'UF11-01_0302', 02, 'Owner&apos;s handbook, telephone &quot;en&quot;', 'SA633, SA644', 1, to_date('20050901','YYYYMMDD'), to_date('20060901','YYYYMMDD'), '01410011823', '', '', false);
insert into DiagramParts values('UF11-01_0302-01410012072', 'UF11-01_0302', 02, 'Owner&apos;s handbook, telephone &quot;en&quot;', 'SA633, SA644', 1, to_date('20060901','YYYYMMDD'), to_date('20070301','YYYYMMDD'), '01410012072', '', '', false);
insert into DiagramParts values('UF11-01_0302-01410014356', 'UF11-01_0302', 02, 'Owner&apos;s handbook, telephone &quot;en&quot;', 'SA633, SA644', 1, to_date('20070901','YYYYMMDD'), to_date('20080301','YYYYMMDD'), '01410014356', '', '', false);
insert into DiagramParts values('UF11-01_0302-01412600074', 'UF11-01_0302', 02, 'Owner&apos;s handbook, telephone &quot;en&quot;', 'SA633, SA644', 1, to_date('20050901','YYYYMMDD'), to_date('20060301','YYYYMMDD'), '01412600074', '', '', false);
insert into DiagramParts values('UF11-01_0302-01410012060', 'UF11-01_0302', 02, 'Owner&apos;s handbook, telephone &quot;en&quot;', 'SA633, SA644', 1, to_date('20060301','YYYYMMDD'), to_date('20060901','YYYYMMDD'), '01410012060', '', '', false);
insert into DiagramParts values('UF11-01_0302-01420011824', 'UF11-01_0302', 03, 'Owner&apos;s handbook, telephone &quot;fr&quot;', 'SA633, SA644', 1, to_date('20050901','YYYYMMDD'), to_date('20060901','YYYYMMDD'), '01420011824', '', '', false);
insert into DiagramParts values('UF11-01_0302-01420012073', 'UF11-01_0302', 03, 'Owner&apos;s handbook, telephone &quot;fr&quot;', 'SA633, SA644', 1, to_date('20060901','YYYYMMDD'), to_date('20070301','YYYYMMDD'), '01420012073', '', '', false);
insert into DiagramParts values('UF11-01_0302-01420014357', 'UF11-01_0302', 03, 'Owner&apos;s handbook, telephone &quot;fr&quot;', 'SA633, SA644', 1, to_date('20070901','YYYYMMDD'), to_date('20080301','YYYYMMDD'), '01420014357', '', '', false);
insert into DiagramParts values('UF11-01_0302-01422600075', 'UF11-01_0302', 03, 'Owner&apos;s handbook, telephone &quot;fr&quot;', 'SA633, SA644', 1, to_date('20050901','YYYYMMDD'), to_date('20060301','YYYYMMDD'), '01422600075', '', '', false);
insert into DiagramParts values('UF11-01_0302-01420012061', 'UF11-01_0302', 03, 'Owner&apos;s handbook, telephone &quot;fr&quot;', 'SA633, SA644', 1, to_date('20060301','YYYYMMDD'), to_date('20060901','YYYYMMDD'), '01420012061', '', '', false);
insert into DiagramParts values('UF11-01_0302-01430011825', 'UF11-01_0302', 04, 'Owner&apos;s handbook, telephone &quot;es&quot;', 'SA633, SA644', 1, to_date('20050901','YYYYMMDD'), to_date('20060901','YYYYMMDD'), '01430011825', '', '', false);
insert into DiagramParts values('UF11-01_0302-01430012074', 'UF11-01_0302', 04, 'Owner&apos;s handbook, telephone &quot;es&quot;', 'SA633, SA644', 1, to_date('20060901','YYYYMMDD'), to_date('20070301','YYYYMMDD'), '01430012074', '', '', false);
insert into DiagramParts values('UF11-01_0302-01430014358', 'UF11-01_0302', 04, 'Owner&apos;s handbook, telephone &quot;es&quot;', 'SA633, SA644', 1, to_date('20070901','YYYYMMDD'), to_date('20080301','YYYYMMDD'), '01430014358', '', '', false);
insert into DiagramParts values('UF11-01_0302-01432600076', 'UF11-01_0302', 04, 'Owner&apos;s handbook, telephone &quot;es&quot;', 'SA633, SA644', 1, to_date('20050901','YYYYMMDD'), to_date('20060301','YYYYMMDD'), '01432600076', '', '', false);
insert into DiagramParts values('UF11-01_0302-01430012062', 'UF11-01_0302', 04, 'Owner&apos;s handbook, telephone &quot;es&quot;', 'SA633, SA644', 1, to_date('20060301','YYYYMMDD'), to_date('20060901','YYYYMMDD'), '01430012062', '', '', false);
insert into DiagramParts values('UF11-01_0302-01440011826', 'UF11-01_0302', 05, 'Owner&apos;s handbook, telephone &quot;it&quot;', 'SA633, SA644', 1, to_date('20050901','YYYYMMDD'), to_date('20060901','YYYYMMDD'), '01440011826', '', '', false);
insert into DiagramParts values('UF11-01_0302-01440012075', 'UF11-01_0302', 05, 'Owner&apos;s handbook, telephone &quot;it&quot;', 'SA633, SA644', 1, to_date('20060901','YYYYMMDD'), to_date('20070301','YYYYMMDD'), '01440012075', '', '', false);
insert into DiagramParts values('UF11-01_0302-01440014359', 'UF11-01_0302', 05, 'Owner&apos;s handbook, telephone &quot;it&quot;', 'SA633, SA644', 1, to_date('20070901','YYYYMMDD'), to_date('20080301','YYYYMMDD'), '01440014359', '', '', false);
insert into DiagramParts values('UF11-01_0302-01442600077', 'UF11-01_0302', 05, 'Owner&apos;s handbook, telephone &quot;it&quot;', 'SA633, SA644', 1, to_date('20050901','YYYYMMDD'), to_date('20060301','YYYYMMDD'), '01442600077', '', '', false);
insert into DiagramParts values('UF11-01_0302-01440012063', 'UF11-01_0302', 05, 'Owner&apos;s handbook, telephone &quot;it&quot;', 'SA633, SA644', 1, to_date('20060301','YYYYMMDD'), to_date('20060901','YYYYMMDD'), '01440012063', '', '', false);
insert into DiagramParts values('UF11-01_0302-01450011827', 'UF11-01_0302', 06, 'Owner&apos;s handbook, telephone &quot;sv&quot;', 'SA633, SA644', 1, to_date('20050901','YYYYMMDD'), to_date('20060901','YYYYMMDD'), '01450011827', '', '', false);
insert into DiagramParts values('UF11-01_0302-01450012076', 'UF11-01_0302', 06, 'Owner&apos;s handbook, telephone &quot;sv&quot;', 'SA633, SA644', 1, to_date('20060901','YYYYMMDD'), to_date('20070301','YYYYMMDD'), '01450012076', '', '', false);
insert into DiagramParts values('UF11-01_0302-01450014360', 'UF11-01_0302', 06, 'Owner&apos;s handbook, telephone &quot;sv&quot;', 'SA633, SA644', 1, to_date('20070901','YYYYMMDD'), to_date('20080301','YYYYMMDD'), '01450014360', '', '', false);
insert into DiagramParts values('UF11-01_0302-01452600078', 'UF11-01_0302', 06, 'Owner&apos;s handbook, telephone &quot;sv&quot;', 'SA633, SA644', 1, to_date('20050901','YYYYMMDD'), to_date('20060301','YYYYMMDD'), '01452600078', '', '', false);
insert into DiagramParts values('UF11-01_0302-01450012064', 'UF11-01_0302', 06, 'Owner&apos;s handbook, telephone &quot;sv&quot;', 'SA633, SA644', 1, to_date('20060301','YYYYMMDD'), to_date('20060901','YYYYMMDD'), '01450012064', '', '', false);
insert into DiagramParts values('UF11-01_0302-01460011828', 'UF11-01_0302', 07, 'Owner&apos;s handbook, telephone &quot;nl&quot;', 'SA633, SA644', 1, to_date('20050901','YYYYMMDD'), to_date('20060901','YYYYMMDD'), '01460011828', '', '', false);
insert into DiagramParts values('UF11-01_0302-01460012077', 'UF11-01_0302', 07, 'Owner&apos;s handbook, telephone &quot;nl&quot;', 'SA633, SA644', 1, to_date('20060901','YYYYMMDD'), to_date('20070301','YYYYMMDD'), '01460012077', '', '', false);
insert into DiagramParts values('UF11-01_0302-01460014361', 'UF11-01_0302', 07, 'Owner&apos;s handbook, telephone &quot;nl&quot;', 'SA633, SA644', 1, to_date('20070901','YYYYMMDD'), to_date('20080301','YYYYMMDD'), '01460014361', '', '', false);
insert into DiagramParts values('UF11-01_0302-01462600079', 'UF11-01_0302', 07, 'Owner&apos;s handbook, telephone &quot;nl&quot;', 'SA633, SA644', 1, to_date('20050901','YYYYMMDD'), to_date('20060301','YYYYMMDD'), '01462600079', '', '', false);
insert into DiagramParts values('UF11-01_0302-01460012065', 'UF11-01_0302', 07, 'Owner&apos;s handbook, telephone &quot;nl&quot;', 'SA633, SA644', 1, to_date('20060301','YYYYMMDD'), to_date('20060901','YYYYMMDD'), '01460012065', '', '', false);
insert into DiagramParts values('UF11-01_0302-01470011829', 'UF11-01_0302', 08, 'Owner&apos;s handbook, telephone &quot;ar&quot;', 'SA633, SA644', 1, to_date('20050901','YYYYMMDD'), to_date('20060901','YYYYMMDD'), '01470011829', '', '', false);
insert into DiagramParts values('UF11-01_0302-01470012078', 'UF11-01_0302', 08, 'Owner&apos;s handbook, telephone &quot;ar&quot;', 'SA633, SA644', 1, to_date('20060901','YYYYMMDD'), to_date('20070301','YYYYMMDD'), '01470012078', '', '', false);
insert into DiagramParts values('UF11-01_0302-01470014362', 'UF11-01_0302', 08, 'Owner&apos;s handbook, telephone &quot;ar&quot;', 'SA633, SA644', 1, to_date('20070901','YYYYMMDD'), to_date('20080301','YYYYMMDD'), '01470014362', '', '', false);
insert into DiagramParts values('UF11-01_0302-01472600080', 'UF11-01_0302', 08, 'Owner&apos;s handbook, telephone &quot;ar&quot;', 'SA633, SA644', 1, to_date('20050901','YYYYMMDD'), to_date('20060301','YYYYMMDD'), '01472600080', '', '', false);
insert into DiagramParts values('UF11-01_0302-01470012066', 'UF11-01_0302', 08, 'Owner&apos;s handbook, telephone &quot;ar&quot;', 'SA633, SA644', 1, to_date('20060301','YYYYMMDD'), to_date('20060901','YYYYMMDD'), '01470012066', '', '', false);
insert into DiagramParts values('UF11-01_0302-01480011830', 'UF11-01_0302', 09, 'Owner&apos;s handbook, telephone &quot;da&quot;', 'SA633, SA644', 1, to_date('20050901','YYYYMMDD'), to_date('20060901','YYYYMMDD'), '01480011830', '', '', false);
insert into DiagramParts values('UF11-01_0302-01480012079', 'UF11-01_0302', 09, 'Owner&apos;s handbook, telephone &quot;da&quot;', 'SA633, SA644', 1, to_date('20060901','YYYYMMDD'), to_date('20070301','YYYYMMDD'), '01480012079', '', '', false);
insert into DiagramParts values('UF11-01_0302-01480014363', 'UF11-01_0302', 09, 'Owner&apos;s handbook, telephone &quot;da&quot;', 'SA633, SA644', 1, to_date('20070901','YYYYMMDD'), to_date('20080301','YYYYMMDD'), '01480014363', '', '', false);
insert into DiagramParts values('UF11-01_0302-01482600081', 'UF11-01_0302', 09, 'Owner&apos;s handbook, telephone &quot;da&quot;', 'SA633, SA644', 1, to_date('20050901','YYYYMMDD'), to_date('20060301','YYYYMMDD'), '01482600081', '', '', false);
insert into DiagramParts values('UF11-01_0302-01480012067', 'UF11-01_0302', 09, 'Owner&apos;s handbook, telephone &quot;da&quot;', 'SA633, SA644', 1, to_date('20060301','YYYYMMDD'), to_date('20060901','YYYYMMDD'), '01480012067', '', '', false);
insert into DiagramParts values('UF11-01_0302-01490011831', 'UF11-01_0302', 10, 'Owner&apos;s handbook, telephone &quot;pt&quot;', 'SA633, SA644', 1, to_date('20050901','YYYYMMDD'), to_date('20060901','YYYYMMDD'), '01490011831', '', '', false);
insert into DiagramParts values('UF11-01_0302-01490012080', 'UF11-01_0302', 10, 'Owner&apos;s handbook, telephone &quot;pt&quot;', 'SA633, SA644', 1, to_date('20060901','YYYYMMDD'), to_date('20070301','YYYYMMDD'), '01490012080', '', '', false);
insert into DiagramParts values('UF11-01_0302-01490014364', 'UF11-01_0302', 10, 'Owner&apos;s handbook, telephone &quot;pt&quot;', 'SA633, SA644', 1, to_date('20070901','YYYYMMDD'), to_date('20080301','YYYYMMDD'), '01490014364', '', '', false);
insert into DiagramParts values('UF11-01_0302-01492600082', 'UF11-01_0302', 10, 'Owner&apos;s handbook, telephone &quot;pt&quot;', 'SA633, SA644', 1, to_date('20050901','YYYYMMDD'), to_date('20060301','YYYYMMDD'), '01492600082', '', '', false);
insert into DiagramParts values('UF11-01_0302-01490012068', 'UF11-01_0302', 10, 'Owner&apos;s handbook, telephone &quot;pt&quot;', 'SA633, SA644', 1, to_date('20060301','YYYYMMDD'), to_date('20060901','YYYYMMDD'), '01490012068', '', '', false);
insert into DiagramParts values('UF11-01_0302-01490011833', 'UF11-01_0302', 13, 'Owner&apos;s handbook, telephone &quot;el&quot;', 'SA633, SA644', 1, to_date('20050901','YYYYMMDD'), to_date('20060901','YYYYMMDD'), '01490011833', '', '', false);
insert into DiagramParts values('UF11-01_0302-01490014366', 'UF11-01_0302', 13, 'Owner&apos;s handbook, telephone &quot;el&quot;', 'SA633, SA644', 1, to_date('20070901','YYYYMMDD'), to_date('20080301','YYYYMMDD'), '01490014366', '', '', false);
insert into DiagramParts values('UF11-01_0302-01492600084', 'UF11-01_0302', 13, 'Owner&apos;s handbook, telephone &quot;el&quot;', 'SA633, SA644', 1, to_date('20050901','YYYYMMDD'), to_date('20060301','YYYYMMDD'), '01492600084', '', '', false);
insert into DiagramParts values('UF11-01_0302-01490012070', 'UF11-01_0302', 13, 'Owner&apos;s handbook, telephone &quot;el&quot;', 'SA633, SA644', 1, to_date('20060301','YYYYMMDD'), to_date('20060901','YYYYMMDD'), '01490012070', '', '', false);
insert into DiagramParts values('UF11-01_0302-01490011832', 'UF11-01_0302', 14, 'Owner&apos;s handbook, telephone &quot;zh&quot;', 'SA633, SA644', 1, to_date('20050901','YYYYMMDD'), to_date('20060901','YYYYMMDD'), '01490011832', '', '', false);
insert into DiagramParts values('UF11-01_0302-01490014365', 'UF11-01_0302', 14, 'Owner&apos;s handbook, telephone &quot;zh&quot;', 'SA633, SA644', 1, to_date('20070901','YYYYMMDD'), to_date('20080301','YYYYMMDD'), '01490014365', '', '', false);
insert into DiagramParts values('UF11-01_0302-01492600083', 'UF11-01_0302', 14, 'Owner&apos;s handbook, telephone &quot;zh&quot;', 'SA633, SA644', 1, to_date('20050901','YYYYMMDD'), to_date('20060301','YYYYMMDD'), '01492600083', '', '', false);
insert into DiagramParts values('UF11-01_0302-01490012069', 'UF11-01_0302', 14, 'Owner&apos;s handbook, telephone &quot;zh&quot;', 'SA633, SA644', 1, to_date('20060301','YYYYMMDD'), to_date('20060901','YYYYMMDD'), '01490012069', '', '', false);
insert into Diagram values('UF11-01_0302','UF11-20030400','01-14','E87 116i   Universal BMW mobile phone preparat.','');
insert into Diagram values('UF11-01_1128','UF11-20030400','01-19','E87 116i   EC Certificate of Conformity','');
insert into Diagram values('UF11-01_0169','UF11-20030400','01-21','E87 116i   Logbook slipcase BMW','');
insert into Diagram values('UF11-01_1140','UF11-20030400','01-21','E87 116i   Logbook slipcase BMW','');
insert into DiagramParts values('UF11-01_0029-01410159011', 'UF11-01_0029', 01, 'Supplem. to owner&apos;s manual, Australia', 'E87, MJ 05', 1, to_date('20041201','YYYYMMDD'), to_date('20050901','YYYYMMDD'), '01410159011', '', '', false);
insert into DiagramParts values('UF11-01_0029-01412600068', 'UF11-01_0029', 01, 'Supplem. to owner&apos;s manual, Australia', 'E87, MJ 2006', 1, to_date('20050901','YYYYMMDD'), to_date('20060301','YYYYMMDD'), '01412600068', '', '', false);
insert into DiagramParts values('UF11-01_0029-01410012043', 'UF11-01_0029', 01, 'Supplem. to owner&apos;s manual, Australia', 'E87, MJ 2006', 1, to_date('20060301','YYYYMMDD'), to_date('20070301','YYYYMMDD'), '01410012043', '', '', false);
insert into Diagram values('UF11-01_0029','UF11-20030400','01-24','E87 116i   Supplem. to owner&apos;s manual, Australia','');
insert into DiagramParts values('UF11-01_0589-01400011971', 'UF11-01_0589', 01, 'Service booklet, German', 'E87, E90, E91', 1, to_date('20040601','YYYYMMDD'), to_date('20060901','YYYYMMDD'), '01400011971', '', '', false);
insert into DiagramParts values('UF11-01_0589-01400013061', 'UF11-01_0589', 01, 'Service booklet, German', 'E8X, E9X', 1, to_date('20060901','YYYYMMDD'), to_date('20070901','YYYYMMDD'), '01400013061', '', '', false);
insert into DiagramParts values('UF11-01_0589-01410011972', 'UF11-01_0589', 02, 'Service booklet, English', 'E87, E90, E91', 1, to_date('20040601','YYYYMMDD'), to_date('20060901','YYYYMMDD'), '01410011972', '', '', false);
insert into DiagramParts values('UF11-01_0589-01410013062', 'UF11-01_0589', 02, 'Service booklet, English', 'E8X, E9X', 1, to_date('20060901','YYYYMMDD'), to_date('20070901','YYYYMMDD'), '01410013062', '', '', false);
insert into DiagramParts values('UF11-01_0589-01420011973', 'UF11-01_0589', 03, 'Service booklet, French', 'E87, E90, E91', 1, to_date('20040601','YYYYMMDD'), to_date('20060901','YYYYMMDD'), '01420011973', '', '', false);
insert into DiagramParts values('UF11-01_0589-01420013063', 'UF11-01_0589', 03, 'Service booklet, French', 'E8X, E9X', 1, to_date('20060901','YYYYMMDD'), to_date('20070901','YYYYMMDD'), '01420013063', '', '', false);
insert into DiagramParts values('UF11-01_0589-01430011974', 'UF11-01_0589', 04, 'Service booklet, Spanish', 'E87, E90, E91', 1, to_date('20040601','YYYYMMDD'), to_date('20060901','YYYYMMDD'), '01430011974', '', '', false);
insert into DiagramParts values('UF11-01_0589-01430013064', 'UF11-01_0589', 04, 'Service booklet, Spanish', 'E8X, E9X', 1, to_date('20060901','YYYYMMDD'), to_date('20070901','YYYYMMDD'), '01430013064', '', '', false);
insert into DiagramParts values('UF11-01_0589-01440011975', 'UF11-01_0589', 05, 'Service booklet, Italian', 'E87, E90, E91', 1, to_date('20040601','YYYYMMDD'), to_date('20060901','YYYYMMDD'), '01440011975', '', '', false);
insert into DiagramParts values('UF11-01_0589-01440013065', 'UF11-01_0589', 05, 'Service booklet, Italian', 'E8X, E9X', 1, to_date('20060901','YYYYMMDD'), to_date('20070901','YYYYMMDD'), '01440013065', '', '', false);
insert into DiagramParts values('UF11-01_0589-01450011976', 'UF11-01_0589', 06, 'Service booklet, Swedish', 'E87, E90, E91', 1, to_date('20040601','YYYYMMDD'), to_date('20060901','YYYYMMDD'), '01450011976', '', '', false);
insert into DiagramParts values('UF11-01_0589-01450013066', 'UF11-01_0589', 06, 'Service booklet, Swedish', 'E8X, E9X', 1, to_date('20060901','YYYYMMDD'), to_date('20070901','YYYYMMDD'), '01450013066', '', '', false);
insert into DiagramParts values('UF11-01_0589-01460011977', 'UF11-01_0589', 07, 'Service booklet, Dutch', 'E87, E90, E91', 1, to_date('20040601','YYYYMMDD'), to_date('20060901','YYYYMMDD'), '01460011977', '', '', false);
insert into DiagramParts values('UF11-01_0589-01460013067', 'UF11-01_0589', 07, 'Service booklet, Dutch', 'E8X, E9X', 1, to_date('20060901','YYYYMMDD'), to_date('20070901','YYYYMMDD'), '01460013067', '', '', false);
insert into DiagramParts values('UF11-01_0589-01470011978', 'UF11-01_0589', 08, 'Service booklet, Arabic', 'E87, E90, E91', 1, to_date('20040601','YYYYMMDD'), to_date('20060901','YYYYMMDD'), '01470011978', '', '', false);
insert into DiagramParts values('UF11-01_0589-01470013068', 'UF11-01_0589', 08, 'Service booklet, Arabic', 'E8X, E9X', 1, to_date('20060901','YYYYMMDD'), to_date('20070901','YYYYMMDD'), '01470013068', '', '', false);
insert into DiagramParts values('UF11-01_0589-01480011979', 'UF11-01_0589', 09, 'Service booklet, Danish', 'E87, E90, E91', 1, to_date('20040601','YYYYMMDD'), to_date('20060901','YYYYMMDD'), '01480011979', '', '', false);
insert into DiagramParts values('UF11-01_0589-01480013069', 'UF11-01_0589', 09, 'Service booklet, Danish', 'E8X, E9X', 1, to_date('20060901','YYYYMMDD'), to_date('20070901','YYYYMMDD'), '01480013069', '', '', false);
insert into DiagramParts values('UF11-01_0589-01490011980', 'UF11-01_0589', 10, 'Service booklet, Portuguese', 'E87, E90, E91', 1, to_date('20040601','YYYYMMDD'), to_date('20060901','YYYYMMDD'), '01490011980', '', '', false);
insert into DiagramParts values('UF11-01_0589-01490013070', 'UF11-01_0589', 10, 'Service booklet, Portuguese', 'E8X, E9X', 1, to_date('20060901','YYYYMMDD'), to_date('20070901','YYYYMMDD'), '01490013070', '', '', false);
insert into DiagramParts values('UF11-01_0589-01490011982', 'UF11-01_0589', 11, 'Service booklet, greek', 'E87, E90, E91', 1, to_date('20040601','YYYYMMDD'), to_date('20060901','YYYYMMDD'), '01490011982', '', '', false);
insert into DiagramParts values('UF11-01_0589-01490013071', 'UF11-01_0589', 11, 'Service booklet, greek', 'E8X, E9X', 1, to_date('20060901','YYYYMMDD'), to_date('20070901','YYYYMMDD'), '01490013071', '', '', false);
insert into DiagramParts values('UF11-01_0589-01490011981', 'UF11-01_0589', 12, 'Service booklet, Chinese', 'E87, E90, E91', 1, to_date('20040601','YYYYMMDD'), to_date('20060901','YYYYMMDD'), '01490011981', '', '', false);
insert into DiagramParts values('UF11-01_0589-01490013596', 'UF11-01_0589', 12, 'Service booklet, Chinese', 'E8X, E9X', 1, to_date('20060901','YYYYMMDD'), to_date('20070901','YYYYMMDD'), '01490013596', '', '', false);
insert into DiagramParts values('UF11-01_0589-01490013656', 'UF11-01_0589', 13, 'Service manual in Korean', 'E8X, E9X', 1, to_date('20060901','YYYYMMDD'), to_date('20070901','YYYYMMDD'), '01490013656', '', '', false);
insert into Diagram values('UF11-01_0589','UF11-20030400','01-26','E87 116i   BMW Service booklet 2004 - 2008','');
insert into Diagram values('UF11-01_0670','UF11-20030400','01-35','E87 116i   battery charge calendar','');
insert into Diagram values('UF11-01_0681','UF11-20030400','01-40','E87 116i   BMW Service plug unit','');
insert into Diagram values('UF11-01_0680','UF11-20030400','01-46','E87 116i   Service information, BMW','');
insert into Diagram values('UF11-01_0233','UF11-20030400','01-52','E87 116i   Mounting information, Owner&apos;s Manual BMW','');
insert into Diagram values('UF11-01_0299','UF11-20030400','01-52','E87 116i   BMW assembly instructions','');
insert into Diagram values('UF11-01_0635','UF11-20030400','01-60','E87 116i   BMW form','');
insert into Diagram values('UF11-01_0636','UF11-20030400','01-62','E87 116i   Trailer, BMW','');
insert into Diagram values('UF11-01_0637','UF11-20030400','01-64','E87 116i   Sticker, BMW','');
insert into Diagram values('UF11-01_0639','UF11-20030400','01-65','E87 116i   Labels BMW','');
insert into Diagram values('UF11-01_0612','UF11-20030400','01-70','E87 116i   CD/DVD SIP German BMW','');
insert into DiagramParts values('UF11-01_0671-01399789699', 'UF11-01_0671', 01, 'CD literature', 'LITERATUR', 1, to_date('19820901','YYYYMMDD'), to_date('19901201','YYYYMMDD'), '01399789699', '$8.11', '', false);
insert into Diagram values('UF11-01_0671','UF11-20030400','01-70','E87 116i   BMW CD/DVD miscellaneous','');
insert into Diagram values('UF11-01_0737','UF11-20030400','01-70','E87 116i   CD/DVD SIP complete vehicle BMW','');
insert into Diagram values('UF11-01_1172','UF11-20030400','01-70','E87 116i   DVD Web Based Training','');
insert into Diagram values('UF11-01_1045','UF11-20030400','01-94','E87 116i   Samples, upholstery colors, leather/fabr','');
insert into Diagram values('UF11-01_1046','UF11-20030400','01-94','E87 116i   Sample page, upholstery colors, fabric','');
insert into Diagram values('UF11-01_1047','UF11-20030400','01-94','E87 116i   Sample chart, upholstery colors, leather','');
insert into Diagram values('UF11-01_1048','UF11-20030400','01-94','E87 116i   Sample chart with interior moldings','');
insert into Diagram values('UF11-01_1049','UF11-20030400','01-94','E87 116i   Sample chart with interior moldings','');
insert into Diagram values('UF11-01_1050','UF11-20030400','01-94','E87 116i   Sample chart with interior moldings','');
insert into Diagram values('UF11-01_1051','UF11-20030400','01-94','E87 116i   Sample chart with interior colors','');
insert into Diagram values('UF11-01_1052','UF11-20030400','01-94','E87 116i   Sample chart with interior colors','');
insert into Diagram values('UF11-11_3171','UF11-20030400','11-05','E87 116i   Short Engine','');
insert into DiagramParts values('UF11-11_3172-11117570268', 'UF11-11_3172', 19, 'Dowel', 'D=10,5MM', 2, to_date('20070101','YYYYMMDD'), to_date('20070201','YYYYMMDD'), '11117570268', '', '', false);
insert into Diagram values('UF11-11_3172','UF11-20030400','11-10','E87 116i   Engine block','');
insert into Diagram values('UF11-11_3173','UF11-20030400','11-10','E87 116i   Engine Block Mounting Parts','');
insert into Diagram values('UF11-11_3694','UF11-20030400','11-10','E87 116i   OIL PAN/OIL LEVEL INDICATOR','');
insert into Diagram values('UF11-11_3296','UF11-20030400','11-15','E87 116i   Cylinder head, electr. add-on parts','');
insert into Diagram values('UF11-11_3381','UF11-20030400','11-15','E87 116i   Cylinder Head','');
insert into DiagramParts values('UF11-11_3382-11127578077', 'UF11-11_3382', 01, 'Set Bolt Cylinder Head', 'TORX M9/M10', 1, to_date('20070101','YYYYMMDD'), to_date('20070201','YYYYMMDD'), '11127578077', '', '', false);
insert into DiagramParts values('UF11-11_3382-11127509711', 'UF11-11_3382', 04, 'Cylinder Head Gasket Asbestos-Free', '0,70MM(+0,3)', 1, to_date('20070101','YYYYMMDD'), to_date('20070201','YYYYMMDD'), '11127509711', '$95.92', '', false);
insert into DiagramParts values('UF11-11_3382-11127563412', 'UF11-11_3382', 04, 'Cylinder Head Gasket Asbestos-Free', '0,5MM', 1, to_date('20070101','YYYYMMDD'), to_date('20070201','YYYYMMDD'), '11127563412', '', '', false);
insert into DiagramParts values('UF11-11_3382-11127578093', 'UF11-11_3382', 04, 'Cylinder Head Gasket Asbestos-Free', '0,8MM(+0,3)', 1, to_date('20070101','YYYYMMDD'), to_date('20070201','YYYYMMDD'), '11127578093', '', '', false);
insert into Diagram values('UF11-11_3382','UF11-20030400','11-15','E87 116i   Cylinder Head Attached Parts','');
insert into Diagram values('UF11-11_3383','UF11-20030400','11-15','E87 116i   Cylinder head cover','');
insert into Diagram values('UF11-11_3181','UF11-20030400','11-18','E87 116i   Belt Drive-Vibration Damper','');
insert into Diagram values('UF11-11_3182','UF11-20030400','11-18','E87 116i   Belt Drive Water Pump/Alternator','');
insert into Diagram values('UF11-11_3183','UF11-20030400','11-18','E87 116i   Belt Drive Climate Compressor','');
insert into Diagram values('UF11-11_3185','UF11-20030400','11-20','E87 116i   Crankshaft Connecting Rod','');
insert into DiagramParts values('UF11-11_3186-11257556435', 'UF11-11_3186', 03, 'REPAIR KIT PISTON RINGS', '(0)', 4, to_date('20051101','YYYYMMDD'), to_date('20070101','YYYYMMDD'), '11257556435', '', 'ENDED', false);
insert into Diagram values('UF11-11_3186','UF11-20030400','11-20','E87 116i   Crankshaft-Pistons','');
insert into Diagram values('UF11-11_3187','UF11-20030400','11-20','E87 116i   Flywheel / Twin Mass Flywheel','');
insert into Diagram values('UF11-11_3188','UF11-20030400','11-20','E87 116i   Flywheel automatic','');
insert into Diagram values('UF11-11_3345','UF11-20030400','11-20','E87 116i   Crankshaft With Bearing Shells','');
insert into Diagram values('UF11-11_3189','UF11-20030400','11-25','E87 116i   Timing and valve train-timing chain','');
insert into Diagram values('UF11-11_3384','UF11-20030400','11-25','E87 116i   VALVE TIMING GEAR - CAMSHAFT/VALVES','');
insert into Diagram values('UF11-11_3191','UF11-20030400','11-30','E87 116i   Lubricat.syst.-oil filter,heat exchanger','');
insert into Diagram values('UF11-11_3713','UF11-20030400','11-30','E87 116i   Lubrication system/Oil pump','');
insert into Diagram values('UF11-11_3714','UF11-20030400','11-30','E87 116i   Lubrication system/Oil pump drive','');
insert into Diagram values('UF11-11_3715','UF11-20030400','11-30','E87 116i   Lubrication system-Oil filter','');
insert into Diagram values('UF11-11_3192','UF11-20030400','11-35','E87 116i   Waterpump - Thermostat','');
insert into Diagram values('UF11-11_3193','UF11-20030400','11-35','E87 116i   Cooling System Water Hoses','');
insert into Diagram values('UF11-11_3718','UF11-20030400','11-40','E87 116i   Intake manifold system','');
insert into Diagram values('UF11-11_3716','UF11-20030400','11-45','E87 116i   Vacuum control - engine','');
insert into Diagram values('UF11-12_1139','UF11-20030400','12-05','E87 116i   Sensors','');
insert into Diagram values('UF11-12_1312','UF11-20030400','12-05','E87 116i   Ignition coil/spark plug','');
insert into Diagram values('UF11-12_1333','UF11-20030400','12-10','E87 116i   Basic cotrol unit DME / EKB945','');
insert into Diagram values('UF11-12_1309','UF11-20030400','12-20','E87 116i   Alternator 110A','');
insert into Diagram values('UF11-12_1310','UF11-20030400','12-20','E87 116i   Alternator 140/150A','');
insert into Diagram values('UF11-12_1311','UF11-20030400','12-25','E87 116i   Starter','');
insert into Diagram values('UF11-12_1317','UF11-20030400','12-28','E87 116i   Engine wiring harness, engine module','');
insert into Diagram values('UF11-12_1318','UF11-20030400','12-28','E87 116i   wiring harness, engine trans. module','');
insert into Diagram values('UF11-12_1330','UF11-20030400','12-28','E87 116i   wiring harness, engine ignition module','');
insert into Diagram values('UF11-12_1138','UF11-20030400','12-29','E87 116i   Cable starter','');
insert into Diagram values('UF11-12_1141','UF11-20030400','12-29','E87 116i   DIVERSE SMALL PARTS','');
insert into Diagram values('UF11-12_0907','UF11-20030400','12-31','E87 116i   Cable holder','');
insert into Diagram values('UF11-12_1238','UF11-20030400','12-31','E87 116i   CABLE HOLDER/COVERING','');
insert into Diagram values('UF11-12_1328','UF11-20030400','12-31','E87 116i   Cable Harness Fixings','');
insert into Diagram values('UF11-12_1043','UF11-20030400','12-32','E87 116i   Laminated contacts/spring contacts','');
insert into Diagram values('UF11-12_1459','UF11-20030400','12-32','E87 116i   Contact system MLK','');
insert into Diagram values('UF11-12_0495','UF11-20030400','12-35','E87 116i   RELAY MOTOR','');
insert into Diagram values('UF11-12_1205','UF11-20030400','12-35','E87 116i   RELAY MOTOR','');
insert into Diagram values('UF11-12_1327','UF11-20030400','12-35','E87 116i   Control unit box','');
insert into Diagram values('UF11-13_0901','UF11-20030400','13-15','E87 116i   Throttle Housing Assy','');
insert into Diagram values('UF11-13_0950','UF11-20030400','13-15','E87 116i   FUEL TANK BREATHER VALVE','');
insert into Diagram values('UF11-13_1122','UF11-20030400','13-15','E87 116i   FUEL INJECTION SYSTEM/INJECTION VALVE','');
insert into Diagram values('UF11-13_1123','UF11-20030400','13-20','E87 116i   Intake muffler/Filter cartridge/HFM','');
insert into Diagram values('UF11-16_0595','UF11-20030400','16-05','E87 116i   Fuel tank/mounting parts','');
insert into Diagram values('UF11-16_0597','UF11-20030400','16-10','E87 116i   Activated Charcoal Filter/FUEL VENTILAT','');
insert into Diagram values('UF11-16_0596','UF11-20030400','16-15','E87 116i   Fuel pipes / Mounting parts','');
insert into Diagram values('UF11-16_0601','UF11-20030400','16-15','E87 116i   Fuel filter/pump/fuel level sensor','');
insert into Diagram values('UF11-17_0319','UF11-20030400','17-05','E87 116i   Oil-cooler pipe/heat exchanger','');
insert into Diagram values('UF11-17_0322','UF11-20030400','17-05','E87 116i   Expansion tank','');
insert into Diagram values('UF11-17_0323','UF11-20030400','17-05','E87 116i   MOUNTING PARTS F RADIATOR','');
insert into Diagram values('UF11-17_0324','UF11-20030400','17-05','E87 116i   Fan housing, mounting parts','');
insert into Diagram values('UF11-17_0320','UF11-20030400','17-30','E87 116i   Cooling System Water Hoses','');
insert into Diagram values('UF11-17_0321','UF11-20030400','17-30','E87 116i   Cooling System Water Hoses','');
insert into Diagram values('UF11-17_0690','UF11-20030400','17-30','E87 116i   Cooling System Water Hoses','');
insert into Diagram values('UF11-17_0709','UF11-20030400','17-30','E87 116i   Cooling system coolant hoses','');
insert into Diagram values('UF11-17_0727','UF11-20030400','17-30','E87 116i   Cooling system coolant hoses','');
insert into Diagram values('UF11-18_0557','UF11-20030400','18-10','E87 116i   Exhaust manifold with catalyst','');
insert into Diagram values('UF11-18_0558','UF11-20030400','18-10','E87 116i   FRONT MUFFLER','');
insert into Diagram values('UF11-18_0559','UF11-20030400','18-20','E87 116i   Rear muffler','');
insert into Diagram values('UF11-18_0583','UF11-20030400','18-20','E87 116i   Sports rear silencer','');
insert into Diagram values('UF11-18_0596','UF11-20030400','18-20','E87 116i   Exhaust pipe tip','');
insert into Diagram values('UF11-18_0882','UF11-20030400','18-95','E87 116i   BMW Performance muffler system','');
insert into Diagram values('UF11-21_0234','UF11-20030400','21-05','E87 116i   Clutch','');
insert into Diagram values('UF11-21_0199','UF11-20030400','21-10','E87 116i   Clutch control','');
insert into Diagram values('UF11-22_0105','UF11-20030400','22-05','E87 116i   Engine Suspension','');
insert into Diagram values('UF11-22_0028','UF11-20030400','22-10','E87 116i   Gearbox suspension','');
insert into Diagram values('UF11-22_0106','UF11-20030400','22-10','E87 116i   Gearbox suspension','');
insert into Diagram values('UF11-23_0116','UF11-20030400','23-05','E87 116i   Manual Transmission S5D...G','');
insert into DiagramParts values('UF11-23_0996-23007559135', 'UF11-23_0996', 01, 'Rmfd-6 speed gearbox', 'GS6-17BG - TCAL', 1, to_date('20060301','YYYYMMDD'), to_date('20060601','YYYYMMDD'), '23007559135', '', 'ENDED', false);
insert into DiagramParts values('UF11-23_0996-23007565902', 'UF11-23_0996', 01, 'Rmfd-6 speed gearbox', 'GS6-17BG - TCAS', 1, to_date('20060301','YYYYMMDD'), to_date('20070301','YYYYMMDD'), '23007565902', '', 'ENDED', false);
insert into DiagramParts values('UF11-23_0996-23007570572', 'UF11-23_0996', 01, 'Rmfd-6 speed gearbox', 'GS6-17BG - TCAX', 1, to_date('20060301','YYYYMMDD'), to_date('20070901','YYYYMMDD'), '23007570572', '', 'ENDED', false);
insert into DiagramParts values('UF11-23_0996-23007575046', 'UF11-23_0996', 01, 'Rmfd-6 speed gearbox', 'GS6-17BG - TCBF', 1, to_date('20060301','YYYYMMDD'), to_date('20090901','YYYYMMDD'), '23007575046', '', 'ENDED', false);
insert into DiagramParts values('UF11-23_0996-23007604894', 'UF11-23_0996', 01, 'Rmfd-6 speed gearbox', 'GS6-17BG - TAH7', 1, to_date('20060301','YYYYMMDD'), to_date('20110301','YYYYMMDD'), '23007604894', '', 'ENDED', false);
insert into Diagram values('UF11-23_0996','UF11-20030400','23-05','E87 116i   Manual Transmission GS6-17BG','');
insert into Diagram values('UF11-23_0720','UF11-20030400','23-10','E87 116i   Gearbox parts - oxygen sensor holder','');
insert into Diagram values('UF11-23_0893','UF11-20030400','23-10','E87 116i   GEARBOX MOUNTING PARTS','');
insert into Diagram values('UF11-23_0997','UF11-20030400','23-10','E87 116i   GEARBOX MOUNTING PARTS','');
insert into Diagram values('UF11-23_0128','UF11-20030400','23-15','E87 116i   S5D...G inner gear shifting parts','');
insert into Diagram values('UF11-23_0129','UF11-20030400','23-15','E87 116i   S5D...G inner gear shifting parts','');
insert into Diagram values('UF11-23_0224','UF11-20030400','23-15','E87 116i   S5D...G countershaft/reverse gear','');
insert into Diagram values('UF11-23_0234','UF11-20030400','23-15','E87 116i   S5D...G housing + mounting parts','');
insert into Diagram values('UF11-23_0719','UF11-20030400','23-15','E87 116i   S5D...G drive shaft/output shaft','');
insert into DiagramParts values('UF11-23_1032-23121222972', 'UF11-23_1032', 03, 'Shaft seal', '30X50X7', 1, to_date('20060301','YYYYMMDD'), to_date('20121201','YYYYMMDD'), '23121222972', '$30.56', '', false);
insert into DiagramParts values('UF11-23_1032-23121228328', 'UF11-23_1032', 03, 'Shaft seal', '30X50X7', 1, to_date('20060301','YYYYMMDD'), to_date('20121201','YYYYMMDD'), '23121228328', '', 'See NoS No Stock', false);
insert into DiagramParts values('UF11-23_1032-23127564721', 'UF11-23_1032', 05, 'Screw plug', 'M18X1,5X18', 2, to_date('20060301','YYYYMMDD'), to_date('20090701','YYYYMMDD'), '23127564721', '', 'ENDED', false);
insert into DiagramParts values('UF11-23_1032-23137572514', 'UF11-23_1032', 06, 'Vent screw', 'M10X20', 1, to_date('20060301','YYYYMMDD'), to_date('20060601','YYYYMMDD'), '23137572514', '', '', false);
insert into Diagram values('UF11-23_1032','UF11-20030400','23-15','E87 116i   GS6-17BG/DG Seals,gaskets/mounted parts','');
insert into Diagram values('UF11-23_1033','UF11-20030400','23-15','E87 116i   GS6-17BG gearshift parts','');
insert into Diagram values('UF11-24_1024','UF11-20030400','24-05','E87 116i   Automatic transmission GA6HP19Z','');
insert into Diagram values('UF11-24_1049','UF11-20030400','24-10','E87 116i   GEARBOX MOUNTING PARTS','');
insert into Diagram values('UF11-24_1043','UF11-20030400','24-15','E87 116i   GA6HP19Z housing with mounting parts','');
insert into Diagram values('UF11-24_1044','UF11-20030400','24-15','E87 116i   GA6HP19Z oil pan','');
insert into Diagram values('UF11-24_1045','UF11-20030400','24-15','E87 116i   GA6HP19Z output','');
insert into Diagram values('UF11-24_1046','UF11-20030400','24-15','E87 116i   GA6HP19Z Mechatronics','');
insert into Diagram values('UF11-24_1048','UF11-20030400','24-15','E87 116i   GA6HP19Z Mechatronics mounting parts','');
insert into Diagram values('UF11-24_1372','UF11-20030400','24-15','E87 116i   Fluid-change kit, autom. transmission','');
insert into Diagram values('UF11-25_0382','UF11-20030400','25-05','E87 116i   Gearbox shifting part','');
insert into Diagram values('UF11-25_0388','UF11-20030400','25-05','E87 116i   Gearbox shifting part','');
insert into DiagramParts values('UF11-25_0383-25118036624', 'UF11-25_0383', 03, 'Leather shift knob with boot/6-speed', 'SCHWARZ/M', 1, to_date('20060301','YYYYMMDD'), to_date('20060601','YYYYMMDD'), '25118036624', '', '', false);
insert into Diagram values('UF11-25_0383','UF11-20030400','25-10','E87 116i   GEAR SHIFT KNOBS/SHIFT LEVER COVERINGS','');
insert into Diagram values('UF11-25_0461','UF11-20030400','25-10','E87 116i   Performance shift knob','');
insert into Diagram values('UF11-25_0436','UF11-20030400','25-20','E87 116i   AUTOM.TRANSMISS.STEPTRONIC SHIFT PARTS','');
insert into Diagram values('UF11-25_0384','UF11-20030400','25-25','E87 116i   Selector lever handles / Covers','');
insert into Diagram values('UF11-25_0419','UF11-20030400','25-95','E87 116i   Retrofit, wooden selector lever knob','');
insert into Diagram values('UF11-25_0439','UF11-20030400','25-95','E87 116i   Retrofit, sport switch knob','');
insert into Diagram values('UF11-25_0484','UF11-20030400','25-95','E87 116i   BMW Performance selector lever handle','');
insert into Diagram values('UF11-26_0215','UF11-20030400','26-05','E87 116i   Drive shaft (swivel joint)','');
insert into Diagram values('UF11-26_0217','UF11-20030400','26-10','E87 116i   Drive shaft,univ.joint/center mounting','');
insert into Diagram values('UF11-27_0034','UF11-20030400','27-95','E87 116i   Retrofit, wooden gearshift knob','');
insert into Diagram values('UF11-31_0693','UF11-20030400','31-05','E87 116i   Frnt axle support,wishbone/tension strut','');
insert into Diagram values('UF11-31_0697','UF11-20030400','31-05','E87 116i   HEADLIGHT VERTICAL AIM CONTROL SENSOR','');
insert into Diagram values('UF11-31_0695','UF11-20030400','31-10','E87 116i   GUIDE SUPPORT/SPRING PAD/ATTACHING PARTS','');
insert into DiagramParts values('UF11-31_0696-31356796301', 'UF11-31_0696', 01, 'Stabilizer front with rubber mounting', 'D=26,5MM', 1, to_date('20041101','YYYYMMDD'), to_date('20050501','YYYYMMDD'), '31356796301', '', '', false);
insert into DiagramParts values('UF11-31_0696-31356765574', 'UF11-31_0696', 02, 'Stabilizer rubber mounting', 'D=26,5MM', 2, to_date('20041101','YYYYMMDD'), to_date('20050501','YYYYMMDD'), '31356765574', '$19.25', '', false);
insert into Diagram values('UF11-31_0696','UF11-20030400','31-10','E87 116i   Stabilizer, front','');
insert into Diagram values('UF11-31_0698','UF11-20030400','31-10','E87 116i   FRONT COIL SPRING','');
insert into Diagram values('UF11-31_0736','UF11-20030400','31-10','E87 116i   Front Spring strut/Carrier/Wheel bearing','');
insert into Diagram values('UF11-31_0891','UF11-20030400','31-95','E87 116i   Performance suspension','');
insert into Diagram values('UF11-31_0892','UF11-20030400','31-95','E87 116i   Performance suspension','');
insert into Diagram values('UF11-32_1509','UF11-20030400','32-10','E87 116i   Hydro steering box','');
insert into Diagram values('UF11-32_1284','UF11-20030400','32-15','E87 116i   Power steering pump','');
insert into Diagram values('UF11-32_1506','UF11-20030400','32-20','E87 116i   HYDRO STEERING-OIL PIPES','');
insert into Diagram values('UF11-32_1513','UF11-20030400','32-20','E87 116i   OIL CARRIER/SINGLE PARTS','');
insert into Diagram values('UF11-32_1510','UF11-20030400','32-25','E87 116i   STEERING LINKAGE/TIE RODS','');
insert into Diagram values('UF11-32_1515','UF11-20030400','32-30','E87 116i   Manually adjust. steering column','');
insert into Diagram values('UF11-32_1516','UF11-20030400','32-30','E87 116i   STEER.COL.-LOWER JOINT ASSY','');
insert into Diagram values('UF11-32_1517','UF11-20030400','32-35','E87 116i   Steering wheel airbag','');
insert into DiagramParts values('UF11-32_1518-32306777630', 'UF11-32_1518', 01, 'Sport steering wheel rim', 'LEDER', 1, to_date('20060201','YYYYMMDD'), to_date('20090901','YYYYMMDD'), '32306777630', '$383.97', '', false);
insert into Diagram values('UF11-32_1518','UF11-20030400','32-35','E87 116i   Airbag sports steering wheel','');
insert into DiagramParts values('UF11-32_1519-32306777630', 'UF11-32_1519', 01, 'Sport steering wheel rim', 'LEDER', 1, to_date('20060201','YYYYMMDD'), to_date('20090901','YYYYMMDD'), '32306777630', '$383.97', '', false);
insert into Diagram values('UF11-32_1519','UF11-20030400','32-35','E87 116i   Airbag sports steering wheel multifunct.','');
insert into Diagram values('UF11-32_1605','UF11-20030400','32-35','E87 116i   M sports steer.-wheel, airbag, leather','');
insert into Diagram values('UF11-32_1617','UF11-20030400','32-35','E87 116i   M sports strng whl,airbag,multifunction','');
insert into Diagram values('UF11-32_1592','UF11-20030400','32-95','E87 116i   Retrofit multi-functional steering wheel','');
insert into Diagram values('UF11-32_1773','UF11-20030400','32-95','E87 116i   Performance steering wheel with display','');
insert into Diagram values('UF11-32_1778','UF11-20030400','32-95','E87 116i   Performance steering wheel with display','');
insert into Diagram values('UF11-32_1834','UF11-20030400','32-95','E87 116i   Performance steering wheel','');
insert into Diagram values('UF11-32_1835','UF11-20030400','32-95','E87 116i   Performance steering wheel','');
insert into Diagram values('UF11-33_1232','UF11-20030400','33-05','E87 116i   DIFFERENTIAL-DRIVE/OUTPUT','');
insert into Diagram values('UF11-33_1236','UF11-20030400','33-10','E87 116i   Final drive, gasket set','');
insert into Diagram values('UF11-33_1244','UF11-20030400','33-25','E87 116i   Output shaft','');
insert into Diagram values('UF11-33_1229','UF11-20030400','33-30','E87 116i   REAR AXLE CARRIER','');
insert into Diagram values('UF11-33_1230','UF11-20030400','33-30','E87 116i   REAR AXLE SUPPORT/WHEEL SUSPENSION','');
insert into Diagram values('UF11-33_1237','UF11-20030400','33-30','E87 116i   HEADLIGHT VERTICAL AIM CONTROL SENSOR','');
insert into Diagram values('UF11-33_1231','UF11-20030400','33-40','E87 116i   SIDE SHAFT/WHEEL BEARINGS','');
insert into Diagram values('UF11-33_1233','UF11-20030400','33-45','E87 116i   REAR SPRING STRUT MOUNTING PARTS','');
insert into DiagramParts values('UF11-33_1234-33556764423', 'UF11-33_1234', 01, 'Stabilizer, rear', 'D=11MM', 1, to_date('20041101','YYYYMMDD'), to_date('20050401','YYYYMMDD'), '33556764423', '$119.80', '+core', false);
insert into Diagram values('UF11-33_1234','UF11-20030400','33-45','E87 116i   Stabilizer, rear','');
insert into Diagram values('UF11-33_1238','UF11-20030400','33-45','E87 116i   REAR COIL SPRING','');
insert into Diagram values('UF11-33_1338','UF11-20030400','33-95','E87 116i   Retrofit kit M sports suspension','');
insert into Diagram values('UF11-34_1414','UF11-20030400','34-05','E87 116i   Front brake pad wear sensor','');
insert into Diagram values('UF11-34_1766','UF11-20030400','34-07','E87 116i   Front brake-brake disc','');
insert into Diagram values('UF11-34_1417','UF11-20030400','34-10','E87 116i   Rear brake pad wear sensor','');
insert into Diagram values('UF11-34_1767','UF11-20030400','34-12','E87 116i   Rear wheel brake-Brake disc','');
insert into DiagramParts values('UF11-34_1400-34326774427', 'UF11-34_1400', 03, 'Pipe', 'M10/M12-1090MM', 1, to_date('20050701','YYYYMMDD'), to_date('20110401','YYYYMMDD'), '34326774427', '', 'ENDED', false);
insert into DiagramParts values('UF11-34_1400-34326770551', 'UF11-34_1400', 04, 'Pipe', 'M10/M10-2296MM', 1, to_date('20050701','YYYYMMDD'), to_date('20110401','YYYYMMDD'), '34326770551', '$10.13', '', false);
insert into Diagram values('UF11-34_1400','UF11-20030400','34-15','E87 116i   Brake pipe, front','');
insert into Diagram values('UF11-34_1401','UF11-20030400','34-15','E87 116i   Brake pipe, front','');
insert into Diagram values('UF11-34_1402','UF11-20030400','34-17','E87 116i   Brake pipe rear','');
insert into Diagram values('UF11-34_1805','UF11-20030400','34-17','E87 116i   Brake pipe rear','');
insert into Diagram values('UF11-34_1403','UF11-20030400','34-18','E87 116i   BRAKE PIPE REAR/MOUNTING','');
insert into DiagramParts values('UF11-34_1404-34506781284', 'UF11-34_1404', 07, 'Spacer sleeve', 'ZNS3', 3, to_date('20070701','YYYYMMDD'), to_date('20080901','YYYYMMDD'), '34506781284', '$8.16', '', false);
insert into Diagram values('UF11-34_1404','UF11-20030400','34-20','E87 116i   Hydro unit DSC/fastening/sensors','');
insert into Diagram values('UF11-34_1410','UF11-20030400','34-25','E87 116i   Brake master cylinder','');
insert into Diagram values('UF11-34_1411','UF11-20030400','34-27','E87 116i   Power brake unit depression','');
insert into Diagram values('UF11-34_1412','UF11-20030400','34-27','E87 116i   Power brake unit depression','');
insert into Diagram values('UF11-34_1493','UF11-20030400','34-27','E87 116i   Vacuum pump for brake servo unit','');
insert into Diagram values('UF11-34_1405','UF11-20030400','34-30','E87 116i   Handbrake lever','');
insert into Diagram values('UF11-34_1421','UF11-20030400','34-40','E87 116i   PARKING BRAKE/BRAKE SHOES','');
insert into Diagram values('UF11-34_1384','UF11-20030400','34-95','E87 116i   Retrofit, handbrake handle','');
insert into Diagram values('UF11-34_1562','UF11-20030400','34-95','E87 116i   Handbrake grip with chrome inlay','');
insert into Diagram values('UF11-34_1680','UF11-20030400','34-95','E87 116i   Set of BMW Performance Brakes front/rear','');
insert into Diagram values('UF11-34_1681','UF11-20030400','34-95','E87 116i   BMW Performance front wheel brake','');
insert into Diagram values('UF11-34_1691','UF11-20030400','34-95','E87 116i   BMW Performance Rear wheel brake','');
insert into Diagram values('UF11-34_1717','UF11-20030400','34-95','E87 116i   BMW Performance parking brake handle','');
insert into Diagram values('UF11-35_0291','UF11-20030400','35-05','E87 116i   Foot lever mech. with return spring','');
insert into Diagram values('UF11-35_0292','UF11-20030400','35-05','E87 116i   Foot lever mech. with return spring','');
insert into Diagram values('UF11-35_0294','UF11-20030400','35-05','E87 116i   Pedal assembly','');
insert into Diagram values('UF11-35_0274','UF11-20030400','35-20','E87 116i   Acceleration/accelerator pedal module','');
insert into Diagram values('UF11-35_0275','UF11-20030400','35-95','E87 116i   Aluminum pedal covers','');
insert into Diagram values('UF11-35_0315','UF11-20030400','35-95','E87 116i   Set of high-grade steel pedal covers','');
insert into Diagram values('UF11-35_0327','UF11-20030400','35-95','E87 116i   BMW Performance Alu pedal plates','');
insert into Diagram values('UF11-35_0377','UF11-20030400','35-95','E87 116i   Aluminum pedal covers','');
insert into Diagram values('UF11-36_0798','UF11-20030400','36-10','E87 116i   STEEL RIM STYL.12','');
insert into Diagram values('UF11-36_0799','UF11-20030400','36-15','E87 116i   BMW light alloy wheel, spider spoke 139','');
insert into Diagram values('UF11-36_0800','UF11-20030400','36-15','E87 116i   BMW light alloy wheel, radial spoke 32','');
insert into Diagram values('UF11-36_0801','UF11-20030400','36-15','E87 116i   BMW light alloy wheel, spider spoke 140','');
insert into Diagram values('UF11-36_0802','UF11-20030400','36-15','E87 116i   BMW light alloy wheel, V-spoke 141','');
insert into Diagram values('UF11-36_0803','UF11-20030400','36-15','E87 116i   BMW light alloy wheel, spider spoke 142','');
insert into Diagram values('UF11-36_0804','UF11-20030400','36-15','E87 116i   BMW light alloy wheel, spider spoke 151','');
insert into Diagram values('UF11-36_0805','UF11-20030400','36-15','E87 116i   BMW LA wheel/double spoke 178','');
insert into Diagram values('UF11-36_0806','UF11-20030400','36-15','E87 116i   BMW Composite wheel, star spoke 179','');
insert into Diagram values('UF11-36_0807','UF11-20030400','36-15','E87 116i   BMW LA wheel, star spoke 180','');
insert into Diagram values('UF11-36_0808','UF11-20030400','36-15','E87 116i   BMW LA wheel, star spoke 181','');
insert into Diagram values('UF11-36_0809','UF11-20030400','36-15','E87 116i   BMW LA wheel/double spoke 182','');
insert into Diagram values('UF11-36_0903','UF11-20030400','36-15','E87 116i   BMW LA wheel, double spoke 98','');
insert into Diagram values('UF11-36_0926','UF11-20030400','36-15','E87 116i   BMW alloy wheel M V-spoke 217','');
insert into Diagram values('UF11-36_0927','UF11-20030400','36-15','E87 116i   BMW alloy wheel, M double spoke 207','');
insert into Diagram values('UF11-36_0928','UF11-20030400','36-15','E87 116i   BMW alloy wheel, M double spoke 208','');
insert into Diagram values('UF11-36_0964','UF11-20030400','36-15','E87 116i   BMW light alloy wheel, V-spoke 229','');
insert into Diagram values('UF11-36_1052','UF11-20030400','36-15','E87 116i   BMW LA wheel/double spoke 222','');
insert into Diagram values('UF11-36_1053','UF11-20030400','36-15','E87 116i   BMW light alloy wheel, V-spoke 255','');
insert into Diagram values('UF11-36_1054','UF11-20030400','36-15','E87 116i   BMW LA wheel, star spoke 256','');
insert into Diagram values('UF11-36_1108','UF11-20030400','36-15','E87 116i   BMW LA wheel, star spoke 262','');
insert into Diagram values('UF11-36_1109','UF11-20030400','36-15','E87 116i   BMW LA wheel, W spoke 263','');
insert into Diagram values('UF11-36_1130','UF11-20030400','36-15','E87 116i   BMW LA wheel, dual spoke 261','');
insert into Diagram values('UF11-36_1131','UF11-20030400','36-15','E87 116i   BMW Performance LA wheel/double spoke269','');
insert into Diagram values('UF11-36_1135','UF11-20030400','36-15','E87 116i   BMW light alloy wheel, radial spoke 216','');
insert into Diagram values('UF11-36_1315','UF11-20030400','36-15','E87 116i   BMW LA wheel, Star Spoke 311','');
insert into Diagram values('UF11-36_1316','UF11-20030400','36-15','E87 116i   BMW Performance LA wheel DoubleSpoke 313','');
insert into Diagram values('UF11-36_1433','UF11-20030400','36-15','E87 116i   BMW LA wheel, V Spoke 360','');
insert into Diagram values('UF11-36_1607','UF11-20030400','36-15','E87 116i   BMW LA wheel Streamline 370','');
insert into Diagram values('UF11-36_1608','UF11-20030400','36-15','E87 116i   BMW LA wheel, Star Spoke 371','');
insert into Diagram values('UF11-36_1709','UF11-20030400','36-15','E87 116i   BMW LA wheel, M Double Spoke 313','');
insert into Diagram values('UF11-36_0812','UF11-20030400','36-20','E87 116i   Balance weight, zinc','');
insert into Diagram values('UF11-36_0811','UF11-20030400','36-25','E87 116i   WHEEL BOLT LOCK WITH ADAPTOR','');
insert into Diagram values('UF11-36_1032','UF11-20030400','36-25','E87 116i   SET WHEEL LOCKS','');
insert into Diagram values('UF11-36_0834','UF11-20030400','36-30','E87 116i   Summer tires','');
insert into Diagram values('UF11-36_1076','UF11-20030400','36-30','E87 116i   Winter tires','');
insert into Diagram values('UF11-36_0873','UF11-20030400','36-95','E87 116i   COMPL.WINT.TYRE+WHEEL,RADIAL STYLING 32','');
insert into Diagram values('UF11-36_0874','UF11-20030400','36-95','E87 116i   Radial spoke 139 complete winter wheel','');
insert into Diagram values('UF11-36_0924','UF11-20030400','36-95','E87 116i   Winter wheel/tire, steel','');
insert into Diagram values('UF11-36_0958','UF11-20030400','36-95','E87 116i   Winter complete wheel V spoke 141','');
insert into Diagram values('UF11-36_1168','UF11-20030400','36-95','E87 116i   Winterkomplettrad V-Speiche 229','');
insert into Diagram values('UF11-36_1274','UF11-20030400','36-95','E87 116i   Set emergency wheel with tyre','');
insert into Diagram values('UF11-36_1329','UF11-20030400','36-95','E87 116i   Winterkomplettrad Sternspeiche 256','');
insert into Diagram values('UF11-41_1594','UF11-20030400','41-05','E87 116i   Body skeleton','');
insert into Diagram values('UF11-41_1596','UF11-20030400','41-10','E87 116i   Front side panel','');
insert into Diagram values('UF11-41_1597','UF11-20030400','41-10','E87 116i   WHEELHOUSE/ENGINE SUPPORT','');
insert into Diagram values('UF11-41_1598','UF11-20030400','41-10','E87 116i   SPLASH WALL PARTS','');
insert into Diagram values('UF11-41_1599','UF11-20030400','41-10','E87 116i   FRONT BODY BRACKET LEFT','');
insert into Diagram values('UF11-41_1600','UF11-20030400','41-10','E87 116i   FRONT BODY BRACKET RIGHT','');
insert into Diagram values('UF11-41_1602','UF11-20030400','41-20','E87 116i   Cavity shielding, side frame','');
insert into Diagram values('UF11-41_1603','UF11-20030400','41-20','E87 116i   BODY-SIDE FRAME','');
insert into Diagram values('UF11-41_1604','UF11-20030400','41-20','E87 116i   SINGLE COMPONENTS FOR BODY-SIDE FRAME','');
insert into Diagram values('UF11-41_1605','UF11-20030400','41-20','E87 116i   Partition trunk/Floor parts','');
insert into Diagram values('UF11-41_1606','UF11-20030400','41-25','E87 116i   Mounting parts for trunk floor panel','');
insert into Diagram values('UF11-41_1608','UF11-20030400','41-25','E87 116i   FLOOR PARTS REAR EXTERIOR','');
insert into Diagram values('UF11-41_1609','UF11-20030400','41-25','E87 116i   SIDE PANEL/TAIL TRIM','');
insert into Diagram values('UF11-41_1610','UF11-20030400','41-25','E87 116i   FILL-IN FLAP','');
insert into Diagram values('UF11-41_1601','UF11-20030400','41-30','E87 116i   Roof','');
insert into Diagram values('UF11-41_1611','UF11-20030400','41-35','E87 116i   ENGINE HOOD/MOUNTING PARTS','');
insert into Diagram values('UF11-41_1641','UF11-20030400','41-35','E87 116i   ENGINE HOOD MECHANISM','');
insert into Diagram values('UF11-41_1612','UF11-20030400','41-40','E87 116i   FRONT DOOR-HINGE/DOOR BRAKE','');
insert into Diagram values('UF11-41_1635','UF11-20030400','41-40','E87 116i   Door weatherstrip front','');
insert into DiagramParts values('UF11-41_1639-51210037535', 'UF11-41_1639', 05, 'Set of keys with CAS control unit', '315 MHZ', 1, to_date('20041201','YYYYMMDD'), to_date('20080301','YYYYMMDD'), '51210037535', '', '', false);
insert into Diagram values('UF11-41_1639','UF11-20030400','41-40','E87 116i   Radio remote control','');
insert into Diagram values('UF11-41_1973','UF11-20030400','41-40','E87 116i   DOOR CONTROL FRONT','');
insert into Diagram values('UF11-41_1613','UF11-20030400','41-45','E87 116i   Door rear, hinge/door brake','');
insert into Diagram values('UF11-41_1634','UF11-20030400','41-45','E87 116i   DOOR CONTROL REAR','');
insert into Diagram values('UF11-41_1636','UF11-20030400','41-45','E87 116i   Door weatherstrip rear','');
insert into Diagram values('UF11-41_1640','UF11-20030400','41-50','E87 116i   Master key locking','');
insert into Diagram values('UF11-41_1614','UF11-20030400','41-60','E87 116i   TRUNK LID/CLOSING SYSTEM','');
insert into Diagram values('UF11-41_1615','UF11-20030400','41-60','E87 116i   SINGLE COMPONENTS FOR TRUNK LID','');
insert into Diagram values('UF11-41_1607','UF11-20030400','41-65','E87 116i   MECHANICAL CONNECTION ELEMENTS','');
insert into Diagram values('UF11-51_5434','UF11-20030400','51-05','E87 116i   Glazing','');
insert into DiagramParts values('UF11-51_5293-51167132736', 'UF11-51_5293', 01, 'Mirror glas, heated, wide-angle, right', 'CHROMFARBIG', 1, to_date('20090301','YYYYMMDD'), to_date('20090901','YYYYMMDD'), '51167132736', '$73.94', '', false);
insert into Diagram values('UF11-51_5293','UF11-20030400','51-07','E87 116i   MIRROR GLASS','');
insert into Diagram values('UF11-51_5294','UF11-20030400','51-07','E87 116i   Mirror glas with auto dip','');
insert into DiagramParts values('UF11-51_5472-51167234222', 'UF11-51_5472', 01, 'heated outside mirror, right', 'SHADOWLINE', 1, to_date('20080701','YYYYMMDD'), to_date('20090901','YYYYMMDD'), '51167234222', '', '', false);
insert into DiagramParts values('UF11-51_5472-51167234226', 'UF11-51_5472', 01, 'Outside mirror heated with memory,right', 'SHADOWLINE', 1, to_date('20080701','YYYYMMDD'), to_date('20090901','YYYYMMDD'), '51167234226', '', '', false);
insert into DiagramParts values('UF11-51_5472-51167189902', 'UF11-51_5472', 01, 'Outside mirror heated with memory,right', 'SHADOWLINE', 1, to_date('20060701','YYYYMMDD'), to_date('20080701','YYYYMMDD'), '51167189902', '', '', false);
insert into DiagramParts values('UF11-51_5472-51168036572', 'UF11-51_5472', 04, 'Supporting ring right', 'GLANZSCHWARZ', 1, to_date('20080701','YYYYMMDD'), to_date('20090901','YYYYMMDD'), '51168036572', '$32.17', '', false);
insert into Diagram values('UF11-51_5472','UF11-20030400','51-07','E87 116i   Outside mirror','');
insert into DiagramParts values('UF11-51_5473-51167234234', 'UF11-51_5473', 01, 'Outside mirror heated with memory,right', 'SHADOWLINE', 1, to_date('20080701','YYYYMMDD'), to_date('20090901','YYYYMMDD'), '51167234234', '', '', false);
insert into DiagramParts values('UF11-51_5473-51167234230', 'UF11-51_5473', 01, 'Outside mirror heated with memory,right', 'SHADOWLINE', 1, to_date('20080701','YYYYMMDD'), to_date('20090901','YYYYMMDD'), '51167234230', '', '', false);
insert into DiagramParts values('UF11-51_5473-51167189912', 'UF11-51_5473', 01, 'Outside mirror heated with memory,right', 'SHADOWLINE', 1, to_date('20060701','YYYYMMDD'), to_date('20080701','YYYYMMDD'), '51167189912', '', '', false);
insert into Diagram values('UF11-51_5473','UF11-20030400','51-07','E87 116i   Fold-in outside mirror','');
insert into Diagram values('UF11-51_5438','UF11-20030400','51-10','E87 116i   DOOR WINDOW LIFTING MECHANISM FRONT','');
insert into Diagram values('UF11-51_5439','UF11-20030400','51-10','E87 116i   Window frame cover, front door','');
insert into Diagram values('UF11-51_5440','UF11-20030400','51-12','E87 116i   DOOR WINDOW LIFTING MECHANISM REAR','');
insert into Diagram values('UF11-51_5441','UF11-20030400','51-12','E87 116i   Window frame cover, rear door','');
insert into Diagram values('UF11-51_5332','UF11-20030400','51-15','E87 116i   Trim panel, bumper, front','');
insert into Diagram values('UF11-51_5402','UF11-20030400','51-15','E87 116i   Carrier, bumper front','');
insert into Diagram values('UF11-51_5435','UF11-20030400','51-15','E87 116i   Bracket, PDC-sensors','');
insert into Diagram values('UF11-51_5977','UF11-20030400','51-15','E87 116i   M FRONT BUMPER TRIM PANEL','');
insert into DiagramParts values('UF11-51_5348-51477906818', 'UF11-51_5348', 15, 'M trim piece, front right entry', 'M', 1, to_date('20050901','YYYYMMDD'), to_date('20070301','YYYYMMDD'), '51477906818', '', '', false);
insert into DiagramParts values('UF11-51_5348-51477906820', 'UF11-51_5348', 16, 'M trim piece, rear right entry', 'M', 1, to_date('20050901','YYYYMMDD'), to_date('20070301','YYYYMMDD'), '51477906820', '', '', false);
insert into Diagram values('UF11-51_5348','UF11-20030400','51-16','E87 116i   Door sill','');
insert into Diagram values('UF11-51_6335','UF11-20030400','51-16','E87 116i   M door sill trim panel','');
insert into Diagram values('UF11-51_5403','UF11-20030400','51-17','E87 116i   Carrier, bumper rear','');
insert into Diagram values('UF11-51_5429','UF11-20030400','51-17','E87 116i   Bumper trim panel, rear','');
insert into Diagram values('UF11-51_5431','UF11-20030400','51-17','E87 116i   REAR BUMPER MOUNTING PARTS','');
insert into Diagram values('UF11-51_5985','UF11-20030400','51-17','E87 116i   M REAR BUMPER TRIM','');
insert into Diagram values('UF11-51_5414','UF11-20030400','51-20','E87 116i   Exterior trim and door seals','');
insert into Diagram values('UF11-51_5442','UF11-20030400','51-20','E87 116i   Exterior trim / Grille / Seals','');
insert into Diagram values('UF11-51_5465','UF11-20030400','51-20','E87 116i   Emblems','');
insert into Diagram values('UF11-51_5503','UF11-20030400','51-30','E87 116i   Carrier instrument panel','');
insert into Diagram values('UF11-51_5504','UF11-20030400','51-30','E87 116i   Trim panel dashboard','');
insert into Diagram values('UF11-51_5505','UF11-20030400','51-30','E87 116i   GLOVE BOX','');
insert into Diagram values('UF11-51_9041','UF11-20030400','51-30','E87 116i   Switch unit cover, center console','');
insert into Diagram values('UF11-51_9135','UF11-20030400','51-30','E87 116i   Mounting parts, I-panel, bottom','');
insert into Diagram values('UF11-51_5508','UF11-20030400','51-35','E87 116i   Center console','');
insert into Diagram values('UF11-51_5509','UF11-20030400','51-35','E87 116i   Armrest, centre console','');
insert into Diagram values('UF11-51_5540','UF11-20030400','51-35','E87 116i   Mounting parts, center console','');
insert into Diagram values('UF11-51_5510','UF11-20030400','51-40','E87 116i   Sun visors','');
insert into Diagram values('UF11-51_5511','UF11-20030400','51-40','E87 116i   Inside mirror manually dippable','');
insert into Diagram values('UF11-51_5512','UF11-20030400','51-40','E87 116i   Interior mirror with automatic-dip','');
insert into Diagram values('UF11-51_5515','UF11-20030400','51-40','E87 116i   Headlining / Handle','');
insert into Diagram values('UF11-51_5516','UF11-20030400','51-40','E87 116i   Headlin./Handle lift-up&slide-back sunr.','');
insert into Diagram values('UF11-51_5517','UF11-20030400','51-40','E87 116i   Trim panel A- / B- / C-Column','');
insert into Diagram values('UF11-51_5522','UF11-20030400','51-40','E87 116i   REAR WINDOW SHELF','');
insert into Diagram values('UF11-51_6211','UF11-20030400','51-40','E87 116i   Headlining / Handle','');
insert into Diagram values('UF11-51_6212','UF11-20030400','51-40','E87 116i   Headlin./Handle lift-up&slide-back sunr.','');
insert into Diagram values('UF11-51_5513','UF11-20030400','51-50','E87 116i   Door trim panel, front','');
insert into Diagram values('UF11-51_5514','UF11-20030400','51-50','E87 116i   Door trim, rear','');
insert into Diagram values('UF11-51_5535','UF11-20030400','51-50','E87 116i   Door trim panel rear/Eler. window lifter','');
insert into Diagram values('UF11-51_5518','UF11-20030400','51-55','E87 116i   TRIM PANEL LEG ROOM','');
insert into Diagram values('UF11-51_5519','UF11-20030400','51-55','E87 116i   Cover, entrance','');
insert into Diagram values('UF11-51_5521','UF11-20030400','51-55','E87 116i   FLOOR COVERING','');
insert into DiagramParts values('UF11-51_6668-51479171368', 'UF11-51_6668', 03, 'Velcro element with screw thread', 'D 62MM', 2, to_date('20070901','YYYYMMDD'), to_date('20110801','YYYYMMDD'), '51479171368', '$8.03', '', false);
insert into Diagram values('UF11-51_6668','UF11-20030400','51-55','E87 116i   Floor mats, velours','');
insert into Diagram values('UF11-51_5523','UF11-20030400','51-65','E87 116i   TRUNK LID TRIM PANEL','');
insert into Diagram values('UF11-51_5525','UF11-20030400','51-65','E87 116i   LEFT TRUNK TRIM','');
insert into Diagram values('UF11-51_5536','UF11-20030400','51-65','E87 116i   Right TRUNK TRIM','');
insert into Diagram values('UF11-51_6519','UF11-20030400','51-65','E87 116i   Trunk floor / Trunk sill / Dividing net','');
insert into Diagram values('UF11-51_5526','UF11-20030400','51-70','E87 116i   SOUND INSULATING FRONT','');
insert into Diagram values('UF11-51_5527','UF11-20030400','51-70','E87 116i   Heat insulation','');
insert into Diagram values('UF11-51_5532','UF11-20030400','51-70','E87 116i   Wheelarch trim','');
insert into Diagram values('UF11-51_5538','UF11-20030400','51-70','E87 116i   SOUND INSULATING REAR','');
insert into Diagram values('UF11-51_5528','UF11-20030400','51-75','E87 116i   Underhood shield','');
insert into Diagram values('UF11-51_5529','UF11-20030400','51-75','E87 116i   Underfloor coating for manual transm.','');
insert into Diagram values('UF11-51_5709','UF11-20030400','51-75','E87 116i   Underhood shield','');
insert into Diagram values('UF11-51_6171','UF11-20030400','51-75','E87 116i   Underbody trim on side','');
insert into Diagram values('UF11-51_6173','UF11-20030400','51-75','E87 116i   Underfloor coating for automatic transm.','');
insert into Diagram values('UF11-51_6529','UF11-20030400','51-75','E87 116i   FRONT PANEL','');
insert into Diagram values('UF11-51_6760','UF11-20030400','51-75','E87 116i   Strut brace','');
insert into Diagram values('UF11-51_6960','UF11-20030400','51-75','E87 116i   Air duct','');
insert into Diagram values('UF11-51_6535','UF11-20030400','51-80','E87 116i   Misc. body parts','');
insert into Diagram values('UF11-51_6771','UF11-20030400','51-80','E87 116i   Sealing cap/plug','');
insert into Diagram values('UF11-51_4635','UF11-20030400','51-95','E87 116i   Exterior mirror for towing','');
insert into Diagram values('UF11-51_4643','UF11-20030400','51-95','E87 116i   Non-skid mat','');
insert into Diagram values('UF11-51_4694','UF11-20030400','51-95','E87 116i   Aluminum footrest','');
insert into Diagram values('UF11-51_4698','UF11-20030400','51-95','E87 116i   Boot lashing strap','');
insert into Diagram values('UF11-51_5244','UF11-20030400','51-95','E87 116i   Luggage compartment pan','');
insert into Diagram values('UF11-51_5362','UF11-20030400','51-95','E87 116i   Luggage compartment, folding','');
insert into Diagram values('UF11-51_5674','UF11-20030400','51-95','E87 116i   Retrofit of exterior items in car color','');
insert into Diagram values('UF11-51_5688','UF11-20030400','51-95','E87 116i   Luggage compatment box "multifix"','');
insert into Diagram values('UF11-51_5727','UF11-20030400','51-95','E87 116i   Fine wood trim','');
insert into Diagram values('UF11-51_5733','UF11-20030400','51-95','E87 116i   Sunshade','');
insert into Diagram values('UF11-51_5734','UF11-20030400','51-95','E87 116i   Illuminated door sill strip retrofit kit','');
insert into Diagram values('UF11-51_5737','UF11-20030400','51-95','E87 116i   Rubber mat','');
insert into Diagram values('UF11-51_5738','UF11-20030400','51-95','E87 116i   Umbrella with bag','');
insert into Diagram values('UF11-51_5739','UF11-20030400','51-95','E87 116i   Storage sleeve DVD/CD','');
insert into Diagram values('UF11-51_5799','UF11-20030400','51-95','E87 116i   Fitted luggage compartment mat','');
insert into Diagram values('UF11-51_5804','UF11-20030400','51-95','E87 116i   Retrofit Cup holder center console','');
insert into Diagram values('UF11-51_5808','UF11-20030400','51-95','E87 116i   Retrofit equipm. armrest center console','');
insert into Diagram values('UF11-51_5928','UF11-20030400','51-95','E87 116i   Retrofit rearview mirror w. auto dimmer','');
insert into Diagram values('UF11-51_5939','UF11-20030400','51-95','E87 116i   Floor mats Commercial','');
insert into Diagram values('UF11-51_5954','UF11-20030400','51-95','E87 116i   Load edge protector','');
insert into Diagram values('UF11-51_5955','UF11-20030400','51-95','E87 116i   Retrofit kit M aerodyn. package','');
insert into Diagram values('UF11-51_5980','UF11-20030400','51-95','E87 116i   Retrofit: heating outside mirror','');
insert into Diagram values('UF11-51_6073','UF11-20030400','51-95','E87 116i   Door sill strip retrofit kit st. steel','');
insert into Diagram values('UF11-51_6085','UF11-20030400','51-95','E87 116i   Retrofit, M cover, entrance','');
insert into Diagram values('UF11-51_6137','UF11-20030400','51-95','E87 116i   Retrofit, cup holder','');
insert into Diagram values('UF11-51_6165','UF11-20030400','51-95','E87 116i   Luggage compartment clamping belts','');
insert into Diagram values('UF11-51_6213','UF11-20030400','51-95','E87 116i   Carbon fiber package','');
insert into Diagram values('UF11-51_6283','UF11-20030400','51-95','E87 116i   Load compartment protective cover','');
insert into Diagram values('UF11-51_6477','UF11-20030400','51-95','E87 116i   Key fob','');
insert into Diagram values('UF11-51_6639','UF11-20030400','51-95','E87 116i   Protective loading edge mat','');
insert into DiagramParts values('UF11-51_6669-51479171368', 'UF11-51_6669', 03, 'Velcro element with screw thread', 'D 62MM', 2, to_date('20070901','YYYYMMDD'), to_date('20110801','YYYYMMDD'), '51479171368', '$8.03', '', false);
insert into Diagram values('UF11-51_6669','UF11-20030400','51-95','E87 116i   Floor mats, velours','');
insert into Diagram values('UF11-51_6695','UF11-20030400','51-95','E87 116i   Storage net, footwell, front','');
insert into Diagram values('UF11-51_6696','UF11-20030400','51-95','E87 116i   Trunk room net','');
insert into Diagram values('UF11-51_6762','UF11-20030400','51-95','E87 116i   Retrofit f oddments tray instr. panel','');
insert into Diagram values('UF11-51_6770','UF11-20030400','51-95','E87 116i   FLOOR MATS CITY','');
insert into Diagram values('UF11-51_6803','UF11-20030400','51-95','E87 116i   Impact guard strips, side','');
insert into Diagram values('UF11-51_6850','UF11-20030400','51-95','E87 116i   Retrofit kit, M rocker panel trim','');
insert into Diagram values('UF11-51_6885','UF11-20030400','51-95','E87 116i   Aerodynamics package','');
insert into Diagram values('UF11-51_6963','UF11-20030400','51-95','E87 116i   Interior moldings Carbon','');
insert into Diagram values('UF11-51_6973','UF11-20030400','51-95','E87 116i   BMW Performance side stripes','');
insert into Diagram values('UF11-51_6977','UF11-20030400','51-95','E87 116i   Boot/trunk floor net','');
insert into Diagram values('UF11-51_6992','UF11-20030400','51-95','E87 116i   BMW Performance Aerodynamics, front','');
insert into Diagram values('UF11-51_6993','UF11-20030400','51-95','E87 116i   BMW Performance Aerodynamics','');
insert into Diagram values('UF11-51_6996','UF11-20030400','51-95','E87 116i   BMW Performance Aerodynamics, rocker','');
insert into Diagram values('UF11-51_7021','UF11-20030400','51-95','E87 116i   Retrofit snap-on drink holder','');
insert into Diagram values('UF11-51_7048','UF11-20030400','51-95','E87 116i   BMW Performance Aerodynamics, rear','');
insert into Diagram values('UF11-51_7061','UF11-20030400','51-95','E87 116i   Non-skid mat','');
insert into Diagram values('UF11-51_7142','UF11-20030400','51-95','E87 116i   BMW Performance Aluminum footrest','');
insert into Diagram values('UF11-51_7146','UF11-20030400','51-95','E87 116i   BMW Performance Interior moldings Carbon','');
insert into Diagram values('UF11-51_7191','UF11-20030400','51-95','E87 116i   Retrofit trim grill','');
insert into Diagram values('UF11-51_7224','UF11-20030400','51-95','E87 116i   BMW Performance door sill moldings','');
insert into Diagram values('UF11-51_7236','UF11-20030400','51-95','E87 116i   Footmat update','');
insert into Diagram values('UF11-51_7515','UF11-20030400','51-95','E87 116i   Dog Guard','');
insert into Diagram values('UF11-51_7713','UF11-20030400','51-95','E87 116i   Multifunct.lugg.compartm.mat w.fold.cont','');
insert into Diagram values('UF11-51_8051','UF11-20030400','51-95','E87 116i   First-aid kit, universal','');
insert into Diagram values('UF11-51_8522','UF11-20030400','51-95','E87 116i   Travel & Comfort System','');
insert into Diagram values('UF11-52_3086','UF11-20030400','52-10','E87 116i   Seat, front, head restraint','');
insert into DiagramParts values('UF11-52_3087-52106970532', 'UF11-52_3087', 04, 'COVER BACKREST CLOTH RIGHT', 'ANTHRAZIT', 1, to_date('20050901','YYYYMMDD'), to_date('20080901','YYYYMMDD'), '52106970532', '', '', false);
insert into DiagramParts values('UF11-52_3087-52106970534', 'UF11-52_3087', 04, 'COVER BACKREST CLOTH RIGHT', 'MONACOBLAU', 1, to_date('20050901','YYYYMMDD'), to_date('20080901','YYYYMMDD'), '52106970534', '', '', false);
insert into DiagramParts values('UF11-52_3087-52106970536', 'UF11-52_3087', 04, 'COVER BACKREST CLOTH RIGHT', 'NAUTILUSGRAU', 1, to_date('20050901','YYYYMMDD'), to_date('20080901','YYYYMMDD'), '52106970536', '', '', false);
insert into Diagram values('UF11-52_3087','UF11-20030400','52-10','E87 116i   Seat front, upholstery & cover base seat','');
insert into DiagramParts values('UF11-52_3088-52106955940', 'UF11-52_3088', 05, 'COVER BACKREST CLOTH RIGHT', 'ANTHRAZIT', 1, to_date('20050901','YYYYMMDD'), to_date('20061001','YYYYMMDD'), '52106955940', '', '', false);
insert into DiagramParts values('UF11-52_3088-52106955939', 'UF11-52_3088', 05, 'COVER BACKREST CLOTH LEFT', 'ANTHRAZIT', 1, to_date('20061001','YYYYMMDD'), to_date('20080901','YYYYMMDD'), '52106955939', '', '', false);
insert into DiagramParts values('UF11-52_3088-52106955942', 'UF11-52_3088', 05, 'COVER BACKREST CLOTH RIGHT', 'MONACOBLAU', 1, to_date('20050901','YYYYMMDD'), to_date('20061001','YYYYMMDD'), '52106955942', '', '', false);
insert into DiagramParts values('UF11-52_3088-52106955941', 'UF11-52_3088', 05, 'COVER BACKREST CLOTH LEFT', 'MONACOBLAU', 1, to_date('20061001','YYYYMMDD'), to_date('20080901','YYYYMMDD'), '52106955941', '', '', false);
insert into DiagramParts values('UF11-52_3088-52106955944', 'UF11-52_3088', 05, 'COVER BACKREST CLOTH RIGHT', 'NAUTILUSGRAU', 1, to_date('20050901','YYYYMMDD'), to_date('20061001','YYYYMMDD'), '52106955944', '', '', false);
insert into DiagramParts values('UF11-52_3088-52108036202', 'UF11-52_3088', 05, 'Cover backrest cloth/Imitat. leather,rig', 'SCHWARZ', 1, to_date('20050901','YYYYMMDD'), to_date('20061001','YYYYMMDD'), '52108036202', '', '', false);
insert into DiagramParts values('UF11-52_3088-52108036201', 'UF11-52_3088', 05, 'Cover backrest cloth/Imitat. leather,lft', 'SCHWARZ', 1, to_date('20061001','YYYYMMDD'), to_date('20070301','YYYYMMDD'), '52108036201', '', '', false);
insert into DiagramParts values('UF11-52_3088-52108039533', 'UF11-52_3088', 05, 'Cover backrest cloth/Imitat. leather,lft', 'SCHWARZ', 1, to_date('20070301','YYYYMMDD'), to_date('20080901','YYYYMMDD'), '52108039533', '', '', false);
insert into DiagramParts values('UF11-52_3088-52108039534', 'UF11-52_3088', 05, 'Cover backrest cloth/Imitat. leather,rig', 'SCHWARZ', 1, to_date('20070301','YYYYMMDD'), to_date('20080901','YYYYMMDD'), '52108039534', '', '', false);
insert into Diagram values('UF11-52_3088','UF11-20030400','52-10','E87 116i   Seat, front, uphlstry, cover, Sport seat','');
insert into Diagram values('UF11-52_3092','UF11-20030400','52-10','E87 116i   FRONT SEAT BACKREST FRAME/REAR PANEL','');
insert into Diagram values('UF11-52_3093','UF11-20030400','52-10','E87 116i   FRONT SEAT RAIL MECHANICAL/SINGLE PARTS','');
insert into DiagramParts values('UF11-52_3094-52106979627', 'UF11-52_3094', 12, 'Cover, belt catch left', 'NAUTILUSGRAU', 1, to_date('20050501','YYYYMMDD'), to_date('20070301','YYYYMMDD'), '52106979627', '', '', false);
insert into DiagramParts values('UF11-52_3094-52106979628', 'UF11-52_3094', 12, 'Cover, belt catch right', 'NAUTILUSGRAU', 1, to_date('20050501','YYYYMMDD'), to_date('20070301','YYYYMMDD'), '52106979628', '', '', false);
insert into Diagram values('UF11-52_3094','UF11-20030400','52-10','E87 116i   FRONT SEAT RAIL ELECTRICAL/SINGLE PARTS','');
insert into Diagram values('UF11-52_3125','UF11-20030400','52-10','E87 116i   Seat, front, lumbar','');
insert into Diagram values('UF11-52_3468','UF11-20030400','52-10','E87 116i   BMW Performance Sport Seat','');
insert into Diagram values('UF11-52_3541','UF11-20030400','52-10','E87 116i   Seat, front, electrical and motors','');
insert into Diagram values('UF11-52_3074','UF11-20030400','52-20','E87 116i   Rear seat head restraint','');
insert into Diagram values('UF11-52_3075','UF11-20030400','52-20','E87 116i   Seat, rear, head restraint, center','');
insert into Diagram values('UF11-52_3077','UF11-20030400','52-20','E87 116i   Seat, rear, uphlstry/cover, load-through','');
insert into Diagram values('UF11-52_3078','UF11-20030400','52-20','E87 116i   Seat, rear, seat frame, load-through','');
insert into Diagram values('UF11-52_3082','UF11-20030400','52-20','E87 116i   Rear seat ski bag','');
insert into Diagram values('UF11-52_3172','UF11-20030400','52-20','E87 116i   Retrofitting rear folding head restraint','');
insert into Diagram values('UF11-52_3212','UF11-20030400','52-20','E87 116i   Seat, rear, backrest trim covers','');
insert into Diagram values('UF11-52_3079','UF11-20030400','52-60','E87 116i   Cover material, running meter','');
insert into Diagram values('UF11-52_3713','UF11-20030400','52-65','E87 116i   Seat heating','');
insert into Diagram values('UF11-52_2913','UF11-20030400','52-95','E87 116i   Lambskin seat cover','');
insert into Diagram values('UF11-52_3015','UF11-20030400','52-95','E87 116i   UNIVERSAL PRODECTIVE REAR COVER','');
insert into Diagram values('UF11-52_3043','UF11-20030400','52-95','E87 116i   Belt holder','');
insert into Diagram values('UF11-52_3175','UF11-20030400','52-95','E87 116i   INSTALLING SET HEATED SEAT FRONT','');
insert into Diagram values('UF11-52_3196','UF11-20030400','52-95','E87 116i   Retrofit, net bag at seat backrest','');
insert into Diagram values('UF11-52_3199','UF11-20030400','52-95','E87 116i   Fire extinguisher','');
insert into Diagram values('UF11-52_3269','UF11-20030400','52-95','E87 116i   Seat-back storage pocket','');
insert into Diagram values('UF11-52_3435','UF11-20030400','52-95','E87 116i   Retrofitting rear folding head restraint','');
insert into Diagram values('UF11-52_3792','UF11-20030400','52-95','E87 116i   Fire extinguisher','');
insert into Diagram values('UF11-54_0341','UF11-20030400','54-05','E87 116i   SLID.LIFT. ROOF-COVER/CEILING FRAME','');
insert into Diagram values('UF11-61_1942','UF11-20030400','61-05','E87 116i   Main wiring harness, duplicate','');
insert into Diagram values('UF11-61_2028','UF11-20030400','61-05','E87 116i   Main wiring harness','');
insert into Diagram values('UF11-61_2195','UF11-20030400','61-05','E87 116i   Repair cable main cable harness','');
insert into Diagram values('UF11-61_2237','UF11-20030400','61-05','E87 116i   Main wiring harness','');
insert into Diagram values('UF11-61_2286','UF11-20030400','61-05','E87 116i   Main wiring harness','');
insert into Diagram values('UF11-61_1822','UF11-20030400','61-10','E87 116i   Cable-yarded material','');
insert into Diagram values('UF11-61_1861','UF11-20030400','61-10','E87 116i   VARIOUS ADDITIONAL WIRING SETS','');
insert into Diagram values('UF11-61_1863','UF11-20030400','61-10','E87 116i   DOOR CABLE HARNESSES','');
insert into Diagram values('UF11-61_1864','UF11-20030400','61-10','E87 116i   Wiring harness, instrument panel','');
insert into Diagram values('UF11-61_1868','UF11-20030400','61-10','E87 116i   Wiring set seat','');
insert into Diagram values('UF11-61_1869','UF11-20030400','61-10','E87 116i   Repair cable, airbag','');
insert into Diagram values('UF11-61_2567','UF11-20030400','61-10','E87 116i   Rep. wire for B+','');
insert into Diagram values('UF11-61_1280','UF11-20030400','61-15','E87 116i   Plug terminal ELO not waterproof','');
insert into Diagram values('UF11-61_1296','UF11-20030400','61-15','E87 116i   Circular connector / D 2,5 mm System','');
insert into Diagram values('UF11-61_1559','UF11-20030400','61-15','E87 116i   PLUG-IN CONNECTION BRACKET','');
insert into Diagram values('UF11-61_1578','UF11-20030400','61-15','E87 116i   Repair parts, optical fibre cable','');
insert into Diagram values('UF11-61_1691','UF11-20030400','61-15','E87 116i   Pin contacts ELO','');
insert into Diagram values('UF11-61_1711','UF11-20030400','61-15','E87 116i   Cable tie','');
insert into Diagram values('UF11-61_1754','UF11-20030400','61-15','E87 116i   Plug terminal ELO-Power','');
insert into Diagram values('UF11-61_1764','UF11-20030400','61-15','E87 116i   Diagnosis plug','');
insert into Diagram values('UF11-61_1765','UF11-20030400','61-15','E87 116i   Various cable terminals','');
insert into Diagram values('UF11-61_1865','UF11-20030400','61-15','E87 116i   VARIOUS CABLE HOLDERS','');
insert into Diagram values('UF11-61_1896','UF11-20030400','61-15','E87 116i   VARIOUS CABLE HOLDERS','');
insert into Diagram values('UF11-61_1970','UF11-20030400','61-15','E87 116i   Cable guide','');
insert into Diagram values('UF11-61_1996','UF11-20030400','61-15','E87 116i   Various cable grommets','');
insert into Diagram values('UF11-61_2063','UF11-20030400','61-15','E87 116i   Comb type connector','');
insert into Diagram values('UF11-61_2068','UF11-20030400','61-15','E87 116i   Contact system LSK8','');
insert into Diagram values('UF11-61_2107','UF11-20030400','61-15','E87 116i   Various parts, wiring harness repair','');
insert into Diagram values('UF11-61_2156','UF11-20030400','61-15','E87 116i   Double leaf spring contact','');
insert into Diagram values('UF11-61_2216','UF11-20030400','61-15','E87 116i   Terminal system MCON','');
insert into Diagram values('UF11-61_2217','UF11-20030400','61-15','E87 116i   Contact system MQS','');
insert into Diagram values('UF11-61_2268','UF11-20030400','61-15','E87 116i   Contact system MAK8','');
insert into Diagram values('UF11-61_2292','UF11-20030400','61-15','E87 116i   SLK socket contact','');
insert into Diagram values('UF11-61_2293','UF11-20030400','61-15','E87 116i   Contact system blade terminal MDK4 2.8','');
insert into Diagram values('UF11-61_2310','UF11-20030400','61-15','E87 116i   Plug housing for antenna cable, FAKRA','');
insert into Diagram values('UF11-61_2452','UF11-20030400','61-15','E87 116i   Round plug system D 1.5 mm','');
insert into Diagram values('UF11-61_2521','UF11-20030400','61-15','E87 116i   Socket housing MQS','');
insert into Diagram values('UF11-61_2638','UF11-20030400','61-15','E87 116i   Repair parts, coaxial cable contacts','');
insert into Diagram values('UF11-61_2680','UF11-20030400','61-15','E87 116i   Repair parts, coaxial cable housing','');
insert into Diagram values('UF11-61_1710','UF11-20030400','61-20','E87 116i   Fuses / sign with fuse allocat. diagr.','');
insert into Diagram values('UF11-61_1862','UF11-20030400','61-20','E87 116i   Individual parts, power distributor, fr.','');
insert into Diagram values('UF11-61_1718','UF11-20030400','61-25','E87 116i   Control unit/antennas passive access','');
insert into Diagram values('UF11-61_1847','UF11-20030400','61-25','E87 116i   BRACKET F BODY CONTROL UNITS AND MODULES','');
insert into Diagram values('UF11-61_2093','UF11-20030400','61-25','E87 116i   Control unit Junctionbox Elektronik','');
insert into Diagram values('UF11-61_2094','UF11-20030400','61-25','E87 116i   Control unit, footwell module','');
insert into DiagramParts values('UF11-61_2095-61356943766', 'UF11-61_2095', 01, 'Control unit CAS', 'CAS2', 1, to_date('20041201','YYYYMMDD'), to_date('20060901','YYYYMMDD'), '61356943766', '', 'ENDED', false);
insert into DiagramParts values('UF11-61_2095-61356964051', 'UF11-61_2095', 01, 'Control unit CAS', 'CAS2', 1, to_date('20041201','YYYYMMDD'), to_date('20060901','YYYYMMDD'), '61356964051', '', 'ENDED', false);
insert into DiagramParts values('UF11-61_2095-61356943771', 'UF11-61_2095', 01, 'Control unit CAS', 'CAS2', 1, to_date('20041201','YYYYMMDD'), to_date('20060901','YYYYMMDD'), '61356943771', '', 'ENDED', false);
insert into DiagramParts values('UF11-61_2095-61356981416', 'UF11-61_2095', 01, 'Control unit CAS', 'CAS2', 1, to_date('20041201','YYYYMMDD'), to_date('20060901','YYYYMMDD'), '61356981416', '', 'ENDED', false);
insert into DiagramParts values('UF11-61_2095-61356943791', 'UF11-61_2095', 01, 'Control unit CAS', 'CAS2', 1, to_date('20041201','YYYYMMDD'), to_date('20060901','YYYYMMDD'), '61356943791', '', 'ENDED', false);
insert into DiagramParts values('UF11-61_2095-61356943797', 'UF11-61_2095', 01, 'Control unit CAS', 'CAS2', 1, to_date('20041201','YYYYMMDD'), to_date('20060901','YYYYMMDD'), '61356943797', '', 'ENDED', false);
insert into DiagramParts values('UF11-61_2095-61356943814', 'UF11-61_2095', 01, 'Control unit CAS', 'CAS3', 1, to_date('20041201','YYYYMMDD'), to_date('20060901','YYYYMMDD'), '61356943814', '', 'ENDED', false);
insert into DiagramParts values('UF11-61_2095-61356943830', 'UF11-61_2095', 01, 'Control unit CAS', 'CAS3', 1, to_date('20041201','YYYYMMDD'), to_date('20070301','YYYYMMDD'), '61356943830', '', 'ENDED', false);
insert into DiagramParts values('UF11-61_2095-61356943834', 'UF11-61_2095', 01, 'Control unit CAS', 'CAS3', 1, to_date('20041201','YYYYMMDD'), to_date('20090301','YYYYMMDD'), '61356943834', '', 'ENDED', false);
insert into DiagramParts values('UF11-61_2095-61359147184', 'UF11-61_2095', 01, 'Control unit CAS', 'CAS3', 1, to_date('20041201','YYYYMMDD'), to_date('20090301','YYYYMMDD'), '61359147184', '', 'ENDED', false);
insert into DiagramParts values('UF11-61_2095-61359147195', 'UF11-61_2095', 01, 'Control unit CAS', 'CAS3', 1, to_date('20041201','YYYYMMDD'), to_date('20090301','YYYYMMDD'), '61359147195', '', 'ENDED', false);
insert into DiagramParts values('UF11-61_2095-61359147196', 'UF11-61_2095', 01, 'Control unit CAS', 'CAS3', 1, to_date('20041201','YYYYMMDD'), to_date('20090901','YYYYMMDD'), '61359147196', '', 'ENDED', false);
insert into DiagramParts values('UF11-61_2095-61359147212', 'UF11-61_2095', 01, 'Control unit CAS', 'CAS3', 1, to_date('20041201','YYYYMMDD'), to_date('20090901','YYYYMMDD'), '61359147212', '', 'ENDED', false);
insert into DiagramParts values('UF11-61_2095-61359147220', 'UF11-61_2095', 01, 'Control unit CAS', 'CAS3', 1, to_date('20041201','YYYYMMDD'), to_date('20090901','YYYYMMDD'), '61359147220', '', 'ENDED', false);
insert into DiagramParts values('UF11-61_2095-61359147221', 'UF11-61_2095', 01, 'Control unit CAS', 'CAS3', 1, to_date('20041201','YYYYMMDD'), to_date('20090901','YYYYMMDD'), '61359147221', '', 'ENDED', false);
insert into DiagramParts values('UF11-61_2095-61359147226', 'UF11-61_2095', 01, 'Control unit CAS', 'CAS3', 1, to_date('20041201','YYYYMMDD'), to_date('20090901','YYYYMMDD'), '61359147226', '', 'ENDED', false);
insert into DiagramParts values('UF11-61_2095-61359217853', 'UF11-61_2095', 01, 'Control unit CAS', 'CAS3', 1, to_date('20041201','YYYYMMDD'), to_date('20100301','YYYYMMDD'), '61359217853', '', 'ENDED', false);
insert into Diagram values('UF11-61_2095','UF11-20030400','61-25','E87 116i   Control unit CAS','');
insert into DiagramParts values('UF11-61_2096-61359221180', 'UF11-61_2096', 07, 'TRAILER TOWING MODUL', '4R', 1, to_date('20090301','YYYYMMDD'), to_date('20110301','YYYYMMDD'), '61359221180', '$203.91', '', false);
insert into DiagramParts values('UF11-61_2096-61359186177', 'UF11-61_2096', 07, 'TRAILER TOWING MODUL', '4R', 1, to_date('20060901','YYYYMMDD'), to_date('20090301','YYYYMMDD'), '61359186177', '', 'ENDED', false);
insert into Diagram values('UF11-61_2096','UF11-20030400','61-25','E87 116i   Control units/modules','');
insert into Diagram values('UF11-61_1859','UF11-20030400','61-30','E87 116i   B+ terminal point, engine compartment','');
insert into Diagram values('UF11-61_1860','UF11-20030400','61-30','E87 116i   Battery lead/distribution box, rear','');
insert into Diagram values('UF11-61_1948','UF11-20030400','61-30','E87 116i   battery holder and mounting parts','');
insert into Diagram values('UF11-61_1986','UF11-20030400','61-30','E87 116i   Original BMW battery (Warranty only)','');
insert into Diagram values('UF11-61_1839','UF11-20030400','61-35','E87 116i   Control element light','');
insert into Diagram values('UF11-61_1843','UF11-20030400','61-35','E87 116i   SWITCH WINDOW LIFTER','');
insert into Diagram values('UF11-61_1844','UF11-20030400','61-35','E87 116i   Switch unit roof','');
insert into Diagram values('UF11-61_1845','UF11-20030400','61-35','E87 116i   Seat adjustment switch, front','');
insert into Diagram values('UF11-61_1849','UF11-20030400','61-35','E87 116i   VARIOUS SWITCHES','');
insert into Diagram values('UF11-61_1880','UF11-20030400','61-35','E87 116i   Switch, Multifunction Sport/M st. wheel','');
insert into Diagram values('UF11-61_2050','UF11-20030400','61-35','E87 116i   Switch unit roof','');
insert into Diagram values('UF11-61_2128','UF11-20030400','61-35','E87 116i   Switch for brake, clutch','');
insert into Diagram values('UF11-61_2274','UF11-20030400','61-35','E87 116i   Switch unit, center console','');
insert into Diagram values('UF11-61_2281','UF11-20030400','61-35','E87 116i   Starter/Stop switch','');
insert into Diagram values('UF11-61_2282','UF11-20030400','61-35','E87 116i   Switch hazard warning/central lckng syst','');
insert into Diagram values('UF11-61_2322','UF11-20030400','61-35','E87 116i   Switch unit roof','');
insert into Diagram values('UF11-61_2480','UF11-20030400','61-35','E87 116i   Cigarette lighter / sockets','');
insert into Diagram values('UF11-61_2639','UF11-20030400','61-35','E87 116i   Shift paddles / Shift paddles','');
insert into Diagram values('UF11-61_2900','UF11-20030400','61-35','E87 116i   USB/AUX-IN socket','');
insert into Diagram values('UF11-61_2946','UF11-20030400','61-35','E87 116i   USB/AUX-IN socket','');
insert into Diagram values('UF11-61_3088','UF11-20030400','61-35','E87 116i   Switch unit steering column','');
insert into Diagram values('UF11-61_2857','UF11-20030400','61-40','E87 116i   Horn','');
insert into Diagram values('UF11-61_1854','UF11-20030400','61-45','E87 116i   SINGLE WIPER PARTS','');
insert into Diagram values('UF11-61_1856','UF11-20030400','61-45','E87 116i   SINGLE PARTS FOR REAR WINDOW WIPER','');
insert into Diagram values('UF11-61_1858','UF11-20030400','61-45','E87 116i   WIPER ARM/WIPER BLADE','');
insert into Diagram values('UF11-61_1876','UF11-20030400','61-45','E87 116i   SINGLE PARTS FOR HEAD LAMP CLEANING','');
insert into Diagram values('UF11-61_1877','UF11-20030400','61-45','E87 116i   FILLER PIPE FOR WASH CONTAINER','');
insert into Diagram values('UF11-61_1878','UF11-20030400','61-45','E87 116i   SINGLE PARTS FOR WINDSHIELD CLEANING','');
insert into Diagram values('UF11-61_1879','UF11-20030400','61-45','E87 116i   Reserv.,windshield/headlight washer syst','');
insert into Diagram values('UF11-61_2046','UF11-20030400','61-45','E87 116i   SINGLE PARTS FOR HEAD LAMP CLEANING','');
insert into Diagram values('UF11-61_1872','UF11-20030400','61-95','E87 116i   Retrofit kit, headlight cleaning system','');
insert into Diagram values('UF11-61_1974','UF11-20030400','61-95','E87 116i   Retrofit, passenger airbag shutoff','');
insert into Diagram values('UF11-61_2223','UF11-20030400','61-95','E87 116i   Suppression filter','');
insert into Diagram values('UF11-61_3026','UF11-20030400','61-95','E87 116i   Battery charger','');
insert into Diagram values('UF11-61_3244','UF11-20030400','61-95','E87 116i   Battery charger','');
insert into Diagram values('UF11-62_0471','UF11-20030400','62-05','E87 116i   Instrument cluster','');
insert into Diagram values('UF11-62_0561','UF11-20030400','62-95','E87 116i   Electronic log book','');
insert into Diagram values('UF11-63_0865','UF11-20030400','63-05','E87 116i   Headlight','');
insert into Diagram values('UF11-63_0874','UF11-20030400','63-05','E87 116i   Single components for headlight','');
insert into Diagram values('UF11-63_0875','UF11-20030400','63-05','E87 116i   Single parts, xenon headlight','');
insert into Diagram values('UF11-63_1067','UF11-20030400','63-05','E87 116i   SPARE BULBS BOX','');
insert into Diagram values('UF11-63_1363','UF11-20030400','63-05','E87 116i   BMW Performance Light','');
insert into Diagram values('UF11-63_1420','UF11-20030400','63-05','E87 116i   SPARE BULBS BOX','');
insert into Diagram values('UF11-63_0866','UF11-20030400','63-10','E87 116i   Additional turn indicator lamp','');
insert into Diagram values('UF11-63_0867','UF11-20030400','63-15','E87 116i   Fog lights','');
insert into Diagram values('UF11-63_0868','UF11-20030400','63-20','E87 116i   Rear light','');
insert into Diagram values('UF11-63_0869','UF11-20030400','63-25','E87 116i   Third stoplamp','');
insert into Diagram values('UF11-63_0870','UF11-20030400','63-30','E87 116i   VARIOUS LAMPS/SPARE BULBS BOX','');
insert into Diagram values('UF11-63_0871','UF11-20030400','63-30','E87 116i   Various lamps','');
insert into Diagram values('UF11-63_0904','UF11-20030400','63-95','E87 116i   INSTALLING SET FOG LAMPS','');
insert into Diagram values('UF11-63_0922','UF11-20030400','63-95','E87 116i   Install.kit, Xenon light','');
insert into Diagram values('UF11-63_0935','UF11-20030400','63-95','E87 116i   Retrofit kit rear light Black Line','');
insert into Diagram values('UF11-63_1050','UF11-20030400','63-95','E87 116i   Retrofit kit, tail lamps, Facelift LED','');
insert into Diagram values('UF11-63_1078','UF11-20030400','63-95','E87 116i   Retrofit kit cornering light','');
insert into Diagram values('UF11-63_1153','UF11-20030400','63-95','E87 116i   Flashlight, LED','');
insert into Diagram values('UF11-63_1289','UF11-20030400','63-95','E87 116i   Retrofit kit, LED daytime driving lights','');
insert into Diagram values('UF11-63_1322','UF11-20030400','63-95','E87 116i   LED interior light package','');
insert into Diagram values('UF11-63_1509','UF11-20030400','63-95','E87 116i   BMW LED luggage compartment lamp','');
insert into Diagram values('UF11-64_1440','UF11-20030400','64-05','E87 116i   AIR OUTLET','');
insert into Diagram values('UF11-64_1428','UF11-20030400','64-10','E87 116i   MICROFILTER/ACTIVATED CARBON CONTAINER','');
insert into Diagram values('UF11-64_1449','UF11-20030400','64-15','E87 116i   Heater radiator','');
insert into Diagram values('UF11-64_1774','UF11-20030400','64-15','E87 116i   Heater unit, Denso','');
insert into Diagram values('UF11-64_1778','UF11-20030400','64-15','E87 116i   Heater core up to 07/2006','');
insert into Diagram values('UF11-64_1779','UF11-20030400','64-15','E87 116i   Heater core from 07/2006 onward','');
insert into Diagram values('UF11-64_1780','UF11-20030400','64-15','E87 116i   Heater unit, Denso','');
insert into Diagram values('UF11-64_1781','UF11-20030400','64-15','E87 116i   Heater unit, Denso','');
insert into Diagram values('UF11-64_1437','UF11-20030400','64-18','E87 116i   Additional water pump/Water hose/Valve','');
insert into Diagram values('UF11-64_1442','UF11-20030400','64-20','E87 116i   HEATER CONTROL','');
insert into Diagram values('UF11-64_1443','UF11-20030400','64-20','E87 116i   Automatic air conditioning control','');
insert into Diagram values('UF11-64_1445','UF11-20030400','64-20','E87 116i   Air Conditioning Control','');
insert into Diagram values('UF11-64_1439','UF11-20030400','64-30','E87 116i   Evaporator / Expansion valve','');
insert into Diagram values('UF11-64_1451','UF11-20030400','64-35','E87 116i   Housing parts heater and air cond. Denso','');
insert into Diagram values('UF11-64_1452','UF11-20030400','64-35','E87 116i   Housing parts aut.air conditioning Valeo','');
insert into Diagram values('UF11-64_1455','UF11-20030400','64-35','E87 116i   Housing parts aut.air conditioning Denso','');
insert into Diagram values('UF11-64_1453','UF11-20030400','64-40','E87 116i   ELECTRIC PARTS FOR HEATER','');
insert into Diagram values('UF11-64_1454','UF11-20030400','64-40','E87 116i   ELECTRIC PARTS FOR AC UNIT','');
insert into Diagram values('UF11-64_1433','UF11-20030400','64-45','E87 116i   SENSOR F. AUC','');
insert into Diagram values('UF11-64_1434','UF11-20030400','64-45','E87 116i   Solar sensor','');
insert into Diagram values('UF11-64_1438','UF11-20030400','64-45','E87 116i   Condensation sensor','');
insert into Diagram values('UF11-64_1170','UF11-20030400','64-50','E87 116i   CLIMATE COMPRESSOR SUPPORTING BRACKET','');
insert into Diagram values('UF11-64_1430','UF11-20030400','64-50','E87 116i   Air-conditioner compressor','');
insert into Diagram values('UF11-64_1429','UF11-20030400','64-55','E87 116i   Condenser air conditioning','');
insert into Diagram values('UF11-64_1431','UF11-20030400','64-60','E87 116i   Coolant lines','');
insert into Diagram values('UF11-64_1575','UF11-20030400','64-65','E87 116i   Spare parts,aux.heater,Opt.Eqmt/Accessor','');
insert into Diagram values('UF11-64_1319','UF11-20030400','64-95','E87 116i   Labels independent heating','');
insert into Diagram values('UF11-64_1444','UF11-20030400','64-95','E87 116i   INSTALLING SET AUTOMATIC AIR CONDITIONER','');
insert into Diagram values('UF11-64_1573','UF11-20030400','64-95','E87 116i   Install.kit, independent heater','');
insert into Diagram values('UF11-64_1855','UF11-20030400','64-95','E87 116i   Accessori e postmontaggi','');
insert into Diagram values('UF11-64_1441','UF11-20030400','64-99','E87 116i   DIVERSE SMALL PARTS','');
insert into Diagram values('UF11-65_0207','UF11-20030400','65-05','E87 116i   Earth strap for engine hood','');
insert into Diagram values('UF11-65_1472','UF11-20030400','65-05','E87 116i   Radio BMW Audio','');
insert into Diagram values('UF11-65_1473','UF11-20030400','65-05','E87 116i   Radio BMW Business CD','');
insert into DiagramParts values('UF11-65_1474-65129231059', 'UF11-65_1474', 02, 'Rotary knob', 'CHROM', 2, to_date('20100501','YYYYMMDD'), to_date('20100901','YYYYMMDD'), '65129231059', '', '', false);
insert into Diagram values('UF11-65_1474','UF11-20030400','65-05','E87 116i   Radio BMW Professional CD','');
insert into Diagram values('UF11-65_1475','UF11-20030400','65-05','E87 116i   Radio BMW Professional MD','');
insert into Diagram values('UF11-65_1476','UF11-20030400','65-05','E87 116i   M-Audio system controller','');
insert into Diagram values('UF11-65_1585','UF11-20030400','65-05','E87 116i   DAB tuner','');
insert into Diagram values('UF11-65_2440','UF11-20030400','65-05','E87 116i   DAB Retrofit','');
insert into Diagram values('UF11-65_1786','UF11-20030400','65-07','E87 116i   Auxiliary connection cable','');
insert into Diagram values('UF11-65_1471','UF11-20030400','65-10','E87 116i   CD Changer/Bracket','');
insert into DiagramParts values('UF11-65_1483-65136954877', 'UF11-65_1483', 01, 'Central bass, left', 'TOP-HIFI-SYSTEM', 1, to_date('20040801','YYYYMMDD'), to_date('20070301','YYYYMMDD'), '65136954877', '', 'ENDED', false);
insert into DiagramParts values('UF11-65_1483-65136954875', 'UF11-65_1483', 01, 'Central bass, left', 'HIFI-SYSTEM', 1, to_date('20040801','YYYYMMDD'), to_date('20070301','YYYYMMDD'), '65136954875', '', 'ENDED', false);
insert into DiagramParts values('UF11-65_1483-65136954871', 'UF11-65_1483', 01, 'Central bass, left', 'STEREO-SYSTEM', 1, to_date('20040801','YYYYMMDD'), to_date('20070301','YYYYMMDD'), '65136954871', '', 'ENDED', false);
insert into DiagramParts values('UF11-65_1483-65139143233', 'UF11-65_1483', 01, 'Central bass, left', 'STEREO-SYSTEM', 1, to_date('20040801','YYYYMMDD'), to_date('20090301','YYYYMMDD'), '65139143233', '', 'ENDED', false);
insert into DiagramParts values('UF11-65_1483-65139192461', 'UF11-65_1483', 01, 'Central bass, left', 'STEREO-SYSTEM', 1, to_date('20040801','YYYYMMDD'), to_date('20091101','YYYYMMDD'), '65139192461', '', 'ENDED', false);
insert into Diagram values('UF11-65_1483','UF11-20030400','65-20','E87 116i   Components central bass','');
insert into Diagram values('UF11-65_1484','UF11-20030400','65-20','E87 116i   SINGLE PARTS F FRONT DOOR LOUDSPEAKER','');
insert into Diagram values('UF11-65_1485','UF11-20030400','65-20','E87 116i   SINGLE PARTS F REAR HELF LOUDSPEAKER','');
insert into Diagram values('UF11-65_1489','UF11-20030400','65-22','E87 116i   Audio wiring harness','');
insert into Diagram values('UF11-65_1534','UF11-20030400','65-22','E87 116i   Universal aerial cable','');
insert into Diagram values('UF11-65_1469','UF11-20030400','65-25','E87 116i   amplifier / holder hifi system','');
insert into Diagram values('UF11-65_1470','UF11-20030400','65-25','E87 116i   Amplifier HiFi Prof. / Harman Kardon','');
insert into DiagramParts values('UF11-65_1486-07146961863', 'UF11-65_1486', 07, 'Sheet metal screw', 'ISA M5X12', 2, to_date('20060901','YYYYMMDD'), to_date('20070701','YYYYMMDD'), '07146961863', '', 'ENDED', false);
insert into Diagram values('UF11-65_1486','UF11-20030400','65-30','E87 116i   SINGLE PARTS F ANTENNA','');
insert into Diagram values('UF11-65_1788','UF11-20030400','65-30','E87 116i   Rod antenna SPORT','');
insert into Diagram values('UF11-65_1498','UF11-20030400','65-45','E87 116i   Controller','');
insert into Diagram values('UF11-65_1499','UF11-20030400','65-45','E87 116i   CCC CD','');
insert into Diagram values('UF11-65_1500','UF11-20030400','65-45','E87 116i   CCC MD/CD','');
insert into Diagram values('UF11-65_1501','UF11-20030400','65-45','E87 116i   Central information display','');
insert into Diagram values('UF11-65_1503','UF11-20030400','65-45','E87 116i   Single parts CCC','');
insert into Diagram values('UF11-65_1504','UF11-20030400','65-45','E87 116i   Coolant hose, CCC / CIC / MASK','');
insert into DiagramParts values('UF11-65_1724-65909112341', 'UF11-65_1724', 01, 'FSC JNav map 2007-1 initialization', 'ASAP', 1, to_date('20070301','YYYYMMDD'), to_date('20070901','YYYYMMDD'), '65909112341', '', 'ENDED', false);
insert into Diagram values('UF11-65_1724','UF11-20030400','65-50','E87 116i   Enable code for Japanese navigation','');
insert into Diagram values('UF11-65_1829','UF11-20030400','65-50','E87 116i   Bracket for Asian Navigation','');
insert into Diagram values('UF11-65_1976','UF11-20030400','65-50','E87 116i   DVD street map Navigation Option 609','');
insert into Diagram values('UF11-65_1978','UF11-20030400','65-50','E87 116i   DVD street map Navigation Option 606','');
insert into Diagram values('UF11-65_1487','UF11-20030400','65-60','E87 116i   Alarm systems','');
insert into Diagram values('UF11-65_1488','UF11-20030400','65-65','E87 116i   Electric parts for airbag','');
insert into Diagram values('UF11-65_1468','UF11-20030400','65-70','E87 116i   Temperature sensor','');
insert into Diagram values('UF11-65_1249','UF11-20030400','65-95','E87 116i   Retrofit kit, BMW Online','');
insert into Diagram values('UF11-65_1344','UF11-20030400','65-95','E87 116i   Replacement parts for radio navigation','');
insert into Diagram values('UF11-65_1513','UF11-20030400','65-95','E87 116i   Retrofit, CD changer','');
insert into Diagram values('UF11-65_1537','UF11-20030400','65-95','E87 116i   INSTALLATION KIT ALARM SYSTEM','');
insert into Diagram values('UF11-65_1541','UF11-20030400','65-95','E87 116i   Replacement parts for radio navigation','');
insert into Diagram values('UF11-65_1658','UF11-20030400','65-95','E87 116i   DVB-T Set-top box','');
insert into Diagram values('UF11-65_1814','UF11-20030400','65-95','E87 116i   Retrofit kit USB/iPod connection','');
insert into Diagram values('UF11-65_1825','UF11-20030400','65-95','E87 116i   iPod connection retrofit kit','');
insert into Diagram values('UF11-65_1894','UF11-20030400','65-95','E87 116i   Hifi system, Alpine','');
insert into Diagram values('UF11-65_1901','UF11-20030400','65-95','E87 116i   Navigation Portable Plus/Pro/HD Traffic','');
insert into Diagram values('UF11-65_1902','UF11-20030400','65-95','E87 116i   GPS, portable, street map','');
insert into Diagram values('UF11-65_1903','UF11-20030400','65-95','E87 116i   iPod connection retrofit kit','');
insert into Diagram values('UF11-65_1924','UF11-20030400','65-95','E87 116i   Navigation Portable accessories','');
insert into Diagram values('UF11-65_1989','UF11-20030400','65-95','E87 116i   Tracking Products','');
insert into Diagram values('UF11-65_2038','UF11-20030400','65-95','E87 116i   DVD system Tablet','');
insert into Diagram values('UF11-65_2079','UF11-20030400','65-95','E87 116i   Smartnav','');
insert into Diagram values('UF11-65_2271','UF11-20030400','65-95','E87 116i   Charger adapter for Apple iPod / iPhone','');
insert into Diagram values('UF11-65_2422','UF11-20030400','65-95','E87 116i   Cable adapter for Apple iPod / iPhone','');
insert into Diagram values('UF11-65_2434','UF11-20030400','65-95','E87 116i   DVD System Tablet Single','');
insert into Diagram values('UF11-65_2515','UF11-20030400','65-95','E87 116i   Navigation &apos;Portable&apos; with Design holder','');
insert into Diagram values('UF11-65_2520','UF11-20030400','65-95','E87 116i   BMW USB charger','');
insert into Diagram values('UF11-65_2522','UF11-20030400','65-95','E87 116i   Cable adapter, devices with Micro USB','');
insert into Diagram values('UF11-66_0114','UF11-20030400','66-05','E87 116i   Ignition lock of remote control','');
insert into Diagram values('UF11-66_0115','UF11-20030400','66-05','E87 116i   Park Distance Control (PDC)','');
insert into Diagram values('UF11-66_0229','UF11-20030400','66-05','E87 116i   Ultrasonic-sensor','');
insert into Diagram values('UF11-66_0110','UF11-20030400','66-95','E87 116i   Retrofit kit PDC II','');
insert into Diagram values('UF11-66_0120','UF11-20030400','66-95','E87 116i   Retrofit kit PDC, rear','');
insert into Diagram values('UF11-66_0121','UF11-20030400','66-95','E87 116i   Retrofit kit PDC, front and rear','');
insert into Diagram values('UF11-66_0122','UF11-20030400','66-95','E87 116i   Front PDC upgrade','');
insert into Diagram values('UF11-66_0128','UF11-20030400','66-95','E87 116i   Dynamic cruise control retrofit','');
insert into Diagram values('UF11-66_0130','UF11-20030400','66-95','E87 116i   Retrofit multi-functional steering wheel','');
insert into Diagram values('UF11-66_0188','UF11-20030400','66-95','E87 116i   Park Distance Control universale sonoro','');
insert into Diagram values('UF11-71_0385','UF11-20030400','71-03','E87 116i   LABEL "TIRE PRESSURE"','');
insert into Diagram values('UF11-71_0537','UF11-20030400','71-03','E87 116i   Various notice stickers','');
insert into Diagram values('UF11-71_0568','UF11-20030400','71-03','E87 116i   Instruction notice, Airbag','');
insert into Diagram values('UF11-71_0619','UF11-20030400','71-03','E87 116i   Label, coolant','');
insert into Diagram values('UF11-71_0388','UF11-20030400','71-05','E87 116i   Warning triangle/First aid kit/-cushion','');
insert into Diagram values('UF11-71_0389','UF11-20030400','71-05','E87 116i   Car tool','');
insert into Diagram values('UF11-71_0717','UF11-20030400','71-05','E87 116i   Set of lifting jack','');
insert into Diagram values('UF11-71_0338','UF11-20030400','71-10','E87 116i   electric parts, towing hitch','');
insert into Diagram values('UF11-71_0396','UF11-20030400','71-10','E87 116i   Towing hitch, detachable','');
insert into Diagram values('UF11-71_0384','UF11-20030400','71-95','E87 116i   Retrofit kit, towing hitch','');
insert into Diagram values('UF11-71_0400','UF11-20030400','71-95','E87 116i   Set of lifting jack','');
insert into Diagram values('UF11-71_0434','UF11-20030400','71-95','E87 116i   Tire Mobility Set','');
insert into Diagram values('UF11-71_0494','UF11-20030400','71-95','E87 116i   Retrofit kit, towing hitch','');
insert into Diagram values('UF11-71_0513','UF11-20030400','71-95','E87 116i   Twin electrics, caravan leads','');
insert into Diagram values('UF11-72_0524','UF11-20030400','72-03','E87 116i   Air bag','');
insert into Diagram values('UF11-72_0521','UF11-20030400','72-05','E87 116i   Safety belt front','');
insert into Diagram values('UF11-72_0522','UF11-20030400','72-05','E87 116i   FRONT SAFETY BELT MOUNTING PARTS','');
insert into Diagram values('UF11-72_0523','UF11-20030400','72-05','E87 116i   SAFETY BELT REAR','');
insert into Diagram values('UF11-72_0461','UF11-20030400','72-95','E87 116i   Storage compartment module','');
insert into Diagram values('UF11-72_0462','UF11-20030400','72-95','E87 116i   Cup holder-module','');
insert into Diagram values('UF11-72_0591','UF11-20030400','72-95','E87 116i   Tow bar','');
insert into Diagram values('UF11-72_0598','UF11-20030400','72-95','E87 116i   TOW ROPE','');
insert into Diagram values('UF11-72_0603','UF11-20030400','72-95','E87 116i   Fire extinguisher','');
insert into Diagram values('UF11-72_0744','UF11-20030400','72-95','E87 116i   Emergency bag','');
insert into Diagram values('UF11-36_0938','UF11-20030400','82-14','E87 116i   Snow chains','');
insert into Diagram values('UF11-82_1073','UF11-20030400','82-26','E87 116i   Universal coat hanger','');
insert into Diagram values('UF11-82_1261','UF11-20030400','82-26','E87 116i   Clean Bag','');
insert into Diagram values('UF11-82_1308','UF11-20030400','82-26','E87 116i   Shoe case','');
insert into Diagram values('UF11-82_1309','UF11-20030400','82-26','E87 116i   Multimedia case','');
insert into Diagram values('UF11-82_1311','UF11-20030400','82-26','E87 116i   Driver utility set','');
insert into Diagram values('UF11-82_1171','UF11-20030400','82-31','E87 116i   BMW buggy chrome-marine with accessories','');
insert into Diagram values('UF11-82_1181','UF11-20030400','82-31','E87 116i   BMW Junior Seat I-II','');
insert into Diagram values('UF11-82_1186','UF11-20030400','82-31','E87 116i   BMW Baby Seat 0+','');
insert into Diagram values('UF11-82_1187','UF11-20030400','82-31','E87 116i   BMW Junior Seat I-II Isofix','');
insert into Diagram values('UF11-82_1189','UF11-20030400','82-31','E87 116i   BMW Baby Seat 0+ Isofix','');
insert into Diagram values('UF11-82_1237','UF11-20030400','82-31','E87 116i   Dog harness','');
insert into Diagram values('UF11-82_1276','UF11-20030400','82-31','E87 116i   BMW Junior Seat II-III','');
insert into Diagram values('UF11-82_1305','UF11-20030400','82-31','E87 116i   BMW Junior Seat III','');
insert into Diagram values('UF11-82_1198','UF11-20030400','82-44','E87 116i   Cover','');
insert into Diagram values('UF11-82_1236','UF11-20030400','82-44','E87 116i   Mud flaps','');
insert into Diagram values('UF11-82_1251','UF11-20030400','82-44','E87 116i   Cover hood windshield/side window','');
insert into Diagram values('UF11-82_0116','UF11-20030400','82-51','E87 116i   Universal support','');
insert into Diagram values('UF11-82_0122','UF11-20030400','82-51','E87 116i   Touring bicycle holder','');
insert into Diagram values('UF11-82_0123','UF11-20030400','82-51','E87 116i   RACK FOR RACING BICYCLE','');
insert into Diagram values('UF11-82_0124','UF11-20030400','82-51','E87 116i   Luggage basket','');
insert into Diagram values('UF11-82_0125','UF11-20030400','82-51','E87 116i   Bicycle lift','');
insert into Diagram values('UF11-82_0245','UF11-20030400','82-51','E87 116i   SUPPORT SNOWBOARD','');
insert into Diagram values('UF11-82_0281','UF11-20030400','82-51','E87 116i   Touring bicycle holder','');
insert into Diagram values('UF11-82_0283','UF11-20030400','82-51','E87 116i   Surfboard rack','');
insert into Diagram values('UF11-82_0284','UF11-20030400','82-51','E87 116i   Standard ski carrier for 6 pairs of skis','');
insert into Diagram values('UF11-82_0364','UF11-20030400','82-51','E87 116i   SKI/SNOWBOARD SET','');
insert into Diagram values('UF11-82_0501','UF11-20030400','82-51','E87 116i   ki and luggage box','');
insert into Diagram values('UF11-82_0502','UF11-20030400','82-51','E87 116i   Luggage box','');
insert into Diagram values('UF11-82_0594','UF11-20030400','82-51','E87 116i   Komfort ski holder','');
insert into Diagram values('UF11-82_0845','UF11-20030400','82-51','E87 116i   Standard ski holder, for 4 pairs of ski','');
insert into Diagram values('UF11-82_1157','UF11-20030400','82-51','E87 116i   Bicycle carrier, trailer coupling','');
insert into Diagram values('UF11-82_1175','UF11-20030400','82-51','E87 116i   Touring bicycle holder','');
insert into Diagram values('UF11-82_1178','UF11-20030400','82-51','E87 116i   Roof box','');
insert into Diagram values('UF11-82_1230','UF11-20030400','82-51','E87 116i   Rack support','');
insert into Diagram values('UF11-82_1234','UF11-20030400','82-51','E87 116i   Roof box','');
insert into Diagram values('UF11-82_1244','UF11-20030400','82-51','E87 116i   Racing bike rack','');
insert into Diagram values('UF11-82_1250','UF11-20030400','82-51','E87 116i   Roof box','');
insert into Diagram values('UF11-82_1268','UF11-20030400','82-51','E87 116i   Ski/snowboard holder','');
insert into Diagram values('UF11-82_1277','UF11-20030400','82-51','E87 116i   Rear carrier ECE','');
insert into Diagram values('UF11-82_1282','UF11-20030400','82-51','E87 116i   Rear carrier ski/snowboard holder','');
insert into Diagram values('UF11-82_1295','UF11-20030400','82-51','E87 116i   Roof rack systems','');
insert into Diagram values('UF11-82_1364','UF11-20030400','82-51','E87 116i   Bicycle carrier, trailer coupling','');
insert into Diagram values('UF11-82_1460','UF11-20030400','82-51','E87 116i   Roof rack systems','');
insert into Diagram values('UF11-82_1476','UF11-20030400','82-51','E87 116i   Roof-mounted container 320 LCI','');
insert into Diagram values('UF11-82_1551','UF11-20030400','82-51','E87 116i   Bicycle carrier, trailer coupling','');
insert into Diagram values('UF11-82_1567','UF11-20030400','82-51','E87 116i   Bicycle carrier, trailer coupling','');
insert into Diagram values('UF11-82_1589','UF11-20030400','82-51','E87 116i   Racing bike rack','');
insert into Diagram values('UF11-82_0926','UF11-20030400','82-52','E87 116i   Adapter (universal lift) for hood','');
insert into Diagram values('UF11-82_0102','UF11-20030400','82-81','E87 116i   Universal hoist','');
insert into Diagram values('UF11-83_0579','UF11-20030400','83-01','E87 116i   Rugzak','');
insert into Diagram values('UF11-83_0311','UF11-20030400','83-24','E87 116i   Paint protection foil E87','');
insert into Diagram values('UF11-84_0675','UF11-20030400','84-10','E87 116i   Indiv. parts, phone handset/mountg Japan','');
insert into Diagram values('UF11-84_0676','UF11-20030400','84-10','E87 116i   Single parts f teleph.luggage cptm.Japan','');
insert into Diagram values('UF11-84_0767','UF11-20030400','84-10','E87 116i   Starter package, cell phone Nokia 6303c','');
insert into Diagram values('UF11-84_0850','UF11-20030400','84-10','E87 116i   ASSY COMBOX TELEMATIC ECE','');
insert into Diagram values('UF11-84_0658','UF11-20030400','84-20','E87 116i   Single parts, SA 644 center console','');
insert into Diagram values('UF11-84_0659','UF11-20030400','84-20','E87 116i   Single parts, SA 644, trunk','');
insert into Diagram values('UF11-84_0673','UF11-20030400','84-20','E87 116i   Single parts, SA 633, center console','');
insert into Diagram values('UF11-84_0704','UF11-20030400','84-20','E87 116i   Single parts SA 633, trunk','');
insert into Diagram values('UF11-84_0758','UF11-20030400','84-20','E87 116i   Single parts, option 6NF center console','');
insert into Diagram values('UF11-84_0657','UF11-20030400','84-30','E87 116i   Single parts f hands-free facility','');
insert into Diagram values('UF11-84_0694','UF11-20030400','84-30','E87 116i   Single parts f hands-free fac. Bluetooth','');
insert into Diagram values('UF11-84_0639','UF11-20030400','84-95','E87 116i   Bluetooth SA644 hands-free retrofit kit','');
insert into Diagram values('UF11-84_0669','UF11-20030400','84-95','E87 116i   Retrofit kit hands-free facil. Bluetooth','');
insert into Diagram values('UF11-84_0678','UF11-20030400','84-95','E87 116i   Retrofit kit, voice input','');
insert into Diagram values('UF11-84_0711','UF11-20030400','84-95','E87 116i   Car phone for Japan','');
insert into Diagram values('UF11-84_0713','UF11-20030400','84-95','E87 116i   Retrofit kit for UNI hands-free system','');
insert into Diagram values('UF11-84_0714','UF11-20030400','84-95','E87 116i   Cell phone cradles,Universal hands-free','');
insert into Diagram values('UF11-84_0730','UF11-20030400','84-95','E87 116i   Stolen Vehicle Tracking - TPA','');
insert into Diagram values('UF11-84_0732','UF11-20030400','84-95','E87 116i   Upgrade kit hands-free Bluetooth OPT644','');
insert into Diagram values('UF11-84_0741','UF11-20030400','84-95','E87 116i   Base hands-free system with Bluetooth','');
insert into Diagram values('UF11-84_0778','UF11-20030400','84-95','E87 116i   BMW Bluetooth headset','');
insert into Diagram values('UF11-84_0867','UF11-20030400','84-95','E87 116i   BMW Car Hotspot','');
insert into Diagram values('UF11-84_0895','UF11-20030400','84-95','E87 116i   BMW station fr Apple iPhone','');
insert into Diagram values('UF11-84_0897','UF11-20030400','84-95','E87 116i   Snap-in adapter for Apple devices','');
insert into Diagram values('UF11-84_0906','UF11-20030400','84-95','E87 116i   Snap-in adapter, SONY ERICSSON devices','');
insert into Diagram values('UF11-84_0907','UF11-20030400','84-95','E87 116i   Snap-in adapter for NOKIA devices','');
insert into Diagram values('UF11-84_0908','UF11-20030400','84-95','E87 116i   Snap-in adapter for SIEMENS devices','');
insert into Diagram values('UF11-84_0909','UF11-20030400','84-95','E87 116i   Snap-in adapter for MOTOROLA devices','');
insert into Diagram values('UF11-84_0910','UF11-20030400','84-95','E87 116i   Snap-in adapter, BlackBerry/RIM devices','');
insert into Diagram values('UF11-84_0930','UF11-20030400','84-95','E87 116i   Smartphone cradle','');
insert into Diagram values('UF11-84_0931','UF11-20030400','84-95','E87 116i   BMW Car Hotspot LTE','');
insert into Diagram values('UF11-85_0001','UF11-20030400','85-45','E87 116i   Winter tires','');
insert into Diagram values('UF11-85_0028','UF11-20030400','85-45','E87 116i   Summer tires','');
insert into Diagram values('UF11-88_0052','UF11-20030400','88-80','E87 116i   Emergency bag','');
insert into Diagram values('UF11-88_0064','UF11-20030400','88-80','E87 116i   Fluid-change kit, autom. transmission','');
insert into ProdCodeDate values('UF11-20030400','UF11',to_date('20030401','YYYYMMDD'));
insert into ProdCodeDate values('UF11-20031100','UF11',to_date('20031101','YYYYMMDD'));
insert into ProdCodeDate values('UF11-20031100','UF11',to_date('20031101','YYYYMMDD'));
insert into ProdCodeDate values('UF11-20031200','UF11',to_date('20031201','YYYYMMDD'));
insert into ProdCodeDate values('UF12-20031200','UF12',to_date('20031201','YYYYMMDD'));
insert into ProdCodeDate values('UF11-20040100','UF11',to_date('20040101','YYYYMMDD'));
insert into ProdCodeDate values('UF12-20040100','UF12',to_date('20040101','YYYYMMDD'));
insert into ProdCodeDate values('UF11-20040200','UF11',to_date('20040201','YYYYMMDD'));
insert into ProdCodeDate values('UF12-20040200','UF12',to_date('20040201','YYYYMMDD'));
insert into ProdCodeDate values('UF11-20040300','UF11',to_date('20040301','YYYYMMDD'));
insert into ProdCodeDate values('UF12-20040300','UF12',to_date('20040301','YYYYMMDD'));
insert into ProdCodeDate values('UF11-20040400','UF11',to_date('20040401','YYYYMMDD'));
insert into ProdCodeDate values('UF12-20040400','UF12',to_date('20040401','YYYYMMDD'));
insert into ProdCodeDate values('UF11-20040500','UF11',to_date('20040501','YYYYMMDD'));
insert into ProdCodeDate values('UF12-20040500','UF12',to_date('20040501','YYYYMMDD'));
insert into ProdCodeDate values('UF11-20040600','UF11',to_date('20040601','YYYYMMDD'));
insert into ProdCodeDate values('UF12-20040600','UF12',to_date('20040601','YYYYMMDD'));
insert into ProdCodeDate values('UF11-20040700','UF11',to_date('20040701','YYYYMMDD'));
insert into ProdCodeDate values('UF12-20040700','UF12',to_date('20040701','YYYYMMDD'));
insert into ProdCodeDate values('UF11-20040800','UF11',to_date('20040801','YYYYMMDD'));
insert into ProdCodeDate values('UF12-20040800','UF12',to_date('20040801','YYYYMMDD'));
insert into ProdCodeDate values('UF11-20040900','UF11',to_date('20040901','YYYYMMDD'));
insert into ProdCodeDate values('UF12-20040900','UF12',to_date('20040901','YYYYMMDD'));
insert into ProdCodeDate values('UF11-20041000','UF11',to_date('20041001','YYYYMMDD'));
insert into ProdCodeDate values('UF12-20041000','UF12',to_date('20041001','YYYYMMDD'));
insert into ProdCodeDate values('UF11-20041100','UF11',to_date('20041101','YYYYMMDD'));
insert into ProdCodeDate values('UF12-20041100','UF12',to_date('20041101','YYYYMMDD'));
insert into ProdCodeDate values('UF11-20041200','UF11',to_date('20041201','YYYYMMDD'));
insert into ProdCodeDate values('UF12-20041200','UF12',to_date('20041201','YYYYMMDD'));
insert into ProdCodeDate values('UF11-20050100','UF11',to_date('20050101','YYYYMMDD'));
insert into ProdCodeDate values('UF12-20050100','UF12',to_date('20050101','YYYYMMDD'));
insert into ProdCodeDate values('UF11-20050200','UF11',to_date('20050201','YYYYMMDD'));
insert into ProdCodeDate values('UF12-20050200','UF12',to_date('20050201','YYYYMMDD'));
insert into ProdCodeDate values('UF11-20050300','UF11',to_date('20050301','YYYYMMDD'));
insert into ProdCodeDate values('UF12-20050300','UF12',to_date('20050301','YYYYMMDD'));
insert into ProdCodeDate values('UF11-20050400','UF11',to_date('20050401','YYYYMMDD'));
insert into ProdCodeDate values('UF12-20050400','UF12',to_date('20050401','YYYYMMDD'));
insert into ProdCodeDate values('UF11-20050500','UF11',to_date('20050501','YYYYMMDD'));
insert into ProdCodeDate values('UF12-20050500','UF12',to_date('20050501','YYYYMMDD'));
insert into ProdCodeDate values('UF11-20050600','UF11',to_date('20050601','YYYYMMDD'));
insert into ProdCodeDate values('UF12-20050600','UF12',to_date('20050601','YYYYMMDD'));
insert into ProdCodeDate values('UF11-20050700','UF11',to_date('20050701','YYYYMMDD'));
insert into ProdCodeDate values('UF12-20050700','UF12',to_date('20050701','YYYYMMDD'));
insert into ProdCodeDate values('UF11-20050800','UF11',to_date('20050801','YYYYMMDD'));
insert into ProdCodeDate values('UF12-20050800','UF12',to_date('20050801','YYYYMMDD'));
insert into ProdCodeDate values('UF11-20050900','UF11',to_date('20050901','YYYYMMDD'));
insert into ProdCodeDate values('UF12-20050900','UF12',to_date('20050901','YYYYMMDD'));
insert into ProdCodeDate values('UF11-20051000','UF11',to_date('20051001','YYYYMMDD'));
insert into ProdCodeDate values('UF12-20051000','UF12',to_date('20051001','YYYYMMDD'));
insert into ProdCodeDate values('UF11-20051100','UF11',to_date('20051101','YYYYMMDD'));
insert into ProdCodeDate values('UF12-20051100','UF12',to_date('20051101','YYYYMMDD'));
insert into ProdCodeDate values('UF11-20051200','UF11',to_date('20051201','YYYYMMDD'));
insert into ProdCodeDate values('UF12-20051200','UF12',to_date('20051201','YYYYMMDD'));
insert into ProdCodeDate values('UF11-20060100','UF11',to_date('20060101','YYYYMMDD'));
insert into ProdCodeDate values('UF12-20060100','UF12',to_date('20060101','YYYYMMDD'));
insert into ProdCodeDate values('UF11-20060200','UF11',to_date('20060201','YYYYMMDD'));
insert into ProdCodeDate values('UF12-20060200','UF12',to_date('20060201','YYYYMMDD'));
insert into ProdCodeDate values('UF11-20060300','UF11',to_date('20060301','YYYYMMDD'));
insert into ProdCodeDate values('UF12-20060300','UF12',to_date('20060301','YYYYMMDD'));
insert into ProdCodeDate values('UF11-20060400','UF11',to_date('20060401','YYYYMMDD'));
insert into ProdCodeDate values('UF12-20060400','UF12',to_date('20060401','YYYYMMDD'));
insert into ProdCodeDate values('UF11-20060500','UF11',to_date('20060501','YYYYMMDD'));
insert into ProdCodeDate values('UF12-20060500','UF12',to_date('20060501','YYYYMMDD'));
insert into ProdCodeDate values('UF11-20060600','UF11',to_date('20060601','YYYYMMDD'));
insert into ProdCodeDate values('UF12-20060600','UF12',to_date('20060601','YYYYMMDD'));
insert into ProdCodeDate values('UF11-20060700','UF11',to_date('20060701','YYYYMMDD'));
insert into ProdCodeDate values('UF12-20060700','UF12',to_date('20060701','YYYYMMDD'));
insert into ProdCodeDate values('UF11-20060800','UF11',to_date('20060801','YYYYMMDD'));
insert into ProdCodeDate values('UF12-20060800','UF12',to_date('20060801','YYYYMMDD'));
insert into ProdCodeDate values('UF11-20060900','UF11',to_date('20060901','YYYYMMDD'));
insert into ProdCodeDate values('UF12-20060900','UF12',to_date('20060901','YYYYMMDD'));
insert into ProdCodeDate values('UF11-20061000','UF11',to_date('20061001','YYYYMMDD'));
insert into ProdCodeDate values('UF12-20061000','UF12',to_date('20061001','YYYYMMDD'));
insert into ProdCodeDate values('UF11-20061100','UF11',to_date('20061101','YYYYMMDD'));
insert into ProdCodeDate values('UF12-20061100','UF12',to_date('20061101','YYYYMMDD'));
insert into ProdCodeDate values('UF11-20061200','UF11',to_date('20061201','YYYYMMDD'));
insert into ProdCodeDate values('UF12-20061200','UF12',to_date('20061201','YYYYMMDD'));
insert into ProdCodeDate values('UF11-20070100','UF11',to_date('20070101','YYYYMMDD'));
insert into ProdCodeDate values('UF12-20070100','UF12',to_date('20070101','YYYYMMDD'));
insert into ProdCodeDate values('UF11-20070200','UF11',to_date('20070201','YYYYMMDD'));
insert into ProdCodeDate values('UF12-20070200','UF12',to_date('20070201','YYYYMMDD'));
insert into Model values('118d','E87','SH','118d','ECE');
insert into ProdCode values('UG31','118d','SH','E87','ECE','M47N2','L','02/2003 E87 118d 5 doors M47N2 Europe Left hand drive ');
insert into ProdCodeDate values('UG31-20030200','UG31',to_date('20030201','YYYYMMDD'));
insert into Diagram values('UG31-01_0206','UG31-20030200','01-05','E87 118d   BMW care tips','');
insert into DiagramParts values('UG31-01_0689-01400159973', 'UG31-01_0689', 01, 'Owner&apos;s handbook E87 without iDrive', 'DE, MJ 2006', 1, to_date('20050901','YYYYMMDD'), to_date('20060901','YYYYMMDD'), '01400159973', '', '', false);
insert into DiagramParts values('UG31-01_0689-01400012852', 'UG31-01_0689', 01, 'Owner&apos;s handbook E87 without iDrive', 'DE, MJ 2007', 1, to_date('20060901','YYYYMMDD'), to_date('20070301','YYYYMMDD'), '01400012852', '', '', false);
insert into DiagramParts values('UG31-01_0689-01410158975', 'UG31-01_0689', 02, 'Owner&apos;s handbook E87 without iDrive', 'EN, MJ 2005', 1, to_date('20040601','YYYYMMDD'), to_date('20050901','YYYYMMDD'), '01410158975', '', '', false);
insert into DiagramParts values('UG31-01_0689-01410159974', 'UG31-01_0689', 02, 'Owner&apos;s handbook E87 without iDrive', 'EN, MJ 2006', 1, to_date('20050901','YYYYMMDD'), to_date('20060901','YYYYMMDD'), '01410159974', '', '', false);
insert into DiagramParts values('UG31-01_0689-01410012853', 'UG31-01_0689', 02, 'Owner&apos;s handbook E87 without iDrive', 'EN, MJ 2007', 1, to_date('20060901','YYYYMMDD'), to_date('20070301','YYYYMMDD'), '01410012853', '', '', false);
insert into DiagramParts values('UG31-01_0689-01420158976', 'UG31-01_0689', 03, 'Owner&apos;s handbook E87 without iDrive', 'FR, MJ 2005', 1, to_date('20040601','YYYYMMDD'), to_date('20050901','YYYYMMDD'), '01420158976', '', '', false);
insert into DiagramParts values('UG31-01_0689-01420159975', 'UG31-01_0689', 03, 'Owner&apos;s handbook E87 without iDrive', 'FR, MJ 2006', 1, to_date('20050901','YYYYMMDD'), to_date('20060901','YYYYMMDD'), '01420159975', '', '', false);
insert into DiagramParts values('UG31-01_0689-01420012854', 'UG31-01_0689', 03, 'Owner&apos;s handbook E87 without iDrive', 'FR, MJ 2007', 1, to_date('20060901','YYYYMMDD'), to_date('20070301','YYYYMMDD'), '01420012854', '', '', false);
insert into DiagramParts values('UG31-01_0689-01430158977', 'UG31-01_0689', 04, 'Owner&apos;s handbook E87 without iDrive', 'ES, MJ 2005', 1, to_date('20040601','YYYYMMDD'), to_date('20050901','YYYYMMDD'), '01430158977', '', '', false);
insert into DiagramParts values('UG31-01_0689-01430159976', 'UG31-01_0689', 04, 'Owner&apos;s handbook E87 without iDrive', 'ES, MJ 2006', 1, to_date('20050901','YYYYMMDD'), to_date('20060901','YYYYMMDD'), '01430159976', '', '', false);
insert into DiagramParts values('UG31-01_0689-01430012855', 'UG31-01_0689', 04, 'Owner&apos;s handbook E87 without iDrive', 'ES, MJ 2007', 1, to_date('20060901','YYYYMMDD'), to_date('20070301','YYYYMMDD'), '01430012855', '', '', false);
insert into DiagramParts values('UG31-01_0689-01440158978', 'UG31-01_0689', 05, 'Owner&apos;s handbook E87 without iDrive', 'IT, MJ 2005', 1, to_date('20040601','YYYYMMDD'), to_date('20050901','YYYYMMDD'), '01440158978', '', '', false);
insert into DiagramParts values('UG31-01_0689-01440159977', 'UG31-01_0689', 05, 'Owner&apos;s handbook E87 without iDrive', 'IT, MJ 2006', 1, to_date('20050901','YYYYMMDD'), to_date('20060901','YYYYMMDD'), '01440159977', '', '', false);
insert into DiagramParts values('UG31-01_0689-01440012856', 'UG31-01_0689', 05, 'Owner&apos;s handbook E87 without iDrive', 'IT, MJ 2007', 1, to_date('20060901','YYYYMMDD'), to_date('20070301','YYYYMMDD'), '01440012856', '', '', false);
insert into DiagramParts values('UG31-01_0689-01450158979', 'UG31-01_0689', 06, 'Owner&apos;s handbook E87 without iDrive', 'SV, MJ 2005', 1, to_date('20040601','YYYYMMDD'), to_date('20050901','YYYYMMDD'), '01450158979', '', '', false);
insert into DiagramParts values('UG31-01_0689-01450159978', 'UG31-01_0689', 06, 'Owner&apos;s handbook E87 without iDrive', 'SV, MJ 2006', 1, to_date('20050901','YYYYMMDD'), to_date('20060901','YYYYMMDD'), '01450159978', '', '', false);
insert into DiagramParts values('UG31-01_0689-01450012857', 'UG31-01_0689', 06, 'Owner&apos;s handbook E87 without iDrive', 'SV, MJ 2007', 1, to_date('20060901','YYYYMMDD'), to_date('20070301','YYYYMMDD'), '01450012857', '', '', false);
insert into DiagramParts values('UG31-01_0689-01460158980', 'UG31-01_0689', 07, 'Owner&apos;s handbook E87 without iDrive', 'NL, MJ 2005', 1, to_date('20040601','YYYYMMDD'), to_date('20050901','YYYYMMDD'), '01460158980', '', '', false);
insert into DiagramParts values('UG31-01_0689-01460159979', 'UG31-01_0689', 07, 'Owner&apos;s handbook E87 without iDrive', 'NL, MJ 2006', 1, to_date('20050901','YYYYMMDD'), to_date('20060901','YYYYMMDD'), '01460159979', '', '', false);
insert into DiagramParts values('UG31-01_0689-01460012858', 'UG31-01_0689', 07, 'Owner&apos;s handbook E87 without iDrive', 'NL, MJ 2007', 1, to_date('20060901','YYYYMMDD'), to_date('20070301','YYYYMMDD'), '01460012858', '', '', false);
insert into DiagramParts values('UG31-01_0689-01470158981', 'UG31-01_0689', 08, 'Owner&apos;s handbook E87 without iDrive', 'AR, MJ 2005', 1, to_date('20040601','YYYYMMDD'), to_date('20050901','YYYYMMDD'), '01470158981', '', '', false);
insert into DiagramParts values('UG31-01_0689-01470159980', 'UG31-01_0689', 08, 'Owner&apos;s handbook E87 without iDrive', 'AR, MJ 2006', 1, to_date('20050901','YYYYMMDD'), to_date('20060901','YYYYMMDD'), '01470159980', '', '', false);
insert into DiagramParts values('UG31-01_0689-01470012859', 'UG31-01_0689', 08, 'Owner&apos;s handbook E87 without iDrive', 'AR, MJ 2007', 1, to_date('20060901','YYYYMMDD'), to_date('20070301','YYYYMMDD'), '01470012859', '', '', false);
insert into DiagramParts values('UG31-01_0689-01480158982', 'UG31-01_0689', 09, 'Owner&apos;s handbook E87 without iDrive', 'DA, MJ 2005', 1, to_date('20040601','YYYYMMDD'), to_date('20050901','YYYYMMDD'), '01480158982', '', '', false);
insert into DiagramParts values('UG31-01_0689-01480159981', 'UG31-01_0689', 09, 'Owner&apos;s handbook E87 without iDrive', 'DA, MJ 2006', 1, to_date('20050901','YYYYMMDD'), to_date('20060901','YYYYMMDD'), '01480159981', '', '', false);
insert into DiagramParts values('UG31-01_0689-01480012860', 'UG31-01_0689', 09, 'Owner&apos;s handbook E87 without iDrive', 'DA, MJ 2007', 1, to_date('20060901','YYYYMMDD'), to_date('20070301','YYYYMMDD'), '01480012860', '', '', false);
insert into DiagramParts values('UG31-01_0689-01490158983', 'UG31-01_0689', 10, 'Owner&apos;s handbook E87 without iDrive', 'PT, MJ 2005', 1, to_date('20040601','YYYYMMDD'), to_date('20050901','YYYYMMDD'), '01490158983', '', '', false);
insert into DiagramParts values('UG31-01_0689-01490159982', 'UG31-01_0689', 10, 'Owner&apos;s handbook E87 without iDrive', 'PT, MJ 2006', 1, to_date('20050901','YYYYMMDD'), to_date('20060901','YYYYMMDD'), '01490159982', '', '', false);
insert into DiagramParts values('UG31-01_0689-01490012861', 'UG31-01_0689', 10, 'Owner&apos;s handbook E87 without iDrive', 'PT, MJ 2007', 1, to_date('20060901','YYYYMMDD'), to_date('20070301','YYYYMMDD'), '01490012861', '', '', false);
insert into DiagramParts values('UG31-01_0689-01490158985', 'UG31-01_0689', 13, 'Owner&apos;s handbook E87 without iDrive', 'EL, MJ 2005', 1, to_date('20040601','YYYYMMDD'), to_date('20050901','YYYYMMDD'), '01490158985', '', '', false);
insert into DiagramParts values('UG31-01_0689-01490159983', 'UG31-01_0689', 13, 'Owner&apos;s handbook E87 without iDrive', 'EL, MJ 2006', 1, to_date('20050901','YYYYMMDD'), to_date('20060901','YYYYMMDD'), '01490159983', '', '', false);
insert into DiagramParts values('UG31-01_0689-01490012862', 'UG31-01_0689', 13, 'Owner&apos;s handbook E87 without iDrive', 'EL, MJ 2007', 1, to_date('20060901','YYYYMMDD'), to_date('20070301','YYYYMMDD'), '01490012862', '', '', false);
insert into Diagram values('UG31-01_0689','UG31-20030200','01-05','E87 118d   Owner&apos;s manual for E81, E87 w/o iDrive','');
insert into DiagramParts values('UG31-01_0690-01400159984', 'UG31-01_0690', 01, 'Owner&apos;s handbook E87 with iDrive', 'DE, MJ 2006', 1, to_date('20050901','YYYYMMDD'), to_date('20060901','YYYYMMDD'), '01400159984', '', '', false);
insert into DiagramParts values('UG31-01_0690-01400012915', 'UG31-01_0690', 01, 'Owner&apos;s handbook E87 with iDrive', 'DE, MJ 2007', 1, to_date('20060901','YYYYMMDD'), to_date('20070301','YYYYMMDD'), '01400012915', '', '', false);
insert into DiagramParts values('UG31-01_0690-01410159496', 'UG31-01_0690', 02, 'Owner&apos;s handbook E87 with iDrive', 'EN, MJ 2005', 1, to_date('20040601','YYYYMMDD'), to_date('20050901','YYYYMMDD'), '01410159496', '', '', false);
insert into DiagramParts values('UG31-01_0690-01410159985', 'UG31-01_0690', 02, 'Owner&apos;s handbook E87 with iDrive', 'EN, MJ 2006', 1, to_date('20050901','YYYYMMDD'), to_date('20060901','YYYYMMDD'), '01410159985', '', '', false);
insert into DiagramParts values('UG31-01_0690-01410012916', 'UG31-01_0690', 02, 'Owner&apos;s handbook E87 with iDrive', 'EN, MJ 2007', 1, to_date('20060901','YYYYMMDD'), to_date('20070301','YYYYMMDD'), '01410012916', '', '', false);
insert into DiagramParts values('UG31-01_0690-01420159497', 'UG31-01_0690', 03, 'Owner&apos;s handbook E87 with iDrive', 'FR, MJ 2005', 1, to_date('20040601','YYYYMMDD'), to_date('20050901','YYYYMMDD'), '01420159497', '', '', false);
insert into DiagramParts values('UG31-01_0690-01420159986', 'UG31-01_0690', 03, 'Owner&apos;s handbook E87 with iDrive', 'FR, MJ 2006', 1, to_date('20050901','YYYYMMDD'), to_date('20060901','YYYYMMDD'), '01420159986', '', '', false);
insert into DiagramParts values('UG31-01_0690-01420012917', 'UG31-01_0690', 03, 'Owner&apos;s handbook E87 with iDrive', 'FR, MJ 2007', 1, to_date('20060901','YYYYMMDD'), to_date('20070301','YYYYMMDD'), '01420012917', '', '', false);
insert into DiagramParts values('UG31-01_0690-01430159498', 'UG31-01_0690', 04, 'Owner&apos;s handbook E87 with iDrive', 'ES, MJ 2005', 1, to_date('20040601','YYYYMMDD'), to_date('20050901','YYYYMMDD'), '01430159498', '', '', false);
insert into DiagramParts values('UG31-01_0690-01430159987', 'UG31-01_0690', 04, 'Owner&apos;s handbook E87 with iDrive', 'ES, MJ 2006', 1, to_date('20050901','YYYYMMDD'), to_date('20060901','YYYYMMDD'), '01430159987', '', '', false);
insert into DiagramParts values('UG31-01_0690-01430012918', 'UG31-01_0690', 04, 'Owner&apos;s handbook E87 with iDrive', 'ES, MJ 2007', 1, to_date('20060901','YYYYMMDD'), to_date('20070301','YYYYMMDD'), '01430012918', '', '', false);
insert into DiagramParts values('UG31-01_0690-01440159499', 'UG31-01_0690', 05, 'Owner&apos;s handbook E87 with iDrive', 'IT, MJ 2005', 1, to_date('20040601','YYYYMMDD'), to_date('20050901','YYYYMMDD'), '01440159499', '', '', false);
insert into DiagramParts values('UG31-01_0690-01440159988', 'UG31-01_0690', 05, 'Owner&apos;s handbook E87 with iDrive', 'IT, MJ 2006', 1, to_date('20050901','YYYYMMDD'), to_date('20060901','YYYYMMDD'), '01440159988', '', '', false);
insert into DiagramParts values('UG31-01_0690-01440012919', 'UG31-01_0690', 05, 'Owner&apos;s handbook E87 with iDrive', 'IT, MJ 2007', 1, to_date('20060901','YYYYMMDD'), to_date('20070301','YYYYMMDD'), '01440012919', '', '', false);
insert into DiagramParts values('UG31-01_0690-01450159500', 'UG31-01_0690', 06, 'Owner&apos;s handbook E87 with iDrive', 'SV, MJ 2005', 1, to_date('20040601','YYYYMMDD'), to_date('20050901','YYYYMMDD'), '01450159500', '', '', false);
insert into DiagramParts values('UG31-01_0690-01450159989', 'UG31-01_0690', 06, 'Owner&apos;s handbook E87 with iDrive', 'SV, MJ 2006', 1, to_date('20050901','YYYYMMDD'), to_date('20060901','YYYYMMDD'), '01450159989', '', '', false);
insert into DiagramParts values('UG31-01_0690-01450012920', 'UG31-01_0690', 06, 'Owner&apos;s handbook E87 with iDrive', 'SV, MJ 2007', 1, to_date('20060901','YYYYMMDD'), to_date('20070301','YYYYMMDD'), '01450012920', '', '', false);
insert into DiagramParts values('UG31-01_0690-01460159501', 'UG31-01_0690', 07, 'Owner&apos;s handbook E87 with iDrive', 'NL, MJ 2005', 1, to_date('20040601','YYYYMMDD'), to_date('20050901','YYYYMMDD'), '01460159501', '', '', false);
insert into DiagramParts values('UG31-01_0690-01460159990', 'UG31-01_0690', 07, 'Owner&apos;s handbook E87 with iDrive', 'NL, MJ 2006', 1, to_date('20050901','YYYYMMDD'), to_date('20060901','YYYYMMDD'), '01460159990', '', '', false);
insert into DiagramParts values('UG31-01_0690-01460012921', 'UG31-01_0690', 07, 'Owner&apos;s handbook E87 with iDrive', 'NL, MJ 2007', 1, to_date('20060901','YYYYMMDD'), to_date('20070301','YYYYMMDD'), '01460012921', '', '', false);
insert into DiagramParts values('UG31-01_0690-01470159502', 'UG31-01_0690', 08, 'Owner&apos;s handbook E87 with iDrive', 'AR, MJ 2005', 1, to_date('20040601','YYYYMMDD'), to_date('20050901','YYYYMMDD'), '01470159502', '', '', false);
insert into DiagramParts values('UG31-01_0690-01470159991', 'UG31-01_0690', 08, 'Owner&apos;s handbook E87 with iDrive', 'AR, MJ 2006', 1, to_date('20050901','YYYYMMDD'), to_date('20060901','YYYYMMDD'), '01470159991', '', '', false);
insert into DiagramParts values('UG31-01_0690-01470012922', 'UG31-01_0690', 08, 'Owner&apos;s handbook E87 with iDrive', 'AR, MJ 2007', 1, to_date('20060901','YYYYMMDD'), to_date('20070301','YYYYMMDD'), '01470012922', '', '', false);
insert into DiagramParts values('UG31-01_0690-01480012923', 'UG31-01_0690', 08, 'Owner&apos;s handbook E87 with iDrive', 'DA, MJ 2007', 1, to_date('20060901','YYYYMMDD'), to_date('20070301','YYYYMMDD'), '01480012923', '', '', false);
insert into DiagramParts values('UG31-01_0690-01480159503', 'UG31-01_0690', 09, 'Owner&apos;s handbook E87 with iDrive', 'DA, MJ 2005', 1, to_date('20040601','YYYYMMDD'), to_date('20050901','YYYYMMDD'), '01480159503', '', '', false);
insert into DiagramParts values('UG31-01_0690-01480159992', 'UG31-01_0690', 09, 'Owner&apos;s handbook E87 with iDrive', 'DA, MJ 2006', 1, to_date('20050901','YYYYMMDD'), to_date('20060901','YYYYMMDD'), '01480159992', '', '', false);
insert into DiagramParts values('UG31-01_0690-01490159504', 'UG31-01_0690', 10, 'Owner&apos;s handbook E87 with iDrive', 'PT, MJ 2005', 1, to_date('20040601','YYYYMMDD'), to_date('20050901','YYYYMMDD'), '01490159504', '', '', false);
insert into DiagramParts values('UG31-01_0690-01490159993', 'UG31-01_0690', 10, 'Owner&apos;s handbook E87 with iDrive', 'PT, MJ 2006', 1, to_date('20050901','YYYYMMDD'), to_date('20060901','YYYYMMDD'), '01490159993', '', '', false);
insert into DiagramParts values('UG31-01_0690-01490012924', 'UG31-01_0690', 10, 'Owner&apos;s handbook E87 with iDrive', 'PT, MJ 2007', 1, to_date('20060901','YYYYMMDD'), to_date('20070301','YYYYMMDD'), '01490012924', '', '', false);
insert into DiagramParts values('UG31-01_0690-01490159505', 'UG31-01_0690', 13, 'Owner&apos;s handbook E87 with iDrive', 'EL, MJ 2005', 1, to_date('20040601','YYYYMMDD'), to_date('20050901','YYYYMMDD'), '01490159505', '', '', false);
insert into DiagramParts values('UG31-01_0690-01490159994', 'UG31-01_0690', 13, 'Owner&apos;s handbook E87 with iDrive', 'EL, MJ 2006', 1, to_date('20050901','YYYYMMDD'), to_date('20060901','YYYYMMDD'), '01490159994', '', '', false);
insert into DiagramParts values('UG31-01_0690-01490012925', 'UG31-01_0690', 13, 'Owner&apos;s handbook E87 with iDrive', 'EL, MJ 2007', 1, to_date('20060901','YYYYMMDD'), to_date('20070301','YYYYMMDD'), '01490012925', '', '', false);
insert into Diagram values('UG31-01_0690','UG31-20030200','01-05','E87 118d   Owner&apos;s manual for E81, E87 with iDrive','');
insert into DiagramParts values('UG31-01_0727-01400011871', 'UG31-01_0727', 01, 'Brief instructions E87 without iDrive', 'DE', 1, to_date('20050901','YYYYMMDD'), to_date('20070301','YYYYMMDD'), '01400011871', '', '', false);
insert into DiagramParts values('UG31-01_0727-01400011882', 'UG31-01_0727', 01, 'Brief instructions E87 with iDrive', 'DE', 1, to_date('20050901','YYYYMMDD'), to_date('20070301','YYYYMMDD'), '01400011882', '', '', false);
insert into DiagramParts values('UG31-01_0727-01410011883', 'UG31-01_0727', 02, 'Brief instructions E87 with iDrive', 'EN', 1, to_date('20050901','YYYYMMDD'), to_date('20070301','YYYYMMDD'), '01410011883', '', '', false);
insert into Diagram values('UG31-01_0727','UG31-20030200','01-05','E87 118d   Brief instructions E81, E82, E87, E','');
insert into Diagram values('UG31-01_0756','UG31-20030200','01-05','E87 118d   Mirror placard','');
insert into Diagram values('UG31-01_0780','UG31-20030200','01-05','E87 118d   Brochure Service Contact, BMW','');
insert into DiagramParts values('UG31-01_1080-01402918756', 'UG31-01_1080', 02, 'Supplement Owner&apos;s Manual license texts', 'MULTILINGUAL', 1, to_date('20130301','YYYYMMDD'), to_date('20130701','YYYYMMDD'), '01402918756', '', '', false);
insert into Diagram values('UG31-01_1080','UG31-20030200','01-05','E87 118d   Flyer, license texts for BMW','');
insert into DiagramParts values('UG31-01_0606-01400012026', 'UG31-01_0606', 01, 'Operating instructions, radio &quot;de&quot;', 'SA663', 1, to_date('20060901','YYYYMMDD'), to_date('20070301','YYYYMMDD'), '01400012026', '', '', false);
insert into DiagramParts values('UG31-01_0606-01400159098', 'UG31-01_0606', 01, 'Operating instructions, radio &quot;de&quot;', 'SA663', 1, to_date('20050301','YYYYMMDD'), to_date('20050901','YYYYMMDD'), '01400159098', '', '', false);
insert into DiagramParts values('UG31-01_0606-01410012027', 'UG31-01_0606', 02, 'Operating instructions, radio &quot;en&quot;', 'SA663', 1, to_date('20060901','YYYYMMDD'), to_date('20070301','YYYYMMDD'), '01410012027', '', '', false);
insert into DiagramParts values('UG31-01_0606-01410159099', 'UG31-01_0606', 02, 'Operating instructions, radio &quot;en&quot;', 'SA663', 1, to_date('20050301','YYYYMMDD'), to_date('20050901','YYYYMMDD'), '01410159099', '', '', false);
insert into DiagramParts values('UG31-01_0606-01420012028', 'UG31-01_0606', 03, 'Operating instructions, radio &quot;fr&quot;', 'SA663', 1, to_date('20060901','YYYYMMDD'), to_date('20070301','YYYYMMDD'), '01420012028', '', '', false);
insert into DiagramParts values('UG31-01_0606-01420159100', 'UG31-01_0606', 03, 'Operating instructions, radio &quot;fr&quot;', 'SA663', 1, to_date('20050301','YYYYMMDD'), to_date('20050901','YYYYMMDD'), '01420159100', '', '', false);
insert into DiagramParts values('UG31-01_0606-01430012029', 'UG31-01_0606', 04, 'Operating instructions, radio &quot;es&quot;', 'SA663', 1, to_date('20060901','YYYYMMDD'), to_date('20070301','YYYYMMDD'), '01430012029', '', '', false);
insert into DiagramParts values('UG31-01_0606-01430158404', 'UG31-01_0606', 04, 'Operating instructions, radio &quot;es&quot;', 'SA663', 1, to_date('20041201','YYYYMMDD'), to_date('20050301','YYYYMMDD'), '01430158404', '', '', false);
insert into DiagramParts values('UG31-01_0606-01430159101', 'UG31-01_0606', 04, 'Operating instructions, radio &quot;es&quot;', 'SA663', 1, to_date('20050301','YYYYMMDD'), to_date('20050901','YYYYMMDD'), '01430159101', '', '', false);
insert into DiagramParts values('UG31-01_0606-01440012030', 'UG31-01_0606', 05, 'Operating instructions, radio &quot;it&quot;', 'SA663', 1, to_date('20060901','YYYYMMDD'), to_date('20070301','YYYYMMDD'), '01440012030', '', '', false);
insert into DiagramParts values('UG31-01_0606-01440159102', 'UG31-01_0606', 05, 'Operating instructions, radio &quot;it&quot;', 'SA663', 1, to_date('20050301','YYYYMMDD'), to_date('20050901','YYYYMMDD'), '01440159102', '', '', false);
insert into DiagramParts values('UG31-01_0606-01450012031', 'UG31-01_0606', 06, 'Operating instructions, radio &quot;sv&quot;', 'SA663', 1, to_date('20060901','YYYYMMDD'), to_date('20070301','YYYYMMDD'), '01450012031', '', '', false);
insert into DiagramParts values('UG31-01_0606-01450159103', 'UG31-01_0606', 06, 'Operating instructions, radio &quot;sv&quot;', 'SA663', 1, to_date('20050301','YYYYMMDD'), to_date('20050901','YYYYMMDD'), '01450159103', '', '', false);
insert into DiagramParts values('UG31-01_0606-01460012032', 'UG31-01_0606', 07, 'Operating instructions, radio &quot;nl&quot;', 'SA663', 1, to_date('20060901','YYYYMMDD'), to_date('20070301','YYYYMMDD'), '01460012032', '', '', false);
insert into DiagramParts values('UG31-01_0606-01460159104', 'UG31-01_0606', 07, 'Operating instructions, radio &quot;nl&quot;', 'SA663', 1, to_date('20050301','YYYYMMDD'), to_date('20050901','YYYYMMDD'), '01460159104', '', '', false);
insert into DiagramParts values('UG31-01_0606-01470012033', 'UG31-01_0606', 08, 'Operating instructions, radio &quot;ar&quot;', 'SA663', 1, to_date('20060901','YYYYMMDD'), to_date('20070301','YYYYMMDD'), '01470012033', '', '', false);
insert into DiagramParts values('UG31-01_0606-01470159105', 'UG31-01_0606', 08, 'Operating instructions, radio &quot;ar&quot;', 'SA663', 1, to_date('20050301','YYYYMMDD'), to_date('20050901','YYYYMMDD'), '01470159105', '', '', false);
insert into DiagramParts values('UG31-01_0606-01480012034', 'UG31-01_0606', 09, 'Operating instructions, radio &quot;da&quot;', 'SA663', 1, to_date('20060901','YYYYMMDD'), to_date('20070301','YYYYMMDD'), '01480012034', '', '', false);
insert into DiagramParts values('UG31-01_0606-01480159106', 'UG31-01_0606', 09, 'Operating instructions, radio &quot;da&quot;', 'SA663', 1, to_date('20050301','YYYYMMDD'), to_date('20050901','YYYYMMDD'), '01480159106', '', '', false);
insert into DiagramParts values('UG31-01_0606-01490012035', 'UG31-01_0606', 10, 'Operating instructions, radio &quot;pt&quot;', 'SA663', 1, to_date('20060901','YYYYMMDD'), to_date('20070301','YYYYMMDD'), '01490012035', '', '', false);
insert into DiagramParts values('UG31-01_0606-01490159107', 'UG31-01_0606', 10, 'Operating instructions, radio &quot;pt&quot;', 'SA663', 1, to_date('20050301','YYYYMMDD'), to_date('20050901','YYYYMMDD'), '01490159107', '', '', false);
insert into DiagramParts values('UG31-01_0606-01490012037', 'UG31-01_0606', 13, 'Operating instructions, radio &quot;el&quot;', 'SA663', 1, to_date('20060901','YYYYMMDD'), to_date('20070301','YYYYMMDD'), '01490012037', '', '', false);
insert into DiagramParts values('UG31-01_0606-01490159109', 'UG31-01_0606', 13, 'Operating instructions, radio &quot;el&quot;', 'SA663', 1, to_date('20050301','YYYYMMDD'), to_date('20050901','YYYYMMDD'), '01490159109', '', '', false);
insert into DiagramParts values('UG31-01_0606-01490012036', 'UG31-01_0606', 14, 'Operating instructions, radio &quot;zh&quot;', 'SA663', 1, to_date('20060901','YYYYMMDD'), to_date('20070301','YYYYMMDD'), '01490012036', '', '', false);
insert into Diagram values('UG31-01_0606','UG31-20030200','01-12','E87 118d   Radio E81,E82,E87,E88, E90,E91,E92,E93','');
insert into DiagramParts values('UG31-01_0302-01400011822', 'UG31-01_0302', 01, 'Owner&apos;s handbook, telephone &quot;de&quot;', 'SA633, SA644', 1, to_date('20050901','YYYYMMDD'), to_date('20060901','YYYYMMDD'), '01400011822', '', '', false);
insert into DiagramParts values('UG31-01_0302-01400012071', 'UG31-01_0302', 01, 'Owner&apos;s handbook, telephone &quot;de&quot;', 'SA633, SA644', 1, to_date('20060901','YYYYMMDD'), to_date('20070301','YYYYMMDD'), '01400012071', '', '', false);
insert into DiagramParts values('UG31-01_0302-01400014355', 'UG31-01_0302', 01, 'Owner&apos;s handbook, telephone &quot;de&quot;', 'SA633, SA644', 1, to_date('20070901','YYYYMMDD'), to_date('20080301','YYYYMMDD'), '01400014355', '', '', false);
insert into DiagramParts values('UG31-01_0302-01402600073', 'UG31-01_0302', 01, 'Owner&apos;s handbook, telephone &quot;de&quot;', 'SA633, SA644', 1, to_date('20050901','YYYYMMDD'), to_date('20060301','YYYYMMDD'), '01402600073', '', '', false);
insert into DiagramParts values('UG31-01_0302-01400012059', 'UG31-01_0302', 01, 'Owner&apos;s handbook, telephone &quot;de&quot;', 'SA633, SA644', 1, to_date('20060301','YYYYMMDD'), to_date('20060901','YYYYMMDD'), '01400012059', '', '', false);
insert into DiagramParts values('UG31-01_0302-01410011823', 'UG31-01_0302', 02, 'Owner&apos;s handbook, telephone &quot;en&quot;', 'SA633, SA644', 1, to_date('20050901','YYYYMMDD'), to_date('20060901','YYYYMMDD'), '01410011823', '', '', false);
insert into DiagramParts values('UG31-01_0302-01410012072', 'UG31-01_0302', 02, 'Owner&apos;s handbook, telephone &quot;en&quot;', 'SA633, SA644', 1, to_date('20060901','YYYYMMDD'), to_date('20070301','YYYYMMDD'), '01410012072', '', '', false);
insert into DiagramParts values('UG31-01_0302-01410014356', 'UG31-01_0302', 02, 'Owner&apos;s handbook, telephone &quot;en&quot;', 'SA633, SA644', 1, to_date('20070901','YYYYMMDD'), to_date('20080301','YYYYMMDD'), '01410014356', '', '', false);
insert into DiagramParts values('UG31-01_0302-01412600074', 'UG31-01_0302', 02, 'Owner&apos;s handbook, telephone &quot;en&quot;', 'SA633, SA644', 1, to_date('20050901','YYYYMMDD'), to_date('20060301','YYYYMMDD'), '01412600074', '', '', false);
insert into DiagramParts values('UG31-01_0302-01410012060', 'UG31-01_0302', 02, 'Owner&apos;s handbook, telephone &quot;en&quot;', 'SA633, SA644', 1, to_date('20060301','YYYYMMDD'), to_date('20060901','YYYYMMDD'), '01410012060', '', '', false);
insert into DiagramParts values('UG31-01_0302-01420011824', 'UG31-01_0302', 03, 'Owner&apos;s handbook, telephone &quot;fr&quot;', 'SA633, SA644', 1, to_date('20050901','YYYYMMDD'), to_date('20060901','YYYYMMDD'), '01420011824', '', '', false);
insert into DiagramParts values('UG31-01_0302-01420012073', 'UG31-01_0302', 03, 'Owner&apos;s handbook, telephone &quot;fr&quot;', 'SA633, SA644', 1, to_date('20060901','YYYYMMDD'), to_date('20070301','YYYYMMDD'), '01420012073', '', '', false);
insert into DiagramParts values('UG31-01_0302-01420014357', 'UG31-01_0302', 03, 'Owner&apos;s handbook, telephone &quot;fr&quot;', 'SA633, SA644', 1, to_date('20070901','YYYYMMDD'), to_date('20080301','YYYYMMDD'), '01420014357', '', '', false);
insert into DiagramParts values('UG31-01_0302-01422600075', 'UG31-01_0302', 03, 'Owner&apos;s handbook, telephone &quot;fr&quot;', 'SA633, SA644', 1, to_date('20050901','YYYYMMDD'), to_date('20060301','YYYYMMDD'), '01422600075', '', '', false);
insert into DiagramParts values('UG31-01_0302-01420012061', 'UG31-01_0302', 03, 'Owner&apos;s handbook, telephone &quot;fr&quot;', 'SA633, SA644', 1, to_date('20060301','YYYYMMDD'), to_date('20060901','YYYYMMDD'), '01420012061', '', '', false);
insert into DiagramParts values('UG31-01_0302-01430011825', 'UG31-01_0302', 04, 'Owner&apos;s handbook, telephone &quot;es&quot;', 'SA633, SA644', 1, to_date('20050901','YYYYMMDD'), to_date('20060901','YYYYMMDD'), '01430011825', '', '', false);
insert into DiagramParts values('UG31-01_0302-01430012074', 'UG31-01_0302', 04, 'Owner&apos;s handbook, telephone &quot;es&quot;', 'SA633, SA644', 1, to_date('20060901','YYYYMMDD'), to_date('20070301','YYYYMMDD'), '01430012074', '', '', false);
insert into DiagramParts values('UG31-01_0302-01430014358', 'UG31-01_0302', 04, 'Owner&apos;s handbook, telephone &quot;es&quot;', 'SA633, SA644', 1, to_date('20070901','YYYYMMDD'), to_date('20080301','YYYYMMDD'), '01430014358', '', '', false);
insert into DiagramParts values('UG31-01_0302-01432600076', 'UG31-01_0302', 04, 'Owner&apos;s handbook, telephone &quot;es&quot;', 'SA633, SA644', 1, to_date('20050901','YYYYMMDD'), to_date('20060301','YYYYMMDD'), '01432600076', '', '', false);
insert into DiagramParts values('UG31-01_0302-01430012062', 'UG31-01_0302', 04, 'Owner&apos;s handbook, telephone &quot;es&quot;', 'SA633, SA644', 1, to_date('20060301','YYYYMMDD'), to_date('20060901','YYYYMMDD'), '01430012062', '', '', false);
insert into DiagramParts values('UG31-01_0302-01440011826', 'UG31-01_0302', 05, 'Owner&apos;s handbook, telephone &quot;it&quot;', 'SA633, SA644', 1, to_date('20050901','YYYYMMDD'), to_date('20060901','YYYYMMDD'), '01440011826', '', '', false);
insert into DiagramParts values('UG31-01_0302-01440012075', 'UG31-01_0302', 05, 'Owner&apos;s handbook, telephone &quot;it&quot;', 'SA633, SA644', 1, to_date('20060901','YYYYMMDD'), to_date('20070301','YYYYMMDD'), '01440012075', '', '', false);
insert into DiagramParts values('UG31-01_0302-01440014359', 'UG31-01_0302', 05, 'Owner&apos;s handbook, telephone &quot;it&quot;', 'SA633, SA644', 1, to_date('20070901','YYYYMMDD'), to_date('20080301','YYYYMMDD'), '01440014359', '', '', false);
insert into DiagramParts values('UG31-01_0302-01442600077', 'UG31-01_0302', 05, 'Owner&apos;s handbook, telephone &quot;it&quot;', 'SA633, SA644', 1, to_date('20050901','YYYYMMDD'), to_date('20060301','YYYYMMDD'), '01442600077', '', '', false);
insert into DiagramParts values('UG31-01_0302-01440012063', 'UG31-01_0302', 05, 'Owner&apos;s handbook, telephone &quot;it&quot;', 'SA633, SA644', 1, to_date('20060301','YYYYMMDD'), to_date('20060901','YYYYMMDD'), '01440012063', '', '', false);
insert into DiagramParts values('UG31-01_0302-01450011827', 'UG31-01_0302', 06, 'Owner&apos;s handbook, telephone &quot;sv&quot;', 'SA633, SA644', 1, to_date('20050901','YYYYMMDD'), to_date('20060901','YYYYMMDD'), '01450011827', '', '', false);
insert into DiagramParts values('UG31-01_0302-01450012076', 'UG31-01_0302', 06, 'Owner&apos;s handbook, telephone &quot;sv&quot;', 'SA633, SA644', 1, to_date('20060901','YYYYMMDD'), to_date('20070301','YYYYMMDD'), '01450012076', '', '', false);
insert into DiagramParts values('UG31-01_0302-01450014360', 'UG31-01_0302', 06, 'Owner&apos;s handbook, telephone &quot;sv&quot;', 'SA633, SA644', 1, to_date('20070901','YYYYMMDD'), to_date('20080301','YYYYMMDD'), '01450014360', '', '', false);
insert into DiagramParts values('UG31-01_0302-01452600078', 'UG31-01_0302', 06, 'Owner&apos;s handbook, telephone &quot;sv&quot;', 'SA633, SA644', 1, to_date('20050901','YYYYMMDD'), to_date('20060301','YYYYMMDD'), '01452600078', '', '', false);
insert into DiagramParts values('UG31-01_0302-01450012064', 'UG31-01_0302', 06, 'Owner&apos;s handbook, telephone &quot;sv&quot;', 'SA633, SA644', 1, to_date('20060301','YYYYMMDD'), to_date('20060901','YYYYMMDD'), '01450012064', '', '', false);
insert into DiagramParts values('UG31-01_0302-01460011828', 'UG31-01_0302', 07, 'Owner&apos;s handbook, telephone &quot;nl&quot;', 'SA633, SA644', 1, to_date('20050901','YYYYMMDD'), to_date('20060901','YYYYMMDD'), '01460011828', '', '', false);
insert into DiagramParts values('UG31-01_0302-01460012077', 'UG31-01_0302', 07, 'Owner&apos;s handbook, telephone &quot;nl&quot;', 'SA633, SA644', 1, to_date('20060901','YYYYMMDD'), to_date('20070301','YYYYMMDD'), '01460012077', '', '', false);
insert into DiagramParts values('UG31-01_0302-01460014361', 'UG31-01_0302', 07, 'Owner&apos;s handbook, telephone &quot;nl&quot;', 'SA633, SA644', 1, to_date('20070901','YYYYMMDD'), to_date('20080301','YYYYMMDD'), '01460014361', '', '', false);
insert into DiagramParts values('UG31-01_0302-01462600079', 'UG31-01_0302', 07, 'Owner&apos;s handbook, telephone &quot;nl&quot;', 'SA633, SA644', 1, to_date('20050901','YYYYMMDD'), to_date('20060301','YYYYMMDD'), '01462600079', '', '', false);
insert into DiagramParts values('UG31-01_0302-01460012065', 'UG31-01_0302', 07, 'Owner&apos;s handbook, telephone &quot;nl&quot;', 'SA633, SA644', 1, to_date('20060301','YYYYMMDD'), to_date('20060901','YYYYMMDD'), '01460012065', '', '', false);
insert into DiagramParts values('UG31-01_0302-01470011829', 'UG31-01_0302', 08, 'Owner&apos;s handbook, telephone &quot;ar&quot;', 'SA633, SA644', 1, to_date('20050901','YYYYMMDD'), to_date('20060901','YYYYMMDD'), '01470011829', '', '', false);
insert into DiagramParts values('UG31-01_0302-01470012078', 'UG31-01_0302', 08, 'Owner&apos;s handbook, telephone &quot;ar&quot;', 'SA633, SA644', 1, to_date('20060901','YYYYMMDD'), to_date('20070301','YYYYMMDD'), '01470012078', '', '', false);
insert into DiagramParts values('UG31-01_0302-01470014362', 'UG31-01_0302', 08, 'Owner&apos;s handbook, telephone &quot;ar&quot;', 'SA633, SA644', 1, to_date('20070901','YYYYMMDD'), to_date('20080301','YYYYMMDD'), '01470014362', '', '', false);
insert into DiagramParts values('UG31-01_0302-01472600080', 'UG31-01_0302', 08, 'Owner&apos;s handbook, telephone &quot;ar&quot;', 'SA633, SA644', 1, to_date('20050901','YYYYMMDD'), to_date('20060301','YYYYMMDD'), '01472600080', '', '', false);
insert into DiagramParts values('UG31-01_0302-01470012066', 'UG31-01_0302', 08, 'Owner&apos;s handbook, telephone &quot;ar&quot;', 'SA633, SA644', 1, to_date('20060301','YYYYMMDD'), to_date('20060901','YYYYMMDD'), '01470012066', '', '', false);
insert into DiagramParts values('UG31-01_0302-01480011830', 'UG31-01_0302', 09, 'Owner&apos;s handbook, telephone &quot;da&quot;', 'SA633, SA644', 1, to_date('20050901','YYYYMMDD'), to_date('20060901','YYYYMMDD'), '01480011830', '', '', false);
insert into DiagramParts values('UG31-01_0302-01480012079', 'UG31-01_0302', 09, 'Owner&apos;s handbook, telephone &quot;da&quot;', 'SA633, SA644', 1, to_date('20060901','YYYYMMDD'), to_date('20070301','YYYYMMDD'), '01480012079', '', '', false);
insert into DiagramParts values('UG31-01_0302-01480014363', 'UG31-01_0302', 09, 'Owner&apos;s handbook, telephone &quot;da&quot;', 'SA633, SA644', 1, to_date('20070901','YYYYMMDD'), to_date('20080301','YYYYMMDD'), '01480014363', '', '', false);
insert into DiagramParts values('UG31-01_0302-01482600081', 'UG31-01_0302', 09, 'Owner&apos;s handbook, telephone &quot;da&quot;', 'SA633, SA644', 1, to_date('20050901','YYYYMMDD'), to_date('20060301','YYYYMMDD'), '01482600081', '', '', false);
insert into DiagramParts values('UG31-01_0302-01480012067', 'UG31-01_0302', 09, 'Owner&apos;s handbook, telephone &quot;da&quot;', 'SA633, SA644', 1, to_date('20060301','YYYYMMDD'), to_date('20060901','YYYYMMDD'), '01480012067', '', '', false);
insert into DiagramParts values('UG31-01_0302-01490011831', 'UG31-01_0302', 10, 'Owner&apos;s handbook, telephone &quot;pt&quot;', 'SA633, SA644', 1, to_date('20050901','YYYYMMDD'), to_date('20060901','YYYYMMDD'), '01490011831', '', '', false);
insert into DiagramParts values('UG31-01_0302-01490012080', 'UG31-01_0302', 10, 'Owner&apos;s handbook, telephone &quot;pt&quot;', 'SA633, SA644', 1, to_date('20060901','YYYYMMDD'), to_date('20070301','YYYYMMDD'), '01490012080', '', '', false);
insert into DiagramParts values('UG31-01_0302-01490014364', 'UG31-01_0302', 10, 'Owner&apos;s handbook, telephone &quot;pt&quot;', 'SA633, SA644', 1, to_date('20070901','YYYYMMDD'), to_date('20080301','YYYYMMDD'), '01490014364', '', '', false);
insert into DiagramParts values('UG31-01_0302-01492600082', 'UG31-01_0302', 10, 'Owner&apos;s handbook, telephone &quot;pt&quot;', 'SA633, SA644', 1, to_date('20050901','YYYYMMDD'), to_date('20060301','YYYYMMDD'), '01492600082', '', '', false);
insert into DiagramParts values('UG31-01_0302-01490012068', 'UG31-01_0302', 10, 'Owner&apos;s handbook, telephone &quot;pt&quot;', 'SA633, SA644', 1, to_date('20060301','YYYYMMDD'), to_date('20060901','YYYYMMDD'), '01490012068', '', '', false);
insert into DiagramParts values('UG31-01_0302-01490011833', 'UG31-01_0302', 13, 'Owner&apos;s handbook, telephone &quot;el&quot;', 'SA633, SA644', 1, to_date('20050901','YYYYMMDD'), to_date('20060901','YYYYMMDD'), '01490011833', '', '', false);
insert into DiagramParts values('UG31-01_0302-01490014366', 'UG31-01_0302', 13, 'Owner&apos;s handbook, telephone &quot;el&quot;', 'SA633, SA644', 1, to_date('20070901','YYYYMMDD'), to_date('20080301','YYYYMMDD'), '01490014366', '', '', false);
insert into DiagramParts values('UG31-01_0302-01492600084', 'UG31-01_0302', 13, 'Owner&apos;s handbook, telephone &quot;el&quot;', 'SA633, SA644', 1, to_date('20050901','YYYYMMDD'), to_date('20060301','YYYYMMDD'), '01492600084', '', '', false);
insert into DiagramParts values('UG31-01_0302-01490012070', 'UG31-01_0302', 13, 'Owner&apos;s handbook, telephone &quot;el&quot;', 'SA633, SA644', 1, to_date('20060301','YYYYMMDD'), to_date('20060901','YYYYMMDD'), '01490012070', '', '', false);
insert into DiagramParts values('UG31-01_0302-01490011832', 'UG31-01_0302', 14, 'Owner&apos;s handbook, telephone &quot;zh&quot;', 'SA633, SA644', 1, to_date('20050901','YYYYMMDD'), to_date('20060901','YYYYMMDD'), '01490011832', '', '', false);
insert into DiagramParts values('UG31-01_0302-01490014365', 'UG31-01_0302', 14, 'Owner&apos;s handbook, telephone &quot;zh&quot;', 'SA633, SA644', 1, to_date('20070901','YYYYMMDD'), to_date('20080301','YYYYMMDD'), '01490014365', '', '', false);
insert into DiagramParts values('UG31-01_0302-01492600083', 'UG31-01_0302', 14, 'Owner&apos;s handbook, telephone &quot;zh&quot;', 'SA633, SA644', 1, to_date('20050901','YYYYMMDD'), to_date('20060301','YYYYMMDD'), '01492600083', '', '', false);
insert into DiagramParts values('UG31-01_0302-01490012069', 'UG31-01_0302', 14, 'Owner&apos;s handbook, telephone &quot;zh&quot;', 'SA633, SA644', 1, to_date('20060301','YYYYMMDD'), to_date('20060901','YYYYMMDD'), '01490012069', '', '', false);
insert into Diagram values('UG31-01_0302','UG31-20030200','01-14','E87 118d   Universal BMW mobile phone preparat.','');
insert into Diagram values('UG31-01_1128','UG31-20030200','01-19','E87 118d   EC Certificate of Conformity','');
insert into Diagram values('UG31-01_0169','UG31-20030200','01-21','E87 118d   Logbook slipcase BMW','');
insert into Diagram values('UG31-01_1140','UG31-20030200','01-21','E87 118d   Logbook slipcase BMW','');
insert into DiagramParts values('UG31-01_0029-01410159011', 'UG31-01_0029', 01, 'Supplem. to owner&apos;s manual, Australia', 'E87, MJ 05', 1, to_date('20041201','YYYYMMDD'), to_date('20050901','YYYYMMDD'), '01410159011', '', '', false);
insert into DiagramParts values('UG31-01_0029-01412600068', 'UG31-01_0029', 01, 'Supplem. to owner&apos;s manual, Australia', 'E87, MJ 2006', 1, to_date('20050901','YYYYMMDD'), to_date('20060301','YYYYMMDD'), '01412600068', '', '', false);
insert into DiagramParts values('UG31-01_0029-01410012043', 'UG31-01_0029', 01, 'Supplem. to owner&apos;s manual, Australia', 'E87, MJ 2006', 1, to_date('20060301','YYYYMMDD'), to_date('20070301','YYYYMMDD'), '01410012043', '', '', false);
insert into Diagram values('UG31-01_0029','UG31-20030200','01-24','E87 118d   Supplem. to owner&apos;s manual, Australia','');
insert into DiagramParts values('UG31-01_0589-01400011971', 'UG31-01_0589', 01, 'Service booklet, German', 'E87, E90, E91', 1, to_date('20040601','YYYYMMDD'), to_date('20060901','YYYYMMDD'), '01400011971', '', '', false);
insert into DiagramParts values('UG31-01_0589-01400013061', 'UG31-01_0589', 01, 'Service booklet, German', 'E8X, E9X', 1, to_date('20060901','YYYYMMDD'), to_date('20070901','YYYYMMDD'), '01400013061', '', '', false);
insert into DiagramParts values('UG31-01_0589-01410011972', 'UG31-01_0589', 02, 'Service booklet, English', 'E87, E90, E91', 1, to_date('20040601','YYYYMMDD'), to_date('20060901','YYYYMMDD'), '01410011972', '', '', false);
insert into DiagramParts values('UG31-01_0589-01410013062', 'UG31-01_0589', 02, 'Service booklet, English', 'E8X, E9X', 1, to_date('20060901','YYYYMMDD'), to_date('20070901','YYYYMMDD'), '01410013062', '', '', false);
insert into DiagramParts values('UG31-01_0589-01420011973', 'UG31-01_0589', 03, 'Service booklet, French', 'E87, E90, E91', 1, to_date('20040601','YYYYMMDD'), to_date('20060901','YYYYMMDD'), '01420011973', '', '', false);
insert into DiagramParts values('UG31-01_0589-01420013063', 'UG31-01_0589', 03, 'Service booklet, French', 'E8X, E9X', 1, to_date('20060901','YYYYMMDD'), to_date('20070901','YYYYMMDD'), '01420013063', '', '', false);
insert into DiagramParts values('UG31-01_0589-01430011974', 'UG31-01_0589', 04, 'Service booklet, Spanish', 'E87, E90, E91', 1, to_date('20040601','YYYYMMDD'), to_date('20060901','YYYYMMDD'), '01430011974', '', '', false);
insert into DiagramParts values('UG31-01_0589-01430013064', 'UG31-01_0589', 04, 'Service booklet, Spanish', 'E8X, E9X', 1, to_date('20060901','YYYYMMDD'), to_date('20070901','YYYYMMDD'), '01430013064', '', '', false);
insert into DiagramParts values('UG31-01_0589-01440011975', 'UG31-01_0589', 05, 'Service booklet, Italian', 'E87, E90, E91', 1, to_date('20040601','YYYYMMDD'), to_date('20060901','YYYYMMDD'), '01440011975', '', '', false);
insert into DiagramParts values('UG31-01_0589-01440013065', 'UG31-01_0589', 05, 'Service booklet, Italian', 'E8X, E9X', 1, to_date('20060901','YYYYMMDD'), to_date('20070901','YYYYMMDD'), '01440013065', '', '', false);
insert into DiagramParts values('UG31-01_0589-01450011976', 'UG31-01_0589', 06, 'Service booklet, Swedish', 'E87, E90, E91', 1, to_date('20040601','YYYYMMDD'), to_date('20060901','YYYYMMDD'), '01450011976', '', '', false);
insert into DiagramParts values('UG31-01_0589-01450013066', 'UG31-01_0589', 06, 'Service booklet, Swedish', 'E8X, E9X', 1, to_date('20060901','YYYYMMDD'), to_date('20070901','YYYYMMDD'), '01450013066', '', '', false);
insert into DiagramParts values('UG31-01_0589-01460011977', 'UG31-01_0589', 07, 'Service booklet, Dutch', 'E87, E90, E91', 1, to_date('20040601','YYYYMMDD'), to_date('20060901','YYYYMMDD'), '01460011977', '', '', false);
insert into DiagramParts values('UG31-01_0589-01460013067', 'UG31-01_0589', 07, 'Service booklet, Dutch', 'E8X, E9X', 1, to_date('20060901','YYYYMMDD'), to_date('20070901','YYYYMMDD'), '01460013067', '', '', false);
insert into DiagramParts values('UG31-01_0589-01470011978', 'UG31-01_0589', 08, 'Service booklet, Arabic', 'E87, E90, E91', 1, to_date('20040601','YYYYMMDD'), to_date('20060901','YYYYMMDD'), '01470011978', '', '', false);
insert into DiagramParts values('UG31-01_0589-01470013068', 'UG31-01_0589', 08, 'Service booklet, Arabic', 'E8X, E9X', 1, to_date('20060901','YYYYMMDD'), to_date('20070901','YYYYMMDD'), '01470013068', '', '', false);
insert into DiagramParts values('UG31-01_0589-01480011979', 'UG31-01_0589', 09, 'Service booklet, Danish', 'E87, E90, E91', 1, to_date('20040601','YYYYMMDD'), to_date('20060901','YYYYMMDD'), '01480011979', '', '', false);
insert into DiagramParts values('UG31-01_0589-01480013069', 'UG31-01_0589', 09, 'Service booklet, Danish', 'E8X, E9X', 1, to_date('20060901','YYYYMMDD'), to_date('20070901','YYYYMMDD'), '01480013069', '', '', false);
insert into DiagramParts values('UG31-01_0589-01490011980', 'UG31-01_0589', 10, 'Service booklet, Portuguese', 'E87, E90, E91', 1, to_date('20040601','YYYYMMDD'), to_date('20060901','YYYYMMDD'), '01490011980', '', '', false);
insert into DiagramParts values('UG31-01_0589-01490013070', 'UG31-01_0589', 10, 'Service booklet, Portuguese', 'E8X, E9X', 1, to_date('20060901','YYYYMMDD'), to_date('20070901','YYYYMMDD'), '01490013070', '', '', false);
insert into DiagramParts values('UG31-01_0589-01490011982', 'UG31-01_0589', 11, 'Service booklet, greek', 'E87, E90, E91', 1, to_date('20040601','YYYYMMDD'), to_date('20060901','YYYYMMDD'), '01490011982', '', '', false);
insert into DiagramParts values('UG31-01_0589-01490013071', 'UG31-01_0589', 11, 'Service booklet, greek', 'E8X, E9X', 1, to_date('20060901','YYYYMMDD'), to_date('20070901','YYYYMMDD'), '01490013071', '', '', false);
insert into DiagramParts values('UG31-01_0589-01490011981', 'UG31-01_0589', 12, 'Service booklet, Chinese', 'E87, E90, E91', 1, to_date('20040601','YYYYMMDD'), to_date('20060901','YYYYMMDD'), '01490011981', '', '', false);
insert into DiagramParts values('UG31-01_0589-01490013596', 'UG31-01_0589', 12, 'Service booklet, Chinese', 'E8X, E9X', 1, to_date('20060901','YYYYMMDD'), to_date('20070901','YYYYMMDD'), '01490013596', '', '', false);
insert into DiagramParts values('UG31-01_0589-01490013656', 'UG31-01_0589', 13, 'Service manual in Korean', 'E8X, E9X', 1, to_date('20060901','YYYYMMDD'), to_date('20070901','YYYYMMDD'), '01490013656', '', '', false);
insert into Diagram values('UG31-01_0589','UG31-20030200','01-26','E87 118d   BMW Service booklet 2004 - 2008','');
insert into Diagram values('UG31-01_0670','UG31-20030200','01-35','E87 118d   battery charge calendar','');
insert into Diagram values('UG31-01_0681','UG31-20030200','01-40','E87 118d   BMW Service plug unit','');
insert into Diagram values('UG31-01_0680','UG31-20030200','01-46','E87 118d   Service information, BMW','');
insert into Diagram values('UG31-01_0233','UG31-20030200','01-52','E87 118d   Mounting information, Owner&apos;s Manual BMW','');
insert into Diagram values('UG31-01_0299','UG31-20030200','01-52','E87 118d   BMW assembly instructions','');
insert into Diagram values('UG31-01_0635','UG31-20030200','01-60','E87 118d   BMW form','');
insert into Diagram values('UG31-01_0636','UG31-20030200','01-62','E87 118d   Trailer, BMW','');
insert into Diagram values('UG31-01_0637','UG31-20030200','01-64','E87 118d   Sticker, BMW','');
insert into Diagram values('UG31-01_0639','UG31-20030200','01-65','E87 118d   Labels BMW','');
insert into Diagram values('UG31-01_0612','UG31-20030200','01-70','E87 118d   CD/DVD SIP German BMW','');
insert into DiagramParts values('UG31-01_0671-01399789699', 'UG31-01_0671', 01, 'CD literature', 'LITERATUR', 1, to_date('19820901','YYYYMMDD'), to_date('19901201','YYYYMMDD'), '01399789699', '$8.11', '', false);
insert into Diagram values('UG31-01_0671','UG31-20030200','01-70','E87 118d   BMW CD/DVD miscellaneous','');
insert into Diagram values('UG31-01_0737','UG31-20030200','01-70','E87 118d   CD/DVD SIP complete vehicle BMW','');
insert into Diagram values('UG31-01_1172','UG31-20030200','01-70','E87 118d   DVD Web Based Training','');
insert into Diagram values('UG31-01_1045','UG31-20030200','01-94','E87 118d   Samples, upholstery colors, leather/fabr','');
insert into Diagram values('UG31-01_1046','UG31-20030200','01-94','E87 118d   Sample page, upholstery colors, fabric','');
insert into Diagram values('UG31-01_1047','UG31-20030200','01-94','E87 118d   Sample chart, upholstery colors, leather','');
insert into Diagram values('UG31-01_1048','UG31-20030200','01-94','E87 118d   Sample chart with interior moldings','');
insert into Diagram values('UG31-01_1049','UG31-20030200','01-94','E87 118d   Sample chart with interior moldings','');
insert into Diagram values('UG31-01_1050','UG31-20030200','01-94','E87 118d   Sample chart with interior moldings','');
insert into Diagram values('UG31-01_1051','UG31-20030200','01-94','E87 118d   Sample chart with interior colors','');
insert into Diagram values('UG31-01_1052','UG31-20030200','01-94','E87 118d   Sample chart with interior colors','');
insert into Diagram values('UG31-11_2175','UG31-20030200','11-05','E87 118d   Short Engine','');
insert into Diagram values('UG31-11_3306','UG31-20030200','11-10','E87 118d   Engine block','');
insert into Diagram values('UG31-11_3307','UG31-20030200','11-10','E87 118d   Engine Block Mounting Parts','');
insert into Diagram values('UG31-11_3660','UG31-20030200','11-10','E87 118d   OIL PAN/OIL LEVEL INDICATOR','');
insert into Diagram values('UG31-11_3661','UG31-20030200','11-10','E87 118d   LOWER TIMING CASE','');
insert into Diagram values('UG31-11_3310','UG31-20030200','11-15','E87 118d   Cylinder Head','');
insert into Diagram values('UG31-11_3311','UG31-20030200','11-15','E87 118d   Cylinder Head Attached Parts','');
insert into Diagram values('UG31-11_3668','UG31-20030200','11-15','E87 118d   Cylinder head cover','');
insert into Diagram values('UG31-11_3313','UG31-20030200','11-18','E87 118d   Belt Drive-Vibration Damper','');
insert into Diagram values('UG31-11_3662','UG31-20030200','11-18','E87 118d   Belt Drive Water Pump/Alternator','');
insert into Diagram values('UG31-11_3663','UG31-20030200','11-18','E87 118d   Belt Drive f power steering pump','');
insert into Diagram values('UG31-11_2097','UG31-20030200','11-20','E87 118d   Crankshaft-Pistons','');
insert into Diagram values('UG31-11_3314','UG31-20030200','11-20','E87 118d   Crankshaft With Bearing Shells','');
insert into Diagram values('UG31-11_3320','UG31-20030200','11-20','E87 118d   Crankshaft drive mass compensator','');
insert into Diagram values('UG31-11_3533','UG31-20030200','11-20','E87 118d   Flywheel / Twin Mass Flywheel','');
insert into Diagram values('UG31-11_3833','UG31-20030200','11-20','E87 118d   Crankshaft Connecting Rod','');
insert into Diagram values('UG31-11_3318','UG31-20030200','11-25','E87 118d   Timing - Timing Chain Lower P','');
insert into Diagram values('UG31-11_3656','UG31-20030200','11-25','E87 118d   TIMING AND VALVE TRAIN-CAMSHAFT','');
insert into Diagram values('UG31-11_3657','UG31-20030200','11-25','E87 118d   timing gear timing chain top','');
insert into Diagram values('UG31-11_3321','UG31-20030200','11-30','E87 118d   Lubrication system/Oil pump','');
insert into Diagram values('UG31-11_3322','UG31-20030200','11-30','E87 118d   Lubricat.syst.-oil filter,heat exchanger','');
insert into Diagram values('UG31-11_3324','UG31-20030200','11-35','E87 118d   Waterpump - Thermostat','');
insert into Diagram values('UG31-11_3666','UG31-20030200','11-35','E87 118d   Cooling System Water Hoses','');
insert into Diagram values('UG31-11_3542','UG31-20030200','11-40','E87 118d   Intake manifold AGR without flap control','');
insert into Diagram values('UG31-11_3658','UG31-20030200','11-40','E87 118d   INTAKE MANIFOLD-SUPERCHARG.AIR DUCT/AGR','');
insert into Diagram values('UG31-11_3827','UG31-20030200','11-40','E87 118d   Intake manifold AGR without flap control','');
insert into Diagram values('UG31-11_3330','UG31-20030200','11-45','E87 118d   VACUUM PUMP WITH TUBES','');
insert into Diagram values('UG31-11_3659','UG31-20030200','11-45','E87 118d   Vacuum control-AGR','');
insert into Diagram values('UG31-11_3329','UG31-20030200','11-50','E87 118d   EXHAUST MANIFOLD-AGR','');
insert into Diagram values('UG31-11_3597','UG31-20030200','11-50','E87 118d   pollutant reduction cooling','');
insert into Diagram values('UG31-11_3667','UG31-20030200','11-50','E87 118d   TURBO CHARGER WITH LUBRICATION','');
insert into Diagram values('UG31-11_3665','UG31-20030200','11-55','E87 118d   Engine acoustics','');
insert into Diagram values('UG31-12_1139','UG31-20030200','12-05','E87 118d   Sensors','');
insert into Diagram values('UG31-12_1166','UG31-20030200','12-15','E87 118d   Glow plug unit','');
insert into DiagramParts values('UG31-12_1310-12317799181', 'UG31-12_1310', 01, 'Rmfd generator', '150A', 1, to_date('20060601','YYYYMMDD'), to_date('20070101','YYYYMMDD'), '12317799181', '', 'ENDED', false);
insert into DiagramParts values('UG31-12_1310-12317802927', 'UG31-12_1310', 01, 'Rmfd generator', '150A', 1, to_date('20060601','YYYYMMDD'), to_date('20070101','YYYYMMDD'), '12317802927', '', '', false);
insert into DiagramParts values('UG31-12_1310-12317797525', 'UG31-12_1310', 02, 'Voltage regulator', 'VALEO', 1, to_date('20060601','YYYYMMDD'), to_date('20070101','YYYYMMDD'), '12317797525', '', 'ENDED', false);
insert into DiagramParts values('UG31-12_1310-12318510088', 'UG31-12_1310', 02, 'Voltage regulator', 'VALEO', 1, to_date('20060601','YYYYMMDD'), to_date('20070101','YYYYMMDD'), '12318510088', '', '', false);
insert into Diagram values('UG31-12_1310','UG31-20030200','12-20','E87 118d   Alternator 140/150A','');
insert into Diagram values('UG31-12_1165','UG31-20030200','12-25','E87 118d   Starter','');
insert into Diagram values('UG31-12_0915','UG31-20030200','12-28','E87 118d   Engine wiring harness','');
insert into Diagram values('UG31-12_1072','UG31-20030200','12-28','E87 118d   Wiring harness, engine, injector module','');
insert into Diagram values('UG31-12_1167','UG31-20030200','12-29','E87 118d   Cable starter','');
insert into Diagram values('UG31-12_1381','UG31-20030200','12-30','E87 118d   Retrofit wiring harness','');
insert into Diagram values('UG31-12_0907','UG31-20030200','12-31','E87 118d   Cable holder','');
insert into Diagram values('UG31-12_1238','UG31-20030200','12-31','E87 118d   CABLE HOLDER/COVERING','');
insert into Diagram values('UG31-12_1328','UG31-20030200','12-31','E87 118d   Cable Harness Fixings','');
insert into Diagram values('UG31-12_1043','UG31-20030200','12-32','E87 118d   Laminated contacts/spring contacts','');
insert into Diagram values('UG31-12_1249','UG31-20030200','12-32','E87 118d   End cap','');
insert into Diagram values('UG31-12_1459','UG31-20030200','12-32','E87 118d   Contact system MLK','');
insert into Diagram values('UG31-12_1205','UG31-20030200','12-35','E87 118d   RELAY MOTOR','');
insert into Diagram values('UG31-12_1327','UG31-20030200','12-35','E87 118d   Control unit box','');
insert into Diagram values('UG31-13_1115','UG31-20030200','13-10','E87 118d   FUEL STRAINER WITH HEATING','');
insert into Diagram values('UG31-13_0958','UG31-20030200','13-15','E87 118d   High-pressure pump','');
insert into Diagram values('UG31-13_0959','UG31-20030200','13-15','E87 118d   High pressure accumulator/injector/line','');
insert into Diagram values('UG31-13_0960','UG31-20030200','13-15','E87 118d   Fuel lines','');
insert into Diagram values('UG31-13_0966','UG31-20030200','13-15','E87 118d   Basic DDE control unit','');
insert into Diagram values('UG31-13_1125','UG31-20030200','13-20','E87 118d   Mass air flow sensor/intake silencer','');
insert into Diagram values('UG31-16_0595','UG31-20030200','16-05','E87 118d   Fuel tank/mounting parts','');
insert into Diagram values('UG31-16_0598','UG31-20030200','16-15','E87 118d   Control unit for fuel pump','');
insert into Diagram values('UG31-16_0599','UG31-20030200','16-15','E87 118d   Fuel pipes / Mounting parts','');
insert into Diagram values('UG31-16_0601','UG31-20030200','16-15','E87 118d   Fuel filter/pump/fuel level sensor','');
insert into Diagram values('UG31-17_0316','UG31-20030200','17-05','E87 118d   Charge-air cooling','');
insert into Diagram values('UG31-17_0317','UG31-20030200','17-05','E87 118d   Fan housing, mounting parts','');
insert into Diagram values('UG31-17_0318','UG31-20030200','17-05','E87 118d   MOUNTING PARTS F RADIATOR','');
insert into Diagram values('UG31-17_0314','UG31-20030200','17-30','E87 118d   Cooling System Water Hoses','');
insert into Diagram values('UG31-17_0694','UG31-20030200','17-30','E87 118d   Cooling system coolant hoses','');
insert into Diagram values('UG31-17_0695','UG31-20030200','17-30','E87 118d   Cooling system coolant hoses','');
insert into Diagram values('UG31-17_0707','UG31-20030200','17-30','E87 118d   Cooling system coolant hoses','');
insert into Diagram values('UG31-17_0708','UG31-20030200','17-30','E87 118d   Cooling system coolant hoses','');
insert into Diagram values('UG31-18_0560','UG31-20030200','18-10','E87 118d   CATALYST/LAMBDA PROBE','');
insert into Diagram values('UG31-18_0591','UG31-20030200','18-10','E87 118d   Catalyser/Diesel particulate filter','');
insert into Diagram values('UG31-18_0785','UG31-20030200','18-10','E87 118d   Diesel part.filter sens./mounting parts','');
insert into Diagram values('UG31-18_0561','UG31-20030200','18-20','E87 118d   Exhaust system, rear','');
insert into Diagram values('UG31-18_0646','UG31-20030200','18-95','E87 118d   Retrofitting of diesel particle filter','');
insert into Diagram values('UG31-18_0946','UG31-20030200','18-95','E87 118d   Muffler system','');
insert into Diagram values('UG31-18_0951','UG31-20030200','18-95','E87 118d   Muffler system','');
insert into Diagram values('UG31-21_0234','UG31-20030200','21-05','E87 118d   Clutch','');
insert into Diagram values('UG31-21_0199','UG31-20030200','21-10','E87 118d   Clutch control','');
insert into Diagram values('UG31-22_0103','UG31-20030200','22-05','E87 118d   Engine Suspension','');
insert into Diagram values('UG31-22_0104','UG31-20030200','22-10','E87 118d   Gearbox suspension','');
insert into Diagram values('UG31-23_0918','UG31-20030200','23-05','E87 118d   Manual transmission GS6-37BZ/DZ','');
insert into Diagram values('UG31-23_1034','UG31-20030200','23-10','E87 118d   GEARBOX MOUNTING PARTS','');
insert into Diagram values('UG31-23_1053','UG31-20030200','23-15','E87 118d   GS6-37BZ/DZ Sealing and mount. parts','');
insert into Diagram values('UG31-23_1054','UG31-20030200','23-15','E87 118d   GS6-37BZ/DZ Gear shift components','');
insert into Diagram values('UG31-25_0387','UG31-20030200','25-05','E87 118d   Gear shifting,mech.transm./diesel','');
insert into Diagram values('UG31-25_0438','UG31-20030200','25-05','E87 118d   Gear shifting,mech.transm./diesel','');
insert into Diagram values('UG31-25_0383','UG31-20030200','25-10','E87 118d   GEAR SHIFT KNOBS/SHIFT LEVER COVERINGS','');
insert into Diagram values('UG31-25_0461','UG31-20030200','25-10','E87 118d   Performance shift knob','');
insert into Diagram values('UG31-25_0419','UG31-20030200','25-95','E87 118d   Retrofit, wooden selector lever knob','');
insert into Diagram values('UG31-25_0439','UG31-20030200','25-95','E87 118d   Retrofit, sport switch knob','');
insert into Diagram values('UG31-25_0484','UG31-20030200','25-95','E87 118d   BMW Performance selector lever handle','');
insert into Diagram values('UG31-26_0215','UG31-20030200','26-05','E87 118d   Drive shaft (swivel joint)','');
insert into Diagram values('UG31-26_0217','UG31-20030200','26-10','E87 118d   Drive shaft,univ.joint/center mounting','');
insert into Diagram values('UG31-27_0034','UG31-20030200','27-95','E87 118d   Retrofit, wooden gearshift knob','');
insert into Diagram values('UG31-31_0693','UG31-20030200','31-05','E87 118d   Frnt axle support,wishbone/tension strut','');
insert into Diagram values('UG31-31_0697','UG31-20030200','31-05','E87 118d   HEADLIGHT VERTICAL AIM CONTROL SENSOR','');
insert into Diagram values('UG31-31_0695','UG31-20030200','31-10','E87 118d   GUIDE SUPPORT/SPRING PAD/ATTACHING PARTS','');
insert into Diagram values('UG31-31_0696','UG31-20030200','31-10','E87 118d   Stabilizer, front','');
insert into Diagram values('UG31-31_0698','UG31-20030200','31-10','E87 118d   FRONT COIL SPRING','');
insert into Diagram values('UG31-31_0736','UG31-20030200','31-10','E87 118d   Front Spring strut/Carrier/Wheel bearing','');
insert into Diagram values('UG31-31_0837','UG31-20030200','31-95','E87 118d   Performance suspension','');
insert into Diagram values('UG31-31_0838','UG31-20030200','31-95','E87 118d   Performance suspension','');
insert into Diagram values('UG31-32_1509','UG31-20030200','32-10','E87 118d   Hydro steering box','');
insert into Diagram values('UG31-32_1512','UG31-20030200','32-15','E87 118d   Power steering pump','');
insert into Diagram values('UG31-32_1507','UG31-20030200','32-20','E87 118d   HYDRO STEERING-OIL PIPES','');
insert into Diagram values('UG31-32_1514','UG31-20030200','32-20','E87 118d   OIL CARRIER/SINGLE PARTS','');
insert into Diagram values('UG31-32_1510','UG31-20030200','32-25','E87 118d   STEERING LINKAGE/TIE RODS','');
insert into Diagram values('UG31-32_1515','UG31-20030200','32-30','E87 118d   Manually adjust. steering column','');
insert into Diagram values('UG31-32_1516','UG31-20030200','32-30','E87 118d   STEER.COL.-LOWER JOINT ASSY','');
insert into Diagram values('UG31-32_1517','UG31-20030200','32-35','E87 118d   Steering wheel airbag','');
insert into DiagramParts values('UG31-32_1518-32306777630', 'UG31-32_1518', 01, 'Sport steering wheel rim', 'LEDER', 1, to_date('20060201','YYYYMMDD'), to_date('20090901','YYYYMMDD'), '32306777630', '$383.97', '', false);
insert into Diagram values('UG31-32_1518','UG31-20030200','32-35','E87 118d   Airbag sports steering wheel','');
insert into DiagramParts values('UG31-32_1519-32306777630', 'UG31-32_1519', 01, 'Sport steering wheel rim', 'LEDER', 1, to_date('20060201','YYYYMMDD'), to_date('20090901','YYYYMMDD'), '32306777630', '$383.97', '', false);
insert into Diagram values('UG31-32_1519','UG31-20030200','32-35','E87 118d   Airbag sports steering wheel multifunct.','');
insert into Diagram values('UG31-32_1605','UG31-20030200','32-35','E87 118d   M sports steer.-wheel, airbag, leather','');
insert into Diagram values('UG31-32_1617','UG31-20030200','32-35','E87 118d   M sports strng whl,airbag,multifunction','');
insert into Diagram values('UG31-32_1592','UG31-20030200','32-95','E87 118d   Retrofit multi-functional steering wheel','');
insert into Diagram values('UG31-32_1773','UG31-20030200','32-95','E87 118d   Performance steering wheel with display','');
insert into Diagram values('UG31-32_1778','UG31-20030200','32-95','E87 118d   Performance steering wheel with display','');
insert into Diagram values('UG31-32_1834','UG31-20030200','32-95','E87 118d   Performance steering wheel','');
insert into Diagram values('UG31-32_1835','UG31-20030200','32-95','E87 118d   Performance steering wheel','');
insert into Diagram values('UG31-33_1258','UG31-20030200','33-05','E87 118d   DIFFERENTIAL-DRIVE/OUTPUT','');
insert into Diagram values('UG31-33_1236','UG31-20030200','33-10','E87 118d   Final drive, gasket set','');
insert into Diagram values('UG31-33_1244','UG31-20030200','33-25','E87 118d   Output shaft','');
insert into Diagram values('UG31-33_1230','UG31-20030200','33-30','E87 118d   REAR AXLE SUPPORT/WHEEL SUSPENSION','');
insert into Diagram values('UG31-33_1237','UG31-20030200','33-30','E87 118d   HEADLIGHT VERTICAL AIM CONTROL SENSOR','');
insert into Diagram values('UG31-33_1312','UG31-20030200','33-30','E87 118d   REAR AXLE CARRIER','');
insert into Diagram values('UG31-33_1231','UG31-20030200','33-40','E87 118d   SIDE SHAFT/WHEEL BEARINGS','');
insert into Diagram values('UG31-33_1233','UG31-20030200','33-45','E87 118d   REAR SPRING STRUT MOUNTING PARTS','');
insert into Diagram values('UG31-33_1234','UG31-20030200','33-45','E87 118d   Stabilizer, rear','');
insert into Diagram values('UG31-33_1238','UG31-20030200','33-45','E87 118d   REAR COIL SPRING','');
insert into Diagram values('UG31-33_1338','UG31-20030200','33-95','E87 118d   Retrofit kit M sports suspension','');
insert into Diagram values('UG31-34_1414','UG31-20030200','34-05','E87 118d   Front brake pad wear sensor','');
insert into Diagram values('UG31-34_1766','UG31-20030200','34-07','E87 118d   Front brake-brake disc','');
insert into Diagram values('UG31-34_1417','UG31-20030200','34-10','E87 118d   Rear brake pad wear sensor','');
insert into Diagram values('UG31-34_1767','UG31-20030200','34-12','E87 118d   Rear wheel brake-Brake disc','');
insert into DiagramParts values('UG31-34_1400-34326774427', 'UG31-34_1400', 03, 'Pipe', 'M10/M12-1090MM', 1, to_date('20050701','YYYYMMDD'), to_date('20110401','YYYYMMDD'), '34326774427', '', 'ENDED', false);
insert into DiagramParts values('UG31-34_1400-34326770551', 'UG31-34_1400', 04, 'Pipe', 'M10/M10-2296MM', 1, to_date('20050701','YYYYMMDD'), to_date('20110401','YYYYMMDD'), '34326770551', '$10.13', '', false);
insert into Diagram values('UG31-34_1400','UG31-20030200','34-15','E87 118d   Brake pipe, front','');
insert into Diagram values('UG31-34_1401','UG31-20030200','34-15','E87 118d   Brake pipe, front','');
insert into Diagram values('UG31-34_1402','UG31-20030200','34-17','E87 118d   Brake pipe rear','');
insert into Diagram values('UG31-34_1805','UG31-20030200','34-17','E87 118d   Brake pipe rear','');
insert into Diagram values('UG31-34_1403','UG31-20030200','34-18','E87 118d   BRAKE PIPE REAR/MOUNTING','');
insert into DiagramParts values('UG31-34_1404-34506781284', 'UG31-34_1404', 07, 'Spacer sleeve', 'ZNS3', 3, to_date('20070701','YYYYMMDD'), to_date('20080901','YYYYMMDD'), '34506781284', '$8.16', '', false);
insert into Diagram values('UG31-34_1404','UG31-20030200','34-20','E87 118d   Hydro unit DSC/fastening/sensors','');
insert into Diagram values('UG31-34_1410','UG31-20030200','34-25','E87 118d   Brake master cylinder','');
insert into Diagram values('UG31-34_1411','UG31-20030200','34-27','E87 118d   Power brake unit depression','');
insert into Diagram values('UG31-34_1412','UG31-20030200','34-27','E87 118d   Power brake unit depression','');
insert into Diagram values('UG31-34_1405','UG31-20030200','34-30','E87 118d   Handbrake lever','');
insert into Diagram values('UG31-34_1421','UG31-20030200','34-40','E87 118d   PARKING BRAKE/BRAKE SHOES','');
insert into Diagram values('UG31-34_1384','UG31-20030200','34-95','E87 118d   Retrofit, handbrake handle','');
insert into Diagram values('UG31-34_1562','UG31-20030200','34-95','E87 118d   Handbrake grip with chrome inlay','');
insert into Diagram values('UG31-34_1680','UG31-20030200','34-95','E87 118d   Set of BMW Performance Brakes front/rear','');
insert into Diagram values('UG31-34_1681','UG31-20030200','34-95','E87 118d   BMW Performance front wheel brake','');
insert into Diagram values('UG31-34_1691','UG31-20030200','34-95','E87 118d   BMW Performance Rear wheel brake','');
insert into Diagram values('UG31-34_1717','UG31-20030200','34-95','E87 118d   BMW Performance parking brake handle','');
insert into Diagram values('UG31-35_0291','UG31-20030200','35-05','E87 118d   Foot lever mech. with return spring','');
insert into Diagram values('UG31-35_0292','UG31-20030200','35-05','E87 118d   Foot lever mech. with return spring','');
insert into Diagram values('UG31-35_0274','UG31-20030200','35-20','E87 118d   Acceleration/accelerator pedal module','');
insert into Diagram values('UG31-35_0275','UG31-20030200','35-95','E87 118d   Aluminum pedal covers','');
insert into Diagram values('UG31-35_0315','UG31-20030200','35-95','E87 118d   Set of high-grade steel pedal covers','');
insert into Diagram values('UG31-35_0327','UG31-20030200','35-95','E87 118d   BMW Performance Alu pedal plates','');
insert into Diagram values('UG31-35_0377','UG31-20030200','35-95','E87 118d   Aluminum pedal covers','');
insert into Diagram values('UG31-36_0798','UG31-20030200','36-10','E87 118d   STEEL RIM STYL.12','');
insert into Diagram values('UG31-36_0799','UG31-20030200','36-15','E87 118d   BMW light alloy wheel, spider spoke 139','');
insert into Diagram values('UG31-36_0800','UG31-20030200','36-15','E87 118d   BMW light alloy wheel, radial spoke 32','');
insert into Diagram values('UG31-36_0801','UG31-20030200','36-15','E87 118d   BMW light alloy wheel, spider spoke 140','');
insert into Diagram values('UG31-36_0802','UG31-20030200','36-15','E87 118d   BMW light alloy wheel, V-spoke 141','');
insert into Diagram values('UG31-36_0803','UG31-20030200','36-15','E87 118d   BMW light alloy wheel, spider spoke 142','');
insert into Diagram values('UG31-36_0804','UG31-20030200','36-15','E87 118d   BMW light alloy wheel, spider spoke 151','');
insert into Diagram values('UG31-36_0805','UG31-20030200','36-15','E87 118d   BMW LA wheel/double spoke 178','');
insert into Diagram values('UG31-36_0806','UG31-20030200','36-15','E87 118d   BMW Composite wheel, star spoke 179','');
insert into Diagram values('UG31-36_0807','UG31-20030200','36-15','E87 118d   BMW LA wheel, star spoke 180','');
insert into Diagram values('UG31-36_0808','UG31-20030200','36-15','E87 118d   BMW LA wheel, star spoke 181','');
insert into Diagram values('UG31-36_0809','UG31-20030200','36-15','E87 118d   BMW LA wheel/double spoke 182','');
insert into Diagram values('UG31-36_0903','UG31-20030200','36-15','E87 118d   BMW LA wheel, double spoke 98','');
insert into Diagram values('UG31-36_0926','UG31-20030200','36-15','E87 118d   BMW alloy wheel M V-spoke 217','');
insert into Diagram values('UG31-36_0927','UG31-20030200','36-15','E87 118d   BMW alloy wheel, M double spoke 207','');
insert into Diagram values('UG31-36_0928','UG31-20030200','36-15','E87 118d   BMW alloy wheel, M double spoke 208','');
insert into Diagram values('UG31-36_0964','UG31-20030200','36-15','E87 118d   BMW light alloy wheel, V-spoke 229','');
insert into Diagram values('UG31-36_1052','UG31-20030200','36-15','E87 118d   BMW LA wheel/double spoke 222','');
insert into Diagram values('UG31-36_1053','UG31-20030200','36-15','E87 118d   BMW light alloy wheel, V-spoke 255','');
insert into Diagram values('UG31-36_1054','UG31-20030200','36-15','E87 118d   BMW LA wheel, star spoke 256','');
insert into Diagram values('UG31-36_1108','UG31-20030200','36-15','E87 118d   BMW LA wheel, star spoke 262','');
insert into Diagram values('UG31-36_1109','UG31-20030200','36-15','E87 118d   BMW LA wheel, W spoke 263','');
insert into Diagram values('UG31-36_1130','UG31-20030200','36-15','E87 118d   BMW LA wheel, dual spoke 261','');
insert into Diagram values('UG31-36_1131','UG31-20030200','36-15','E87 118d   BMW Performance LA wheel/double spoke269','');
insert into Diagram values('UG31-36_1135','UG31-20030200','36-15','E87 118d   BMW light alloy wheel, radial spoke 216','');
insert into Diagram values('UG31-36_1315','UG31-20030200','36-15','E87 118d   BMW LA wheel, Star Spoke 311','');
insert into Diagram values('UG31-36_1316','UG31-20030200','36-15','E87 118d   BMW Performance LA wheel DoubleSpoke 313','');
insert into Diagram values('UG31-36_1433','UG31-20030200','36-15','E87 118d   BMW LA wheel, V Spoke 360','');
insert into Diagram values('UG31-36_1607','UG31-20030200','36-15','E87 118d   BMW LA wheel Streamline 370','');
insert into Diagram values('UG31-36_1608','UG31-20030200','36-15','E87 118d   BMW LA wheel, Star Spoke 371','');
insert into Diagram values('UG31-36_1709','UG31-20030200','36-15','E87 118d   BMW LA wheel, M Double Spoke 313','');
insert into Diagram values('UG31-36_0812','UG31-20030200','36-20','E87 118d   Balance weight, zinc','');
insert into Diagram values('UG31-36_0811','UG31-20030200','36-25','E87 118d   WHEEL BOLT LOCK WITH ADAPTOR','');
insert into Diagram values('UG31-36_1032','UG31-20030200','36-25','E87 118d   SET WHEEL LOCKS','');
insert into Diagram values('UG31-36_0834','UG31-20030200','36-30','E87 118d   Summer tires','');
insert into Diagram values('UG31-36_1076','UG31-20030200','36-30','E87 118d   Winter tires','');
insert into Diagram values('UG31-36_0873','UG31-20030200','36-95','E87 118d   COMPL.WINT.TYRE+WHEEL,RADIAL STYLING 32','');
insert into Diagram values('UG31-36_0874','UG31-20030200','36-95','E87 118d   Radial spoke 139 complete winter wheel','');
insert into Diagram values('UG31-36_0924','UG31-20030200','36-95','E87 118d   Winter wheel/tire, steel','');
insert into Diagram values('UG31-36_0958','UG31-20030200','36-95','E87 118d   Winter complete wheel V spoke 141','');
insert into Diagram values('UG31-36_1168','UG31-20030200','36-95','E87 118d   Winterkomplettrad V-Speiche 229','');
insert into Diagram values('UG31-36_1274','UG31-20030200','36-95','E87 118d   Set emergency wheel with tyre','');
insert into Diagram values('UG31-36_1329','UG31-20030200','36-95','E87 118d   Winterkomplettrad Sternspeiche 256','');
insert into Diagram values('UG31-41_1594','UG31-20030200','41-05','E87 118d   Body skeleton','');
insert into Diagram values('UG31-41_1596','UG31-20030200','41-10','E87 118d   Front side panel','');
insert into Diagram values('UG31-41_1597','UG31-20030200','41-10','E87 118d   WHEELHOUSE/ENGINE SUPPORT','');
insert into Diagram values('UG31-41_1598','UG31-20030200','41-10','E87 118d   SPLASH WALL PARTS','');
insert into Diagram values('UG31-41_1599','UG31-20030200','41-10','E87 118d   FRONT BODY BRACKET LEFT','');
insert into Diagram values('UG31-41_1600','UG31-20030200','41-10','E87 118d   FRONT BODY BRACKET RIGHT','');
insert into Diagram values('UG31-41_1602','UG31-20030200','41-20','E87 118d   Cavity shielding, side frame','');
insert into Diagram values('UG31-41_1603','UG31-20030200','41-20','E87 118d   BODY-SIDE FRAME','');
insert into Diagram values('UG31-41_1604','UG31-20030200','41-20','E87 118d   SINGLE COMPONENTS FOR BODY-SIDE FRAME','');
insert into Diagram values('UG31-41_1605','UG31-20030200','41-20','E87 118d   Partition trunk/Floor parts','');
insert into Diagram values('UG31-41_1606','UG31-20030200','41-25','E87 118d   Mounting parts for trunk floor panel','');
insert into Diagram values('UG31-41_1608','UG31-20030200','41-25','E87 118d   FLOOR PARTS REAR EXTERIOR','');
insert into Diagram values('UG31-41_1609','UG31-20030200','41-25','E87 118d   SIDE PANEL/TAIL TRIM','');
insert into Diagram values('UG31-41_1610','UG31-20030200','41-25','E87 118d   FILL-IN FLAP','');
insert into Diagram values('UG31-41_1601','UG31-20030200','41-30','E87 118d   Roof','');
insert into Diagram values('UG31-41_1611','UG31-20030200','41-35','E87 118d   ENGINE HOOD/MOUNTING PARTS','');
insert into Diagram values('UG31-41_1641','UG31-20030200','41-35','E87 118d   ENGINE HOOD MECHANISM','');
insert into Diagram values('UG31-41_1612','UG31-20030200','41-40','E87 118d   FRONT DOOR-HINGE/DOOR BRAKE','');
insert into Diagram values('UG31-41_1635','UG31-20030200','41-40','E87 118d   Door weatherstrip front','');
insert into DiagramParts values('UG31-41_1639-51210037535', 'UG31-41_1639', 05, 'Set of keys with CAS control unit', '315 MHZ', 1, to_date('20041201','YYYYMMDD'), to_date('20080301','YYYYMMDD'), '51210037535', '', '', false);
insert into Diagram values('UG31-41_1639','UG31-20030200','41-40','E87 118d   Radio remote control','');
insert into Diagram values('UG31-41_1973','UG31-20030200','41-40','E87 118d   DOOR CONTROL FRONT','');
insert into Diagram values('UG31-41_1613','UG31-20030200','41-45','E87 118d   Door rear, hinge/door brake','');
insert into Diagram values('UG31-41_1634','UG31-20030200','41-45','E87 118d   DOOR CONTROL REAR','');
insert into Diagram values('UG31-41_1636','UG31-20030200','41-45','E87 118d   Door weatherstrip rear','');
insert into Diagram values('UG31-41_1640','UG31-20030200','41-50','E87 118d   Master key locking','');
insert into Diagram values('UG31-41_1614','UG31-20030200','41-60','E87 118d   TRUNK LID/CLOSING SYSTEM','');
insert into Diagram values('UG31-41_1615','UG31-20030200','41-60','E87 118d   SINGLE COMPONENTS FOR TRUNK LID','');
insert into Diagram values('UG31-41_1607','UG31-20030200','41-65','E87 118d   MECHANICAL CONNECTION ELEMENTS','');
insert into Diagram values('UG31-51_5434','UG31-20030200','51-05','E87 118d   Glazing','');
insert into DiagramParts values('UG31-51_5293-51167132736', 'UG31-51_5293', 01, 'Mirror glas, heated, wide-angle, right', 'CHROMFARBIG', 1, to_date('20090301','YYYYMMDD'), to_date('20090901','YYYYMMDD'), '51167132736', '$73.94', '', false);
insert into Diagram values('UG31-51_5293','UG31-20030200','51-07','E87 118d   MIRROR GLASS','');
insert into Diagram values('UG31-51_5294','UG31-20030200','51-07','E87 118d   Mirror glas with auto dip','');
insert into DiagramParts values('UG31-51_5472-51167234222', 'UG31-51_5472', 01, 'heated outside mirror, right', 'SHADOWLINE', 1, to_date('20080701','YYYYMMDD'), to_date('20090901','YYYYMMDD'), '51167234222', '', '', false);
insert into DiagramParts values('UG31-51_5472-51167234226', 'UG31-51_5472', 01, 'Outside mirror heated with memory,right', 'SHADOWLINE', 1, to_date('20080701','YYYYMMDD'), to_date('20090901','YYYYMMDD'), '51167234226', '', '', false);
insert into DiagramParts values('UG31-51_5472-51167189902', 'UG31-51_5472', 01, 'Outside mirror heated with memory,right', 'SHADOWLINE', 1, to_date('20060701','YYYYMMDD'), to_date('20080701','YYYYMMDD'), '51167189902', '', '', false);
insert into DiagramParts values('UG31-51_5472-51168036572', 'UG31-51_5472', 04, 'Supporting ring right', 'GLANZSCHWARZ', 1, to_date('20080701','YYYYMMDD'), to_date('20090901','YYYYMMDD'), '51168036572', '$32.17', '', false);
insert into Diagram values('UG31-51_5472','UG31-20030200','51-07','E87 118d   Outside mirror','');
insert into DiagramParts values('UG31-51_5473-51167234234', 'UG31-51_5473', 01, 'Outside mirror heated with memory,right', 'SHADOWLINE', 1, to_date('20080701','YYYYMMDD'), to_date('20090901','YYYYMMDD'), '51167234234', '', '', false);
insert into DiagramParts values('UG31-51_5473-51167234230', 'UG31-51_5473', 01, 'Outside mirror heated with memory,right', 'SHADOWLINE', 1, to_date('20080701','YYYYMMDD'), to_date('20090901','YYYYMMDD'), '51167234230', '', '', false);
insert into DiagramParts values('UG31-51_5473-51167189912', 'UG31-51_5473', 01, 'Outside mirror heated with memory,right', 'SHADOWLINE', 1, to_date('20060701','YYYYMMDD'), to_date('20080701','YYYYMMDD'), '51167189912', '', '', false);
insert into Diagram values('UG31-51_5473','UG31-20030200','51-07','E87 118d   Fold-in outside mirror','');
insert into Diagram values('UG31-51_5438','UG31-20030200','51-10','E87 118d   DOOR WINDOW LIFTING MECHANISM FRONT','');
insert into Diagram values('UG31-51_5439','UG31-20030200','51-10','E87 118d   Window frame cover, front door','');
insert into Diagram values('UG31-51_5440','UG31-20030200','51-12','E87 118d   DOOR WINDOW LIFTING MECHANISM REAR','');
insert into Diagram values('UG31-51_5441','UG31-20030200','51-12','E87 118d   Window frame cover, rear door','');
insert into Diagram values('UG31-51_5332','UG31-20030200','51-15','E87 118d   Trim panel, bumper, front','');
insert into Diagram values('UG31-51_5402','UG31-20030200','51-15','E87 118d   Carrier, bumper front','');
insert into Diagram values('UG31-51_5435','UG31-20030200','51-15','E87 118d   Bracket, PDC-sensors','');
insert into Diagram values('UG31-51_5977','UG31-20030200','51-15','E87 118d   M FRONT BUMPER TRIM PANEL','');
insert into DiagramParts values('UG31-51_5348-51477906818', 'UG31-51_5348', 15, 'M trim piece, front right entry', 'M', 1, to_date('20050901','YYYYMMDD'), to_date('20070301','YYYYMMDD'), '51477906818', '', '', false);
insert into DiagramParts values('UG31-51_5348-51477906820', 'UG31-51_5348', 16, 'M trim piece, rear right entry', 'M', 1, to_date('20050901','YYYYMMDD'), to_date('20070301','YYYYMMDD'), '51477906820', '', '', false);
insert into Diagram values('UG31-51_5348','UG31-20030200','51-16','E87 118d   Door sill','');
insert into Diagram values('UG31-51_6335','UG31-20030200','51-16','E87 118d   M door sill trim panel','');
insert into Diagram values('UG31-51_5403','UG31-20030200','51-17','E87 118d   Carrier, bumper rear','');
insert into Diagram values('UG31-51_5429','UG31-20030200','51-17','E87 118d   Bumper trim panel, rear','');
insert into Diagram values('UG31-51_5431','UG31-20030200','51-17','E87 118d   REAR BUMPER MOUNTING PARTS','');
insert into Diagram values('UG31-51_5985','UG31-20030200','51-17','E87 118d   M REAR BUMPER TRIM','');
insert into Diagram values('UG31-51_5414','UG31-20030200','51-20','E87 118d   Exterior trim and door seals','');
insert into Diagram values('UG31-51_5442','UG31-20030200','51-20','E87 118d   Exterior trim / Grille / Seals','');
insert into Diagram values('UG31-51_5465','UG31-20030200','51-20','E87 118d   Emblems','');
insert into Diagram values('UG31-51_5503','UG31-20030200','51-30','E87 118d   Carrier instrument panel','');
insert into Diagram values('UG31-51_5504','UG31-20030200','51-30','E87 118d   Trim panel dashboard','');
insert into Diagram values('UG31-51_5505','UG31-20030200','51-30','E87 118d   GLOVE BOX','');
insert into Diagram values('UG31-51_9041','UG31-20030200','51-30','E87 118d   Switch unit cover, center console','');
insert into Diagram values('UG31-51_9135','UG31-20030200','51-30','E87 118d   Mounting parts, I-panel, bottom','');
insert into Diagram values('UG31-51_5508','UG31-20030200','51-35','E87 118d   Center console','');
insert into Diagram values('UG31-51_5509','UG31-20030200','51-35','E87 118d   Armrest, centre console','');
insert into Diagram values('UG31-51_5540','UG31-20030200','51-35','E87 118d   Mounting parts, center console','');
insert into Diagram values('UG31-51_5510','UG31-20030200','51-40','E87 118d   Sun visors','');
insert into Diagram values('UG31-51_5511','UG31-20030200','51-40','E87 118d   Inside mirror manually dippable','');
insert into Diagram values('UG31-51_5512','UG31-20030200','51-40','E87 118d   Interior mirror with automatic-dip','');
insert into Diagram values('UG31-51_5515','UG31-20030200','51-40','E87 118d   Headlining / Handle','');
insert into Diagram values('UG31-51_5516','UG31-20030200','51-40','E87 118d   Headlin./Handle lift-up&slide-back sunr.','');
insert into Diagram values('UG31-51_5517','UG31-20030200','51-40','E87 118d   Trim panel A- / B- / C-Column','');
insert into Diagram values('UG31-51_5522','UG31-20030200','51-40','E87 118d   REAR WINDOW SHELF','');
insert into Diagram values('UG31-51_6211','UG31-20030200','51-40','E87 118d   Headlining / Handle','');
insert into Diagram values('UG31-51_6212','UG31-20030200','51-40','E87 118d   Headlin./Handle lift-up&slide-back sunr.','');
insert into Diagram values('UG31-51_5513','UG31-20030200','51-50','E87 118d   Door trim panel, front','');
insert into Diagram values('UG31-51_5514','UG31-20030200','51-50','E87 118d   Door trim, rear','');
insert into Diagram values('UG31-51_5535','UG31-20030200','51-50','E87 118d   Door trim panel rear/Eler. window lifter','');
insert into Diagram values('UG31-51_5518','UG31-20030200','51-55','E87 118d   TRIM PANEL LEG ROOM','');
insert into Diagram values('UG31-51_5519','UG31-20030200','51-55','E87 118d   Cover, entrance','');
insert into Diagram values('UG31-51_5521','UG31-20030200','51-55','E87 118d   FLOOR COVERING','');
insert into DiagramParts values('UG31-51_6668-51479171368', 'UG31-51_6668', 03, 'Velcro element with screw thread', 'D 62MM', 2, to_date('20070901','YYYYMMDD'), to_date('20110801','YYYYMMDD'), '51479171368', '$8.03', '', false);
insert into Diagram values('UG31-51_6668','UG31-20030200','51-55','E87 118d   Floor mats, velours','');
insert into Diagram values('UG31-51_5523','UG31-20030200','51-65','E87 118d   TRUNK LID TRIM PANEL','');
insert into Diagram values('UG31-51_5525','UG31-20030200','51-65','E87 118d   LEFT TRUNK TRIM','');
insert into Diagram values('UG31-51_5536','UG31-20030200','51-65','E87 118d   Right TRUNK TRIM','');
insert into Diagram values('UG31-51_6519','UG31-20030200','51-65','E87 118d   Trunk floor / Trunk sill / Dividing net','');
insert into Diagram values('UG31-51_5526','UG31-20030200','51-70','E87 118d   SOUND INSULATING FRONT','');
insert into Diagram values('UG31-51_5527','UG31-20030200','51-70','E87 118d   Heat insulation','');
insert into Diagram values('UG31-51_5532','UG31-20030200','51-70','E87 118d   Wheelarch trim','');
insert into Diagram values('UG31-51_5538','UG31-20030200','51-70','E87 118d   SOUND INSULATING REAR','');
insert into Diagram values('UG31-51_5790','UG31-20030200','51-70','E87 118d   Diesel encapsulation','');
insert into Diagram values('UG31-51_5528','UG31-20030200','51-75','E87 118d   Underhood shield','');
insert into Diagram values('UG31-51_5529','UG31-20030200','51-75','E87 118d   Underfloor coating for manual transm.','');
insert into Diagram values('UG31-51_5709','UG31-20030200','51-75','E87 118d   Underhood shield','');
insert into Diagram values('UG31-51_6171','UG31-20030200','51-75','E87 118d   Underbody trim on side','');
insert into Diagram values('UG31-51_6529','UG31-20030200','51-75','E87 118d   FRONT PANEL','');
insert into Diagram values('UG31-51_6760','UG31-20030200','51-75','E87 118d   Strut brace','');
insert into Diagram values('UG31-51_6960','UG31-20030200','51-75','E87 118d   Air duct','');
insert into Diagram values('UG31-51_6535','UG31-20030200','51-80','E87 118d   Misc. body parts','');
insert into Diagram values('UG31-51_6771','UG31-20030200','51-80','E87 118d   Sealing cap/plug','');
insert into Diagram values('UG31-51_4635','UG31-20030200','51-95','E87 118d   Exterior mirror for towing','');
insert into Diagram values('UG31-51_4643','UG31-20030200','51-95','E87 118d   Non-skid mat','');
insert into Diagram values('UG31-51_4694','UG31-20030200','51-95','E87 118d   Aluminum footrest','');
insert into Diagram values('UG31-51_4698','UG31-20030200','51-95','E87 118d   Boot lashing strap','');
insert into Diagram values('UG31-51_5244','UG31-20030200','51-95','E87 118d   Luggage compartment pan','');
insert into Diagram values('UG31-51_5362','UG31-20030200','51-95','E87 118d   Luggage compartment, folding','');
insert into Diagram values('UG31-51_5674','UG31-20030200','51-95','E87 118d   Retrofit of exterior items in car color','');
insert into Diagram values('UG31-51_5688','UG31-20030200','51-95','E87 118d   Luggage compatment box "multifix"','');
insert into Diagram values('UG31-51_5727','UG31-20030200','51-95','E87 118d   Fine wood trim','');
insert into Diagram values('UG31-51_5733','UG31-20030200','51-95','E87 118d   Sunshade','');
insert into Diagram values('UG31-51_5734','UG31-20030200','51-95','E87 118d   Illuminated door sill strip retrofit kit','');
insert into Diagram values('UG31-51_5737','UG31-20030200','51-95','E87 118d   Rubber mat','');
insert into Diagram values('UG31-51_5738','UG31-20030200','51-95','E87 118d   Umbrella with bag','');
insert into Diagram values('UG31-51_5739','UG31-20030200','51-95','E87 118d   Storage sleeve DVD/CD','');
insert into Diagram values('UG31-51_5799','UG31-20030200','51-95','E87 118d   Fitted luggage compartment mat','');
insert into Diagram values('UG31-51_5804','UG31-20030200','51-95','E87 118d   Retrofit Cup holder center console','');
insert into Diagram values('UG31-51_5808','UG31-20030200','51-95','E87 118d   Retrofit equipm. armrest center console','');
insert into Diagram values('UG31-51_5928','UG31-20030200','51-95','E87 118d   Retrofit rearview mirror w. auto dimmer','');
insert into Diagram values('UG31-51_5939','UG31-20030200','51-95','E87 118d   Floor mats Commercial','');
insert into Diagram values('UG31-51_5954','UG31-20030200','51-95','E87 118d   Load edge protector','');
insert into Diagram values('UG31-51_5955','UG31-20030200','51-95','E87 118d   Retrofit kit M aerodyn. package','');
insert into Diagram values('UG31-51_5980','UG31-20030200','51-95','E87 118d   Retrofit: heating outside mirror','');
insert into Diagram values('UG31-51_6073','UG31-20030200','51-95','E87 118d   Door sill strip retrofit kit st. steel','');
insert into Diagram values('UG31-51_6083','UG31-20030200','51-95','E87 118d   Strut brace','');
insert into Diagram values('UG31-51_6085','UG31-20030200','51-95','E87 118d   Retrofit, M cover, entrance','');
insert into Diagram values('UG31-51_6137','UG31-20030200','51-95','E87 118d   Retrofit, cup holder','');
insert into Diagram values('UG31-51_6165','UG31-20030200','51-95','E87 118d   Luggage compartment clamping belts','');
insert into Diagram values('UG31-51_6213','UG31-20030200','51-95','E87 118d   Carbon fiber package','');
insert into Diagram values('UG31-51_6283','UG31-20030200','51-95','E87 118d   Load compartment protective cover','');
insert into Diagram values('UG31-51_6477','UG31-20030200','51-95','E87 118d   Key fob','');
insert into Diagram values('UG31-51_6639','UG31-20030200','51-95','E87 118d   Protective loading edge mat','');
insert into DiagramParts values('UG31-51_6669-51479171368', 'UG31-51_6669', 03, 'Velcro element with screw thread', 'D 62MM', 2, to_date('20070901','YYYYMMDD'), to_date('20110801','YYYYMMDD'), '51479171368', '$8.03', '', false);
insert into Diagram values('UG31-51_6669','UG31-20030200','51-95','E87 118d   Floor mats, velours','');
insert into Diagram values('UG31-51_6695','UG31-20030200','51-95','E87 118d   Storage net, footwell, front','');
insert into Diagram values('UG31-51_6696','UG31-20030200','51-95','E87 118d   Trunk room net','');
insert into Diagram values('UG31-51_6762','UG31-20030200','51-95','E87 118d   Retrofit f oddments tray instr. panel','');
insert into Diagram values('UG31-51_6770','UG31-20030200','51-95','E87 118d   FLOOR MATS CITY','');
insert into Diagram values('UG31-51_6778','UG31-20030200','51-95','E87 118d   BMW Performance strut tower brace carbon','');
insert into Diagram values('UG31-51_6803','UG31-20030200','51-95','E87 118d   Impact guard strips, side','');
insert into Diagram values('UG31-51_6850','UG31-20030200','51-95','E87 118d   Retrofit kit, M rocker panel trim','');
insert into Diagram values('UG31-51_6885','UG31-20030200','51-95','E87 118d   Aerodynamics package','');
insert into Diagram values('UG31-51_6963','UG31-20030200','51-95','E87 118d   Interior moldings Carbon','');
insert into Diagram values('UG31-51_6973','UG31-20030200','51-95','E87 118d   BMW Performance side stripes','');
insert into Diagram values('UG31-51_6977','UG31-20030200','51-95','E87 118d   Boot/trunk floor net','');
insert into Diagram values('UG31-51_6992','UG31-20030200','51-95','E87 118d   BMW Performance Aerodynamics, front','');
insert into Diagram values('UG31-51_6993','UG31-20030200','51-95','E87 118d   BMW Performance Aerodynamics','');
insert into Diagram values('UG31-51_6996','UG31-20030200','51-95','E87 118d   BMW Performance Aerodynamics, rocker','');
insert into Diagram values('UG31-51_7021','UG31-20030200','51-95','E87 118d   Retrofit snap-on drink holder','');
insert into Diagram values('UG31-51_7048','UG31-20030200','51-95','E87 118d   BMW Performance Aerodynamics, rear','');
insert into Diagram values('UG31-51_7061','UG31-20030200','51-95','E87 118d   Non-skid mat','');
insert into Diagram values('UG31-51_7142','UG31-20030200','51-95','E87 118d   BMW Performance Aluminum footrest','');
insert into Diagram values('UG31-51_7146','UG31-20030200','51-95','E87 118d   BMW Performance Interior moldings Carbon','');
insert into Diagram values('UG31-51_7152','UG31-20030200','51-95','E87 118d   BMW Performance strut tower brace, alu','');
insert into Diagram values('UG31-51_7191','UG31-20030200','51-95','E87 118d   Retrofit trim grill','');
insert into Diagram values('UG31-51_7224','UG31-20030200','51-95','E87 118d   BMW Performance door sill moldings','');
insert into Diagram values('UG31-51_7236','UG31-20030200','51-95','E87 118d   Footmat update','');
insert into Diagram values('UG31-51_7515','UG31-20030200','51-95','E87 118d   Dog Guard','');
insert into Diagram values('UG31-51_7713','UG31-20030200','51-95','E87 118d   Multifunct.lugg.compartm.mat w.fold.cont','');
insert into Diagram values('UG31-51_8051','UG31-20030200','51-95','E87 118d   First-aid kit, universal','');
insert into Diagram values('UG31-51_8522','UG31-20030200','51-95','E87 118d   Travel & Comfort System','');
insert into Diagram values('UG31-52_3086','UG31-20030200','52-10','E87 118d   Seat, front, head restraint','');
insert into DiagramParts values('UG31-52_3087-52106970532', 'UG31-52_3087', 04, 'COVER BACKREST CLOTH RIGHT', 'ANTHRAZIT', 1, to_date('20050901','YYYYMMDD'), to_date('20080901','YYYYMMDD'), '52106970532', '', '', false);
insert into DiagramParts values('UG31-52_3087-52106970534', 'UG31-52_3087', 04, 'COVER BACKREST CLOTH RIGHT', 'MONACOBLAU', 1, to_date('20050901','YYYYMMDD'), to_date('20080901','YYYYMMDD'), '52106970534', '', '', false);
insert into DiagramParts values('UG31-52_3087-52106970536', 'UG31-52_3087', 04, 'COVER BACKREST CLOTH RIGHT', 'NAUTILUSGRAU', 1, to_date('20050901','YYYYMMDD'), to_date('20080901','YYYYMMDD'), '52106970536', '', '', false);
insert into Diagram values('UG31-52_3087','UG31-20030200','52-10','E87 118d   Seat front, upholstery & cover base seat','');
insert into DiagramParts values('UG31-52_3088-52106955940', 'UG31-52_3088', 05, 'COVER BACKREST CLOTH RIGHT', 'ANTHRAZIT', 1, to_date('20050901','YYYYMMDD'), to_date('20061001','YYYYMMDD'), '52106955940', '', '', false);
insert into DiagramParts values('UG31-52_3088-52106955939', 'UG31-52_3088', 05, 'COVER BACKREST CLOTH LEFT', 'ANTHRAZIT', 1, to_date('20061001','YYYYMMDD'), to_date('20080901','YYYYMMDD'), '52106955939', '', '', false);
insert into DiagramParts values('UG31-52_3088-52106955942', 'UG31-52_3088', 05, 'COVER BACKREST CLOTH RIGHT', 'MONACOBLAU', 1, to_date('20050901','YYYYMMDD'), to_date('20061001','YYYYMMDD'), '52106955942', '', '', false);
insert into DiagramParts values('UG31-52_3088-52106955941', 'UG31-52_3088', 05, 'COVER BACKREST CLOTH LEFT', 'MONACOBLAU', 1, to_date('20061001','YYYYMMDD'), to_date('20080901','YYYYMMDD'), '52106955941', '', '', false);
insert into DiagramParts values('UG31-52_3088-52106955944', 'UG31-52_3088', 05, 'COVER BACKREST CLOTH RIGHT', 'NAUTILUSGRAU', 1, to_date('20050901','YYYYMMDD'), to_date('20061001','YYYYMMDD'), '52106955944', '', '', false);
insert into DiagramParts values('UG31-52_3088-52108036202', 'UG31-52_3088', 05, 'Cover backrest cloth/Imitat. leather,rig', 'SCHWARZ', 1, to_date('20050901','YYYYMMDD'), to_date('20061001','YYYYMMDD'), '52108036202', '', '', false);
insert into DiagramParts values('UG31-52_3088-52108036201', 'UG31-52_3088', 05, 'Cover backrest cloth/Imitat. leather,lft', 'SCHWARZ', 1, to_date('20061001','YYYYMMDD'), to_date('20070301','YYYYMMDD'), '52108036201', '', '', false);
insert into DiagramParts values('UG31-52_3088-52108039533', 'UG31-52_3088', 05, 'Cover backrest cloth/Imitat. leather,lft', 'SCHWARZ', 1, to_date('20070301','YYYYMMDD'), to_date('20080901','YYYYMMDD'), '52108039533', '', '', false);
insert into DiagramParts values('UG31-52_3088-52108039534', 'UG31-52_3088', 05, 'Cover backrest cloth/Imitat. leather,rig', 'SCHWARZ', 1, to_date('20070301','YYYYMMDD'), to_date('20080901','YYYYMMDD'), '52108039534', '', '', false);
insert into Diagram values('UG31-52_3088','UG31-20030200','52-10','E87 118d   Seat, front, uphlstry, cover, Sport seat','');
insert into Diagram values('UG31-52_3092','UG31-20030200','52-10','E87 118d   FRONT SEAT BACKREST FRAME/REAR PANEL','');
insert into Diagram values('UG31-52_3093','UG31-20030200','52-10','E87 118d   FRONT SEAT RAIL MECHANICAL/SINGLE PARTS','');
insert into DiagramParts values('UG31-52_3094-52106979627', 'UG31-52_3094', 12, 'Cover, belt catch left', 'NAUTILUSGRAU', 1, to_date('20050501','YYYYMMDD'), to_date('20070301','YYYYMMDD'), '52106979627', '', '', false);
insert into DiagramParts values('UG31-52_3094-52106979628', 'UG31-52_3094', 12, 'Cover, belt catch right', 'NAUTILUSGRAU', 1, to_date('20050501','YYYYMMDD'), to_date('20070301','YYYYMMDD'), '52106979628', '', '', false);
insert into Diagram values('UG31-52_3094','UG31-20030200','52-10','E87 118d   FRONT SEAT RAIL ELECTRICAL/SINGLE PARTS','');
insert into Diagram values('UG31-52_3125','UG31-20030200','52-10','E87 118d   Seat, front, lumbar','');
insert into Diagram values('UG31-52_3468','UG31-20030200','52-10','E87 118d   BMW Performance Sport Seat','');
insert into Diagram values('UG31-52_3541','UG31-20030200','52-10','E87 118d   Seat, front, electrical and motors','');
insert into Diagram values('UG31-52_3074','UG31-20030200','52-20','E87 118d   Rear seat head restraint','');
insert into Diagram values('UG31-52_3075','UG31-20030200','52-20','E87 118d   Seat, rear, head restraint, center','');
insert into Diagram values('UG31-52_3077','UG31-20030200','52-20','E87 118d   Seat, rear, uphlstry/cover, load-through','');
insert into Diagram values('UG31-52_3078','UG31-20030200','52-20','E87 118d   Seat, rear, seat frame, load-through','');
insert into Diagram values('UG31-52_3082','UG31-20030200','52-20','E87 118d   Rear seat ski bag','');
insert into Diagram values('UG31-52_3172','UG31-20030200','52-20','E87 118d   Retrofitting rear folding head restraint','');
insert into Diagram values('UG31-52_3212','UG31-20030200','52-20','E87 118d   Seat, rear, backrest trim covers','');
insert into Diagram values('UG31-52_3079','UG31-20030200','52-60','E87 118d   Cover material, running meter','');
insert into Diagram values('UG31-52_3713','UG31-20030200','52-65','E87 118d   Seat heating','');
insert into Diagram values('UG31-52_2913','UG31-20030200','52-95','E87 118d   Lambskin seat cover','');
insert into Diagram values('UG31-52_3015','UG31-20030200','52-95','E87 118d   UNIVERSAL PRODECTIVE REAR COVER','');
insert into Diagram values('UG31-52_3043','UG31-20030200','52-95','E87 118d   Belt holder','');
insert into Diagram values('UG31-52_3175','UG31-20030200','52-95','E87 118d   INSTALLING SET HEATED SEAT FRONT','');
insert into Diagram values('UG31-52_3196','UG31-20030200','52-95','E87 118d   Retrofit, net bag at seat backrest','');
insert into Diagram values('UG31-52_3199','UG31-20030200','52-95','E87 118d   Fire extinguisher','');
insert into Diagram values('UG31-52_3269','UG31-20030200','52-95','E87 118d   Seat-back storage pocket','');
insert into Diagram values('UG31-52_3435','UG31-20030200','52-95','E87 118d   Retrofitting rear folding head restraint','');
insert into Diagram values('UG31-52_3792','UG31-20030200','52-95','E87 118d   Fire extinguisher','');
insert into Diagram values('UG31-54_0341','UG31-20030200','54-05','E87 118d   SLID.LIFT. ROOF-COVER/CEILING FRAME','');
insert into Diagram values('UG31-61_1942','UG31-20030200','61-05','E87 118d   Main wiring harness, duplicate','');
insert into Diagram values('UG31-61_2028','UG31-20030200','61-05','E87 118d   Main wiring harness','');
insert into Diagram values('UG31-61_2195','UG31-20030200','61-05','E87 118d   Repair cable main cable harness','');
insert into Diagram values('UG31-61_2237','UG31-20030200','61-05','E87 118d   Main wiring harness','');
insert into Diagram values('UG31-61_2286','UG31-20030200','61-05','E87 118d   Main wiring harness','');
insert into Diagram values('UG31-61_1822','UG31-20030200','61-10','E87 118d   Cable-yarded material','');
insert into Diagram values('UG31-61_1861','UG31-20030200','61-10','E87 118d   VARIOUS ADDITIONAL WIRING SETS','');
insert into Diagram values('UG31-61_1863','UG31-20030200','61-10','E87 118d   DOOR CABLE HARNESSES','');
insert into Diagram values('UG31-61_1864','UG31-20030200','61-10','E87 118d   Wiring harness, instrument panel','');
insert into Diagram values('UG31-61_1868','UG31-20030200','61-10','E87 118d   Wiring set seat','');
insert into Diagram values('UG31-61_1869','UG31-20030200','61-10','E87 118d   Repair cable, airbag','');
insert into Diagram values('UG31-61_2567','UG31-20030200','61-10','E87 118d   Rep. wire for B+','');
insert into Diagram values('UG31-61_1280','UG31-20030200','61-15','E87 118d   Plug terminal ELO not waterproof','');
insert into Diagram values('UG31-61_1296','UG31-20030200','61-15','E87 118d   Circular connector / D 2,5 mm System','');
insert into Diagram values('UG31-61_1559','UG31-20030200','61-15','E87 118d   PLUG-IN CONNECTION BRACKET','');
insert into Diagram values('UG31-61_1578','UG31-20030200','61-15','E87 118d   Repair parts, optical fibre cable','');
insert into Diagram values('UG31-61_1691','UG31-20030200','61-15','E87 118d   Pin contacts ELO','');
insert into Diagram values('UG31-61_1711','UG31-20030200','61-15','E87 118d   Cable tie','');
insert into Diagram values('UG31-61_1754','UG31-20030200','61-15','E87 118d   Plug terminal ELO-Power','');
insert into Diagram values('UG31-61_1764','UG31-20030200','61-15','E87 118d   Diagnosis plug','');
insert into Diagram values('UG31-61_1765','UG31-20030200','61-15','E87 118d   Various cable terminals','');
insert into Diagram values('UG31-61_1865','UG31-20030200','61-15','E87 118d   VARIOUS CABLE HOLDERS','');
insert into Diagram values('UG31-61_1896','UG31-20030200','61-15','E87 118d   VARIOUS CABLE HOLDERS','');
insert into Diagram values('UG31-61_1970','UG31-20030200','61-15','E87 118d   Cable guide','');
insert into Diagram values('UG31-61_1996','UG31-20030200','61-15','E87 118d   Various cable grommets','');
insert into Diagram values('UG31-61_2063','UG31-20030200','61-15','E87 118d   Comb type connector','');
insert into Diagram values('UG31-61_2068','UG31-20030200','61-15','E87 118d   Contact system LSK8','');
insert into Diagram values('UG31-61_2107','UG31-20030200','61-15','E87 118d   Various parts, wiring harness repair','');
insert into Diagram values('UG31-61_2156','UG31-20030200','61-15','E87 118d   Double leaf spring contact','');
insert into Diagram values('UG31-61_2216','UG31-20030200','61-15','E87 118d   Terminal system MCON','');
insert into Diagram values('UG31-61_2217','UG31-20030200','61-15','E87 118d   Contact system MQS','');
insert into Diagram values('UG31-61_2268','UG31-20030200','61-15','E87 118d   Contact system MAK8','');
insert into Diagram values('UG31-61_2292','UG31-20030200','61-15','E87 118d   SLK socket contact','');
insert into Diagram values('UG31-61_2293','UG31-20030200','61-15','E87 118d   Contact system blade terminal MDK4 2.8','');
insert into Diagram values('UG31-61_2310','UG31-20030200','61-15','E87 118d   Plug housing for antenna cable, FAKRA','');
insert into Diagram values('UG31-61_2452','UG31-20030200','61-15','E87 118d   Round plug system D 1.5 mm','');
insert into Diagram values('UG31-61_2521','UG31-20030200','61-15','E87 118d   Socket housing MQS','');
insert into Diagram values('UG31-61_2638','UG31-20030200','61-15','E87 118d   Repair parts, coaxial cable contacts','');
insert into Diagram values('UG31-61_2680','UG31-20030200','61-15','E87 118d   Repair parts, coaxial cable housing','');
insert into Diagram values('UG31-61_1710','UG31-20030200','61-20','E87 118d   Fuses / sign with fuse allocat. diagr.','');
insert into Diagram values('UG31-61_1862','UG31-20030200','61-20','E87 118d   Individual parts, power distributor, fr.','');
insert into Diagram values('UG31-61_1718','UG31-20030200','61-25','E87 118d   Control unit/antennas passive access','');
insert into Diagram values('UG31-61_1847','UG31-20030200','61-25','E87 118d   BRACKET F BODY CONTROL UNITS AND MODULES','');
insert into Diagram values('UG31-61_2093','UG31-20030200','61-25','E87 118d   Control unit Junctionbox Elektronik','');
insert into Diagram values('UG31-61_2094','UG31-20030200','61-25','E87 118d   Control unit, footwell module','');
insert into DiagramParts values('UG31-61_2095-61356943766', 'UG31-61_2095', 01, 'Control unit CAS', 'CAS2', 1, to_date('20041201','YYYYMMDD'), to_date('20060901','YYYYMMDD'), '61356943766', '', 'ENDED', false);
insert into DiagramParts values('UG31-61_2095-61356964051', 'UG31-61_2095', 01, 'Control unit CAS', 'CAS2', 1, to_date('20041201','YYYYMMDD'), to_date('20060901','YYYYMMDD'), '61356964051', '', 'ENDED', false);
insert into DiagramParts values('UG31-61_2095-61356943771', 'UG31-61_2095', 01, 'Control unit CAS', 'CAS2', 1, to_date('20041201','YYYYMMDD'), to_date('20060901','YYYYMMDD'), '61356943771', '', 'ENDED', false);
insert into DiagramParts values('UG31-61_2095-61356981416', 'UG31-61_2095', 01, 'Control unit CAS', 'CAS2', 1, to_date('20041201','YYYYMMDD'), to_date('20060901','YYYYMMDD'), '61356981416', '', 'ENDED', false);
insert into DiagramParts values('UG31-61_2095-61356943791', 'UG31-61_2095', 01, 'Control unit CAS', 'CAS2', 1, to_date('20041201','YYYYMMDD'), to_date('20060901','YYYYMMDD'), '61356943791', '', 'ENDED', false);
insert into DiagramParts values('UG31-61_2095-61356943797', 'UG31-61_2095', 01, 'Control unit CAS', 'CAS2', 1, to_date('20041201','YYYYMMDD'), to_date('20060901','YYYYMMDD'), '61356943797', '', 'ENDED', false);
insert into DiagramParts values('UG31-61_2095-61356943814', 'UG31-61_2095', 01, 'Control unit CAS', 'CAS3', 1, to_date('20041201','YYYYMMDD'), to_date('20060901','YYYYMMDD'), '61356943814', '', 'ENDED', false);
insert into DiagramParts values('UG31-61_2095-61356943830', 'UG31-61_2095', 01, 'Control unit CAS', 'CAS3', 1, to_date('20041201','YYYYMMDD'), to_date('20070301','YYYYMMDD'), '61356943830', '', 'ENDED', false);
insert into DiagramParts values('UG31-61_2095-61356943834', 'UG31-61_2095', 01, 'Control unit CAS', 'CAS3', 1, to_date('20041201','YYYYMMDD'), to_date('20090301','YYYYMMDD'), '61356943834', '', 'ENDED', false);
insert into DiagramParts values('UG31-61_2095-61359147184', 'UG31-61_2095', 01, 'Control unit CAS', 'CAS3', 1, to_date('20041201','YYYYMMDD'), to_date('20090301','YYYYMMDD'), '61359147184', '', 'ENDED', false);
insert into DiagramParts values('UG31-61_2095-61359147195', 'UG31-61_2095', 01, 'Control unit CAS', 'CAS3', 1, to_date('20041201','YYYYMMDD'), to_date('20090301','YYYYMMDD'), '61359147195', '', 'ENDED', false);
insert into DiagramParts values('UG31-61_2095-61359147196', 'UG31-61_2095', 01, 'Control unit CAS', 'CAS3', 1, to_date('20041201','YYYYMMDD'), to_date('20090901','YYYYMMDD'), '61359147196', '', 'ENDED', false);
insert into DiagramParts values('UG31-61_2095-61359147212', 'UG31-61_2095', 01, 'Control unit CAS', 'CAS3', 1, to_date('20041201','YYYYMMDD'), to_date('20090901','YYYYMMDD'), '61359147212', '', 'ENDED', false);
insert into DiagramParts values('UG31-61_2095-61359147220', 'UG31-61_2095', 01, 'Control unit CAS', 'CAS3', 1, to_date('20041201','YYYYMMDD'), to_date('20090901','YYYYMMDD'), '61359147220', '', 'ENDED', false);
insert into DiagramParts values('UG31-61_2095-61359147221', 'UG31-61_2095', 01, 'Control unit CAS', 'CAS3', 1, to_date('20041201','YYYYMMDD'), to_date('20090901','YYYYMMDD'), '61359147221', '', 'ENDED', false);
insert into DiagramParts values('UG31-61_2095-61359147226', 'UG31-61_2095', 01, 'Control unit CAS', 'CAS3', 1, to_date('20041201','YYYYMMDD'), to_date('20090901','YYYYMMDD'), '61359147226', '', 'ENDED', false);
insert into DiagramParts values('UG31-61_2095-61359217853', 'UG31-61_2095', 01, 'Control unit CAS', 'CAS3', 1, to_date('20041201','YYYYMMDD'), to_date('20100301','YYYYMMDD'), '61359217853', '', 'ENDED', false);
insert into Diagram values('UG31-61_2095','UG31-20030200','61-25','E87 118d   Control unit CAS','');
insert into DiagramParts values('UG31-61_2096-61359221180', 'UG31-61_2096', 07, 'TRAILER TOWING MODUL', '4R', 1, to_date('20090301','YYYYMMDD'), to_date('20110301','YYYYMMDD'), '61359221180', '$203.91', '', false);
insert into DiagramParts values('UG31-61_2096-61359186177', 'UG31-61_2096', 07, 'TRAILER TOWING MODUL', '4R', 1, to_date('20060901','YYYYMMDD'), to_date('20090301','YYYYMMDD'), '61359186177', '', 'ENDED', false);
insert into Diagram values('UG31-61_2096','UG31-20030200','61-25','E87 118d   Control units/modules','');
insert into Diagram values('UG31-61_1859','UG31-20030200','61-30','E87 118d   B+ terminal point, engine compartment','');
insert into Diagram values('UG31-61_1860','UG31-20030200','61-30','E87 118d   Battery lead/distribution box, rear','');
insert into Diagram values('UG31-61_1948','UG31-20030200','61-30','E87 118d   battery holder and mounting parts','');
insert into Diagram values('UG31-61_1986','UG31-20030200','61-30','E87 118d   Original BMW battery (Warranty only)','');
insert into Diagram values('UG31-61_1839','UG31-20030200','61-35','E87 118d   Control element light','');
insert into Diagram values('UG31-61_1843','UG31-20030200','61-35','E87 118d   SWITCH WINDOW LIFTER','');
insert into Diagram values('UG31-61_1844','UG31-20030200','61-35','E87 118d   Switch unit roof','');
insert into Diagram values('UG31-61_1845','UG31-20030200','61-35','E87 118d   Seat adjustment switch, front','');
insert into Diagram values('UG31-61_1849','UG31-20030200','61-35','E87 118d   VARIOUS SWITCHES','');
insert into Diagram values('UG31-61_1880','UG31-20030200','61-35','E87 118d   Switch, Multifunction Sport/M st. wheel','');
insert into Diagram values('UG31-61_2050','UG31-20030200','61-35','E87 118d   Switch unit roof','');
insert into Diagram values('UG31-61_2128','UG31-20030200','61-35','E87 118d   Switch for brake, clutch','');
insert into Diagram values('UG31-61_2274','UG31-20030200','61-35','E87 118d   Switch unit, center console','');
insert into Diagram values('UG31-61_2281','UG31-20030200','61-35','E87 118d   Starter/Stop switch','');
insert into Diagram values('UG31-61_2282','UG31-20030200','61-35','E87 118d   Switch hazard warning/central lckng syst','');
insert into Diagram values('UG31-61_2322','UG31-20030200','61-35','E87 118d   Switch unit roof','');
insert into Diagram values('UG31-61_2480','UG31-20030200','61-35','E87 118d   Cigarette lighter / sockets','');
insert into Diagram values('UG31-61_2639','UG31-20030200','61-35','E87 118d   Shift paddles / Shift paddles','');
insert into Diagram values('UG31-61_2900','UG31-20030200','61-35','E87 118d   USB/AUX-IN socket','');
insert into Diagram values('UG31-61_2946','UG31-20030200','61-35','E87 118d   USB/AUX-IN socket','');
insert into Diagram values('UG31-61_3088','UG31-20030200','61-35','E87 118d   Switch unit steering column','');
insert into Diagram values('UG31-61_2857','UG31-20030200','61-40','E87 118d   Horn','');
insert into Diagram values('UG31-61_1854','UG31-20030200','61-45','E87 118d   SINGLE WIPER PARTS','');
insert into Diagram values('UG31-61_1856','UG31-20030200','61-45','E87 118d   SINGLE PARTS FOR REAR WINDOW WIPER','');
insert into Diagram values('UG31-61_1858','UG31-20030200','61-45','E87 118d   WIPER ARM/WIPER BLADE','');
insert into Diagram values('UG31-61_1876','UG31-20030200','61-45','E87 118d   SINGLE PARTS FOR HEAD LAMP CLEANING','');
insert into Diagram values('UG31-61_1877','UG31-20030200','61-45','E87 118d   FILLER PIPE FOR WASH CONTAINER','');
insert into Diagram values('UG31-61_1878','UG31-20030200','61-45','E87 118d   SINGLE PARTS FOR WINDSHIELD CLEANING','');
insert into Diagram values('UG31-61_1879','UG31-20030200','61-45','E87 118d   Reserv.,windshield/headlight washer syst','');
insert into Diagram values('UG31-61_2046','UG31-20030200','61-45','E87 118d   SINGLE PARTS FOR HEAD LAMP CLEANING','');
insert into Diagram values('UG31-61_1872','UG31-20030200','61-95','E87 118d   Retrofit kit, headlight cleaning system','');
insert into Diagram values('UG31-61_1974','UG31-20030200','61-95','E87 118d   Retrofit, passenger airbag shutoff','');
insert into Diagram values('UG31-61_2223','UG31-20030200','61-95','E87 118d   Suppression filter','');
insert into Diagram values('UG31-61_3026','UG31-20030200','61-95','E87 118d   Battery charger','');
insert into Diagram values('UG31-61_3244','UG31-20030200','61-95','E87 118d   Battery charger','');
insert into Diagram values('UG31-62_0471','UG31-20030200','62-05','E87 118d   Instrument cluster','');
insert into Diagram values('UG31-62_0561','UG31-20030200','62-95','E87 118d   Electronic log book','');
insert into Diagram values('UG31-63_0865','UG31-20030200','63-05','E87 118d   Headlight','');
insert into Diagram values('UG31-63_0874','UG31-20030200','63-05','E87 118d   Single components for headlight','');
insert into Diagram values('UG31-63_0875','UG31-20030200','63-05','E87 118d   Single parts, xenon headlight','');
insert into Diagram values('UG31-63_1067','UG31-20030200','63-05','E87 118d   SPARE BULBS BOX','');
insert into Diagram values('UG31-63_1363','UG31-20030200','63-05','E87 118d   BMW Performance Light','');
insert into Diagram values('UG31-63_1420','UG31-20030200','63-05','E87 118d   SPARE BULBS BOX','');
insert into Diagram values('UG31-63_0866','UG31-20030200','63-10','E87 118d   Additional turn indicator lamp','');
insert into Diagram values('UG31-63_0867','UG31-20030200','63-15','E87 118d   Fog lights','');
insert into Diagram values('UG31-63_0868','UG31-20030200','63-20','E87 118d   Rear light','');
insert into Diagram values('UG31-63_0869','UG31-20030200','63-25','E87 118d   Third stoplamp','');
insert into Diagram values('UG31-63_0870','UG31-20030200','63-30','E87 118d   VARIOUS LAMPS/SPARE BULBS BOX','');
insert into Diagram values('UG31-63_0871','UG31-20030200','63-30','E87 118d   Various lamps','');
insert into Diagram values('UG31-63_0904','UG31-20030200','63-95','E87 118d   INSTALLING SET FOG LAMPS','');
insert into Diagram values('UG31-63_0922','UG31-20030200','63-95','E87 118d   Install.kit, Xenon light','');
insert into Diagram values('UG31-63_0935','UG31-20030200','63-95','E87 118d   Retrofit kit rear light Black Line','');
insert into Diagram values('UG31-63_1050','UG31-20030200','63-95','E87 118d   Retrofit kit, tail lamps, Facelift LED','');
insert into Diagram values('UG31-63_1078','UG31-20030200','63-95','E87 118d   Retrofit kit cornering light','');
insert into Diagram values('UG31-63_1153','UG31-20030200','63-95','E87 118d   Flashlight, LED','');
insert into Diagram values('UG31-63_1289','UG31-20030200','63-95','E87 118d   Retrofit kit, LED daytime driving lights','');
insert into Diagram values('UG31-63_1322','UG31-20030200','63-95','E87 118d   LED interior light package','');
insert into Diagram values('UG31-63_1509','UG31-20030200','63-95','E87 118d   BMW LED luggage compartment lamp','');
insert into Diagram values('UG31-64_1440','UG31-20030200','64-05','E87 118d   AIR OUTLET','');
insert into Diagram values('UG31-64_1428','UG31-20030200','64-10','E87 118d   MICROFILTER/ACTIVATED CARBON CONTAINER','');
insert into Diagram values('UG31-64_1449','UG31-20030200','64-15','E87 118d   Heater radiator','');
insert into Diagram values('UG31-64_1774','UG31-20030200','64-15','E87 118d   Heater unit, Denso','');
insert into Diagram values('UG31-64_1778','UG31-20030200','64-15','E87 118d   Heater core up to 07/2006','');
insert into Diagram values('UG31-64_1779','UG31-20030200','64-15','E87 118d   Heater core from 07/2006 onward','');
insert into Diagram values('UG31-64_1780','UG31-20030200','64-15','E87 118d   Heater unit, Denso','');
insert into Diagram values('UG31-64_1781','UG31-20030200','64-15','E87 118d   Heater unit, Denso','');
insert into Diagram values('UG31-64_1446','UG31-20030200','64-18','E87 118d   Additional water pump/Water hose','');
insert into Diagram values('UG31-64_1442','UG31-20030200','64-20','E87 118d   HEATER CONTROL','');
insert into Diagram values('UG31-64_1443','UG31-20030200','64-20','E87 118d   Automatic air conditioning control','');
insert into Diagram values('UG31-64_1445','UG31-20030200','64-20','E87 118d   Air Conditioning Control','');
insert into Diagram values('UG31-64_1439','UG31-20030200','64-30','E87 118d   Evaporator / Expansion valve','');
insert into Diagram values('UG31-64_1451','UG31-20030200','64-35','E87 118d   Housing parts heater and air cond. Denso','');
insert into Diagram values('UG31-64_1452','UG31-20030200','64-35','E87 118d   Housing parts aut.air conditioning Valeo','');
insert into Diagram values('UG31-64_1455','UG31-20030200','64-35','E87 118d   Housing parts aut.air conditioning Denso','');
insert into Diagram values('UG31-64_1453','UG31-20030200','64-40','E87 118d   ELECTRIC PARTS FOR HEATER','');
insert into Diagram values('UG31-64_1454','UG31-20030200','64-40','E87 118d   ELECTRIC PARTS FOR AC UNIT','');
insert into Diagram values('UG31-64_1433','UG31-20030200','64-45','E87 118d   SENSOR F. AUC','');
insert into Diagram values('UG31-64_1434','UG31-20030200','64-45','E87 118d   Solar sensor','');
insert into Diagram values('UG31-64_1438','UG31-20030200','64-45','E87 118d   Condensation sensor','');
insert into Diagram values('UG31-64_1447','UG31-20030200','64-50','E87 118d   Air-conditioner compressor','');
insert into Diagram values('UG31-64_1429','UG31-20030200','64-55','E87 118d   Condenser air conditioning','');
insert into Diagram values('UG31-64_1431','UG31-20030200','64-60','E87 118d   Coolant lines','');
insert into Diagram values('UG31-64_1575','UG31-20030200','64-65','E87 118d   Spare parts,aux.heater,Opt.Eqmt/Accessor','');
insert into Diagram values('UG31-64_1319','UG31-20030200','64-95','E87 118d   Labels independent heating','');
insert into Diagram values('UG31-64_1444','UG31-20030200','64-95','E87 118d   INSTALLING SET AUTOMATIC AIR CONDITIONER','');
insert into Diagram values('UG31-64_1573','UG31-20030200','64-95','E87 118d   Install.kit, independent heater','');
insert into Diagram values('UG31-64_1855','UG31-20030200','64-95','E87 118d   Accessori e postmontaggi','');
insert into Diagram values('UG31-64_1441','UG31-20030200','64-99','E87 118d   DIVERSE SMALL PARTS','');
insert into Diagram values('UG31-65_0207','UG31-20030200','65-05','E87 118d   Earth strap for engine hood','');
insert into Diagram values('UG31-65_1472','UG31-20030200','65-05','E87 118d   Radio BMW Audio','');
insert into Diagram values('UG31-65_1473','UG31-20030200','65-05','E87 118d   Radio BMW Business CD','');
insert into DiagramParts values('UG31-65_1474-65129231059', 'UG31-65_1474', 02, 'Rotary knob', 'CHROM', 2, to_date('20100501','YYYYMMDD'), to_date('20100901','YYYYMMDD'), '65129231059', '', '', false);
insert into Diagram values('UG31-65_1474','UG31-20030200','65-05','E87 118d   Radio BMW Professional CD','');
insert into Diagram values('UG31-65_1475','UG31-20030200','65-05','E87 118d   Radio BMW Professional MD','');
insert into Diagram values('UG31-65_1476','UG31-20030200','65-05','E87 118d   M-Audio system controller','');
insert into Diagram values('UG31-65_1585','UG31-20030200','65-05','E87 118d   DAB tuner','');
insert into Diagram values('UG31-65_2440','UG31-20030200','65-05','E87 118d   DAB Retrofit','');
insert into Diagram values('UG31-65_1786','UG31-20030200','65-07','E87 118d   Auxiliary connection cable','');
insert into Diagram values('UG31-65_1471','UG31-20030200','65-10','E87 118d   CD Changer/Bracket','');
insert into DiagramParts values('UG31-65_1483-65136954877', 'UG31-65_1483', 01, 'Central bass, left', 'TOP-HIFI-SYSTEM', 1, to_date('20040801','YYYYMMDD'), to_date('20070301','YYYYMMDD'), '65136954877', '', 'ENDED', false);
insert into DiagramParts values('UG31-65_1483-65136954875', 'UG31-65_1483', 01, 'Central bass, left', 'HIFI-SYSTEM', 1, to_date('20040801','YYYYMMDD'), to_date('20070301','YYYYMMDD'), '65136954875', '', 'ENDED', false);
insert into DiagramParts values('UG31-65_1483-65136954871', 'UG31-65_1483', 01, 'Central bass, left', 'STEREO-SYSTEM', 1, to_date('20040801','YYYYMMDD'), to_date('20070301','YYYYMMDD'), '65136954871', '', 'ENDED', false);
insert into DiagramParts values('UG31-65_1483-65139143233', 'UG31-65_1483', 01, 'Central bass, left', 'STEREO-SYSTEM', 1, to_date('20040801','YYYYMMDD'), to_date('20090301','YYYYMMDD'), '65139143233', '', 'ENDED', false);
insert into DiagramParts values('UG31-65_1483-65139192461', 'UG31-65_1483', 01, 'Central bass, left', 'STEREO-SYSTEM', 1, to_date('20040801','YYYYMMDD'), to_date('20091101','YYYYMMDD'), '65139192461', '', 'ENDED', false);
insert into Diagram values('UG31-65_1483','UG31-20030200','65-20','E87 118d   Components central bass','');
insert into Diagram values('UG31-65_1484','UG31-20030200','65-20','E87 118d   SINGLE PARTS F FRONT DOOR LOUDSPEAKER','');
insert into Diagram values('UG31-65_1485','UG31-20030200','65-20','E87 118d   SINGLE PARTS F REAR HELF LOUDSPEAKER','');
insert into Diagram values('UG31-65_1489','UG31-20030200','65-22','E87 118d   Audio wiring harness','');
insert into Diagram values('UG31-65_1534','UG31-20030200','65-22','E87 118d   Universal aerial cable','');
insert into Diagram values('UG31-65_1469','UG31-20030200','65-25','E87 118d   amplifier / holder hifi system','');
insert into Diagram values('UG31-65_1470','UG31-20030200','65-25','E87 118d   Amplifier HiFi Prof. / Harman Kardon','');
insert into DiagramParts values('UG31-65_1486-07146961863', 'UG31-65_1486', 07, 'Sheet metal screw', 'ISA M5X12', 2, to_date('20060901','YYYYMMDD'), to_date('20070701','YYYYMMDD'), '07146961863', '', 'ENDED', false);
insert into Diagram values('UG31-65_1486','UG31-20030200','65-30','E87 118d   SINGLE PARTS F ANTENNA','');
insert into Diagram values('UG31-65_1788','UG31-20030200','65-30','E87 118d   Rod antenna SPORT','');
insert into Diagram values('UG31-65_1498','UG31-20030200','65-45','E87 118d   Controller','');
insert into Diagram values('UG31-65_1499','UG31-20030200','65-45','E87 118d   CCC CD','');
insert into Diagram values('UG31-65_1500','UG31-20030200','65-45','E87 118d   CCC MD/CD','');
insert into Diagram values('UG31-65_1501','UG31-20030200','65-45','E87 118d   Central information display','');
insert into Diagram values('UG31-65_1503','UG31-20030200','65-45','E87 118d   Single parts CCC','');
insert into Diagram values('UG31-65_1504','UG31-20030200','65-45','E87 118d   Coolant hose, CCC / CIC / MASK','');
insert into DiagramParts values('UG31-65_1724-65909112341', 'UG31-65_1724', 01, 'FSC JNav map 2007-1 initialization', 'ASAP', 1, to_date('20070301','YYYYMMDD'), to_date('20070901','YYYYMMDD'), '65909112341', '', 'ENDED', false);
insert into Diagram values('UG31-65_1724','UG31-20030200','65-50','E87 118d   Enable code for Japanese navigation','');
insert into Diagram values('UG31-65_1829','UG31-20030200','65-50','E87 118d   Bracket for Asian Navigation','');
insert into Diagram values('UG31-65_1976','UG31-20030200','65-50','E87 118d   DVD street map Navigation Option 609','');
insert into Diagram values('UG31-65_1978','UG31-20030200','65-50','E87 118d   DVD street map Navigation Option 606','');
insert into Diagram values('UG31-65_1487','UG31-20030200','65-60','E87 118d   Alarm systems','');
insert into Diagram values('UG31-65_1488','UG31-20030200','65-65','E87 118d   Electric parts for airbag','');
insert into Diagram values('UG31-65_1468','UG31-20030200','65-70','E87 118d   Temperature sensor','');
insert into Diagram values('UG31-65_1249','UG31-20030200','65-95','E87 118d   Retrofit kit, BMW Online','');
insert into Diagram values('UG31-65_1344','UG31-20030200','65-95','E87 118d   Replacement parts for radio navigation','');
insert into Diagram values('UG31-65_1513','UG31-20030200','65-95','E87 118d   Retrofit, CD changer','');
insert into Diagram values('UG31-65_1537','UG31-20030200','65-95','E87 118d   INSTALLATION KIT ALARM SYSTEM','');
insert into Diagram values('UG31-65_1541','UG31-20030200','65-95','E87 118d   Replacement parts for radio navigation','');
insert into Diagram values('UG31-65_1658','UG31-20030200','65-95','E87 118d   DVB-T Set-top box','');
insert into Diagram values('UG31-65_1814','UG31-20030200','65-95','E87 118d   Retrofit kit USB/iPod connection','');
insert into Diagram values('UG31-65_1825','UG31-20030200','65-95','E87 118d   iPod connection retrofit kit','');
insert into Diagram values('UG31-65_1894','UG31-20030200','65-95','E87 118d   Hifi system, Alpine','');
insert into Diagram values('UG31-65_1901','UG31-20030200','65-95','E87 118d   Navigation Portable Plus/Pro/HD Traffic','');
insert into Diagram values('UG31-65_1902','UG31-20030200','65-95','E87 118d   GPS, portable, street map','');
insert into Diagram values('UG31-65_1903','UG31-20030200','65-95','E87 118d   iPod connection retrofit kit','');
insert into Diagram values('UG31-65_1924','UG31-20030200','65-95','E87 118d   Navigation Portable accessories','');
insert into Diagram values('UG31-65_1989','UG31-20030200','65-95','E87 118d   Tracking Products','');
insert into Diagram values('UG31-65_2038','UG31-20030200','65-95','E87 118d   DVD system Tablet','');
insert into Diagram values('UG31-65_2079','UG31-20030200','65-95','E87 118d   Smartnav','');
insert into Diagram values('UG31-65_2271','UG31-20030200','65-95','E87 118d   Charger adapter for Apple iPod / iPhone','');
insert into Diagram values('UG31-65_2422','UG31-20030200','65-95','E87 118d   Cable adapter for Apple iPod / iPhone','');
insert into Diagram values('UG31-65_2434','UG31-20030200','65-95','E87 118d   DVD System Tablet Single','');
insert into Diagram values('UG31-65_2515','UG31-20030200','65-95','E87 118d   Navigation &apos;Portable&apos; with Design holder','');
insert into Diagram values('UG31-65_2520','UG31-20030200','65-95','E87 118d   BMW USB charger','');
insert into Diagram values('UG31-65_2522','UG31-20030200','65-95','E87 118d   Cable adapter, devices with Micro USB','');
insert into Diagram values('UG31-66_0114','UG31-20030200','66-05','E87 118d   Ignition lock of remote control','');
insert into Diagram values('UG31-66_0115','UG31-20030200','66-05','E87 118d   Park Distance Control (PDC)','');
insert into Diagram values('UG31-66_0229','UG31-20030200','66-05','E87 118d   Ultrasonic-sensor','');
insert into Diagram values('UG31-66_0110','UG31-20030200','66-95','E87 118d   Retrofit kit PDC II','');
insert into Diagram values('UG31-66_0120','UG31-20030200','66-95','E87 118d   Retrofit kit PDC, rear','');
insert into Diagram values('UG31-66_0121','UG31-20030200','66-95','E87 118d   Retrofit kit PDC, front and rear','');
insert into Diagram values('UG31-66_0122','UG31-20030200','66-95','E87 118d   Front PDC upgrade','');
insert into Diagram values('UG31-66_0128','UG31-20030200','66-95','E87 118d   Dynamic cruise control retrofit','');
insert into Diagram values('UG31-66_0130','UG31-20030200','66-95','E87 118d   Retrofit multi-functional steering wheel','');
insert into Diagram values('UG31-66_0188','UG31-20030200','66-95','E87 118d   Park Distance Control universale sonoro','');
insert into Diagram values('UG31-71_0385','UG31-20030200','71-03','E87 118d   LABEL "TIRE PRESSURE"','');
insert into Diagram values('UG31-71_0537','UG31-20030200','71-03','E87 118d   Various notice stickers','');
insert into Diagram values('UG31-71_0568','UG31-20030200','71-03','E87 118d   Instruction notice, Airbag','');
insert into Diagram values('UG31-71_0619','UG31-20030200','71-03','E87 118d   Label, coolant','');
insert into Diagram values('UG31-71_0388','UG31-20030200','71-05','E87 118d   Warning triangle/First aid kit/-cushion','');
insert into Diagram values('UG31-71_0389','UG31-20030200','71-05','E87 118d   Car tool','');
insert into Diagram values('UG31-71_0717','UG31-20030200','71-05','E87 118d   Set of lifting jack','');
insert into Diagram values('UG31-71_0338','UG31-20030200','71-10','E87 118d   electric parts, towing hitch','');
insert into Diagram values('UG31-71_0396','UG31-20030200','71-10','E87 118d   Towing hitch, detachable','');
insert into Diagram values('UG31-71_0384','UG31-20030200','71-95','E87 118d   Retrofit kit, towing hitch','');
insert into Diagram values('UG31-71_0400','UG31-20030200','71-95','E87 118d   Set of lifting jack','');
insert into Diagram values('UG31-71_0434','UG31-20030200','71-95','E87 118d   Tire Mobility Set','');
insert into Diagram values('UG31-71_0494','UG31-20030200','71-95','E87 118d   Retrofit kit, towing hitch','');
insert into Diagram values('UG31-71_0513','UG31-20030200','71-95','E87 118d   Twin electrics, caravan leads','');
insert into Diagram values('UG31-72_0524','UG31-20030200','72-03','E87 118d   Air bag','');
insert into Diagram values('UG31-72_0521','UG31-20030200','72-05','E87 118d   Safety belt front','');
insert into Diagram values('UG31-72_0522','UG31-20030200','72-05','E87 118d   FRONT SAFETY BELT MOUNTING PARTS','');
insert into Diagram values('UG31-72_0523','UG31-20030200','72-05','E87 118d   SAFETY BELT REAR','');
insert into Diagram values('UG31-72_0461','UG31-20030200','72-95','E87 118d   Storage compartment module','');
insert into Diagram values('UG31-72_0462','UG31-20030200','72-95','E87 118d   Cup holder-module','');
insert into Diagram values('UG31-72_0591','UG31-20030200','72-95','E87 118d   Tow bar','');
insert into Diagram values('UG31-72_0598','UG31-20030200','72-95','E87 118d   TOW ROPE','');
insert into Diagram values('UG31-72_0603','UG31-20030200','72-95','E87 118d   Fire extinguisher','');
insert into Diagram values('UG31-72_0744','UG31-20030200','72-95','E87 118d   Emergency bag','');
insert into Diagram values('UG31-36_0938','UG31-20030200','82-14','E87 118d   Snow chains','');
insert into Diagram values('UG31-82_1073','UG31-20030200','82-26','E87 118d   Universal coat hanger','');
insert into Diagram values('UG31-82_1261','UG31-20030200','82-26','E87 118d   Clean Bag','');
insert into Diagram values('UG31-82_1308','UG31-20030200','82-26','E87 118d   Shoe case','');
insert into Diagram values('UG31-82_1309','UG31-20030200','82-26','E87 118d   Multimedia case','');
insert into Diagram values('UG31-82_1311','UG31-20030200','82-26','E87 118d   Driver utility set','');
insert into Diagram values('UG31-82_1171','UG31-20030200','82-31','E87 118d   BMW buggy chrome-marine with accessories','');
insert into Diagram values('UG31-82_1181','UG31-20030200','82-31','E87 118d   BMW Junior Seat I-II','');
insert into Diagram values('UG31-82_1186','UG31-20030200','82-31','E87 118d   BMW Baby Seat 0+','');
insert into Diagram values('UG31-82_1187','UG31-20030200','82-31','E87 118d   BMW Junior Seat I-II Isofix','');
insert into Diagram values('UG31-82_1189','UG31-20030200','82-31','E87 118d   BMW Baby Seat 0+ Isofix','');
insert into Diagram values('UG31-82_1237','UG31-20030200','82-31','E87 118d   Dog harness','');
insert into Diagram values('UG31-82_1276','UG31-20030200','82-31','E87 118d   BMW Junior Seat II-III','');
insert into Diagram values('UG31-82_1305','UG31-20030200','82-31','E87 118d   BMW Junior Seat III','');
insert into Diagram values('UG31-82_1198','UG31-20030200','82-44','E87 118d   Cover','');
insert into Diagram values('UG31-82_1236','UG31-20030200','82-44','E87 118d   Mud flaps','');
insert into Diagram values('UG31-82_1251','UG31-20030200','82-44','E87 118d   Cover hood windshield/side window','');
insert into Diagram values('UG31-82_0116','UG31-20030200','82-51','E87 118d   Universal support','');
insert into Diagram values('UG31-82_0122','UG31-20030200','82-51','E87 118d   Touring bicycle holder','');
insert into Diagram values('UG31-82_0123','UG31-20030200','82-51','E87 118d   RACK FOR RACING BICYCLE','');
insert into Diagram values('UG31-82_0124','UG31-20030200','82-51','E87 118d   Luggage basket','');
insert into Diagram values('UG31-82_0125','UG31-20030200','82-51','E87 118d   Bicycle lift','');
insert into Diagram values('UG31-82_0245','UG31-20030200','82-51','E87 118d   SUPPORT SNOWBOARD','');
insert into Diagram values('UG31-82_0281','UG31-20030200','82-51','E87 118d   Touring bicycle holder','');
insert into Diagram values('UG31-82_0283','UG31-20030200','82-51','E87 118d   Surfboard rack','');
insert into Diagram values('UG31-82_0284','UG31-20030200','82-51','E87 118d   Standard ski carrier for 6 pairs of skis','');
insert into Diagram values('UG31-82_0364','UG31-20030200','82-51','E87 118d   SKI/SNOWBOARD SET','');
insert into Diagram values('UG31-82_0501','UG31-20030200','82-51','E87 118d   ki and luggage box','');
insert into Diagram values('UG31-82_0502','UG31-20030200','82-51','E87 118d   Luggage box','');
insert into Diagram values('UG31-82_0594','UG31-20030200','82-51','E87 118d   Komfort ski holder','');
insert into Diagram values('UG31-82_0845','UG31-20030200','82-51','E87 118d   Standard ski holder, for 4 pairs of ski','');
insert into Diagram values('UG31-82_1157','UG31-20030200','82-51','E87 118d   Bicycle carrier, trailer coupling','');
insert into Diagram values('UG31-82_1175','UG31-20030200','82-51','E87 118d   Touring bicycle holder','');
insert into Diagram values('UG31-82_1178','UG31-20030200','82-51','E87 118d   Roof box','');
insert into Diagram values('UG31-82_1230','UG31-20030200','82-51','E87 118d   Rack support','');
insert into Diagram values('UG31-82_1234','UG31-20030200','82-51','E87 118d   Roof box','');
insert into Diagram values('UG31-82_1244','UG31-20030200','82-51','E87 118d   Racing bike rack','');
insert into Diagram values('UG31-82_1250','UG31-20030200','82-51','E87 118d   Roof box','');
insert into Diagram values('UG31-82_1268','UG31-20030200','82-51','E87 118d   Ski/snowboard holder','');
insert into Diagram values('UG31-82_1277','UG31-20030200','82-51','E87 118d   Rear carrier ECE','');
insert into Diagram values('UG31-82_1282','UG31-20030200','82-51','E87 118d   Rear carrier ski/snowboard holder','');
insert into Diagram values('UG31-82_1295','UG31-20030200','82-51','E87 118d   Roof rack systems','');
insert into Diagram values('UG31-82_1364','UG31-20030200','82-51','E87 118d   Bicycle carrier, trailer coupling','');
insert into Diagram values('UG31-82_1460','UG31-20030200','82-51','E87 118d   Roof rack systems','');
insert into Diagram values('UG31-82_1476','UG31-20030200','82-51','E87 118d   Roof-mounted container 320 LCI','');
insert into Diagram values('UG31-82_1551','UG31-20030200','82-51','E87 118d   Bicycle carrier, trailer coupling','');
insert into Diagram values('UG31-82_1567','UG31-20030200','82-51','E87 118d   Bicycle carrier, trailer coupling','');
insert into Diagram values('UG31-82_1589','UG31-20030200','82-51','E87 118d   Racing bike rack','');
insert into Diagram values('UG31-82_0926','UG31-20030200','82-52','E87 118d   Adapter (universal lift) for hood','');
insert into Diagram values('UG31-82_0102','UG31-20030200','82-81','E87 118d   Universal hoist','');
insert into Diagram values('UG31-83_0579','UG31-20030200','83-01','E87 118d   Rugzak','');
insert into Diagram values('UG31-83_0311','UG31-20030200','83-24','E87 118d   Paint protection foil E87','');
insert into Diagram values('UG31-84_0767','UG31-20030200','84-10','E87 118d   Starter package, cell phone Nokia 6303c','');
insert into Diagram values('UG31-84_0850','UG31-20030200','84-10','E87 118d   ASSY COMBOX TELEMATIC ECE','');
insert into Diagram values('UG31-84_0658','UG31-20030200','84-20','E87 118d   Single parts, SA 644 center console','');
insert into Diagram values('UG31-84_0659','UG31-20030200','84-20','E87 118d   Single parts, SA 644, trunk','');
insert into Diagram values('UG31-84_0673','UG31-20030200','84-20','E87 118d   Single parts, SA 633, center console','');
insert into Diagram values('UG31-84_0704','UG31-20030200','84-20','E87 118d   Single parts SA 633, trunk','');
insert into Diagram values('UG31-84_0758','UG31-20030200','84-20','E87 118d   Single parts, option 6NF center console','');
insert into Diagram values('UG31-84_0657','UG31-20030200','84-30','E87 118d   Single parts f hands-free facility','');
insert into Diagram values('UG31-84_0694','UG31-20030200','84-30','E87 118d   Single parts f hands-free fac. Bluetooth','');
insert into Diagram values('UG31-84_0639','UG31-20030200','84-95','E87 118d   Bluetooth SA644 hands-free retrofit kit','');
insert into Diagram values('UG31-84_0669','UG31-20030200','84-95','E87 118d   Retrofit kit hands-free facil. Bluetooth','');
insert into Diagram values('UG31-84_0678','UG31-20030200','84-95','E87 118d   Retrofit kit, voice input','');
insert into Diagram values('UG31-84_0711','UG31-20030200','84-95','E87 118d   Car phone for Japan','');
insert into Diagram values('UG31-84_0713','UG31-20030200','84-95','E87 118d   Retrofit kit for UNI hands-free system','');
insert into Diagram values('UG31-84_0714','UG31-20030200','84-95','E87 118d   Cell phone cradles,Universal hands-free','');
insert into Diagram values('UG31-84_0730','UG31-20030200','84-95','E87 118d   Stolen Vehicle Tracking - TPA','');
insert into Diagram values('UG31-84_0732','UG31-20030200','84-95','E87 118d   Upgrade kit hands-free Bluetooth OPT644','');
insert into Diagram values('UG31-84_0741','UG31-20030200','84-95','E87 118d   Base hands-free system with Bluetooth','');
insert into Diagram values('UG31-84_0778','UG31-20030200','84-95','E87 118d   BMW Bluetooth headset','');
insert into Diagram values('UG31-84_0867','UG31-20030200','84-95','E87 118d   BMW Car Hotspot','');
insert into Diagram values('UG31-84_0895','UG31-20030200','84-95','E87 118d   BMW station fr Apple iPhone','');
insert into Diagram values('UG31-84_0897','UG31-20030200','84-95','E87 118d   Snap-in adapter for Apple devices','');
insert into Diagram values('UG31-84_0906','UG31-20030200','84-95','E87 118d   Snap-in adapter, SONY ERICSSON devices','');
insert into Diagram values('UG31-84_0907','UG31-20030200','84-95','E87 118d   Snap-in adapter for NOKIA devices','');
insert into Diagram values('UG31-84_0908','UG31-20030200','84-95','E87 118d   Snap-in adapter for SIEMENS devices','');
insert into Diagram values('UG31-84_0909','UG31-20030200','84-95','E87 118d   Snap-in adapter for MOTOROLA devices','');
insert into Diagram values('UG31-84_0910','UG31-20030200','84-95','E87 118d   Snap-in adapter, BlackBerry/RIM devices','');
insert into Diagram values('UG31-84_0930','UG31-20030200','84-95','E87 118d   Smartphone cradle','');
insert into Diagram values('UG31-84_0931','UG31-20030200','84-95','E87 118d   BMW Car Hotspot LTE','');
insert into Diagram values('UG31-85_0001','UG31-20030200','85-45','E87 118d   Winter tires','');
insert into Diagram values('UG31-85_0028','UG31-20030200','85-45','E87 118d   Summer tires','');
insert into Diagram values('UG31-88_0052','UG31-20030200','88-80','E87 118d   Emergency bag','');
insert into ProdCodeDate values('UG31-20030200','UG31',to_date('20030201','YYYYMMDD'));
insert into ProdCodeDate values('UG31-20031100','UG31',to_date('20031101','YYYYMMDD'));
insert into ProdCodeDate values('UG31-20031100','UG31',to_date('20031101','YYYYMMDD'));
insert into ProdCodeDate values('UG31-20031200','UG31',to_date('20031201','YYYYMMDD'));
insert into ProdCodeDate values('UG31-20031200','UG31',to_date('20031201','YYYYMMDD'));
insert into ProdCodeDate values('UG31-20040100','UG31',to_date('20040101','YYYYMMDD'));
insert into ProdCode values('UG32','118d','SH','E87','ECE','M47N2','R','01/2004 E87 118d 5 doors M47N2 Europe Right hand drive ');
insert into ProdCodeDate values('UG32-20040100','UG32',to_date('20040101','YYYYMMDD'));
insert into Diagram values('UG32-01_0206','UG32-20040100','01-05','E87 118d   BMW care tips','');
insert into DiagramParts values('UG32-01_0689-01400159973', 'UG32-01_0689', 01, 'Owner&apos;s handbook E87 without iDrive', 'DE, MJ 2006', 1, to_date('20050901','YYYYMMDD'), to_date('20060901','YYYYMMDD'), '01400159973', '', '', false);
insert into DiagramParts values('UG32-01_0689-01400012852', 'UG32-01_0689', 01, 'Owner&apos;s handbook E87 without iDrive', 'DE, MJ 2007', 1, to_date('20060901','YYYYMMDD'), to_date('20070301','YYYYMMDD'), '01400012852', '', '', false);
insert into DiagramParts values('UG32-01_0689-01410158975', 'UG32-01_0689', 02, 'Owner&apos;s handbook E87 without iDrive', 'EN, MJ 2005', 1, to_date('20040601','YYYYMMDD'), to_date('20050901','YYYYMMDD'), '01410158975', '', '', false);
insert into DiagramParts values('UG32-01_0689-01410159974', 'UG32-01_0689', 02, 'Owner&apos;s handbook E87 without iDrive', 'EN, MJ 2006', 1, to_date('20050901','YYYYMMDD'), to_date('20060901','YYYYMMDD'), '01410159974', '', '', false);
insert into DiagramParts values('UG32-01_0689-01410012853', 'UG32-01_0689', 02, 'Owner&apos;s handbook E87 without iDrive', 'EN, MJ 2007', 1, to_date('20060901','YYYYMMDD'), to_date('20070301','YYYYMMDD'), '01410012853', '', '', false);
insert into DiagramParts values('UG32-01_0689-01420158976', 'UG32-01_0689', 03, 'Owner&apos;s handbook E87 without iDrive', 'FR, MJ 2005', 1, to_date('20040601','YYYYMMDD'), to_date('20050901','YYYYMMDD'), '01420158976', '', '', false);
insert into DiagramParts values('UG32-01_0689-01420159975', 'UG32-01_0689', 03, 'Owner&apos;s handbook E87 without iDrive', 'FR, MJ 2006', 1, to_date('20050901','YYYYMMDD'), to_date('20060901','YYYYMMDD'), '01420159975', '', '', false);
insert into DiagramParts values('UG32-01_0689-01420012854', 'UG32-01_0689', 03, 'Owner&apos;s handbook E87 without iDrive', 'FR, MJ 2007', 1, to_date('20060901','YYYYMMDD'), to_date('20070301','YYYYMMDD'), '01420012854', '', '', false);
insert into DiagramParts values('UG32-01_0689-01430158977', 'UG32-01_0689', 04, 'Owner&apos;s handbook E87 without iDrive', 'ES, MJ 2005', 1, to_date('20040601','YYYYMMDD'), to_date('20050901','YYYYMMDD'), '01430158977', '', '', false);
insert into DiagramParts values('UG32-01_0689-01430159976', 'UG32-01_0689', 04, 'Owner&apos;s handbook E87 without iDrive', 'ES, MJ 2006', 1, to_date('20050901','YYYYMMDD'), to_date('20060901','YYYYMMDD'), '01430159976', '', '', false);
insert into DiagramParts values('UG32-01_0689-01430012855', 'UG32-01_0689', 04, 'Owner&apos;s handbook E87 without iDrive', 'ES, MJ 2007', 1, to_date('20060901','YYYYMMDD'), to_date('20070301','YYYYMMDD'), '01430012855', '', '', false);
insert into DiagramParts values('UG32-01_0689-01440158978', 'UG32-01_0689', 05, 'Owner&apos;s handbook E87 without iDrive', 'IT, MJ 2005', 1, to_date('20040601','YYYYMMDD'), to_date('20050901','YYYYMMDD'), '01440158978', '', '', false);
insert into DiagramParts values('UG32-01_0689-01440159977', 'UG32-01_0689', 05, 'Owner&apos;s handbook E87 without iDrive', 'IT, MJ 2006', 1, to_date('20050901','YYYYMMDD'), to_date('20060901','YYYYMMDD'), '01440159977', '', '', false);
insert into DiagramParts values('UG32-01_0689-01440012856', 'UG32-01_0689', 05, 'Owner&apos;s handbook E87 without iDrive', 'IT, MJ 2007', 1, to_date('20060901','YYYYMMDD'), to_date('20070301','YYYYMMDD'), '01440012856', '', '', false);
insert into DiagramParts values('UG32-01_0689-01450158979', 'UG32-01_0689', 06, 'Owner&apos;s handbook E87 without iDrive', 'SV, MJ 2005', 1, to_date('20040601','YYYYMMDD'), to_date('20050901','YYYYMMDD'), '01450158979', '', '', false);
insert into DiagramParts values('UG32-01_0689-01450159978', 'UG32-01_0689', 06, 'Owner&apos;s handbook E87 without iDrive', 'SV, MJ 2006', 1, to_date('20050901','YYYYMMDD'), to_date('20060901','YYYYMMDD'), '01450159978', '', '', false);
insert into DiagramParts values('UG32-01_0689-01450012857', 'UG32-01_0689', 06, 'Owner&apos;s handbook E87 without iDrive', 'SV, MJ 2007', 1, to_date('20060901','YYYYMMDD'), to_date('20070301','YYYYMMDD'), '01450012857', '', '', false);
insert into DiagramParts values('UG32-01_0689-01460158980', 'UG32-01_0689', 07, 'Owner&apos;s handbook E87 without iDrive', 'NL, MJ 2005', 1, to_date('20040601','YYYYMMDD'), to_date('20050901','YYYYMMDD'), '01460158980', '', '', false);
insert into DiagramParts values('UG32-01_0689-01460159979', 'UG32-01_0689', 07, 'Owner&apos;s handbook E87 without iDrive', 'NL, MJ 2006', 1, to_date('20050901','YYYYMMDD'), to_date('20060901','YYYYMMDD'), '01460159979', '', '', false);
insert into DiagramParts values('UG32-01_0689-01460012858', 'UG32-01_0689', 07, 'Owner&apos;s handbook E87 without iDrive', 'NL, MJ 2007', 1, to_date('20060901','YYYYMMDD'), to_date('20070301','YYYYMMDD'), '01460012858', '', '', false);
insert into DiagramParts values('UG32-01_0689-01470158981', 'UG32-01_0689', 08, 'Owner&apos;s handbook E87 without iDrive', 'AR, MJ 2005', 1, to_date('20040601','YYYYMMDD'), to_date('20050901','YYYYMMDD'), '01470158981', '', '', false);
insert into DiagramParts values('UG32-01_0689-01470159980', 'UG32-01_0689', 08, 'Owner&apos;s handbook E87 without iDrive', 'AR, MJ 2006', 1, to_date('20050901','YYYYMMDD'), to_date('20060901','YYYYMMDD'), '01470159980', '', '', false);
insert into DiagramParts values('UG32-01_0689-01470012859', 'UG32-01_0689', 08, 'Owner&apos;s handbook E87 without iDrive', 'AR, MJ 2007', 1, to_date('20060901','YYYYMMDD'), to_date('20070301','YYYYMMDD'), '01470012859', '', '', false);
insert into DiagramParts values('UG32-01_0689-01480158982', 'UG32-01_0689', 09, 'Owner&apos;s handbook E87 without iDrive', 'DA, MJ 2005', 1, to_date('20040601','YYYYMMDD'), to_date('20050901','YYYYMMDD'), '01480158982', '', '', false);
insert into DiagramParts values('UG32-01_0689-01480159981', 'UG32-01_0689', 09, 'Owner&apos;s handbook E87 without iDrive', 'DA, MJ 2006', 1, to_date('20050901','YYYYMMDD'), to_date('20060901','YYYYMMDD'), '01480159981', '', '', false);
insert into DiagramParts values('UG32-01_0689-01480012860', 'UG32-01_0689', 09, 'Owner&apos;s handbook E87 without iDrive', 'DA, MJ 2007', 1, to_date('20060901','YYYYMMDD'), to_date('20070301','YYYYMMDD'), '01480012860', '', '', false);
insert into DiagramParts values('UG32-01_0689-01490158983', 'UG32-01_0689', 10, 'Owner&apos;s handbook E87 without iDrive', 'PT, MJ 2005', 1, to_date('20040601','YYYYMMDD'), to_date('20050901','YYYYMMDD'), '01490158983', '', '', false);
insert into DiagramParts values('UG32-01_0689-01490159982', 'UG32-01_0689', 10, 'Owner&apos;s handbook E87 without iDrive', 'PT, MJ 2006', 1, to_date('20050901','YYYYMMDD'), to_date('20060901','YYYYMMDD'), '01490159982', '', '', false);
insert into DiagramParts values('UG32-01_0689-01490012861', 'UG32-01_0689', 10, 'Owner&apos;s handbook E87 without iDrive', 'PT, MJ 2007', 1, to_date('20060901','YYYYMMDD'), to_date('20070301','YYYYMMDD'), '01490012861', '', '', false);
insert into DiagramParts values('UG32-01_0689-01490158985', 'UG32-01_0689', 13, 'Owner&apos;s handbook E87 without iDrive', 'EL, MJ 2005', 1, to_date('20040601','YYYYMMDD'), to_date('20050901','YYYYMMDD'), '01490158985', '', '', false);
insert into DiagramParts values('UG32-01_0689-01490159983', 'UG32-01_0689', 13, 'Owner&apos;s handbook E87 without iDrive', 'EL, MJ 2006', 1, to_date('20050901','YYYYMMDD'), to_date('20060901','YYYYMMDD'), '01490159983', '', '', false);
insert into DiagramParts values('UG32-01_0689-01490012862', 'UG32-01_0689', 13, 'Owner&apos;s handbook E87 without iDrive', 'EL, MJ 2007', 1, to_date('20060901','YYYYMMDD'), to_date('20070301','YYYYMMDD'), '01490012862', '', '', false);
insert into Diagram values('UG32-01_0689','UG32-20040100','01-05','E87 118d   Owner&apos;s manual for E81, E87 w/o iDrive','');
insert into DiagramParts values('UG32-01_0690-01400159984', 'UG32-01_0690', 01, 'Owner&apos;s handbook E87 with iDrive', 'DE, MJ 2006', 1, to_date('20050901','YYYYMMDD'), to_date('20060901','YYYYMMDD'), '01400159984', '', '', false);
insert into DiagramParts values('UG32-01_0690-01400012915', 'UG32-01_0690', 01, 'Owner&apos;s handbook E87 with iDrive', 'DE, MJ 2007', 1, to_date('20060901','YYYYMMDD'), to_date('20070301','YYYYMMDD'), '01400012915', '', '', false);
insert into DiagramParts values('UG32-01_0690-01410159496', 'UG32-01_0690', 02, 'Owner&apos;s handbook E87 with iDrive', 'EN, MJ 2005', 1, to_date('20040601','YYYYMMDD'), to_date('20050901','YYYYMMDD'), '01410159496', '', '', false);
insert into DiagramParts values('UG32-01_0690-01410159985', 'UG32-01_0690', 02, 'Owner&apos;s handbook E87 with iDrive', 'EN, MJ 2006', 1, to_date('20050901','YYYYMMDD'), to_date('20060901','YYYYMMDD'), '01410159985', '', '', false);
insert into DiagramParts values('UG32-01_0690-01410012916', 'UG32-01_0690', 02, 'Owner&apos;s handbook E87 with iDrive', 'EN, MJ 2007', 1, to_date('20060901','YYYYMMDD'), to_date('20070301','YYYYMMDD'), '01410012916', '', '', false);
insert into DiagramParts values('UG32-01_0690-01420159497', 'UG32-01_0690', 03, 'Owner&apos;s handbook E87 with iDrive', 'FR, MJ 2005', 1, to_date('20040601','YYYYMMDD'), to_date('20050901','YYYYMMDD'), '01420159497', '', '', false);
insert into DiagramParts values('UG32-01_0690-01420159986', 'UG32-01_0690', 03, 'Owner&apos;s handbook E87 with iDrive', 'FR, MJ 2006', 1, to_date('20050901','YYYYMMDD'), to_date('20060901','YYYYMMDD'), '01420159986', '', '', false);
insert into DiagramParts values('UG32-01_0690-01420012917', 'UG32-01_0690', 03, 'Owner&apos;s handbook E87 with iDrive', 'FR, MJ 2007', 1, to_date('20060901','YYYYMMDD'), to_date('20070301','YYYYMMDD'), '01420012917', '', '', false);
insert into DiagramParts values('UG32-01_0690-01430159498', 'UG32-01_0690', 04, 'Owner&apos;s handbook E87 with iDrive', 'ES, MJ 2005', 1, to_date('20040601','YYYYMMDD'), to_date('20050901','YYYYMMDD'), '01430159498', '', '', false);
insert into DiagramParts values('UG32-01_0690-01430159987', 'UG32-01_0690', 04, 'Owner&apos;s handbook E87 with iDrive', 'ES, MJ 2006', 1, to_date('20050901','YYYYMMDD'), to_date('20060901','YYYYMMDD'), '01430159987', '', '', false);
insert into DiagramParts values('UG32-01_0690-01430012918', 'UG32-01_0690', 04, 'Owner&apos;s handbook E87 with iDrive', 'ES, MJ 2007', 1, to_date('20060901','YYYYMMDD'), to_date('20070301','YYYYMMDD'), '01430012918', '', '', false);
insert into DiagramParts values('UG32-01_0690-01440159499', 'UG32-01_0690', 05, 'Owner&apos;s handbook E87 with iDrive', 'IT, MJ 2005', 1, to_date('20040601','YYYYMMDD'), to_date('20050901','YYYYMMDD'), '01440159499', '', '', false);
insert into DiagramParts values('UG32-01_0690-01440159988', 'UG32-01_0690', 05, 'Owner&apos;s handbook E87 with iDrive', 'IT, MJ 2006', 1, to_date('20050901','YYYYMMDD'), to_date('20060901','YYYYMMDD'), '01440159988', '', '', false);
insert into DiagramParts values('UG32-01_0690-01440012919', 'UG32-01_0690', 05, 'Owner&apos;s handbook E87 with iDrive', 'IT, MJ 2007', 1, to_date('20060901','YYYYMMDD'), to_date('20070301','YYYYMMDD'), '01440012919', '', '', false);
insert into DiagramParts values('UG32-01_0690-01450159500', 'UG32-01_0690', 06, 'Owner&apos;s handbook E87 with iDrive', 'SV, MJ 2005', 1, to_date('20040601','YYYYMMDD'), to_date('20050901','YYYYMMDD'), '01450159500', '', '', false);
insert into DiagramParts values('UG32-01_0690-01450159989', 'UG32-01_0690', 06, 'Owner&apos;s handbook E87 with iDrive', 'SV, MJ 2006', 1, to_date('20050901','YYYYMMDD'), to_date('20060901','YYYYMMDD'), '01450159989', '', '', false);
insert into DiagramParts values('UG32-01_0690-01450012920', 'UG32-01_0690', 06, 'Owner&apos;s handbook E87 with iDrive', 'SV, MJ 2007', 1, to_date('20060901','YYYYMMDD'), to_date('20070301','YYYYMMDD'), '01450012920', '', '', false);
insert into DiagramParts values('UG32-01_0690-01460159501', 'UG32-01_0690', 07, 'Owner&apos;s handbook E87 with iDrive', 'NL, MJ 2005', 1, to_date('20040601','YYYYMMDD'), to_date('20050901','YYYYMMDD'), '01460159501', '', '', false);
insert into DiagramParts values('UG32-01_0690-01460159990', 'UG32-01_0690', 07, 'Owner&apos;s handbook E87 with iDrive', 'NL, MJ 2006', 1, to_date('20050901','YYYYMMDD'), to_date('20060901','YYYYMMDD'), '01460159990', '', '', false);
insert into DiagramParts values('UG32-01_0690-01460012921', 'UG32-01_0690', 07, 'Owner&apos;s handbook E87 with iDrive', 'NL, MJ 2007', 1, to_date('20060901','YYYYMMDD'), to_date('20070301','YYYYMMDD'), '01460012921', '', '', false);
insert into DiagramParts values('UG32-01_0690-01470159502', 'UG32-01_0690', 08, 'Owner&apos;s handbook E87 with iDrive', 'AR, MJ 2005', 1, to_date('20040601','YYYYMMDD'), to_date('20050901','YYYYMMDD'), '01470159502', '', '', false);
insert into DiagramParts values('UG32-01_0690-01470159991', 'UG32-01_0690', 08, 'Owner&apos;s handbook E87 with iDrive', 'AR, MJ 2006', 1, to_date('20050901','YYYYMMDD'), to_date('20060901','YYYYMMDD'), '01470159991', '', '', false);
insert into DiagramParts values('UG32-01_0690-01470012922', 'UG32-01_0690', 08, 'Owner&apos;s handbook E87 with iDrive', 'AR, MJ 2007', 1, to_date('20060901','YYYYMMDD'), to_date('20070301','YYYYMMDD'), '01470012922', '', '', false);
insert into DiagramParts values('UG32-01_0690-01480012923', 'UG32-01_0690', 08, 'Owner&apos;s handbook E87 with iDrive', 'DA, MJ 2007', 1, to_date('20060901','YYYYMMDD'), to_date('20070301','YYYYMMDD'), '01480012923', '', '', false);
insert into DiagramParts values('UG32-01_0690-01480159503', 'UG32-01_0690', 09, 'Owner&apos;s handbook E87 with iDrive', 'DA, MJ 2005', 1, to_date('20040601','YYYYMMDD'), to_date('20050901','YYYYMMDD'), '01480159503', '', '', false);
insert into DiagramParts values('UG32-01_0690-01480159992', 'UG32-01_0690', 09, 'Owner&apos;s handbook E87 with iDrive', 'DA, MJ 2006', 1, to_date('20050901','YYYYMMDD'), to_date('20060901','YYYYMMDD'), '01480159992', '', '', false);
insert into DiagramParts values('UG32-01_0690-01490159504', 'UG32-01_0690', 10, 'Owner&apos;s handbook E87 with iDrive', 'PT, MJ 2005', 1, to_date('20040601','YYYYMMDD'), to_date('20050901','YYYYMMDD'), '01490159504', '', '', false);
insert into DiagramParts values('UG32-01_0690-01490159993', 'UG32-01_0690', 10, 'Owner&apos;s handbook E87 with iDrive', 'PT, MJ 2006', 1, to_date('20050901','YYYYMMDD'), to_date('20060901','YYYYMMDD'), '01490159993', '', '', false);
insert into DiagramParts values('UG32-01_0690-01490012924', 'UG32-01_0690', 10, 'Owner&apos;s handbook E87 with iDrive', 'PT, MJ 2007', 1, to_date('20060901','YYYYMMDD'), to_date('20070301','YYYYMMDD'), '01490012924', '', '', false);
insert into DiagramParts values('UG32-01_0690-01490159505', 'UG32-01_0690', 13, 'Owner&apos;s handbook E87 with iDrive', 'EL, MJ 2005', 1, to_date('20040601','YYYYMMDD'), to_date('20050901','YYYYMMDD'), '01490159505', '', '', false);
insert into DiagramParts values('UG32-01_0690-01490159994', 'UG32-01_0690', 13, 'Owner&apos;s handbook E87 with iDrive', 'EL, MJ 2006', 1, to_date('20050901','YYYYMMDD'), to_date('20060901','YYYYMMDD'), '01490159994', '', '', false);
insert into DiagramParts values('UG32-01_0690-01490012925', 'UG32-01_0690', 13, 'Owner&apos;s handbook E87 with iDrive', 'EL, MJ 2007', 1, to_date('20060901','YYYYMMDD'), to_date('20070301','YYYYMMDD'), '01490012925', '', '', false);
insert into Diagram values('UG32-01_0690','UG32-20040100','01-05','E87 118d   Owner&apos;s manual for E81, E87 with iDrive','');
insert into DiagramParts values('UG32-01_0727-01400011871', 'UG32-01_0727', 01, 'Brief instructions E87 without iDrive', 'DE', 1, to_date('20050901','YYYYMMDD'), to_date('20070301','YYYYMMDD'), '01400011871', '', '', false);
insert into DiagramParts values('UG32-01_0727-01400011882', 'UG32-01_0727', 01, 'Brief instructions E87 with iDrive', 'DE', 1, to_date('20050901','YYYYMMDD'), to_date('20070301','YYYYMMDD'), '01400011882', '', '', false);
insert into DiagramParts values('UG32-01_0727-01410011883', 'UG32-01_0727', 02, 'Brief instructions E87 with iDrive', 'EN', 1, to_date('20050901','YYYYMMDD'), to_date('20070301','YYYYMMDD'), '01410011883', '', '', false);
insert into Diagram values('UG32-01_0727','UG32-20040100','01-05','E87 118d   Brief instructions E81, E82, E87, E','');
insert into Diagram values('UG32-01_0756','UG32-20040100','01-05','E87 118d   Mirror placard','');
insert into Diagram values('UG32-01_0780','UG32-20040100','01-05','E87 118d   Brochure Service Contact, BMW','');
insert into DiagramParts values('UG32-01_1080-01402918756', 'UG32-01_1080', 02, 'Supplement Owner&apos;s Manual license texts', 'MULTILINGUAL', 1, to_date('20130301','YYYYMMDD'), to_date('20130701','YYYYMMDD'), '01402918756', '', '', false);
insert into Diagram values('UG32-01_1080','UG32-20040100','01-05','E87 118d   Flyer, license texts for BMW','');
insert into DiagramParts values('UG32-01_0606-01400012026', 'UG32-01_0606', 01, 'Operating instructions, radio &quot;de&quot;', 'SA663', 1, to_date('20060901','YYYYMMDD'), to_date('20070301','YYYYMMDD'), '01400012026', '', '', false);
insert into DiagramParts values('UG32-01_0606-01400159098', 'UG32-01_0606', 01, 'Operating instructions, radio &quot;de&quot;', 'SA663', 1, to_date('20050301','YYYYMMDD'), to_date('20050901','YYYYMMDD'), '01400159098', '', '', false);
insert into DiagramParts values('UG32-01_0606-01410012027', 'UG32-01_0606', 02, 'Operating instructions, radio &quot;en&quot;', 'SA663', 1, to_date('20060901','YYYYMMDD'), to_date('20070301','YYYYMMDD'), '01410012027', '', '', false);
insert into DiagramParts values('UG32-01_0606-01410159099', 'UG32-01_0606', 02, 'Operating instructions, radio &quot;en&quot;', 'SA663', 1, to_date('20050301','YYYYMMDD'), to_date('20050901','YYYYMMDD'), '01410159099', '', '', false);
insert into DiagramParts values('UG32-01_0606-01420012028', 'UG32-01_0606', 03, 'Operating instructions, radio &quot;fr&quot;', 'SA663', 1, to_date('20060901','YYYYMMDD'), to_date('20070301','YYYYMMDD'), '01420012028', '', '', false);
insert into DiagramParts values('UG32-01_0606-01420159100', 'UG32-01_0606', 03, 'Operating instructions, radio &quot;fr&quot;', 'SA663', 1, to_date('20050301','YYYYMMDD'), to_date('20050901','YYYYMMDD'), '01420159100', '', '', false);
insert into DiagramParts values('UG32-01_0606-01430012029', 'UG32-01_0606', 04, 'Operating instructions, radio &quot;es&quot;', 'SA663', 1, to_date('20060901','YYYYMMDD'), to_date('20070301','YYYYMMDD'), '01430012029', '', '', false);
insert into DiagramParts values('UG32-01_0606-01430158404', 'UG32-01_0606', 04, 'Operating instructions, radio &quot;es&quot;', 'SA663', 1, to_date('20041201','YYYYMMDD'), to_date('20050301','YYYYMMDD'), '01430158404', '', '', false);
insert into DiagramParts values('UG32-01_0606-01430159101', 'UG32-01_0606', 04, 'Operating instructions, radio &quot;es&quot;', 'SA663', 1, to_date('20050301','YYYYMMDD'), to_date('20050901','YYYYMMDD'), '01430159101', '', '', false);
insert into DiagramParts values('UG32-01_0606-01440012030', 'UG32-01_0606', 05, 'Operating instructions, radio &quot;it&quot;', 'SA663', 1, to_date('20060901','YYYYMMDD'), to_date('20070301','YYYYMMDD'), '01440012030', '', '', false);
insert into DiagramParts values('UG32-01_0606-01440159102', 'UG32-01_0606', 05, 'Operating instructions, radio &quot;it&quot;', 'SA663', 1, to_date('20050301','YYYYMMDD'), to_date('20050901','YYYYMMDD'), '01440159102', '', '', false);
insert into DiagramParts values('UG32-01_0606-01450012031', 'UG32-01_0606', 06, 'Operating instructions, radio &quot;sv&quot;', 'SA663', 1, to_date('20060901','YYYYMMDD'), to_date('20070301','YYYYMMDD'), '01450012031', '', '', false);
insert into DiagramParts values('UG32-01_0606-01450159103', 'UG32-01_0606', 06, 'Operating instructions, radio &quot;sv&quot;', 'SA663', 1, to_date('20050301','YYYYMMDD'), to_date('20050901','YYYYMMDD'), '01450159103', '', '', false);
insert into DiagramParts values('UG32-01_0606-01460012032', 'UG32-01_0606', 07, 'Operating instructions, radio &quot;nl&quot;', 'SA663', 1, to_date('20060901','YYYYMMDD'), to_date('20070301','YYYYMMDD'), '01460012032', '', '', false);
insert into DiagramParts values('UG32-01_0606-01460159104', 'UG32-01_0606', 07, 'Operating instructions, radio &quot;nl&quot;', 'SA663', 1, to_date('20050301','YYYYMMDD'), to_date('20050901','YYYYMMDD'), '01460159104', '', '', false);
insert into DiagramParts values('UG32-01_0606-01470012033', 'UG32-01_0606', 08, 'Operating instructions, radio &quot;ar&quot;', 'SA663', 1, to_date('20060901','YYYYMMDD'), to_date('20070301','YYYYMMDD'), '01470012033', '', '', false);
insert into DiagramParts values('UG32-01_0606-01470159105', 'UG32-01_0606', 08, 'Operating instructions, radio &quot;ar&quot;', 'SA663', 1, to_date('20050301','YYYYMMDD'), to_date('20050901','YYYYMMDD'), '01470159105', '', '', false);
insert into DiagramParts values('UG32-01_0606-01480012034', 'UG32-01_0606', 09, 'Operating instructions, radio &quot;da&quot;', 'SA663', 1, to_date('20060901','YYYYMMDD'), to_date('20070301','YYYYMMDD'), '01480012034', '', '', false);
insert into DiagramParts values('UG32-01_0606-01480159106', 'UG32-01_0606', 09, 'Operating instructions, radio &quot;da&quot;', 'SA663', 1, to_date('20050301','YYYYMMDD'), to_date('20050901','YYYYMMDD'), '01480159106', '', '', false);
insert into DiagramParts values('UG32-01_0606-01490012035', 'UG32-01_0606', 10, 'Operating instructions, radio &quot;pt&quot;', 'SA663', 1, to_date('20060901','YYYYMMDD'), to_date('20070301','YYYYMMDD'), '01490012035', '', '', false);
insert into DiagramParts values('UG32-01_0606-01490159107', 'UG32-01_0606', 10, 'Operating instructions, radio &quot;pt&quot;', 'SA663', 1, to_date('20050301','YYYYMMDD'), to_date('20050901','YYYYMMDD'), '01490159107', '', '', false);
insert into DiagramParts values('UG32-01_0606-01490012037', 'UG32-01_0606', 13, 'Operating instructions, radio &quot;el&quot;', 'SA663', 1, to_date('20060901','YYYYMMDD'), to_date('20070301','YYYYMMDD'), '01490012037', '', '', false);
insert into DiagramParts values('UG32-01_0606-01490159109', 'UG32-01_0606', 13, 'Operating instructions, radio &quot;el&quot;', 'SA663', 1, to_date('20050301','YYYYMMDD'), to_date('20050901','YYYYMMDD'), '01490159109', '', '', false);
insert into DiagramParts values('UG32-01_0606-01490012036', 'UG32-01_0606', 14, 'Operating instructions, radio &quot;zh&quot;', 'SA663', 1, to_date('20060901','YYYYMMDD'), to_date('20070301','YYYYMMDD'), '01490012036', '', '', false);
insert into Diagram values('UG32-01_0606','UG32-20040100','01-12','E87 118d   Radio E81,E82,E87,E88, E90,E91,E92,E93','');
insert into Diagram values('UG32-01_0302','UG32-20040100','01-14','','');
insert into Diagram values('UG32-01_1128','UG32-20040100','01-19','E87 118d   EC Certificate of Conformity','');
insert into Diagram values('UG32-01_0169','UG32-20040100','01-21','E87 118d   Logbook slipcase BMW','');
insert into Diagram values('UG32-01_1140','UG32-20040100','01-21','E87 118d   Logbook slipcase BMW','');
insert into DiagramParts values('UG32-01_0029-01410159011', 'UG32-01_0029', 01, 'Supplem. to owner&apos;s manual, Australia', 'E87, MJ 05', 1, to_date('20041201','YYYYMMDD'), to_date('20050901','YYYYMMDD'), '01410159011', '', '', false);
insert into DiagramParts values('UG32-01_0029-01412600068', 'UG32-01_0029', 01, 'Supplem. to owner&apos;s manual, Australia', 'E87, MJ 2006', 1, to_date('20050901','YYYYMMDD'), to_date('20060301','YYYYMMDD'), '01412600068', '', '', false);
insert into DiagramParts values('UG32-01_0029-01410012043', 'UG32-01_0029', 01, 'Supplem. to owner&apos;s manual, Australia', 'E87, MJ 2006', 1, to_date('20060301','YYYYMMDD'), to_date('20070301','YYYYMMDD'), '01410012043', '', '', false);
insert into Diagram values('UG32-01_0029','UG32-20040100','01-24','E87 118d   Supplem. to owner&apos;s manual, Australia','');
insert into DiagramParts values('UG32-01_0589-01400011971', 'UG32-01_0589', 01, 'Service booklet, German', 'E87, E90, E91', 1, to_date('20040601','YYYYMMDD'), to_date('20060901','YYYYMMDD'), '01400011971', '', '', false);
insert into DiagramParts values('UG32-01_0589-01400013061', 'UG32-01_0589', 01, 'Service booklet, German', 'E8X, E9X', 1, to_date('20060901','YYYYMMDD'), to_date('20070901','YYYYMMDD'), '01400013061', '', '', false);
insert into DiagramParts values('UG32-01_0589-01410011972', 'UG32-01_0589', 02, 'Service booklet, English', 'E87, E90, E91', 1, to_date('20040601','YYYYMMDD'), to_date('20060901','YYYYMMDD'), '01410011972', '', '', false);
insert into DiagramParts values('UG32-01_0589-01410013062', 'UG32-01_0589', 02, 'Service booklet, English', 'E8X, E9X', 1, to_date('20060901','YYYYMMDD'), to_date('20070901','YYYYMMDD'), '01410013062', '', '', false);
insert into DiagramParts values('UG32-01_0589-01420011973', 'UG32-01_0589', 03, 'Service booklet, French', 'E87, E90, E91', 1, to_date('20040601','YYYYMMDD'), to_date('20060901','YYYYMMDD'), '01420011973', '', '', false);
insert into DiagramParts values('UG32-01_0589-01420013063', 'UG32-01_0589', 03, 'Service booklet, French', 'E8X, E9X', 1, to_date('20060901','YYYYMMDD'), to_date('20070901','YYYYMMDD'), '01420013063', '', '', false);
insert into DiagramParts values('UG32-01_0589-01430011974', 'UG32-01_0589', 04, 'Service booklet, Spanish', 'E87, E90, E91', 1, to_date('20040601','YYYYMMDD'), to_date('20060901','YYYYMMDD'), '01430011974', '', '', false);
insert into DiagramParts values('UG32-01_0589-01430013064', 'UG32-01_0589', 04, 'Service booklet, Spanish', 'E8X, E9X', 1, to_date('20060901','YYYYMMDD'), to_date('20070901','YYYYMMDD'), '01430013064', '', '', false);
insert into DiagramParts values('UG32-01_0589-01440011975', 'UG32-01_0589', 05, 'Service booklet, Italian', 'E87, E90, E91', 1, to_date('20040601','YYYYMMDD'), to_date('20060901','YYYYMMDD'), '01440011975', '', '', false);
insert into DiagramParts values('UG32-01_0589-01440013065', 'UG32-01_0589', 05, 'Service booklet, Italian', 'E8X, E9X', 1, to_date('20060901','YYYYMMDD'), to_date('20070901','YYYYMMDD'), '01440013065', '', '', false);
insert into DiagramParts values('UG32-01_0589-01450011976', 'UG32-01_0589', 06, 'Service booklet, Swedish', 'E87, E90, E91', 1, to_date('20040601','YYYYMMDD'), to_date('20060901','YYYYMMDD'), '01450011976', '', '', false);
insert into DiagramParts values('UG32-01_0589-01450013066', 'UG32-01_0589', 06, 'Service booklet, Swedish', 'E8X, E9X', 1, to_date('20060901','YYYYMMDD'), to_date('20070901','YYYYMMDD'), '01450013066', '', '', false);
insert into DiagramParts values('UG32-01_0589-01460011977', 'UG32-01_0589', 07, 'Service booklet, Dutch', 'E87, E90, E91', 1, to_date('20040601','YYYYMMDD'), to_date('20060901','YYYYMMDD'), '01460011977', '', '', false);
insert into DiagramParts values('UG32-01_0589-01460013067', 'UG32-01_0589', 07, 'Service booklet, Dutch', 'E8X, E9X', 1, to_date('20060901','YYYYMMDD'), to_date('20070901','YYYYMMDD'), '01460013067', '', '', false);
insert into DiagramParts values('UG32-01_0589-01470011978', 'UG32-01_0589', 08, 'Service booklet, Arabic', 'E87, E90, E91', 1, to_date('20040601','YYYYMMDD'), to_date('20060901','YYYYMMDD'), '01470011978', '', '', false);
insert into DiagramParts values('UG32-01_0589-01470013068', 'UG32-01_0589', 08, 'Service booklet, Arabic', 'E8X, E9X', 1, to_date('20060901','YYYYMMDD'), to_date('20070901','YYYYMMDD'), '01470013068', '', '', false);
insert into DiagramParts values('UG32-01_0589-01480011979', 'UG32-01_0589', 09, 'Service booklet, Danish', 'E87, E90, E91', 1, to_date('20040601','YYYYMMDD'), to_date('20060901','YYYYMMDD'), '01480011979', '', '', false);
insert into DiagramParts values('UG32-01_0589-01480013069', 'UG32-01_0589', 09, 'Service booklet, Danish', 'E8X, E9X', 1, to_date('20060901','YYYYMMDD'), to_date('20070901','YYYYMMDD'), '01480013069', '', '', false);
insert into DiagramParts values('UG32-01_0589-01490011980', 'UG32-01_0589', 10, 'Service booklet, Portuguese', 'E87, E90, E91', 1, to_date('20040601','YYYYMMDD'), to_date('20060901','YYYYMMDD'), '01490011980', '', '', false);
insert into DiagramParts values('UG32-01_0589-01490013070', 'UG32-01_0589', 10, 'Service booklet, Portuguese', 'E8X, E9X', 1, to_date('20060901','YYYYMMDD'), to_date('20070901','YYYYMMDD'), '01490013070', '', '', false);
insert into DiagramParts values('UG32-01_0589-01490011982', 'UG32-01_0589', 11, 'Service booklet, greek', 'E87, E90, E91', 1, to_date('20040601','YYYYMMDD'), to_date('20060901','YYYYMMDD'), '01490011982', '', '', false);
insert into DiagramParts values('UG32-01_0589-01490013071', 'UG32-01_0589', 11, 'Service booklet, greek', 'E8X, E9X', 1, to_date('20060901','YYYYMMDD'), to_date('20070901','YYYYMMDD'), '01490013071', '', '', false);
insert into DiagramParts values('UG32-01_0589-01490011981', 'UG32-01_0589', 12, 'Service booklet, Chinese', 'E87, E90, E91', 1, to_date('20040601','YYYYMMDD'), to_date('20060901','YYYYMMDD'), '01490011981', '', '', false);
insert into DiagramParts values('UG32-01_0589-01490013596', 'UG32-01_0589', 12, 'Service booklet, Chinese', 'E8X, E9X', 1, to_date('20060901','YYYYMMDD'), to_date('20070901','YYYYMMDD'), '01490013596', '', '', false);
insert into DiagramParts values('UG32-01_0589-01490013656', 'UG32-01_0589', 13, 'Service manual in Korean', 'E8X, E9X', 1, to_date('20060901','YYYYMMDD'), to_date('20070901','YYYYMMDD'), '01490013656', '', '', false);
insert into Diagram values('UG32-01_0589','UG32-20040100','01-26','E87 118d   BMW Service booklet 2004 - 2008','');
insert into Diagram values('UG32-01_0670','UG32-20040100','01-35','E87 118d   battery charge calendar','');
insert into Diagram values('UG32-01_0681','UG32-20040100','01-40','E87 118d   BMW Service plug unit','');
insert into Diagram values('UG32-01_0680','UG32-20040100','01-46','E87 118d   Service information, BMW','');
insert into Diagram values('UG32-01_0233','UG32-20040100','01-52','E87 118d   Mounting information, Owner&apos;s Manual BMW','');
insert into Diagram values('UG32-01_0299','UG32-20040100','01-52','E87 118d   BMW assembly instructions','');
insert into Diagram values('UG32-01_0635','UG32-20040100','01-60','E87 118d   BMW form','');
insert into Diagram values('UG32-01_0636','UG32-20040100','01-62','E87 118d   Trailer, BMW','');
insert into Diagram values('UG32-01_0637','UG32-20040100','01-64','E87 118d   Sticker, BMW','');
insert into Diagram values('UG32-01_0639','UG32-20040100','01-65','E87 118d   Labels BMW','');
insert into Diagram values('UG32-01_0612','UG32-20040100','01-70','E87 118d   CD/DVD SIP German BMW','');
insert into DiagramParts values('UG32-01_0671-01399789699', 'UG32-01_0671', 01, 'CD literature', 'LITERATUR', 1, to_date('19820901','YYYYMMDD'), to_date('19901201','YYYYMMDD'), '01399789699', '$8.11', '', false);
insert into Diagram values('UG32-01_0671','UG32-20040100','01-70','E87 118d   BMW CD/DVD miscellaneous','');
insert into Diagram values('UG32-01_0737','UG32-20040100','01-70','E87 118d   CD/DVD SIP complete vehicle BMW','');
insert into Diagram values('UG32-01_1172','UG32-20040100','01-70','E87 118d   DVD Web Based Training','');
insert into Diagram values('UG32-01_1045','UG32-20040100','01-94','E87 118d   Samples, upholstery colors, leather/fabr','');
insert into Diagram values('UG32-01_1046','UG32-20040100','01-94','E87 118d   Sample page, upholstery colors, fabric','');
insert into Diagram values('UG32-01_1047','UG32-20040100','01-94','E87 118d   Sample chart, upholstery colors, leather','');
insert into Diagram values('UG32-01_1048','UG32-20040100','01-94','E87 118d   Sample chart with interior moldings','');
insert into Diagram values('UG32-01_1049','UG32-20040100','01-94','E87 118d   Sample chart with interior moldings','');
insert into Diagram values('UG32-01_1050','UG32-20040100','01-94','E87 118d   Sample chart with interior moldings','');
insert into Diagram values('UG32-01_1051','UG32-20040100','01-94','E87 118d   Sample chart with interior colors','');
insert into Diagram values('UG32-01_1052','UG32-20040100','01-94','E87 118d   Sample chart with interior colors','');
insert into Diagram values('UG32-11_2175','UG32-20040100','11-05','E87 118d   Short Engine','');
insert into Diagram values('UG32-11_3306','UG32-20040100','11-10','E87 118d   Engine block','');
insert into Diagram values('UG32-11_3307','UG32-20040100','11-10','E87 118d   Engine Block Mounting Parts','');
insert into Diagram values('UG32-11_3660','UG32-20040100','11-10','E87 118d   OIL PAN/OIL LEVEL INDICATOR','');
insert into Diagram values('UG32-11_3661','UG32-20040100','11-10','E87 118d   LOWER TIMING CASE','');
insert into Diagram values('UG32-11_3310','UG32-20040100','11-15','E87 118d   Cylinder Head','');
insert into Diagram values('UG32-11_3311','UG32-20040100','11-15','E87 118d   Cylinder Head Attached Parts','');
insert into Diagram values('UG32-11_3668','UG32-20040100','11-15','E87 118d   Cylinder head cover','');
insert into Diagram values('UG32-11_3313','UG32-20040100','11-18','E87 118d   Belt Drive-Vibration Damper','');
insert into Diagram values('UG32-11_3662','UG32-20040100','11-18','E87 118d   Belt Drive Water Pump/Alternator','');
insert into Diagram values('UG32-11_3663','UG32-20040100','11-18','E87 118d   Belt Drive f power steering pump','');
insert into Diagram values('UG32-11_2097','UG32-20040100','11-20','E87 118d   Crankshaft-Pistons','');
insert into Diagram values('UG32-11_3314','UG32-20040100','11-20','E87 118d   Crankshaft With Bearing Shells','');
insert into Diagram values('UG32-11_3320','UG32-20040100','11-20','E87 118d   Crankshaft drive mass compensator','');
insert into Diagram values('UG32-11_3533','UG32-20040100','11-20','E87 118d   Flywheel / Twin Mass Flywheel','');
insert into Diagram values('UG32-11_3833','UG32-20040100','11-20','E87 118d   Crankshaft Connecting Rod','');
insert into Diagram values('UG32-11_3318','UG32-20040100','11-25','E87 118d   Timing - Timing Chain Lower P','');
insert into Diagram values('UG32-11_3656','UG32-20040100','11-25','E87 118d   TIMING AND VALVE TRAIN-CAMSHAFT','');
insert into Diagram values('UG32-11_3657','UG32-20040100','11-25','E87 118d   timing gear timing chain top','');
insert into Diagram values('UG32-11_3321','UG32-20040100','11-30','E87 118d   Lubrication system/Oil pump','');
insert into Diagram values('UG32-11_3322','UG32-20040100','11-30','E87 118d   Lubricat.syst.-oil filter,heat exchanger','');
insert into Diagram values('UG32-11_3324','UG32-20040100','11-35','E87 118d   Waterpump - Thermostat','');
insert into Diagram values('UG32-11_3666','UG32-20040100','11-35','E87 118d   Cooling System Water Hoses','');
insert into Diagram values('UG32-11_3542','UG32-20040100','11-40','E87 118d   Intake manifold AGR without flap control','');
insert into Diagram values('UG32-11_3658','UG32-20040100','11-40','E87 118d   INTAKE MANIFOLD-SUPERCHARG.AIR DUCT/AGR','');
insert into Diagram values('UG32-11_3827','UG32-20040100','11-40','E87 118d   Intake manifold AGR without flap control','');
insert into Diagram values('UG32-11_3330','UG32-20040100','11-45','E87 118d   VACUUM PUMP WITH TUBES','');
insert into Diagram values('UG32-11_3659','UG32-20040100','11-45','E87 118d   Vacuum control-AGR','');
insert into Diagram values('UG32-11_3329','UG32-20040100','11-50','E87 118d   EXHAUST MANIFOLD-AGR','');
insert into Diagram values('UG32-11_3597','UG32-20040100','11-50','E87 118d   pollutant reduction cooling','');
insert into Diagram values('UG32-11_3667','UG32-20040100','11-50','E87 118d   TURBO CHARGER WITH LUBRICATION','');
insert into Diagram values('UG32-11_3665','UG32-20040100','11-55','E87 118d   Engine acoustics','');
insert into Diagram values('UG32-12_1139','UG32-20040100','12-05','E87 118d   Sensors','');
insert into Diagram values('UG32-12_1166','UG32-20040100','12-15','E87 118d   Glow plug unit','');
insert into DiagramParts values('UG32-12_1310-12317799181', 'UG32-12_1310', 01, 'Rmfd generator', '150A', 1, to_date('20060601','YYYYMMDD'), to_date('20070101','YYYYMMDD'), '12317799181', '', 'ENDED', false);
insert into DiagramParts values('UG32-12_1310-12317802927', 'UG32-12_1310', 01, 'Rmfd generator', '150A', 1, to_date('20060601','YYYYMMDD'), to_date('20070101','YYYYMMDD'), '12317802927', '', '', false);
insert into DiagramParts values('UG32-12_1310-12317797525', 'UG32-12_1310', 02, 'Voltage regulator', 'VALEO', 1, to_date('20060601','YYYYMMDD'), to_date('20070101','YYYYMMDD'), '12317797525', '', 'ENDED', false);
insert into DiagramParts values('UG32-12_1310-12318510088', 'UG32-12_1310', 02, 'Voltage regulator', 'VALEO', 1, to_date('20060601','YYYYMMDD'), to_date('20070101','YYYYMMDD'), '12318510088', '', '', false);
insert into Diagram values('UG32-12_1310','UG32-20040100','12-20','E87 118d   Alternator 140/150A','');
insert into Diagram values('UG32-12_1165','UG32-20040100','12-25','E87 118d   Starter','');
insert into Diagram values('UG32-12_0915','UG32-20040100','12-28','E87 118d   Engine wiring harness','');
insert into Diagram values('UG32-12_1072','UG32-20040100','12-28','E87 118d   Wiring harness, engine, injector module','');
insert into Diagram values('UG32-12_1167','UG32-20040100','12-29','E87 118d   Cable starter','');
insert into Diagram values('UG32-12_1381','UG32-20040100','12-30','E87 118d   Retrofit wiring harness','');
insert into Diagram values('UG32-12_0907','UG32-20040100','12-31','E87 118d   Cable holder','');
insert into Diagram values('UG32-12_1238','UG32-20040100','12-31','E87 118d   CABLE HOLDER/COVERING','');
insert into Diagram values('UG32-12_1328','UG32-20040100','12-31','E87 118d   Cable Harness Fixings','');
insert into Diagram values('UG32-12_1043','UG32-20040100','12-32','E87 118d   Laminated contacts/spring contacts','');
insert into Diagram values('UG32-12_1249','UG32-20040100','12-32','E87 118d   End cap','');
insert into Diagram values('UG32-12_1459','UG32-20040100','12-32','E87 118d   Contact system MLK','');
insert into Diagram values('UG32-12_1205','UG32-20040100','12-35','E87 118d   RELAY MOTOR','');
insert into Diagram values('UG32-12_1327','UG32-20040100','12-35','E87 118d   Control unit box','');
insert into Diagram values('UG32-13_1115','UG32-20040100','13-10','E87 118d   FUEL STRAINER WITH HEATING','');
insert into Diagram values('UG32-13_0958','UG32-20040100','13-15','E87 118d   High-pressure pump','');
insert into Diagram values('UG32-13_0959','UG32-20040100','13-15','E87 118d   High pressure accumulator/injector/line','');
insert into Diagram values('UG32-13_0960','UG32-20040100','13-15','E87 118d   Fuel lines','');
insert into Diagram values('UG32-13_0966','UG32-20040100','13-15','E87 118d   Basic DDE control unit','');
insert into Diagram values('UG32-13_1125','UG32-20040100','13-20','E87 118d   Mass air flow sensor/intake silencer','');
insert into Diagram values('UG32-16_0595','UG32-20040100','16-05','E87 118d   Fuel tank/mounting parts','');
insert into Diagram values('UG32-16_0598','UG32-20040100','16-15','E87 118d   Control unit for fuel pump','');
insert into Diagram values('UG32-16_0599','UG32-20040100','16-15','E87 118d   Fuel pipes / Mounting parts','');
insert into Diagram values('UG32-16_0601','UG32-20040100','16-15','E87 118d   Fuel filter/pump/fuel level sensor','');
insert into Diagram values('UG32-17_0316','UG32-20040100','17-05','E87 118d   Charge-air cooling','');
insert into Diagram values('UG32-17_0317','UG32-20040100','17-05','E87 118d   Fan housing, mounting parts','');
insert into Diagram values('UG32-17_0318','UG32-20040100','17-05','E87 118d   MOUNTING PARTS F RADIATOR','');
insert into Diagram values('UG32-17_0314','UG32-20040100','17-30','E87 118d   Cooling System Water Hoses','');
insert into Diagram values('UG32-17_0694','UG32-20040100','17-30','E87 118d   Cooling system coolant hoses','');
insert into Diagram values('UG32-17_0695','UG32-20040100','17-30','E87 118d   Cooling system coolant hoses','');
insert into Diagram values('UG32-17_0707','UG32-20040100','17-30','E87 118d   Cooling system coolant hoses','');
insert into Diagram values('UG32-17_0708','UG32-20040100','17-30','E87 118d   Cooling system coolant hoses','');
insert into Diagram values('UG32-18_0560','UG32-20040100','18-10','E87 118d   CATALYST/LAMBDA PROBE','');
insert into Diagram values('UG32-18_0591','UG32-20040100','18-10','E87 118d   Catalyser/Diesel particulate filter','');
insert into Diagram values('UG32-18_0785','UG32-20040100','18-10','E87 118d   Diesel part.filter sens./mounting parts','');
insert into Diagram values('UG32-18_0561','UG32-20040100','18-20','E87 118d   Exhaust system, rear','');
insert into Diagram values('UG32-18_0646','UG32-20040100','18-95','E87 118d   Retrofitting of diesel particle filter','');
insert into Diagram values('UG32-18_0946','UG32-20040100','18-95','E87 118d   Muffler system','');
insert into Diagram values('UG32-18_0951','UG32-20040100','18-95','E87 118d   Muffler system','');
insert into Diagram values('UG32-21_0234','UG32-20040100','21-05','E87 118d   Clutch','');
insert into Diagram values('UG32-21_0199','UG32-20040100','21-10','E87 118d   Clutch control','');
insert into Diagram values('UG32-22_0103','UG32-20040100','22-05','E87 118d   Engine Suspension','');
insert into Diagram values('UG32-22_0104','UG32-20040100','22-10','E87 118d   Gearbox suspension','');
insert into Diagram values('UG32-23_0918','UG32-20040100','23-05','E87 118d   Manual transmission GS6-37BZ/DZ','');
insert into Diagram values('UG32-23_1034','UG32-20040100','23-10','E87 118d   GEARBOX MOUNTING PARTS','');
insert into Diagram values('UG32-23_1053','UG32-20040100','23-15','E87 118d   GS6-37BZ/DZ Sealing and mount. parts','');
insert into Diagram values('UG32-23_1054','UG32-20040100','23-15','E87 118d   GS6-37BZ/DZ Gear shift components','');
insert into Diagram values('UG32-25_0387','UG32-20040100','25-05','E87 118d   Gear shifting,mech.transm./diesel','');
insert into Diagram values('UG32-25_0438','UG32-20040100','25-05','E87 118d   Gear shifting,mech.transm./diesel','');
insert into Diagram values('UG32-25_0383','UG32-20040100','25-10','E87 118d   GEAR SHIFT KNOBS/SHIFT LEVER COVERINGS','');
insert into Diagram values('UG32-25_0461','UG32-20040100','25-10','E87 118d   Performance shift knob','');
insert into Diagram values('UG32-25_0419','UG32-20040100','25-95','E87 118d   Retrofit, wooden selector lever knob','');
insert into Diagram values('UG32-25_0439','UG32-20040100','25-95','E87 118d   Retrofit, sport switch knob','');
insert into Diagram values('UG32-25_0484','UG32-20040100','25-95','E87 118d   BMW Performance selector lever handle','');
insert into Diagram values('UG32-26_0215','UG32-20040100','26-05','E87 118d   Drive shaft (swivel joint)','');
insert into Diagram values('UG32-26_0217','UG32-20040100','26-10','E87 118d   Drive shaft,univ.joint/center mounting','');
insert into Diagram values('UG32-27_0034','UG32-20040100','27-95','E87 118d   Retrofit, wooden gearshift knob','');
insert into Diagram values('UG32-31_0693','UG32-20040100','31-05','E87 118d   Frnt axle support,wishbone/tension strut','');
insert into Diagram values('UG32-31_0697','UG32-20040100','31-05','E87 118d   HEADLIGHT VERTICAL AIM CONTROL SENSOR','');
insert into Diagram values('UG32-31_0695','UG32-20040100','31-10','E87 118d   GUIDE SUPPORT/SPRING PAD/ATTACHING PARTS','');
insert into Diagram values('UG32-31_0696','UG32-20040100','31-10','E87 118d   Stabilizer, front','');
insert into Diagram values('UG32-31_0698','UG32-20040100','31-10','E87 118d   FRONT COIL SPRING','');
insert into Diagram values('UG32-31_0736','UG32-20040100','31-10','E87 118d   Front Spring strut/Carrier/Wheel bearing','');
insert into Diagram values('UG32-31_0837','UG32-20040100','31-95','E87 118d   Performance suspension','');
insert into Diagram values('UG32-31_0838','UG32-20040100','31-95','E87 118d   Performance suspension','');
insert into Diagram values('UG32-32_1509','UG32-20040100','32-10','E87 118d   Hydro steering box','');
insert into Diagram values('UG32-32_1512','UG32-20040100','32-15','E87 118d   Power steering pump','');
insert into Diagram values('UG32-32_1507','UG32-20040100','32-20','E87 118d   HYDRO STEERING-OIL PIPES','');
insert into Diagram values('UG32-32_1514','UG32-20040100','32-20','E87 118d   OIL CARRIER/SINGLE PARTS','');
insert into Diagram values('UG32-32_1510','UG32-20040100','32-25','E87 118d   STEERING LINKAGE/TIE RODS','');
insert into Diagram values('UG32-32_1515','UG32-20040100','32-30','E87 118d   Manually adjust. steering column','');
insert into Diagram values('UG32-32_1516','UG32-20040100','32-30','E87 118d   STEER.COL.-LOWER JOINT ASSY','');
insert into Diagram values('UG32-32_1517','UG32-20040100','32-35','E87 118d   Steering wheel airbag','');
insert into DiagramParts values('UG32-32_1518-32306777630', 'UG32-32_1518', 01, 'Sport steering wheel rim', 'LEDER', 1, to_date('20060201','YYYYMMDD'), to_date('20090901','YYYYMMDD'), '32306777630', '$383.97', '', false);
insert into Diagram values('UG32-32_1518','UG32-20040100','32-35','E87 118d   Airbag sports steering wheel','');
insert into DiagramParts values('UG32-32_1519-32306777630', 'UG32-32_1519', 01, 'Sport steering wheel rim', 'LEDER', 1, to_date('20060201','YYYYMMDD'), to_date('20090901','YYYYMMDD'), '32306777630', '$383.97', '', false);
insert into Diagram values('UG32-32_1519','UG32-20040100','32-35','E87 118d   Airbag sports steering wheel multifunct.','');
insert into Diagram values('UG32-32_1605','UG32-20040100','32-35','E87 118d   M sports steer.-wheel, airbag, leather','');
insert into Diagram values('UG32-32_1617','UG32-20040100','32-35','E87 118d   M sports strng whl,airbag,multifunction','');
insert into Diagram values('UG32-32_1592','UG32-20040100','32-95','E87 118d   Retrofit multi-functional steering wheel','');
insert into Diagram values('UG32-32_1773','UG32-20040100','32-95','E87 118d   Performance steering wheel with display','');
insert into Diagram values('UG32-32_1778','UG32-20040100','32-95','E87 118d   Performance steering wheel with display','');
insert into Diagram values('UG32-32_1834','UG32-20040100','32-95','E87 118d   Performance steering wheel','');
insert into Diagram values('UG32-32_1835','UG32-20040100','32-95','E87 118d   Performance steering wheel','');
insert into Diagram values('UG32-33_1258','UG32-20040100','33-05','E87 118d   DIFFERENTIAL-DRIVE/OUTPUT','');
insert into Diagram values('UG32-33_1236','UG32-20040100','33-10','E87 118d   Final drive, gasket set','');
insert into Diagram values('UG32-33_1244','UG32-20040100','33-25','E87 118d   Output shaft','');
insert into Diagram values('UG32-33_1230','UG32-20040100','33-30','E87 118d   REAR AXLE SUPPORT/WHEEL SUSPENSION','');
insert into Diagram values('UG32-33_1237','UG32-20040100','33-30','E87 118d   HEADLIGHT VERTICAL AIM CONTROL SENSOR','');
insert into Diagram values('UG32-33_1312','UG32-20040100','33-30','E87 118d   REAR AXLE CARRIER','');
insert into Diagram values('UG32-33_1231','UG32-20040100','33-40','E87 118d   SIDE SHAFT/WHEEL BEARINGS','');
insert into Diagram values('UG32-33_1233','UG32-20040100','33-45','E87 118d   REAR SPRING STRUT MOUNTING PARTS','');
insert into Diagram values('UG32-33_1234','UG32-20040100','33-45','E87 118d   Stabilizer, rear','');
insert into Diagram values('UG32-33_1238','UG32-20040100','33-45','E87 118d   REAR COIL SPRING','');
insert into Diagram values('UG32-33_1338','UG32-20040100','33-95','E87 118d   Retrofit kit M sports suspension','');
insert into Diagram values('UG32-34_1414','UG32-20040100','34-05','E87 118d   Front brake pad wear sensor','');
insert into Diagram values('UG32-34_1766','UG32-20040100','34-07','E87 118d   Front brake-brake disc','');
insert into Diagram values('UG32-34_1417','UG32-20040100','34-10','E87 118d   Rear brake pad wear sensor','');
insert into Diagram values('UG32-34_1767','UG32-20040100','34-12','E87 118d   Rear wheel brake-Brake disc','');
insert into Diagram values('UG32-34_1400','UG32-20040100','34-15','E87 118d   Brake pipe, front','');
insert into DiagramParts values('UG32-34_1401-34326784066', 'UG32-34_1401', 03, 'Pipe', 'M10/M12', 1, to_date('20050701','YYYYMMDD'), to_date('20110401','YYYYMMDD'), '34326784066', '', 'ENDED', false);
insert into DiagramParts values('UG32-34_1401-34326770555', 'UG32-34_1401', 04, 'Pipe', 'M10/M10-1188MM', 1, to_date('20050701','YYYYMMDD'), to_date('20110401','YYYYMMDD'), '34326770555', '', 'ENDED', false);
insert into Diagram values('UG32-34_1401','UG32-20040100','34-15','E87 118d   Brake pipe, front','');
insert into Diagram values('UG32-34_1402','UG32-20040100','34-17','E87 118d   Brake pipe rear','');
insert into Diagram values('UG32-34_1805','UG32-20040100','34-17','E87 118d   Brake pipe rear','');
insert into Diagram values('UG32-34_1403','UG32-20040100','34-18','E87 118d   BRAKE PIPE REAR/MOUNTING','');
insert into DiagramParts values('UG32-34_1404-34506781284', 'UG32-34_1404', 07, 'Spacer sleeve', 'ZNS3', 3, to_date('20070701','YYYYMMDD'), to_date('20080901','YYYYMMDD'), '34506781284', '$8.16', '', false);
insert into Diagram values('UG32-34_1404','UG32-20040100','34-20','E87 118d   Hydro unit DSC/fastening/sensors','');
insert into Diagram values('UG32-34_1410','UG32-20040100','34-25','E87 118d   Brake master cylinder','');
insert into Diagram values('UG32-34_1411','UG32-20040100','34-27','E87 118d   Power brake unit depression','');
insert into Diagram values('UG32-34_1412','UG32-20040100','34-27','E87 118d   Power brake unit depression','');
insert into Diagram values('UG32-34_1405','UG32-20040100','34-30','E87 118d   Handbrake lever','');
insert into Diagram values('UG32-34_1421','UG32-20040100','34-40','E87 118d   PARKING BRAKE/BRAKE SHOES','');
insert into Diagram values('UG32-34_1384','UG32-20040100','34-95','E87 118d   Retrofit, handbrake handle','');
insert into Diagram values('UG32-34_1562','UG32-20040100','34-95','E87 118d   Handbrake grip with chrome inlay','');
insert into Diagram values('UG32-34_1680','UG32-20040100','34-95','E87 118d   Set of BMW Performance Brakes front/rear','');
insert into Diagram values('UG32-34_1681','UG32-20040100','34-95','E87 118d   BMW Performance front wheel brake','');
insert into Diagram values('UG32-34_1691','UG32-20040100','34-95','E87 118d   BMW Performance Rear wheel brake','');
insert into Diagram values('UG32-34_1717','UG32-20040100','34-95','E87 118d   BMW Performance parking brake handle','');
insert into Diagram values('UG32-35_0291','UG32-20040100','35-05','E87 118d   Foot lever mech. with return spring','');
insert into Diagram values('UG32-35_0292','UG32-20040100','35-05','E87 118d   Foot lever mech. with return spring','');
insert into Diagram values('UG32-35_0274','UG32-20040100','35-20','E87 118d   Acceleration/accelerator pedal module','');
insert into Diagram values('UG32-35_0275','UG32-20040100','35-95','E87 118d   Aluminum pedal covers','');
insert into Diagram values('UG32-35_0315','UG32-20040100','35-95','E87 118d   Set of high-grade steel pedal covers','');
insert into Diagram values('UG32-35_0327','UG32-20040100','35-95','E87 118d   BMW Performance Alu pedal plates','');
insert into Diagram values('UG32-35_0377','UG32-20040100','35-95','E87 118d   Aluminum pedal covers','');
insert into Diagram values('UG32-36_0798','UG32-20040100','36-10','E87 118d   STEEL RIM STYL.12','');
insert into Diagram values('UG32-36_0799','UG32-20040100','36-15','E87 118d   BMW light alloy wheel, spider spoke 139','');
insert into Diagram values('UG32-36_0800','UG32-20040100','36-15','E87 118d   BMW light alloy wheel, radial spoke 32','');
insert into Diagram values('UG32-36_0801','UG32-20040100','36-15','E87 118d   BMW light alloy wheel, spider spoke 140','');
insert into Diagram values('UG32-36_0802','UG32-20040100','36-15','E87 118d   BMW light alloy wheel, V-spoke 141','');
insert into Diagram values('UG32-36_0803','UG32-20040100','36-15','E87 118d   BMW light alloy wheel, spider spoke 142','');
insert into Diagram values('UG32-36_0804','UG32-20040100','36-15','E87 118d   BMW light alloy wheel, spider spoke 151','');
insert into Diagram values('UG32-36_0805','UG32-20040100','36-15','E87 118d   BMW LA wheel/double spoke 178','');
insert into Diagram values('UG32-36_0806','UG32-20040100','36-15','E87 118d   BMW Composite wheel, star spoke 179','');
insert into Diagram values('UG32-36_0807','UG32-20040100','36-15','E87 118d   BMW LA wheel, star spoke 180','');
insert into Diagram values('UG32-36_0808','UG32-20040100','36-15','E87 118d   BMW LA wheel, star spoke 181','');
insert into Diagram values('UG32-36_0809','UG32-20040100','36-15','E87 118d   BMW LA wheel/double spoke 182','');
insert into Diagram values('UG32-36_0903','UG32-20040100','36-15','E87 118d   BMW LA wheel, double spoke 98','');
insert into Diagram values('UG32-36_0926','UG32-20040100','36-15','E87 118d   BMW alloy wheel M V-spoke 217','');
insert into Diagram values('UG32-36_0927','UG32-20040100','36-15','E87 118d   BMW alloy wheel, M double spoke 207','');
insert into Diagram values('UG32-36_0928','UG32-20040100','36-15','E87 118d   BMW alloy wheel, M double spoke 208','');
insert into Diagram values('UG32-36_0964','UG32-20040100','36-15','E87 118d   BMW light alloy wheel, V-spoke 229','');
insert into Diagram values('UG32-36_1052','UG32-20040100','36-15','E87 118d   BMW LA wheel/double spoke 222','');
insert into Diagram values('UG32-36_1053','UG32-20040100','36-15','E87 118d   BMW light alloy wheel, V-spoke 255','');
insert into Diagram values('UG32-36_1054','UG32-20040100','36-15','E87 118d   BMW LA wheel, star spoke 256','');
insert into Diagram values('UG32-36_1108','UG32-20040100','36-15','E87 118d   BMW LA wheel, star spoke 262','');
insert into Diagram values('UG32-36_1109','UG32-20040100','36-15','E87 118d   BMW LA wheel, W spoke 263','');
insert into Diagram values('UG32-36_1130','UG32-20040100','36-15','E87 118d   BMW LA wheel, dual spoke 261','');
insert into Diagram values('UG32-36_1131','UG32-20040100','36-15','E87 118d   BMW Performance LA wheel/double spoke269','');
insert into Diagram values('UG32-36_1135','UG32-20040100','36-15','E87 118d   BMW light alloy wheel, radial spoke 216','');
insert into Diagram values('UG32-36_1315','UG32-20040100','36-15','E87 118d   BMW LA wheel, Star Spoke 311','');
insert into Diagram values('UG32-36_1316','UG32-20040100','36-15','E87 118d   BMW Performance LA wheel DoubleSpoke 313','');
insert into Diagram values('UG32-36_1433','UG32-20040100','36-15','E87 118d   BMW LA wheel, V Spoke 360','');
insert into Diagram values('UG32-36_1607','UG32-20040100','36-15','E87 118d   BMW LA wheel Streamline 370','');
insert into Diagram values('UG32-36_1608','UG32-20040100','36-15','E87 118d   BMW LA wheel, Star Spoke 371','');
insert into Diagram values('UG32-36_1709','UG32-20040100','36-15','E87 118d   BMW LA wheel, M Double Spoke 313','');
insert into Diagram values('UG32-36_0812','UG32-20040100','36-20','E87 118d   Balance weight, zinc','');
insert into Diagram values('UG32-36_0811','UG32-20040100','36-25','E87 118d   WHEEL BOLT LOCK WITH ADAPTOR','');
insert into Diagram values('UG32-36_1032','UG32-20040100','36-25','E87 118d   SET WHEEL LOCKS','');
insert into Diagram values('UG32-36_0834','UG32-20040100','36-30','E87 118d   Summer tires','');
insert into Diagram values('UG32-36_1076','UG32-20040100','36-30','E87 118d   Winter tires','');
insert into Diagram values('UG32-36_0873','UG32-20040100','36-95','E87 118d   COMPL.WINT.TYRE+WHEEL,RADIAL STYLING 32','');
insert into Diagram values('UG32-36_0874','UG32-20040100','36-95','E87 118d   Radial spoke 139 complete winter wheel','');
insert into Diagram values('UG32-36_0924','UG32-20040100','36-95','E87 118d   Winter wheel/tire, steel','');
insert into Diagram values('UG32-36_0958','UG32-20040100','36-95','E87 118d   Winter complete wheel V spoke 141','');
insert into Diagram values('UG32-36_1168','UG32-20040100','36-95','E87 118d   Winterkomplettrad V-Speiche 229','');
insert into Diagram values('UG32-36_1274','UG32-20040100','36-95','E87 118d   Set emergency wheel with tyre','');
insert into Diagram values('UG32-36_1329','UG32-20040100','36-95','E87 118d   Winterkomplettrad Sternspeiche 256','');
insert into Diagram values('UG32-41_1594','UG32-20040100','41-05','E87 118d   Body skeleton','');
insert into Diagram values('UG32-41_1596','UG32-20040100','41-10','E87 118d   Front side panel','');
insert into Diagram values('UG32-41_1597','UG32-20040100','41-10','E87 118d   WHEELHOUSE/ENGINE SUPPORT','');
insert into Diagram values('UG32-41_1598','UG32-20040100','41-10','E87 118d   SPLASH WALL PARTS','');
insert into Diagram values('UG32-41_1599','UG32-20040100','41-10','E87 118d   FRONT BODY BRACKET LEFT','');
insert into Diagram values('UG32-41_1600','UG32-20040100','41-10','E87 118d   FRONT BODY BRACKET RIGHT','');
insert into Diagram values('UG32-41_1602','UG32-20040100','41-20','E87 118d   Cavity shielding, side frame','');
insert into Diagram values('UG32-41_1603','UG32-20040100','41-20','E87 118d   BODY-SIDE FRAME','');
insert into Diagram values('UG32-41_1604','UG32-20040100','41-20','E87 118d   SINGLE COMPONENTS FOR BODY-SIDE FRAME','');
insert into Diagram values('UG32-41_1605','UG32-20040100','41-20','E87 118d   Partition trunk/Floor parts','');
insert into Diagram values('UG32-41_1606','UG32-20040100','41-25','E87 118d   Mounting parts for trunk floor panel','');
insert into Diagram values('UG32-41_1608','UG32-20040100','41-25','E87 118d   FLOOR PARTS REAR EXTERIOR','');
insert into Diagram values('UG32-41_1609','UG32-20040100','41-25','E87 118d   SIDE PANEL/TAIL TRIM','');
insert into Diagram values('UG32-41_1610','UG32-20040100','41-25','E87 118d   FILL-IN FLAP','');
insert into Diagram values('UG32-41_1601','UG32-20040100','41-30','E87 118d   Roof','');
insert into Diagram values('UG32-41_1611','UG32-20040100','41-35','E87 118d   ENGINE HOOD/MOUNTING PARTS','');
insert into Diagram values('UG32-41_1641','UG32-20040100','41-35','E87 118d   ENGINE HOOD MECHANISM','');
insert into Diagram values('UG32-41_1612','UG32-20040100','41-40','E87 118d   FRONT DOOR-HINGE/DOOR BRAKE','');
insert into Diagram values('UG32-41_1635','UG32-20040100','41-40','E87 118d   Door weatherstrip front','');
insert into DiagramParts values('UG32-41_1639-51210037535', 'UG32-41_1639', 05, 'Set of keys with CAS control unit', '315 MHZ', 1, to_date('20041201','YYYYMMDD'), to_date('20080301','YYYYMMDD'), '51210037535', '', '', false);
insert into Diagram values('UG32-41_1639','UG32-20040100','41-40','E87 118d   Radio remote control','');
insert into Diagram values('UG32-41_1973','UG32-20040100','41-40','E87 118d   DOOR CONTROL FRONT','');
insert into Diagram values('UG32-41_1613','UG32-20040100','41-45','E87 118d   Door rear, hinge/door brake','');
insert into Diagram values('UG32-41_1634','UG32-20040100','41-45','E87 118d   DOOR CONTROL REAR','');
insert into Diagram values('UG32-41_1636','UG32-20040100','41-45','E87 118d   Door weatherstrip rear','');
insert into DiagramParts values('UG32-41_1640-51210037537', 'UG32-41_1640', 01, 'Set uniform lock.syst. w/CAS cntrl(code)', '315 MHZ', 1, to_date('20041201','YYYYMMDD'), to_date('20080301','YYYYMMDD'), '51210037537', '', '', false);
insert into Diagram values('UG32-41_1640','UG32-20040100','41-50','E87 118d   Master key locking','');
insert into Diagram values('UG32-41_1614','UG32-20040100','41-60','E87 118d   TRUNK LID/CLOSING SYSTEM','');
insert into Diagram values('UG32-41_1615','UG32-20040100','41-60','E87 118d   SINGLE COMPONENTS FOR TRUNK LID','');
insert into Diagram values('UG32-41_1607','UG32-20040100','41-65','E87 118d   MECHANICAL CONNECTION ELEMENTS','');
insert into Diagram values('UG32-51_5434','UG32-20040100','51-05','E87 118d   Glazing','');
insert into DiagramParts values('UG32-51_5293-51167132736', 'UG32-51_5293', 01, 'Mirror glas, heated, wide-angle, right', 'CHROMFARBIG', 1, to_date('20090301','YYYYMMDD'), to_date('20090901','YYYYMMDD'), '51167132736', '$73.94', '', false);
insert into Diagram values('UG32-51_5293','UG32-20040100','51-07','E87 118d   MIRROR GLASS','');
insert into Diagram values('UG32-51_5294','UG32-20040100','51-07','E87 118d   Mirror glas with auto dip','');
insert into DiagramParts values('UG32-51_5472-51167234224', 'UG32-51_5472', 01, 'heated outside mirror, right', 'SHADOWLINE', 1, to_date('20080701','YYYYMMDD'), to_date('20090901','YYYYMMDD'), '51167234224', '', '', false);
insert into DiagramParts values('UG32-51_5472-51167189896', 'UG32-51_5472', 01, 'heated outside mirror, right', 'SHADOWLINE', 1, to_date('20060701','YYYYMMDD'), to_date('20080701','YYYYMMDD'), '51167189896', '', '', false);
insert into DiagramParts values('UG32-51_5472-51167234228', 'UG32-51_5472', 01, 'Outside mirror heated with memory,right', 'SHADOWLINE', 1, to_date('20080701','YYYYMMDD'), to_date('20090901','YYYYMMDD'), '51167234228', '', '', false);
insert into DiagramParts values('UG32-51_5472-51167189904', 'UG32-51_5472', 01, 'Outside mirror heated with memory,right', 'SHADOWLINE', 1, to_date('20060701','YYYYMMDD'), to_date('20080701','YYYYMMDD'), '51167189904', '', '', false);
insert into DiagramParts values('UG32-51_5472-51168036572', 'UG32-51_5472', 04, 'Supporting ring right', 'GLANZSCHWARZ', 1, to_date('20080701','YYYYMMDD'), to_date('20090901','YYYYMMDD'), '51168036572', '$32.17', '', false);
insert into Diagram values('UG32-51_5472','UG32-20040100','51-07','E87 118d   Outside mirror','');
insert into DiagramParts values('UG32-51_5473-51167234236', 'UG32-51_5473', 01, 'Outside mirror heated with memory,right', 'SHADOWLINE', 1, to_date('20080701','YYYYMMDD'), to_date('20090901','YYYYMMDD'), '51167234236', '', '', false);
insert into DiagramParts values('UG32-51_5473-51167234232', 'UG32-51_5473', 01, 'Outside mirror heated with memory,right', 'SHADOWLINE', 1, to_date('20080701','YYYYMMDD'), to_date('20090901','YYYYMMDD'), '51167234232', '', '', false);
insert into DiagramParts values('UG32-51_5473-51167189913', 'UG32-51_5473', 01, 'Outside mirror heated with memory, left', 'SHADOWLINE', 1, to_date('20060701','YYYYMMDD'), to_date('20080701','YYYYMMDD'), '51167189913', '', '', false);
insert into Diagram values('UG32-51_5473','UG32-20040100','51-07','E87 118d   Fold-in outside mirror','');
insert into Diagram values('UG32-51_5438','UG32-20040100','51-10','E87 118d   DOOR WINDOW LIFTING MECHANISM FRONT','');
insert into Diagram values('UG32-51_5439','UG32-20040100','51-10','E87 118d   Window frame cover, front door','');
insert into Diagram values('UG32-51_5440','UG32-20040100','51-12','E87 118d   DOOR WINDOW LIFTING MECHANISM REAR','');
insert into Diagram values('UG32-51_5441','UG32-20040100','51-12','E87 118d   Window frame cover, rear door','');
insert into Diagram values('UG32-51_5332','UG32-20040100','51-15','E87 118d   Trim panel, bumper, front','');
insert into Diagram values('UG32-51_5402','UG32-20040100','51-15','E87 118d   Carrier, bumper front','');
insert into Diagram values('UG32-51_5435','UG32-20040100','51-15','E87 118d   Bracket, PDC-sensors','');
insert into Diagram values('UG32-51_5977','UG32-20040100','51-15','E87 118d   M FRONT BUMPER TRIM PANEL','');
insert into DiagramParts values('UG32-51_5348-51477906818', 'UG32-51_5348', 15, 'M trim piece, front right entry', 'M', 1, to_date('20050901','YYYYMMDD'), to_date('20070301','YYYYMMDD'), '51477906818', '', '', false);
insert into DiagramParts values('UG32-51_5348-51477906820', 'UG32-51_5348', 16, 'M trim piece, rear right entry', 'M', 1, to_date('20050901','YYYYMMDD'), to_date('20070301','YYYYMMDD'), '51477906820', '', '', false);
insert into Diagram values('UG32-51_5348','UG32-20040100','51-16','E87 118d   Door sill','');
insert into Diagram values('UG32-51_6335','UG32-20040100','51-16','E87 118d   M door sill trim panel','');
insert into Diagram values('UG32-51_5403','UG32-20040100','51-17','E87 118d   Carrier, bumper rear','');
insert into Diagram values('UG32-51_5429','UG32-20040100','51-17','E87 118d   Bumper trim panel, rear','');
insert into Diagram values('UG32-51_5431','UG32-20040100','51-17','E87 118d   REAR BUMPER MOUNTING PARTS','');
insert into Diagram values('UG32-51_5985','UG32-20040100','51-17','E87 118d   M REAR BUMPER TRIM','');
insert into Diagram values('UG32-51_5414','UG32-20040100','51-20','E87 118d   Exterior trim and door seals','');
insert into Diagram values('UG32-51_5442','UG32-20040100','51-20','E87 118d   Exterior trim / Grille / Seals','');
insert into Diagram values('UG32-51_5465','UG32-20040100','51-20','E87 118d   Emblems','');
insert into Diagram values('UG32-51_5503','UG32-20040100','51-30','E87 118d   Carrier instrument panel','');
insert into Diagram values('UG32-51_5504','UG32-20040100','51-30','E87 118d   Trim panel dashboard','');
insert into Diagram values('UG32-51_5505','UG32-20040100','51-30','E87 118d   GLOVE BOX','');
insert into Diagram values('UG32-51_9041','UG32-20040100','51-30','E87 118d   Switch unit cover, center console','');
insert into Diagram values('UG32-51_9135','UG32-20040100','51-30','E87 118d   Mounting parts, I-panel, bottom','');
insert into Diagram values('UG32-51_5508','UG32-20040100','51-35','E87 118d   Center console','');
insert into Diagram values('UG32-51_5509','UG32-20040100','51-35','E87 118d   Armrest, centre console','');
insert into Diagram values('UG32-51_5540','UG32-20040100','51-35','E87 118d   Mounting parts, center console','');
insert into Diagram values('UG32-51_5510','UG32-20040100','51-40','E87 118d   Sun visors','');
insert into Diagram values('UG32-51_5511','UG32-20040100','51-40','E87 118d   Inside mirror manually dippable','');
insert into Diagram values('UG32-51_5512','UG32-20040100','51-40','E87 118d   Interior mirror with automatic-dip','');
insert into Diagram values('UG32-51_5515','UG32-20040100','51-40','E87 118d   Headlining / Handle','');
insert into Diagram values('UG32-51_5516','UG32-20040100','51-40','E87 118d   Headlin./Handle lift-up&slide-back sunr.','');
insert into Diagram values('UG32-51_5517','UG32-20040100','51-40','E87 118d   Trim panel A- / B- / C-Column','');
insert into Diagram values('UG32-51_5522','UG32-20040100','51-40','E87 118d   REAR WINDOW SHELF','');
insert into Diagram values('UG32-51_6211','UG32-20040100','51-40','E87 118d   Headlining / Handle','');
insert into Diagram values('UG32-51_6212','UG32-20040100','51-40','E87 118d   Headlin./Handle lift-up&slide-back sunr.','');
insert into Diagram values('UG32-51_5513','UG32-20040100','51-50','E87 118d   Door trim panel, front','');
insert into Diagram values('UG32-51_5514','UG32-20040100','51-50','E87 118d   Door trim, rear','');
insert into Diagram values('UG32-51_5535','UG32-20040100','51-50','E87 118d   Door trim panel rear/Eler. window lifter','');
insert into Diagram values('UG32-51_5518','UG32-20040100','51-55','E87 118d   TRIM PANEL LEG ROOM','');
insert into Diagram values('UG32-51_5519','UG32-20040100','51-55','E87 118d   Cover, entrance','');
insert into Diagram values('UG32-51_5521','UG32-20040100','51-55','E87 118d   FLOOR COVERING','');
insert into DiagramParts values('UG32-51_6668-51479171368', 'UG32-51_6668', 03, 'Velcro element with screw thread', 'D 62MM', 2, to_date('20070901','YYYYMMDD'), to_date('20110801','YYYYMMDD'), '51479171368', '$8.03', '', false);
insert into Diagram values('UG32-51_6668','UG32-20040100','51-55','E87 118d   Floor mats, velours','');
insert into Diagram values('UG32-51_5523','UG32-20040100','51-65','E87 118d   TRUNK LID TRIM PANEL','');
insert into Diagram values('UG32-51_5525','UG32-20040100','51-65','E87 118d   LEFT TRUNK TRIM','');
insert into Diagram values('UG32-51_5536','UG32-20040100','51-65','E87 118d   Right TRUNK TRIM','');
insert into Diagram values('UG32-51_6519','UG32-20040100','51-65','E87 118d   Trunk floor / Trunk sill / Dividing net','');
insert into Diagram values('UG32-51_5526','UG32-20040100','51-70','E87 118d   SOUND INSULATING FRONT','');
insert into Diagram values('UG32-51_5527','UG32-20040100','51-70','E87 118d   Heat insulation','');
insert into Diagram values('UG32-51_5532','UG32-20040100','51-70','E87 118d   Wheelarch trim','');
insert into Diagram values('UG32-51_5538','UG32-20040100','51-70','E87 118d   SOUND INSULATING REAR','');
insert into Diagram values('UG32-51_5790','UG32-20040100','51-70','E87 118d   Diesel encapsulation','');
insert into Diagram values('UG32-51_5528','UG32-20040100','51-75','E87 118d   Underhood shield','');
insert into Diagram values('UG32-51_5529','UG32-20040100','51-75','E87 118d   Underfloor coating for manual transm.','');
insert into Diagram values('UG32-51_5709','UG32-20040100','51-75','E87 118d   Underhood shield','');
insert into Diagram values('UG32-51_6171','UG32-20040100','51-75','E87 118d   Underbody trim on side','');
insert into Diagram values('UG32-51_6529','UG32-20040100','51-75','E87 118d   FRONT PANEL','');
insert into Diagram values('UG32-51_6760','UG32-20040100','51-75','E87 118d   Strut brace','');
insert into Diagram values('UG32-51_6960','UG32-20040100','51-75','E87 118d   Air duct','');
insert into Diagram values('UG32-51_6535','UG32-20040100','51-80','E87 118d   Misc. body parts','');
insert into Diagram values('UG32-51_6771','UG32-20040100','51-80','E87 118d   Sealing cap/plug','');
insert into Diagram values('UG32-51_4635','UG32-20040100','51-95','E87 118d   Exterior mirror for towing','');
insert into Diagram values('UG32-51_4643','UG32-20040100','51-95','E87 118d   Non-skid mat','');
insert into Diagram values('UG32-51_4694','UG32-20040100','51-95','E87 118d   Aluminum footrest','');
insert into Diagram values('UG32-51_4698','UG32-20040100','51-95','E87 118d   Boot lashing strap','');
insert into Diagram values('UG32-51_5244','UG32-20040100','51-95','E87 118d   Luggage compartment pan','');
insert into Diagram values('UG32-51_5362','UG32-20040100','51-95','E87 118d   Luggage compartment, folding','');
insert into Diagram values('UG32-51_5674','UG32-20040100','51-95','E87 118d   Retrofit of exterior items in car color','');
insert into Diagram values('UG32-51_5688','UG32-20040100','51-95','E87 118d   Luggage compatment box "multifix"','');
insert into Diagram values('UG32-51_5727','UG32-20040100','51-95','E87 118d   Fine wood trim','');
insert into Diagram values('UG32-51_5733','UG32-20040100','51-95','E87 118d   Sunshade','');
insert into Diagram values('UG32-51_5734','UG32-20040100','51-95','E87 118d   Illuminated door sill strip retrofit kit','');
insert into Diagram values('UG32-51_5737','UG32-20040100','51-95','E87 118d   Rubber mat','');
insert into Diagram values('UG32-51_5738','UG32-20040100','51-95','E87 118d   Umbrella with bag','');
insert into Diagram values('UG32-51_5739','UG32-20040100','51-95','E87 118d   Storage sleeve DVD/CD','');
insert into Diagram values('UG32-51_5799','UG32-20040100','51-95','E87 118d   Fitted luggage compartment mat','');
insert into Diagram values('UG32-51_5804','UG32-20040100','51-95','E87 118d   Retrofit Cup holder center console','');
insert into Diagram values('UG32-51_5808','UG32-20040100','51-95','E87 118d   Retrofit equipm. armrest center console','');
insert into Diagram values('UG32-51_5928','UG32-20040100','51-95','E87 118d   Retrofit rearview mirror w. auto dimmer','');
insert into Diagram values('UG32-51_5939','UG32-20040100','51-95','E87 118d   Floor mats Commercial','');
insert into Diagram values('UG32-51_5954','UG32-20040100','51-95','E87 118d   Load edge protector','');
insert into Diagram values('UG32-51_5955','UG32-20040100','51-95','E87 118d   Retrofit kit M aerodyn. package','');
insert into Diagram values('UG32-51_5980','UG32-20040100','51-95','E87 118d   Retrofit: heating outside mirror','');
insert into Diagram values('UG32-51_6073','UG32-20040100','51-95','E87 118d   Door sill strip retrofit kit st. steel','');
insert into Diagram values('UG32-51_6083','UG32-20040100','51-95','E87 118d   Strut brace','');
insert into Diagram values('UG32-51_6085','UG32-20040100','51-95','E87 118d   Retrofit, M cover, entrance','');
insert into Diagram values('UG32-51_6137','UG32-20040100','51-95','E87 118d   Retrofit, cup holder','');
insert into Diagram values('UG32-51_6165','UG32-20040100','51-95','E87 118d   Luggage compartment clamping belts','');
insert into Diagram values('UG32-51_6213','UG32-20040100','51-95','E87 118d   Carbon fiber package','');
insert into Diagram values('UG32-51_6283','UG32-20040100','51-95','E87 118d   Load compartment protective cover','');
insert into Diagram values('UG32-51_6477','UG32-20040100','51-95','E87 118d   Key fob','');
insert into Diagram values('UG32-51_6639','UG32-20040100','51-95','E87 118d   Protective loading edge mat','');
insert into DiagramParts values('UG32-51_6669-51479171368', 'UG32-51_6669', 03, 'Velcro element with screw thread', 'D 62MM', 2, to_date('20070901','YYYYMMDD'), to_date('20110801','YYYYMMDD'), '51479171368', '$8.03', '', false);
insert into Diagram values('UG32-51_6669','UG32-20040100','51-95','E87 118d   Floor mats, velours','');
insert into Diagram values('UG32-51_6695','UG32-20040100','51-95','E87 118d   Storage net, footwell, front','');
insert into Diagram values('UG32-51_6696','UG32-20040100','51-95','E87 118d   Trunk room net','');
insert into Diagram values('UG32-51_6762','UG32-20040100','51-95','E87 118d   Retrofit f oddments tray instr. panel','');
insert into Diagram values('UG32-51_6770','UG32-20040100','51-95','E87 118d   FLOOR MATS CITY','');
insert into Diagram values('UG32-51_6778','UG32-20040100','51-95','E87 118d   BMW Performance strut tower brace carbon','');
insert into Diagram values('UG32-51_6803','UG32-20040100','51-95','E87 118d   Impact guard strips, side','');
insert into Diagram values('UG32-51_6850','UG32-20040100','51-95','E87 118d   Retrofit kit, M rocker panel trim','');
insert into Diagram values('UG32-51_6885','UG32-20040100','51-95','E87 118d   Aerodynamics package','');
insert into Diagram values('UG32-51_6963','UG32-20040100','51-95','E87 118d   Interior moldings Carbon','');
insert into Diagram values('UG32-51_6973','UG32-20040100','51-95','E87 118d   BMW Performance side stripes','');
insert into Diagram values('UG32-51_6977','UG32-20040100','51-95','E87 118d   Boot/trunk floor net','');
insert into Diagram values('UG32-51_6992','UG32-20040100','51-95','E87 118d   BMW Performance Aerodynamics, front','');
insert into Diagram values('UG32-51_6993','UG32-20040100','51-95','E87 118d   BMW Performance Aerodynamics','');
insert into Diagram values('UG32-51_6996','UG32-20040100','51-95','E87 118d   BMW Performance Aerodynamics, rocker','');
insert into Diagram values('UG32-51_7021','UG32-20040100','51-95','E87 118d   Retrofit snap-on drink holder','');
insert into Diagram values('UG32-51_7048','UG32-20040100','51-95','E87 118d   BMW Performance Aerodynamics, rear','');
insert into Diagram values('UG32-51_7061','UG32-20040100','51-95','E87 118d   Non-skid mat','');
insert into Diagram values('UG32-51_7142','UG32-20040100','51-95','E87 118d   BMW Performance Aluminum footrest','');
insert into Diagram values('UG32-51_7146','UG32-20040100','51-95','E87 118d   BMW Performance Interior moldings Carbon','');
insert into Diagram values('UG32-51_7152','UG32-20040100','51-95','E87 118d   BMW Performance strut tower brace, alu','');
insert into Diagram values('UG32-51_7191','UG32-20040100','51-95','E87 118d   Retrofit trim grill','');
insert into Diagram values('UG32-51_7224','UG32-20040100','51-95','E87 118d   BMW Performance door sill moldings','');
insert into Diagram values('UG32-51_7236','UG32-20040100','51-95','E87 118d   Footmat update','');
insert into Diagram values('UG32-51_7515','UG32-20040100','51-95','E87 118d   Dog Guard','');
insert into Diagram values('UG32-51_7713','UG32-20040100','51-95','E87 118d   Multifunct.lugg.compartm.mat w.fold.cont','');
insert into Diagram values('UG32-51_8051','UG32-20040100','51-95','E87 118d   First-aid kit, universal','');
insert into Diagram values('UG32-51_8522','UG32-20040100','51-95','E87 118d   Travel & Comfort System','');
insert into Diagram values('UG32-52_3086','UG32-20040100','52-10','E87 118d   Seat, front, head restraint','');
insert into DiagramParts values('UG32-52_3087-52106970532', 'UG32-52_3087', 04, 'COVER BACKREST CLOTH RIGHT', 'ANTHRAZIT', 1, to_date('20050901','YYYYMMDD'), to_date('20080901','YYYYMMDD'), '52106970532', '', '', false);
insert into DiagramParts values('UG32-52_3087-52106970534', 'UG32-52_3087', 04, 'COVER BACKREST CLOTH RIGHT', 'MONACOBLAU', 1, to_date('20050901','YYYYMMDD'), to_date('20080901','YYYYMMDD'), '52106970534', '', '', false);
insert into DiagramParts values('UG32-52_3087-52106970536', 'UG32-52_3087', 04, 'COVER BACKREST CLOTH RIGHT', 'NAUTILUSGRAU', 1, to_date('20050901','YYYYMMDD'), to_date('20080901','YYYYMMDD'), '52106970536', '', '', false);
insert into Diagram values('UG32-52_3087','UG32-20040100','52-10','E87 118d   Seat front, upholstery & cover base seat','');
insert into DiagramParts values('UG32-52_3088-52106955940', 'UG32-52_3088', 05, 'COVER BACKREST CLOTH RIGHT', 'ANTHRAZIT', 1, to_date('20050901','YYYYMMDD'), to_date('20061001','YYYYMMDD'), '52106955940', '', '', false);
insert into DiagramParts values('UG32-52_3088-52106955939', 'UG32-52_3088', 05, 'COVER BACKREST CLOTH LEFT', 'ANTHRAZIT', 1, to_date('20061001','YYYYMMDD'), to_date('20080901','YYYYMMDD'), '52106955939', '', '', false);
insert into DiagramParts values('UG32-52_3088-52106955942', 'UG32-52_3088', 05, 'COVER BACKREST CLOTH RIGHT', 'MONACOBLAU', 1, to_date('20050901','YYYYMMDD'), to_date('20061001','YYYYMMDD'), '52106955942', '', '', false);
insert into DiagramParts values('UG32-52_3088-52106955941', 'UG32-52_3088', 05, 'COVER BACKREST CLOTH LEFT', 'MONACOBLAU', 1, to_date('20061001','YYYYMMDD'), to_date('20080901','YYYYMMDD'), '52106955941', '', '', false);
insert into DiagramParts values('UG32-52_3088-52106955944', 'UG32-52_3088', 05, 'COVER BACKREST CLOTH RIGHT', 'NAUTILUSGRAU', 1, to_date('20050901','YYYYMMDD'), to_date('20061001','YYYYMMDD'), '52106955944', '', '', false);
insert into DiagramParts values('UG32-52_3088-52108036202', 'UG32-52_3088', 05, 'Cover backrest cloth/Imitat. leather,rig', 'SCHWARZ', 1, to_date('20050901','YYYYMMDD'), to_date('20061001','YYYYMMDD'), '52108036202', '', '', false);
insert into DiagramParts values('UG32-52_3088-52108036201', 'UG32-52_3088', 05, 'Cover backrest cloth/Imitat. leather,lft', 'SCHWARZ', 1, to_date('20061001','YYYYMMDD'), to_date('20070301','YYYYMMDD'), '52108036201', '', '', false);
insert into DiagramParts values('UG32-52_3088-52108039533', 'UG32-52_3088', 05, 'Cover backrest cloth/Imitat. leather,lft', 'SCHWARZ', 1, to_date('20070301','YYYYMMDD'), to_date('20080901','YYYYMMDD'), '52108039533', '', '', false);
insert into DiagramParts values('UG32-52_3088-52108039534', 'UG32-52_3088', 05, 'Cover backrest cloth/Imitat. leather,rig', 'SCHWARZ', 1, to_date('20070301','YYYYMMDD'), to_date('20080901','YYYYMMDD'), '52108039534', '', '', false);
insert into Diagram values('UG32-52_3088','UG32-20040100','52-10','E87 118d   Seat, front, uphlstry, cover, Sport seat','');
insert into Diagram values('UG32-52_3092','UG32-20040100','52-10','E87 118d   FRONT SEAT BACKREST FRAME/REAR PANEL','');
insert into Diagram values('UG32-52_3093','UG32-20040100','52-10','E87 118d   FRONT SEAT RAIL MECHANICAL/SINGLE PARTS','');
insert into DiagramParts values('UG32-52_3094-52106979627', 'UG32-52_3094', 12, 'Cover, belt catch left', 'NAUTILUSGRAU', 1, to_date('20050501','YYYYMMDD'), to_date('20070301','YYYYMMDD'), '52106979627', '', '', false);
insert into DiagramParts values('UG32-52_3094-52106979628', 'UG32-52_3094', 12, 'Cover, belt catch right', 'NAUTILUSGRAU', 1, to_date('20050501','YYYYMMDD'), to_date('20070301','YYYYMMDD'), '52106979628', '', '', false);
insert into Diagram values('UG32-52_3094','UG32-20040100','52-10','E87 118d   FRONT SEAT RAIL ELECTRICAL/SINGLE PARTS','');
insert into Diagram values('UG32-52_3125','UG32-20040100','52-10','E87 118d   Seat, front, lumbar','');
insert into Diagram values('UG32-52_3468','UG32-20040100','52-10','E87 118d   BMW Performance Sport Seat','');
insert into Diagram values('UG32-52_3541','UG32-20040100','52-10','E87 118d   Seat, front, electrical and motors','');
insert into Diagram values('UG32-52_3074','UG32-20040100','52-20','E87 118d   Rear seat head restraint','');
insert into Diagram values('UG32-52_3075','UG32-20040100','52-20','E87 118d   Seat, rear, head restraint, center','');
insert into Diagram values('UG32-52_3077','UG32-20040100','52-20','E87 118d   Seat, rear, uphlstry/cover, load-through','');
insert into Diagram values('UG32-52_3078','UG32-20040100','52-20','E87 118d   Seat, rear, seat frame, load-through','');
insert into Diagram values('UG32-52_3082','UG32-20040100','52-20','E87 118d   Rear seat ski bag','');
insert into Diagram values('UG32-52_3172','UG32-20040100','52-20','E87 118d   Retrofitting rear folding head restraint','');
insert into Diagram values('UG32-52_3212','UG32-20040100','52-20','E87 118d   Seat, rear, backrest trim covers','');
insert into Diagram values('UG32-52_3079','UG32-20040100','52-60','E87 118d   Cover material, running meter','');
insert into Diagram values('UG32-52_3713','UG32-20040100','52-65','E87 118d   Seat heating','');
insert into Diagram values('UG32-52_2913','UG32-20040100','52-95','E87 118d   Lambskin seat cover','');
insert into Diagram values('UG32-52_3015','UG32-20040100','52-95','E87 118d   UNIVERSAL PRODECTIVE REAR COVER','');
insert into Diagram values('UG32-52_3043','UG32-20040100','52-95','E87 118d   Belt holder','');
insert into Diagram values('UG32-52_3175','UG32-20040100','52-95','E87 118d   INSTALLING SET HEATED SEAT FRONT','');
insert into Diagram values('UG32-52_3196','UG32-20040100','52-95','E87 118d   Retrofit, net bag at seat backrest','');
insert into Diagram values('UG32-52_3199','UG32-20040100','52-95','E87 118d   Fire extinguisher','');
insert into Diagram values('UG32-52_3269','UG32-20040100','52-95','E87 118d   Seat-back storage pocket','');
insert into Diagram values('UG32-52_3435','UG32-20040100','52-95','E87 118d   Retrofitting rear folding head restraint','');
insert into Diagram values('UG32-52_3792','UG32-20040100','52-95','E87 118d   Fire extinguisher','');
insert into Diagram values('UG32-54_0341','UG32-20040100','54-05','E87 118d   SLID.LIFT. ROOF-COVER/CEILING FRAME','');
insert into Diagram values('UG32-61_1942','UG32-20040100','61-05','E87 118d   Main wiring harness, duplicate','');
insert into Diagram values('UG32-61_2028','UG32-20040100','61-05','E87 118d   Main wiring harness','');
insert into Diagram values('UG32-61_2195','UG32-20040100','61-05','E87 118d   Repair cable main cable harness','');
insert into Diagram values('UG32-61_2237','UG32-20040100','61-05','E87 118d   Main wiring harness','');
insert into Diagram values('UG32-61_2286','UG32-20040100','61-05','E87 118d   Main wiring harness','');
insert into Diagram values('UG32-61_1822','UG32-20040100','61-10','E87 118d   Cable-yarded material','');
insert into Diagram values('UG32-61_1861','UG32-20040100','61-10','E87 118d   VARIOUS ADDITIONAL WIRING SETS','');
insert into Diagram values('UG32-61_1863','UG32-20040100','61-10','E87 118d   DOOR CABLE HARNESSES','');
insert into Diagram values('UG32-61_1864','UG32-20040100','61-10','E87 118d   Wiring harness, instrument panel','');
insert into Diagram values('UG32-61_1868','UG32-20040100','61-10','E87 118d   Wiring set seat','');
insert into Diagram values('UG32-61_1869','UG32-20040100','61-10','E87 118d   Repair cable, airbag','');
insert into Diagram values('UG32-61_2567','UG32-20040100','61-10','E87 118d   Rep. wire for B+','');
insert into Diagram values('UG32-61_1280','UG32-20040100','61-15','E87 118d   Plug terminal ELO not waterproof','');
insert into Diagram values('UG32-61_1296','UG32-20040100','61-15','E87 118d   Circular connector / D 2,5 mm System','');
insert into Diagram values('UG32-61_1559','UG32-20040100','61-15','E87 118d   PLUG-IN CONNECTION BRACKET','');
insert into Diagram values('UG32-61_1578','UG32-20040100','61-15','E87 118d   Repair parts, optical fibre cable','');
insert into Diagram values('UG32-61_1691','UG32-20040100','61-15','E87 118d   Pin contacts ELO','');
insert into Diagram values('UG32-61_1711','UG32-20040100','61-15','E87 118d   Cable tie','');
insert into Diagram values('UG32-61_1754','UG32-20040100','61-15','E87 118d   Plug terminal ELO-Power','');
insert into Diagram values('UG32-61_1764','UG32-20040100','61-15','E87 118d   Diagnosis plug','');
insert into Diagram values('UG32-61_1765','UG32-20040100','61-15','E87 118d   Various cable terminals','');
insert into Diagram values('UG32-61_1865','UG32-20040100','61-15','E87 118d   VARIOUS CABLE HOLDERS','');
insert into Diagram values('UG32-61_1896','UG32-20040100','61-15','E87 118d   VARIOUS CABLE HOLDERS','');
insert into Diagram values('UG32-61_1970','UG32-20040100','61-15','E87 118d   Cable guide','');
insert into Diagram values('UG32-61_1996','UG32-20040100','61-15','E87 118d   Various cable grommets','');
insert into Diagram values('UG32-61_2063','UG32-20040100','61-15','E87 118d   Comb type connector','');
insert into Diagram values('UG32-61_2068','UG32-20040100','61-15','E87 118d   Contact system LSK8','');
insert into Diagram values('UG32-61_2107','UG32-20040100','61-15','E87 118d   Various parts, wiring harness repair','');
insert into Diagram values('UG32-61_2156','UG32-20040100','61-15','E87 118d   Double leaf spring contact','');
insert into Diagram values('UG32-61_2216','UG32-20040100','61-15','E87 118d   Terminal system MCON','');
insert into Diagram values('UG32-61_2217','UG32-20040100','61-15','E87 118d   Contact system MQS','');
insert into Diagram values('UG32-61_2268','UG32-20040100','61-15','E87 118d   Contact system MAK8','');
insert into Diagram values('UG32-61_2292','UG32-20040100','61-15','E87 118d   SLK socket contact','');
insert into Diagram values('UG32-61_2293','UG32-20040100','61-15','E87 118d   Contact system blade terminal MDK4 2.8','');
insert into Diagram values('UG32-61_2310','UG32-20040100','61-15','E87 118d   Plug housing for antenna cable, FAKRA','');
insert into Diagram values('UG32-61_2452','UG32-20040100','61-15','E87 118d   Round plug system D 1.5 mm','');
insert into Diagram values('UG32-61_2521','UG32-20040100','61-15','E87 118d   Socket housing MQS','');
insert into Diagram values('UG32-61_2638','UG32-20040100','61-15','E87 118d   Repair parts, coaxial cable contacts','');
insert into Diagram values('UG32-61_2680','UG32-20040100','61-15','E87 118d   Repair parts, coaxial cable housing','');
insert into Diagram values('UG32-61_1710','UG32-20040100','61-20','E87 118d   Fuses / sign with fuse allocat. diagr.','');
insert into Diagram values('UG32-61_1862','UG32-20040100','61-20','E87 118d   Individual parts, power distributor, fr.','');
insert into Diagram values('UG32-61_1718','UG32-20040100','61-25','E87 118d   Control unit/antennas passive access','');
insert into Diagram values('UG32-61_1847','UG32-20040100','61-25','E87 118d   BRACKET F BODY CONTROL UNITS AND MODULES','');
insert into Diagram values('UG32-61_2093','UG32-20040100','61-25','E87 118d   Control unit Junctionbox Elektronik','');
insert into Diagram values('UG32-61_2094','UG32-20040100','61-25','E87 118d   Control unit, footwell module','');
insert into DiagramParts values('UG32-61_2095-61356943766', 'UG32-61_2095', 01, 'Control unit CAS', 'CAS2', 1, to_date('20041201','YYYYMMDD'), to_date('20060901','YYYYMMDD'), '61356943766', '', 'ENDED', false);
insert into DiagramParts values('UG32-61_2095-61356964051', 'UG32-61_2095', 01, 'Control unit CAS', 'CAS2', 1, to_date('20041201','YYYYMMDD'), to_date('20060901','YYYYMMDD'), '61356964051', '', 'ENDED', false);
insert into DiagramParts values('UG32-61_2095-61356943771', 'UG32-61_2095', 01, 'Control unit CAS', 'CAS2', 1, to_date('20041201','YYYYMMDD'), to_date('20060901','YYYYMMDD'), '61356943771', '', 'ENDED', false);
insert into DiagramParts values('UG32-61_2095-61356981416', 'UG32-61_2095', 01, 'Control unit CAS', 'CAS2', 1, to_date('20041201','YYYYMMDD'), to_date('20060901','YYYYMMDD'), '61356981416', '', 'ENDED', false);
insert into DiagramParts values('UG32-61_2095-61356943791', 'UG32-61_2095', 01, 'Control unit CAS', 'CAS2', 1, to_date('20041201','YYYYMMDD'), to_date('20060901','YYYYMMDD'), '61356943791', '', 'ENDED', false);
insert into DiagramParts values('UG32-61_2095-61356943797', 'UG32-61_2095', 01, 'Control unit CAS', 'CAS2', 1, to_date('20041201','YYYYMMDD'), to_date('20060901','YYYYMMDD'), '61356943797', '', 'ENDED', false);
insert into DiagramParts values('UG32-61_2095-61356943814', 'UG32-61_2095', 01, 'Control unit CAS', 'CAS3', 1, to_date('20041201','YYYYMMDD'), to_date('20060901','YYYYMMDD'), '61356943814', '', 'ENDED', false);
insert into DiagramParts values('UG32-61_2095-61356943830', 'UG32-61_2095', 01, 'Control unit CAS', 'CAS3', 1, to_date('20041201','YYYYMMDD'), to_date('20070301','YYYYMMDD'), '61356943830', '', 'ENDED', false);
insert into DiagramParts values('UG32-61_2095-61356943834', 'UG32-61_2095', 01, 'Control unit CAS', 'CAS3', 1, to_date('20041201','YYYYMMDD'), to_date('20090301','YYYYMMDD'), '61356943834', '', 'ENDED', false);
insert into DiagramParts values('UG32-61_2095-61359147184', 'UG32-61_2095', 01, 'Control unit CAS', 'CAS3', 1, to_date('20041201','YYYYMMDD'), to_date('20090301','YYYYMMDD'), '61359147184', '', 'ENDED', false);
insert into DiagramParts values('UG32-61_2095-61359147195', 'UG32-61_2095', 01, 'Control unit CAS', 'CAS3', 1, to_date('20041201','YYYYMMDD'), to_date('20090301','YYYYMMDD'), '61359147195', '', 'ENDED', false);
insert into DiagramParts values('UG32-61_2095-61359147196', 'UG32-61_2095', 01, 'Control unit CAS', 'CAS3', 1, to_date('20041201','YYYYMMDD'), to_date('20090901','YYYYMMDD'), '61359147196', '', 'ENDED', false);
insert into DiagramParts values('UG32-61_2095-61359147212', 'UG32-61_2095', 01, 'Control unit CAS', 'CAS3', 1, to_date('20041201','YYYYMMDD'), to_date('20090901','YYYYMMDD'), '61359147212', '', 'ENDED', false);
insert into DiagramParts values('UG32-61_2095-61359147220', 'UG32-61_2095', 01, 'Control unit CAS', 'CAS3', 1, to_date('20041201','YYYYMMDD'), to_date('20090901','YYYYMMDD'), '61359147220', '', 'ENDED', false);
insert into DiagramParts values('UG32-61_2095-61359147221', 'UG32-61_2095', 01, 'Control unit CAS', 'CAS3', 1, to_date('20041201','YYYYMMDD'), to_date('20090901','YYYYMMDD'), '61359147221', '', 'ENDED', false);
insert into DiagramParts values('UG32-61_2095-61359147226', 'UG32-61_2095', 01, 'Control unit CAS', 'CAS3', 1, to_date('20041201','YYYYMMDD'), to_date('20090901','YYYYMMDD'), '61359147226', '', 'ENDED', false);
insert into DiagramParts values('UG32-61_2095-61359217853', 'UG32-61_2095', 01, 'Control unit CAS', 'CAS3', 1, to_date('20041201','YYYYMMDD'), to_date('20100301','YYYYMMDD'), '61359217853', '', 'ENDED', false);
insert into Diagram values('UG32-61_2095','UG32-20040100','61-25','E87 118d   Control unit CAS','');
insert into DiagramParts values('UG32-61_2096-61359221180', 'UG32-61_2096', 07, 'TRAILER TOWING MODUL', '4R', 1, to_date('20090301','YYYYMMDD'), to_date('20110301','YYYYMMDD'), '61359221180', '$203.91', '', false);
insert into DiagramParts values('UG32-61_2096-61359186177', 'UG32-61_2096', 07, 'TRAILER TOWING MODUL', '4R', 1, to_date('20060901','YYYYMMDD'), to_date('20090301','YYYYMMDD'), '61359186177', '', 'ENDED', false);
insert into Diagram values('UG32-61_2096','UG32-20040100','61-25','E87 118d   Control units/modules','');
insert into Diagram values('UG32-61_1859','UG32-20040100','61-30','E87 118d   B+ terminal point, engine compartment','');
insert into Diagram values('UG32-61_1860','UG32-20040100','61-30','E87 118d   Battery lead/distribution box, rear','');
insert into Diagram values('UG32-61_1948','UG32-20040100','61-30','E87 118d   battery holder and mounting parts','');
insert into Diagram values('UG32-61_1986','UG32-20040100','61-30','E87 118d   Original BMW battery (Warranty only)','');
insert into Diagram values('UG32-61_1839','UG32-20040100','61-35','E87 118d   Control element light','');
insert into Diagram values('UG32-61_1843','UG32-20040100','61-35','E87 118d   SWITCH WINDOW LIFTER','');
insert into Diagram values('UG32-61_1844','UG32-20040100','61-35','E87 118d   Switch unit roof','');
insert into Diagram values('UG32-61_1845','UG32-20040100','61-35','E87 118d   Seat adjustment switch, front','');
insert into Diagram values('UG32-61_1849','UG32-20040100','61-35','E87 118d   VARIOUS SWITCHES','');
insert into Diagram values('UG32-61_1880','UG32-20040100','61-35','E87 118d   Switch, Multifunction Sport/M st. wheel','');
insert into Diagram values('UG32-61_2050','UG32-20040100','61-35','E87 118d   Switch unit roof','');
insert into Diagram values('UG32-61_2128','UG32-20040100','61-35','E87 118d   Switch for brake, clutch','');
insert into Diagram values('UG32-61_2274','UG32-20040100','61-35','E87 118d   Switch unit, center console','');
insert into Diagram values('UG32-61_2281','UG32-20040100','61-35','E87 118d   Starter/Stop switch','');
insert into Diagram values('UG32-61_2282','UG32-20040100','61-35','E87 118d   Switch hazard warning/central lckng syst','');
insert into Diagram values('UG32-61_2322','UG32-20040100','61-35','E87 118d   Switch unit roof','');
insert into Diagram values('UG32-61_2480','UG32-20040100','61-35','E87 118d   Cigarette lighter / sockets','');
insert into Diagram values('UG32-61_2639','UG32-20040100','61-35','E87 118d   Shift paddles / Shift paddles','');
insert into Diagram values('UG32-61_2900','UG32-20040100','61-35','E87 118d   USB/AUX-IN socket','');
insert into Diagram values('UG32-61_2946','UG32-20040100','61-35','E87 118d   USB/AUX-IN socket','');
insert into Diagram values('UG32-61_3088','UG32-20040100','61-35','E87 118d   Switch unit steering column','');
insert into Diagram values('UG32-61_2857','UG32-20040100','61-40','E87 118d   Horn','');
insert into Diagram values('UG32-61_1854','UG32-20040100','61-45','E87 118d   SINGLE WIPER PARTS','');
insert into Diagram values('UG32-61_1856','UG32-20040100','61-45','E87 118d   SINGLE PARTS FOR REAR WINDOW WIPER','');
insert into Diagram values('UG32-61_1858','UG32-20040100','61-45','E87 118d   WIPER ARM/WIPER BLADE','');
insert into Diagram values('UG32-61_1876','UG32-20040100','61-45','E87 118d   SINGLE PARTS FOR HEAD LAMP CLEANING','');
insert into Diagram values('UG32-61_1877','UG32-20040100','61-45','E87 118d   FILLER PIPE FOR WASH CONTAINER','');
insert into Diagram values('UG32-61_1878','UG32-20040100','61-45','E87 118d   SINGLE PARTS FOR WINDSHIELD CLEANING','');
insert into Diagram values('UG32-61_1879','UG32-20040100','61-45','E87 118d   Reserv.,windshield/headlight washer syst','');
insert into Diagram values('UG32-61_2046','UG32-20040100','61-45','E87 118d   SINGLE PARTS FOR HEAD LAMP CLEANING','');
insert into Diagram values('UG32-61_1872','UG32-20040100','61-95','E87 118d   Retrofit kit, headlight cleaning system','');
insert into Diagram values('UG32-61_1974','UG32-20040100','61-95','E87 118d   Retrofit, passenger airbag shutoff','');
insert into Diagram values('UG32-61_2223','UG32-20040100','61-95','E87 118d   Suppression filter','');
insert into Diagram values('UG32-61_3026','UG32-20040100','61-95','E87 118d   Battery charger','');
insert into Diagram values('UG32-61_3244','UG32-20040100','61-95','E87 118d   Battery charger','');
insert into Diagram values('UG32-62_0471','UG32-20040100','62-05','E87 118d   Instrument cluster','');
insert into Diagram values('UG32-62_0561','UG32-20040100','62-95','E87 118d   Electronic log book','');
insert into Diagram values('UG32-63_0865','UG32-20040100','63-05','E87 118d   Headlight','');
insert into Diagram values('UG32-63_0874','UG32-20040100','63-05','E87 118d   Single components for headlight','');
insert into Diagram values('UG32-63_0875','UG32-20040100','63-05','E87 118d   Single parts, xenon headlight','');
insert into Diagram values('UG32-63_1067','UG32-20040100','63-05','E87 118d   SPARE BULBS BOX','');
insert into Diagram values('UG32-63_1363','UG32-20040100','63-05','E87 118d   BMW Performance Light','');
insert into Diagram values('UG32-63_1420','UG32-20040100','63-05','E87 118d   SPARE BULBS BOX','');
insert into Diagram values('UG32-63_0866','UG32-20040100','63-10','E87 118d   Additional turn indicator lamp','');
insert into Diagram values('UG32-63_0867','UG32-20040100','63-15','E87 118d   Fog lights','');
insert into Diagram values('UG32-63_0868','UG32-20040100','63-20','E87 118d   Rear light','');
insert into Diagram values('UG32-63_0869','UG32-20040100','63-25','E87 118d   Third stoplamp','');
insert into Diagram values('UG32-63_0870','UG32-20040100','63-30','E87 118d   VARIOUS LAMPS/SPARE BULBS BOX','');
insert into Diagram values('UG32-63_0871','UG32-20040100','63-30','E87 118d   Various lamps','');
insert into Diagram values('UG32-63_0904','UG32-20040100','63-95','E87 118d   INSTALLING SET FOG LAMPS','');
insert into Diagram values('UG32-63_0922','UG32-20040100','63-95','E87 118d   Install.kit, Xenon light','');
insert into Diagram values('UG32-63_0935','UG32-20040100','63-95','E87 118d   Retrofit kit rear light Black Line','');
insert into Diagram values('UG32-63_1050','UG32-20040100','63-95','E87 118d   Retrofit kit, tail lamps, Facelift LED','');
insert into Diagram values('UG32-63_1078','UG32-20040100','63-95','E87 118d   Retrofit kit cornering light','');
insert into Diagram values('UG32-63_1153','UG32-20040100','63-95','E87 118d   Flashlight, LED','');
insert into Diagram values('UG32-63_1289','UG32-20040100','63-95','E87 118d   Retrofit kit, LED daytime driving lights','');
insert into Diagram values('UG32-63_1322','UG32-20040100','63-95','E87 118d   LED interior light package','');
insert into Diagram values('UG32-63_1509','UG32-20040100','63-95','E87 118d   BMW LED luggage compartment lamp','');
insert into Diagram values('UG32-64_1440','UG32-20040100','64-05','E87 118d   AIR OUTLET','');
insert into Diagram values('UG32-64_1428','UG32-20040100','64-10','E87 118d   MICROFILTER/ACTIVATED CARBON CONTAINER','');
insert into Diagram values('UG32-64_1449','UG32-20040100','64-15','E87 118d   Heater radiator','');
insert into Diagram values('UG32-64_1774','UG32-20040100','64-15','E87 118d   Heater unit, Denso','');
insert into Diagram values('UG32-64_1778','UG32-20040100','64-15','E87 118d   Heater core up to 07/2006','');
insert into Diagram values('UG32-64_1779','UG32-20040100','64-15','E87 118d   Heater core from 07/2006 onward','');
insert into Diagram values('UG32-64_1780','UG32-20040100','64-15','E87 118d   Heater unit, Denso','');
insert into Diagram values('UG32-64_1781','UG32-20040100','64-15','E87 118d   Heater unit, Denso','');
insert into Diagram values('UG32-64_1446','UG32-20040100','64-18','E87 118d   Additional water pump/Water hose','');
insert into Diagram values('UG32-64_1442','UG32-20040100','64-20','E87 118d   HEATER CONTROL','');
insert into Diagram values('UG32-64_1443','UG32-20040100','64-20','E87 118d   Automatic air conditioning control','');
insert into Diagram values('UG32-64_1445','UG32-20040100','64-20','E87 118d   Air Conditioning Control','');
insert into Diagram values('UG32-64_1439','UG32-20040100','64-30','E87 118d   Evaporator / Expansion valve','');
insert into Diagram values('UG32-64_1451','UG32-20040100','64-35','E87 118d   Housing parts heater and air cond. Denso','');
insert into Diagram values('UG32-64_1452','UG32-20040100','64-35','E87 118d   Housing parts aut.air conditioning Valeo','');
insert into Diagram values('UG32-64_1455','UG32-20040100','64-35','E87 118d   Housing parts aut.air conditioning Denso','');
insert into Diagram values('UG32-64_1453','UG32-20040100','64-40','E87 118d   ELECTRIC PARTS FOR HEATER','');
insert into Diagram values('UG32-64_1454','UG32-20040100','64-40','E87 118d   ELECTRIC PARTS FOR AC UNIT','');
insert into Diagram values('UG32-64_1433','UG32-20040100','64-45','E87 118d   SENSOR F. AUC','');
insert into Diagram values('UG32-64_1434','UG32-20040100','64-45','E87 118d   Solar sensor','');
insert into Diagram values('UG32-64_1438','UG32-20040100','64-45','E87 118d   Condensation sensor','');
insert into Diagram values('UG32-64_1447','UG32-20040100','64-50','E87 118d   Air-conditioner compressor','');
insert into Diagram values('UG32-64_1429','UG32-20040100','64-55','E87 118d   Condenser air conditioning','');
insert into Diagram values('UG32-64_1431','UG32-20040100','64-60','E87 118d   Coolant lines','');
insert into Diagram values('UG32-64_1575','UG32-20040100','64-65','E87 118d   Spare parts,aux.heater,Opt.Eqmt/Accessor','');
insert into Diagram values('UG32-64_1319','UG32-20040100','64-95','E87 118d   Labels independent heating','');
insert into Diagram values('UG32-64_1444','UG32-20040100','64-95','E87 118d   INSTALLING SET AUTOMATIC AIR CONDITIONER','');
insert into Diagram values('UG32-64_1573','UG32-20040100','64-95','E87 118d   Install.kit, independent heater','');
insert into Diagram values('UG32-64_1855','UG32-20040100','64-95','E87 118d   Accessori e postmontaggi','');
insert into Diagram values('UG32-64_1441','UG32-20040100','64-99','E87 118d   DIVERSE SMALL PARTS','');
insert into Diagram values('UG32-65_0207','UG32-20040100','65-05','E87 118d   Earth strap for engine hood','');
insert into Diagram values('UG32-65_1472','UG32-20040100','65-05','E87 118d   Radio BMW Audio','');
insert into Diagram values('UG32-65_1473','UG32-20040100','65-05','E87 118d   Radio BMW Business CD','');
insert into DiagramParts values('UG32-65_1474-65129231059', 'UG32-65_1474', 02, 'Rotary knob', 'CHROM', 2, to_date('20100501','YYYYMMDD'), to_date('20100901','YYYYMMDD'), '65129231059', '', '', false);
insert into Diagram values('UG32-65_1474','UG32-20040100','65-05','E87 118d   Radio BMW Professional CD','');
insert into Diagram values('UG32-65_1475','UG32-20040100','65-05','E87 118d   Radio BMW Professional MD','');
insert into Diagram values('UG32-65_1476','UG32-20040100','65-05','E87 118d   M-Audio system controller','');
insert into Diagram values('UG32-65_1585','UG32-20040100','65-05','E87 118d   DAB tuner','');
insert into Diagram values('UG32-65_2440','UG32-20040100','65-05','E87 118d   DAB Retrofit','');
insert into Diagram values('UG32-65_1786','UG32-20040100','65-07','E87 118d   Auxiliary connection cable','');
insert into Diagram values('UG32-65_1471','UG32-20040100','65-10','E87 118d   CD Changer/Bracket','');
insert into DiagramParts values('UG32-65_1483-65136954877', 'UG32-65_1483', 01, 'Central bass, left', 'TOP-HIFI-SYSTEM', 1, to_date('20040801','YYYYMMDD'), to_date('20070301','YYYYMMDD'), '65136954877', '', 'ENDED', false);
insert into DiagramParts values('UG32-65_1483-65136954875', 'UG32-65_1483', 01, 'Central bass, left', 'HIFI-SYSTEM', 1, to_date('20040801','YYYYMMDD'), to_date('20070301','YYYYMMDD'), '65136954875', '', 'ENDED', false);
insert into DiagramParts values('UG32-65_1483-65136954871', 'UG32-65_1483', 01, 'Central bass, left', 'STEREO-SYSTEM', 1, to_date('20040801','YYYYMMDD'), to_date('20070301','YYYYMMDD'), '65136954871', '', 'ENDED', false);
insert into DiagramParts values('UG32-65_1483-65139143233', 'UG32-65_1483', 01, 'Central bass, left', 'STEREO-SYSTEM', 1, to_date('20040801','YYYYMMDD'), to_date('20090301','YYYYMMDD'), '65139143233', '', 'ENDED', false);
insert into DiagramParts values('UG32-65_1483-65139192461', 'UG32-65_1483', 01, 'Central bass, left', 'STEREO-SYSTEM', 1, to_date('20040801','YYYYMMDD'), to_date('20091101','YYYYMMDD'), '65139192461', '', 'ENDED', false);
insert into Diagram values('UG32-65_1483','UG32-20040100','65-20','E87 118d   Components central bass','');
insert into Diagram values('UG32-65_1484','UG32-20040100','65-20','E87 118d   SINGLE PARTS F FRONT DOOR LOUDSPEAKER','');
insert into Diagram values('UG32-65_1485','UG32-20040100','65-20','E87 118d   SINGLE PARTS F REAR HELF LOUDSPEAKER','');
insert into Diagram values('UG32-65_1489','UG32-20040100','65-22','E87 118d   Audio wiring harness','');
insert into Diagram values('UG32-65_1534','UG32-20040100','65-22','E87 118d   Universal aerial cable','');
insert into Diagram values('UG32-65_1469','UG32-20040100','65-25','E87 118d   amplifier / holder hifi system','');
insert into Diagram values('UG32-65_1470','UG32-20040100','65-25','E87 118d   Amplifier HiFi Prof. / Harman Kardon','');
insert into DiagramParts values('UG32-65_1486-07146961863', 'UG32-65_1486', 07, 'Sheet metal screw', 'ISA M5X12', 2, to_date('20060901','YYYYMMDD'), to_date('20070701','YYYYMMDD'), '07146961863', '', 'ENDED', false);
insert into Diagram values('UG32-65_1486','UG32-20040100','65-30','E87 118d   SINGLE PARTS F ANTENNA','');
insert into Diagram values('UG32-65_1788','UG32-20040100','65-30','E87 118d   Rod antenna SPORT','');
insert into Diagram values('UG32-65_1498','UG32-20040100','65-45','E87 118d   Controller','');
insert into Diagram values('UG32-65_1499','UG32-20040100','65-45','E87 118d   CCC CD','');
insert into Diagram values('UG32-65_1500','UG32-20040100','65-45','E87 118d   CCC MD/CD','');
insert into Diagram values('UG32-65_1501','UG32-20040100','65-45','E87 118d   Central information display','');
insert into Diagram values('UG32-65_1503','UG32-20040100','65-45','E87 118d   Single parts CCC','');
insert into Diagram values('UG32-65_1504','UG32-20040100','65-45','E87 118d   Coolant hose, CCC / CIC / MASK','');
insert into DiagramParts values('UG32-65_1724-65909112341', 'UG32-65_1724', 01, 'FSC JNav map 2007-1 initialization', 'ASAP', 1, to_date('20070301','YYYYMMDD'), to_date('20070901','YYYYMMDD'), '65909112341', '', 'ENDED', false);
insert into Diagram values('UG32-65_1724','UG32-20040100','65-50','E87 118d   Enable code for Japanese navigation','');
insert into Diagram values('UG32-65_1829','UG32-20040100','65-50','E87 118d   Bracket for Asian Navigation','');
insert into Diagram values('UG32-65_1976','UG32-20040100','65-50','E87 118d   DVD street map Navigation Option 609','');
insert into Diagram values('UG32-65_1978','UG32-20040100','65-50','E87 118d   DVD street map Navigation Option 606','');
insert into Diagram values('UG32-65_1487','UG32-20040100','65-60','E87 118d   Alarm systems','');
insert into Diagram values('UG32-65_1488','UG32-20040100','65-65','E87 118d   Electric parts for airbag','');
insert into Diagram values('UG32-65_1468','UG32-20040100','65-70','E87 118d   Temperature sensor','');
insert into Diagram values('UG32-65_1249','UG32-20040100','65-95','E87 118d   Retrofit kit, BMW Online','');
insert into Diagram values('UG32-65_1344','UG32-20040100','65-95','E87 118d   Replacement parts for radio navigation','');
insert into Diagram values('UG32-65_1513','UG32-20040100','65-95','E87 118d   Retrofit, CD changer','');
insert into Diagram values('UG32-65_1537','UG32-20040100','65-95','E87 118d   INSTALLATION KIT ALARM SYSTEM','');
insert into Diagram values('UG32-65_1541','UG32-20040100','65-95','E87 118d   Replacement parts for radio navigation','');
insert into Diagram values('UG32-65_1658','UG32-20040100','65-95','E87 118d   DVB-T Set-top box','');
insert into Diagram values('UG32-65_1814','UG32-20040100','65-95','E87 118d   Retrofit kit USB/iPod connection','');
insert into Diagram values('UG32-65_1825','UG32-20040100','65-95','E87 118d   iPod connection retrofit kit','');
insert into Diagram values('UG32-65_1894','UG32-20040100','65-95','E87 118d   Hifi system, Alpine','');
insert into Diagram values('UG32-65_1901','UG32-20040100','65-95','E87 118d   Navigation Portable Plus/Pro/HD Traffic','');
insert into Diagram values('UG32-65_1902','UG32-20040100','65-95','E87 118d   GPS, portable, street map','');
insert into Diagram values('UG32-65_1903','UG32-20040100','65-95','E87 118d   iPod connection retrofit kit','');
insert into Diagram values('UG32-65_1924','UG32-20040100','65-95','E87 118d   Navigation Portable accessories','');
insert into Diagram values('UG32-65_1989','UG32-20040100','65-95','E87 118d   Tracking Products','');
insert into Diagram values('UG32-65_2038','UG32-20040100','65-95','E87 118d   DVD system Tablet','');
insert into Diagram values('UG32-65_2079','UG32-20040100','65-95','E87 118d   Smartnav','');
insert into Diagram values('UG32-65_2271','UG32-20040100','65-95','E87 118d   Charger adapter for Apple iPod / iPhone','');
insert into Diagram values('UG32-65_2422','UG32-20040100','65-95','E87 118d   Cable adapter for Apple iPod / iPhone','');
insert into Diagram values('UG32-65_2434','UG32-20040100','65-95','E87 118d   DVD System Tablet Single','');
insert into Diagram values('UG32-65_2515','UG32-20040100','65-95','E87 118d   Navigation &apos;Portable&apos; with Design holder','');
insert into Diagram values('UG32-65_2520','UG32-20040100','65-95','E87 118d   BMW USB charger','');
insert into Diagram values('UG32-65_2522','UG32-20040100','65-95','E87 118d   Cable adapter, devices with Micro USB','');
insert into Diagram values('UG32-66_0114','UG32-20040100','66-05','E87 118d   Ignition lock of remote control','');
insert into Diagram values('UG32-66_0115','UG32-20040100','66-05','E87 118d   Park Distance Control (PDC)','');
insert into Diagram values('UG32-66_0229','UG32-20040100','66-05','E87 118d   Ultrasonic-sensor','');
insert into Diagram values('UG32-66_0110','UG32-20040100','66-95','E87 118d   Retrofit kit PDC II','');
insert into Diagram values('UG32-66_0120','UG32-20040100','66-95','E87 118d   Retrofit kit PDC, rear','');
insert into Diagram values('UG32-66_0121','UG32-20040100','66-95','E87 118d   Retrofit kit PDC, front and rear','');
insert into Diagram values('UG32-66_0122','UG32-20040100','66-95','E87 118d   Front PDC upgrade','');
insert into Diagram values('UG32-66_0128','UG32-20040100','66-95','E87 118d   Dynamic cruise control retrofit','');
insert into Diagram values('UG32-66_0130','UG32-20040100','66-95','E87 118d   Retrofit multi-functional steering wheel','');
insert into Diagram values('UG32-66_0188','UG32-20040100','66-95','E87 118d   Park Distance Control universale sonoro','');
insert into Diagram values('UG32-71_0385','UG32-20040100','71-03','E87 118d   LABEL "TIRE PRESSURE"','');
insert into Diagram values('UG32-71_0537','UG32-20040100','71-03','E87 118d   Various notice stickers','');
insert into Diagram values('UG32-71_0568','UG32-20040100','71-03','E87 118d   Instruction notice, Airbag','');
insert into Diagram values('UG32-71_0619','UG32-20040100','71-03','E87 118d   Label, coolant','');
insert into Diagram values('UG32-71_0388','UG32-20040100','71-05','E87 118d   Warning triangle/First aid kit/-cushion','');
insert into Diagram values('UG32-71_0389','UG32-20040100','71-05','E87 118d   Car tool','');
insert into Diagram values('UG32-71_0717','UG32-20040100','71-05','E87 118d   Set of lifting jack','');
insert into Diagram values('UG32-71_0338','UG32-20040100','71-10','E87 118d   electric parts, towing hitch','');
insert into Diagram values('UG32-71_0396','UG32-20040100','71-10','E87 118d   Towing hitch, detachable','');
insert into Diagram values('UG32-71_0384','UG32-20040100','71-95','E87 118d   Retrofit kit, towing hitch','');
insert into Diagram values('UG32-71_0400','UG32-20040100','71-95','E87 118d   Set of lifting jack','');
insert into Diagram values('UG32-71_0434','UG32-20040100','71-95','E87 118d   Tire Mobility Set','');
insert into Diagram values('UG32-71_0494','UG32-20040100','71-95','E87 118d   Retrofit kit, towing hitch','');
insert into Diagram values('UG32-71_0513','UG32-20040100','71-95','E87 118d   Twin electrics, caravan leads','');
insert into Diagram values('UG32-72_0524','UG32-20040100','72-03','E87 118d   Air bag','');
insert into Diagram values('UG32-72_0521','UG32-20040100','72-05','E87 118d   Safety belt front','');
insert into Diagram values('UG32-72_0522','UG32-20040100','72-05','E87 118d   FRONT SAFETY BELT MOUNTING PARTS','');
insert into Diagram values('UG32-72_0523','UG32-20040100','72-05','E87 118d   SAFETY BELT REAR','');
insert into Diagram values('UG32-72_0461','UG32-20040100','72-95','E87 118d   Storage compartment module','');
insert into Diagram values('UG32-72_0462','UG32-20040100','72-95','E87 118d   Cup holder-module','');
insert into Diagram values('UG32-72_0591','UG32-20040100','72-95','E87 118d   Tow bar','');
insert into Diagram values('UG32-72_0598','UG32-20040100','72-95','E87 118d   TOW ROPE','');
insert into Diagram values('UG32-72_0603','UG32-20040100','72-95','E87 118d   Fire extinguisher','');
insert into Diagram values('UG32-72_0744','UG32-20040100','72-95','E87 118d   Emergency bag','');
insert into Diagram values('UG32-36_0938','UG32-20040100','82-14','E87 118d   Snow chains','');
insert into Diagram values('UG32-82_1073','UG32-20040100','82-26','E87 118d   Universal coat hanger','');
insert into Diagram values('UG32-82_1261','UG32-20040100','82-26','E87 118d   Clean Bag','');
insert into Diagram values('UG32-82_1308','UG32-20040100','82-26','E87 118d   Shoe case','');
insert into Diagram values('UG32-82_1309','UG32-20040100','82-26','E87 118d   Multimedia case','');
insert into Diagram values('UG32-82_1311','UG32-20040100','82-26','E87 118d   Driver utility set','');
insert into Diagram values('UG32-82_1171','UG32-20040100','82-31','E87 118d   BMW buggy chrome-marine with accessories','');
insert into Diagram values('UG32-82_1181','UG32-20040100','82-31','E87 118d   BMW Junior Seat I-II','');
insert into Diagram values('UG32-82_1186','UG32-20040100','82-31','E87 118d   BMW Baby Seat 0+','');
insert into Diagram values('UG32-82_1187','UG32-20040100','82-31','E87 118d   BMW Junior Seat I-II Isofix','');
insert into Diagram values('UG32-82_1189','UG32-20040100','82-31','E87 118d   BMW Baby Seat 0+ Isofix','');
insert into Diagram values('UG32-82_1237','UG32-20040100','82-31','E87 118d   Dog harness','');
insert into Diagram values('UG32-82_1276','UG32-20040100','82-31','E87 118d   BMW Junior Seat II-III','');
insert into Diagram values('UG32-82_1305','UG32-20040100','82-31','E87 118d   BMW Junior Seat III','');
insert into Diagram values('UG32-82_1198','UG32-20040100','82-44','E87 118d   Cover','');
insert into Diagram values('UG32-82_1236','UG32-20040100','82-44','E87 118d   Mud flaps','');
insert into Diagram values('UG32-82_1251','UG32-20040100','82-44','E87 118d   Cover hood windshield/side window','');
insert into Diagram values('UG32-82_0116','UG32-20040100','82-51','E87 118d   Universal support','');
insert into Diagram values('UG32-82_0122','UG32-20040100','82-51','E87 118d   Touring bicycle holder','');
insert into Diagram values('UG32-82_0123','UG32-20040100','82-51','E87 118d   RACK FOR RACING BICYCLE','');
insert into Diagram values('UG32-82_0124','UG32-20040100','82-51','E87 118d   Luggage basket','');
insert into Diagram values('UG32-82_0125','UG32-20040100','82-51','E87 118d   Bicycle lift','');
insert into Diagram values('UG32-82_0245','UG32-20040100','82-51','E87 118d   SUPPORT SNOWBOARD','');
insert into Diagram values('UG32-82_0281','UG32-20040100','82-51','E87 118d   Touring bicycle holder','');
insert into Diagram values('UG32-82_0283','UG32-20040100','82-51','E87 118d   Surfboard rack','');
insert into Diagram values('UG32-82_0284','UG32-20040100','82-51','E87 118d   Standard ski carrier for 6 pairs of skis','');
insert into Diagram values('UG32-82_0364','UG32-20040100','82-51','E87 118d   SKI/SNOWBOARD SET','');
insert into Diagram values('UG32-82_0501','UG32-20040100','82-51','E87 118d   ki and luggage box','');
insert into Diagram values('UG32-82_0502','UG32-20040100','82-51','E87 118d   Luggage box','');
insert into Diagram values('UG32-82_0594','UG32-20040100','82-51','E87 118d   Komfort ski holder','');
insert into Diagram values('UG32-82_0845','UG32-20040100','82-51','E87 118d   Standard ski holder, for 4 pairs of ski','');
insert into Diagram values('UG32-82_1157','UG32-20040100','82-51','E87 118d   Bicycle carrier, trailer coupling','');
insert into Diagram values('UG32-82_1175','UG32-20040100','82-51','E87 118d   Touring bicycle holder','');
insert into Diagram values('UG32-82_1178','UG32-20040100','82-51','E87 118d   Roof box','');
insert into Diagram values('UG32-82_1230','UG32-20040100','82-51','E87 118d   Rack support','');
insert into Diagram values('UG32-82_1234','UG32-20040100','82-51','E87 118d   Roof box','');
insert into Diagram values('UG32-82_1244','UG32-20040100','82-51','E87 118d   Racing bike rack','');
insert into Diagram values('UG32-82_1250','UG32-20040100','82-51','E87 118d   Roof box','');
insert into Diagram values('UG32-82_1268','UG32-20040100','82-51','E87 118d   Ski/snowboard holder','');
insert into Diagram values('UG32-82_1277','UG32-20040100','82-51','E87 118d   Rear carrier ECE','');
insert into Diagram values('UG32-82_1282','UG32-20040100','82-51','E87 118d   Rear carrier ski/snowboard holder','');
insert into Diagram values('UG32-82_1295','UG32-20040100','82-51','E87 118d   Roof rack systems','');
insert into Diagram values('UG32-82_1364','UG32-20040100','82-51','E87 118d   Bicycle carrier, trailer coupling','');
insert into Diagram values('UG32-82_1460','UG32-20040100','82-51','E87 118d   Roof rack systems','');
insert into Diagram values('UG32-82_1476','UG32-20040100','82-51','E87 118d   Roof-mounted container 320 LCI','');
insert into Diagram values('UG32-82_1551','UG32-20040100','82-51','E87 118d   Bicycle carrier, trailer coupling','');
insert into Diagram values('UG32-82_1567','UG32-20040100','82-51','E87 118d   Bicycle carrier, trailer coupling','');
insert into Diagram values('UG32-82_1589','UG32-20040100','82-51','E87 118d   Racing bike rack','');
insert into Diagram values('UG32-82_0926','UG32-20040100','82-52','E87 118d   Adapter (universal lift) for hood','');
insert into Diagram values('UG32-82_0102','UG32-20040100','82-81','E87 118d   Universal hoist','');
insert into Diagram values('UG32-83_0579','UG32-20040100','83-01','E87 118d   Rugzak','');
insert into Diagram values('UG32-83_0311','UG32-20040100','83-24','E87 118d   Paint protection foil E87','');
insert into Diagram values('UG32-84_0767','UG32-20040100','84-10','E87 118d   Starter package, cell phone Nokia 6303c','');
insert into Diagram values('UG32-84_0850','UG32-20040100','84-10','E87 118d   ASSY COMBOX TELEMATIC ECE','');
insert into Diagram values('UG32-84_0658','UG32-20040100','84-20','E87 118d   Single parts, SA 644 center console','');
insert into Diagram values('UG32-84_0659','UG32-20040100','84-20','E87 118d   Single parts, SA 644, trunk','');
insert into Diagram values('UG32-84_0673','UG32-20040100','84-20','E87 118d   Single parts, SA 633, center console','');
insert into Diagram values('UG32-84_0704','UG32-20040100','84-20','E87 118d   Single parts SA 633, trunk','');
insert into Diagram values('UG32-84_0758','UG32-20040100','84-20','E87 118d   Single parts, option 6NF center console','');
insert into Diagram values('UG32-84_0657','UG32-20040100','84-30','E87 118d   Single parts f hands-free facility','');
insert into Diagram values('UG32-84_0694','UG32-20040100','84-30','E87 118d   Single parts f hands-free fac. Bluetooth','');
insert into Diagram values('UG32-84_0639','UG32-20040100','84-95','E87 118d   Bluetooth SA644 hands-free retrofit kit','');
insert into Diagram values('UG32-84_0669','UG32-20040100','84-95','E87 118d   Retrofit kit hands-free facil. Bluetooth','');
insert into Diagram values('UG32-84_0678','UG32-20040100','84-95','E87 118d   Retrofit kit, voice input','');
insert into Diagram values('UG32-84_0711','UG32-20040100','84-95','E87 118d   Car phone for Japan','');
insert into Diagram values('UG32-84_0713','UG32-20040100','84-95','E87 118d   Retrofit kit for UNI hands-free system','');
insert into Diagram values('UG32-84_0714','UG32-20040100','84-95','E87 118d   Cell phone cradles,Universal hands-free','');
insert into Diagram values('UG32-84_0730','UG32-20040100','84-95','E87 118d   Stolen Vehicle Tracking - TPA','');
insert into Diagram values('UG32-84_0732','UG32-20040100','84-95','E87 118d   Upgrade kit hands-free Bluetooth OPT644','');
insert into Diagram values('UG32-84_0741','UG32-20040100','84-95','E87 118d   Base hands-free system with Bluetooth','');
insert into Diagram values('UG32-84_0778','UG32-20040100','84-95','E87 118d   BMW Bluetooth headset','');
insert into Diagram values('UG32-84_0867','UG32-20040100','84-95','E87 118d   BMW Car Hotspot','');
insert into Diagram values('UG32-84_0895','UG32-20040100','84-95','E87 118d   BMW station fr Apple iPhone','');
insert into Diagram values('UG32-84_0897','UG32-20040100','84-95','E87 118d   Snap-in adapter for Apple devices','');
insert into Diagram values('UG32-84_0906','UG32-20040100','84-95','E87 118d   Snap-in adapter, SONY ERICSSON devices','');
insert into Diagram values('UG32-84_0907','UG32-20040100','84-95','E87 118d   Snap-in adapter for NOKIA devices','');
insert into Diagram values('UG32-84_0908','UG32-20040100','84-95','E87 118d   Snap-in adapter for SIEMENS devices','');
insert into Diagram values('UG32-84_0909','UG32-20040100','84-95','E87 118d   Snap-in adapter for MOTOROLA devices','');
insert into Diagram values('UG32-84_0910','UG32-20040100','84-95','E87 118d   Snap-in adapter, BlackBerry/RIM devices','');
insert into Diagram values('UG32-84_0930','UG32-20040100','84-95','E87 118d   Smartphone cradle','');
insert into Diagram values('UG32-84_0931','UG32-20040100','84-95','E87 118d   BMW Car Hotspot LTE','');
insert into Diagram values('UG32-85_0001','UG32-20040100','85-45','E87 118d   Winter tires','');
insert into Diagram values('UG32-85_0028','UG32-20040100','85-45','E87 118d   Summer tires','');
insert into Diagram values('UG32-88_0052','UG32-20040100','88-80','E87 118d   Emergency bag','');
insert into ProdCodeDate values('UG31-20040200','UG31',to_date('20040201','YYYYMMDD'));
insert into ProdCodeDate values('UG31-20040200','UG31',to_date('20040201','YYYYMMDD'));
insert into ProdCodeDate values('UG31-20040300','UG31',to_date('20040301','YYYYMMDD'));
insert into ProdCodeDate values('UG32-20040300','UG32',to_date('20040301','YYYYMMDD'));
insert into DiagramParts values('UG32-01_0302-01400011822', 'UG32-01_0302', 01, 'Owner&apos;s handbook, telephone &quot;de&quot;', 'SA633, SA644', 1, to_date('20050901','YYYYMMDD'), to_date('20060901','YYYYMMDD'), '01400011822', '', '', false);
insert into DiagramParts values('UG32-01_0302-01400012071', 'UG32-01_0302', 01, 'Owner&apos;s handbook, telephone &quot;de&quot;', 'SA633, SA644', 1, to_date('20060901','YYYYMMDD'), to_date('20070301','YYYYMMDD'), '01400012071', '', '', false);
insert into DiagramParts values('UG32-01_0302-01400014355', 'UG32-01_0302', 01, 'Owner&apos;s handbook, telephone &quot;de&quot;', 'SA633, SA644', 1, to_date('20070901','YYYYMMDD'), to_date('20080301','YYYYMMDD'), '01400014355', '', '', false);
insert into DiagramParts values('UG32-01_0302-01402600073', 'UG32-01_0302', 01, 'Owner&apos;s handbook, telephone &quot;de&quot;', 'SA633, SA644', 1, to_date('20050901','YYYYMMDD'), to_date('20060301','YYYYMMDD'), '01402600073', '', '', false);
insert into DiagramParts values('UG32-01_0302-01400012059', 'UG32-01_0302', 01, 'Owner&apos;s handbook, telephone &quot;de&quot;', 'SA633, SA644', 1, to_date('20060301','YYYYMMDD'), to_date('20060901','YYYYMMDD'), '01400012059', '', '', false);
insert into DiagramParts values('UG32-01_0302-01410011823', 'UG32-01_0302', 02, 'Owner&apos;s handbook, telephone &quot;en&quot;', 'SA633, SA644', 1, to_date('20050901','YYYYMMDD'), to_date('20060901','YYYYMMDD'), '01410011823', '', '', false);
insert into DiagramParts values('UG32-01_0302-01410012072', 'UG32-01_0302', 02, 'Owner&apos;s handbook, telephone &quot;en&quot;', 'SA633, SA644', 1, to_date('20060901','YYYYMMDD'), to_date('20070301','YYYYMMDD'), '01410012072', '', '', false);
insert into DiagramParts values('UG32-01_0302-01410014356', 'UG32-01_0302', 02, 'Owner&apos;s handbook, telephone &quot;en&quot;', 'SA633, SA644', 1, to_date('20070901','YYYYMMDD'), to_date('20080301','YYYYMMDD'), '01410014356', '', '', false);
insert into DiagramParts values('UG32-01_0302-01412600074', 'UG32-01_0302', 02, 'Owner&apos;s handbook, telephone &quot;en&quot;', 'SA633, SA644', 1, to_date('20050901','YYYYMMDD'), to_date('20060301','YYYYMMDD'), '01412600074', '', '', false);
insert into DiagramParts values('UG32-01_0302-01410012060', 'UG32-01_0302', 02, 'Owner&apos;s handbook, telephone &quot;en&quot;', 'SA633, SA644', 1, to_date('20060301','YYYYMMDD'), to_date('20060901','YYYYMMDD'), '01410012060', '', '', false);
insert into DiagramParts values('UG32-01_0302-01420011824', 'UG32-01_0302', 03, 'Owner&apos;s handbook, telephone &quot;fr&quot;', 'SA633, SA644', 1, to_date('20050901','YYYYMMDD'), to_date('20060901','YYYYMMDD'), '01420011824', '', '', false);
insert into DiagramParts values('UG32-01_0302-01420012073', 'UG32-01_0302', 03, 'Owner&apos;s handbook, telephone &quot;fr&quot;', 'SA633, SA644', 1, to_date('20060901','YYYYMMDD'), to_date('20070301','YYYYMMDD'), '01420012073', '', '', false);
insert into DiagramParts values('UG32-01_0302-01420014357', 'UG32-01_0302', 03, 'Owner&apos;s handbook, telephone &quot;fr&quot;', 'SA633, SA644', 1, to_date('20070901','YYYYMMDD'), to_date('20080301','YYYYMMDD'), '01420014357', '', '', false);
insert into DiagramParts values('UG32-01_0302-01422600075', 'UG32-01_0302', 03, 'Owner&apos;s handbook, telephone &quot;fr&quot;', 'SA633, SA644', 1, to_date('20050901','YYYYMMDD'), to_date('20060301','YYYYMMDD'), '01422600075', '', '', false);
insert into DiagramParts values('UG32-01_0302-01420012061', 'UG32-01_0302', 03, 'Owner&apos;s handbook, telephone &quot;fr&quot;', 'SA633, SA644', 1, to_date('20060301','YYYYMMDD'), to_date('20060901','YYYYMMDD'), '01420012061', '', '', false);
insert into DiagramParts values('UG32-01_0302-01430011825', 'UG32-01_0302', 04, 'Owner&apos;s handbook, telephone &quot;es&quot;', 'SA633, SA644', 1, to_date('20050901','YYYYMMDD'), to_date('20060901','YYYYMMDD'), '01430011825', '', '', false);
insert into DiagramParts values('UG32-01_0302-01430012074', 'UG32-01_0302', 04, 'Owner&apos;s handbook, telephone &quot;es&quot;', 'SA633, SA644', 1, to_date('20060901','YYYYMMDD'), to_date('20070301','YYYYMMDD'), '01430012074', '', '', false);
insert into DiagramParts values('UG32-01_0302-01430014358', 'UG32-01_0302', 04, 'Owner&apos;s handbook, telephone &quot;es&quot;', 'SA633, SA644', 1, to_date('20070901','YYYYMMDD'), to_date('20080301','YYYYMMDD'), '01430014358', '', '', false);
insert into DiagramParts values('UG32-01_0302-01432600076', 'UG32-01_0302', 04, 'Owner&apos;s handbook, telephone &quot;es&quot;', 'SA633, SA644', 1, to_date('20050901','YYYYMMDD'), to_date('20060301','YYYYMMDD'), '01432600076', '', '', false);
insert into DiagramParts values('UG32-01_0302-01430012062', 'UG32-01_0302', 04, 'Owner&apos;s handbook, telephone &quot;es&quot;', 'SA633, SA644', 1, to_date('20060301','YYYYMMDD'), to_date('20060901','YYYYMMDD'), '01430012062', '', '', false);
insert into DiagramParts values('UG32-01_0302-01440011826', 'UG32-01_0302', 05, 'Owner&apos;s handbook, telephone &quot;it&quot;', 'SA633, SA644', 1, to_date('20050901','YYYYMMDD'), to_date('20060901','YYYYMMDD'), '01440011826', '', '', false);
insert into DiagramParts values('UG32-01_0302-01440012075', 'UG32-01_0302', 05, 'Owner&apos;s handbook, telephone &quot;it&quot;', 'SA633, SA644', 1, to_date('20060901','YYYYMMDD'), to_date('20070301','YYYYMMDD'), '01440012075', '', '', false);
insert into DiagramParts values('UG32-01_0302-01440014359', 'UG32-01_0302', 05, 'Owner&apos;s handbook, telephone &quot;it&quot;', 'SA633, SA644', 1, to_date('20070901','YYYYMMDD'), to_date('20080301','YYYYMMDD'), '01440014359', '', '', false);
insert into DiagramParts values('UG32-01_0302-01442600077', 'UG32-01_0302', 05, 'Owner&apos;s handbook, telephone &quot;it&quot;', 'SA633, SA644', 1, to_date('20050901','YYYYMMDD'), to_date('20060301','YYYYMMDD'), '01442600077', '', '', false);
insert into DiagramParts values('UG32-01_0302-01440012063', 'UG32-01_0302', 05, 'Owner&apos;s handbook, telephone &quot;it&quot;', 'SA633, SA644', 1, to_date('20060301','YYYYMMDD'), to_date('20060901','YYYYMMDD'), '01440012063', '', '', false);
insert into DiagramParts values('UG32-01_0302-01450011827', 'UG32-01_0302', 06, 'Owner&apos;s handbook, telephone &quot;sv&quot;', 'SA633, SA644', 1, to_date('20050901','YYYYMMDD'), to_date('20060901','YYYYMMDD'), '01450011827', '', '', false);
insert into DiagramParts values('UG32-01_0302-01450012076', 'UG32-01_0302', 06, 'Owner&apos;s handbook, telephone &quot;sv&quot;', 'SA633, SA644', 1, to_date('20060901','YYYYMMDD'), to_date('20070301','YYYYMMDD'), '01450012076', '', '', false);
insert into DiagramParts values('UG32-01_0302-01450014360', 'UG32-01_0302', 06, 'Owner&apos;s handbook, telephone &quot;sv&quot;', 'SA633, SA644', 1, to_date('20070901','YYYYMMDD'), to_date('20080301','YYYYMMDD'), '01450014360', '', '', false);
insert into DiagramParts values('UG32-01_0302-01452600078', 'UG32-01_0302', 06, 'Owner&apos;s handbook, telephone &quot;sv&quot;', 'SA633, SA644', 1, to_date('20050901','YYYYMMDD'), to_date('20060301','YYYYMMDD'), '01452600078', '', '', false);
insert into DiagramParts values('UG32-01_0302-01450012064', 'UG32-01_0302', 06, 'Owner&apos;s handbook, telephone &quot;sv&quot;', 'SA633, SA644', 1, to_date('20060301','YYYYMMDD'), to_date('20060901','YYYYMMDD'), '01450012064', '', '', false);
insert into DiagramParts values('UG32-01_0302-01460011828', 'UG32-01_0302', 07, 'Owner&apos;s handbook, telephone &quot;nl&quot;', 'SA633, SA644', 1, to_date('20050901','YYYYMMDD'), to_date('20060901','YYYYMMDD'), '01460011828', '', '', false);
insert into DiagramParts values('UG32-01_0302-01460012077', 'UG32-01_0302', 07, 'Owner&apos;s handbook, telephone &quot;nl&quot;', 'SA633, SA644', 1, to_date('20060901','YYYYMMDD'), to_date('20070301','YYYYMMDD'), '01460012077', '', '', false);
insert into DiagramParts values('UG32-01_0302-01460014361', 'UG32-01_0302', 07, 'Owner&apos;s handbook, telephone &quot;nl&quot;', 'SA633, SA644', 1, to_date('20070901','YYYYMMDD'), to_date('20080301','YYYYMMDD'), '01460014361', '', '', false);
insert into DiagramParts values('UG32-01_0302-01462600079', 'UG32-01_0302', 07, 'Owner&apos;s handbook, telephone &quot;nl&quot;', 'SA633, SA644', 1, to_date('20050901','YYYYMMDD'), to_date('20060301','YYYYMMDD'), '01462600079', '', '', false);
insert into DiagramParts values('UG32-01_0302-01460012065', 'UG32-01_0302', 07, 'Owner&apos;s handbook, telephone &quot;nl&quot;', 'SA633, SA644', 1, to_date('20060301','YYYYMMDD'), to_date('20060901','YYYYMMDD'), '01460012065', '', '', false);
insert into DiagramParts values('UG32-01_0302-01470011829', 'UG32-01_0302', 08, 'Owner&apos;s handbook, telephone &quot;ar&quot;', 'SA633, SA644', 1, to_date('20050901','YYYYMMDD'), to_date('20060901','YYYYMMDD'), '01470011829', '', '', false);
insert into DiagramParts values('UG32-01_0302-01470012078', 'UG32-01_0302', 08, 'Owner&apos;s handbook, telephone &quot;ar&quot;', 'SA633, SA644', 1, to_date('20060901','YYYYMMDD'), to_date('20070301','YYYYMMDD'), '01470012078', '', '', false);
insert into DiagramParts values('UG32-01_0302-01470014362', 'UG32-01_0302', 08, 'Owner&apos;s handbook, telephone &quot;ar&quot;', 'SA633, SA644', 1, to_date('20070901','YYYYMMDD'), to_date('20080301','YYYYMMDD'), '01470014362', '', '', false);
insert into DiagramParts values('UG32-01_0302-01472600080', 'UG32-01_0302', 08, 'Owner&apos;s handbook, telephone &quot;ar&quot;', 'SA633, SA644', 1, to_date('20050901','YYYYMMDD'), to_date('20060301','YYYYMMDD'), '01472600080', '', '', false);
insert into DiagramParts values('UG32-01_0302-01470012066', 'UG32-01_0302', 08, 'Owner&apos;s handbook, telephone &quot;ar&quot;', 'SA633, SA644', 1, to_date('20060301','YYYYMMDD'), to_date('20060901','YYYYMMDD'), '01470012066', '', '', false);
insert into DiagramParts values('UG32-01_0302-01480011830', 'UG32-01_0302', 09, 'Owner&apos;s handbook, telephone &quot;da&quot;', 'SA633, SA644', 1, to_date('20050901','YYYYMMDD'), to_date('20060901','YYYYMMDD'), '01480011830', '', '', false);
insert into DiagramParts values('UG32-01_0302-01480012079', 'UG32-01_0302', 09, 'Owner&apos;s handbook, telephone &quot;da&quot;', 'SA633, SA644', 1, to_date('20060901','YYYYMMDD'), to_date('20070301','YYYYMMDD'), '01480012079', '', '', false);
insert into DiagramParts values('UG32-01_0302-01480014363', 'UG32-01_0302', 09, 'Owner&apos;s handbook, telephone &quot;da&quot;', 'SA633, SA644', 1, to_date('20070901','YYYYMMDD'), to_date('20080301','YYYYMMDD'), '01480014363', '', '', false);
insert into DiagramParts values('UG32-01_0302-01482600081', 'UG32-01_0302', 09, 'Owner&apos;s handbook, telephone &quot;da&quot;', 'SA633, SA644', 1, to_date('20050901','YYYYMMDD'), to_date('20060301','YYYYMMDD'), '01482600081', '', '', false);
insert into DiagramParts values('UG32-01_0302-01480012067', 'UG32-01_0302', 09, 'Owner&apos;s handbook, telephone &quot;da&quot;', 'SA633, SA644', 1, to_date('20060301','YYYYMMDD'), to_date('20060901','YYYYMMDD'), '01480012067', '', '', false);
insert into DiagramParts values('UG32-01_0302-01490011831', 'UG32-01_0302', 10, 'Owner&apos;s handbook, telephone &quot;pt&quot;', 'SA633, SA644', 1, to_date('20050901','YYYYMMDD'), to_date('20060901','YYYYMMDD'), '01490011831', '', '', false);
insert into DiagramParts values('UG32-01_0302-01490012080', 'UG32-01_0302', 10, 'Owner&apos;s handbook, telephone &quot;pt&quot;', 'SA633, SA644', 1, to_date('20060901','YYYYMMDD'), to_date('20070301','YYYYMMDD'), '01490012080', '', '', false);
insert into DiagramParts values('UG32-01_0302-01490014364', 'UG32-01_0302', 10, 'Owner&apos;s handbook, telephone &quot;pt&quot;', 'SA633, SA644', 1, to_date('20070901','YYYYMMDD'), to_date('20080301','YYYYMMDD'), '01490014364', '', '', false);
insert into DiagramParts values('UG32-01_0302-01492600082', 'UG32-01_0302', 10, 'Owner&apos;s handbook, telephone &quot;pt&quot;', 'SA633, SA644', 1, to_date('20050901','YYYYMMDD'), to_date('20060301','YYYYMMDD'), '01492600082', '', '', false);
insert into DiagramParts values('UG32-01_0302-01490012068', 'UG32-01_0302', 10, 'Owner&apos;s handbook, telephone &quot;pt&quot;', 'SA633, SA644', 1, to_date('20060301','YYYYMMDD'), to_date('20060901','YYYYMMDD'), '01490012068', '', '', false);
insert into DiagramParts values('UG32-01_0302-01490011833', 'UG32-01_0302', 13, 'Owner&apos;s handbook, telephone &quot;el&quot;', 'SA633, SA644', 1, to_date('20050901','YYYYMMDD'), to_date('20060901','YYYYMMDD'), '01490011833', '', '', false);
insert into DiagramParts values('UG32-01_0302-01490014366', 'UG32-01_0302', 13, 'Owner&apos;s handbook, telephone &quot;el&quot;', 'SA633, SA644', 1, to_date('20070901','YYYYMMDD'), to_date('20080301','YYYYMMDD'), '01490014366', '', '', false);
insert into DiagramParts values('UG32-01_0302-01492600084', 'UG32-01_0302', 13, 'Owner&apos;s handbook, telephone &quot;el&quot;', 'SA633, SA644', 1, to_date('20050901','YYYYMMDD'), to_date('20060301','YYYYMMDD'), '01492600084', '', '', false);
insert into DiagramParts values('UG32-01_0302-01490012070', 'UG32-01_0302', 13, 'Owner&apos;s handbook, telephone &quot;el&quot;', 'SA633, SA644', 1, to_date('20060301','YYYYMMDD'), to_date('20060901','YYYYMMDD'), '01490012070', '', '', false);
insert into DiagramParts values('UG32-01_0302-01490011832', 'UG32-01_0302', 14, 'Owner&apos;s handbook, telephone &quot;zh&quot;', 'SA633, SA644', 1, to_date('20050901','YYYYMMDD'), to_date('20060901','YYYYMMDD'), '01490011832', '', '', false);
insert into DiagramParts values('UG32-01_0302-01490014365', 'UG32-01_0302', 14, 'Owner&apos;s handbook, telephone &quot;zh&quot;', 'SA633, SA644', 1, to_date('20070901','YYYYMMDD'), to_date('20080301','YYYYMMDD'), '01490014365', '', '', false);
insert into DiagramParts values('UG32-01_0302-01492600083', 'UG32-01_0302', 14, 'Owner&apos;s handbook, telephone &quot;zh&quot;', 'SA633, SA644', 1, to_date('20050901','YYYYMMDD'), to_date('20060301','YYYYMMDD'), '01492600083', '', '', false);
insert into DiagramParts values('UG32-01_0302-01490012069', 'UG32-01_0302', 14, 'Owner&apos;s handbook, telephone &quot;zh&quot;', 'SA633, SA644', 1, to_date('20060301','YYYYMMDD'), to_date('20060901','YYYYMMDD'), '01490012069', '', '', false);
insert into ProdCodeDate values('UG31-20040400','UG31',to_date('20040401','YYYYMMDD'));
insert into ProdCodeDate values('UG32-20040400','UG32',to_date('20040401','YYYYMMDD'));
insert into ProdCodeDate values('UG31-20040500','UG31',to_date('20040501','YYYYMMDD'));
insert into ProdCodeDate values('UG32-20040500','UG32',to_date('20040501','YYYYMMDD'));
insert into ProdCodeDate values('UG31-20040600','UG31',to_date('20040601','YYYYMMDD'));
insert into ProdCodeDate values('UG32-20040600','UG32',to_date('20040601','YYYYMMDD'));
insert into ProdCodeDate values('UG31-20040700','UG31',to_date('20040701','YYYYMMDD'));
insert into ProdCodeDate values('UG32-20040700','UG32',to_date('20040701','YYYYMMDD'));
insert into ProdCodeDate values('UG31-20040800','UG31',to_date('20040801','YYYYMMDD'));
insert into ProdCodeDate values('UG32-20040800','UG32',to_date('20040801','YYYYMMDD'));
insert into ProdCodeDate values('UG31-20040900','UG31',to_date('20040901','YYYYMMDD'));
insert into ProdCodeDate values('UG32-20040900','UG32',to_date('20040901','YYYYMMDD'));
insert into ProdCodeDate values('UG31-20041000','UG31',to_date('20041001','YYYYMMDD'));
insert into ProdCodeDate values('UG32-20041000','UG32',to_date('20041001','YYYYMMDD'));
insert into ProdCodeDate values('UG31-20041100','UG31',to_date('20041101','YYYYMMDD'));
insert into ProdCodeDate values('UG32-20041100','UG32',to_date('20041101','YYYYMMDD'));
insert into ProdCodeDate values('UG31-20041200','UG31',to_date('20041201','YYYYMMDD'));
insert into ProdCodeDate values('UG32-20041200','UG32',to_date('20041201','YYYYMMDD'));
insert into ProdCodeDate values('UG31-20050100','UG31',to_date('20050101','YYYYMMDD'));
insert into ProdCodeDate values('UG32-20050100','UG32',to_date('20050101','YYYYMMDD'));
insert into ProdCodeDate values('UG31-20050200','UG31',to_date('20050201','YYYYMMDD'));
insert into ProdCodeDate values('UG32-20050200','UG32',to_date('20050201','YYYYMMDD'));
insert into ProdCodeDate values('UG31-20050300','UG31',to_date('20050301','YYYYMMDD'));
insert into ProdCodeDate values('UG32-20050300','UG32',to_date('20050301','YYYYMMDD'));
insert into ProdCodeDate values('UG31-20050400','UG31',to_date('20050401','YYYYMMDD'));
insert into ProdCodeDate values('UG32-20050400','UG32',to_date('20050401','YYYYMMDD'));
insert into ProdCodeDate values('UG31-20050500','UG31',to_date('20050501','YYYYMMDD'));
insert into ProdCodeDate values('UG32-20050500','UG32',to_date('20050501','YYYYMMDD'));
insert into ProdCodeDate values('UG31-20050600','UG31',to_date('20050601','YYYYMMDD'));
insert into ProdCodeDate values('UG32-20050600','UG32',to_date('20050601','YYYYMMDD'));
insert into ProdCodeDate values('UG31-20050700','UG31',to_date('20050701','YYYYMMDD'));
insert into ProdCodeDate values('UG32-20050700','UG32',to_date('20050701','YYYYMMDD'));
insert into ProdCodeDate values('UG31-20050800','UG31',to_date('20050801','YYYYMMDD'));
insert into ProdCodeDate values('UG32-20050800','UG32',to_date('20050801','YYYYMMDD'));
insert into ProdCodeDate values('UG31-20050900','UG31',to_date('20050901','YYYYMMDD'));
insert into ProdCodeDate values('UG32-20050900','UG32',to_date('20050901','YYYYMMDD'));
insert into ProdCodeDate values('UG31-20051000','UG31',to_date('20051001','YYYYMMDD'));
insert into ProdCodeDate values('UG32-20051000','UG32',to_date('20051001','YYYYMMDD'));
insert into ProdCodeDate values('UG31-20051100','UG31',to_date('20051101','YYYYMMDD'));
insert into ProdCodeDate values('UG32-20051100','UG32',to_date('20051101','YYYYMMDD'));
insert into ProdCodeDate values('UG31-20051200','UG31',to_date('20051201','YYYYMMDD'));
insert into ProdCodeDate values('UG32-20051200','UG32',to_date('20051201','YYYYMMDD'));
insert into ProdCodeDate values('UG31-20060100','UG31',to_date('20060101','YYYYMMDD'));
insert into ProdCodeDate values('UG32-20060100','UG32',to_date('20060101','YYYYMMDD'));
insert into ProdCodeDate values('UG31-20060200','UG31',to_date('20060201','YYYYMMDD'));
insert into ProdCodeDate values('UG32-20060200','UG32',to_date('20060201','YYYYMMDD'));
insert into ProdCodeDate values('UG31-20060300','UG31',to_date('20060301','YYYYMMDD'));
insert into ProdCodeDate values('UG32-20060300','UG32',to_date('20060301','YYYYMMDD'));
insert into ProdCodeDate values('UG31-20060400','UG31',to_date('20060401','YYYYMMDD'));
insert into ProdCodeDate values('UG32-20060400','UG32',to_date('20060401','YYYYMMDD'));
insert into ProdCodeDate values('UG31-20060500','UG31',to_date('20060501','YYYYMMDD'));
insert into ProdCodeDate values('UG32-20060500','UG32',to_date('20060501','YYYYMMDD'));
insert into ProdCodeDate values('UG31-20060600','UG31',to_date('20060601','YYYYMMDD'));
insert into ProdCodeDate values('UG32-20060600','UG32',to_date('20060601','YYYYMMDD'));
insert into ProdCodeDate values('UG31-20060700','UG31',to_date('20060701','YYYYMMDD'));
insert into ProdCodeDate values('UG32-20060700','UG32',to_date('20060701','YYYYMMDD'));
insert into ProdCodeDate values('UG31-20060800','UG31',to_date('20060801','YYYYMMDD'));
insert into ProdCodeDate values('UG32-20060800','UG32',to_date('20060801','YYYYMMDD'));
insert into ProdCodeDate values('UG31-20060900','UG31',to_date('20060901','YYYYMMDD'));
insert into ProdCodeDate values('UG32-20060900','UG32',to_date('20060901','YYYYMMDD'));
insert into ProdCodeDate values('UG31-20061000','UG31',to_date('20061001','YYYYMMDD'));
insert into ProdCodeDate values('UG32-20061000','UG32',to_date('20061001','YYYYMMDD'));
insert into ProdCodeDate values('UG31-20061100','UG31',to_date('20061101','YYYYMMDD'));
insert into ProdCodeDate values('UG32-20061100','UG32',to_date('20061101','YYYYMMDD'));
insert into ProdCodeDate values('UG31-20061200','UG31',to_date('20061201','YYYYMMDD'));
insert into ProdCodeDate values('UG32-20061200','UG32',to_date('20061201','YYYYMMDD'));
insert into ProdCodeDate values('UG31-20070100','UG31',to_date('20070101','YYYYMMDD'));
insert into ProdCodeDate values('UG32-20070100','UG32',to_date('20070101','YYYYMMDD'));
insert into ProdCodeDate values('UG31-20070200','UG31',to_date('20070201','YYYYMMDD'));
insert into ProdCodeDate values('UG32-20070200','UG32',to_date('20070201','YYYYMMDD'));
insert into Model values('118i','E87','SH','118i','ECE');
insert into ProdCode values('UF31','118i','SH','E87','ECE','N46','L','07/2004 E87 118i 5 doors N46 Europe Left hand drive ');
insert into ProdCodeDate values('UF31-20040700','UF31',to_date('20040701','YYYYMMDD'));
insert into Diagram values('UF31-01_0206','UF31-20040700','01-05','E87 118i   BMW care tips','');
insert into DiagramParts values('UF31-01_0689-01400159973', 'UF31-01_0689', 01, 'Owner&apos;s handbook E87 without iDrive', 'DE, MJ 2006', 1, to_date('20050901','YYYYMMDD'), to_date('20060901','YYYYMMDD'), '01400159973', '', '', false);
insert into DiagramParts values('UF31-01_0689-01400012852', 'UF31-01_0689', 01, 'Owner&apos;s handbook E87 without iDrive', 'DE, MJ 2007', 1, to_date('20060901','YYYYMMDD'), to_date('20070301','YYYYMMDD'), '01400012852', '', '', false);
insert into DiagramParts values('UF31-01_0689-01410158975', 'UF31-01_0689', 02, 'Owner&apos;s handbook E87 without iDrive', 'EN, MJ 2005', 1, to_date('20040601','YYYYMMDD'), to_date('20050901','YYYYMMDD'), '01410158975', '', '', false);
insert into DiagramParts values('UF31-01_0689-01410159974', 'UF31-01_0689', 02, 'Owner&apos;s handbook E87 without iDrive', 'EN, MJ 2006', 1, to_date('20050901','YYYYMMDD'), to_date('20060901','YYYYMMDD'), '01410159974', '', '', false);
insert into DiagramParts values('UF31-01_0689-01410012853', 'UF31-01_0689', 02, 'Owner&apos;s handbook E87 without iDrive', 'EN, MJ 2007', 1, to_date('20060901','YYYYMMDD'), to_date('20070301','YYYYMMDD'), '01410012853', '', '', false);
insert into DiagramParts values('UF31-01_0689-01420158976', 'UF31-01_0689', 03, 'Owner&apos;s handbook E87 without iDrive', 'FR, MJ 2005', 1, to_date('20040601','YYYYMMDD'), to_date('20050901','YYYYMMDD'), '01420158976', '', '', false);
insert into DiagramParts values('UF31-01_0689-01420159975', 'UF31-01_0689', 03, 'Owner&apos;s handbook E87 without iDrive', 'FR, MJ 2006', 1, to_date('20050901','YYYYMMDD'), to_date('20060901','YYYYMMDD'), '01420159975', '', '', false);
insert into DiagramParts values('UF31-01_0689-01420012854', 'UF31-01_0689', 03, 'Owner&apos;s handbook E87 without iDrive', 'FR, MJ 2007', 1, to_date('20060901','YYYYMMDD'), to_date('20070301','YYYYMMDD'), '01420012854', '', '', false);
insert into DiagramParts values('UF31-01_0689-01430158977', 'UF31-01_0689', 04, 'Owner&apos;s handbook E87 without iDrive', 'ES, MJ 2005', 1, to_date('20040601','YYYYMMDD'), to_date('20050901','YYYYMMDD'), '01430158977', '', '', false);
insert into DiagramParts values('UF31-01_0689-01430159976', 'UF31-01_0689', 04, 'Owner&apos;s handbook E87 without iDrive', 'ES, MJ 2006', 1, to_date('20050901','YYYYMMDD'), to_date('20060901','YYYYMMDD'), '01430159976', '', '', false);
insert into DiagramParts values('UF31-01_0689-01430012855', 'UF31-01_0689', 04, 'Owner&apos;s handbook E87 without iDrive', 'ES, MJ 2007', 1, to_date('20060901','YYYYMMDD'), to_date('20070301','YYYYMMDD'), '01430012855', '', '', false);
insert into DiagramParts values('UF31-01_0689-01440158978', 'UF31-01_0689', 05, 'Owner&apos;s handbook E87 without iDrive', 'IT, MJ 2005', 1, to_date('20040601','YYYYMMDD'), to_date('20050901','YYYYMMDD'), '01440158978', '', '', false);
insert into DiagramParts values('UF31-01_0689-01440159977', 'UF31-01_0689', 05, 'Owner&apos;s handbook E87 without iDrive', 'IT, MJ 2006', 1, to_date('20050901','YYYYMMDD'), to_date('20060901','YYYYMMDD'), '01440159977', '', '', false);
insert into DiagramParts values('UF31-01_0689-01440012856', 'UF31-01_0689', 05, 'Owner&apos;s handbook E87 without iDrive', 'IT, MJ 2007', 1, to_date('20060901','YYYYMMDD'), to_date('20070301','YYYYMMDD'), '01440012856', '', '', false);
insert into DiagramParts values('UF31-01_0689-01450158979', 'UF31-01_0689', 06, 'Owner&apos;s handbook E87 without iDrive', 'SV, MJ 2005', 1, to_date('20040601','YYYYMMDD'), to_date('20050901','YYYYMMDD'), '01450158979', '', '', false);
insert into DiagramParts values('UF31-01_0689-01450159978', 'UF31-01_0689', 06, 'Owner&apos;s handbook E87 without iDrive', 'SV, MJ 2006', 1, to_date('20050901','YYYYMMDD'), to_date('20060901','YYYYMMDD'), '01450159978', '', '', false);
insert into DiagramParts values('UF31-01_0689-01450012857', 'UF31-01_0689', 06, 'Owner&apos;s handbook E87 without iDrive', 'SV, MJ 2007', 1, to_date('20060901','YYYYMMDD'), to_date('20070301','YYYYMMDD'), '01450012857', '', '', false);
insert into DiagramParts values('UF31-01_0689-01460158980', 'UF31-01_0689', 07, 'Owner&apos;s handbook E87 without iDrive', 'NL, MJ 2005', 1, to_date('20040601','YYYYMMDD'), to_date('20050901','YYYYMMDD'), '01460158980', '', '', false);
insert into DiagramParts values('UF31-01_0689-01460159979', 'UF31-01_0689', 07, 'Owner&apos;s handbook E87 without iDrive', 'NL, MJ 2006', 1, to_date('20050901','YYYYMMDD'), to_date('20060901','YYYYMMDD'), '01460159979', '', '', false);
insert into DiagramParts values('UF31-01_0689-01460012858', 'UF31-01_0689', 07, 'Owner&apos;s handbook E87 without iDrive', 'NL, MJ 2007', 1, to_date('20060901','YYYYMMDD'), to_date('20070301','YYYYMMDD'), '01460012858', '', '', false);
insert into DiagramParts values('UF31-01_0689-01470158981', 'UF31-01_0689', 08, 'Owner&apos;s handbook E87 without iDrive', 'AR, MJ 2005', 1, to_date('20040601','YYYYMMDD'), to_date('20050901','YYYYMMDD'), '01470158981', '', '', false);
insert into DiagramParts values('UF31-01_0689-01470159980', 'UF31-01_0689', 08, 'Owner&apos;s handbook E87 without iDrive', 'AR, MJ 2006', 1, to_date('20050901','YYYYMMDD'), to_date('20060901','YYYYMMDD'), '01470159980', '', '', false);
insert into DiagramParts values('UF31-01_0689-01470012859', 'UF31-01_0689', 08, 'Owner&apos;s handbook E87 without iDrive', 'AR, MJ 2007', 1, to_date('20060901','YYYYMMDD'), to_date('20070301','YYYYMMDD'), '01470012859', '', '', false);
insert into DiagramParts values('UF31-01_0689-01480158982', 'UF31-01_0689', 09, 'Owner&apos;s handbook E87 without iDrive', 'DA, MJ 2005', 1, to_date('20040601','YYYYMMDD'), to_date('20050901','YYYYMMDD'), '01480158982', '', '', false);
insert into DiagramParts values('UF31-01_0689-01480159981', 'UF31-01_0689', 09, 'Owner&apos;s handbook E87 without iDrive', 'DA, MJ 2006', 1, to_date('20050901','YYYYMMDD'), to_date('20060901','YYYYMMDD'), '01480159981', '', '', false);
insert into DiagramParts values('UF31-01_0689-01480012860', 'UF31-01_0689', 09, 'Owner&apos;s handbook E87 without iDrive', 'DA, MJ 2007', 1, to_date('20060901','YYYYMMDD'), to_date('20070301','YYYYMMDD'), '01480012860', '', '', false);
insert into DiagramParts values('UF31-01_0689-01490158983', 'UF31-01_0689', 10, 'Owner&apos;s handbook E87 without iDrive', 'PT, MJ 2005', 1, to_date('20040601','YYYYMMDD'), to_date('20050901','YYYYMMDD'), '01490158983', '', '', false);
insert into DiagramParts values('UF31-01_0689-01490159982', 'UF31-01_0689', 10, 'Owner&apos;s handbook E87 without iDrive', 'PT, MJ 2006', 1, to_date('20050901','YYYYMMDD'), to_date('20060901','YYYYMMDD'), '01490159982', '', '', false);
insert into DiagramParts values('UF31-01_0689-01490012861', 'UF31-01_0689', 10, 'Owner&apos;s handbook E87 without iDrive', 'PT, MJ 2007', 1, to_date('20060901','YYYYMMDD'), to_date('20070301','YYYYMMDD'), '01490012861', '', '', false);
insert into DiagramParts values('UF31-01_0689-01490158985', 'UF31-01_0689', 13, 'Owner&apos;s handbook E87 without iDrive', 'EL, MJ 2005', 1, to_date('20040601','YYYYMMDD'), to_date('20050901','YYYYMMDD'), '01490158985', '', '', false);
insert into DiagramParts values('UF31-01_0689-01490159983', 'UF31-01_0689', 13, 'Owner&apos;s handbook E87 without iDrive', 'EL, MJ 2006', 1, to_date('20050901','YYYYMMDD'), to_date('20060901','YYYYMMDD'), '01490159983', '', '', false);
insert into DiagramParts values('UF31-01_0689-01490012862', 'UF31-01_0689', 13, 'Owner&apos;s handbook E87 without iDrive', 'EL, MJ 2007', 1, to_date('20060901','YYYYMMDD'), to_date('20070301','YYYYMMDD'), '01490012862', '', '', false);
insert into Diagram values('UF31-01_0689','UF31-20040700','01-05','E87 118i   Owner&apos;s manual for E81, E87 w/o iDrive','');
insert into DiagramParts values('UF31-01_0690-01400159984', 'UF31-01_0690', 01, 'Owner&apos;s handbook E87 with iDrive', 'DE, MJ 2006', 1, to_date('20050901','YYYYMMDD'), to_date('20060901','YYYYMMDD'), '01400159984', '', '', false);
insert into DiagramParts values('UF31-01_0690-01400012915', 'UF31-01_0690', 01, 'Owner&apos;s handbook E87 with iDrive', 'DE, MJ 2007', 1, to_date('20060901','YYYYMMDD'), to_date('20070301','YYYYMMDD'), '01400012915', '', '', false);
insert into DiagramParts values('UF31-01_0690-01410159496', 'UF31-01_0690', 02, 'Owner&apos;s handbook E87 with iDrive', 'EN, MJ 2005', 1, to_date('20040601','YYYYMMDD'), to_date('20050901','YYYYMMDD'), '01410159496', '', '', false);
insert into DiagramParts values('UF31-01_0690-01410159985', 'UF31-01_0690', 02, 'Owner&apos;s handbook E87 with iDrive', 'EN, MJ 2006', 1, to_date('20050901','YYYYMMDD'), to_date('20060901','YYYYMMDD'), '01410159985', '', '', false);
insert into DiagramParts values('UF31-01_0690-01410012916', 'UF31-01_0690', 02, 'Owner&apos;s handbook E87 with iDrive', 'EN, MJ 2007', 1, to_date('20060901','YYYYMMDD'), to_date('20070301','YYYYMMDD'), '01410012916', '', '', false);
insert into DiagramParts values('UF31-01_0690-01420159497', 'UF31-01_0690', 03, 'Owner&apos;s handbook E87 with iDrive', 'FR, MJ 2005', 1, to_date('20040601','YYYYMMDD'), to_date('20050901','YYYYMMDD'), '01420159497', '', '', false);
insert into DiagramParts values('UF31-01_0690-01420159986', 'UF31-01_0690', 03, 'Owner&apos;s handbook E87 with iDrive', 'FR, MJ 2006', 1, to_date('20050901','YYYYMMDD'), to_date('20060901','YYYYMMDD'), '01420159986', '', '', false);
insert into DiagramParts values('UF31-01_0690-01420012917', 'UF31-01_0690', 03, 'Owner&apos;s handbook E87 with iDrive', 'FR, MJ 2007', 1, to_date('20060901','YYYYMMDD'), to_date('20070301','YYYYMMDD'), '01420012917', '', '', false);
insert into DiagramParts values('UF31-01_0690-01430159498', 'UF31-01_0690', 04, 'Owner&apos;s handbook E87 with iDrive', 'ES, MJ 2005', 1, to_date('20040601','YYYYMMDD'), to_date('20050901','YYYYMMDD'), '01430159498', '', '', false);
insert into DiagramParts values('UF31-01_0690-01430159987', 'UF31-01_0690', 04, 'Owner&apos;s handbook E87 with iDrive', 'ES, MJ 2006', 1, to_date('20050901','YYYYMMDD'), to_date('20060901','YYYYMMDD'), '01430159987', '', '', false);
insert into DiagramParts values('UF31-01_0690-01430012918', 'UF31-01_0690', 04, 'Owner&apos;s handbook E87 with iDrive', 'ES, MJ 2007', 1, to_date('20060901','YYYYMMDD'), to_date('20070301','YYYYMMDD'), '01430012918', '', '', false);
insert into DiagramParts values('UF31-01_0690-01440159499', 'UF31-01_0690', 05, 'Owner&apos;s handbook E87 with iDrive', 'IT, MJ 2005', 1, to_date('20040601','YYYYMMDD'), to_date('20050901','YYYYMMDD'), '01440159499', '', '', false);
insert into DiagramParts values('UF31-01_0690-01440159988', 'UF31-01_0690', 05, 'Owner&apos;s handbook E87 with iDrive', 'IT, MJ 2006', 1, to_date('20050901','YYYYMMDD'), to_date('20060901','YYYYMMDD'), '01440159988', '', '', false);
insert into DiagramParts values('UF31-01_0690-01440012919', 'UF31-01_0690', 05, 'Owner&apos;s handbook E87 with iDrive', 'IT, MJ 2007', 1, to_date('20060901','YYYYMMDD'), to_date('20070301','YYYYMMDD'), '01440012919', '', '', false);
insert into DiagramParts values('UF31-01_0690-01450159500', 'UF31-01_0690', 06, 'Owner&apos;s handbook E87 with iDrive', 'SV, MJ 2005', 1, to_date('20040601','YYYYMMDD'), to_date('20050901','YYYYMMDD'), '01450159500', '', '', false);
insert into DiagramParts values('UF31-01_0690-01450159989', 'UF31-01_0690', 06, 'Owner&apos;s handbook E87 with iDrive', 'SV, MJ 2006', 1, to_date('20050901','YYYYMMDD'), to_date('20060901','YYYYMMDD'), '01450159989', '', '', false);
insert into DiagramParts values('UF31-01_0690-01450012920', 'UF31-01_0690', 06, 'Owner&apos;s handbook E87 with iDrive', 'SV, MJ 2007', 1, to_date('20060901','YYYYMMDD'), to_date('20070301','YYYYMMDD'), '01450012920', '', '', false);
insert into DiagramParts values('UF31-01_0690-01460159501', 'UF31-01_0690', 07, 'Owner&apos;s handbook E87 with iDrive', 'NL, MJ 2005', 1, to_date('20040601','YYYYMMDD'), to_date('20050901','YYYYMMDD'), '01460159501', '', '', false);
insert into DiagramParts values('UF31-01_0690-01460159990', 'UF31-01_0690', 07, 'Owner&apos;s handbook E87 with iDrive', 'NL, MJ 2006', 1, to_date('20050901','YYYYMMDD'), to_date('20060901','YYYYMMDD'), '01460159990', '', '', false);
insert into DiagramParts values('UF31-01_0690-01460012921', 'UF31-01_0690', 07, 'Owner&apos;s handbook E87 with iDrive', 'NL, MJ 2007', 1, to_date('20060901','YYYYMMDD'), to_date('20070301','YYYYMMDD'), '01460012921', '', '', false);
insert into DiagramParts values('UF31-01_0690-01470159502', 'UF31-01_0690', 08, 'Owner&apos;s handbook E87 with iDrive', 'AR, MJ 2005', 1, to_date('20040601','YYYYMMDD'), to_date('20050901','YYYYMMDD'), '01470159502', '', '', false);
insert into DiagramParts values('UF31-01_0690-01470159991', 'UF31-01_0690', 08, 'Owner&apos;s handbook E87 with iDrive', 'AR, MJ 2006', 1, to_date('20050901','YYYYMMDD'), to_date('20060901','YYYYMMDD'), '01470159991', '', '', false);
insert into DiagramParts values('UF31-01_0690-01470012922', 'UF31-01_0690', 08, 'Owner&apos;s handbook E87 with iDrive', 'AR, MJ 2007', 1, to_date('20060901','YYYYMMDD'), to_date('20070301','YYYYMMDD'), '01470012922', '', '', false);
insert into DiagramParts values('UF31-01_0690-01480012923', 'UF31-01_0690', 08, 'Owner&apos;s handbook E87 with iDrive', 'DA, MJ 2007', 1, to_date('20060901','YYYYMMDD'), to_date('20070301','YYYYMMDD'), '01480012923', '', '', false);
insert into DiagramParts values('UF31-01_0690-01480159503', 'UF31-01_0690', 09, 'Owner&apos;s handbook E87 with iDrive', 'DA, MJ 2005', 1, to_date('20040601','YYYYMMDD'), to_date('20050901','YYYYMMDD'), '01480159503', '', '', false);
insert into DiagramParts values('UF31-01_0690-01480159992', 'UF31-01_0690', 09, 'Owner&apos;s handbook E87 with iDrive', 'DA, MJ 2006', 1, to_date('20050901','YYYYMMDD'), to_date('20060901','YYYYMMDD'), '01480159992', '', '', false);
insert into DiagramParts values('UF31-01_0690-01490159504', 'UF31-01_0690', 10, 'Owner&apos;s handbook E87 with iDrive', 'PT, MJ 2005', 1, to_date('20040601','YYYYMMDD'), to_date('20050901','YYYYMMDD'), '01490159504', '', '', false);
insert into DiagramParts values('UF31-01_0690-01490159993', 'UF31-01_0690', 10, 'Owner&apos;s handbook E87 with iDrive', 'PT, MJ 2006', 1, to_date('20050901','YYYYMMDD'), to_date('20060901','YYYYMMDD'), '01490159993', '', '', false);
insert into DiagramParts values('UF31-01_0690-01490012924', 'UF31-01_0690', 10, 'Owner&apos;s handbook E87 with iDrive', 'PT, MJ 2007', 1, to_date('20060901','YYYYMMDD'), to_date('20070301','YYYYMMDD'), '01490012924', '', '', false);
insert into DiagramParts values('UF31-01_0690-01490159505', 'UF31-01_0690', 13, 'Owner&apos;s handbook E87 with iDrive', 'EL, MJ 2005', 1, to_date('20040601','YYYYMMDD'), to_date('20050901','YYYYMMDD'), '01490159505', '', '', false);
insert into DiagramParts values('UF31-01_0690-01490159994', 'UF31-01_0690', 13, 'Owner&apos;s handbook E87 with iDrive', 'EL, MJ 2006', 1, to_date('20050901','YYYYMMDD'), to_date('20060901','YYYYMMDD'), '01490159994', '', '', false);
insert into DiagramParts values('UF31-01_0690-01490012925', 'UF31-01_0690', 13, 'Owner&apos;s handbook E87 with iDrive', 'EL, MJ 2007', 1, to_date('20060901','YYYYMMDD'), to_date('20070301','YYYYMMDD'), '01490012925', '', '', false);
insert into Diagram values('UF31-01_0690','UF31-20040700','01-05','E87 118i   Owner&apos;s manual for E81, E87 with iDrive','');
insert into DiagramParts values('UF31-01_0727-01400011871', 'UF31-01_0727', 01, 'Brief instructions E87 without iDrive', 'DE', 1, to_date('20050901','YYYYMMDD'), to_date('20070301','YYYYMMDD'), '01400011871', '', '', false);
insert into DiagramParts values('UF31-01_0727-01400011882', 'UF31-01_0727', 01, 'Brief instructions E87 with iDrive', 'DE', 1, to_date('20050901','YYYYMMDD'), to_date('20070301','YYYYMMDD'), '01400011882', '', '', false);
insert into DiagramParts values('UF31-01_0727-01410011883', 'UF31-01_0727', 02, 'Brief instructions E87 with iDrive', 'EN', 1, to_date('20050901','YYYYMMDD'), to_date('20070301','YYYYMMDD'), '01410011883', '', '', false);
insert into Diagram values('UF31-01_0727','UF31-20040700','01-05','E87 118i   Brief instructions E81, E82, E87, E','');
insert into Diagram values('UF31-01_0756','UF31-20040700','01-05','E87 118i   Mirror placard','');
insert into Diagram values('UF31-01_0780','UF31-20040700','01-05','E87 118i   Brochure Service Contact, BMW','');
insert into DiagramParts values('UF31-01_1080-01402918756', 'UF31-01_1080', 02, 'Supplement Owner&apos;s Manual license texts', 'MULTILINGUAL', 1, to_date('20130301','YYYYMMDD'), to_date('20130701','YYYYMMDD'), '01402918756', '', '', false);
insert into Diagram values('UF31-01_1080','UF31-20040700','01-05','E87 118i   Flyer, license texts for BMW','');
insert into DiagramParts values('UF31-01_0606-01400012026', 'UF31-01_0606', 01, 'Operating instructions, radio &quot;de&quot;', 'SA663', 1, to_date('20060901','YYYYMMDD'), to_date('20070301','YYYYMMDD'), '01400012026', '', '', false);
insert into DiagramParts values('UF31-01_0606-01400159098', 'UF31-01_0606', 01, 'Operating instructions, radio &quot;de&quot;', 'SA663', 1, to_date('20050301','YYYYMMDD'), to_date('20050901','YYYYMMDD'), '01400159098', '', '', false);
insert into DiagramParts values('UF31-01_0606-01410012027', 'UF31-01_0606', 02, 'Operating instructions, radio &quot;en&quot;', 'SA663', 1, to_date('20060901','YYYYMMDD'), to_date('20070301','YYYYMMDD'), '01410012027', '', '', false);
insert into DiagramParts values('UF31-01_0606-01410159099', 'UF31-01_0606', 02, 'Operating instructions, radio &quot;en&quot;', 'SA663', 1, to_date('20050301','YYYYMMDD'), to_date('20050901','YYYYMMDD'), '01410159099', '', '', false);
insert into DiagramParts values('UF31-01_0606-01420012028', 'UF31-01_0606', 03, 'Operating instructions, radio &quot;fr&quot;', 'SA663', 1, to_date('20060901','YYYYMMDD'), to_date('20070301','YYYYMMDD'), '01420012028', '', '', false);
insert into DiagramParts values('UF31-01_0606-01420159100', 'UF31-01_0606', 03, 'Operating instructions, radio &quot;fr&quot;', 'SA663', 1, to_date('20050301','YYYYMMDD'), to_date('20050901','YYYYMMDD'), '01420159100', '', '', false);
insert into DiagramParts values('UF31-01_0606-01430012029', 'UF31-01_0606', 04, 'Operating instructions, radio &quot;es&quot;', 'SA663', 1, to_date('20060901','YYYYMMDD'), to_date('20070301','YYYYMMDD'), '01430012029', '', '', false);
insert into DiagramParts values('UF31-01_0606-01430158404', 'UF31-01_0606', 04, 'Operating instructions, radio &quot;es&quot;', 'SA663', 1, to_date('20041201','YYYYMMDD'), to_date('20050301','YYYYMMDD'), '01430158404', '', '', false);
insert into DiagramParts values('UF31-01_0606-01430159101', 'UF31-01_0606', 04, 'Operating instructions, radio &quot;es&quot;', 'SA663', 1, to_date('20050301','YYYYMMDD'), to_date('20050901','YYYYMMDD'), '01430159101', '', '', false);
insert into DiagramParts values('UF31-01_0606-01440012030', 'UF31-01_0606', 05, 'Operating instructions, radio &quot;it&quot;', 'SA663', 1, to_date('20060901','YYYYMMDD'), to_date('20070301','YYYYMMDD'), '01440012030', '', '', false);
insert into DiagramParts values('UF31-01_0606-01440159102', 'UF31-01_0606', 05, 'Operating instructions, radio &quot;it&quot;', 'SA663', 1, to_date('20050301','YYYYMMDD'), to_date('20050901','YYYYMMDD'), '01440159102', '', '', false);
insert into DiagramParts values('UF31-01_0606-01450012031', 'UF31-01_0606', 06, 'Operating instructions, radio &quot;sv&quot;', 'SA663', 1, to_date('20060901','YYYYMMDD'), to_date('20070301','YYYYMMDD'), '01450012031', '', '', false);
insert into DiagramParts values('UF31-01_0606-01450159103', 'UF31-01_0606', 06, 'Operating instructions, radio &quot;sv&quot;', 'SA663', 1, to_date('20050301','YYYYMMDD'), to_date('20050901','YYYYMMDD'), '01450159103', '', '', false);
insert into DiagramParts values('UF31-01_0606-01460012032', 'UF31-01_0606', 07, 'Operating instructions, radio &quot;nl&quot;', 'SA663', 1, to_date('20060901','YYYYMMDD'), to_date('20070301','YYYYMMDD'), '01460012032', '', '', false);
insert into DiagramParts values('UF31-01_0606-01460159104', 'UF31-01_0606', 07, 'Operating instructions, radio &quot;nl&quot;', 'SA663', 1, to_date('20050301','YYYYMMDD'), to_date('20050901','YYYYMMDD'), '01460159104', '', '', false);
insert into DiagramParts values('UF31-01_0606-01470012033', 'UF31-01_0606', 08, 'Operating instructions, radio &quot;ar&quot;', 'SA663', 1, to_date('20060901','YYYYMMDD'), to_date('20070301','YYYYMMDD'), '01470012033', '', '', false);
insert into DiagramParts values('UF31-01_0606-01470159105', 'UF31-01_0606', 08, 'Operating instructions, radio &quot;ar&quot;', 'SA663', 1, to_date('20050301','YYYYMMDD'), to_date('20050901','YYYYMMDD'), '01470159105', '', '', false);
insert into DiagramParts values('UF31-01_0606-01480012034', 'UF31-01_0606', 09, 'Operating instructions, radio &quot;da&quot;', 'SA663', 1, to_date('20060901','YYYYMMDD'), to_date('20070301','YYYYMMDD'), '01480012034', '', '', false);
insert into DiagramParts values('UF31-01_0606-01480159106', 'UF31-01_0606', 09, 'Operating instructions, radio &quot;da&quot;', 'SA663', 1, to_date('20050301','YYYYMMDD'), to_date('20050901','YYYYMMDD'), '01480159106', '', '', false);
insert into DiagramParts values('UF31-01_0606-01490012035', 'UF31-01_0606', 10, 'Operating instructions, radio &quot;pt&quot;', 'SA663', 1, to_date('20060901','YYYYMMDD'), to_date('20070301','YYYYMMDD'), '01490012035', '', '', false);
insert into DiagramParts values('UF31-01_0606-01490159107', 'UF31-01_0606', 10, 'Operating instructions, radio &quot;pt&quot;', 'SA663', 1, to_date('20050301','YYYYMMDD'), to_date('20050901','YYYYMMDD'), '01490159107', '', '', false);
insert into DiagramParts values('UF31-01_0606-01490012037', 'UF31-01_0606', 13, 'Operating instructions, radio &quot;el&quot;', 'SA663', 1, to_date('20060901','YYYYMMDD'), to_date('20070301','YYYYMMDD'), '01490012037', '', '', false);
insert into DiagramParts values('UF31-01_0606-01490159109', 'UF31-01_0606', 13, 'Operating instructions, radio &quot;el&quot;', 'SA663', 1, to_date('20050301','YYYYMMDD'), to_date('20050901','YYYYMMDD'), '01490159109', '', '', false);
insert into DiagramParts values('UF31-01_0606-01490012036', 'UF31-01_0606', 14, 'Operating instructions, radio &quot;zh&quot;', 'SA663', 1, to_date('20060901','YYYYMMDD'), to_date('20070301','YYYYMMDD'), '01490012036', '', '', false);
insert into Diagram values('UF31-01_0606','UF31-20040700','01-12','E87 118i   Radio E81,E82,E87,E88, E90,E91,E92,E93','');
insert into DiagramParts values('UF31-01_0302-01400011822', 'UF31-01_0302', 01, 'Owner&apos;s handbook, telephone &quot;de&quot;', 'SA633, SA644', 1, to_date('20050901','YYYYMMDD'), to_date('20060901','YYYYMMDD'), '01400011822', '', '', false);
insert into DiagramParts values('UF31-01_0302-01400012071', 'UF31-01_0302', 01, 'Owner&apos;s handbook, telephone &quot;de&quot;', 'SA633, SA644', 1, to_date('20060901','YYYYMMDD'), to_date('20070301','YYYYMMDD'), '01400012071', '', '', false);
insert into DiagramParts values('UF31-01_0302-01400014355', 'UF31-01_0302', 01, 'Owner&apos;s handbook, telephone &quot;de&quot;', 'SA633, SA644', 1, to_date('20070901','YYYYMMDD'), to_date('20080301','YYYYMMDD'), '01400014355', '', '', false);
insert into DiagramParts values('UF31-01_0302-01402600073', 'UF31-01_0302', 01, 'Owner&apos;s handbook, telephone &quot;de&quot;', 'SA633, SA644', 1, to_date('20050901','YYYYMMDD'), to_date('20060301','YYYYMMDD'), '01402600073', '', '', false);
insert into DiagramParts values('UF31-01_0302-01400012059', 'UF31-01_0302', 01, 'Owner&apos;s handbook, telephone &quot;de&quot;', 'SA633, SA644', 1, to_date('20060301','YYYYMMDD'), to_date('20060901','YYYYMMDD'), '01400012059', '', '', false);
insert into DiagramParts values('UF31-01_0302-01410011823', 'UF31-01_0302', 02, 'Owner&apos;s handbook, telephone &quot;en&quot;', 'SA633, SA644', 1, to_date('20050901','YYYYMMDD'), to_date('20060901','YYYYMMDD'), '01410011823', '', '', false);
insert into DiagramParts values('UF31-01_0302-01410012072', 'UF31-01_0302', 02, 'Owner&apos;s handbook, telephone &quot;en&quot;', 'SA633, SA644', 1, to_date('20060901','YYYYMMDD'), to_date('20070301','YYYYMMDD'), '01410012072', '', '', false);
insert into DiagramParts values('UF31-01_0302-01410014356', 'UF31-01_0302', 02, 'Owner&apos;s handbook, telephone &quot;en&quot;', 'SA633, SA644', 1, to_date('20070901','YYYYMMDD'), to_date('20080301','YYYYMMDD'), '01410014356', '', '', false);
insert into DiagramParts values('UF31-01_0302-01412600074', 'UF31-01_0302', 02, 'Owner&apos;s handbook, telephone &quot;en&quot;', 'SA633, SA644', 1, to_date('20050901','YYYYMMDD'), to_date('20060301','YYYYMMDD'), '01412600074', '', '', false);
insert into DiagramParts values('UF31-01_0302-01410012060', 'UF31-01_0302', 02, 'Owner&apos;s handbook, telephone &quot;en&quot;', 'SA633, SA644', 1, to_date('20060301','YYYYMMDD'), to_date('20060901','YYYYMMDD'), '01410012060', '', '', false);
insert into DiagramParts values('UF31-01_0302-01420011824', 'UF31-01_0302', 03, 'Owner&apos;s handbook, telephone &quot;fr&quot;', 'SA633, SA644', 1, to_date('20050901','YYYYMMDD'), to_date('20060901','YYYYMMDD'), '01420011824', '', '', false);
insert into DiagramParts values('UF31-01_0302-01420012073', 'UF31-01_0302', 03, 'Owner&apos;s handbook, telephone &quot;fr&quot;', 'SA633, SA644', 1, to_date('20060901','YYYYMMDD'), to_date('20070301','YYYYMMDD'), '01420012073', '', '', false);
insert into DiagramParts values('UF31-01_0302-01420014357', 'UF31-01_0302', 03, 'Owner&apos;s handbook, telephone &quot;fr&quot;', 'SA633, SA644', 1, to_date('20070901','YYYYMMDD'), to_date('20080301','YYYYMMDD'), '01420014357', '', '', false);
insert into DiagramParts values('UF31-01_0302-01422600075', 'UF31-01_0302', 03, 'Owner&apos;s handbook, telephone &quot;fr&quot;', 'SA633, SA644', 1, to_date('20050901','YYYYMMDD'), to_date('20060301','YYYYMMDD'), '01422600075', '', '', false);
insert into DiagramParts values('UF31-01_0302-01420012061', 'UF31-01_0302', 03, 'Owner&apos;s handbook, telephone &quot;fr&quot;', 'SA633, SA644', 1, to_date('20060301','YYYYMMDD'), to_date('20060901','YYYYMMDD'), '01420012061', '', '', false);
insert into DiagramParts values('UF31-01_0302-01430011825', 'UF31-01_0302', 04, 'Owner&apos;s handbook, telephone &quot;es&quot;', 'SA633, SA644', 1, to_date('20050901','YYYYMMDD'), to_date('20060901','YYYYMMDD'), '01430011825', '', '', false);
insert into DiagramParts values('UF31-01_0302-01430012074', 'UF31-01_0302', 04, 'Owner&apos;s handbook, telephone &quot;es&quot;', 'SA633, SA644', 1, to_date('20060901','YYYYMMDD'), to_date('20070301','YYYYMMDD'), '01430012074', '', '', false);
insert into DiagramParts values('UF31-01_0302-01430014358', 'UF31-01_0302', 04, 'Owner&apos;s handbook, telephone &quot;es&quot;', 'SA633, SA644', 1, to_date('20070901','YYYYMMDD'), to_date('20080301','YYYYMMDD'), '01430014358', '', '', false);
insert into DiagramParts values('UF31-01_0302-01432600076', 'UF31-01_0302', 04, 'Owner&apos;s handbook, telephone &quot;es&quot;', 'SA633, SA644', 1, to_date('20050901','YYYYMMDD'), to_date('20060301','YYYYMMDD'), '01432600076', '', '', false);
insert into DiagramParts values('UF31-01_0302-01430012062', 'UF31-01_0302', 04, 'Owner&apos;s handbook, telephone &quot;es&quot;', 'SA633, SA644', 1, to_date('20060301','YYYYMMDD'), to_date('20060901','YYYYMMDD'), '01430012062', '', '', false);
insert into DiagramParts values('UF31-01_0302-01440011826', 'UF31-01_0302', 05, 'Owner&apos;s handbook, telephone &quot;it&quot;', 'SA633, SA644', 1, to_date('20050901','YYYYMMDD'), to_date('20060901','YYYYMMDD'), '01440011826', '', '', false);
insert into DiagramParts values('UF31-01_0302-01440012075', 'UF31-01_0302', 05, 'Owner&apos;s handbook, telephone &quot;it&quot;', 'SA633, SA644', 1, to_date('20060901','YYYYMMDD'), to_date('20070301','YYYYMMDD'), '01440012075', '', '', false);
insert into DiagramParts values('UF31-01_0302-01440014359', 'UF31-01_0302', 05, 'Owner&apos;s handbook, telephone &quot;it&quot;', 'SA633, SA644', 1, to_date('20070901','YYYYMMDD'), to_date('20080301','YYYYMMDD'), '01440014359', '', '', false);
insert into DiagramParts values('UF31-01_0302-01442600077', 'UF31-01_0302', 05, 'Owner&apos;s handbook, telephone &quot;it&quot;', 'SA633, SA644', 1, to_date('20050901','YYYYMMDD'), to_date('20060301','YYYYMMDD'), '01442600077', '', '', false);
insert into DiagramParts values('UF31-01_0302-01440012063', 'UF31-01_0302', 05, 'Owner&apos;s handbook, telephone &quot;it&quot;', 'SA633, SA644', 1, to_date('20060301','YYYYMMDD'), to_date('20060901','YYYYMMDD'), '01440012063', '', '', false);
insert into DiagramParts values('UF31-01_0302-01450011827', 'UF31-01_0302', 06, 'Owner&apos;s handbook, telephone &quot;sv&quot;', 'SA633, SA644', 1, to_date('20050901','YYYYMMDD'), to_date('20060901','YYYYMMDD'), '01450011827', '', '', false);
insert into DiagramParts values('UF31-01_0302-01450012076', 'UF31-01_0302', 06, 'Owner&apos;s handbook, telephone &quot;sv&quot;', 'SA633, SA644', 1, to_date('20060901','YYYYMMDD'), to_date('20070301','YYYYMMDD'), '01450012076', '', '', false);
insert into DiagramParts values('UF31-01_0302-01450014360', 'UF31-01_0302', 06, 'Owner&apos;s handbook, telephone &quot;sv&quot;', 'SA633, SA644', 1, to_date('20070901','YYYYMMDD'), to_date('20080301','YYYYMMDD'), '01450014360', '', '', false);
insert into DiagramParts values('UF31-01_0302-01452600078', 'UF31-01_0302', 06, 'Owner&apos;s handbook, telephone &quot;sv&quot;', 'SA633, SA644', 1, to_date('20050901','YYYYMMDD'), to_date('20060301','YYYYMMDD'), '01452600078', '', '', false);
insert into DiagramParts values('UF31-01_0302-01450012064', 'UF31-01_0302', 06, 'Owner&apos;s handbook, telephone &quot;sv&quot;', 'SA633, SA644', 1, to_date('20060301','YYYYMMDD'), to_date('20060901','YYYYMMDD'), '01450012064', '', '', false);
insert into DiagramParts values('UF31-01_0302-01460011828', 'UF31-01_0302', 07, 'Owner&apos;s handbook, telephone &quot;nl&quot;', 'SA633, SA644', 1, to_date('20050901','YYYYMMDD'), to_date('20060901','YYYYMMDD'), '01460011828', '', '', false);
insert into DiagramParts values('UF31-01_0302-01460012077', 'UF31-01_0302', 07, 'Owner&apos;s handbook, telephone &quot;nl&quot;', 'SA633, SA644', 1, to_date('20060901','YYYYMMDD'), to_date('20070301','YYYYMMDD'), '01460012077', '', '', false);
insert into DiagramParts values('UF31-01_0302-01460014361', 'UF31-01_0302', 07, 'Owner&apos;s handbook, telephone &quot;nl&quot;', 'SA633, SA644', 1, to_date('20070901','YYYYMMDD'), to_date('20080301','YYYYMMDD'), '01460014361', '', '', false);
insert into DiagramParts values('UF31-01_0302-01462600079', 'UF31-01_0302', 07, 'Owner&apos;s handbook, telephone &quot;nl&quot;', 'SA633, SA644', 1, to_date('20050901','YYYYMMDD'), to_date('20060301','YYYYMMDD'), '01462600079', '', '', false);
insert into DiagramParts values('UF31-01_0302-01460012065', 'UF31-01_0302', 07, 'Owner&apos;s handbook, telephone &quot;nl&quot;', 'SA633, SA644', 1, to_date('20060301','YYYYMMDD'), to_date('20060901','YYYYMMDD'), '01460012065', '', '', false);
insert into DiagramParts values('UF31-01_0302-01470011829', 'UF31-01_0302', 08, 'Owner&apos;s handbook, telephone &quot;ar&quot;', 'SA633, SA644', 1, to_date('20050901','YYYYMMDD'), to_date('20060901','YYYYMMDD'), '01470011829', '', '', false);
insert into DiagramParts values('UF31-01_0302-01470012078', 'UF31-01_0302', 08, 'Owner&apos;s handbook, telephone &quot;ar&quot;', 'SA633, SA644', 1, to_date('20060901','YYYYMMDD'), to_date('20070301','YYYYMMDD'), '01470012078', '', '', false);
insert into DiagramParts values('UF31-01_0302-01470014362', 'UF31-01_0302', 08, 'Owner&apos;s handbook, telephone &quot;ar&quot;', 'SA633, SA644', 1, to_date('20070901','YYYYMMDD'), to_date('20080301','YYYYMMDD'), '01470014362', '', '', false);
insert into DiagramParts values('UF31-01_0302-01472600080', 'UF31-01_0302', 08, 'Owner&apos;s handbook, telephone &quot;ar&quot;', 'SA633, SA644', 1, to_date('20050901','YYYYMMDD'), to_date('20060301','YYYYMMDD'), '01472600080', '', '', false);
insert into DiagramParts values('UF31-01_0302-01470012066', 'UF31-01_0302', 08, 'Owner&apos;s handbook, telephone &quot;ar&quot;', 'SA633, SA644', 1, to_date('20060301','YYYYMMDD'), to_date('20060901','YYYYMMDD'), '01470012066', '', '', false);
insert into DiagramParts values('UF31-01_0302-01480011830', 'UF31-01_0302', 09, 'Owner&apos;s handbook, telephone &quot;da&quot;', 'SA633, SA644', 1, to_date('20050901','YYYYMMDD'), to_date('20060901','YYYYMMDD'), '01480011830', '', '', false);
insert into DiagramParts values('UF31-01_0302-01480012079', 'UF31-01_0302', 09, 'Owner&apos;s handbook, telephone &quot;da&quot;', 'SA633, SA644', 1, to_date('20060901','YYYYMMDD'), to_date('20070301','YYYYMMDD'), '01480012079', '', '', false);
insert into DiagramParts values('UF31-01_0302-01480014363', 'UF31-01_0302', 09, 'Owner&apos;s handbook, telephone &quot;da&quot;', 'SA633, SA644', 1, to_date('20070901','YYYYMMDD'), to_date('20080301','YYYYMMDD'), '01480014363', '', '', false);
insert into DiagramParts values('UF31-01_0302-01482600081', 'UF31-01_0302', 09, 'Owner&apos;s handbook, telephone &quot;da&quot;', 'SA633, SA644', 1, to_date('20050901','YYYYMMDD'), to_date('20060301','YYYYMMDD'), '01482600081', '', '', false);
insert into DiagramParts values('UF31-01_0302-01480012067', 'UF31-01_0302', 09, 'Owner&apos;s handbook, telephone &quot;da&quot;', 'SA633, SA644', 1, to_date('20060301','YYYYMMDD'), to_date('20060901','YYYYMMDD'), '01480012067', '', '', false);
insert into DiagramParts values('UF31-01_0302-01490011831', 'UF31-01_0302', 10, 'Owner&apos;s handbook, telephone &quot;pt&quot;', 'SA633, SA644', 1, to_date('20050901','YYYYMMDD'), to_date('20060901','YYYYMMDD'), '01490011831', '', '', false);
insert into DiagramParts values('UF31-01_0302-01490012080', 'UF31-01_0302', 10, 'Owner&apos;s handbook, telephone &quot;pt&quot;', 'SA633, SA644', 1, to_date('20060901','YYYYMMDD'), to_date('20070301','YYYYMMDD'), '01490012080', '', '', false);
insert into DiagramParts values('UF31-01_0302-01490014364', 'UF31-01_0302', 10, 'Owner&apos;s handbook, telephone &quot;pt&quot;', 'SA633, SA644', 1, to_date('20070901','YYYYMMDD'), to_date('20080301','YYYYMMDD'), '01490014364', '', '', false);
insert into DiagramParts values('UF31-01_0302-01492600082', 'UF31-01_0302', 10, 'Owner&apos;s handbook, telephone &quot;pt&quot;', 'SA633, SA644', 1, to_date('20050901','YYYYMMDD'), to_date('20060301','YYYYMMDD'), '01492600082', '', '', false);
insert into DiagramParts values('UF31-01_0302-01490012068', 'UF31-01_0302', 10, 'Owner&apos;s handbook, telephone &quot;pt&quot;', 'SA633, SA644', 1, to_date('20060301','YYYYMMDD'), to_date('20060901','YYYYMMDD'), '01490012068', '', '', false);
insert into DiagramParts values('UF31-01_0302-01490011833', 'UF31-01_0302', 13, 'Owner&apos;s handbook, telephone &quot;el&quot;', 'SA633, SA644', 1, to_date('20050901','YYYYMMDD'), to_date('20060901','YYYYMMDD'), '01490011833', '', '', false);
insert into DiagramParts values('UF31-01_0302-01490014366', 'UF31-01_0302', 13, 'Owner&apos;s handbook, telephone &quot;el&quot;', 'SA633, SA644', 1, to_date('20070901','YYYYMMDD'), to_date('20080301','YYYYMMDD'), '01490014366', '', '', false);
insert into DiagramParts values('UF31-01_0302-01492600084', 'UF31-01_0302', 13, 'Owner&apos;s handbook, telephone &quot;el&quot;', 'SA633, SA644', 1, to_date('20050901','YYYYMMDD'), to_date('20060301','YYYYMMDD'), '01492600084', '', '', false);
insert into DiagramParts values('UF31-01_0302-01490012070', 'UF31-01_0302', 13, 'Owner&apos;s handbook, telephone &quot;el&quot;', 'SA633, SA644', 1, to_date('20060301','YYYYMMDD'), to_date('20060901','YYYYMMDD'), '01490012070', '', '', false);
insert into DiagramParts values('UF31-01_0302-01490011832', 'UF31-01_0302', 14, 'Owner&apos;s handbook, telephone &quot;zh&quot;', 'SA633, SA644', 1, to_date('20050901','YYYYMMDD'), to_date('20060901','YYYYMMDD'), '01490011832', '', '', false);
insert into DiagramParts values('UF31-01_0302-01490014365', 'UF31-01_0302', 14, 'Owner&apos;s handbook, telephone &quot;zh&quot;', 'SA633, SA644', 1, to_date('20070901','YYYYMMDD'), to_date('20080301','YYYYMMDD'), '01490014365', '', '', false);
insert into DiagramParts values('UF31-01_0302-01492600083', 'UF31-01_0302', 14, 'Owner&apos;s handbook, telephone &quot;zh&quot;', 'SA633, SA644', 1, to_date('20050901','YYYYMMDD'), to_date('20060301','YYYYMMDD'), '01492600083', '', '', false);
insert into DiagramParts values('UF31-01_0302-01490012069', 'UF31-01_0302', 14, 'Owner&apos;s handbook, telephone &quot;zh&quot;', 'SA633, SA644', 1, to_date('20060301','YYYYMMDD'), to_date('20060901','YYYYMMDD'), '01490012069', '', '', false);
insert into Diagram values('UF31-01_0302','UF31-20040700','01-14','E87 118i   Universal BMW mobile phone preparat.','');
insert into Diagram values('UF31-01_1128','UF31-20040700','01-19','E87 118i   EC Certificate of Conformity','');
insert into Diagram values('UF31-01_0169','UF31-20040700','01-21','E87 118i   Logbook slipcase BMW','');
insert into Diagram values('UF31-01_1140','UF31-20040700','01-21','E87 118i   Logbook slipcase BMW','');
insert into DiagramParts values('UF31-01_0029-01410159011', 'UF31-01_0029', 01, 'Supplem. to owner&apos;s manual, Australia', 'E87, MJ 05', 1, to_date('20041201','YYYYMMDD'), to_date('20050901','YYYYMMDD'), '01410159011', '', '', false);
insert into DiagramParts values('UF31-01_0029-01412600068', 'UF31-01_0029', 01, 'Supplem. to owner&apos;s manual, Australia', 'E87, MJ 2006', 1, to_date('20050901','YYYYMMDD'), to_date('20060301','YYYYMMDD'), '01412600068', '', '', false);
insert into DiagramParts values('UF31-01_0029-01410012043', 'UF31-01_0029', 01, 'Supplem. to owner&apos;s manual, Australia', 'E87, MJ 2006', 1, to_date('20060301','YYYYMMDD'), to_date('20070301','YYYYMMDD'), '01410012043', '', '', false);
insert into Diagram values('UF31-01_0029','UF31-20040700','01-24','E87 118i   Supplem. to owner&apos;s manual, Australia','');
insert into DiagramParts values('UF31-01_0589-01400011971', 'UF31-01_0589', 01, 'Service booklet, German', 'E87, E90, E91', 1, to_date('20040601','YYYYMMDD'), to_date('20060901','YYYYMMDD'), '01400011971', '', '', false);
insert into DiagramParts values('UF31-01_0589-01400013061', 'UF31-01_0589', 01, 'Service booklet, German', 'E8X, E9X', 1, to_date('20060901','YYYYMMDD'), to_date('20070901','YYYYMMDD'), '01400013061', '', '', false);
insert into DiagramParts values('UF31-01_0589-01410011972', 'UF31-01_0589', 02, 'Service booklet, English', 'E87, E90, E91', 1, to_date('20040601','YYYYMMDD'), to_date('20060901','YYYYMMDD'), '01410011972', '', '', false);
insert into DiagramParts values('UF31-01_0589-01410013062', 'UF31-01_0589', 02, 'Service booklet, English', 'E8X, E9X', 1, to_date('20060901','YYYYMMDD'), to_date('20070901','YYYYMMDD'), '01410013062', '', '', false);
insert into DiagramParts values('UF31-01_0589-01420011973', 'UF31-01_0589', 03, 'Service booklet, French', 'E87, E90, E91', 1, to_date('20040601','YYYYMMDD'), to_date('20060901','YYYYMMDD'), '01420011973', '', '', false);
insert into DiagramParts values('UF31-01_0589-01420013063', 'UF31-01_0589', 03, 'Service booklet, French', 'E8X, E9X', 1, to_date('20060901','YYYYMMDD'), to_date('20070901','YYYYMMDD'), '01420013063', '', '', false);
insert into DiagramParts values('UF31-01_0589-01430011974', 'UF31-01_0589', 04, 'Service booklet, Spanish', 'E87, E90, E91', 1, to_date('20040601','YYYYMMDD'), to_date('20060901','YYYYMMDD'), '01430011974', '', '', false);
insert into DiagramParts values('UF31-01_0589-01430013064', 'UF31-01_0589', 04, 'Service booklet, Spanish', 'E8X, E9X', 1, to_date('20060901','YYYYMMDD'), to_date('20070901','YYYYMMDD'), '01430013064', '', '', false);
insert into DiagramParts values('UF31-01_0589-01440011975', 'UF31-01_0589', 05, 'Service booklet, Italian', 'E87, E90, E91', 1, to_date('20040601','YYYYMMDD'), to_date('20060901','YYYYMMDD'), '01440011975', '', '', false);
insert into DiagramParts values('UF31-01_0589-01440013065', 'UF31-01_0589', 05, 'Service booklet, Italian', 'E8X, E9X', 1, to_date('20060901','YYYYMMDD'), to_date('20070901','YYYYMMDD'), '01440013065', '', '', false);
insert into DiagramParts values('UF31-01_0589-01450011976', 'UF31-01_0589', 06, 'Service booklet, Swedish', 'E87, E90, E91', 1, to_date('20040601','YYYYMMDD'), to_date('20060901','YYYYMMDD'), '01450011976', '', '', false);
insert into DiagramParts values('UF31-01_0589-01450013066', 'UF31-01_0589', 06, 'Service booklet, Swedish', 'E8X, E9X', 1, to_date('20060901','YYYYMMDD'), to_date('20070901','YYYYMMDD'), '01450013066', '', '', false);
insert into DiagramParts values('UF31-01_0589-01460011977', 'UF31-01_0589', 07, 'Service booklet, Dutch', 'E87, E90, E91', 1, to_date('20040601','YYYYMMDD'), to_date('20060901','YYYYMMDD'), '01460011977', '', '', false);
insert into DiagramParts values('UF31-01_0589-01460013067', 'UF31-01_0589', 07, 'Service booklet, Dutch', 'E8X, E9X', 1, to_date('20060901','YYYYMMDD'), to_date('20070901','YYYYMMDD'), '01460013067', '', '', false);
insert into DiagramParts values('UF31-01_0589-01470011978', 'UF31-01_0589', 08, 'Service booklet, Arabic', 'E87, E90, E91', 1, to_date('20040601','YYYYMMDD'), to_date('20060901','YYYYMMDD'), '01470011978', '', '', false);
insert into DiagramParts values('UF31-01_0589-01470013068', 'UF31-01_0589', 08, 'Service booklet, Arabic', 'E8X, E9X', 1, to_date('20060901','YYYYMMDD'), to_date('20070901','YYYYMMDD'), '01470013068', '', '', false);
insert into DiagramParts values('UF31-01_0589-01480011979', 'UF31-01_0589', 09, 'Service booklet, Danish', 'E87, E90, E91', 1, to_date('20040601','YYYYMMDD'), to_date('20060901','YYYYMMDD'), '01480011979', '', '', false);
insert into DiagramParts values('UF31-01_0589-01480013069', 'UF31-01_0589', 09, 'Service booklet, Danish', 'E8X, E9X', 1, to_date('20060901','YYYYMMDD'), to_date('20070901','YYYYMMDD'), '01480013069', '', '', false);
insert into DiagramParts values('UF31-01_0589-01490011980', 'UF31-01_0589', 10, 'Service booklet, Portuguese', 'E87, E90, E91', 1, to_date('20040601','YYYYMMDD'), to_date('20060901','YYYYMMDD'), '01490011980', '', '', false);
insert into DiagramParts values('UF31-01_0589-01490013070', 'UF31-01_0589', 10, 'Service booklet, Portuguese', 'E8X, E9X', 1, to_date('20060901','YYYYMMDD'), to_date('20070901','YYYYMMDD'), '01490013070', '', '', false);
insert into DiagramParts values('UF31-01_0589-01490011982', 'UF31-01_0589', 11, 'Service booklet, greek', 'E87, E90, E91', 1, to_date('20040601','YYYYMMDD'), to_date('20060901','YYYYMMDD'), '01490011982', '', '', false);
insert into DiagramParts values('UF31-01_0589-01490013071', 'UF31-01_0589', 11, 'Service booklet, greek', 'E8X, E9X', 1, to_date('20060901','YYYYMMDD'), to_date('20070901','YYYYMMDD'), '01490013071', '', '', false);
insert into DiagramParts values('UF31-01_0589-01490011981', 'UF31-01_0589', 12, 'Service booklet, Chinese', 'E87, E90, E91', 1, to_date('20040601','YYYYMMDD'), to_date('20060901','YYYYMMDD'), '01490011981', '', '', false);
insert into DiagramParts values('UF31-01_0589-01490013596', 'UF31-01_0589', 12, 'Service booklet, Chinese', 'E8X, E9X', 1, to_date('20060901','YYYYMMDD'), to_date('20070901','YYYYMMDD'), '01490013596', '', '', false);
insert into DiagramParts values('UF31-01_0589-01490013656', 'UF31-01_0589', 13, 'Service manual in Korean', 'E8X, E9X', 1, to_date('20060901','YYYYMMDD'), to_date('20070901','YYYYMMDD'), '01490013656', '', '', false);
insert into Diagram values('UF31-01_0589','UF31-20040700','01-26','E87 118i   BMW Service booklet 2004 - 2008','');
insert into Diagram values('UF31-01_0670','UF31-20040700','01-35','E87 118i   battery charge calendar','');
insert into Diagram values('UF31-01_0681','UF31-20040700','01-40','E87 118i   BMW Service plug unit','');
insert into Diagram values('UF31-01_0680','UF31-20040700','01-46','E87 118i   Service information, BMW','');
insert into Diagram values('UF31-01_0233','UF31-20040700','01-52','E87 118i   Mounting information, Owner&apos;s Manual BMW','');
insert into Diagram values('UF31-01_0299','UF31-20040700','01-52','E87 118i   BMW assembly instructions','');
insert into Diagram values('UF31-01_0635','UF31-20040700','01-60','E87 118i   BMW form','');
insert into Diagram values('UF31-01_0636','UF31-20040700','01-62','E87 118i   Trailer, BMW','');
insert into Diagram values('UF31-01_0637','UF31-20040700','01-64','E87 118i   Sticker, BMW','');
insert into Diagram values('UF31-01_0639','UF31-20040700','01-65','E87 118i   Labels BMW','');
insert into Diagram values('UF31-01_0612','UF31-20040700','01-70','E87 118i   CD/DVD SIP German BMW','');
insert into DiagramParts values('UF31-01_0671-01399789699', 'UF31-01_0671', 01, 'CD literature', 'LITERATUR', 1, to_date('19820901','YYYYMMDD'), to_date('19901201','YYYYMMDD'), '01399789699', '$8.11', '', false);
insert into Diagram values('UF31-01_0671','UF31-20040700','01-70','E87 118i   BMW CD/DVD miscellaneous','');
insert into Diagram values('UF31-01_0737','UF31-20040700','01-70','E87 118i   CD/DVD SIP complete vehicle BMW','');
insert into Diagram values('UF31-01_1172','UF31-20040700','01-70','E87 118i   DVD Web Based Training','');
insert into Diagram values('UF31-01_1045','UF31-20040700','01-94','E87 118i   Samples, upholstery colors, leather/fabr','');
insert into Diagram values('UF31-01_1046','UF31-20040700','01-94','E87 118i   Sample page, upholstery colors, fabric','');
insert into Diagram values('UF31-01_1047','UF31-20040700','01-94','E87 118i   Sample chart, upholstery colors, leather','');
insert into Diagram values('UF31-01_1048','UF31-20040700','01-94','E87 118i   Sample chart with interior moldings','');
insert into Diagram values('UF31-01_1049','UF31-20040700','01-94','E87 118i   Sample chart with interior moldings','');
insert into Diagram values('UF31-01_1050','UF31-20040700','01-94','E87 118i   Sample chart with interior moldings','');
insert into Diagram values('UF31-01_1051','UF31-20040700','01-94','E87 118i   Sample chart with interior colors','');
insert into Diagram values('UF31-01_1052','UF31-20040700','01-94','E87 118i   Sample chart with interior colors','');
insert into Diagram values('UF31-11_3171','UF31-20040700','11-05','E87 118i   Short Engine','');
insert into DiagramParts values('UF31-11_3172-11117570268', 'UF31-11_3172', 19, 'Dowel', 'D=10,5MM', 2, to_date('20070101','YYYYMMDD'), to_date('20070201','YYYYMMDD'), '11117570268', '', '', false);
insert into Diagram values('UF31-11_3172','UF31-20040700','11-10','E87 118i   Engine block','');
insert into Diagram values('UF31-11_3173','UF31-20040700','11-10','E87 118i   Engine Block Mounting Parts','');
insert into Diagram values('UF31-11_3722','UF31-20040700','11-10','E87 118i   OIL PAN/OIL LEVEL INDICATOR','');
insert into Diagram values('UF31-11_3177','UF31-20040700','11-15','E87 118i   Cylinder Head','');
insert into DiagramParts values('UF31-11_3178-11127578077', 'UF31-11_3178', 01, 'Set Bolt Cylinder Head', 'TORX M9/M10', 1, to_date('20070101','YYYYMMDD'), to_date('20070201','YYYYMMDD'), '11127578077', '', '', false);
insert into Diagram values('UF31-11_3178','UF31-20040700','11-15','E87 118i   Cylinder Head Attached Parts','');
insert into Diagram values('UF31-11_3179','UF31-20040700','11-15','E87 118i   Cylinder head cover','');
insert into Diagram values('UF31-11_3296','UF31-20040700','11-15','E87 118i   Cylinder head, electr. add-on parts','');
insert into Diagram values('UF31-11_3800','UF31-20040700','11-15','E87 118i   Crankcase-Ventilation/oil separator','');
insert into Diagram values('UF31-11_3181','UF31-20040700','11-18','E87 118i   Belt Drive-Vibration Damper','');
insert into Diagram values('UF31-11_3182','UF31-20040700','11-18','E87 118i   Belt Drive Water Pump/Alternator','');
insert into Diagram values('UF31-11_3183','UF31-20040700','11-18','E87 118i   Belt Drive Climate Compressor','');
insert into Diagram values('UF31-11_3185','UF31-20040700','11-20','E87 118i   Crankshaft Connecting Rod','');
insert into DiagramParts values('UF31-11_3186-11257548001', 'UF31-11_3186', 01, 'KS PISTON', '(0)', 4, to_date('20051101','YYYYMMDD'), to_date('20070101','YYYYMMDD'), '11257548001', '', 'ENDED', false);
insert into DiagramParts values('UF31-11_3186-11257556435', 'UF31-11_3186', 03, 'REPAIR KIT PISTON RINGS', '(0)', 4, to_date('20051101','YYYYMMDD'), to_date('20070101','YYYYMMDD'), '11257556435', '', 'ENDED', false);
insert into Diagram values('UF31-11_3186','UF31-20040700','11-20','E87 118i   Crankshaft-Pistons','');
insert into Diagram values('UF31-11_3187','UF31-20040700','11-20','E87 118i   Flywheel / Twin Mass Flywheel','');
insert into Diagram values('UF31-11_3188','UF31-20040700','11-20','E87 118i   Flywheel automatic','');
insert into Diagram values('UF31-11_3345','UF31-20040700','11-20','E87 118i   Crankshaft With Bearing Shells','');
insert into Diagram values('UF31-11_3009','UF31-20040700','11-25','E87 118i   Valve timing gear, eccentric shaft','');
insert into Diagram values('UF31-11_3176','UF31-20040700','11-25','E87 118i   Valve timing gear, camshaft, inlet','');
insert into Diagram values('UF31-11_3189','UF31-20040700','11-25','E87 118i   Timing and valve train-timing chain','');
insert into Diagram values('UF31-11_3196','UF31-20040700','11-25','E87 118i   Valve timing gear, camshaft, outlet','');
insert into Diagram values('UF31-11_3175','UF31-20040700','11-30','E87 118i   Oil pump and compensating shaft drive','');
insert into Diagram values('UF31-11_3190','UF31-20040700','11-30','E87 118i   Oil pump and compensating shaft unit','');
insert into Diagram values('UF31-11_3191','UF31-20040700','11-30','E87 118i   Lubricat.syst.-oil filter,heat exchanger','');
insert into Diagram values('UF31-11_3192','UF31-20040700','11-35','E87 118i   Waterpump - Thermostat','');
insert into Diagram values('UF31-11_3193','UF31-20040700','11-35','E87 118i   Cooling System Water Hoses','');
insert into Diagram values('UF31-11_3803','UF31-20040700','11-40','E87 118i   Intake manifold system','');
insert into Diagram values('UF31-12_1139','UF31-20040700','12-05','E87 118i   Sensors','');
insert into Diagram values('UF31-12_1312','UF31-20040700','12-05','E87 118i   Ignition coil/spark plug','');
insert into Diagram values('UF31-12_1332','UF31-20040700','12-10','E87 118i   Basic cotrol unit DME / MV946','');
insert into Diagram values('UF31-12_1309','UF31-20040700','12-20','E87 118i   Alternator 110A','');
insert into Diagram values('UF31-12_1310','UF31-20040700','12-20','E87 118i   Alternator 140/150A','');
insert into Diagram values('UF31-12_1311','UF31-20040700','12-25','E87 118i   Starter','');
insert into Diagram values('UF31-12_1317','UF31-20040700','12-28','E87 118i   Engine wiring harness, engine module','');
insert into Diagram values('UF31-12_1318','UF31-20040700','12-28','E87 118i   wiring harness, engine trans. module','');
insert into Diagram values('UF31-12_1330','UF31-20040700','12-28','E87 118i   wiring harness, engine ignition module','');
insert into Diagram values('UF31-12_1138','UF31-20040700','12-29','E87 118i   Cable starter','');
insert into Diagram values('UF31-12_1141','UF31-20040700','12-29','E87 118i   DIVERSE SMALL PARTS','');
insert into Diagram values('UF31-12_0907','UF31-20040700','12-31','E87 118i   Cable holder','');
insert into Diagram values('UF31-12_1238','UF31-20040700','12-31','E87 118i   CABLE HOLDER/COVERING','');
insert into Diagram values('UF31-12_1328','UF31-20040700','12-31','E87 118i   Cable Harness Fixings','');
insert into Diagram values('UF31-12_1043','UF31-20040700','12-32','E87 118i   Laminated contacts/spring contacts','');
insert into Diagram values('UF31-12_1249','UF31-20040700','12-32','E87 118i   End cap','');
insert into Diagram values('UF31-12_1459','UF31-20040700','12-32','E87 118i   Contact system MLK','');
insert into Diagram values('UF31-12_1205','UF31-20040700','12-35','E87 118i   RELAY MOTOR','');
insert into Diagram values('UF31-12_1327','UF31-20040700','12-35','E87 118i   Control unit box','');
insert into Diagram values('UF31-13_0901','UF31-20040700','13-15','E87 118i   Throttle Housing Assy','');
insert into Diagram values('UF31-13_0950','UF31-20040700','13-15','E87 118i   FUEL TANK BREATHER VALVE','');
insert into Diagram values('UF31-13_1122','UF31-20040700','13-15','E87 118i   FUEL INJECTION SYSTEM/INJECTION VALVE','');
insert into Diagram values('UF31-13_1123','UF31-20040700','13-20','E87 118i   Intake muffler/Filter cartridge/HFM','');
insert into Diagram values('UF31-16_0595','UF31-20040700','16-05','E87 118i   Fuel tank/mounting parts','');
insert into Diagram values('UF31-16_0597','UF31-20040700','16-10','E87 118i   Activated Charcoal Filter/FUEL VENTILAT','');
insert into Diagram values('UF31-16_0596','UF31-20040700','16-15','E87 118i   Fuel pipes / Mounting parts','');
insert into Diagram values('UF31-16_0601','UF31-20040700','16-15','E87 118i   Fuel filter/pump/fuel level sensor','');
insert into Diagram values('UF31-17_0319','UF31-20040700','17-05','E87 118i   Oil-cooler pipe/heat exchanger','');
insert into Diagram values('UF31-17_0322','UF31-20040700','17-05','E87 118i   Expansion tank','');
insert into Diagram values('UF31-17_0323','UF31-20040700','17-05','E87 118i   MOUNTING PARTS F RADIATOR','');
insert into Diagram values('UF31-17_0324','UF31-20040700','17-05','E87 118i   Fan housing, mounting parts','');
insert into Diagram values('UF31-17_0320','UF31-20040700','17-30','E87 118i   Cooling System Water Hoses','');
insert into Diagram values('UF31-17_0321','UF31-20040700','17-30','E87 118i   Cooling System Water Hoses','');
insert into Diagram values('UF31-17_0690','UF31-20040700','17-30','E87 118i   Cooling System Water Hoses','');
insert into Diagram values('UF31-17_0716','UF31-20040700','17-30','E87 118i   Cooling system coolant hoses','');
insert into Diagram values('UF31-17_0717','UF31-20040700','17-30','E87 118i   Cooling system coolant hoses','');
insert into Diagram values('UF31-17_0718','UF31-20040700','17-30','E87 118i   Cooling system coolant hoses','');
insert into Diagram values('UF31-17_0723','UF31-20040700','17-30','E87 118i   Cooling system coolant hoses','');
insert into Diagram values('UF31-18_0557','UF31-20040700','18-10','E87 118i   Exhaust manifold with catalyst','');
insert into Diagram values('UF31-18_0558','UF31-20040700','18-10','E87 118i   FRONT MUFFLER','');
insert into Diagram values('UF31-18_0559','UF31-20040700','18-20','E87 118i   Rear muffler','');
insert into Diagram values('UF31-18_0583','UF31-20040700','18-20','E87 118i   Sports rear silencer','');
insert into Diagram values('UF31-18_0596','UF31-20040700','18-20','E87 118i   Exhaust pipe tip','');
insert into Diagram values('UF31-18_0882','UF31-20040700','18-95','E87 118i   BMW Performance muffler system','');
insert into Diagram values('UF31-21_0234','UF31-20040700','21-05','E87 118i   Clutch','');
insert into Diagram values('UF31-21_0199','UF31-20040700','21-10','E87 118i   Clutch control','');
insert into Diagram values('UF31-22_0105','UF31-20040700','22-05','E87 118i   Engine Suspension','');
insert into Diagram values('UF31-22_0106','UF31-20040700','22-10','E87 118i   Gearbox suspension','');
insert into Diagram values('UF31-23_0116','UF31-20040700','23-05','E87 118i   Manual Transmission S5D...G','');
insert into DiagramParts values('UF31-23_0996-23007559135', 'UF31-23_0996', 01, 'Rmfd-6 speed gearbox', 'GS6-17BG - TCAL', 1, to_date('20060301','YYYYMMDD'), to_date('20060601','YYYYMMDD'), '23007559135', '', 'ENDED', false);
insert into DiagramParts values('UF31-23_0996-23007565902', 'UF31-23_0996', 01, 'Rmfd-6 speed gearbox', 'GS6-17BG - TCAS', 1, to_date('20060301','YYYYMMDD'), to_date('20070301','YYYYMMDD'), '23007565902', '', 'ENDED', false);
insert into DiagramParts values('UF31-23_0996-23007570572', 'UF31-23_0996', 01, 'Rmfd-6 speed gearbox', 'GS6-17BG - TCAX', 1, to_date('20060301','YYYYMMDD'), to_date('20070901','YYYYMMDD'), '23007570572', '', 'ENDED', false);
insert into DiagramParts values('UF31-23_0996-23007575046', 'UF31-23_0996', 01, 'Rmfd-6 speed gearbox', 'GS6-17BG - TCBF', 1, to_date('20060301','YYYYMMDD'), to_date('20090901','YYYYMMDD'), '23007575046', '', 'ENDED', false);
insert into DiagramParts values('UF31-23_0996-23007604894', 'UF31-23_0996', 01, 'Rmfd-6 speed gearbox', 'GS6-17BG - TAH7', 1, to_date('20060301','YYYYMMDD'), to_date('20110301','YYYYMMDD'), '23007604894', '', 'ENDED', false);
insert into Diagram values('UF31-23_0996','UF31-20040700','23-05','E87 118i   Manual Transmission GS6-17BG','');
insert into Diagram values('UF31-23_0720','UF31-20040700','23-10','E87 118i   Gearbox parts - oxygen sensor holder','');
insert into Diagram values('UF31-23_0893','UF31-20040700','23-10','E87 118i   GEARBOX MOUNTING PARTS','');
insert into Diagram values('UF31-23_0997','UF31-20040700','23-10','E87 118i   GEARBOX MOUNTING PARTS','');
insert into Diagram values('UF31-23_0128','UF31-20040700','23-15','E87 118i   S5D...G inner gear shifting parts','');
insert into Diagram values('UF31-23_0129','UF31-20040700','23-15','E87 118i   S5D...G inner gear shifting parts','');
insert into Diagram values('UF31-23_0224','UF31-20040700','23-15','E87 118i   S5D...G countershaft/reverse gear','');
insert into Diagram values('UF31-23_0234','UF31-20040700','23-15','E87 118i   S5D...G housing + mounting parts','');
insert into Diagram values('UF31-23_0719','UF31-20040700','23-15','E87 118i   S5D...G drive shaft/output shaft','');
insert into DiagramParts values('UF31-23_1032-23121222972', 'UF31-23_1032', 03, 'Shaft seal', '30X50X7', 1, to_date('20060301','YYYYMMDD'), to_date('20121201','YYYYMMDD'), '23121222972', '$30.56', '', false);
insert into DiagramParts values('UF31-23_1032-23121228328', 'UF31-23_1032', 03, 'Shaft seal', '30X50X7', 1, to_date('20060301','YYYYMMDD'), to_date('20121201','YYYYMMDD'), '23121228328', '', 'See NoS No Stock', false);
insert into DiagramParts values('UF31-23_1032-23127564721', 'UF31-23_1032', 05, 'Screw plug', 'M18X1,5X18', 2, to_date('20060301','YYYYMMDD'), to_date('20090701','YYYYMMDD'), '23127564721', '', 'ENDED', false);
insert into DiagramParts values('UF31-23_1032-23137572514', 'UF31-23_1032', 06, 'Vent screw', 'M10X20', 1, to_date('20060301','YYYYMMDD'), to_date('20060601','YYYYMMDD'), '23137572514', '', '', false);
insert into Diagram values('UF31-23_1032','UF31-20040700','23-15','E87 118i   GS6-17BG/DG Seals,gaskets/mounted parts','');
insert into Diagram values('UF31-23_1033','UF31-20040700','23-15','E87 118i   GS6-17BG gearshift parts','');
insert into Diagram values('UF31-24_1024','UF31-20040700','24-05','E87 118i   Automatic transmission GA6HP19Z','');
insert into Diagram values('UF31-24_1049','UF31-20040700','24-10','E87 118i   GEARBOX MOUNTING PARTS','');
insert into Diagram values('UF31-24_1043','UF31-20040700','24-15','E87 118i   GA6HP19Z housing with mounting parts','');
insert into Diagram values('UF31-24_1044','UF31-20040700','24-15','E87 118i   GA6HP19Z oil pan','');
insert into DiagramParts values('UF31-24_1045-24207571212', 'UF31-24_1045', 05, 'Shaft seal', '28X35,5X5,2', 1, to_date('20020901','YYYYMMDD'), to_date('20110901','YYYYMMDD'), '24207571212', '', 'ENDED', false);
insert into Diagram values('UF31-24_1045','UF31-20040700','24-15','E87 118i   GA6HP19Z output','');
insert into Diagram values('UF31-24_1046','UF31-20040700','24-15','E87 118i   GA6HP19Z Mechatronics','');
insert into Diagram values('UF31-24_1048','UF31-20040700','24-15','E87 118i   GA6HP19Z Mechatronics mounting parts','');
insert into Diagram values('UF31-24_1372','UF31-20040700','24-15','E87 118i   Fluid-change kit, autom. transmission','');
insert into Diagram values('UF31-25_0382','UF31-20040700','25-05','E87 118i   Gearbox shifting part','');
insert into Diagram values('UF31-25_0388','UF31-20040700','25-05','E87 118i   Gearbox shifting part','');
insert into DiagramParts values('UF31-25_0383-25118036624', 'UF31-25_0383', 03, 'Leather shift knob with boot/6-speed', 'SCHWARZ/M', 1, to_date('20060301','YYYYMMDD'), to_date('20060601','YYYYMMDD'), '25118036624', '', '', false);
insert into Diagram values('UF31-25_0383','UF31-20040700','25-10','E87 118i   GEAR SHIFT KNOBS/SHIFT LEVER COVERINGS','');
insert into Diagram values('UF31-25_0461','UF31-20040700','25-10','E87 118i   Performance shift knob','');
insert into Diagram values('UF31-25_0436','UF31-20040700','25-20','E87 118i   AUTOM.TRANSMISS.STEPTRONIC SHIFT PARTS','');
insert into Diagram values('UF31-25_0384','UF31-20040700','25-25','E87 118i   Selector lever handles / Covers','');
insert into Diagram values('UF31-25_0419','UF31-20040700','25-95','E87 118i   Retrofit, wooden selector lever knob','');
insert into Diagram values('UF31-25_0439','UF31-20040700','25-95','E87 118i   Retrofit, sport switch knob','');
insert into Diagram values('UF31-25_0484','UF31-20040700','25-95','E87 118i   BMW Performance selector lever handle','');
insert into Diagram values('UF31-26_0215','UF31-20040700','26-05','E87 118i   Drive shaft (swivel joint)','');
insert into Diagram values('UF31-26_0217','UF31-20040700','26-10','E87 118i   Drive shaft,univ.joint/center mounting','');
insert into Diagram values('UF31-27_0034','UF31-20040700','27-95','E87 118i   Retrofit, wooden gearshift knob','');
insert into Diagram values('UF31-31_0693','UF31-20040700','31-05','E87 118i   Frnt axle support,wishbone/tension strut','');
insert into Diagram values('UF31-31_0697','UF31-20040700','31-05','E87 118i   HEADLIGHT VERTICAL AIM CONTROL SENSOR','');
insert into Diagram values('UF31-31_0695','UF31-20040700','31-10','E87 118i   GUIDE SUPPORT/SPRING PAD/ATTACHING PARTS','');
insert into Diagram values('UF31-31_0696','UF31-20040700','31-10','E87 118i   Stabilizer, front','');
insert into Diagram values('UF31-31_0698','UF31-20040700','31-10','E87 118i   FRONT COIL SPRING','');
insert into Diagram values('UF31-31_0736','UF31-20040700','31-10','E87 118i   Front Spring strut/Carrier/Wheel bearing','');
insert into Diagram values('UF31-31_0891','UF31-20040700','31-95','E87 118i   Performance suspension','');
insert into Diagram values('UF31-31_0892','UF31-20040700','31-95','E87 118i   Performance suspension','');
insert into Diagram values('UF31-32_1509','UF31-20040700','32-10','E87 118i   Hydro steering box','');
insert into Diagram values('UF31-32_1284','UF31-20040700','32-15','E87 118i   Power steering pump','');
insert into Diagram values('UF31-32_1506','UF31-20040700','32-20','E87 118i   HYDRO STEERING-OIL PIPES','');
insert into Diagram values('UF31-32_1513','UF31-20040700','32-20','E87 118i   OIL CARRIER/SINGLE PARTS','');
insert into Diagram values('UF31-32_1510','UF31-20040700','32-25','E87 118i   STEERING LINKAGE/TIE RODS','');
insert into Diagram values('UF31-32_1515','UF31-20040700','32-30','E87 118i   Manually adjust. steering column','');
insert into Diagram values('UF31-32_1516','UF31-20040700','32-30','E87 118i   STEER.COL.-LOWER JOINT ASSY','');
insert into Diagram values('UF31-32_1517','UF31-20040700','32-35','E87 118i   Steering wheel airbag','');
insert into DiagramParts values('UF31-32_1518-32306777630', 'UF31-32_1518', 01, 'Sport steering wheel rim', 'LEDER', 1, to_date('20060201','YYYYMMDD'), to_date('20090901','YYYYMMDD'), '32306777630', '$383.97', '', false);
insert into Diagram values('UF31-32_1518','UF31-20040700','32-35','E87 118i   Airbag sports steering wheel','');
insert into DiagramParts values('UF31-32_1519-32306777630', 'UF31-32_1519', 01, 'Sport steering wheel rim', 'LEDER', 1, to_date('20060201','YYYYMMDD'), to_date('20090901','YYYYMMDD'), '32306777630', '$383.97', '', false);
insert into Diagram values('UF31-32_1519','UF31-20040700','32-35','E87 118i   Airbag sports steering wheel multifunct.','');
insert into Diagram values('UF31-32_1605','UF31-20040700','32-35','E87 118i   M sports steer.-wheel, airbag, leather','');
insert into Diagram values('UF31-32_1617','UF31-20040700','32-35','E87 118i   M sports strng whl,airbag,multifunction','');
insert into Diagram values('UF31-32_1592','UF31-20040700','32-95','E87 118i   Retrofit multi-functional steering wheel','');
insert into Diagram values('UF31-32_1773','UF31-20040700','32-95','E87 118i   Performance steering wheel with display','');
insert into Diagram values('UF31-32_1778','UF31-20040700','32-95','E87 118i   Performance steering wheel with display','');
insert into Diagram values('UF31-32_1834','UF31-20040700','32-95','E87 118i   Performance steering wheel','');
insert into Diagram values('UF31-32_1835','UF31-20040700','32-95','E87 118i   Performance steering wheel','');
insert into Diagram values('UF31-33_1232','UF31-20040700','33-05','E87 118i   DIFFERENTIAL-DRIVE/OUTPUT','');
insert into Diagram values('UF31-33_1236','UF31-20040700','33-10','E87 118i   Final drive, gasket set','');
insert into Diagram values('UF31-33_1244','UF31-20040700','33-25','E87 118i   Output shaft','');
insert into Diagram values('UF31-33_1229','UF31-20040700','33-30','E87 118i   REAR AXLE CARRIER','');
insert into Diagram values('UF31-33_1230','UF31-20040700','33-30','E87 118i   REAR AXLE SUPPORT/WHEEL SUSPENSION','');
insert into Diagram values('UF31-33_1237','UF31-20040700','33-30','E87 118i   HEADLIGHT VERTICAL AIM CONTROL SENSOR','');
insert into Diagram values('UF31-33_1231','UF31-20040700','33-40','E87 118i   SIDE SHAFT/WHEEL BEARINGS','');
insert into Diagram values('UF31-33_1233','UF31-20040700','33-45','E87 118i   REAR SPRING STRUT MOUNTING PARTS','');
insert into Diagram values('UF31-33_1234','UF31-20040700','33-45','E87 118i   Stabilizer, rear','');
insert into Diagram values('UF31-33_1238','UF31-20040700','33-45','E87 118i   REAR COIL SPRING','');
insert into Diagram values('UF31-33_1338','UF31-20040700','33-95','E87 118i   Retrofit kit M sports suspension','');
insert into Diagram values('UF31-34_1414','UF31-20040700','34-05','E87 118i   Front brake pad wear sensor','');
insert into Diagram values('UF31-34_1766','UF31-20040700','34-07','E87 118i   Front brake-brake disc','');
insert into Diagram values('UF31-34_1417','UF31-20040700','34-10','E87 118i   Rear brake pad wear sensor','');
insert into Diagram values('UF31-34_1767','UF31-20040700','34-12','E87 118i   Rear wheel brake-Brake disc','');
insert into DiagramParts values('UF31-34_1400-34326774427', 'UF31-34_1400', 03, 'Pipe', 'M10/M12-1090MM', 1, to_date('20050701','YYYYMMDD'), to_date('20110401','YYYYMMDD'), '34326774427', '', 'ENDED', false);
insert into DiagramParts values('UF31-34_1400-34326770551', 'UF31-34_1400', 04, 'Pipe', 'M10/M10-2296MM', 1, to_date('20050701','YYYYMMDD'), to_date('20110401','YYYYMMDD'), '34326770551', '$10.13', '', false);
insert into Diagram values('UF31-34_1400','UF31-20040700','34-15','E87 118i   Brake pipe, front','');
insert into Diagram values('UF31-34_1401','UF31-20040700','34-15','E87 118i   Brake pipe, front','');
insert into Diagram values('UF31-34_1402','UF31-20040700','34-17','E87 118i   Brake pipe rear','');
insert into Diagram values('UF31-34_1805','UF31-20040700','34-17','E87 118i   Brake pipe rear','');
insert into Diagram values('UF31-34_1403','UF31-20040700','34-18','E87 118i   BRAKE PIPE REAR/MOUNTING','');
insert into DiagramParts values('UF31-34_1404-34506781284', 'UF31-34_1404', 07, 'Spacer sleeve', 'ZNS3', 3, to_date('20070701','YYYYMMDD'), to_date('20080901','YYYYMMDD'), '34506781284', '$8.16', '', false);
insert into Diagram values('UF31-34_1404','UF31-20040700','34-20','E87 118i   Hydro unit DSC/fastening/sensors','');
insert into Diagram values('UF31-34_1410','UF31-20040700','34-25','E87 118i   Brake master cylinder','');
insert into Diagram values('UF31-34_1411','UF31-20040700','34-27','E87 118i   Power brake unit depression','');
insert into Diagram values('UF31-34_1412','UF31-20040700','34-27','E87 118i   Power brake unit depression','');
insert into Diagram values('UF31-34_1405','UF31-20040700','34-30','E87 118i   Handbrake lever','');
insert into Diagram values('UF31-34_1421','UF31-20040700','34-40','E87 118i   PARKING BRAKE/BRAKE SHOES','');
insert into Diagram values('UF31-34_1384','UF31-20040700','34-95','E87 118i   Retrofit, handbrake handle','');
insert into Diagram values('UF31-34_1562','UF31-20040700','34-95','E87 118i   Handbrake grip with chrome inlay','');
insert into Diagram values('UF31-34_1680','UF31-20040700','34-95','E87 118i   Set of BMW Performance Brakes front/rear','');
insert into Diagram values('UF31-34_1681','UF31-20040700','34-95','E87 118i   BMW Performance front wheel brake','');
insert into Diagram values('UF31-34_1691','UF31-20040700','34-95','E87 118i   BMW Performance Rear wheel brake','');
insert into Diagram values('UF31-34_1717','UF31-20040700','34-95','E87 118i   BMW Performance parking brake handle','');
insert into Diagram values('UF31-35_0291','UF31-20040700','35-05','E87 118i   Foot lever mech. with return spring','');
insert into Diagram values('UF31-35_0292','UF31-20040700','35-05','E87 118i   Foot lever mech. with return spring','');
insert into Diagram values('UF31-35_0293','UF31-20040700','35-05','E87 118i   Pedal assembly','');
insert into Diagram values('UF31-35_0294','UF31-20040700','35-05','E87 118i   Pedal assembly','');
insert into Diagram values('UF31-35_0274','UF31-20040700','35-20','E87 118i   Acceleration/accelerator pedal module','');
insert into Diagram values('UF31-35_0275','UF31-20040700','35-95','E87 118i   Aluminum pedal covers','');
insert into Diagram values('UF31-35_0315','UF31-20040700','35-95','E87 118i   Set of high-grade steel pedal covers','');
insert into Diagram values('UF31-35_0327','UF31-20040700','35-95','E87 118i   BMW Performance Alu pedal plates','');
insert into Diagram values('UF31-35_0377','UF31-20040700','35-95','E87 118i   Aluminum pedal covers','');
insert into Diagram values('UF31-36_0798','UF31-20040700','36-10','E87 118i   STEEL RIM STYL.12','');
insert into Diagram values('UF31-36_0799','UF31-20040700','36-15','E87 118i   BMW light alloy wheel, spider spoke 139','');
insert into Diagram values('UF31-36_0800','UF31-20040700','36-15','E87 118i   BMW light alloy wheel, radial spoke 32','');
insert into Diagram values('UF31-36_0801','UF31-20040700','36-15','E87 118i   BMW light alloy wheel, spider spoke 140','');
insert into Diagram values('UF31-36_0802','UF31-20040700','36-15','E87 118i   BMW light alloy wheel, V-spoke 141','');
insert into Diagram values('UF31-36_0803','UF31-20040700','36-15','E87 118i   BMW light alloy wheel, spider spoke 142','');
insert into Diagram values('UF31-36_0804','UF31-20040700','36-15','E87 118i   BMW light alloy wheel, spider spoke 151','');
insert into Diagram values('UF31-36_0805','UF31-20040700','36-15','E87 118i   BMW LA wheel/double spoke 178','');
insert into Diagram values('UF31-36_0806','UF31-20040700','36-15','E87 118i   BMW Composite wheel, star spoke 179','');
insert into Diagram values('UF31-36_0807','UF31-20040700','36-15','E87 118i   BMW LA wheel, star spoke 180','');
insert into Diagram values('UF31-36_0808','UF31-20040700','36-15','E87 118i   BMW LA wheel, star spoke 181','');
insert into Diagram values('UF31-36_0809','UF31-20040700','36-15','E87 118i   BMW LA wheel/double spoke 182','');
insert into Diagram values('UF31-36_0903','UF31-20040700','36-15','E87 118i   BMW LA wheel, double spoke 98','');
insert into Diagram values('UF31-36_0926','UF31-20040700','36-15','E87 118i   BMW alloy wheel M V-spoke 217','');
insert into Diagram values('UF31-36_0927','UF31-20040700','36-15','E87 118i   BMW alloy wheel, M double spoke 207','');
insert into Diagram values('UF31-36_0928','UF31-20040700','36-15','E87 118i   BMW alloy wheel, M double spoke 208','');
insert into Diagram values('UF31-36_0964','UF31-20040700','36-15','E87 118i   BMW light alloy wheel, V-spoke 229','');
insert into Diagram values('UF31-36_1052','UF31-20040700','36-15','E87 118i   BMW LA wheel/double spoke 222','');
insert into Diagram values('UF31-36_1053','UF31-20040700','36-15','E87 118i   BMW light alloy wheel, V-spoke 255','');
insert into Diagram values('UF31-36_1054','UF31-20040700','36-15','E87 118i   BMW LA wheel, star spoke 256','');
insert into Diagram values('UF31-36_1108','UF31-20040700','36-15','E87 118i   BMW LA wheel, star spoke 262','');
insert into Diagram values('UF31-36_1109','UF31-20040700','36-15','E87 118i   BMW LA wheel, W spoke 263','');
insert into Diagram values('UF31-36_1130','UF31-20040700','36-15','E87 118i   BMW LA wheel, dual spoke 261','');
insert into Diagram values('UF31-36_1131','UF31-20040700','36-15','E87 118i   BMW Performance LA wheel/double spoke269','');
insert into Diagram values('UF31-36_1135','UF31-20040700','36-15','E87 118i   BMW light alloy wheel, radial spoke 216','');
insert into Diagram values('UF31-36_1315','UF31-20040700','36-15','E87 118i   BMW LA wheel, Star Spoke 311','');
insert into Diagram values('UF31-36_1316','UF31-20040700','36-15','E87 118i   BMW Performance LA wheel DoubleSpoke 313','');
insert into Diagram values('UF31-36_1433','UF31-20040700','36-15','E87 118i   BMW LA wheel, V Spoke 360','');
insert into Diagram values('UF31-36_1607','UF31-20040700','36-15','E87 118i   BMW LA wheel Streamline 370','');
insert into Diagram values('UF31-36_1608','UF31-20040700','36-15','E87 118i   BMW LA wheel, Star Spoke 371','');
insert into Diagram values('UF31-36_1709','UF31-20040700','36-15','E87 118i   BMW LA wheel, M Double Spoke 313','');
insert into Diagram values('UF31-36_0812','UF31-20040700','36-20','E87 118i   Balance weight, zinc','');
insert into Diagram values('UF31-36_0811','UF31-20040700','36-25','E87 118i   WHEEL BOLT LOCK WITH ADAPTOR','');
insert into Diagram values('UF31-36_1032','UF31-20040700','36-25','E87 118i   SET WHEEL LOCKS','');
insert into Diagram values('UF31-36_0834','UF31-20040700','36-30','E87 118i   Summer tires','');
insert into Diagram values('UF31-36_1076','UF31-20040700','36-30','E87 118i   Winter tires','');
insert into Diagram values('UF31-36_0873','UF31-20040700','36-95','E87 118i   COMPL.WINT.TYRE+WHEEL,RADIAL STYLING 32','');
insert into Diagram values('UF31-36_0874','UF31-20040700','36-95','E87 118i   Radial spoke 139 complete winter wheel','');
insert into Diagram values('UF31-36_0924','UF31-20040700','36-95','E87 118i   Winter wheel/tire, steel','');
insert into Diagram values('UF31-36_0958','UF31-20040700','36-95','E87 118i   Winter complete wheel V spoke 141','');
insert into Diagram values('UF31-36_1168','UF31-20040700','36-95','E87 118i   Winterkomplettrad V-Speiche 229','');
insert into Diagram values('UF31-36_1274','UF31-20040700','36-95','E87 118i   Set emergency wheel with tyre','');
insert into Diagram values('UF31-36_1329','UF31-20040700','36-95','E87 118i   Winterkomplettrad Sternspeiche 256','');
insert into Diagram values('UF31-41_1594','UF31-20040700','41-05','E87 118i   Body skeleton','');
insert into Diagram values('UF31-41_1596','UF31-20040700','41-10','E87 118i   Front side panel','');
insert into Diagram values('UF31-41_1597','UF31-20040700','41-10','E87 118i   WHEELHOUSE/ENGINE SUPPORT','');
insert into Diagram values('UF31-41_1598','UF31-20040700','41-10','E87 118i   SPLASH WALL PARTS','');
insert into Diagram values('UF31-41_1599','UF31-20040700','41-10','E87 118i   FRONT BODY BRACKET LEFT','');
insert into Diagram values('UF31-41_1600','UF31-20040700','41-10','E87 118i   FRONT BODY BRACKET RIGHT','');
insert into Diagram values('UF31-41_1602','UF31-20040700','41-20','E87 118i   Cavity shielding, side frame','');
insert into Diagram values('UF31-41_1603','UF31-20040700','41-20','E87 118i   BODY-SIDE FRAME','');
insert into Diagram values('UF31-41_1604','UF31-20040700','41-20','E87 118i   SINGLE COMPONENTS FOR BODY-SIDE FRAME','');
insert into Diagram values('UF31-41_1605','UF31-20040700','41-20','E87 118i   Partition trunk/Floor parts','');
insert into Diagram values('UF31-41_1606','UF31-20040700','41-25','E87 118i   Mounting parts for trunk floor panel','');
insert into Diagram values('UF31-41_1608','UF31-20040700','41-25','E87 118i   FLOOR PARTS REAR EXTERIOR','');
insert into Diagram values('UF31-41_1609','UF31-20040700','41-25','E87 118i   SIDE PANEL/TAIL TRIM','');
insert into Diagram values('UF31-41_1610','UF31-20040700','41-25','E87 118i   FILL-IN FLAP','');
insert into Diagram values('UF31-41_1601','UF31-20040700','41-30','E87 118i   Roof','');
insert into Diagram values('UF31-41_1611','UF31-20040700','41-35','E87 118i   ENGINE HOOD/MOUNTING PARTS','');
insert into Diagram values('UF31-41_1641','UF31-20040700','41-35','E87 118i   ENGINE HOOD MECHANISM','');
insert into Diagram values('UF31-41_1612','UF31-20040700','41-40','E87 118i   FRONT DOOR-HINGE/DOOR BRAKE','');
insert into Diagram values('UF31-41_1635','UF31-20040700','41-40','E87 118i   Door weatherstrip front','');
insert into DiagramParts values('UF31-41_1639-51210037535', 'UF31-41_1639', 05, 'Set of keys with CAS control unit', '315 MHZ', 1, to_date('20041201','YYYYMMDD'), to_date('20080301','YYYYMMDD'), '51210037535', '', '', false);
insert into Diagram values('UF31-41_1639','UF31-20040700','41-40','E87 118i   Radio remote control','');
insert into Diagram values('UF31-41_1973','UF31-20040700','41-40','E87 118i   DOOR CONTROL FRONT','');
insert into Diagram values('UF31-41_1613','UF31-20040700','41-45','E87 118i   Door rear, hinge/door brake','');
insert into Diagram values('UF31-41_1634','UF31-20040700','41-45','E87 118i   DOOR CONTROL REAR','');
insert into Diagram values('UF31-41_1636','UF31-20040700','41-45','E87 118i   Door weatherstrip rear','');
insert into Diagram values('UF31-41_1640','UF31-20040700','41-50','E87 118i   Master key locking','');
insert into Diagram values('UF31-41_1614','UF31-20040700','41-60','E87 118i   TRUNK LID/CLOSING SYSTEM','');
insert into Diagram values('UF31-41_1615','UF31-20040700','41-60','E87 118i   SINGLE COMPONENTS FOR TRUNK LID','');
insert into Diagram values('UF31-41_1607','UF31-20040700','41-65','E87 118i   MECHANICAL CONNECTION ELEMENTS','');
insert into Diagram values('UF31-51_5434','UF31-20040700','51-05','E87 118i   Glazing','');
insert into DiagramParts values('UF31-51_5293-51167132736', 'UF31-51_5293', 01, 'Mirror glas, heated, wide-angle, right', 'CHROMFARBIG', 1, to_date('20090301','YYYYMMDD'), to_date('20090901','YYYYMMDD'), '51167132736', '$73.94', '', false);
insert into Diagram values('UF31-51_5293','UF31-20040700','51-07','E87 118i   MIRROR GLASS','');
insert into Diagram values('UF31-51_5294','UF31-20040700','51-07','E87 118i   Mirror glas with auto dip','');
insert into DiagramParts values('UF31-51_5472-51167234222', 'UF31-51_5472', 01, 'heated outside mirror, right', 'SHADOWLINE', 1, to_date('20080701','YYYYMMDD'), to_date('20090901','YYYYMMDD'), '51167234222', '', '', false);
insert into DiagramParts values('UF31-51_5472-51167234226', 'UF31-51_5472', 01, 'Outside mirror heated with memory,right', 'SHADOWLINE', 1, to_date('20080701','YYYYMMDD'), to_date('20090901','YYYYMMDD'), '51167234226', '', '', false);
insert into DiagramParts values('UF31-51_5472-51167189902', 'UF31-51_5472', 01, 'Outside mirror heated with memory,right', 'SHADOWLINE', 1, to_date('20060701','YYYYMMDD'), to_date('20080701','YYYYMMDD'), '51167189902', '', '', false);
insert into DiagramParts values('UF31-51_5472-51168036572', 'UF31-51_5472', 04, 'Supporting ring right', 'GLANZSCHWARZ', 1, to_date('20080701','YYYYMMDD'), to_date('20090901','YYYYMMDD'), '51168036572', '$32.17', '', false);
insert into Diagram values('UF31-51_5472','UF31-20040700','51-07','E87 118i   Outside mirror','');
insert into DiagramParts values('UF31-51_5473-51167234234', 'UF31-51_5473', 01, 'Outside mirror heated with memory,right', 'SHADOWLINE', 1, to_date('20080701','YYYYMMDD'), to_date('20090901','YYYYMMDD'), '51167234234', '', '', false);
insert into DiagramParts values('UF31-51_5473-51167234230', 'UF31-51_5473', 01, 'Outside mirror heated with memory,right', 'SHADOWLINE', 1, to_date('20080701','YYYYMMDD'), to_date('20090901','YYYYMMDD'), '51167234230', '', '', false);
insert into DiagramParts values('UF31-51_5473-51167189912', 'UF31-51_5473', 01, 'Outside mirror heated with memory,right', 'SHADOWLINE', 1, to_date('20060701','YYYYMMDD'), to_date('20080701','YYYYMMDD'), '51167189912', '', '', false);
insert into Diagram values('UF31-51_5473','UF31-20040700','51-07','E87 118i   Fold-in outside mirror','');
insert into Diagram values('UF31-51_5438','UF31-20040700','51-10','E87 118i   DOOR WINDOW LIFTING MECHANISM FRONT','');
insert into Diagram values('UF31-51_5439','UF31-20040700','51-10','E87 118i   Window frame cover, front door','');
insert into Diagram values('UF31-51_5440','UF31-20040700','51-12','E87 118i   DOOR WINDOW LIFTING MECHANISM REAR','');
insert into Diagram values('UF31-51_5441','UF31-20040700','51-12','E87 118i   Window frame cover, rear door','');
insert into Diagram values('UF31-51_5332','UF31-20040700','51-15','E87 118i   Trim panel, bumper, front','');
insert into Diagram values('UF31-51_5402','UF31-20040700','51-15','E87 118i   Carrier, bumper front','');
insert into Diagram values('UF31-51_5435','UF31-20040700','51-15','E87 118i   Bracket, PDC-sensors','');
insert into Diagram values('UF31-51_5977','UF31-20040700','51-15','E87 118i   M FRONT BUMPER TRIM PANEL','');
insert into DiagramParts values('UF31-51_5348-51477906818', 'UF31-51_5348', 15, 'M trim piece, front right entry', 'M', 1, to_date('20050901','YYYYMMDD'), to_date('20070301','YYYYMMDD'), '51477906818', '', '', false);
insert into DiagramParts values('UF31-51_5348-51477906820', 'UF31-51_5348', 16, 'M trim piece, rear right entry', 'M', 1, to_date('20050901','YYYYMMDD'), to_date('20070301','YYYYMMDD'), '51477906820', '', '', false);
insert into Diagram values('UF31-51_5348','UF31-20040700','51-16','E87 118i   Door sill','');
insert into Diagram values('UF31-51_6335','UF31-20040700','51-16','E87 118i   M door sill trim panel','');
insert into Diagram values('UF31-51_5403','UF31-20040700','51-17','E87 118i   Carrier, bumper rear','');
insert into Diagram values('UF31-51_5429','UF31-20040700','51-17','E87 118i   Bumper trim panel, rear','');
insert into Diagram values('UF31-51_5431','UF31-20040700','51-17','E87 118i   REAR BUMPER MOUNTING PARTS','');
insert into Diagram values('UF31-51_5985','UF31-20040700','51-17','E87 118i   M REAR BUMPER TRIM','');
insert into Diagram values('UF31-51_5414','UF31-20040700','51-20','E87 118i   Exterior trim and door seals','');
insert into Diagram values('UF31-51_5442','UF31-20040700','51-20','E87 118i   Exterior trim / Grille / Seals','');
insert into Diagram values('UF31-51_5465','UF31-20040700','51-20','E87 118i   Emblems','');
insert into Diagram values('UF31-51_5503','UF31-20040700','51-30','E87 118i   Carrier instrument panel','');
insert into Diagram values('UF31-51_5504','UF31-20040700','51-30','E87 118i   Trim panel dashboard','');
insert into Diagram values('UF31-51_5505','UF31-20040700','51-30','E87 118i   GLOVE BOX','');
insert into Diagram values('UF31-51_9041','UF31-20040700','51-30','E87 118i   Switch unit cover, center console','');
insert into Diagram values('UF31-51_9135','UF31-20040700','51-30','E87 118i   Mounting parts, I-panel, bottom','');
insert into Diagram values('UF31-51_5508','UF31-20040700','51-35','E87 118i   Center console','');
insert into Diagram values('UF31-51_5509','UF31-20040700','51-35','E87 118i   Armrest, centre console','');
insert into Diagram values('UF31-51_5540','UF31-20040700','51-35','E87 118i   Mounting parts, center console','');
insert into Diagram values('UF31-51_5510','UF31-20040700','51-40','E87 118i   Sun visors','');
insert into Diagram values('UF31-51_5511','UF31-20040700','51-40','E87 118i   Inside mirror manually dippable','');
insert into Diagram values('UF31-51_5512','UF31-20040700','51-40','E87 118i   Interior mirror with automatic-dip','');
insert into Diagram values('UF31-51_5515','UF31-20040700','51-40','E87 118i   Headlining / Handle','');
insert into Diagram values('UF31-51_5516','UF31-20040700','51-40','E87 118i   Headlin./Handle lift-up&slide-back sunr.','');
insert into Diagram values('UF31-51_5517','UF31-20040700','51-40','E87 118i   Trim panel A- / B- / C-Column','');
insert into Diagram values('UF31-51_5522','UF31-20040700','51-40','E87 118i   REAR WINDOW SHELF','');
insert into Diagram values('UF31-51_6211','UF31-20040700','51-40','E87 118i   Headlining / Handle','');
insert into Diagram values('UF31-51_6212','UF31-20040700','51-40','E87 118i   Headlin./Handle lift-up&slide-back sunr.','');
insert into Diagram values('UF31-51_5513','UF31-20040700','51-50','E87 118i   Door trim panel, front','');
insert into Diagram values('UF31-51_5514','UF31-20040700','51-50','E87 118i   Door trim, rear','');
insert into Diagram values('UF31-51_5535','UF31-20040700','51-50','E87 118i   Door trim panel rear/Eler. window lifter','');
insert into Diagram values('UF31-51_5518','UF31-20040700','51-55','E87 118i   TRIM PANEL LEG ROOM','');
insert into Diagram values('UF31-51_5519','UF31-20040700','51-55','E87 118i   Cover, entrance','');
insert into Diagram values('UF31-51_5521','UF31-20040700','51-55','E87 118i   FLOOR COVERING','');
insert into DiagramParts values('UF31-51_6668-51479171368', 'UF31-51_6668', 03, 'Velcro element with screw thread', 'D 62MM', 2, to_date('20070901','YYYYMMDD'), to_date('20110801','YYYYMMDD'), '51479171368', '$8.03', '', false);
insert into Diagram values('UF31-51_6668','UF31-20040700','51-55','E87 118i   Floor mats, velours','');
insert into Diagram values('UF31-51_5523','UF31-20040700','51-65','E87 118i   TRUNK LID TRIM PANEL','');
insert into Diagram values('UF31-51_5525','UF31-20040700','51-65','E87 118i   LEFT TRUNK TRIM','');
insert into Diagram values('UF31-51_5536','UF31-20040700','51-65','E87 118i   Right TRUNK TRIM','');
insert into Diagram values('UF31-51_6519','UF31-20040700','51-65','E87 118i   Trunk floor / Trunk sill / Dividing net','');
insert into Diagram values('UF31-51_5526','UF31-20040700','51-70','E87 118i   SOUND INSULATING FRONT','');
insert into Diagram values('UF31-51_5527','UF31-20040700','51-70','E87 118i   Heat insulation','');
insert into Diagram values('UF31-51_5532','UF31-20040700','51-70','E87 118i   Wheelarch trim','');
insert into Diagram values('UF31-51_5538','UF31-20040700','51-70','E87 118i   SOUND INSULATING REAR','');
insert into Diagram values('UF31-51_5528','UF31-20040700','51-75','E87 118i   Underhood shield','');
insert into Diagram values('UF31-51_5529','UF31-20040700','51-75','E87 118i   Underfloor coating for manual transm.','');
insert into Diagram values('UF31-51_5709','UF31-20040700','51-75','E87 118i   Underhood shield','');
insert into Diagram values('UF31-51_6171','UF31-20040700','51-75','E87 118i   Underbody trim on side','');
insert into Diagram values('UF31-51_6173','UF31-20040700','51-75','E87 118i   Underfloor coating for automatic transm.','');
insert into Diagram values('UF31-51_6529','UF31-20040700','51-75','E87 118i   FRONT PANEL','');
insert into Diagram values('UF31-51_6760','UF31-20040700','51-75','E87 118i   Strut brace','');
insert into Diagram values('UF31-51_6960','UF31-20040700','51-75','E87 118i   Air duct','');
insert into Diagram values('UF31-51_6535','UF31-20040700','51-80','E87 118i   Misc. body parts','');
insert into Diagram values('UF31-51_6771','UF31-20040700','51-80','E87 118i   Sealing cap/plug','');
insert into Diagram values('UF31-51_4635','UF31-20040700','51-95','E87 118i   Exterior mirror for towing','');
insert into Diagram values('UF31-51_4643','UF31-20040700','51-95','E87 118i   Non-skid mat','');
insert into Diagram values('UF31-51_4694','UF31-20040700','51-95','E87 118i   Aluminum footrest','');
insert into Diagram values('UF31-51_4698','UF31-20040700','51-95','E87 118i   Boot lashing strap','');
insert into Diagram values('UF31-51_5244','UF31-20040700','51-95','E87 118i   Luggage compartment pan','');
insert into Diagram values('UF31-51_5362','UF31-20040700','51-95','E87 118i   Luggage compartment, folding','');
insert into Diagram values('UF31-51_5674','UF31-20040700','51-95','E87 118i   Retrofit of exterior items in car color','');
insert into Diagram values('UF31-51_5688','UF31-20040700','51-95','E87 118i   Luggage compatment box "multifix"','');
insert into Diagram values('UF31-51_5727','UF31-20040700','51-95','E87 118i   Fine wood trim','');
insert into Diagram values('UF31-51_5733','UF31-20040700','51-95','E87 118i   Sunshade','');
insert into Diagram values('UF31-51_5734','UF31-20040700','51-95','E87 118i   Illuminated door sill strip retrofit kit','');
insert into Diagram values('UF31-51_5737','UF31-20040700','51-95','E87 118i   Rubber mat','');
insert into Diagram values('UF31-51_5738','UF31-20040700','51-95','E87 118i   Umbrella with bag','');
insert into Diagram values('UF31-51_5739','UF31-20040700','51-95','E87 118i   Storage sleeve DVD/CD','');
insert into Diagram values('UF31-51_5799','UF31-20040700','51-95','E87 118i   Fitted luggage compartment mat','');
insert into Diagram values('UF31-51_5804','UF31-20040700','51-95','E87 118i   Retrofit Cup holder center console','');
insert into Diagram values('UF31-51_5808','UF31-20040700','51-95','E87 118i   Retrofit equipm. armrest center console','');
insert into Diagram values('UF31-51_5928','UF31-20040700','51-95','E87 118i   Retrofit rearview mirror w. auto dimmer','');
insert into Diagram values('UF31-51_5939','UF31-20040700','51-95','E87 118i   Floor mats Commercial','');
insert into Diagram values('UF31-51_5954','UF31-20040700','51-95','E87 118i   Load edge protector','');
insert into Diagram values('UF31-51_5955','UF31-20040700','51-95','E87 118i   Retrofit kit M aerodyn. package','');
insert into Diagram values('UF31-51_5980','UF31-20040700','51-95','E87 118i   Retrofit: heating outside mirror','');
insert into Diagram values('UF31-51_6073','UF31-20040700','51-95','E87 118i   Door sill strip retrofit kit st. steel','');
insert into Diagram values('UF31-51_6085','UF31-20040700','51-95','E87 118i   Retrofit, M cover, entrance','');
insert into Diagram values('UF31-51_6137','UF31-20040700','51-95','E87 118i   Retrofit, cup holder','');
insert into Diagram values('UF31-51_6165','UF31-20040700','51-95','E87 118i   Luggage compartment clamping belts','');
insert into Diagram values('UF31-51_6213','UF31-20040700','51-95','E87 118i   Carbon fiber package','');
insert into Diagram values('UF31-51_6283','UF31-20040700','51-95','E87 118i   Load compartment protective cover','');
insert into Diagram values('UF31-51_6477','UF31-20040700','51-95','E87 118i   Key fob','');
insert into Diagram values('UF31-51_6639','UF31-20040700','51-95','E87 118i   Protective loading edge mat','');
insert into DiagramParts values('UF31-51_6669-51479171368', 'UF31-51_6669', 03, 'Velcro element with screw thread', 'D 62MM', 2, to_date('20070901','YYYYMMDD'), to_date('20110801','YYYYMMDD'), '51479171368', '$8.03', '', false);
insert into Diagram values('UF31-51_6669','UF31-20040700','51-95','E87 118i   Floor mats, velours','');
insert into Diagram values('UF31-51_6695','UF31-20040700','51-95','E87 118i   Storage net, footwell, front','');
insert into Diagram values('UF31-51_6696','UF31-20040700','51-95','E87 118i   Trunk room net','');
insert into Diagram values('UF31-51_6762','UF31-20040700','51-95','E87 118i   Retrofit f oddments tray instr. panel','');
insert into Diagram values('UF31-51_6770','UF31-20040700','51-95','E87 118i   FLOOR MATS CITY','');
insert into Diagram values('UF31-51_6803','UF31-20040700','51-95','E87 118i   Impact guard strips, side','');
insert into Diagram values('UF31-51_6850','UF31-20040700','51-95','E87 118i   Retrofit kit, M rocker panel trim','');
insert into Diagram values('UF31-51_6885','UF31-20040700','51-95','E87 118i   Aerodynamics package','');
insert into Diagram values('UF31-51_6963','UF31-20040700','51-95','E87 118i   Interior moldings Carbon','');
insert into Diagram values('UF31-51_6973','UF31-20040700','51-95','E87 118i   BMW Performance side stripes','');
insert into Diagram values('UF31-51_6977','UF31-20040700','51-95','E87 118i   Boot/trunk floor net','');
insert into Diagram values('UF31-51_6992','UF31-20040700','51-95','E87 118i   BMW Performance Aerodynamics, front','');
insert into Diagram values('UF31-51_6993','UF31-20040700','51-95','E87 118i   BMW Performance Aerodynamics','');
insert into Diagram values('UF31-51_6996','UF31-20040700','51-95','E87 118i   BMW Performance Aerodynamics, rocker','');
insert into Diagram values('UF31-51_7021','UF31-20040700','51-95','E87 118i   Retrofit snap-on drink holder','');
insert into Diagram values('UF31-51_7048','UF31-20040700','51-95','E87 118i   BMW Performance Aerodynamics, rear','');
insert into Diagram values('UF31-51_7061','UF31-20040700','51-95','E87 118i   Non-skid mat','');
insert into Diagram values('UF31-51_7142','UF31-20040700','51-95','E87 118i   BMW Performance Aluminum footrest','');
insert into Diagram values('UF31-51_7146','UF31-20040700','51-95','E87 118i   BMW Performance Interior moldings Carbon','');
insert into Diagram values('UF31-51_7191','UF31-20040700','51-95','E87 118i   Retrofit trim grill','');
insert into Diagram values('UF31-51_7224','UF31-20040700','51-95','E87 118i   BMW Performance door sill moldings','');
insert into Diagram values('UF31-51_7236','UF31-20040700','51-95','E87 118i   Footmat update','');
insert into Diagram values('UF31-51_7515','UF31-20040700','51-95','E87 118i   Dog Guard','');
insert into Diagram values('UF31-51_7713','UF31-20040700','51-95','E87 118i   Multifunct.lugg.compartm.mat w.fold.cont','');
insert into Diagram values('UF31-51_8051','UF31-20040700','51-95','E87 118i   First-aid kit, universal','');
insert into Diagram values('UF31-51_8522','UF31-20040700','51-95','E87 118i   Travel & Comfort System','');
insert into Diagram values('UF31-52_3086','UF31-20040700','52-10','E87 118i   Seat, front, head restraint','');
insert into DiagramParts values('UF31-52_3087-52106970532', 'UF31-52_3087', 04, 'COVER BACKREST CLOTH RIGHT', 'ANTHRAZIT', 1, to_date('20050901','YYYYMMDD'), to_date('20080901','YYYYMMDD'), '52106970532', '', '', false);
insert into DiagramParts values('UF31-52_3087-52106970534', 'UF31-52_3087', 04, 'COVER BACKREST CLOTH RIGHT', 'MONACOBLAU', 1, to_date('20050901','YYYYMMDD'), to_date('20080901','YYYYMMDD'), '52106970534', '', '', false);
insert into DiagramParts values('UF31-52_3087-52106970536', 'UF31-52_3087', 04, 'COVER BACKREST CLOTH RIGHT', 'NAUTILUSGRAU', 1, to_date('20050901','YYYYMMDD'), to_date('20080901','YYYYMMDD'), '52106970536', '', '', false);
insert into Diagram values('UF31-52_3087','UF31-20040700','52-10','E87 118i   Seat front, upholstery & cover base seat','');
insert into DiagramParts values('UF31-52_3088-52106955940', 'UF31-52_3088', 05, 'COVER BACKREST CLOTH RIGHT', 'ANTHRAZIT', 1, to_date('20050901','YYYYMMDD'), to_date('20061001','YYYYMMDD'), '52106955940', '', '', false);
insert into DiagramParts values('UF31-52_3088-52106955939', 'UF31-52_3088', 05, 'COVER BACKREST CLOTH LEFT', 'ANTHRAZIT', 1, to_date('20061001','YYYYMMDD'), to_date('20080901','YYYYMMDD'), '52106955939', '', '', false);
insert into DiagramParts values('UF31-52_3088-52106955942', 'UF31-52_3088', 05, 'COVER BACKREST CLOTH RIGHT', 'MONACOBLAU', 1, to_date('20050901','YYYYMMDD'), to_date('20061001','YYYYMMDD'), '52106955942', '', '', false);
insert into DiagramParts values('UF31-52_3088-52106955941', 'UF31-52_3088', 05, 'COVER BACKREST CLOTH LEFT', 'MONACOBLAU', 1, to_date('20061001','YYYYMMDD'), to_date('20080901','YYYYMMDD'), '52106955941', '', '', false);
insert into DiagramParts values('UF31-52_3088-52106955944', 'UF31-52_3088', 05, 'COVER BACKREST CLOTH RIGHT', 'NAUTILUSGRAU', 1, to_date('20050901','YYYYMMDD'), to_date('20061001','YYYYMMDD'), '52106955944', '', '', false);
insert into DiagramParts values('UF31-52_3088-52108036202', 'UF31-52_3088', 05, 'Cover backrest cloth/Imitat. leather,rig', 'SCHWARZ', 1, to_date('20050901','YYYYMMDD'), to_date('20061001','YYYYMMDD'), '52108036202', '', '', false);
insert into DiagramParts values('UF31-52_3088-52108036201', 'UF31-52_3088', 05, 'Cover backrest cloth/Imitat. leather,lft', 'SCHWARZ', 1, to_date('20061001','YYYYMMDD'), to_date('20070301','YYYYMMDD'), '52108036201', '', '', false);
insert into DiagramParts values('UF31-52_3088-52108039533', 'UF31-52_3088', 05, 'Cover backrest cloth/Imitat. leather,lft', 'SCHWARZ', 1, to_date('20070301','YYYYMMDD'), to_date('20080901','YYYYMMDD'), '52108039533', '', '', false);
insert into DiagramParts values('UF31-52_3088-52108039534', 'UF31-52_3088', 05, 'Cover backrest cloth/Imitat. leather,rig', 'SCHWARZ', 1, to_date('20070301','YYYYMMDD'), to_date('20080901','YYYYMMDD'), '52108039534', '', '', false);
insert into Diagram values('UF31-52_3088','UF31-20040700','52-10','E87 118i   Seat, front, uphlstry, cover, Sport seat','');
insert into Diagram values('UF31-52_3092','UF31-20040700','52-10','E87 118i   FRONT SEAT BACKREST FRAME/REAR PANEL','');
insert into Diagram values('UF31-52_3093','UF31-20040700','52-10','E87 118i   FRONT SEAT RAIL MECHANICAL/SINGLE PARTS','');
insert into DiagramParts values('UF31-52_3094-52106979627', 'UF31-52_3094', 12, 'Cover, belt catch left', 'NAUTILUSGRAU', 1, to_date('20050501','YYYYMMDD'), to_date('20070301','YYYYMMDD'), '52106979627', '', '', false);
insert into DiagramParts values('UF31-52_3094-52106979628', 'UF31-52_3094', 12, 'Cover, belt catch right', 'NAUTILUSGRAU', 1, to_date('20050501','YYYYMMDD'), to_date('20070301','YYYYMMDD'), '52106979628', '', '', false);
insert into Diagram values('UF31-52_3094','UF31-20040700','52-10','E87 118i   FRONT SEAT RAIL ELECTRICAL/SINGLE PARTS','');
insert into Diagram values('UF31-52_3125','UF31-20040700','52-10','E87 118i   Seat, front, lumbar','');
insert into Diagram values('UF31-52_3468','UF31-20040700','52-10','E87 118i   BMW Performance Sport Seat','');
insert into Diagram values('UF31-52_3541','UF31-20040700','52-10','E87 118i   Seat, front, electrical and motors','');
insert into Diagram values('UF31-52_3074','UF31-20040700','52-20','E87 118i   Rear seat head restraint','');
insert into Diagram values('UF31-52_3075','UF31-20040700','52-20','E87 118i   Seat, rear, head restraint, center','');
insert into Diagram values('UF31-52_3077','UF31-20040700','52-20','E87 118i   Seat, rear, uphlstry/cover, load-through','');
insert into Diagram values('UF31-52_3078','UF31-20040700','52-20','E87 118i   Seat, rear, seat frame, load-through','');
insert into Diagram values('UF31-52_3082','UF31-20040700','52-20','E87 118i   Rear seat ski bag','');
insert into Diagram values('UF31-52_3172','UF31-20040700','52-20','E87 118i   Retrofitting rear folding head restraint','');
insert into Diagram values('UF31-52_3212','UF31-20040700','52-20','E87 118i   Seat, rear, backrest trim covers','');
insert into Diagram values('UF31-52_3079','UF31-20040700','52-60','E87 118i   Cover material, running meter','');
insert into Diagram values('UF31-52_3713','UF31-20040700','52-65','E87 118i   Seat heating','');
insert into Diagram values('UF31-52_2913','UF31-20040700','52-95','E87 118i   Lambskin seat cover','');
insert into Diagram values('UF31-52_3015','UF31-20040700','52-95','E87 118i   UNIVERSAL PRODECTIVE REAR COVER','');
insert into Diagram values('UF31-52_3043','UF31-20040700','52-95','E87 118i   Belt holder','');
insert into Diagram values('UF31-52_3175','UF31-20040700','52-95','E87 118i   INSTALLING SET HEATED SEAT FRONT','');
insert into Diagram values('UF31-52_3196','UF31-20040700','52-95','E87 118i   Retrofit, net bag at seat backrest','');
insert into Diagram values('UF31-52_3199','UF31-20040700','52-95','E87 118i   Fire extinguisher','');
insert into Diagram values('UF31-52_3269','UF31-20040700','52-95','E87 118i   Seat-back storage pocket','');
insert into Diagram values('UF31-52_3435','UF31-20040700','52-95','E87 118i   Retrofitting rear folding head restraint','');
insert into Diagram values('UF31-52_3792','UF31-20040700','52-95','E87 118i   Fire extinguisher','');
insert into Diagram values('UF31-54_0341','UF31-20040700','54-05','E87 118i   SLID.LIFT. ROOF-COVER/CEILING FRAME','');
insert into Diagram values('UF31-61_1942','UF31-20040700','61-05','E87 118i   Main wiring harness, duplicate','');
insert into Diagram values('UF31-61_2028','UF31-20040700','61-05','E87 118i   Main wiring harness','');
insert into Diagram values('UF31-61_2195','UF31-20040700','61-05','E87 118i   Repair cable main cable harness','');
insert into Diagram values('UF31-61_2237','UF31-20040700','61-05','E87 118i   Main wiring harness','');
insert into Diagram values('UF31-61_2286','UF31-20040700','61-05','E87 118i   Main wiring harness','');
insert into Diagram values('UF31-61_1822','UF31-20040700','61-10','E87 118i   Cable-yarded material','');
insert into Diagram values('UF31-61_1861','UF31-20040700','61-10','E87 118i   VARIOUS ADDITIONAL WIRING SETS','');
insert into Diagram values('UF31-61_1863','UF31-20040700','61-10','E87 118i   DOOR CABLE HARNESSES','');
insert into Diagram values('UF31-61_1864','UF31-20040700','61-10','E87 118i   Wiring harness, instrument panel','');
insert into Diagram values('UF31-61_1868','UF31-20040700','61-10','E87 118i   Wiring set seat','');
insert into Diagram values('UF31-61_1869','UF31-20040700','61-10','E87 118i   Repair cable, airbag','');
insert into Diagram values('UF31-61_2567','UF31-20040700','61-10','E87 118i   Rep. wire for B+','');
insert into Diagram values('UF31-61_1280','UF31-20040700','61-15','E87 118i   Plug terminal ELO not waterproof','');
insert into Diagram values('UF31-61_1296','UF31-20040700','61-15','E87 118i   Circular connector / D 2,5 mm System','');
insert into Diagram values('UF31-61_1559','UF31-20040700','61-15','E87 118i   PLUG-IN CONNECTION BRACKET','');
insert into Diagram values('UF31-61_1578','UF31-20040700','61-15','E87 118i   Repair parts, optical fibre cable','');
insert into Diagram values('UF31-61_1691','UF31-20040700','61-15','E87 118i   Pin contacts ELO','');
insert into Diagram values('UF31-61_1711','UF31-20040700','61-15','E87 118i   Cable tie','');
insert into Diagram values('UF31-61_1754','UF31-20040700','61-15','E87 118i   Plug terminal ELO-Power','');
insert into Diagram values('UF31-61_1764','UF31-20040700','61-15','E87 118i   Diagnosis plug','');
insert into Diagram values('UF31-61_1765','UF31-20040700','61-15','E87 118i   Various cable terminals','');
insert into Diagram values('UF31-61_1865','UF31-20040700','61-15','E87 118i   VARIOUS CABLE HOLDERS','');
insert into Diagram values('UF31-61_1896','UF31-20040700','61-15','E87 118i   VARIOUS CABLE HOLDERS','');
insert into Diagram values('UF31-61_1970','UF31-20040700','61-15','E87 118i   Cable guide','');
insert into Diagram values('UF31-61_1996','UF31-20040700','61-15','E87 118i   Various cable grommets','');
insert into Diagram values('UF31-61_2063','UF31-20040700','61-15','E87 118i   Comb type connector','');
insert into Diagram values('UF31-61_2068','UF31-20040700','61-15','E87 118i   Contact system LSK8','');
insert into Diagram values('UF31-61_2107','UF31-20040700','61-15','E87 118i   Various parts, wiring harness repair','');
insert into Diagram values('UF31-61_2156','UF31-20040700','61-15','E87 118i   Double leaf spring contact','');
insert into Diagram values('UF31-61_2216','UF31-20040700','61-15','E87 118i   Terminal system MCON','');
insert into Diagram values('UF31-61_2217','UF31-20040700','61-15','E87 118i   Contact system MQS','');
insert into Diagram values('UF31-61_2268','UF31-20040700','61-15','E87 118i   Contact system MAK8','');
insert into Diagram values('UF31-61_2292','UF31-20040700','61-15','E87 118i   SLK socket contact','');
insert into Diagram values('UF31-61_2293','UF31-20040700','61-15','E87 118i   Contact system blade terminal MDK4 2.8','');
insert into Diagram values('UF31-61_2310','UF31-20040700','61-15','E87 118i   Plug housing for antenna cable, FAKRA','');
insert into Diagram values('UF31-61_2452','UF31-20040700','61-15','E87 118i   Round plug system D 1.5 mm','');
insert into Diagram values('UF31-61_2521','UF31-20040700','61-15','E87 118i   Socket housing MQS','');
insert into Diagram values('UF31-61_2638','UF31-20040700','61-15','E87 118i   Repair parts, coaxial cable contacts','');
insert into Diagram values('UF31-61_2680','UF31-20040700','61-15','E87 118i   Repair parts, coaxial cable housing','');
insert into Diagram values('UF31-61_1710','UF31-20040700','61-20','E87 118i   Fuses / sign with fuse allocat. diagr.','');
insert into Diagram values('UF31-61_1862','UF31-20040700','61-20','E87 118i   Individual parts, power distributor, fr.','');
insert into Diagram values('UF31-61_1718','UF31-20040700','61-25','E87 118i   Control unit/antennas passive access','');
insert into Diagram values('UF31-61_1847','UF31-20040700','61-25','E87 118i   BRACKET F BODY CONTROL UNITS AND MODULES','');
insert into Diagram values('UF31-61_2093','UF31-20040700','61-25','E87 118i   Control unit Junctionbox Elektronik','');
insert into Diagram values('UF31-61_2094','UF31-20040700','61-25','E87 118i   Control unit, footwell module','');
insert into DiagramParts values('UF31-61_2095-61356943766', 'UF31-61_2095', 01, 'Control unit CAS', 'CAS2', 1, to_date('20041201','YYYYMMDD'), to_date('20060901','YYYYMMDD'), '61356943766', '', 'ENDED', false);
insert into DiagramParts values('UF31-61_2095-61356964051', 'UF31-61_2095', 01, 'Control unit CAS', 'CAS2', 1, to_date('20041201','YYYYMMDD'), to_date('20060901','YYYYMMDD'), '61356964051', '', 'ENDED', false);
insert into DiagramParts values('UF31-61_2095-61356943771', 'UF31-61_2095', 01, 'Control unit CAS', 'CAS2', 1, to_date('20041201','YYYYMMDD'), to_date('20060901','YYYYMMDD'), '61356943771', '', 'ENDED', false);
insert into DiagramParts values('UF31-61_2095-61356981416', 'UF31-61_2095', 01, 'Control unit CAS', 'CAS2', 1, to_date('20041201','YYYYMMDD'), to_date('20060901','YYYYMMDD'), '61356981416', '', 'ENDED', false);
insert into DiagramParts values('UF31-61_2095-61356943791', 'UF31-61_2095', 01, 'Control unit CAS', 'CAS2', 1, to_date('20041201','YYYYMMDD'), to_date('20060901','YYYYMMDD'), '61356943791', '', 'ENDED', false);
insert into DiagramParts values('UF31-61_2095-61356943797', 'UF31-61_2095', 01, 'Control unit CAS', 'CAS2', 1, to_date('20041201','YYYYMMDD'), to_date('20060901','YYYYMMDD'), '61356943797', '', 'ENDED', false);
insert into DiagramParts values('UF31-61_2095-61356943814', 'UF31-61_2095', 01, 'Control unit CAS', 'CAS3', 1, to_date('20041201','YYYYMMDD'), to_date('20060901','YYYYMMDD'), '61356943814', '', 'ENDED', false);
insert into DiagramParts values('UF31-61_2095-61356943830', 'UF31-61_2095', 01, 'Control unit CAS', 'CAS3', 1, to_date('20041201','YYYYMMDD'), to_date('20070301','YYYYMMDD'), '61356943830', '', 'ENDED', false);
insert into DiagramParts values('UF31-61_2095-61356943834', 'UF31-61_2095', 01, 'Control unit CAS', 'CAS3', 1, to_date('20041201','YYYYMMDD'), to_date('20090301','YYYYMMDD'), '61356943834', '', 'ENDED', false);
insert into DiagramParts values('UF31-61_2095-61359147184', 'UF31-61_2095', 01, 'Control unit CAS', 'CAS3', 1, to_date('20041201','YYYYMMDD'), to_date('20090301','YYYYMMDD'), '61359147184', '', 'ENDED', false);
insert into DiagramParts values('UF31-61_2095-61359147195', 'UF31-61_2095', 01, 'Control unit CAS', 'CAS3', 1, to_date('20041201','YYYYMMDD'), to_date('20090301','YYYYMMDD'), '61359147195', '', 'ENDED', false);
insert into DiagramParts values('UF31-61_2095-61359147196', 'UF31-61_2095', 01, 'Control unit CAS', 'CAS3', 1, to_date('20041201','YYYYMMDD'), to_date('20090901','YYYYMMDD'), '61359147196', '', 'ENDED', false);
insert into DiagramParts values('UF31-61_2095-61359147212', 'UF31-61_2095', 01, 'Control unit CAS', 'CAS3', 1, to_date('20041201','YYYYMMDD'), to_date('20090901','YYYYMMDD'), '61359147212', '', 'ENDED', false);
insert into DiagramParts values('UF31-61_2095-61359147220', 'UF31-61_2095', 01, 'Control unit CAS', 'CAS3', 1, to_date('20041201','YYYYMMDD'), to_date('20090901','YYYYMMDD'), '61359147220', '', 'ENDED', false);
insert into DiagramParts values('UF31-61_2095-61359147221', 'UF31-61_2095', 01, 'Control unit CAS', 'CAS3', 1, to_date('20041201','YYYYMMDD'), to_date('20090901','YYYYMMDD'), '61359147221', '', 'ENDED', false);
insert into DiagramParts values('UF31-61_2095-61359147226', 'UF31-61_2095', 01, 'Control unit CAS', 'CAS3', 1, to_date('20041201','YYYYMMDD'), to_date('20090901','YYYYMMDD'), '61359147226', '', 'ENDED', false);
insert into DiagramParts values('UF31-61_2095-61359217853', 'UF31-61_2095', 01, 'Control unit CAS', 'CAS3', 1, to_date('20041201','YYYYMMDD'), to_date('20100301','YYYYMMDD'), '61359217853', '', 'ENDED', false);
insert into Diagram values('UF31-61_2095','UF31-20040700','61-25','E87 118i   Control unit CAS','');
insert into DiagramParts values('UF31-61_2096-61359221180', 'UF31-61_2096', 07, 'TRAILER TOWING MODUL', '4R', 1, to_date('20090301','YYYYMMDD'), to_date('20110301','YYYYMMDD'), '61359221180', '$203.91', '', false);
insert into DiagramParts values('UF31-61_2096-61359186177', 'UF31-61_2096', 07, 'TRAILER TOWING MODUL', '4R', 1, to_date('20060901','YYYYMMDD'), to_date('20090301','YYYYMMDD'), '61359186177', '', 'ENDED', false);
insert into Diagram values('UF31-61_2096','UF31-20040700','61-25','E87 118i   Control units/modules','');
insert into Diagram values('UF31-61_1859','UF31-20040700','61-30','E87 118i   B+ terminal point, engine compartment','');
insert into Diagram values('UF31-61_1860','UF31-20040700','61-30','E87 118i   Battery lead/distribution box, rear','');
insert into Diagram values('UF31-61_1948','UF31-20040700','61-30','E87 118i   battery holder and mounting parts','');
insert into Diagram values('UF31-61_1986','UF31-20040700','61-30','E87 118i   Original BMW battery (Warranty only)','');
insert into Diagram values('UF31-61_1839','UF31-20040700','61-35','E87 118i   Control element light','');
insert into Diagram values('UF31-61_1843','UF31-20040700','61-35','E87 118i   SWITCH WINDOW LIFTER','');
insert into Diagram values('UF31-61_1844','UF31-20040700','61-35','E87 118i   Switch unit roof','');
insert into Diagram values('UF31-61_1845','UF31-20040700','61-35','E87 118i   Seat adjustment switch, front','');
insert into Diagram values('UF31-61_1849','UF31-20040700','61-35','E87 118i   VARIOUS SWITCHES','');
insert into Diagram values('UF31-61_1880','UF31-20040700','61-35','E87 118i   Switch, Multifunction Sport/M st. wheel','');
insert into Diagram values('UF31-61_2050','UF31-20040700','61-35','E87 118i   Switch unit roof','');
insert into Diagram values('UF31-61_2128','UF31-20040700','61-35','E87 118i   Switch for brake, clutch','');
insert into Diagram values('UF31-61_2274','UF31-20040700','61-35','E87 118i   Switch unit, center console','');
insert into Diagram values('UF31-61_2281','UF31-20040700','61-35','E87 118i   Starter/Stop switch','');
insert into Diagram values('UF31-61_2282','UF31-20040700','61-35','E87 118i   Switch hazard warning/central lckng syst','');
insert into Diagram values('UF31-61_2322','UF31-20040700','61-35','E87 118i   Switch unit roof','');
insert into Diagram values('UF31-61_2480','UF31-20040700','61-35','E87 118i   Cigarette lighter / sockets','');
insert into Diagram values('UF31-61_2639','UF31-20040700','61-35','E87 118i   Shift paddles / Shift paddles','');
insert into Diagram values('UF31-61_2900','UF31-20040700','61-35','E87 118i   USB/AUX-IN socket','');
insert into Diagram values('UF31-61_2946','UF31-20040700','61-35','E87 118i   USB/AUX-IN socket','');
insert into Diagram values('UF31-61_3088','UF31-20040700','61-35','E87 118i   Switch unit steering column','');
insert into Diagram values('UF31-61_2857','UF31-20040700','61-40','E87 118i   Horn','');
insert into Diagram values('UF31-61_1854','UF31-20040700','61-45','E87 118i   SINGLE WIPER PARTS','');
insert into Diagram values('UF31-61_1856','UF31-20040700','61-45','E87 118i   SINGLE PARTS FOR REAR WINDOW WIPER','');
insert into Diagram values('UF31-61_1858','UF31-20040700','61-45','E87 118i   WIPER ARM/WIPER BLADE','');
insert into Diagram values('UF31-61_1876','UF31-20040700','61-45','E87 118i   SINGLE PARTS FOR HEAD LAMP CLEANING','');
insert into Diagram values('UF31-61_1877','UF31-20040700','61-45','E87 118i   FILLER PIPE FOR WASH CONTAINER','');
insert into Diagram values('UF31-61_1878','UF31-20040700','61-45','E87 118i   SINGLE PARTS FOR WINDSHIELD CLEANING','');
insert into Diagram values('UF31-61_1879','UF31-20040700','61-45','E87 118i   Reserv.,windshield/headlight washer syst','');
insert into Diagram values('UF31-61_2046','UF31-20040700','61-45','E87 118i   SINGLE PARTS FOR HEAD LAMP CLEANING','');
insert into Diagram values('UF31-61_1872','UF31-20040700','61-95','E87 118i   Retrofit kit, headlight cleaning system','');
insert into Diagram values('UF31-61_1974','UF31-20040700','61-95','E87 118i   Retrofit, passenger airbag shutoff','');
insert into Diagram values('UF31-61_2223','UF31-20040700','61-95','E87 118i   Suppression filter','');
insert into Diagram values('UF31-61_3026','UF31-20040700','61-95','E87 118i   Battery charger','');
insert into Diagram values('UF31-61_3244','UF31-20040700','61-95','E87 118i   Battery charger','');
insert into Diagram values('UF31-62_0471','UF31-20040700','62-05','E87 118i   Instrument cluster','');
insert into Diagram values('UF31-62_0561','UF31-20040700','62-95','E87 118i   Electronic log book','');
insert into Diagram values('UF31-63_0865','UF31-20040700','63-05','E87 118i   Headlight','');
insert into Diagram values('UF31-63_0874','UF31-20040700','63-05','E87 118i   Single components for headlight','');
insert into Diagram values('UF31-63_0875','UF31-20040700','63-05','E87 118i   Single parts, xenon headlight','');
insert into Diagram values('UF31-63_1067','UF31-20040700','63-05','E87 118i   SPARE BULBS BOX','');
insert into Diagram values('UF31-63_1363','UF31-20040700','63-05','E87 118i   BMW Performance Light','');
insert into Diagram values('UF31-63_1420','UF31-20040700','63-05','E87 118i   SPARE BULBS BOX','');
insert into Diagram values('UF31-63_0866','UF31-20040700','63-10','E87 118i   Additional turn indicator lamp','');
insert into Diagram values('UF31-63_0867','UF31-20040700','63-15','E87 118i   Fog lights','');
insert into Diagram values('UF31-63_0868','UF31-20040700','63-20','E87 118i   Rear light','');
insert into Diagram values('UF31-63_0869','UF31-20040700','63-25','E87 118i   Third stoplamp','');
insert into Diagram values('UF31-63_0870','UF31-20040700','63-30','E87 118i   VARIOUS LAMPS/SPARE BULBS BOX','');
insert into Diagram values('UF31-63_0871','UF31-20040700','63-30','E87 118i   Various lamps','');
insert into Diagram values('UF31-63_0904','UF31-20040700','63-95','E87 118i   INSTALLING SET FOG LAMPS','');
insert into Diagram values('UF31-63_0922','UF31-20040700','63-95','E87 118i   Install.kit, Xenon light','');
insert into Diagram values('UF31-63_0935','UF31-20040700','63-95','E87 118i   Retrofit kit rear light Black Line','');
insert into Diagram values('UF31-63_1050','UF31-20040700','63-95','E87 118i   Retrofit kit, tail lamps, Facelift LED','');
insert into Diagram values('UF31-63_1078','UF31-20040700','63-95','E87 118i   Retrofit kit cornering light','');
insert into Diagram values('UF31-63_1153','UF31-20040700','63-95','E87 118i   Flashlight, LED','');
insert into Diagram values('UF31-63_1289','UF31-20040700','63-95','E87 118i   Retrofit kit, LED daytime driving lights','');
insert into Diagram values('UF31-63_1322','UF31-20040700','63-95','E87 118i   LED interior light package','');
insert into Diagram values('UF31-63_1509','UF31-20040700','63-95','E87 118i   BMW LED luggage compartment lamp','');
insert into Diagram values('UF31-64_1440','UF31-20040700','64-05','E87 118i   AIR OUTLET','');
insert into Diagram values('UF31-64_1428','UF31-20040700','64-10','E87 118i   MICROFILTER/ACTIVATED CARBON CONTAINER','');
insert into Diagram values('UF31-64_1449','UF31-20040700','64-15','E87 118i   Heater radiator','');
insert into Diagram values('UF31-64_1774','UF31-20040700','64-15','E87 118i   Heater unit, Denso','');
insert into Diagram values('UF31-64_1778','UF31-20040700','64-15','E87 118i   Heater core up to 07/2006','');
insert into Diagram values('UF31-64_1779','UF31-20040700','64-15','E87 118i   Heater core from 07/2006 onward','');
insert into Diagram values('UF31-64_1780','UF31-20040700','64-15','E87 118i   Heater unit, Denso','');
insert into Diagram values('UF31-64_1781','UF31-20040700','64-15','E87 118i   Heater unit, Denso','');
insert into Diagram values('UF31-64_1437','UF31-20040700','64-18','E87 118i   Additional water pump/Water hose/Valve','');
insert into Diagram values('UF31-64_1442','UF31-20040700','64-20','E87 118i   HEATER CONTROL','');
insert into Diagram values('UF31-64_1443','UF31-20040700','64-20','E87 118i   Automatic air conditioning control','');
insert into Diagram values('UF31-64_1445','UF31-20040700','64-20','E87 118i   Air Conditioning Control','');
insert into Diagram values('UF31-64_1439','UF31-20040700','64-30','E87 118i   Evaporator / Expansion valve','');
insert into Diagram values('UF31-64_1451','UF31-20040700','64-35','E87 118i   Housing parts heater and air cond. Denso','');
insert into Diagram values('UF31-64_1452','UF31-20040700','64-35','E87 118i   Housing parts aut.air conditioning Valeo','');
insert into Diagram values('UF31-64_1455','UF31-20040700','64-35','E87 118i   Housing parts aut.air conditioning Denso','');
insert into Diagram values('UF31-64_1453','UF31-20040700','64-40','E87 118i   ELECTRIC PARTS FOR HEATER','');
insert into Diagram values('UF31-64_1454','UF31-20040700','64-40','E87 118i   ELECTRIC PARTS FOR AC UNIT','');
insert into Diagram values('UF31-64_1433','UF31-20040700','64-45','E87 118i   SENSOR F. AUC','');
insert into Diagram values('UF31-64_1434','UF31-20040700','64-45','E87 118i   Solar sensor','');
insert into Diagram values('UF31-64_1438','UF31-20040700','64-45','E87 118i   Condensation sensor','');
insert into Diagram values('UF31-64_1170','UF31-20040700','64-50','E87 118i   CLIMATE COMPRESSOR SUPPORTING BRACKET','');
insert into Diagram values('UF31-64_1430','UF31-20040700','64-50','E87 118i   Air-conditioner compressor','');
insert into Diagram values('UF31-64_1429','UF31-20040700','64-55','E87 118i   Condenser air conditioning','');
insert into Diagram values('UF31-64_1431','UF31-20040700','64-60','E87 118i   Coolant lines','');
insert into Diagram values('UF31-64_1575','UF31-20040700','64-65','E87 118i   Spare parts,aux.heater,Opt.Eqmt/Accessor','');
insert into Diagram values('UF31-64_1319','UF31-20040700','64-95','E87 118i   Labels independent heating','');
insert into Diagram values('UF31-64_1444','UF31-20040700','64-95','E87 118i   INSTALLING SET AUTOMATIC AIR CONDITIONER','');
insert into Diagram values('UF31-64_1573','UF31-20040700','64-95','E87 118i   Install.kit, independent heater','');
insert into Diagram values('UF31-64_1855','UF31-20040700','64-95','E87 118i   Accessori e postmontaggi','');
insert into Diagram values('UF31-64_1441','UF31-20040700','64-99','E87 118i   DIVERSE SMALL PARTS','');
insert into Diagram values('UF31-65_0207','UF31-20040700','65-05','E87 118i   Earth strap for engine hood','');
insert into Diagram values('UF31-65_1472','UF31-20040700','65-05','E87 118i   Radio BMW Audio','');
insert into Diagram values('UF31-65_1473','UF31-20040700','65-05','E87 118i   Radio BMW Business CD','');
insert into DiagramParts values('UF31-65_1474-65129231059', 'UF31-65_1474', 02, 'Rotary knob', 'CHROM', 2, to_date('20100501','YYYYMMDD'), to_date('20100901','YYYYMMDD'), '65129231059', '', '', false);
insert into Diagram values('UF31-65_1474','UF31-20040700','65-05','E87 118i   Radio BMW Professional CD','');
insert into Diagram values('UF31-65_1475','UF31-20040700','65-05','E87 118i   Radio BMW Professional MD','');
insert into Diagram values('UF31-65_1476','UF31-20040700','65-05','E87 118i   M-Audio system controller','');
insert into Diagram values('UF31-65_1585','UF31-20040700','65-05','E87 118i   DAB tuner','');
insert into Diagram values('UF31-65_2440','UF31-20040700','65-05','E87 118i   DAB Retrofit','');
insert into Diagram values('UF31-65_1786','UF31-20040700','65-07','E87 118i   Auxiliary connection cable','');
insert into Diagram values('UF31-65_1471','UF31-20040700','65-10','E87 118i   CD Changer/Bracket','');
insert into DiagramParts values('UF31-65_1483-65136954877', 'UF31-65_1483', 01, 'Central bass, left', 'TOP-HIFI-SYSTEM', 1, to_date('20040801','YYYYMMDD'), to_date('20070301','YYYYMMDD'), '65136954877', '', 'ENDED', false);
insert into DiagramParts values('UF31-65_1483-65136954875', 'UF31-65_1483', 01, 'Central bass, left', 'HIFI-SYSTEM', 1, to_date('20040801','YYYYMMDD'), to_date('20070301','YYYYMMDD'), '65136954875', '', 'ENDED', false);
insert into DiagramParts values('UF31-65_1483-65136954871', 'UF31-65_1483', 01, 'Central bass, left', 'STEREO-SYSTEM', 1, to_date('20040801','YYYYMMDD'), to_date('20070301','YYYYMMDD'), '65136954871', '', 'ENDED', false);
insert into DiagramParts values('UF31-65_1483-65139143233', 'UF31-65_1483', 01, 'Central bass, left', 'STEREO-SYSTEM', 1, to_date('20040801','YYYYMMDD'), to_date('20090301','YYYYMMDD'), '65139143233', '', 'ENDED', false);
insert into DiagramParts values('UF31-65_1483-65139192461', 'UF31-65_1483', 01, 'Central bass, left', 'STEREO-SYSTEM', 1, to_date('20040801','YYYYMMDD'), to_date('20091101','YYYYMMDD'), '65139192461', '', 'ENDED', false);
insert into Diagram values('UF31-65_1483','UF31-20040700','65-20','E87 118i   Components central bass','');
insert into Diagram values('UF31-65_1484','UF31-20040700','65-20','E87 118i   SINGLE PARTS F FRONT DOOR LOUDSPEAKER','');
insert into Diagram values('UF31-65_1485','UF31-20040700','65-20','E87 118i   SINGLE PARTS F REAR HELF LOUDSPEAKER','');
insert into Diagram values('UF31-65_1489','UF31-20040700','65-22','E87 118i   Audio wiring harness','');
insert into Diagram values('UF31-65_1534','UF31-20040700','65-22','E87 118i   Universal aerial cable','');
insert into Diagram values('UF31-65_1469','UF31-20040700','65-25','E87 118i   amplifier / holder hifi system','');
insert into Diagram values('UF31-65_1470','UF31-20040700','65-25','E87 118i   Amplifier HiFi Prof. / Harman Kardon','');
insert into DiagramParts values('UF31-65_1486-07146961863', 'UF31-65_1486', 07, 'Sheet metal screw', 'ISA M5X12', 2, to_date('20060901','YYYYMMDD'), to_date('20070701','YYYYMMDD'), '07146961863', '', 'ENDED', false);
insert into Diagram values('UF31-65_1486','UF31-20040700','65-30','E87 118i   SINGLE PARTS F ANTENNA','');
insert into Diagram values('UF31-65_1788','UF31-20040700','65-30','E87 118i   Rod antenna SPORT','');
insert into Diagram values('UF31-65_1498','UF31-20040700','65-45','E87 118i   Controller','');
insert into Diagram values('UF31-65_1499','UF31-20040700','65-45','E87 118i   CCC CD','');
insert into Diagram values('UF31-65_1500','UF31-20040700','65-45','E87 118i   CCC MD/CD','');
insert into Diagram values('UF31-65_1501','UF31-20040700','65-45','E87 118i   Central information display','');
insert into Diagram values('UF31-65_1503','UF31-20040700','65-45','E87 118i   Single parts CCC','');
insert into Diagram values('UF31-65_1504','UF31-20040700','65-45','E87 118i   Coolant hose, CCC / CIC / MASK','');
insert into DiagramParts values('UF31-65_1724-65909112341', 'UF31-65_1724', 01, 'FSC JNav map 2007-1 initialization', 'ASAP', 1, to_date('20070301','YYYYMMDD'), to_date('20070901','YYYYMMDD'), '65909112341', '', 'ENDED', false);
insert into Diagram values('UF31-65_1724','UF31-20040700','65-50','E87 118i   Enable code for Japanese navigation','');
insert into Diagram values('UF31-65_1829','UF31-20040700','65-50','E87 118i   Bracket for Asian Navigation','');
insert into Diagram values('UF31-65_1976','UF31-20040700','65-50','E87 118i   DVD street map Navigation Option 609','');
insert into Diagram values('UF31-65_1978','UF31-20040700','65-50','E87 118i   DVD street map Navigation Option 606','');
insert into Diagram values('UF31-65_1487','UF31-20040700','65-60','E87 118i   Alarm systems','');
insert into Diagram values('UF31-65_1488','UF31-20040700','65-65','E87 118i   Electric parts for airbag','');
insert into Diagram values('UF31-65_1468','UF31-20040700','65-70','E87 118i   Temperature sensor','');
insert into Diagram values('UF31-65_1249','UF31-20040700','65-95','E87 118i   Retrofit kit, BMW Online','');
insert into Diagram values('UF31-65_1344','UF31-20040700','65-95','E87 118i   Replacement parts for radio navigation','');
insert into Diagram values('UF31-65_1513','UF31-20040700','65-95','E87 118i   Retrofit, CD changer','');
insert into Diagram values('UF31-65_1537','UF31-20040700','65-95','E87 118i   INSTALLATION KIT ALARM SYSTEM','');
insert into Diagram values('UF31-65_1541','UF31-20040700','65-95','E87 118i   Replacement parts for radio navigation','');
insert into Diagram values('UF31-65_1658','UF31-20040700','65-95','E87 118i   DVB-T Set-top box','');
insert into Diagram values('UF31-65_1814','UF31-20040700','65-95','E87 118i   Retrofit kit USB/iPod connection','');
insert into Diagram values('UF31-65_1825','UF31-20040700','65-95','E87 118i   iPod connection retrofit kit','');
insert into Diagram values('UF31-65_1894','UF31-20040700','65-95','E87 118i   Hifi system, Alpine','');
insert into Diagram values('UF31-65_1901','UF31-20040700','65-95','E87 118i   Navigation Portable Plus/Pro/HD Traffic','');
insert into Diagram values('UF31-65_1902','UF31-20040700','65-95','E87 118i   GPS, portable, street map','');
insert into Diagram values('UF31-65_1903','UF31-20040700','65-95','E87 118i   iPod connection retrofit kit','');
insert into Diagram values('UF31-65_1924','UF31-20040700','65-95','E87 118i   Navigation Portable accessories','');
insert into Diagram values('UF31-65_1989','UF31-20040700','65-95','E87 118i   Tracking Products','');
insert into Diagram values('UF31-65_2038','UF31-20040700','65-95','E87 118i   DVD system Tablet','');
insert into Diagram values('UF31-65_2079','UF31-20040700','65-95','E87 118i   Smartnav','');
insert into Diagram values('UF31-65_2271','UF31-20040700','65-95','E87 118i   Charger adapter for Apple iPod / iPhone','');
insert into Diagram values('UF31-65_2422','UF31-20040700','65-95','E87 118i   Cable adapter for Apple iPod / iPhone','');
insert into Diagram values('UF31-65_2434','UF31-20040700','65-95','E87 118i   DVD System Tablet Single','');
insert into Diagram values('UF31-65_2515','UF31-20040700','65-95','E87 118i   Navigation &apos;Portable&apos; with Design holder','');
insert into Diagram values('UF31-65_2520','UF31-20040700','65-95','E87 118i   BMW USB charger','');
insert into Diagram values('UF31-65_2522','UF31-20040700','65-95','E87 118i   Cable adapter, devices with Micro USB','');
insert into Diagram values('UF31-66_0114','UF31-20040700','66-05','E87 118i   Ignition lock of remote control','');
insert into Diagram values('UF31-66_0115','UF31-20040700','66-05','E87 118i   Park Distance Control (PDC)','');
insert into Diagram values('UF31-66_0229','UF31-20040700','66-05','E87 118i   Ultrasonic-sensor','');
insert into Diagram values('UF31-66_0110','UF31-20040700','66-95','E87 118i   Retrofit kit PDC II','');
insert into Diagram values('UF31-66_0120','UF31-20040700','66-95','E87 118i   Retrofit kit PDC, rear','');
insert into Diagram values('UF31-66_0121','UF31-20040700','66-95','E87 118i   Retrofit kit PDC, front and rear','');
insert into Diagram values('UF31-66_0122','UF31-20040700','66-95','E87 118i   Front PDC upgrade','');
insert into Diagram values('UF31-66_0128','UF31-20040700','66-95','E87 118i   Dynamic cruise control retrofit','');
insert into Diagram values('UF31-66_0130','UF31-20040700','66-95','E87 118i   Retrofit multi-functional steering wheel','');
insert into Diagram values('UF31-66_0188','UF31-20040700','66-95','E87 118i   Park Distance Control universale sonoro','');
insert into Diagram values('UF31-71_0385','UF31-20040700','71-03','E87 118i   LABEL "TIRE PRESSURE"','');
insert into Diagram values('UF31-71_0537','UF31-20040700','71-03','E87 118i   Various notice stickers','');
insert into Diagram values('UF31-71_0568','UF31-20040700','71-03','E87 118i   Instruction notice, Airbag','');
insert into Diagram values('UF31-71_0619','UF31-20040700','71-03','E87 118i   Label, coolant','');
insert into Diagram values('UF31-71_0388','UF31-20040700','71-05','E87 118i   Warning triangle/First aid kit/-cushion','');
insert into Diagram values('UF31-71_0389','UF31-20040700','71-05','E87 118i   Car tool','');
insert into Diagram values('UF31-71_0717','UF31-20040700','71-05','E87 118i   Set of lifting jack','');
insert into Diagram values('UF31-71_0338','UF31-20040700','71-10','E87 118i   electric parts, towing hitch','');
insert into Diagram values('UF31-71_0396','UF31-20040700','71-10','E87 118i   Towing hitch, detachable','');
insert into Diagram values('UF31-71_0384','UF31-20040700','71-95','E87 118i   Retrofit kit, towing hitch','');
insert into Diagram values('UF31-71_0400','UF31-20040700','71-95','E87 118i   Set of lifting jack','');
insert into Diagram values('UF31-71_0434','UF31-20040700','71-95','E87 118i   Tire Mobility Set','');
insert into Diagram values('UF31-71_0494','UF31-20040700','71-95','E87 118i   Retrofit kit, towing hitch','');
insert into Diagram values('UF31-71_0513','UF31-20040700','71-95','E87 118i   Twin electrics, caravan leads','');
insert into Diagram values('UF31-72_0524','UF31-20040700','72-03','E87 118i   Air bag','');
insert into Diagram values('UF31-72_0521','UF31-20040700','72-05','E87 118i   Safety belt front','');
insert into Diagram values('UF31-72_0522','UF31-20040700','72-05','E87 118i   FRONT SAFETY BELT MOUNTING PARTS','');
insert into Diagram values('UF31-72_0523','UF31-20040700','72-05','E87 118i   SAFETY BELT REAR','');
insert into Diagram values('UF31-72_0461','UF31-20040700','72-95','E87 118i   Storage compartment module','');
insert into Diagram values('UF31-72_0462','UF31-20040700','72-95','E87 118i   Cup holder-module','');
insert into Diagram values('UF31-72_0591','UF31-20040700','72-95','E87 118i   Tow bar','');
insert into Diagram values('UF31-72_0598','UF31-20040700','72-95','E87 118i   TOW ROPE','');
insert into Diagram values('UF31-72_0603','UF31-20040700','72-95','E87 118i   Fire extinguisher','');
insert into Diagram values('UF31-72_0744','UF31-20040700','72-95','E87 118i   Emergency bag','');
insert into Diagram values('UF31-36_0938','UF31-20040700','82-14','E87 118i   Snow chains','');
insert into Diagram values('UF31-82_1073','UF31-20040700','82-26','E87 118i   Universal coat hanger','');
insert into Diagram values('UF31-82_1261','UF31-20040700','82-26','E87 118i   Clean Bag','');
insert into Diagram values('UF31-82_1308','UF31-20040700','82-26','E87 118i   Shoe case','');
insert into Diagram values('UF31-82_1309','UF31-20040700','82-26','E87 118i   Multimedia case','');
insert into Diagram values('UF31-82_1311','UF31-20040700','82-26','E87 118i   Driver utility set','');
insert into Diagram values('UF31-82_1171','UF31-20040700','82-31','E87 118i   BMW buggy chrome-marine with accessories','');
insert into Diagram values('UF31-82_1181','UF31-20040700','82-31','E87 118i   BMW Junior Seat I-II','');
insert into Diagram values('UF31-82_1186','UF31-20040700','82-31','E87 118i   BMW Baby Seat 0+','');
insert into Diagram values('UF31-82_1187','UF31-20040700','82-31','E87 118i   BMW Junior Seat I-II Isofix','');
insert into Diagram values('UF31-82_1189','UF31-20040700','82-31','E87 118i   BMW Baby Seat 0+ Isofix','');
insert into Diagram values('UF31-82_1237','UF31-20040700','82-31','E87 118i   Dog harness','');
insert into Diagram values('UF31-82_1276','UF31-20040700','82-31','E87 118i   BMW Junior Seat II-III','');
insert into Diagram values('UF31-82_1305','UF31-20040700','82-31','E87 118i   BMW Junior Seat III','');
insert into Diagram values('UF31-82_1198','UF31-20040700','82-44','E87 118i   Cover','');
insert into Diagram values('UF31-82_1236','UF31-20040700','82-44','E87 118i   Mud flaps','');
insert into Diagram values('UF31-82_1251','UF31-20040700','82-44','E87 118i   Cover hood windshield/side window','');
insert into Diagram values('UF31-82_0116','UF31-20040700','82-51','E87 118i   Universal support','');
insert into Diagram values('UF31-82_0122','UF31-20040700','82-51','E87 118i   Touring bicycle holder','');
insert into Diagram values('UF31-82_0123','UF31-20040700','82-51','E87 118i   RACK FOR RACING BICYCLE','');
insert into Diagram values('UF31-82_0124','UF31-20040700','82-51','E87 118i   Luggage basket','');
insert into Diagram values('UF31-82_0125','UF31-20040700','82-51','E87 118i   Bicycle lift','');
insert into Diagram values('UF31-82_0245','UF31-20040700','82-51','E87 118i   SUPPORT SNOWBOARD','');
insert into Diagram values('UF31-82_0281','UF31-20040700','82-51','E87 118i   Touring bicycle holder','');
insert into Diagram values('UF31-82_0283','UF31-20040700','82-51','E87 118i   Surfboard rack','');
insert into Diagram values('UF31-82_0284','UF31-20040700','82-51','E87 118i   Standard ski carrier for 6 pairs of skis','');
insert into Diagram values('UF31-82_0364','UF31-20040700','82-51','E87 118i   SKI/SNOWBOARD SET','');
insert into Diagram values('UF31-82_0501','UF31-20040700','82-51','E87 118i   ki and luggage box','');
insert into Diagram values('UF31-82_0502','UF31-20040700','82-51','E87 118i   Luggage box','');
insert into Diagram values('UF31-82_0594','UF31-20040700','82-51','E87 118i   Komfort ski holder','');
insert into Diagram values('UF31-82_0845','UF31-20040700','82-51','E87 118i   Standard ski holder, for 4 pairs of ski','');
insert into Diagram values('UF31-82_1157','UF31-20040700','82-51','E87 118i   Bicycle carrier, trailer coupling','');
insert into Diagram values('UF31-82_1175','UF31-20040700','82-51','E87 118i   Touring bicycle holder','');
insert into Diagram values('UF31-82_1178','UF31-20040700','82-51','E87 118i   Roof box','');
insert into Diagram values('UF31-82_1230','UF31-20040700','82-51','E87 118i   Rack support','');
insert into Diagram values('UF31-82_1234','UF31-20040700','82-51','E87 118i   Roof box','');
insert into Diagram values('UF31-82_1244','UF31-20040700','82-51','E87 118i   Racing bike rack','');
insert into Diagram values('UF31-82_1250','UF31-20040700','82-51','E87 118i   Roof box','');
insert into Diagram values('UF31-82_1268','UF31-20040700','82-51','E87 118i   Ski/snowboard holder','');
insert into Diagram values('UF31-82_1277','UF31-20040700','82-51','E87 118i   Rear carrier ECE','');
insert into Diagram values('UF31-82_1282','UF31-20040700','82-51','E87 118i   Rear carrier ski/snowboard holder','');
insert into Diagram values('UF31-82_1295','UF31-20040700','82-51','E87 118i   Roof rack systems','');
insert into Diagram values('UF31-82_1364','UF31-20040700','82-51','E87 118i   Bicycle carrier, trailer coupling','');
insert into Diagram values('UF31-82_1460','UF31-20040700','82-51','E87 118i   Roof rack systems','');
insert into Diagram values('UF31-82_1476','UF31-20040700','82-51','E87 118i   Roof-mounted container 320 LCI','');
insert into Diagram values('UF31-82_1551','UF31-20040700','82-51','E87 118i   Bicycle carrier, trailer coupling','');
insert into Diagram values('UF31-82_1567','UF31-20040700','82-51','E87 118i   Bicycle carrier, trailer coupling','');
insert into Diagram values('UF31-82_1589','UF31-20040700','82-51','E87 118i   Racing bike rack','');
insert into Diagram values('UF31-82_0926','UF31-20040700','82-52','E87 118i   Adapter (universal lift) for hood','');
insert into Diagram values('UF31-82_0102','UF31-20040700','82-81','E87 118i   Universal hoist','');
insert into Diagram values('UF31-83_0579','UF31-20040700','83-01','E87 118i   Rugzak','');
insert into Diagram values('UF31-83_0311','UF31-20040700','83-24','E87 118i   Paint protection foil E87','');
insert into Diagram values('UF31-84_0675','UF31-20040700','84-10','E87 118i   Indiv. parts, phone handset/mountg Japan','');
insert into Diagram values('UF31-84_0676','UF31-20040700','84-10','E87 118i   Single parts f teleph.luggage cptm.Japan','');
insert into Diagram values('UF31-84_0767','UF31-20040700','84-10','E87 118i   Starter package, cell phone Nokia 6303c','');
insert into Diagram values('UF31-84_0850','UF31-20040700','84-10','E87 118i   ASSY COMBOX TELEMATIC ECE','');
insert into Diagram values('UF31-84_0658','UF31-20040700','84-20','E87 118i   Single parts, SA 644 center console','');
insert into Diagram values('UF31-84_0659','UF31-20040700','84-20','E87 118i   Single parts, SA 644, trunk','');
insert into Diagram values('UF31-84_0673','UF31-20040700','84-20','E87 118i   Single parts, SA 633, center console','');
insert into Diagram values('UF31-84_0704','UF31-20040700','84-20','E87 118i   Single parts SA 633, trunk','');
insert into Diagram values('UF31-84_0758','UF31-20040700','84-20','E87 118i   Single parts, option 6NF center console','');
insert into Diagram values('UF31-84_0657','UF31-20040700','84-30','E87 118i   Single parts f hands-free facility','');
insert into Diagram values('UF31-84_0694','UF31-20040700','84-30','E87 118i   Single parts f hands-free fac. Bluetooth','');
insert into Diagram values('UF31-84_0639','UF31-20040700','84-95','E87 118i   Bluetooth SA644 hands-free retrofit kit','');
insert into Diagram values('UF31-84_0669','UF31-20040700','84-95','E87 118i   Retrofit kit hands-free facil. Bluetooth','');
insert into Diagram values('UF31-84_0678','UF31-20040700','84-95','E87 118i   Retrofit kit, voice input','');
insert into Diagram values('UF31-84_0711','UF31-20040700','84-95','E87 118i   Car phone for Japan','');
insert into Diagram values('UF31-84_0713','UF31-20040700','84-95','E87 118i   Retrofit kit for UNI hands-free system','');
insert into Diagram values('UF31-84_0714','UF31-20040700','84-95','E87 118i   Cell phone cradles,Universal hands-free','');
insert into Diagram values('UF31-84_0730','UF31-20040700','84-95','E87 118i   Stolen Vehicle Tracking - TPA','');
insert into Diagram values('UF31-84_0732','UF31-20040700','84-95','E87 118i   Upgrade kit hands-free Bluetooth OPT644','');
insert into Diagram values('UF31-84_0741','UF31-20040700','84-95','E87 118i   Base hands-free system with Bluetooth','');
insert into Diagram values('UF31-84_0778','UF31-20040700','84-95','E87 118i   BMW Bluetooth headset','');
insert into Diagram values('UF31-84_0867','UF31-20040700','84-95','E87 118i   BMW Car Hotspot','');
insert into Diagram values('UF31-84_0895','UF31-20040700','84-95','E87 118i   BMW station fr Apple iPhone','');
insert into Diagram values('UF31-84_0897','UF31-20040700','84-95','E87 118i   Snap-in adapter for Apple devices','');
insert into Diagram values('UF31-84_0906','UF31-20040700','84-95','E87 118i   Snap-in adapter, SONY ERICSSON devices','');
insert into Diagram values('UF31-84_0907','UF31-20040700','84-95','E87 118i   Snap-in adapter for NOKIA devices','');
insert into Diagram values('UF31-84_0908','UF31-20040700','84-95','E87 118i   Snap-in adapter for SIEMENS devices','');
insert into Diagram values('UF31-84_0909','UF31-20040700','84-95','E87 118i   Snap-in adapter for MOTOROLA devices','');
insert into Diagram values('UF31-84_0910','UF31-20040700','84-95','E87 118i   Snap-in adapter, BlackBerry/RIM devices','');
insert into Diagram values('UF31-84_0930','UF31-20040700','84-95','E87 118i   Smartphone cradle','');
insert into Diagram values('UF31-84_0931','UF31-20040700','84-95','E87 118i   BMW Car Hotspot LTE','');
insert into Diagram values('UF31-85_0001','UF31-20040700','85-45','E87 118i   Winter tires','');
insert into Diagram values('UF31-85_0028','UF31-20040700','85-45','E87 118i   Summer tires','');
insert into Diagram values('UF31-88_0052','UF31-20040700','88-80','E87 118i   Emergency bag','');
insert into Diagram values('UF31-88_0064','UF31-20040700','88-80','E87 118i   Fluid-change kit, autom. transmission','');
insert into ProdCode values('UF32','118i','SH','E87','ECE','N46','R','07/2004 E87 118i 5 doors N46 Europe Right hand drive ');
insert into ProdCodeDate values('UF32-20040700','UF32',to_date('20040701','YYYYMMDD'));
insert into Diagram values('UF32-01_0206','UF32-20040700','01-05','E87 118i   BMW care tips','');
insert into DiagramParts values('UF32-01_0689-01400159973', 'UF32-01_0689', 01, 'Owner&apos;s handbook E87 without iDrive', 'DE, MJ 2006', 1, to_date('20050901','YYYYMMDD'), to_date('20060901','YYYYMMDD'), '01400159973', '', '', false);
insert into DiagramParts values('UF32-01_0689-01400012852', 'UF32-01_0689', 01, 'Owner&apos;s handbook E87 without iDrive', 'DE, MJ 2007', 1, to_date('20060901','YYYYMMDD'), to_date('20070301','YYYYMMDD'), '01400012852', '', '', false);
insert into DiagramParts values('UF32-01_0689-01410158975', 'UF32-01_0689', 02, 'Owner&apos;s handbook E87 without iDrive', 'EN, MJ 2005', 1, to_date('20040601','YYYYMMDD'), to_date('20050901','YYYYMMDD'), '01410158975', '', '', false);
insert into DiagramParts values('UF32-01_0689-01410159974', 'UF32-01_0689', 02, 'Owner&apos;s handbook E87 without iDrive', 'EN, MJ 2006', 1, to_date('20050901','YYYYMMDD'), to_date('20060901','YYYYMMDD'), '01410159974', '', '', false);
insert into DiagramParts values('UF32-01_0689-01410012853', 'UF32-01_0689', 02, 'Owner&apos;s handbook E87 without iDrive', 'EN, MJ 2007', 1, to_date('20060901','YYYYMMDD'), to_date('20070301','YYYYMMDD'), '01410012853', '', '', false);
insert into DiagramParts values('UF32-01_0689-01420158976', 'UF32-01_0689', 03, 'Owner&apos;s handbook E87 without iDrive', 'FR, MJ 2005', 1, to_date('20040601','YYYYMMDD'), to_date('20050901','YYYYMMDD'), '01420158976', '', '', false);
insert into DiagramParts values('UF32-01_0689-01420159975', 'UF32-01_0689', 03, 'Owner&apos;s handbook E87 without iDrive', 'FR, MJ 2006', 1, to_date('20050901','YYYYMMDD'), to_date('20060901','YYYYMMDD'), '01420159975', '', '', false);
insert into DiagramParts values('UF32-01_0689-01420012854', 'UF32-01_0689', 03, 'Owner&apos;s handbook E87 without iDrive', 'FR, MJ 2007', 1, to_date('20060901','YYYYMMDD'), to_date('20070301','YYYYMMDD'), '01420012854', '', '', false);
insert into DiagramParts values('UF32-01_0689-01430158977', 'UF32-01_0689', 04, 'Owner&apos;s handbook E87 without iDrive', 'ES, MJ 2005', 1, to_date('20040601','YYYYMMDD'), to_date('20050901','YYYYMMDD'), '01430158977', '', '', false);
insert into DiagramParts values('UF32-01_0689-01430159976', 'UF32-01_0689', 04, 'Owner&apos;s handbook E87 without iDrive', 'ES, MJ 2006', 1, to_date('20050901','YYYYMMDD'), to_date('20060901','YYYYMMDD'), '01430159976', '', '', false);
insert into DiagramParts values('UF32-01_0689-01430012855', 'UF32-01_0689', 04, 'Owner&apos;s handbook E87 without iDrive', 'ES, MJ 2007', 1, to_date('20060901','YYYYMMDD'), to_date('20070301','YYYYMMDD'), '01430012855', '', '', false);
insert into DiagramParts values('UF32-01_0689-01440158978', 'UF32-01_0689', 05, 'Owner&apos;s handbook E87 without iDrive', 'IT, MJ 2005', 1, to_date('20040601','YYYYMMDD'), to_date('20050901','YYYYMMDD'), '01440158978', '', '', false);
insert into DiagramParts values('UF32-01_0689-01440159977', 'UF32-01_0689', 05, 'Owner&apos;s handbook E87 without iDrive', 'IT, MJ 2006', 1, to_date('20050901','YYYYMMDD'), to_date('20060901','YYYYMMDD'), '01440159977', '', '', false);
insert into DiagramParts values('UF32-01_0689-01440012856', 'UF32-01_0689', 05, 'Owner&apos;s handbook E87 without iDrive', 'IT, MJ 2007', 1, to_date('20060901','YYYYMMDD'), to_date('20070301','YYYYMMDD'), '01440012856', '', '', false);
insert into DiagramParts values('UF32-01_0689-01450158979', 'UF32-01_0689', 06, 'Owner&apos;s handbook E87 without iDrive', 'SV, MJ 2005', 1, to_date('20040601','YYYYMMDD'), to_date('20050901','YYYYMMDD'), '01450158979', '', '', false);
insert into DiagramParts values('UF32-01_0689-01450159978', 'UF32-01_0689', 06, 'Owner&apos;s handbook E87 without iDrive', 'SV, MJ 2006', 1, to_date('20050901','YYYYMMDD'), to_date('20060901','YYYYMMDD'), '01450159978', '', '', false);
insert into DiagramParts values('UF32-01_0689-01450012857', 'UF32-01_0689', 06, 'Owner&apos;s handbook E87 without iDrive', 'SV, MJ 2007', 1, to_date('20060901','YYYYMMDD'), to_date('20070301','YYYYMMDD'), '01450012857', '', '', false);
insert into DiagramParts values('UF32-01_0689-01460158980', 'UF32-01_0689', 07, 'Owner&apos;s handbook E87 without iDrive', 'NL, MJ 2005', 1, to_date('20040601','YYYYMMDD'), to_date('20050901','YYYYMMDD'), '01460158980', '', '', false);
insert into DiagramParts values('UF32-01_0689-01460159979', 'UF32-01_0689', 07, 'Owner&apos;s handbook E87 without iDrive', 'NL, MJ 2006', 1, to_date('20050901','YYYYMMDD'), to_date('20060901','YYYYMMDD'), '01460159979', '', '', false);
insert into DiagramParts values('UF32-01_0689-01460012858', 'UF32-01_0689', 07, 'Owner&apos;s handbook E87 without iDrive', 'NL, MJ 2007', 1, to_date('20060901','YYYYMMDD'), to_date('20070301','YYYYMMDD'), '01460012858', '', '', false);
insert into DiagramParts values('UF32-01_0689-01470158981', 'UF32-01_0689', 08, 'Owner&apos;s handbook E87 without iDrive', 'AR, MJ 2005', 1, to_date('20040601','YYYYMMDD'), to_date('20050901','YYYYMMDD'), '01470158981', '', '', false);
insert into DiagramParts values('UF32-01_0689-01470159980', 'UF32-01_0689', 08, 'Owner&apos;s handbook E87 without iDrive', 'AR, MJ 2006', 1, to_date('20050901','YYYYMMDD'), to_date('20060901','YYYYMMDD'), '01470159980', '', '', false);
insert into DiagramParts values('UF32-01_0689-01470012859', 'UF32-01_0689', 08, 'Owner&apos;s handbook E87 without iDrive', 'AR, MJ 2007', 1, to_date('20060901','YYYYMMDD'), to_date('20070301','YYYYMMDD'), '01470012859', '', '', false);
insert into DiagramParts values('UF32-01_0689-01480158982', 'UF32-01_0689', 09, 'Owner&apos;s handbook E87 without iDrive', 'DA, MJ 2005', 1, to_date('20040601','YYYYMMDD'), to_date('20050901','YYYYMMDD'), '01480158982', '', '', false);
insert into DiagramParts values('UF32-01_0689-01480159981', 'UF32-01_0689', 09, 'Owner&apos;s handbook E87 without iDrive', 'DA, MJ 2006', 1, to_date('20050901','YYYYMMDD'), to_date('20060901','YYYYMMDD'), '01480159981', '', '', false);
insert into DiagramParts values('UF32-01_0689-01480012860', 'UF32-01_0689', 09, 'Owner&apos;s handbook E87 without iDrive', 'DA, MJ 2007', 1, to_date('20060901','YYYYMMDD'), to_date('20070301','YYYYMMDD'), '01480012860', '', '', false);
insert into DiagramParts values('UF32-01_0689-01490158983', 'UF32-01_0689', 10, 'Owner&apos;s handbook E87 without iDrive', 'PT, MJ 2005', 1, to_date('20040601','YYYYMMDD'), to_date('20050901','YYYYMMDD'), '01490158983', '', '', false);
insert into DiagramParts values('UF32-01_0689-01490159982', 'UF32-01_0689', 10, 'Owner&apos;s handbook E87 without iDrive', 'PT, MJ 2006', 1, to_date('20050901','YYYYMMDD'), to_date('20060901','YYYYMMDD'), '01490159982', '', '', false);
insert into DiagramParts values('UF32-01_0689-01490012861', 'UF32-01_0689', 10, 'Owner&apos;s handbook E87 without iDrive', 'PT, MJ 2007', 1, to_date('20060901','YYYYMMDD'), to_date('20070301','YYYYMMDD'), '01490012861', '', '', false);
insert into DiagramParts values('UF32-01_0689-01490158985', 'UF32-01_0689', 13, 'Owner&apos;s handbook E87 without iDrive', 'EL, MJ 2005', 1, to_date('20040601','YYYYMMDD'), to_date('20050901','YYYYMMDD'), '01490158985', '', '', false);
insert into DiagramParts values('UF32-01_0689-01490159983', 'UF32-01_0689', 13, 'Owner&apos;s handbook E87 without iDrive', 'EL, MJ 2006', 1, to_date('20050901','YYYYMMDD'), to_date('20060901','YYYYMMDD'), '01490159983', '', '', false);
insert into DiagramParts values('UF32-01_0689-01490012862', 'UF32-01_0689', 13, 'Owner&apos;s handbook E87 without iDrive', 'EL, MJ 2007', 1, to_date('20060901','YYYYMMDD'), to_date('20070301','YYYYMMDD'), '01490012862', '', '', false);
insert into Diagram values('UF32-01_0689','UF32-20040700','01-05','E87 118i   Owner&apos;s manual for E81, E87 w/o iDrive','');
insert into DiagramParts values('UF32-01_0690-01400159984', 'UF32-01_0690', 01, 'Owner&apos;s handbook E87 with iDrive', 'DE, MJ 2006', 1, to_date('20050901','YYYYMMDD'), to_date('20060901','YYYYMMDD'), '01400159984', '', '', false);
insert into DiagramParts values('UF32-01_0690-01400012915', 'UF32-01_0690', 01, 'Owner&apos;s handbook E87 with iDrive', 'DE, MJ 2007', 1, to_date('20060901','YYYYMMDD'), to_date('20070301','YYYYMMDD'), '01400012915', '', '', false);
insert into DiagramParts values('UF32-01_0690-01410159496', 'UF32-01_0690', 02, 'Owner&apos;s handbook E87 with iDrive', 'EN, MJ 2005', 1, to_date('20040601','YYYYMMDD'), to_date('20050901','YYYYMMDD'), '01410159496', '', '', false);
insert into DiagramParts values('UF32-01_0690-01410159985', 'UF32-01_0690', 02, 'Owner&apos;s handbook E87 with iDrive', 'EN, MJ 2006', 1, to_date('20050901','YYYYMMDD'), to_date('20060901','YYYYMMDD'), '01410159985', '', '', false);
insert into DiagramParts values('UF32-01_0690-01410012916', 'UF32-01_0690', 02, 'Owner&apos;s handbook E87 with iDrive', 'EN, MJ 2007', 1, to_date('20060901','YYYYMMDD'), to_date('20070301','YYYYMMDD'), '01410012916', '', '', false);
insert into DiagramParts values('UF32-01_0690-01420159497', 'UF32-01_0690', 03, 'Owner&apos;s handbook E87 with iDrive', 'FR, MJ 2005', 1, to_date('20040601','YYYYMMDD'), to_date('20050901','YYYYMMDD'), '01420159497', '', '', false);
insert into DiagramParts values('UF32-01_0690-01420159986', 'UF32-01_0690', 03, 'Owner&apos;s handbook E87 with iDrive', 'FR, MJ 2006', 1, to_date('20050901','YYYYMMDD'), to_date('20060901','YYYYMMDD'), '01420159986', '', '', false);
insert into DiagramParts values('UF32-01_0690-01420012917', 'UF32-01_0690', 03, 'Owner&apos;s handbook E87 with iDrive', 'FR, MJ 2007', 1, to_date('20060901','YYYYMMDD'), to_date('20070301','YYYYMMDD'), '01420012917', '', '', false);
insert into DiagramParts values('UF32-01_0690-01430159498', 'UF32-01_0690', 04, 'Owner&apos;s handbook E87 with iDrive', 'ES, MJ 2005', 1, to_date('20040601','YYYYMMDD'), to_date('20050901','YYYYMMDD'), '01430159498', '', '', false);
insert into DiagramParts values('UF32-01_0690-01430159987', 'UF32-01_0690', 04, 'Owner&apos;s handbook E87 with iDrive', 'ES, MJ 2006', 1, to_date('20050901','YYYYMMDD'), to_date('20060901','YYYYMMDD'), '01430159987', '', '', false);
insert into DiagramParts values('UF32-01_0690-01430012918', 'UF32-01_0690', 04, 'Owner&apos;s handbook E87 with iDrive', 'ES, MJ 2007', 1, to_date('20060901','YYYYMMDD'), to_date('20070301','YYYYMMDD'), '01430012918', '', '', false);
insert into DiagramParts values('UF32-01_0690-01440159499', 'UF32-01_0690', 05, 'Owner&apos;s handbook E87 with iDrive', 'IT, MJ 2005', 1, to_date('20040601','YYYYMMDD'), to_date('20050901','YYYYMMDD'), '01440159499', '', '', false);
insert into DiagramParts values('UF32-01_0690-01440159988', 'UF32-01_0690', 05, 'Owner&apos;s handbook E87 with iDrive', 'IT, MJ 2006', 1, to_date('20050901','YYYYMMDD'), to_date('20060901','YYYYMMDD'), '01440159988', '', '', false);
insert into DiagramParts values('UF32-01_0690-01440012919', 'UF32-01_0690', 05, 'Owner&apos;s handbook E87 with iDrive', 'IT, MJ 2007', 1, to_date('20060901','YYYYMMDD'), to_date('20070301','YYYYMMDD'), '01440012919', '', '', false);
insert into DiagramParts values('UF32-01_0690-01450159500', 'UF32-01_0690', 06, 'Owner&apos;s handbook E87 with iDrive', 'SV, MJ 2005', 1, to_date('20040601','YYYYMMDD'), to_date('20050901','YYYYMMDD'), '01450159500', '', '', false);
insert into DiagramParts values('UF32-01_0690-01450159989', 'UF32-01_0690', 06, 'Owner&apos;s handbook E87 with iDrive', 'SV, MJ 2006', 1, to_date('20050901','YYYYMMDD'), to_date('20060901','YYYYMMDD'), '01450159989', '', '', false);
insert into DiagramParts values('UF32-01_0690-01450012920', 'UF32-01_0690', 06, 'Owner&apos;s handbook E87 with iDrive', 'SV, MJ 2007', 1, to_date('20060901','YYYYMMDD'), to_date('20070301','YYYYMMDD'), '01450012920', '', '', false);
insert into DiagramParts values('UF32-01_0690-01460159501', 'UF32-01_0690', 07, 'Owner&apos;s handbook E87 with iDrive', 'NL, MJ 2005', 1, to_date('20040601','YYYYMMDD'), to_date('20050901','YYYYMMDD'), '01460159501', '', '', false);
insert into DiagramParts values('UF32-01_0690-01460159990', 'UF32-01_0690', 07, 'Owner&apos;s handbook E87 with iDrive', 'NL, MJ 2006', 1, to_date('20050901','YYYYMMDD'), to_date('20060901','YYYYMMDD'), '01460159990', '', '', false);
insert into DiagramParts values('UF32-01_0690-01460012921', 'UF32-01_0690', 07, 'Owner&apos;s handbook E87 with iDrive', 'NL, MJ 2007', 1, to_date('20060901','YYYYMMDD'), to_date('20070301','YYYYMMDD'), '01460012921', '', '', false);
insert into DiagramParts values('UF32-01_0690-01470159502', 'UF32-01_0690', 08, 'Owner&apos;s handbook E87 with iDrive', 'AR, MJ 2005', 1, to_date('20040601','YYYYMMDD'), to_date('20050901','YYYYMMDD'), '01470159502', '', '', false);
insert into DiagramParts values('UF32-01_0690-01470159991', 'UF32-01_0690', 08, 'Owner&apos;s handbook E87 with iDrive', 'AR, MJ 2006', 1, to_date('20050901','YYYYMMDD'), to_date('20060901','YYYYMMDD'), '01470159991', '', '', false);
insert into DiagramParts values('UF32-01_0690-01470012922', 'UF32-01_0690', 08, 'Owner&apos;s handbook E87 with iDrive', 'AR, MJ 2007', 1, to_date('20060901','YYYYMMDD'), to_date('20070301','YYYYMMDD'), '01470012922', '', '', false);
insert into DiagramParts values('UF32-01_0690-01480012923', 'UF32-01_0690', 08, 'Owner&apos;s handbook E87 with iDrive', 'DA, MJ 2007', 1, to_date('20060901','YYYYMMDD'), to_date('20070301','YYYYMMDD'), '01480012923', '', '', false);
insert into DiagramParts values('UF32-01_0690-01480159503', 'UF32-01_0690', 09, 'Owner&apos;s handbook E87 with iDrive', 'DA, MJ 2005', 1, to_date('20040601','YYYYMMDD'), to_date('20050901','YYYYMMDD'), '01480159503', '', '', false);
insert into DiagramParts values('UF32-01_0690-01480159992', 'UF32-01_0690', 09, 'Owner&apos;s handbook E87 with iDrive', 'DA, MJ 2006', 1, to_date('20050901','YYYYMMDD'), to_date('20060901','YYYYMMDD'), '01480159992', '', '', false);
insert into DiagramParts values('UF32-01_0690-01490159504', 'UF32-01_0690', 10, 'Owner&apos;s handbook E87 with iDrive', 'PT, MJ 2005', 1, to_date('20040601','YYYYMMDD'), to_date('20050901','YYYYMMDD'), '01490159504', '', '', false);
insert into DiagramParts values('UF32-01_0690-01490159993', 'UF32-01_0690', 10, 'Owner&apos;s handbook E87 with iDrive', 'PT, MJ 2006', 1, to_date('20050901','YYYYMMDD'), to_date('20060901','YYYYMMDD'), '01490159993', '', '', false);
insert into DiagramParts values('UF32-01_0690-01490012924', 'UF32-01_0690', 10, 'Owner&apos;s handbook E87 with iDrive', 'PT, MJ 2007', 1, to_date('20060901','YYYYMMDD'), to_date('20070301','YYYYMMDD'), '01490012924', '', '', false);
insert into DiagramParts values('UF32-01_0690-01490159505', 'UF32-01_0690', 13, 'Owner&apos;s handbook E87 with iDrive', 'EL, MJ 2005', 1, to_date('20040601','YYYYMMDD'), to_date('20050901','YYYYMMDD'), '01490159505', '', '', false);
insert into DiagramParts values('UF32-01_0690-01490159994', 'UF32-01_0690', 13, 'Owner&apos;s handbook E87 with iDrive', 'EL, MJ 2006', 1, to_date('20050901','YYYYMMDD'), to_date('20060901','YYYYMMDD'), '01490159994', '', '', false);
insert into DiagramParts values('UF32-01_0690-01490012925', 'UF32-01_0690', 13, 'Owner&apos;s handbook E87 with iDrive', 'EL, MJ 2007', 1, to_date('20060901','YYYYMMDD'), to_date('20070301','YYYYMMDD'), '01490012925', '', '', false);
insert into Diagram values('UF32-01_0690','UF32-20040700','01-05','E87 118i   Owner&apos;s manual for E81, E87 with iDrive','');
insert into DiagramParts values('UF32-01_0727-01400011871', 'UF32-01_0727', 01, 'Brief instructions E87 without iDrive', 'DE', 1, to_date('20050901','YYYYMMDD'), to_date('20070301','YYYYMMDD'), '01400011871', '', '', false);
insert into DiagramParts values('UF32-01_0727-01400011882', 'UF32-01_0727', 01, 'Brief instructions E87 with iDrive', 'DE', 1, to_date('20050901','YYYYMMDD'), to_date('20070301','YYYYMMDD'), '01400011882', '', '', false);
insert into DiagramParts values('UF32-01_0727-01410011883', 'UF32-01_0727', 02, 'Brief instructions E87 with iDrive', 'EN', 1, to_date('20050901','YYYYMMDD'), to_date('20070301','YYYYMMDD'), '01410011883', '', '', false);
insert into Diagram values('UF32-01_0727','UF32-20040700','01-05','E87 118i   Brief instructions E81, E82, E87, E','');
insert into Diagram values('UF32-01_0756','UF32-20040700','01-05','E87 118i   Mirror placard','');
insert into Diagram values('UF32-01_0780','UF32-20040700','01-05','E87 118i   Brochure Service Contact, BMW','');
insert into DiagramParts values('UF32-01_1080-01402918756', 'UF32-01_1080', 02, 'Supplement Owner&apos;s Manual license texts', 'MULTILINGUAL', 1, to_date('20130301','YYYYMMDD'), to_date('20130701','YYYYMMDD'), '01402918756', '', '', false);
insert into Diagram values('UF32-01_1080','UF32-20040700','01-05','E87 118i   Flyer, license texts for BMW','');
insert into DiagramParts values('UF32-01_0606-01400012026', 'UF32-01_0606', 01, 'Operating instructions, radio &quot;de&quot;', 'SA663', 1, to_date('20060901','YYYYMMDD'), to_date('20070301','YYYYMMDD'), '01400012026', '', '', false);
insert into DiagramParts values('UF32-01_0606-01400159098', 'UF32-01_0606', 01, 'Operating instructions, radio &quot;de&quot;', 'SA663', 1, to_date('20050301','YYYYMMDD'), to_date('20050901','YYYYMMDD'), '01400159098', '', '', false);
insert into DiagramParts values('UF32-01_0606-01410012027', 'UF32-01_0606', 02, 'Operating instructions, radio &quot;en&quot;', 'SA663', 1, to_date('20060901','YYYYMMDD'), to_date('20070301','YYYYMMDD'), '01410012027', '', '', false);
insert into DiagramParts values('UF32-01_0606-01410159099', 'UF32-01_0606', 02, 'Operating instructions, radio &quot;en&quot;', 'SA663', 1, to_date('20050301','YYYYMMDD'), to_date('20050901','YYYYMMDD'), '01410159099', '', '', false);
insert into DiagramParts values('UF32-01_0606-01420012028', 'UF32-01_0606', 03, 'Operating instructions, radio &quot;fr&quot;', 'SA663', 1, to_date('20060901','YYYYMMDD'), to_date('20070301','YYYYMMDD'), '01420012028', '', '', false);
insert into DiagramParts values('UF32-01_0606-01420159100', 'UF32-01_0606', 03, 'Operating instructions, radio &quot;fr&quot;', 'SA663', 1, to_date('20050301','YYYYMMDD'), to_date('20050901','YYYYMMDD'), '01420159100', '', '', false);
insert into DiagramParts values('UF32-01_0606-01430012029', 'UF32-01_0606', 04, 'Operating instructions, radio &quot;es&quot;', 'SA663', 1, to_date('20060901','YYYYMMDD'), to_date('20070301','YYYYMMDD'), '01430012029', '', '', false);
insert into DiagramParts values('UF32-01_0606-01430158404', 'UF32-01_0606', 04, 'Operating instructions, radio &quot;es&quot;', 'SA663', 1, to_date('20041201','YYYYMMDD'), to_date('20050301','YYYYMMDD'), '01430158404', '', '', false);
insert into DiagramParts values('UF32-01_0606-01430159101', 'UF32-01_0606', 04, 'Operating instructions, radio &quot;es&quot;', 'SA663', 1, to_date('20050301','YYYYMMDD'), to_date('20050901','YYYYMMDD'), '01430159101', '', '', false);
insert into DiagramParts values('UF32-01_0606-01440012030', 'UF32-01_0606', 05, 'Operating instructions, radio &quot;it&quot;', 'SA663', 1, to_date('20060901','YYYYMMDD'), to_date('20070301','YYYYMMDD'), '01440012030', '', '', false);
insert into DiagramParts values('UF32-01_0606-01440159102', 'UF32-01_0606', 05, 'Operating instructions, radio &quot;it&quot;', 'SA663', 1, to_date('20050301','YYYYMMDD'), to_date('20050901','YYYYMMDD'), '01440159102', '', '', false);
insert into DiagramParts values('UF32-01_0606-01450012031', 'UF32-01_0606', 06, 'Operating instructions, radio &quot;sv&quot;', 'SA663', 1, to_date('20060901','YYYYMMDD'), to_date('20070301','YYYYMMDD'), '01450012031', '', '', false);
insert into DiagramParts values('UF32-01_0606-01450159103', 'UF32-01_0606', 06, 'Operating instructions, radio &quot;sv&quot;', 'SA663', 1, to_date('20050301','YYYYMMDD'), to_date('20050901','YYYYMMDD'), '01450159103', '', '', false);
insert into DiagramParts values('UF32-01_0606-01460012032', 'UF32-01_0606', 07, 'Operating instructions, radio &quot;nl&quot;', 'SA663', 1, to_date('20060901','YYYYMMDD'), to_date('20070301','YYYYMMDD'), '01460012032', '', '', false);
insert into DiagramParts values('UF32-01_0606-01460159104', 'UF32-01_0606', 07, 'Operating instructions, radio &quot;nl&quot;', 'SA663', 1, to_date('20050301','YYYYMMDD'), to_date('20050901','YYYYMMDD'), '01460159104', '', '', false);
insert into DiagramParts values('UF32-01_0606-01470012033', 'UF32-01_0606', 08, 'Operating instructions, radio &quot;ar&quot;', 'SA663', 1, to_date('20060901','YYYYMMDD'), to_date('20070301','YYYYMMDD'), '01470012033', '', '', false);
insert into DiagramParts values('UF32-01_0606-01470159105', 'UF32-01_0606', 08, 'Operating instructions, radio &quot;ar&quot;', 'SA663', 1, to_date('20050301','YYYYMMDD'), to_date('20050901','YYYYMMDD'), '01470159105', '', '', false);
insert into DiagramParts values('UF32-01_0606-01480012034', 'UF32-01_0606', 09, 'Operating instructions, radio &quot;da&quot;', 'SA663', 1, to_date('20060901','YYYYMMDD'), to_date('20070301','YYYYMMDD'), '01480012034', '', '', false);
insert into DiagramParts values('UF32-01_0606-01480159106', 'UF32-01_0606', 09, 'Operating instructions, radio &quot;da&quot;', 'SA663', 1, to_date('20050301','YYYYMMDD'), to_date('20050901','YYYYMMDD'), '01480159106', '', '', false);
insert into DiagramParts values('UF32-01_0606-01490012035', 'UF32-01_0606', 10, 'Operating instructions, radio &quot;pt&quot;', 'SA663', 1, to_date('20060901','YYYYMMDD'), to_date('20070301','YYYYMMDD'), '01490012035', '', '', false);
insert into DiagramParts values('UF32-01_0606-01490159107', 'UF32-01_0606', 10, 'Operating instructions, radio &quot;pt&quot;', 'SA663', 1, to_date('20050301','YYYYMMDD'), to_date('20050901','YYYYMMDD'), '01490159107', '', '', false);
insert into DiagramParts values('UF32-01_0606-01490012037', 'UF32-01_0606', 13, 'Operating instructions, radio &quot;el&quot;', 'SA663', 1, to_date('20060901','YYYYMMDD'), to_date('20070301','YYYYMMDD'), '01490012037', '', '', false);
insert into DiagramParts values('UF32-01_0606-01490159109', 'UF32-01_0606', 13, 'Operating instructions, radio &quot;el&quot;', 'SA663', 1, to_date('20050301','YYYYMMDD'), to_date('20050901','YYYYMMDD'), '01490159109', '', '', false);
insert into DiagramParts values('UF32-01_0606-01490012036', 'UF32-01_0606', 14, 'Operating instructions, radio &quot;zh&quot;', 'SA663', 1, to_date('20060901','YYYYMMDD'), to_date('20070301','YYYYMMDD'), '01490012036', '', '', false);
insert into Diagram values('UF32-01_0606','UF32-20040700','01-12','E87 118i   Radio E81,E82,E87,E88, E90,E91,E92,E93','');
insert into DiagramParts values('UF32-01_0302-01400011822', 'UF32-01_0302', 01, 'Owner&apos;s handbook, telephone &quot;de&quot;', 'SA633, SA644', 1, to_date('20050901','YYYYMMDD'), to_date('20060901','YYYYMMDD'), '01400011822', '', '', false);
insert into DiagramParts values('UF32-01_0302-01400012071', 'UF32-01_0302', 01, 'Owner&apos;s handbook, telephone &quot;de&quot;', 'SA633, SA644', 1, to_date('20060901','YYYYMMDD'), to_date('20070301','YYYYMMDD'), '01400012071', '', '', false);
insert into DiagramParts values('UF32-01_0302-01400014355', 'UF32-01_0302', 01, 'Owner&apos;s handbook, telephone &quot;de&quot;', 'SA633, SA644', 1, to_date('20070901','YYYYMMDD'), to_date('20080301','YYYYMMDD'), '01400014355', '', '', false);
insert into DiagramParts values('UF32-01_0302-01402600073', 'UF32-01_0302', 01, 'Owner&apos;s handbook, telephone &quot;de&quot;', 'SA633, SA644', 1, to_date('20050901','YYYYMMDD'), to_date('20060301','YYYYMMDD'), '01402600073', '', '', false);
insert into DiagramParts values('UF32-01_0302-01400012059', 'UF32-01_0302', 01, 'Owner&apos;s handbook, telephone &quot;de&quot;', 'SA633, SA644', 1, to_date('20060301','YYYYMMDD'), to_date('20060901','YYYYMMDD'), '01400012059', '', '', false);
insert into DiagramParts values('UF32-01_0302-01410011823', 'UF32-01_0302', 02, 'Owner&apos;s handbook, telephone &quot;en&quot;', 'SA633, SA644', 1, to_date('20050901','YYYYMMDD'), to_date('20060901','YYYYMMDD'), '01410011823', '', '', false);
insert into DiagramParts values('UF32-01_0302-01410012072', 'UF32-01_0302', 02, 'Owner&apos;s handbook, telephone &quot;en&quot;', 'SA633, SA644', 1, to_date('20060901','YYYYMMDD'), to_date('20070301','YYYYMMDD'), '01410012072', '', '', false);
insert into DiagramParts values('UF32-01_0302-01410014356', 'UF32-01_0302', 02, 'Owner&apos;s handbook, telephone &quot;en&quot;', 'SA633, SA644', 1, to_date('20070901','YYYYMMDD'), to_date('20080301','YYYYMMDD'), '01410014356', '', '', false);
insert into DiagramParts values('UF32-01_0302-01412600074', 'UF32-01_0302', 02, 'Owner&apos;s handbook, telephone &quot;en&quot;', 'SA633, SA644', 1, to_date('20050901','YYYYMMDD'), to_date('20060301','YYYYMMDD'), '01412600074', '', '', false);
insert into DiagramParts values('UF32-01_0302-01410012060', 'UF32-01_0302', 02, 'Owner&apos;s handbook, telephone &quot;en&quot;', 'SA633, SA644', 1, to_date('20060301','YYYYMMDD'), to_date('20060901','YYYYMMDD'), '01410012060', '', '', false);
insert into DiagramParts values('UF32-01_0302-01420011824', 'UF32-01_0302', 03, 'Owner&apos;s handbook, telephone &quot;fr&quot;', 'SA633, SA644', 1, to_date('20050901','YYYYMMDD'), to_date('20060901','YYYYMMDD'), '01420011824', '', '', false);
insert into DiagramParts values('UF32-01_0302-01420012073', 'UF32-01_0302', 03, 'Owner&apos;s handbook, telephone &quot;fr&quot;', 'SA633, SA644', 1, to_date('20060901','YYYYMMDD'), to_date('20070301','YYYYMMDD'), '01420012073', '', '', false);
insert into DiagramParts values('UF32-01_0302-01420014357', 'UF32-01_0302', 03, 'Owner&apos;s handbook, telephone &quot;fr&quot;', 'SA633, SA644', 1, to_date('20070901','YYYYMMDD'), to_date('20080301','YYYYMMDD'), '01420014357', '', '', false);
insert into DiagramParts values('UF32-01_0302-01422600075', 'UF32-01_0302', 03, 'Owner&apos;s handbook, telephone &quot;fr&quot;', 'SA633, SA644', 1, to_date('20050901','YYYYMMDD'), to_date('20060301','YYYYMMDD'), '01422600075', '', '', false);
insert into DiagramParts values('UF32-01_0302-01420012061', 'UF32-01_0302', 03, 'Owner&apos;s handbook, telephone &quot;fr&quot;', 'SA633, SA644', 1, to_date('20060301','YYYYMMDD'), to_date('20060901','YYYYMMDD'), '01420012061', '', '', false);
insert into DiagramParts values('UF32-01_0302-01430011825', 'UF32-01_0302', 04, 'Owner&apos;s handbook, telephone &quot;es&quot;', 'SA633, SA644', 1, to_date('20050901','YYYYMMDD'), to_date('20060901','YYYYMMDD'), '01430011825', '', '', false);
insert into DiagramParts values('UF32-01_0302-01430012074', 'UF32-01_0302', 04, 'Owner&apos;s handbook, telephone &quot;es&quot;', 'SA633, SA644', 1, to_date('20060901','YYYYMMDD'), to_date('20070301','YYYYMMDD'), '01430012074', '', '', false);
insert into DiagramParts values('UF32-01_0302-01430014358', 'UF32-01_0302', 04, 'Owner&apos;s handbook, telephone &quot;es&quot;', 'SA633, SA644', 1, to_date('20070901','YYYYMMDD'), to_date('20080301','YYYYMMDD'), '01430014358', '', '', false);
insert into DiagramParts values('UF32-01_0302-01432600076', 'UF32-01_0302', 04, 'Owner&apos;s handbook, telephone &quot;es&quot;', 'SA633, SA644', 1, to_date('20050901','YYYYMMDD'), to_date('20060301','YYYYMMDD'), '01432600076', '', '', false);
insert into DiagramParts values('UF32-01_0302-01430012062', 'UF32-01_0302', 04, 'Owner&apos;s handbook, telephone &quot;es&quot;', 'SA633, SA644', 1, to_date('20060301','YYYYMMDD'), to_date('20060901','YYYYMMDD'), '01430012062', '', '', false);
insert into DiagramParts values('UF32-01_0302-01440011826', 'UF32-01_0302', 05, 'Owner&apos;s handbook, telephone &quot;it&quot;', 'SA633, SA644', 1, to_date('20050901','YYYYMMDD'), to_date('20060901','YYYYMMDD'), '01440011826', '', '', false);
insert into DiagramParts values('UF32-01_0302-01440012075', 'UF32-01_0302', 05, 'Owner&apos;s handbook, telephone &quot;it&quot;', 'SA633, SA644', 1, to_date('20060901','YYYYMMDD'), to_date('20070301','YYYYMMDD'), '01440012075', '', '', false);
insert into DiagramParts values('UF32-01_0302-01440014359', 'UF32-01_0302', 05, 'Owner&apos;s handbook, telephone &quot;it&quot;', 'SA633, SA644', 1, to_date('20070901','YYYYMMDD'), to_date('20080301','YYYYMMDD'), '01440014359', '', '', false);
insert into DiagramParts values('UF32-01_0302-01442600077', 'UF32-01_0302', 05, 'Owner&apos;s handbook, telephone &quot;it&quot;', 'SA633, SA644', 1, to_date('20050901','YYYYMMDD'), to_date('20060301','YYYYMMDD'), '01442600077', '', '', false);
insert into DiagramParts values('UF32-01_0302-01440012063', 'UF32-01_0302', 05, 'Owner&apos;s handbook, telephone &quot;it&quot;', 'SA633, SA644', 1, to_date('20060301','YYYYMMDD'), to_date('20060901','YYYYMMDD'), '01440012063', '', '', false);
insert into DiagramParts values('UF32-01_0302-01450011827', 'UF32-01_0302', 06, 'Owner&apos;s handbook, telephone &quot;sv&quot;', 'SA633, SA644', 1, to_date('20050901','YYYYMMDD'), to_date('20060901','YYYYMMDD'), '01450011827', '', '', false);
insert into DiagramParts values('UF32-01_0302-01450012076', 'UF32-01_0302', 06, 'Owner&apos;s handbook, telephone &quot;sv&quot;', 'SA633, SA644', 1, to_date('20060901','YYYYMMDD'), to_date('20070301','YYYYMMDD'), '01450012076', '', '', false);
insert into DiagramParts values('UF32-01_0302-01450014360', 'UF32-01_0302', 06, 'Owner&apos;s handbook, telephone &quot;sv&quot;', 'SA633, SA644', 1, to_date('20070901','YYYYMMDD'), to_date('20080301','YYYYMMDD'), '01450014360', '', '', false);
insert into DiagramParts values('UF32-01_0302-01452600078', 'UF32-01_0302', 06, 'Owner&apos;s handbook, telephone &quot;sv&quot;', 'SA633, SA644', 1, to_date('20050901','YYYYMMDD'), to_date('20060301','YYYYMMDD'), '01452600078', '', '', false);
insert into DiagramParts values('UF32-01_0302-01450012064', 'UF32-01_0302', 06, 'Owner&apos;s handbook, telephone &quot;sv&quot;', 'SA633, SA644', 1, to_date('20060301','YYYYMMDD'), to_date('20060901','YYYYMMDD'), '01450012064', '', '', false);
insert into DiagramParts values('UF32-01_0302-01460011828', 'UF32-01_0302', 07, 'Owner&apos;s handbook, telephone &quot;nl&quot;', 'SA633, SA644', 1, to_date('20050901','YYYYMMDD'), to_date('20060901','YYYYMMDD'), '01460011828', '', '', false);
insert into DiagramParts values('UF32-01_0302-01460012077', 'UF32-01_0302', 07, 'Owner&apos;s handbook, telephone &quot;nl&quot;', 'SA633, SA644', 1, to_date('20060901','YYYYMMDD'), to_date('20070301','YYYYMMDD'), '01460012077', '', '', false);
insert into DiagramParts values('UF32-01_0302-01460014361', 'UF32-01_0302', 07, 'Owner&apos;s handbook, telephone &quot;nl&quot;', 'SA633, SA644', 1, to_date('20070901','YYYYMMDD'), to_date('20080301','YYYYMMDD'), '01460014361', '', '', false);
insert into DiagramParts values('UF32-01_0302-01462600079', 'UF32-01_0302', 07, 'Owner&apos;s handbook, telephone &quot;nl&quot;', 'SA633, SA644', 1, to_date('20050901','YYYYMMDD'), to_date('20060301','YYYYMMDD'), '01462600079', '', '', false);
insert into DiagramParts values('UF32-01_0302-01460012065', 'UF32-01_0302', 07, 'Owner&apos;s handbook, telephone &quot;nl&quot;', 'SA633, SA644', 1, to_date('20060301','YYYYMMDD'), to_date('20060901','YYYYMMDD'), '01460012065', '', '', false);
insert into DiagramParts values('UF32-01_0302-01470011829', 'UF32-01_0302', 08, 'Owner&apos;s handbook, telephone &quot;ar&quot;', 'SA633, SA644', 1, to_date('20050901','YYYYMMDD'), to_date('20060901','YYYYMMDD'), '01470011829', '', '', false);
insert into DiagramParts values('UF32-01_0302-01470012078', 'UF32-01_0302', 08, 'Owner&apos;s handbook, telephone &quot;ar&quot;', 'SA633, SA644', 1, to_date('20060901','YYYYMMDD'), to_date('20070301','YYYYMMDD'), '01470012078', '', '', false);
insert into DiagramParts values('UF32-01_0302-01470014362', 'UF32-01_0302', 08, 'Owner&apos;s handbook, telephone &quot;ar&quot;', 'SA633, SA644', 1, to_date('20070901','YYYYMMDD'), to_date('20080301','YYYYMMDD'), '01470014362', '', '', false);
insert into DiagramParts values('UF32-01_0302-01472600080', 'UF32-01_0302', 08, 'Owner&apos;s handbook, telephone &quot;ar&quot;', 'SA633, SA644', 1, to_date('20050901','YYYYMMDD'), to_date('20060301','YYYYMMDD'), '01472600080', '', '', false);
insert into DiagramParts values('UF32-01_0302-01470012066', 'UF32-01_0302', 08, 'Owner&apos;s handbook, telephone &quot;ar&quot;', 'SA633, SA644', 1, to_date('20060301','YYYYMMDD'), to_date('20060901','YYYYMMDD'), '01470012066', '', '', false);
insert into DiagramParts values('UF32-01_0302-01480011830', 'UF32-01_0302', 09, 'Owner&apos;s handbook, telephone &quot;da&quot;', 'SA633, SA644', 1, to_date('20050901','YYYYMMDD'), to_date('20060901','YYYYMMDD'), '01480011830', '', '', false);
insert into DiagramParts values('UF32-01_0302-01480012079', 'UF32-01_0302', 09, 'Owner&apos;s handbook, telephone &quot;da&quot;', 'SA633, SA644', 1, to_date('20060901','YYYYMMDD'), to_date('20070301','YYYYMMDD'), '01480012079', '', '', false);
insert into DiagramParts values('UF32-01_0302-01480014363', 'UF32-01_0302', 09, 'Owner&apos;s handbook, telephone &quot;da&quot;', 'SA633, SA644', 1, to_date('20070901','YYYYMMDD'), to_date('20080301','YYYYMMDD'), '01480014363', '', '', false);
insert into DiagramParts values('UF32-01_0302-01482600081', 'UF32-01_0302', 09, 'Owner&apos;s handbook, telephone &quot;da&quot;', 'SA633, SA644', 1, to_date('20050901','YYYYMMDD'), to_date('20060301','YYYYMMDD'), '01482600081', '', '', false);
insert into DiagramParts values('UF32-01_0302-01480012067', 'UF32-01_0302', 09, 'Owner&apos;s handbook, telephone &quot;da&quot;', 'SA633, SA644', 1, to_date('20060301','YYYYMMDD'), to_date('20060901','YYYYMMDD'), '01480012067', '', '', false);
insert into DiagramParts values('UF32-01_0302-01490011831', 'UF32-01_0302', 10, 'Owner&apos;s handbook, telephone &quot;pt&quot;', 'SA633, SA644', 1, to_date('20050901','YYYYMMDD'), to_date('20060901','YYYYMMDD'), '01490011831', '', '', false);
insert into DiagramParts values('UF32-01_0302-01490012080', 'UF32-01_0302', 10, 'Owner&apos;s handbook, telephone &quot;pt&quot;', 'SA633, SA644', 1, to_date('20060901','YYYYMMDD'), to_date('20070301','YYYYMMDD'), '01490012080', '', '', false);
insert into DiagramParts values('UF32-01_0302-01490014364', 'UF32-01_0302', 10, 'Owner&apos;s handbook, telephone &quot;pt&quot;', 'SA633, SA644', 1, to_date('20070901','YYYYMMDD'), to_date('20080301','YYYYMMDD'), '01490014364', '', '', false);
insert into DiagramParts values('UF32-01_0302-01492600082', 'UF32-01_0302', 10, 'Owner&apos;s handbook, telephone &quot;pt&quot;', 'SA633, SA644', 1, to_date('20050901','YYYYMMDD'), to_date('20060301','YYYYMMDD'), '01492600082', '', '', false);
insert into DiagramParts values('UF32-01_0302-01490012068', 'UF32-01_0302', 10, 'Owner&apos;s handbook, telephone &quot;pt&quot;', 'SA633, SA644', 1, to_date('20060301','YYYYMMDD'), to_date('20060901','YYYYMMDD'), '01490012068', '', '', false);
insert into DiagramParts values('UF32-01_0302-01490011833', 'UF32-01_0302', 13, 'Owner&apos;s handbook, telephone &quot;el&quot;', 'SA633, SA644', 1, to_date('20050901','YYYYMMDD'), to_date('20060901','YYYYMMDD'), '01490011833', '', '', false);
insert into DiagramParts values('UF32-01_0302-01490014366', 'UF32-01_0302', 13, 'Owner&apos;s handbook, telephone &quot;el&quot;', 'SA633, SA644', 1, to_date('20070901','YYYYMMDD'), to_date('20080301','YYYYMMDD'), '01490014366', '', '', false);
insert into DiagramParts values('UF32-01_0302-01492600084', 'UF32-01_0302', 13, 'Owner&apos;s handbook, telephone &quot;el&quot;', 'SA633, SA644', 1, to_date('20050901','YYYYMMDD'), to_date('20060301','YYYYMMDD'), '01492600084', '', '', false);
insert into DiagramParts values('UF32-01_0302-01490012070', 'UF32-01_0302', 13, 'Owner&apos;s handbook, telephone &quot;el&quot;', 'SA633, SA644', 1, to_date('20060301','YYYYMMDD'), to_date('20060901','YYYYMMDD'), '01490012070', '', '', false);
insert into DiagramParts values('UF32-01_0302-01490011832', 'UF32-01_0302', 14, 'Owner&apos;s handbook, telephone &quot;zh&quot;', 'SA633, SA644', 1, to_date('20050901','YYYYMMDD'), to_date('20060901','YYYYMMDD'), '01490011832', '', '', false);
insert into DiagramParts values('UF32-01_0302-01490014365', 'UF32-01_0302', 14, 'Owner&apos;s handbook, telephone &quot;zh&quot;', 'SA633, SA644', 1, to_date('20070901','YYYYMMDD'), to_date('20080301','YYYYMMDD'), '01490014365', '', '', false);
insert into DiagramParts values('UF32-01_0302-01492600083', 'UF32-01_0302', 14, 'Owner&apos;s handbook, telephone &quot;zh&quot;', 'SA633, SA644', 1, to_date('20050901','YYYYMMDD'), to_date('20060301','YYYYMMDD'), '01492600083', '', '', false);
insert into DiagramParts values('UF32-01_0302-01490012069', 'UF32-01_0302', 14, 'Owner&apos;s handbook, telephone &quot;zh&quot;', 'SA633, SA644', 1, to_date('20060301','YYYYMMDD'), to_date('20060901','YYYYMMDD'), '01490012069', '', '', false);
insert into Diagram values('UF32-01_0302','UF32-20040700','01-14','E87 118i   Universal BMW mobile phone preparat.','');
insert into Diagram values('UF32-01_1128','UF32-20040700','01-19','E87 118i   EC Certificate of Conformity','');
insert into Diagram values('UF32-01_0169','UF32-20040700','01-21','E87 118i   Logbook slipcase BMW','');
insert into Diagram values('UF32-01_1140','UF32-20040700','01-21','E87 118i   Logbook slipcase BMW','');
insert into DiagramParts values('UF32-01_0029-01410159011', 'UF32-01_0029', 01, 'Supplem. to owner&apos;s manual, Australia', 'E87, MJ 05', 1, to_date('20041201','YYYYMMDD'), to_date('20050901','YYYYMMDD'), '01410159011', '', '', false);
insert into DiagramParts values('UF32-01_0029-01412600068', 'UF32-01_0029', 01, 'Supplem. to owner&apos;s manual, Australia', 'E87, MJ 2006', 1, to_date('20050901','YYYYMMDD'), to_date('20060301','YYYYMMDD'), '01412600068', '', '', false);
insert into DiagramParts values('UF32-01_0029-01410012043', 'UF32-01_0029', 01, 'Supplem. to owner&apos;s manual, Australia', 'E87, MJ 2006', 1, to_date('20060301','YYYYMMDD'), to_date('20070301','YYYYMMDD'), '01410012043', '', '', false);
insert into Diagram values('UF32-01_0029','UF32-20040700','01-24','E87 118i   Supplem. to owner&apos;s manual, Australia','');
insert into DiagramParts values('UF32-01_0589-01400011971', 'UF32-01_0589', 01, 'Service booklet, German', 'E87, E90, E91', 1, to_date('20040601','YYYYMMDD'), to_date('20060901','YYYYMMDD'), '01400011971', '', '', false);
insert into DiagramParts values('UF32-01_0589-01400013061', 'UF32-01_0589', 01, 'Service booklet, German', 'E8X, E9X', 1, to_date('20060901','YYYYMMDD'), to_date('20070901','YYYYMMDD'), '01400013061', '', '', false);
insert into DiagramParts values('UF32-01_0589-01410011972', 'UF32-01_0589', 02, 'Service booklet, English', 'E87, E90, E91', 1, to_date('20040601','YYYYMMDD'), to_date('20060901','YYYYMMDD'), '01410011972', '', '', false);
insert into DiagramParts values('UF32-01_0589-01410013062', 'UF32-01_0589', 02, 'Service booklet, English', 'E8X, E9X', 1, to_date('20060901','YYYYMMDD'), to_date('20070901','YYYYMMDD'), '01410013062', '', '', false);
insert into DiagramParts values('UF32-01_0589-01420011973', 'UF32-01_0589', 03, 'Service booklet, French', 'E87, E90, E91', 1, to_date('20040601','YYYYMMDD'), to_date('20060901','YYYYMMDD'), '01420011973', '', '', false);
insert into DiagramParts values('UF32-01_0589-01420013063', 'UF32-01_0589', 03, 'Service booklet, French', 'E8X, E9X', 1, to_date('20060901','YYYYMMDD'), to_date('20070901','YYYYMMDD'), '01420013063', '', '', false);
insert into DiagramParts values('UF32-01_0589-01430011974', 'UF32-01_0589', 04, 'Service booklet, Spanish', 'E87, E90, E91', 1, to_date('20040601','YYYYMMDD'), to_date('20060901','YYYYMMDD'), '01430011974', '', '', false);
insert into DiagramParts values('UF32-01_0589-01430013064', 'UF32-01_0589', 04, 'Service booklet, Spanish', 'E8X, E9X', 1, to_date('20060901','YYYYMMDD'), to_date('20070901','YYYYMMDD'), '01430013064', '', '', false);
insert into DiagramParts values('UF32-01_0589-01440011975', 'UF32-01_0589', 05, 'Service booklet, Italian', 'E87, E90, E91', 1, to_date('20040601','YYYYMMDD'), to_date('20060901','YYYYMMDD'), '01440011975', '', '', false);
insert into DiagramParts values('UF32-01_0589-01440013065', 'UF32-01_0589', 05, 'Service booklet, Italian', 'E8X, E9X', 1, to_date('20060901','YYYYMMDD'), to_date('20070901','YYYYMMDD'), '01440013065', '', '', false);
insert into DiagramParts values('UF32-01_0589-01450011976', 'UF32-01_0589', 06, 'Service booklet, Swedish', 'E87, E90, E91', 1, to_date('20040601','YYYYMMDD'), to_date('20060901','YYYYMMDD'), '01450011976', '', '', false);
insert into DiagramParts values('UF32-01_0589-01450013066', 'UF32-01_0589', 06, 'Service booklet, Swedish', 'E8X, E9X', 1, to_date('20060901','YYYYMMDD'), to_date('20070901','YYYYMMDD'), '01450013066', '', '', false);
insert into DiagramParts values('UF32-01_0589-01460011977', 'UF32-01_0589', 07, 'Service booklet, Dutch', 'E87, E90, E91', 1, to_date('20040601','YYYYMMDD'), to_date('20060901','YYYYMMDD'), '01460011977', '', '', false);
insert into DiagramParts values('UF32-01_0589-01460013067', 'UF32-01_0589', 07, 'Service booklet, Dutch', 'E8X, E9X', 1, to_date('20060901','YYYYMMDD'), to_date('20070901','YYYYMMDD'), '01460013067', '', '', false);
insert into DiagramParts values('UF32-01_0589-01470011978', 'UF32-01_0589', 08, 'Service booklet, Arabic', 'E87, E90, E91', 1, to_date('20040601','YYYYMMDD'), to_date('20060901','YYYYMMDD'), '01470011978', '', '', false);
insert into DiagramParts values('UF32-01_0589-01470013068', 'UF32-01_0589', 08, 'Service booklet, Arabic', 'E8X, E9X', 1, to_date('20060901','YYYYMMDD'), to_date('20070901','YYYYMMDD'), '01470013068', '', '', false);
insert into DiagramParts values('UF32-01_0589-01480011979', 'UF32-01_0589', 09, 'Service booklet, Danish', 'E87, E90, E91', 1, to_date('20040601','YYYYMMDD'), to_date('20060901','YYYYMMDD'), '01480011979', '', '', false);
insert into DiagramParts values('UF32-01_0589-01480013069', 'UF32-01_0589', 09, 'Service booklet, Danish', 'E8X, E9X', 1, to_date('20060901','YYYYMMDD'), to_date('20070901','YYYYMMDD'), '01480013069', '', '', false);
insert into DiagramParts values('UF32-01_0589-01490011980', 'UF32-01_0589', 10, 'Service booklet, Portuguese', 'E87, E90, E91', 1, to_date('20040601','YYYYMMDD'), to_date('20060901','YYYYMMDD'), '01490011980', '', '', false);
insert into DiagramParts values('UF32-01_0589-01490013070', 'UF32-01_0589', 10, 'Service booklet, Portuguese', 'E8X, E9X', 1, to_date('20060901','YYYYMMDD'), to_date('20070901','YYYYMMDD'), '01490013070', '', '', false);
insert into DiagramParts values('UF32-01_0589-01490011982', 'UF32-01_0589', 11, 'Service booklet, greek', 'E87, E90, E91', 1, to_date('20040601','YYYYMMDD'), to_date('20060901','YYYYMMDD'), '01490011982', '', '', false);
insert into DiagramParts values('UF32-01_0589-01490013071', 'UF32-01_0589', 11, 'Service booklet, greek', 'E8X, E9X', 1, to_date('20060901','YYYYMMDD'), to_date('20070901','YYYYMMDD'), '01490013071', '', '', false);
insert into DiagramParts values('UF32-01_0589-01490011981', 'UF32-01_0589', 12, 'Service booklet, Chinese', 'E87, E90, E91', 1, to_date('20040601','YYYYMMDD'), to_date('20060901','YYYYMMDD'), '01490011981', '', '', false);
insert into DiagramParts values('UF32-01_0589-01490013596', 'UF32-01_0589', 12, 'Service booklet, Chinese', 'E8X, E9X', 1, to_date('20060901','YYYYMMDD'), to_date('20070901','YYYYMMDD'), '01490013596', '', '', false);
insert into DiagramParts values('UF32-01_0589-01490013656', 'UF32-01_0589', 13, 'Service manual in Korean', 'E8X, E9X', 1, to_date('20060901','YYYYMMDD'), to_date('20070901','YYYYMMDD'), '01490013656', '', '', false);
insert into Diagram values('UF32-01_0589','UF32-20040700','01-26','E87 118i   BMW Service booklet 2004 - 2008','');
insert into Diagram values('UF32-01_0670','UF32-20040700','01-35','E87 118i   battery charge calendar','');
insert into Diagram values('UF32-01_0681','UF32-20040700','01-40','E87 118i   BMW Service plug unit','');
insert into Diagram values('UF32-01_0680','UF32-20040700','01-46','E87 118i   Service information, BMW','');
insert into Diagram values('UF32-01_0233','UF32-20040700','01-52','E87 118i   Mounting information, Owner&apos;s Manual BMW','');
insert into Diagram values('UF32-01_0299','UF32-20040700','01-52','E87 118i   BMW assembly instructions','');
insert into Diagram values('UF32-01_0635','UF32-20040700','01-60','E87 118i   BMW form','');
insert into Diagram values('UF32-01_0636','UF32-20040700','01-62','E87 118i   Trailer, BMW','');
insert into Diagram values('UF32-01_0637','UF32-20040700','01-64','E87 118i   Sticker, BMW','');
insert into Diagram values('UF32-01_0639','UF32-20040700','01-65','E87 118i   Labels BMW','');
insert into Diagram values('UF32-01_0612','UF32-20040700','01-70','E87 118i   CD/DVD SIP German BMW','');
insert into DiagramParts values('UF32-01_0671-01399789699', 'UF32-01_0671', 01, 'CD literature', 'LITERATUR', 1, to_date('19820901','YYYYMMDD'), to_date('19901201','YYYYMMDD'), '01399789699', '$8.11', '', false);
insert into Diagram values('UF32-01_0671','UF32-20040700','01-70','E87 118i   BMW CD/DVD miscellaneous','');
insert into Diagram values('UF32-01_0737','UF32-20040700','01-70','E87 118i   CD/DVD SIP complete vehicle BMW','');
insert into Diagram values('UF32-01_1172','UF32-20040700','01-70','E87 118i   DVD Web Based Training','');
insert into Diagram values('UF32-01_1045','UF32-20040700','01-94','E87 118i   Samples, upholstery colors, leather/fabr','');
insert into Diagram values('UF32-01_1046','UF32-20040700','01-94','E87 118i   Sample page, upholstery colors, fabric','');
insert into Diagram values('UF32-01_1047','UF32-20040700','01-94','E87 118i   Sample chart, upholstery colors, leather','');
insert into Diagram values('UF32-01_1048','UF32-20040700','01-94','E87 118i   Sample chart with interior moldings','');
insert into Diagram values('UF32-01_1049','UF32-20040700','01-94','E87 118i   Sample chart with interior moldings','');
insert into Diagram values('UF32-01_1050','UF32-20040700','01-94','E87 118i   Sample chart with interior moldings','');
insert into Diagram values('UF32-01_1051','UF32-20040700','01-94','E87 118i   Sample chart with interior colors','');
insert into Diagram values('UF32-01_1052','UF32-20040700','01-94','E87 118i   Sample chart with interior colors','');
insert into Diagram values('UF32-11_3171','UF32-20040700','11-05','E87 118i   Short Engine','');
insert into DiagramParts values('UF32-11_3172-11117570268', 'UF32-11_3172', 19, 'Dowel', 'D=10,5MM', 2, to_date('20070101','YYYYMMDD'), to_date('20070201','YYYYMMDD'), '11117570268', '', '', false);
insert into Diagram values('UF32-11_3172','UF32-20040700','11-10','E87 118i   Engine block','');
insert into Diagram values('UF32-11_3173','UF32-20040700','11-10','E87 118i   Engine Block Mounting Parts','');
insert into Diagram values('UF32-11_3722','UF32-20040700','11-10','E87 118i   OIL PAN/OIL LEVEL INDICATOR','');
insert into Diagram values('UF32-11_3177','UF32-20040700','11-15','E87 118i   Cylinder Head','');
insert into DiagramParts values('UF32-11_3178-11127578077', 'UF32-11_3178', 01, 'Set Bolt Cylinder Head', 'TORX M9/M10', 1, to_date('20070101','YYYYMMDD'), to_date('20070201','YYYYMMDD'), '11127578077', '', '', false);
insert into Diagram values('UF32-11_3178','UF32-20040700','11-15','E87 118i   Cylinder Head Attached Parts','');
insert into Diagram values('UF32-11_3179','UF32-20040700','11-15','E87 118i   Cylinder head cover','');
insert into Diagram values('UF32-11_3296','UF32-20040700','11-15','E87 118i   Cylinder head, electr. add-on parts','');
insert into Diagram values('UF32-11_3800','UF32-20040700','11-15','E87 118i   Crankcase-Ventilation/oil separator','');
insert into Diagram values('UF32-11_3181','UF32-20040700','11-18','E87 118i   Belt Drive-Vibration Damper','');
insert into Diagram values('UF32-11_3182','UF32-20040700','11-18','E87 118i   Belt Drive Water Pump/Alternator','');
insert into Diagram values('UF32-11_3183','UF32-20040700','11-18','E87 118i   Belt Drive Climate Compressor','');
insert into Diagram values('UF32-11_3185','UF32-20040700','11-20','E87 118i   Crankshaft Connecting Rod','');
insert into DiagramParts values('UF32-11_3186-11257548001', 'UF32-11_3186', 01, 'KS PISTON', '(0)', 4, to_date('20051101','YYYYMMDD'), to_date('20070101','YYYYMMDD'), '11257548001', '', 'ENDED', false);
insert into DiagramParts values('UF32-11_3186-11257556435', 'UF32-11_3186', 03, 'REPAIR KIT PISTON RINGS', '(0)', 4, to_date('20051101','YYYYMMDD'), to_date('20070101','YYYYMMDD'), '11257556435', '', 'ENDED', false);
insert into Diagram values('UF32-11_3186','UF32-20040700','11-20','E87 118i   Crankshaft-Pistons','');
insert into Diagram values('UF32-11_3187','UF32-20040700','11-20','E87 118i   Flywheel / Twin Mass Flywheel','');
insert into Diagram values('UF32-11_3188','UF32-20040700','11-20','E87 118i   Flywheel automatic','');
insert into Diagram values('UF32-11_3345','UF32-20040700','11-20','E87 118i   Crankshaft With Bearing Shells','');
insert into Diagram values('UF32-11_3009','UF32-20040700','11-25','E87 118i   Valve timing gear, eccentric shaft','');
insert into Diagram values('UF32-11_3176','UF32-20040700','11-25','E87 118i   Valve timing gear, camshaft, inlet','');
insert into Diagram values('UF32-11_3189','UF32-20040700','11-25','E87 118i   Timing and valve train-timing chain','');
insert into Diagram values('UF32-11_3196','UF32-20040700','11-25','E87 118i   Valve timing gear, camshaft, outlet','');
insert into Diagram values('UF32-11_3175','UF32-20040700','11-30','E87 118i   Oil pump and compensating shaft drive','');
insert into Diagram values('UF32-11_3190','UF32-20040700','11-30','E87 118i   Oil pump and compensating shaft unit','');
insert into Diagram values('UF32-11_3191','UF32-20040700','11-30','E87 118i   Lubricat.syst.-oil filter,heat exchanger','');
insert into Diagram values('UF32-11_3192','UF32-20040700','11-35','E87 118i   Waterpump - Thermostat','');
insert into Diagram values('UF32-11_3193','UF32-20040700','11-35','E87 118i   Cooling System Water Hoses','');
insert into Diagram values('UF32-11_3803','UF32-20040700','11-40','E87 118i   Intake manifold system','');
insert into Diagram values('UF32-12_1139','UF32-20040700','12-05','E87 118i   Sensors','');
insert into Diagram values('UF32-12_1312','UF32-20040700','12-05','E87 118i   Ignition coil/spark plug','');
insert into Diagram values('UF32-12_1332','UF32-20040700','12-10','E87 118i   Basic cotrol unit DME / MV946','');
insert into Diagram values('UF32-12_1309','UF32-20040700','12-20','E87 118i   Alternator 110A','');
insert into Diagram values('UF32-12_1310','UF32-20040700','12-20','E87 118i   Alternator 140/150A','');
insert into Diagram values('UF32-12_1311','UF32-20040700','12-25','E87 118i   Starter','');
insert into Diagram values('UF32-12_1317','UF32-20040700','12-28','E87 118i   Engine wiring harness, engine module','');
insert into Diagram values('UF32-12_1318','UF32-20040700','12-28','E87 118i   wiring harness, engine trans. module','');
insert into Diagram values('UF32-12_1330','UF32-20040700','12-28','E87 118i   wiring harness, engine ignition module','');
insert into Diagram values('UF32-12_1138','UF32-20040700','12-29','E87 118i   Cable starter','');
insert into Diagram values('UF32-12_1141','UF32-20040700','12-29','E87 118i   DIVERSE SMALL PARTS','');
insert into Diagram values('UF32-12_0907','UF32-20040700','12-31','E87 118i   Cable holder','');
insert into Diagram values('UF32-12_1238','UF32-20040700','12-31','E87 118i   CABLE HOLDER/COVERING','');
insert into Diagram values('UF32-12_1328','UF32-20040700','12-31','E87 118i   Cable Harness Fixings','');
insert into Diagram values('UF32-12_1043','UF32-20040700','12-32','E87 118i   Laminated contacts/spring contacts','');
insert into Diagram values('UF32-12_1249','UF32-20040700','12-32','E87 118i   End cap','');
insert into Diagram values('UF32-12_1459','UF32-20040700','12-32','E87 118i   Contact system MLK','');
insert into Diagram values('UF32-12_1205','UF32-20040700','12-35','E87 118i   RELAY MOTOR','');
insert into Diagram values('UF32-12_1327','UF32-20040700','12-35','E87 118i   Control unit box','');
insert into Diagram values('UF32-13_0901','UF32-20040700','13-15','E87 118i   Throttle Housing Assy','');
insert into Diagram values('UF32-13_0950','UF32-20040700','13-15','E87 118i   FUEL TANK BREATHER VALVE','');
insert into Diagram values('UF32-13_1122','UF32-20040700','13-15','E87 118i   FUEL INJECTION SYSTEM/INJECTION VALVE','');
insert into Diagram values('UF32-13_1123','UF32-20040700','13-20','E87 118i   Intake muffler/Filter cartridge/HFM','');
insert into Diagram values('UF32-16_0595','UF32-20040700','16-05','E87 118i   Fuel tank/mounting parts','');
insert into Diagram values('UF32-16_0597','UF32-20040700','16-10','E87 118i   Activated Charcoal Filter/FUEL VENTILAT','');
insert into Diagram values('UF32-16_0596','UF32-20040700','16-15','E87 118i   Fuel pipes / Mounting parts','');
insert into Diagram values('UF32-16_0601','UF32-20040700','16-15','E87 118i   Fuel filter/pump/fuel level sensor','');
insert into Diagram values('UF32-17_0319','UF32-20040700','17-05','E87 118i   Oil-cooler pipe/heat exchanger','');
insert into Diagram values('UF32-17_0322','UF32-20040700','17-05','E87 118i   Expansion tank','');
insert into Diagram values('UF32-17_0323','UF32-20040700','17-05','E87 118i   MOUNTING PARTS F RADIATOR','');
insert into Diagram values('UF32-17_0324','UF32-20040700','17-05','E87 118i   Fan housing, mounting parts','');
insert into Diagram values('UF32-17_0320','UF32-20040700','17-30','E87 118i   Cooling System Water Hoses','');
insert into Diagram values('UF32-17_0321','UF32-20040700','17-30','E87 118i   Cooling System Water Hoses','');
insert into Diagram values('UF32-17_0690','UF32-20040700','17-30','E87 118i   Cooling System Water Hoses','');
insert into Diagram values('UF32-17_0716','UF32-20040700','17-30','E87 118i   Cooling system coolant hoses','');
insert into Diagram values('UF32-17_0717','UF32-20040700','17-30','E87 118i   Cooling system coolant hoses','');
insert into Diagram values('UF32-17_0718','UF32-20040700','17-30','E87 118i   Cooling system coolant hoses','');
insert into Diagram values('UF32-17_0723','UF32-20040700','17-30','E87 118i   Cooling system coolant hoses','');
insert into Diagram values('UF32-18_0557','UF32-20040700','18-10','E87 118i   Exhaust manifold with catalyst','');
insert into Diagram values('UF32-18_0558','UF32-20040700','18-10','E87 118i   FRONT MUFFLER','');
insert into Diagram values('UF32-18_0559','UF32-20040700','18-20','E87 118i   Rear muffler','');
insert into Diagram values('UF32-18_0583','UF32-20040700','18-20','E87 118i   Sports rear silencer','');
insert into Diagram values('UF32-18_0596','UF32-20040700','18-20','E87 118i   Exhaust pipe tip','');
insert into Diagram values('UF32-18_0882','UF32-20040700','18-95','E87 118i   BMW Performance muffler system','');
insert into Diagram values('UF32-21_0234','UF32-20040700','21-05','E87 118i   Clutch','');
insert into Diagram values('UF32-21_0199','UF32-20040700','21-10','E87 118i   Clutch control','');
insert into Diagram values('UF32-22_0105','UF32-20040700','22-05','E87 118i   Engine Suspension','');
insert into Diagram values('UF32-22_0106','UF32-20040700','22-10','E87 118i   Gearbox suspension','');
insert into Diagram values('UF32-23_0116','UF32-20040700','23-05','E87 118i   Manual Transmission S5D...G','');
insert into DiagramParts values('UF32-23_0996-23007559135', 'UF32-23_0996', 01, 'Rmfd-6 speed gearbox', 'GS6-17BG - TCAL', 1, to_date('20060301','YYYYMMDD'), to_date('20060601','YYYYMMDD'), '23007559135', '', 'ENDED', false);
insert into DiagramParts values('UF32-23_0996-23007565902', 'UF32-23_0996', 01, 'Rmfd-6 speed gearbox', 'GS6-17BG - TCAS', 1, to_date('20060301','YYYYMMDD'), to_date('20070301','YYYYMMDD'), '23007565902', '', 'ENDED', false);
insert into DiagramParts values('UF32-23_0996-23007570572', 'UF32-23_0996', 01, 'Rmfd-6 speed gearbox', 'GS6-17BG - TCAX', 1, to_date('20060301','YYYYMMDD'), to_date('20070901','YYYYMMDD'), '23007570572', '', 'ENDED', false);
insert into DiagramParts values('UF32-23_0996-23007575046', 'UF32-23_0996', 01, 'Rmfd-6 speed gearbox', 'GS6-17BG - TCBF', 1, to_date('20060301','YYYYMMDD'), to_date('20090901','YYYYMMDD'), '23007575046', '', 'ENDED', false);
insert into DiagramParts values('UF32-23_0996-23007604894', 'UF32-23_0996', 01, 'Rmfd-6 speed gearbox', 'GS6-17BG - TAH7', 1, to_date('20060301','YYYYMMDD'), to_date('20110301','YYYYMMDD'), '23007604894', '', 'ENDED', false);
insert into Diagram values('UF32-23_0996','UF32-20040700','23-05','E87 118i   Manual Transmission GS6-17BG','');
insert into Diagram values('UF32-23_0720','UF32-20040700','23-10','E87 118i   Gearbox parts - oxygen sensor holder','');
insert into Diagram values('UF32-23_0893','UF32-20040700','23-10','E87 118i   GEARBOX MOUNTING PARTS','');
insert into Diagram values('UF32-23_0997','UF32-20040700','23-10','E87 118i   GEARBOX MOUNTING PARTS','');
insert into Diagram values('UF32-23_0128','UF32-20040700','23-15','E87 118i   S5D...G inner gear shifting parts','');
insert into Diagram values('UF32-23_0129','UF32-20040700','23-15','E87 118i   S5D...G inner gear shifting parts','');
insert into Diagram values('UF32-23_0224','UF32-20040700','23-15','E87 118i   S5D...G countershaft/reverse gear','');
insert into Diagram values('UF32-23_0234','UF32-20040700','23-15','E87 118i   S5D...G housing + mounting parts','');
insert into Diagram values('UF32-23_0719','UF32-20040700','23-15','E87 118i   S5D...G drive shaft/output shaft','');
insert into DiagramParts values('UF32-23_1032-23121222972', 'UF32-23_1032', 03, 'Shaft seal', '30X50X7', 1, to_date('20060301','YYYYMMDD'), to_date('20121201','YYYYMMDD'), '23121222972', '$30.56', '', false);
insert into DiagramParts values('UF32-23_1032-23121228328', 'UF32-23_1032', 03, 'Shaft seal', '30X50X7', 1, to_date('20060301','YYYYMMDD'), to_date('20121201','YYYYMMDD'), '23121228328', '', 'See NoS No Stock', false);
insert into DiagramParts values('UF32-23_1032-23127564721', 'UF32-23_1032', 05, 'Screw plug', 'M18X1,5X18', 2, to_date('20060301','YYYYMMDD'), to_date('20090701','YYYYMMDD'), '23127564721', '', 'ENDED', false);
insert into DiagramParts values('UF32-23_1032-23137572514', 'UF32-23_1032', 06, 'Vent screw', 'M10X20', 1, to_date('20060301','YYYYMMDD'), to_date('20060601','YYYYMMDD'), '23137572514', '', '', false);
insert into Diagram values('UF32-23_1032','UF32-20040700','23-15','E87 118i   GS6-17BG/DG Seals,gaskets/mounted parts','');
insert into Diagram values('UF32-23_1033','UF32-20040700','23-15','E87 118i   GS6-17BG gearshift parts','');
insert into Diagram values('UF32-24_1024','UF32-20040700','24-05','E87 118i   Automatic transmission GA6HP19Z','');
insert into Diagram values('UF32-24_1049','UF32-20040700','24-10','E87 118i   GEARBOX MOUNTING PARTS','');
insert into Diagram values('UF32-24_1043','UF32-20040700','24-15','E87 118i   GA6HP19Z housing with mounting parts','');
insert into Diagram values('UF32-24_1044','UF32-20040700','24-15','E87 118i   GA6HP19Z oil pan','');
insert into DiagramParts values('UF32-24_1045-24207571212', 'UF32-24_1045', 05, 'Shaft seal', '28X35,5X5,2', 1, to_date('20020901','YYYYMMDD'), to_date('20110901','YYYYMMDD'), '24207571212', '', 'ENDED', false);
insert into Diagram values('UF32-24_1045','UF32-20040700','24-15','E87 118i   GA6HP19Z output','');
insert into Diagram values('UF32-24_1046','UF32-20040700','24-15','E87 118i   GA6HP19Z Mechatronics','');
insert into Diagram values('UF32-24_1048','UF32-20040700','24-15','E87 118i   GA6HP19Z Mechatronics mounting parts','');
insert into Diagram values('UF32-24_1372','UF32-20040700','24-15','E87 118i   Fluid-change kit, autom. transmission','');
insert into Diagram values('UF32-25_0382','UF32-20040700','25-05','E87 118i   Gearbox shifting part','');
insert into Diagram values('UF32-25_0388','UF32-20040700','25-05','E87 118i   Gearbox shifting part','');
insert into DiagramParts values('UF32-25_0383-25118036625', 'UF32-25_0383', 03, 'Leather shift knob with boot/6-speed', 'SCHWARZ/M', 1, to_date('20060301','YYYYMMDD'), to_date('20060601','YYYYMMDD'), '25118036625', '', '+core', false);
insert into Diagram values('UF32-25_0383','UF32-20040700','25-10','E87 118i   GEAR SHIFT KNOBS/SHIFT LEVER COVERINGS','');
insert into Diagram values('UF32-25_0461','UF32-20040700','25-10','E87 118i   Performance shift knob','');
insert into Diagram values('UF32-25_0436','UF32-20040700','25-20','E87 118i   AUTOM.TRANSMISS.STEPTRONIC SHIFT PARTS','');
insert into Diagram values('UF32-25_0384','UF32-20040700','25-25','E87 118i   Selector lever handles / Covers','');
insert into Diagram values('UF32-25_0419','UF32-20040700','25-95','E87 118i   Retrofit, wooden selector lever knob','');
insert into Diagram values('UF32-25_0439','UF32-20040700','25-95','E87 118i   Retrofit, sport switch knob','');
insert into Diagram values('UF32-25_0484','UF32-20040700','25-95','E87 118i   BMW Performance selector lever handle','');
insert into Diagram values('UF32-26_0215','UF32-20040700','26-05','E87 118i   Drive shaft (swivel joint)','');
insert into Diagram values('UF32-26_0217','UF32-20040700','26-10','E87 118i   Drive shaft,univ.joint/center mounting','');
insert into Diagram values('UF32-27_0034','UF32-20040700','27-95','E87 118i   Retrofit, wooden gearshift knob','');
insert into Diagram values('UF32-31_0693','UF32-20040700','31-05','E87 118i   Frnt axle support,wishbone/tension strut','');
insert into Diagram values('UF32-31_0697','UF32-20040700','31-05','E87 118i   HEADLIGHT VERTICAL AIM CONTROL SENSOR','');
insert into Diagram values('UF32-31_0695','UF32-20040700','31-10','E87 118i   GUIDE SUPPORT/SPRING PAD/ATTACHING PARTS','');
insert into Diagram values('UF32-31_0696','UF32-20040700','31-10','E87 118i   Stabilizer, front','');
insert into Diagram values('UF32-31_0698','UF32-20040700','31-10','E87 118i   FRONT COIL SPRING','');
insert into Diagram values('UF32-31_0736','UF32-20040700','31-10','E87 118i   Front Spring strut/Carrier/Wheel bearing','');
insert into Diagram values('UF32-31_0891','UF32-20040700','31-95','E87 118i   Performance suspension','');
insert into Diagram values('UF32-31_0892','UF32-20040700','31-95','E87 118i   Performance suspension','');
insert into Diagram values('UF32-32_1509','UF32-20040700','32-10','E87 118i   Hydro steering box','');
insert into Diagram values('UF32-32_1284','UF32-20040700','32-15','E87 118i   Power steering pump','');
insert into Diagram values('UF32-32_1506','UF32-20040700','32-20','E87 118i   HYDRO STEERING-OIL PIPES','');
insert into Diagram values('UF32-32_1513','UF32-20040700','32-20','E87 118i   OIL CARRIER/SINGLE PARTS','');
insert into Diagram values('UF32-32_1510','UF32-20040700','32-25','E87 118i   STEERING LINKAGE/TIE RODS','');
insert into Diagram values('UF32-32_1515','UF32-20040700','32-30','E87 118i   Manually adjust. steering column','');
insert into Diagram values('UF32-32_1516','UF32-20040700','32-30','E87 118i   STEER.COL.-LOWER JOINT ASSY','');
insert into Diagram values('UF32-32_1517','UF32-20040700','32-35','E87 118i   Steering wheel airbag','');
insert into DiagramParts values('UF32-32_1518-32306777630', 'UF32-32_1518', 01, 'Sport steering wheel rim', 'LEDER', 1, to_date('20060201','YYYYMMDD'), to_date('20090901','YYYYMMDD'), '32306777630', '$383.97', '', false);
insert into Diagram values('UF32-32_1518','UF32-20040700','32-35','E87 118i   Airbag sports steering wheel','');
insert into DiagramParts values('UF32-32_1519-32306777630', 'UF32-32_1519', 01, 'Sport steering wheel rim', 'LEDER', 1, to_date('20060201','YYYYMMDD'), to_date('20090901','YYYYMMDD'), '32306777630', '$383.97', '', false);
insert into Diagram values('UF32-32_1519','UF32-20040700','32-35','E87 118i   Airbag sports steering wheel multifunct.','');
insert into Diagram values('UF32-32_1605','UF32-20040700','32-35','E87 118i   M sports steer.-wheel, airbag, leather','');
insert into Diagram values('UF32-32_1617','UF32-20040700','32-35','E87 118i   M sports strng whl,airbag,multifunction','');
insert into Diagram values('UF32-32_1592','UF32-20040700','32-95','E87 118i   Retrofit multi-functional steering wheel','');
insert into Diagram values('UF32-32_1773','UF32-20040700','32-95','E87 118i   Performance steering wheel with display','');
insert into Diagram values('UF32-32_1778','UF32-20040700','32-95','E87 118i   Performance steering wheel with display','');
insert into Diagram values('UF32-32_1834','UF32-20040700','32-95','E87 118i   Performance steering wheel','');
insert into Diagram values('UF32-32_1835','UF32-20040700','32-95','E87 118i   Performance steering wheel','');
insert into Diagram values('UF32-33_1232','UF32-20040700','33-05','E87 118i   DIFFERENTIAL-DRIVE/OUTPUT','');
insert into Diagram values('UF32-33_1236','UF32-20040700','33-10','E87 118i   Final drive, gasket set','');
insert into Diagram values('UF32-33_1244','UF32-20040700','33-25','E87 118i   Output shaft','');
insert into Diagram values('UF32-33_1229','UF32-20040700','33-30','E87 118i   REAR AXLE CARRIER','');
insert into Diagram values('UF32-33_1230','UF32-20040700','33-30','E87 118i   REAR AXLE SUPPORT/WHEEL SUSPENSION','');
insert into Diagram values('UF32-33_1237','UF32-20040700','33-30','E87 118i   HEADLIGHT VERTICAL AIM CONTROL SENSOR','');
insert into Diagram values('UF32-33_1231','UF32-20040700','33-40','E87 118i   SIDE SHAFT/WHEEL BEARINGS','');
insert into Diagram values('UF32-33_1233','UF32-20040700','33-45','E87 118i   REAR SPRING STRUT MOUNTING PARTS','');
insert into Diagram values('UF32-33_1234','UF32-20040700','33-45','E87 118i   Stabilizer, rear','');
insert into Diagram values('UF32-33_1238','UF32-20040700','33-45','E87 118i   REAR COIL SPRING','');
insert into Diagram values('UF32-33_1338','UF32-20040700','33-95','E87 118i   Retrofit kit M sports suspension','');
insert into Diagram values('UF32-34_1414','UF32-20040700','34-05','E87 118i   Front brake pad wear sensor','');
insert into Diagram values('UF32-34_1766','UF32-20040700','34-07','E87 118i   Front brake-brake disc','');
insert into Diagram values('UF32-34_1417','UF32-20040700','34-10','E87 118i   Rear brake pad wear sensor','');
insert into Diagram values('UF32-34_1767','UF32-20040700','34-12','E87 118i   Rear wheel brake-Brake disc','');
insert into Diagram values('UF32-34_1400','UF32-20040700','34-15','E87 118i   Brake pipe, front','');
insert into DiagramParts values('UF32-34_1401-34326784066', 'UF32-34_1401', 03, 'Pipe', 'M10/M12', 1, to_date('20050701','YYYYMMDD'), to_date('20110401','YYYYMMDD'), '34326784066', '', 'ENDED', false);
insert into DiagramParts values('UF32-34_1401-34326770555', 'UF32-34_1401', 04, 'Pipe', 'M10/M10-1188MM', 1, to_date('20050701','YYYYMMDD'), to_date('20110401','YYYYMMDD'), '34326770555', '', 'ENDED', false);
insert into Diagram values('UF32-34_1401','UF32-20040700','34-15','E87 118i   Brake pipe, front','');
insert into Diagram values('UF32-34_1402','UF32-20040700','34-17','E87 118i   Brake pipe rear','');
insert into Diagram values('UF32-34_1805','UF32-20040700','34-17','E87 118i   Brake pipe rear','');
insert into Diagram values('UF32-34_1403','UF32-20040700','34-18','E87 118i   BRAKE PIPE REAR/MOUNTING','');
insert into DiagramParts values('UF32-34_1404-34506781284', 'UF32-34_1404', 07, 'Spacer sleeve', 'ZNS3', 3, to_date('20070701','YYYYMMDD'), to_date('20080901','YYYYMMDD'), '34506781284', '$8.16', '', false);
insert into Diagram values('UF32-34_1404','UF32-20040700','34-20','E87 118i   Hydro unit DSC/fastening/sensors','');
insert into Diagram values('UF32-34_1410','UF32-20040700','34-25','E87 118i   Brake master cylinder','');
insert into Diagram values('UF32-34_1411','UF32-20040700','34-27','E87 118i   Power brake unit depression','');
insert into Diagram values('UF32-34_1412','UF32-20040700','34-27','E87 118i   Power brake unit depression','');
insert into Diagram values('UF32-34_1405','UF32-20040700','34-30','E87 118i   Handbrake lever','');
insert into Diagram values('UF32-34_1421','UF32-20040700','34-40','E87 118i   PARKING BRAKE/BRAKE SHOES','');
insert into Diagram values('UF32-34_1384','UF32-20040700','34-95','E87 118i   Retrofit, handbrake handle','');
insert into Diagram values('UF32-34_1562','UF32-20040700','34-95','E87 118i   Handbrake grip with chrome inlay','');
insert into Diagram values('UF32-34_1680','UF32-20040700','34-95','E87 118i   Set of BMW Performance Brakes front/rear','');
insert into Diagram values('UF32-34_1681','UF32-20040700','34-95','E87 118i   BMW Performance front wheel brake','');
insert into Diagram values('UF32-34_1691','UF32-20040700','34-95','E87 118i   BMW Performance Rear wheel brake','');
insert into Diagram values('UF32-34_1717','UF32-20040700','34-95','E87 118i   BMW Performance parking brake handle','');
insert into Diagram values('UF32-35_0291','UF32-20040700','35-05','E87 118i   Foot lever mech. with return spring','');
insert into Diagram values('UF32-35_0292','UF32-20040700','35-05','E87 118i   Foot lever mech. with return spring','');
insert into Diagram values('UF32-35_0293','UF32-20040700','35-05','E87 118i   Pedal assembly','');
insert into Diagram values('UF32-35_0294','UF32-20040700','35-05','E87 118i   Pedal assembly','');
insert into Diagram values('UF32-35_0274','UF32-20040700','35-20','E87 118i   Acceleration/accelerator pedal module','');
insert into Diagram values('UF32-35_0275','UF32-20040700','35-95','E87 118i   Aluminum pedal covers','');
insert into Diagram values('UF32-35_0315','UF32-20040700','35-95','E87 118i   Set of high-grade steel pedal covers','');
insert into Diagram values('UF32-35_0327','UF32-20040700','35-95','E87 118i   BMW Performance Alu pedal plates','');
insert into Diagram values('UF32-35_0377','UF32-20040700','35-95','E87 118i   Aluminum pedal covers','');
insert into Diagram values('UF32-36_0798','UF32-20040700','36-10','E87 118i   STEEL RIM STYL.12','');
insert into Diagram values('UF32-36_0799','UF32-20040700','36-15','E87 118i   BMW light alloy wheel, spider spoke 139','');
insert into Diagram values('UF32-36_0800','UF32-20040700','36-15','E87 118i   BMW light alloy wheel, radial spoke 32','');
insert into Diagram values('UF32-36_0801','UF32-20040700','36-15','E87 118i   BMW light alloy wheel, spider spoke 140','');
insert into Diagram values('UF32-36_0802','UF32-20040700','36-15','E87 118i   BMW light alloy wheel, V-spoke 141','');
insert into Diagram values('UF32-36_0803','UF32-20040700','36-15','E87 118i   BMW light alloy wheel, spider spoke 142','');
insert into Diagram values('UF32-36_0804','UF32-20040700','36-15','E87 118i   BMW light alloy wheel, spider spoke 151','');
insert into Diagram values('UF32-36_0805','UF32-20040700','36-15','E87 118i   BMW LA wheel/double spoke 178','');
insert into Diagram values('UF32-36_0806','UF32-20040700','36-15','E87 118i   BMW Composite wheel, star spoke 179','');
insert into Diagram values('UF32-36_0807','UF32-20040700','36-15','E87 118i   BMW LA wheel, star spoke 180','');
insert into Diagram values('UF32-36_0808','UF32-20040700','36-15','E87 118i   BMW LA wheel, star spoke 181','');
insert into Diagram values('UF32-36_0809','UF32-20040700','36-15','E87 118i   BMW LA wheel/double spoke 182','');
insert into Diagram values('UF32-36_0903','UF32-20040700','36-15','E87 118i   BMW LA wheel, double spoke 98','');
insert into Diagram values('UF32-36_0926','UF32-20040700','36-15','E87 118i   BMW alloy wheel M V-spoke 217','');
insert into Diagram values('UF32-36_0927','UF32-20040700','36-15','E87 118i   BMW alloy wheel, M double spoke 207','');
insert into Diagram values('UF32-36_0928','UF32-20040700','36-15','E87 118i   BMW alloy wheel, M double spoke 208','');
insert into Diagram values('UF32-36_0964','UF32-20040700','36-15','E87 118i   BMW light alloy wheel, V-spoke 229','');
insert into Diagram values('UF32-36_1052','UF32-20040700','36-15','E87 118i   BMW LA wheel/double spoke 222','');
insert into Diagram values('UF32-36_1053','UF32-20040700','36-15','E87 118i   BMW light alloy wheel, V-spoke 255','');
insert into Diagram values('UF32-36_1054','UF32-20040700','36-15','E87 118i   BMW LA wheel, star spoke 256','');
insert into Diagram values('UF32-36_1108','UF32-20040700','36-15','E87 118i   BMW LA wheel, star spoke 262','');
insert into Diagram values('UF32-36_1109','UF32-20040700','36-15','E87 118i   BMW LA wheel, W spoke 263','');
insert into Diagram values('UF32-36_1130','UF32-20040700','36-15','E87 118i   BMW LA wheel, dual spoke 261','');
insert into Diagram values('UF32-36_1131','UF32-20040700','36-15','E87 118i   BMW Performance LA wheel/double spoke269','');
insert into Diagram values('UF32-36_1135','UF32-20040700','36-15','E87 118i   BMW light alloy wheel, radial spoke 216','');
insert into Diagram values('UF32-36_1315','UF32-20040700','36-15','E87 118i   BMW LA wheel, Star Spoke 311','');
insert into Diagram values('UF32-36_1316','UF32-20040700','36-15','E87 118i   BMW Performance LA wheel DoubleSpoke 313','');
insert into Diagram values('UF32-36_1433','UF32-20040700','36-15','E87 118i   BMW LA wheel, V Spoke 360','');
insert into Diagram values('UF32-36_1607','UF32-20040700','36-15','E87 118i   BMW LA wheel Streamline 370','');
insert into Diagram values('UF32-36_1608','UF32-20040700','36-15','E87 118i   BMW LA wheel, Star Spoke 371','');
insert into Diagram values('UF32-36_1709','UF32-20040700','36-15','E87 118i   BMW LA wheel, M Double Spoke 313','');
insert into Diagram values('UF32-36_0812','UF32-20040700','36-20','E87 118i   Balance weight, zinc','');
insert into Diagram values('UF32-36_0811','UF32-20040700','36-25','E87 118i   WHEEL BOLT LOCK WITH ADAPTOR','');
insert into Diagram values('UF32-36_1032','UF32-20040700','36-25','E87 118i   SET WHEEL LOCKS','');
insert into Diagram values('UF32-36_0834','UF32-20040700','36-30','E87 118i   Summer tires','');
insert into Diagram values('UF32-36_1076','UF32-20040700','36-30','E87 118i   Winter tires','');
insert into Diagram values('UF32-36_0873','UF32-20040700','36-95','E87 118i   COMPL.WINT.TYRE+WHEEL,RADIAL STYLING 32','');
insert into Diagram values('UF32-36_0874','UF32-20040700','36-95','E87 118i   Radial spoke 139 complete winter wheel','');
insert into Diagram values('UF32-36_0924','UF32-20040700','36-95','E87 118i   Winter wheel/tire, steel','');
insert into Diagram values('UF32-36_0958','UF32-20040700','36-95','E87 118i   Winter complete wheel V spoke 141','');
insert into Diagram values('UF32-36_1168','UF32-20040700','36-95','E87 118i   Winterkomplettrad V-Speiche 229','');
insert into Diagram values('UF32-36_1274','UF32-20040700','36-95','E87 118i   Set emergency wheel with tyre','');
insert into Diagram values('UF32-36_1329','UF32-20040700','36-95','E87 118i   Winterkomplettrad Sternspeiche 256','');
insert into Diagram values('UF32-41_1594','UF32-20040700','41-05','E87 118i   Body skeleton','');
insert into Diagram values('UF32-41_1596','UF32-20040700','41-10','E87 118i   Front side panel','');
insert into Diagram values('UF32-41_1597','UF32-20040700','41-10','E87 118i   WHEELHOUSE/ENGINE SUPPORT','');
insert into Diagram values('UF32-41_1598','UF32-20040700','41-10','E87 118i   SPLASH WALL PARTS','');
insert into Diagram values('UF32-41_1599','UF32-20040700','41-10','E87 118i   FRONT BODY BRACKET LEFT','');
insert into Diagram values('UF32-41_1600','UF32-20040700','41-10','E87 118i   FRONT BODY BRACKET RIGHT','');
insert into Diagram values('UF32-41_1602','UF32-20040700','41-20','E87 118i   Cavity shielding, side frame','');
insert into Diagram values('UF32-41_1603','UF32-20040700','41-20','E87 118i   BODY-SIDE FRAME','');
insert into Diagram values('UF32-41_1604','UF32-20040700','41-20','E87 118i   SINGLE COMPONENTS FOR BODY-SIDE FRAME','');
insert into Diagram values('UF32-41_1605','UF32-20040700','41-20','E87 118i   Partition trunk/Floor parts','');
insert into Diagram values('UF32-41_1606','UF32-20040700','41-25','E87 118i   Mounting parts for trunk floor panel','');
insert into Diagram values('UF32-41_1608','UF32-20040700','41-25','E87 118i   FLOOR PARTS REAR EXTERIOR','');
insert into Diagram values('UF32-41_1609','UF32-20040700','41-25','E87 118i   SIDE PANEL/TAIL TRIM','');
insert into Diagram values('UF32-41_1610','UF32-20040700','41-25','E87 118i   FILL-IN FLAP','');
insert into Diagram values('UF32-41_1601','UF32-20040700','41-30','E87 118i   Roof','');
insert into Diagram values('UF32-41_1611','UF32-20040700','41-35','E87 118i   ENGINE HOOD/MOUNTING PARTS','');
insert into Diagram values('UF32-41_1641','UF32-20040700','41-35','E87 118i   ENGINE HOOD MECHANISM','');
insert into Diagram values('UF32-41_1612','UF32-20040700','41-40','E87 118i   FRONT DOOR-HINGE/DOOR BRAKE','');
insert into Diagram values('UF32-41_1635','UF32-20040700','41-40','E87 118i   Door weatherstrip front','');
insert into DiagramParts values('UF32-41_1639-51210037535', 'UF32-41_1639', 05, 'Set of keys with CAS control unit', '315 MHZ', 1, to_date('20041201','YYYYMMDD'), to_date('20080301','YYYYMMDD'), '51210037535', '', '', false);
insert into Diagram values('UF32-41_1639','UF32-20040700','41-40','E87 118i   Radio remote control','');
insert into Diagram values('UF32-41_1973','UF32-20040700','41-40','E87 118i   DOOR CONTROL FRONT','');
insert into Diagram values('UF32-41_1613','UF32-20040700','41-45','E87 118i   Door rear, hinge/door brake','');
insert into Diagram values('UF32-41_1634','UF32-20040700','41-45','E87 118i   DOOR CONTROL REAR','');
insert into Diagram values('UF32-41_1636','UF32-20040700','41-45','E87 118i   Door weatherstrip rear','');
insert into DiagramParts values('UF32-41_1640-51210037537', 'UF32-41_1640', 01, 'Set uniform lock.syst. w/CAS cntrl(code)', '315 MHZ', 1, to_date('20041201','YYYYMMDD'), to_date('20080301','YYYYMMDD'), '51210037537', '', '', false);
insert into Diagram values('UF32-41_1640','UF32-20040700','41-50','E87 118i   Master key locking','');
insert into Diagram values('UF32-41_1614','UF32-20040700','41-60','E87 118i   TRUNK LID/CLOSING SYSTEM','');
insert into Diagram values('UF32-41_1615','UF32-20040700','41-60','E87 118i   SINGLE COMPONENTS FOR TRUNK LID','');
insert into Diagram values('UF32-41_1607','UF32-20040700','41-65','E87 118i   MECHANICAL CONNECTION ELEMENTS','');
insert into Diagram values('UF32-51_5434','UF32-20040700','51-05','E87 118i   Glazing','');
insert into DiagramParts values('UF32-51_5293-51167132736', 'UF32-51_5293', 01, 'Mirror glas, heated, wide-angle, right', 'CHROMFARBIG', 1, to_date('20090301','YYYYMMDD'), to_date('20090901','YYYYMMDD'), '51167132736', '$73.94', '', false);
insert into Diagram values('UF32-51_5293','UF32-20040700','51-07','E87 118i   MIRROR GLASS','');
insert into Diagram values('UF32-51_5294','UF32-20040700','51-07','E87 118i   Mirror glas with auto dip','');
insert into DiagramParts values('UF32-51_5472-51167234224', 'UF32-51_5472', 01, 'heated outside mirror, right', 'SHADOWLINE', 1, to_date('20080701','YYYYMMDD'), to_date('20090901','YYYYMMDD'), '51167234224', '', '', false);
insert into DiagramParts values('UF32-51_5472-51167189896', 'UF32-51_5472', 01, 'heated outside mirror, right', 'SHADOWLINE', 1, to_date('20060701','YYYYMMDD'), to_date('20080701','YYYYMMDD'), '51167189896', '', '', false);
insert into DiagramParts values('UF32-51_5472-51167234228', 'UF32-51_5472', 01, 'Outside mirror heated with memory,right', 'SHADOWLINE', 1, to_date('20080701','YYYYMMDD'), to_date('20090901','YYYYMMDD'), '51167234228', '', '', false);
insert into DiagramParts values('UF32-51_5472-51167189904', 'UF32-51_5472', 01, 'Outside mirror heated with memory,right', 'SHADOWLINE', 1, to_date('20060701','YYYYMMDD'), to_date('20080701','YYYYMMDD'), '51167189904', '', '', false);
insert into DiagramParts values('UF32-51_5472-51168036572', 'UF32-51_5472', 04, 'Supporting ring right', 'GLANZSCHWARZ', 1, to_date('20080701','YYYYMMDD'), to_date('20090901','YYYYMMDD'), '51168036572', '$32.17', '', false);
insert into Diagram values('UF32-51_5472','UF32-20040700','51-07','E87 118i   Outside mirror','');
insert into DiagramParts values('UF32-51_5473-51167234236', 'UF32-51_5473', 01, 'Outside mirror heated with memory,right', 'SHADOWLINE', 1, to_date('20080701','YYYYMMDD'), to_date('20090901','YYYYMMDD'), '51167234236', '', '', false);
insert into DiagramParts values('UF32-51_5473-51167234232', 'UF32-51_5473', 01, 'Outside mirror heated with memory,right', 'SHADOWLINE', 1, to_date('20080701','YYYYMMDD'), to_date('20090901','YYYYMMDD'), '51167234232', '', '', false);
insert into DiagramParts values('UF32-51_5473-51167189913', 'UF32-51_5473', 01, 'Outside mirror heated with memory, left', 'SHADOWLINE', 1, to_date('20060701','YYYYMMDD'), to_date('20080701','YYYYMMDD'), '51167189913', '', '', false);
insert into Diagram values('UF32-51_5473','UF32-20040700','51-07','E87 118i   Fold-in outside mirror','');
insert into Diagram values('UF32-51_5438','UF32-20040700','51-10','E87 118i   DOOR WINDOW LIFTING MECHANISM FRONT','');
insert into Diagram values('UF32-51_5439','UF32-20040700','51-10','E87 118i   Window frame cover, front door','');
insert into Diagram values('UF32-51_5440','UF32-20040700','51-12','E87 118i   DOOR WINDOW LIFTING MECHANISM REAR','');
insert into Diagram values('UF32-51_5441','UF32-20040700','51-12','E87 118i   Window frame cover, rear door','');
insert into Diagram values('UF32-51_5332','UF32-20040700','51-15','E87 118i   Trim panel, bumper, front','');
insert into Diagram values('UF32-51_5402','UF32-20040700','51-15','E87 118i   Carrier, bumper front','');
insert into Diagram values('UF32-51_5435','UF32-20040700','51-15','E87 118i   Bracket, PDC-sensors','');
insert into Diagram values('UF32-51_5977','UF32-20040700','51-15','E87 118i   M FRONT BUMPER TRIM PANEL','');
insert into DiagramParts values('UF32-51_5348-51477906818', 'UF32-51_5348', 15, 'M trim piece, front right entry', 'M', 1, to_date('20050901','YYYYMMDD'), to_date('20070301','YYYYMMDD'), '51477906818', '', '', false);
insert into DiagramParts values('UF32-51_5348-51477906820', 'UF32-51_5348', 16, 'M trim piece, rear right entry', 'M', 1, to_date('20050901','YYYYMMDD'), to_date('20070301','YYYYMMDD'), '51477906820', '', '', false);
insert into Diagram values('UF32-51_5348','UF32-20040700','51-16','E87 118i   Door sill','');
insert into Diagram values('UF32-51_6335','UF32-20040700','51-16','E87 118i   M door sill trim panel','');
insert into Diagram values('UF32-51_5403','UF32-20040700','51-17','E87 118i   Carrier, bumper rear','');
insert into Diagram values('UF32-51_5429','UF32-20040700','51-17','E87 118i   Bumper trim panel, rear','');
insert into Diagram values('UF32-51_5431','UF32-20040700','51-17','E87 118i   REAR BUMPER MOUNTING PARTS','');
insert into Diagram values('UF32-51_5985','UF32-20040700','51-17','E87 118i   M REAR BUMPER TRIM','');
insert into Diagram values('UF32-51_5414','UF32-20040700','51-20','E87 118i   Exterior trim and door seals','');
insert into Diagram values('UF32-51_5442','UF32-20040700','51-20','E87 118i   Exterior trim / Grille / Seals','');
insert into Diagram values('UF32-51_5465','UF32-20040700','51-20','E87 118i   Emblems','');
insert into Diagram values('UF32-51_5503','UF32-20040700','51-30','E87 118i   Carrier instrument panel','');
insert into Diagram values('UF32-51_5504','UF32-20040700','51-30','E87 118i   Trim panel dashboard','');
insert into Diagram values('UF32-51_5505','UF32-20040700','51-30','E87 118i   GLOVE BOX','');
insert into Diagram values('UF32-51_9041','UF32-20040700','51-30','E87 118i   Switch unit cover, center console','');
insert into Diagram values('UF32-51_9135','UF32-20040700','51-30','E87 118i   Mounting parts, I-panel, bottom','');
insert into Diagram values('UF32-51_5508','UF32-20040700','51-35','E87 118i   Center console','');
insert into Diagram values('UF32-51_5509','UF32-20040700','51-35','E87 118i   Armrest, centre console','');
insert into Diagram values('UF32-51_5540','UF32-20040700','51-35','E87 118i   Mounting parts, center console','');
insert into Diagram values('UF32-51_5510','UF32-20040700','51-40','E87 118i   Sun visors','');
insert into Diagram values('UF32-51_5511','UF32-20040700','51-40','E87 118i   Inside mirror manually dippable','');
insert into Diagram values('UF32-51_5512','UF32-20040700','51-40','E87 118i   Interior mirror with automatic-dip','');
insert into Diagram values('UF32-51_5515','UF32-20040700','51-40','E87 118i   Headlining / Handle','');
insert into Diagram values('UF32-51_5516','UF32-20040700','51-40','E87 118i   Headlin./Handle lift-up&slide-back sunr.','');
insert into Diagram values('UF32-51_5517','UF32-20040700','51-40','E87 118i   Trim panel A- / B- / C-Column','');
insert into Diagram values('UF32-51_5522','UF32-20040700','51-40','E87 118i   REAR WINDOW SHELF','');
insert into Diagram values('UF32-51_6211','UF32-20040700','51-40','E87 118i   Headlining / Handle','');
insert into Diagram values('UF32-51_6212','UF32-20040700','51-40','E87 118i   Headlin./Handle lift-up&slide-back sunr.','');
insert into Diagram values('UF32-51_5513','UF32-20040700','51-50','E87 118i   Door trim panel, front','');
insert into Diagram values('UF32-51_5514','UF32-20040700','51-50','E87 118i   Door trim, rear','');
insert into Diagram values('UF32-51_5535','UF32-20040700','51-50','E87 118i   Door trim panel rear/Eler. window lifter','');
insert into Diagram values('UF32-51_5518','UF32-20040700','51-55','E87 118i   TRIM PANEL LEG ROOM','');
insert into Diagram values('UF32-51_5519','UF32-20040700','51-55','E87 118i   Cover, entrance','');
insert into Diagram values('UF32-51_5521','UF32-20040700','51-55','E87 118i   FLOOR COVERING','');
insert into DiagramParts values('UF32-51_6668-51479171368', 'UF32-51_6668', 03, 'Velcro element with screw thread', 'D 62MM', 2, to_date('20070901','YYYYMMDD'), to_date('20110801','YYYYMMDD'), '51479171368', '$8.03', '', false);
insert into Diagram values('UF32-51_6668','UF32-20040700','51-55','E87 118i   Floor mats, velours','');
insert into Diagram values('UF32-51_5523','UF32-20040700','51-65','E87 118i   TRUNK LID TRIM PANEL','');
insert into Diagram values('UF32-51_5525','UF32-20040700','51-65','E87 118i   LEFT TRUNK TRIM','');
insert into Diagram values('UF32-51_5536','UF32-20040700','51-65','E87 118i   Right TRUNK TRIM','');
insert into Diagram values('UF32-51_6519','UF32-20040700','51-65','E87 118i   Trunk floor / Trunk sill / Dividing net','');
insert into Diagram values('UF32-51_5526','UF32-20040700','51-70','E87 118i   SOUND INSULATING FRONT','');
insert into Diagram values('UF32-51_5527','UF32-20040700','51-70','E87 118i   Heat insulation','');
insert into Diagram values('UF32-51_5532','UF32-20040700','51-70','E87 118i   Wheelarch trim','');
insert into Diagram values('UF32-51_5538','UF32-20040700','51-70','E87 118i   SOUND INSULATING REAR','');
insert into Diagram values('UF32-51_5528','UF32-20040700','51-75','E87 118i   Underhood shield','');
insert into Diagram values('UF32-51_5529','UF32-20040700','51-75','E87 118i   Underfloor coating for manual transm.','');
insert into Diagram values('UF32-51_5709','UF32-20040700','51-75','E87 118i   Underhood shield','');
insert into Diagram values('UF32-51_6171','UF32-20040700','51-75','E87 118i   Underbody trim on side','');
insert into Diagram values('UF32-51_6173','UF32-20040700','51-75','E87 118i   Underfloor coating for automatic transm.','');
insert into Diagram values('UF32-51_6529','UF32-20040700','51-75','E87 118i   FRONT PANEL','');
insert into Diagram values('UF32-51_6760','UF32-20040700','51-75','E87 118i   Strut brace','');
insert into Diagram values('UF32-51_6960','UF32-20040700','51-75','E87 118i   Air duct','');
insert into Diagram values('UF32-51_6535','UF32-20040700','51-80','E87 118i   Misc. body parts','');
insert into Diagram values('UF32-51_6771','UF32-20040700','51-80','E87 118i   Sealing cap/plug','');
insert into Diagram values('UF32-51_4635','UF32-20040700','51-95','E87 118i   Exterior mirror for towing','');
insert into Diagram values('UF32-51_4643','UF32-20040700','51-95','E87 118i   Non-skid mat','');
insert into Diagram values('UF32-51_4694','UF32-20040700','51-95','E87 118i   Aluminum footrest','');
insert into Diagram values('UF32-51_4698','UF32-20040700','51-95','E87 118i   Boot lashing strap','');
insert into Diagram values('UF32-51_5244','UF32-20040700','51-95','E87 118i   Luggage compartment pan','');
insert into Diagram values('UF32-51_5362','UF32-20040700','51-95','E87 118i   Luggage compartment, folding','');
insert into Diagram values('UF32-51_5674','UF32-20040700','51-95','E87 118i   Retrofit of exterior items in car color','');
insert into Diagram values('UF32-51_5688','UF32-20040700','51-95','E87 118i   Luggage compatment box "multifix"','');
insert into Diagram values('UF32-51_5727','UF32-20040700','51-95','E87 118i   Fine wood trim','');
insert into Diagram values('UF32-51_5733','UF32-20040700','51-95','E87 118i   Sunshade','');
insert into Diagram values('UF32-51_5734','UF32-20040700','51-95','E87 118i   Illuminated door sill strip retrofit kit','');
insert into Diagram values('UF32-51_5737','UF32-20040700','51-95','E87 118i   Rubber mat','');
insert into Diagram values('UF32-51_5738','UF32-20040700','51-95','E87 118i   Umbrella with bag','');
insert into Diagram values('UF32-51_5739','UF32-20040700','51-95','E87 118i   Storage sleeve DVD/CD','');
insert into Diagram values('UF32-51_5799','UF32-20040700','51-95','E87 118i   Fitted luggage compartment mat','');
insert into Diagram values('UF32-51_5804','UF32-20040700','51-95','E87 118i   Retrofit Cup holder center console','');
insert into Diagram values('UF32-51_5808','UF32-20040700','51-95','E87 118i   Retrofit equipm. armrest center console','');
insert into Diagram values('UF32-51_5928','UF32-20040700','51-95','E87 118i   Retrofit rearview mirror w. auto dimmer','');
insert into Diagram values('UF32-51_5939','UF32-20040700','51-95','E87 118i   Floor mats Commercial','');
insert into Diagram values('UF32-51_5954','UF32-20040700','51-95','E87 118i   Load edge protector','');
insert into Diagram values('UF32-51_5955','UF32-20040700','51-95','E87 118i   Retrofit kit M aerodyn. package','');
insert into Diagram values('UF32-51_5980','UF32-20040700','51-95','E87 118i   Retrofit: heating outside mirror','');
insert into Diagram values('UF32-51_6073','UF32-20040700','51-95','E87 118i   Door sill strip retrofit kit st. steel','');
insert into Diagram values('UF32-51_6085','UF32-20040700','51-95','E87 118i   Retrofit, M cover, entrance','');
insert into Diagram values('UF32-51_6137','UF32-20040700','51-95','E87 118i   Retrofit, cup holder','');
insert into Diagram values('UF32-51_6165','UF32-20040700','51-95','E87 118i   Luggage compartment clamping belts','');
insert into Diagram values('UF32-51_6213','UF32-20040700','51-95','E87 118i   Carbon fiber package','');
insert into Diagram values('UF32-51_6283','UF32-20040700','51-95','E87 118i   Load compartment protective cover','');
insert into Diagram values('UF32-51_6477','UF32-20040700','51-95','E87 118i   Key fob','');
insert into Diagram values('UF32-51_6639','UF32-20040700','51-95','E87 118i   Protective loading edge mat','');
insert into DiagramParts values('UF32-51_6669-51479171368', 'UF32-51_6669', 03, 'Velcro element with screw thread', 'D 62MM', 2, to_date('20070901','YYYYMMDD'), to_date('20110801','YYYYMMDD'), '51479171368', '$8.03', '', false);
insert into Diagram values('UF32-51_6669','UF32-20040700','51-95','E87 118i   Floor mats, velours','');
insert into Diagram values('UF32-51_6695','UF32-20040700','51-95','E87 118i   Storage net, footwell, front','');
insert into Diagram values('UF32-51_6696','UF32-20040700','51-95','E87 118i   Trunk room net','');
insert into Diagram values('UF32-51_6762','UF32-20040700','51-95','E87 118i   Retrofit f oddments tray instr. panel','');
insert into Diagram values('UF32-51_6770','UF32-20040700','51-95','E87 118i   FLOOR MATS CITY','');
insert into Diagram values('UF32-51_6803','UF32-20040700','51-95','E87 118i   Impact guard strips, side','');
insert into Diagram values('UF32-51_6850','UF32-20040700','51-95','E87 118i   Retrofit kit, M rocker panel trim','');
insert into Diagram values('UF32-51_6885','UF32-20040700','51-95','E87 118i   Aerodynamics package','');
insert into Diagram values('UF32-51_6963','UF32-20040700','51-95','E87 118i   Interior moldings Carbon','');
insert into Diagram values('UF32-51_6973','UF32-20040700','51-95','E87 118i   BMW Performance side stripes','');
insert into Diagram values('UF32-51_6977','UF32-20040700','51-95','E87 118i   Boot/trunk floor net','');
insert into Diagram values('UF32-51_6992','UF32-20040700','51-95','E87 118i   BMW Performance Aerodynamics, front','');
insert into Diagram values('UF32-51_6993','UF32-20040700','51-95','E87 118i   BMW Performance Aerodynamics','');
insert into Diagram values('UF32-51_6996','UF32-20040700','51-95','E87 118i   BMW Performance Aerodynamics, rocker','');
insert into Diagram values('UF32-51_7021','UF32-20040700','51-95','E87 118i   Retrofit snap-on drink holder','');
insert into Diagram values('UF32-51_7048','UF32-20040700','51-95','E87 118i   BMW Performance Aerodynamics, rear','');
insert into Diagram values('UF32-51_7061','UF32-20040700','51-95','E87 118i   Non-skid mat','');
insert into Diagram values('UF32-51_7142','UF32-20040700','51-95','E87 118i   BMW Performance Aluminum footrest','');
insert into Diagram values('UF32-51_7146','UF32-20040700','51-95','E87 118i   BMW Performance Interior moldings Carbon','');
insert into Diagram values('UF32-51_7191','UF32-20040700','51-95','E87 118i   Retrofit trim grill','');
insert into Diagram values('UF32-51_7224','UF32-20040700','51-95','E87 118i   BMW Performance door sill moldings','');
insert into Diagram values('UF32-51_7236','UF32-20040700','51-95','E87 118i   Footmat update','');
insert into Diagram values('UF32-51_7515','UF32-20040700','51-95','E87 118i   Dog Guard','');
insert into Diagram values('UF32-51_7713','UF32-20040700','51-95','E87 118i   Multifunct.lugg.compartm.mat w.fold.cont','');
insert into Diagram values('UF32-51_8051','UF32-20040700','51-95','E87 118i   First-aid kit, universal','');
insert into Diagram values('UF32-51_8522','UF32-20040700','51-95','E87 118i   Travel & Comfort System','');
insert into Diagram values('UF32-52_3086','UF32-20040700','52-10','E87 118i   Seat, front, head restraint','');
insert into DiagramParts values('UF32-52_3087-52106970532', 'UF32-52_3087', 04, 'COVER BACKREST CLOTH RIGHT', 'ANTHRAZIT', 1, to_date('20050901','YYYYMMDD'), to_date('20080901','YYYYMMDD'), '52106970532', '', '', false);
insert into DiagramParts values('UF32-52_3087-52106970534', 'UF32-52_3087', 04, 'COVER BACKREST CLOTH RIGHT', 'MONACOBLAU', 1, to_date('20050901','YYYYMMDD'), to_date('20080901','YYYYMMDD'), '52106970534', '', '', false);
insert into DiagramParts values('UF32-52_3087-52106970536', 'UF32-52_3087', 04, 'COVER BACKREST CLOTH RIGHT', 'NAUTILUSGRAU', 1, to_date('20050901','YYYYMMDD'), to_date('20080901','YYYYMMDD'), '52106970536', '', '', false);
insert into Diagram values('UF32-52_3087','UF32-20040700','52-10','E87 118i   Seat front, upholstery & cover base seat','');
insert into DiagramParts values('UF32-52_3088-52106955940', 'UF32-52_3088', 05, 'COVER BACKREST CLOTH RIGHT', 'ANTHRAZIT', 1, to_date('20050901','YYYYMMDD'), to_date('20061001','YYYYMMDD'), '52106955940', '', '', false);
insert into DiagramParts values('UF32-52_3088-52106955939', 'UF32-52_3088', 05, 'COVER BACKREST CLOTH LEFT', 'ANTHRAZIT', 1, to_date('20061001','YYYYMMDD'), to_date('20080901','YYYYMMDD'), '52106955939', '', '', false);
insert into DiagramParts values('UF32-52_3088-52106955942', 'UF32-52_3088', 05, 'COVER BACKREST CLOTH RIGHT', 'MONACOBLAU', 1, to_date('20050901','YYYYMMDD'), to_date('20061001','YYYYMMDD'), '52106955942', '', '', false);
insert into DiagramParts values('UF32-52_3088-52106955941', 'UF32-52_3088', 05, 'COVER BACKREST CLOTH LEFT', 'MONACOBLAU', 1, to_date('20061001','YYYYMMDD'), to_date('20080901','YYYYMMDD'), '52106955941', '', '', false);
insert into DiagramParts values('UF32-52_3088-52106955944', 'UF32-52_3088', 05, 'COVER BACKREST CLOTH RIGHT', 'NAUTILUSGRAU', 1, to_date('20050901','YYYYMMDD'), to_date('20061001','YYYYMMDD'), '52106955944', '', '', false);
insert into DiagramParts values('UF32-52_3088-52108036202', 'UF32-52_3088', 05, 'Cover backrest cloth/Imitat. leather,rig', 'SCHWARZ', 1, to_date('20050901','YYYYMMDD'), to_date('20061001','YYYYMMDD'), '52108036202', '', '', false);
insert into DiagramParts values('UF32-52_3088-52108036201', 'UF32-52_3088', 05, 'Cover backrest cloth/Imitat. leather,lft', 'SCHWARZ', 1, to_date('20061001','YYYYMMDD'), to_date('20070301','YYYYMMDD'), '52108036201', '', '', false);
insert into DiagramParts values('UF32-52_3088-52108039533', 'UF32-52_3088', 05, 'Cover backrest cloth/Imitat. leather,lft', 'SCHWARZ', 1, to_date('20070301','YYYYMMDD'), to_date('20080901','YYYYMMDD'), '52108039533', '', '', false);
insert into DiagramParts values('UF32-52_3088-52108039534', 'UF32-52_3088', 05, 'Cover backrest cloth/Imitat. leather,rig', 'SCHWARZ', 1, to_date('20070301','YYYYMMDD'), to_date('20080901','YYYYMMDD'), '52108039534', '', '', false);
insert into Diagram values('UF32-52_3088','UF32-20040700','52-10','E87 118i   Seat, front, uphlstry, cover, Sport seat','');
insert into Diagram values('UF32-52_3092','UF32-20040700','52-10','E87 118i   FRONT SEAT BACKREST FRAME/REAR PANEL','');
insert into Diagram values('UF32-52_3093','UF32-20040700','52-10','E87 118i   FRONT SEAT RAIL MECHANICAL/SINGLE PARTS','');
insert into DiagramParts values('UF32-52_3094-52106979627', 'UF32-52_3094', 12, 'Cover, belt catch left', 'NAUTILUSGRAU', 1, to_date('20050501','YYYYMMDD'), to_date('20070301','YYYYMMDD'), '52106979627', '', '', false);
insert into DiagramParts values('UF32-52_3094-52106979628', 'UF32-52_3094', 12, 'Cover, belt catch right', 'NAUTILUSGRAU', 1, to_date('20050501','YYYYMMDD'), to_date('20070301','YYYYMMDD'), '52106979628', '', '', false);
insert into Diagram values('UF32-52_3094','UF32-20040700','52-10','E87 118i   FRONT SEAT RAIL ELECTRICAL/SINGLE PARTS','');
insert into Diagram values('UF32-52_3125','UF32-20040700','52-10','E87 118i   Seat, front, lumbar','');
insert into Diagram values('UF32-52_3468','UF32-20040700','52-10','E87 118i   BMW Performance Sport Seat','');
insert into Diagram values('UF32-52_3541','UF32-20040700','52-10','E87 118i   Seat, front, electrical and motors','');
insert into Diagram values('UF32-52_3074','UF32-20040700','52-20','E87 118i   Rear seat head restraint','');
insert into Diagram values('UF32-52_3075','UF32-20040700','52-20','E87 118i   Seat, rear, head restraint, center','');
insert into Diagram values('UF32-52_3077','UF32-20040700','52-20','E87 118i   Seat, rear, uphlstry/cover, load-through','');
insert into Diagram values('UF32-52_3078','UF32-20040700','52-20','E87 118i   Seat, rear, seat frame, load-through','');
insert into Diagram values('UF32-52_3082','UF32-20040700','52-20','E87 118i   Rear seat ski bag','');
insert into Diagram values('UF32-52_3172','UF32-20040700','52-20','E87 118i   Retrofitting rear folding head restraint','');
insert into Diagram values('UF32-52_3212','UF32-20040700','52-20','E87 118i   Seat, rear, backrest trim covers','');
insert into Diagram values('UF32-52_3079','UF32-20040700','52-60','E87 118i   Cover material, running meter','');
insert into Diagram values('UF32-52_3713','UF32-20040700','52-65','E87 118i   Seat heating','');
insert into Diagram values('UF32-52_2913','UF32-20040700','52-95','E87 118i   Lambskin seat cover','');
insert into Diagram values('UF32-52_3015','UF32-20040700','52-95','E87 118i   UNIVERSAL PRODECTIVE REAR COVER','');
insert into Diagram values('UF32-52_3043','UF32-20040700','52-95','E87 118i   Belt holder','');
insert into Diagram values('UF32-52_3175','UF32-20040700','52-95','E87 118i   INSTALLING SET HEATED SEAT FRONT','');
insert into Diagram values('UF32-52_3196','UF32-20040700','52-95','E87 118i   Retrofit, net bag at seat backrest','');
insert into Diagram values('UF32-52_3199','UF32-20040700','52-95','E87 118i   Fire extinguisher','');
insert into Diagram values('UF32-52_3269','UF32-20040700','52-95','E87 118i   Seat-back storage pocket','');
insert into Diagram values('UF32-52_3435','UF32-20040700','52-95','E87 118i   Retrofitting rear folding head restraint','');
insert into Diagram values('UF32-52_3792','UF32-20040700','52-95','E87 118i   Fire extinguisher','');
insert into Diagram values('UF32-54_0341','UF32-20040700','54-05','E87 118i   SLID.LIFT. ROOF-COVER/CEILING FRAME','');
insert into Diagram values('UF32-61_1942','UF32-20040700','61-05','E87 118i   Main wiring harness, duplicate','');
insert into Diagram values('UF32-61_2028','UF32-20040700','61-05','E87 118i   Main wiring harness','');
insert into Diagram values('UF32-61_2195','UF32-20040700','61-05','E87 118i   Repair cable main cable harness','');
insert into Diagram values('UF32-61_2237','UF32-20040700','61-05','E87 118i   Main wiring harness','');
insert into Diagram values('UF32-61_2286','UF32-20040700','61-05','E87 118i   Main wiring harness','');
insert into Diagram values('UF32-61_1822','UF32-20040700','61-10','E87 118i   Cable-yarded material','');
insert into Diagram values('UF32-61_1861','UF32-20040700','61-10','E87 118i   VARIOUS ADDITIONAL WIRING SETS','');
insert into Diagram values('UF32-61_1863','UF32-20040700','61-10','E87 118i   DOOR CABLE HARNESSES','');
insert into Diagram values('UF32-61_1864','UF32-20040700','61-10','E87 118i   Wiring harness, instrument panel','');
insert into Diagram values('UF32-61_1868','UF32-20040700','61-10','E87 118i   Wiring set seat','');
insert into Diagram values('UF32-61_1869','UF32-20040700','61-10','E87 118i   Repair cable, airbag','');
insert into Diagram values('UF32-61_2567','UF32-20040700','61-10','E87 118i   Rep. wire for B+','');
insert into Diagram values('UF32-61_1280','UF32-20040700','61-15','E87 118i   Plug terminal ELO not waterproof','');
insert into Diagram values('UF32-61_1296','UF32-20040700','61-15','E87 118i   Circular connector / D 2,5 mm System','');
insert into Diagram values('UF32-61_1559','UF32-20040700','61-15','E87 118i   PLUG-IN CONNECTION BRACKET','');
insert into Diagram values('UF32-61_1578','UF32-20040700','61-15','E87 118i   Repair parts, optical fibre cable','');
insert into Diagram values('UF32-61_1691','UF32-20040700','61-15','E87 118i   Pin contacts ELO','');
insert into Diagram values('UF32-61_1711','UF32-20040700','61-15','E87 118i   Cable tie','');
insert into Diagram values('UF32-61_1754','UF32-20040700','61-15','E87 118i   Plug terminal ELO-Power','');
insert into Diagram values('UF32-61_1764','UF32-20040700','61-15','E87 118i   Diagnosis plug','');
insert into Diagram values('UF32-61_1765','UF32-20040700','61-15','E87 118i   Various cable terminals','');
insert into Diagram values('UF32-61_1865','UF32-20040700','61-15','E87 118i   VARIOUS CABLE HOLDERS','');
insert into Diagram values('UF32-61_1896','UF32-20040700','61-15','E87 118i   VARIOUS CABLE HOLDERS','');
insert into Diagram values('UF32-61_1970','UF32-20040700','61-15','E87 118i   Cable guide','');
insert into Diagram values('UF32-61_1996','UF32-20040700','61-15','E87 118i   Various cable grommets','');
insert into Diagram values('UF32-61_2063','UF32-20040700','61-15','E87 118i   Comb type connector','');
insert into Diagram values('UF32-61_2068','UF32-20040700','61-15','E87 118i   Contact system LSK8','');
insert into Diagram values('UF32-61_2107','UF32-20040700','61-15','E87 118i   Various parts, wiring harness repair','');
insert into Diagram values('UF32-61_2156','UF32-20040700','61-15','E87 118i   Double leaf spring contact','');
insert into Diagram values('UF32-61_2216','UF32-20040700','61-15','E87 118i   Terminal system MCON','');
insert into Diagram values('UF32-61_2217','UF32-20040700','61-15','E87 118i   Contact system MQS','');
insert into Diagram values('UF32-61_2268','UF32-20040700','61-15','E87 118i   Contact system MAK8','');
insert into Diagram values('UF32-61_2292','UF32-20040700','61-15','E87 118i   SLK socket contact','');
insert into Diagram values('UF32-61_2293','UF32-20040700','61-15','E87 118i   Contact system blade terminal MDK4 2.8','');
insert into Diagram values('UF32-61_2310','UF32-20040700','61-15','E87 118i   Plug housing for antenna cable, FAKRA','');
insert into Diagram values('UF32-61_2452','UF32-20040700','61-15','E87 118i   Round plug system D 1.5 mm','');
insert into Diagram values('UF32-61_2521','UF32-20040700','61-15','E87 118i   Socket housing MQS','');
insert into Diagram values('UF32-61_2638','UF32-20040700','61-15','E87 118i   Repair parts, coaxial cable contacts','');
insert into Diagram values('UF32-61_2680','UF32-20040700','61-15','E87 118i   Repair parts, coaxial cable housing','');
insert into Diagram values('UF32-61_1710','UF32-20040700','61-20','E87 118i   Fuses / sign with fuse allocat. diagr.','');
insert into Diagram values('UF32-61_1862','UF32-20040700','61-20','E87 118i   Individual parts, power distributor, fr.','');
insert into Diagram values('UF32-61_1718','UF32-20040700','61-25','E87 118i   Control unit/antennas passive access','');
insert into Diagram values('UF32-61_1847','UF32-20040700','61-25','E87 118i   BRACKET F BODY CONTROL UNITS AND MODULES','');
insert into Diagram values('UF32-61_2093','UF32-20040700','61-25','E87 118i   Control unit Junctionbox Elektronik','');
insert into Diagram values('UF32-61_2094','UF32-20040700','61-25','E87 118i   Control unit, footwell module','');
insert into DiagramParts values('UF32-61_2095-61356943766', 'UF32-61_2095', 01, 'Control unit CAS', 'CAS2', 1, to_date('20041201','YYYYMMDD'), to_date('20060901','YYYYMMDD'), '61356943766', '', 'ENDED', false);
insert into DiagramParts values('UF32-61_2095-61356964051', 'UF32-61_2095', 01, 'Control unit CAS', 'CAS2', 1, to_date('20041201','YYYYMMDD'), to_date('20060901','YYYYMMDD'), '61356964051', '', 'ENDED', false);
insert into DiagramParts values('UF32-61_2095-61356943771', 'UF32-61_2095', 01, 'Control unit CAS', 'CAS2', 1, to_date('20041201','YYYYMMDD'), to_date('20060901','YYYYMMDD'), '61356943771', '', 'ENDED', false);
insert into DiagramParts values('UF32-61_2095-61356981416', 'UF32-61_2095', 01, 'Control unit CAS', 'CAS2', 1, to_date('20041201','YYYYMMDD'), to_date('20060901','YYYYMMDD'), '61356981416', '', 'ENDED', false);
insert into DiagramParts values('UF32-61_2095-61356943791', 'UF32-61_2095', 01, 'Control unit CAS', 'CAS2', 1, to_date('20041201','YYYYMMDD'), to_date('20060901','YYYYMMDD'), '61356943791', '', 'ENDED', false);
insert into DiagramParts values('UF32-61_2095-61356943797', 'UF32-61_2095', 01, 'Control unit CAS', 'CAS2', 1, to_date('20041201','YYYYMMDD'), to_date('20060901','YYYYMMDD'), '61356943797', '', 'ENDED', false);
insert into DiagramParts values('UF32-61_2095-61356943814', 'UF32-61_2095', 01, 'Control unit CAS', 'CAS3', 1, to_date('20041201','YYYYMMDD'), to_date('20060901','YYYYMMDD'), '61356943814', '', 'ENDED', false);
insert into DiagramParts values('UF32-61_2095-61356943830', 'UF32-61_2095', 01, 'Control unit CAS', 'CAS3', 1, to_date('20041201','YYYYMMDD'), to_date('20070301','YYYYMMDD'), '61356943830', '', 'ENDED', false);
insert into DiagramParts values('UF32-61_2095-61356943834', 'UF32-61_2095', 01, 'Control unit CAS', 'CAS3', 1, to_date('20041201','YYYYMMDD'), to_date('20090301','YYYYMMDD'), '61356943834', '', 'ENDED', false);
insert into DiagramParts values('UF32-61_2095-61359147184', 'UF32-61_2095', 01, 'Control unit CAS', 'CAS3', 1, to_date('20041201','YYYYMMDD'), to_date('20090301','YYYYMMDD'), '61359147184', '', 'ENDED', false);
insert into DiagramParts values('UF32-61_2095-61359147195', 'UF32-61_2095', 01, 'Control unit CAS', 'CAS3', 1, to_date('20041201','YYYYMMDD'), to_date('20090301','YYYYMMDD'), '61359147195', '', 'ENDED', false);
insert into DiagramParts values('UF32-61_2095-61359147196', 'UF32-61_2095', 01, 'Control unit CAS', 'CAS3', 1, to_date('20041201','YYYYMMDD'), to_date('20090901','YYYYMMDD'), '61359147196', '', 'ENDED', false);
insert into DiagramParts values('UF32-61_2095-61359147212', 'UF32-61_2095', 01, 'Control unit CAS', 'CAS3', 1, to_date('20041201','YYYYMMDD'), to_date('20090901','YYYYMMDD'), '61359147212', '', 'ENDED', false);
insert into DiagramParts values('UF32-61_2095-61359147220', 'UF32-61_2095', 01, 'Control unit CAS', 'CAS3', 1, to_date('20041201','YYYYMMDD'), to_date('20090901','YYYYMMDD'), '61359147220', '', 'ENDED', false);
insert into DiagramParts values('UF32-61_2095-61359147221', 'UF32-61_2095', 01, 'Control unit CAS', 'CAS3', 1, to_date('20041201','YYYYMMDD'), to_date('20090901','YYYYMMDD'), '61359147221', '', 'ENDED', false);
insert into DiagramParts values('UF32-61_2095-61359147226', 'UF32-61_2095', 01, 'Control unit CAS', 'CAS3', 1, to_date('20041201','YYYYMMDD'), to_date('20090901','YYYYMMDD'), '61359147226', '', 'ENDED', false);
insert into DiagramParts values('UF32-61_2095-61359217853', 'UF32-61_2095', 01, 'Control unit CAS', 'CAS3', 1, to_date('20041201','YYYYMMDD'), to_date('20100301','YYYYMMDD'), '61359217853', '', 'ENDED', false);
insert into Diagram values('UF32-61_2095','UF32-20040700','61-25','E87 118i   Control unit CAS','');
insert into DiagramParts values('UF32-61_2096-61359221180', 'UF32-61_2096', 07, 'TRAILER TOWING MODUL', '4R', 1, to_date('20090301','YYYYMMDD'), to_date('20110301','YYYYMMDD'), '61359221180', '$203.91', '', false);
insert into DiagramParts values('UF32-61_2096-61359186177', 'UF32-61_2096', 07, 'TRAILER TOWING MODUL', '4R', 1, to_date('20060901','YYYYMMDD'), to_date('20090301','YYYYMMDD'), '61359186177', '', 'ENDED', false);
insert into Diagram values('UF32-61_2096','UF32-20040700','61-25','E87 118i   Control units/modules','');
insert into Diagram values('UF32-61_1859','UF32-20040700','61-30','E87 118i   B+ terminal point, engine compartment','');
insert into Diagram values('UF32-61_1860','UF32-20040700','61-30','E87 118i   Battery lead/distribution box, rear','');
insert into Diagram values('UF32-61_1948','UF32-20040700','61-30','E87 118i   battery holder and mounting parts','');
insert into Diagram values('UF32-61_1986','UF32-20040700','61-30','E87 118i   Original BMW battery (Warranty only)','');
insert into Diagram values('UF32-61_1839','UF32-20040700','61-35','E87 118i   Control element light','');
insert into Diagram values('UF32-61_1843','UF32-20040700','61-35','E87 118i   SWITCH WINDOW LIFTER','');
insert into Diagram values('UF32-61_1844','UF32-20040700','61-35','E87 118i   Switch unit roof','');
insert into Diagram values('UF32-61_1845','UF32-20040700','61-35','E87 118i   Seat adjustment switch, front','');
insert into Diagram values('UF32-61_1849','UF32-20040700','61-35','E87 118i   VARIOUS SWITCHES','');
insert into Diagram values('UF32-61_1880','UF32-20040700','61-35','E87 118i   Switch, Multifunction Sport/M st. wheel','');
insert into Diagram values('UF32-61_2050','UF32-20040700','61-35','E87 118i   Switch unit roof','');
insert into Diagram values('UF32-61_2128','UF32-20040700','61-35','E87 118i   Switch for brake, clutch','');
insert into Diagram values('UF32-61_2274','UF32-20040700','61-35','E87 118i   Switch unit, center console','');
insert into Diagram values('UF32-61_2281','UF32-20040700','61-35','E87 118i   Starter/Stop switch','');
insert into Diagram values('UF32-61_2282','UF32-20040700','61-35','E87 118i   Switch hazard warning/central lckng syst','');
insert into Diagram values('UF32-61_2322','UF32-20040700','61-35','E87 118i   Switch unit roof','');
insert into Diagram values('UF32-61_2480','UF32-20040700','61-35','E87 118i   Cigarette lighter / sockets','');
insert into Diagram values('UF32-61_2639','UF32-20040700','61-35','E87 118i   Shift paddles / Shift paddles','');
insert into Diagram values('UF32-61_2900','UF32-20040700','61-35','E87 118i   USB/AUX-IN socket','');
insert into Diagram values('UF32-61_2946','UF32-20040700','61-35','E87 118i   USB/AUX-IN socket','');
insert into Diagram values('UF32-61_3088','UF32-20040700','61-35','E87 118i   Switch unit steering column','');
insert into Diagram values('UF32-61_2857','UF32-20040700','61-40','E87 118i   Horn','');
insert into Diagram values('UF32-61_1854','UF32-20040700','61-45','E87 118i   SINGLE WIPER PARTS','');
insert into Diagram values('UF32-61_1856','UF32-20040700','61-45','E87 118i   SINGLE PARTS FOR REAR WINDOW WIPER','');
insert into Diagram values('UF32-61_1858','UF32-20040700','61-45','E87 118i   WIPER ARM/WIPER BLADE','');
insert into Diagram values('UF32-61_1876','UF32-20040700','61-45','E87 118i   SINGLE PARTS FOR HEAD LAMP CLEANING','');
insert into Diagram values('UF32-61_1877','UF32-20040700','61-45','E87 118i   FILLER PIPE FOR WASH CONTAINER','');
insert into Diagram values('UF32-61_1878','UF32-20040700','61-45','E87 118i   SINGLE PARTS FOR WINDSHIELD CLEANING','');
insert into Diagram values('UF32-61_1879','UF32-20040700','61-45','E87 118i   Reserv.,windshield/headlight washer syst','');
insert into Diagram values('UF32-61_2046','UF32-20040700','61-45','E87 118i   SINGLE PARTS FOR HEAD LAMP CLEANING','');
insert into Diagram values('UF32-61_1872','UF32-20040700','61-95','E87 118i   Retrofit kit, headlight cleaning system','');
insert into Diagram values('UF32-61_1974','UF32-20040700','61-95','E87 118i   Retrofit, passenger airbag shutoff','');
insert into Diagram values('UF32-61_2223','UF32-20040700','61-95','E87 118i   Suppression filter','');
insert into Diagram values('UF32-61_3026','UF32-20040700','61-95','E87 118i   Battery charger','');
insert into Diagram values('UF32-61_3244','UF32-20040700','61-95','E87 118i   Battery charger','');
insert into Diagram values('UF32-62_0471','UF32-20040700','62-05','E87 118i   Instrument cluster','');
insert into Diagram values('UF32-62_0561','UF32-20040700','62-95','E87 118i   Electronic log book','');
insert into Diagram values('UF32-63_0865','UF32-20040700','63-05','E87 118i   Headlight','');
insert into Diagram values('UF32-63_0874','UF32-20040700','63-05','E87 118i   Single components for headlight','');
insert into Diagram values('UF32-63_0875','UF32-20040700','63-05','E87 118i   Single parts, xenon headlight','');
insert into Diagram values('UF32-63_1067','UF32-20040700','63-05','E87 118i   SPARE BULBS BOX','');
insert into Diagram values('UF32-63_1363','UF32-20040700','63-05','E87 118i   BMW Performance Light','');
insert into Diagram values('UF32-63_1420','UF32-20040700','63-05','E87 118i   SPARE BULBS BOX','');
insert into Diagram values('UF32-63_0866','UF32-20040700','63-10','E87 118i   Additional turn indicator lamp','');
insert into Diagram values('UF32-63_0867','UF32-20040700','63-15','E87 118i   Fog lights','');
insert into Diagram values('UF32-63_0868','UF32-20040700','63-20','E87 118i   Rear light','');
insert into Diagram values('UF32-63_0869','UF32-20040700','63-25','E87 118i   Third stoplamp','');
insert into Diagram values('UF32-63_0870','UF32-20040700','63-30','E87 118i   VARIOUS LAMPS/SPARE BULBS BOX','');
insert into Diagram values('UF32-63_0871','UF32-20040700','63-30','E87 118i   Various lamps','');
insert into Diagram values('UF32-63_0904','UF32-20040700','63-95','E87 118i   INSTALLING SET FOG LAMPS','');
insert into Diagram values('UF32-63_0922','UF32-20040700','63-95','E87 118i   Install.kit, Xenon light','');
insert into Diagram values('UF32-63_0935','UF32-20040700','63-95','E87 118i   Retrofit kit rear light Black Line','');
insert into Diagram values('UF32-63_1050','UF32-20040700','63-95','E87 118i   Retrofit kit, tail lamps, Facelift LED','');
insert into Diagram values('UF32-63_1078','UF32-20040700','63-95','E87 118i   Retrofit kit cornering light','');
insert into Diagram values('UF32-63_1153','UF32-20040700','63-95','E87 118i   Flashlight, LED','');
insert into Diagram values('UF32-63_1289','UF32-20040700','63-95','E87 118i   Retrofit kit, LED daytime driving lights','');
insert into Diagram values('UF32-63_1322','UF32-20040700','63-95','E87 118i   LED interior light package','');
insert into Diagram values('UF32-63_1509','UF32-20040700','63-95','E87 118i   BMW LED luggage compartment lamp','');
insert into Diagram values('UF32-64_1440','UF32-20040700','64-05','E87 118i   AIR OUTLET','');
insert into Diagram values('UF32-64_1428','UF32-20040700','64-10','E87 118i   MICROFILTER/ACTIVATED CARBON CONTAINER','');
insert into Diagram values('UF32-64_1449','UF32-20040700','64-15','E87 118i   Heater radiator','');
insert into Diagram values('UF32-64_1774','UF32-20040700','64-15','E87 118i   Heater unit, Denso','');
insert into Diagram values('UF32-64_1778','UF32-20040700','64-15','E87 118i   Heater core up to 07/2006','');
insert into Diagram values('UF32-64_1779','UF32-20040700','64-15','E87 118i   Heater core from 07/2006 onward','');
insert into Diagram values('UF32-64_1780','UF32-20040700','64-15','E87 118i   Heater unit, Denso','');
insert into Diagram values('UF32-64_1781','UF32-20040700','64-15','E87 118i   Heater unit, Denso','');
insert into Diagram values('UF32-64_1437','UF32-20040700','64-18','E87 118i   Additional water pump/Water hose/Valve','');
insert into Diagram values('UF32-64_1442','UF32-20040700','64-20','E87 118i   HEATER CONTROL','');
insert into Diagram values('UF32-64_1443','UF32-20040700','64-20','E87 118i   Automatic air conditioning control','');
insert into Diagram values('UF32-64_1445','UF32-20040700','64-20','E87 118i   Air Conditioning Control','');
insert into Diagram values('UF32-64_1439','UF32-20040700','64-30','E87 118i   Evaporator / Expansion valve','');
insert into Diagram values('UF32-64_1451','UF32-20040700','64-35','E87 118i   Housing parts heater and air cond. Denso','');
insert into Diagram values('UF32-64_1452','UF32-20040700','64-35','E87 118i   Housing parts aut.air conditioning Valeo','');
insert into Diagram values('UF32-64_1455','UF32-20040700','64-35','E87 118i   Housing parts aut.air conditioning Denso','');
insert into Diagram values('UF32-64_1453','UF32-20040700','64-40','E87 118i   ELECTRIC PARTS FOR HEATER','');
insert into Diagram values('UF32-64_1454','UF32-20040700','64-40','E87 118i   ELECTRIC PARTS FOR AC UNIT','');
insert into Diagram values('UF32-64_1433','UF32-20040700','64-45','E87 118i   SENSOR F. AUC','');
insert into Diagram values('UF32-64_1434','UF32-20040700','64-45','E87 118i   Solar sensor','');
insert into Diagram values('UF32-64_1438','UF32-20040700','64-45','E87 118i   Condensation sensor','');
insert into Diagram values('UF32-64_1170','UF32-20040700','64-50','E87 118i   CLIMATE COMPRESSOR SUPPORTING BRACKET','');
insert into Diagram values('UF32-64_1430','UF32-20040700','64-50','E87 118i   Air-conditioner compressor','');
insert into Diagram values('UF32-64_1429','UF32-20040700','64-55','E87 118i   Condenser air conditioning','');
insert into Diagram values('UF32-64_1431','UF32-20040700','64-60','E87 118i   Coolant lines','');
insert into Diagram values('UF32-64_1575','UF32-20040700','64-65','E87 118i   Spare parts,aux.heater,Opt.Eqmt/Accessor','');
insert into Diagram values('UF32-64_1319','UF32-20040700','64-95','E87 118i   Labels independent heating','');
insert into Diagram values('UF32-64_1444','UF32-20040700','64-95','E87 118i   INSTALLING SET AUTOMATIC AIR CONDITIONER','');
insert into Diagram values('UF32-64_1573','UF32-20040700','64-95','E87 118i   Install.kit, independent heater','');
insert into Diagram values('UF32-64_1855','UF32-20040700','64-95','E87 118i   Accessori e postmontaggi','');
insert into Diagram values('UF32-64_1441','UF32-20040700','64-99','E87 118i   DIVERSE SMALL PARTS','');
insert into Diagram values('UF32-65_0207','UF32-20040700','65-05','E87 118i   Earth strap for engine hood','');
insert into Diagram values('UF32-65_1472','UF32-20040700','65-05','E87 118i   Radio BMW Audio','');
insert into Diagram values('UF32-65_1473','UF32-20040700','65-05','E87 118i   Radio BMW Business CD','');
insert into DiagramParts values('UF32-65_1474-65129231059', 'UF32-65_1474', 02, 'Rotary knob', 'CHROM', 2, to_date('20100501','YYYYMMDD'), to_date('20100901','YYYYMMDD'), '65129231059', '', '', false);
insert into Diagram values('UF32-65_1474','UF32-20040700','65-05','E87 118i   Radio BMW Professional CD','');
insert into Diagram values('UF32-65_1475','UF32-20040700','65-05','E87 118i   Radio BMW Professional MD','');
insert into Diagram values('UF32-65_1476','UF32-20040700','65-05','E87 118i   M-Audio system controller','');
insert into Diagram values('UF32-65_1585','UF32-20040700','65-05','E87 118i   DAB tuner','');
insert into Diagram values('UF32-65_2440','UF32-20040700','65-05','E87 118i   DAB Retrofit','');
insert into Diagram values('UF32-65_1786','UF32-20040700','65-07','E87 118i   Auxiliary connection cable','');
insert into Diagram values('UF32-65_1471','UF32-20040700','65-10','E87 118i   CD Changer/Bracket','');
insert into DiagramParts values('UF32-65_1483-65136954877', 'UF32-65_1483', 01, 'Central bass, left', 'TOP-HIFI-SYSTEM', 1, to_date('20040801','YYYYMMDD'), to_date('20070301','YYYYMMDD'), '65136954877', '', 'ENDED', false);
insert into DiagramParts values('UF32-65_1483-65136954875', 'UF32-65_1483', 01, 'Central bass, left', 'HIFI-SYSTEM', 1, to_date('20040801','YYYYMMDD'), to_date('20070301','YYYYMMDD'), '65136954875', '', 'ENDED', false);
insert into DiagramParts values('UF32-65_1483-65136954871', 'UF32-65_1483', 01, 'Central bass, left', 'STEREO-SYSTEM', 1, to_date('20040801','YYYYMMDD'), to_date('20070301','YYYYMMDD'), '65136954871', '', 'ENDED', false);
insert into DiagramParts values('UF32-65_1483-65139143233', 'UF32-65_1483', 01, 'Central bass, left', 'STEREO-SYSTEM', 1, to_date('20040801','YYYYMMDD'), to_date('20090301','YYYYMMDD'), '65139143233', '', 'ENDED', false);
insert into DiagramParts values('UF32-65_1483-65139192461', 'UF32-65_1483', 01, 'Central bass, left', 'STEREO-SYSTEM', 1, to_date('20040801','YYYYMMDD'), to_date('20091101','YYYYMMDD'), '65139192461', '', 'ENDED', false);
insert into Diagram values('UF32-65_1483','UF32-20040700','65-20','E87 118i   Components central bass','');
insert into Diagram values('UF32-65_1484','UF32-20040700','65-20','E87 118i   SINGLE PARTS F FRONT DOOR LOUDSPEAKER','');
insert into Diagram values('UF32-65_1485','UF32-20040700','65-20','E87 118i   SINGLE PARTS F REAR HELF LOUDSPEAKER','');
insert into Diagram values('UF32-65_1489','UF32-20040700','65-22','E87 118i   Audio wiring harness','');
insert into Diagram values('UF32-65_1534','UF32-20040700','65-22','E87 118i   Universal aerial cable','');
insert into Diagram values('UF32-65_1469','UF32-20040700','65-25','E87 118i   amplifier / holder hifi system','');
insert into Diagram values('UF32-65_1470','UF32-20040700','65-25','E87 118i   Amplifier HiFi Prof. / Harman Kardon','');
insert into DiagramParts values('UF32-65_1486-07146961863', 'UF32-65_1486', 07, 'Sheet metal screw', 'ISA M5X12', 2, to_date('20060901','YYYYMMDD'), to_date('20070701','YYYYMMDD'), '07146961863', '', 'ENDED', false);
insert into Diagram values('UF32-65_1486','UF32-20040700','65-30','E87 118i   SINGLE PARTS F ANTENNA','');
insert into Diagram values('UF32-65_1788','UF32-20040700','65-30','E87 118i   Rod antenna SPORT','');
insert into Diagram values('UF32-65_1498','UF32-20040700','65-45','E87 118i   Controller','');
insert into Diagram values('UF32-65_1499','UF32-20040700','65-45','E87 118i   CCC CD','');
insert into Diagram values('UF32-65_1500','UF32-20040700','65-45','E87 118i   CCC MD/CD','');
insert into Diagram values('UF32-65_1501','UF32-20040700','65-45','E87 118i   Central information display','');
insert into Diagram values('UF32-65_1503','UF32-20040700','65-45','E87 118i   Single parts CCC','');
insert into Diagram values('UF32-65_1504','UF32-20040700','65-45','E87 118i   Coolant hose, CCC / CIC / MASK','');
insert into DiagramParts values('UF32-65_1724-65909112341', 'UF32-65_1724', 01, 'FSC JNav map 2007-1 initialization', 'ASAP', 1, to_date('20070301','YYYYMMDD'), to_date('20070901','YYYYMMDD'), '65909112341', '', 'ENDED', false);
insert into Diagram values('UF32-65_1724','UF32-20040700','65-50','E87 118i   Enable code for Japanese navigation','');
insert into Diagram values('UF32-65_1829','UF32-20040700','65-50','E87 118i   Bracket for Asian Navigation','');
insert into Diagram values('UF32-65_1976','UF32-20040700','65-50','E87 118i   DVD street map Navigation Option 609','');
insert into Diagram values('UF32-65_1978','UF32-20040700','65-50','E87 118i   DVD street map Navigation Option 606','');
insert into Diagram values('UF32-65_1487','UF32-20040700','65-60','E87 118i   Alarm systems','');
insert into Diagram values('UF32-65_1488','UF32-20040700','65-65','E87 118i   Electric parts for airbag','');
insert into Diagram values('UF32-65_1468','UF32-20040700','65-70','E87 118i   Temperature sensor','');
insert into Diagram values('UF32-65_1249','UF32-20040700','65-95','E87 118i   Retrofit kit, BMW Online','');
insert into Diagram values('UF32-65_1344','UF32-20040700','65-95','E87 118i   Replacement parts for radio navigation','');
insert into Diagram values('UF32-65_1513','UF32-20040700','65-95','E87 118i   Retrofit, CD changer','');
insert into Diagram values('UF32-65_1537','UF32-20040700','65-95','E87 118i   INSTALLATION KIT ALARM SYSTEM','');
insert into Diagram values('UF32-65_1541','UF32-20040700','65-95','E87 118i   Replacement parts for radio navigation','');
insert into Diagram values('UF32-65_1658','UF32-20040700','65-95','E87 118i   DVB-T Set-top box','');
insert into Diagram values('UF32-65_1814','UF32-20040700','65-95','E87 118i   Retrofit kit USB/iPod connection','');
insert into Diagram values('UF32-65_1825','UF32-20040700','65-95','E87 118i   iPod connection retrofit kit','');
insert into Diagram values('UF32-65_1894','UF32-20040700','65-95','E87 118i   Hifi system, Alpine','');
insert into Diagram values('UF32-65_1901','UF32-20040700','65-95','E87 118i   Navigation Portable Plus/Pro/HD Traffic','');
insert into Diagram values('UF32-65_1902','UF32-20040700','65-95','E87 118i   GPS, portable, street map','');
insert into Diagram values('UF32-65_1903','UF32-20040700','65-95','E87 118i   iPod connection retrofit kit','');
insert into Diagram values('UF32-65_1924','UF32-20040700','65-95','E87 118i   Navigation Portable accessories','');
insert into Diagram values('UF32-65_1989','UF32-20040700','65-95','E87 118i   Tracking Products','');
insert into Diagram values('UF32-65_2038','UF32-20040700','65-95','E87 118i   DVD system Tablet','');
insert into Diagram values('UF32-65_2079','UF32-20040700','65-95','E87 118i   Smartnav','');
insert into Diagram values('UF32-65_2271','UF32-20040700','65-95','E87 118i   Charger adapter for Apple iPod / iPhone','');
insert into Diagram values('UF32-65_2422','UF32-20040700','65-95','E87 118i   Cable adapter for Apple iPod / iPhone','');
insert into Diagram values('UF32-65_2434','UF32-20040700','65-95','E87 118i   DVD System Tablet Single','');
insert into Diagram values('UF32-65_2515','UF32-20040700','65-95','E87 118i   Navigation &apos;Portable&apos; with Design holder','');
insert into Diagram values('UF32-65_2520','UF32-20040700','65-95','E87 118i   BMW USB charger','');
insert into Diagram values('UF32-65_2522','UF32-20040700','65-95','E87 118i   Cable adapter, devices with Micro USB','');
insert into Diagram values('UF32-66_0114','UF32-20040700','66-05','E87 118i   Ignition lock of remote control','');
insert into Diagram values('UF32-66_0115','UF32-20040700','66-05','E87 118i   Park Distance Control (PDC)','');
insert into Diagram values('UF32-66_0229','UF32-20040700','66-05','E87 118i   Ultrasonic-sensor','');
insert into Diagram values('UF32-66_0110','UF32-20040700','66-95','E87 118i   Retrofit kit PDC II','');
insert into Diagram values('UF32-66_0120','UF32-20040700','66-95','E87 118i   Retrofit kit PDC, rear','');
insert into Diagram values('UF32-66_0121','UF32-20040700','66-95','E87 118i   Retrofit kit PDC, front and rear','');
insert into Diagram values('UF32-66_0122','UF32-20040700','66-95','E87 118i   Front PDC upgrade','');
insert into Diagram values('UF32-66_0128','UF32-20040700','66-95','E87 118i   Dynamic cruise control retrofit','');
insert into Diagram values('UF32-66_0130','UF32-20040700','66-95','E87 118i   Retrofit multi-functional steering wheel','');
insert into Diagram values('UF32-66_0188','UF32-20040700','66-95','E87 118i   Park Distance Control universale sonoro','');
insert into Diagram values('UF32-71_0385','UF32-20040700','71-03','E87 118i   LABEL "TIRE PRESSURE"','');
insert into Diagram values('UF32-71_0537','UF32-20040700','71-03','E87 118i   Various notice stickers','');
insert into Diagram values('UF32-71_0568','UF32-20040700','71-03','E87 118i   Instruction notice, Airbag','');
insert into Diagram values('UF32-71_0619','UF32-20040700','71-03','E87 118i   Label, coolant','');
insert into Diagram values('UF32-71_0388','UF32-20040700','71-05','E87 118i   Warning triangle/First aid kit/-cushion','');
insert into Diagram values('UF32-71_0389','UF32-20040700','71-05','E87 118i   Car tool','');
insert into Diagram values('UF32-71_0717','UF32-20040700','71-05','E87 118i   Set of lifting jack','');
insert into Diagram values('UF32-71_0338','UF32-20040700','71-10','E87 118i   electric parts, towing hitch','');
insert into Diagram values('UF32-71_0396','UF32-20040700','71-10','E87 118i   Towing hitch, detachable','');
insert into Diagram values('UF32-71_0384','UF32-20040700','71-95','E87 118i   Retrofit kit, towing hitch','');
insert into Diagram values('UF32-71_0400','UF32-20040700','71-95','E87 118i   Set of lifting jack','');
insert into Diagram values('UF32-71_0434','UF32-20040700','71-95','E87 118i   Tire Mobility Set','');
insert into Diagram values('UF32-71_0494','UF32-20040700','71-95','E87 118i   Retrofit kit, towing hitch','');
insert into Diagram values('UF32-71_0513','UF32-20040700','71-95','E87 118i   Twin electrics, caravan leads','');
insert into Diagram values('UF32-72_0524','UF32-20040700','72-03','E87 118i   Air bag','');
insert into Diagram values('UF32-72_0521','UF32-20040700','72-05','E87 118i   Safety belt front','');
insert into Diagram values('UF32-72_0522','UF32-20040700','72-05','E87 118i   FRONT SAFETY BELT MOUNTING PARTS','');
insert into Diagram values('UF32-72_0523','UF32-20040700','72-05','E87 118i   SAFETY BELT REAR','');
insert into Diagram values('UF32-72_0461','UF32-20040700','72-95','E87 118i   Storage compartment module','');
insert into Diagram values('UF32-72_0462','UF32-20040700','72-95','E87 118i   Cup holder-module','');
insert into Diagram values('UF32-72_0591','UF32-20040700','72-95','E87 118i   Tow bar','');
insert into Diagram values('UF32-72_0598','UF32-20040700','72-95','E87 118i   TOW ROPE','');
insert into Diagram values('UF32-72_0603','UF32-20040700','72-95','E87 118i   Fire extinguisher','');
insert into Diagram values('UF32-72_0744','UF32-20040700','72-95','E87 118i   Emergency bag','');
insert into Diagram values('UF32-36_0938','UF32-20040700','82-14','E87 118i   Snow chains','');
insert into Diagram values('UF32-82_1073','UF32-20040700','82-26','E87 118i   Universal coat hanger','');
insert into Diagram values('UF32-82_1261','UF32-20040700','82-26','E87 118i   Clean Bag','');
insert into Diagram values('UF32-82_1308','UF32-20040700','82-26','E87 118i   Shoe case','');
insert into Diagram values('UF32-82_1309','UF32-20040700','82-26','E87 118i   Multimedia case','');
insert into Diagram values('UF32-82_1311','UF32-20040700','82-26','E87 118i   Driver utility set','');
insert into Diagram values('UF32-82_1171','UF32-20040700','82-31','E87 118i   BMW buggy chrome-marine with accessories','');
insert into Diagram values('UF32-82_1181','UF32-20040700','82-31','E87 118i   BMW Junior Seat I-II','');
insert into Diagram values('UF32-82_1186','UF32-20040700','82-31','E87 118i   BMW Baby Seat 0+','');
insert into Diagram values('UF32-82_1187','UF32-20040700','82-31','E87 118i   BMW Junior Seat I-II Isofix','');
insert into Diagram values('UF32-82_1189','UF32-20040700','82-31','E87 118i   BMW Baby Seat 0+ Isofix','');
insert into Diagram values('UF32-82_1237','UF32-20040700','82-31','E87 118i   Dog harness','');
insert into Diagram values('UF32-82_1276','UF32-20040700','82-31','E87 118i   BMW Junior Seat II-III','');
insert into Diagram values('UF32-82_1305','UF32-20040700','82-31','E87 118i   BMW Junior Seat III','');
insert into Diagram values('UF32-82_1198','UF32-20040700','82-44','E87 118i   Cover','');
insert into Diagram values('UF32-82_1236','UF32-20040700','82-44','E87 118i   Mud flaps','');
insert into Diagram values('UF32-82_1251','UF32-20040700','82-44','E87 118i   Cover hood windshield/side window','');
insert into Diagram values('UF32-82_0116','UF32-20040700','82-51','E87 118i   Universal support','');
insert into Diagram values('UF32-82_0122','UF32-20040700','82-51','E87 118i   Touring bicycle holder','');
insert into Diagram values('UF32-82_0123','UF32-20040700','82-51','E87 118i   RACK FOR RACING BICYCLE','');
insert into Diagram values('UF32-82_0124','UF32-20040700','82-51','E87 118i   Luggage basket','');
insert into Diagram values('UF32-82_0125','UF32-20040700','82-51','E87 118i   Bicycle lift','');
insert into Diagram values('UF32-82_0245','UF32-20040700','82-51','E87 118i   SUPPORT SNOWBOARD','');
insert into Diagram values('UF32-82_0281','UF32-20040700','82-51','E87 118i   Touring bicycle holder','');
insert into Diagram values('UF32-82_0283','UF32-20040700','82-51','E87 118i   Surfboard rack','');
insert into Diagram values('UF32-82_0284','UF32-20040700','82-51','E87 118i   Standard ski carrier for 6 pairs of skis','');
insert into Diagram values('UF32-82_0364','UF32-20040700','82-51','E87 118i   SKI/SNOWBOARD SET','');
insert into Diagram values('UF32-82_0501','UF32-20040700','82-51','E87 118i   ki and luggage box','');
insert into Diagram values('UF32-82_0502','UF32-20040700','82-51','E87 118i   Luggage box','');
insert into Diagram values('UF32-82_0594','UF32-20040700','82-51','E87 118i   Komfort ski holder','');
insert into Diagram values('UF32-82_0845','UF32-20040700','82-51','E87 118i   Standard ski holder, for 4 pairs of ski','');
insert into Diagram values('UF32-82_1157','UF32-20040700','82-51','E87 118i   Bicycle carrier, trailer coupling','');
insert into Diagram values('UF32-82_1175','UF32-20040700','82-51','E87 118i   Touring bicycle holder','');
insert into Diagram values('UF32-82_1178','UF32-20040700','82-51','E87 118i   Roof box','');
insert into Diagram values('UF32-82_1230','UF32-20040700','82-51','E87 118i   Rack support','');
insert into Diagram values('UF32-82_1234','UF32-20040700','82-51','E87 118i   Roof box','');
insert into Diagram values('UF32-82_1244','UF32-20040700','82-51','E87 118i   Racing bike rack','');
insert into Diagram values('UF32-82_1250','UF32-20040700','82-51','E87 118i   Roof box','');
insert into Diagram values('UF32-82_1268','UF32-20040700','82-51','E87 118i   Ski/snowboard holder','');
insert into Diagram values('UF32-82_1277','UF32-20040700','82-51','E87 118i   Rear carrier ECE','');
insert into Diagram values('UF32-82_1282','UF32-20040700','82-51','E87 118i   Rear carrier ski/snowboard holder','');
insert into Diagram values('UF32-82_1295','UF32-20040700','82-51','E87 118i   Roof rack systems','');
insert into Diagram values('UF32-82_1364','UF32-20040700','82-51','E87 118i   Bicycle carrier, trailer coupling','');
insert into Diagram values('UF32-82_1460','UF32-20040700','82-51','E87 118i   Roof rack systems','');
insert into Diagram values('UF32-82_1476','UF32-20040700','82-51','E87 118i   Roof-mounted container 320 LCI','');
insert into Diagram values('UF32-82_1551','UF32-20040700','82-51','E87 118i   Bicycle carrier, trailer coupling','');
insert into Diagram values('UF32-82_1567','UF32-20040700','82-51','E87 118i   Bicycle carrier, trailer coupling','');
insert into Diagram values('UF32-82_1589','UF32-20040700','82-51','E87 118i   Racing bike rack','');
insert into Diagram values('UF32-82_0926','UF32-20040700','82-52','E87 118i   Adapter (universal lift) for hood','');
insert into Diagram values('UF32-82_0102','UF32-20040700','82-81','E87 118i   Universal hoist','');
insert into Diagram values('UF32-83_0579','UF32-20040700','83-01','E87 118i   Rugzak','');
insert into Diagram values('UF32-83_0311','UF32-20040700','83-24','E87 118i   Paint protection foil E87','');
insert into Diagram values('UF32-84_0675','UF32-20040700','84-10','E87 118i   Indiv. parts, phone handset/mountg Japan','');
insert into DiagramParts values('UF32-84_0676-84109187316', 'UF32-84_0676', 01, 'Rmfd Telematics Control Unit', 'PDC', 1, to_date('20050901','YYYYMMDD'), to_date('20070301','YYYYMMDD'), '84109187316', '', '', false);
insert into Diagram values('UF32-84_0676','UF32-20040700','84-10','E87 118i   Single parts f teleph.luggage cptm.Japan','');
insert into Diagram values('UF32-84_0767','UF32-20040700','84-10','E87 118i   Starter package, cell phone Nokia 6303c','');
insert into Diagram values('UF32-84_0850','UF32-20040700','84-10','E87 118i   ASSY COMBOX TELEMATIC ECE','');
insert into Diagram values('UF32-84_0658','UF32-20040700','84-20','E87 118i   Single parts, SA 644 center console','');
insert into Diagram values('UF32-84_0659','UF32-20040700','84-20','E87 118i   Single parts, SA 644, trunk','');
insert into Diagram values('UF32-84_0673','UF32-20040700','84-20','E87 118i   Single parts, SA 633, center console','');
insert into Diagram values('UF32-84_0704','UF32-20040700','84-20','E87 118i   Single parts SA 633, trunk','');
insert into Diagram values('UF32-84_0758','UF32-20040700','84-20','E87 118i   Single parts, option 6NF center console','');
insert into Diagram values('UF32-84_0657','UF32-20040700','84-30','E87 118i   Single parts f hands-free facility','');
insert into Diagram values('UF32-84_0694','UF32-20040700','84-30','E87 118i   Single parts f hands-free fac. Bluetooth','');
insert into Diagram values('UF32-84_0639','UF32-20040700','84-95','E87 118i   Bluetooth SA644 hands-free retrofit kit','');
insert into Diagram values('UF32-84_0669','UF32-20040700','84-95','E87 118i   Retrofit kit hands-free facil. Bluetooth','');
insert into Diagram values('UF32-84_0678','UF32-20040700','84-95','E87 118i   Retrofit kit, voice input','');
insert into Diagram values('UF32-84_0711','UF32-20040700','84-95','E87 118i   Car phone for Japan','');
insert into Diagram values('UF32-84_0713','UF32-20040700','84-95','E87 118i   Retrofit kit for UNI hands-free system','');
insert into Diagram values('UF32-84_0714','UF32-20040700','84-95','E87 118i   Cell phone cradles,Universal hands-free','');
insert into Diagram values('UF32-84_0730','UF32-20040700','84-95','E87 118i   Stolen Vehicle Tracking - TPA','');
insert into Diagram values('UF32-84_0732','UF32-20040700','84-95','E87 118i   Upgrade kit hands-free Bluetooth OPT644','');
insert into Diagram values('UF32-84_0741','UF32-20040700','84-95','E87 118i   Base hands-free system with Bluetooth','');
insert into Diagram values('UF32-84_0778','UF32-20040700','84-95','E87 118i   BMW Bluetooth headset','');
insert into Diagram values('UF32-84_0867','UF32-20040700','84-95','E87 118i   BMW Car Hotspot','');
insert into Diagram values('UF32-84_0895','UF32-20040700','84-95','E87 118i   BMW station fr Apple iPhone','');
insert into Diagram values('UF32-84_0897','UF32-20040700','84-95','E87 118i   Snap-in adapter for Apple devices','');
insert into Diagram values('UF32-84_0906','UF32-20040700','84-95','E87 118i   Snap-in adapter, SONY ERICSSON devices','');
insert into Diagram values('UF32-84_0907','UF32-20040700','84-95','E87 118i   Snap-in adapter for NOKIA devices','');
insert into Diagram values('UF32-84_0908','UF32-20040700','84-95','E87 118i   Snap-in adapter for SIEMENS devices','');
insert into Diagram values('UF32-84_0909','UF32-20040700','84-95','E87 118i   Snap-in adapter for MOTOROLA devices','');
insert into Diagram values('UF32-84_0910','UF32-20040700','84-95','E87 118i   Snap-in adapter, BlackBerry/RIM devices','');
insert into Diagram values('UF32-84_0930','UF32-20040700','84-95','E87 118i   Smartphone cradle','');
insert into Diagram values('UF32-84_0931','UF32-20040700','84-95','E87 118i   BMW Car Hotspot LTE','');
insert into Diagram values('UF32-85_0001','UF32-20040700','85-45','E87 118i   Winter tires','');
insert into Diagram values('UF32-85_0028','UF32-20040700','85-45','E87 118i   Summer tires','');
insert into Diagram values('UF32-88_0052','UF32-20040700','88-80','E87 118i   Emergency bag','');
insert into Diagram values('UF32-88_0064','UF32-20040700','88-80','E87 118i   Fluid-change kit, autom. transmission','');
insert into ProdCodeDate values('UF31-20040800','UF31',to_date('20040801','YYYYMMDD'));
insert into ProdCodeDate values('UF32-20040800','UF32',to_date('20040801','YYYYMMDD'));
insert into ProdCodeDate values('UF31-20040900','UF31',to_date('20040901','YYYYMMDD'));
insert into ProdCodeDate values('UF32-20040900','UF32',to_date('20040901','YYYYMMDD'));
insert into ProdCodeDate values('UF31-20041100','UF31',to_date('20041101','YYYYMMDD'));
insert into ProdCodeDate values('UF32-20041100','UF32',to_date('20041101','YYYYMMDD'));
insert into ProdCodeDate values('UF31-20041200','UF31',to_date('20041201','YYYYMMDD'));
insert into ProdCodeDate values('UF32-20041200','UF32',to_date('20041201','YYYYMMDD'));
insert into ProdCodeDate values('UF31-20050100','UF31',to_date('20050101','YYYYMMDD'));
insert into ProdCodeDate values('UF32-20050100','UF32',to_date('20050101','YYYYMMDD'));
insert into ProdCodeDate values('UF31-20050200','UF31',to_date('20050201','YYYYMMDD'));
insert into ProdCodeDate values('UF32-20050200','UF32',to_date('20050201','YYYYMMDD'));
insert into ProdCodeDate values('UF31-20050300','UF31',to_date('20050301','YYYYMMDD'));
insert into ProdCodeDate values('UF32-20050300','UF32',to_date('20050301','YYYYMMDD'));
insert into ProdCodeDate values('UF31-20050400','UF31',to_date('20050401','YYYYMMDD'));
insert into ProdCodeDate values('UF32-20050400','UF32',to_date('20050401','YYYYMMDD'));
insert into ProdCodeDate values('UF31-20050500','UF31',to_date('20050501','YYYYMMDD'));
insert into ProdCodeDate values('UF32-20050500','UF32',to_date('20050501','YYYYMMDD'));
insert into ProdCodeDate values('UF31-20050600','UF31',to_date('20050601','YYYYMMDD'));
insert into ProdCodeDate values('UF32-20050600','UF32',to_date('20050601','YYYYMMDD'));
insert into ProdCodeDate values('UF31-20050700','UF31',to_date('20050701','YYYYMMDD'));
insert into ProdCodeDate values('UF32-20050700','UF32',to_date('20050701','YYYYMMDD'));
insert into ProdCodeDate values('UF31-20050800','UF31',to_date('20050801','YYYYMMDD'));
insert into ProdCodeDate values('UF32-20050800','UF32',to_date('20050801','YYYYMMDD'));
insert into ProdCodeDate values('UF31-20050900','UF31',to_date('20050901','YYYYMMDD'));
insert into ProdCodeDate values('UF32-20050900','UF32',to_date('20050901','YYYYMMDD'));
insert into ProdCodeDate values('UF31-20051000','UF31',to_date('20051001','YYYYMMDD'));
insert into ProdCodeDate values('UF32-20051000','UF32',to_date('20051001','YYYYMMDD'));
insert into ProdCodeDate values('UF31-20051100','UF31',to_date('20051101','YYYYMMDD'));
insert into ProdCodeDate values('UF32-20051100','UF32',to_date('20051101','YYYYMMDD'));
insert into ProdCodeDate values('UF31-20051200','UF31',to_date('20051201','YYYYMMDD'));
insert into ProdCodeDate values('UF32-20051200','UF32',to_date('20051201','YYYYMMDD'));
insert into ProdCodeDate values('UF31-20060100','UF31',to_date('20060101','YYYYMMDD'));
insert into ProdCodeDate values('UF32-20060100','UF32',to_date('20060101','YYYYMMDD'));
insert into ProdCodeDate values('UF31-20060200','UF31',to_date('20060201','YYYYMMDD'));
insert into ProdCodeDate values('UF32-20060200','UF32',to_date('20060201','YYYYMMDD'));
insert into ProdCodeDate values('UF31-20060300','UF31',to_date('20060301','YYYYMMDD'));
insert into ProdCodeDate values('UF32-20060300','UF32',to_date('20060301','YYYYMMDD'));
insert into ProdCodeDate values('UF31-20060400','UF31',to_date('20060401','YYYYMMDD'));
insert into ProdCodeDate values('UF32-20060400','UF32',to_date('20060401','YYYYMMDD'));
insert into ProdCodeDate values('UF31-20060500','UF31',to_date('20060501','YYYYMMDD'));
insert into ProdCodeDate values('UF32-20060500','UF32',to_date('20060501','YYYYMMDD'));
insert into ProdCodeDate values('UF31-20060600','UF31',to_date('20060601','YYYYMMDD'));
insert into ProdCodeDate values('UF32-20060600','UF32',to_date('20060601','YYYYMMDD'));
insert into ProdCodeDate values('UF31-20060700','UF31',to_date('20060701','YYYYMMDD'));
insert into ProdCodeDate values('UF32-20060700','UF32',to_date('20060701','YYYYMMDD'));
insert into ProdCodeDate values('UF31-20060800','UF31',to_date('20060801','YYYYMMDD'));
insert into ProdCodeDate values('UF32-20060800','UF32',to_date('20060801','YYYYMMDD'));
insert into ProdCodeDate values('UF31-20060900','UF31',to_date('20060901','YYYYMMDD'));
insert into ProdCodeDate values('UF32-20060900','UF32',to_date('20060901','YYYYMMDD'));
insert into ProdCodeDate values('UF31-20061000','UF31',to_date('20061001','YYYYMMDD'));
insert into ProdCodeDate values('UF32-20061000','UF32',to_date('20061001','YYYYMMDD'));
insert into ProdCodeDate values('UF31-20061100','UF31',to_date('20061101','YYYYMMDD'));
insert into ProdCodeDate values('UF32-20061100','UF32',to_date('20061101','YYYYMMDD'));
insert into ProdCodeDate values('UF31-20061200','UF31',to_date('20061201','YYYYMMDD'));
insert into ProdCodeDate values('UF32-20061200','UF32',to_date('20061201','YYYYMMDD'));
insert into ProdCodeDate values('UF31-20070100','UF31',to_date('20070101','YYYYMMDD'));
insert into ProdCodeDate values('UF32-20070100','UF32',to_date('20070101','YYYYMMDD'));
insert into ProdCodeDate values('UF31-20070200','UF31',to_date('20070201','YYYYMMDD'));
insert into ProdCodeDate values('UF32-20070200','UF32',to_date('20070201','YYYYMMDD'));
insert into Model values('120d','E87','SH','120d','ECE');
insert into ProdCode values('UG51','120d','SH','E87','ECE','M47N2','L','03/2003 E87 120d 5 doors M47N2 Europe Left hand drive ');
insert into ProdCodeDate values('UG51-20030300','UG51',to_date('20030301','YYYYMMDD'));
insert into Diagram values('UG51-01_0206','UG51-20030300','01-05','E87 120d   BMW care tips','');
insert into DiagramParts values('UG51-01_0689-01400159973', 'UG51-01_0689', 01, 'Owner&apos;s handbook E87 without iDrive', 'DE, MJ 2006', 1, to_date('20050901','YYYYMMDD'), to_date('20060901','YYYYMMDD'), '01400159973', '', '', false);
insert into DiagramParts values('UG51-01_0689-01400012852', 'UG51-01_0689', 01, 'Owner&apos;s handbook E87 without iDrive', 'DE, MJ 2007', 1, to_date('20060901','YYYYMMDD'), to_date('20070301','YYYYMMDD'), '01400012852', '', '', false);
insert into DiagramParts values('UG51-01_0689-01410158975', 'UG51-01_0689', 02, 'Owner&apos;s handbook E87 without iDrive', 'EN, MJ 2005', 1, to_date('20040601','YYYYMMDD'), to_date('20050901','YYYYMMDD'), '01410158975', '', '', false);
insert into DiagramParts values('UG51-01_0689-01410159974', 'UG51-01_0689', 02, 'Owner&apos;s handbook E87 without iDrive', 'EN, MJ 2006', 1, to_date('20050901','YYYYMMDD'), to_date('20060901','YYYYMMDD'), '01410159974', '', '', false);
insert into DiagramParts values('UG51-01_0689-01410012853', 'UG51-01_0689', 02, 'Owner&apos;s handbook E87 without iDrive', 'EN, MJ 2007', 1, to_date('20060901','YYYYMMDD'), to_date('20070301','YYYYMMDD'), '01410012853', '', '', false);
insert into DiagramParts values('UG51-01_0689-01420158976', 'UG51-01_0689', 03, 'Owner&apos;s handbook E87 without iDrive', 'FR, MJ 2005', 1, to_date('20040601','YYYYMMDD'), to_date('20050901','YYYYMMDD'), '01420158976', '', '', false);
insert into DiagramParts values('UG51-01_0689-01420159975', 'UG51-01_0689', 03, 'Owner&apos;s handbook E87 without iDrive', 'FR, MJ 2006', 1, to_date('20050901','YYYYMMDD'), to_date('20060901','YYYYMMDD'), '01420159975', '', '', false);
insert into DiagramParts values('UG51-01_0689-01420012854', 'UG51-01_0689', 03, 'Owner&apos;s handbook E87 without iDrive', 'FR, MJ 2007', 1, to_date('20060901','YYYYMMDD'), to_date('20070301','YYYYMMDD'), '01420012854', '', '', false);
insert into DiagramParts values('UG51-01_0689-01430158977', 'UG51-01_0689', 04, 'Owner&apos;s handbook E87 without iDrive', 'ES, MJ 2005', 1, to_date('20040601','YYYYMMDD'), to_date('20050901','YYYYMMDD'), '01430158977', '', '', false);
insert into DiagramParts values('UG51-01_0689-01430159976', 'UG51-01_0689', 04, 'Owner&apos;s handbook E87 without iDrive', 'ES, MJ 2006', 1, to_date('20050901','YYYYMMDD'), to_date('20060901','YYYYMMDD'), '01430159976', '', '', false);
insert into DiagramParts values('UG51-01_0689-01430012855', 'UG51-01_0689', 04, 'Owner&apos;s handbook E87 without iDrive', 'ES, MJ 2007', 1, to_date('20060901','YYYYMMDD'), to_date('20070301','YYYYMMDD'), '01430012855', '', '', false);
insert into DiagramParts values('UG51-01_0689-01440158978', 'UG51-01_0689', 05, 'Owner&apos;s handbook E87 without iDrive', 'IT, MJ 2005', 1, to_date('20040601','YYYYMMDD'), to_date('20050901','YYYYMMDD'), '01440158978', '', '', false);
insert into DiagramParts values('UG51-01_0689-01440159977', 'UG51-01_0689', 05, 'Owner&apos;s handbook E87 without iDrive', 'IT, MJ 2006', 1, to_date('20050901','YYYYMMDD'), to_date('20060901','YYYYMMDD'), '01440159977', '', '', false);
insert into DiagramParts values('UG51-01_0689-01440012856', 'UG51-01_0689', 05, 'Owner&apos;s handbook E87 without iDrive', 'IT, MJ 2007', 1, to_date('20060901','YYYYMMDD'), to_date('20070301','YYYYMMDD'), '01440012856', '', '', false);
insert into DiagramParts values('UG51-01_0689-01450158979', 'UG51-01_0689', 06, 'Owner&apos;s handbook E87 without iDrive', 'SV, MJ 2005', 1, to_date('20040601','YYYYMMDD'), to_date('20050901','YYYYMMDD'), '01450158979', '', '', false);
insert into DiagramParts values('UG51-01_0689-01450159978', 'UG51-01_0689', 06, 'Owner&apos;s handbook E87 without iDrive', 'SV, MJ 2006', 1, to_date('20050901','YYYYMMDD'), to_date('20060901','YYYYMMDD'), '01450159978', '', '', false);
insert into DiagramParts values('UG51-01_0689-01450012857', 'UG51-01_0689', 06, 'Owner&apos;s handbook E87 without iDrive', 'SV, MJ 2007', 1, to_date('20060901','YYYYMMDD'), to_date('20070301','YYYYMMDD'), '01450012857', '', '', false);
insert into DiagramParts values('UG51-01_0689-01460158980', 'UG51-01_0689', 07, 'Owner&apos;s handbook E87 without iDrive', 'NL, MJ 2005', 1, to_date('20040601','YYYYMMDD'), to_date('20050901','YYYYMMDD'), '01460158980', '', '', false);
insert into DiagramParts values('UG51-01_0689-01460159979', 'UG51-01_0689', 07, 'Owner&apos;s handbook E87 without iDrive', 'NL, MJ 2006', 1, to_date('20050901','YYYYMMDD'), to_date('20060901','YYYYMMDD'), '01460159979', '', '', false);
insert into DiagramParts values('UG51-01_0689-01460012858', 'UG51-01_0689', 07, 'Owner&apos;s handbook E87 without iDrive', 'NL, MJ 2007', 1, to_date('20060901','YYYYMMDD'), to_date('20070301','YYYYMMDD'), '01460012858', '', '', false);
insert into DiagramParts values('UG51-01_0689-01470158981', 'UG51-01_0689', 08, 'Owner&apos;s handbook E87 without iDrive', 'AR, MJ 2005', 1, to_date('20040601','YYYYMMDD'), to_date('20050901','YYYYMMDD'), '01470158981', '', '', false);
insert into DiagramParts values('UG51-01_0689-01470159980', 'UG51-01_0689', 08, 'Owner&apos;s handbook E87 without iDrive', 'AR, MJ 2006', 1, to_date('20050901','YYYYMMDD'), to_date('20060901','YYYYMMDD'), '01470159980', '', '', false);
insert into DiagramParts values('UG51-01_0689-01470012859', 'UG51-01_0689', 08, 'Owner&apos;s handbook E87 without iDrive', 'AR, MJ 2007', 1, to_date('20060901','YYYYMMDD'), to_date('20070301','YYYYMMDD'), '01470012859', '', '', false);
insert into DiagramParts values('UG51-01_0689-01480158982', 'UG51-01_0689', 09, 'Owner&apos;s handbook E87 without iDrive', 'DA, MJ 2005', 1, to_date('20040601','YYYYMMDD'), to_date('20050901','YYYYMMDD'), '01480158982', '', '', false);
insert into DiagramParts values('UG51-01_0689-01480159981', 'UG51-01_0689', 09, 'Owner&apos;s handbook E87 without iDrive', 'DA, MJ 2006', 1, to_date('20050901','YYYYMMDD'), to_date('20060901','YYYYMMDD'), '01480159981', '', '', false);
insert into DiagramParts values('UG51-01_0689-01480012860', 'UG51-01_0689', 09, 'Owner&apos;s handbook E87 without iDrive', 'DA, MJ 2007', 1, to_date('20060901','YYYYMMDD'), to_date('20070301','YYYYMMDD'), '01480012860', '', '', false);
insert into DiagramParts values('UG51-01_0689-01490158983', 'UG51-01_0689', 10, 'Owner&apos;s handbook E87 without iDrive', 'PT, MJ 2005', 1, to_date('20040601','YYYYMMDD'), to_date('20050901','YYYYMMDD'), '01490158983', '', '', false);
insert into DiagramParts values('UG51-01_0689-01490159982', 'UG51-01_0689', 10, 'Owner&apos;s handbook E87 without iDrive', 'PT, MJ 2006', 1, to_date('20050901','YYYYMMDD'), to_date('20060901','YYYYMMDD'), '01490159982', '', '', false);
insert into DiagramParts values('UG51-01_0689-01490012861', 'UG51-01_0689', 10, 'Owner&apos;s handbook E87 without iDrive', 'PT, MJ 2007', 1, to_date('20060901','YYYYMMDD'), to_date('20070301','YYYYMMDD'), '01490012861', '', '', false);
insert into DiagramParts values('UG51-01_0689-01490158985', 'UG51-01_0689', 13, 'Owner&apos;s handbook E87 without iDrive', 'EL, MJ 2005', 1, to_date('20040601','YYYYMMDD'), to_date('20050901','YYYYMMDD'), '01490158985', '', '', false);
insert into DiagramParts values('UG51-01_0689-01490159983', 'UG51-01_0689', 13, 'Owner&apos;s handbook E87 without iDrive', 'EL, MJ 2006', 1, to_date('20050901','YYYYMMDD'), to_date('20060901','YYYYMMDD'), '01490159983', '', '', false);
insert into DiagramParts values('UG51-01_0689-01490012862', 'UG51-01_0689', 13, 'Owner&apos;s handbook E87 without iDrive', 'EL, MJ 2007', 1, to_date('20060901','YYYYMMDD'), to_date('20070301','YYYYMMDD'), '01490012862', '', '', false);
insert into Diagram values('UG51-01_0689','UG51-20030300','01-05','E87 120d   Owner&apos;s manual for E81, E87 w/o iDrive','');
insert into DiagramParts values('UG51-01_0690-01400159984', 'UG51-01_0690', 01, 'Owner&apos;s handbook E87 with iDrive', 'DE, MJ 2006', 1, to_date('20050901','YYYYMMDD'), to_date('20060901','YYYYMMDD'), '01400159984', '', '', false);
insert into DiagramParts values('UG51-01_0690-01400012915', 'UG51-01_0690', 01, 'Owner&apos;s handbook E87 with iDrive', 'DE, MJ 2007', 1, to_date('20060901','YYYYMMDD'), to_date('20070301','YYYYMMDD'), '01400012915', '', '', false);
insert into DiagramParts values('UG51-01_0690-01410159496', 'UG51-01_0690', 02, 'Owner&apos;s handbook E87 with iDrive', 'EN, MJ 2005', 1, to_date('20040601','YYYYMMDD'), to_date('20050901','YYYYMMDD'), '01410159496', '', '', false);
insert into DiagramParts values('UG51-01_0690-01410159985', 'UG51-01_0690', 02, 'Owner&apos;s handbook E87 with iDrive', 'EN, MJ 2006', 1, to_date('20050901','YYYYMMDD'), to_date('20060901','YYYYMMDD'), '01410159985', '', '', false);
insert into DiagramParts values('UG51-01_0690-01410012916', 'UG51-01_0690', 02, 'Owner&apos;s handbook E87 with iDrive', 'EN, MJ 2007', 1, to_date('20060901','YYYYMMDD'), to_date('20070301','YYYYMMDD'), '01410012916', '', '', false);
insert into DiagramParts values('UG51-01_0690-01420159497', 'UG51-01_0690', 03, 'Owner&apos;s handbook E87 with iDrive', 'FR, MJ 2005', 1, to_date('20040601','YYYYMMDD'), to_date('20050901','YYYYMMDD'), '01420159497', '', '', false);
insert into DiagramParts values('UG51-01_0690-01420159986', 'UG51-01_0690', 03, 'Owner&apos;s handbook E87 with iDrive', 'FR, MJ 2006', 1, to_date('20050901','YYYYMMDD'), to_date('20060901','YYYYMMDD'), '01420159986', '', '', false);
insert into DiagramParts values('UG51-01_0690-01420012917', 'UG51-01_0690', 03, 'Owner&apos;s handbook E87 with iDrive', 'FR, MJ 2007', 1, to_date('20060901','YYYYMMDD'), to_date('20070301','YYYYMMDD'), '01420012917', '', '', false);
insert into DiagramParts values('UG51-01_0690-01430159498', 'UG51-01_0690', 04, 'Owner&apos;s handbook E87 with iDrive', 'ES, MJ 2005', 1, to_date('20040601','YYYYMMDD'), to_date('20050901','YYYYMMDD'), '01430159498', '', '', false);
insert into DiagramParts values('UG51-01_0690-01430159987', 'UG51-01_0690', 04, 'Owner&apos;s handbook E87 with iDrive', 'ES, MJ 2006', 1, to_date('20050901','YYYYMMDD'), to_date('20060901','YYYYMMDD'), '01430159987', '', '', false);
insert into DiagramParts values('UG51-01_0690-01430012918', 'UG51-01_0690', 04, 'Owner&apos;s handbook E87 with iDrive', 'ES, MJ 2007', 1, to_date('20060901','YYYYMMDD'), to_date('20070301','YYYYMMDD'), '01430012918', '', '', false);
insert into DiagramParts values('UG51-01_0690-01440159499', 'UG51-01_0690', 05, 'Owner&apos;s handbook E87 with iDrive', 'IT, MJ 2005', 1, to_date('20040601','YYYYMMDD'), to_date('20050901','YYYYMMDD'), '01440159499', '', '', false);
insert into DiagramParts values('UG51-01_0690-01440159988', 'UG51-01_0690', 05, 'Owner&apos;s handbook E87 with iDrive', 'IT, MJ 2006', 1, to_date('20050901','YYYYMMDD'), to_date('20060901','YYYYMMDD'), '01440159988', '', '', false);
insert into DiagramParts values('UG51-01_0690-01440012919', 'UG51-01_0690', 05, 'Owner&apos;s handbook E87 with iDrive', 'IT, MJ 2007', 1, to_date('20060901','YYYYMMDD'), to_date('20070301','YYYYMMDD'), '01440012919', '', '', false);
insert into DiagramParts values('UG51-01_0690-01450159500', 'UG51-01_0690', 06, 'Owner&apos;s handbook E87 with iDrive', 'SV, MJ 2005', 1, to_date('20040601','YYYYMMDD'), to_date('20050901','YYYYMMDD'), '01450159500', '', '', false);
insert into DiagramParts values('UG51-01_0690-01450159989', 'UG51-01_0690', 06, 'Owner&apos;s handbook E87 with iDrive', 'SV, MJ 2006', 1, to_date('20050901','YYYYMMDD'), to_date('20060901','YYYYMMDD'), '01450159989', '', '', false);
insert into DiagramParts values('UG51-01_0690-01450012920', 'UG51-01_0690', 06, 'Owner&apos;s handbook E87 with iDrive', 'SV, MJ 2007', 1, to_date('20060901','YYYYMMDD'), to_date('20070301','YYYYMMDD'), '01450012920', '', '', false);
insert into DiagramParts values('UG51-01_0690-01460159501', 'UG51-01_0690', 07, 'Owner&apos;s handbook E87 with iDrive', 'NL, MJ 2005', 1, to_date('20040601','YYYYMMDD'), to_date('20050901','YYYYMMDD'), '01460159501', '', '', false);
insert into DiagramParts values('UG51-01_0690-01460159990', 'UG51-01_0690', 07, 'Owner&apos;s handbook E87 with iDrive', 'NL, MJ 2006', 1, to_date('20050901','YYYYMMDD'), to_date('20060901','YYYYMMDD'), '01460159990', '', '', false);
insert into DiagramParts values('UG51-01_0690-01460012921', 'UG51-01_0690', 07, 'Owner&apos;s handbook E87 with iDrive', 'NL, MJ 2007', 1, to_date('20060901','YYYYMMDD'), to_date('20070301','YYYYMMDD'), '01460012921', '', '', false);
insert into DiagramParts values('UG51-01_0690-01470159502', 'UG51-01_0690', 08, 'Owner&apos;s handbook E87 with iDrive', 'AR, MJ 2005', 1, to_date('20040601','YYYYMMDD'), to_date('20050901','YYYYMMDD'), '01470159502', '', '', false);
insert into DiagramParts values('UG51-01_0690-01470159991', 'UG51-01_0690', 08, 'Owner&apos;s handbook E87 with iDrive', 'AR, MJ 2006', 1, to_date('20050901','YYYYMMDD'), to_date('20060901','YYYYMMDD'), '01470159991', '', '', false);
insert into DiagramParts values('UG51-01_0690-01470012922', 'UG51-01_0690', 08, 'Owner&apos;s handbook E87 with iDrive', 'AR, MJ 2007', 1, to_date('20060901','YYYYMMDD'), to_date('20070301','YYYYMMDD'), '01470012922', '', '', false);
insert into DiagramParts values('UG51-01_0690-01480012923', 'UG51-01_0690', 08, 'Owner&apos;s handbook E87 with iDrive', 'DA, MJ 2007', 1, to_date('20060901','YYYYMMDD'), to_date('20070301','YYYYMMDD'), '01480012923', '', '', false);
insert into DiagramParts values('UG51-01_0690-01480159503', 'UG51-01_0690', 09, 'Owner&apos;s handbook E87 with iDrive', 'DA, MJ 2005', 1, to_date('20040601','YYYYMMDD'), to_date('20050901','YYYYMMDD'), '01480159503', '', '', false);
insert into DiagramParts values('UG51-01_0690-01480159992', 'UG51-01_0690', 09, 'Owner&apos;s handbook E87 with iDrive', 'DA, MJ 2006', 1, to_date('20050901','YYYYMMDD'), to_date('20060901','YYYYMMDD'), '01480159992', '', '', false);
insert into DiagramParts values('UG51-01_0690-01490159504', 'UG51-01_0690', 10, 'Owner&apos;s handbook E87 with iDrive', 'PT, MJ 2005', 1, to_date('20040601','YYYYMMDD'), to_date('20050901','YYYYMMDD'), '01490159504', '', '', false);
insert into DiagramParts values('UG51-01_0690-01490159993', 'UG51-01_0690', 10, 'Owner&apos;s handbook E87 with iDrive', 'PT, MJ 2006', 1, to_date('20050901','YYYYMMDD'), to_date('20060901','YYYYMMDD'), '01490159993', '', '', false);
insert into DiagramParts values('UG51-01_0690-01490012924', 'UG51-01_0690', 10, 'Owner&apos;s handbook E87 with iDrive', 'PT, MJ 2007', 1, to_date('20060901','YYYYMMDD'), to_date('20070301','YYYYMMDD'), '01490012924', '', '', false);
insert into DiagramParts values('UG51-01_0690-01490159505', 'UG51-01_0690', 13, 'Owner&apos;s handbook E87 with iDrive', 'EL, MJ 2005', 1, to_date('20040601','YYYYMMDD'), to_date('20050901','YYYYMMDD'), '01490159505', '', '', false);
insert into DiagramParts values('UG51-01_0690-01490159994', 'UG51-01_0690', 13, 'Owner&apos;s handbook E87 with iDrive', 'EL, MJ 2006', 1, to_date('20050901','YYYYMMDD'), to_date('20060901','YYYYMMDD'), '01490159994', '', '', false);
insert into DiagramParts values('UG51-01_0690-01490012925', 'UG51-01_0690', 13, 'Owner&apos;s handbook E87 with iDrive', 'EL, MJ 2007', 1, to_date('20060901','YYYYMMDD'), to_date('20070301','YYYYMMDD'), '01490012925', '', '', false);
insert into Diagram values('UG51-01_0690','UG51-20030300','01-05','E87 120d   Owner&apos;s manual for E81, E87 with iDrive','');
insert into DiagramParts values('UG51-01_0727-01400011871', 'UG51-01_0727', 01, 'Brief instructions E87 without iDrive', 'DE', 1, to_date('20050901','YYYYMMDD'), to_date('20070301','YYYYMMDD'), '01400011871', '', '', false);
insert into DiagramParts values('UG51-01_0727-01400011882', 'UG51-01_0727', 01, 'Brief instructions E87 with iDrive', 'DE', 1, to_date('20050901','YYYYMMDD'), to_date('20070301','YYYYMMDD'), '01400011882', '', '', false);
insert into DiagramParts values('UG51-01_0727-01410011883', 'UG51-01_0727', 02, 'Brief instructions E87 with iDrive', 'EN', 1, to_date('20050901','YYYYMMDD'), to_date('20070301','YYYYMMDD'), '01410011883', '', '', false);
insert into Diagram values('UG51-01_0727','UG51-20030300','01-05','E87 120d   Brief instructions E81, E82, E87, E','');
insert into Diagram values('UG51-01_0756','UG51-20030300','01-05','E87 120d   Mirror placard','');
insert into Diagram values('UG51-01_0780','UG51-20030300','01-05','E87 120d   Brochure Service Contact, BMW','');
insert into DiagramParts values('UG51-01_1080-01402918756', 'UG51-01_1080', 02, 'Supplement Owner&apos;s Manual license texts', 'MULTILINGUAL', 1, to_date('20130301','YYYYMMDD'), to_date('20130701','YYYYMMDD'), '01402918756', '', '', false);
insert into Diagram values('UG51-01_1080','UG51-20030300','01-05','E87 120d   Flyer, license texts for BMW','');
insert into DiagramParts values('UG51-01_0606-01400012026', 'UG51-01_0606', 01, 'Operating instructions, radio &quot;de&quot;', 'SA663', 1, to_date('20060901','YYYYMMDD'), to_date('20070301','YYYYMMDD'), '01400012026', '', '', false);
insert into DiagramParts values('UG51-01_0606-01400159098', 'UG51-01_0606', 01, 'Operating instructions, radio &quot;de&quot;', 'SA663', 1, to_date('20050301','YYYYMMDD'), to_date('20050901','YYYYMMDD'), '01400159098', '', '', false);
insert into DiagramParts values('UG51-01_0606-01410012027', 'UG51-01_0606', 02, 'Operating instructions, radio &quot;en&quot;', 'SA663', 1, to_date('20060901','YYYYMMDD'), to_date('20070301','YYYYMMDD'), '01410012027', '', '', false);
insert into DiagramParts values('UG51-01_0606-01410159099', 'UG51-01_0606', 02, 'Operating instructions, radio &quot;en&quot;', 'SA663', 1, to_date('20050301','YYYYMMDD'), to_date('20050901','YYYYMMDD'), '01410159099', '', '', false);
insert into DiagramParts values('UG51-01_0606-01420012028', 'UG51-01_0606', 03, 'Operating instructions, radio &quot;fr&quot;', 'SA663', 1, to_date('20060901','YYYYMMDD'), to_date('20070301','YYYYMMDD'), '01420012028', '', '', false);
insert into DiagramParts values('UG51-01_0606-01420159100', 'UG51-01_0606', 03, 'Operating instructions, radio &quot;fr&quot;', 'SA663', 1, to_date('20050301','YYYYMMDD'), to_date('20050901','YYYYMMDD'), '01420159100', '', '', false);
insert into DiagramParts values('UG51-01_0606-01430012029', 'UG51-01_0606', 04, 'Operating instructions, radio &quot;es&quot;', 'SA663', 1, to_date('20060901','YYYYMMDD'), to_date('20070301','YYYYMMDD'), '01430012029', '', '', false);
insert into DiagramParts values('UG51-01_0606-01430158404', 'UG51-01_0606', 04, 'Operating instructions, radio &quot;es&quot;', 'SA663', 1, to_date('20041201','YYYYMMDD'), to_date('20050301','YYYYMMDD'), '01430158404', '', '', false);
insert into DiagramParts values('UG51-01_0606-01430159101', 'UG51-01_0606', 04, 'Operating instructions, radio &quot;es&quot;', 'SA663', 1, to_date('20050301','YYYYMMDD'), to_date('20050901','YYYYMMDD'), '01430159101', '', '', false);
insert into DiagramParts values('UG51-01_0606-01440012030', 'UG51-01_0606', 05, 'Operating instructions, radio &quot;it&quot;', 'SA663', 1, to_date('20060901','YYYYMMDD'), to_date('20070301','YYYYMMDD'), '01440012030', '', '', false);
insert into DiagramParts values('UG51-01_0606-01440159102', 'UG51-01_0606', 05, 'Operating instructions, radio &quot;it&quot;', 'SA663', 1, to_date('20050301','YYYYMMDD'), to_date('20050901','YYYYMMDD'), '01440159102', '', '', false);
insert into DiagramParts values('UG51-01_0606-01450012031', 'UG51-01_0606', 06, 'Operating instructions, radio &quot;sv&quot;', 'SA663', 1, to_date('20060901','YYYYMMDD'), to_date('20070301','YYYYMMDD'), '01450012031', '', '', false);
insert into DiagramParts values('UG51-01_0606-01450159103', 'UG51-01_0606', 06, 'Operating instructions, radio &quot;sv&quot;', 'SA663', 1, to_date('20050301','YYYYMMDD'), to_date('20050901','YYYYMMDD'), '01450159103', '', '', false);
insert into DiagramParts values('UG51-01_0606-01460012032', 'UG51-01_0606', 07, 'Operating instructions, radio &quot;nl&quot;', 'SA663', 1, to_date('20060901','YYYYMMDD'), to_date('20070301','YYYYMMDD'), '01460012032', '', '', false);
insert into DiagramParts values('UG51-01_0606-01460159104', 'UG51-01_0606', 07, 'Operating instructions, radio &quot;nl&quot;', 'SA663', 1, to_date('20050301','YYYYMMDD'), to_date('20050901','YYYYMMDD'), '01460159104', '', '', false);
insert into DiagramParts values('UG51-01_0606-01470012033', 'UG51-01_0606', 08, 'Operating instructions, radio &quot;ar&quot;', 'SA663', 1, to_date('20060901','YYYYMMDD'), to_date('20070301','YYYYMMDD'), '01470012033', '', '', false);
insert into DiagramParts values('UG51-01_0606-01470159105', 'UG51-01_0606', 08, 'Operating instructions, radio &quot;ar&quot;', 'SA663', 1, to_date('20050301','YYYYMMDD'), to_date('20050901','YYYYMMDD'), '01470159105', '', '', false);
insert into DiagramParts values('UG51-01_0606-01480012034', 'UG51-01_0606', 09, 'Operating instructions, radio &quot;da&quot;', 'SA663', 1, to_date('20060901','YYYYMMDD'), to_date('20070301','YYYYMMDD'), '01480012034', '', '', false);
insert into DiagramParts values('UG51-01_0606-01480159106', 'UG51-01_0606', 09, 'Operating instructions, radio &quot;da&quot;', 'SA663', 1, to_date('20050301','YYYYMMDD'), to_date('20050901','YYYYMMDD'), '01480159106', '', '', false);
insert into DiagramParts values('UG51-01_0606-01490012035', 'UG51-01_0606', 10, 'Operating instructions, radio &quot;pt&quot;', 'SA663', 1, to_date('20060901','YYYYMMDD'), to_date('20070301','YYYYMMDD'), '01490012035', '', '', false);
insert into DiagramParts values('UG51-01_0606-01490159107', 'UG51-01_0606', 10, 'Operating instructions, radio &quot;pt&quot;', 'SA663', 1, to_date('20050301','YYYYMMDD'), to_date('20050901','YYYYMMDD'), '01490159107', '', '', false);
insert into DiagramParts values('UG51-01_0606-01490012037', 'UG51-01_0606', 13, 'Operating instructions, radio &quot;el&quot;', 'SA663', 1, to_date('20060901','YYYYMMDD'), to_date('20070301','YYYYMMDD'), '01490012037', '', '', false);
insert into DiagramParts values('UG51-01_0606-01490159109', 'UG51-01_0606', 13, 'Operating instructions, radio &quot;el&quot;', 'SA663', 1, to_date('20050301','YYYYMMDD'), to_date('20050901','YYYYMMDD'), '01490159109', '', '', false);
insert into DiagramParts values('UG51-01_0606-01490012036', 'UG51-01_0606', 14, 'Operating instructions, radio &quot;zh&quot;', 'SA663', 1, to_date('20060901','YYYYMMDD'), to_date('20070301','YYYYMMDD'), '01490012036', '', '', false);
insert into Diagram values('UG51-01_0606','UG51-20030300','01-12','E87 120d   Radio E81,E82,E87,E88, E90,E91,E92,E93','');
insert into DiagramParts values('UG51-01_0302-01400011822', 'UG51-01_0302', 01, 'Owner&apos;s handbook, telephone &quot;de&quot;', 'SA633, SA644', 1, to_date('20050901','YYYYMMDD'), to_date('20060901','YYYYMMDD'), '01400011822', '', '', false);
insert into DiagramParts values('UG51-01_0302-01400012071', 'UG51-01_0302', 01, 'Owner&apos;s handbook, telephone &quot;de&quot;', 'SA633, SA644', 1, to_date('20060901','YYYYMMDD'), to_date('20070301','YYYYMMDD'), '01400012071', '', '', false);
insert into DiagramParts values('UG51-01_0302-01400014355', 'UG51-01_0302', 01, 'Owner&apos;s handbook, telephone &quot;de&quot;', 'SA633, SA644', 1, to_date('20070901','YYYYMMDD'), to_date('20080301','YYYYMMDD'), '01400014355', '', '', false);
insert into DiagramParts values('UG51-01_0302-01402600073', 'UG51-01_0302', 01, 'Owner&apos;s handbook, telephone &quot;de&quot;', 'SA633, SA644', 1, to_date('20050901','YYYYMMDD'), to_date('20060301','YYYYMMDD'), '01402600073', '', '', false);
insert into DiagramParts values('UG51-01_0302-01400012059', 'UG51-01_0302', 01, 'Owner&apos;s handbook, telephone &quot;de&quot;', 'SA633, SA644', 1, to_date('20060301','YYYYMMDD'), to_date('20060901','YYYYMMDD'), '01400012059', '', '', false);
insert into DiagramParts values('UG51-01_0302-01410011823', 'UG51-01_0302', 02, 'Owner&apos;s handbook, telephone &quot;en&quot;', 'SA633, SA644', 1, to_date('20050901','YYYYMMDD'), to_date('20060901','YYYYMMDD'), '01410011823', '', '', false);
insert into DiagramParts values('UG51-01_0302-01410012072', 'UG51-01_0302', 02, 'Owner&apos;s handbook, telephone &quot;en&quot;', 'SA633, SA644', 1, to_date('20060901','YYYYMMDD'), to_date('20070301','YYYYMMDD'), '01410012072', '', '', false);
insert into DiagramParts values('UG51-01_0302-01410014356', 'UG51-01_0302', 02, 'Owner&apos;s handbook, telephone &quot;en&quot;', 'SA633, SA644', 1, to_date('20070901','YYYYMMDD'), to_date('20080301','YYYYMMDD'), '01410014356', '', '', false);
insert into DiagramParts values('UG51-01_0302-01412600074', 'UG51-01_0302', 02, 'Owner&apos;s handbook, telephone &quot;en&quot;', 'SA633, SA644', 1, to_date('20050901','YYYYMMDD'), to_date('20060301','YYYYMMDD'), '01412600074', '', '', false);
insert into DiagramParts values('UG51-01_0302-01410012060', 'UG51-01_0302', 02, 'Owner&apos;s handbook, telephone &quot;en&quot;', 'SA633, SA644', 1, to_date('20060301','YYYYMMDD'), to_date('20060901','YYYYMMDD'), '01410012060', '', '', false);
insert into DiagramParts values('UG51-01_0302-01420011824', 'UG51-01_0302', 03, 'Owner&apos;s handbook, telephone &quot;fr&quot;', 'SA633, SA644', 1, to_date('20050901','YYYYMMDD'), to_date('20060901','YYYYMMDD'), '01420011824', '', '', false);
insert into DiagramParts values('UG51-01_0302-01420012073', 'UG51-01_0302', 03, 'Owner&apos;s handbook, telephone &quot;fr&quot;', 'SA633, SA644', 1, to_date('20060901','YYYYMMDD'), to_date('20070301','YYYYMMDD'), '01420012073', '', '', false);
insert into DiagramParts values('UG51-01_0302-01420014357', 'UG51-01_0302', 03, 'Owner&apos;s handbook, telephone &quot;fr&quot;', 'SA633, SA644', 1, to_date('20070901','YYYYMMDD'), to_date('20080301','YYYYMMDD'), '01420014357', '', '', false);
insert into DiagramParts values('UG51-01_0302-01422600075', 'UG51-01_0302', 03, 'Owner&apos;s handbook, telephone &quot;fr&quot;', 'SA633, SA644', 1, to_date('20050901','YYYYMMDD'), to_date('20060301','YYYYMMDD'), '01422600075', '', '', false);
insert into DiagramParts values('UG51-01_0302-01420012061', 'UG51-01_0302', 03, 'Owner&apos;s handbook, telephone &quot;fr&quot;', 'SA633, SA644', 1, to_date('20060301','YYYYMMDD'), to_date('20060901','YYYYMMDD'), '01420012061', '', '', false);
insert into DiagramParts values('UG51-01_0302-01430011825', 'UG51-01_0302', 04, 'Owner&apos;s handbook, telephone &quot;es&quot;', 'SA633, SA644', 1, to_date('20050901','YYYYMMDD'), to_date('20060901','YYYYMMDD'), '01430011825', '', '', false);
insert into DiagramParts values('UG51-01_0302-01430012074', 'UG51-01_0302', 04, 'Owner&apos;s handbook, telephone &quot;es&quot;', 'SA633, SA644', 1, to_date('20060901','YYYYMMDD'), to_date('20070301','YYYYMMDD'), '01430012074', '', '', false);
insert into DiagramParts values('UG51-01_0302-01430014358', 'UG51-01_0302', 04, 'Owner&apos;s handbook, telephone &quot;es&quot;', 'SA633, SA644', 1, to_date('20070901','YYYYMMDD'), to_date('20080301','YYYYMMDD'), '01430014358', '', '', false);
insert into DiagramParts values('UG51-01_0302-01432600076', 'UG51-01_0302', 04, 'Owner&apos;s handbook, telephone &quot;es&quot;', 'SA633, SA644', 1, to_date('20050901','YYYYMMDD'), to_date('20060301','YYYYMMDD'), '01432600076', '', '', false);
insert into DiagramParts values('UG51-01_0302-01430012062', 'UG51-01_0302', 04, 'Owner&apos;s handbook, telephone &quot;es&quot;', 'SA633, SA644', 1, to_date('20060301','YYYYMMDD'), to_date('20060901','YYYYMMDD'), '01430012062', '', '', false);
insert into DiagramParts values('UG51-01_0302-01440011826', 'UG51-01_0302', 05, 'Owner&apos;s handbook, telephone &quot;it&quot;', 'SA633, SA644', 1, to_date('20050901','YYYYMMDD'), to_date('20060901','YYYYMMDD'), '01440011826', '', '', false);
insert into DiagramParts values('UG51-01_0302-01440012075', 'UG51-01_0302', 05, 'Owner&apos;s handbook, telephone &quot;it&quot;', 'SA633, SA644', 1, to_date('20060901','YYYYMMDD'), to_date('20070301','YYYYMMDD'), '01440012075', '', '', false);
insert into DiagramParts values('UG51-01_0302-01440014359', 'UG51-01_0302', 05, 'Owner&apos;s handbook, telephone &quot;it&quot;', 'SA633, SA644', 1, to_date('20070901','YYYYMMDD'), to_date('20080301','YYYYMMDD'), '01440014359', '', '', false);
insert into DiagramParts values('UG51-01_0302-01442600077', 'UG51-01_0302', 05, 'Owner&apos;s handbook, telephone &quot;it&quot;', 'SA633, SA644', 1, to_date('20050901','YYYYMMDD'), to_date('20060301','YYYYMMDD'), '01442600077', '', '', false);
insert into DiagramParts values('UG51-01_0302-01440012063', 'UG51-01_0302', 05, 'Owner&apos;s handbook, telephone &quot;it&quot;', 'SA633, SA644', 1, to_date('20060301','YYYYMMDD'), to_date('20060901','YYYYMMDD'), '01440012063', '', '', false);
insert into DiagramParts values('UG51-01_0302-01450011827', 'UG51-01_0302', 06, 'Owner&apos;s handbook, telephone &quot;sv&quot;', 'SA633, SA644', 1, to_date('20050901','YYYYMMDD'), to_date('20060901','YYYYMMDD'), '01450011827', '', '', false);
insert into DiagramParts values('UG51-01_0302-01450012076', 'UG51-01_0302', 06, 'Owner&apos;s handbook, telephone &quot;sv&quot;', 'SA633, SA644', 1, to_date('20060901','YYYYMMDD'), to_date('20070301','YYYYMMDD'), '01450012076', '', '', false);
insert into DiagramParts values('UG51-01_0302-01450014360', 'UG51-01_0302', 06, 'Owner&apos;s handbook, telephone &quot;sv&quot;', 'SA633, SA644', 1, to_date('20070901','YYYYMMDD'), to_date('20080301','YYYYMMDD'), '01450014360', '', '', false);
insert into DiagramParts values('UG51-01_0302-01452600078', 'UG51-01_0302', 06, 'Owner&apos;s handbook, telephone &quot;sv&quot;', 'SA633, SA644', 1, to_date('20050901','YYYYMMDD'), to_date('20060301','YYYYMMDD'), '01452600078', '', '', false);
insert into DiagramParts values('UG51-01_0302-01450012064', 'UG51-01_0302', 06, 'Owner&apos;s handbook, telephone &quot;sv&quot;', 'SA633, SA644', 1, to_date('20060301','YYYYMMDD'), to_date('20060901','YYYYMMDD'), '01450012064', '', '', false);
insert into DiagramParts values('UG51-01_0302-01460011828', 'UG51-01_0302', 07, 'Owner&apos;s handbook, telephone &quot;nl&quot;', 'SA633, SA644', 1, to_date('20050901','YYYYMMDD'), to_date('20060901','YYYYMMDD'), '01460011828', '', '', false);
insert into DiagramParts values('UG51-01_0302-01460012077', 'UG51-01_0302', 07, 'Owner&apos;s handbook, telephone &quot;nl&quot;', 'SA633, SA644', 1, to_date('20060901','YYYYMMDD'), to_date('20070301','YYYYMMDD'), '01460012077', '', '', false);
insert into DiagramParts values('UG51-01_0302-01460014361', 'UG51-01_0302', 07, 'Owner&apos;s handbook, telephone &quot;nl&quot;', 'SA633, SA644', 1, to_date('20070901','YYYYMMDD'), to_date('20080301','YYYYMMDD'), '01460014361', '', '', false);
insert into DiagramParts values('UG51-01_0302-01462600079', 'UG51-01_0302', 07, 'Owner&apos;s handbook, telephone &quot;nl&quot;', 'SA633, SA644', 1, to_date('20050901','YYYYMMDD'), to_date('20060301','YYYYMMDD'), '01462600079', '', '', false);
insert into DiagramParts values('UG51-01_0302-01460012065', 'UG51-01_0302', 07, 'Owner&apos;s handbook, telephone &quot;nl&quot;', 'SA633, SA644', 1, to_date('20060301','YYYYMMDD'), to_date('20060901','YYYYMMDD'), '01460012065', '', '', false);
insert into DiagramParts values('UG51-01_0302-01470011829', 'UG51-01_0302', 08, 'Owner&apos;s handbook, telephone &quot;ar&quot;', 'SA633, SA644', 1, to_date('20050901','YYYYMMDD'), to_date('20060901','YYYYMMDD'), '01470011829', '', '', false);
insert into DiagramParts values('UG51-01_0302-01470012078', 'UG51-01_0302', 08, 'Owner&apos;s handbook, telephone &quot;ar&quot;', 'SA633, SA644', 1, to_date('20060901','YYYYMMDD'), to_date('20070301','YYYYMMDD'), '01470012078', '', '', false);
insert into DiagramParts values('UG51-01_0302-01470014362', 'UG51-01_0302', 08, 'Owner&apos;s handbook, telephone &quot;ar&quot;', 'SA633, SA644', 1, to_date('20070901','YYYYMMDD'), to_date('20080301','YYYYMMDD'), '01470014362', '', '', false);
insert into DiagramParts values('UG51-01_0302-01472600080', 'UG51-01_0302', 08, 'Owner&apos;s handbook, telephone &quot;ar&quot;', 'SA633, SA644', 1, to_date('20050901','YYYYMMDD'), to_date('20060301','YYYYMMDD'), '01472600080', '', '', false);
insert into DiagramParts values('UG51-01_0302-01470012066', 'UG51-01_0302', 08, 'Owner&apos;s handbook, telephone &quot;ar&quot;', 'SA633, SA644', 1, to_date('20060301','YYYYMMDD'), to_date('20060901','YYYYMMDD'), '01470012066', '', '', false);
insert into DiagramParts values('UG51-01_0302-01480011830', 'UG51-01_0302', 09, 'Owner&apos;s handbook, telephone &quot;da&quot;', 'SA633, SA644', 1, to_date('20050901','YYYYMMDD'), to_date('20060901','YYYYMMDD'), '01480011830', '', '', false);
insert into DiagramParts values('UG51-01_0302-01480012079', 'UG51-01_0302', 09, 'Owner&apos;s handbook, telephone &quot;da&quot;', 'SA633, SA644', 1, to_date('20060901','YYYYMMDD'), to_date('20070301','YYYYMMDD'), '01480012079', '', '', false);
insert into DiagramParts values('UG51-01_0302-01480014363', 'UG51-01_0302', 09, 'Owner&apos;s handbook, telephone &quot;da&quot;', 'SA633, SA644', 1, to_date('20070901','YYYYMMDD'), to_date('20080301','YYYYMMDD'), '01480014363', '', '', false);
insert into DiagramParts values('UG51-01_0302-01482600081', 'UG51-01_0302', 09, 'Owner&apos;s handbook, telephone &quot;da&quot;', 'SA633, SA644', 1, to_date('20050901','YYYYMMDD'), to_date('20060301','YYYYMMDD'), '01482600081', '', '', false);
insert into DiagramParts values('UG51-01_0302-01480012067', 'UG51-01_0302', 09, 'Owner&apos;s handbook, telephone &quot;da&quot;', 'SA633, SA644', 1, to_date('20060301','YYYYMMDD'), to_date('20060901','YYYYMMDD'), '01480012067', '', '', false);
insert into DiagramParts values('UG51-01_0302-01490011831', 'UG51-01_0302', 10, 'Owner&apos;s handbook, telephone &quot;pt&quot;', 'SA633, SA644', 1, to_date('20050901','YYYYMMDD'), to_date('20060901','YYYYMMDD'), '01490011831', '', '', false);
insert into DiagramParts values('UG51-01_0302-01490012080', 'UG51-01_0302', 10, 'Owner&apos;s handbook, telephone &quot;pt&quot;', 'SA633, SA644', 1, to_date('20060901','YYYYMMDD'), to_date('20070301','YYYYMMDD'), '01490012080', '', '', false);
insert into DiagramParts values('UG51-01_0302-01490014364', 'UG51-01_0302', 10, 'Owner&apos;s handbook, telephone &quot;pt&quot;', 'SA633, SA644', 1, to_date('20070901','YYYYMMDD'), to_date('20080301','YYYYMMDD'), '01490014364', '', '', false);
insert into DiagramParts values('UG51-01_0302-01492600082', 'UG51-01_0302', 10, 'Owner&apos;s handbook, telephone &quot;pt&quot;', 'SA633, SA644', 1, to_date('20050901','YYYYMMDD'), to_date('20060301','YYYYMMDD'), '01492600082', '', '', false);
insert into DiagramParts values('UG51-01_0302-01490012068', 'UG51-01_0302', 10, 'Owner&apos;s handbook, telephone &quot;pt&quot;', 'SA633, SA644', 1, to_date('20060301','YYYYMMDD'), to_date('20060901','YYYYMMDD'), '01490012068', '', '', false);
insert into DiagramParts values('UG51-01_0302-01490011833', 'UG51-01_0302', 13, 'Owner&apos;s handbook, telephone &quot;el&quot;', 'SA633, SA644', 1, to_date('20050901','YYYYMMDD'), to_date('20060901','YYYYMMDD'), '01490011833', '', '', false);
insert into DiagramParts values('UG51-01_0302-01490014366', 'UG51-01_0302', 13, 'Owner&apos;s handbook, telephone &quot;el&quot;', 'SA633, SA644', 1, to_date('20070901','YYYYMMDD'), to_date('20080301','YYYYMMDD'), '01490014366', '', '', false);
insert into DiagramParts values('UG51-01_0302-01492600084', 'UG51-01_0302', 13, 'Owner&apos;s handbook, telephone &quot;el&quot;', 'SA633, SA644', 1, to_date('20050901','YYYYMMDD'), to_date('20060301','YYYYMMDD'), '01492600084', '', '', false);
insert into DiagramParts values('UG51-01_0302-01490012070', 'UG51-01_0302', 13, 'Owner&apos;s handbook, telephone &quot;el&quot;', 'SA633, SA644', 1, to_date('20060301','YYYYMMDD'), to_date('20060901','YYYYMMDD'), '01490012070', '', '', false);
insert into DiagramParts values('UG51-01_0302-01490011832', 'UG51-01_0302', 14, 'Owner&apos;s handbook, telephone &quot;zh&quot;', 'SA633, SA644', 1, to_date('20050901','YYYYMMDD'), to_date('20060901','YYYYMMDD'), '01490011832', '', '', false);
insert into DiagramParts values('UG51-01_0302-01490014365', 'UG51-01_0302', 14, 'Owner&apos;s handbook, telephone &quot;zh&quot;', 'SA633, SA644', 1, to_date('20070901','YYYYMMDD'), to_date('20080301','YYYYMMDD'), '01490014365', '', '', false);
insert into DiagramParts values('UG51-01_0302-01492600083', 'UG51-01_0302', 14, 'Owner&apos;s handbook, telephone &quot;zh&quot;', 'SA633, SA644', 1, to_date('20050901','YYYYMMDD'), to_date('20060301','YYYYMMDD'), '01492600083', '', '', false);
insert into DiagramParts values('UG51-01_0302-01490012069', 'UG51-01_0302', 14, 'Owner&apos;s handbook, telephone &quot;zh&quot;', 'SA633, SA644', 1, to_date('20060301','YYYYMMDD'), to_date('20060901','YYYYMMDD'), '01490012069', '', '', false);
insert into Diagram values('UG51-01_0302','UG51-20030300','01-14','E87 120d   Universal BMW mobile phone preparat.','');
insert into Diagram values('UG51-01_1128','UG51-20030300','01-19','E87 120d   EC Certificate of Conformity','');
insert into Diagram values('UG51-01_0169','UG51-20030300','01-21','E87 120d   Logbook slipcase BMW','');
insert into Diagram values('UG51-01_1140','UG51-20030300','01-21','E87 120d   Logbook slipcase BMW','');
insert into DiagramParts values('UG51-01_0029-01410159011', 'UG51-01_0029', 01, 'Supplem. to owner&apos;s manual, Australia', 'E87, MJ 05', 1, to_date('20041201','YYYYMMDD'), to_date('20050901','YYYYMMDD'), '01410159011', '', '', false);
insert into DiagramParts values('UG51-01_0029-01412600068', 'UG51-01_0029', 01, 'Supplem. to owner&apos;s manual, Australia', 'E87, MJ 2006', 1, to_date('20050901','YYYYMMDD'), to_date('20060301','YYYYMMDD'), '01412600068', '', '', false);
insert into DiagramParts values('UG51-01_0029-01410012043', 'UG51-01_0029', 01, 'Supplem. to owner&apos;s manual, Australia', 'E87, MJ 2006', 1, to_date('20060301','YYYYMMDD'), to_date('20070301','YYYYMMDD'), '01410012043', '', '', false);
insert into Diagram values('UG51-01_0029','UG51-20030300','01-24','E87 120d   Supplem. to owner&apos;s manual, Australia','');
insert into DiagramParts values('UG51-01_0589-01400011971', 'UG51-01_0589', 01, 'Service booklet, German', 'E87, E90, E91', 1, to_date('20040601','YYYYMMDD'), to_date('20060901','YYYYMMDD'), '01400011971', '', '', false);
insert into DiagramParts values('UG51-01_0589-01400013061', 'UG51-01_0589', 01, 'Service booklet, German', 'E8X, E9X', 1, to_date('20060901','YYYYMMDD'), to_date('20070901','YYYYMMDD'), '01400013061', '', '', false);
insert into DiagramParts values('UG51-01_0589-01410011972', 'UG51-01_0589', 02, 'Service booklet, English', 'E87, E90, E91', 1, to_date('20040601','YYYYMMDD'), to_date('20060901','YYYYMMDD'), '01410011972', '', '', false);
insert into DiagramParts values('UG51-01_0589-01410013062', 'UG51-01_0589', 02, 'Service booklet, English', 'E8X, E9X', 1, to_date('20060901','YYYYMMDD'), to_date('20070901','YYYYMMDD'), '01410013062', '', '', false);
insert into DiagramParts values('UG51-01_0589-01420011973', 'UG51-01_0589', 03, 'Service booklet, French', 'E87, E90, E91', 1, to_date('20040601','YYYYMMDD'), to_date('20060901','YYYYMMDD'), '01420011973', '', '', false);
insert into DiagramParts values('UG51-01_0589-01420013063', 'UG51-01_0589', 03, 'Service booklet, French', 'E8X, E9X', 1, to_date('20060901','YYYYMMDD'), to_date('20070901','YYYYMMDD'), '01420013063', '', '', false);
insert into DiagramParts values('UG51-01_0589-01430011974', 'UG51-01_0589', 04, 'Service booklet, Spanish', 'E87, E90, E91', 1, to_date('20040601','YYYYMMDD'), to_date('20060901','YYYYMMDD'), '01430011974', '', '', false);
insert into DiagramParts values('UG51-01_0589-01430013064', 'UG51-01_0589', 04, 'Service booklet, Spanish', 'E8X, E9X', 1, to_date('20060901','YYYYMMDD'), to_date('20070901','YYYYMMDD'), '01430013064', '', '', false);
insert into DiagramParts values('UG51-01_0589-01440011975', 'UG51-01_0589', 05, 'Service booklet, Italian', 'E87, E90, E91', 1, to_date('20040601','YYYYMMDD'), to_date('20060901','YYYYMMDD'), '01440011975', '', '', false);
insert into DiagramParts values('UG51-01_0589-01440013065', 'UG51-01_0589', 05, 'Service booklet, Italian', 'E8X, E9X', 1, to_date('20060901','YYYYMMDD'), to_date('20070901','YYYYMMDD'), '01440013065', '', '', false);
insert into DiagramParts values('UG51-01_0589-01450011976', 'UG51-01_0589', 06, 'Service booklet, Swedish', 'E87, E90, E91', 1, to_date('20040601','YYYYMMDD'), to_date('20060901','YYYYMMDD'), '01450011976', '', '', false);
insert into DiagramParts values('UG51-01_0589-01450013066', 'UG51-01_0589', 06, 'Service booklet, Swedish', 'E8X, E9X', 1, to_date('20060901','YYYYMMDD'), to_date('20070901','YYYYMMDD'), '01450013066', '', '', false);
insert into DiagramParts values('UG51-01_0589-01460011977', 'UG51-01_0589', 07, 'Service booklet, Dutch', 'E87, E90, E91', 1, to_date('20040601','YYYYMMDD'), to_date('20060901','YYYYMMDD'), '01460011977', '', '', false);
insert into DiagramParts values('UG51-01_0589-01460013067', 'UG51-01_0589', 07, 'Service booklet, Dutch', 'E8X, E9X', 1, to_date('20060901','YYYYMMDD'), to_date('20070901','YYYYMMDD'), '01460013067', '', '', false);
insert into DiagramParts values('UG51-01_0589-01470011978', 'UG51-01_0589', 08, 'Service booklet, Arabic', 'E87, E90, E91', 1, to_date('20040601','YYYYMMDD'), to_date('20060901','YYYYMMDD'), '01470011978', '', '', false);
insert into DiagramParts values('UG51-01_0589-01470013068', 'UG51-01_0589', 08, 'Service booklet, Arabic', 'E8X, E9X', 1, to_date('20060901','YYYYMMDD'), to_date('20070901','YYYYMMDD'), '01470013068', '', '', false);
insert into DiagramParts values('UG51-01_0589-01480011979', 'UG51-01_0589', 09, 'Service booklet, Danish', 'E87, E90, E91', 1, to_date('20040601','YYYYMMDD'), to_date('20060901','YYYYMMDD'), '01480011979', '', '', false);
insert into DiagramParts values('UG51-01_0589-01480013069', 'UG51-01_0589', 09, 'Service booklet, Danish', 'E8X, E9X', 1, to_date('20060901','YYYYMMDD'), to_date('20070901','YYYYMMDD'), '01480013069', '', '', false);
insert into DiagramParts values('UG51-01_0589-01490011980', 'UG51-01_0589', 10, 'Service booklet, Portuguese', 'E87, E90, E91', 1, to_date('20040601','YYYYMMDD'), to_date('20060901','YYYYMMDD'), '01490011980', '', '', false);
insert into DiagramParts values('UG51-01_0589-01490013070', 'UG51-01_0589', 10, 'Service booklet, Portuguese', 'E8X, E9X', 1, to_date('20060901','YYYYMMDD'), to_date('20070901','YYYYMMDD'), '01490013070', '', '', false);
insert into DiagramParts values('UG51-01_0589-01490011982', 'UG51-01_0589', 11, 'Service booklet, greek', 'E87, E90, E91', 1, to_date('20040601','YYYYMMDD'), to_date('20060901','YYYYMMDD'), '01490011982', '', '', false);
insert into DiagramParts values('UG51-01_0589-01490013071', 'UG51-01_0589', 11, 'Service booklet, greek', 'E8X, E9X', 1, to_date('20060901','YYYYMMDD'), to_date('20070901','YYYYMMDD'), '01490013071', '', '', false);
insert into DiagramParts values('UG51-01_0589-01490011981', 'UG51-01_0589', 12, 'Service booklet, Chinese', 'E87, E90, E91', 1, to_date('20040601','YYYYMMDD'), to_date('20060901','YYYYMMDD'), '01490011981', '', '', false);
insert into DiagramParts values('UG51-01_0589-01490013596', 'UG51-01_0589', 12, 'Service booklet, Chinese', 'E8X, E9X', 1, to_date('20060901','YYYYMMDD'), to_date('20070901','YYYYMMDD'), '01490013596', '', '', false);
insert into DiagramParts values('UG51-01_0589-01490013656', 'UG51-01_0589', 13, 'Service manual in Korean', 'E8X, E9X', 1, to_date('20060901','YYYYMMDD'), to_date('20070901','YYYYMMDD'), '01490013656', '', '', false);
insert into Diagram values('UG51-01_0589','UG51-20030300','01-26','E87 120d   BMW Service booklet 2004 - 2008','');
insert into Diagram values('UG51-01_0670','UG51-20030300','01-35','E87 120d   battery charge calendar','');
insert into Diagram values('UG51-01_0681','UG51-20030300','01-40','E87 120d   BMW Service plug unit','');
insert into Diagram values('UG51-01_0680','UG51-20030300','01-46','E87 120d   Service information, BMW','');
insert into Diagram values('UG51-01_0233','UG51-20030300','01-52','E87 120d   Mounting information, Owner&apos;s Manual BMW','');
insert into Diagram values('UG51-01_0299','UG51-20030300','01-52','E87 120d   BMW assembly instructions','');
insert into Diagram values('UG51-01_0635','UG51-20030300','01-60','E87 120d   BMW form','');
insert into Diagram values('UG51-01_0636','UG51-20030300','01-62','E87 120d   Trailer, BMW','');
insert into Diagram values('UG51-01_0637','UG51-20030300','01-64','E87 120d   Sticker, BMW','');
insert into Diagram values('UG51-01_0639','UG51-20030300','01-65','E87 120d   Labels BMW','');
insert into Diagram values('UG51-01_0612','UG51-20030300','01-70','E87 120d   CD/DVD SIP German BMW','');
insert into DiagramParts values('UG51-01_0671-01399789699', 'UG51-01_0671', 01, 'CD literature', 'LITERATUR', 1, to_date('19820901','YYYYMMDD'), to_date('19901201','YYYYMMDD'), '01399789699', '$8.11', '', false);
insert into Diagram values('UG51-01_0671','UG51-20030300','01-70','E87 120d   BMW CD/DVD miscellaneous','');
insert into Diagram values('UG51-01_0737','UG51-20030300','01-70','E87 120d   CD/DVD SIP complete vehicle BMW','');
insert into Diagram values('UG51-01_1172','UG51-20030300','01-70','E87 120d   DVD Web Based Training','');
insert into Diagram values('UG51-01_1045','UG51-20030300','01-94','E87 120d   Samples, upholstery colors, leather/fabr','');
insert into Diagram values('UG51-01_1046','UG51-20030300','01-94','E87 120d   Sample page, upholstery colors, fabric','');
insert into Diagram values('UG51-01_1047','UG51-20030300','01-94','E87 120d   Sample chart, upholstery colors, leather','');
insert into Diagram values('UG51-01_1048','UG51-20030300','01-94','E87 120d   Sample chart with interior moldings','');
insert into Diagram values('UG51-01_1049','UG51-20030300','01-94','E87 120d   Sample chart with interior moldings','');
insert into Diagram values('UG51-01_1050','UG51-20030300','01-94','E87 120d   Sample chart with interior moldings','');
insert into Diagram values('UG51-01_1051','UG51-20030300','01-94','E87 120d   Sample chart with interior colors','');
insert into Diagram values('UG51-01_1052','UG51-20030300','01-94','E87 120d   Sample chart with interior colors','');
insert into Diagram values('UG51-11_2175','UG51-20030300','11-05','E87 120d   Short Engine','');
insert into Diagram values('UG51-11_3306','UG51-20030300','11-10','E87 120d   Engine block','');
insert into Diagram values('UG51-11_3307','UG51-20030300','11-10','E87 120d   Engine Block Mounting Parts','');
insert into Diagram values('UG51-11_3660','UG51-20030300','11-10','E87 120d   OIL PAN/OIL LEVEL INDICATOR','');
insert into Diagram values('UG51-11_3661','UG51-20030300','11-10','E87 120d   LOWER TIMING CASE','');
insert into Diagram values('UG51-11_3310','UG51-20030300','11-15','E87 120d   Cylinder Head','');
insert into Diagram values('UG51-11_3311','UG51-20030300','11-15','E87 120d   Cylinder Head Attached Parts','');
insert into Diagram values('UG51-11_3668','UG51-20030300','11-15','E87 120d   Cylinder head cover','');
insert into Diagram values('UG51-11_3313','UG51-20030300','11-18','E87 120d   Belt Drive-Vibration Damper','');
insert into Diagram values('UG51-11_3662','UG51-20030300','11-18','E87 120d   Belt Drive Water Pump/Alternator','');
insert into Diagram values('UG51-11_3663','UG51-20030300','11-18','E87 120d   Belt Drive f power steering pump','');
insert into Diagram values('UG51-11_2097','UG51-20030300','11-20','E87 120d   Crankshaft-Pistons','');
insert into Diagram values('UG51-11_3314','UG51-20030300','11-20','E87 120d   Crankshaft With Bearing Shells','');
insert into Diagram values('UG51-11_3317','UG51-20030300','11-20','E87 120d   Flywheel automatic','');
insert into Diagram values('UG51-11_3320','UG51-20030300','11-20','E87 120d   Crankshaft drive mass compensator','');
insert into Diagram values('UG51-11_3533','UG51-20030300','11-20','E87 120d   Flywheel / Twin Mass Flywheel','');
insert into Diagram values('UG51-11_3833','UG51-20030300','11-20','E87 120d   Crankshaft Connecting Rod','');
insert into Diagram values('UG51-11_3318','UG51-20030300','11-25','E87 120d   Timing - Timing Chain Lower P','');
insert into Diagram values('UG51-11_3656','UG51-20030300','11-25','E87 120d   TIMING AND VALVE TRAIN-CAMSHAFT','');
insert into Diagram values('UG51-11_3657','UG51-20030300','11-25','E87 120d   timing gear timing chain top','');
insert into Diagram values('UG51-11_3321','UG51-20030300','11-30','E87 120d   Lubrication system/Oil pump','');
insert into Diagram values('UG51-11_3322','UG51-20030300','11-30','E87 120d   Lubricat.syst.-oil filter,heat exchanger','');
insert into Diagram values('UG51-11_3324','UG51-20030300','11-35','E87 120d   Waterpump - Thermostat','');
insert into Diagram values('UG51-11_3666','UG51-20030300','11-35','E87 120d   Cooling System Water Hoses','');
insert into Diagram values('UG51-11_3327','UG51-20030300','11-40','E87 120d   Intake manifold AGR with flap control','');
insert into Diagram values('UG51-11_3658','UG51-20030300','11-40','E87 120d   INTAKE MANIFOLD-SUPERCHARG.AIR DUCT/AGR','');
insert into Diagram values('UG51-11_3717','UG51-20030300','11-40','E87 120d   Intake manifold AGR with flap control','');
insert into Diagram values('UG51-11_3330','UG51-20030300','11-45','E87 120d   VACUUM PUMP WITH TUBES','');
insert into Diagram values('UG51-11_3659','UG51-20030300','11-45','E87 120d   Vacuum control-AGR','');
insert into Diagram values('UG51-11_3329','UG51-20030300','11-50','E87 120d   EXHAUST MANIFOLD-AGR','');
insert into Diagram values('UG51-11_3597','UG51-20030300','11-50','E87 120d   pollutant reduction cooling','');
insert into Diagram values('UG51-11_3667','UG51-20030300','11-50','E87 120d   TURBO CHARGER WITH LUBRICATION','');
insert into Diagram values('UG51-11_3665','UG51-20030300','11-55','E87 120d   Engine acoustics','');
insert into Diagram values('UG51-12_1139','UG51-20030300','12-05','E87 120d   Sensors','');
insert into Diagram values('UG51-12_1166','UG51-20030300','12-15','E87 120d   Glow plug unit','');
insert into DiagramParts values('UG51-12_1310-12317799181', 'UG51-12_1310', 01, 'Rmfd generator', '150A', 1, to_date('20060601','YYYYMMDD'), to_date('20070101','YYYYMMDD'), '12317799181', '', 'ENDED', false);
insert into DiagramParts values('UG51-12_1310-12317802927', 'UG51-12_1310', 01, 'Rmfd generator', '150A', 1, to_date('20060601','YYYYMMDD'), to_date('20070101','YYYYMMDD'), '12317802927', '', '', false);
insert into DiagramParts values('UG51-12_1310-12317797525', 'UG51-12_1310', 02, 'Voltage regulator', 'VALEO', 1, to_date('20060601','YYYYMMDD'), to_date('20070101','YYYYMMDD'), '12317797525', '', 'ENDED', false);
insert into DiagramParts values('UG51-12_1310-12318510088', 'UG51-12_1310', 02, 'Voltage regulator', 'VALEO', 1, to_date('20060601','YYYYMMDD'), to_date('20070101','YYYYMMDD'), '12318510088', '', '', false);
insert into Diagram values('UG51-12_1310','UG51-20030300','12-20','E87 120d   Alternator 140/150A','');
insert into Diagram values('UG51-12_1165','UG51-20030300','12-25','E87 120d   Starter','');
insert into Diagram values('UG51-12_0915','UG51-20030300','12-28','E87 120d   Engine wiring harness','');
insert into Diagram values('UG51-12_1072','UG51-20030300','12-28','E87 120d   Wiring harness, engine, injector module','');
insert into Diagram values('UG51-12_1167','UG51-20030300','12-29','E87 120d   Cable starter','');
insert into Diagram values('UG51-12_1381','UG51-20030300','12-30','E87 120d   Retrofit wiring harness','');
insert into Diagram values('UG51-12_0907','UG51-20030300','12-31','E87 120d   Cable holder','');
insert into Diagram values('UG51-12_1238','UG51-20030300','12-31','E87 120d   CABLE HOLDER/COVERING','');
insert into Diagram values('UG51-12_1328','UG51-20030300','12-31','E87 120d   Cable Harness Fixings','');
insert into Diagram values('UG51-12_1043','UG51-20030300','12-32','E87 120d   Laminated contacts/spring contacts','');
insert into Diagram values('UG51-12_1459','UG51-20030300','12-32','E87 120d   Contact system MLK','');
insert into Diagram values('UG51-12_1205','UG51-20030300','12-35','E87 120d   RELAY MOTOR','');
insert into Diagram values('UG51-12_1327','UG51-20030300','12-35','E87 120d   Control unit box','');
insert into Diagram values('UG51-13_1115','UG51-20030300','13-10','E87 120d   FUEL STRAINER WITH HEATING','');
insert into Diagram values('UG51-13_0958','UG51-20030300','13-15','E87 120d   High-pressure pump','');
insert into Diagram values('UG51-13_0959','UG51-20030300','13-15','E87 120d   High pressure accumulator/injector/line','');
insert into Diagram values('UG51-13_0960','UG51-20030300','13-15','E87 120d   Fuel lines','');
insert into Diagram values('UG51-13_0966','UG51-20030300','13-15','E87 120d   Basic DDE control unit','');
insert into Diagram values('UG51-13_1125','UG51-20030300','13-20','E87 120d   Mass air flow sensor/intake silencer','');
insert into Diagram values('UG51-16_0595','UG51-20030300','16-05','E87 120d   Fuel tank/mounting parts','');
insert into Diagram values('UG51-16_0598','UG51-20030300','16-15','E87 120d   Control unit for fuel pump','');
insert into Diagram values('UG51-16_0599','UG51-20030300','16-15','E87 120d   Fuel pipes / Mounting parts','');
insert into Diagram values('UG51-16_0601','UG51-20030300','16-15','E87 120d   Fuel filter/pump/fuel level sensor','');
insert into Diagram values('UG51-17_0315','UG51-20030300','17-05','E87 120d   Oil-cooler pipe/heat exchanger','');
insert into Diagram values('UG51-17_0316','UG51-20030300','17-05','E87 120d   Charge-air cooling','');
insert into DiagramParts values('UG51-17_0317-17427788906', 'UG51-17_0317', 01, 'Fan housing with fan', '400W', 1, to_date('20060901','YYYYMMDD'), to_date('20100301','YYYYMMDD'), '17427788906', '', 'ENDED', false);
insert into Diagram values('UG51-17_0317','UG51-20030300','17-05','E87 120d   Fan housing, mounting parts','');
insert into Diagram values('UG51-17_0318','UG51-20030300','17-05','E87 120d   MOUNTING PARTS F RADIATOR','');
insert into Diagram values('UG51-17_0314','UG51-20030300','17-30','E87 120d   Cooling System Water Hoses','');
insert into Diagram values('UG51-17_0694','UG51-20030300','17-30','E87 120d   Cooling system coolant hoses','');
insert into Diagram values('UG51-17_0695','UG51-20030300','17-30','E87 120d   Cooling system coolant hoses','');
insert into Diagram values('UG51-17_0707','UG51-20030300','17-30','E87 120d   Cooling system coolant hoses','');
insert into Diagram values('UG51-17_0708','UG51-20030300','17-30','E87 120d   Cooling system coolant hoses','');
insert into Diagram values('UG51-18_0560','UG51-20030300','18-10','E87 120d   CATALYST/LAMBDA PROBE','');
insert into Diagram values('UG51-18_0591','UG51-20030300','18-10','E87 120d   Catalyser/Diesel particulate filter','');
insert into Diagram values('UG51-18_0785','UG51-20030300','18-10','E87 120d   Diesel part.filter sens./mounting parts','');
insert into Diagram values('UG51-18_0561','UG51-20030300','18-20','E87 120d   Exhaust system, rear','');
insert into Diagram values('UG51-18_0646','UG51-20030300','18-95','E87 120d   Retrofitting of diesel particle filter','');
insert into Diagram values('UG51-18_0946','UG51-20030300','18-95','E87 120d   Muffler system','');
insert into Diagram values('UG51-18_0951','UG51-20030300','18-95','E87 120d   Muffler system','');
insert into Diagram values('UG51-21_0234','UG51-20030300','21-05','E87 120d   Clutch','');
insert into Diagram values('UG51-21_0199','UG51-20030300','21-10','E87 120d   Clutch control','');
insert into Diagram values('UG51-22_0103','UG51-20030300','22-05','E87 120d   Engine Suspension','');
insert into Diagram values('UG51-22_0104','UG51-20030300','22-10','E87 120d   Gearbox suspension','');
insert into Diagram values('UG51-23_0918','UG51-20030300','23-05','E87 120d   Manual transmission GS6-37BZ/DZ','');
insert into Diagram values('UG51-23_1034','UG51-20030300','23-10','E87 120d   GEARBOX MOUNTING PARTS','');
insert into Diagram values('UG51-23_1053','UG51-20030300','23-15','E87 120d   GS6-37BZ/DZ Sealing and mount. parts','');
insert into Diagram values('UG51-23_1054','UG51-20030300','23-15','E87 120d   GS6-37BZ/DZ Gear shift components','');
insert into Diagram values('UG51-24_1024','UG51-20030300','24-05','E87 120d   Automatic transmission GA6HP19Z','');
insert into Diagram values('UG51-24_1050','UG51-20030300','24-10','E87 120d   GEARBOX MOUNTING PARTS','');
insert into Diagram values('UG51-24_1043','UG51-20030300','24-15','E87 120d   GA6HP19Z housing with mounting parts','');
insert into Diagram values('UG51-24_1044','UG51-20030300','24-15','E87 120d   GA6HP19Z oil pan','');
insert into DiagramParts values('UG51-24_1045-24207571212', 'UG51-24_1045', 05, 'Shaft seal', '28X35,5X5,2', 1, to_date('20020901','YYYYMMDD'), to_date('20110901','YYYYMMDD'), '24207571212', '', 'ENDED', false);
insert into Diagram values('UG51-24_1045','UG51-20030300','24-15','E87 120d   GA6HP19Z output','');
insert into Diagram values('UG51-24_1046','UG51-20030300','24-15','E87 120d   GA6HP19Z Mechatronics','');
insert into Diagram values('UG51-24_1048','UG51-20030300','24-15','E87 120d   GA6HP19Z Mechatronics mounting parts','');
insert into Diagram values('UG51-24_1372','UG51-20030300','24-15','E87 120d   Fluid-change kit, autom. transmission','');
insert into Diagram values('UG51-25_0387','UG51-20030300','25-05','E87 120d   Gear shifting,mech.transm./diesel','');
insert into Diagram values('UG51-25_0438','UG51-20030300','25-05','E87 120d   Gear shifting,mech.transm./diesel','');
insert into Diagram values('UG51-25_0383','UG51-20030300','25-10','E87 120d   GEAR SHIFT KNOBS/SHIFT LEVER COVERINGS','');
insert into Diagram values('UG51-25_0461','UG51-20030300','25-10','E87 120d   Performance shift knob','');
insert into Diagram values('UG51-25_0436','UG51-20030300','25-20','E87 120d   AUTOM.TRANSMISS.STEPTRONIC SHIFT PARTS','');
insert into Diagram values('UG51-25_0384','UG51-20030300','25-25','E87 120d   Selector lever handles / Covers','');
insert into Diagram values('UG51-25_0419','UG51-20030300','25-95','E87 120d   Retrofit, wooden selector lever knob','');
insert into Diagram values('UG51-25_0439','UG51-20030300','25-95','E87 120d   Retrofit, sport switch knob','');
insert into Diagram values('UG51-25_0484','UG51-20030300','25-95','E87 120d   BMW Performance selector lever handle','');
insert into Diagram values('UG51-26_0216','UG51-20030300','26-05','E87 120d   Drive shaft/HAG-universal joint','');
insert into Diagram values('UG51-26_0218','UG51-20030300','26-10','E87 120d   Center bearing/HAG Hardy coupling','');
insert into Diagram values('UG51-27_0034','UG51-20030300','27-95','E87 120d   Retrofit, wooden gearshift knob','');
insert into Diagram values('UG51-31_0693','UG51-20030300','31-05','E87 120d   Frnt axle support,wishbone/tension strut','');
insert into Diagram values('UG51-31_0697','UG51-20030300','31-05','E87 120d   HEADLIGHT VERTICAL AIM CONTROL SENSOR','');
insert into Diagram values('UG51-31_0695','UG51-20030300','31-10','E87 120d   GUIDE SUPPORT/SPRING PAD/ATTACHING PARTS','');
insert into Diagram values('UG51-31_0696','UG51-20030300','31-10','E87 120d   Stabilizer, front','');
insert into Diagram values('UG51-31_0698','UG51-20030300','31-10','E87 120d   FRONT COIL SPRING','');
insert into Diagram values('UG51-31_0736','UG51-20030300','31-10','E87 120d   Front Spring strut/Carrier/Wheel bearing','');
insert into Diagram values('UG51-31_0837','UG51-20030300','31-95','E87 120d   Performance suspension','');
insert into Diagram values('UG51-31_0838','UG51-20030300','31-95','E87 120d   Performance suspension','');
insert into Diagram values('UG51-32_1509','UG51-20030300','32-10','E87 120d   Hydro steering box','');
insert into Diagram values('UG51-32_1512','UG51-20030300','32-15','E87 120d   Power steering pump','');
insert into Diagram values('UG51-32_1507','UG51-20030300','32-20','E87 120d   HYDRO STEERING-OIL PIPES','');
insert into Diagram values('UG51-32_1514','UG51-20030300','32-20','E87 120d   OIL CARRIER/SINGLE PARTS','');
insert into Diagram values('UG51-32_1510','UG51-20030300','32-25','E87 120d   STEERING LINKAGE/TIE RODS','');
insert into Diagram values('UG51-32_1515','UG51-20030300','32-30','E87 120d   Manually adjust. steering column','');
insert into Diagram values('UG51-32_1516','UG51-20030300','32-30','E87 120d   STEER.COL.-LOWER JOINT ASSY','');
insert into Diagram values('UG51-32_1517','UG51-20030300','32-35','E87 120d   Steering wheel airbag','');
insert into DiagramParts values('UG51-32_1518-32306777630', 'UG51-32_1518', 01, 'Sport steering wheel rim', 'LEDER', 1, to_date('20060201','YYYYMMDD'), to_date('20090901','YYYYMMDD'), '32306777630', '$383.97', '', false);
insert into Diagram values('UG51-32_1518','UG51-20030300','32-35','E87 120d   Airbag sports steering wheel','');
insert into DiagramParts values('UG51-32_1519-32306777630', 'UG51-32_1519', 01, 'Sport steering wheel rim', 'LEDER', 1, to_date('20060201','YYYYMMDD'), to_date('20090901','YYYYMMDD'), '32306777630', '$383.97', '', false);
insert into Diagram values('UG51-32_1519','UG51-20030300','32-35','E87 120d   Airbag sports steering wheel multifunct.','');
insert into Diagram values('UG51-32_1605','UG51-20030300','32-35','E87 120d   M sports steer.-wheel, airbag, leather','');
insert into Diagram values('UG51-32_1617','UG51-20030300','32-35','E87 120d   M sports strng whl,airbag,multifunction','');
insert into Diagram values('UG51-32_1592','UG51-20030300','32-95','E87 120d   Retrofit multi-functional steering wheel','');
insert into Diagram values('UG51-32_1773','UG51-20030300','32-95','E87 120d   Performance steering wheel with display','');
insert into Diagram values('UG51-32_1778','UG51-20030300','32-95','E87 120d   Performance steering wheel with display','');
insert into Diagram values('UG51-32_1834','UG51-20030300','32-95','E87 120d   Performance steering wheel','');
insert into Diagram values('UG51-32_1835','UG51-20030300','32-95','E87 120d   Performance steering wheel','');
insert into Diagram values('UG51-33_1260','UG51-20030300','33-05','E87 120d   DIFFERENTIAL-DRIVE/OUTPUT','');
insert into DiagramParts values('UG51-33_1315-33107566198', 'UG51-33_1315', 01, 'Rmfd final drive', 'I=2,47', 1, to_date('20050601','YYYYMMDD'), to_date('20050901','YYYYMMDD'), '33107566198', '', '', false);
insert into DiagramParts values('UG51-33_1315-33101214099', 'UG51-33_1315', 14, 'Shaft seal', '45X75X10', 1, to_date('20050601','YYYYMMDD'), to_date('20110601','YYYYMMDD'), '33101214099', '$17.42', '', false);
insert into Diagram values('UG51-33_1315','UG51-20030300','33-05','E87 120d   DIFFERENTIAL-DRIVE/OUTPUT','');
insert into Diagram values('UG51-33_1316','UG51-20030300','33-05','E87 120d   DIFFERENTIAL-DRIVE/OUTPUT','');
insert into Diagram values('UG51-33_1236','UG51-20030300','33-10','E87 120d   Final drive, gasket set','');
insert into Diagram values('UG51-33_1308','UG51-20030300','33-25','E87 120d   Output shaft','');
insert into Diagram values('UG51-33_1230','UG51-20030300','33-30','E87 120d   REAR AXLE SUPPORT/WHEEL SUSPENSION','');
insert into Diagram values('UG51-33_1237','UG51-20030300','33-30','E87 120d   HEADLIGHT VERTICAL AIM CONTROL SENSOR','');
insert into Diagram values('UG51-33_1312','UG51-20030300','33-30','E87 120d   REAR AXLE CARRIER','');
insert into Diagram values('UG51-33_1231','UG51-20030300','33-40','E87 120d   SIDE SHAFT/WHEEL BEARINGS','');
insert into Diagram values('UG51-33_1233','UG51-20030300','33-45','E87 120d   REAR SPRING STRUT MOUNTING PARTS','');
insert into Diagram values('UG51-33_1234','UG51-20030300','33-45','E87 120d   Stabilizer, rear','');
insert into Diagram values('UG51-33_1238','UG51-20030300','33-45','E87 120d   REAR COIL SPRING','');
insert into Diagram values('UG51-33_1338','UG51-20030300','33-95','E87 120d   Retrofit kit M sports suspension','');
insert into Diagram values('UG51-34_1415','UG51-20030300','34-05','E87 120d   Front brake pad wear sensor','');
insert into Diagram values('UG51-34_1766','UG51-20030300','34-07','E87 120d   Front brake-brake disc','');
insert into Diagram values('UG51-34_1418','UG51-20030300','34-10','E87 120d   Rear brake pad wear sensor','');
insert into Diagram values('UG51-34_1767','UG51-20030300','34-12','E87 120d   Rear wheel brake-Brake disc','');
insert into DiagramParts values('UG51-34_1400-34326774427', 'UG51-34_1400', 03, 'Pipe', 'M10/M12-1090MM', 1, to_date('20050701','YYYYMMDD'), to_date('20110401','YYYYMMDD'), '34326774427', '', 'ENDED', false);
insert into DiagramParts values('UG51-34_1400-34326770551', 'UG51-34_1400', 04, 'Pipe', 'M10/M10-2296MM', 1, to_date('20050701','YYYYMMDD'), to_date('20110401','YYYYMMDD'), '34326770551', '$10.13', '', false);
insert into Diagram values('UG51-34_1400','UG51-20030300','34-15','E87 120d   Brake pipe, front','');
insert into Diagram values('UG51-34_1401','UG51-20030300','34-15','E87 120d   Brake pipe, front','');
insert into Diagram values('UG51-34_1402','UG51-20030300','34-17','E87 120d   Brake pipe rear','');
insert into Diagram values('UG51-34_1805','UG51-20030300','34-17','E87 120d   Brake pipe rear','');
insert into Diagram values('UG51-34_1403','UG51-20030300','34-18','E87 120d   BRAKE PIPE REAR/MOUNTING','');
insert into DiagramParts values('UG51-34_1404-34506781284', 'UG51-34_1404', 07, 'Spacer sleeve', 'ZNS3', 3, to_date('20070701','YYYYMMDD'), to_date('20080901','YYYYMMDD'), '34506781284', '$8.16', '', false);
insert into Diagram values('UG51-34_1404','UG51-20030300','34-20','E87 120d   Hydro unit DSC/fastening/sensors','');
insert into Diagram values('UG51-34_1410','UG51-20030300','34-25','E87 120d   Brake master cylinder','');
insert into Diagram values('UG51-34_1411','UG51-20030300','34-27','E87 120d   Power brake unit depression','');
insert into Diagram values('UG51-34_1412','UG51-20030300','34-27','E87 120d   Power brake unit depression','');
insert into Diagram values('UG51-34_1405','UG51-20030300','34-30','E87 120d   Handbrake lever','');
insert into Diagram values('UG51-34_1421','UG51-20030300','34-40','E87 120d   PARKING BRAKE/BRAKE SHOES','');
insert into Diagram values('UG51-34_1384','UG51-20030300','34-95','E87 120d   Retrofit, handbrake handle','');
insert into Diagram values('UG51-34_1562','UG51-20030300','34-95','E87 120d   Handbrake grip with chrome inlay','');
insert into Diagram values('UG51-34_1680','UG51-20030300','34-95','E87 120d   Set of BMW Performance Brakes front/rear','');
insert into Diagram values('UG51-34_1681','UG51-20030300','34-95','E87 120d   BMW Performance front wheel brake','');
insert into Diagram values('UG51-34_1691','UG51-20030300','34-95','E87 120d   BMW Performance Rear wheel brake','');
insert into Diagram values('UG51-34_1717','UG51-20030300','34-95','E87 120d   BMW Performance parking brake handle','');
insert into Diagram values('UG51-35_0291','UG51-20030300','35-05','E87 120d   Foot lever mech. with return spring','');
insert into Diagram values('UG51-35_0292','UG51-20030300','35-05','E87 120d   Foot lever mech. with return spring','');
insert into Diagram values('UG51-35_0293','UG51-20030300','35-05','E87 120d   Pedal assembly','');
insert into Diagram values('UG51-35_0294','UG51-20030300','35-05','E87 120d   Pedal assembly','');
insert into Diagram values('UG51-35_0274','UG51-20030300','35-20','E87 120d   Acceleration/accelerator pedal module','');
insert into Diagram values('UG51-35_0275','UG51-20030300','35-95','E87 120d   Aluminum pedal covers','');
insert into Diagram values('UG51-35_0315','UG51-20030300','35-95','E87 120d   Set of high-grade steel pedal covers','');
insert into Diagram values('UG51-35_0327','UG51-20030300','35-95','E87 120d   BMW Performance Alu pedal plates','');
insert into Diagram values('UG51-35_0377','UG51-20030300','35-95','E87 120d   Aluminum pedal covers','');
insert into Diagram values('UG51-36_0798','UG51-20030300','36-10','E87 120d   STEEL RIM STYL.12','');
insert into Diagram values('UG51-36_0799','UG51-20030300','36-15','E87 120d   BMW light alloy wheel, spider spoke 139','');
insert into Diagram values('UG51-36_0801','UG51-20030300','36-15','E87 120d   BMW light alloy wheel, spider spoke 140','');
insert into Diagram values('UG51-36_0802','UG51-20030300','36-15','E87 120d   BMW light alloy wheel, V-spoke 141','');
insert into Diagram values('UG51-36_0803','UG51-20030300','36-15','E87 120d   BMW light alloy wheel, spider spoke 142','');
insert into Diagram values('UG51-36_0804','UG51-20030300','36-15','E87 120d   BMW light alloy wheel, spider spoke 151','');
insert into Diagram values('UG51-36_0805','UG51-20030300','36-15','E87 120d   BMW LA wheel/double spoke 178','');
insert into Diagram values('UG51-36_0806','UG51-20030300','36-15','E87 120d   BMW Composite wheel, star spoke 179','');
insert into Diagram values('UG51-36_0807','UG51-20030300','36-15','E87 120d   BMW LA wheel, star spoke 180','');
insert into Diagram values('UG51-36_0808','UG51-20030300','36-15','E87 120d   BMW LA wheel, star spoke 181','');
insert into Diagram values('UG51-36_0809','UG51-20030300','36-15','E87 120d   BMW LA wheel/double spoke 182','');
insert into Diagram values('UG51-36_0903','UG51-20030300','36-15','E87 120d   BMW LA wheel, double spoke 98','');
insert into Diagram values('UG51-36_0926','UG51-20030300','36-15','E87 120d   BMW alloy wheel M V-spoke 217','');
insert into Diagram values('UG51-36_0927','UG51-20030300','36-15','E87 120d   BMW alloy wheel, M double spoke 207','');
insert into Diagram values('UG51-36_0928','UG51-20030300','36-15','E87 120d   BMW alloy wheel, M double spoke 208','');
insert into Diagram values('UG51-36_0964','UG51-20030300','36-15','E87 120d   BMW light alloy wheel, V-spoke 229','');
insert into Diagram values('UG51-36_1052','UG51-20030300','36-15','E87 120d   BMW LA wheel/double spoke 222','');
insert into Diagram values('UG51-36_1053','UG51-20030300','36-15','E87 120d   BMW light alloy wheel, V-spoke 255','');
insert into Diagram values('UG51-36_1054','UG51-20030300','36-15','E87 120d   BMW LA wheel, star spoke 256','');
insert into Diagram values('UG51-36_1108','UG51-20030300','36-15','E87 120d   BMW LA wheel, star spoke 262','');
insert into Diagram values('UG51-36_1109','UG51-20030300','36-15','E87 120d   BMW LA wheel, W spoke 263','');
insert into Diagram values('UG51-36_1130','UG51-20030300','36-15','E87 120d   BMW LA wheel, dual spoke 261','');
insert into Diagram values('UG51-36_1131','UG51-20030300','36-15','E87 120d   BMW Performance LA wheel/double spoke269','');
insert into Diagram values('UG51-36_1135','UG51-20030300','36-15','E87 120d   BMW light alloy wheel, radial spoke 216','');
insert into Diagram values('UG51-36_1315','UG51-20030300','36-15','E87 120d   BMW LA wheel, Star Spoke 311','');
insert into Diagram values('UG51-36_1316','UG51-20030300','36-15','E87 120d   BMW Performance LA wheel DoubleSpoke 313','');
insert into Diagram values('UG51-36_1433','UG51-20030300','36-15','E87 120d   BMW LA wheel, V Spoke 360','');
insert into Diagram values('UG51-36_1607','UG51-20030300','36-15','E87 120d   BMW LA wheel Streamline 370','');
insert into Diagram values('UG51-36_1608','UG51-20030300','36-15','E87 120d   BMW LA wheel, Star Spoke 371','');
insert into Diagram values('UG51-36_1709','UG51-20030300','36-15','E87 120d   BMW LA wheel, M Double Spoke 313','');
insert into Diagram values('UG51-36_0812','UG51-20030300','36-20','E87 120d   Balance weight, zinc','');
insert into Diagram values('UG51-36_0811','UG51-20030300','36-25','E87 120d   WHEEL BOLT LOCK WITH ADAPTOR','');
insert into Diagram values('UG51-36_1032','UG51-20030300','36-25','E87 120d   SET WHEEL LOCKS','');
insert into Diagram values('UG51-36_0834','UG51-20030300','36-30','E87 120d   Summer tires','');
insert into Diagram values('UG51-36_1076','UG51-20030300','36-30','E87 120d   Winter tires','');
insert into Diagram values('UG51-36_0874','UG51-20030300','36-95','E87 120d   Radial spoke 139 complete winter wheel','');
insert into Diagram values('UG51-36_0924','UG51-20030300','36-95','E87 120d   Winter wheel/tire, steel','');
insert into Diagram values('UG51-36_0958','UG51-20030300','36-95','E87 120d   Winter complete wheel V spoke 141','');
insert into Diagram values('UG51-36_1168','UG51-20030300','36-95','E87 120d   Winterkomplettrad V-Speiche 229','');
insert into Diagram values('UG51-36_1274','UG51-20030300','36-95','E87 120d   Set emergency wheel with tyre','');
insert into Diagram values('UG51-36_1329','UG51-20030300','36-95','E87 120d   Winterkomplettrad Sternspeiche 256','');
insert into Diagram values('UG51-41_1594','UG51-20030300','41-05','E87 120d   Body skeleton','');
insert into Diagram values('UG51-41_1596','UG51-20030300','41-10','E87 120d   Front side panel','');
insert into Diagram values('UG51-41_1597','UG51-20030300','41-10','E87 120d   WHEELHOUSE/ENGINE SUPPORT','');
insert into Diagram values('UG51-41_1598','UG51-20030300','41-10','E87 120d   SPLASH WALL PARTS','');
insert into Diagram values('UG51-41_1599','UG51-20030300','41-10','E87 120d   FRONT BODY BRACKET LEFT','');
insert into Diagram values('UG51-41_1600','UG51-20030300','41-10','E87 120d   FRONT BODY BRACKET RIGHT','');
insert into Diagram values('UG51-41_1602','UG51-20030300','41-20','E87 120d   Cavity shielding, side frame','');
insert into Diagram values('UG51-41_1603','UG51-20030300','41-20','E87 120d   BODY-SIDE FRAME','');
insert into Diagram values('UG51-41_1604','UG51-20030300','41-20','E87 120d   SINGLE COMPONENTS FOR BODY-SIDE FRAME','');
insert into Diagram values('UG51-41_1605','UG51-20030300','41-20','E87 120d   Partition trunk/Floor parts','');
insert into Diagram values('UG51-41_1606','UG51-20030300','41-25','E87 120d   Mounting parts for trunk floor panel','');
insert into Diagram values('UG51-41_1608','UG51-20030300','41-25','E87 120d   FLOOR PARTS REAR EXTERIOR','');
insert into Diagram values('UG51-41_1609','UG51-20030300','41-25','E87 120d   SIDE PANEL/TAIL TRIM','');
insert into Diagram values('UG51-41_1610','UG51-20030300','41-25','E87 120d   FILL-IN FLAP','');
insert into Diagram values('UG51-41_1601','UG51-20030300','41-30','E87 120d   Roof','');
insert into Diagram values('UG51-41_1611','UG51-20030300','41-35','E87 120d   ENGINE HOOD/MOUNTING PARTS','');
insert into Diagram values('UG51-41_1641','UG51-20030300','41-35','E87 120d   ENGINE HOOD MECHANISM','');
insert into Diagram values('UG51-41_1612','UG51-20030300','41-40','E87 120d   FRONT DOOR-HINGE/DOOR BRAKE','');
insert into Diagram values('UG51-41_1635','UG51-20030300','41-40','E87 120d   Door weatherstrip front','');
insert into DiagramParts values('UG51-41_1639-51210037535', 'UG51-41_1639', 05, 'Set of keys with CAS control unit', '315 MHZ', 1, to_date('20041201','YYYYMMDD'), to_date('20080301','YYYYMMDD'), '51210037535', '', '', false);
insert into Diagram values('UG51-41_1639','UG51-20030300','41-40','E87 120d   Radio remote control','');
insert into Diagram values('UG51-41_1973','UG51-20030300','41-40','E87 120d   DOOR CONTROL FRONT','');
insert into Diagram values('UG51-41_1613','UG51-20030300','41-45','E87 120d   Door rear, hinge/door brake','');
insert into Diagram values('UG51-41_1634','UG51-20030300','41-45','E87 120d   DOOR CONTROL REAR','');
insert into Diagram values('UG51-41_1636','UG51-20030300','41-45','E87 120d   Door weatherstrip rear','');
insert into Diagram values('UG51-41_1640','UG51-20030300','41-50','E87 120d   Master key locking','');
insert into Diagram values('UG51-41_1614','UG51-20030300','41-60','E87 120d   TRUNK LID/CLOSING SYSTEM','');
insert into Diagram values('UG51-41_1615','UG51-20030300','41-60','E87 120d   SINGLE COMPONENTS FOR TRUNK LID','');
insert into Diagram values('UG51-41_1607','UG51-20030300','41-65','E87 120d   MECHANICAL CONNECTION ELEMENTS','');
insert into Diagram values('UG51-51_5434','UG51-20030300','51-05','E87 120d   Glazing','');
insert into DiagramParts values('UG51-51_5293-51167132736', 'UG51-51_5293', 01, 'Mirror glas, heated, wide-angle, right', 'CHROMFARBIG', 1, to_date('20090301','YYYYMMDD'), to_date('20090901','YYYYMMDD'), '51167132736', '$73.94', '', false);
insert into Diagram values('UG51-51_5293','UG51-20030300','51-07','E87 120d   MIRROR GLASS','');
insert into Diagram values('UG51-51_5294','UG51-20030300','51-07','E87 120d   Mirror glas with auto dip','');
insert into DiagramParts values('UG51-51_5472-51167234222', 'UG51-51_5472', 01, 'heated outside mirror, right', 'SHADOWLINE', 1, to_date('20080701','YYYYMMDD'), to_date('20090901','YYYYMMDD'), '51167234222', '', '', false);
insert into DiagramParts values('UG51-51_5472-51167234226', 'UG51-51_5472', 01, 'Outside mirror heated with memory,right', 'SHADOWLINE', 1, to_date('20080701','YYYYMMDD'), to_date('20090901','YYYYMMDD'), '51167234226', '', '', false);
insert into DiagramParts values('UG51-51_5472-51167189902', 'UG51-51_5472', 01, 'Outside mirror heated with memory,right', 'SHADOWLINE', 1, to_date('20060701','YYYYMMDD'), to_date('20080701','YYYYMMDD'), '51167189902', '', '', false);
insert into DiagramParts values('UG51-51_5472-51168036572', 'UG51-51_5472', 04, 'Supporting ring right', 'GLANZSCHWARZ', 1, to_date('20080701','YYYYMMDD'), to_date('20090901','YYYYMMDD'), '51168036572', '$32.17', '', false);
insert into Diagram values('UG51-51_5472','UG51-20030300','51-07','E87 120d   Outside mirror','');
insert into DiagramParts values('UG51-51_5473-51167234234', 'UG51-51_5473', 01, 'Outside mirror heated with memory,right', 'SHADOWLINE', 1, to_date('20080701','YYYYMMDD'), to_date('20090901','YYYYMMDD'), '51167234234', '', '', false);
insert into DiagramParts values('UG51-51_5473-51167234230', 'UG51-51_5473', 01, 'Outside mirror heated with memory,right', 'SHADOWLINE', 1, to_date('20080701','YYYYMMDD'), to_date('20090901','YYYYMMDD'), '51167234230', '', '', false);
insert into DiagramParts values('UG51-51_5473-51167189912', 'UG51-51_5473', 01, 'Outside mirror heated with memory,right', 'SHADOWLINE', 1, to_date('20060701','YYYYMMDD'), to_date('20080701','YYYYMMDD'), '51167189912', '', '', false);
insert into Diagram values('UG51-51_5473','UG51-20030300','51-07','E87 120d   Fold-in outside mirror','');
insert into Diagram values('UG51-51_5438','UG51-20030300','51-10','E87 120d   DOOR WINDOW LIFTING MECHANISM FRONT','');
insert into Diagram values('UG51-51_5439','UG51-20030300','51-10','E87 120d   Window frame cover, front door','');
insert into Diagram values('UG51-51_5440','UG51-20030300','51-12','E87 120d   DOOR WINDOW LIFTING MECHANISM REAR','');
insert into Diagram values('UG51-51_5441','UG51-20030300','51-12','E87 120d   Window frame cover, rear door','');
insert into Diagram values('UG51-51_5332','UG51-20030300','51-15','E87 120d   Trim panel, bumper, front','');
insert into Diagram values('UG51-51_5402','UG51-20030300','51-15','E87 120d   Carrier, bumper front','');
insert into Diagram values('UG51-51_5435','UG51-20030300','51-15','E87 120d   Bracket, PDC-sensors','');
insert into Diagram values('UG51-51_5977','UG51-20030300','51-15','E87 120d   M FRONT BUMPER TRIM PANEL','');
insert into DiagramParts values('UG51-51_5348-51477906818', 'UG51-51_5348', 15, 'M trim piece, front right entry', 'M', 1, to_date('20050901','YYYYMMDD'), to_date('20070301','YYYYMMDD'), '51477906818', '', '', false);
insert into DiagramParts values('UG51-51_5348-51477906820', 'UG51-51_5348', 16, 'M trim piece, rear right entry', 'M', 1, to_date('20050901','YYYYMMDD'), to_date('20070301','YYYYMMDD'), '51477906820', '', '', false);
insert into Diagram values('UG51-51_5348','UG51-20030300','51-16','E87 120d   Door sill','');
insert into Diagram values('UG51-51_6335','UG51-20030300','51-16','E87 120d   M door sill trim panel','');
insert into Diagram values('UG51-51_5403','UG51-20030300','51-17','E87 120d   Carrier, bumper rear','');
insert into Diagram values('UG51-51_5429','UG51-20030300','51-17','E87 120d   Bumper trim panel, rear','');
insert into Diagram values('UG51-51_5431','UG51-20030300','51-17','E87 120d   REAR BUMPER MOUNTING PARTS','');
insert into Diagram values('UG51-51_5985','UG51-20030300','51-17','E87 120d   M REAR BUMPER TRIM','');
insert into Diagram values('UG51-51_5414','UG51-20030300','51-20','E87 120d   Exterior trim and door seals','');
insert into Diagram values('UG51-51_5442','UG51-20030300','51-20','E87 120d   Exterior trim / Grille / Seals','');
insert into Diagram values('UG51-51_5465','UG51-20030300','51-20','E87 120d   Emblems','');
insert into Diagram values('UG51-51_5503','UG51-20030300','51-30','E87 120d   Carrier instrument panel','');
insert into Diagram values('UG51-51_5504','UG51-20030300','51-30','E87 120d   Trim panel dashboard','');
insert into Diagram values('UG51-51_5505','UG51-20030300','51-30','E87 120d   GLOVE BOX','');
insert into Diagram values('UG51-51_9041','UG51-20030300','51-30','E87 120d   Switch unit cover, center console','');
insert into Diagram values('UG51-51_9135','UG51-20030300','51-30','E87 120d   Mounting parts, I-panel, bottom','');
insert into Diagram values('UG51-51_5508','UG51-20030300','51-35','E87 120d   Center console','');
insert into Diagram values('UG51-51_5509','UG51-20030300','51-35','E87 120d   Armrest, centre console','');
insert into Diagram values('UG51-51_5540','UG51-20030300','51-35','E87 120d   Mounting parts, center console','');
insert into Diagram values('UG51-51_5510','UG51-20030300','51-40','E87 120d   Sun visors','');
insert into Diagram values('UG51-51_5511','UG51-20030300','51-40','E87 120d   Inside mirror manually dippable','');
insert into Diagram values('UG51-51_5512','UG51-20030300','51-40','E87 120d   Interior mirror with automatic-dip','');
insert into Diagram values('UG51-51_5515','UG51-20030300','51-40','E87 120d   Headlining / Handle','');
insert into Diagram values('UG51-51_5516','UG51-20030300','51-40','E87 120d   Headlin./Handle lift-up&slide-back sunr.','');
insert into Diagram values('UG51-51_5517','UG51-20030300','51-40','E87 120d   Trim panel A- / B- / C-Column','');
insert into Diagram values('UG51-51_5522','UG51-20030300','51-40','E87 120d   REAR WINDOW SHELF','');
insert into Diagram values('UG51-51_6211','UG51-20030300','51-40','E87 120d   Headlining / Handle','');
insert into Diagram values('UG51-51_6212','UG51-20030300','51-40','E87 120d   Headlin./Handle lift-up&slide-back sunr.','');
insert into Diagram values('UG51-51_5513','UG51-20030300','51-50','E87 120d   Door trim panel, front','');
insert into Diagram values('UG51-51_5535','UG51-20030300','51-50','E87 120d   Door trim panel rear/Eler. window lifter','');
insert into Diagram values('UG51-51_5518','UG51-20030300','51-55','E87 120d   TRIM PANEL LEG ROOM','');
insert into Diagram values('UG51-51_5519','UG51-20030300','51-55','E87 120d   Cover, entrance','');
insert into Diagram values('UG51-51_5521','UG51-20030300','51-55','E87 120d   FLOOR COVERING','');
insert into DiagramParts values('UG51-51_6668-51479171368', 'UG51-51_6668', 03, 'Velcro element with screw thread', 'D 62MM', 2, to_date('20070901','YYYYMMDD'), to_date('20110801','YYYYMMDD'), '51479171368', '$8.03', '', false);
insert into Diagram values('UG51-51_6668','UG51-20030300','51-55','E87 120d   Floor mats, velours','');
insert into Diagram values('UG51-51_5523','UG51-20030300','51-65','E87 120d   TRUNK LID TRIM PANEL','');
insert into Diagram values('UG51-51_5525','UG51-20030300','51-65','E87 120d   LEFT TRUNK TRIM','');
insert into Diagram values('UG51-51_5536','UG51-20030300','51-65','E87 120d   Right TRUNK TRIM','');
insert into Diagram values('UG51-51_6519','UG51-20030300','51-65','E87 120d   Trunk floor / Trunk sill / Dividing net','');
insert into Diagram values('UG51-51_5526','UG51-20030300','51-70','E87 120d   SOUND INSULATING FRONT','');
insert into Diagram values('UG51-51_5527','UG51-20030300','51-70','E87 120d   Heat insulation','');
insert into Diagram values('UG51-51_5532','UG51-20030300','51-70','E87 120d   Wheelarch trim','');
insert into Diagram values('UG51-51_5538','UG51-20030300','51-70','E87 120d   SOUND INSULATING REAR','');
insert into Diagram values('UG51-51_5790','UG51-20030300','51-70','E87 120d   Diesel encapsulation','');
insert into Diagram values('UG51-51_5528','UG51-20030300','51-75','E87 120d   Underhood shield','');
insert into Diagram values('UG51-51_5529','UG51-20030300','51-75','E87 120d   Underfloor coating for manual transm.','');
insert into Diagram values('UG51-51_5709','UG51-20030300','51-75','E87 120d   Underhood shield','');
insert into Diagram values('UG51-51_6171','UG51-20030300','51-75','E87 120d   Underbody trim on side','');
insert into Diagram values('UG51-51_6173','UG51-20030300','51-75','E87 120d   Underfloor coating for automatic transm.','');
insert into Diagram values('UG51-51_6529','UG51-20030300','51-75','E87 120d   FRONT PANEL','');
insert into Diagram values('UG51-51_6760','UG51-20030300','51-75','E87 120d   Strut brace','');
insert into Diagram values('UG51-51_6960','UG51-20030300','51-75','E87 120d   Air duct','');
insert into Diagram values('UG51-51_6535','UG51-20030300','51-80','E87 120d   Misc. body parts','');
insert into Diagram values('UG51-51_6771','UG51-20030300','51-80','E87 120d   Sealing cap/plug','');
insert into Diagram values('UG51-51_4635','UG51-20030300','51-95','E87 120d   Exterior mirror for towing','');
insert into Diagram values('UG51-51_4643','UG51-20030300','51-95','E87 120d   Non-skid mat','');
insert into Diagram values('UG51-51_4694','UG51-20030300','51-95','E87 120d   Aluminum footrest','');
insert into Diagram values('UG51-51_4698','UG51-20030300','51-95','E87 120d   Boot lashing strap','');
insert into Diagram values('UG51-51_5244','UG51-20030300','51-95','E87 120d   Luggage compartment pan','');
insert into Diagram values('UG51-51_5362','UG51-20030300','51-95','E87 120d   Luggage compartment, folding','');
insert into Diagram values('UG51-51_5688','UG51-20030300','51-95','E87 120d   Luggage compatment box "multifix"','');
insert into Diagram values('UG51-51_5727','UG51-20030300','51-95','E87 120d   Fine wood trim','');
insert into Diagram values('UG51-51_5733','UG51-20030300','51-95','E87 120d   Sunshade','');
insert into Diagram values('UG51-51_5734','UG51-20030300','51-95','E87 120d   Illuminated door sill strip retrofit kit','');
insert into Diagram values('UG51-51_5737','UG51-20030300','51-95','E87 120d   Rubber mat','');
insert into Diagram values('UG51-51_5738','UG51-20030300','51-95','E87 120d   Umbrella with bag','');
insert into Diagram values('UG51-51_5739','UG51-20030300','51-95','E87 120d   Storage sleeve DVD/CD','');
insert into Diagram values('UG51-51_5799','UG51-20030300','51-95','E87 120d   Fitted luggage compartment mat','');
insert into Diagram values('UG51-51_5804','UG51-20030300','51-95','E87 120d   Retrofit Cup holder center console','');
insert into Diagram values('UG51-51_5808','UG51-20030300','51-95','E87 120d   Retrofit equipm. armrest center console','');
insert into Diagram values('UG51-51_5928','UG51-20030300','51-95','E87 120d   Retrofit rearview mirror w. auto dimmer','');
insert into Diagram values('UG51-51_5939','UG51-20030300','51-95','E87 120d   Floor mats Commercial','');
insert into Diagram values('UG51-51_5954','UG51-20030300','51-95','E87 120d   Load edge protector','');
insert into Diagram values('UG51-51_5955','UG51-20030300','51-95','E87 120d   Retrofit kit M aerodyn. package','');
insert into Diagram values('UG51-51_5980','UG51-20030300','51-95','E87 120d   Retrofit: heating outside mirror','');
insert into Diagram values('UG51-51_6073','UG51-20030300','51-95','E87 120d   Door sill strip retrofit kit st. steel','');
insert into Diagram values('UG51-51_6083','UG51-20030300','51-95','E87 120d   Strut brace','');
insert into Diagram values('UG51-51_6085','UG51-20030300','51-95','E87 120d   Retrofit, M cover, entrance','');
insert into Diagram values('UG51-51_6137','UG51-20030300','51-95','E87 120d   Retrofit, cup holder','');
insert into Diagram values('UG51-51_6165','UG51-20030300','51-95','E87 120d   Luggage compartment clamping belts','');
insert into Diagram values('UG51-51_6213','UG51-20030300','51-95','E87 120d   Carbon fiber package','');
insert into Diagram values('UG51-51_6283','UG51-20030300','51-95','E87 120d   Load compartment protective cover','');
insert into Diagram values('UG51-51_6477','UG51-20030300','51-95','E87 120d   Key fob','');
insert into Diagram values('UG51-51_6639','UG51-20030300','51-95','E87 120d   Protective loading edge mat','');
insert into DiagramParts values('UG51-51_6669-51479171368', 'UG51-51_6669', 03, 'Velcro element with screw thread', 'D 62MM', 2, to_date('20070901','YYYYMMDD'), to_date('20110801','YYYYMMDD'), '51479171368', '$8.03', '', false);
insert into Diagram values('UG51-51_6669','UG51-20030300','51-95','E87 120d   Floor mats, velours','');
insert into Diagram values('UG51-51_6695','UG51-20030300','51-95','E87 120d   Storage net, footwell, front','');
insert into Diagram values('UG51-51_6696','UG51-20030300','51-95','E87 120d   Trunk room net','');
insert into Diagram values('UG51-51_6762','UG51-20030300','51-95','E87 120d   Retrofit f oddments tray instr. panel','');
insert into Diagram values('UG51-51_6770','UG51-20030300','51-95','E87 120d   FLOOR MATS CITY','');
insert into Diagram values('UG51-51_6778','UG51-20030300','51-95','E87 120d   BMW Performance strut tower brace carbon','');
insert into Diagram values('UG51-51_6803','UG51-20030300','51-95','E87 120d   Impact guard strips, side','');
insert into Diagram values('UG51-51_6850','UG51-20030300','51-95','E87 120d   Retrofit kit, M rocker panel trim','');
insert into Diagram values('UG51-51_6885','UG51-20030300','51-95','E87 120d   Aerodynamics package','');
insert into Diagram values('UG51-51_6963','UG51-20030300','51-95','E87 120d   Interior moldings Carbon','');
insert into Diagram values('UG51-51_6973','UG51-20030300','51-95','E87 120d   BMW Performance side stripes','');
insert into Diagram values('UG51-51_6977','UG51-20030300','51-95','E87 120d   Boot/trunk floor net','');
insert into Diagram values('UG51-51_6992','UG51-20030300','51-95','E87 120d   BMW Performance Aerodynamics, front','');
insert into Diagram values('UG51-51_6993','UG51-20030300','51-95','E87 120d   BMW Performance Aerodynamics','');
insert into Diagram values('UG51-51_6996','UG51-20030300','51-95','E87 120d   BMW Performance Aerodynamics, rocker','');
insert into Diagram values('UG51-51_7021','UG51-20030300','51-95','E87 120d   Retrofit snap-on drink holder','');
insert into Diagram values('UG51-51_7048','UG51-20030300','51-95','E87 120d   BMW Performance Aerodynamics, rear','');
insert into Diagram values('UG51-51_7061','UG51-20030300','51-95','E87 120d   Non-skid mat','');
insert into Diagram values('UG51-51_7142','UG51-20030300','51-95','E87 120d   BMW Performance Aluminum footrest','');
insert into Diagram values('UG51-51_7146','UG51-20030300','51-95','E87 120d   BMW Performance Interior moldings Carbon','');
insert into Diagram values('UG51-51_7152','UG51-20030300','51-95','E87 120d   BMW Performance strut tower brace, alu','');
insert into Diagram values('UG51-51_7191','UG51-20030300','51-95','E87 120d   Retrofit trim grill','');
insert into Diagram values('UG51-51_7224','UG51-20030300','51-95','E87 120d   BMW Performance door sill moldings','');
insert into Diagram values('UG51-51_7236','UG51-20030300','51-95','E87 120d   Footmat update','');
insert into Diagram values('UG51-51_7515','UG51-20030300','51-95','E87 120d   Dog Guard','');
insert into Diagram values('UG51-51_7713','UG51-20030300','51-95','E87 120d   Multifunct.lugg.compartm.mat w.fold.cont','');
insert into Diagram values('UG51-51_8051','UG51-20030300','51-95','E87 120d   First-aid kit, universal','');
insert into Diagram values('UG51-51_8522','UG51-20030300','51-95','E87 120d   Travel & Comfort System','');
insert into Diagram values('UG51-52_3086','UG51-20030300','52-10','E87 120d   Seat, front, head restraint','');
insert into DiagramParts values('UG51-52_3087-52106970532', 'UG51-52_3087', 04, 'COVER BACKREST CLOTH RIGHT', 'ANTHRAZIT', 1, to_date('20050901','YYYYMMDD'), to_date('20080901','YYYYMMDD'), '52106970532', '', '', false);
insert into DiagramParts values('UG51-52_3087-52106970534', 'UG51-52_3087', 04, 'COVER BACKREST CLOTH RIGHT', 'MONACOBLAU', 1, to_date('20050901','YYYYMMDD'), to_date('20080901','YYYYMMDD'), '52106970534', '', '', false);
insert into DiagramParts values('UG51-52_3087-52106970536', 'UG51-52_3087', 04, 'COVER BACKREST CLOTH RIGHT', 'NAUTILUSGRAU', 1, to_date('20050901','YYYYMMDD'), to_date('20080901','YYYYMMDD'), '52106970536', '', '', false);
insert into Diagram values('UG51-52_3087','UG51-20030300','52-10','E87 120d   Seat front, upholstery & cover base seat','');
insert into DiagramParts values('UG51-52_3088-52106955940', 'UG51-52_3088', 05, 'COVER BACKREST CLOTH RIGHT', 'ANTHRAZIT', 1, to_date('20050901','YYYYMMDD'), to_date('20061001','YYYYMMDD'), '52106955940', '', '', false);
insert into DiagramParts values('UG51-52_3088-52106955939', 'UG51-52_3088', 05, 'COVER BACKREST CLOTH LEFT', 'ANTHRAZIT', 1, to_date('20061001','YYYYMMDD'), to_date('20080901','YYYYMMDD'), '52106955939', '', '', false);
insert into DiagramParts values('UG51-52_3088-52106955942', 'UG51-52_3088', 05, 'COVER BACKREST CLOTH RIGHT', 'MONACOBLAU', 1, to_date('20050901','YYYYMMDD'), to_date('20061001','YYYYMMDD'), '52106955942', '', '', false);
insert into DiagramParts values('UG51-52_3088-52106955941', 'UG51-52_3088', 05, 'COVER BACKREST CLOTH LEFT', 'MONACOBLAU', 1, to_date('20061001','YYYYMMDD'), to_date('20080901','YYYYMMDD'), '52106955941', '', '', false);
insert into DiagramParts values('UG51-52_3088-52106955944', 'UG51-52_3088', 05, 'COVER BACKREST CLOTH RIGHT', 'NAUTILUSGRAU', 1, to_date('20050901','YYYYMMDD'), to_date('20061001','YYYYMMDD'), '52106955944', '', '', false);
insert into DiagramParts values('UG51-52_3088-52108036202', 'UG51-52_3088', 05, 'Cover backrest cloth/Imitat. leather,rig', 'SCHWARZ', 1, to_date('20050901','YYYYMMDD'), to_date('20061001','YYYYMMDD'), '52108036202', '', '', false);
insert into DiagramParts values('UG51-52_3088-52108036201', 'UG51-52_3088', 05, 'Cover backrest cloth/Imitat. leather,lft', 'SCHWARZ', 1, to_date('20061001','YYYYMMDD'), to_date('20070301','YYYYMMDD'), '52108036201', '', '', false);
insert into DiagramParts values('UG51-52_3088-52108039533', 'UG51-52_3088', 05, 'Cover backrest cloth/Imitat. leather,lft', 'SCHWARZ', 1, to_date('20070301','YYYYMMDD'), to_date('20080901','YYYYMMDD'), '52108039533', '', '', false);
insert into DiagramParts values('UG51-52_3088-52108039534', 'UG51-52_3088', 05, 'Cover backrest cloth/Imitat. leather,rig', 'SCHWARZ', 1, to_date('20070301','YYYYMMDD'), to_date('20080901','YYYYMMDD'), '52108039534', '', '', false);
insert into Diagram values('UG51-52_3088','UG51-20030300','52-10','E87 120d   Seat, front, uphlstry, cover, Sport seat','');
insert into Diagram values('UG51-52_3092','UG51-20030300','52-10','E87 120d   FRONT SEAT BACKREST FRAME/REAR PANEL','');
insert into Diagram values('UG51-52_3093','UG51-20030300','52-10','E87 120d   FRONT SEAT RAIL MECHANICAL/SINGLE PARTS','');
insert into DiagramParts values('UG51-52_3094-52106979627', 'UG51-52_3094', 12, 'Cover, belt catch left', 'NAUTILUSGRAU', 1, to_date('20050501','YYYYMMDD'), to_date('20070301','YYYYMMDD'), '52106979627', '', '', false);
insert into DiagramParts values('UG51-52_3094-52106979628', 'UG51-52_3094', 12, 'Cover, belt catch right', 'NAUTILUSGRAU', 1, to_date('20050501','YYYYMMDD'), to_date('20070301','YYYYMMDD'), '52106979628', '', '', false);
insert into Diagram values('UG51-52_3094','UG51-20030300','52-10','E87 120d   FRONT SEAT RAIL ELECTRICAL/SINGLE PARTS','');
insert into Diagram values('UG51-52_3125','UG51-20030300','52-10','E87 120d   Seat, front, lumbar','');
insert into Diagram values('UG51-52_3468','UG51-20030300','52-10','E87 120d   BMW Performance Sport Seat','');
insert into Diagram values('UG51-52_3541','UG51-20030300','52-10','E87 120d   Seat, front, electrical and motors','');
insert into Diagram values('UG51-52_3074','UG51-20030300','52-20','E87 120d   Rear seat head restraint','');
insert into Diagram values('UG51-52_3075','UG51-20030300','52-20','E87 120d   Seat, rear, head restraint, center','');
insert into Diagram values('UG51-52_3077','UG51-20030300','52-20','E87 120d   Seat, rear, uphlstry/cover, load-through','');
insert into Diagram values('UG51-52_3078','UG51-20030300','52-20','E87 120d   Seat, rear, seat frame, load-through','');
insert into Diagram values('UG51-52_3082','UG51-20030300','52-20','E87 120d   Rear seat ski bag','');
insert into Diagram values('UG51-52_3172','UG51-20030300','52-20','E87 120d   Retrofitting rear folding head restraint','');
insert into Diagram values('UG51-52_3212','UG51-20030300','52-20','E87 120d   Seat, rear, backrest trim covers','');
insert into Diagram values('UG51-52_3079','UG51-20030300','52-60','E87 120d   Cover material, running meter','');
insert into Diagram values('UG51-52_3713','UG51-20030300','52-65','E87 120d   Seat heating','');
insert into Diagram values('UG51-52_2913','UG51-20030300','52-95','E87 120d   Lambskin seat cover','');
insert into Diagram values('UG51-52_3015','UG51-20030300','52-95','E87 120d   UNIVERSAL PRODECTIVE REAR COVER','');
insert into Diagram values('UG51-52_3043','UG51-20030300','52-95','E87 120d   Belt holder','');
insert into Diagram values('UG51-52_3175','UG51-20030300','52-95','E87 120d   INSTALLING SET HEATED SEAT FRONT','');
insert into Diagram values('UG51-52_3196','UG51-20030300','52-95','E87 120d   Retrofit, net bag at seat backrest','');
insert into Diagram values('UG51-52_3199','UG51-20030300','52-95','E87 120d   Fire extinguisher','');
insert into Diagram values('UG51-52_3269','UG51-20030300','52-95','E87 120d   Seat-back storage pocket','');
insert into Diagram values('UG51-52_3435','UG51-20030300','52-95','E87 120d   Retrofitting rear folding head restraint','');
insert into Diagram values('UG51-52_3792','UG51-20030300','52-95','E87 120d   Fire extinguisher','');
insert into Diagram values('UG51-54_0341','UG51-20030300','54-05','E87 120d   SLID.LIFT. ROOF-COVER/CEILING FRAME','');
insert into Diagram values('UG51-61_1942','UG51-20030300','61-05','E87 120d   Main wiring harness, duplicate','');
insert into Diagram values('UG51-61_2028','UG51-20030300','61-05','E87 120d   Main wiring harness','');
insert into Diagram values('UG51-61_2195','UG51-20030300','61-05','E87 120d   Repair cable main cable harness','');
insert into Diagram values('UG51-61_2237','UG51-20030300','61-05','E87 120d   Main wiring harness','');
insert into Diagram values('UG51-61_2286','UG51-20030300','61-05','E87 120d   Main wiring harness','');
insert into Diagram values('UG51-61_1822','UG51-20030300','61-10','E87 120d   Cable-yarded material','');
insert into Diagram values('UG51-61_1861','UG51-20030300','61-10','E87 120d   VARIOUS ADDITIONAL WIRING SETS','');
insert into Diagram values('UG51-61_1863','UG51-20030300','61-10','E87 120d   DOOR CABLE HARNESSES','');
insert into Diagram values('UG51-61_1864','UG51-20030300','61-10','E87 120d   Wiring harness, instrument panel','');
insert into Diagram values('UG51-61_1868','UG51-20030300','61-10','E87 120d   Wiring set seat','');
insert into Diagram values('UG51-61_1869','UG51-20030300','61-10','E87 120d   Repair cable, airbag','');
insert into Diagram values('UG51-61_2567','UG51-20030300','61-10','E87 120d   Rep. wire for B+','');
insert into Diagram values('UG51-61_1280','UG51-20030300','61-15','E87 120d   Plug terminal ELO not waterproof','');
insert into Diagram values('UG51-61_1296','UG51-20030300','61-15','E87 120d   Circular connector / D 2,5 mm System','');
insert into Diagram values('UG51-61_1559','UG51-20030300','61-15','E87 120d   PLUG-IN CONNECTION BRACKET','');
insert into Diagram values('UG51-61_1578','UG51-20030300','61-15','E87 120d   Repair parts, optical fibre cable','');
insert into Diagram values('UG51-61_1691','UG51-20030300','61-15','E87 120d   Pin contacts ELO','');
insert into Diagram values('UG51-61_1711','UG51-20030300','61-15','E87 120d   Cable tie','');
insert into Diagram values('UG51-61_1754','UG51-20030300','61-15','E87 120d   Plug terminal ELO-Power','');
insert into Diagram values('UG51-61_1764','UG51-20030300','61-15','E87 120d   Diagnosis plug','');
insert into Diagram values('UG51-61_1765','UG51-20030300','61-15','E87 120d   Various cable terminals','');
insert into Diagram values('UG51-61_1865','UG51-20030300','61-15','E87 120d   VARIOUS CABLE HOLDERS','');
insert into Diagram values('UG51-61_1896','UG51-20030300','61-15','E87 120d   VARIOUS CABLE HOLDERS','');
insert into Diagram values('UG51-61_1970','UG51-20030300','61-15','E87 120d   Cable guide','');
insert into Diagram values('UG51-61_1996','UG51-20030300','61-15','E87 120d   Various cable grommets','');
insert into Diagram values('UG51-61_2063','UG51-20030300','61-15','E87 120d   Comb type connector','');
insert into Diagram values('UG51-61_2068','UG51-20030300','61-15','E87 120d   Contact system LSK8','');
insert into Diagram values('UG51-61_2107','UG51-20030300','61-15','E87 120d   Various parts, wiring harness repair','');
insert into Diagram values('UG51-61_2156','UG51-20030300','61-15','E87 120d   Double leaf spring contact','');
insert into Diagram values('UG51-61_2216','UG51-20030300','61-15','E87 120d   Terminal system MCON','');
insert into Diagram values('UG51-61_2217','UG51-20030300','61-15','E87 120d   Contact system MQS','');
insert into Diagram values('UG51-61_2268','UG51-20030300','61-15','E87 120d   Contact system MAK8','');
insert into Diagram values('UG51-61_2292','UG51-20030300','61-15','E87 120d   SLK socket contact','');
insert into Diagram values('UG51-61_2293','UG51-20030300','61-15','E87 120d   Contact system blade terminal MDK4 2.8','');
insert into Diagram values('UG51-61_2310','UG51-20030300','61-15','E87 120d   Plug housing for antenna cable, FAKRA','');
insert into Diagram values('UG51-61_2452','UG51-20030300','61-15','E87 120d   Round plug system D 1.5 mm','');
insert into Diagram values('UG51-61_2521','UG51-20030300','61-15','E87 120d   Socket housing MQS','');
insert into Diagram values('UG51-61_2638','UG51-20030300','61-15','E87 120d   Repair parts, coaxial cable contacts','');
insert into Diagram values('UG51-61_2680','UG51-20030300','61-15','E87 120d   Repair parts, coaxial cable housing','');
insert into Diagram values('UG51-61_1710','UG51-20030300','61-20','E87 120d   Fuses / sign with fuse allocat. diagr.','');
insert into Diagram values('UG51-61_1862','UG51-20030300','61-20','E87 120d   Individual parts, power distributor, fr.','');
insert into Diagram values('UG51-61_1718','UG51-20030300','61-25','E87 120d   Control unit/antennas passive access','');
insert into Diagram values('UG51-61_1847','UG51-20030300','61-25','E87 120d   BRACKET F BODY CONTROL UNITS AND MODULES','');
insert into Diagram values('UG51-61_2093','UG51-20030300','61-25','E87 120d   Control unit Junctionbox Elektronik','');
insert into Diagram values('UG51-61_2094','UG51-20030300','61-25','E87 120d   Control unit, footwell module','');
insert into DiagramParts values('UG51-61_2095-61356943766', 'UG51-61_2095', 01, 'Control unit CAS', 'CAS2', 1, to_date('20041201','YYYYMMDD'), to_date('20060901','YYYYMMDD'), '61356943766', '', 'ENDED', false);
insert into DiagramParts values('UG51-61_2095-61356964051', 'UG51-61_2095', 01, 'Control unit CAS', 'CAS2', 1, to_date('20041201','YYYYMMDD'), to_date('20060901','YYYYMMDD'), '61356964051', '', 'ENDED', false);
insert into DiagramParts values('UG51-61_2095-61356943771', 'UG51-61_2095', 01, 'Control unit CAS', 'CAS2', 1, to_date('20041201','YYYYMMDD'), to_date('20060901','YYYYMMDD'), '61356943771', '', 'ENDED', false);
insert into DiagramParts values('UG51-61_2095-61356981416', 'UG51-61_2095', 01, 'Control unit CAS', 'CAS2', 1, to_date('20041201','YYYYMMDD'), to_date('20060901','YYYYMMDD'), '61356981416', '', 'ENDED', false);
insert into DiagramParts values('UG51-61_2095-61356943791', 'UG51-61_2095', 01, 'Control unit CAS', 'CAS2', 1, to_date('20041201','YYYYMMDD'), to_date('20060901','YYYYMMDD'), '61356943791', '', 'ENDED', false);
insert into DiagramParts values('UG51-61_2095-61356943797', 'UG51-61_2095', 01, 'Control unit CAS', 'CAS2', 1, to_date('20041201','YYYYMMDD'), to_date('20060901','YYYYMMDD'), '61356943797', '', 'ENDED', false);
insert into DiagramParts values('UG51-61_2095-61356943814', 'UG51-61_2095', 01, 'Control unit CAS', 'CAS3', 1, to_date('20041201','YYYYMMDD'), to_date('20060901','YYYYMMDD'), '61356943814', '', 'ENDED', false);
insert into DiagramParts values('UG51-61_2095-61356943830', 'UG51-61_2095', 01, 'Control unit CAS', 'CAS3', 1, to_date('20041201','YYYYMMDD'), to_date('20070301','YYYYMMDD'), '61356943830', '', 'ENDED', false);
insert into DiagramParts values('UG51-61_2095-61356943834', 'UG51-61_2095', 01, 'Control unit CAS', 'CAS3', 1, to_date('20041201','YYYYMMDD'), to_date('20090301','YYYYMMDD'), '61356943834', '', 'ENDED', false);
insert into DiagramParts values('UG51-61_2095-61359147184', 'UG51-61_2095', 01, 'Control unit CAS', 'CAS3', 1, to_date('20041201','YYYYMMDD'), to_date('20090301','YYYYMMDD'), '61359147184', '', 'ENDED', false);
insert into DiagramParts values('UG51-61_2095-61359147195', 'UG51-61_2095', 01, 'Control unit CAS', 'CAS3', 1, to_date('20041201','YYYYMMDD'), to_date('20090301','YYYYMMDD'), '61359147195', '', 'ENDED', false);
insert into DiagramParts values('UG51-61_2095-61359147196', 'UG51-61_2095', 01, 'Control unit CAS', 'CAS3', 1, to_date('20041201','YYYYMMDD'), to_date('20090901','YYYYMMDD'), '61359147196', '', 'ENDED', false);
insert into DiagramParts values('UG51-61_2095-61359147212', 'UG51-61_2095', 01, 'Control unit CAS', 'CAS3', 1, to_date('20041201','YYYYMMDD'), to_date('20090901','YYYYMMDD'), '61359147212', '', 'ENDED', false);
insert into DiagramParts values('UG51-61_2095-61359147220', 'UG51-61_2095', 01, 'Control unit CAS', 'CAS3', 1, to_date('20041201','YYYYMMDD'), to_date('20090901','YYYYMMDD'), '61359147220', '', 'ENDED', false);
insert into DiagramParts values('UG51-61_2095-61359147221', 'UG51-61_2095', 01, 'Control unit CAS', 'CAS3', 1, to_date('20041201','YYYYMMDD'), to_date('20090901','YYYYMMDD'), '61359147221', '', 'ENDED', false);
insert into DiagramParts values('UG51-61_2095-61359147226', 'UG51-61_2095', 01, 'Control unit CAS', 'CAS3', 1, to_date('20041201','YYYYMMDD'), to_date('20090901','YYYYMMDD'), '61359147226', '', 'ENDED', false);
insert into DiagramParts values('UG51-61_2095-61359217853', 'UG51-61_2095', 01, 'Control unit CAS', 'CAS3', 1, to_date('20041201','YYYYMMDD'), to_date('20100301','YYYYMMDD'), '61359217853', '', 'ENDED', false);
insert into Diagram values('UG51-61_2095','UG51-20030300','61-25','E87 120d   Control unit CAS','');
insert into DiagramParts values('UG51-61_2096-61359221180', 'UG51-61_2096', 07, 'TRAILER TOWING MODUL', '4R', 1, to_date('20090301','YYYYMMDD'), to_date('20110301','YYYYMMDD'), '61359221180', '$203.91', '', false);
insert into DiagramParts values('UG51-61_2096-61359186177', 'UG51-61_2096', 07, 'TRAILER TOWING MODUL', '4R', 1, to_date('20060901','YYYYMMDD'), to_date('20090301','YYYYMMDD'), '61359186177', '', 'ENDED', false);
insert into Diagram values('UG51-61_2096','UG51-20030300','61-25','E87 120d   Control units/modules','');
insert into Diagram values('UG51-61_1859','UG51-20030300','61-30','E87 120d   B+ terminal point, engine compartment','');
insert into Diagram values('UG51-61_1860','UG51-20030300','61-30','E87 120d   Battery lead/distribution box, rear','');
insert into Diagram values('UG51-61_1948','UG51-20030300','61-30','E87 120d   battery holder and mounting parts','');
insert into Diagram values('UG51-61_1986','UG51-20030300','61-30','E87 120d   Original BMW battery (Warranty only)','');
insert into Diagram values('UG51-61_1839','UG51-20030300','61-35','E87 120d   Control element light','');
insert into Diagram values('UG51-61_1843','UG51-20030300','61-35','E87 120d   SWITCH WINDOW LIFTER','');
insert into Diagram values('UG51-61_1844','UG51-20030300','61-35','E87 120d   Switch unit roof','');
insert into Diagram values('UG51-61_1845','UG51-20030300','61-35','E87 120d   Seat adjustment switch, front','');
insert into Diagram values('UG51-61_1849','UG51-20030300','61-35','E87 120d   VARIOUS SWITCHES','');
insert into Diagram values('UG51-61_1880','UG51-20030300','61-35','E87 120d   Switch, Multifunction Sport/M st. wheel','');
insert into Diagram values('UG51-61_2050','UG51-20030300','61-35','E87 120d   Switch unit roof','');
insert into Diagram values('UG51-61_2128','UG51-20030300','61-35','E87 120d   Switch for brake, clutch','');
insert into Diagram values('UG51-61_2274','UG51-20030300','61-35','E87 120d   Switch unit, center console','');
insert into Diagram values('UG51-61_2281','UG51-20030300','61-35','E87 120d   Starter/Stop switch','');
insert into Diagram values('UG51-61_2282','UG51-20030300','61-35','E87 120d   Switch hazard warning/central lckng syst','');
insert into Diagram values('UG51-61_2322','UG51-20030300','61-35','E87 120d   Switch unit roof','');
insert into Diagram values('UG51-61_2480','UG51-20030300','61-35','E87 120d   Cigarette lighter / sockets','');
insert into Diagram values('UG51-61_2639','UG51-20030300','61-35','E87 120d   Shift paddles / Shift paddles','');
insert into Diagram values('UG51-61_2900','UG51-20030300','61-35','E87 120d   USB/AUX-IN socket','');
insert into Diagram values('UG51-61_2946','UG51-20030300','61-35','E87 120d   USB/AUX-IN socket','');
insert into Diagram values('UG51-61_3088','UG51-20030300','61-35','E87 120d   Switch unit steering column','');
insert into Diagram values('UG51-61_2857','UG51-20030300','61-40','E87 120d   Horn','');
insert into Diagram values('UG51-61_1854','UG51-20030300','61-45','E87 120d   SINGLE WIPER PARTS','');
insert into Diagram values('UG51-61_1856','UG51-20030300','61-45','E87 120d   SINGLE PARTS FOR REAR WINDOW WIPER','');
insert into Diagram values('UG51-61_1858','UG51-20030300','61-45','E87 120d   WIPER ARM/WIPER BLADE','');
insert into Diagram values('UG51-61_1876','UG51-20030300','61-45','E87 120d   SINGLE PARTS FOR HEAD LAMP CLEANING','');
insert into Diagram values('UG51-61_1877','UG51-20030300','61-45','E87 120d   FILLER PIPE FOR WASH CONTAINER','');
insert into Diagram values('UG51-61_1878','UG51-20030300','61-45','E87 120d   SINGLE PARTS FOR WINDSHIELD CLEANING','');
insert into Diagram values('UG51-61_1879','UG51-20030300','61-45','E87 120d   Reserv.,windshield/headlight washer syst','');
insert into Diagram values('UG51-61_2046','UG51-20030300','61-45','E87 120d   SINGLE PARTS FOR HEAD LAMP CLEANING','');
insert into Diagram values('UG51-61_1872','UG51-20030300','61-95','E87 120d   Retrofit kit, headlight cleaning system','');
insert into Diagram values('UG51-61_1974','UG51-20030300','61-95','E87 120d   Retrofit, passenger airbag shutoff','');
insert into Diagram values('UG51-61_2223','UG51-20030300','61-95','E87 120d   Suppression filter','');
insert into Diagram values('UG51-61_3026','UG51-20030300','61-95','E87 120d   Battery charger','');
insert into Diagram values('UG51-61_3244','UG51-20030300','61-95','E87 120d   Battery charger','');
insert into Diagram values('UG51-62_0471','UG51-20030300','62-05','E87 120d   Instrument cluster','');
insert into Diagram values('UG51-62_0561','UG51-20030300','62-95','E87 120d   Electronic log book','');
insert into Diagram values('UG51-63_0865','UG51-20030300','63-05','E87 120d   Headlight','');
insert into Diagram values('UG51-63_0874','UG51-20030300','63-05','E87 120d   Single components for headlight','');
insert into Diagram values('UG51-63_0875','UG51-20030300','63-05','E87 120d   Single parts, xenon headlight','');
insert into Diagram values('UG51-63_1067','UG51-20030300','63-05','E87 120d   SPARE BULBS BOX','');
insert into Diagram values('UG51-63_1363','UG51-20030300','63-05','E87 120d   BMW Performance Light','');
insert into Diagram values('UG51-63_1420','UG51-20030300','63-05','E87 120d   SPARE BULBS BOX','');
insert into Diagram values('UG51-63_0866','UG51-20030300','63-10','E87 120d   Additional turn indicator lamp','');
insert into Diagram values('UG51-63_0867','UG51-20030300','63-15','E87 120d   Fog lights','');
insert into Diagram values('UG51-63_0868','UG51-20030300','63-20','E87 120d   Rear light','');
insert into Diagram values('UG51-63_0869','UG51-20030300','63-25','E87 120d   Third stoplamp','');
insert into Diagram values('UG51-63_0870','UG51-20030300','63-30','E87 120d   VARIOUS LAMPS/SPARE BULBS BOX','');
insert into Diagram values('UG51-63_0871','UG51-20030300','63-30','E87 120d   Various lamps','');
insert into Diagram values('UG51-63_0904','UG51-20030300','63-95','E87 120d   INSTALLING SET FOG LAMPS','');
insert into Diagram values('UG51-63_0922','UG51-20030300','63-95','E87 120d   Install.kit, Xenon light','');
insert into Diagram values('UG51-63_0935','UG51-20030300','63-95','E87 120d   Retrofit kit rear light Black Line','');
insert into Diagram values('UG51-63_1050','UG51-20030300','63-95','E87 120d   Retrofit kit, tail lamps, Facelift LED','');
insert into Diagram values('UG51-63_1078','UG51-20030300','63-95','E87 120d   Retrofit kit cornering light','');
insert into Diagram values('UG51-63_1153','UG51-20030300','63-95','E87 120d   Flashlight, LED','');
insert into Diagram values('UG51-63_1289','UG51-20030300','63-95','E87 120d   Retrofit kit, LED daytime driving lights','');
insert into Diagram values('UG51-63_1322','UG51-20030300','63-95','E87 120d   LED interior light package','');
insert into Diagram values('UG51-63_1509','UG51-20030300','63-95','E87 120d   BMW LED luggage compartment lamp','');
insert into Diagram values('UG51-64_1440','UG51-20030300','64-05','E87 120d   AIR OUTLET','');
insert into Diagram values('UG51-64_1428','UG51-20030300','64-10','E87 120d   MICROFILTER/ACTIVATED CARBON CONTAINER','');
insert into Diagram values('UG51-64_1449','UG51-20030300','64-15','E87 120d   Heater radiator','');
insert into Diagram values('UG51-64_1774','UG51-20030300','64-15','E87 120d   Heater unit, Denso','');
insert into Diagram values('UG51-64_1778','UG51-20030300','64-15','E87 120d   Heater core up to 07/2006','');
insert into Diagram values('UG51-64_1779','UG51-20030300','64-15','E87 120d   Heater core from 07/2006 onward','');
insert into Diagram values('UG51-64_1780','UG51-20030300','64-15','E87 120d   Heater unit, Denso','');
insert into Diagram values('UG51-64_1781','UG51-20030300','64-15','E87 120d   Heater unit, Denso','');
insert into Diagram values('UG51-64_1446','UG51-20030300','64-18','E87 120d   Additional water pump/Water hose','');
insert into Diagram values('UG51-64_1442','UG51-20030300','64-20','E87 120d   HEATER CONTROL','');
insert into Diagram values('UG51-64_1443','UG51-20030300','64-20','E87 120d   Automatic air conditioning control','');
insert into Diagram values('UG51-64_1445','UG51-20030300','64-20','E87 120d   Air Conditioning Control','');
insert into Diagram values('UG51-64_1439','UG51-20030300','64-30','E87 120d   Evaporator / Expansion valve','');
insert into Diagram values('UG51-64_1451','UG51-20030300','64-35','E87 120d   Housing parts heater and air cond. Denso','');
insert into Diagram values('UG51-64_1452','UG51-20030300','64-35','E87 120d   Housing parts aut.air conditioning Valeo','');
insert into Diagram values('UG51-64_1455','UG51-20030300','64-35','E87 120d   Housing parts aut.air conditioning Denso','');
insert into Diagram values('UG51-64_1453','UG51-20030300','64-40','E87 120d   ELECTRIC PARTS FOR HEATER','');
insert into Diagram values('UG51-64_1454','UG51-20030300','64-40','E87 120d   ELECTRIC PARTS FOR AC UNIT','');
insert into Diagram values('UG51-64_1433','UG51-20030300','64-45','E87 120d   SENSOR F. AUC','');
insert into Diagram values('UG51-64_1434','UG51-20030300','64-45','E87 120d   Solar sensor','');
insert into Diagram values('UG51-64_1438','UG51-20030300','64-45','E87 120d   Condensation sensor','');
insert into Diagram values('UG51-64_1447','UG51-20030300','64-50','E87 120d   Air-conditioner compressor','');
insert into Diagram values('UG51-64_1429','UG51-20030300','64-55','E87 120d   Condenser air conditioning','');
insert into Diagram values('UG51-64_1431','UG51-20030300','64-60','E87 120d   Coolant lines','');
insert into Diagram values('UG51-64_1575','UG51-20030300','64-65','E87 120d   Spare parts,aux.heater,Opt.Eqmt/Accessor','');
insert into Diagram values('UG51-64_1319','UG51-20030300','64-95','E87 120d   Labels independent heating','');
insert into Diagram values('UG51-64_1444','UG51-20030300','64-95','E87 120d   INSTALLING SET AUTOMATIC AIR CONDITIONER','');
insert into Diagram values('UG51-64_1573','UG51-20030300','64-95','E87 120d   Install.kit, independent heater','');
insert into Diagram values('UG51-64_1855','UG51-20030300','64-95','E87 120d   Accessori e postmontaggi','');
insert into Diagram values('UG51-64_1441','UG51-20030300','64-99','E87 120d   DIVERSE SMALL PARTS','');
insert into Diagram values('UG51-65_0207','UG51-20030300','65-05','E87 120d   Earth strap for engine hood','');
insert into Diagram values('UG51-65_1472','UG51-20030300','65-05','E87 120d   Radio BMW Audio','');
insert into Diagram values('UG51-65_1473','UG51-20030300','65-05','E87 120d   Radio BMW Business CD','');
insert into DiagramParts values('UG51-65_1474-65129231059', 'UG51-65_1474', 02, 'Rotary knob', 'CHROM', 2, to_date('20100501','YYYYMMDD'), to_date('20100901','YYYYMMDD'), '65129231059', '', '', false);
insert into Diagram values('UG51-65_1474','UG51-20030300','65-05','E87 120d   Radio BMW Professional CD','');
insert into Diagram values('UG51-65_1475','UG51-20030300','65-05','E87 120d   Radio BMW Professional MD','');
insert into Diagram values('UG51-65_1476','UG51-20030300','65-05','E87 120d   M-Audio system controller','');
insert into Diagram values('UG51-65_1585','UG51-20030300','65-05','E87 120d   DAB tuner','');
insert into Diagram values('UG51-65_2440','UG51-20030300','65-05','E87 120d   DAB Retrofit','');
insert into Diagram values('UG51-65_1786','UG51-20030300','65-07','E87 120d   Auxiliary connection cable','');
insert into Diagram values('UG51-65_1471','UG51-20030300','65-10','E87 120d   CD Changer/Bracket','');
insert into DiagramParts values('UG51-65_1483-65136954877', 'UG51-65_1483', 01, 'Central bass, left', 'TOP-HIFI-SYSTEM', 1, to_date('20040801','YYYYMMDD'), to_date('20070301','YYYYMMDD'), '65136954877', '', 'ENDED', false);
insert into DiagramParts values('UG51-65_1483-65136954875', 'UG51-65_1483', 01, 'Central bass, left', 'HIFI-SYSTEM', 1, to_date('20040801','YYYYMMDD'), to_date('20070301','YYYYMMDD'), '65136954875', '', 'ENDED', false);
insert into DiagramParts values('UG51-65_1483-65136954871', 'UG51-65_1483', 01, 'Central bass, left', 'STEREO-SYSTEM', 1, to_date('20040801','YYYYMMDD'), to_date('20070301','YYYYMMDD'), '65136954871', '', 'ENDED', false);
insert into DiagramParts values('UG51-65_1483-65139143233', 'UG51-65_1483', 01, 'Central bass, left', 'STEREO-SYSTEM', 1, to_date('20040801','YYYYMMDD'), to_date('20090301','YYYYMMDD'), '65139143233', '', 'ENDED', false);
insert into DiagramParts values('UG51-65_1483-65139192461', 'UG51-65_1483', 01, 'Central bass, left', 'STEREO-SYSTEM', 1, to_date('20040801','YYYYMMDD'), to_date('20091101','YYYYMMDD'), '65139192461', '', 'ENDED', false);
insert into Diagram values('UG51-65_1483','UG51-20030300','65-20','E87 120d   Components central bass','');
insert into Diagram values('UG51-65_1484','UG51-20030300','65-20','E87 120d   SINGLE PARTS F FRONT DOOR LOUDSPEAKER','');
insert into Diagram values('UG51-65_1485','UG51-20030300','65-20','E87 120d   SINGLE PARTS F REAR HELF LOUDSPEAKER','');
insert into Diagram values('UG51-65_1489','UG51-20030300','65-22','E87 120d   Audio wiring harness','');
insert into Diagram values('UG51-65_1534','UG51-20030300','65-22','E87 120d   Universal aerial cable','');
insert into Diagram values('UG51-65_1469','UG51-20030300','65-25','E87 120d   amplifier / holder hifi system','');
insert into Diagram values('UG51-65_1470','UG51-20030300','65-25','E87 120d   Amplifier HiFi Prof. / Harman Kardon','');
insert into DiagramParts values('UG51-65_1486-07146961863', 'UG51-65_1486', 07, 'Sheet metal screw', 'ISA M5X12', 2, to_date('20060901','YYYYMMDD'), to_date('20070701','YYYYMMDD'), '07146961863', '', 'ENDED', false);
insert into Diagram values('UG51-65_1486','UG51-20030300','65-30','E87 120d   SINGLE PARTS F ANTENNA','');
insert into Diagram values('UG51-65_1788','UG51-20030300','65-30','E87 120d   Rod antenna SPORT','');
insert into Diagram values('UG51-65_1498','UG51-20030300','65-45','E87 120d   Controller','');
insert into Diagram values('UG51-65_1499','UG51-20030300','65-45','E87 120d   CCC CD','');
insert into Diagram values('UG51-65_1500','UG51-20030300','65-45','E87 120d   CCC MD/CD','');
insert into Diagram values('UG51-65_1501','UG51-20030300','65-45','E87 120d   Central information display','');
insert into Diagram values('UG51-65_1503','UG51-20030300','65-45','E87 120d   Single parts CCC','');
insert into Diagram values('UG51-65_1504','UG51-20030300','65-45','E87 120d   Coolant hose, CCC / CIC / MASK','');
insert into DiagramParts values('UG51-65_1724-65909112341', 'UG51-65_1724', 01, 'FSC JNav map 2007-1 initialization', 'ASAP', 1, to_date('20070301','YYYYMMDD'), to_date('20070901','YYYYMMDD'), '65909112341', '', 'ENDED', false);
insert into Diagram values('UG51-65_1724','UG51-20030300','65-50','E87 120d   Enable code for Japanese navigation','');
insert into Diagram values('UG51-65_1829','UG51-20030300','65-50','E87 120d   Bracket for Asian Navigation','');
insert into Diagram values('UG51-65_1976','UG51-20030300','65-50','E87 120d   DVD street map Navigation Option 609','');
insert into Diagram values('UG51-65_1978','UG51-20030300','65-50','E87 120d   DVD street map Navigation Option 606','');
insert into Diagram values('UG51-65_1487','UG51-20030300','65-60','E87 120d   Alarm systems','');
insert into Diagram values('UG51-65_1488','UG51-20030300','65-65','E87 120d   Electric parts for airbag','');
insert into Diagram values('UG51-65_1468','UG51-20030300','65-70','E87 120d   Temperature sensor','');
insert into Diagram values('UG51-65_1249','UG51-20030300','65-95','E87 120d   Retrofit kit, BMW Online','');
insert into Diagram values('UG51-65_1344','UG51-20030300','65-95','E87 120d   Replacement parts for radio navigation','');
insert into Diagram values('UG51-65_1513','UG51-20030300','65-95','E87 120d   Retrofit, CD changer','');
insert into Diagram values('UG51-65_1537','UG51-20030300','65-95','E87 120d   INSTALLATION KIT ALARM SYSTEM','');
insert into Diagram values('UG51-65_1541','UG51-20030300','65-95','E87 120d   Replacement parts for radio navigation','');
insert into Diagram values('UG51-65_1658','UG51-20030300','65-95','E87 120d   DVB-T Set-top box','');
insert into Diagram values('UG51-65_1814','UG51-20030300','65-95','E87 120d   Retrofit kit USB/iPod connection','');
insert into Diagram values('UG51-65_1825','UG51-20030300','65-95','E87 120d   iPod connection retrofit kit','');
insert into Diagram values('UG51-65_1894','UG51-20030300','65-95','E87 120d   Hifi system, Alpine','');
insert into Diagram values('UG51-65_1901','UG51-20030300','65-95','E87 120d   Navigation Portable Plus/Pro/HD Traffic','');
insert into Diagram values('UG51-65_1902','UG51-20030300','65-95','E87 120d   GPS, portable, street map','');
insert into Diagram values('UG51-65_1903','UG51-20030300','65-95','E87 120d   iPod connection retrofit kit','');
insert into Diagram values('UG51-65_1924','UG51-20030300','65-95','E87 120d   Navigation Portable accessories','');
insert into Diagram values('UG51-65_1989','UG51-20030300','65-95','E87 120d   Tracking Products','');
insert into Diagram values('UG51-65_2038','UG51-20030300','65-95','E87 120d   DVD system Tablet','');
insert into Diagram values('UG51-65_2079','UG51-20030300','65-95','E87 120d   Smartnav','');
insert into Diagram values('UG51-65_2271','UG51-20030300','65-95','E87 120d   Charger adapter for Apple iPod / iPhone','');
insert into Diagram values('UG51-65_2422','UG51-20030300','65-95','E87 120d   Cable adapter for Apple iPod / iPhone','');
insert into Diagram values('UG51-65_2434','UG51-20030300','65-95','E87 120d   DVD System Tablet Single','');
insert into Diagram values('UG51-65_2515','UG51-20030300','65-95','E87 120d   Navigation &apos;Portable&apos; with Design holder','');
insert into Diagram values('UG51-65_2520','UG51-20030300','65-95','E87 120d   BMW USB charger','');
insert into Diagram values('UG51-65_2522','UG51-20030300','65-95','E87 120d   Cable adapter, devices with Micro USB','');
insert into Diagram values('UG51-66_0114','UG51-20030300','66-05','E87 120d   Ignition lock of remote control','');
insert into Diagram values('UG51-66_0115','UG51-20030300','66-05','E87 120d   Park Distance Control (PDC)','');
insert into Diagram values('UG51-66_0229','UG51-20030300','66-05','E87 120d   Ultrasonic-sensor','');
insert into Diagram values('UG51-66_0110','UG51-20030300','66-95','E87 120d   Retrofit kit PDC II','');
insert into Diagram values('UG51-66_0120','UG51-20030300','66-95','E87 120d   Retrofit kit PDC, rear','');
insert into Diagram values('UG51-66_0121','UG51-20030300','66-95','E87 120d   Retrofit kit PDC, front and rear','');
insert into Diagram values('UG51-66_0122','UG51-20030300','66-95','E87 120d   Front PDC upgrade','');
insert into Diagram values('UG51-66_0128','UG51-20030300','66-95','E87 120d   Dynamic cruise control retrofit','');
insert into Diagram values('UG51-66_0130','UG51-20030300','66-95','E87 120d   Retrofit multi-functional steering wheel','');
insert into Diagram values('UG51-66_0188','UG51-20030300','66-95','E87 120d   Park Distance Control universale sonoro','');
insert into Diagram values('UG51-71_0385','UG51-20030300','71-03','E87 120d   LABEL "TIRE PRESSURE"','');
insert into Diagram values('UG51-71_0537','UG51-20030300','71-03','E87 120d   Various notice stickers','');
insert into Diagram values('UG51-71_0568','UG51-20030300','71-03','E87 120d   Instruction notice, Airbag','');
insert into Diagram values('UG51-71_0619','UG51-20030300','71-03','E87 120d   Label, coolant','');
insert into Diagram values('UG51-71_0388','UG51-20030300','71-05','E87 120d   Warning triangle/First aid kit/-cushion','');
insert into Diagram values('UG51-71_0389','UG51-20030300','71-05','E87 120d   Car tool','');
insert into Diagram values('UG51-71_0717','UG51-20030300','71-05','E87 120d   Set of lifting jack','');
insert into Diagram values('UG51-71_0338','UG51-20030300','71-10','E87 120d   electric parts, towing hitch','');
insert into Diagram values('UG51-71_0396','UG51-20030300','71-10','E87 120d   Towing hitch, detachable','');
insert into Diagram values('UG51-71_0384','UG51-20030300','71-95','E87 120d   Retrofit kit, towing hitch','');
insert into Diagram values('UG51-71_0400','UG51-20030300','71-95','E87 120d   Set of lifting jack','');
insert into Diagram values('UG51-71_0434','UG51-20030300','71-95','E87 120d   Tire Mobility Set','');
insert into Diagram values('UG51-71_0494','UG51-20030300','71-95','E87 120d   Retrofit kit, towing hitch','');
insert into Diagram values('UG51-71_0513','UG51-20030300','71-95','E87 120d   Twin electrics, caravan leads','');
insert into Diagram values('UG51-72_0524','UG51-20030300','72-03','E87 120d   Air bag','');
insert into Diagram values('UG51-72_0521','UG51-20030300','72-05','E87 120d   Safety belt front','');
insert into Diagram values('UG51-72_0522','UG51-20030300','72-05','E87 120d   FRONT SAFETY BELT MOUNTING PARTS','');
insert into Diagram values('UG51-72_0523','UG51-20030300','72-05','E87 120d   SAFETY BELT REAR','');
insert into Diagram values('UG51-72_0461','UG51-20030300','72-95','E87 120d   Storage compartment module','');
insert into Diagram values('UG51-72_0462','UG51-20030300','72-95','E87 120d   Cup holder-module','');
insert into Diagram values('UG51-72_0591','UG51-20030300','72-95','E87 120d   Tow bar','');
insert into Diagram values('UG51-72_0598','UG51-20030300','72-95','E87 120d   TOW ROPE','');
insert into Diagram values('UG51-72_0603','UG51-20030300','72-95','E87 120d   Fire extinguisher','');
insert into Diagram values('UG51-72_0744','UG51-20030300','72-95','E87 120d   Emergency bag','');
insert into Diagram values('UG51-36_0938','UG51-20030300','82-14','E87 120d   Snow chains','');
insert into Diagram values('UG51-82_1073','UG51-20030300','82-26','E87 120d   Universal coat hanger','');
insert into Diagram values('UG51-82_1261','UG51-20030300','82-26','E87 120d   Clean Bag','');
insert into Diagram values('UG51-82_1308','UG51-20030300','82-26','E87 120d   Shoe case','');
insert into Diagram values('UG51-82_1309','UG51-20030300','82-26','E87 120d   Multimedia case','');
insert into Diagram values('UG51-82_1311','UG51-20030300','82-26','E87 120d   Driver utility set','');
insert into Diagram values('UG51-82_1171','UG51-20030300','82-31','E87 120d   BMW buggy chrome-marine with accessories','');
insert into Diagram values('UG51-82_1181','UG51-20030300','82-31','E87 120d   BMW Junior Seat I-II','');
insert into Diagram values('UG51-82_1186','UG51-20030300','82-31','E87 120d   BMW Baby Seat 0+','');
insert into Diagram values('UG51-82_1187','UG51-20030300','82-31','E87 120d   BMW Junior Seat I-II Isofix','');
insert into Diagram values('UG51-82_1189','UG51-20030300','82-31','E87 120d   BMW Baby Seat 0+ Isofix','');
insert into Diagram values('UG51-82_1237','UG51-20030300','82-31','E87 120d   Dog harness','');
insert into Diagram values('UG51-82_1276','UG51-20030300','82-31','E87 120d   BMW Junior Seat II-III','');
insert into Diagram values('UG51-82_1305','UG51-20030300','82-31','E87 120d   BMW Junior Seat III','');
insert into Diagram values('UG51-82_1198','UG51-20030300','82-44','E87 120d   Cover','');
insert into Diagram values('UG51-82_1236','UG51-20030300','82-44','E87 120d   Mud flaps','');
insert into Diagram values('UG51-82_1251','UG51-20030300','82-44','E87 120d   Cover hood windshield/side window','');
insert into Diagram values('UG51-82_0116','UG51-20030300','82-51','E87 120d   Universal support','');
insert into Diagram values('UG51-82_0122','UG51-20030300','82-51','E87 120d   Touring bicycle holder','');
insert into Diagram values('UG51-82_0123','UG51-20030300','82-51','E87 120d   RACK FOR RACING BICYCLE','');
insert into Diagram values('UG51-82_0124','UG51-20030300','82-51','E87 120d   Luggage basket','');
insert into Diagram values('UG51-82_0125','UG51-20030300','82-51','E87 120d   Bicycle lift','');
insert into Diagram values('UG51-82_0245','UG51-20030300','82-51','E87 120d   SUPPORT SNOWBOARD','');
insert into Diagram values('UG51-82_0281','UG51-20030300','82-51','E87 120d   Touring bicycle holder','');
insert into Diagram values('UG51-82_0283','UG51-20030300','82-51','E87 120d   Surfboard rack','');
insert into Diagram values('UG51-82_0284','UG51-20030300','82-51','E87 120d   Standard ski carrier for 6 pairs of skis','');
insert into Diagram values('UG51-82_0364','UG51-20030300','82-51','E87 120d   SKI/SNOWBOARD SET','');
insert into Diagram values('UG51-82_0501','UG51-20030300','82-51','E87 120d   ki and luggage box','');
insert into Diagram values('UG51-82_0502','UG51-20030300','82-51','E87 120d   Luggage box','');
insert into Diagram values('UG51-82_0594','UG51-20030300','82-51','E87 120d   Komfort ski holder','');
insert into Diagram values('UG51-82_0845','UG51-20030300','82-51','E87 120d   Standard ski holder, for 4 pairs of ski','');
insert into Diagram values('UG51-82_1157','UG51-20030300','82-51','E87 120d   Bicycle carrier, trailer coupling','');
insert into Diagram values('UG51-82_1175','UG51-20030300','82-51','E87 120d   Touring bicycle holder','');
insert into Diagram values('UG51-82_1178','UG51-20030300','82-51','E87 120d   Roof box','');
insert into Diagram values('UG51-82_1230','UG51-20030300','82-51','E87 120d   Rack support','');
insert into Diagram values('UG51-82_1234','UG51-20030300','82-51','E87 120d   Roof box','');
insert into Diagram values('UG51-82_1244','UG51-20030300','82-51','E87 120d   Racing bike rack','');
insert into Diagram values('UG51-82_1250','UG51-20030300','82-51','E87 120d   Roof box','');
insert into Diagram values('UG51-82_1268','UG51-20030300','82-51','E87 120d   Ski/snowboard holder','');
insert into Diagram values('UG51-82_1277','UG51-20030300','82-51','E87 120d   Rear carrier ECE','');
insert into Diagram values('UG51-82_1282','UG51-20030300','82-51','E87 120d   Rear carrier ski/snowboard holder','');
insert into Diagram values('UG51-82_1295','UG51-20030300','82-51','E87 120d   Roof rack systems','');
insert into Diagram values('UG51-82_1364','UG51-20030300','82-51','E87 120d   Bicycle carrier, trailer coupling','');
insert into Diagram values('UG51-82_1460','UG51-20030300','82-51','E87 120d   Roof rack systems','');
insert into Diagram values('UG51-82_1476','UG51-20030300','82-51','E87 120d   Roof-mounted container 320 LCI','');
insert into Diagram values('UG51-82_1551','UG51-20030300','82-51','E87 120d   Bicycle carrier, trailer coupling','');
insert into Diagram values('UG51-82_1567','UG51-20030300','82-51','E87 120d   Bicycle carrier, trailer coupling','');
insert into Diagram values('UG51-82_1589','UG51-20030300','82-51','E87 120d   Racing bike rack','');
insert into Diagram values('UG51-82_0926','UG51-20030300','82-52','E87 120d   Adapter (universal lift) for hood','');
insert into Diagram values('UG51-82_0102','UG51-20030300','82-81','E87 120d   Universal hoist','');
insert into Diagram values('UG51-83_0579','UG51-20030300','83-01','E87 120d   Rugzak','');
insert into Diagram values('UG51-83_0311','UG51-20030300','83-24','E87 120d   Paint protection foil E87','');
insert into Diagram values('UG51-84_0767','UG51-20030300','84-10','E87 120d   Starter package, cell phone Nokia 6303c','');
insert into Diagram values('UG51-84_0850','UG51-20030300','84-10','E87 120d   ASSY COMBOX TELEMATIC ECE','');
insert into Diagram values('UG51-84_0658','UG51-20030300','84-20','E87 120d   Single parts, SA 644 center console','');
insert into Diagram values('UG51-84_0659','UG51-20030300','84-20','E87 120d   Single parts, SA 644, trunk','');
insert into Diagram values('UG51-84_0673','UG51-20030300','84-20','E87 120d   Single parts, SA 633, center console','');
insert into Diagram values('UG51-84_0704','UG51-20030300','84-20','E87 120d   Single parts SA 633, trunk','');
insert into Diagram values('UG51-84_0758','UG51-20030300','84-20','E87 120d   Single parts, option 6NF center console','');
insert into Diagram values('UG51-84_0657','UG51-20030300','84-30','E87 120d   Single parts f hands-free facility','');
insert into Diagram values('UG51-84_0694','UG51-20030300','84-30','E87 120d   Single parts f hands-free fac. Bluetooth','');
insert into Diagram values('UG51-84_0639','UG51-20030300','84-95','E87 120d   Bluetooth SA644 hands-free retrofit kit','');
insert into Diagram values('UG51-84_0669','UG51-20030300','84-95','E87 120d   Retrofit kit hands-free facil. Bluetooth','');
insert into Diagram values('UG51-84_0678','UG51-20030300','84-95','E87 120d   Retrofit kit, voice input','');
insert into Diagram values('UG51-84_0711','UG51-20030300','84-95','E87 120d   Car phone for Japan','');
insert into Diagram values('UG51-84_0713','UG51-20030300','84-95','E87 120d   Retrofit kit for UNI hands-free system','');
insert into Diagram values('UG51-84_0714','UG51-20030300','84-95','E87 120d   Cell phone cradles,Universal hands-free','');
insert into Diagram values('UG51-84_0730','UG51-20030300','84-95','E87 120d   Stolen Vehicle Tracking - TPA','');
insert into Diagram values('UG51-84_0732','UG51-20030300','84-95','E87 120d   Upgrade kit hands-free Bluetooth OPT644','');
insert into Diagram values('UG51-84_0741','UG51-20030300','84-95','E87 120d   Base hands-free system with Bluetooth','');
insert into Diagram values('UG51-84_0778','UG51-20030300','84-95','E87 120d   BMW Bluetooth headset','');
insert into Diagram values('UG51-84_0867','UG51-20030300','84-95','E87 120d   BMW Car Hotspot','');
insert into Diagram values('UG51-84_0895','UG51-20030300','84-95','E87 120d   BMW station fr Apple iPhone','');
insert into Diagram values('UG51-84_0897','UG51-20030300','84-95','E87 120d   Snap-in adapter for Apple devices','');
insert into Diagram values('UG51-84_0906','UG51-20030300','84-95','E87 120d   Snap-in adapter, SONY ERICSSON devices','');
insert into Diagram values('UG51-84_0907','UG51-20030300','84-95','E87 120d   Snap-in adapter for NOKIA devices','');
insert into Diagram values('UG51-84_0908','UG51-20030300','84-95','E87 120d   Snap-in adapter for SIEMENS devices','');
insert into Diagram values('UG51-84_0909','UG51-20030300','84-95','E87 120d   Snap-in adapter for MOTOROLA devices','');
insert into Diagram values('UG51-84_0910','UG51-20030300','84-95','E87 120d   Snap-in adapter, BlackBerry/RIM devices','');
insert into Diagram values('UG51-84_0930','UG51-20030300','84-95','E87 120d   Smartphone cradle','');
insert into Diagram values('UG51-84_0931','UG51-20030300','84-95','E87 120d   BMW Car Hotspot LTE','');
insert into Diagram values('UG51-85_0001','UG51-20030300','85-45','E87 120d   Winter tires','');
insert into Diagram values('UG51-85_0028','UG51-20030300','85-45','E87 120d   Summer tires','');
insert into Diagram values('UG51-88_0052','UG51-20030300','88-80','E87 120d   Emergency bag','');
insert into Diagram values('UG51-88_0064','UG51-20030300','88-80','E87 120d   Fluid-change kit, autom. transmission','');
insert into ProdCodeDate values('UG51-20030300','UG51',to_date('20030301','YYYYMMDD'));
insert into ProdCodeDate values('UG51-20030400','UG51',to_date('20030401','YYYYMMDD'));
insert into ProdCodeDate values('UG51-20030400','UG51',to_date('20030401','YYYYMMDD'));
insert into ProdCodeDate values('UG51-20030500','UG51',to_date('20030501','YYYYMMDD'));
insert into ProdCodeDate values('UG51-20030500','UG51',to_date('20030501','YYYYMMDD'));
insert into ProdCodeDate values('UG51-20031100','UG51',to_date('20031101','YYYYMMDD'));
insert into ProdCodeDate values('UG51-20031100','UG51',to_date('20031101','YYYYMMDD'));
insert into ProdCodeDate values('UG51-20031200','UG51',to_date('20031201','YYYYMMDD'));
insert into ProdCodeDate values('UG51-20031200','UG51',to_date('20031201','YYYYMMDD'));
insert into ProdCodeDate values('UG51-20040100','UG51',to_date('20040101','YYYYMMDD'));
insert into ProdCodeDate values('UG51-20040100','UG51',to_date('20040101','YYYYMMDD'));
insert into ProdCodeDate values('UG51-20040200','UG51',to_date('20040201','YYYYMMDD'));
insert into ProdCode values('UG52','120d','SH','E87','ECE','M47N2','R','02/2004 E87 120d 5 doors M47N2 Europe Right hand drive ');
insert into ProdCodeDate values('UG52-20040200','UG52',to_date('20040201','YYYYMMDD'));
insert into Diagram values('UG52-01_0206','UG52-20040200','01-05','E87 120d   BMW care tips','');
insert into DiagramParts values('UG52-01_0689-01400159973', 'UG52-01_0689', 01, 'Owner&apos;s handbook E87 without iDrive', 'DE, MJ 2006', 1, to_date('20050901','YYYYMMDD'), to_date('20060901','YYYYMMDD'), '01400159973', '', '', false);
insert into DiagramParts values('UG52-01_0689-01400012852', 'UG52-01_0689', 01, 'Owner&apos;s handbook E87 without iDrive', 'DE, MJ 2007', 1, to_date('20060901','YYYYMMDD'), to_date('20070301','YYYYMMDD'), '01400012852', '', '', false);
insert into DiagramParts values('UG52-01_0689-01410158975', 'UG52-01_0689', 02, 'Owner&apos;s handbook E87 without iDrive', 'EN, MJ 2005', 1, to_date('20040601','YYYYMMDD'), to_date('20050901','YYYYMMDD'), '01410158975', '', '', false);
insert into DiagramParts values('UG52-01_0689-01410159974', 'UG52-01_0689', 02, 'Owner&apos;s handbook E87 without iDrive', 'EN, MJ 2006', 1, to_date('20050901','YYYYMMDD'), to_date('20060901','YYYYMMDD'), '01410159974', '', '', false);
insert into DiagramParts values('UG52-01_0689-01410012853', 'UG52-01_0689', 02, 'Owner&apos;s handbook E87 without iDrive', 'EN, MJ 2007', 1, to_date('20060901','YYYYMMDD'), to_date('20070301','YYYYMMDD'), '01410012853', '', '', false);
insert into DiagramParts values('UG52-01_0689-01420158976', 'UG52-01_0689', 03, 'Owner&apos;s handbook E87 without iDrive', 'FR, MJ 2005', 1, to_date('20040601','YYYYMMDD'), to_date('20050901','YYYYMMDD'), '01420158976', '', '', false);
insert into DiagramParts values('UG52-01_0689-01420159975', 'UG52-01_0689', 03, 'Owner&apos;s handbook E87 without iDrive', 'FR, MJ 2006', 1, to_date('20050901','YYYYMMDD'), to_date('20060901','YYYYMMDD'), '01420159975', '', '', false);
insert into DiagramParts values('UG52-01_0689-01420012854', 'UG52-01_0689', 03, 'Owner&apos;s handbook E87 without iDrive', 'FR, MJ 2007', 1, to_date('20060901','YYYYMMDD'), to_date('20070301','YYYYMMDD'), '01420012854', '', '', false);
insert into DiagramParts values('UG52-01_0689-01430158977', 'UG52-01_0689', 04, 'Owner&apos;s handbook E87 without iDrive', 'ES, MJ 2005', 1, to_date('20040601','YYYYMMDD'), to_date('20050901','YYYYMMDD'), '01430158977', '', '', false);
insert into DiagramParts values('UG52-01_0689-01430159976', 'UG52-01_0689', 04, 'Owner&apos;s handbook E87 without iDrive', 'ES, MJ 2006', 1, to_date('20050901','YYYYMMDD'), to_date('20060901','YYYYMMDD'), '01430159976', '', '', false);
insert into DiagramParts values('UG52-01_0689-01430012855', 'UG52-01_0689', 04, 'Owner&apos;s handbook E87 without iDrive', 'ES, MJ 2007', 1, to_date('20060901','YYYYMMDD'), to_date('20070301','YYYYMMDD'), '01430012855', '', '', false);
insert into DiagramParts values('UG52-01_0689-01440158978', 'UG52-01_0689', 05, 'Owner&apos;s handbook E87 without iDrive', 'IT, MJ 2005', 1, to_date('20040601','YYYYMMDD'), to_date('20050901','YYYYMMDD'), '01440158978', '', '', false);
insert into DiagramParts values('UG52-01_0689-01440159977', 'UG52-01_0689', 05, 'Owner&apos;s handbook E87 without iDrive', 'IT, MJ 2006', 1, to_date('20050901','YYYYMMDD'), to_date('20060901','YYYYMMDD'), '01440159977', '', '', false);
insert into DiagramParts values('UG52-01_0689-01440012856', 'UG52-01_0689', 05, 'Owner&apos;s handbook E87 without iDrive', 'IT, MJ 2007', 1, to_date('20060901','YYYYMMDD'), to_date('20070301','YYYYMMDD'), '01440012856', '', '', false);
insert into DiagramParts values('UG52-01_0689-01450158979', 'UG52-01_0689', 06, 'Owner&apos;s handbook E87 without iDrive', 'SV, MJ 2005', 1, to_date('20040601','YYYYMMDD'), to_date('20050901','YYYYMMDD'), '01450158979', '', '', false);
insert into DiagramParts values('UG52-01_0689-01450159978', 'UG52-01_0689', 06, 'Owner&apos;s handbook E87 without iDrive', 'SV, MJ 2006', 1, to_date('20050901','YYYYMMDD'), to_date('20060901','YYYYMMDD'), '01450159978', '', '', false);
insert into DiagramParts values('UG52-01_0689-01450012857', 'UG52-01_0689', 06, 'Owner&apos;s handbook E87 without iDrive', 'SV, MJ 2007', 1, to_date('20060901','YYYYMMDD'), to_date('20070301','YYYYMMDD'), '01450012857', '', '', false);
insert into DiagramParts values('UG52-01_0689-01460158980', 'UG52-01_0689', 07, 'Owner&apos;s handbook E87 without iDrive', 'NL, MJ 2005', 1, to_date('20040601','YYYYMMDD'), to_date('20050901','YYYYMMDD'), '01460158980', '', '', false);
insert into DiagramParts values('UG52-01_0689-01460159979', 'UG52-01_0689', 07, 'Owner&apos;s handbook E87 without iDrive', 'NL, MJ 2006', 1, to_date('20050901','YYYYMMDD'), to_date('20060901','YYYYMMDD'), '01460159979', '', '', false);
insert into DiagramParts values('UG52-01_0689-01460012858', 'UG52-01_0689', 07, 'Owner&apos;s handbook E87 without iDrive', 'NL, MJ 2007', 1, to_date('20060901','YYYYMMDD'), to_date('20070301','YYYYMMDD'), '01460012858', '', '', false);
insert into DiagramParts values('UG52-01_0689-01470158981', 'UG52-01_0689', 08, 'Owner&apos;s handbook E87 without iDrive', 'AR, MJ 2005', 1, to_date('20040601','YYYYMMDD'), to_date('20050901','YYYYMMDD'), '01470158981', '', '', false);
insert into DiagramParts values('UG52-01_0689-01470159980', 'UG52-01_0689', 08, 'Owner&apos;s handbook E87 without iDrive', 'AR, MJ 2006', 1, to_date('20050901','YYYYMMDD'), to_date('20060901','YYYYMMDD'), '01470159980', '', '', false);
insert into DiagramParts values('UG52-01_0689-01470012859', 'UG52-01_0689', 08, 'Owner&apos;s handbook E87 without iDrive', 'AR, MJ 2007', 1, to_date('20060901','YYYYMMDD'), to_date('20070301','YYYYMMDD'), '01470012859', '', '', false);
insert into DiagramParts values('UG52-01_0689-01480158982', 'UG52-01_0689', 09, 'Owner&apos;s handbook E87 without iDrive', 'DA, MJ 2005', 1, to_date('20040601','YYYYMMDD'), to_date('20050901','YYYYMMDD'), '01480158982', '', '', false);
insert into DiagramParts values('UG52-01_0689-01480159981', 'UG52-01_0689', 09, 'Owner&apos;s handbook E87 without iDrive', 'DA, MJ 2006', 1, to_date('20050901','YYYYMMDD'), to_date('20060901','YYYYMMDD'), '01480159981', '', '', false);
insert into DiagramParts values('UG52-01_0689-01480012860', 'UG52-01_0689', 09, 'Owner&apos;s handbook E87 without iDrive', 'DA, MJ 2007', 1, to_date('20060901','YYYYMMDD'), to_date('20070301','YYYYMMDD'), '01480012860', '', '', false);
insert into DiagramParts values('UG52-01_0689-01490158983', 'UG52-01_0689', 10, 'Owner&apos;s handbook E87 without iDrive', 'PT, MJ 2005', 1, to_date('20040601','YYYYMMDD'), to_date('20050901','YYYYMMDD'), '01490158983', '', '', false);
insert into DiagramParts values('UG52-01_0689-01490159982', 'UG52-01_0689', 10, 'Owner&apos;s handbook E87 without iDrive', 'PT, MJ 2006', 1, to_date('20050901','YYYYMMDD'), to_date('20060901','YYYYMMDD'), '01490159982', '', '', false);
insert into DiagramParts values('UG52-01_0689-01490012861', 'UG52-01_0689', 10, 'Owner&apos;s handbook E87 without iDrive', 'PT, MJ 2007', 1, to_date('20060901','YYYYMMDD'), to_date('20070301','YYYYMMDD'), '01490012861', '', '', false);
insert into DiagramParts values('UG52-01_0689-01490158985', 'UG52-01_0689', 13, 'Owner&apos;s handbook E87 without iDrive', 'EL, MJ 2005', 1, to_date('20040601','YYYYMMDD'), to_date('20050901','YYYYMMDD'), '01490158985', '', '', false);
insert into DiagramParts values('UG52-01_0689-01490159983', 'UG52-01_0689', 13, 'Owner&apos;s handbook E87 without iDrive', 'EL, MJ 2006', 1, to_date('20050901','YYYYMMDD'), to_date('20060901','YYYYMMDD'), '01490159983', '', '', false);
insert into DiagramParts values('UG52-01_0689-01490012862', 'UG52-01_0689', 13, 'Owner&apos;s handbook E87 without iDrive', 'EL, MJ 2007', 1, to_date('20060901','YYYYMMDD'), to_date('20070301','YYYYMMDD'), '01490012862', '', '', false);
insert into Diagram values('UG52-01_0689','UG52-20040200','01-05','E87 120d   Owner&apos;s manual for E81, E87 w/o iDrive','');
insert into DiagramParts values('UG52-01_0690-01400159984', 'UG52-01_0690', 01, 'Owner&apos;s handbook E87 with iDrive', 'DE, MJ 2006', 1, to_date('20050901','YYYYMMDD'), to_date('20060901','YYYYMMDD'), '01400159984', '', '', false);
insert into DiagramParts values('UG52-01_0690-01400012915', 'UG52-01_0690', 01, 'Owner&apos;s handbook E87 with iDrive', 'DE, MJ 2007', 1, to_date('20060901','YYYYMMDD'), to_date('20070301','YYYYMMDD'), '01400012915', '', '', false);
insert into DiagramParts values('UG52-01_0690-01410159496', 'UG52-01_0690', 02, 'Owner&apos;s handbook E87 with iDrive', 'EN, MJ 2005', 1, to_date('20040601','YYYYMMDD'), to_date('20050901','YYYYMMDD'), '01410159496', '', '', false);
insert into DiagramParts values('UG52-01_0690-01410159985', 'UG52-01_0690', 02, 'Owner&apos;s handbook E87 with iDrive', 'EN, MJ 2006', 1, to_date('20050901','YYYYMMDD'), to_date('20060901','YYYYMMDD'), '01410159985', '', '', false);
insert into DiagramParts values('UG52-01_0690-01410012916', 'UG52-01_0690', 02, 'Owner&apos;s handbook E87 with iDrive', 'EN, MJ 2007', 1, to_date('20060901','YYYYMMDD'), to_date('20070301','YYYYMMDD'), '01410012916', '', '', false);
insert into DiagramParts values('UG52-01_0690-01420159497', 'UG52-01_0690', 03, 'Owner&apos;s handbook E87 with iDrive', 'FR, MJ 2005', 1, to_date('20040601','YYYYMMDD'), to_date('20050901','YYYYMMDD'), '01420159497', '', '', false);
insert into DiagramParts values('UG52-01_0690-01420159986', 'UG52-01_0690', 03, 'Owner&apos;s handbook E87 with iDrive', 'FR, MJ 2006', 1, to_date('20050901','YYYYMMDD'), to_date('20060901','YYYYMMDD'), '01420159986', '', '', false);
insert into DiagramParts values('UG52-01_0690-01420012917', 'UG52-01_0690', 03, 'Owner&apos;s handbook E87 with iDrive', 'FR, MJ 2007', 1, to_date('20060901','YYYYMMDD'), to_date('20070301','YYYYMMDD'), '01420012917', '', '', false);
insert into DiagramParts values('UG52-01_0690-01430159498', 'UG52-01_0690', 04, 'Owner&apos;s handbook E87 with iDrive', 'ES, MJ 2005', 1, to_date('20040601','YYYYMMDD'), to_date('20050901','YYYYMMDD'), '01430159498', '', '', false);
insert into DiagramParts values('UG52-01_0690-01430159987', 'UG52-01_0690', 04, 'Owner&apos;s handbook E87 with iDrive', 'ES, MJ 2006', 1, to_date('20050901','YYYYMMDD'), to_date('20060901','YYYYMMDD'), '01430159987', '', '', false);
insert into DiagramParts values('UG52-01_0690-01430012918', 'UG52-01_0690', 04, 'Owner&apos;s handbook E87 with iDrive', 'ES, MJ 2007', 1, to_date('20060901','YYYYMMDD'), to_date('20070301','YYYYMMDD'), '01430012918', '', '', false);
insert into DiagramParts values('UG52-01_0690-01440159499', 'UG52-01_0690', 05, 'Owner&apos;s handbook E87 with iDrive', 'IT, MJ 2005', 1, to_date('20040601','YYYYMMDD'), to_date('20050901','YYYYMMDD'), '01440159499', '', '', false);
insert into DiagramParts values('UG52-01_0690-01440159988', 'UG52-01_0690', 05, 'Owner&apos;s handbook E87 with iDrive', 'IT, MJ 2006', 1, to_date('20050901','YYYYMMDD'), to_date('20060901','YYYYMMDD'), '01440159988', '', '', false);
insert into DiagramParts values('UG52-01_0690-01440012919', 'UG52-01_0690', 05, 'Owner&apos;s handbook E87 with iDrive', 'IT, MJ 2007', 1, to_date('20060901','YYYYMMDD'), to_date('20070301','YYYYMMDD'), '01440012919', '', '', false);
insert into DiagramParts values('UG52-01_0690-01450159500', 'UG52-01_0690', 06, 'Owner&apos;s handbook E87 with iDrive', 'SV, MJ 2005', 1, to_date('20040601','YYYYMMDD'), to_date('20050901','YYYYMMDD'), '01450159500', '', '', false);
insert into DiagramParts values('UG52-01_0690-01450159989', 'UG52-01_0690', 06, 'Owner&apos;s handbook E87 with iDrive', 'SV, MJ 2006', 1, to_date('20050901','YYYYMMDD'), to_date('20060901','YYYYMMDD'), '01450159989', '', '', false);
insert into DiagramParts values('UG52-01_0690-01450012920', 'UG52-01_0690', 06, 'Owner&apos;s handbook E87 with iDrive', 'SV, MJ 2007', 1, to_date('20060901','YYYYMMDD'), to_date('20070301','YYYYMMDD'), '01450012920', '', '', false);
insert into DiagramParts values('UG52-01_0690-01460159501', 'UG52-01_0690', 07, 'Owner&apos;s handbook E87 with iDrive', 'NL, MJ 2005', 1, to_date('20040601','YYYYMMDD'), to_date('20050901','YYYYMMDD'), '01460159501', '', '', false);
insert into DiagramParts values('UG52-01_0690-01460159990', 'UG52-01_0690', 07, 'Owner&apos;s handbook E87 with iDrive', 'NL, MJ 2006', 1, to_date('20050901','YYYYMMDD'), to_date('20060901','YYYYMMDD'), '01460159990', '', '', false);
insert into DiagramParts values('UG52-01_0690-01460012921', 'UG52-01_0690', 07, 'Owner&apos;s handbook E87 with iDrive', 'NL, MJ 2007', 1, to_date('20060901','YYYYMMDD'), to_date('20070301','YYYYMMDD'), '01460012921', '', '', false);
insert into DiagramParts values('UG52-01_0690-01470159502', 'UG52-01_0690', 08, 'Owner&apos;s handbook E87 with iDrive', 'AR, MJ 2005', 1, to_date('20040601','YYYYMMDD'), to_date('20050901','YYYYMMDD'), '01470159502', '', '', false);
insert into DiagramParts values('UG52-01_0690-01470159991', 'UG52-01_0690', 08, 'Owner&apos;s handbook E87 with iDrive', 'AR, MJ 2006', 1, to_date('20050901','YYYYMMDD'), to_date('20060901','YYYYMMDD'), '01470159991', '', '', false);
insert into DiagramParts values('UG52-01_0690-01470012922', 'UG52-01_0690', 08, 'Owner&apos;s handbook E87 with iDrive', 'AR, MJ 2007', 1, to_date('20060901','YYYYMMDD'), to_date('20070301','YYYYMMDD'), '01470012922', '', '', false);
insert into DiagramParts values('UG52-01_0690-01480012923', 'UG52-01_0690', 08, 'Owner&apos;s handbook E87 with iDrive', 'DA, MJ 2007', 1, to_date('20060901','YYYYMMDD'), to_date('20070301','YYYYMMDD'), '01480012923', '', '', false);
insert into DiagramParts values('UG52-01_0690-01480159503', 'UG52-01_0690', 09, 'Owner&apos;s handbook E87 with iDrive', 'DA, MJ 2005', 1, to_date('20040601','YYYYMMDD'), to_date('20050901','YYYYMMDD'), '01480159503', '', '', false);
insert into DiagramParts values('UG52-01_0690-01480159992', 'UG52-01_0690', 09, 'Owner&apos;s handbook E87 with iDrive', 'DA, MJ 2006', 1, to_date('20050901','YYYYMMDD'), to_date('20060901','YYYYMMDD'), '01480159992', '', '', false);
insert into DiagramParts values('UG52-01_0690-01490159504', 'UG52-01_0690', 10, 'Owner&apos;s handbook E87 with iDrive', 'PT, MJ 2005', 1, to_date('20040601','YYYYMMDD'), to_date('20050901','YYYYMMDD'), '01490159504', '', '', false);
insert into DiagramParts values('UG52-01_0690-01490159993', 'UG52-01_0690', 10, 'Owner&apos;s handbook E87 with iDrive', 'PT, MJ 2006', 1, to_date('20050901','YYYYMMDD'), to_date('20060901','YYYYMMDD'), '01490159993', '', '', false);
insert into DiagramParts values('UG52-01_0690-01490012924', 'UG52-01_0690', 10, 'Owner&apos;s handbook E87 with iDrive', 'PT, MJ 2007', 1, to_date('20060901','YYYYMMDD'), to_date('20070301','YYYYMMDD'), '01490012924', '', '', false);
insert into DiagramParts values('UG52-01_0690-01490159505', 'UG52-01_0690', 13, 'Owner&apos;s handbook E87 with iDrive', 'EL, MJ 2005', 1, to_date('20040601','YYYYMMDD'), to_date('20050901','YYYYMMDD'), '01490159505', '', '', false);
insert into DiagramParts values('UG52-01_0690-01490159994', 'UG52-01_0690', 13, 'Owner&apos;s handbook E87 with iDrive', 'EL, MJ 2006', 1, to_date('20050901','YYYYMMDD'), to_date('20060901','YYYYMMDD'), '01490159994', '', '', false);
insert into DiagramParts values('UG52-01_0690-01490012925', 'UG52-01_0690', 13, 'Owner&apos;s handbook E87 with iDrive', 'EL, MJ 2007', 1, to_date('20060901','YYYYMMDD'), to_date('20070301','YYYYMMDD'), '01490012925', '', '', false);
insert into Diagram values('UG52-01_0690','UG52-20040200','01-05','E87 120d   Owner&apos;s manual for E81, E87 with iDrive','');
insert into DiagramParts values('UG52-01_0727-01400011871', 'UG52-01_0727', 01, 'Brief instructions E87 without iDrive', 'DE', 1, to_date('20050901','YYYYMMDD'), to_date('20070301','YYYYMMDD'), '01400011871', '', '', false);
insert into DiagramParts values('UG52-01_0727-01400011882', 'UG52-01_0727', 01, 'Brief instructions E87 with iDrive', 'DE', 1, to_date('20050901','YYYYMMDD'), to_date('20070301','YYYYMMDD'), '01400011882', '', '', false);
insert into DiagramParts values('UG52-01_0727-01410011883', 'UG52-01_0727', 02, 'Brief instructions E87 with iDrive', 'EN', 1, to_date('20050901','YYYYMMDD'), to_date('20070301','YYYYMMDD'), '01410011883', '', '', false);
insert into Diagram values('UG52-01_0727','UG52-20040200','01-05','E87 120d   Brief instructions E81, E82, E87, E','');
insert into Diagram values('UG52-01_0756','UG52-20040200','01-05','E87 120d   Mirror placard','');
insert into Diagram values('UG52-01_0780','UG52-20040200','01-05','E87 120d   Brochure Service Contact, BMW','');
insert into DiagramParts values('UG52-01_1080-01402918756', 'UG52-01_1080', 02, 'Supplement Owner&apos;s Manual license texts', 'MULTILINGUAL', 1, to_date('20130301','YYYYMMDD'), to_date('20130701','YYYYMMDD'), '01402918756', '', '', false);
insert into Diagram values('UG52-01_1080','UG52-20040200','01-05','E87 120d   Flyer, license texts for BMW','');
insert into DiagramParts values('UG52-01_0606-01400012026', 'UG52-01_0606', 01, 'Operating instructions, radio &quot;de&quot;', 'SA663', 1, to_date('20060901','YYYYMMDD'), to_date('20070301','YYYYMMDD'), '01400012026', '', '', false);
insert into DiagramParts values('UG52-01_0606-01400159098', 'UG52-01_0606', 01, 'Operating instructions, radio &quot;de&quot;', 'SA663', 1, to_date('20050301','YYYYMMDD'), to_date('20050901','YYYYMMDD'), '01400159098', '', '', false);
insert into DiagramParts values('UG52-01_0606-01410012027', 'UG52-01_0606', 02, 'Operating instructions, radio &quot;en&quot;', 'SA663', 1, to_date('20060901','YYYYMMDD'), to_date('20070301','YYYYMMDD'), '01410012027', '', '', false);
insert into DiagramParts values('UG52-01_0606-01410159099', 'UG52-01_0606', 02, 'Operating instructions, radio &quot;en&quot;', 'SA663', 1, to_date('20050301','YYYYMMDD'), to_date('20050901','YYYYMMDD'), '01410159099', '', '', false);
insert into DiagramParts values('UG52-01_0606-01420012028', 'UG52-01_0606', 03, 'Operating instructions, radio &quot;fr&quot;', 'SA663', 1, to_date('20060901','YYYYMMDD'), to_date('20070301','YYYYMMDD'), '01420012028', '', '', false);
insert into DiagramParts values('UG52-01_0606-01420159100', 'UG52-01_0606', 03, 'Operating instructions, radio &quot;fr&quot;', 'SA663', 1, to_date('20050301','YYYYMMDD'), to_date('20050901','YYYYMMDD'), '01420159100', '', '', false);
insert into DiagramParts values('UG52-01_0606-01430012029', 'UG52-01_0606', 04, 'Operating instructions, radio &quot;es&quot;', 'SA663', 1, to_date('20060901','YYYYMMDD'), to_date('20070301','YYYYMMDD'), '01430012029', '', '', false);
insert into DiagramParts values('UG52-01_0606-01430158404', 'UG52-01_0606', 04, 'Operating instructions, radio &quot;es&quot;', 'SA663', 1, to_date('20041201','YYYYMMDD'), to_date('20050301','YYYYMMDD'), '01430158404', '', '', false);
insert into DiagramParts values('UG52-01_0606-01430159101', 'UG52-01_0606', 04, 'Operating instructions, radio &quot;es&quot;', 'SA663', 1, to_date('20050301','YYYYMMDD'), to_date('20050901','YYYYMMDD'), '01430159101', '', '', false);
insert into DiagramParts values('UG52-01_0606-01440012030', 'UG52-01_0606', 05, 'Operating instructions, radio &quot;it&quot;', 'SA663', 1, to_date('20060901','YYYYMMDD'), to_date('20070301','YYYYMMDD'), '01440012030', '', '', false);
insert into DiagramParts values('UG52-01_0606-01440159102', 'UG52-01_0606', 05, 'Operating instructions, radio &quot;it&quot;', 'SA663', 1, to_date('20050301','YYYYMMDD'), to_date('20050901','YYYYMMDD'), '01440159102', '', '', false);
insert into DiagramParts values('UG52-01_0606-01450012031', 'UG52-01_0606', 06, 'Operating instructions, radio &quot;sv&quot;', 'SA663', 1, to_date('20060901','YYYYMMDD'), to_date('20070301','YYYYMMDD'), '01450012031', '', '', false);
insert into DiagramParts values('UG52-01_0606-01450159103', 'UG52-01_0606', 06, 'Operating instructions, radio &quot;sv&quot;', 'SA663', 1, to_date('20050301','YYYYMMDD'), to_date('20050901','YYYYMMDD'), '01450159103', '', '', false);
insert into DiagramParts values('UG52-01_0606-01460012032', 'UG52-01_0606', 07, 'Operating instructions, radio &quot;nl&quot;', 'SA663', 1, to_date('20060901','YYYYMMDD'), to_date('20070301','YYYYMMDD'), '01460012032', '', '', false);
insert into DiagramParts values('UG52-01_0606-01460159104', 'UG52-01_0606', 07, 'Operating instructions, radio &quot;nl&quot;', 'SA663', 1, to_date('20050301','YYYYMMDD'), to_date('20050901','YYYYMMDD'), '01460159104', '', '', false);
insert into DiagramParts values('UG52-01_0606-01470012033', 'UG52-01_0606', 08, 'Operating instructions, radio &quot;ar&quot;', 'SA663', 1, to_date('20060901','YYYYMMDD'), to_date('20070301','YYYYMMDD'), '01470012033', '', '', false);
insert into DiagramParts values('UG52-01_0606-01470159105', 'UG52-01_0606', 08, 'Operating instructions, radio &quot;ar&quot;', 'SA663', 1, to_date('20050301','YYYYMMDD'), to_date('20050901','YYYYMMDD'), '01470159105', '', '', false);
insert into DiagramParts values('UG52-01_0606-01480012034', 'UG52-01_0606', 09, 'Operating instructions, radio &quot;da&quot;', 'SA663', 1, to_date('20060901','YYYYMMDD'), to_date('20070301','YYYYMMDD'), '01480012034', '', '', false);
insert into DiagramParts values('UG52-01_0606-01480159106', 'UG52-01_0606', 09, 'Operating instructions, radio &quot;da&quot;', 'SA663', 1, to_date('20050301','YYYYMMDD'), to_date('20050901','YYYYMMDD'), '01480159106', '', '', false);
insert into DiagramParts values('UG52-01_0606-01490012035', 'UG52-01_0606', 10, 'Operating instructions, radio &quot;pt&quot;', 'SA663', 1, to_date('20060901','YYYYMMDD'), to_date('20070301','YYYYMMDD'), '01490012035', '', '', false);
insert into DiagramParts values('UG52-01_0606-01490159107', 'UG52-01_0606', 10, 'Operating instructions, radio &quot;pt&quot;', 'SA663', 1, to_date('20050301','YYYYMMDD'), to_date('20050901','YYYYMMDD'), '01490159107', '', '', false);
insert into DiagramParts values('UG52-01_0606-01490012037', 'UG52-01_0606', 13, 'Operating instructions, radio &quot;el&quot;', 'SA663', 1, to_date('20060901','YYYYMMDD'), to_date('20070301','YYYYMMDD'), '01490012037', '', '', false);
insert into DiagramParts values('UG52-01_0606-01490159109', 'UG52-01_0606', 13, 'Operating instructions, radio &quot;el&quot;', 'SA663', 1, to_date('20050301','YYYYMMDD'), to_date('20050901','YYYYMMDD'), '01490159109', '', '', false);
insert into DiagramParts values('UG52-01_0606-01490012036', 'UG52-01_0606', 14, 'Operating instructions, radio &quot;zh&quot;', 'SA663', 1, to_date('20060901','YYYYMMDD'), to_date('20070301','YYYYMMDD'), '01490012036', '', '', false);
insert into Diagram values('UG52-01_0606','UG52-20040200','01-12','E87 120d   Radio E81,E82,E87,E88, E90,E91,E92,E93','');
insert into DiagramParts values('UG52-01_0302-01400011822', 'UG52-01_0302', 01, 'Owner&apos;s handbook, telephone &quot;de&quot;', 'SA633, SA644', 1, to_date('20050901','YYYYMMDD'), to_date('20060901','YYYYMMDD'), '01400011822', '', '', false);
insert into DiagramParts values('UG52-01_0302-01400012071', 'UG52-01_0302', 01, 'Owner&apos;s handbook, telephone &quot;de&quot;', 'SA633, SA644', 1, to_date('20060901','YYYYMMDD'), to_date('20070301','YYYYMMDD'), '01400012071', '', '', false);
insert into DiagramParts values('UG52-01_0302-01400014355', 'UG52-01_0302', 01, 'Owner&apos;s handbook, telephone &quot;de&quot;', 'SA633, SA644', 1, to_date('20070901','YYYYMMDD'), to_date('20080301','YYYYMMDD'), '01400014355', '', '', false);
insert into DiagramParts values('UG52-01_0302-01402600073', 'UG52-01_0302', 01, 'Owner&apos;s handbook, telephone &quot;de&quot;', 'SA633, SA644', 1, to_date('20050901','YYYYMMDD'), to_date('20060301','YYYYMMDD'), '01402600073', '', '', false);
insert into DiagramParts values('UG52-01_0302-01400012059', 'UG52-01_0302', 01, 'Owner&apos;s handbook, telephone &quot;de&quot;', 'SA633, SA644', 1, to_date('20060301','YYYYMMDD'), to_date('20060901','YYYYMMDD'), '01400012059', '', '', false);
insert into DiagramParts values('UG52-01_0302-01410011823', 'UG52-01_0302', 02, 'Owner&apos;s handbook, telephone &quot;en&quot;', 'SA633, SA644', 1, to_date('20050901','YYYYMMDD'), to_date('20060901','YYYYMMDD'), '01410011823', '', '', false);
insert into DiagramParts values('UG52-01_0302-01410012072', 'UG52-01_0302', 02, 'Owner&apos;s handbook, telephone &quot;en&quot;', 'SA633, SA644', 1, to_date('20060901','YYYYMMDD'), to_date('20070301','YYYYMMDD'), '01410012072', '', '', false);
insert into DiagramParts values('UG52-01_0302-01410014356', 'UG52-01_0302', 02, 'Owner&apos;s handbook, telephone &quot;en&quot;', 'SA633, SA644', 1, to_date('20070901','YYYYMMDD'), to_date('20080301','YYYYMMDD'), '01410014356', '', '', false);
insert into DiagramParts values('UG52-01_0302-01412600074', 'UG52-01_0302', 02, 'Owner&apos;s handbook, telephone &quot;en&quot;', 'SA633, SA644', 1, to_date('20050901','YYYYMMDD'), to_date('20060301','YYYYMMDD'), '01412600074', '', '', false);
insert into DiagramParts values('UG52-01_0302-01410012060', 'UG52-01_0302', 02, 'Owner&apos;s handbook, telephone &quot;en&quot;', 'SA633, SA644', 1, to_date('20060301','YYYYMMDD'), to_date('20060901','YYYYMMDD'), '01410012060', '', '', false);
insert into DiagramParts values('UG52-01_0302-01420011824', 'UG52-01_0302', 03, 'Owner&apos;s handbook, telephone &quot;fr&quot;', 'SA633, SA644', 1, to_date('20050901','YYYYMMDD'), to_date('20060901','YYYYMMDD'), '01420011824', '', '', false);
insert into DiagramParts values('UG52-01_0302-01420012073', 'UG52-01_0302', 03, 'Owner&apos;s handbook, telephone &quot;fr&quot;', 'SA633, SA644', 1, to_date('20060901','YYYYMMDD'), to_date('20070301','YYYYMMDD'), '01420012073', '', '', false);
insert into DiagramParts values('UG52-01_0302-01420014357', 'UG52-01_0302', 03, 'Owner&apos;s handbook, telephone &quot;fr&quot;', 'SA633, SA644', 1, to_date('20070901','YYYYMMDD'), to_date('20080301','YYYYMMDD'), '01420014357', '', '', false);
insert into DiagramParts values('UG52-01_0302-01422600075', 'UG52-01_0302', 03, 'Owner&apos;s handbook, telephone &quot;fr&quot;', 'SA633, SA644', 1, to_date('20050901','YYYYMMDD'), to_date('20060301','YYYYMMDD'), '01422600075', '', '', false);
insert into DiagramParts values('UG52-01_0302-01420012061', 'UG52-01_0302', 03, 'Owner&apos;s handbook, telephone &quot;fr&quot;', 'SA633, SA644', 1, to_date('20060301','YYYYMMDD'), to_date('20060901','YYYYMMDD'), '01420012061', '', '', false);
insert into DiagramParts values('UG52-01_0302-01430011825', 'UG52-01_0302', 04, 'Owner&apos;s handbook, telephone &quot;es&quot;', 'SA633, SA644', 1, to_date('20050901','YYYYMMDD'), to_date('20060901','YYYYMMDD'), '01430011825', '', '', false);
insert into DiagramParts values('UG52-01_0302-01430012074', 'UG52-01_0302', 04, 'Owner&apos;s handbook, telephone &quot;es&quot;', 'SA633, SA644', 1, to_date('20060901','YYYYMMDD'), to_date('20070301','YYYYMMDD'), '01430012074', '', '', false);
insert into DiagramParts values('UG52-01_0302-01430014358', 'UG52-01_0302', 04, 'Owner&apos;s handbook, telephone &quot;es&quot;', 'SA633, SA644', 1, to_date('20070901','YYYYMMDD'), to_date('20080301','YYYYMMDD'), '01430014358', '', '', false);
insert into DiagramParts values('UG52-01_0302-01432600076', 'UG52-01_0302', 04, 'Owner&apos;s handbook, telephone &quot;es&quot;', 'SA633, SA644', 1, to_date('20050901','YYYYMMDD'), to_date('20060301','YYYYMMDD'), '01432600076', '', '', false);
insert into DiagramParts values('UG52-01_0302-01430012062', 'UG52-01_0302', 04, 'Owner&apos;s handbook, telephone &quot;es&quot;', 'SA633, SA644', 1, to_date('20060301','YYYYMMDD'), to_date('20060901','YYYYMMDD'), '01430012062', '', '', false);
insert into DiagramParts values('UG52-01_0302-01440011826', 'UG52-01_0302', 05, 'Owner&apos;s handbook, telephone &quot;it&quot;', 'SA633, SA644', 1, to_date('20050901','YYYYMMDD'), to_date('20060901','YYYYMMDD'), '01440011826', '', '', false);
insert into DiagramParts values('UG52-01_0302-01440012075', 'UG52-01_0302', 05, 'Owner&apos;s handbook, telephone &quot;it&quot;', 'SA633, SA644', 1, to_date('20060901','YYYYMMDD'), to_date('20070301','YYYYMMDD'), '01440012075', '', '', false);
insert into DiagramParts values('UG52-01_0302-01440014359', 'UG52-01_0302', 05, 'Owner&apos;s handbook, telephone &quot;it&quot;', 'SA633, SA644', 1, to_date('20070901','YYYYMMDD'), to_date('20080301','YYYYMMDD'), '01440014359', '', '', false);
insert into DiagramParts values('UG52-01_0302-01442600077', 'UG52-01_0302', 05, 'Owner&apos;s handbook, telephone &quot;it&quot;', 'SA633, SA644', 1, to_date('20050901','YYYYMMDD'), to_date('20060301','YYYYMMDD'), '01442600077', '', '', false);
insert into DiagramParts values('UG52-01_0302-01440012063', 'UG52-01_0302', 05, 'Owner&apos;s handbook, telephone &quot;it&quot;', 'SA633, SA644', 1, to_date('20060301','YYYYMMDD'), to_date('20060901','YYYYMMDD'), '01440012063', '', '', false);
insert into DiagramParts values('UG52-01_0302-01450011827', 'UG52-01_0302', 06, 'Owner&apos;s handbook, telephone &quot;sv&quot;', 'SA633, SA644', 1, to_date('20050901','YYYYMMDD'), to_date('20060901','YYYYMMDD'), '01450011827', '', '', false);
insert into DiagramParts values('UG52-01_0302-01450012076', 'UG52-01_0302', 06, 'Owner&apos;s handbook, telephone &quot;sv&quot;', 'SA633, SA644', 1, to_date('20060901','YYYYMMDD'), to_date('20070301','YYYYMMDD'), '01450012076', '', '', false);
insert into DiagramParts values('UG52-01_0302-01450014360', 'UG52-01_0302', 06, 'Owner&apos;s handbook, telephone &quot;sv&quot;', 'SA633, SA644', 1, to_date('20070901','YYYYMMDD'), to_date('20080301','YYYYMMDD'), '01450014360', '', '', false);
insert into DiagramParts values('UG52-01_0302-01452600078', 'UG52-01_0302', 06, 'Owner&apos;s handbook, telephone &quot;sv&quot;', 'SA633, SA644', 1, to_date('20050901','YYYYMMDD'), to_date('20060301','YYYYMMDD'), '01452600078', '', '', false);
insert into DiagramParts values('UG52-01_0302-01450012064', 'UG52-01_0302', 06, 'Owner&apos;s handbook, telephone &quot;sv&quot;', 'SA633, SA644', 1, to_date('20060301','YYYYMMDD'), to_date('20060901','YYYYMMDD'), '01450012064', '', '', false);
insert into DiagramParts values('UG52-01_0302-01460011828', 'UG52-01_0302', 07, 'Owner&apos;s handbook, telephone &quot;nl&quot;', 'SA633, SA644', 1, to_date('20050901','YYYYMMDD'), to_date('20060901','YYYYMMDD'), '01460011828', '', '', false);
insert into DiagramParts values('UG52-01_0302-01460012077', 'UG52-01_0302', 07, 'Owner&apos;s handbook, telephone &quot;nl&quot;', 'SA633, SA644', 1, to_date('20060901','YYYYMMDD'), to_date('20070301','YYYYMMDD'), '01460012077', '', '', false);
insert into DiagramParts values('UG52-01_0302-01460014361', 'UG52-01_0302', 07, 'Owner&apos;s handbook, telephone &quot;nl&quot;', 'SA633, SA644', 1, to_date('20070901','YYYYMMDD'), to_date('20080301','YYYYMMDD'), '01460014361', '', '', false);
insert into DiagramParts values('UG52-01_0302-01462600079', 'UG52-01_0302', 07, 'Owner&apos;s handbook, telephone &quot;nl&quot;', 'SA633, SA644', 1, to_date('20050901','YYYYMMDD'), to_date('20060301','YYYYMMDD'), '01462600079', '', '', false);
insert into DiagramParts values('UG52-01_0302-01460012065', 'UG52-01_0302', 07, 'Owner&apos;s handbook, telephone &quot;nl&quot;', 'SA633, SA644', 1, to_date('20060301','YYYYMMDD'), to_date('20060901','YYYYMMDD'), '01460012065', '', '', false);
insert into DiagramParts values('UG52-01_0302-01470011829', 'UG52-01_0302', 08, 'Owner&apos;s handbook, telephone &quot;ar&quot;', 'SA633, SA644', 1, to_date('20050901','YYYYMMDD'), to_date('20060901','YYYYMMDD'), '01470011829', '', '', false);
insert into DiagramParts values('UG52-01_0302-01470012078', 'UG52-01_0302', 08, 'Owner&apos;s handbook, telephone &quot;ar&quot;', 'SA633, SA644', 1, to_date('20060901','YYYYMMDD'), to_date('20070301','YYYYMMDD'), '01470012078', '', '', false);
insert into DiagramParts values('UG52-01_0302-01470014362', 'UG52-01_0302', 08, 'Owner&apos;s handbook, telephone &quot;ar&quot;', 'SA633, SA644', 1, to_date('20070901','YYYYMMDD'), to_date('20080301','YYYYMMDD'), '01470014362', '', '', false);
insert into DiagramParts values('UG52-01_0302-01472600080', 'UG52-01_0302', 08, 'Owner&apos;s handbook, telephone &quot;ar&quot;', 'SA633, SA644', 1, to_date('20050901','YYYYMMDD'), to_date('20060301','YYYYMMDD'), '01472600080', '', '', false);
insert into DiagramParts values('UG52-01_0302-01470012066', 'UG52-01_0302', 08, 'Owner&apos;s handbook, telephone &quot;ar&quot;', 'SA633, SA644', 1, to_date('20060301','YYYYMMDD'), to_date('20060901','YYYYMMDD'), '01470012066', '', '', false);
insert into DiagramParts values('UG52-01_0302-01480011830', 'UG52-01_0302', 09, 'Owner&apos;s handbook, telephone &quot;da&quot;', 'SA633, SA644', 1, to_date('20050901','YYYYMMDD'), to_date('20060901','YYYYMMDD'), '01480011830', '', '', false);
insert into DiagramParts values('UG52-01_0302-01480012079', 'UG52-01_0302', 09, 'Owner&apos;s handbook, telephone &quot;da&quot;', 'SA633, SA644', 1, to_date('20060901','YYYYMMDD'), to_date('20070301','YYYYMMDD'), '01480012079', '', '', false);
insert into DiagramParts values('UG52-01_0302-01480014363', 'UG52-01_0302', 09, 'Owner&apos;s handbook, telephone &quot;da&quot;', 'SA633, SA644', 1, to_date('20070901','YYYYMMDD'), to_date('20080301','YYYYMMDD'), '01480014363', '', '', false);
insert into DiagramParts values('UG52-01_0302-01482600081', 'UG52-01_0302', 09, 'Owner&apos;s handbook, telephone &quot;da&quot;', 'SA633, SA644', 1, to_date('20050901','YYYYMMDD'), to_date('20060301','YYYYMMDD'), '01482600081', '', '', false);
insert into DiagramParts values('UG52-01_0302-01480012067', 'UG52-01_0302', 09, 'Owner&apos;s handbook, telephone &quot;da&quot;', 'SA633, SA644', 1, to_date('20060301','YYYYMMDD'), to_date('20060901','YYYYMMDD'), '01480012067', '', '', false);
insert into DiagramParts values('UG52-01_0302-01490011831', 'UG52-01_0302', 10, 'Owner&apos;s handbook, telephone &quot;pt&quot;', 'SA633, SA644', 1, to_date('20050901','YYYYMMDD'), to_date('20060901','YYYYMMDD'), '01490011831', '', '', false);
insert into DiagramParts values('UG52-01_0302-01490012080', 'UG52-01_0302', 10, 'Owner&apos;s handbook, telephone &quot;pt&quot;', 'SA633, SA644', 1, to_date('20060901','YYYYMMDD'), to_date('20070301','YYYYMMDD'), '01490012080', '', '', false);
insert into DiagramParts values('UG52-01_0302-01490014364', 'UG52-01_0302', 10, 'Owner&apos;s handbook, telephone &quot;pt&quot;', 'SA633, SA644', 1, to_date('20070901','YYYYMMDD'), to_date('20080301','YYYYMMDD'), '01490014364', '', '', false);
insert into DiagramParts values('UG52-01_0302-01492600082', 'UG52-01_0302', 10, 'Owner&apos;s handbook, telephone &quot;pt&quot;', 'SA633, SA644', 1, to_date('20050901','YYYYMMDD'), to_date('20060301','YYYYMMDD'), '01492600082', '', '', false);
insert into DiagramParts values('UG52-01_0302-01490012068', 'UG52-01_0302', 10, 'Owner&apos;s handbook, telephone &quot;pt&quot;', 'SA633, SA644', 1, to_date('20060301','YYYYMMDD'), to_date('20060901','YYYYMMDD'), '01490012068', '', '', false);
insert into DiagramParts values('UG52-01_0302-01490011833', 'UG52-01_0302', 13, 'Owner&apos;s handbook, telephone &quot;el&quot;', 'SA633, SA644', 1, to_date('20050901','YYYYMMDD'), to_date('20060901','YYYYMMDD'), '01490011833', '', '', false);
insert into DiagramParts values('UG52-01_0302-01490014366', 'UG52-01_0302', 13, 'Owner&apos;s handbook, telephone &quot;el&quot;', 'SA633, SA644', 1, to_date('20070901','YYYYMMDD'), to_date('20080301','YYYYMMDD'), '01490014366', '', '', false);
insert into DiagramParts values('UG52-01_0302-01492600084', 'UG52-01_0302', 13, 'Owner&apos;s handbook, telephone &quot;el&quot;', 'SA633, SA644', 1, to_date('20050901','YYYYMMDD'), to_date('20060301','YYYYMMDD'), '01492600084', '', '', false);
insert into DiagramParts values('UG52-01_0302-01490012070', 'UG52-01_0302', 13, 'Owner&apos;s handbook, telephone &quot;el&quot;', 'SA633, SA644', 1, to_date('20060301','YYYYMMDD'), to_date('20060901','YYYYMMDD'), '01490012070', '', '', false);
insert into DiagramParts values('UG52-01_0302-01490011832', 'UG52-01_0302', 14, 'Owner&apos;s handbook, telephone &quot;zh&quot;', 'SA633, SA644', 1, to_date('20050901','YYYYMMDD'), to_date('20060901','YYYYMMDD'), '01490011832', '', '', false);
insert into DiagramParts values('UG52-01_0302-01490014365', 'UG52-01_0302', 14, 'Owner&apos;s handbook, telephone &quot;zh&quot;', 'SA633, SA644', 1, to_date('20070901','YYYYMMDD'), to_date('20080301','YYYYMMDD'), '01490014365', '', '', false);
insert into DiagramParts values('UG52-01_0302-01492600083', 'UG52-01_0302', 14, 'Owner&apos;s handbook, telephone &quot;zh&quot;', 'SA633, SA644', 1, to_date('20050901','YYYYMMDD'), to_date('20060301','YYYYMMDD'), '01492600083', '', '', false);
insert into DiagramParts values('UG52-01_0302-01490012069', 'UG52-01_0302', 14, 'Owner&apos;s handbook, telephone &quot;zh&quot;', 'SA633, SA644', 1, to_date('20060301','YYYYMMDD'), to_date('20060901','YYYYMMDD'), '01490012069', '', '', false);
insert into Diagram values('UG52-01_0302','UG52-20040200','01-14','E87 120d   Universal BMW mobile phone preparat.','');
insert into Diagram values('UG52-01_1128','UG52-20040200','01-19','E87 120d   EC Certificate of Conformity','');
insert into Diagram values('UG52-01_0169','UG52-20040200','01-21','E87 120d   Logbook slipcase BMW','');
insert into Diagram values('UG52-01_1140','UG52-20040200','01-21','E87 120d   Logbook slipcase BMW','');
insert into DiagramParts values('UG52-01_0029-01410159011', 'UG52-01_0029', 01, 'Supplem. to owner&apos;s manual, Australia', 'E87, MJ 05', 1, to_date('20041201','YYYYMMDD'), to_date('20050901','YYYYMMDD'), '01410159011', '', '', false);
insert into DiagramParts values('UG52-01_0029-01412600068', 'UG52-01_0029', 01, 'Supplem. to owner&apos;s manual, Australia', 'E87, MJ 2006', 1, to_date('20050901','YYYYMMDD'), to_date('20060301','YYYYMMDD'), '01412600068', '', '', false);
insert into DiagramParts values('UG52-01_0029-01410012043', 'UG52-01_0029', 01, 'Supplem. to owner&apos;s manual, Australia', 'E87, MJ 2006', 1, to_date('20060301','YYYYMMDD'), to_date('20070301','YYYYMMDD'), '01410012043', '', '', false);
insert into Diagram values('UG52-01_0029','UG52-20040200','01-24','E87 120d   Supplem. to owner&apos;s manual, Australia','');
insert into DiagramParts values('UG52-01_0589-01400011971', 'UG52-01_0589', 01, 'Service booklet, German', 'E87, E90, E91', 1, to_date('20040601','YYYYMMDD'), to_date('20060901','YYYYMMDD'), '01400011971', '', '', false);
insert into DiagramParts values('UG52-01_0589-01400013061', 'UG52-01_0589', 01, 'Service booklet, German', 'E8X, E9X', 1, to_date('20060901','YYYYMMDD'), to_date('20070901','YYYYMMDD'), '01400013061', '', '', false);
insert into DiagramParts values('UG52-01_0589-01410011972', 'UG52-01_0589', 02, 'Service booklet, English', 'E87, E90, E91', 1, to_date('20040601','YYYYMMDD'), to_date('20060901','YYYYMMDD'), '01410011972', '', '', false);
insert into DiagramParts values('UG52-01_0589-01410013062', 'UG52-01_0589', 02, 'Service booklet, English', 'E8X, E9X', 1, to_date('20060901','YYYYMMDD'), to_date('20070901','YYYYMMDD'), '01410013062', '', '', false);
insert into DiagramParts values('UG52-01_0589-01420011973', 'UG52-01_0589', 03, 'Service booklet, French', 'E87, E90, E91', 1, to_date('20040601','YYYYMMDD'), to_date('20060901','YYYYMMDD'), '01420011973', '', '', false);
insert into DiagramParts values('UG52-01_0589-01420013063', 'UG52-01_0589', 03, 'Service booklet, French', 'E8X, E9X', 1, to_date('20060901','YYYYMMDD'), to_date('20070901','YYYYMMDD'), '01420013063', '', '', false);
insert into DiagramParts values('UG52-01_0589-01430011974', 'UG52-01_0589', 04, 'Service booklet, Spanish', 'E87, E90, E91', 1, to_date('20040601','YYYYMMDD'), to_date('20060901','YYYYMMDD'), '01430011974', '', '', false);
insert into DiagramParts values('UG52-01_0589-01430013064', 'UG52-01_0589', 04, 'Service booklet, Spanish', 'E8X, E9X', 1, to_date('20060901','YYYYMMDD'), to_date('20070901','YYYYMMDD'), '01430013064', '', '', false);
insert into DiagramParts values('UG52-01_0589-01440011975', 'UG52-01_0589', 05, 'Service booklet, Italian', 'E87, E90, E91', 1, to_date('20040601','YYYYMMDD'), to_date('20060901','YYYYMMDD'), '01440011975', '', '', false);
insert into DiagramParts values('UG52-01_0589-01440013065', 'UG52-01_0589', 05, 'Service booklet, Italian', 'E8X, E9X', 1, to_date('20060901','YYYYMMDD'), to_date('20070901','YYYYMMDD'), '01440013065', '', '', false);
insert into DiagramParts values('UG52-01_0589-01450011976', 'UG52-01_0589', 06, 'Service booklet, Swedish', 'E87, E90, E91', 1, to_date('20040601','YYYYMMDD'), to_date('20060901','YYYYMMDD'), '01450011976', '', '', false);
insert into DiagramParts values('UG52-01_0589-01450013066', 'UG52-01_0589', 06, 'Service booklet, Swedish', 'E8X, E9X', 1, to_date('20060901','YYYYMMDD'), to_date('20070901','YYYYMMDD'), '01450013066', '', '', false);
insert into DiagramParts values('UG52-01_0589-01460011977', 'UG52-01_0589', 07, 'Service booklet, Dutch', 'E87, E90, E91', 1, to_date('20040601','YYYYMMDD'), to_date('20060901','YYYYMMDD'), '01460011977', '', '', false);
insert into DiagramParts values('UG52-01_0589-01460013067', 'UG52-01_0589', 07, 'Service booklet, Dutch', 'E8X, E9X', 1, to_date('20060901','YYYYMMDD'), to_date('20070901','YYYYMMDD'), '01460013067', '', '', false);
insert into DiagramParts values('UG52-01_0589-01470011978', 'UG52-01_0589', 08, 'Service booklet, Arabic', 'E87, E90, E91', 1, to_date('20040601','YYYYMMDD'), to_date('20060901','YYYYMMDD'), '01470011978', '', '', false);
insert into DiagramParts values('UG52-01_0589-01470013068', 'UG52-01_0589', 08, 'Service booklet, Arabic', 'E8X, E9X', 1, to_date('20060901','YYYYMMDD'), to_date('20070901','YYYYMMDD'), '01470013068', '', '', false);
insert into DiagramParts values('UG52-01_0589-01480011979', 'UG52-01_0589', 09, 'Service booklet, Danish', 'E87, E90, E91', 1, to_date('20040601','YYYYMMDD'), to_date('20060901','YYYYMMDD'), '01480011979', '', '', false);
insert into DiagramParts values('UG52-01_0589-01480013069', 'UG52-01_0589', 09, 'Service booklet, Danish', 'E8X, E9X', 1, to_date('20060901','YYYYMMDD'), to_date('20070901','YYYYMMDD'), '01480013069', '', '', false);
insert into DiagramParts values('UG52-01_0589-01490011980', 'UG52-01_0589', 10, 'Service booklet, Portuguese', 'E87, E90, E91', 1, to_date('20040601','YYYYMMDD'), to_date('20060901','YYYYMMDD'), '01490011980', '', '', false);
insert into DiagramParts values('UG52-01_0589-01490013070', 'UG52-01_0589', 10, 'Service booklet, Portuguese', 'E8X, E9X', 1, to_date('20060901','YYYYMMDD'), to_date('20070901','YYYYMMDD'), '01490013070', '', '', false);
insert into DiagramParts values('UG52-01_0589-01490011982', 'UG52-01_0589', 11, 'Service booklet, greek', 'E87, E90, E91', 1, to_date('20040601','YYYYMMDD'), to_date('20060901','YYYYMMDD'), '01490011982', '', '', false);
insert into DiagramParts values('UG52-01_0589-01490013071', 'UG52-01_0589', 11, 'Service booklet, greek', 'E8X, E9X', 1, to_date('20060901','YYYYMMDD'), to_date('20070901','YYYYMMDD'), '01490013071', '', '', false);
insert into DiagramParts values('UG52-01_0589-01490011981', 'UG52-01_0589', 12, 'Service booklet, Chinese', 'E87, E90, E91', 1, to_date('20040601','YYYYMMDD'), to_date('20060901','YYYYMMDD'), '01490011981', '', '', false);
insert into DiagramParts values('UG52-01_0589-01490013596', 'UG52-01_0589', 12, 'Service booklet, Chinese', 'E8X, E9X', 1, to_date('20060901','YYYYMMDD'), to_date('20070901','YYYYMMDD'), '01490013596', '', '', false);
insert into DiagramParts values('UG52-01_0589-01490013656', 'UG52-01_0589', 13, 'Service manual in Korean', 'E8X, E9X', 1, to_date('20060901','YYYYMMDD'), to_date('20070901','YYYYMMDD'), '01490013656', '', '', false);
insert into Diagram values('UG52-01_0589','UG52-20040200','01-26','E87 120d   BMW Service booklet 2004 - 2008','');
insert into Diagram values('UG52-01_0670','UG52-20040200','01-35','E87 120d   battery charge calendar','');
insert into Diagram values('UG52-01_0681','UG52-20040200','01-40','E87 120d   BMW Service plug unit','');
insert into Diagram values('UG52-01_0680','UG52-20040200','01-46','E87 120d   Service information, BMW','');
insert into Diagram values('UG52-01_0233','UG52-20040200','01-52','E87 120d   Mounting information, Owner&apos;s Manual BMW','');
insert into Diagram values('UG52-01_0299','UG52-20040200','01-52','E87 120d   BMW assembly instructions','');
insert into Diagram values('UG52-01_0635','UG52-20040200','01-60','E87 120d   BMW form','');
insert into Diagram values('UG52-01_0636','UG52-20040200','01-62','E87 120d   Trailer, BMW','');
insert into Diagram values('UG52-01_0637','UG52-20040200','01-64','E87 120d   Sticker, BMW','');
insert into Diagram values('UG52-01_0639','UG52-20040200','01-65','','');
insert into Diagram values('UG52-01_0612','UG52-20040200','01-70','E87 120d   CD/DVD SIP German BMW','');
insert into DiagramParts values('UG52-01_0671-01399789699', 'UG52-01_0671', 01, 'CD literature', 'LITERATUR', 1, to_date('19820901','YYYYMMDD'), to_date('19901201','YYYYMMDD'), '01399789699', '$8.11', '', false);
insert into Diagram values('UG52-01_0671','UG52-20040200','01-70','E87 120d   BMW CD/DVD miscellaneous','');
insert into Diagram values('UG52-01_0737','UG52-20040200','01-70','E87 120d   CD/DVD SIP complete vehicle BMW','');
insert into Diagram values('UG52-01_1172','UG52-20040200','01-70','E87 120d   DVD Web Based Training','');
insert into Diagram values('UG52-01_1045','UG52-20040200','01-94','E87 120d   Samples, upholstery colors, leather/fabr','');
insert into Diagram values('UG52-01_1046','UG52-20040200','01-94','E87 120d   Sample page, upholstery colors, fabric','');
insert into Diagram values('UG52-01_1047','UG52-20040200','01-94','E87 120d   Sample chart, upholstery colors, leather','');
insert into Diagram values('UG52-01_1048','UG52-20040200','01-94','E87 120d   Sample chart with interior moldings','');
insert into Diagram values('UG52-01_1049','UG52-20040200','01-94','E87 120d   Sample chart with interior moldings','');
insert into Diagram values('UG52-01_1050','UG52-20040200','01-94','E87 120d   Sample chart with interior moldings','');
insert into Diagram values('UG52-01_1051','UG52-20040200','01-94','E87 120d   Sample chart with interior colors','');
insert into Diagram values('UG52-01_1052','UG52-20040200','01-94','E87 120d   Sample chart with interior colors','');
insert into Diagram values('UG52-11_2175','UG52-20040200','11-05','E87 120d   Short Engine','');
insert into Diagram values('UG52-11_3306','UG52-20040200','11-10','E87 120d   Engine block','');
insert into Diagram values('UG52-11_3307','UG52-20040200','11-10','E87 120d   Engine Block Mounting Parts','');
insert into Diagram values('UG52-11_3660','UG52-20040200','11-10','E87 120d   OIL PAN/OIL LEVEL INDICATOR','');
insert into Diagram values('UG52-11_3661','UG52-20040200','11-10','E87 120d   LOWER TIMING CASE','');
insert into Diagram values('UG52-11_3310','UG52-20040200','11-15','E87 120d   Cylinder Head','');
insert into Diagram values('UG52-11_3311','UG52-20040200','11-15','E87 120d   Cylinder Head Attached Parts','');
insert into Diagram values('UG52-11_3668','UG52-20040200','11-15','E87 120d   Cylinder head cover','');
insert into Diagram values('UG52-11_3313','UG52-20040200','11-18','E87 120d   Belt Drive-Vibration Damper','');
insert into Diagram values('UG52-11_3662','UG52-20040200','11-18','E87 120d   Belt Drive Water Pump/Alternator','');
insert into Diagram values('UG52-11_3663','UG52-20040200','11-18','E87 120d   Belt Drive f power steering pump','');
insert into Diagram values('UG52-11_2097','UG52-20040200','11-20','E87 120d   Crankshaft-Pistons','');
insert into Diagram values('UG52-11_3314','UG52-20040200','11-20','E87 120d   Crankshaft With Bearing Shells','');
insert into Diagram values('UG52-11_3317','UG52-20040200','11-20','E87 120d   Flywheel automatic','');
insert into Diagram values('UG52-11_3320','UG52-20040200','11-20','E87 120d   Crankshaft drive mass compensator','');
insert into Diagram values('UG52-11_3533','UG52-20040200','11-20','E87 120d   Flywheel / Twin Mass Flywheel','');
insert into Diagram values('UG52-11_3833','UG52-20040200','11-20','E87 120d   Crankshaft Connecting Rod','');
insert into Diagram values('UG52-11_3318','UG52-20040200','11-25','E87 120d   Timing - Timing Chain Lower P','');
insert into Diagram values('UG52-11_3656','UG52-20040200','11-25','E87 120d   TIMING AND VALVE TRAIN-CAMSHAFT','');
insert into Diagram values('UG52-11_3657','UG52-20040200','11-25','E87 120d   timing gear timing chain top','');
insert into Diagram values('UG52-11_3321','UG52-20040200','11-30','E87 120d   Lubrication system/Oil pump','');
insert into Diagram values('UG52-11_3322','UG52-20040200','11-30','E87 120d   Lubricat.syst.-oil filter,heat exchanger','');
insert into Diagram values('UG52-11_3324','UG52-20040200','11-35','E87 120d   Waterpump - Thermostat','');
insert into Diagram values('UG52-11_3666','UG52-20040200','11-35','E87 120d   Cooling System Water Hoses','');
insert into Diagram values('UG52-11_3327','UG52-20040200','11-40','E87 120d   Intake manifold AGR with flap control','');
insert into Diagram values('UG52-11_3658','UG52-20040200','11-40','E87 120d   INTAKE MANIFOLD-SUPERCHARG.AIR DUCT/AGR','');
insert into Diagram values('UG52-11_3717','UG52-20040200','11-40','E87 120d   Intake manifold AGR with flap control','');
insert into Diagram values('UG52-11_3330','UG52-20040200','11-45','E87 120d   VACUUM PUMP WITH TUBES','');
insert into Diagram values('UG52-11_3659','UG52-20040200','11-45','E87 120d   Vacuum control-AGR','');
insert into Diagram values('UG52-11_3329','UG52-20040200','11-50','E87 120d   EXHAUST MANIFOLD-AGR','');
insert into Diagram values('UG52-11_3597','UG52-20040200','11-50','E87 120d   pollutant reduction cooling','');
insert into Diagram values('UG52-11_3667','UG52-20040200','11-50','E87 120d   TURBO CHARGER WITH LUBRICATION','');
insert into Diagram values('UG52-11_3665','UG52-20040200','11-55','E87 120d   Engine acoustics','');
insert into Diagram values('UG52-12_1139','UG52-20040200','12-05','E87 120d   Sensors','');
insert into Diagram values('UG52-12_1166','UG52-20040200','12-15','E87 120d   Glow plug unit','');
insert into DiagramParts values('UG52-12_1310-12317799181', 'UG52-12_1310', 01, 'Rmfd generator', '150A', 1, to_date('20060601','YYYYMMDD'), to_date('20070101','YYYYMMDD'), '12317799181', '', 'ENDED', false);
insert into DiagramParts values('UG52-12_1310-12317802927', 'UG52-12_1310', 01, 'Rmfd generator', '150A', 1, to_date('20060601','YYYYMMDD'), to_date('20070101','YYYYMMDD'), '12317802927', '', '', false);
insert into DiagramParts values('UG52-12_1310-12317797525', 'UG52-12_1310', 02, 'Voltage regulator', 'VALEO', 1, to_date('20060601','YYYYMMDD'), to_date('20070101','YYYYMMDD'), '12317797525', '', 'ENDED', false);
insert into DiagramParts values('UG52-12_1310-12318510088', 'UG52-12_1310', 02, 'Voltage regulator', 'VALEO', 1, to_date('20060601','YYYYMMDD'), to_date('20070101','YYYYMMDD'), '12318510088', '', '', false);
insert into Diagram values('UG52-12_1310','UG52-20040200','12-20','E87 120d   Alternator 140/150A','');
insert into Diagram values('UG52-12_1165','UG52-20040200','12-25','E87 120d   Starter','');
insert into Diagram values('UG52-12_0915','UG52-20040200','12-28','E87 120d   Engine wiring harness','');
insert into Diagram values('UG52-12_1072','UG52-20040200','12-28','E87 120d   Wiring harness, engine, injector module','');
insert into Diagram values('UG52-12_1167','UG52-20040200','12-29','E87 120d   Cable starter','');
insert into Diagram values('UG52-12_1381','UG52-20040200','12-30','E87 120d   Retrofit wiring harness','');
insert into Diagram values('UG52-12_0907','UG52-20040200','12-31','E87 120d   Cable holder','');
insert into Diagram values('UG52-12_1238','UG52-20040200','12-31','E87 120d   CABLE HOLDER/COVERING','');
insert into Diagram values('UG52-12_1328','UG52-20040200','12-31','E87 120d   Cable Harness Fixings','');
insert into Diagram values('UG52-12_1043','UG52-20040200','12-32','E87 120d   Laminated contacts/spring contacts','');
insert into Diagram values('UG52-12_1459','UG52-20040200','12-32','E87 120d   Contact system MLK','');
insert into Diagram values('UG52-12_1205','UG52-20040200','12-35','E87 120d   RELAY MOTOR','');
insert into Diagram values('UG52-12_1327','UG52-20040200','12-35','E87 120d   Control unit box','');
insert into Diagram values('UG52-13_1115','UG52-20040200','13-10','E87 120d   FUEL STRAINER WITH HEATING','');
insert into Diagram values('UG52-13_0958','UG52-20040200','13-15','E87 120d   High-pressure pump','');
insert into Diagram values('UG52-13_0959','UG52-20040200','13-15','E87 120d   High pressure accumulator/injector/line','');
insert into Diagram values('UG52-13_0960','UG52-20040200','13-15','E87 120d   Fuel lines','');
insert into Diagram values('UG52-13_0966','UG52-20040200','13-15','E87 120d   Basic DDE control unit','');
insert into Diagram values('UG52-13_1125','UG52-20040200','13-20','E87 120d   Mass air flow sensor/intake silencer','');
insert into Diagram values('UG52-16_0595','UG52-20040200','16-05','E87 120d   Fuel tank/mounting parts','');
insert into Diagram values('UG52-16_0598','UG52-20040200','16-15','E87 120d   Control unit for fuel pump','');
insert into Diagram values('UG52-16_0599','UG52-20040200','16-15','E87 120d   Fuel pipes / Mounting parts','');
insert into Diagram values('UG52-16_0601','UG52-20040200','16-15','E87 120d   Fuel filter/pump/fuel level sensor','');
insert into Diagram values('UG52-17_0315','UG52-20040200','17-05','E87 120d   Oil-cooler pipe/heat exchanger','');
insert into Diagram values('UG52-17_0316','UG52-20040200','17-05','E87 120d   Charge-air cooling','');
insert into DiagramParts values('UG52-17_0317-17427788906', 'UG52-17_0317', 01, 'Fan housing with fan', '400W', 1, to_date('20060901','YYYYMMDD'), to_date('20100301','YYYYMMDD'), '17427788906', '', 'ENDED', false);
insert into Diagram values('UG52-17_0317','UG52-20040200','17-05','E87 120d   Fan housing, mounting parts','');
insert into Diagram values('UG52-17_0318','UG52-20040200','17-05','E87 120d   MOUNTING PARTS F RADIATOR','');
insert into Diagram values('UG52-17_0314','UG52-20040200','17-30','E87 120d   Cooling System Water Hoses','');
insert into Diagram values('UG52-17_0694','UG52-20040200','17-30','E87 120d   Cooling system coolant hoses','');
insert into Diagram values('UG52-17_0695','UG52-20040200','17-30','E87 120d   Cooling system coolant hoses','');
insert into Diagram values('UG52-17_0707','UG52-20040200','17-30','E87 120d   Cooling system coolant hoses','');
insert into Diagram values('UG52-17_0708','UG52-20040200','17-30','E87 120d   Cooling system coolant hoses','');
insert into Diagram values('UG52-18_0560','UG52-20040200','18-10','E87 120d   CATALYST/LAMBDA PROBE','');
insert into Diagram values('UG52-18_0591','UG52-20040200','18-10','E87 120d   Catalyser/Diesel particulate filter','');
insert into Diagram values('UG52-18_0785','UG52-20040200','18-10','E87 120d   Diesel part.filter sens./mounting parts','');
insert into Diagram values('UG52-18_0561','UG52-20040200','18-20','E87 120d   Exhaust system, rear','');
insert into Diagram values('UG52-18_0646','UG52-20040200','18-95','E87 120d   Retrofitting of diesel particle filter','');
insert into Diagram values('UG52-18_0946','UG52-20040200','18-95','E87 120d   Muffler system','');
insert into Diagram values('UG52-18_0951','UG52-20040200','18-95','E87 120d   Muffler system','');
insert into Diagram values('UG52-21_0234','UG52-20040200','21-05','E87 120d   Clutch','');
insert into Diagram values('UG52-21_0199','UG52-20040200','21-10','E87 120d   Clutch control','');
insert into Diagram values('UG52-22_0103','UG52-20040200','22-05','E87 120d   Engine Suspension','');
insert into Diagram values('UG52-22_0104','UG52-20040200','22-10','E87 120d   Gearbox suspension','');
insert into Diagram values('UG52-23_0918','UG52-20040200','23-05','E87 120d   Manual transmission GS6-37BZ/DZ','');
insert into Diagram values('UG52-23_1034','UG52-20040200','23-10','E87 120d   GEARBOX MOUNTING PARTS','');
insert into Diagram values('UG52-23_1053','UG52-20040200','23-15','E87 120d   GS6-37BZ/DZ Sealing and mount. parts','');
insert into Diagram values('UG52-23_1054','UG52-20040200','23-15','E87 120d   GS6-37BZ/DZ Gear shift components','');
insert into Diagram values('UG52-24_1024','UG52-20040200','24-05','E87 120d   Automatic transmission GA6HP19Z','');
insert into Diagram values('UG52-24_1050','UG52-20040200','24-10','E87 120d   GEARBOX MOUNTING PARTS','');
insert into Diagram values('UG52-24_1043','UG52-20040200','24-15','E87 120d   GA6HP19Z housing with mounting parts','');
insert into Diagram values('UG52-24_1044','UG52-20040200','24-15','E87 120d   GA6HP19Z oil pan','');
insert into DiagramParts values('UG52-24_1045-24207571212', 'UG52-24_1045', 05, 'Shaft seal', '28X35,5X5,2', 1, to_date('20020901','YYYYMMDD'), to_date('20110901','YYYYMMDD'), '24207571212', '', 'ENDED', false);
insert into Diagram values('UG52-24_1045','UG52-20040200','24-15','E87 120d   GA6HP19Z output','');
insert into Diagram values('UG52-24_1046','UG52-20040200','24-15','E87 120d   GA6HP19Z Mechatronics','');
insert into Diagram values('UG52-24_1048','UG52-20040200','24-15','E87 120d   GA6HP19Z Mechatronics mounting parts','');
insert into Diagram values('UG52-24_1372','UG52-20040200','24-15','E87 120d   Fluid-change kit, autom. transmission','');
insert into Diagram values('UG52-25_0387','UG52-20040200','25-05','E87 120d   Gear shifting,mech.transm./diesel','');
insert into Diagram values('UG52-25_0438','UG52-20040200','25-05','E87 120d   Gear shifting,mech.transm./diesel','');
insert into Diagram values('UG52-25_0383','UG52-20040200','25-10','E87 120d   GEAR SHIFT KNOBS/SHIFT LEVER COVERINGS','');
insert into Diagram values('UG52-25_0461','UG52-20040200','25-10','E87 120d   Performance shift knob','');
insert into Diagram values('UG52-25_0436','UG52-20040200','25-20','E87 120d   AUTOM.TRANSMISS.STEPTRONIC SHIFT PARTS','');
insert into Diagram values('UG52-25_0384','UG52-20040200','25-25','E87 120d   Selector lever handles / Covers','');
insert into Diagram values('UG52-25_0419','UG52-20040200','25-95','E87 120d   Retrofit, wooden selector lever knob','');
insert into Diagram values('UG52-25_0439','UG52-20040200','25-95','E87 120d   Retrofit, sport switch knob','');
insert into Diagram values('UG52-25_0484','UG52-20040200','25-95','E87 120d   BMW Performance selector lever handle','');
insert into Diagram values('UG52-26_0216','UG52-20040200','26-05','E87 120d   Drive shaft/HAG-universal joint','');
insert into Diagram values('UG52-26_0218','UG52-20040200','26-10','E87 120d   Center bearing/HAG Hardy coupling','');
insert into Diagram values('UG52-27_0034','UG52-20040200','27-95','E87 120d   Retrofit, wooden gearshift knob','');
insert into Diagram values('UG52-31_0693','UG52-20040200','31-05','E87 120d   Frnt axle support,wishbone/tension strut','');
insert into Diagram values('UG52-31_0697','UG52-20040200','31-05','E87 120d   HEADLIGHT VERTICAL AIM CONTROL SENSOR','');
insert into Diagram values('UG52-31_0695','UG52-20040200','31-10','E87 120d   GUIDE SUPPORT/SPRING PAD/ATTACHING PARTS','');
insert into Diagram values('UG52-31_0696','UG52-20040200','31-10','E87 120d   Stabilizer, front','');
insert into Diagram values('UG52-31_0698','UG52-20040200','31-10','E87 120d   FRONT COIL SPRING','');
insert into Diagram values('UG52-31_0736','UG52-20040200','31-10','E87 120d   Front Spring strut/Carrier/Wheel bearing','');
insert into Diagram values('UG52-31_0837','UG52-20040200','31-95','E87 120d   Performance suspension','');
insert into Diagram values('UG52-31_0838','UG52-20040200','31-95','E87 120d   Performance suspension','');
insert into Diagram values('UG52-32_1509','UG52-20040200','32-10','E87 120d   Hydro steering box','');
insert into Diagram values('UG52-32_1512','UG52-20040200','32-15','E87 120d   Power steering pump','');
insert into Diagram values('UG52-32_1507','UG52-20040200','32-20','E87 120d   HYDRO STEERING-OIL PIPES','');
insert into Diagram values('UG52-32_1514','UG52-20040200','32-20','E87 120d   OIL CARRIER/SINGLE PARTS','');
insert into Diagram values('UG52-32_1510','UG52-20040200','32-25','E87 120d   STEERING LINKAGE/TIE RODS','');
insert into Diagram values('UG52-32_1515','UG52-20040200','32-30','E87 120d   Manually adjust. steering column','');
insert into Diagram values('UG52-32_1516','UG52-20040200','32-30','E87 120d   STEER.COL.-LOWER JOINT ASSY','');
insert into Diagram values('UG52-32_1517','UG52-20040200','32-35','E87 120d   Steering wheel airbag','');
insert into DiagramParts values('UG52-32_1518-32306777630', 'UG52-32_1518', 01, 'Sport steering wheel rim', 'LEDER', 1, to_date('20060201','YYYYMMDD'), to_date('20090901','YYYYMMDD'), '32306777630', '$383.97', '', false);
insert into Diagram values('UG52-32_1518','UG52-20040200','32-35','E87 120d   Airbag sports steering wheel','');
insert into DiagramParts values('UG52-32_1519-32306777630', 'UG52-32_1519', 01, 'Sport steering wheel rim', 'LEDER', 1, to_date('20060201','YYYYMMDD'), to_date('20090901','YYYYMMDD'), '32306777630', '$383.97', '', false);
insert into Diagram values('UG52-32_1519','UG52-20040200','32-35','E87 120d   Airbag sports steering wheel multifunct.','');
insert into Diagram values('UG52-32_1605','UG52-20040200','32-35','E87 120d   M sports steer.-wheel, airbag, leather','');
insert into Diagram values('UG52-32_1617','UG52-20040200','32-35','E87 120d   M sports strng whl,airbag,multifunction','');
insert into Diagram values('UG52-32_1592','UG52-20040200','32-95','E87 120d   Retrofit multi-functional steering wheel','');
insert into Diagram values('UG52-32_1773','UG52-20040200','32-95','E87 120d   Performance steering wheel with display','');
insert into Diagram values('UG52-32_1778','UG52-20040200','32-95','E87 120d   Performance steering wheel with display','');
insert into Diagram values('UG52-32_1834','UG52-20040200','32-95','E87 120d   Performance steering wheel','');
insert into Diagram values('UG52-32_1835','UG52-20040200','32-95','E87 120d   Performance steering wheel','');
insert into Diagram values('UG52-33_1260','UG52-20040200','33-05','E87 120d   DIFFERENTIAL-DRIVE/OUTPUT','');
insert into DiagramParts values('UG52-33_1315-33107566198', 'UG52-33_1315', 01, 'Rmfd final drive', 'I=2,47', 1, to_date('20050601','YYYYMMDD'), to_date('20050901','YYYYMMDD'), '33107566198', '', '', false);
insert into DiagramParts values('UG52-33_1315-33101214099', 'UG52-33_1315', 14, 'Shaft seal', '45X75X10', 1, to_date('20050601','YYYYMMDD'), to_date('20110601','YYYYMMDD'), '33101214099', '$17.42', '', false);
insert into Diagram values('UG52-33_1315','UG52-20040200','33-05','E87 120d   DIFFERENTIAL-DRIVE/OUTPUT','');
insert into Diagram values('UG52-33_1316','UG52-20040200','33-05','E87 120d   DIFFERENTIAL-DRIVE/OUTPUT','');
insert into Diagram values('UG52-33_1236','UG52-20040200','33-10','E87 120d   Final drive, gasket set','');
insert into Diagram values('UG52-33_1308','UG52-20040200','33-25','E87 120d   Output shaft','');
insert into Diagram values('UG52-33_1230','UG52-20040200','33-30','E87 120d   REAR AXLE SUPPORT/WHEEL SUSPENSION','');
insert into Diagram values('UG52-33_1237','UG52-20040200','33-30','E87 120d   HEADLIGHT VERTICAL AIM CONTROL SENSOR','');
insert into Diagram values('UG52-33_1312','UG52-20040200','33-30','E87 120d   REAR AXLE CARRIER','');
insert into Diagram values('UG52-33_1231','UG52-20040200','33-40','E87 120d   SIDE SHAFT/WHEEL BEARINGS','');
insert into Diagram values('UG52-33_1233','UG52-20040200','33-45','E87 120d   REAR SPRING STRUT MOUNTING PARTS','');
insert into Diagram values('UG52-33_1234','UG52-20040200','33-45','E87 120d   Stabilizer, rear','');
insert into Diagram values('UG52-33_1238','UG52-20040200','33-45','E87 120d   REAR COIL SPRING','');
insert into Diagram values('UG52-33_1338','UG52-20040200','33-95','E87 120d   Retrofit kit M sports suspension','');
insert into Diagram values('UG52-34_1415','UG52-20040200','34-05','E87 120d   Front brake pad wear sensor','');
insert into Diagram values('UG52-34_1766','UG52-20040200','34-07','E87 120d   Front brake-brake disc','');
insert into Diagram values('UG52-34_1418','UG52-20040200','34-10','E87 120d   Rear brake pad wear sensor','');
insert into Diagram values('UG52-34_1767','UG52-20040200','34-12','E87 120d   Rear wheel brake-Brake disc','');
insert into Diagram values('UG52-34_1400','UG52-20040200','34-15','E87 120d   Brake pipe, front','');
insert into DiagramParts values('UG52-34_1401-34326784066', 'UG52-34_1401', 03, 'Pipe', 'M10/M12', 1, to_date('20050701','YYYYMMDD'), to_date('20110401','YYYYMMDD'), '34326784066', '', 'ENDED', false);
insert into DiagramParts values('UG52-34_1401-34326770555', 'UG52-34_1401', 04, 'Pipe', 'M10/M10-1188MM', 1, to_date('20050701','YYYYMMDD'), to_date('20110401','YYYYMMDD'), '34326770555', '', 'ENDED', false);
insert into Diagram values('UG52-34_1401','UG52-20040200','34-15','E87 120d   Brake pipe, front','');
insert into Diagram values('UG52-34_1402','UG52-20040200','34-17','E87 120d   Brake pipe rear','');
insert into Diagram values('UG52-34_1805','UG52-20040200','34-17','E87 120d   Brake pipe rear','');
insert into Diagram values('UG52-34_1403','UG52-20040200','34-18','E87 120d   BRAKE PIPE REAR/MOUNTING','');
insert into DiagramParts values('UG52-34_1404-34506781284', 'UG52-34_1404', 07, 'Spacer sleeve', 'ZNS3', 3, to_date('20070701','YYYYMMDD'), to_date('20080901','YYYYMMDD'), '34506781284', '$8.16', '', false);
insert into Diagram values('UG52-34_1404','UG52-20040200','34-20','E87 120d   Hydro unit DSC/fastening/sensors','');
insert into Diagram values('UG52-34_1410','UG52-20040200','34-25','E87 120d   Brake master cylinder','');
insert into Diagram values('UG52-34_1411','UG52-20040200','34-27','E87 120d   Power brake unit depression','');
insert into Diagram values('UG52-34_1412','UG52-20040200','34-27','E87 120d   Power brake unit depression','');
insert into Diagram values('UG52-34_1405','UG52-20040200','34-30','E87 120d   Handbrake lever','');
insert into Diagram values('UG52-34_1421','UG52-20040200','34-40','E87 120d   PARKING BRAKE/BRAKE SHOES','');
insert into Diagram values('UG52-34_1384','UG52-20040200','34-95','E87 120d   Retrofit, handbrake handle','');
insert into Diagram values('UG52-34_1562','UG52-20040200','34-95','E87 120d   Handbrake grip with chrome inlay','');
insert into Diagram values('UG52-34_1680','UG52-20040200','34-95','E87 120d   Set of BMW Performance Brakes front/rear','');
insert into Diagram values('UG52-34_1681','UG52-20040200','34-95','E87 120d   BMW Performance front wheel brake','');
insert into Diagram values('UG52-34_1691','UG52-20040200','34-95','E87 120d   BMW Performance Rear wheel brake','');
insert into Diagram values('UG52-34_1717','UG52-20040200','34-95','E87 120d   BMW Performance parking brake handle','');
insert into Diagram values('UG52-35_0291','UG52-20040200','35-05','E87 120d   Foot lever mech. with return spring','');
insert into Diagram values('UG52-35_0292','UG52-20040200','35-05','E87 120d   Foot lever mech. with return spring','');
insert into Diagram values('UG52-35_0293','UG52-20040200','35-05','E87 120d   Pedal assembly','');
insert into Diagram values('UG52-35_0294','UG52-20040200','35-05','E87 120d   Pedal assembly','');
insert into Diagram values('UG52-35_0274','UG52-20040200','35-20','E87 120d   Acceleration/accelerator pedal module','');
insert into Diagram values('UG52-35_0275','UG52-20040200','35-95','E87 120d   Aluminum pedal covers','');
insert into Diagram values('UG52-35_0315','UG52-20040200','35-95','E87 120d   Set of high-grade steel pedal covers','');
insert into Diagram values('UG52-35_0327','UG52-20040200','35-95','E87 120d   BMW Performance Alu pedal plates','');
insert into Diagram values('UG52-35_0377','UG52-20040200','35-95','E87 120d   Aluminum pedal covers','');
insert into Diagram values('UG52-36_0798','UG52-20040200','36-10','E87 120d   STEEL RIM STYL.12','');
insert into Diagram values('UG52-36_0799','UG52-20040200','36-15','E87 120d   BMW light alloy wheel, spider spoke 139','');
insert into Diagram values('UG52-36_0801','UG52-20040200','36-15','E87 120d   BMW light alloy wheel, spider spoke 140','');
insert into Diagram values('UG52-36_0802','UG52-20040200','36-15','E87 120d   BMW light alloy wheel, V-spoke 141','');
insert into Diagram values('UG52-36_0803','UG52-20040200','36-15','E87 120d   BMW light alloy wheel, spider spoke 142','');
insert into Diagram values('UG52-36_0804','UG52-20040200','36-15','E87 120d   BMW light alloy wheel, spider spoke 151','');
insert into Diagram values('UG52-36_0805','UG52-20040200','36-15','E87 120d   BMW LA wheel/double spoke 178','');
insert into Diagram values('UG52-36_0806','UG52-20040200','36-15','E87 120d   BMW Composite wheel, star spoke 179','');
insert into Diagram values('UG52-36_0807','UG52-20040200','36-15','E87 120d   BMW LA wheel, star spoke 180','');
insert into Diagram values('UG52-36_0808','UG52-20040200','36-15','E87 120d   BMW LA wheel, star spoke 181','');
insert into Diagram values('UG52-36_0809','UG52-20040200','36-15','E87 120d   BMW LA wheel/double spoke 182','');
insert into Diagram values('UG52-36_0903','UG52-20040200','36-15','E87 120d   BMW LA wheel, double spoke 98','');
insert into Diagram values('UG52-36_0926','UG52-20040200','36-15','E87 120d   BMW alloy wheel M V-spoke 217','');
insert into Diagram values('UG52-36_0927','UG52-20040200','36-15','E87 120d   BMW alloy wheel, M double spoke 207','');
insert into Diagram values('UG52-36_0928','UG52-20040200','36-15','E87 120d   BMW alloy wheel, M double spoke 208','');
insert into Diagram values('UG52-36_0964','UG52-20040200','36-15','E87 120d   BMW light alloy wheel, V-spoke 229','');
insert into Diagram values('UG52-36_1052','UG52-20040200','36-15','E87 120d   BMW LA wheel/double spoke 222','');
insert into Diagram values('UG52-36_1053','UG52-20040200','36-15','E87 120d   BMW light alloy wheel, V-spoke 255','');
insert into Diagram values('UG52-36_1054','UG52-20040200','36-15','E87 120d   BMW LA wheel, star spoke 256','');
insert into Diagram values('UG52-36_1108','UG52-20040200','36-15','E87 120d   BMW LA wheel, star spoke 262','');
insert into Diagram values('UG52-36_1109','UG52-20040200','36-15','E87 120d   BMW LA wheel, W spoke 263','');
insert into Diagram values('UG52-36_1130','UG52-20040200','36-15','E87 120d   BMW LA wheel, dual spoke 261','');
insert into Diagram values('UG52-36_1131','UG52-20040200','36-15','E87 120d   BMW Performance LA wheel/double spoke269','');
insert into Diagram values('UG52-36_1135','UG52-20040200','36-15','E87 120d   BMW light alloy wheel, radial spoke 216','');
insert into Diagram values('UG52-36_1315','UG52-20040200','36-15','E87 120d   BMW LA wheel, Star Spoke 311','');
insert into Diagram values('UG52-36_1316','UG52-20040200','36-15','E87 120d   BMW Performance LA wheel DoubleSpoke 313','');
insert into Diagram values('UG52-36_1433','UG52-20040200','36-15','E87 120d   BMW LA wheel, V Spoke 360','');
insert into Diagram values('UG52-36_1607','UG52-20040200','36-15','E87 120d   BMW LA wheel Streamline 370','');
insert into Diagram values('UG52-36_1608','UG52-20040200','36-15','E87 120d   BMW LA wheel, Star Spoke 371','');
insert into Diagram values('UG52-36_1709','UG52-20040200','36-15','E87 120d   BMW LA wheel, M Double Spoke 313','');
insert into Diagram values('UG52-36_0812','UG52-20040200','36-20','E87 120d   Balance weight, zinc','');
insert into Diagram values('UG52-36_0811','UG52-20040200','36-25','E87 120d   WHEEL BOLT LOCK WITH ADAPTOR','');
insert into Diagram values('UG52-36_1032','UG52-20040200','36-25','E87 120d   SET WHEEL LOCKS','');
insert into Diagram values('UG52-36_0834','UG52-20040200','36-30','E87 120d   Summer tires','');
insert into Diagram values('UG52-36_1076','UG52-20040200','36-30','E87 120d   Winter tires','');
insert into Diagram values('UG52-36_0874','UG52-20040200','36-95','E87 120d   Radial spoke 139 complete winter wheel','');
insert into Diagram values('UG52-36_0924','UG52-20040200','36-95','E87 120d   Winter wheel/tire, steel','');
insert into Diagram values('UG52-36_0958','UG52-20040200','36-95','E87 120d   Winter complete wheel V spoke 141','');
insert into Diagram values('UG52-36_1168','UG52-20040200','36-95','E87 120d   Winterkomplettrad V-Speiche 229','');
insert into Diagram values('UG52-36_1274','UG52-20040200','36-95','E87 120d   Set emergency wheel with tyre','');
insert into Diagram values('UG52-36_1329','UG52-20040200','36-95','E87 120d   Winterkomplettrad Sternspeiche 256','');
insert into Diagram values('UG52-41_1594','UG52-20040200','41-05','E87 120d   Body skeleton','');
insert into Diagram values('UG52-41_1596','UG52-20040200','41-10','E87 120d   Front side panel','');
insert into Diagram values('UG52-41_1597','UG52-20040200','41-10','E87 120d   WHEELHOUSE/ENGINE SUPPORT','');
insert into Diagram values('UG52-41_1598','UG52-20040200','41-10','E87 120d   SPLASH WALL PARTS','');
insert into Diagram values('UG52-41_1599','UG52-20040200','41-10','E87 120d   FRONT BODY BRACKET LEFT','');
insert into Diagram values('UG52-41_1600','UG52-20040200','41-10','E87 120d   FRONT BODY BRACKET RIGHT','');
insert into Diagram values('UG52-41_1602','UG52-20040200','41-20','E87 120d   Cavity shielding, side frame','');
insert into Diagram values('UG52-41_1603','UG52-20040200','41-20','E87 120d   BODY-SIDE FRAME','');
insert into Diagram values('UG52-41_1604','UG52-20040200','41-20','E87 120d   SINGLE COMPONENTS FOR BODY-SIDE FRAME','');
insert into Diagram values('UG52-41_1605','UG52-20040200','41-20','E87 120d   Partition trunk/Floor parts','');
insert into Diagram values('UG52-41_1606','UG52-20040200','41-25','E87 120d   Mounting parts for trunk floor panel','');
insert into Diagram values('UG52-41_1608','UG52-20040200','41-25','E87 120d   FLOOR PARTS REAR EXTERIOR','');
insert into Diagram values('UG52-41_1609','UG52-20040200','41-25','E87 120d   SIDE PANEL/TAIL TRIM','');
insert into Diagram values('UG52-41_1610','UG52-20040200','41-25','E87 120d   FILL-IN FLAP','');
insert into Diagram values('UG52-41_1601','UG52-20040200','41-30','E87 120d   Roof','');
insert into Diagram values('UG52-41_1611','UG52-20040200','41-35','E87 120d   ENGINE HOOD/MOUNTING PARTS','');
insert into Diagram values('UG52-41_1641','UG52-20040200','41-35','E87 120d   ENGINE HOOD MECHANISM','');
insert into Diagram values('UG52-41_1612','UG52-20040200','41-40','E87 120d   FRONT DOOR-HINGE/DOOR BRAKE','');
insert into Diagram values('UG52-41_1635','UG52-20040200','41-40','E87 120d   Door weatherstrip front','');
insert into DiagramParts values('UG52-41_1639-51210037535', 'UG52-41_1639', 05, 'Set of keys with CAS control unit', '315 MHZ', 1, to_date('20041201','YYYYMMDD'), to_date('20080301','YYYYMMDD'), '51210037535', '', '', false);
insert into Diagram values('UG52-41_1639','UG52-20040200','41-40','E87 120d   Radio remote control','');
insert into Diagram values('UG52-41_1973','UG52-20040200','41-40','E87 120d   DOOR CONTROL FRONT','');
insert into Diagram values('UG52-41_1613','UG52-20040200','41-45','E87 120d   Door rear, hinge/door brake','');
insert into Diagram values('UG52-41_1634','UG52-20040200','41-45','E87 120d   DOOR CONTROL REAR','');
insert into Diagram values('UG52-41_1636','UG52-20040200','41-45','E87 120d   Door weatherstrip rear','');
insert into DiagramParts values('UG52-41_1640-51210037537', 'UG52-41_1640', 01, 'Set uniform lock.syst. w/CAS cntrl(code)', '315 MHZ', 1, to_date('20041201','YYYYMMDD'), to_date('20080301','YYYYMMDD'), '51210037537', '', '', false);
insert into Diagram values('UG52-41_1640','UG52-20040200','41-50','E87 120d   Master key locking','');
insert into Diagram values('UG52-41_1614','UG52-20040200','41-60','E87 120d   TRUNK LID/CLOSING SYSTEM','');
insert into Diagram values('UG52-41_1615','UG52-20040200','41-60','E87 120d   SINGLE COMPONENTS FOR TRUNK LID','');
insert into Diagram values('UG52-41_1607','UG52-20040200','41-65','E87 120d   MECHANICAL CONNECTION ELEMENTS','');
insert into Diagram values('UG52-51_5434','UG52-20040200','51-05','E87 120d   Glazing','');
insert into DiagramParts values('UG52-51_5293-51167132736', 'UG52-51_5293', 01, 'Mirror glas, heated, wide-angle, right', 'CHROMFARBIG', 1, to_date('20090301','YYYYMMDD'), to_date('20090901','YYYYMMDD'), '51167132736', '$73.94', '', false);
insert into Diagram values('UG52-51_5293','UG52-20040200','51-07','E87 120d   MIRROR GLASS','');
insert into Diagram values('UG52-51_5294','UG52-20040200','51-07','E87 120d   Mirror glas with auto dip','');
insert into DiagramParts values('UG52-51_5472-51167234224', 'UG52-51_5472', 01, 'heated outside mirror, right', 'SHADOWLINE', 1, to_date('20080701','YYYYMMDD'), to_date('20090901','YYYYMMDD'), '51167234224', '', '', false);
insert into DiagramParts values('UG52-51_5472-51167189896', 'UG52-51_5472', 01, 'heated outside mirror, right', 'SHADOWLINE', 1, to_date('20060701','YYYYMMDD'), to_date('20080701','YYYYMMDD'), '51167189896', '', '', false);
insert into DiagramParts values('UG52-51_5472-51167234228', 'UG52-51_5472', 01, 'Outside mirror heated with memory,right', 'SHADOWLINE', 1, to_date('20080701','YYYYMMDD'), to_date('20090901','YYYYMMDD'), '51167234228', '', '', false);
insert into DiagramParts values('UG52-51_5472-51167189904', 'UG52-51_5472', 01, 'Outside mirror heated with memory,right', 'SHADOWLINE', 1, to_date('20060701','YYYYMMDD'), to_date('20080701','YYYYMMDD'), '51167189904', '', '', false);
insert into DiagramParts values('UG52-51_5472-51168036572', 'UG52-51_5472', 04, 'Supporting ring right', 'GLANZSCHWARZ', 1, to_date('20080701','YYYYMMDD'), to_date('20090901','YYYYMMDD'), '51168036572', '$32.17', '', false);
insert into Diagram values('UG52-51_5472','UG52-20040200','51-07','E87 120d   Outside mirror','');
insert into DiagramParts values('UG52-51_5473-51167234236', 'UG52-51_5473', 01, 'Outside mirror heated with memory,right', 'SHADOWLINE', 1, to_date('20080701','YYYYMMDD'), to_date('20090901','YYYYMMDD'), '51167234236', '', '', false);
insert into DiagramParts values('UG52-51_5473-51167234232', 'UG52-51_5473', 01, 'Outside mirror heated with memory,right', 'SHADOWLINE', 1, to_date('20080701','YYYYMMDD'), to_date('20090901','YYYYMMDD'), '51167234232', '', '', false);
insert into DiagramParts values('UG52-51_5473-51167189913', 'UG52-51_5473', 01, 'Outside mirror heated with memory, left', 'SHADOWLINE', 1, to_date('20060701','YYYYMMDD'), to_date('20080701','YYYYMMDD'), '51167189913', '', '', false);
insert into Diagram values('UG52-51_5473','UG52-20040200','51-07','E87 120d   Fold-in outside mirror','');
insert into Diagram values('UG52-51_5438','UG52-20040200','51-10','E87 120d   DOOR WINDOW LIFTING MECHANISM FRONT','');
insert into Diagram values('UG52-51_5439','UG52-20040200','51-10','E87 120d   Window frame cover, front door','');
insert into Diagram values('UG52-51_5440','UG52-20040200','51-12','E87 120d   DOOR WINDOW LIFTING MECHANISM REAR','');
insert into Diagram values('UG52-51_5441','UG52-20040200','51-12','E87 120d   Window frame cover, rear door','');
insert into Diagram values('UG52-51_5332','UG52-20040200','51-15','E87 120d   Trim panel, bumper, front','');
insert into Diagram values('UG52-51_5402','UG52-20040200','51-15','E87 120d   Carrier, bumper front','');
insert into Diagram values('UG52-51_5435','UG52-20040200','51-15','E87 120d   Bracket, PDC-sensors','');
insert into Diagram values('UG52-51_5977','UG52-20040200','51-15','E87 120d   M FRONT BUMPER TRIM PANEL','');
insert into DiagramParts values('UG52-51_5348-51477906818', 'UG52-51_5348', 15, 'M trim piece, front right entry', 'M', 1, to_date('20050901','YYYYMMDD'), to_date('20070301','YYYYMMDD'), '51477906818', '', '', false);
insert into DiagramParts values('UG52-51_5348-51477906820', 'UG52-51_5348', 16, 'M trim piece, rear right entry', 'M', 1, to_date('20050901','YYYYMMDD'), to_date('20070301','YYYYMMDD'), '51477906820', '', '', false);
insert into Diagram values('UG52-51_5348','UG52-20040200','51-16','E87 120d   Door sill','');
insert into Diagram values('UG52-51_6335','UG52-20040200','51-16','E87 120d   M door sill trim panel','');
insert into Diagram values('UG52-51_5403','UG52-20040200','51-17','E87 120d   Carrier, bumper rear','');
insert into Diagram values('UG52-51_5429','UG52-20040200','51-17','E87 120d   Bumper trim panel, rear','');
insert into Diagram values('UG52-51_5431','UG52-20040200','51-17','E87 120d   REAR BUMPER MOUNTING PARTS','');
insert into Diagram values('UG52-51_5985','UG52-20040200','51-17','E87 120d   M REAR BUMPER TRIM','');
insert into Diagram values('UG52-51_5414','UG52-20040200','51-20','E87 120d   Exterior trim and door seals','');
insert into Diagram values('UG52-51_5442','UG52-20040200','51-20','E87 120d   Exterior trim / Grille / Seals','');
insert into Diagram values('UG52-51_5465','UG52-20040200','51-20','E87 120d   Emblems','');
insert into Diagram values('UG52-51_5503','UG52-20040200','51-30','E87 120d   Carrier instrument panel','');
insert into Diagram values('UG52-51_5504','UG52-20040200','51-30','E87 120d   Trim panel dashboard','');
insert into Diagram values('UG52-51_5505','UG52-20040200','51-30','E87 120d   GLOVE BOX','');
insert into Diagram values('UG52-51_9041','UG52-20040200','51-30','E87 120d   Switch unit cover, center console','');
insert into Diagram values('UG52-51_9135','UG52-20040200','51-30','E87 120d   Mounting parts, I-panel, bottom','');
insert into Diagram values('UG52-51_5508','UG52-20040200','51-35','E87 120d   Center console','');
insert into Diagram values('UG52-51_5509','UG52-20040200','51-35','E87 120d   Armrest, centre console','');
insert into Diagram values('UG52-51_5540','UG52-20040200','51-35','E87 120d   Mounting parts, center console','');
insert into Diagram values('UG52-51_5510','UG52-20040200','51-40','E87 120d   Sun visors','');
insert into Diagram values('UG52-51_5511','UG52-20040200','51-40','E87 120d   Inside mirror manually dippable','');
insert into Diagram values('UG52-51_5512','UG52-20040200','51-40','E87 120d   Interior mirror with automatic-dip','');
insert into Diagram values('UG52-51_5515','UG52-20040200','51-40','E87 120d   Headlining / Handle','');
insert into Diagram values('UG52-51_5516','UG52-20040200','51-40','E87 120d   Headlin./Handle lift-up&slide-back sunr.','');
insert into Diagram values('UG52-51_5517','UG52-20040200','51-40','E87 120d   Trim panel A- / B- / C-Column','');
insert into Diagram values('UG52-51_5522','UG52-20040200','51-40','E87 120d   REAR WINDOW SHELF','');
insert into Diagram values('UG52-51_6211','UG52-20040200','51-40','E87 120d   Headlining / Handle','');
insert into Diagram values('UG52-51_6212','UG52-20040200','51-40','E87 120d   Headlin./Handle lift-up&slide-back sunr.','');
insert into Diagram values('UG52-51_5513','UG52-20040200','51-50','E87 120d   Door trim panel, front','');
insert into Diagram values('UG52-51_5535','UG52-20040200','51-50','E87 120d   Door trim panel rear/Eler. window lifter','');
insert into Diagram values('UG52-51_5518','UG52-20040200','51-55','E87 120d   TRIM PANEL LEG ROOM','');
insert into Diagram values('UG52-51_5519','UG52-20040200','51-55','E87 120d   Cover, entrance','');
insert into Diagram values('UG52-51_5521','UG52-20040200','51-55','E87 120d   FLOOR COVERING','');
insert into DiagramParts values('UG52-51_6668-51479171368', 'UG52-51_6668', 03, 'Velcro element with screw thread', 'D 62MM', 2, to_date('20070901','YYYYMMDD'), to_date('20110801','YYYYMMDD'), '51479171368', '$8.03', '', false);
insert into Diagram values('UG52-51_6668','UG52-20040200','51-55','E87 120d   Floor mats, velours','');
insert into Diagram values('UG52-51_5523','UG52-20040200','51-65','E87 120d   TRUNK LID TRIM PANEL','');
insert into Diagram values('UG52-51_5525','UG52-20040200','51-65','E87 120d   LEFT TRUNK TRIM','');
insert into Diagram values('UG52-51_5536','UG52-20040200','51-65','E87 120d   Right TRUNK TRIM','');
insert into Diagram values('UG52-51_6519','UG52-20040200','51-65','E87 120d   Trunk floor / Trunk sill / Dividing net','');
insert into Diagram values('UG52-51_5526','UG52-20040200','51-70','E87 120d   SOUND INSULATING FRONT','');
insert into Diagram values('UG52-51_5527','UG52-20040200','51-70','E87 120d   Heat insulation','');
insert into Diagram values('UG52-51_5532','UG52-20040200','51-70','E87 120d   Wheelarch trim','');
insert into Diagram values('UG52-51_5538','UG52-20040200','51-70','E87 120d   SOUND INSULATING REAR','');
insert into Diagram values('UG52-51_5790','UG52-20040200','51-70','E87 120d   Diesel encapsulation','');
insert into Diagram values('UG52-51_5528','UG52-20040200','51-75','E87 120d   Underhood shield','');
insert into Diagram values('UG52-51_5529','UG52-20040200','51-75','E87 120d   Underfloor coating for manual transm.','');
insert into Diagram values('UG52-51_5709','UG52-20040200','51-75','E87 120d   Underhood shield','');
insert into Diagram values('UG52-51_6171','UG52-20040200','51-75','E87 120d   Underbody trim on side','');
insert into Diagram values('UG52-51_6173','UG52-20040200','51-75','E87 120d   Underfloor coating for automatic transm.','');
insert into Diagram values('UG52-51_6529','UG52-20040200','51-75','E87 120d   FRONT PANEL','');
insert into Diagram values('UG52-51_6760','UG52-20040200','51-75','E87 120d   Strut brace','');
insert into Diagram values('UG52-51_6960','UG52-20040200','51-75','E87 120d   Air duct','');
insert into Diagram values('UG52-51_6535','UG52-20040200','51-80','E87 120d   Misc. body parts','');
insert into Diagram values('UG52-51_6771','UG52-20040200','51-80','E87 120d   Sealing cap/plug','');
insert into Diagram values('UG52-51_4635','UG52-20040200','51-95','E87 120d   Exterior mirror for towing','');
insert into Diagram values('UG52-51_4643','UG52-20040200','51-95','E87 120d   Non-skid mat','');
insert into Diagram values('UG52-51_4694','UG52-20040200','51-95','E87 120d   Aluminum footrest','');
insert into Diagram values('UG52-51_4698','UG52-20040200','51-95','E87 120d   Boot lashing strap','');
insert into Diagram values('UG52-51_5244','UG52-20040200','51-95','E87 120d   Luggage compartment pan','');
insert into Diagram values('UG52-51_5362','UG52-20040200','51-95','E87 120d   Luggage compartment, folding','');
insert into Diagram values('UG52-51_5688','UG52-20040200','51-95','E87 120d   Luggage compatment box "multifix"','');
insert into Diagram values('UG52-51_5727','UG52-20040200','51-95','E87 120d   Fine wood trim','');
insert into Diagram values('UG52-51_5733','UG52-20040200','51-95','E87 120d   Sunshade','');
insert into Diagram values('UG52-51_5734','UG52-20040200','51-95','E87 120d   Illuminated door sill strip retrofit kit','');
insert into Diagram values('UG52-51_5737','UG52-20040200','51-95','E87 120d   Rubber mat','');
insert into Diagram values('UG52-51_5738','UG52-20040200','51-95','E87 120d   Umbrella with bag','');
insert into Diagram values('UG52-51_5739','UG52-20040200','51-95','E87 120d   Storage sleeve DVD/CD','');
insert into Diagram values('UG52-51_5799','UG52-20040200','51-95','E87 120d   Fitted luggage compartment mat','');
insert into Diagram values('UG52-51_5804','UG52-20040200','51-95','E87 120d   Retrofit Cup holder center console','');
insert into Diagram values('UG52-51_5808','UG52-20040200','51-95','E87 120d   Retrofit equipm. armrest center console','');
insert into Diagram values('UG52-51_5928','UG52-20040200','51-95','E87 120d   Retrofit rearview mirror w. auto dimmer','');
insert into Diagram values('UG52-51_5939','UG52-20040200','51-95','E87 120d   Floor mats Commercial','');
insert into Diagram values('UG52-51_5954','UG52-20040200','51-95','E87 120d   Load edge protector','');
insert into Diagram values('UG52-51_5955','UG52-20040200','51-95','E87 120d   Retrofit kit M aerodyn. package','');
insert into Diagram values('UG52-51_5980','UG52-20040200','51-95','E87 120d   Retrofit: heating outside mirror','');
insert into Diagram values('UG52-51_6073','UG52-20040200','51-95','E87 120d   Door sill strip retrofit kit st. steel','');
insert into Diagram values('UG52-51_6083','UG52-20040200','51-95','E87 120d   Strut brace','');
insert into Diagram values('UG52-51_6085','UG52-20040200','51-95','E87 120d   Retrofit, M cover, entrance','');
insert into Diagram values('UG52-51_6137','UG52-20040200','51-95','E87 120d   Retrofit, cup holder','');
insert into Diagram values('UG52-51_6165','UG52-20040200','51-95','E87 120d   Luggage compartment clamping belts','');
insert into Diagram values('UG52-51_6213','UG52-20040200','51-95','E87 120d   Carbon fiber package','');
insert into Diagram values('UG52-51_6283','UG52-20040200','51-95','E87 120d   Load compartment protective cover','');
insert into Diagram values('UG52-51_6477','UG52-20040200','51-95','E87 120d   Key fob','');
insert into Diagram values('UG52-51_6639','UG52-20040200','51-95','E87 120d   Protective loading edge mat','');
insert into DiagramParts values('UG52-51_6669-51479171368', 'UG52-51_6669', 03, 'Velcro element with screw thread', 'D 62MM', 2, to_date('20070901','YYYYMMDD'), to_date('20110801','YYYYMMDD'), '51479171368', '$8.03', '', false);
insert into Diagram values('UG52-51_6669','UG52-20040200','51-95','E87 120d   Floor mats, velours','');
insert into Diagram values('UG52-51_6695','UG52-20040200','51-95','E87 120d   Storage net, footwell, front','');
insert into Diagram values('UG52-51_6696','UG52-20040200','51-95','E87 120d   Trunk room net','');
insert into Diagram values('UG52-51_6762','UG52-20040200','51-95','E87 120d   Retrofit f oddments tray instr. panel','');
insert into Diagram values('UG52-51_6770','UG52-20040200','51-95','E87 120d   FLOOR MATS CITY','');
insert into Diagram values('UG52-51_6778','UG52-20040200','51-95','E87 120d   BMW Performance strut tower brace carbon','');
insert into Diagram values('UG52-51_6803','UG52-20040200','51-95','E87 120d   Impact guard strips, side','');
insert into Diagram values('UG52-51_6850','UG52-20040200','51-95','E87 120d   Retrofit kit, M rocker panel trim','');
insert into Diagram values('UG52-51_6885','UG52-20040200','51-95','E87 120d   Aerodynamics package','');
insert into Diagram values('UG52-51_6963','UG52-20040200','51-95','E87 120d   Interior moldings Carbon','');
insert into Diagram values('UG52-51_6973','UG52-20040200','51-95','E87 120d   BMW Performance side stripes','');
insert into Diagram values('UG52-51_6977','UG52-20040200','51-95','E87 120d   Boot/trunk floor net','');
insert into Diagram values('UG52-51_6992','UG52-20040200','51-95','E87 120d   BMW Performance Aerodynamics, front','');
insert into Diagram values('UG52-51_6993','UG52-20040200','51-95','E87 120d   BMW Performance Aerodynamics','');
insert into Diagram values('UG52-51_6996','UG52-20040200','51-95','E87 120d   BMW Performance Aerodynamics, rocker','');
insert into Diagram values('UG52-51_7021','UG52-20040200','51-95','E87 120d   Retrofit snap-on drink holder','');
insert into Diagram values('UG52-51_7048','UG52-20040200','51-95','E87 120d   BMW Performance Aerodynamics, rear','');
insert into Diagram values('UG52-51_7061','UG52-20040200','51-95','E87 120d   Non-skid mat','');
insert into Diagram values('UG52-51_7142','UG52-20040200','51-95','E87 120d   BMW Performance Aluminum footrest','');
insert into Diagram values('UG52-51_7146','UG52-20040200','51-95','E87 120d   BMW Performance Interior moldings Carbon','');
insert into Diagram values('UG52-51_7152','UG52-20040200','51-95','E87 120d   BMW Performance strut tower brace, alu','');
insert into Diagram values('UG52-51_7191','UG52-20040200','51-95','E87 120d   Retrofit trim grill','');
insert into Diagram values('UG52-51_7224','UG52-20040200','51-95','E87 120d   BMW Performance door sill moldings','');
insert into Diagram values('UG52-51_7236','UG52-20040200','51-95','E87 120d   Footmat update','');
insert into Diagram values('UG52-51_7515','UG52-20040200','51-95','E87 120d   Dog Guard','');
insert into Diagram values('UG52-51_7713','UG52-20040200','51-95','E87 120d   Multifunct.lugg.compartm.mat w.fold.cont','');
insert into Diagram values('UG52-51_8051','UG52-20040200','51-95','E87 120d   First-aid kit, universal','');
insert into Diagram values('UG52-51_8522','UG52-20040200','51-95','E87 120d   Travel & Comfort System','');
insert into Diagram values('UG52-52_3086','UG52-20040200','52-10','E87 120d   Seat, front, head restraint','');
insert into DiagramParts values('UG52-52_3087-52106970532', 'UG52-52_3087', 04, 'COVER BACKREST CLOTH RIGHT', 'ANTHRAZIT', 1, to_date('20050901','YYYYMMDD'), to_date('20080901','YYYYMMDD'), '52106970532', '', '', false);
insert into DiagramParts values('UG52-52_3087-52106970534', 'UG52-52_3087', 04, 'COVER BACKREST CLOTH RIGHT', 'MONACOBLAU', 1, to_date('20050901','YYYYMMDD'), to_date('20080901','YYYYMMDD'), '52106970534', '', '', false);
insert into DiagramParts values('UG52-52_3087-52106970536', 'UG52-52_3087', 04, 'COVER BACKREST CLOTH RIGHT', 'NAUTILUSGRAU', 1, to_date('20050901','YYYYMMDD'), to_date('20080901','YYYYMMDD'), '52106970536', '', '', false);
insert into Diagram values('UG52-52_3087','UG52-20040200','52-10','E87 120d   Seat front, upholstery & cover base seat','');
insert into DiagramParts values('UG52-52_3088-52106955940', 'UG52-52_3088', 05, 'COVER BACKREST CLOTH RIGHT', 'ANTHRAZIT', 1, to_date('20050901','YYYYMMDD'), to_date('20061001','YYYYMMDD'), '52106955940', '', '', false);
insert into DiagramParts values('UG52-52_3088-52106955939', 'UG52-52_3088', 05, 'COVER BACKREST CLOTH LEFT', 'ANTHRAZIT', 1, to_date('20061001','YYYYMMDD'), to_date('20080901','YYYYMMDD'), '52106955939', '', '', false);
insert into DiagramParts values('UG52-52_3088-52106955942', 'UG52-52_3088', 05, 'COVER BACKREST CLOTH RIGHT', 'MONACOBLAU', 1, to_date('20050901','YYYYMMDD'), to_date('20061001','YYYYMMDD'), '52106955942', '', '', false);
insert into DiagramParts values('UG52-52_3088-52106955941', 'UG52-52_3088', 05, 'COVER BACKREST CLOTH LEFT', 'MONACOBLAU', 1, to_date('20061001','YYYYMMDD'), to_date('20080901','YYYYMMDD'), '52106955941', '', '', false);
insert into DiagramParts values('UG52-52_3088-52106955944', 'UG52-52_3088', 05, 'COVER BACKREST CLOTH RIGHT', 'NAUTILUSGRAU', 1, to_date('20050901','YYYYMMDD'), to_date('20061001','YYYYMMDD'), '52106955944', '', '', false);
insert into DiagramParts values('UG52-52_3088-52108036202', 'UG52-52_3088', 05, 'Cover backrest cloth/Imitat. leather,rig', 'SCHWARZ', 1, to_date('20050901','YYYYMMDD'), to_date('20061001','YYYYMMDD'), '52108036202', '', '', false);
insert into DiagramParts values('UG52-52_3088-52108036201', 'UG52-52_3088', 05, 'Cover backrest cloth/Imitat. leather,lft', 'SCHWARZ', 1, to_date('20061001','YYYYMMDD'), to_date('20070301','YYYYMMDD'), '52108036201', '', '', false);
insert into DiagramParts values('UG52-52_3088-52108039533', 'UG52-52_3088', 05, 'Cover backrest cloth/Imitat. leather,lft', 'SCHWARZ', 1, to_date('20070301','YYYYMMDD'), to_date('20080901','YYYYMMDD'), '52108039533', '', '', false);
insert into DiagramParts values('UG52-52_3088-52108039534', 'UG52-52_3088', 05, 'Cover backrest cloth/Imitat. leather,rig', 'SCHWARZ', 1, to_date('20070301','YYYYMMDD'), to_date('20080901','YYYYMMDD'), '52108039534', '', '', false);
insert into Diagram values('UG52-52_3088','UG52-20040200','52-10','E87 120d   Seat, front, uphlstry, cover, Sport seat','');
insert into Diagram values('UG52-52_3092','UG52-20040200','52-10','E87 120d   FRONT SEAT BACKREST FRAME/REAR PANEL','');
insert into Diagram values('UG52-52_3093','UG52-20040200','52-10','E87 120d   FRONT SEAT RAIL MECHANICAL/SINGLE PARTS','');
insert into DiagramParts values('UG52-52_3094-52106979627', 'UG52-52_3094', 12, 'Cover, belt catch left', 'NAUTILUSGRAU', 1, to_date('20050501','YYYYMMDD'), to_date('20070301','YYYYMMDD'), '52106979627', '', '', false);
insert into DiagramParts values('UG52-52_3094-52106979628', 'UG52-52_3094', 12, 'Cover, belt catch right', 'NAUTILUSGRAU', 1, to_date('20050501','YYYYMMDD'), to_date('20070301','YYYYMMDD'), '52106979628', '', '', false);
insert into Diagram values('UG52-52_3094','UG52-20040200','52-10','E87 120d   FRONT SEAT RAIL ELECTRICAL/SINGLE PARTS','');
insert into Diagram values('UG52-52_3125','UG52-20040200','52-10','E87 120d   Seat, front, lumbar','');
insert into Diagram values('UG52-52_3468','UG52-20040200','52-10','E87 120d   BMW Performance Sport Seat','');
insert into Diagram values('UG52-52_3541','UG52-20040200','52-10','E87 120d   Seat, front, electrical and motors','');
insert into Diagram values('UG52-52_3074','UG52-20040200','52-20','E87 120d   Rear seat head restraint','');
insert into Diagram values('UG52-52_3075','UG52-20040200','52-20','E87 120d   Seat, rear, head restraint, center','');
insert into Diagram values('UG52-52_3077','UG52-20040200','52-20','E87 120d   Seat, rear, uphlstry/cover, load-through','');
insert into Diagram values('UG52-52_3078','UG52-20040200','52-20','E87 120d   Seat, rear, seat frame, load-through','');
insert into Diagram values('UG52-52_3082','UG52-20040200','52-20','E87 120d   Rear seat ski bag','');
insert into Diagram values('UG52-52_3172','UG52-20040200','52-20','E87 120d   Retrofitting rear folding head restraint','');
insert into Diagram values('UG52-52_3212','UG52-20040200','52-20','E87 120d   Seat, rear, backrest trim covers','');
insert into Diagram values('UG52-52_3079','UG52-20040200','52-60','E87 120d   Cover material, running meter','');
insert into Diagram values('UG52-52_3713','UG52-20040200','52-65','E87 120d   Seat heating','');
insert into Diagram values('UG52-52_2913','UG52-20040200','52-95','E87 120d   Lambskin seat cover','');
insert into Diagram values('UG52-52_3015','UG52-20040200','52-95','E87 120d   UNIVERSAL PRODECTIVE REAR COVER','');
insert into Diagram values('UG52-52_3043','UG52-20040200','52-95','E87 120d   Belt holder','');
insert into Diagram values('UG52-52_3175','UG52-20040200','52-95','E87 120d   INSTALLING SET HEATED SEAT FRONT','');
insert into Diagram values('UG52-52_3196','UG52-20040200','52-95','E87 120d   Retrofit, net bag at seat backrest','');
insert into Diagram values('UG52-52_3199','UG52-20040200','52-95','E87 120d   Fire extinguisher','');
insert into Diagram values('UG52-52_3269','UG52-20040200','52-95','E87 120d   Seat-back storage pocket','');
insert into Diagram values('UG52-52_3435','UG52-20040200','52-95','E87 120d   Retrofitting rear folding head restraint','');
insert into Diagram values('UG52-52_3792','UG52-20040200','52-95','E87 120d   Fire extinguisher','');
insert into Diagram values('UG52-54_0341','UG52-20040200','54-05','E87 120d   SLID.LIFT. ROOF-COVER/CEILING FRAME','');
insert into Diagram values('UG52-61_1942','UG52-20040200','61-05','E87 120d   Main wiring harness, duplicate','');
insert into Diagram values('UG52-61_2028','UG52-20040200','61-05','E87 120d   Main wiring harness','');
insert into Diagram values('UG52-61_2195','UG52-20040200','61-05','E87 120d   Repair cable main cable harness','');
insert into Diagram values('UG52-61_2237','UG52-20040200','61-05','E87 120d   Main wiring harness','');
insert into Diagram values('UG52-61_2286','UG52-20040200','61-05','E87 120d   Main wiring harness','');
insert into Diagram values('UG52-61_1822','UG52-20040200','61-10','E87 120d   Cable-yarded material','');
insert into Diagram values('UG52-61_1861','UG52-20040200','61-10','E87 120d   VARIOUS ADDITIONAL WIRING SETS','');
insert into Diagram values('UG52-61_1863','UG52-20040200','61-10','E87 120d   DOOR CABLE HARNESSES','');
insert into Diagram values('UG52-61_1864','UG52-20040200','61-10','E87 120d   Wiring harness, instrument panel','');
insert into Diagram values('UG52-61_1868','UG52-20040200','61-10','E87 120d   Wiring set seat','');
insert into Diagram values('UG52-61_1869','UG52-20040200','61-10','E87 120d   Repair cable, airbag','');
insert into Diagram values('UG52-61_2567','UG52-20040200','61-10','E87 120d   Rep. wire for B+','');
insert into Diagram values('UG52-61_1280','UG52-20040200','61-15','E87 120d   Plug terminal ELO not waterproof','');
insert into Diagram values('UG52-61_1296','UG52-20040200','61-15','E87 120d   Circular connector / D 2,5 mm System','');
insert into Diagram values('UG52-61_1559','UG52-20040200','61-15','E87 120d   PLUG-IN CONNECTION BRACKET','');
insert into Diagram values('UG52-61_1578','UG52-20040200','61-15','E87 120d   Repair parts, optical fibre cable','');
insert into Diagram values('UG52-61_1691','UG52-20040200','61-15','E87 120d   Pin contacts ELO','');
insert into Diagram values('UG52-61_1711','UG52-20040200','61-15','E87 120d   Cable tie','');
insert into Diagram values('UG52-61_1754','UG52-20040200','61-15','E87 120d   Plug terminal ELO-Power','');
insert into Diagram values('UG52-61_1764','UG52-20040200','61-15','E87 120d   Diagnosis plug','');
insert into Diagram values('UG52-61_1765','UG52-20040200','61-15','E87 120d   Various cable terminals','');
insert into Diagram values('UG52-61_1865','UG52-20040200','61-15','E87 120d   VARIOUS CABLE HOLDERS','');
insert into Diagram values('UG52-61_1896','UG52-20040200','61-15','E87 120d   VARIOUS CABLE HOLDERS','');
insert into Diagram values('UG52-61_1970','UG52-20040200','61-15','E87 120d   Cable guide','');
insert into Diagram values('UG52-61_1996','UG52-20040200','61-15','E87 120d   Various cable grommets','');
insert into Diagram values('UG52-61_2063','UG52-20040200','61-15','E87 120d   Comb type connector','');
insert into Diagram values('UG52-61_2068','UG52-20040200','61-15','E87 120d   Contact system LSK8','');
insert into Diagram values('UG52-61_2107','UG52-20040200','61-15','E87 120d   Various parts, wiring harness repair','');
insert into Diagram values('UG52-61_2156','UG52-20040200','61-15','E87 120d   Double leaf spring contact','');
insert into Diagram values('UG52-61_2216','UG52-20040200','61-15','E87 120d   Terminal system MCON','');
insert into Diagram values('UG52-61_2217','UG52-20040200','61-15','E87 120d   Contact system MQS','');
insert into Diagram values('UG52-61_2268','UG52-20040200','61-15','E87 120d   Contact system MAK8','');
insert into Diagram values('UG52-61_2292','UG52-20040200','61-15','E87 120d   SLK socket contact','');
insert into Diagram values('UG52-61_2293','UG52-20040200','61-15','E87 120d   Contact system blade terminal MDK4 2.8','');
insert into Diagram values('UG52-61_2310','UG52-20040200','61-15','E87 120d   Plug housing for antenna cable, FAKRA','');
insert into Diagram values('UG52-61_2452','UG52-20040200','61-15','E87 120d   Round plug system D 1.5 mm','');
insert into Diagram values('UG52-61_2521','UG52-20040200','61-15','E87 120d   Socket housing MQS','');
insert into Diagram values('UG52-61_2638','UG52-20040200','61-15','E87 120d   Repair parts, coaxial cable contacts','');
insert into Diagram values('UG52-61_2680','UG52-20040200','61-15','E87 120d   Repair parts, coaxial cable housing','');
insert into Diagram values('UG52-61_1710','UG52-20040200','61-20','E87 120d   Fuses / sign with fuse allocat. diagr.','');
insert into Diagram values('UG52-61_1862','UG52-20040200','61-20','E87 120d   Individual parts, power distributor, fr.','');
insert into Diagram values('UG52-61_1718','UG52-20040200','61-25','E87 120d   Control unit/antennas passive access','');
insert into Diagram values('UG52-61_1847','UG52-20040200','61-25','E87 120d   BRACKET F BODY CONTROL UNITS AND MODULES','');
insert into Diagram values('UG52-61_2093','UG52-20040200','61-25','E87 120d   Control unit Junctionbox Elektronik','');
insert into Diagram values('UG52-61_2094','UG52-20040200','61-25','E87 120d   Control unit, footwell module','');
insert into DiagramParts values('UG52-61_2095-61356943766', 'UG52-61_2095', 01, 'Control unit CAS', 'CAS2', 1, to_date('20041201','YYYYMMDD'), to_date('20060901','YYYYMMDD'), '61356943766', '', 'ENDED', false);
insert into DiagramParts values('UG52-61_2095-61356964051', 'UG52-61_2095', 01, 'Control unit CAS', 'CAS2', 1, to_date('20041201','YYYYMMDD'), to_date('20060901','YYYYMMDD'), '61356964051', '', 'ENDED', false);
insert into DiagramParts values('UG52-61_2095-61356943771', 'UG52-61_2095', 01, 'Control unit CAS', 'CAS2', 1, to_date('20041201','YYYYMMDD'), to_date('20060901','YYYYMMDD'), '61356943771', '', 'ENDED', false);
insert into DiagramParts values('UG52-61_2095-61356981416', 'UG52-61_2095', 01, 'Control unit CAS', 'CAS2', 1, to_date('20041201','YYYYMMDD'), to_date('20060901','YYYYMMDD'), '61356981416', '', 'ENDED', false);
insert into DiagramParts values('UG52-61_2095-61356943791', 'UG52-61_2095', 01, 'Control unit CAS', 'CAS2', 1, to_date('20041201','YYYYMMDD'), to_date('20060901','YYYYMMDD'), '61356943791', '', 'ENDED', false);
insert into DiagramParts values('UG52-61_2095-61356943797', 'UG52-61_2095', 01, 'Control unit CAS', 'CAS2', 1, to_date('20041201','YYYYMMDD'), to_date('20060901','YYYYMMDD'), '61356943797', '', 'ENDED', false);
insert into DiagramParts values('UG52-61_2095-61356943814', 'UG52-61_2095', 01, 'Control unit CAS', 'CAS3', 1, to_date('20041201','YYYYMMDD'), to_date('20060901','YYYYMMDD'), '61356943814', '', 'ENDED', false);
insert into DiagramParts values('UG52-61_2095-61356943830', 'UG52-61_2095', 01, 'Control unit CAS', 'CAS3', 1, to_date('20041201','YYYYMMDD'), to_date('20070301','YYYYMMDD'), '61356943830', '', 'ENDED', false);
insert into DiagramParts values('UG52-61_2095-61356943834', 'UG52-61_2095', 01, 'Control unit CAS', 'CAS3', 1, to_date('20041201','YYYYMMDD'), to_date('20090301','YYYYMMDD'), '61356943834', '', 'ENDED', false);
insert into DiagramParts values('UG52-61_2095-61359147184', 'UG52-61_2095', 01, 'Control unit CAS', 'CAS3', 1, to_date('20041201','YYYYMMDD'), to_date('20090301','YYYYMMDD'), '61359147184', '', 'ENDED', false);
insert into DiagramParts values('UG52-61_2095-61359147195', 'UG52-61_2095', 01, 'Control unit CAS', 'CAS3', 1, to_date('20041201','YYYYMMDD'), to_date('20090301','YYYYMMDD'), '61359147195', '', 'ENDED', false);
insert into DiagramParts values('UG52-61_2095-61359147196', 'UG52-61_2095', 01, 'Control unit CAS', 'CAS3', 1, to_date('20041201','YYYYMMDD'), to_date('20090901','YYYYMMDD'), '61359147196', '', 'ENDED', false);
insert into DiagramParts values('UG52-61_2095-61359147212', 'UG52-61_2095', 01, 'Control unit CAS', 'CAS3', 1, to_date('20041201','YYYYMMDD'), to_date('20090901','YYYYMMDD'), '61359147212', '', 'ENDED', false);
insert into DiagramParts values('UG52-61_2095-61359147220', 'UG52-61_2095', 01, 'Control unit CAS', 'CAS3', 1, to_date('20041201','YYYYMMDD'), to_date('20090901','YYYYMMDD'), '61359147220', '', 'ENDED', false);
insert into DiagramParts values('UG52-61_2095-61359147221', 'UG52-61_2095', 01, 'Control unit CAS', 'CAS3', 1, to_date('20041201','YYYYMMDD'), to_date('20090901','YYYYMMDD'), '61359147221', '', 'ENDED', false);
insert into DiagramParts values('UG52-61_2095-61359147226', 'UG52-61_2095', 01, 'Control unit CAS', 'CAS3', 1, to_date('20041201','YYYYMMDD'), to_date('20090901','YYYYMMDD'), '61359147226', '', 'ENDED', false);
insert into DiagramParts values('UG52-61_2095-61359217853', 'UG52-61_2095', 01, 'Control unit CAS', 'CAS3', 1, to_date('20041201','YYYYMMDD'), to_date('20100301','YYYYMMDD'), '61359217853', '', 'ENDED', false);
insert into Diagram values('UG52-61_2095','UG52-20040200','61-25','E87 120d   Control unit CAS','');
insert into DiagramParts values('UG52-61_2096-61359221180', 'UG52-61_2096', 07, 'TRAILER TOWING MODUL', '4R', 1, to_date('20090301','YYYYMMDD'), to_date('20110301','YYYYMMDD'), '61359221180', '$203.91', '', false);
insert into DiagramParts values('UG52-61_2096-61359186177', 'UG52-61_2096', 07, 'TRAILER TOWING MODUL', '4R', 1, to_date('20060901','YYYYMMDD'), to_date('20090301','YYYYMMDD'), '61359186177', '', 'ENDED', false);
insert into Diagram values('UG52-61_2096','UG52-20040200','61-25','E87 120d   Control units/modules','');
insert into Diagram values('UG52-61_1859','UG52-20040200','61-30','E87 120d   B+ terminal point, engine compartment','');
insert into Diagram values('UG52-61_1860','UG52-20040200','61-30','E87 120d   Battery lead/distribution box, rear','');
insert into Diagram values('UG52-61_1948','UG52-20040200','61-30','E87 120d   battery holder and mounting parts','');
insert into Diagram values('UG52-61_1986','UG52-20040200','61-30','E87 120d   Original BMW battery (Warranty only)','');
insert into Diagram values('UG52-61_1839','UG52-20040200','61-35','E87 120d   Control element light','');
insert into Diagram values('UG52-61_1843','UG52-20040200','61-35','E87 120d   SWITCH WINDOW LIFTER','');
insert into Diagram values('UG52-61_1844','UG52-20040200','61-35','E87 120d   Switch unit roof','');
insert into Diagram values('UG52-61_1845','UG52-20040200','61-35','E87 120d   Seat adjustment switch, front','');
insert into Diagram values('UG52-61_1849','UG52-20040200','61-35','E87 120d   VARIOUS SWITCHES','');
insert into Diagram values('UG52-61_1880','UG52-20040200','61-35','E87 120d   Switch, Multifunction Sport/M st. wheel','');
insert into Diagram values('UG52-61_2050','UG52-20040200','61-35','E87 120d   Switch unit roof','');
insert into Diagram values('UG52-61_2128','UG52-20040200','61-35','E87 120d   Switch for brake, clutch','');
insert into Diagram values('UG52-61_2274','UG52-20040200','61-35','E87 120d   Switch unit, center console','');
insert into Diagram values('UG52-61_2281','UG52-20040200','61-35','E87 120d   Starter/Stop switch','');
insert into Diagram values('UG52-61_2282','UG52-20040200','61-35','E87 120d   Switch hazard warning/central lckng syst','');
insert into Diagram values('UG52-61_2322','UG52-20040200','61-35','E87 120d   Switch unit roof','');
insert into Diagram values('UG52-61_2480','UG52-20040200','61-35','E87 120d   Cigarette lighter / sockets','');
insert into Diagram values('UG52-61_2639','UG52-20040200','61-35','E87 120d   Shift paddles / Shift paddles','');
insert into Diagram values('UG52-61_2900','UG52-20040200','61-35','E87 120d   USB/AUX-IN socket','');
insert into Diagram values('UG52-61_2946','UG52-20040200','61-35','E87 120d   USB/AUX-IN socket','');
insert into Diagram values('UG52-61_3088','UG52-20040200','61-35','E87 120d   Switch unit steering column','');
insert into Diagram values('UG52-61_2857','UG52-20040200','61-40','E87 120d   Horn','');
insert into Diagram values('UG52-61_1854','UG52-20040200','61-45','E87 120d   SINGLE WIPER PARTS','');
insert into Diagram values('UG52-61_1856','UG52-20040200','61-45','E87 120d   SINGLE PARTS FOR REAR WINDOW WIPER','');
insert into Diagram values('UG52-61_1858','UG52-20040200','61-45','E87 120d   WIPER ARM/WIPER BLADE','');
insert into Diagram values('UG52-61_1876','UG52-20040200','61-45','E87 120d   SINGLE PARTS FOR HEAD LAMP CLEANING','');
insert into Diagram values('UG52-61_1877','UG52-20040200','61-45','E87 120d   FILLER PIPE FOR WASH CONTAINER','');
insert into Diagram values('UG52-61_1878','UG52-20040200','61-45','E87 120d   SINGLE PARTS FOR WINDSHIELD CLEANING','');
insert into Diagram values('UG52-61_1879','UG52-20040200','61-45','E87 120d   Reserv.,windshield/headlight washer syst','');
insert into Diagram values('UG52-61_2046','UG52-20040200','61-45','E87 120d   SINGLE PARTS FOR HEAD LAMP CLEANING','');
insert into Diagram values('UG52-61_1872','UG52-20040200','61-95','E87 120d   Retrofit kit, headlight cleaning system','');
insert into Diagram values('UG52-61_1974','UG52-20040200','61-95','E87 120d   Retrofit, passenger airbag shutoff','');
insert into Diagram values('UG52-61_2223','UG52-20040200','61-95','E87 120d   Suppression filter','');
insert into Diagram values('UG52-61_3026','UG52-20040200','61-95','E87 120d   Battery charger','');
insert into Diagram values('UG52-61_3244','UG52-20040200','61-95','E87 120d   Battery charger','');
insert into Diagram values('UG52-62_0471','UG52-20040200','62-05','E87 120d   Instrument cluster','');
insert into Diagram values('UG52-62_0561','UG52-20040200','62-95','E87 120d   Electronic log book','');
insert into Diagram values('UG52-63_0865','UG52-20040200','63-05','E87 120d   Headlight','');
insert into Diagram values('UG52-63_0874','UG52-20040200','63-05','E87 120d   Single components for headlight','');
insert into Diagram values('UG52-63_0875','UG52-20040200','63-05','E87 120d   Single parts, xenon headlight','');
insert into Diagram values('UG52-63_1067','UG52-20040200','63-05','E87 120d   SPARE BULBS BOX','');
insert into Diagram values('UG52-63_1363','UG52-20040200','63-05','E87 120d   BMW Performance Light','');
insert into Diagram values('UG52-63_1420','UG52-20040200','63-05','E87 120d   SPARE BULBS BOX','');
insert into Diagram values('UG52-63_0866','UG52-20040200','63-10','E87 120d   Additional turn indicator lamp','');
insert into Diagram values('UG52-63_0867','UG52-20040200','63-15','E87 120d   Fog lights','');
insert into Diagram values('UG52-63_0868','UG52-20040200','63-20','E87 120d   Rear light','');
insert into Diagram values('UG52-63_0869','UG52-20040200','63-25','E87 120d   Third stoplamp','');
insert into Diagram values('UG52-63_0870','UG52-20040200','63-30','E87 120d   VARIOUS LAMPS/SPARE BULBS BOX','');
insert into Diagram values('UG52-63_0871','UG52-20040200','63-30','E87 120d   Various lamps','');
insert into Diagram values('UG52-63_0904','UG52-20040200','63-95','E87 120d   INSTALLING SET FOG LAMPS','');
insert into Diagram values('UG52-63_0922','UG52-20040200','63-95','E87 120d   Install.kit, Xenon light','');
insert into Diagram values('UG52-63_0935','UG52-20040200','63-95','E87 120d   Retrofit kit rear light Black Line','');
insert into Diagram values('UG52-63_1050','UG52-20040200','63-95','E87 120d   Retrofit kit, tail lamps, Facelift LED','');
insert into Diagram values('UG52-63_1078','UG52-20040200','63-95','E87 120d   Retrofit kit cornering light','');
insert into Diagram values('UG52-63_1153','UG52-20040200','63-95','E87 120d   Flashlight, LED','');
insert into Diagram values('UG52-63_1289','UG52-20040200','63-95','E87 120d   Retrofit kit, LED daytime driving lights','');
insert into Diagram values('UG52-63_1322','UG52-20040200','63-95','E87 120d   LED interior light package','');
insert into Diagram values('UG52-63_1509','UG52-20040200','63-95','E87 120d   BMW LED luggage compartment lamp','');
insert into Diagram values('UG52-64_1440','UG52-20040200','64-05','E87 120d   AIR OUTLET','');
insert into Diagram values('UG52-64_1428','UG52-20040200','64-10','E87 120d   MICROFILTER/ACTIVATED CARBON CONTAINER','');
insert into Diagram values('UG52-64_1449','UG52-20040200','64-15','E87 120d   Heater radiator','');
insert into Diagram values('UG52-64_1774','UG52-20040200','64-15','E87 120d   Heater unit, Denso','');
insert into Diagram values('UG52-64_1778','UG52-20040200','64-15','E87 120d   Heater core up to 07/2006','');
insert into Diagram values('UG52-64_1779','UG52-20040200','64-15','E87 120d   Heater core from 07/2006 onward','');
insert into Diagram values('UG52-64_1780','UG52-20040200','64-15','E87 120d   Heater unit, Denso','');
insert into Diagram values('UG52-64_1781','UG52-20040200','64-15','E87 120d   Heater unit, Denso','');
insert into Diagram values('UG52-64_1446','UG52-20040200','64-18','E87 120d   Additional water pump/Water hose','');
insert into Diagram values('UG52-64_1442','UG52-20040200','64-20','E87 120d   HEATER CONTROL','');
insert into Diagram values('UG52-64_1443','UG52-20040200','64-20','E87 120d   Automatic air conditioning control','');
insert into Diagram values('UG52-64_1445','UG52-20040200','64-20','E87 120d   Air Conditioning Control','');
insert into Diagram values('UG52-64_1439','UG52-20040200','64-30','E87 120d   Evaporator / Expansion valve','');
insert into Diagram values('UG52-64_1451','UG52-20040200','64-35','E87 120d   Housing parts heater and air cond. Denso','');
insert into Diagram values('UG52-64_1452','UG52-20040200','64-35','E87 120d   Housing parts aut.air conditioning Valeo','');
insert into Diagram values('UG52-64_1455','UG52-20040200','64-35','E87 120d   Housing parts aut.air conditioning Denso','');
insert into Diagram values('UG52-64_1453','UG52-20040200','64-40','E87 120d   ELECTRIC PARTS FOR HEATER','');
insert into Diagram values('UG52-64_1454','UG52-20040200','64-40','E87 120d   ELECTRIC PARTS FOR AC UNIT','');
insert into Diagram values('UG52-64_1433','UG52-20040200','64-45','E87 120d   SENSOR F. AUC','');
insert into Diagram values('UG52-64_1434','UG52-20040200','64-45','E87 120d   Solar sensor','');
insert into Diagram values('UG52-64_1438','UG52-20040200','64-45','E87 120d   Condensation sensor','');
insert into Diagram values('UG52-64_1447','UG52-20040200','64-50','E87 120d   Air-conditioner compressor','');
insert into Diagram values('UG52-64_1429','UG52-20040200','64-55','E87 120d   Condenser air conditioning','');
insert into Diagram values('UG52-64_1431','UG52-20040200','64-60','E87 120d   Coolant lines','');
insert into Diagram values('UG52-64_1575','UG52-20040200','64-65','E87 120d   Spare parts,aux.heater,Opt.Eqmt/Accessor','');
insert into Diagram values('UG52-64_1319','UG52-20040200','64-95','E87 120d   Labels independent heating','');
insert into Diagram values('UG52-64_1444','UG52-20040200','64-95','E87 120d   INSTALLING SET AUTOMATIC AIR CONDITIONER','');
insert into Diagram values('UG52-64_1573','UG52-20040200','64-95','E87 120d   Install.kit, independent heater','');
insert into Diagram values('UG52-64_1855','UG52-20040200','64-95','E87 120d   Accessori e postmontaggi','');
insert into Diagram values('UG52-64_1441','UG52-20040200','64-99','E87 120d   DIVERSE SMALL PARTS','');
insert into Diagram values('UG52-65_0207','UG52-20040200','65-05','E87 120d   Earth strap for engine hood','');
insert into Diagram values('UG52-65_1472','UG52-20040200','65-05','E87 120d   Radio BMW Audio','');
insert into Diagram values('UG52-65_1473','UG52-20040200','65-05','E87 120d   Radio BMW Business CD','');
insert into DiagramParts values('UG52-65_1474-65129231059', 'UG52-65_1474', 02, 'Rotary knob', 'CHROM', 2, to_date('20100501','YYYYMMDD'), to_date('20100901','YYYYMMDD'), '65129231059', '', '', false);
insert into Diagram values('UG52-65_1474','UG52-20040200','65-05','E87 120d   Radio BMW Professional CD','');
insert into Diagram values('UG52-65_1475','UG52-20040200','65-05','E87 120d   Radio BMW Professional MD','');
insert into Diagram values('UG52-65_1476','UG52-20040200','65-05','E87 120d   M-Audio system controller','');
insert into Diagram values('UG52-65_1585','UG52-20040200','65-05','E87 120d   DAB tuner','');
insert into Diagram values('UG52-65_2440','UG52-20040200','65-05','E87 120d   DAB Retrofit','');
insert into Diagram values('UG52-65_1786','UG52-20040200','65-07','E87 120d   Auxiliary connection cable','');
insert into Diagram values('UG52-65_1471','UG52-20040200','65-10','E87 120d   CD Changer/Bracket','');
insert into DiagramParts values('UG52-65_1483-65136954877', 'UG52-65_1483', 01, 'Central bass, left', 'TOP-HIFI-SYSTEM', 1, to_date('20040801','YYYYMMDD'), to_date('20070301','YYYYMMDD'), '65136954877', '', 'ENDED', false);
insert into DiagramParts values('UG52-65_1483-65136954875', 'UG52-65_1483', 01, 'Central bass, left', 'HIFI-SYSTEM', 1, to_date('20040801','YYYYMMDD'), to_date('20070301','YYYYMMDD'), '65136954875', '', 'ENDED', false);
insert into DiagramParts values('UG52-65_1483-65136954871', 'UG52-65_1483', 01, 'Central bass, left', 'STEREO-SYSTEM', 1, to_date('20040801','YYYYMMDD'), to_date('20070301','YYYYMMDD'), '65136954871', '', 'ENDED', false);
insert into DiagramParts values('UG52-65_1483-65139143233', 'UG52-65_1483', 01, 'Central bass, left', 'STEREO-SYSTEM', 1, to_date('20040801','YYYYMMDD'), to_date('20090301','YYYYMMDD'), '65139143233', '', 'ENDED', false);
insert into DiagramParts values('UG52-65_1483-65139192461', 'UG52-65_1483', 01, 'Central bass, left', 'STEREO-SYSTEM', 1, to_date('20040801','YYYYMMDD'), to_date('20091101','YYYYMMDD'), '65139192461', '', 'ENDED', false);
insert into Diagram values('UG52-65_1483','UG52-20040200','65-20','E87 120d   Components central bass','');
insert into Diagram values('UG52-65_1484','UG52-20040200','65-20','E87 120d   SINGLE PARTS F FRONT DOOR LOUDSPEAKER','');
insert into Diagram values('UG52-65_1485','UG52-20040200','65-20','E87 120d   SINGLE PARTS F REAR HELF LOUDSPEAKER','');
insert into Diagram values('UG52-65_1489','UG52-20040200','65-22','E87 120d   Audio wiring harness','');
insert into Diagram values('UG52-65_1534','UG52-20040200','65-22','E87 120d   Universal aerial cable','');
insert into Diagram values('UG52-65_1469','UG52-20040200','65-25','E87 120d   amplifier / holder hifi system','');
insert into Diagram values('UG52-65_1470','UG52-20040200','65-25','E87 120d   Amplifier HiFi Prof. / Harman Kardon','');
insert into DiagramParts values('UG52-65_1486-07146961863', 'UG52-65_1486', 07, 'Sheet metal screw', 'ISA M5X12', 2, to_date('20060901','YYYYMMDD'), to_date('20070701','YYYYMMDD'), '07146961863', '', 'ENDED', false);
insert into Diagram values('UG52-65_1486','UG52-20040200','65-30','E87 120d   SINGLE PARTS F ANTENNA','');
insert into Diagram values('UG52-65_1788','UG52-20040200','65-30','E87 120d   Rod antenna SPORT','');
insert into Diagram values('UG52-65_1498','UG52-20040200','65-45','E87 120d   Controller','');
insert into Diagram values('UG52-65_1499','UG52-20040200','65-45','E87 120d   CCC CD','');
insert into Diagram values('UG52-65_1500','UG52-20040200','65-45','E87 120d   CCC MD/CD','');
insert into Diagram values('UG52-65_1501','UG52-20040200','65-45','E87 120d   Central information display','');
insert into Diagram values('UG52-65_1503','UG52-20040200','65-45','E87 120d   Single parts CCC','');
insert into Diagram values('UG52-65_1504','UG52-20040200','65-45','E87 120d   Coolant hose, CCC / CIC / MASK','');
insert into DiagramParts values('UG52-65_1724-65909112341', 'UG52-65_1724', 01, 'FSC JNav map 2007-1 initialization', 'ASAP', 1, to_date('20070301','YYYYMMDD'), to_date('20070901','YYYYMMDD'), '65909112341', '', 'ENDED', false);
insert into Diagram values('UG52-65_1724','UG52-20040200','65-50','E87 120d   Enable code for Japanese navigation','');
insert into Diagram values('UG52-65_1829','UG52-20040200','65-50','E87 120d   Bracket for Asian Navigation','');
insert into Diagram values('UG52-65_1976','UG52-20040200','65-50','E87 120d   DVD street map Navigation Option 609','');
insert into Diagram values('UG52-65_1978','UG52-20040200','65-50','E87 120d   DVD street map Navigation Option 606','');
insert into Diagram values('UG52-65_1487','UG52-20040200','65-60','E87 120d   Alarm systems','');
insert into Diagram values('UG52-65_1488','UG52-20040200','65-65','E87 120d   Electric parts for airbag','');
insert into Diagram values('UG52-65_1468','UG52-20040200','65-70','E87 120d   Temperature sensor','');
insert into Diagram values('UG52-65_1249','UG52-20040200','65-95','E87 120d   Retrofit kit, BMW Online','');
insert into Diagram values('UG52-65_1344','UG52-20040200','65-95','E87 120d   Replacement parts for radio navigation','');
insert into Diagram values('UG52-65_1513','UG52-20040200','65-95','E87 120d   Retrofit, CD changer','');
insert into Diagram values('UG52-65_1537','UG52-20040200','65-95','E87 120d   INSTALLATION KIT ALARM SYSTEM','');
insert into Diagram values('UG52-65_1541','UG52-20040200','65-95','E87 120d   Replacement parts for radio navigation','');
insert into Diagram values('UG52-65_1658','UG52-20040200','65-95','E87 120d   DVB-T Set-top box','');
insert into Diagram values('UG52-65_1814','UG52-20040200','65-95','E87 120d   Retrofit kit USB/iPod connection','');
insert into Diagram values('UG52-65_1825','UG52-20040200','65-95','E87 120d   iPod connection retrofit kit','');
insert into Diagram values('UG52-65_1894','UG52-20040200','65-95','E87 120d   Hifi system, Alpine','');
insert into Diagram values('UG52-65_1901','UG52-20040200','65-95','E87 120d   Navigation Portable Plus/Pro/HD Traffic','');
insert into Diagram values('UG52-65_1902','UG52-20040200','65-95','E87 120d   GPS, portable, street map','');
insert into Diagram values('UG52-65_1903','UG52-20040200','65-95','E87 120d   iPod connection retrofit kit','');
insert into Diagram values('UG52-65_1924','UG52-20040200','65-95','E87 120d   Navigation Portable accessories','');
insert into Diagram values('UG52-65_1989','UG52-20040200','65-95','E87 120d   Tracking Products','');
insert into Diagram values('UG52-65_2038','UG52-20040200','65-95','E87 120d   DVD system Tablet','');
insert into Diagram values('UG52-65_2079','UG52-20040200','65-95','E87 120d   Smartnav','');
insert into Diagram values('UG52-65_2271','UG52-20040200','65-95','E87 120d   Charger adapter for Apple iPod / iPhone','');
insert into Diagram values('UG52-65_2422','UG52-20040200','65-95','E87 120d   Cable adapter for Apple iPod / iPhone','');
insert into Diagram values('UG52-65_2434','UG52-20040200','65-95','E87 120d   DVD System Tablet Single','');
insert into Diagram values('UG52-65_2515','UG52-20040200','65-95','E87 120d   Navigation &apos;Portable&apos; with Design holder','');
insert into Diagram values('UG52-65_2520','UG52-20040200','65-95','E87 120d   BMW USB charger','');
insert into Diagram values('UG52-65_2522','UG52-20040200','65-95','E87 120d   Cable adapter, devices with Micro USB','');
insert into Diagram values('UG52-66_0114','UG52-20040200','66-05','E87 120d   Ignition lock of remote control','');
insert into Diagram values('UG52-66_0115','UG52-20040200','66-05','E87 120d   Park Distance Control (PDC)','');
insert into Diagram values('UG52-66_0229','UG52-20040200','66-05','E87 120d   Ultrasonic-sensor','');
insert into Diagram values('UG52-66_0110','UG52-20040200','66-95','E87 120d   Retrofit kit PDC II','');
insert into Diagram values('UG52-66_0120','UG52-20040200','66-95','E87 120d   Retrofit kit PDC, rear','');
insert into Diagram values('UG52-66_0121','UG52-20040200','66-95','E87 120d   Retrofit kit PDC, front and rear','');
insert into Diagram values('UG52-66_0122','UG52-20040200','66-95','E87 120d   Front PDC upgrade','');
insert into Diagram values('UG52-66_0128','UG52-20040200','66-95','E87 120d   Dynamic cruise control retrofit','');
insert into Diagram values('UG52-66_0130','UG52-20040200','66-95','E87 120d   Retrofit multi-functional steering wheel','');
insert into Diagram values('UG52-66_0188','UG52-20040200','66-95','E87 120d   Park Distance Control universale sonoro','');
insert into Diagram values('UG52-71_0385','UG52-20040200','71-03','E87 120d   LABEL "TIRE PRESSURE"','');
insert into Diagram values('UG52-71_0537','UG52-20040200','71-03','E87 120d   Various notice stickers','');
insert into Diagram values('UG52-71_0568','UG52-20040200','71-03','E87 120d   Instruction notice, Airbag','');
insert into Diagram values('UG52-71_0619','UG52-20040200','71-03','E87 120d   Label, coolant','');
insert into Diagram values('UG52-71_0388','UG52-20040200','71-05','E87 120d   Warning triangle/First aid kit/-cushion','');
insert into Diagram values('UG52-71_0389','UG52-20040200','71-05','E87 120d   Car tool','');
insert into Diagram values('UG52-71_0717','UG52-20040200','71-05','E87 120d   Set of lifting jack','');
insert into Diagram values('UG52-71_0338','UG52-20040200','71-10','E87 120d   electric parts, towing hitch','');
insert into Diagram values('UG52-71_0396','UG52-20040200','71-10','E87 120d   Towing hitch, detachable','');
insert into Diagram values('UG52-71_0384','UG52-20040200','71-95','E87 120d   Retrofit kit, towing hitch','');
insert into Diagram values('UG52-71_0400','UG52-20040200','71-95','E87 120d   Set of lifting jack','');
insert into Diagram values('UG52-71_0434','UG52-20040200','71-95','E87 120d   Tire Mobility Set','');
insert into Diagram values('UG52-71_0494','UG52-20040200','71-95','E87 120d   Retrofit kit, towing hitch','');
insert into Diagram values('UG52-71_0513','UG52-20040200','71-95','E87 120d   Twin electrics, caravan leads','');
insert into Diagram values('UG52-72_0524','UG52-20040200','72-03','E87 120d   Air bag','');
insert into Diagram values('UG52-72_0521','UG52-20040200','72-05','E87 120d   Safety belt front','');
insert into Diagram values('UG52-72_0522','UG52-20040200','72-05','E87 120d   FRONT SAFETY BELT MOUNTING PARTS','');
insert into Diagram values('UG52-72_0523','UG52-20040200','72-05','E87 120d   SAFETY BELT REAR','');
insert into Diagram values('UG52-72_0461','UG52-20040200','72-95','E87 120d   Storage compartment module','');
insert into Diagram values('UG52-72_0462','UG52-20040200','72-95','E87 120d   Cup holder-module','');
insert into Diagram values('UG52-72_0591','UG52-20040200','72-95','E87 120d   Tow bar','');
insert into Diagram values('UG52-72_0598','UG52-20040200','72-95','E87 120d   TOW ROPE','');
insert into Diagram values('UG52-72_0603','UG52-20040200','72-95','E87 120d   Fire extinguisher','');
insert into Diagram values('UG52-72_0744','UG52-20040200','72-95','E87 120d   Emergency bag','');
insert into Diagram values('UG52-36_0938','UG52-20040200','82-14','E87 120d   Snow chains','');
insert into Diagram values('UG52-82_1073','UG52-20040200','82-26','E87 120d   Universal coat hanger','');
insert into Diagram values('UG52-82_1261','UG52-20040200','82-26','E87 120d   Clean Bag','');
insert into Diagram values('UG52-82_1308','UG52-20040200','82-26','E87 120d   Shoe case','');
insert into Diagram values('UG52-82_1309','UG52-20040200','82-26','E87 120d   Multimedia case','');
insert into Diagram values('UG52-82_1311','UG52-20040200','82-26','E87 120d   Driver utility set','');
insert into Diagram values('UG52-82_1171','UG52-20040200','82-31','E87 120d   BMW buggy chrome-marine with accessories','');
insert into Diagram values('UG52-82_1181','UG52-20040200','82-31','E87 120d   BMW Junior Seat I-II','');
insert into Diagram values('UG52-82_1186','UG52-20040200','82-31','E87 120d   BMW Baby Seat 0+','');
insert into Diagram values('UG52-82_1187','UG52-20040200','82-31','E87 120d   BMW Junior Seat I-II Isofix','');
insert into Diagram values('UG52-82_1189','UG52-20040200','82-31','E87 120d   BMW Baby Seat 0+ Isofix','');
insert into Diagram values('UG52-82_1237','UG52-20040200','82-31','E87 120d   Dog harness','');
insert into Diagram values('UG52-82_1276','UG52-20040200','82-31','E87 120d   BMW Junior Seat II-III','');
insert into Diagram values('UG52-82_1305','UG52-20040200','82-31','E87 120d   BMW Junior Seat III','');
insert into Diagram values('UG52-82_1198','UG52-20040200','82-44','E87 120d   Cover','');
insert into Diagram values('UG52-82_1236','UG52-20040200','82-44','E87 120d   Mud flaps','');
insert into Diagram values('UG52-82_1251','UG52-20040200','82-44','E87 120d   Cover hood windshield/side window','');
insert into Diagram values('UG52-82_0116','UG52-20040200','82-51','E87 120d   Universal support','');
insert into Diagram values('UG52-82_0122','UG52-20040200','82-51','E87 120d   Touring bicycle holder','');
insert into Diagram values('UG52-82_0123','UG52-20040200','82-51','E87 120d   RACK FOR RACING BICYCLE','');
insert into Diagram values('UG52-82_0124','UG52-20040200','82-51','E87 120d   Luggage basket','');
insert into Diagram values('UG52-82_0125','UG52-20040200','82-51','E87 120d   Bicycle lift','');
insert into Diagram values('UG52-82_0245','UG52-20040200','82-51','E87 120d   SUPPORT SNOWBOARD','');
insert into Diagram values('UG52-82_0281','UG52-20040200','82-51','E87 120d   Touring bicycle holder','');
insert into Diagram values('UG52-82_0283','UG52-20040200','82-51','E87 120d   Surfboard rack','');
insert into Diagram values('UG52-82_0284','UG52-20040200','82-51','E87 120d   Standard ski carrier for 6 pairs of skis','');
insert into Diagram values('UG52-82_0364','UG52-20040200','82-51','E87 120d   SKI/SNOWBOARD SET','');
insert into Diagram values('UG52-82_0501','UG52-20040200','82-51','E87 120d   ki and luggage box','');
insert into Diagram values('UG52-82_0502','UG52-20040200','82-51','E87 120d   Luggage box','');
insert into Diagram values('UG52-82_0594','UG52-20040200','82-51','E87 120d   Komfort ski holder','');
insert into Diagram values('UG52-82_0845','UG52-20040200','82-51','E87 120d   Standard ski holder, for 4 pairs of ski','');
insert into Diagram values('UG52-82_1157','UG52-20040200','82-51','E87 120d   Bicycle carrier, trailer coupling','');
insert into Diagram values('UG52-82_1175','UG52-20040200','82-51','E87 120d   Touring bicycle holder','');
insert into Diagram values('UG52-82_1178','UG52-20040200','82-51','E87 120d   Roof box','');
insert into Diagram values('UG52-82_1230','UG52-20040200','82-51','E87 120d   Rack support','');
insert into Diagram values('UG52-82_1234','UG52-20040200','82-51','E87 120d   Roof box','');
insert into Diagram values('UG52-82_1244','UG52-20040200','82-51','E87 120d   Racing bike rack','');
insert into Diagram values('UG52-82_1250','UG52-20040200','82-51','E87 120d   Roof box','');
insert into Diagram values('UG52-82_1268','UG52-20040200','82-51','E87 120d   Ski/snowboard holder','');
insert into Diagram values('UG52-82_1277','UG52-20040200','82-51','E87 120d   Rear carrier ECE','');
insert into Diagram values('UG52-82_1282','UG52-20040200','82-51','E87 120d   Rear carrier ski/snowboard holder','');
insert into Diagram values('UG52-82_1295','UG52-20040200','82-51','E87 120d   Roof rack systems','');
insert into Diagram values('UG52-82_1364','UG52-20040200','82-51','E87 120d   Bicycle carrier, trailer coupling','');
insert into Diagram values('UG52-82_1460','UG52-20040200','82-51','E87 120d   Roof rack systems','');
insert into Diagram values('UG52-82_1476','UG52-20040200','82-51','E87 120d   Roof-mounted container 320 LCI','');
insert into Diagram values('UG52-82_1551','UG52-20040200','82-51','E87 120d   Bicycle carrier, trailer coupling','');
insert into Diagram values('UG52-82_1567','UG52-20040200','82-51','E87 120d   Bicycle carrier, trailer coupling','');
insert into Diagram values('UG52-82_1589','UG52-20040200','82-51','E87 120d   Racing bike rack','');
insert into Diagram values('UG52-82_0926','UG52-20040200','82-52','E87 120d   Adapter (universal lift) for hood','');
insert into Diagram values('UG52-82_0102','UG52-20040200','82-81','E87 120d   Universal hoist','');
insert into Diagram values('UG52-83_0579','UG52-20040200','83-01','E87 120d   Rugzak','');
insert into Diagram values('UG52-83_0311','UG52-20040200','83-24','E87 120d   Paint protection foil E87','');
insert into Diagram values('UG52-84_0767','UG52-20040200','84-10','E87 120d   Starter package, cell phone Nokia 6303c','');
insert into Diagram values('UG52-84_0850','UG52-20040200','84-10','E87 120d   ASSY COMBOX TELEMATIC ECE','');
insert into Diagram values('UG52-84_0658','UG52-20040200','84-20','E87 120d   Single parts, SA 644 center console','');
insert into Diagram values('UG52-84_0659','UG52-20040200','84-20','E87 120d   Single parts, SA 644, trunk','');
insert into Diagram values('UG52-84_0673','UG52-20040200','84-20','E87 120d   Single parts, SA 633, center console','');
insert into Diagram values('UG52-84_0704','UG52-20040200','84-20','E87 120d   Single parts SA 633, trunk','');
insert into Diagram values('UG52-84_0758','UG52-20040200','84-20','E87 120d   Single parts, option 6NF center console','');
insert into Diagram values('UG52-84_0657','UG52-20040200','84-30','E87 120d   Single parts f hands-free facility','');
insert into Diagram values('UG52-84_0694','UG52-20040200','84-30','E87 120d   Single parts f hands-free fac. Bluetooth','');
insert into Diagram values('UG52-84_0639','UG52-20040200','84-95','E87 120d   Bluetooth SA644 hands-free retrofit kit','');
insert into Diagram values('UG52-84_0669','UG52-20040200','84-95','E87 120d   Retrofit kit hands-free facil. Bluetooth','');
insert into Diagram values('UG52-84_0678','UG52-20040200','84-95','E87 120d   Retrofit kit, voice input','');
insert into Diagram values('UG52-84_0711','UG52-20040200','84-95','E87 120d   Car phone for Japan','');
insert into Diagram values('UG52-84_0713','UG52-20040200','84-95','E87 120d   Retrofit kit for UNI hands-free system','');
insert into Diagram values('UG52-84_0714','UG52-20040200','84-95','E87 120d   Cell phone cradles,Universal hands-free','');
insert into Diagram values('UG52-84_0730','UG52-20040200','84-95','E87 120d   Stolen Vehicle Tracking - TPA','');
insert into Diagram values('UG52-84_0732','UG52-20040200','84-95','E87 120d   Upgrade kit hands-free Bluetooth OPT644','');
insert into Diagram values('UG52-84_0741','UG52-20040200','84-95','E87 120d   Base hands-free system with Bluetooth','');
insert into Diagram values('UG52-84_0778','UG52-20040200','84-95','E87 120d   BMW Bluetooth headset','');
insert into Diagram values('UG52-84_0867','UG52-20040200','84-95','E87 120d   BMW Car Hotspot','');
insert into Diagram values('UG52-84_0895','UG52-20040200','84-95','E87 120d   BMW station fr Apple iPhone','');
insert into Diagram values('UG52-84_0897','UG52-20040200','84-95','E87 120d   Snap-in adapter for Apple devices','');
insert into Diagram values('UG52-84_0906','UG52-20040200','84-95','E87 120d   Snap-in adapter, SONY ERICSSON devices','');
insert into Diagram values('UG52-84_0907','UG52-20040200','84-95','E87 120d   Snap-in adapter for NOKIA devices','');
insert into Diagram values('UG52-84_0908','UG52-20040200','84-95','E87 120d   Snap-in adapter for SIEMENS devices','');
insert into Diagram values('UG52-84_0909','UG52-20040200','84-95','E87 120d   Snap-in adapter for MOTOROLA devices','');
insert into Diagram values('UG52-84_0910','UG52-20040200','84-95','E87 120d   Snap-in adapter, BlackBerry/RIM devices','');
insert into Diagram values('UG52-84_0930','UG52-20040200','84-95','E87 120d   Smartphone cradle','');
insert into Diagram values('UG52-84_0931','UG52-20040200','84-95','E87 120d   BMW Car Hotspot LTE','');
insert into Diagram values('UG52-85_0001','UG52-20040200','85-45','E87 120d   Winter tires','');
insert into Diagram values('UG52-85_0028','UG52-20040200','85-45','E87 120d   Summer tires','');
insert into Diagram values('UG52-88_0052','UG52-20040200','88-80','E87 120d   Emergency bag','');
insert into Diagram values('UG52-88_0064','UG52-20040200','88-80','E87 120d   Fluid-change kit, autom. transmission','');
insert into ProdCodeDate values('UG51-20040300','UG51',to_date('20040301','YYYYMMDD'));
insert into ProdCodeDate values('UG52-20040300','UG52',to_date('20040301','YYYYMMDD'));
insert into ProdCodeDate values('UG51-20040400','UG51',to_date('20040401','YYYYMMDD'));
insert into ProdCodeDate values('UG52-20040400','UG52',to_date('20040401','YYYYMMDD'));
insert into ProdCodeDate values('UG51-20040500','UG51',to_date('20040501','YYYYMMDD'));
insert into ProdCodeDate values('UG52-20040500','UG52',to_date('20040501','YYYYMMDD'));
insert into ProdCodeDate values('UG51-20040600','UG51',to_date('20040601','YYYYMMDD'));
insert into ProdCodeDate values('UG52-20040600','UG52',to_date('20040601','YYYYMMDD'));
insert into ProdCodeDate values('UG51-20040700','UG51',to_date('20040701','YYYYMMDD'));
insert into ProdCodeDate values('UG52-20040700','UG52',to_date('20040701','YYYYMMDD'));
insert into ProdCodeDate values('UG51-20040800','UG51',to_date('20040801','YYYYMMDD'));
insert into ProdCodeDate values('UG52-20040800','UG52',to_date('20040801','YYYYMMDD'));
insert into ProdCodeDate values('UG51-20040900','UG51',to_date('20040901','YYYYMMDD'));
insert into ProdCodeDate values('UG52-20040900','UG52',to_date('20040901','YYYYMMDD'));
insert into ProdCodeDate values('UG51-20041000','UG51',to_date('20041001','YYYYMMDD'));
insert into ProdCodeDate values('UG52-20041000','UG52',to_date('20041001','YYYYMMDD'));
insert into ProdCodeDate values('UG51-20041100','UG51',to_date('20041101','YYYYMMDD'));
insert into ProdCodeDate values('UG52-20041100','UG52',to_date('20041101','YYYYMMDD'));
insert into ProdCodeDate values('UG51-20041200','UG51',to_date('20041201','YYYYMMDD'));
insert into ProdCodeDate values('UG52-20041200','UG52',to_date('20041201','YYYYMMDD'));
insert into ProdCodeDate values('UG51-20050100','UG51',to_date('20050101','YYYYMMDD'));
insert into ProdCodeDate values('UG52-20050100','UG52',to_date('20050101','YYYYMMDD'));
insert into ProdCodeDate values('UG51-20050200','UG51',to_date('20050201','YYYYMMDD'));
insert into ProdCodeDate values('UG52-20050200','UG52',to_date('20050201','YYYYMMDD'));
insert into ProdCodeDate values('UG51-20050300','UG51',to_date('20050301','YYYYMMDD'));
insert into ProdCodeDate values('UG52-20050300','UG52',to_date('20050301','YYYYMMDD'));
insert into ProdCodeDate values('UG51-20050400','UG51',to_date('20050401','YYYYMMDD'));
insert into ProdCodeDate values('UG52-20050400','UG52',to_date('20050401','YYYYMMDD'));
insert into ProdCodeDate values('UG51-20050500','UG51',to_date('20050501','YYYYMMDD'));
insert into ProdCodeDate values('UG52-20050500','UG52',to_date('20050501','YYYYMMDD'));
insert into ProdCodeDate values('UG51-20050600','UG51',to_date('20050601','YYYYMMDD'));
insert into ProdCodeDate values('UG52-20050600','UG52',to_date('20050601','YYYYMMDD'));
insert into ProdCodeDate values('UG51-20050700','UG51',to_date('20050701','YYYYMMDD'));
insert into ProdCodeDate values('UG52-20050700','UG52',to_date('20050701','YYYYMMDD'));
insert into ProdCodeDate values('UG51-20050800','UG51',to_date('20050801','YYYYMMDD'));
insert into ProdCodeDate values('UG52-20050800','UG52',to_date('20050801','YYYYMMDD'));
insert into ProdCodeDate values('UG51-20050900','UG51',to_date('20050901','YYYYMMDD'));
insert into ProdCodeDate values('UG52-20050900','UG52',to_date('20050901','YYYYMMDD'));
insert into ProdCodeDate values('UG51-20051000','UG51',to_date('20051001','YYYYMMDD'));
insert into ProdCodeDate values('UG52-20051000','UG52',to_date('20051001','YYYYMMDD'));
insert into ProdCodeDate values('UG51-20051100','UG51',to_date('20051101','YYYYMMDD'));
insert into ProdCodeDate values('UG52-20051100','UG52',to_date('20051101','YYYYMMDD'));
insert into ProdCodeDate values('UG51-20051200','UG51',to_date('20051201','YYYYMMDD'));
insert into ProdCodeDate values('UG52-20051200','UG52',to_date('20051201','YYYYMMDD'));
insert into ProdCodeDate values('UG51-20060100','UG51',to_date('20060101','YYYYMMDD'));
insert into ProdCodeDate values('UG52-20060100','UG52',to_date('20060101','YYYYMMDD'));
insert into ProdCodeDate values('UG51-20060200','UG51',to_date('20060201','YYYYMMDD'));
insert into ProdCodeDate values('UG52-20060200','UG52',to_date('20060201','YYYYMMDD'));
insert into ProdCodeDate values('UG51-20060300','UG51',to_date('20060301','YYYYMMDD'));
insert into ProdCodeDate values('UG52-20060300','UG52',to_date('20060301','YYYYMMDD'));
insert into ProdCodeDate values('UG51-20060400','UG51',to_date('20060401','YYYYMMDD'));
insert into ProdCodeDate values('UG52-20060400','UG52',to_date('20060401','YYYYMMDD'));
insert into ProdCodeDate values('UG51-20060500','UG51',to_date('20060501','YYYYMMDD'));
insert into ProdCodeDate values('UG52-20060500','UG52',to_date('20060501','YYYYMMDD'));
insert into ProdCodeDate values('UG51-20060600','UG51',to_date('20060601','YYYYMMDD'));
insert into ProdCodeDate values('UG52-20060600','UG52',to_date('20060601','YYYYMMDD'));
insert into ProdCodeDate values('UG51-20060700','UG51',to_date('20060701','YYYYMMDD'));
insert into ProdCodeDate values('UG52-20060700','UG52',to_date('20060701','YYYYMMDD'));
insert into ProdCodeDate values('UG51-20060800','UG51',to_date('20060801','YYYYMMDD'));
insert into ProdCodeDate values('UG52-20060800','UG52',to_date('20060801','YYYYMMDD'));
insert into ProdCodeDate values('UG51-20060900','UG51',to_date('20060901','YYYYMMDD'));
insert into ProdCodeDate values('UG52-20060900','UG52',to_date('20060901','YYYYMMDD'));
insert into ProdCodeDate values('UG51-20061000','UG51',to_date('20061001','YYYYMMDD'));
insert into ProdCodeDate values('UG52-20061000','UG52',to_date('20061001','YYYYMMDD'));
insert into ProdCodeDate values('UG51-20061100','UG51',to_date('20061101','YYYYMMDD'));
insert into ProdCodeDate values('UG52-20061100','UG52',to_date('20061101','YYYYMMDD'));
insert into ProdCodeDate values('UG51-20061200','UG51',to_date('20061201','YYYYMMDD'));
insert into ProdCodeDate values('UG52-20061200','UG52',to_date('20061201','YYYYMMDD'));
insert into ProdCodeDate values('UG51-20070100','UG51',to_date('20070101','YYYYMMDD'));
insert into ProdCodeDate values('UG52-20070100','UG52',to_date('20070101','YYYYMMDD'));
insert into ProdCodeDate values('UG51-20070200','UG51',to_date('20070201','YYYYMMDD'));
insert into ProdCodeDate values('UG52-20070200','UG52',to_date('20070201','YYYYMMDD'));
insert into Model values('120i','E87','SH','120i','ECE');
insert into Model values('130i','E87','SH','130i','ECE');
insert into ProdCode values('UF91','130i','SH','E87','ECE','N52','L','04/2005 E87 130i 5 doors N52 Europe Left hand drive ');
insert into ProdCodeDate values('UF91-20050400','UF91',to_date('20050401','YYYYMMDD'));
insert into Diagram values('UF91-01_0206','UF91-20050400','01-05','E87 130i   BMW care tips','');
insert into DiagramParts values('UF91-01_0689-01400012852', 'UF91-01_0689', 01, 'Owner&apos;s handbook E87 without iDrive', 'DE, MJ 2007', 1, to_date('20060901','YYYYMMDD'), to_date('20070301','YYYYMMDD'), '01400012852', '', '', false);
insert into DiagramParts values('UF91-01_0689-01410012853', 'UF91-01_0689', 02, 'Owner&apos;s handbook E87 without iDrive', 'EN, MJ 2007', 1, to_date('20060901','YYYYMMDD'), to_date('20070301','YYYYMMDD'), '01410012853', '', '', false);
insert into DiagramParts values('UF91-01_0689-01420012854', 'UF91-01_0689', 03, 'Owner&apos;s handbook E87 without iDrive', 'FR, MJ 2007', 1, to_date('20060901','YYYYMMDD'), to_date('20070301','YYYYMMDD'), '01420012854', '', '', false);
insert into DiagramParts values('UF91-01_0689-01430012855', 'UF91-01_0689', 04, 'Owner&apos;s handbook E87 without iDrive', 'ES, MJ 2007', 1, to_date('20060901','YYYYMMDD'), to_date('20070301','YYYYMMDD'), '01430012855', '', '', false);
insert into DiagramParts values('UF91-01_0689-01440012856', 'UF91-01_0689', 05, 'Owner&apos;s handbook E87 without iDrive', 'IT, MJ 2007', 1, to_date('20060901','YYYYMMDD'), to_date('20070301','YYYYMMDD'), '01440012856', '', '', false);
insert into DiagramParts values('UF91-01_0689-01450012857', 'UF91-01_0689', 06, 'Owner&apos;s handbook E87 without iDrive', 'SV, MJ 2007', 1, to_date('20060901','YYYYMMDD'), to_date('20070301','YYYYMMDD'), '01450012857', '', '', false);
insert into DiagramParts values('UF91-01_0689-01460012858', 'UF91-01_0689', 07, 'Owner&apos;s handbook E87 without iDrive', 'NL, MJ 2007', 1, to_date('20060901','YYYYMMDD'), to_date('20070301','YYYYMMDD'), '01460012858', '', '', false);
insert into DiagramParts values('UF91-01_0689-01470012859', 'UF91-01_0689', 08, 'Owner&apos;s handbook E87 without iDrive', 'AR, MJ 2007', 1, to_date('20060901','YYYYMMDD'), to_date('20070301','YYYYMMDD'), '01470012859', '', '', false);
insert into DiagramParts values('UF91-01_0689-01480012860', 'UF91-01_0689', 09, 'Owner&apos;s handbook E87 without iDrive', 'DA, MJ 2007', 1, to_date('20060901','YYYYMMDD'), to_date('20070301','YYYYMMDD'), '01480012860', '', '', false);
insert into DiagramParts values('UF91-01_0689-01490012861', 'UF91-01_0689', 10, 'Owner&apos;s handbook E87 without iDrive', 'PT, MJ 2007', 1, to_date('20060901','YYYYMMDD'), to_date('20070301','YYYYMMDD'), '01490012861', '', '', false);
insert into DiagramParts values('UF91-01_0689-01490012862', 'UF91-01_0689', 13, 'Owner&apos;s handbook E87 without iDrive', 'EL, MJ 2007', 1, to_date('20060901','YYYYMMDD'), to_date('20070301','YYYYMMDD'), '01490012862', '', '', false);
insert into Diagram values('UF91-01_0689','UF91-20050400','01-05','E87 130i   Owner&apos;s manual for E81, E87 w/o iDrive','');
insert into DiagramParts values('UF91-01_0690-01400012915', 'UF91-01_0690', 01, 'Owner&apos;s handbook E87 with iDrive', 'DE, MJ 2007', 1, to_date('20060901','YYYYMMDD'), to_date('20070301','YYYYMMDD'), '01400012915', '', '', false);
insert into DiagramParts values('UF91-01_0690-01410012916', 'UF91-01_0690', 02, 'Owner&apos;s handbook E87 with iDrive', 'EN, MJ 2007', 1, to_date('20060901','YYYYMMDD'), to_date('20070301','YYYYMMDD'), '01410012916', '', '', false);
insert into DiagramParts values('UF91-01_0690-01420012917', 'UF91-01_0690', 03, 'Owner&apos;s handbook E87 with iDrive', 'FR, MJ 2007', 1, to_date('20060901','YYYYMMDD'), to_date('20070301','YYYYMMDD'), '01420012917', '', '', false);
insert into DiagramParts values('UF91-01_0690-01430012918', 'UF91-01_0690', 04, 'Owner&apos;s handbook E87 with iDrive', 'ES, MJ 2007', 1, to_date('20060901','YYYYMMDD'), to_date('20070301','YYYYMMDD'), '01430012918', '', '', false);
insert into DiagramParts values('UF91-01_0690-01440012919', 'UF91-01_0690', 05, 'Owner&apos;s handbook E87 with iDrive', 'IT, MJ 2007', 1, to_date('20060901','YYYYMMDD'), to_date('20070301','YYYYMMDD'), '01440012919', '', '', false);
insert into DiagramParts values('UF91-01_0690-01450012920', 'UF91-01_0690', 06, 'Owner&apos;s handbook E87 with iDrive', 'SV, MJ 2007', 1, to_date('20060901','YYYYMMDD'), to_date('20070301','YYYYMMDD'), '01450012920', '', '', false);
insert into DiagramParts values('UF91-01_0690-01460012921', 'UF91-01_0690', 07, 'Owner&apos;s handbook E87 with iDrive', 'NL, MJ 2007', 1, to_date('20060901','YYYYMMDD'), to_date('20070301','YYYYMMDD'), '01460012921', '', '', false);
insert into DiagramParts values('UF91-01_0690-01470012922', 'UF91-01_0690', 08, 'Owner&apos;s handbook E87 with iDrive', 'AR, MJ 2007', 1, to_date('20060901','YYYYMMDD'), to_date('20070301','YYYYMMDD'), '01470012922', '', '', false);
insert into DiagramParts values('UF91-01_0690-01480012923', 'UF91-01_0690', 08, 'Owner&apos;s handbook E87 with iDrive', 'DA, MJ 2007', 1, to_date('20060901','YYYYMMDD'), to_date('20070301','YYYYMMDD'), '01480012923', '', '', false);
insert into DiagramParts values('UF91-01_0690-01490159993', 'UF91-01_0690', 10, 'Owner&apos;s handbook E87 with iDrive', 'PT, MJ 2006', 1, to_date('20050901','YYYYMMDD'), to_date('20060901','YYYYMMDD'), '01490159993', '', '', false);
insert into DiagramParts values('UF91-01_0690-01490012924', 'UF91-01_0690', 10, 'Owner&apos;s handbook E87 with iDrive', 'PT, MJ 2007', 1, to_date('20060901','YYYYMMDD'), to_date('20070301','YYYYMMDD'), '01490012924', '', '', false);
insert into DiagramParts values('UF91-01_0690-01490012925', 'UF91-01_0690', 13, 'Owner&apos;s handbook E87 with iDrive', 'EL, MJ 2007', 1, to_date('20060901','YYYYMMDD'), to_date('20070301','YYYYMMDD'), '01490012925', '', '', false);
insert into Diagram values('UF91-01_0690','UF91-20050400','01-05','E87 130i   Owner&apos;s manual for E81, E87 with iDrive','');
insert into DiagramParts values('UF91-01_0727-01400011871', 'UF91-01_0727', 01, 'Brief instructions E87 without iDrive', 'DE', 1, to_date('20050901','YYYYMMDD'), to_date('20070301','YYYYMMDD'), '01400011871', '', '', false);
insert into DiagramParts values('UF91-01_0727-01400011882', 'UF91-01_0727', 01, 'Brief instructions E87 with iDrive', 'DE', 1, to_date('20050901','YYYYMMDD'), to_date('20070301','YYYYMMDD'), '01400011882', '', '', false);
insert into DiagramParts values('UF91-01_0727-01410011883', 'UF91-01_0727', 02, 'Brief instructions E87 with iDrive', 'EN', 1, to_date('20050901','YYYYMMDD'), to_date('20070301','YYYYMMDD'), '01410011883', '', '', false);
insert into Diagram values('UF91-01_0727','UF91-20050400','01-05','E87 130i   Brief instructions E81, E82, E87, E','');
insert into Diagram values('UF91-01_0756','UF91-20050400','01-05','E87 130i   Mirror placard','');
insert into Diagram values('UF91-01_0780','UF91-20050400','01-05','E87 130i   Brochure Service Contact, BMW','');
insert into DiagramParts values('UF91-01_1080-01402918756', 'UF91-01_1080', 02, 'Supplement Owner&apos;s Manual license texts', 'MULTILINGUAL', 1, to_date('20130301','YYYYMMDD'), to_date('20130701','YYYYMMDD'), '01402918756', '', '', false);
insert into Diagram values('UF91-01_1080','UF91-20050400','01-05','E87 130i   Flyer, license texts for BMW','');
insert into DiagramParts values('UF91-01_0606-01400012026', 'UF91-01_0606', 01, 'Operating instructions, radio &quot;de&quot;', 'SA663', 1, to_date('20060901','YYYYMMDD'), to_date('20070301','YYYYMMDD'), '01400012026', '', '', false);
insert into DiagramParts values('UF91-01_0606-01400159098', 'UF91-01_0606', 01, 'Operating instructions, radio &quot;de&quot;', 'SA663', 1, to_date('20050301','YYYYMMDD'), to_date('20050901','YYYYMMDD'), '01400159098', '', '', false);
insert into DiagramParts values('UF91-01_0606-01410012027', 'UF91-01_0606', 02, 'Operating instructions, radio &quot;en&quot;', 'SA663', 1, to_date('20060901','YYYYMMDD'), to_date('20070301','YYYYMMDD'), '01410012027', '', '', false);
insert into DiagramParts values('UF91-01_0606-01410159099', 'UF91-01_0606', 02, 'Operating instructions, radio &quot;en&quot;', 'SA663', 1, to_date('20050301','YYYYMMDD'), to_date('20050901','YYYYMMDD'), '01410159099', '', '', false);
insert into DiagramParts values('UF91-01_0606-01420012028', 'UF91-01_0606', 03, 'Operating instructions, radio &quot;fr&quot;', 'SA663', 1, to_date('20060901','YYYYMMDD'), to_date('20070301','YYYYMMDD'), '01420012028', '', '', false);
insert into DiagramParts values('UF91-01_0606-01420159100', 'UF91-01_0606', 03, 'Operating instructions, radio &quot;fr&quot;', 'SA663', 1, to_date('20050301','YYYYMMDD'), to_date('20050901','YYYYMMDD'), '01420159100', '', '', false);
insert into DiagramParts values('UF91-01_0606-01430012029', 'UF91-01_0606', 04, 'Operating instructions, radio &quot;es&quot;', 'SA663', 1, to_date('20060901','YYYYMMDD'), to_date('20070301','YYYYMMDD'), '01430012029', '', '', false);
insert into DiagramParts values('UF91-01_0606-01430158404', 'UF91-01_0606', 04, 'Operating instructions, radio &quot;es&quot;', 'SA663', 1, to_date('20041201','YYYYMMDD'), to_date('20050301','YYYYMMDD'), '01430158404', '', '', false);
insert into DiagramParts values('UF91-01_0606-01430159101', 'UF91-01_0606', 04, 'Operating instructions, radio &quot;es&quot;', 'SA663', 1, to_date('20050301','YYYYMMDD'), to_date('20050901','YYYYMMDD'), '01430159101', '', '', false);
insert into DiagramParts values('UF91-01_0606-01440012030', 'UF91-01_0606', 05, 'Operating instructions, radio &quot;it&quot;', 'SA663', 1, to_date('20060901','YYYYMMDD'), to_date('20070301','YYYYMMDD'), '01440012030', '', '', false);
insert into DiagramParts values('UF91-01_0606-01440159102', 'UF91-01_0606', 05, 'Operating instructions, radio &quot;it&quot;', 'SA663', 1, to_date('20050301','YYYYMMDD'), to_date('20050901','YYYYMMDD'), '01440159102', '', '', false);
insert into DiagramParts values('UF91-01_0606-01450012031', 'UF91-01_0606', 06, 'Operating instructions, radio &quot;sv&quot;', 'SA663', 1, to_date('20060901','YYYYMMDD'), to_date('20070301','YYYYMMDD'), '01450012031', '', '', false);
insert into DiagramParts values('UF91-01_0606-01450159103', 'UF91-01_0606', 06, 'Operating instructions, radio &quot;sv&quot;', 'SA663', 1, to_date('20050301','YYYYMMDD'), to_date('20050901','YYYYMMDD'), '01450159103', '', '', false);
insert into DiagramParts values('UF91-01_0606-01460012032', 'UF91-01_0606', 07, 'Operating instructions, radio &quot;nl&quot;', 'SA663', 1, to_date('20060901','YYYYMMDD'), to_date('20070301','YYYYMMDD'), '01460012032', '', '', false);
insert into DiagramParts values('UF91-01_0606-01460159104', 'UF91-01_0606', 07, 'Operating instructions, radio &quot;nl&quot;', 'SA663', 1, to_date('20050301','YYYYMMDD'), to_date('20050901','YYYYMMDD'), '01460159104', '', '', false);
insert into DiagramParts values('UF91-01_0606-01470012033', 'UF91-01_0606', 08, 'Operating instructions, radio &quot;ar&quot;', 'SA663', 1, to_date('20060901','YYYYMMDD'), to_date('20070301','YYYYMMDD'), '01470012033', '', '', false);
insert into DiagramParts values('UF91-01_0606-01470159105', 'UF91-01_0606', 08, 'Operating instructions, radio &quot;ar&quot;', 'SA663', 1, to_date('20050301','YYYYMMDD'), to_date('20050901','YYYYMMDD'), '01470159105', '', '', false);
insert into DiagramParts values('UF91-01_0606-01480012034', 'UF91-01_0606', 09, 'Operating instructions, radio &quot;da&quot;', 'SA663', 1, to_date('20060901','YYYYMMDD'), to_date('20070301','YYYYMMDD'), '01480012034', '', '', false);
insert into DiagramParts values('UF91-01_0606-01480159106', 'UF91-01_0606', 09, 'Operating instructions, radio &quot;da&quot;', 'SA663', 1, to_date('20050301','YYYYMMDD'), to_date('20050901','YYYYMMDD'), '01480159106', '', '', false);
insert into DiagramParts values('UF91-01_0606-01490012035', 'UF91-01_0606', 10, 'Operating instructions, radio &quot;pt&quot;', 'SA663', 1, to_date('20060901','YYYYMMDD'), to_date('20070301','YYYYMMDD'), '01490012035', '', '', false);
insert into DiagramParts values('UF91-01_0606-01490159107', 'UF91-01_0606', 10, 'Operating instructions, radio &quot;pt&quot;', 'SA663', 1, to_date('20050301','YYYYMMDD'), to_date('20050901','YYYYMMDD'), '01490159107', '', '', false);
insert into DiagramParts values('UF91-01_0606-01490012037', 'UF91-01_0606', 13, 'Operating instructions, radio &quot;el&quot;', 'SA663', 1, to_date('20060901','YYYYMMDD'), to_date('20070301','YYYYMMDD'), '01490012037', '', '', false);
insert into DiagramParts values('UF91-01_0606-01490159109', 'UF91-01_0606', 13, 'Operating instructions, radio &quot;el&quot;', 'SA663', 1, to_date('20050301','YYYYMMDD'), to_date('20050901','YYYYMMDD'), '01490159109', '', '', false);
insert into DiagramParts values('UF91-01_0606-01490012036', 'UF91-01_0606', 14, 'Operating instructions, radio &quot;zh&quot;', 'SA663', 1, to_date('20060901','YYYYMMDD'), to_date('20070301','YYYYMMDD'), '01490012036', '', '', false);
insert into Diagram values('UF91-01_0606','UF91-20050400','01-12','E87 130i   Radio E81,E82,E87,E88, E90,E91,E92,E93','');
insert into DiagramParts values('UF91-01_0302-01400011822', 'UF91-01_0302', 01, 'Owner&apos;s handbook, telephone &quot;de&quot;', 'SA633, SA644', 1, to_date('20050901','YYYYMMDD'), to_date('20060901','YYYYMMDD'), '01400011822', '', '', false);
insert into DiagramParts values('UF91-01_0302-01400012071', 'UF91-01_0302', 01, 'Owner&apos;s handbook, telephone &quot;de&quot;', 'SA633, SA644', 1, to_date('20060901','YYYYMMDD'), to_date('20070301','YYYYMMDD'), '01400012071', '', '', false);
insert into DiagramParts values('UF91-01_0302-01400014355', 'UF91-01_0302', 01, 'Owner&apos;s handbook, telephone &quot;de&quot;', 'SA633, SA644', 1, to_date('20070901','YYYYMMDD'), to_date('20080301','YYYYMMDD'), '01400014355', '', '', false);
insert into DiagramParts values('UF91-01_0302-01402600073', 'UF91-01_0302', 01, 'Owner&apos;s handbook, telephone &quot;de&quot;', 'SA633, SA644', 1, to_date('20050901','YYYYMMDD'), to_date('20060301','YYYYMMDD'), '01402600073', '', '', false);
insert into DiagramParts values('UF91-01_0302-01400012059', 'UF91-01_0302', 01, 'Owner&apos;s handbook, telephone &quot;de&quot;', 'SA633, SA644', 1, to_date('20060301','YYYYMMDD'), to_date('20060901','YYYYMMDD'), '01400012059', '', '', false);
insert into DiagramParts values('UF91-01_0302-01410011823', 'UF91-01_0302', 02, 'Owner&apos;s handbook, telephone &quot;en&quot;', 'SA633, SA644', 1, to_date('20050901','YYYYMMDD'), to_date('20060901','YYYYMMDD'), '01410011823', '', '', false);
insert into DiagramParts values('UF91-01_0302-01410012072', 'UF91-01_0302', 02, 'Owner&apos;s handbook, telephone &quot;en&quot;', 'SA633, SA644', 1, to_date('20060901','YYYYMMDD'), to_date('20070301','YYYYMMDD'), '01410012072', '', '', false);
insert into DiagramParts values('UF91-01_0302-01410014356', 'UF91-01_0302', 02, 'Owner&apos;s handbook, telephone &quot;en&quot;', 'SA633, SA644', 1, to_date('20070901','YYYYMMDD'), to_date('20080301','YYYYMMDD'), '01410014356', '', '', false);
insert into DiagramParts values('UF91-01_0302-01412600074', 'UF91-01_0302', 02, 'Owner&apos;s handbook, telephone &quot;en&quot;', 'SA633, SA644', 1, to_date('20050901','YYYYMMDD'), to_date('20060301','YYYYMMDD'), '01412600074', '', '', false);
insert into DiagramParts values('UF91-01_0302-01410012060', 'UF91-01_0302', 02, 'Owner&apos;s handbook, telephone &quot;en&quot;', 'SA633, SA644', 1, to_date('20060301','YYYYMMDD'), to_date('20060901','YYYYMMDD'), '01410012060', '', '', false);
insert into DiagramParts values('UF91-01_0302-01420011824', 'UF91-01_0302', 03, 'Owner&apos;s handbook, telephone &quot;fr&quot;', 'SA633, SA644', 1, to_date('20050901','YYYYMMDD'), to_date('20060901','YYYYMMDD'), '01420011824', '', '', false);
insert into DiagramParts values('UF91-01_0302-01420012073', 'UF91-01_0302', 03, 'Owner&apos;s handbook, telephone &quot;fr&quot;', 'SA633, SA644', 1, to_date('20060901','YYYYMMDD'), to_date('20070301','YYYYMMDD'), '01420012073', '', '', false);
insert into DiagramParts values('UF91-01_0302-01420014357', 'UF91-01_0302', 03, 'Owner&apos;s handbook, telephone &quot;fr&quot;', 'SA633, SA644', 1, to_date('20070901','YYYYMMDD'), to_date('20080301','YYYYMMDD'), '01420014357', '', '', false);
insert into DiagramParts values('UF91-01_0302-01422600075', 'UF91-01_0302', 03, 'Owner&apos;s handbook, telephone &quot;fr&quot;', 'SA633, SA644', 1, to_date('20050901','YYYYMMDD'), to_date('20060301','YYYYMMDD'), '01422600075', '', '', false);
insert into DiagramParts values('UF91-01_0302-01420012061', 'UF91-01_0302', 03, 'Owner&apos;s handbook, telephone &quot;fr&quot;', 'SA633, SA644', 1, to_date('20060301','YYYYMMDD'), to_date('20060901','YYYYMMDD'), '01420012061', '', '', false);
insert into DiagramParts values('UF91-01_0302-01430011825', 'UF91-01_0302', 04, 'Owner&apos;s handbook, telephone &quot;es&quot;', 'SA633, SA644', 1, to_date('20050901','YYYYMMDD'), to_date('20060901','YYYYMMDD'), '01430011825', '', '', false);
insert into DiagramParts values('UF91-01_0302-01430012074', 'UF91-01_0302', 04, 'Owner&apos;s handbook, telephone &quot;es&quot;', 'SA633, SA644', 1, to_date('20060901','YYYYMMDD'), to_date('20070301','YYYYMMDD'), '01430012074', '', '', false);
insert into DiagramParts values('UF91-01_0302-01430014358', 'UF91-01_0302', 04, 'Owner&apos;s handbook, telephone &quot;es&quot;', 'SA633, SA644', 1, to_date('20070901','YYYYMMDD'), to_date('20080301','YYYYMMDD'), '01430014358', '', '', false);
insert into DiagramParts values('UF91-01_0302-01432600076', 'UF91-01_0302', 04, 'Owner&apos;s handbook, telephone &quot;es&quot;', 'SA633, SA644', 1, to_date('20050901','YYYYMMDD'), to_date('20060301','YYYYMMDD'), '01432600076', '', '', false);
insert into DiagramParts values('UF91-01_0302-01430012062', 'UF91-01_0302', 04, 'Owner&apos;s handbook, telephone &quot;es&quot;', 'SA633, SA644', 1, to_date('20060301','YYYYMMDD'), to_date('20060901','YYYYMMDD'), '01430012062', '', '', false);
insert into DiagramParts values('UF91-01_0302-01440011826', 'UF91-01_0302', 05, 'Owner&apos;s handbook, telephone &quot;it&quot;', 'SA633, SA644', 1, to_date('20050901','YYYYMMDD'), to_date('20060901','YYYYMMDD'), '01440011826', '', '', false);
insert into DiagramParts values('UF91-01_0302-01440012075', 'UF91-01_0302', 05, 'Owner&apos;s handbook, telephone &quot;it&quot;', 'SA633, SA644', 1, to_date('20060901','YYYYMMDD'), to_date('20070301','YYYYMMDD'), '01440012075', '', '', false);
insert into DiagramParts values('UF91-01_0302-01440014359', 'UF91-01_0302', 05, 'Owner&apos;s handbook, telephone &quot;it&quot;', 'SA633, SA644', 1, to_date('20070901','YYYYMMDD'), to_date('20080301','YYYYMMDD'), '01440014359', '', '', false);
insert into DiagramParts values('UF91-01_0302-01442600077', 'UF91-01_0302', 05, 'Owner&apos;s handbook, telephone &quot;it&quot;', 'SA633, SA644', 1, to_date('20050901','YYYYMMDD'), to_date('20060301','YYYYMMDD'), '01442600077', '', '', false);
insert into DiagramParts values('UF91-01_0302-01440012063', 'UF91-01_0302', 05, 'Owner&apos;s handbook, telephone &quot;it&quot;', 'SA633, SA644', 1, to_date('20060301','YYYYMMDD'), to_date('20060901','YYYYMMDD'), '01440012063', '', '', false);
insert into DiagramParts values('UF91-01_0302-01450011827', 'UF91-01_0302', 06, 'Owner&apos;s handbook, telephone &quot;sv&quot;', 'SA633, SA644', 1, to_date('20050901','YYYYMMDD'), to_date('20060901','YYYYMMDD'), '01450011827', '', '', false);
insert into DiagramParts values('UF91-01_0302-01450012076', 'UF91-01_0302', 06, 'Owner&apos;s handbook, telephone &quot;sv&quot;', 'SA633, SA644', 1, to_date('20060901','YYYYMMDD'), to_date('20070301','YYYYMMDD'), '01450012076', '', '', false);
insert into DiagramParts values('UF91-01_0302-01450014360', 'UF91-01_0302', 06, 'Owner&apos;s handbook, telephone &quot;sv&quot;', 'SA633, SA644', 1, to_date('20070901','YYYYMMDD'), to_date('20080301','YYYYMMDD'), '01450014360', '', '', false);
insert into DiagramParts values('UF91-01_0302-01452600078', 'UF91-01_0302', 06, 'Owner&apos;s handbook, telephone &quot;sv&quot;', 'SA633, SA644', 1, to_date('20050901','YYYYMMDD'), to_date('20060301','YYYYMMDD'), '01452600078', '', '', false);
insert into DiagramParts values('UF91-01_0302-01450012064', 'UF91-01_0302', 06, 'Owner&apos;s handbook, telephone &quot;sv&quot;', 'SA633, SA644', 1, to_date('20060301','YYYYMMDD'), to_date('20060901','YYYYMMDD'), '01450012064', '', '', false);
insert into DiagramParts values('UF91-01_0302-01460011828', 'UF91-01_0302', 07, 'Owner&apos;s handbook, telephone &quot;nl&quot;', 'SA633, SA644', 1, to_date('20050901','YYYYMMDD'), to_date('20060901','YYYYMMDD'), '01460011828', '', '', false);
insert into DiagramParts values('UF91-01_0302-01460012077', 'UF91-01_0302', 07, 'Owner&apos;s handbook, telephone &quot;nl&quot;', 'SA633, SA644', 1, to_date('20060901','YYYYMMDD'), to_date('20070301','YYYYMMDD'), '01460012077', '', '', false);
insert into DiagramParts values('UF91-01_0302-01460014361', 'UF91-01_0302', 07, 'Owner&apos;s handbook, telephone &quot;nl&quot;', 'SA633, SA644', 1, to_date('20070901','YYYYMMDD'), to_date('20080301','YYYYMMDD'), '01460014361', '', '', false);
insert into DiagramParts values('UF91-01_0302-01462600079', 'UF91-01_0302', 07, 'Owner&apos;s handbook, telephone &quot;nl&quot;', 'SA633, SA644', 1, to_date('20050901','YYYYMMDD'), to_date('20060301','YYYYMMDD'), '01462600079', '', '', false);
insert into DiagramParts values('UF91-01_0302-01460012065', 'UF91-01_0302', 07, 'Owner&apos;s handbook, telephone &quot;nl&quot;', 'SA633, SA644', 1, to_date('20060301','YYYYMMDD'), to_date('20060901','YYYYMMDD'), '01460012065', '', '', false);
insert into DiagramParts values('UF91-01_0302-01470011829', 'UF91-01_0302', 08, 'Owner&apos;s handbook, telephone &quot;ar&quot;', 'SA633, SA644', 1, to_date('20050901','YYYYMMDD'), to_date('20060901','YYYYMMDD'), '01470011829', '', '', false);
insert into DiagramParts values('UF91-01_0302-01470012078', 'UF91-01_0302', 08, 'Owner&apos;s handbook, telephone &quot;ar&quot;', 'SA633, SA644', 1, to_date('20060901','YYYYMMDD'), to_date('20070301','YYYYMMDD'), '01470012078', '', '', false);
insert into DiagramParts values('UF91-01_0302-01470014362', 'UF91-01_0302', 08, 'Owner&apos;s handbook, telephone &quot;ar&quot;', 'SA633, SA644', 1, to_date('20070901','YYYYMMDD'), to_date('20080301','YYYYMMDD'), '01470014362', '', '', false);
insert into DiagramParts values('UF91-01_0302-01472600080', 'UF91-01_0302', 08, 'Owner&apos;s handbook, telephone &quot;ar&quot;', 'SA633, SA644', 1, to_date('20050901','YYYYMMDD'), to_date('20060301','YYYYMMDD'), '01472600080', '', '', false);
insert into DiagramParts values('UF91-01_0302-01470012066', 'UF91-01_0302', 08, 'Owner&apos;s handbook, telephone &quot;ar&quot;', 'SA633, SA644', 1, to_date('20060301','YYYYMMDD'), to_date('20060901','YYYYMMDD'), '01470012066', '', '', false);
insert into DiagramParts values('UF91-01_0302-01480011830', 'UF91-01_0302', 09, 'Owner&apos;s handbook, telephone &quot;da&quot;', 'SA633, SA644', 1, to_date('20050901','YYYYMMDD'), to_date('20060901','YYYYMMDD'), '01480011830', '', '', false);
insert into DiagramParts values('UF91-01_0302-01480012079', 'UF91-01_0302', 09, 'Owner&apos;s handbook, telephone &quot;da&quot;', 'SA633, SA644', 1, to_date('20060901','YYYYMMDD'), to_date('20070301','YYYYMMDD'), '01480012079', '', '', false);
insert into DiagramParts values('UF91-01_0302-01480014363', 'UF91-01_0302', 09, 'Owner&apos;s handbook, telephone &quot;da&quot;', 'SA633, SA644', 1, to_date('20070901','YYYYMMDD'), to_date('20080301','YYYYMMDD'), '01480014363', '', '', false);
insert into DiagramParts values('UF91-01_0302-01482600081', 'UF91-01_0302', 09, 'Owner&apos;s handbook, telephone &quot;da&quot;', 'SA633, SA644', 1, to_date('20050901','YYYYMMDD'), to_date('20060301','YYYYMMDD'), '01482600081', '', '', false);
insert into DiagramParts values('UF91-01_0302-01480012067', 'UF91-01_0302', 09, 'Owner&apos;s handbook, telephone &quot;da&quot;', 'SA633, SA644', 1, to_date('20060301','YYYYMMDD'), to_date('20060901','YYYYMMDD'), '01480012067', '', '', false);
insert into DiagramParts values('UF91-01_0302-01490011831', 'UF91-01_0302', 10, 'Owner&apos;s handbook, telephone &quot;pt&quot;', 'SA633, SA644', 1, to_date('20050901','YYYYMMDD'), to_date('20060901','YYYYMMDD'), '01490011831', '', '', false);
insert into DiagramParts values('UF91-01_0302-01490012080', 'UF91-01_0302', 10, 'Owner&apos;s handbook, telephone &quot;pt&quot;', 'SA633, SA644', 1, to_date('20060901','YYYYMMDD'), to_date('20070301','YYYYMMDD'), '01490012080', '', '', false);
insert into DiagramParts values('UF91-01_0302-01490014364', 'UF91-01_0302', 10, 'Owner&apos;s handbook, telephone &quot;pt&quot;', 'SA633, SA644', 1, to_date('20070901','YYYYMMDD'), to_date('20080301','YYYYMMDD'), '01490014364', '', '', false);
insert into DiagramParts values('UF91-01_0302-01492600082', 'UF91-01_0302', 10, 'Owner&apos;s handbook, telephone &quot;pt&quot;', 'SA633, SA644', 1, to_date('20050901','YYYYMMDD'), to_date('20060301','YYYYMMDD'), '01492600082', '', '', false);
insert into DiagramParts values('UF91-01_0302-01490012068', 'UF91-01_0302', 10, 'Owner&apos;s handbook, telephone &quot;pt&quot;', 'SA633, SA644', 1, to_date('20060301','YYYYMMDD'), to_date('20060901','YYYYMMDD'), '01490012068', '', '', false);
insert into DiagramParts values('UF91-01_0302-01490011833', 'UF91-01_0302', 13, 'Owner&apos;s handbook, telephone &quot;el&quot;', 'SA633, SA644', 1, to_date('20050901','YYYYMMDD'), to_date('20060901','YYYYMMDD'), '01490011833', '', '', false);
insert into DiagramParts values('UF91-01_0302-01490014366', 'UF91-01_0302', 13, 'Owner&apos;s handbook, telephone &quot;el&quot;', 'SA633, SA644', 1, to_date('20070901','YYYYMMDD'), to_date('20080301','YYYYMMDD'), '01490014366', '', '', false);
insert into DiagramParts values('UF91-01_0302-01492600084', 'UF91-01_0302', 13, 'Owner&apos;s handbook, telephone &quot;el&quot;', 'SA633, SA644', 1, to_date('20050901','YYYYMMDD'), to_date('20060301','YYYYMMDD'), '01492600084', '', '', false);
insert into DiagramParts values('UF91-01_0302-01490012070', 'UF91-01_0302', 13, 'Owner&apos;s handbook, telephone &quot;el&quot;', 'SA633, SA644', 1, to_date('20060301','YYYYMMDD'), to_date('20060901','YYYYMMDD'), '01490012070', '', '', false);
insert into DiagramParts values('UF91-01_0302-01490011832', 'UF91-01_0302', 14, 'Owner&apos;s handbook, telephone &quot;zh&quot;', 'SA633, SA644', 1, to_date('20050901','YYYYMMDD'), to_date('20060901','YYYYMMDD'), '01490011832', '', '', false);
insert into DiagramParts values('UF91-01_0302-01490014365', 'UF91-01_0302', 14, 'Owner&apos;s handbook, telephone &quot;zh&quot;', 'SA633, SA644', 1, to_date('20070901','YYYYMMDD'), to_date('20080301','YYYYMMDD'), '01490014365', '', '', false);
insert into DiagramParts values('UF91-01_0302-01492600083', 'UF91-01_0302', 14, 'Owner&apos;s handbook, telephone &quot;zh&quot;', 'SA633, SA644', 1, to_date('20050901','YYYYMMDD'), to_date('20060301','YYYYMMDD'), '01492600083', '', '', false);
insert into DiagramParts values('UF91-01_0302-01490012069', 'UF91-01_0302', 14, 'Owner&apos;s handbook, telephone &quot;zh&quot;', 'SA633, SA644', 1, to_date('20060301','YYYYMMDD'), to_date('20060901','YYYYMMDD'), '01490012069', '', '', false);
insert into Diagram values('UF91-01_0302','UF91-20050400','01-14','E87 130i   Universal BMW mobile phone preparat.','');
insert into Diagram values('UF91-01_1128','UF91-20050400','01-19','E87 130i   EC Certificate of Conformity','');
insert into Diagram values('UF91-01_0169','UF91-20050400','01-21','E87 130i   Logbook slipcase BMW','');
insert into Diagram values('UF91-01_1140','UF91-20050400','01-21','E87 130i   Logbook slipcase BMW','');
insert into DiagramParts values('UF91-01_0029-01412600068', 'UF91-01_0029', 01, 'Supplem. to owner&apos;s manual, Australia', 'E87, MJ 2006', 1, to_date('20050901','YYYYMMDD'), to_date('20060301','YYYYMMDD'), '01412600068', '', '', false);
insert into DiagramParts values('UF91-01_0029-01410012043', 'UF91-01_0029', 01, 'Supplem. to owner&apos;s manual, Australia', 'E87, MJ 2006', 1, to_date('20060301','YYYYMMDD'), to_date('20070301','YYYYMMDD'), '01410012043', '', '', false);
insert into Diagram values('UF91-01_0029','UF91-20050400','01-24','E87 130i   Supplem. to owner&apos;s manual, Australia','');
insert into DiagramParts values('UF91-01_0589-01400011971', 'UF91-01_0589', 01, 'Service booklet, German', 'E87, E90, E91', 1, to_date('20040601','YYYYMMDD'), to_date('20060901','YYYYMMDD'), '01400011971', '', '', false);
insert into DiagramParts values('UF91-01_0589-01400013061', 'UF91-01_0589', 01, 'Service booklet, German', 'E8X, E9X', 1, to_date('20060901','YYYYMMDD'), to_date('20070901','YYYYMMDD'), '01400013061', '', '', false);
insert into DiagramParts values('UF91-01_0589-01410011972', 'UF91-01_0589', 02, 'Service booklet, English', 'E87, E90, E91', 1, to_date('20040601','YYYYMMDD'), to_date('20060901','YYYYMMDD'), '01410011972', '', '', false);
insert into DiagramParts values('UF91-01_0589-01410013062', 'UF91-01_0589', 02, 'Service booklet, English', 'E8X, E9X', 1, to_date('20060901','YYYYMMDD'), to_date('20070901','YYYYMMDD'), '01410013062', '', '', false);
insert into DiagramParts values('UF91-01_0589-01420011973', 'UF91-01_0589', 03, 'Service booklet, French', 'E87, E90, E91', 1, to_date('20040601','YYYYMMDD'), to_date('20060901','YYYYMMDD'), '01420011973', '', '', false);
insert into DiagramParts values('UF91-01_0589-01420013063', 'UF91-01_0589', 03, 'Service booklet, French', 'E8X, E9X', 1, to_date('20060901','YYYYMMDD'), to_date('20070901','YYYYMMDD'), '01420013063', '', '', false);
insert into DiagramParts values('UF91-01_0589-01430011974', 'UF91-01_0589', 04, 'Service booklet, Spanish', 'E87, E90, E91', 1, to_date('20040601','YYYYMMDD'), to_date('20060901','YYYYMMDD'), '01430011974', '', '', false);
insert into DiagramParts values('UF91-01_0589-01430013064', 'UF91-01_0589', 04, 'Service booklet, Spanish', 'E8X, E9X', 1, to_date('20060901','YYYYMMDD'), to_date('20070901','YYYYMMDD'), '01430013064', '', '', false);
insert into DiagramParts values('UF91-01_0589-01440011975', 'UF91-01_0589', 05, 'Service booklet, Italian', 'E87, E90, E91', 1, to_date('20040601','YYYYMMDD'), to_date('20060901','YYYYMMDD'), '01440011975', '', '', false);
insert into DiagramParts values('UF91-01_0589-01440013065', 'UF91-01_0589', 05, 'Service booklet, Italian', 'E8X, E9X', 1, to_date('20060901','YYYYMMDD'), to_date('20070901','YYYYMMDD'), '01440013065', '', '', false);
insert into DiagramParts values('UF91-01_0589-01450011976', 'UF91-01_0589', 06, 'Service booklet, Swedish', 'E87, E90, E91', 1, to_date('20040601','YYYYMMDD'), to_date('20060901','YYYYMMDD'), '01450011976', '', '', false);
insert into DiagramParts values('UF91-01_0589-01450013066', 'UF91-01_0589', 06, 'Service booklet, Swedish', 'E8X, E9X', 1, to_date('20060901','YYYYMMDD'), to_date('20070901','YYYYMMDD'), '01450013066', '', '', false);
insert into DiagramParts values('UF91-01_0589-01460011977', 'UF91-01_0589', 07, 'Service booklet, Dutch', 'E87, E90, E91', 1, to_date('20040601','YYYYMMDD'), to_date('20060901','YYYYMMDD'), '01460011977', '', '', false);
insert into DiagramParts values('UF91-01_0589-01460013067', 'UF91-01_0589', 07, 'Service booklet, Dutch', 'E8X, E9X', 1, to_date('20060901','YYYYMMDD'), to_date('20070901','YYYYMMDD'), '01460013067', '', '', false);
insert into DiagramParts values('UF91-01_0589-01470011978', 'UF91-01_0589', 08, 'Service booklet, Arabic', 'E87, E90, E91', 1, to_date('20040601','YYYYMMDD'), to_date('20060901','YYYYMMDD'), '01470011978', '', '', false);
insert into DiagramParts values('UF91-01_0589-01470013068', 'UF91-01_0589', 08, 'Service booklet, Arabic', 'E8X, E9X', 1, to_date('20060901','YYYYMMDD'), to_date('20070901','YYYYMMDD'), '01470013068', '', '', false);
insert into DiagramParts values('UF91-01_0589-01480011979', 'UF91-01_0589', 09, 'Service booklet, Danish', 'E87, E90, E91', 1, to_date('20040601','YYYYMMDD'), to_date('20060901','YYYYMMDD'), '01480011979', '', '', false);
insert into DiagramParts values('UF91-01_0589-01480013069', 'UF91-01_0589', 09, 'Service booklet, Danish', 'E8X, E9X', 1, to_date('20060901','YYYYMMDD'), to_date('20070901','YYYYMMDD'), '01480013069', '', '', false);
insert into DiagramParts values('UF91-01_0589-01490011980', 'UF91-01_0589', 10, 'Service booklet, Portuguese', 'E87, E90, E91', 1, to_date('20040601','YYYYMMDD'), to_date('20060901','YYYYMMDD'), '01490011980', '', '', false);
insert into DiagramParts values('UF91-01_0589-01490013070', 'UF91-01_0589', 10, 'Service booklet, Portuguese', 'E8X, E9X', 1, to_date('20060901','YYYYMMDD'), to_date('20070901','YYYYMMDD'), '01490013070', '', '', false);
insert into DiagramParts values('UF91-01_0589-01490011982', 'UF91-01_0589', 11, 'Service booklet, greek', 'E87, E90, E91', 1, to_date('20040601','YYYYMMDD'), to_date('20060901','YYYYMMDD'), '01490011982', '', '', false);
insert into DiagramParts values('UF91-01_0589-01490013071', 'UF91-01_0589', 11, 'Service booklet, greek', 'E8X, E9X', 1, to_date('20060901','YYYYMMDD'), to_date('20070901','YYYYMMDD'), '01490013071', '', '', false);
insert into DiagramParts values('UF91-01_0589-01490011981', 'UF91-01_0589', 12, 'Service booklet, Chinese', 'E87, E90, E91', 1, to_date('20040601','YYYYMMDD'), to_date('20060901','YYYYMMDD'), '01490011981', '', '', false);
insert into DiagramParts values('UF91-01_0589-01490013596', 'UF91-01_0589', 12, 'Service booklet, Chinese', 'E8X, E9X', 1, to_date('20060901','YYYYMMDD'), to_date('20070901','YYYYMMDD'), '01490013596', '', '', false);
insert into DiagramParts values('UF91-01_0589-01490013656', 'UF91-01_0589', 13, 'Service manual in Korean', 'E8X, E9X', 1, to_date('20060901','YYYYMMDD'), to_date('20070901','YYYYMMDD'), '01490013656', '', '', false);
insert into Diagram values('UF91-01_0589','UF91-20050400','01-26','E87 130i   BMW Service booklet 2004 - 2008','');
insert into Diagram values('UF91-01_0670','UF91-20050400','01-35','E87 130i   battery charge calendar','');
insert into Diagram values('UF91-01_0681','UF91-20050400','01-40','E87 130i   BMW Service plug unit','');
insert into Diagram values('UF91-01_0680','UF91-20050400','01-46','E87 130i   Service information, BMW','');
insert into Diagram values('UF91-01_0233','UF91-20050400','01-52','E87 130i   Mounting information, Owner&apos;s Manual BMW','');
insert into Diagram values('UF91-01_0299','UF91-20050400','01-52','E87 130i   BMW assembly instructions','');
insert into Diagram values('UF91-01_0635','UF91-20050400','01-60','E87 130i   BMW form','');
insert into Diagram values('UF91-01_0636','UF91-20050400','01-62','E87 130i   Trailer, BMW','');
insert into Diagram values('UF91-01_0637','UF91-20050400','01-64','E87 130i   Sticker, BMW','');
insert into Diagram values('UF91-01_0639','UF91-20050400','01-65','E87 130i   Labels BMW','');
insert into Diagram values('UF91-01_0612','UF91-20050400','01-70','E87 130i   CD/DVD SIP German BMW','');
insert into DiagramParts values('UF91-01_0671-01399789699', 'UF91-01_0671', 01, 'CD literature', 'LITERATUR', 1, to_date('19820901','YYYYMMDD'), to_date('19901201','YYYYMMDD'), '01399789699', '$8.11', '', false);
insert into Diagram values('UF91-01_0671','UF91-20050400','01-70','E87 130i   BMW CD/DVD miscellaneous','');
insert into Diagram values('UF91-01_0737','UF91-20050400','01-70','E87 130i   CD/DVD SIP complete vehicle BMW','');
insert into Diagram values('UF91-01_1172','UF91-20050400','01-70','E87 130i   DVD Web Based Training','');
insert into Diagram values('UF91-01_1045','UF91-20050400','01-94','E87 130i   Samples, upholstery colors, leather/fabr','');
insert into Diagram values('UF91-01_1046','UF91-20050400','01-94','E87 130i   Sample page, upholstery colors, fabric','');
insert into Diagram values('UF91-01_1047','UF91-20050400','01-94','E87 130i   Sample chart, upholstery colors, leather','');
insert into Diagram values('UF91-01_1048','UF91-20050400','01-94','E87 130i   Sample chart with interior moldings','');
insert into Diagram values('UF91-01_1049','UF91-20050400','01-94','E87 130i   Sample chart with interior moldings','');
insert into Diagram values('UF91-01_1050','UF91-20050400','01-94','E87 130i   Sample chart with interior moldings','');
insert into Diagram values('UF91-01_1051','UF91-20050400','01-94','E87 130i   Sample chart with interior colors','');
insert into Diagram values('UF91-01_1052','UF91-20050400','01-94','E87 130i   Sample chart with interior colors','');
insert into Diagram values('UF91-11_3730','UF91-20050400','11-05','E87 130i   Short Engine','');
insert into Diagram values('UF91-11_3731','UF91-20050400','11-10','E87 130i   Engine block','');
insert into Diagram values('UF91-11_3732','UF91-20050400','11-10','E87 130i   Engine Block Mounting Parts','');
insert into Diagram values('UF91-11_3733','UF91-20050400','11-10','E87 130i   Oil Pan','');
insert into Diagram values('UF91-11_3742','UF91-20050400','11-10','E87 130i   Cylinder crankcase/Heli-Coil insert','');
insert into Diagram values('UF91-11_3834','UF91-20050400','11-10','E87 130i   Oil Pan','');
insert into Diagram values('UF91-11_3734','UF91-20050400','11-15','E87 130i   Cylinder Head','');
insert into Diagram values('UF91-11_3735','UF91-20050400','11-15','E87 130i   Cylinder Head Attached Parts','');
insert into Diagram values('UF91-11_3736','UF91-20050400','11-15','E87 130i   Cylinder head, electr. add-on parts','');
insert into Diagram values('UF91-11_3737','UF91-20050400','11-15','E87 130i   Cylinder head cover','');
insert into Diagram values('UF91-11_3738','UF91-20050400','11-15','E87 130i   Crankcase-Ventilation/oil separator','');
insert into Diagram values('UF91-11_3739','UF91-20050400','11-18','E87 130i   Belt Drive-Vibration Damper','');
insert into Diagram values('UF91-11_3740','UF91-20050400','11-18','E87 130i   Belt drive-generator/AC/power steering','');
insert into Diagram values('UF91-11_3185','UF91-20050400','11-20','E87 130i   Crankshaft Connecting Rod','');
insert into Diagram values('UF91-11_3186','UF91-20050400','11-20','E87 130i   Crankshaft-Pistons','');
insert into Diagram values('UF91-11_3187','UF91-20050400','11-20','E87 130i   Flywheel / Twin Mass Flywheel','');
insert into Diagram values('UF91-11_3188','UF91-20050400','11-20','E87 130i   Flywheel automatic','');
insert into Diagram values('UF91-11_3741','UF91-20050400','11-20','E87 130i   Crankshaft With Bearing Shells','');
insert into Diagram values('UF91-11_3746','UF91-20050400','11-25','E87 130i   Timing and valve train-timing chain','');
insert into Diagram values('UF91-11_3747','UF91-20050400','11-25','E87 130i   Valve timing gear, camshaft, inlet','');
insert into Diagram values('UF91-11_3748','UF91-20050400','11-25','E87 130i   Valve timing gear, eccentric shaft','');
insert into Diagram values('UF91-11_3750','UF91-20050400','11-25','E87 130i   Valve timing gear, camshaft, outlet','');
insert into Diagram values('UF91-11_3751','UF91-20050400','11-30','E87 130i   Lubrication system/Oil pump','');
insert into Diagram values('UF91-11_3752','UF91-20050400','11-30','E87 130i   Lubrication system/Oil pump drive','');
insert into Diagram values('UF91-11_3753','UF91-20050400','11-30','E87 130i   Lubricat.syst.-oil filter,heat exchanger','');
insert into Diagram values('UF91-11_3754','UF91-20050400','11-35','E87 130i   Waterpump - Thermostat','');
insert into DiagramParts values('UF91-11_3755-07129905030', 'UF91-11_3755', 18, 'ASA-Bolt', 'M6X12', 1, to_date('20040901','YYYYMMDD'), to_date('20070401','YYYYMMDD'), '07129905030', '$1.53', '', false);
insert into Diagram values('UF91-11_3755','UF91-20050400','11-35','E87 130i   Cooling System Water Hoses','');
insert into Diagram values('UF91-11_3756','UF91-20050400','11-40','E87 130i   Intake manifold system','');
insert into Diagram values('UF91-11_3757','UF91-20050400','11-40','E87 130i   MOUNTING PARTS F INTAKE MANIFOLD SYSTEM','');
insert into Diagram values('UF91-11_3758','UF91-20050400','11-45','E87 130i   Vacuum pump','');
insert into Diagram values('UF91-12_1139','UF91-20050400','12-05','E87 130i   Sensors','');
insert into DiagramParts values('UF91-12_1417-12137551049', 'UF91-12_1417', 01, 'Ignition coil', 'BOSCH', 6, to_date('20060401','YYYYMMDD'), to_date('20071001','YYYYMMDD'), '12137551049', '', 'ENDED', false);
insert into DiagramParts values('UF91-12_1417-12137571643', 'UF91-12_1417', 01, 'Ignition coil', 'BOSCH', 6, to_date('20060401','YYYYMMDD'), to_date('20090301','YYYYMMDD'), '12137571643', '', 'ENDED', false);
insert into Diagram values('UF91-12_1417','UF91-20050400','12-05','E87 130i   Ignition coil/spark plug','');
insert into Diagram values('UF91-12_1359','UF91-20050400','12-10','E87 130i   Basic cotrol unit DME / MSV70','');
insert into Diagram values('UF91-12_1198','UF91-20050400','12-20','E87 130i   Generator','');
insert into Diagram values('UF91-12_1245','UF91-20050400','12-22','E87 130i   Alternator, individual parts','');
insert into Diagram values('UF91-12_1161','UF91-20050400','12-25','E87 130i   Starter','');
insert into Diagram values('UF91-12_1070','UF91-20050400','12-28','E87 130i   Engine wiring harness, engine module','');
insert into Diagram values('UF91-12_1095','UF91-20050400','12-28','E87 130i   wiring harness, engine trans. module','');
insert into Diagram values('UF91-12_1341','UF91-20050400','12-28','E87 130i   Cable harness injection valve/ignition','');
insert into Diagram values('UF91-12_1339','UF91-20050400','12-29','E87 130i   Cable starter','');
insert into Diagram values('UF91-12_1376','UF91-20050400','12-30','E87 130i   Interference-suppression band','');
insert into Diagram values('UF91-12_1238','UF91-20050400','12-31','E87 130i   CABLE HOLDER/COVERING','');
insert into Diagram values('UF91-12_1328','UF91-20050400','12-31','E87 130i   Cable Harness Fixings','');
insert into Diagram values('UF91-12_1340','UF91-20050400','12-31','E87 130i   Cable Harness Fixings','');
insert into Diagram values('UF91-12_1043','UF91-20050400','12-32','E87 130i   Laminated contacts/spring contacts','');
insert into Diagram values('UF91-12_1249','UF91-20050400','12-32','E87 130i   End cap','');
insert into Diagram values('UF91-12_1459','UF91-20050400','12-32','E87 130i   Contact system MLK','');
insert into Diagram values('UF91-12_1205','UF91-20050400','12-35','E87 130i   RELAY MOTOR','');
insert into Diagram values('UF91-12_1327','UF91-20050400','12-35','E87 130i   Control unit box','');
insert into Diagram values('UF91-13_1034','UF91-20050400','13-15','E87 130i   FUEL TANK BREATHER VALVE','');
insert into Diagram values('UF91-13_1129','UF91-20050400','13-15','E87 130i   FUEL INJECTION SYSTEM/INJECTION VALVE','');
insert into Diagram values('UF91-13_1130','UF91-20050400','13-15','E87 130i   Throttle Housing Assy','');
insert into Diagram values('UF91-13_1165','UF91-20050400','13-20','E87 130i   Intake muffler/Filter cartridge/HFM','');
insert into Diagram values('UF91-13_1280','UF91-20050400','13-95','E87 130i   BMW Performance air-induction system','');
insert into Diagram values('UF91-16_0595','UF91-20050400','16-05','E87 130i   Fuel tank/mounting parts','');
insert into Diagram values('UF91-16_0597','UF91-20050400','16-10','E87 130i   Activated Charcoal Filter/FUEL VENTILAT','');
insert into Diagram values('UF91-16_0596','UF91-20050400','16-15','E87 130i   Fuel pipes / Mounting parts','');
insert into Diagram values('UF91-16_0598','UF91-20050400','16-15','E87 130i   Control unit for fuel pump','');
insert into Diagram values('UF91-16_0601','UF91-20050400','16-15','E87 130i   Fuel filter/pump/fuel level sensor','');
insert into Diagram values('UF91-17_0319','UF91-20050400','17-05','E87 130i   Oil-cooler pipe/heat exchanger','');
insert into Diagram values('UF91-17_0322','UF91-20050400','17-05','E87 130i   Expansion tank','');
insert into Diagram values('UF91-17_0323','UF91-20050400','17-05','E87 130i   MOUNTING PARTS F RADIATOR','');
insert into Diagram values('UF91-17_0324','UF91-20050400','17-05','E87 130i   Fan housing, mounting parts','');
insert into Diagram values('UF91-17_0350','UF91-20050400','17-30','E87 130i   Cooling System Water Hoses','');
insert into Diagram values('UF91-17_0351','UF91-20050400','17-30','E87 130i   Cooling System Water Hoses','');
insert into DiagramParts values('UF91-17_0699-07129905030', 'UF91-17_0699', 16, 'ASA-Bolt', 'M6X12', 1, to_date('20040901','YYYYMMDD'), to_date('20070401','YYYYMMDD'), '07129905030', '$1.53', '', false);
insert into Diagram values('UF91-17_0699','UF91-20050400','17-30','E87 130i   Cooling system coolant hoses','');
insert into DiagramParts values('UF91-17_0700-07129905030', 'UF91-17_0700', 16, 'ASA-Bolt', 'M6X12', 1, to_date('20040901','YYYYMMDD'), to_date('20070401','YYYYMMDD'), '07129905030', '$1.53', '', false);
insert into Diagram values('UF91-17_0700','UF91-20050400','17-30','E87 130i   Cooling system coolant hoses','');
insert into DiagramParts values('UF91-17_0701-07129905030', 'UF91-17_0701', 16, 'ASA-Bolt', 'M6X12', 1, to_date('20040901','YYYYMMDD'), to_date('20070401','YYYYMMDD'), '07129905030', '$1.53', '', false);
insert into Diagram values('UF91-17_0701','UF91-20050400','17-30','E87 130i   Cooling system coolant hoses','');
insert into Diagram values('UF91-18_0587','UF91-20050400','18-10','E87 130i   Exhaust manifold with catalyst','');
insert into Diagram values('UF91-18_0610','UF91-20050400','18-10','E87 130i   Lambda Probe Fixings','');
insert into Diagram values('UF91-18_0619','UF91-20050400','18-10','E87 130i   FRONT MUFFLER','');
insert into Diagram values('UF91-18_0620','UF91-20050400','18-20','E87 130i   Exhaust system, rear','');
insert into Diagram values('UF91-18_0667','UF91-20050400','18-20','E87 130i   Vacuum control, exhaust flap','');
insert into Diagram values('UF91-18_0781','UF91-20050400','18-95','E87 130i   BMW Performance muffler system','');
insert into Diagram values('UF91-21_0229','UF91-20050400','21-05','E87 130i   Clutch','');
insert into Diagram values('UF91-21_0199','UF91-20050400','21-10','E87 130i   Clutch control','');
insert into Diagram values('UF91-22_0113','UF91-20050400','22-05','E87 130i   Engine Suspension','');
insert into Diagram values('UF91-22_0106','UF91-20050400','22-10','E87 130i   Gearbox suspension','');
insert into Diagram values('UF91-23_0918','UF91-20050400','23-05','E87 130i   Manual transmission GS6-37BZ/DZ','');
insert into Diagram values('UF91-23_0979','UF91-20050400','23-10','E87 130i   GEARBOX MOUNTING PARTS','');
insert into Diagram values('UF91-23_1053','UF91-20050400','23-15','E87 130i   GS6-37BZ/DZ Sealing and mount. parts','');
insert into Diagram values('UF91-23_1054','UF91-20050400','23-15','E87 130i   GS6-37BZ/DZ Gear shift components','');
insert into Diagram values('UF91-24_1024','UF91-20050400','24-05','E87 130i   Automatic transmission GA6HP19Z','');
insert into Diagram values('UF91-24_1059','UF91-20050400','24-10','E87 130i   GEARBOX MOUNTING PARTS','');
insert into Diagram values('UF91-24_1042','UF91-20050400','24-15','E87 130i   GA6HP19Z housing with mounting parts','');
insert into Diagram values('UF91-24_1044','UF91-20050400','24-15','E87 130i   GA6HP19Z oil pan','');
insert into DiagramParts values('UF91-24_1045-24207571212', 'UF91-24_1045', 05, 'Shaft seal', '28X35,5X5,2', 1, to_date('20020901','YYYYMMDD'), to_date('20110901','YYYYMMDD'), '24207571212', '', 'ENDED', false);
insert into Diagram values('UF91-24_1045','UF91-20050400','24-15','E87 130i   GA6HP19Z output','');
insert into Diagram values('UF91-24_1046','UF91-20050400','24-15','E87 130i   GA6HP19Z Mechatronics','');
insert into Diagram values('UF91-24_1047','UF91-20050400','24-15','E87 130i   GA6HP19Z Mechatronics mounting parts','');
insert into Diagram values('UF91-24_1372','UF91-20050400','24-15','E87 130i   Fluid-change kit, autom. transmission','');
insert into Diagram values('UF91-25_0388','UF91-20050400','25-05','E87 130i   Gearbox shifting part','');
insert into Diagram values('UF91-25_0383','UF91-20050400','25-10','E87 130i   GEAR SHIFT KNOBS/SHIFT LEVER COVERINGS','');
insert into Diagram values('UF91-25_0461','UF91-20050400','25-10','E87 130i   Performance shift knob','');
insert into Diagram values('UF91-25_0436','UF91-20050400','25-20','E87 130i   AUTOM.TRANSMISS.STEPTRONIC SHIFT PARTS','');
insert into Diagram values('UF91-25_0384','UF91-20050400','25-25','E87 130i   Selector lever handles / Covers','');
insert into Diagram values('UF91-25_0419','UF91-20050400','25-95','E87 130i   Retrofit, wooden selector lever knob','');
insert into Diagram values('UF91-25_0439','UF91-20050400','25-95','E87 130i   Retrofit, sport switch knob','');
insert into Diagram values('UF91-25_0477','UF91-20050400','25-95','E87 130i   BMW Performance shift, manual trans.','');
insert into Diagram values('UF91-25_0481','UF91-20050400','25-95','E87 130i   BMW Performance shift, manual trans.','');
insert into Diagram values('UF91-25_0484','UF91-20050400','25-95','E87 130i   BMW Performance selector lever handle','');
insert into Diagram values('UF91-26_0216','UF91-20050400','26-05','E87 130i   Drive shaft/HAG-universal joint','');
insert into Diagram values('UF91-26_0218','UF91-20050400','26-10','E87 130i   Center bearing/HAG Hardy coupling','');
insert into Diagram values('UF91-27_0034','UF91-20050400','27-95','E87 130i   Retrofit, wooden gearshift knob','');
insert into Diagram values('UF91-31_0693','UF91-20050400','31-05','E87 130i   Frnt axle support,wishbone/tension strut','');
insert into Diagram values('UF91-31_0697','UF91-20050400','31-05','E87 130i   HEADLIGHT VERTICAL AIM CONTROL SENSOR','');
insert into Diagram values('UF91-31_0695','UF91-20050400','31-10','E87 130i   GUIDE SUPPORT/SPRING PAD/ATTACHING PARTS','');
insert into Diagram values('UF91-31_0696','UF91-20050400','31-10','E87 130i   Stabilizer, front','');
insert into Diagram values('UF91-31_0698','UF91-20050400','31-10','E87 130i   FRONT COIL SPRING','');
insert into Diagram values('UF91-31_0736','UF91-20050400','31-10','E87 130i   Front Spring strut/Carrier/Wheel bearing','');
insert into Diagram values('UF91-31_0837','UF91-20050400','31-95','E87 130i   Performance suspension','');
insert into Diagram values('UF91-31_0838','UF91-20050400','31-95','E87 130i   Performance suspension','');
insert into Diagram values('UF91-32_1509','UF91-20050400','32-10','E87 130i   Hydro steering box','');
insert into Diagram values('UF91-32_1562','UF91-20050400','32-10','E87 130i   Hydro steering box-Active steering (AFS)','');
insert into Diagram values('UF91-32_1571','UF91-20050400','32-10','E87 130i   Control unit, active steering','');
insert into Diagram values('UF91-32_1572','UF91-20050400','32-15','E87 130i   Power steering pump','');
insert into Diagram values('UF91-32_1573','UF91-20050400','32-15','E87 130i   Power steering pump/Active steering','');
insert into Diagram values('UF91-32_1567','UF91-20050400','32-20','E87 130i   OIL CARRIER/SINGLE PARTS','');
insert into Diagram values('UF91-32_1568','UF91-20050400','32-20','E87 130i   Oil reservoir/components/Active steering','');
insert into Diagram values('UF91-32_1569','UF91-20050400','32-20','E87 130i   HYDRO STEERING-OIL PIPES','');
insert into Diagram values('UF91-32_1570','UF91-20050400','32-20','E87 130i   HYDRO STEERING-OIL PIPES','');
insert into Diagram values('UF91-32_1574','UF91-20050400','32-20','E87 130i   Power steering/oil pipe/Active steering','');
insert into Diagram values('UF91-32_1575','UF91-20050400','32-20','E87 130i   Power steering/oil pipe/Active steering','');
insert into Diagram values('UF91-32_1510','UF91-20050400','32-25','E87 130i   STEERING LINKAGE/TIE RODS','');
insert into Diagram values('UF91-32_1515','UF91-20050400','32-30','E87 130i   Manually adjust. steering column','');
insert into Diagram values('UF91-32_1516','UF91-20050400','32-30','E87 130i   STEER.COL.-LOWER JOINT ASSY','');
insert into DiagramParts values('UF91-32_1518-32306777630', 'UF91-32_1518', 01, 'Sport steering wheel rim', 'LEDER', 1, to_date('20060201','YYYYMMDD'), to_date('20090901','YYYYMMDD'), '32306777630', '$383.97', '', false);
insert into Diagram values('UF91-32_1518','UF91-20050400','32-35','E87 130i   Airbag sports steering wheel','');
insert into DiagramParts values('UF91-32_1519-32306777630', 'UF91-32_1519', 01, 'Sport steering wheel rim', 'LEDER', 1, to_date('20060201','YYYYMMDD'), to_date('20090901','YYYYMMDD'), '32306777630', '$383.97', '', false);
insert into Diagram values('UF91-32_1519','UF91-20050400','32-35','E87 130i   Airbag sports steering wheel multifunct.','');
insert into Diagram values('UF91-32_1566','UF91-20050400','32-35','E87 130i   Sports st. wheel airbag multif./paddles','');
insert into Diagram values('UF91-32_1605','UF91-20050400','32-35','E87 130i   M sports steer.-wheel, airbag, leather','');
insert into Diagram values('UF91-32_1617','UF91-20050400','32-35','E87 130i   M sports strng whl,airbag,multifunction','');
insert into Diagram values('UF91-32_1635','UF91-20050400','32-35','E87 130i   M Sp. st. wh. airbag multif./paddles','');
insert into Diagram values('UF91-32_1592','UF91-20050400','32-95','E87 130i   Retrofit multi-functional steering wheel','');
insert into Diagram values('UF91-32_1773','UF91-20050400','32-95','E87 130i   Performance steering wheel with display','');
insert into Diagram values('UF91-32_1778','UF91-20050400','32-95','E87 130i   Performance steering wheel with display','');
insert into Diagram values('UF91-32_1834','UF91-20050400','32-95','E87 130i   Performance steering wheel','');
insert into Diagram values('UF91-32_1835','UF91-20050400','32-95','E87 130i   Performance steering wheel','');
insert into Diagram values('UF91-33_1232','UF91-20050400','33-05','E87 130i   DIFFERENTIAL-DRIVE/OUTPUT','');
insert into Diagram values('UF91-33_1236','UF91-20050400','33-10','E87 130i   Final drive, gasket set','');
insert into DiagramParts values('UF91-33_1244-33207561795', 'UF91-33_1244', 01, 'Rmfd-output shaft, left', 'LK=86MM/D=27MM', 1, to_date('20060201','YYYYMMDD'), to_date('20060601','YYYYMMDD'), '33207561795', '$413.51', '', false);
insert into DiagramParts values('UF91-33_1244-33207561796', 'UF91-33_1244', 01, 'Rmfd-output shaft, right', 'LK=86MM/D=27MM', 1, to_date('20060201','YYYYMMDD'), to_date('20060601','YYYYMMDD'), '33207561796', '$413.51', '', false);
insert into Diagram values('UF91-33_1244','UF91-20050400','33-25','E87 130i   Output shaft','');
insert into Diagram values('UF91-33_1229','UF91-20050400','33-30','E87 130i   REAR AXLE CARRIER','');
insert into Diagram values('UF91-33_1230','UF91-20050400','33-30','E87 130i   REAR AXLE SUPPORT/WHEEL SUSPENSION','');
insert into Diagram values('UF91-33_1237','UF91-20050400','33-30','E87 130i   HEADLIGHT VERTICAL AIM CONTROL SENSOR','');
insert into Diagram values('UF91-33_1231','UF91-20050400','33-40','E87 130i   SIDE SHAFT/WHEEL BEARINGS','');
insert into Diagram values('UF91-33_1233','UF91-20050400','33-45','E87 130i   REAR SPRING STRUT MOUNTING PARTS','');
insert into Diagram values('UF91-33_1234','UF91-20050400','33-45','E87 130i   Stabilizer, rear','');
insert into Diagram values('UF91-33_1238','UF91-20050400','33-45','E87 130i   REAR COIL SPRING','');
insert into Diagram values('UF91-33_1338','UF91-20050400','33-95','E87 130i   Retrofit kit M sports suspension','');
insert into Diagram values('UF91-34_1415','UF91-20050400','34-05','E87 130i   Front brake pad wear sensor','');
insert into Diagram values('UF91-34_1766','UF91-20050400','34-07','E87 130i   Front brake-brake disc','');
insert into Diagram values('UF91-34_1418','UF91-20050400','34-10','E87 130i   Rear brake pad wear sensor','');
insert into Diagram values('UF91-34_1767','UF91-20050400','34-12','E87 130i   Rear wheel brake-Brake disc','');
insert into DiagramParts values('UF91-34_1400-34326774427', 'UF91-34_1400', 03, 'Pipe', 'M10/M12-1090MM', 1, to_date('20050701','YYYYMMDD'), to_date('20110401','YYYYMMDD'), '34326774427', '', 'ENDED', false);
insert into DiagramParts values('UF91-34_1400-34326770551', 'UF91-34_1400', 04, 'Pipe', 'M10/M10-2296MM', 1, to_date('20050701','YYYYMMDD'), to_date('20110401','YYYYMMDD'), '34326770551', '$10.13', '', false);
insert into Diagram values('UF91-34_1400','UF91-20050400','34-15','E87 130i   Brake pipe, front','');
insert into Diagram values('UF91-34_1401','UF91-20050400','34-15','E87 130i   Brake pipe, front','');
insert into Diagram values('UF91-34_1402','UF91-20050400','34-17','E87 130i   Brake pipe rear','');
insert into Diagram values('UF91-34_1805','UF91-20050400','34-17','E87 130i   Brake pipe rear','');
insert into Diagram values('UF91-34_1403','UF91-20050400','34-18','E87 130i   BRAKE PIPE REAR/MOUNTING','');
insert into Diagram values('UF91-34_1497','UF91-20050400','34-20','E87 130i   Hydro unit DSC/fastening/sensors','');
insert into Diagram values('UF91-34_1410','UF91-20050400','34-25','E87 130i   Brake master cylinder','');
insert into Diagram values('UF91-34_1481','UF91-20050400','34-27','E87 130i   Power brake unit depression','');
insert into Diagram values('UF91-34_1482','UF91-20050400','34-27','E87 130i   Power brake unit depression','');
insert into Diagram values('UF91-34_1405','UF91-20050400','34-30','E87 130i   Handbrake lever','');
insert into Diagram values('UF91-34_1421','UF91-20050400','34-40','E87 130i   PARKING BRAKE/BRAKE SHOES','');
insert into Diagram values('UF91-34_1384','UF91-20050400','34-95','E87 130i   Retrofit, handbrake handle','');
insert into Diagram values('UF91-34_1562','UF91-20050400','34-95','E87 130i   Handbrake grip with chrome inlay','');
insert into Diagram values('UF91-34_1677','UF91-20050400','34-95','E87 130i   Set of BMW Performance Brakes, front','');
insert into Diagram values('UF91-34_1681','UF91-20050400','34-95','E87 130i   BMW Performance front wheel brake','');
insert into Diagram values('UF91-34_1682','UF91-20050400','34-95','E87 130i   BMW Performance Rear wheel brake','');
insert into Diagram values('UF91-34_1717','UF91-20050400','34-95','E87 130i   BMW Performance parking brake handle','');
insert into Diagram values('UF91-35_0291','UF91-20050400','35-05','E87 130i   Foot lever mech. with return spring','');
insert into Diagram values('UF91-35_0292','UF91-20050400','35-05','E87 130i   Foot lever mech. with return spring','');
insert into Diagram values('UF91-35_0293','UF91-20050400','35-05','E87 130i   Pedal assembly','');
insert into Diagram values('UF91-35_0294','UF91-20050400','35-05','E87 130i   Pedal assembly','');
insert into Diagram values('UF91-35_0274','UF91-20050400','35-20','E87 130i   Acceleration/accelerator pedal module','');
insert into Diagram values('UF91-35_0275','UF91-20050400','35-95','E87 130i   Aluminum pedal covers','');
insert into Diagram values('UF91-35_0315','UF91-20050400','35-95','E87 130i   Set of high-grade steel pedal covers','');
insert into Diagram values('UF91-35_0327','UF91-20050400','35-95','E87 130i   BMW Performance Alu pedal plates','');
insert into Diagram values('UF91-35_0377','UF91-20050400','35-95','E87 130i   Aluminum pedal covers','');
insert into Diagram values('UF91-36_0802','UF91-20050400','36-15','E87 130i   BMW light alloy wheel, V-spoke 141','');
insert into Diagram values('UF91-36_0803','UF91-20050400','36-15','E87 130i   BMW light alloy wheel, spider spoke 142','');
insert into Diagram values('UF91-36_0805','UF91-20050400','36-15','E87 130i   BMW LA wheel/double spoke 178','');
insert into Diagram values('UF91-36_0806','UF91-20050400','36-15','E87 130i   BMW Composite wheel, star spoke 179','');
insert into Diagram values('UF91-36_0807','UF91-20050400','36-15','E87 130i   BMW LA wheel, star spoke 180','');
insert into Diagram values('UF91-36_0808','UF91-20050400','36-15','E87 130i   BMW LA wheel, star spoke 181','');
insert into Diagram values('UF91-36_0809','UF91-20050400','36-15','E87 130i   BMW LA wheel/double spoke 182','');
insert into Diagram values('UF91-36_0903','UF91-20050400','36-15','E87 130i   BMW LA wheel, double spoke 98','');
insert into Diagram values('UF91-36_0926','UF91-20050400','36-15','E87 130i   BMW alloy wheel M V-spoke 217','');
insert into Diagram values('UF91-36_0927','UF91-20050400','36-15','E87 130i   BMW alloy wheel, M double spoke 207','');
insert into Diagram values('UF91-36_0928','UF91-20050400','36-15','E87 130i   BMW alloy wheel, M double spoke 208','');
insert into Diagram values('UF91-36_1054','UF91-20050400','36-15','E87 130i   BMW LA wheel, star spoke 256','');
insert into Diagram values('UF91-36_1108','UF91-20050400','36-15','E87 130i   BMW LA wheel, star spoke 262','');
insert into Diagram values('UF91-36_1109','UF91-20050400','36-15','E87 130i   BMW LA wheel, W spoke 263','');
insert into Diagram values('UF91-36_1130','UF91-20050400','36-15','E87 130i   BMW LA wheel, dual spoke 261','');
insert into Diagram values('UF91-36_1131','UF91-20050400','36-15','E87 130i   BMW Performance LA wheel/double spoke269','');
insert into Diagram values('UF91-36_1135','UF91-20050400','36-15','E87 130i   BMW light alloy wheel, radial spoke 216','');
insert into Diagram values('UF91-36_1315','UF91-20050400','36-15','E87 130i   BMW LA wheel, Star Spoke 311','');
insert into Diagram values('UF91-36_1316','UF91-20050400','36-15','E87 130i   BMW Performance LA wheel DoubleSpoke 313','');
insert into Diagram values('UF91-36_1607','UF91-20050400','36-15','E87 130i   BMW LA wheel Streamline 370','');
insert into Diagram values('UF91-36_1608','UF91-20050400','36-15','E87 130i   BMW LA wheel, Star Spoke 371','');
insert into Diagram values('UF91-36_1709','UF91-20050400','36-15','E87 130i   BMW LA wheel, M Double Spoke 313','');
insert into Diagram values('UF91-36_0812','UF91-20050400','36-20','E87 130i   Balance weight, zinc','');
insert into Diagram values('UF91-36_0811','UF91-20050400','36-25','E87 130i   WHEEL BOLT LOCK WITH ADAPTOR','');
insert into Diagram values('UF91-36_1032','UF91-20050400','36-25','E87 130i   SET WHEEL LOCKS','');
insert into Diagram values('UF91-36_0834','UF91-20050400','36-30','E87 130i   Summer tires','');
insert into Diagram values('UF91-36_1076','UF91-20050400','36-30','E87 130i   Winter tires','');
insert into Diagram values('UF91-36_0958','UF91-20050400','36-95','E87 130i   Winter complete wheel V spoke 141','');
insert into Diagram values('UF91-36_1274','UF91-20050400','36-95','E87 130i   Set emergency wheel with tyre','');
insert into Diagram values('UF91-36_1329','UF91-20050400','36-95','E87 130i   Winterkomplettrad Sternspeiche 256','');
insert into Diagram values('UF91-41_1594','UF91-20050400','41-05','E87 130i   Body skeleton','');
insert into Diagram values('UF91-41_1596','UF91-20050400','41-10','E87 130i   Front side panel','');
insert into Diagram values('UF91-41_1597','UF91-20050400','41-10','E87 130i   WHEELHOUSE/ENGINE SUPPORT','');
insert into Diagram values('UF91-41_1598','UF91-20050400','41-10','E87 130i   SPLASH WALL PARTS','');
insert into Diagram values('UF91-41_1599','UF91-20050400','41-10','E87 130i   FRONT BODY BRACKET LEFT','');
insert into Diagram values('UF91-41_1600','UF91-20050400','41-10','E87 130i   FRONT BODY BRACKET RIGHT','');
insert into Diagram values('UF91-41_1602','UF91-20050400','41-20','E87 130i   Cavity shielding, side frame','');
insert into Diagram values('UF91-41_1603','UF91-20050400','41-20','E87 130i   BODY-SIDE FRAME','');
insert into Diagram values('UF91-41_1604','UF91-20050400','41-20','E87 130i   SINGLE COMPONENTS FOR BODY-SIDE FRAME','');
insert into Diagram values('UF91-41_1605','UF91-20050400','41-20','E87 130i   Partition trunk/Floor parts','');
insert into Diagram values('UF91-41_1606','UF91-20050400','41-25','E87 130i   Mounting parts for trunk floor panel','');
insert into Diagram values('UF91-41_1608','UF91-20050400','41-25','E87 130i   FLOOR PARTS REAR EXTERIOR','');
insert into Diagram values('UF91-41_1609','UF91-20050400','41-25','E87 130i   SIDE PANEL/TAIL TRIM','');
insert into Diagram values('UF91-41_1610','UF91-20050400','41-25','E87 130i   FILL-IN FLAP','');
insert into Diagram values('UF91-41_1601','UF91-20050400','41-30','E87 130i   Roof','');
insert into Diagram values('UF91-41_1611','UF91-20050400','41-35','E87 130i   ENGINE HOOD/MOUNTING PARTS','');
insert into Diagram values('UF91-41_1641','UF91-20050400','41-35','E87 130i   ENGINE HOOD MECHANISM','');
insert into Diagram values('UF91-41_1612','UF91-20050400','41-40','E87 130i   FRONT DOOR-HINGE/DOOR BRAKE','');
insert into Diagram values('UF91-41_1635','UF91-20050400','41-40','E87 130i   Door weatherstrip front','');
insert into DiagramParts values('UF91-41_1639-51210037535', 'UF91-41_1639', 05, 'Set of keys with CAS control unit', '315 MHZ', 1, to_date('20041201','YYYYMMDD'), to_date('20080301','YYYYMMDD'), '51210037535', '', '', false);
insert into Diagram values('UF91-41_1639','UF91-20050400','41-40','E87 130i   Radio remote control','');
insert into Diagram values('UF91-41_1973','UF91-20050400','41-40','E87 130i   DOOR CONTROL FRONT','');
insert into Diagram values('UF91-41_1613','UF91-20050400','41-45','E87 130i   Door rear, hinge/door brake','');
insert into Diagram values('UF91-41_1634','UF91-20050400','41-45','E87 130i   DOOR CONTROL REAR','');
insert into Diagram values('UF91-41_1636','UF91-20050400','41-45','E87 130i   Door weatherstrip rear','');
insert into Diagram values('UF91-41_1640','UF91-20050400','41-50','E87 130i   Master key locking','');
insert into Diagram values('UF91-41_1614','UF91-20050400','41-60','E87 130i   TRUNK LID/CLOSING SYSTEM','');
insert into Diagram values('UF91-41_1615','UF91-20050400','41-60','E87 130i   SINGLE COMPONENTS FOR TRUNK LID','');
insert into Diagram values('UF91-41_1607','UF91-20050400','41-65','E87 130i   MECHANICAL CONNECTION ELEMENTS','');
insert into Diagram values('UF91-51_5434','UF91-20050400','51-05','E87 130i   Glazing','');
insert into DiagramParts values('UF91-51_5293-51167132736', 'UF91-51_5293', 01, 'Mirror glas, heated, wide-angle, right', 'CHROMFARBIG', 1, to_date('20090301','YYYYMMDD'), to_date('20090901','YYYYMMDD'), '51167132736', '$73.94', '', false);
insert into Diagram values('UF91-51_5293','UF91-20050400','51-07','E87 130i   MIRROR GLASS','');
insert into Diagram values('UF91-51_5294','UF91-20050400','51-07','E87 130i   Mirror glas with auto dip','');
insert into DiagramParts values('UF91-51_5472-51167234222', 'UF91-51_5472', 01, 'heated outside mirror, right', 'SHADOWLINE', 1, to_date('20080701','YYYYMMDD'), to_date('20090901','YYYYMMDD'), '51167234222', '', '', false);
insert into DiagramParts values('UF91-51_5472-51167234226', 'UF91-51_5472', 01, 'Outside mirror heated with memory,right', 'SHADOWLINE', 1, to_date('20080701','YYYYMMDD'), to_date('20090901','YYYYMMDD'), '51167234226', '', '', false);
insert into DiagramParts values('UF91-51_5472-51167189902', 'UF91-51_5472', 01, 'Outside mirror heated with memory,right', 'SHADOWLINE', 1, to_date('20060701','YYYYMMDD'), to_date('20080701','YYYYMMDD'), '51167189902', '', '', false);
insert into DiagramParts values('UF91-51_5472-51168036572', 'UF91-51_5472', 04, 'Supporting ring right', 'GLANZSCHWARZ', 1, to_date('20080701','YYYYMMDD'), to_date('20090901','YYYYMMDD'), '51168036572', '$32.17', '', false);
insert into Diagram values('UF91-51_5472','UF91-20050400','51-07','E87 130i   Outside mirror','');
insert into DiagramParts values('UF91-51_5473-51167234234', 'UF91-51_5473', 01, 'Outside mirror heated with memory,right', 'SHADOWLINE', 1, to_date('20080701','YYYYMMDD'), to_date('20090901','YYYYMMDD'), '51167234234', '', '', false);
insert into DiagramParts values('UF91-51_5473-51167234230', 'UF91-51_5473', 01, 'Outside mirror heated with memory,right', 'SHADOWLINE', 1, to_date('20080701','YYYYMMDD'), to_date('20090901','YYYYMMDD'), '51167234230', '', '', false);
insert into DiagramParts values('UF91-51_5473-51167189912', 'UF91-51_5473', 01, 'Outside mirror heated with memory,right', 'SHADOWLINE', 1, to_date('20060701','YYYYMMDD'), to_date('20080701','YYYYMMDD'), '51167189912', '', '', false);
insert into Diagram values('UF91-51_5473','UF91-20050400','51-07','E87 130i   Fold-in outside mirror','');
insert into Diagram values('UF91-51_5438','UF91-20050400','51-10','E87 130i   DOOR WINDOW LIFTING MECHANISM FRONT','');
insert into Diagram values('UF91-51_5439','UF91-20050400','51-10','E87 130i   Window frame cover, front door','');
insert into Diagram values('UF91-51_5440','UF91-20050400','51-12','E87 130i   DOOR WINDOW LIFTING MECHANISM REAR','');
insert into Diagram values('UF91-51_5441','UF91-20050400','51-12','E87 130i   Window frame cover, rear door','');
insert into Diagram values('UF91-51_5332','UF91-20050400','51-15','E87 130i   Trim panel, bumper, front','');
insert into Diagram values('UF91-51_5402','UF91-20050400','51-15','E87 130i   Carrier, bumper front','');
insert into Diagram values('UF91-51_5435','UF91-20050400','51-15','E87 130i   Bracket, PDC-sensors','');
insert into Diagram values('UF91-51_5977','UF91-20050400','51-15','E87 130i   M FRONT BUMPER TRIM PANEL','');
insert into DiagramParts values('UF91-51_5348-51477906818', 'UF91-51_5348', 15, 'M trim piece, front right entry', 'M', 1, to_date('20050901','YYYYMMDD'), to_date('20070301','YYYYMMDD'), '51477906818', '', '', false);
insert into DiagramParts values('UF91-51_5348-51477906820', 'UF91-51_5348', 16, 'M trim piece, rear right entry', 'M', 1, to_date('20050901','YYYYMMDD'), to_date('20070301','YYYYMMDD'), '51477906820', '', '', false);
insert into Diagram values('UF91-51_5348','UF91-20050400','51-16','E87 130i   Door sill','');
insert into Diagram values('UF91-51_6335','UF91-20050400','51-16','E87 130i   M door sill trim panel','');
insert into Diagram values('UF91-51_5403','UF91-20050400','51-17','E87 130i   Carrier, bumper rear','');
insert into Diagram values('UF91-51_5429','UF91-20050400','51-17','E87 130i   Bumper trim panel, rear','');
insert into Diagram values('UF91-51_5431','UF91-20050400','51-17','E87 130i   REAR BUMPER MOUNTING PARTS','');
insert into Diagram values('UF91-51_5985','UF91-20050400','51-17','E87 130i   M REAR BUMPER TRIM','');
insert into Diagram values('UF91-51_5414','UF91-20050400','51-20','E87 130i   Exterior trim and door seals','');
insert into Diagram values('UF91-51_5442','UF91-20050400','51-20','E87 130i   Exterior trim / Grille / Seals','');
insert into Diagram values('UF91-51_5465','UF91-20050400','51-20','E87 130i   Emblems','');
insert into Diagram values('UF91-51_5503','UF91-20050400','51-30','E87 130i   Carrier instrument panel','');
insert into Diagram values('UF91-51_5504','UF91-20050400','51-30','E87 130i   Trim panel dashboard','');
insert into Diagram values('UF91-51_5505','UF91-20050400','51-30','E87 130i   GLOVE BOX','');
insert into Diagram values('UF91-51_9041','UF91-20050400','51-30','E87 130i   Switch unit cover, center console','');
insert into Diagram values('UF91-51_9135','UF91-20050400','51-30','E87 130i   Mounting parts, I-panel, bottom','');
insert into Diagram values('UF91-51_5508','UF91-20050400','51-35','E87 130i   Center console','');
insert into Diagram values('UF91-51_5509','UF91-20050400','51-35','E87 130i   Armrest, centre console','');
insert into Diagram values('UF91-51_5540','UF91-20050400','51-35','E87 130i   Mounting parts, center console','');
insert into Diagram values('UF91-51_5510','UF91-20050400','51-40','E87 130i   Sun visors','');
insert into Diagram values('UF91-51_5511','UF91-20050400','51-40','E87 130i   Inside mirror manually dippable','');
insert into Diagram values('UF91-51_5512','UF91-20050400','51-40','E87 130i   Interior mirror with automatic-dip','');
insert into Diagram values('UF91-51_5515','UF91-20050400','51-40','E87 130i   Headlining / Handle','');
insert into Diagram values('UF91-51_5516','UF91-20050400','51-40','E87 130i   Headlin./Handle lift-up&slide-back sunr.','');
insert into Diagram values('UF91-51_5517','UF91-20050400','51-40','E87 130i   Trim panel A- / B- / C-Column','');
insert into Diagram values('UF91-51_5522','UF91-20050400','51-40','E87 130i   REAR WINDOW SHELF','');
insert into Diagram values('UF91-51_6211','UF91-20050400','51-40','E87 130i   Headlining / Handle','');
insert into Diagram values('UF91-51_6212','UF91-20050400','51-40','E87 130i   Headlin./Handle lift-up&slide-back sunr.','');
insert into Diagram values('UF91-51_5513','UF91-20050400','51-50','E87 130i   Door trim panel, front','');
insert into Diagram values('UF91-51_5535','UF91-20050400','51-50','E87 130i   Door trim panel rear/Eler. window lifter','');
insert into Diagram values('UF91-51_5518','UF91-20050400','51-55','E87 130i   TRIM PANEL LEG ROOM','');
insert into Diagram values('UF91-51_5519','UF91-20050400','51-55','E87 130i   Cover, entrance','');
insert into Diagram values('UF91-51_5521','UF91-20050400','51-55','E87 130i   FLOOR COVERING','');
insert into DiagramParts values('UF91-51_6668-51479171368', 'UF91-51_6668', 03, 'Velcro element with screw thread', 'D 62MM', 2, to_date('20070901','YYYYMMDD'), to_date('20110801','YYYYMMDD'), '51479171368', '$8.03', '', false);
insert into Diagram values('UF91-51_6668','UF91-20050400','51-55','E87 130i   Floor mats, velours','');
insert into Diagram values('UF91-51_5523','UF91-20050400','51-65','E87 130i   TRUNK LID TRIM PANEL','');
insert into Diagram values('UF91-51_5525','UF91-20050400','51-65','E87 130i   LEFT TRUNK TRIM','');
insert into Diagram values('UF91-51_5536','UF91-20050400','51-65','E87 130i   Right TRUNK TRIM','');
insert into Diagram values('UF91-51_6519','UF91-20050400','51-65','E87 130i   Trunk floor / Trunk sill / Dividing net','');
insert into Diagram values('UF91-51_5526','UF91-20050400','51-70','E87 130i   SOUND INSULATING FRONT','');
insert into Diagram values('UF91-51_5527','UF91-20050400','51-70','E87 130i   Heat insulation','');
insert into Diagram values('UF91-51_5532','UF91-20050400','51-70','E87 130i   Wheelarch trim','');
insert into Diagram values('UF91-51_5538','UF91-20050400','51-70','E87 130i   SOUND INSULATING REAR','');
insert into Diagram values('UF91-51_5528','UF91-20050400','51-75','E87 130i   Underhood shield','');
insert into Diagram values('UF91-51_5529','UF91-20050400','51-75','E87 130i   Underfloor coating for manual transm.','');
insert into Diagram values('UF91-51_5709','UF91-20050400','51-75','E87 130i   Underhood shield','');
insert into Diagram values('UF91-51_6171','UF91-20050400','51-75','E87 130i   Underbody trim on side','');
insert into Diagram values('UF91-51_6173','UF91-20050400','51-75','E87 130i   Underfloor coating for automatic transm.','');
insert into Diagram values('UF91-51_6532','UF91-20050400','51-75','E87 130i   FRONT PANEL','');
insert into Diagram values('UF91-51_6760','UF91-20050400','51-75','E87 130i   Strut brace','');
insert into Diagram values('UF91-51_6959','UF91-20050400','51-75','E87 130i   Air duct','');
insert into Diagram values('UF91-51_6535','UF91-20050400','51-80','E87 130i   Misc. body parts','');
insert into Diagram values('UF91-51_6771','UF91-20050400','51-80','E87 130i   Sealing cap/plug','');
insert into Diagram values('UF91-51_4635','UF91-20050400','51-95','E87 130i   Exterior mirror for towing','');
insert into Diagram values('UF91-51_4643','UF91-20050400','51-95','E87 130i   Non-skid mat','');
insert into Diagram values('UF91-51_4694','UF91-20050400','51-95','E87 130i   Aluminum footrest','');
insert into Diagram values('UF91-51_4698','UF91-20050400','51-95','E87 130i   Boot lashing strap','');
insert into Diagram values('UF91-51_5244','UF91-20050400','51-95','E87 130i   Luggage compartment pan','');
insert into Diagram values('UF91-51_5362','UF91-20050400','51-95','E87 130i   Luggage compartment, folding','');
insert into Diagram values('UF91-51_5688','UF91-20050400','51-95','E87 130i   Luggage compatment box "multifix"','');
insert into Diagram values('UF91-51_5727','UF91-20050400','51-95','E87 130i   Fine wood trim','');
insert into Diagram values('UF91-51_5733','UF91-20050400','51-95','E87 130i   Sunshade','');
insert into Diagram values('UF91-51_5734','UF91-20050400','51-95','E87 130i   Illuminated door sill strip retrofit kit','');
insert into Diagram values('UF91-51_5737','UF91-20050400','51-95','E87 130i   Rubber mat','');
insert into Diagram values('UF91-51_5738','UF91-20050400','51-95','E87 130i   Umbrella with bag','');
insert into Diagram values('UF91-51_5739','UF91-20050400','51-95','E87 130i   Storage sleeve DVD/CD','');
insert into Diagram values('UF91-51_5799','UF91-20050400','51-95','E87 130i   Fitted luggage compartment mat','');
insert into Diagram values('UF91-51_5804','UF91-20050400','51-95','E87 130i   Retrofit Cup holder center console','');
insert into Diagram values('UF91-51_5808','UF91-20050400','51-95','E87 130i   Retrofit equipm. armrest center console','');
insert into Diagram values('UF91-51_5928','UF91-20050400','51-95','E87 130i   Retrofit rearview mirror w. auto dimmer','');
insert into Diagram values('UF91-51_5939','UF91-20050400','51-95','E87 130i   Floor mats Commercial','');
insert into Diagram values('UF91-51_5954','UF91-20050400','51-95','E87 130i   Load edge protector','');
insert into Diagram values('UF91-51_5955','UF91-20050400','51-95','E87 130i   Retrofit kit M aerodyn. package','');
insert into Diagram values('UF91-51_5980','UF91-20050400','51-95','E87 130i   Retrofit: heating outside mirror','');
insert into Diagram values('UF91-51_6073','UF91-20050400','51-95','E87 130i   Door sill strip retrofit kit st. steel','');
insert into Diagram values('UF91-51_6083','UF91-20050400','51-95','E87 130i   Strut brace','');
insert into Diagram values('UF91-51_6085','UF91-20050400','51-95','E87 130i   Retrofit, M cover, entrance','');
insert into Diagram values('UF91-51_6137','UF91-20050400','51-95','E87 130i   Retrofit, cup holder','');
insert into Diagram values('UF91-51_6165','UF91-20050400','51-95','E87 130i   Luggage compartment clamping belts','');
insert into Diagram values('UF91-51_6213','UF91-20050400','51-95','E87 130i   Carbon fiber package','');
insert into Diagram values('UF91-51_6283','UF91-20050400','51-95','E87 130i   Load compartment protective cover','');
insert into Diagram values('UF91-51_6477','UF91-20050400','51-95','E87 130i   Key fob','');
insert into Diagram values('UF91-51_6639','UF91-20050400','51-95','E87 130i   Protective loading edge mat','');
insert into DiagramParts values('UF91-51_6669-51479171368', 'UF91-51_6669', 03, 'Velcro element with screw thread', 'D 62MM', 2, to_date('20070901','YYYYMMDD'), to_date('20110801','YYYYMMDD'), '51479171368', '$8.03', '', false);
insert into Diagram values('UF91-51_6669','UF91-20050400','51-95','E87 130i   Floor mats, velours','');
insert into Diagram values('UF91-51_6695','UF91-20050400','51-95','E87 130i   Storage net, footwell, front','');
insert into Diagram values('UF91-51_6696','UF91-20050400','51-95','E87 130i   Trunk room net','');
insert into Diagram values('UF91-51_6762','UF91-20050400','51-95','E87 130i   Retrofit f oddments tray instr. panel','');
insert into Diagram values('UF91-51_6770','UF91-20050400','51-95','E87 130i   FLOOR MATS CITY','');
insert into Diagram values('UF91-51_6778','UF91-20050400','51-95','E87 130i   BMW Performance strut tower brace carbon','');
insert into Diagram values('UF91-51_6803','UF91-20050400','51-95','E87 130i   Impact guard strips, side','');
insert into Diagram values('UF91-51_6850','UF91-20050400','51-95','E87 130i   Retrofit kit, M rocker panel trim','');
insert into Diagram values('UF91-51_6885','UF91-20050400','51-95','E87 130i   Aerodynamics package','');
insert into Diagram values('UF91-51_6963','UF91-20050400','51-95','E87 130i   Interior moldings Carbon','');
insert into Diagram values('UF91-51_6973','UF91-20050400','51-95','E87 130i   BMW Performance side stripes','');
insert into Diagram values('UF91-51_6977','UF91-20050400','51-95','E87 130i   Boot/trunk floor net','');
insert into Diagram values('UF91-51_6992','UF91-20050400','51-95','E87 130i   BMW Performance Aerodynamics, front','');
insert into Diagram values('UF91-51_6993','UF91-20050400','51-95','E87 130i   BMW Performance Aerodynamics','');
insert into Diagram values('UF91-51_6996','UF91-20050400','51-95','E87 130i   BMW Performance Aerodynamics, rocker','');
insert into Diagram values('UF91-51_7021','UF91-20050400','51-95','E87 130i   Retrofit snap-on drink holder','');
insert into Diagram values('UF91-51_7048','UF91-20050400','51-95','E87 130i   BMW Performance Aerodynamics, rear','');
insert into Diagram values('UF91-51_7061','UF91-20050400','51-95','E87 130i   Non-skid mat','');
insert into Diagram values('UF91-51_7142','UF91-20050400','51-95','E87 130i   BMW Performance Aluminum footrest','');
insert into Diagram values('UF91-51_7146','UF91-20050400','51-95','E87 130i   BMW Performance Interior moldings Carbon','');
insert into Diagram values('UF91-51_7152','UF91-20050400','51-95','E87 130i   BMW Performance strut tower brace, alu','');
insert into Diagram values('UF91-51_7191','UF91-20050400','51-95','E87 130i   Retrofit trim grill','');
insert into Diagram values('UF91-51_7224','UF91-20050400','51-95','E87 130i   BMW Performance door sill moldings','');
insert into Diagram values('UF91-51_7236','UF91-20050400','51-95','E87 130i   Footmat update','');
insert into Diagram values('UF91-51_7515','UF91-20050400','51-95','E87 130i   Dog Guard','');
insert into Diagram values('UF91-51_7713','UF91-20050400','51-95','E87 130i   Multifunct.lugg.compartm.mat w.fold.cont','');
insert into Diagram values('UF91-51_8051','UF91-20050400','51-95','E87 130i   First-aid kit, universal','');
insert into Diagram values('UF91-51_8522','UF91-20050400','51-95','E87 130i   Travel & Comfort System','');
insert into Diagram values('UF91-52_3086','UF91-20050400','52-10','E87 130i   Seat, front, head restraint','');
insert into DiagramParts values('UF91-52_3087-52106970532', 'UF91-52_3087', 04, 'COVER BACKREST CLOTH RIGHT', 'ANTHRAZIT', 1, to_date('20050901','YYYYMMDD'), to_date('20080901','YYYYMMDD'), '52106970532', '', '', false);
insert into DiagramParts values('UF91-52_3087-52106970534', 'UF91-52_3087', 04, 'COVER BACKREST CLOTH RIGHT', 'MONACOBLAU', 1, to_date('20050901','YYYYMMDD'), to_date('20080901','YYYYMMDD'), '52106970534', '', '', false);
insert into DiagramParts values('UF91-52_3087-52106970536', 'UF91-52_3087', 04, 'COVER BACKREST CLOTH RIGHT', 'NAUTILUSGRAU', 1, to_date('20050901','YYYYMMDD'), to_date('20080901','YYYYMMDD'), '52106970536', '', '', false);
insert into Diagram values('UF91-52_3087','UF91-20050400','52-10','E87 130i   Seat front, upholstery & cover base seat','');
insert into DiagramParts values('UF91-52_3088-52106955940', 'UF91-52_3088', 05, 'COVER BACKREST CLOTH RIGHT', 'ANTHRAZIT', 1, to_date('20050901','YYYYMMDD'), to_date('20061001','YYYYMMDD'), '52106955940', '', '', false);
insert into DiagramParts values('UF91-52_3088-52106955939', 'UF91-52_3088', 05, 'COVER BACKREST CLOTH LEFT', 'ANTHRAZIT', 1, to_date('20061001','YYYYMMDD'), to_date('20080901','YYYYMMDD'), '52106955939', '', '', false);
insert into DiagramParts values('UF91-52_3088-52106955942', 'UF91-52_3088', 05, 'COVER BACKREST CLOTH RIGHT', 'MONACOBLAU', 1, to_date('20050901','YYYYMMDD'), to_date('20061001','YYYYMMDD'), '52106955942', '', '', false);
insert into DiagramParts values('UF91-52_3088-52106955941', 'UF91-52_3088', 05, 'COVER BACKREST CLOTH LEFT', 'MONACOBLAU', 1, to_date('20061001','YYYYMMDD'), to_date('20080901','YYYYMMDD'), '52106955941', '', '', false);
insert into DiagramParts values('UF91-52_3088-52106955944', 'UF91-52_3088', 05, 'COVER BACKREST CLOTH RIGHT', 'NAUTILUSGRAU', 1, to_date('20050901','YYYYMMDD'), to_date('20061001','YYYYMMDD'), '52106955944', '', '', false);
insert into DiagramParts values('UF91-52_3088-52108036202', 'UF91-52_3088', 05, 'Cover backrest cloth/Imitat. leather,rig', 'SCHWARZ', 1, to_date('20050901','YYYYMMDD'), to_date('20061001','YYYYMMDD'), '52108036202', '', '', false);
insert into DiagramParts values('UF91-52_3088-52108036201', 'UF91-52_3088', 05, 'Cover backrest cloth/Imitat. leather,lft', 'SCHWARZ', 1, to_date('20061001','YYYYMMDD'), to_date('20070301','YYYYMMDD'), '52108036201', '', '', false);
insert into DiagramParts values('UF91-52_3088-52108039533', 'UF91-52_3088', 05, 'Cover backrest cloth/Imitat. leather,lft', 'SCHWARZ', 1, to_date('20070301','YYYYMMDD'), to_date('20080901','YYYYMMDD'), '52108039533', '', '', false);
insert into DiagramParts values('UF91-52_3088-52108039534', 'UF91-52_3088', 05, 'Cover backrest cloth/Imitat. leather,rig', 'SCHWARZ', 1, to_date('20070301','YYYYMMDD'), to_date('20080901','YYYYMMDD'), '52108039534', '', '', false);
insert into Diagram values('UF91-52_3088','UF91-20050400','52-10','E87 130i   Seat, front, uphlstry, cover, Sport seat','');
insert into Diagram values('UF91-52_3092','UF91-20050400','52-10','E87 130i   FRONT SEAT BACKREST FRAME/REAR PANEL','');
insert into Diagram values('UF91-52_3093','UF91-20050400','52-10','E87 130i   FRONT SEAT RAIL MECHANICAL/SINGLE PARTS','');
insert into DiagramParts values('UF91-52_3094-52106979627', 'UF91-52_3094', 12, 'Cover, belt catch left', 'NAUTILUSGRAU', 1, to_date('20050501','YYYYMMDD'), to_date('20070301','YYYYMMDD'), '52106979627', '', '', false);
insert into DiagramParts values('UF91-52_3094-52106979628', 'UF91-52_3094', 12, 'Cover, belt catch right', 'NAUTILUSGRAU', 1, to_date('20050501','YYYYMMDD'), to_date('20070301','YYYYMMDD'), '52106979628', '', '', false);
insert into Diagram values('UF91-52_3094','UF91-20050400','52-10','E87 130i   FRONT SEAT RAIL ELECTRICAL/SINGLE PARTS','');
insert into Diagram values('UF91-52_3125','UF91-20050400','52-10','E87 130i   Seat, front, lumbar','');
insert into Diagram values('UF91-52_3468','UF91-20050400','52-10','E87 130i   BMW Performance Sport Seat','');
insert into Diagram values('UF91-52_3541','UF91-20050400','52-10','E87 130i   Seat, front, electrical and motors','');
insert into Diagram values('UF91-52_3074','UF91-20050400','52-20','E87 130i   Rear seat head restraint','');
insert into Diagram values('UF91-52_3075','UF91-20050400','52-20','E87 130i   Seat, rear, head restraint, center','');
insert into Diagram values('UF91-52_3077','UF91-20050400','52-20','E87 130i   Seat, rear, uphlstry/cover, load-through','');
insert into Diagram values('UF91-52_3078','UF91-20050400','52-20','E87 130i   Seat, rear, seat frame, load-through','');
insert into Diagram values('UF91-52_3082','UF91-20050400','52-20','E87 130i   Rear seat ski bag','');
insert into Diagram values('UF91-52_3172','UF91-20050400','52-20','E87 130i   Retrofitting rear folding head restraint','');
insert into Diagram values('UF91-52_3212','UF91-20050400','52-20','E87 130i   Seat, rear, backrest trim covers','');
insert into Diagram values('UF91-52_3079','UF91-20050400','52-60','E87 130i   Cover material, running meter','');
insert into Diagram values('UF91-52_3713','UF91-20050400','52-65','E87 130i   Seat heating','');
insert into Diagram values('UF91-52_2913','UF91-20050400','52-95','E87 130i   Lambskin seat cover','');
insert into Diagram values('UF91-52_3015','UF91-20050400','52-95','E87 130i   UNIVERSAL PRODECTIVE REAR COVER','');
insert into Diagram values('UF91-52_3043','UF91-20050400','52-95','E87 130i   Belt holder','');
insert into Diagram values('UF91-52_3175','UF91-20050400','52-95','E87 130i   INSTALLING SET HEATED SEAT FRONT','');
insert into Diagram values('UF91-52_3196','UF91-20050400','52-95','E87 130i   Retrofit, net bag at seat backrest','');
insert into Diagram values('UF91-52_3199','UF91-20050400','52-95','E87 130i   Fire extinguisher','');
insert into Diagram values('UF91-52_3269','UF91-20050400','52-95','E87 130i   Seat-back storage pocket','');
insert into Diagram values('UF91-52_3435','UF91-20050400','52-95','E87 130i   Retrofitting rear folding head restraint','');
insert into Diagram values('UF91-52_3792','UF91-20050400','52-95','E87 130i   Fire extinguisher','');
insert into Diagram values('UF91-54_0341','UF91-20050400','54-05','E87 130i   SLID.LIFT. ROOF-COVER/CEILING FRAME','');
insert into Diagram values('UF91-61_1942','UF91-20050400','61-05','E87 130i   Main wiring harness, duplicate','');
insert into Diagram values('UF91-61_2028','UF91-20050400','61-05','E87 130i   Main wiring harness','');
insert into Diagram values('UF91-61_2195','UF91-20050400','61-05','E87 130i   Repair cable main cable harness','');
insert into Diagram values('UF91-61_2237','UF91-20050400','61-05','E87 130i   Main wiring harness','');
insert into Diagram values('UF91-61_2286','UF91-20050400','61-05','E87 130i   Main wiring harness','');
insert into Diagram values('UF91-61_1822','UF91-20050400','61-10','E87 130i   Cable-yarded material','');
insert into Diagram values('UF91-61_1861','UF91-20050400','61-10','E87 130i   VARIOUS ADDITIONAL WIRING SETS','');
insert into Diagram values('UF91-61_1863','UF91-20050400','61-10','E87 130i   DOOR CABLE HARNESSES','');
insert into Diagram values('UF91-61_1864','UF91-20050400','61-10','E87 130i   Wiring harness, instrument panel','');
insert into Diagram values('UF91-61_1868','UF91-20050400','61-10','E87 130i   Wiring set seat','');
insert into Diagram values('UF91-61_1869','UF91-20050400','61-10','E87 130i   Repair cable, airbag','');
insert into Diagram values('UF91-61_2083','UF91-20050400','61-10','E87 130i   Wiring set active steering','');
insert into Diagram values('UF91-61_2567','UF91-20050400','61-10','E87 130i   Rep. wire for B+','');
insert into Diagram values('UF91-61_1280','UF91-20050400','61-15','E87 130i   Plug terminal ELO not waterproof','');
insert into Diagram values('UF91-61_1296','UF91-20050400','61-15','E87 130i   Circular connector / D 2,5 mm System','');
insert into Diagram values('UF91-61_1559','UF91-20050400','61-15','E87 130i   PLUG-IN CONNECTION BRACKET','');
insert into Diagram values('UF91-61_1578','UF91-20050400','61-15','E87 130i   Repair parts, optical fibre cable','');
insert into Diagram values('UF91-61_1691','UF91-20050400','61-15','E87 130i   Pin contacts ELO','');
insert into Diagram values('UF91-61_1711','UF91-20050400','61-15','E87 130i   Cable tie','');
insert into Diagram values('UF91-61_1754','UF91-20050400','61-15','E87 130i   Plug terminal ELO-Power','');
insert into Diagram values('UF91-61_1764','UF91-20050400','61-15','E87 130i   Diagnosis plug','');
insert into Diagram values('UF91-61_1765','UF91-20050400','61-15','E87 130i   Various cable terminals','');
insert into Diagram values('UF91-61_1865','UF91-20050400','61-15','E87 130i   VARIOUS CABLE HOLDERS','');
insert into Diagram values('UF91-61_1896','UF91-20050400','61-15','E87 130i   VARIOUS CABLE HOLDERS','');
insert into Diagram values('UF91-61_1970','UF91-20050400','61-15','E87 130i   Cable guide','');
insert into Diagram values('UF91-61_1996','UF91-20050400','61-15','E87 130i   Various cable grommets','');
insert into Diagram values('UF91-61_2063','UF91-20050400','61-15','E87 130i   Comb type connector','');
insert into Diagram values('UF91-61_2068','UF91-20050400','61-15','E87 130i   Contact system LSK8','');
insert into Diagram values('UF91-61_2107','UF91-20050400','61-15','E87 130i   Various parts, wiring harness repair','');
insert into Diagram values('UF91-61_2156','UF91-20050400','61-15','E87 130i   Double leaf spring contact','');
insert into Diagram values('UF91-61_2216','UF91-20050400','61-15','E87 130i   Terminal system MCON','');
insert into Diagram values('UF91-61_2217','UF91-20050400','61-15','E87 130i   Contact system MQS','');
insert into Diagram values('UF91-61_2268','UF91-20050400','61-15','E87 130i   Contact system MAK8','');
insert into Diagram values('UF91-61_2292','UF91-20050400','61-15','E87 130i   SLK socket contact','');
insert into Diagram values('UF91-61_2293','UF91-20050400','61-15','E87 130i   Contact system blade terminal MDK4 2.8','');
insert into Diagram values('UF91-61_2310','UF91-20050400','61-15','E87 130i   Plug housing for antenna cable, FAKRA','');
insert into Diagram values('UF91-61_2452','UF91-20050400','61-15','E87 130i   Round plug system D 1.5 mm','');
insert into Diagram values('UF91-61_2521','UF91-20050400','61-15','E87 130i   Socket housing MQS','');
insert into Diagram values('UF91-61_2638','UF91-20050400','61-15','E87 130i   Repair parts, coaxial cable contacts','');
insert into Diagram values('UF91-61_2680','UF91-20050400','61-15','E87 130i   Repair parts, coaxial cable housing','');
insert into Diagram values('UF91-61_1710','UF91-20050400','61-20','E87 130i   Fuses / sign with fuse allocat. diagr.','');
insert into Diagram values('UF91-61_1862','UF91-20050400','61-20','E87 130i   Individual parts, power distributor, fr.','');
insert into Diagram values('UF91-61_1718','UF91-20050400','61-25','E87 130i   Control unit/antennas passive access','');
insert into Diagram values('UF91-61_1847','UF91-20050400','61-25','E87 130i   BRACKET F BODY CONTROL UNITS AND MODULES','');
insert into Diagram values('UF91-61_2093','UF91-20050400','61-25','E87 130i   Control unit Junctionbox Elektronik','');
insert into Diagram values('UF91-61_2094','UF91-20050400','61-25','E87 130i   Control unit, footwell module','');
insert into DiagramParts values('UF91-61_2095-61356943766', 'UF91-61_2095', 01, 'Control unit CAS', 'CAS2', 1, to_date('20041201','YYYYMMDD'), to_date('20060901','YYYYMMDD'), '61356943766', '', 'ENDED', false);
insert into DiagramParts values('UF91-61_2095-61356964051', 'UF91-61_2095', 01, 'Control unit CAS', 'CAS2', 1, to_date('20041201','YYYYMMDD'), to_date('20060901','YYYYMMDD'), '61356964051', '', 'ENDED', false);
insert into DiagramParts values('UF91-61_2095-61356943771', 'UF91-61_2095', 01, 'Control unit CAS', 'CAS2', 1, to_date('20041201','YYYYMMDD'), to_date('20060901','YYYYMMDD'), '61356943771', '', 'ENDED', false);
insert into DiagramParts values('UF91-61_2095-61356981416', 'UF91-61_2095', 01, 'Control unit CAS', 'CAS2', 1, to_date('20041201','YYYYMMDD'), to_date('20060901','YYYYMMDD'), '61356981416', '', 'ENDED', false);
insert into DiagramParts values('UF91-61_2095-61356943791', 'UF91-61_2095', 01, 'Control unit CAS', 'CAS2', 1, to_date('20041201','YYYYMMDD'), to_date('20060901','YYYYMMDD'), '61356943791', '', 'ENDED', false);
insert into DiagramParts values('UF91-61_2095-61356943797', 'UF91-61_2095', 01, 'Control unit CAS', 'CAS2', 1, to_date('20041201','YYYYMMDD'), to_date('20060901','YYYYMMDD'), '61356943797', '', 'ENDED', false);
insert into DiagramParts values('UF91-61_2095-61356943814', 'UF91-61_2095', 01, 'Control unit CAS', 'CAS3', 1, to_date('20041201','YYYYMMDD'), to_date('20060901','YYYYMMDD'), '61356943814', '', 'ENDED', false);
insert into DiagramParts values('UF91-61_2095-61356943830', 'UF91-61_2095', 01, 'Control unit CAS', 'CAS3', 1, to_date('20041201','YYYYMMDD'), to_date('20070301','YYYYMMDD'), '61356943830', '', 'ENDED', false);
insert into DiagramParts values('UF91-61_2095-61356943834', 'UF91-61_2095', 01, 'Control unit CAS', 'CAS3', 1, to_date('20041201','YYYYMMDD'), to_date('20090301','YYYYMMDD'), '61356943834', '', 'ENDED', false);
insert into DiagramParts values('UF91-61_2095-61359147184', 'UF91-61_2095', 01, 'Control unit CAS', 'CAS3', 1, to_date('20041201','YYYYMMDD'), to_date('20090301','YYYYMMDD'), '61359147184', '', 'ENDED', false);
insert into DiagramParts values('UF91-61_2095-61359147195', 'UF91-61_2095', 01, 'Control unit CAS', 'CAS3', 1, to_date('20041201','YYYYMMDD'), to_date('20090301','YYYYMMDD'), '61359147195', '', 'ENDED', false);
insert into DiagramParts values('UF91-61_2095-61359147196', 'UF91-61_2095', 01, 'Control unit CAS', 'CAS3', 1, to_date('20041201','YYYYMMDD'), to_date('20090901','YYYYMMDD'), '61359147196', '', 'ENDED', false);
insert into DiagramParts values('UF91-61_2095-61359147212', 'UF91-61_2095', 01, 'Control unit CAS', 'CAS3', 1, to_date('20041201','YYYYMMDD'), to_date('20090901','YYYYMMDD'), '61359147212', '', 'ENDED', false);
insert into DiagramParts values('UF91-61_2095-61359147220', 'UF91-61_2095', 01, 'Control unit CAS', 'CAS3', 1, to_date('20041201','YYYYMMDD'), to_date('20090901','YYYYMMDD'), '61359147220', '', 'ENDED', false);
insert into DiagramParts values('UF91-61_2095-61359147221', 'UF91-61_2095', 01, 'Control unit CAS', 'CAS3', 1, to_date('20041201','YYYYMMDD'), to_date('20090901','YYYYMMDD'), '61359147221', '', 'ENDED', false);
insert into DiagramParts values('UF91-61_2095-61359147226', 'UF91-61_2095', 01, 'Control unit CAS', 'CAS3', 1, to_date('20041201','YYYYMMDD'), to_date('20090901','YYYYMMDD'), '61359147226', '', 'ENDED', false);
insert into DiagramParts values('UF91-61_2095-61359217853', 'UF91-61_2095', 01, 'Control unit CAS', 'CAS3', 1, to_date('20041201','YYYYMMDD'), to_date('20100301','YYYYMMDD'), '61359217853', '', 'ENDED', false);
insert into Diagram values('UF91-61_2095','UF91-20050400','61-25','E87 130i   Control unit CAS','');
insert into DiagramParts values('UF91-61_2096-61359221180', 'UF91-61_2096', 07, 'TRAILER TOWING MODUL', '4R', 1, to_date('20090301','YYYYMMDD'), to_date('20110301','YYYYMMDD'), '61359221180', '$203.91', '', false);
insert into DiagramParts values('UF91-61_2096-61359186177', 'UF91-61_2096', 07, 'TRAILER TOWING MODUL', '4R', 1, to_date('20060901','YYYYMMDD'), to_date('20090301','YYYYMMDD'), '61359186177', '', 'ENDED', false);
insert into Diagram values('UF91-61_2096','UF91-20050400','61-25','E87 130i   Control units/modules','');
insert into Diagram values('UF91-61_1859','UF91-20050400','61-30','E87 130i   B+ terminal point, engine compartment','');
insert into Diagram values('UF91-61_1860','UF91-20050400','61-30','E87 130i   Battery lead/distribution box, rear','');
insert into Diagram values('UF91-61_1948','UF91-20050400','61-30','E87 130i   battery holder and mounting parts','');
insert into Diagram values('UF91-61_1986','UF91-20050400','61-30','E87 130i   Original BMW battery (Warranty only)','');
insert into Diagram values('UF91-61_1839','UF91-20050400','61-35','E87 130i   Control element light','');
insert into Diagram values('UF91-61_1843','UF91-20050400','61-35','E87 130i   SWITCH WINDOW LIFTER','');
insert into Diagram values('UF91-61_1844','UF91-20050400','61-35','E87 130i   Switch unit roof','');
insert into Diagram values('UF91-61_1845','UF91-20050400','61-35','E87 130i   Seat adjustment switch, front','');
insert into Diagram values('UF91-61_1849','UF91-20050400','61-35','E87 130i   VARIOUS SWITCHES','');
insert into Diagram values('UF91-61_1880','UF91-20050400','61-35','E87 130i   Switch, Multifunction Sport/M st. wheel','');
insert into Diagram values('UF91-61_2050','UF91-20050400','61-35','E87 130i   Switch unit roof','');
insert into Diagram values('UF91-61_2128','UF91-20050400','61-35','E87 130i   Switch for brake, clutch','');
insert into Diagram values('UF91-61_2274','UF91-20050400','61-35','E87 130i   Switch unit, center console','');
insert into Diagram values('UF91-61_2281','UF91-20050400','61-35','E87 130i   Starter/Stop switch','');
insert into Diagram values('UF91-61_2282','UF91-20050400','61-35','E87 130i   Switch hazard warning/central lckng syst','');
insert into Diagram values('UF91-61_2322','UF91-20050400','61-35','E87 130i   Switch unit roof','');
insert into Diagram values('UF91-61_2480','UF91-20050400','61-35','E87 130i   Cigarette lighter / sockets','');
insert into Diagram values('UF91-61_2639','UF91-20050400','61-35','E87 130i   Shift paddles / Shift paddles','');
insert into Diagram values('UF91-61_2900','UF91-20050400','61-35','E87 130i   USB/AUX-IN socket','');
insert into Diagram values('UF91-61_2946','UF91-20050400','61-35','E87 130i   USB/AUX-IN socket','');
insert into Diagram values('UF91-61_3088','UF91-20050400','61-35','E87 130i   Switch unit steering column','');
insert into Diagram values('UF91-61_2857','UF91-20050400','61-40','E87 130i   Horn','');
insert into Diagram values('UF91-61_1854','UF91-20050400','61-45','E87 130i   SINGLE WIPER PARTS','');
insert into Diagram values('UF91-61_1856','UF91-20050400','61-45','E87 130i   SINGLE PARTS FOR REAR WINDOW WIPER','');
insert into Diagram values('UF91-61_1858','UF91-20050400','61-45','E87 130i   WIPER ARM/WIPER BLADE','');
insert into Diagram values('UF91-61_1876','UF91-20050400','61-45','E87 130i   SINGLE PARTS FOR HEAD LAMP CLEANING','');
insert into Diagram values('UF91-61_1877','UF91-20050400','61-45','E87 130i   FILLER PIPE FOR WASH CONTAINER','');
insert into Diagram values('UF91-61_1878','UF91-20050400','61-45','E87 130i   SINGLE PARTS FOR WINDSHIELD CLEANING','');
insert into Diagram values('UF91-61_1879','UF91-20050400','61-45','E87 130i   Reserv.,windshield/headlight washer syst','');
insert into Diagram values('UF91-61_2046','UF91-20050400','61-45','E87 130i   SINGLE PARTS FOR HEAD LAMP CLEANING','');
insert into Diagram values('UF91-61_1872','UF91-20050400','61-95','E87 130i   Retrofit kit, headlight cleaning system','');
insert into Diagram values('UF91-61_1974','UF91-20050400','61-95','E87 130i   Retrofit, passenger airbag shutoff','');
insert into Diagram values('UF91-61_2223','UF91-20050400','61-95','E87 130i   Suppression filter','');
insert into Diagram values('UF91-61_3026','UF91-20050400','61-95','E87 130i   Battery charger','');
insert into Diagram values('UF91-61_3066','UF91-20050400','61-95','E87 130i   Jumper cable','');
insert into Diagram values('UF91-61_3244','UF91-20050400','61-95','E87 130i   Battery charger','');
insert into Diagram values('UF91-62_0471','UF91-20050400','62-05','E87 130i   Instrument cluster','');
insert into Diagram values('UF91-62_0561','UF91-20050400','62-95','E87 130i   Electronic log book','');
insert into Diagram values('UF91-63_0865','UF91-20050400','63-05','E87 130i   Headlight','');
insert into Diagram values('UF91-63_0874','UF91-20050400','63-05','E87 130i   Single components for headlight','');
insert into Diagram values('UF91-63_0875','UF91-20050400','63-05','E87 130i   Single parts, xenon headlight','');
insert into Diagram values('UF91-63_1067','UF91-20050400','63-05','E87 130i   SPARE BULBS BOX','');
insert into Diagram values('UF91-63_1363','UF91-20050400','63-05','E87 130i   BMW Performance Light','');
insert into Diagram values('UF91-63_1420','UF91-20050400','63-05','E87 130i   SPARE BULBS BOX','');
insert into Diagram values('UF91-63_0866','UF91-20050400','63-10','E87 130i   Additional turn indicator lamp','');
insert into Diagram values('UF91-63_0867','UF91-20050400','63-15','E87 130i   Fog lights','');
insert into Diagram values('UF91-63_0868','UF91-20050400','63-20','E87 130i   Rear light','');
insert into Diagram values('UF91-63_0869','UF91-20050400','63-25','E87 130i   Third stoplamp','');
insert into Diagram values('UF91-63_0870','UF91-20050400','63-30','E87 130i   VARIOUS LAMPS/SPARE BULBS BOX','');
insert into Diagram values('UF91-63_0871','UF91-20050400','63-30','E87 130i   Various lamps','');
insert into Diagram values('UF91-63_0904','UF91-20050400','63-95','E87 130i   INSTALLING SET FOG LAMPS','');
insert into Diagram values('UF91-63_0922','UF91-20050400','63-95','E87 130i   Install.kit, Xenon light','');
insert into Diagram values('UF91-63_0935','UF91-20050400','63-95','E87 130i   Retrofit kit rear light Black Line','');
insert into Diagram values('UF91-63_1050','UF91-20050400','63-95','E87 130i   Retrofit kit, tail lamps, Facelift LED','');
insert into Diagram values('UF91-63_1078','UF91-20050400','63-95','E87 130i   Retrofit kit cornering light','');
insert into Diagram values('UF91-63_1153','UF91-20050400','63-95','E87 130i   Flashlight, LED','');
insert into Diagram values('UF91-63_1289','UF91-20050400','63-95','E87 130i   Retrofit kit, LED daytime driving lights','');
insert into Diagram values('UF91-63_1322','UF91-20050400','63-95','E87 130i   LED interior light package','');
insert into Diagram values('UF91-63_1509','UF91-20050400','63-95','E87 130i   BMW LED luggage compartment lamp','');
insert into Diagram values('UF91-64_1440','UF91-20050400','64-05','E87 130i   AIR OUTLET','');
insert into Diagram values('UF91-64_1428','UF91-20050400','64-10','E87 130i   MICROFILTER/ACTIVATED CARBON CONTAINER','');
insert into Diagram values('UF91-64_1449','UF91-20050400','64-15','E87 130i   Heater radiator','');
insert into Diagram values('UF91-64_1774','UF91-20050400','64-15','E87 130i   Heater unit, Denso','');
insert into Diagram values('UF91-64_1778','UF91-20050400','64-15','E87 130i   Heater core up to 07/2006','');
insert into Diagram values('UF91-64_1779','UF91-20050400','64-15','E87 130i   Heater core from 07/2006 onward','');
insert into Diagram values('UF91-64_1780','UF91-20050400','64-15','E87 130i   Heater unit, Denso','');
insert into Diagram values('UF91-64_1781','UF91-20050400','64-15','E87 130i   Heater unit, Denso','');
insert into Diagram values('UF91-64_1497','UF91-20050400','64-18','E87 130i   Water hoses','');
insert into Diagram values('UF91-64_1443','UF91-20050400','64-20','E87 130i   Automatic air conditioning control','');
insert into Diagram values('UF91-64_1445','UF91-20050400','64-20','E87 130i   Air Conditioning Control','');
insert into Diagram values('UF91-64_1439','UF91-20050400','64-30','E87 130i   Evaporator / Expansion valve','');
insert into Diagram values('UF91-64_1451','UF91-20050400','64-35','E87 130i   Housing parts heater and air cond. Denso','');
insert into Diagram values('UF91-64_1452','UF91-20050400','64-35','E87 130i   Housing parts aut.air conditioning Valeo','');
insert into Diagram values('UF91-64_1455','UF91-20050400','64-35','E87 130i   Housing parts aut.air conditioning Denso','');
insert into Diagram values('UF91-64_1453','UF91-20050400','64-40','E87 130i   ELECTRIC PARTS FOR HEATER','');
insert into Diagram values('UF91-64_1454','UF91-20050400','64-40','E87 130i   ELECTRIC PARTS FOR AC UNIT','');
insert into Diagram values('UF91-64_1433','UF91-20050400','64-45','E87 130i   SENSOR F. AUC','');
insert into Diagram values('UF91-64_1434','UF91-20050400','64-45','E87 130i   Solar sensor','');
insert into Diagram values('UF91-64_1438','UF91-20050400','64-45','E87 130i   Condensation sensor','');
insert into Diagram values('UF91-64_1494','UF91-20050400','64-50','E87 130i   Air-conditioner compressor','');
insert into Diagram values('UF91-64_1429','UF91-20050400','64-55','E87 130i   Condenser air conditioning','');
insert into Diagram values('UF91-64_1431','UF91-20050400','64-60','E87 130i   Coolant lines','');
insert into Diagram values('UF91-64_1575','UF91-20050400','64-65','E87 130i   Spare parts,aux.heater,Opt.Eqmt/Accessor','');
insert into Diagram values('UF91-64_1319','UF91-20050400','64-95','E87 130i   Labels independent heating','');
insert into Diagram values('UF91-64_1573','UF91-20050400','64-95','E87 130i   Install.kit, independent heater','');
insert into Diagram values('UF91-64_1855','UF91-20050400','64-95','E87 130i   Accessori e postmontaggi','');
insert into Diagram values('UF91-64_1441','UF91-20050400','64-99','E87 130i   DIVERSE SMALL PARTS','');
insert into Diagram values('UF91-65_0207','UF91-20050400','65-05','E87 130i   Earth strap for engine hood','');
insert into Diagram values('UF91-65_1473','UF91-20050400','65-05','E87 130i   Radio BMW Business CD','');
insert into DiagramParts values('UF91-65_1474-65129231059', 'UF91-65_1474', 02, 'Rotary knob', 'CHROM', 2, to_date('20100501','YYYYMMDD'), to_date('20100901','YYYYMMDD'), '65129231059', '', '', false);
insert into Diagram values('UF91-65_1474','UF91-20050400','65-05','E87 130i   Radio BMW Professional CD','');
insert into Diagram values('UF91-65_1475','UF91-20050400','65-05','E87 130i   Radio BMW Professional MD','');
insert into Diagram values('UF91-65_1476','UF91-20050400','65-05','E87 130i   M-Audio system controller','');
insert into Diagram values('UF91-65_1585','UF91-20050400','65-05','E87 130i   DAB tuner','');
insert into Diagram values('UF91-65_2440','UF91-20050400','65-05','E87 130i   DAB Retrofit','');
insert into Diagram values('UF91-65_1786','UF91-20050400','65-07','E87 130i   Auxiliary connection cable','');
insert into Diagram values('UF91-65_1471','UF91-20050400','65-10','E87 130i   CD Changer/Bracket','');
insert into DiagramParts values('UF91-65_1483-65139143233', 'UF91-65_1483', 01, 'Central bass, left', 'STEREO-SYSTEM', 1, to_date('20040801','YYYYMMDD'), to_date('20090301','YYYYMMDD'), '65139143233', '', 'ENDED', false);
insert into DiagramParts values('UF91-65_1483-65139192461', 'UF91-65_1483', 01, 'Central bass, left', 'STEREO-SYSTEM', 1, to_date('20040801','YYYYMMDD'), to_date('20091101','YYYYMMDD'), '65139192461', '', 'ENDED', false);
insert into Diagram values('UF91-65_1483','UF91-20050400','65-20','E87 130i   Components central bass','');
insert into Diagram values('UF91-65_1484','UF91-20050400','65-20','E87 130i   SINGLE PARTS F FRONT DOOR LOUDSPEAKER','');
insert into Diagram values('UF91-65_1485','UF91-20050400','65-20','E87 130i   SINGLE PARTS F REAR HELF LOUDSPEAKER','');
insert into Diagram values('UF91-65_1489','UF91-20050400','65-22','E87 130i   Audio wiring harness','');
insert into Diagram values('UF91-65_1534','UF91-20050400','65-22','E87 130i   Universal aerial cable','');
insert into Diagram values('UF91-65_1469','UF91-20050400','65-25','E87 130i   amplifier / holder hifi system','');
insert into Diagram values('UF91-65_1470','UF91-20050400','65-25','E87 130i   Amplifier HiFi Prof. / Harman Kardon','');
insert into DiagramParts values('UF91-65_1486-07146961863', 'UF91-65_1486', 07, 'Sheet metal screw', 'ISA M5X12', 2, to_date('20060901','YYYYMMDD'), to_date('20070701','YYYYMMDD'), '07146961863', '', 'ENDED', false);
insert into Diagram values('UF91-65_1486','UF91-20050400','65-30','E87 130i   SINGLE PARTS F ANTENNA','');
insert into Diagram values('UF91-65_1788','UF91-20050400','65-30','E87 130i   Rod antenna SPORT','');
insert into Diagram values('UF91-65_1498','UF91-20050400','65-45','E87 130i   Controller','');
insert into Diagram values('UF91-65_1499','UF91-20050400','65-45','E87 130i   CCC CD','');
insert into Diagram values('UF91-65_1500','UF91-20050400','65-45','E87 130i   CCC MD/CD','');
insert into Diagram values('UF91-65_1501','UF91-20050400','65-45','E87 130i   Central information display','');
insert into Diagram values('UF91-65_1503','UF91-20050400','65-45','E87 130i   Single parts CCC','');
insert into Diagram values('UF91-65_1504','UF91-20050400','65-45','E87 130i   Coolant hose, CCC / CIC / MASK','');
insert into DiagramParts values('UF91-65_1724-65909112341', 'UF91-65_1724', 01, 'FSC JNav map 2007-1 initialization', 'ASAP', 1, to_date('20070301','YYYYMMDD'), to_date('20070901','YYYYMMDD'), '65909112341', '', 'ENDED', false);
insert into Diagram values('UF91-65_1724','UF91-20050400','65-50','E87 130i   Enable code for Japanese navigation','');
insert into Diagram values('UF91-65_1829','UF91-20050400','65-50','E87 130i   Bracket for Asian Navigation','');
insert into Diagram values('UF91-65_1976','UF91-20050400','65-50','E87 130i   DVD street map Navigation Option 609','');
insert into Diagram values('UF91-65_1978','UF91-20050400','65-50','E87 130i   DVD street map Navigation Option 606','');
insert into Diagram values('UF91-65_1487','UF91-20050400','65-60','E87 130i   Alarm systems','');
insert into Diagram values('UF91-65_1488','UF91-20050400','65-65','E87 130i   Electric parts for airbag','');
insert into Diagram values('UF91-65_1468','UF91-20050400','65-70','E87 130i   Temperature sensor','');
insert into Diagram values('UF91-65_1249','UF91-20050400','65-95','E87 130i   Retrofit kit, BMW Online','');
insert into Diagram values('UF91-65_1513','UF91-20050400','65-95','E87 130i   Retrofit, CD changer','');
insert into Diagram values('UF91-65_1537','UF91-20050400','65-95','E87 130i   INSTALLATION KIT ALARM SYSTEM','');
insert into Diagram values('UF91-65_1541','UF91-20050400','65-95','E87 130i   Replacement parts for radio navigation','');
insert into Diagram values('UF91-65_1658','UF91-20050400','65-95','E87 130i   DVB-T Set-top box','');
insert into Diagram values('UF91-65_1814','UF91-20050400','65-95','E87 130i   Retrofit kit USB/iPod connection','');
insert into Diagram values('UF91-65_1825','UF91-20050400','65-95','E87 130i   iPod connection retrofit kit','');
insert into Diagram values('UF91-65_1894','UF91-20050400','65-95','E87 130i   Hifi system, Alpine','');
insert into Diagram values('UF91-65_1901','UF91-20050400','65-95','E87 130i   Navigation Portable Plus/Pro/HD Traffic','');
insert into Diagram values('UF91-65_1902','UF91-20050400','65-95','E87 130i   GPS, portable, street map','');
insert into Diagram values('UF91-65_1903','UF91-20050400','65-95','E87 130i   iPod connection retrofit kit','');
insert into Diagram values('UF91-65_1924','UF91-20050400','65-95','E87 130i   Navigation Portable accessories','');
insert into Diagram values('UF91-65_1989','UF91-20050400','65-95','E87 130i   Tracking Products','');
insert into Diagram values('UF91-65_2038','UF91-20050400','65-95','E87 130i   DVD system Tablet','');
insert into Diagram values('UF91-65_2079','UF91-20050400','65-95','E87 130i   Smartnav','');
insert into Diagram values('UF91-65_2271','UF91-20050400','65-95','E87 130i   Charger adapter for Apple iPod / iPhone','');
insert into Diagram values('UF91-65_2422','UF91-20050400','65-95','E87 130i   Cable adapter for Apple iPod / iPhone','');
insert into Diagram values('UF91-65_2434','UF91-20050400','65-95','E87 130i   DVD System Tablet Single','');
insert into Diagram values('UF91-65_2515','UF91-20050400','65-95','E87 130i   Navigation &apos;Portable&apos; with Design holder','');
insert into Diagram values('UF91-65_2520','UF91-20050400','65-95','E87 130i   BMW USB charger','');
insert into Diagram values('UF91-65_2522','UF91-20050400','65-95','E87 130i   Cable adapter, devices with Micro USB','');
insert into Diagram values('UF91-66_0114','UF91-20050400','66-05','E87 130i   Ignition lock of remote control','');
insert into Diagram values('UF91-66_0115','UF91-20050400','66-05','E87 130i   Park Distance Control (PDC)','');
insert into Diagram values('UF91-66_0229','UF91-20050400','66-05','E87 130i   Ultrasonic-sensor','');
insert into Diagram values('UF91-66_0110','UF91-20050400','66-95','E87 130i   Retrofit kit PDC II','');
insert into Diagram values('UF91-66_0120','UF91-20050400','66-95','E87 130i   Retrofit kit PDC, rear','');
insert into Diagram values('UF91-66_0121','UF91-20050400','66-95','E87 130i   Retrofit kit PDC, front and rear','');
insert into Diagram values('UF91-66_0122','UF91-20050400','66-95','E87 130i   Front PDC upgrade','');
insert into Diagram values('UF91-66_0128','UF91-20050400','66-95','E87 130i   Dynamic cruise control retrofit','');
insert into Diagram values('UF91-66_0130','UF91-20050400','66-95','E87 130i   Retrofit multi-functional steering wheel','');
insert into Diagram values('UF91-66_0188','UF91-20050400','66-95','E87 130i   Park Distance Control universale sonoro','');
insert into Diagram values('UF91-71_0385','UF91-20050400','71-03','E87 130i   LABEL "TIRE PRESSURE"','');
insert into Diagram values('UF91-71_0537','UF91-20050400','71-03','E87 130i   Various notice stickers','');
insert into Diagram values('UF91-71_0568','UF91-20050400','71-03','E87 130i   Instruction notice, Airbag','');
insert into Diagram values('UF91-71_0619','UF91-20050400','71-03','E87 130i   Label, coolant','');
insert into Diagram values('UF91-71_0388','UF91-20050400','71-05','E87 130i   Warning triangle/First aid kit/-cushion','');
insert into Diagram values('UF91-71_0389','UF91-20050400','71-05','E87 130i   Car tool','');
insert into Diagram values('UF91-71_0717','UF91-20050400','71-05','E87 130i   Set of lifting jack','');
insert into Diagram values('UF91-71_0338','UF91-20050400','71-10','E87 130i   electric parts, towing hitch','');
insert into Diagram values('UF91-71_0396','UF91-20050400','71-10','E87 130i   Towing hitch, detachable','');
insert into Diagram values('UF91-71_0384','UF91-20050400','71-95','E87 130i   Retrofit kit, towing hitch','');
insert into Diagram values('UF91-71_0400','UF91-20050400','71-95','E87 130i   Set of lifting jack','');
insert into Diagram values('UF91-71_0434','UF91-20050400','71-95','E87 130i   Tire Mobility Set','');
insert into Diagram values('UF91-71_0494','UF91-20050400','71-95','E87 130i   Retrofit kit, towing hitch','');
insert into Diagram values('UF91-71_0513','UF91-20050400','71-95','E87 130i   Twin electrics, caravan leads','');
insert into Diagram values('UF91-72_0524','UF91-20050400','72-03','E87 130i   Air bag','');
insert into Diagram values('UF91-72_0521','UF91-20050400','72-05','E87 130i   Safety belt front','');
insert into Diagram values('UF91-72_0522','UF91-20050400','72-05','E87 130i   FRONT SAFETY BELT MOUNTING PARTS','');
insert into Diagram values('UF91-72_0523','UF91-20050400','72-05','E87 130i   SAFETY BELT REAR','');
insert into Diagram values('UF91-72_0461','UF91-20050400','72-95','E87 130i   Storage compartment module','');
insert into Diagram values('UF91-72_0462','UF91-20050400','72-95','E87 130i   Cup holder-module','');
insert into Diagram values('UF91-72_0591','UF91-20050400','72-95','E87 130i   Tow bar','');
insert into Diagram values('UF91-72_0598','UF91-20050400','72-95','E87 130i   TOW ROPE','');
insert into Diagram values('UF91-72_0603','UF91-20050400','72-95','E87 130i   Fire extinguisher','');
insert into Diagram values('UF91-72_0744','UF91-20050400','72-95','E87 130i   Emergency bag','');
insert into Diagram values('UF91-36_0938','UF91-20050400','82-14','E87 130i   Snow chains','');
insert into Diagram values('UF91-82_1073','UF91-20050400','82-26','E87 130i   Universal coat hanger','');
insert into Diagram values('UF91-82_1261','UF91-20050400','82-26','E87 130i   Clean Bag','');
insert into Diagram values('UF91-82_1308','UF91-20050400','82-26','E87 130i   Shoe case','');
insert into Diagram values('UF91-82_1309','UF91-20050400','82-26','E87 130i   Multimedia case','');
insert into Diagram values('UF91-82_1311','UF91-20050400','82-26','E87 130i   Driver utility set','');
insert into Diagram values('UF91-82_1171','UF91-20050400','82-31','E87 130i   BMW buggy chrome-marine with accessories','');
insert into Diagram values('UF91-82_1181','UF91-20050400','82-31','E87 130i   BMW Junior Seat I-II','');
insert into Diagram values('UF91-82_1186','UF91-20050400','82-31','E87 130i   BMW Baby Seat 0+','');
insert into Diagram values('UF91-82_1187','UF91-20050400','82-31','E87 130i   BMW Junior Seat I-II Isofix','');
insert into Diagram values('UF91-82_1189','UF91-20050400','82-31','E87 130i   BMW Baby Seat 0+ Isofix','');
insert into Diagram values('UF91-82_1237','UF91-20050400','82-31','E87 130i   Dog harness','');
insert into Diagram values('UF91-82_1276','UF91-20050400','82-31','E87 130i   BMW Junior Seat II-III','');
insert into Diagram values('UF91-82_1305','UF91-20050400','82-31','E87 130i   BMW Junior Seat III','');
insert into Diagram values('UF91-82_1198','UF91-20050400','82-44','E87 130i   Cover','');
insert into Diagram values('UF91-82_1236','UF91-20050400','82-44','E87 130i   Mud flaps','');
insert into Diagram values('UF91-82_1251','UF91-20050400','82-44','E87 130i   Cover hood windshield/side window','');
insert into Diagram values('UF91-82_0116','UF91-20050400','82-51','E87 130i   Universal support','');
insert into Diagram values('UF91-82_0122','UF91-20050400','82-51','E87 130i   Touring bicycle holder','');
insert into Diagram values('UF91-82_0123','UF91-20050400','82-51','E87 130i   RACK FOR RACING BICYCLE','');
insert into Diagram values('UF91-82_0124','UF91-20050400','82-51','E87 130i   Luggage basket','');
insert into Diagram values('UF91-82_0125','UF91-20050400','82-51','E87 130i   Bicycle lift','');
insert into Diagram values('UF91-82_0245','UF91-20050400','82-51','E87 130i   SUPPORT SNOWBOARD','');
insert into Diagram values('UF91-82_0283','UF91-20050400','82-51','E87 130i   Surfboard rack','');
insert into Diagram values('UF91-82_0284','UF91-20050400','82-51','E87 130i   Standard ski carrier for 6 pairs of skis','');
insert into Diagram values('UF91-82_0364','UF91-20050400','82-51','E87 130i   SKI/SNOWBOARD SET','');
insert into Diagram values('UF91-82_0501','UF91-20050400','82-51','E87 130i   ki and luggage box','');
insert into Diagram values('UF91-82_0502','UF91-20050400','82-51','E87 130i   Luggage box','');
insert into Diagram values('UF91-82_0594','UF91-20050400','82-51','E87 130i   Komfort ski holder','');
insert into Diagram values('UF91-82_0845','UF91-20050400','82-51','E87 130i   Standard ski holder, for 4 pairs of ski','');
insert into Diagram values('UF91-82_1157','UF91-20050400','82-51','E87 130i   Bicycle carrier, trailer coupling','');
insert into Diagram values('UF91-82_1175','UF91-20050400','82-51','E87 130i   Touring bicycle holder','');
insert into Diagram values('UF91-82_1178','UF91-20050400','82-51','E87 130i   Roof box','');
insert into Diagram values('UF91-82_1230','UF91-20050400','82-51','E87 130i   Rack support','');
insert into Diagram values('UF91-82_1234','UF91-20050400','82-51','E87 130i   Roof box','');
insert into Diagram values('UF91-82_1244','UF91-20050400','82-51','E87 130i   Racing bike rack','');
insert into Diagram values('UF91-82_1250','UF91-20050400','82-51','E87 130i   Roof box','');
insert into Diagram values('UF91-82_1268','UF91-20050400','82-51','E87 130i   Ski/snowboard holder','');
insert into Diagram values('UF91-82_1277','UF91-20050400','82-51','E87 130i   Rear carrier ECE','');
insert into Diagram values('UF91-82_1282','UF91-20050400','82-51','E87 130i   Rear carrier ski/snowboard holder','');
insert into Diagram values('UF91-82_1295','UF91-20050400','82-51','E87 130i   Roof rack systems','');
insert into Diagram values('UF91-82_1364','UF91-20050400','82-51','E87 130i   Bicycle carrier, trailer coupling','');
insert into Diagram values('UF91-82_1460','UF91-20050400','82-51','E87 130i   Roof rack systems','');
insert into Diagram values('UF91-82_1476','UF91-20050400','82-51','E87 130i   Roof-mounted container 320 LCI','');
insert into Diagram values('UF91-82_1551','UF91-20050400','82-51','E87 130i   Bicycle carrier, trailer coupling','');
insert into Diagram values('UF91-82_1567','UF91-20050400','82-51','E87 130i   Bicycle carrier, trailer coupling','');
insert into Diagram values('UF91-82_1589','UF91-20050400','82-51','E87 130i   Racing bike rack','');
insert into Diagram values('UF91-82_0926','UF91-20050400','82-52','E87 130i   Adapter (universal lift) for hood','');
insert into Diagram values('UF91-82_0102','UF91-20050400','82-81','E87 130i   Universal hoist','');
insert into Diagram values('UF91-83_0579','UF91-20050400','83-01','E87 130i   Rugzak','');
insert into Diagram values('UF91-83_0311','UF91-20050400','83-24','E87 130i   Paint protection foil E87','');
insert into Diagram values('UF91-84_0675','UF91-20050400','84-10','E87 130i   Indiv. parts, phone handset/mountg Japan','');
insert into Diagram values('UF91-84_0676','UF91-20050400','84-10','E87 130i   Single parts f teleph.luggage cptm.Japan','');
insert into Diagram values('UF91-84_0767','UF91-20050400','84-10','E87 130i   Starter package, cell phone Nokia 6303c','');
insert into Diagram values('UF91-84_0850','UF91-20050400','84-10','E87 130i   ASSY COMBOX TELEMATIC ECE','');
insert into Diagram values('UF91-84_0658','UF91-20050400','84-20','E87 130i   Single parts, SA 644 center console','');
insert into Diagram values('UF91-84_0659','UF91-20050400','84-20','E87 130i   Single parts, SA 644, trunk','');
insert into Diagram values('UF91-84_0673','UF91-20050400','84-20','E87 130i   Single parts, SA 633, center console','');
insert into Diagram values('UF91-84_0704','UF91-20050400','84-20','E87 130i   Single parts SA 633, trunk','');
insert into Diagram values('UF91-84_0758','UF91-20050400','84-20','E87 130i   Single parts, option 6NF center console','');
insert into Diagram values('UF91-84_0657','UF91-20050400','84-30','E87 130i   Single parts f hands-free facility','');
insert into Diagram values('UF91-84_0694','UF91-20050400','84-30','E87 130i   Single parts f hands-free fac. Bluetooth','');
insert into Diagram values('UF91-84_0639','UF91-20050400','84-95','E87 130i   Bluetooth SA644 hands-free retrofit kit','');
insert into Diagram values('UF91-84_0669','UF91-20050400','84-95','E87 130i   Retrofit kit hands-free facil. Bluetooth','');
insert into Diagram values('UF91-84_0678','UF91-20050400','84-95','E87 130i   Retrofit kit, voice input','');
insert into Diagram values('UF91-84_0711','UF91-20050400','84-95','E87 130i   Car phone for Japan','');
insert into Diagram values('UF91-84_0713','UF91-20050400','84-95','E87 130i   Retrofit kit for UNI hands-free system','');
insert into Diagram values('UF91-84_0714','UF91-20050400','84-95','E87 130i   Cell phone cradles,Universal hands-free','');
insert into Diagram values('UF91-84_0730','UF91-20050400','84-95','E87 130i   Stolen Vehicle Tracking - TPA','');
insert into Diagram values('UF91-84_0732','UF91-20050400','84-95','E87 130i   Upgrade kit hands-free Bluetooth OPT644','');
insert into Diagram values('UF91-84_0741','UF91-20050400','84-95','E87 130i   Base hands-free system with Bluetooth','');
insert into Diagram values('UF91-84_0778','UF91-20050400','84-95','E87 130i   BMW Bluetooth headset','');
insert into Diagram values('UF91-84_0867','UF91-20050400','84-95','E87 130i   BMW Car Hotspot','');
insert into Diagram values('UF91-84_0895','UF91-20050400','84-95','E87 130i   BMW station fr Apple iPhone','');
insert into Diagram values('UF91-84_0897','UF91-20050400','84-95','E87 130i   Snap-in adapter for Apple devices','');
insert into Diagram values('UF91-84_0906','UF91-20050400','84-95','E87 130i   Snap-in adapter, SONY ERICSSON devices','');
insert into Diagram values('UF91-84_0907','UF91-20050400','84-95','E87 130i   Snap-in adapter for NOKIA devices','');
insert into Diagram values('UF91-84_0908','UF91-20050400','84-95','E87 130i   Snap-in adapter for SIEMENS devices','');
insert into Diagram values('UF91-84_0909','UF91-20050400','84-95','E87 130i   Snap-in adapter for MOTOROLA devices','');
insert into Diagram values('UF91-84_0910','UF91-20050400','84-95','E87 130i   Snap-in adapter, BlackBerry/RIM devices','');
insert into Diagram values('UF91-84_0930','UF91-20050400','84-95','E87 130i   Smartphone cradle','');
insert into Diagram values('UF91-84_0931','UF91-20050400','84-95','E87 130i   BMW Car Hotspot LTE','');
insert into Diagram values('UF91-85_0001','UF91-20050400','85-45','E87 130i   Winter tires','');
insert into Diagram values('UF91-85_0028','UF91-20050400','85-45','E87 130i   Summer tires','');
insert into Diagram values('UF91-88_0052','UF91-20050400','88-80','E87 130i   Emergency bag','');
insert into Diagram values('UF91-88_0064','UF91-20050400','88-80','E87 130i   Fluid-change kit, autom. transmission','');
insert into ProdCode values('UF92','130i','SH','E87','ECE','N52','R','04/2005 E87 130i 5 doors N52 Europe Right hand drive ');
insert into ProdCodeDate values('UF92-20050400','UF92',to_date('20050401','YYYYMMDD'));
insert into Diagram values('UF92-01_0206','UF92-20050400','01-05','E87 130i   BMW care tips','');
insert into DiagramParts values('UF92-01_0689-01400012852', 'UF92-01_0689', 01, 'Owner&apos;s handbook E87 without iDrive', 'DE, MJ 2007', 1, to_date('20060901','YYYYMMDD'), to_date('20070301','YYYYMMDD'), '01400012852', '', '', false);
insert into DiagramParts values('UF92-01_0689-01410012853', 'UF92-01_0689', 02, 'Owner&apos;s handbook E87 without iDrive', 'EN, MJ 2007', 1, to_date('20060901','YYYYMMDD'), to_date('20070301','YYYYMMDD'), '01410012853', '', '', false);
insert into DiagramParts values('UF92-01_0689-01420012854', 'UF92-01_0689', 03, 'Owner&apos;s handbook E87 without iDrive', 'FR, MJ 2007', 1, to_date('20060901','YYYYMMDD'), to_date('20070301','YYYYMMDD'), '01420012854', '', '', false);
insert into DiagramParts values('UF92-01_0689-01430012855', 'UF92-01_0689', 04, 'Owner&apos;s handbook E87 without iDrive', 'ES, MJ 2007', 1, to_date('20060901','YYYYMMDD'), to_date('20070301','YYYYMMDD'), '01430012855', '', '', false);
insert into DiagramParts values('UF92-01_0689-01440012856', 'UF92-01_0689', 05, 'Owner&apos;s handbook E87 without iDrive', 'IT, MJ 2007', 1, to_date('20060901','YYYYMMDD'), to_date('20070301','YYYYMMDD'), '01440012856', '', '', false);
insert into DiagramParts values('UF92-01_0689-01450012857', 'UF92-01_0689', 06, 'Owner&apos;s handbook E87 without iDrive', 'SV, MJ 2007', 1, to_date('20060901','YYYYMMDD'), to_date('20070301','YYYYMMDD'), '01450012857', '', '', false);
insert into DiagramParts values('UF92-01_0689-01460012858', 'UF92-01_0689', 07, 'Owner&apos;s handbook E87 without iDrive', 'NL, MJ 2007', 1, to_date('20060901','YYYYMMDD'), to_date('20070301','YYYYMMDD'), '01460012858', '', '', false);
insert into DiagramParts values('UF92-01_0689-01470012859', 'UF92-01_0689', 08, 'Owner&apos;s handbook E87 without iDrive', 'AR, MJ 2007', 1, to_date('20060901','YYYYMMDD'), to_date('20070301','YYYYMMDD'), '01470012859', '', '', false);
insert into DiagramParts values('UF92-01_0689-01480012860', 'UF92-01_0689', 09, 'Owner&apos;s handbook E87 without iDrive', 'DA, MJ 2007', 1, to_date('20060901','YYYYMMDD'), to_date('20070301','YYYYMMDD'), '01480012860', '', '', false);
insert into DiagramParts values('UF92-01_0689-01490012861', 'UF92-01_0689', 10, 'Owner&apos;s handbook E87 without iDrive', 'PT, MJ 2007', 1, to_date('20060901','YYYYMMDD'), to_date('20070301','YYYYMMDD'), '01490012861', '', '', false);
insert into DiagramParts values('UF92-01_0689-01490012862', 'UF92-01_0689', 13, 'Owner&apos;s handbook E87 without iDrive', 'EL, MJ 2007', 1, to_date('20060901','YYYYMMDD'), to_date('20070301','YYYYMMDD'), '01490012862', '', '', false);
insert into Diagram values('UF92-01_0689','UF92-20050400','01-05','E87 130i   Owner&apos;s manual for E81, E87 w/o iDrive','');
insert into DiagramParts values('UF92-01_0690-01400012915', 'UF92-01_0690', 01, 'Owner&apos;s handbook E87 with iDrive', 'DE, MJ 2007', 1, to_date('20060901','YYYYMMDD'), to_date('20070301','YYYYMMDD'), '01400012915', '', '', false);
insert into DiagramParts values('UF92-01_0690-01410012916', 'UF92-01_0690', 02, 'Owner&apos;s handbook E87 with iDrive', 'EN, MJ 2007', 1, to_date('20060901','YYYYMMDD'), to_date('20070301','YYYYMMDD'), '01410012916', '', '', false);
insert into DiagramParts values('UF92-01_0690-01420012917', 'UF92-01_0690', 03, 'Owner&apos;s handbook E87 with iDrive', 'FR, MJ 2007', 1, to_date('20060901','YYYYMMDD'), to_date('20070301','YYYYMMDD'), '01420012917', '', '', false);
insert into DiagramParts values('UF92-01_0690-01430012918', 'UF92-01_0690', 04, 'Owner&apos;s handbook E87 with iDrive', 'ES, MJ 2007', 1, to_date('20060901','YYYYMMDD'), to_date('20070301','YYYYMMDD'), '01430012918', '', '', false);
insert into DiagramParts values('UF92-01_0690-01440012919', 'UF92-01_0690', 05, 'Owner&apos;s handbook E87 with iDrive', 'IT, MJ 2007', 1, to_date('20060901','YYYYMMDD'), to_date('20070301','YYYYMMDD'), '01440012919', '', '', false);
insert into DiagramParts values('UF92-01_0690-01450012920', 'UF92-01_0690', 06, 'Owner&apos;s handbook E87 with iDrive', 'SV, MJ 2007', 1, to_date('20060901','YYYYMMDD'), to_date('20070301','YYYYMMDD'), '01450012920', '', '', false);
insert into DiagramParts values('UF92-01_0690-01460012921', 'UF92-01_0690', 07, 'Owner&apos;s handbook E87 with iDrive', 'NL, MJ 2007', 1, to_date('20060901','YYYYMMDD'), to_date('20070301','YYYYMMDD'), '01460012921', '', '', false);
insert into DiagramParts values('UF92-01_0690-01470012922', 'UF92-01_0690', 08, 'Owner&apos;s handbook E87 with iDrive', 'AR, MJ 2007', 1, to_date('20060901','YYYYMMDD'), to_date('20070301','YYYYMMDD'), '01470012922', '', '', false);
insert into DiagramParts values('UF92-01_0690-01480012923', 'UF92-01_0690', 08, 'Owner&apos;s handbook E87 with iDrive', 'DA, MJ 2007', 1, to_date('20060901','YYYYMMDD'), to_date('20070301','YYYYMMDD'), '01480012923', '', '', false);
insert into DiagramParts values('UF92-01_0690-01490159993', 'UF92-01_0690', 10, 'Owner&apos;s handbook E87 with iDrive', 'PT, MJ 2006', 1, to_date('20050901','YYYYMMDD'), to_date('20060901','YYYYMMDD'), '01490159993', '', '', false);
insert into DiagramParts values('UF92-01_0690-01490012924', 'UF92-01_0690', 10, 'Owner&apos;s handbook E87 with iDrive', 'PT, MJ 2007', 1, to_date('20060901','YYYYMMDD'), to_date('20070301','YYYYMMDD'), '01490012924', '', '', false);
insert into DiagramParts values('UF92-01_0690-01490012925', 'UF92-01_0690', 13, 'Owner&apos;s handbook E87 with iDrive', 'EL, MJ 2007', 1, to_date('20060901','YYYYMMDD'), to_date('20070301','YYYYMMDD'), '01490012925', '', '', false);
insert into Diagram values('UF92-01_0690','UF92-20050400','01-05','E87 130i   Owner&apos;s manual for E81, E87 with iDrive','');
insert into DiagramParts values('UF92-01_0727-01400011871', 'UF92-01_0727', 01, 'Brief instructions E87 without iDrive', 'DE', 1, to_date('20050901','YYYYMMDD'), to_date('20070301','YYYYMMDD'), '01400011871', '', '', false);
insert into DiagramParts values('UF92-01_0727-01400011882', 'UF92-01_0727', 01, 'Brief instructions E87 with iDrive', 'DE', 1, to_date('20050901','YYYYMMDD'), to_date('20070301','YYYYMMDD'), '01400011882', '', '', false);
insert into DiagramParts values('UF92-01_0727-01410011883', 'UF92-01_0727', 02, 'Brief instructions E87 with iDrive', 'EN', 1, to_date('20050901','YYYYMMDD'), to_date('20070301','YYYYMMDD'), '01410011883', '', '', false);
insert into Diagram values('UF92-01_0727','UF92-20050400','01-05','E87 130i   Brief instructions E81, E82, E87, E','');
insert into Diagram values('UF92-01_0756','UF92-20050400','01-05','E87 130i   Mirror placard','');
insert into Diagram values('UF92-01_0780','UF92-20050400','01-05','E87 130i   Brochure Service Contact, BMW','');
insert into DiagramParts values('UF92-01_1080-01402918756', 'UF92-01_1080', 02, 'Supplement Owner&apos;s Manual license texts', 'MULTILINGUAL', 1, to_date('20130301','YYYYMMDD'), to_date('20130701','YYYYMMDD'), '01402918756', '', '', false);
insert into Diagram values('UF92-01_1080','UF92-20050400','01-05','E87 130i   Flyer, license texts for BMW','');
insert into DiagramParts values('UF92-01_0606-01400012026', 'UF92-01_0606', 01, 'Operating instructions, radio &quot;de&quot;', 'SA663', 1, to_date('20060901','YYYYMMDD'), to_date('20070301','YYYYMMDD'), '01400012026', '', '', false);
insert into DiagramParts values('UF92-01_0606-01400159098', 'UF92-01_0606', 01, 'Operating instructions, radio &quot;de&quot;', 'SA663', 1, to_date('20050301','YYYYMMDD'), to_date('20050901','YYYYMMDD'), '01400159098', '', '', false);
insert into DiagramParts values('UF92-01_0606-01410012027', 'UF92-01_0606', 02, 'Operating instructions, radio &quot;en&quot;', 'SA663', 1, to_date('20060901','YYYYMMDD'), to_date('20070301','YYYYMMDD'), '01410012027', '', '', false);
insert into DiagramParts values('UF92-01_0606-01410159099', 'UF92-01_0606', 02, 'Operating instructions, radio &quot;en&quot;', 'SA663', 1, to_date('20050301','YYYYMMDD'), to_date('20050901','YYYYMMDD'), '01410159099', '', '', false);
insert into DiagramParts values('UF92-01_0606-01420012028', 'UF92-01_0606', 03, 'Operating instructions, radio &quot;fr&quot;', 'SA663', 1, to_date('20060901','YYYYMMDD'), to_date('20070301','YYYYMMDD'), '01420012028', '', '', false);
insert into DiagramParts values('UF92-01_0606-01420159100', 'UF92-01_0606', 03, 'Operating instructions, radio &quot;fr&quot;', 'SA663', 1, to_date('20050301','YYYYMMDD'), to_date('20050901','YYYYMMDD'), '01420159100', '', '', false);
insert into DiagramParts values('UF92-01_0606-01430012029', 'UF92-01_0606', 04, 'Operating instructions, radio &quot;es&quot;', 'SA663', 1, to_date('20060901','YYYYMMDD'), to_date('20070301','YYYYMMDD'), '01430012029', '', '', false);
insert into DiagramParts values('UF92-01_0606-01430158404', 'UF92-01_0606', 04, 'Operating instructions, radio &quot;es&quot;', 'SA663', 1, to_date('20041201','YYYYMMDD'), to_date('20050301','YYYYMMDD'), '01430158404', '', '', false);
insert into DiagramParts values('UF92-01_0606-01430159101', 'UF92-01_0606', 04, 'Operating instructions, radio &quot;es&quot;', 'SA663', 1, to_date('20050301','YYYYMMDD'), to_date('20050901','YYYYMMDD'), '01430159101', '', '', false);
insert into DiagramParts values('UF92-01_0606-01440012030', 'UF92-01_0606', 05, 'Operating instructions, radio &quot;it&quot;', 'SA663', 1, to_date('20060901','YYYYMMDD'), to_date('20070301','YYYYMMDD'), '01440012030', '', '', false);
insert into DiagramParts values('UF92-01_0606-01440159102', 'UF92-01_0606', 05, 'Operating instructions, radio &quot;it&quot;', 'SA663', 1, to_date('20050301','YYYYMMDD'), to_date('20050901','YYYYMMDD'), '01440159102', '', '', false);
insert into DiagramParts values('UF92-01_0606-01450012031', 'UF92-01_0606', 06, 'Operating instructions, radio &quot;sv&quot;', 'SA663', 1, to_date('20060901','YYYYMMDD'), to_date('20070301','YYYYMMDD'), '01450012031', '', '', false);
insert into DiagramParts values('UF92-01_0606-01450159103', 'UF92-01_0606', 06, 'Operating instructions, radio &quot;sv&quot;', 'SA663', 1, to_date('20050301','YYYYMMDD'), to_date('20050901','YYYYMMDD'), '01450159103', '', '', false);
insert into DiagramParts values('UF92-01_0606-01460012032', 'UF92-01_0606', 07, 'Operating instructions, radio &quot;nl&quot;', 'SA663', 1, to_date('20060901','YYYYMMDD'), to_date('20070301','YYYYMMDD'), '01460012032', '', '', false);
insert into DiagramParts values('UF92-01_0606-01460159104', 'UF92-01_0606', 07, 'Operating instructions, radio &quot;nl&quot;', 'SA663', 1, to_date('20050301','YYYYMMDD'), to_date('20050901','YYYYMMDD'), '01460159104', '', '', false);
insert into DiagramParts values('UF92-01_0606-01470012033', 'UF92-01_0606', 08, 'Operating instructions, radio &quot;ar&quot;', 'SA663', 1, to_date('20060901','YYYYMMDD'), to_date('20070301','YYYYMMDD'), '01470012033', '', '', false);
insert into DiagramParts values('UF92-01_0606-01470159105', 'UF92-01_0606', 08, 'Operating instructions, radio &quot;ar&quot;', 'SA663', 1, to_date('20050301','YYYYMMDD'), to_date('20050901','YYYYMMDD'), '01470159105', '', '', false);
insert into DiagramParts values('UF92-01_0606-01480012034', 'UF92-01_0606', 09, 'Operating instructions, radio &quot;da&quot;', 'SA663', 1, to_date('20060901','YYYYMMDD'), to_date('20070301','YYYYMMDD'), '01480012034', '', '', false);
insert into DiagramParts values('UF92-01_0606-01480159106', 'UF92-01_0606', 09, 'Operating instructions, radio &quot;da&quot;', 'SA663', 1, to_date('20050301','YYYYMMDD'), to_date('20050901','YYYYMMDD'), '01480159106', '', '', false);
insert into DiagramParts values('UF92-01_0606-01490012035', 'UF92-01_0606', 10, 'Operating instructions, radio &quot;pt&quot;', 'SA663', 1, to_date('20060901','YYYYMMDD'), to_date('20070301','YYYYMMDD'), '01490012035', '', '', false);
insert into DiagramParts values('UF92-01_0606-01490159107', 'UF92-01_0606', 10, 'Operating instructions, radio &quot;pt&quot;', 'SA663', 1, to_date('20050301','YYYYMMDD'), to_date('20050901','YYYYMMDD'), '01490159107', '', '', false);
insert into DiagramParts values('UF92-01_0606-01490012037', 'UF92-01_0606', 13, 'Operating instructions, radio &quot;el&quot;', 'SA663', 1, to_date('20060901','YYYYMMDD'), to_date('20070301','YYYYMMDD'), '01490012037', '', '', false);
insert into DiagramParts values('UF92-01_0606-01490159109', 'UF92-01_0606', 13, 'Operating instructions, radio &quot;el&quot;', 'SA663', 1, to_date('20050301','YYYYMMDD'), to_date('20050901','YYYYMMDD'), '01490159109', '', '', false);
insert into DiagramParts values('UF92-01_0606-01490012036', 'UF92-01_0606', 14, 'Operating instructions, radio &quot;zh&quot;', 'SA663', 1, to_date('20060901','YYYYMMDD'), to_date('20070301','YYYYMMDD'), '01490012036', '', '', false);
insert into Diagram values('UF92-01_0606','UF92-20050400','01-12','E87 130i   Radio E81,E82,E87,E88, E90,E91,E92,E93','');
insert into DiagramParts values('UF92-01_0302-01400011822', 'UF92-01_0302', 01, 'Owner&apos;s handbook, telephone &quot;de&quot;', 'SA633, SA644', 1, to_date('20050901','YYYYMMDD'), to_date('20060901','YYYYMMDD'), '01400011822', '', '', false);
insert into DiagramParts values('UF92-01_0302-01400012071', 'UF92-01_0302', 01, 'Owner&apos;s handbook, telephone &quot;de&quot;', 'SA633, SA644', 1, to_date('20060901','YYYYMMDD'), to_date('20070301','YYYYMMDD'), '01400012071', '', '', false);
insert into DiagramParts values('UF92-01_0302-01400014355', 'UF92-01_0302', 01, 'Owner&apos;s handbook, telephone &quot;de&quot;', 'SA633, SA644', 1, to_date('20070901','YYYYMMDD'), to_date('20080301','YYYYMMDD'), '01400014355', '', '', false);
insert into DiagramParts values('UF92-01_0302-01402600073', 'UF92-01_0302', 01, 'Owner&apos;s handbook, telephone &quot;de&quot;', 'SA633, SA644', 1, to_date('20050901','YYYYMMDD'), to_date('20060301','YYYYMMDD'), '01402600073', '', '', false);
insert into DiagramParts values('UF92-01_0302-01400012059', 'UF92-01_0302', 01, 'Owner&apos;s handbook, telephone &quot;de&quot;', 'SA633, SA644', 1, to_date('20060301','YYYYMMDD'), to_date('20060901','YYYYMMDD'), '01400012059', '', '', false);
insert into DiagramParts values('UF92-01_0302-01410011823', 'UF92-01_0302', 02, 'Owner&apos;s handbook, telephone &quot;en&quot;', 'SA633, SA644', 1, to_date('20050901','YYYYMMDD'), to_date('20060901','YYYYMMDD'), '01410011823', '', '', false);
insert into DiagramParts values('UF92-01_0302-01410012072', 'UF92-01_0302', 02, 'Owner&apos;s handbook, telephone &quot;en&quot;', 'SA633, SA644', 1, to_date('20060901','YYYYMMDD'), to_date('20070301','YYYYMMDD'), '01410012072', '', '', false);
insert into DiagramParts values('UF92-01_0302-01410014356', 'UF92-01_0302', 02, 'Owner&apos;s handbook, telephone &quot;en&quot;', 'SA633, SA644', 1, to_date('20070901','YYYYMMDD'), to_date('20080301','YYYYMMDD'), '01410014356', '', '', false);
insert into DiagramParts values('UF92-01_0302-01412600074', 'UF92-01_0302', 02, 'Owner&apos;s handbook, telephone &quot;en&quot;', 'SA633, SA644', 1, to_date('20050901','YYYYMMDD'), to_date('20060301','YYYYMMDD'), '01412600074', '', '', false);
insert into DiagramParts values('UF92-01_0302-01410012060', 'UF92-01_0302', 02, 'Owner&apos;s handbook, telephone &quot;en&quot;', 'SA633, SA644', 1, to_date('20060301','YYYYMMDD'), to_date('20060901','YYYYMMDD'), '01410012060', '', '', false);
insert into DiagramParts values('UF92-01_0302-01420011824', 'UF92-01_0302', 03, 'Owner&apos;s handbook, telephone &quot;fr&quot;', 'SA633, SA644', 1, to_date('20050901','YYYYMMDD'), to_date('20060901','YYYYMMDD'), '01420011824', '', '', false);
insert into DiagramParts values('UF92-01_0302-01420012073', 'UF92-01_0302', 03, 'Owner&apos;s handbook, telephone &quot;fr&quot;', 'SA633, SA644', 1, to_date('20060901','YYYYMMDD'), to_date('20070301','YYYYMMDD'), '01420012073', '', '', false);
insert into DiagramParts values('UF92-01_0302-01420014357', 'UF92-01_0302', 03, 'Owner&apos;s handbook, telephone &quot;fr&quot;', 'SA633, SA644', 1, to_date('20070901','YYYYMMDD'), to_date('20080301','YYYYMMDD'), '01420014357', '', '', false);
insert into DiagramParts values('UF92-01_0302-01422600075', 'UF92-01_0302', 03, 'Owner&apos;s handbook, telephone &quot;fr&quot;', 'SA633, SA644', 1, to_date('20050901','YYYYMMDD'), to_date('20060301','YYYYMMDD'), '01422600075', '', '', false);
insert into DiagramParts values('UF92-01_0302-01420012061', 'UF92-01_0302', 03, 'Owner&apos;s handbook, telephone &quot;fr&quot;', 'SA633, SA644', 1, to_date('20060301','YYYYMMDD'), to_date('20060901','YYYYMMDD'), '01420012061', '', '', false);
insert into DiagramParts values('UF92-01_0302-01430011825', 'UF92-01_0302', 04, 'Owner&apos;s handbook, telephone &quot;es&quot;', 'SA633, SA644', 1, to_date('20050901','YYYYMMDD'), to_date('20060901','YYYYMMDD'), '01430011825', '', '', false);
insert into DiagramParts values('UF92-01_0302-01430012074', 'UF92-01_0302', 04, 'Owner&apos;s handbook, telephone &quot;es&quot;', 'SA633, SA644', 1, to_date('20060901','YYYYMMDD'), to_date('20070301','YYYYMMDD'), '01430012074', '', '', false);
insert into DiagramParts values('UF92-01_0302-01430014358', 'UF92-01_0302', 04, 'Owner&apos;s handbook, telephone &quot;es&quot;', 'SA633, SA644', 1, to_date('20070901','YYYYMMDD'), to_date('20080301','YYYYMMDD'), '01430014358', '', '', false);
insert into DiagramParts values('UF92-01_0302-01432600076', 'UF92-01_0302', 04, 'Owner&apos;s handbook, telephone &quot;es&quot;', 'SA633, SA644', 1, to_date('20050901','YYYYMMDD'), to_date('20060301','YYYYMMDD'), '01432600076', '', '', false);
insert into DiagramParts values('UF92-01_0302-01430012062', 'UF92-01_0302', 04, 'Owner&apos;s handbook, telephone &quot;es&quot;', 'SA633, SA644', 1, to_date('20060301','YYYYMMDD'), to_date('20060901','YYYYMMDD'), '01430012062', '', '', false);
insert into DiagramParts values('UF92-01_0302-01440011826', 'UF92-01_0302', 05, 'Owner&apos;s handbook, telephone &quot;it&quot;', 'SA633, SA644', 1, to_date('20050901','YYYYMMDD'), to_date('20060901','YYYYMMDD'), '01440011826', '', '', false);
insert into DiagramParts values('UF92-01_0302-01440012075', 'UF92-01_0302', 05, 'Owner&apos;s handbook, telephone &quot;it&quot;', 'SA633, SA644', 1, to_date('20060901','YYYYMMDD'), to_date('20070301','YYYYMMDD'), '01440012075', '', '', false);
insert into DiagramParts values('UF92-01_0302-01440014359', 'UF92-01_0302', 05, 'Owner&apos;s handbook, telephone &quot;it&quot;', 'SA633, SA644', 1, to_date('20070901','YYYYMMDD'), to_date('20080301','YYYYMMDD'), '01440014359', '', '', false);
insert into DiagramParts values('UF92-01_0302-01442600077', 'UF92-01_0302', 05, 'Owner&apos;s handbook, telephone &quot;it&quot;', 'SA633, SA644', 1, to_date('20050901','YYYYMMDD'), to_date('20060301','YYYYMMDD'), '01442600077', '', '', false);
insert into DiagramParts values('UF92-01_0302-01440012063', 'UF92-01_0302', 05, 'Owner&apos;s handbook, telephone &quot;it&quot;', 'SA633, SA644', 1, to_date('20060301','YYYYMMDD'), to_date('20060901','YYYYMMDD'), '01440012063', '', '', false);
insert into DiagramParts values('UF92-01_0302-01450011827', 'UF92-01_0302', 06, 'Owner&apos;s handbook, telephone &quot;sv&quot;', 'SA633, SA644', 1, to_date('20050901','YYYYMMDD'), to_date('20060901','YYYYMMDD'), '01450011827', '', '', false);
insert into DiagramParts values('UF92-01_0302-01450012076', 'UF92-01_0302', 06, 'Owner&apos;s handbook, telephone &quot;sv&quot;', 'SA633, SA644', 1, to_date('20060901','YYYYMMDD'), to_date('20070301','YYYYMMDD'), '01450012076', '', '', false);
insert into DiagramParts values('UF92-01_0302-01450014360', 'UF92-01_0302', 06, 'Owner&apos;s handbook, telephone &quot;sv&quot;', 'SA633, SA644', 1, to_date('20070901','YYYYMMDD'), to_date('20080301','YYYYMMDD'), '01450014360', '', '', false);
insert into DiagramParts values('UF92-01_0302-01452600078', 'UF92-01_0302', 06, 'Owner&apos;s handbook, telephone &quot;sv&quot;', 'SA633, SA644', 1, to_date('20050901','YYYYMMDD'), to_date('20060301','YYYYMMDD'), '01452600078', '', '', false);
insert into DiagramParts values('UF92-01_0302-01450012064', 'UF92-01_0302', 06, 'Owner&apos;s handbook, telephone &quot;sv&quot;', 'SA633, SA644', 1, to_date('20060301','YYYYMMDD'), to_date('20060901','YYYYMMDD'), '01450012064', '', '', false);
insert into DiagramParts values('UF92-01_0302-01460011828', 'UF92-01_0302', 07, 'Owner&apos;s handbook, telephone &quot;nl&quot;', 'SA633, SA644', 1, to_date('20050901','YYYYMMDD'), to_date('20060901','YYYYMMDD'), '01460011828', '', '', false);
insert into DiagramParts values('UF92-01_0302-01460012077', 'UF92-01_0302', 07, 'Owner&apos;s handbook, telephone &quot;nl&quot;', 'SA633, SA644', 1, to_date('20060901','YYYYMMDD'), to_date('20070301','YYYYMMDD'), '01460012077', '', '', false);
insert into DiagramParts values('UF92-01_0302-01460014361', 'UF92-01_0302', 07, 'Owner&apos;s handbook, telephone &quot;nl&quot;', 'SA633, SA644', 1, to_date('20070901','YYYYMMDD'), to_date('20080301','YYYYMMDD'), '01460014361', '', '', false);
insert into DiagramParts values('UF92-01_0302-01462600079', 'UF92-01_0302', 07, 'Owner&apos;s handbook, telephone &quot;nl&quot;', 'SA633, SA644', 1, to_date('20050901','YYYYMMDD'), to_date('20060301','YYYYMMDD'), '01462600079', '', '', false);
insert into DiagramParts values('UF92-01_0302-01460012065', 'UF92-01_0302', 07, 'Owner&apos;s handbook, telephone &quot;nl&quot;', 'SA633, SA644', 1, to_date('20060301','YYYYMMDD'), to_date('20060901','YYYYMMDD'), '01460012065', '', '', false);
insert into DiagramParts values('UF92-01_0302-01470011829', 'UF92-01_0302', 08, 'Owner&apos;s handbook, telephone &quot;ar&quot;', 'SA633, SA644', 1, to_date('20050901','YYYYMMDD'), to_date('20060901','YYYYMMDD'), '01470011829', '', '', false);
insert into DiagramParts values('UF92-01_0302-01470012078', 'UF92-01_0302', 08, 'Owner&apos;s handbook, telephone &quot;ar&quot;', 'SA633, SA644', 1, to_date('20060901','YYYYMMDD'), to_date('20070301','YYYYMMDD'), '01470012078', '', '', false);
insert into DiagramParts values('UF92-01_0302-01470014362', 'UF92-01_0302', 08, 'Owner&apos;s handbook, telephone &quot;ar&quot;', 'SA633, SA644', 1, to_date('20070901','YYYYMMDD'), to_date('20080301','YYYYMMDD'), '01470014362', '', '', false);
insert into DiagramParts values('UF92-01_0302-01472600080', 'UF92-01_0302', 08, 'Owner&apos;s handbook, telephone &quot;ar&quot;', 'SA633, SA644', 1, to_date('20050901','YYYYMMDD'), to_date('20060301','YYYYMMDD'), '01472600080', '', '', false);
insert into DiagramParts values('UF92-01_0302-01470012066', 'UF92-01_0302', 08, 'Owner&apos;s handbook, telephone &quot;ar&quot;', 'SA633, SA644', 1, to_date('20060301','YYYYMMDD'), to_date('20060901','YYYYMMDD'), '01470012066', '', '', false);
insert into DiagramParts values('UF92-01_0302-01480011830', 'UF92-01_0302', 09, 'Owner&apos;s handbook, telephone &quot;da&quot;', 'SA633, SA644', 1, to_date('20050901','YYYYMMDD'), to_date('20060901','YYYYMMDD'), '01480011830', '', '', false);
insert into DiagramParts values('UF92-01_0302-01480012079', 'UF92-01_0302', 09, 'Owner&apos;s handbook, telephone &quot;da&quot;', 'SA633, SA644', 1, to_date('20060901','YYYYMMDD'), to_date('20070301','YYYYMMDD'), '01480012079', '', '', false);
insert into DiagramParts values('UF92-01_0302-01480014363', 'UF92-01_0302', 09, 'Owner&apos;s handbook, telephone &quot;da&quot;', 'SA633, SA644', 1, to_date('20070901','YYYYMMDD'), to_date('20080301','YYYYMMDD'), '01480014363', '', '', false);
insert into DiagramParts values('UF92-01_0302-01482600081', 'UF92-01_0302', 09, 'Owner&apos;s handbook, telephone &quot;da&quot;', 'SA633, SA644', 1, to_date('20050901','YYYYMMDD'), to_date('20060301','YYYYMMDD'), '01482600081', '', '', false);
insert into DiagramParts values('UF92-01_0302-01480012067', 'UF92-01_0302', 09, 'Owner&apos;s handbook, telephone &quot;da&quot;', 'SA633, SA644', 1, to_date('20060301','YYYYMMDD'), to_date('20060901','YYYYMMDD'), '01480012067', '', '', false);
insert into DiagramParts values('UF92-01_0302-01490011831', 'UF92-01_0302', 10, 'Owner&apos;s handbook, telephone &quot;pt&quot;', 'SA633, SA644', 1, to_date('20050901','YYYYMMDD'), to_date('20060901','YYYYMMDD'), '01490011831', '', '', false);
insert into DiagramParts values('UF92-01_0302-01490012080', 'UF92-01_0302', 10, 'Owner&apos;s handbook, telephone &quot;pt&quot;', 'SA633, SA644', 1, to_date('20060901','YYYYMMDD'), to_date('20070301','YYYYMMDD'), '01490012080', '', '', false);
insert into DiagramParts values('UF92-01_0302-01490014364', 'UF92-01_0302', 10, 'Owner&apos;s handbook, telephone &quot;pt&quot;', 'SA633, SA644', 1, to_date('20070901','YYYYMMDD'), to_date('20080301','YYYYMMDD'), '01490014364', '', '', false);
insert into DiagramParts values('UF92-01_0302-01492600082', 'UF92-01_0302', 10, 'Owner&apos;s handbook, telephone &quot;pt&quot;', 'SA633, SA644', 1, to_date('20050901','YYYYMMDD'), to_date('20060301','YYYYMMDD'), '01492600082', '', '', false);
insert into DiagramParts values('UF92-01_0302-01490012068', 'UF92-01_0302', 10, 'Owner&apos;s handbook, telephone &quot;pt&quot;', 'SA633, SA644', 1, to_date('20060301','YYYYMMDD'), to_date('20060901','YYYYMMDD'), '01490012068', '', '', false);
insert into DiagramParts values('UF92-01_0302-01490011833', 'UF92-01_0302', 13, 'Owner&apos;s handbook, telephone &quot;el&quot;', 'SA633, SA644', 1, to_date('20050901','YYYYMMDD'), to_date('20060901','YYYYMMDD'), '01490011833', '', '', false);
insert into DiagramParts values('UF92-01_0302-01490014366', 'UF92-01_0302', 13, 'Owner&apos;s handbook, telephone &quot;el&quot;', 'SA633, SA644', 1, to_date('20070901','YYYYMMDD'), to_date('20080301','YYYYMMDD'), '01490014366', '', '', false);
insert into DiagramParts values('UF92-01_0302-01492600084', 'UF92-01_0302', 13, 'Owner&apos;s handbook, telephone &quot;el&quot;', 'SA633, SA644', 1, to_date('20050901','YYYYMMDD'), to_date('20060301','YYYYMMDD'), '01492600084', '', '', false);
insert into DiagramParts values('UF92-01_0302-01490012070', 'UF92-01_0302', 13, 'Owner&apos;s handbook, telephone &quot;el&quot;', 'SA633, SA644', 1, to_date('20060301','YYYYMMDD'), to_date('20060901','YYYYMMDD'), '01490012070', '', '', false);
insert into DiagramParts values('UF92-01_0302-01490011832', 'UF92-01_0302', 14, 'Owner&apos;s handbook, telephone &quot;zh&quot;', 'SA633, SA644', 1, to_date('20050901','YYYYMMDD'), to_date('20060901','YYYYMMDD'), '01490011832', '', '', false);
insert into DiagramParts values('UF92-01_0302-01490014365', 'UF92-01_0302', 14, 'Owner&apos;s handbook, telephone &quot;zh&quot;', 'SA633, SA644', 1, to_date('20070901','YYYYMMDD'), to_date('20080301','YYYYMMDD'), '01490014365', '', '', false);
insert into DiagramParts values('UF92-01_0302-01492600083', 'UF92-01_0302', 14, 'Owner&apos;s handbook, telephone &quot;zh&quot;', 'SA633, SA644', 1, to_date('20050901','YYYYMMDD'), to_date('20060301','YYYYMMDD'), '01492600083', '', '', false);
insert into DiagramParts values('UF92-01_0302-01490012069', 'UF92-01_0302', 14, 'Owner&apos;s handbook, telephone &quot;zh&quot;', 'SA633, SA644', 1, to_date('20060301','YYYYMMDD'), to_date('20060901','YYYYMMDD'), '01490012069', '', '', false);
insert into Diagram values('UF92-01_0302','UF92-20050400','01-14','E87 130i   Universal BMW mobile phone preparat.','');
insert into Diagram values('UF92-01_1128','UF92-20050400','01-19','E87 130i   EC Certificate of Conformity','');
insert into Diagram values('UF92-01_0169','UF92-20050400','01-21','E87 130i   Logbook slipcase BMW','');
insert into Diagram values('UF92-01_1140','UF92-20050400','01-21','E87 130i   Logbook slipcase BMW','');
insert into DiagramParts values('UF92-01_0029-01412600068', 'UF92-01_0029', 01, 'Supplem. to owner&apos;s manual, Australia', 'E87, MJ 2006', 1, to_date('20050901','YYYYMMDD'), to_date('20060301','YYYYMMDD'), '01412600068', '', '', false);
insert into DiagramParts values('UF92-01_0029-01410012043', 'UF92-01_0029', 01, 'Supplem. to owner&apos;s manual, Australia', 'E87, MJ 2006', 1, to_date('20060301','YYYYMMDD'), to_date('20070301','YYYYMMDD'), '01410012043', '', '', false);
insert into Diagram values('UF92-01_0029','UF92-20050400','01-24','E87 130i   Supplem. to owner&apos;s manual, Australia','');
insert into DiagramParts values('UF92-01_0589-01400011971', 'UF92-01_0589', 01, 'Service booklet, German', 'E87, E90, E91', 1, to_date('20040601','YYYYMMDD'), to_date('20060901','YYYYMMDD'), '01400011971', '', '', false);
insert into DiagramParts values('UF92-01_0589-01400013061', 'UF92-01_0589', 01, 'Service booklet, German', 'E8X, E9X', 1, to_date('20060901','YYYYMMDD'), to_date('20070901','YYYYMMDD'), '01400013061', '', '', false);
insert into DiagramParts values('UF92-01_0589-01410011972', 'UF92-01_0589', 02, 'Service booklet, English', 'E87, E90, E91', 1, to_date('20040601','YYYYMMDD'), to_date('20060901','YYYYMMDD'), '01410011972', '', '', false);
insert into DiagramParts values('UF92-01_0589-01410013062', 'UF92-01_0589', 02, 'Service booklet, English', 'E8X, E9X', 1, to_date('20060901','YYYYMMDD'), to_date('20070901','YYYYMMDD'), '01410013062', '', '', false);
insert into DiagramParts values('UF92-01_0589-01420011973', 'UF92-01_0589', 03, 'Service booklet, French', 'E87, E90, E91', 1, to_date('20040601','YYYYMMDD'), to_date('20060901','YYYYMMDD'), '01420011973', '', '', false);
insert into DiagramParts values('UF92-01_0589-01420013063', 'UF92-01_0589', 03, 'Service booklet, French', 'E8X, E9X', 1, to_date('20060901','YYYYMMDD'), to_date('20070901','YYYYMMDD'), '01420013063', '', '', false);
insert into DiagramParts values('UF92-01_0589-01430011974', 'UF92-01_0589', 04, 'Service booklet, Spanish', 'E87, E90, E91', 1, to_date('20040601','YYYYMMDD'), to_date('20060901','YYYYMMDD'), '01430011974', '', '', false);
insert into DiagramParts values('UF92-01_0589-01430013064', 'UF92-01_0589', 04, 'Service booklet, Spanish', 'E8X, E9X', 1, to_date('20060901','YYYYMMDD'), to_date('20070901','YYYYMMDD'), '01430013064', '', '', false);
insert into DiagramParts values('UF92-01_0589-01440011975', 'UF92-01_0589', 05, 'Service booklet, Italian', 'E87, E90, E91', 1, to_date('20040601','YYYYMMDD'), to_date('20060901','YYYYMMDD'), '01440011975', '', '', false);
insert into DiagramParts values('UF92-01_0589-01440013065', 'UF92-01_0589', 05, 'Service booklet, Italian', 'E8X, E9X', 1, to_date('20060901','YYYYMMDD'), to_date('20070901','YYYYMMDD'), '01440013065', '', '', false);
insert into DiagramParts values('UF92-01_0589-01450011976', 'UF92-01_0589', 06, 'Service booklet, Swedish', 'E87, E90, E91', 1, to_date('20040601','YYYYMMDD'), to_date('20060901','YYYYMMDD'), '01450011976', '', '', false);
insert into DiagramParts values('UF92-01_0589-01450013066', 'UF92-01_0589', 06, 'Service booklet, Swedish', 'E8X, E9X', 1, to_date('20060901','YYYYMMDD'), to_date('20070901','YYYYMMDD'), '01450013066', '', '', false);
insert into DiagramParts values('UF92-01_0589-01460011977', 'UF92-01_0589', 07, 'Service booklet, Dutch', 'E87, E90, E91', 1, to_date('20040601','YYYYMMDD'), to_date('20060901','YYYYMMDD'), '01460011977', '', '', false);
insert into DiagramParts values('UF92-01_0589-01460013067', 'UF92-01_0589', 07, 'Service booklet, Dutch', 'E8X, E9X', 1, to_date('20060901','YYYYMMDD'), to_date('20070901','YYYYMMDD'), '01460013067', '', '', false);
insert into DiagramParts values('UF92-01_0589-01470011978', 'UF92-01_0589', 08, 'Service booklet, Arabic', 'E87, E90, E91', 1, to_date('20040601','YYYYMMDD'), to_date('20060901','YYYYMMDD'), '01470011978', '', '', false);
insert into DiagramParts values('UF92-01_0589-01470013068', 'UF92-01_0589', 08, 'Service booklet, Arabic', 'E8X, E9X', 1, to_date('20060901','YYYYMMDD'), to_date('20070901','YYYYMMDD'), '01470013068', '', '', false);
insert into DiagramParts values('UF92-01_0589-01480011979', 'UF92-01_0589', 09, 'Service booklet, Danish', 'E87, E90, E91', 1, to_date('20040601','YYYYMMDD'), to_date('20060901','YYYYMMDD'), '01480011979', '', '', false);
insert into DiagramParts values('UF92-01_0589-01480013069', 'UF92-01_0589', 09, 'Service booklet, Danish', 'E8X, E9X', 1, to_date('20060901','YYYYMMDD'), to_date('20070901','YYYYMMDD'), '01480013069', '', '', false);
insert into DiagramParts values('UF92-01_0589-01490011980', 'UF92-01_0589', 10, 'Service booklet, Portuguese', 'E87, E90, E91', 1, to_date('20040601','YYYYMMDD'), to_date('20060901','YYYYMMDD'), '01490011980', '', '', false);
insert into DiagramParts values('UF92-01_0589-01490013070', 'UF92-01_0589', 10, 'Service booklet, Portuguese', 'E8X, E9X', 1, to_date('20060901','YYYYMMDD'), to_date('20070901','YYYYMMDD'), '01490013070', '', '', false);
insert into DiagramParts values('UF92-01_0589-01490011982', 'UF92-01_0589', 11, 'Service booklet, greek', 'E87, E90, E91', 1, to_date('20040601','YYYYMMDD'), to_date('20060901','YYYYMMDD'), '01490011982', '', '', false);
insert into DiagramParts values('UF92-01_0589-01490013071', 'UF92-01_0589', 11, 'Service booklet, greek', 'E8X, E9X', 1, to_date('20060901','YYYYMMDD'), to_date('20070901','YYYYMMDD'), '01490013071', '', '', false);
insert into DiagramParts values('UF92-01_0589-01490011981', 'UF92-01_0589', 12, 'Service booklet, Chinese', 'E87, E90, E91', 1, to_date('20040601','YYYYMMDD'), to_date('20060901','YYYYMMDD'), '01490011981', '', '', false);
insert into DiagramParts values('UF92-01_0589-01490013596', 'UF92-01_0589', 12, 'Service booklet, Chinese', 'E8X, E9X', 1, to_date('20060901','YYYYMMDD'), to_date('20070901','YYYYMMDD'), '01490013596', '', '', false);
insert into DiagramParts values('UF92-01_0589-01490013656', 'UF92-01_0589', 13, 'Service manual in Korean', 'E8X, E9X', 1, to_date('20060901','YYYYMMDD'), to_date('20070901','YYYYMMDD'), '01490013656', '', '', false);
insert into Diagram values('UF92-01_0589','UF92-20050400','01-26','E87 130i   BMW Service booklet 2004 - 2008','');
insert into Diagram values('UF92-01_0670','UF92-20050400','01-35','E87 130i   battery charge calendar','');
insert into Diagram values('UF92-01_0681','UF92-20050400','01-40','E87 130i   BMW Service plug unit','');
insert into Diagram values('UF92-01_0680','UF92-20050400','01-46','E87 130i   Service information, BMW','');
insert into Diagram values('UF92-01_0233','UF92-20050400','01-52','E87 130i   Mounting information, Owner&apos;s Manual BMW','');
insert into Diagram values('UF92-01_0299','UF92-20050400','01-52','E87 130i   BMW assembly instructions','');
insert into Diagram values('UF92-01_0635','UF92-20050400','01-60','E87 130i   BMW form','');
insert into Diagram values('UF92-01_0636','UF92-20050400','01-62','E87 130i   Trailer, BMW','');
insert into Diagram values('UF92-01_0637','UF92-20050400','01-64','E87 130i   Sticker, BMW','');
insert into Diagram values('UF92-01_0639','UF92-20050400','01-65','E87 130i   Labels BMW','');
insert into Diagram values('UF92-01_0612','UF92-20050400','01-70','E87 130i   CD/DVD SIP German BMW','');
insert into DiagramParts values('UF92-01_0671-01399789699', 'UF92-01_0671', 01, 'CD literature', 'LITERATUR', 1, to_date('19820901','YYYYMMDD'), to_date('19901201','YYYYMMDD'), '01399789699', '$8.11', '', false);
insert into Diagram values('UF92-01_0671','UF92-20050400','01-70','E87 130i   BMW CD/DVD miscellaneous','');
insert into Diagram values('UF92-01_0737','UF92-20050400','01-70','E87 130i   CD/DVD SIP complete vehicle BMW','');
insert into Diagram values('UF92-01_1172','UF92-20050400','01-70','E87 130i   DVD Web Based Training','');
insert into Diagram values('UF92-01_1045','UF92-20050400','01-94','E87 130i   Samples, upholstery colors, leather/fabr','');
insert into Diagram values('UF92-01_1046','UF92-20050400','01-94','E87 130i   Sample page, upholstery colors, fabric','');
insert into Diagram values('UF92-01_1047','UF92-20050400','01-94','E87 130i   Sample chart, upholstery colors, leather','');
insert into Diagram values('UF92-01_1048','UF92-20050400','01-94','E87 130i   Sample chart with interior moldings','');
insert into Diagram values('UF92-01_1049','UF92-20050400','01-94','E87 130i   Sample chart with interior moldings','');
insert into Diagram values('UF92-01_1050','UF92-20050400','01-94','E87 130i   Sample chart with interior moldings','');
insert into Diagram values('UF92-01_1051','UF92-20050400','01-94','E87 130i   Sample chart with interior colors','');
insert into Diagram values('UF92-01_1052','UF92-20050400','01-94','E87 130i   Sample chart with interior colors','');
insert into Diagram values('UF92-11_3730','UF92-20050400','11-05','E87 130i   Short Engine','');
insert into Diagram values('UF92-11_3731','UF92-20050400','11-10','E87 130i   Engine block','');
insert into Diagram values('UF92-11_3732','UF92-20050400','11-10','E87 130i   Engine Block Mounting Parts','');
insert into Diagram values('UF92-11_3733','UF92-20050400','11-10','E87 130i   Oil Pan','');
insert into Diagram values('UF92-11_3742','UF92-20050400','11-10','E87 130i   Cylinder crankcase/Heli-Coil insert','');
insert into Diagram values('UF92-11_3834','UF92-20050400','11-10','E87 130i   Oil Pan','');
insert into Diagram values('UF92-11_3734','UF92-20050400','11-15','E87 130i   Cylinder Head','');
insert into Diagram values('UF92-11_3735','UF92-20050400','11-15','E87 130i   Cylinder Head Attached Parts','');
insert into Diagram values('UF92-11_3736','UF92-20050400','11-15','E87 130i   Cylinder head, electr. add-on parts','');
insert into Diagram values('UF92-11_3737','UF92-20050400','11-15','E87 130i   Cylinder head cover','');
insert into Diagram values('UF92-11_3738','UF92-20050400','11-15','E87 130i   Crankcase-Ventilation/oil separator','');
insert into Diagram values('UF92-11_3739','UF92-20050400','11-18','E87 130i   Belt Drive-Vibration Damper','');
insert into Diagram values('UF92-11_3740','UF92-20050400','11-18','E87 130i   Belt drive-generator/AC/power steering','');
insert into Diagram values('UF92-11_3185','UF92-20050400','11-20','E87 130i   Crankshaft Connecting Rod','');
insert into Diagram values('UF92-11_3186','UF92-20050400','11-20','E87 130i   Crankshaft-Pistons','');
insert into Diagram values('UF92-11_3187','UF92-20050400','11-20','E87 130i   Flywheel / Twin Mass Flywheel','');
insert into Diagram values('UF92-11_3188','UF92-20050400','11-20','E87 130i   Flywheel automatic','');
insert into Diagram values('UF92-11_3741','UF92-20050400','11-20','E87 130i   Crankshaft With Bearing Shells','');
insert into Diagram values('UF92-11_3746','UF92-20050400','11-25','E87 130i   Timing and valve train-timing chain','');
insert into Diagram values('UF92-11_3747','UF92-20050400','11-25','E87 130i   Valve timing gear, camshaft, inlet','');
insert into Diagram values('UF92-11_3748','UF92-20050400','11-25','E87 130i   Valve timing gear, eccentric shaft','');
insert into Diagram values('UF92-11_3750','UF92-20050400','11-25','E87 130i   Valve timing gear, camshaft, outlet','');
insert into Diagram values('UF92-11_3751','UF92-20050400','11-30','E87 130i   Lubrication system/Oil pump','');
insert into Diagram values('UF92-11_3752','UF92-20050400','11-30','E87 130i   Lubrication system/Oil pump drive','');
insert into Diagram values('UF92-11_3753','UF92-20050400','11-30','E87 130i   Lubricat.syst.-oil filter,heat exchanger','');
insert into Diagram values('UF92-11_3754','UF92-20050400','11-35','E87 130i   Waterpump - Thermostat','');
insert into DiagramParts values('UF92-11_3755-07129905030', 'UF92-11_3755', 18, 'ASA-Bolt', 'M6X12', 1, to_date('20040901','YYYYMMDD'), to_date('20070401','YYYYMMDD'), '07129905030', '$1.53', '', false);
insert into Diagram values('UF92-11_3755','UF92-20050400','11-35','E87 130i   Cooling System Water Hoses','');
insert into Diagram values('UF92-11_3756','UF92-20050400','11-40','E87 130i   Intake manifold system','');
insert into Diagram values('UF92-11_3757','UF92-20050400','11-40','E87 130i   MOUNTING PARTS F INTAKE MANIFOLD SYSTEM','');
insert into Diagram values('UF92-11_3758','UF92-20050400','11-45','E87 130i   Vacuum pump','');
insert into Diagram values('UF92-12_1139','UF92-20050400','12-05','E87 130i   Sensors','');
insert into DiagramParts values('UF92-12_1417-12137551049', 'UF92-12_1417', 01, 'Ignition coil', 'BOSCH', 6, to_date('20060401','YYYYMMDD'), to_date('20071001','YYYYMMDD'), '12137551049', '', 'ENDED', false);
insert into DiagramParts values('UF92-12_1417-12137571643', 'UF92-12_1417', 01, 'Ignition coil', 'BOSCH', 6, to_date('20060401','YYYYMMDD'), to_date('20090301','YYYYMMDD'), '12137571643', '', 'ENDED', false);
insert into Diagram values('UF92-12_1417','UF92-20050400','12-05','E87 130i   Ignition coil/spark plug','');
insert into Diagram values('UF92-12_1359','UF92-20050400','12-10','E87 130i   Basic cotrol unit DME / MSV70','');
insert into Diagram values('UF92-12_1198','UF92-20050400','12-20','E87 130i   Generator','');
insert into Diagram values('UF92-12_1245','UF92-20050400','12-22','E87 130i   Alternator, individual parts','');
insert into Diagram values('UF92-12_1161','UF92-20050400','12-25','E87 130i   Starter','');
insert into Diagram values('UF92-12_1070','UF92-20050400','12-28','E87 130i   Engine wiring harness, engine module','');
insert into Diagram values('UF92-12_1095','UF92-20050400','12-28','E87 130i   wiring harness, engine trans. module','');
insert into Diagram values('UF92-12_1341','UF92-20050400','12-28','E87 130i   Cable harness injection valve/ignition','');
insert into Diagram values('UF92-12_1339','UF92-20050400','12-29','E87 130i   Cable starter','');
insert into Diagram values('UF92-12_1376','UF92-20050400','12-30','E87 130i   Interference-suppression band','');
insert into Diagram values('UF92-12_1238','UF92-20050400','12-31','E87 130i   CABLE HOLDER/COVERING','');
insert into Diagram values('UF92-12_1328','UF92-20050400','12-31','E87 130i   Cable Harness Fixings','');
insert into Diagram values('UF92-12_1340','UF92-20050400','12-31','E87 130i   Cable Harness Fixings','');
insert into Diagram values('UF92-12_1043','UF92-20050400','12-32','E87 130i   Laminated contacts/spring contacts','');
insert into Diagram values('UF92-12_1249','UF92-20050400','12-32','E87 130i   End cap','');
insert into Diagram values('UF92-12_1459','UF92-20050400','12-32','E87 130i   Contact system MLK','');
insert into Diagram values('UF92-12_1205','UF92-20050400','12-35','E87 130i   RELAY MOTOR','');
insert into Diagram values('UF92-12_1327','UF92-20050400','12-35','E87 130i   Control unit box','');
insert into Diagram values('UF92-13_1034','UF92-20050400','13-15','E87 130i   FUEL TANK BREATHER VALVE','');
insert into Diagram values('UF92-13_1129','UF92-20050400','13-15','E87 130i   FUEL INJECTION SYSTEM/INJECTION VALVE','');
insert into Diagram values('UF92-13_1130','UF92-20050400','13-15','E87 130i   Throttle Housing Assy','');
insert into Diagram values('UF92-13_1165','UF92-20050400','13-20','E87 130i   Intake muffler/Filter cartridge/HFM','');
insert into Diagram values('UF92-13_1280','UF92-20050400','13-95','E87 130i   BMW Performance air-induction system','');
insert into Diagram values('UF92-16_0595','UF92-20050400','16-05','E87 130i   Fuel tank/mounting parts','');
insert into Diagram values('UF92-16_0597','UF92-20050400','16-10','E87 130i   Activated Charcoal Filter/FUEL VENTILAT','');
insert into Diagram values('UF92-16_0596','UF92-20050400','16-15','E87 130i   Fuel pipes / Mounting parts','');
insert into Diagram values('UF92-16_0598','UF92-20050400','16-15','E87 130i   Control unit for fuel pump','');
insert into Diagram values('UF92-16_0601','UF92-20050400','16-15','E87 130i   Fuel filter/pump/fuel level sensor','');
insert into Diagram values('UF92-17_0319','UF92-20050400','17-05','E87 130i   Oil-cooler pipe/heat exchanger','');
insert into Diagram values('UF92-17_0322','UF92-20050400','17-05','E87 130i   Expansion tank','');
insert into Diagram values('UF92-17_0323','UF92-20050400','17-05','E87 130i   MOUNTING PARTS F RADIATOR','');
insert into Diagram values('UF92-17_0324','UF92-20050400','17-05','E87 130i   Fan housing, mounting parts','');
insert into Diagram values('UF92-17_0350','UF92-20050400','17-30','E87 130i   Cooling System Water Hoses','');
insert into Diagram values('UF92-17_0351','UF92-20050400','17-30','E87 130i   Cooling System Water Hoses','');
insert into DiagramParts values('UF92-17_0699-07129905030', 'UF92-17_0699', 16, 'ASA-Bolt', 'M6X12', 1, to_date('20040901','YYYYMMDD'), to_date('20070401','YYYYMMDD'), '07129905030', '$1.53', '', false);
insert into Diagram values('UF92-17_0699','UF92-20050400','17-30','E87 130i   Cooling system coolant hoses','');
insert into DiagramParts values('UF92-17_0700-07129905030', 'UF92-17_0700', 16, 'ASA-Bolt', 'M6X12', 1, to_date('20040901','YYYYMMDD'), to_date('20070401','YYYYMMDD'), '07129905030', '$1.53', '', false);
insert into Diagram values('UF92-17_0700','UF92-20050400','17-30','E87 130i   Cooling system coolant hoses','');
insert into DiagramParts values('UF92-17_0701-07129905030', 'UF92-17_0701', 16, 'ASA-Bolt', 'M6X12', 1, to_date('20040901','YYYYMMDD'), to_date('20070401','YYYYMMDD'), '07129905030', '$1.53', '', false);
insert into Diagram values('UF92-17_0701','UF92-20050400','17-30','E87 130i   Cooling system coolant hoses','');
insert into Diagram values('UF92-18_0587','UF92-20050400','18-10','E87 130i   Exhaust manifold with catalyst','');
insert into Diagram values('UF92-18_0610','UF92-20050400','18-10','E87 130i   Lambda Probe Fixings','');
insert into Diagram values('UF92-18_0619','UF92-20050400','18-10','E87 130i   FRONT MUFFLER','');
insert into Diagram values('UF92-18_0620','UF92-20050400','18-20','E87 130i   Exhaust system, rear','');
insert into Diagram values('UF92-18_0667','UF92-20050400','18-20','E87 130i   Vacuum control, exhaust flap','');
insert into Diagram values('UF92-18_0781','UF92-20050400','18-95','E87 130i   BMW Performance muffler system','');
insert into Diagram values('UF92-21_0229','UF92-20050400','21-05','E87 130i   Clutch','');
insert into Diagram values('UF92-21_0199','UF92-20050400','21-10','E87 130i   Clutch control','');
insert into Diagram values('UF92-22_0113','UF92-20050400','22-05','E87 130i   Engine Suspension','');
insert into Diagram values('UF92-22_0106','UF92-20050400','22-10','E87 130i   Gearbox suspension','');
insert into Diagram values('UF92-23_0918','UF92-20050400','23-05','E87 130i   Manual transmission GS6-37BZ/DZ','');
insert into Diagram values('UF92-23_0979','UF92-20050400','23-10','E87 130i   GEARBOX MOUNTING PARTS','');
insert into Diagram values('UF92-23_1053','UF92-20050400','23-15','E87 130i   GS6-37BZ/DZ Sealing and mount. parts','');
insert into Diagram values('UF92-23_1054','UF92-20050400','23-15','E87 130i   GS6-37BZ/DZ Gear shift components','');
insert into Diagram values('UF92-24_1024','UF92-20050400','24-05','E87 130i   Automatic transmission GA6HP19Z','');
insert into Diagram values('UF92-24_1059','UF92-20050400','24-10','E87 130i   GEARBOX MOUNTING PARTS','');
insert into Diagram values('UF92-24_1042','UF92-20050400','24-15','E87 130i   GA6HP19Z housing with mounting parts','');
insert into Diagram values('UF92-24_1044','UF92-20050400','24-15','E87 130i   GA6HP19Z oil pan','');
insert into DiagramParts values('UF92-24_1045-24207571212', 'UF92-24_1045', 05, 'Shaft seal', '28X35,5X5,2', 1, to_date('20020901','YYYYMMDD'), to_date('20110901','YYYYMMDD'), '24207571212', '', 'ENDED', false);
insert into Diagram values('UF92-24_1045','UF92-20050400','24-15','E87 130i   GA6HP19Z output','');
insert into Diagram values('UF92-24_1046','UF92-20050400','24-15','E87 130i   GA6HP19Z Mechatronics','');
insert into Diagram values('UF92-24_1047','UF92-20050400','24-15','E87 130i   GA6HP19Z Mechatronics mounting parts','');
insert into Diagram values('UF92-24_1372','UF92-20050400','24-15','E87 130i   Fluid-change kit, autom. transmission','');
insert into Diagram values('UF92-25_0388','UF92-20050400','25-05','E87 130i   Gearbox shifting part','');
insert into Diagram values('UF92-25_0383','UF92-20050400','25-10','E87 130i   GEAR SHIFT KNOBS/SHIFT LEVER COVERINGS','');
insert into Diagram values('UF92-25_0461','UF92-20050400','25-10','E87 130i   Performance shift knob','');
insert into Diagram values('UF92-25_0436','UF92-20050400','25-20','E87 130i   AUTOM.TRANSMISS.STEPTRONIC SHIFT PARTS','');
insert into Diagram values('UF92-25_0384','UF92-20050400','25-25','E87 130i   Selector lever handles / Covers','');
insert into Diagram values('UF92-25_0419','UF92-20050400','25-95','E87 130i   Retrofit, wooden selector lever knob','');
insert into Diagram values('UF92-25_0439','UF92-20050400','25-95','E87 130i   Retrofit, sport switch knob','');
insert into Diagram values('UF92-25_0477','UF92-20050400','25-95','E87 130i   BMW Performance shift, manual trans.','');
insert into Diagram values('UF92-25_0481','UF92-20050400','25-95','E87 130i   BMW Performance shift, manual trans.','');
insert into Diagram values('UF92-25_0484','UF92-20050400','25-95','E87 130i   BMW Performance selector lever handle','');
insert into Diagram values('UF92-26_0216','UF92-20050400','26-05','E87 130i   Drive shaft/HAG-universal joint','');
insert into Diagram values('UF92-26_0218','UF92-20050400','26-10','E87 130i   Center bearing/HAG Hardy coupling','');
insert into Diagram values('UF92-27_0034','UF92-20050400','27-95','E87 130i   Retrofit, wooden gearshift knob','');
insert into Diagram values('UF92-31_0693','UF92-20050400','31-05','E87 130i   Frnt axle support,wishbone/tension strut','');
insert into Diagram values('UF92-31_0697','UF92-20050400','31-05','E87 130i   HEADLIGHT VERTICAL AIM CONTROL SENSOR','');
insert into Diagram values('UF92-31_0695','UF92-20050400','31-10','E87 130i   GUIDE SUPPORT/SPRING PAD/ATTACHING PARTS','');
insert into Diagram values('UF92-31_0696','UF92-20050400','31-10','E87 130i   Stabilizer, front','');
insert into Diagram values('UF92-31_0698','UF92-20050400','31-10','E87 130i   FRONT COIL SPRING','');
insert into Diagram values('UF92-31_0736','UF92-20050400','31-10','E87 130i   Front Spring strut/Carrier/Wheel bearing','');
insert into Diagram values('UF92-31_0837','UF92-20050400','31-95','E87 130i   Performance suspension','');
insert into Diagram values('UF92-31_0838','UF92-20050400','31-95','E87 130i   Performance suspension','');
insert into Diagram values('UF92-32_1509','UF92-20050400','32-10','E87 130i   Hydro steering box','');
insert into Diagram values('UF92-32_1562','UF92-20050400','32-10','E87 130i   Hydro steering box-Active steering (AFS)','');
insert into Diagram values('UF92-32_1571','UF92-20050400','32-10','E87 130i   Control unit, active steering','');
insert into Diagram values('UF92-32_1572','UF92-20050400','32-15','E87 130i   Power steering pump','');
insert into Diagram values('UF92-32_1573','UF92-20050400','32-15','E87 130i   Power steering pump/Active steering','');
insert into Diagram values('UF92-32_1567','UF92-20050400','32-20','E87 130i   OIL CARRIER/SINGLE PARTS','');
insert into Diagram values('UF92-32_1568','UF92-20050400','32-20','E87 130i   Oil reservoir/components/Active steering','');
insert into Diagram values('UF92-32_1569','UF92-20050400','32-20','E87 130i   HYDRO STEERING-OIL PIPES','');
insert into Diagram values('UF92-32_1570','UF92-20050400','32-20','E87 130i   HYDRO STEERING-OIL PIPES','');
insert into Diagram values('UF92-32_1574','UF92-20050400','32-20','E87 130i   Power steering/oil pipe/Active steering','');
insert into Diagram values('UF92-32_1575','UF92-20050400','32-20','E87 130i   Power steering/oil pipe/Active steering','');
insert into Diagram values('UF92-32_1510','UF92-20050400','32-25','E87 130i   STEERING LINKAGE/TIE RODS','');
insert into Diagram values('UF92-32_1515','UF92-20050400','32-30','E87 130i   Manually adjust. steering column','');
insert into Diagram values('UF92-32_1516','UF92-20050400','32-30','E87 130i   STEER.COL.-LOWER JOINT ASSY','');
insert into DiagramParts values('UF92-32_1518-32306777630', 'UF92-32_1518', 01, 'Sport steering wheel rim', 'LEDER', 1, to_date('20060201','YYYYMMDD'), to_date('20090901','YYYYMMDD'), '32306777630', '$383.97', '', false);
insert into Diagram values('UF92-32_1518','UF92-20050400','32-35','E87 130i   Airbag sports steering wheel','');
insert into DiagramParts values('UF92-32_1519-32306777630', 'UF92-32_1519', 01, 'Sport steering wheel rim', 'LEDER', 1, to_date('20060201','YYYYMMDD'), to_date('20090901','YYYYMMDD'), '32306777630', '$383.97', '', false);
insert into Diagram values('UF92-32_1519','UF92-20050400','32-35','E87 130i   Airbag sports steering wheel multifunct.','');
insert into Diagram values('UF92-32_1566','UF92-20050400','32-35','E87 130i   Sports st. wheel airbag multif./paddles','');
insert into Diagram values('UF92-32_1605','UF92-20050400','32-35','E87 130i   M sports steer.-wheel, airbag, leather','');
insert into Diagram values('UF92-32_1617','UF92-20050400','32-35','E87 130i   M sports strng whl,airbag,multifunction','');
insert into Diagram values('UF92-32_1635','UF92-20050400','32-35','E87 130i   M Sp. st. wh. airbag multif./paddles','');
insert into Diagram values('UF92-32_1592','UF92-20050400','32-95','E87 130i   Retrofit multi-functional steering wheel','');
insert into Diagram values('UF92-32_1773','UF92-20050400','32-95','E87 130i   Performance steering wheel with display','');
insert into Diagram values('UF92-32_1778','UF92-20050400','32-95','E87 130i   Performance steering wheel with display','');
insert into Diagram values('UF92-32_1834','UF92-20050400','32-95','E87 130i   Performance steering wheel','');
insert into Diagram values('UF92-32_1835','UF92-20050400','32-95','E87 130i   Performance steering wheel','');
insert into Diagram values('UF92-33_1232','UF92-20050400','33-05','E87 130i   DIFFERENTIAL-DRIVE/OUTPUT','');
insert into Diagram values('UF92-33_1236','UF92-20050400','33-10','E87 130i   Final drive, gasket set','');
insert into DiagramParts values('UF92-33_1244-33207561795', 'UF92-33_1244', 01, 'Rmfd-output shaft, left', 'LK=86MM/D=27MM', 1, to_date('20060201','YYYYMMDD'), to_date('20060601','YYYYMMDD'), '33207561795', '$413.51', '', false);
insert into DiagramParts values('UF92-33_1244-33207561796', 'UF92-33_1244', 01, 'Rmfd-output shaft, right', 'LK=86MM/D=27MM', 1, to_date('20060201','YYYYMMDD'), to_date('20060601','YYYYMMDD'), '33207561796', '$413.51', '', false);
insert into Diagram values('UF92-33_1244','UF92-20050400','33-25','E87 130i   Output shaft','');
insert into Diagram values('UF92-33_1229','UF92-20050400','33-30','E87 130i   REAR AXLE CARRIER','');
insert into Diagram values('UF92-33_1230','UF92-20050400','33-30','E87 130i   REAR AXLE SUPPORT/WHEEL SUSPENSION','');
insert into Diagram values('UF92-33_1237','UF92-20050400','33-30','E87 130i   HEADLIGHT VERTICAL AIM CONTROL SENSOR','');
insert into Diagram values('UF92-33_1231','UF92-20050400','33-40','E87 130i   SIDE SHAFT/WHEEL BEARINGS','');
insert into Diagram values('UF92-33_1233','UF92-20050400','33-45','E87 130i   REAR SPRING STRUT MOUNTING PARTS','');
insert into Diagram values('UF92-33_1234','UF92-20050400','33-45','E87 130i   Stabilizer, rear','');
insert into Diagram values('UF92-33_1238','UF92-20050400','33-45','E87 130i   REAR COIL SPRING','');
insert into Diagram values('UF92-33_1338','UF92-20050400','33-95','E87 130i   Retrofit kit M sports suspension','');
insert into Diagram values('UF92-34_1415','UF92-20050400','34-05','E87 130i   Front brake pad wear sensor','');
insert into Diagram values('UF92-34_1766','UF92-20050400','34-07','E87 130i   Front brake-brake disc','');
insert into Diagram values('UF92-34_1418','UF92-20050400','34-10','E87 130i   Rear brake pad wear sensor','');
insert into Diagram values('UF92-34_1767','UF92-20050400','34-12','E87 130i   Rear wheel brake-Brake disc','');
insert into Diagram values('UF92-34_1400','UF92-20050400','34-15','E87 130i   Brake pipe, front','');
insert into DiagramParts values('UF92-34_1401-34326784066', 'UF92-34_1401', 03, 'Pipe', 'M10/M12', 1, to_date('20050701','YYYYMMDD'), to_date('20110401','YYYYMMDD'), '34326784066', '', 'ENDED', false);
insert into DiagramParts values('UF92-34_1401-34326770555', 'UF92-34_1401', 04, 'Pipe', 'M10/M10-1188MM', 1, to_date('20050701','YYYYMMDD'), to_date('20110401','YYYYMMDD'), '34326770555', '', 'ENDED', false);
insert into Diagram values('UF92-34_1401','UF92-20050400','34-15','E87 130i   Brake pipe, front','');
insert into Diagram values('UF92-34_1402','UF92-20050400','34-17','E87 130i   Brake pipe rear','');
insert into Diagram values('UF92-34_1805','UF92-20050400','34-17','E87 130i   Brake pipe rear','');
insert into Diagram values('UF92-34_1403','UF92-20050400','34-18','E87 130i   BRAKE PIPE REAR/MOUNTING','');
insert into Diagram values('UF92-34_1497','UF92-20050400','34-20','E87 130i   Hydro unit DSC/fastening/sensors','');
insert into Diagram values('UF92-34_1410','UF92-20050400','34-25','E87 130i   Brake master cylinder','');
insert into Diagram values('UF92-34_1481','UF92-20050400','34-27','E87 130i   Power brake unit depression','');
insert into Diagram values('UF92-34_1482','UF92-20050400','34-27','E87 130i   Power brake unit depression','');
insert into Diagram values('UF92-34_1405','UF92-20050400','34-30','E87 130i   Handbrake lever','');
insert into Diagram values('UF92-34_1421','UF92-20050400','34-40','E87 130i   PARKING BRAKE/BRAKE SHOES','');
insert into Diagram values('UF92-34_1384','UF92-20050400','34-95','E87 130i   Retrofit, handbrake handle','');
insert into Diagram values('UF92-34_1562','UF92-20050400','34-95','E87 130i   Handbrake grip with chrome inlay','');
insert into Diagram values('UF92-34_1677','UF92-20050400','34-95','E87 130i   Set of BMW Performance Brakes, front','');
insert into Diagram values('UF92-34_1681','UF92-20050400','34-95','E87 130i   BMW Performance front wheel brake','');
insert into Diagram values('UF92-34_1682','UF92-20050400','34-95','E87 130i   BMW Performance Rear wheel brake','');
insert into Diagram values('UF92-34_1717','UF92-20050400','34-95','E87 130i   BMW Performance parking brake handle','');
insert into Diagram values('UF92-35_0291','UF92-20050400','35-05','E87 130i   Foot lever mech. with return spring','');
insert into Diagram values('UF92-35_0292','UF92-20050400','35-05','E87 130i   Foot lever mech. with return spring','');
insert into Diagram values('UF92-35_0293','UF92-20050400','35-05','E87 130i   Pedal assembly','');
insert into Diagram values('UF92-35_0294','UF92-20050400','35-05','E87 130i   Pedal assembly','');
insert into Diagram values('UF92-35_0274','UF92-20050400','35-20','E87 130i   Acceleration/accelerator pedal module','');
insert into Diagram values('UF92-35_0275','UF92-20050400','35-95','E87 130i   Aluminum pedal covers','');
insert into Diagram values('UF92-35_0315','UF92-20050400','35-95','E87 130i   Set of high-grade steel pedal covers','');
insert into Diagram values('UF92-35_0327','UF92-20050400','35-95','E87 130i   BMW Performance Alu pedal plates','');
insert into Diagram values('UF92-35_0377','UF92-20050400','35-95','E87 130i   Aluminum pedal covers','');
insert into Diagram values('UF92-36_0802','UF92-20050400','36-15','E87 130i   BMW light alloy wheel, V-spoke 141','');
insert into Diagram values('UF92-36_0803','UF92-20050400','36-15','E87 130i   BMW light alloy wheel, spider spoke 142','');
insert into Diagram values('UF92-36_0805','UF92-20050400','36-15','E87 130i   BMW LA wheel/double spoke 178','');
insert into Diagram values('UF92-36_0806','UF92-20050400','36-15','E87 130i   BMW Composite wheel, star spoke 179','');
insert into Diagram values('UF92-36_0807','UF92-20050400','36-15','E87 130i   BMW LA wheel, star spoke 180','');
insert into Diagram values('UF92-36_0808','UF92-20050400','36-15','E87 130i   BMW LA wheel, star spoke 181','');
insert into Diagram values('UF92-36_0809','UF92-20050400','36-15','E87 130i   BMW LA wheel/double spoke 182','');
insert into Diagram values('UF92-36_0903','UF92-20050400','36-15','E87 130i   BMW LA wheel, double spoke 98','');
insert into Diagram values('UF92-36_0926','UF92-20050400','36-15','E87 130i   BMW alloy wheel M V-spoke 217','');
insert into Diagram values('UF92-36_0927','UF92-20050400','36-15','E87 130i   BMW alloy wheel, M double spoke 207','');
insert into Diagram values('UF92-36_0928','UF92-20050400','36-15','E87 130i   BMW alloy wheel, M double spoke 208','');
insert into Diagram values('UF92-36_1054','UF92-20050400','36-15','E87 130i   BMW LA wheel, star spoke 256','');
insert into Diagram values('UF92-36_1108','UF92-20050400','36-15','E87 130i   BMW LA wheel, star spoke 262','');
insert into Diagram values('UF92-36_1109','UF92-20050400','36-15','E87 130i   BMW LA wheel, W spoke 263','');
insert into Diagram values('UF92-36_1130','UF92-20050400','36-15','E87 130i   BMW LA wheel, dual spoke 261','');
insert into Diagram values('UF92-36_1131','UF92-20050400','36-15','E87 130i   BMW Performance LA wheel/double spoke269','');
insert into Diagram values('UF92-36_1135','UF92-20050400','36-15','E87 130i   BMW light alloy wheel, radial spoke 216','');
insert into Diagram values('UF92-36_1315','UF92-20050400','36-15','E87 130i   BMW LA wheel, Star Spoke 311','');
insert into Diagram values('UF92-36_1316','UF92-20050400','36-15','E87 130i   BMW Performance LA wheel DoubleSpoke 313','');
insert into Diagram values('UF92-36_1607','UF92-20050400','36-15','E87 130i   BMW LA wheel Streamline 370','');
insert into Diagram values('UF92-36_1608','UF92-20050400','36-15','E87 130i   BMW LA wheel, Star Spoke 371','');
insert into Diagram values('UF92-36_1709','UF92-20050400','36-15','E87 130i   BMW LA wheel, M Double Spoke 313','');
insert into Diagram values('UF92-36_0812','UF92-20050400','36-20','E87 130i   Balance weight, zinc','');
insert into Diagram values('UF92-36_0811','UF92-20050400','36-25','E87 130i   WHEEL BOLT LOCK WITH ADAPTOR','');
insert into Diagram values('UF92-36_1032','UF92-20050400','36-25','E87 130i   SET WHEEL LOCKS','');
insert into Diagram values('UF92-36_0834','UF92-20050400','36-30','E87 130i   Summer tires','');
insert into Diagram values('UF92-36_1076','UF92-20050400','36-30','E87 130i   Winter tires','');
insert into Diagram values('UF92-36_0958','UF92-20050400','36-95','E87 130i   Winter complete wheel V spoke 141','');
insert into Diagram values('UF92-36_1274','UF92-20050400','36-95','E87 130i   Set emergency wheel with tyre','');
insert into Diagram values('UF92-36_1329','UF92-20050400','36-95','E87 130i   Winterkomplettrad Sternspeiche 256','');
insert into Diagram values('UF92-41_1594','UF92-20050400','41-05','E87 130i   Body skeleton','');
insert into Diagram values('UF92-41_1596','UF92-20050400','41-10','E87 130i   Front side panel','');
insert into Diagram values('UF92-41_1597','UF92-20050400','41-10','E87 130i   WHEELHOUSE/ENGINE SUPPORT','');
insert into Diagram values('UF92-41_1598','UF92-20050400','41-10','E87 130i   SPLASH WALL PARTS','');
insert into Diagram values('UF92-41_1599','UF92-20050400','41-10','E87 130i   FRONT BODY BRACKET LEFT','');
insert into Diagram values('UF92-41_1600','UF92-20050400','41-10','E87 130i   FRONT BODY BRACKET RIGHT','');
insert into Diagram values('UF92-41_1602','UF92-20050400','41-20','E87 130i   Cavity shielding, side frame','');
insert into Diagram values('UF92-41_1603','UF92-20050400','41-20','E87 130i   BODY-SIDE FRAME','');
insert into Diagram values('UF92-41_1604','UF92-20050400','41-20','E87 130i   SINGLE COMPONENTS FOR BODY-SIDE FRAME','');
insert into Diagram values('UF92-41_1605','UF92-20050400','41-20','E87 130i   Partition trunk/Floor parts','');
insert into Diagram values('UF92-41_1606','UF92-20050400','41-25','E87 130i   Mounting parts for trunk floor panel','');
insert into Diagram values('UF92-41_1608','UF92-20050400','41-25','E87 130i   FLOOR PARTS REAR EXTERIOR','');
insert into Diagram values('UF92-41_1609','UF92-20050400','41-25','E87 130i   SIDE PANEL/TAIL TRIM','');
insert into Diagram values('UF92-41_1610','UF92-20050400','41-25','E87 130i   FILL-IN FLAP','');
insert into Diagram values('UF92-41_1601','UF92-20050400','41-30','E87 130i   Roof','');
insert into Diagram values('UF92-41_1611','UF92-20050400','41-35','E87 130i   ENGINE HOOD/MOUNTING PARTS','');
insert into Diagram values('UF92-41_1641','UF92-20050400','41-35','E87 130i   ENGINE HOOD MECHANISM','');
insert into Diagram values('UF92-41_1612','UF92-20050400','41-40','E87 130i   FRONT DOOR-HINGE/DOOR BRAKE','');
insert into Diagram values('UF92-41_1635','UF92-20050400','41-40','E87 130i   Door weatherstrip front','');
insert into DiagramParts values('UF92-41_1639-51210037535', 'UF92-41_1639', 05, 'Set of keys with CAS control unit', '315 MHZ', 1, to_date('20041201','YYYYMMDD'), to_date('20080301','YYYYMMDD'), '51210037535', '', '', false);
insert into Diagram values('UF92-41_1639','UF92-20050400','41-40','E87 130i   Radio remote control','');
insert into Diagram values('UF92-41_1973','UF92-20050400','41-40','E87 130i   DOOR CONTROL FRONT','');
insert into Diagram values('UF92-41_1613','UF92-20050400','41-45','E87 130i   Door rear, hinge/door brake','');
insert into Diagram values('UF92-41_1634','UF92-20050400','41-45','E87 130i   DOOR CONTROL REAR','');
insert into Diagram values('UF92-41_1636','UF92-20050400','41-45','E87 130i   Door weatherstrip rear','');
insert into DiagramParts values('UF92-41_1640-51210037537', 'UF92-41_1640', 01, 'Set uniform lock.syst. w/CAS cntrl(code)', '315 MHZ', 1, to_date('20041201','YYYYMMDD'), to_date('20080301','YYYYMMDD'), '51210037537', '', '', false);
insert into Diagram values('UF92-41_1640','UF92-20050400','41-50','E87 130i   Master key locking','');
insert into Diagram values('UF92-41_1614','UF92-20050400','41-60','E87 130i   TRUNK LID/CLOSING SYSTEM','');
insert into Diagram values('UF92-41_1615','UF92-20050400','41-60','E87 130i   SINGLE COMPONENTS FOR TRUNK LID','');
insert into Diagram values('UF92-41_1607','UF92-20050400','41-65','E87 130i   MECHANICAL CONNECTION ELEMENTS','');
insert into Diagram values('UF92-51_5434','UF92-20050400','51-05','E87 130i   Glazing','');
insert into DiagramParts values('UF92-51_5293-51167132736', 'UF92-51_5293', 01, 'Mirror glas, heated, wide-angle, right', 'CHROMFARBIG', 1, to_date('20090301','YYYYMMDD'), to_date('20090901','YYYYMMDD'), '51167132736', '$73.94', '', false);
insert into Diagram values('UF92-51_5293','UF92-20050400','51-07','E87 130i   MIRROR GLASS','');
insert into Diagram values('UF92-51_5294','UF92-20050400','51-07','E87 130i   Mirror glas with auto dip','');
insert into DiagramParts values('UF92-51_5472-51167234224', 'UF92-51_5472', 01, 'heated outside mirror, right', 'SHADOWLINE', 1, to_date('20080701','YYYYMMDD'), to_date('20090901','YYYYMMDD'), '51167234224', '', '', false);
insert into DiagramParts values('UF92-51_5472-51167189896', 'UF92-51_5472', 01, 'heated outside mirror, right', 'SHADOWLINE', 1, to_date('20060701','YYYYMMDD'), to_date('20080701','YYYYMMDD'), '51167189896', '', '', false);
insert into DiagramParts values('UF92-51_5472-51167234228', 'UF92-51_5472', 01, 'Outside mirror heated with memory,right', 'SHADOWLINE', 1, to_date('20080701','YYYYMMDD'), to_date('20090901','YYYYMMDD'), '51167234228', '', '', false);
insert into DiagramParts values('UF92-51_5472-51167189904', 'UF92-51_5472', 01, 'Outside mirror heated with memory,right', 'SHADOWLINE', 1, to_date('20060701','YYYYMMDD'), to_date('20080701','YYYYMMDD'), '51167189904', '', '', false);
insert into DiagramParts values('UF92-51_5472-51168036572', 'UF92-51_5472', 04, 'Supporting ring right', 'GLANZSCHWARZ', 1, to_date('20080701','YYYYMMDD'), to_date('20090901','YYYYMMDD'), '51168036572', '$32.17', '', false);
insert into Diagram values('UF92-51_5472','UF92-20050400','51-07','E87 130i   Outside mirror','');
insert into DiagramParts values('UF92-51_5473-51167234236', 'UF92-51_5473', 01, 'Outside mirror heated with memory,right', 'SHADOWLINE', 1, to_date('20080701','YYYYMMDD'), to_date('20090901','YYYYMMDD'), '51167234236', '', '', false);
insert into DiagramParts values('UF92-51_5473-51167234232', 'UF92-51_5473', 01, 'Outside mirror heated with memory,right', 'SHADOWLINE', 1, to_date('20080701','YYYYMMDD'), to_date('20090901','YYYYMMDD'), '51167234232', '', '', false);
insert into DiagramParts values('UF92-51_5473-51167189913', 'UF92-51_5473', 01, 'Outside mirror heated with memory, left', 'SHADOWLINE', 1, to_date('20060701','YYYYMMDD'), to_date('20080701','YYYYMMDD'), '51167189913', '', '', false);
insert into Diagram values('UF92-51_5473','UF92-20050400','51-07','E87 130i   Fold-in outside mirror','');
insert into Diagram values('UF92-51_5438','UF92-20050400','51-10','E87 130i   DOOR WINDOW LIFTING MECHANISM FRONT','');
insert into Diagram values('UF92-51_5439','UF92-20050400','51-10','E87 130i   Window frame cover, front door','');
insert into Diagram values('UF92-51_5440','UF92-20050400','51-12','E87 130i   DOOR WINDOW LIFTING MECHANISM REAR','');
insert into Diagram values('UF92-51_5441','UF92-20050400','51-12','E87 130i   Window frame cover, rear door','');
insert into Diagram values('UF92-51_5332','UF92-20050400','51-15','E87 130i   Trim panel, bumper, front','');
insert into Diagram values('UF92-51_5402','UF92-20050400','51-15','E87 130i   Carrier, bumper front','');
insert into Diagram values('UF92-51_5435','UF92-20050400','51-15','E87 130i   Bracket, PDC-sensors','');
insert into Diagram values('UF92-51_5977','UF92-20050400','51-15','E87 130i   M FRONT BUMPER TRIM PANEL','');
insert into DiagramParts values('UF92-51_5348-51477906818', 'UF92-51_5348', 15, 'M trim piece, front right entry', 'M', 1, to_date('20050901','YYYYMMDD'), to_date('20070301','YYYYMMDD'), '51477906818', '', '', false);
insert into DiagramParts values('UF92-51_5348-51477906820', 'UF92-51_5348', 16, 'M trim piece, rear right entry', 'M', 1, to_date('20050901','YYYYMMDD'), to_date('20070301','YYYYMMDD'), '51477906820', '', '', false);
insert into Diagram values('UF92-51_5348','UF92-20050400','51-16','E87 130i   Door sill','');
insert into Diagram values('UF92-51_6335','UF92-20050400','51-16','E87 130i   M door sill trim panel','');
insert into Diagram values('UF92-51_5403','UF92-20050400','51-17','E87 130i   Carrier, bumper rear','');
insert into Diagram values('UF92-51_5429','UF92-20050400','51-17','E87 130i   Bumper trim panel, rear','');
insert into Diagram values('UF92-51_5431','UF92-20050400','51-17','E87 130i   REAR BUMPER MOUNTING PARTS','');
insert into Diagram values('UF92-51_5985','UF92-20050400','51-17','E87 130i   M REAR BUMPER TRIM','');
insert into Diagram values('UF92-51_5414','UF92-20050400','51-20','E87 130i   Exterior trim and door seals','');
insert into Diagram values('UF92-51_5442','UF92-20050400','51-20','E87 130i   Exterior trim / Grille / Seals','');
insert into Diagram values('UF92-51_5465','UF92-20050400','51-20','E87 130i   Emblems','');
insert into Diagram values('UF92-51_5503','UF92-20050400','51-30','E87 130i   Carrier instrument panel','');
insert into Diagram values('UF92-51_5504','UF92-20050400','51-30','E87 130i   Trim panel dashboard','');
insert into Diagram values('UF92-51_5505','UF92-20050400','51-30','E87 130i   GLOVE BOX','');
insert into Diagram values('UF92-51_9041','UF92-20050400','51-30','E87 130i   Switch unit cover, center console','');
insert into Diagram values('UF92-51_9135','UF92-20050400','51-30','E87 130i   Mounting parts, I-panel, bottom','');
insert into Diagram values('UF92-51_5508','UF92-20050400','51-35','E87 130i   Center console','');
insert into Diagram values('UF92-51_5509','UF92-20050400','51-35','E87 130i   Armrest, centre console','');
insert into Diagram values('UF92-51_5540','UF92-20050400','51-35','E87 130i   Mounting parts, center console','');
insert into Diagram values('UF92-51_5510','UF92-20050400','51-40','E87 130i   Sun visors','');
insert into Diagram values('UF92-51_5511','UF92-20050400','51-40','E87 130i   Inside mirror manually dippable','');
insert into Diagram values('UF92-51_5512','UF92-20050400','51-40','E87 130i   Interior mirror with automatic-dip','');
insert into Diagram values('UF92-51_5515','UF92-20050400','51-40','E87 130i   Headlining / Handle','');
insert into Diagram values('UF92-51_5516','UF92-20050400','51-40','E87 130i   Headlin./Handle lift-up&slide-back sunr.','');
insert into Diagram values('UF92-51_5517','UF92-20050400','51-40','E87 130i   Trim panel A- / B- / C-Column','');
insert into Diagram values('UF92-51_5522','UF92-20050400','51-40','E87 130i   REAR WINDOW SHELF','');
insert into Diagram values('UF92-51_6211','UF92-20050400','51-40','E87 130i   Headlining / Handle','');
insert into Diagram values('UF92-51_6212','UF92-20050400','51-40','E87 130i   Headlin./Handle lift-up&slide-back sunr.','');
insert into Diagram values('UF92-51_5513','UF92-20050400','51-50','E87 130i   Door trim panel, front','');
insert into Diagram values('UF92-51_5535','UF92-20050400','51-50','E87 130i   Door trim panel rear/Eler. window lifter','');
insert into Diagram values('UF92-51_5518','UF92-20050400','51-55','E87 130i   TRIM PANEL LEG ROOM','');
insert into Diagram values('UF92-51_5519','UF92-20050400','51-55','E87 130i   Cover, entrance','');
insert into Diagram values('UF92-51_5521','UF92-20050400','51-55','E87 130i   FLOOR COVERING','');
insert into DiagramParts values('UF92-51_6668-51479171368', 'UF92-51_6668', 03, 'Velcro element with screw thread', 'D 62MM', 2, to_date('20070901','YYYYMMDD'), to_date('20110801','YYYYMMDD'), '51479171368', '$8.03', '', false);
insert into Diagram values('UF92-51_6668','UF92-20050400','51-55','E87 130i   Floor mats, velours','');
insert into Diagram values('UF92-51_5523','UF92-20050400','51-65','E87 130i   TRUNK LID TRIM PANEL','');
insert into Diagram values('UF92-51_5525','UF92-20050400','51-65','E87 130i   LEFT TRUNK TRIM','');
insert into Diagram values('UF92-51_5536','UF92-20050400','51-65','E87 130i   Right TRUNK TRIM','');
insert into Diagram values('UF92-51_6519','UF92-20050400','51-65','E87 130i   Trunk floor / Trunk sill / Dividing net','');
insert into Diagram values('UF92-51_5526','UF92-20050400','51-70','E87 130i   SOUND INSULATING FRONT','');
insert into Diagram values('UF92-51_5527','UF92-20050400','51-70','E87 130i   Heat insulation','');
insert into Diagram values('UF92-51_5532','UF92-20050400','51-70','E87 130i   Wheelarch trim','');
insert into Diagram values('UF92-51_5538','UF92-20050400','51-70','E87 130i   SOUND INSULATING REAR','');
insert into Diagram values('UF92-51_5528','UF92-20050400','51-75','E87 130i   Underhood shield','');
insert into Diagram values('UF92-51_5529','UF92-20050400','51-75','E87 130i   Underfloor coating for manual transm.','');
insert into Diagram values('UF92-51_5709','UF92-20050400','51-75','E87 130i   Underhood shield','');
insert into Diagram values('UF92-51_6171','UF92-20050400','51-75','E87 130i   Underbody trim on side','');
insert into Diagram values('UF92-51_6173','UF92-20050400','51-75','E87 130i   Underfloor coating for automatic transm.','');
insert into Diagram values('UF92-51_6532','UF92-20050400','51-75','E87 130i   FRONT PANEL','');
insert into Diagram values('UF92-51_6760','UF92-20050400','51-75','E87 130i   Strut brace','');
insert into Diagram values('UF92-51_6959','UF92-20050400','51-75','E87 130i   Air duct','');
insert into Diagram values('UF92-51_6535','UF92-20050400','51-80','E87 130i   Misc. body parts','');
insert into Diagram values('UF92-51_6771','UF92-20050400','51-80','E87 130i   Sealing cap/plug','');
insert into Diagram values('UF92-51_4635','UF92-20050400','51-95','E87 130i   Exterior mirror for towing','');
insert into Diagram values('UF92-51_4643','UF92-20050400','51-95','E87 130i   Non-skid mat','');
insert into Diagram values('UF92-51_4694','UF92-20050400','51-95','E87 130i   Aluminum footrest','');
insert into Diagram values('UF92-51_4698','UF92-20050400','51-95','E87 130i   Boot lashing strap','');
insert into Diagram values('UF92-51_5244','UF92-20050400','51-95','E87 130i   Luggage compartment pan','');
insert into Diagram values('UF92-51_5362','UF92-20050400','51-95','E87 130i   Luggage compartment, folding','');
insert into Diagram values('UF92-51_5688','UF92-20050400','51-95','E87 130i   Luggage compatment box "multifix"','');
insert into Diagram values('UF92-51_5727','UF92-20050400','51-95','E87 130i   Fine wood trim','');
insert into Diagram values('UF92-51_5733','UF92-20050400','51-95','E87 130i   Sunshade','');
insert into Diagram values('UF92-51_5734','UF92-20050400','51-95','E87 130i   Illuminated door sill strip retrofit kit','');
insert into Diagram values('UF92-51_5737','UF92-20050400','51-95','E87 130i   Rubber mat','');
insert into Diagram values('UF92-51_5738','UF92-20050400','51-95','E87 130i   Umbrella with bag','');
insert into Diagram values('UF92-51_5739','UF92-20050400','51-95','E87 130i   Storage sleeve DVD/CD','');
insert into Diagram values('UF92-51_5799','UF92-20050400','51-95','E87 130i   Fitted luggage compartment mat','');
insert into Diagram values('UF92-51_5804','UF92-20050400','51-95','E87 130i   Retrofit Cup holder center console','');
insert into Diagram values('UF92-51_5808','UF92-20050400','51-95','E87 130i   Retrofit equipm. armrest center console','');
insert into Diagram values('UF92-51_5928','UF92-20050400','51-95','E87 130i   Retrofit rearview mirror w. auto dimmer','');
insert into Diagram values('UF92-51_5939','UF92-20050400','51-95','E87 130i   Floor mats Commercial','');
insert into Diagram values('UF92-51_5954','UF92-20050400','51-95','E87 130i   Load edge protector','');
insert into Diagram values('UF92-51_5955','UF92-20050400','51-95','E87 130i   Retrofit kit M aerodyn. package','');
insert into Diagram values('UF92-51_5980','UF92-20050400','51-95','E87 130i   Retrofit: heating outside mirror','');
insert into Diagram values('UF92-51_6073','UF92-20050400','51-95','E87 130i   Door sill strip retrofit kit st. steel','');
insert into Diagram values('UF92-51_6083','UF92-20050400','51-95','E87 130i   Strut brace','');
insert into Diagram values('UF92-51_6085','UF92-20050400','51-95','E87 130i   Retrofit, M cover, entrance','');
insert into Diagram values('UF92-51_6137','UF92-20050400','51-95','E87 130i   Retrofit, cup holder','');
insert into Diagram values('UF92-51_6165','UF92-20050400','51-95','E87 130i   Luggage compartment clamping belts','');
insert into Diagram values('UF92-51_6213','UF92-20050400','51-95','E87 130i   Carbon fiber package','');
insert into Diagram values('UF92-51_6283','UF92-20050400','51-95','E87 130i   Load compartment protective cover','');
insert into Diagram values('UF92-51_6477','UF92-20050400','51-95','E87 130i   Key fob','');
insert into Diagram values('UF92-51_6639','UF92-20050400','51-95','E87 130i   Protective loading edge mat','');
insert into DiagramParts values('UF92-51_6669-51479171368', 'UF92-51_6669', 03, 'Velcro element with screw thread', 'D 62MM', 2, to_date('20070901','YYYYMMDD'), to_date('20110801','YYYYMMDD'), '51479171368', '$8.03', '', false);
insert into Diagram values('UF92-51_6669','UF92-20050400','51-95','E87 130i   Floor mats, velours','');
insert into Diagram values('UF92-51_6695','UF92-20050400','51-95','E87 130i   Storage net, footwell, front','');
insert into Diagram values('UF92-51_6696','UF92-20050400','51-95','E87 130i   Trunk room net','');
insert into Diagram values('UF92-51_6762','UF92-20050400','51-95','E87 130i   Retrofit f oddments tray instr. panel','');
insert into Diagram values('UF92-51_6770','UF92-20050400','51-95','E87 130i   FLOOR MATS CITY','');
insert into Diagram values('UF92-51_6778','UF92-20050400','51-95','E87 130i   BMW Performance strut tower brace carbon','');
insert into Diagram values('UF92-51_6803','UF92-20050400','51-95','E87 130i   Impact guard strips, side','');
insert into Diagram values('UF92-51_6850','UF92-20050400','51-95','E87 130i   Retrofit kit, M rocker panel trim','');
insert into Diagram values('UF92-51_6885','UF92-20050400','51-95','E87 130i   Aerodynamics package','');
insert into Diagram values('UF92-51_6963','UF92-20050400','51-95','E87 130i   Interior moldings Carbon','');
insert into Diagram values('UF92-51_6973','UF92-20050400','51-95','E87 130i   BMW Performance side stripes','');
insert into Diagram values('UF92-51_6977','UF92-20050400','51-95','E87 130i   Boot/trunk floor net','');
insert into Diagram values('UF92-51_6992','UF92-20050400','51-95','E87 130i   BMW Performance Aerodynamics, front','');
insert into Diagram values('UF92-51_6993','UF92-20050400','51-95','E87 130i   BMW Performance Aerodynamics','');
insert into Diagram values('UF92-51_6996','UF92-20050400','51-95','E87 130i   BMW Performance Aerodynamics, rocker','');
insert into Diagram values('UF92-51_7021','UF92-20050400','51-95','E87 130i   Retrofit snap-on drink holder','');
insert into Diagram values('UF92-51_7048','UF92-20050400','51-95','E87 130i   BMW Performance Aerodynamics, rear','');
insert into Diagram values('UF92-51_7061','UF92-20050400','51-95','E87 130i   Non-skid mat','');
insert into Diagram values('UF92-51_7142','UF92-20050400','51-95','E87 130i   BMW Performance Aluminum footrest','');
insert into Diagram values('UF92-51_7146','UF92-20050400','51-95','E87 130i   BMW Performance Interior moldings Carbon','');
insert into Diagram values('UF92-51_7152','UF92-20050400','51-95','E87 130i   BMW Performance strut tower brace, alu','');
insert into Diagram values('UF92-51_7191','UF92-20050400','51-95','E87 130i   Retrofit trim grill','');
insert into Diagram values('UF92-51_7224','UF92-20050400','51-95','E87 130i   BMW Performance door sill moldings','');
insert into Diagram values('UF92-51_7236','UF92-20050400','51-95','E87 130i   Footmat update','');
insert into Diagram values('UF92-51_7515','UF92-20050400','51-95','E87 130i   Dog Guard','');
insert into Diagram values('UF92-51_7713','UF92-20050400','51-95','E87 130i   Multifunct.lugg.compartm.mat w.fold.cont','');
insert into Diagram values('UF92-51_8051','UF92-20050400','51-95','E87 130i   First-aid kit, universal','');
insert into Diagram values('UF92-51_8522','UF92-20050400','51-95','E87 130i   Travel & Comfort System','');
insert into Diagram values('UF92-52_3086','UF92-20050400','52-10','E87 130i   Seat, front, head restraint','');
insert into DiagramParts values('UF92-52_3087-52106970532', 'UF92-52_3087', 04, 'COVER BACKREST CLOTH RIGHT', 'ANTHRAZIT', 1, to_date('20050901','YYYYMMDD'), to_date('20080901','YYYYMMDD'), '52106970532', '', '', false);
insert into DiagramParts values('UF92-52_3087-52106970534', 'UF92-52_3087', 04, 'COVER BACKREST CLOTH RIGHT', 'MONACOBLAU', 1, to_date('20050901','YYYYMMDD'), to_date('20080901','YYYYMMDD'), '52106970534', '', '', false);
insert into DiagramParts values('UF92-52_3087-52106970536', 'UF92-52_3087', 04, 'COVER BACKREST CLOTH RIGHT', 'NAUTILUSGRAU', 1, to_date('20050901','YYYYMMDD'), to_date('20080901','YYYYMMDD'), '52106970536', '', '', false);
insert into Diagram values('UF92-52_3087','UF92-20050400','52-10','E87 130i   Seat front, upholstery & cover base seat','');
insert into DiagramParts values('UF92-52_3088-52106955940', 'UF92-52_3088', 05, 'COVER BACKREST CLOTH RIGHT', 'ANTHRAZIT', 1, to_date('20050901','YYYYMMDD'), to_date('20061001','YYYYMMDD'), '52106955940', '', '', false);
insert into DiagramParts values('UF92-52_3088-52106955939', 'UF92-52_3088', 05, 'COVER BACKREST CLOTH LEFT', 'ANTHRAZIT', 1, to_date('20061001','YYYYMMDD'), to_date('20080901','YYYYMMDD'), '52106955939', '', '', false);
insert into DiagramParts values('UF92-52_3088-52106955942', 'UF92-52_3088', 05, 'COVER BACKREST CLOTH RIGHT', 'MONACOBLAU', 1, to_date('20050901','YYYYMMDD'), to_date('20061001','YYYYMMDD'), '52106955942', '', '', false);
insert into DiagramParts values('UF92-52_3088-52106955941', 'UF92-52_3088', 05, 'COVER BACKREST CLOTH LEFT', 'MONACOBLAU', 1, to_date('20061001','YYYYMMDD'), to_date('20080901','YYYYMMDD'), '52106955941', '', '', false);
insert into DiagramParts values('UF92-52_3088-52106955944', 'UF92-52_3088', 05, 'COVER BACKREST CLOTH RIGHT', 'NAUTILUSGRAU', 1, to_date('20050901','YYYYMMDD'), to_date('20061001','YYYYMMDD'), '52106955944', '', '', false);
insert into DiagramParts values('UF92-52_3088-52108036202', 'UF92-52_3088', 05, 'Cover backrest cloth/Imitat. leather,rig', 'SCHWARZ', 1, to_date('20050901','YYYYMMDD'), to_date('20061001','YYYYMMDD'), '52108036202', '', '', false);
insert into DiagramParts values('UF92-52_3088-52108036201', 'UF92-52_3088', 05, 'Cover backrest cloth/Imitat. leather,lft', 'SCHWARZ', 1, to_date('20061001','YYYYMMDD'), to_date('20070301','YYYYMMDD'), '52108036201', '', '', false);
insert into DiagramParts values('UF92-52_3088-52108039533', 'UF92-52_3088', 05, 'Cover backrest cloth/Imitat. leather,lft', 'SCHWARZ', 1, to_date('20070301','YYYYMMDD'), to_date('20080901','YYYYMMDD'), '52108039533', '', '', false);
insert into DiagramParts values('UF92-52_3088-52108039534', 'UF92-52_3088', 05, 'Cover backrest cloth/Imitat. leather,rig', 'SCHWARZ', 1, to_date('20070301','YYYYMMDD'), to_date('20080901','YYYYMMDD'), '52108039534', '', '', false);
insert into Diagram values('UF92-52_3088','UF92-20050400','52-10','E87 130i   Seat, front, uphlstry, cover, Sport seat','');
insert into Diagram values('UF92-52_3092','UF92-20050400','52-10','E87 130i   FRONT SEAT BACKREST FRAME/REAR PANEL','');
insert into Diagram values('UF92-52_3093','UF92-20050400','52-10','E87 130i   FRONT SEAT RAIL MECHANICAL/SINGLE PARTS','');
insert into DiagramParts values('UF92-52_3094-52106979627', 'UF92-52_3094', 12, 'Cover, belt catch left', 'NAUTILUSGRAU', 1, to_date('20050501','YYYYMMDD'), to_date('20070301','YYYYMMDD'), '52106979627', '', '', false);
insert into DiagramParts values('UF92-52_3094-52106979628', 'UF92-52_3094', 12, 'Cover, belt catch right', 'NAUTILUSGRAU', 1, to_date('20050501','YYYYMMDD'), to_date('20070301','YYYYMMDD'), '52106979628', '', '', false);
insert into Diagram values('UF92-52_3094','UF92-20050400','52-10','E87 130i   FRONT SEAT RAIL ELECTRICAL/SINGLE PARTS','');
insert into Diagram values('UF92-52_3125','UF92-20050400','52-10','E87 130i   Seat, front, lumbar','');
insert into Diagram values('UF92-52_3468','UF92-20050400','52-10','E87 130i   BMW Performance Sport Seat','');
insert into Diagram values('UF92-52_3541','UF92-20050400','52-10','E87 130i   Seat, front, electrical and motors','');
insert into Diagram values('UF92-52_3074','UF92-20050400','52-20','E87 130i   Rear seat head restraint','');
insert into Diagram values('UF92-52_3075','UF92-20050400','52-20','E87 130i   Seat, rear, head restraint, center','');
insert into Diagram values('UF92-52_3077','UF92-20050400','52-20','E87 130i   Seat, rear, uphlstry/cover, load-through','');
insert into Diagram values('UF92-52_3078','UF92-20050400','52-20','E87 130i   Seat, rear, seat frame, load-through','');
insert into Diagram values('UF92-52_3082','UF92-20050400','52-20','E87 130i   Rear seat ski bag','');
insert into Diagram values('UF92-52_3172','UF92-20050400','52-20','E87 130i   Retrofitting rear folding head restraint','');
insert into Diagram values('UF92-52_3212','UF92-20050400','52-20','E87 130i   Seat, rear, backrest trim covers','');
insert into Diagram values('UF92-52_3079','UF92-20050400','52-60','E87 130i   Cover material, running meter','');
insert into Diagram values('UF92-52_3713','UF92-20050400','52-65','E87 130i   Seat heating','');
insert into Diagram values('UF92-52_2913','UF92-20050400','52-95','E87 130i   Lambskin seat cover','');
insert into Diagram values('UF92-52_3015','UF92-20050400','52-95','E87 130i   UNIVERSAL PRODECTIVE REAR COVER','');
insert into Diagram values('UF92-52_3043','UF92-20050400','52-95','E87 130i   Belt holder','');
insert into Diagram values('UF92-52_3175','UF92-20050400','52-95','E87 130i   INSTALLING SET HEATED SEAT FRONT','');
insert into Diagram values('UF92-52_3196','UF92-20050400','52-95','E87 130i   Retrofit, net bag at seat backrest','');
insert into Diagram values('UF92-52_3199','UF92-20050400','52-95','E87 130i   Fire extinguisher','');
insert into Diagram values('UF92-52_3269','UF92-20050400','52-95','E87 130i   Seat-back storage pocket','');
insert into Diagram values('UF92-52_3435','UF92-20050400','52-95','E87 130i   Retrofitting rear folding head restraint','');
insert into Diagram values('UF92-52_3792','UF92-20050400','52-95','E87 130i   Fire extinguisher','');
insert into Diagram values('UF92-54_0341','UF92-20050400','54-05','E87 130i   SLID.LIFT. ROOF-COVER/CEILING FRAME','');
insert into Diagram values('UF92-61_1942','UF92-20050400','61-05','E87 130i   Main wiring harness, duplicate','');
insert into Diagram values('UF92-61_2028','UF92-20050400','61-05','E87 130i   Main wiring harness','');
insert into Diagram values('UF92-61_2195','UF92-20050400','61-05','E87 130i   Repair cable main cable harness','');
insert into Diagram values('UF92-61_2237','UF92-20050400','61-05','E87 130i   Main wiring harness','');
insert into Diagram values('UF92-61_2286','UF92-20050400','61-05','E87 130i   Main wiring harness','');
insert into Diagram values('UF92-61_1822','UF92-20050400','61-10','E87 130i   Cable-yarded material','');
insert into Diagram values('UF92-61_1861','UF92-20050400','61-10','E87 130i   VARIOUS ADDITIONAL WIRING SETS','');
insert into Diagram values('UF92-61_1863','UF92-20050400','61-10','E87 130i   DOOR CABLE HARNESSES','');
insert into Diagram values('UF92-61_1864','UF92-20050400','61-10','E87 130i   Wiring harness, instrument panel','');
insert into Diagram values('UF92-61_1868','UF92-20050400','61-10','E87 130i   Wiring set seat','');
insert into Diagram values('UF92-61_1869','UF92-20050400','61-10','E87 130i   Repair cable, airbag','');
insert into DiagramParts values('UF92-61_2083-61126979442', 'UF92-61_2083', 02, 'Cable, active steering system, Power', 'X13720-X13719', 1, to_date('20050901','YYYYMMDD'), to_date('20060901','YYYYMMDD'), '61126979442', '', 'ENDED', false);
insert into Diagram values('UF92-61_2083','UF92-20050400','61-10','E87 130i   Wiring set active steering','');
insert into Diagram values('UF92-61_2567','UF92-20050400','61-10','E87 130i   Rep. wire for B+','');
insert into Diagram values('UF92-61_1280','UF92-20050400','61-15','E87 130i   Plug terminal ELO not waterproof','');
insert into Diagram values('UF92-61_1296','UF92-20050400','61-15','E87 130i   Circular connector / D 2,5 mm System','');
insert into Diagram values('UF92-61_1559','UF92-20050400','61-15','E87 130i   PLUG-IN CONNECTION BRACKET','');
insert into Diagram values('UF92-61_1578','UF92-20050400','61-15','E87 130i   Repair parts, optical fibre cable','');
insert into Diagram values('UF92-61_1691','UF92-20050400','61-15','E87 130i   Pin contacts ELO','');
insert into Diagram values('UF92-61_1711','UF92-20050400','61-15','E87 130i   Cable tie','');
insert into Diagram values('UF92-61_1754','UF92-20050400','61-15','E87 130i   Plug terminal ELO-Power','');
insert into Diagram values('UF92-61_1764','UF92-20050400','61-15','E87 130i   Diagnosis plug','');
insert into Diagram values('UF92-61_1765','UF92-20050400','61-15','E87 130i   Various cable terminals','');
insert into Diagram values('UF92-61_1865','UF92-20050400','61-15','E87 130i   VARIOUS CABLE HOLDERS','');
insert into Diagram values('UF92-61_1896','UF92-20050400','61-15','E87 130i   VARIOUS CABLE HOLDERS','');
insert into Diagram values('UF92-61_1970','UF92-20050400','61-15','E87 130i   Cable guide','');
insert into Diagram values('UF92-61_1996','UF92-20050400','61-15','E87 130i   Various cable grommets','');
insert into Diagram values('UF92-61_2063','UF92-20050400','61-15','E87 130i   Comb type connector','');
insert into Diagram values('UF92-61_2068','UF92-20050400','61-15','E87 130i   Contact system LSK8','');
insert into Diagram values('UF92-61_2107','UF92-20050400','61-15','E87 130i   Various parts, wiring harness repair','');
insert into Diagram values('UF92-61_2156','UF92-20050400','61-15','E87 130i   Double leaf spring contact','');
insert into Diagram values('UF92-61_2216','UF92-20050400','61-15','E87 130i   Terminal system MCON','');
insert into Diagram values('UF92-61_2217','UF92-20050400','61-15','E87 130i   Contact system MQS','');
insert into Diagram values('UF92-61_2268','UF92-20050400','61-15','E87 130i   Contact system MAK8','');
insert into Diagram values('UF92-61_2292','UF92-20050400','61-15','E87 130i   SLK socket contact','');
insert into Diagram values('UF92-61_2293','UF92-20050400','61-15','E87 130i   Contact system blade terminal MDK4 2.8','');
insert into Diagram values('UF92-61_2310','UF92-20050400','61-15','E87 130i   Plug housing for antenna cable, FAKRA','');
insert into Diagram values('UF92-61_2452','UF92-20050400','61-15','E87 130i   Round plug system D 1.5 mm','');
insert into Diagram values('UF92-61_2521','UF92-20050400','61-15','E87 130i   Socket housing MQS','');
insert into Diagram values('UF92-61_2638','UF92-20050400','61-15','E87 130i   Repair parts, coaxial cable contacts','');
insert into Diagram values('UF92-61_2680','UF92-20050400','61-15','E87 130i   Repair parts, coaxial cable housing','');
insert into Diagram values('UF92-61_1710','UF92-20050400','61-20','E87 130i   Fuses / sign with fuse allocat. diagr.','');
insert into Diagram values('UF92-61_1862','UF92-20050400','61-20','E87 130i   Individual parts, power distributor, fr.','');
insert into Diagram values('UF92-61_1718','UF92-20050400','61-25','E87 130i   Control unit/antennas passive access','');
insert into Diagram values('UF92-61_1847','UF92-20050400','61-25','E87 130i   BRACKET F BODY CONTROL UNITS AND MODULES','');
insert into Diagram values('UF92-61_2093','UF92-20050400','61-25','E87 130i   Control unit Junctionbox Elektronik','');
insert into Diagram values('UF92-61_2094','UF92-20050400','61-25','E87 130i   Control unit, footwell module','');
insert into DiagramParts values('UF92-61_2095-61356943766', 'UF92-61_2095', 01, 'Control unit CAS', 'CAS2', 1, to_date('20041201','YYYYMMDD'), to_date('20060901','YYYYMMDD'), '61356943766', '', 'ENDED', false);
insert into DiagramParts values('UF92-61_2095-61356964051', 'UF92-61_2095', 01, 'Control unit CAS', 'CAS2', 1, to_date('20041201','YYYYMMDD'), to_date('20060901','YYYYMMDD'), '61356964051', '', 'ENDED', false);
insert into DiagramParts values('UF92-61_2095-61356943771', 'UF92-61_2095', 01, 'Control unit CAS', 'CAS2', 1, to_date('20041201','YYYYMMDD'), to_date('20060901','YYYYMMDD'), '61356943771', '', 'ENDED', false);
insert into DiagramParts values('UF92-61_2095-61356981416', 'UF92-61_2095', 01, 'Control unit CAS', 'CAS2', 1, to_date('20041201','YYYYMMDD'), to_date('20060901','YYYYMMDD'), '61356981416', '', 'ENDED', false);
insert into DiagramParts values('UF92-61_2095-61356943791', 'UF92-61_2095', 01, 'Control unit CAS', 'CAS2', 1, to_date('20041201','YYYYMMDD'), to_date('20060901','YYYYMMDD'), '61356943791', '', 'ENDED', false);
insert into DiagramParts values('UF92-61_2095-61356943797', 'UF92-61_2095', 01, 'Control unit CAS', 'CAS2', 1, to_date('20041201','YYYYMMDD'), to_date('20060901','YYYYMMDD'), '61356943797', '', 'ENDED', false);
insert into DiagramParts values('UF92-61_2095-61356943814', 'UF92-61_2095', 01, 'Control unit CAS', 'CAS3', 1, to_date('20041201','YYYYMMDD'), to_date('20060901','YYYYMMDD'), '61356943814', '', 'ENDED', false);
insert into DiagramParts values('UF92-61_2095-61356943830', 'UF92-61_2095', 01, 'Control unit CAS', 'CAS3', 1, to_date('20041201','YYYYMMDD'), to_date('20070301','YYYYMMDD'), '61356943830', '', 'ENDED', false);
insert into DiagramParts values('UF92-61_2095-61356943834', 'UF92-61_2095', 01, 'Control unit CAS', 'CAS3', 1, to_date('20041201','YYYYMMDD'), to_date('20090301','YYYYMMDD'), '61356943834', '', 'ENDED', false);
insert into DiagramParts values('UF92-61_2095-61359147184', 'UF92-61_2095', 01, 'Control unit CAS', 'CAS3', 1, to_date('20041201','YYYYMMDD'), to_date('20090301','YYYYMMDD'), '61359147184', '', 'ENDED', false);
insert into DiagramParts values('UF92-61_2095-61359147195', 'UF92-61_2095', 01, 'Control unit CAS', 'CAS3', 1, to_date('20041201','YYYYMMDD'), to_date('20090301','YYYYMMDD'), '61359147195', '', 'ENDED', false);
insert into DiagramParts values('UF92-61_2095-61359147196', 'UF92-61_2095', 01, 'Control unit CAS', 'CAS3', 1, to_date('20041201','YYYYMMDD'), to_date('20090901','YYYYMMDD'), '61359147196', '', 'ENDED', false);
insert into DiagramParts values('UF92-61_2095-61359147212', 'UF92-61_2095', 01, 'Control unit CAS', 'CAS3', 1, to_date('20041201','YYYYMMDD'), to_date('20090901','YYYYMMDD'), '61359147212', '', 'ENDED', false);
insert into DiagramParts values('UF92-61_2095-61359147220', 'UF92-61_2095', 01, 'Control unit CAS', 'CAS3', 1, to_date('20041201','YYYYMMDD'), to_date('20090901','YYYYMMDD'), '61359147220', '', 'ENDED', false);
insert into DiagramParts values('UF92-61_2095-61359147221', 'UF92-61_2095', 01, 'Control unit CAS', 'CAS3', 1, to_date('20041201','YYYYMMDD'), to_date('20090901','YYYYMMDD'), '61359147221', '', 'ENDED', false);
insert into DiagramParts values('UF92-61_2095-61359147226', 'UF92-61_2095', 01, 'Control unit CAS', 'CAS3', 1, to_date('20041201','YYYYMMDD'), to_date('20090901','YYYYMMDD'), '61359147226', '', 'ENDED', false);
insert into DiagramParts values('UF92-61_2095-61359217853', 'UF92-61_2095', 01, 'Control unit CAS', 'CAS3', 1, to_date('20041201','YYYYMMDD'), to_date('20100301','YYYYMMDD'), '61359217853', '', 'ENDED', false);
insert into Diagram values('UF92-61_2095','UF92-20050400','61-25','E87 130i   Control unit CAS','');
insert into DiagramParts values('UF92-61_2096-61359221180', 'UF92-61_2096', 07, 'TRAILER TOWING MODUL', '4R', 1, to_date('20090301','YYYYMMDD'), to_date('20110301','YYYYMMDD'), '61359221180', '$203.91', '', false);
insert into DiagramParts values('UF92-61_2096-61359186177', 'UF92-61_2096', 07, 'TRAILER TOWING MODUL', '4R', 1, to_date('20060901','YYYYMMDD'), to_date('20090301','YYYYMMDD'), '61359186177', '', 'ENDED', false);
insert into Diagram values('UF92-61_2096','UF92-20050400','61-25','E87 130i   Control units/modules','');
insert into Diagram values('UF92-61_1859','UF92-20050400','61-30','E87 130i   B+ terminal point, engine compartment','');
insert into Diagram values('UF92-61_1860','UF92-20050400','61-30','E87 130i   Battery lead/distribution box, rear','');
insert into Diagram values('UF92-61_1948','UF92-20050400','61-30','E87 130i   battery holder and mounting parts','');
insert into Diagram values('UF92-61_1986','UF92-20050400','61-30','E87 130i   Original BMW battery (Warranty only)','');
insert into Diagram values('UF92-61_1839','UF92-20050400','61-35','E87 130i   Control element light','');
insert into Diagram values('UF92-61_1843','UF92-20050400','61-35','E87 130i   SWITCH WINDOW LIFTER','');
insert into Diagram values('UF92-61_1844','UF92-20050400','61-35','E87 130i   Switch unit roof','');
insert into Diagram values('UF92-61_1845','UF92-20050400','61-35','E87 130i   Seat adjustment switch, front','');
insert into Diagram values('UF92-61_1849','UF92-20050400','61-35','E87 130i   VARIOUS SWITCHES','');
insert into Diagram values('UF92-61_1880','UF92-20050400','61-35','E87 130i   Switch, Multifunction Sport/M st. wheel','');
insert into Diagram values('UF92-61_2050','UF92-20050400','61-35','E87 130i   Switch unit roof','');
insert into Diagram values('UF92-61_2128','UF92-20050400','61-35','E87 130i   Switch for brake, clutch','');
insert into Diagram values('UF92-61_2274','UF92-20050400','61-35','E87 130i   Switch unit, center console','');
insert into Diagram values('UF92-61_2281','UF92-20050400','61-35','E87 130i   Starter/Stop switch','');
insert into Diagram values('UF92-61_2282','UF92-20050400','61-35','E87 130i   Switch hazard warning/central lckng syst','');
insert into Diagram values('UF92-61_2322','UF92-20050400','61-35','E87 130i   Switch unit roof','');
insert into Diagram values('UF92-61_2480','UF92-20050400','61-35','E87 130i   Cigarette lighter / sockets','');
insert into Diagram values('UF92-61_2639','UF92-20050400','61-35','E87 130i   Shift paddles / Shift paddles','');
insert into Diagram values('UF92-61_2900','UF92-20050400','61-35','E87 130i   USB/AUX-IN socket','');
insert into Diagram values('UF92-61_2946','UF92-20050400','61-35','E87 130i   USB/AUX-IN socket','');
insert into Diagram values('UF92-61_3088','UF92-20050400','61-35','E87 130i   Switch unit steering column','');
insert into Diagram values('UF92-61_2857','UF92-20050400','61-40','E87 130i   Horn','');
insert into Diagram values('UF92-61_1854','UF92-20050400','61-45','E87 130i   SINGLE WIPER PARTS','');
insert into Diagram values('UF92-61_1856','UF92-20050400','61-45','E87 130i   SINGLE PARTS FOR REAR WINDOW WIPER','');
insert into Diagram values('UF92-61_1858','UF92-20050400','61-45','E87 130i   WIPER ARM/WIPER BLADE','');
insert into Diagram values('UF92-61_1876','UF92-20050400','61-45','E87 130i   SINGLE PARTS FOR HEAD LAMP CLEANING','');
insert into Diagram values('UF92-61_1877','UF92-20050400','61-45','E87 130i   FILLER PIPE FOR WASH CONTAINER','');
insert into Diagram values('UF92-61_1878','UF92-20050400','61-45','E87 130i   SINGLE PARTS FOR WINDSHIELD CLEANING','');
insert into Diagram values('UF92-61_1879','UF92-20050400','61-45','E87 130i   Reserv.,windshield/headlight washer syst','');
insert into Diagram values('UF92-61_2046','UF92-20050400','61-45','E87 130i   SINGLE PARTS FOR HEAD LAMP CLEANING','');
insert into Diagram values('UF92-61_1872','UF92-20050400','61-95','E87 130i   Retrofit kit, headlight cleaning system','');
insert into Diagram values('UF92-61_1974','UF92-20050400','61-95','E87 130i   Retrofit, passenger airbag shutoff','');
insert into Diagram values('UF92-61_2223','UF92-20050400','61-95','E87 130i   Suppression filter','');
insert into Diagram values('UF92-61_3026','UF92-20050400','61-95','E87 130i   Battery charger','');
insert into Diagram values('UF92-61_3066','UF92-20050400','61-95','E87 130i   Jumper cable','');
insert into Diagram values('UF92-61_3244','UF92-20050400','61-95','E87 130i   Battery charger','');
insert into Diagram values('UF92-62_0471','UF92-20050400','62-05','E87 130i   Instrument cluster','');
insert into Diagram values('UF92-62_0561','UF92-20050400','62-95','E87 130i   Electronic log book','');
insert into Diagram values('UF92-63_0865','UF92-20050400','63-05','E87 130i   Headlight','');
insert into Diagram values('UF92-63_0874','UF92-20050400','63-05','E87 130i   Single components for headlight','');
insert into Diagram values('UF92-63_0875','UF92-20050400','63-05','E87 130i   Single parts, xenon headlight','');
insert into Diagram values('UF92-63_1067','UF92-20050400','63-05','E87 130i   SPARE BULBS BOX','');
insert into Diagram values('UF92-63_1363','UF92-20050400','63-05','E87 130i   BMW Performance Light','');
insert into Diagram values('UF92-63_1420','UF92-20050400','63-05','E87 130i   SPARE BULBS BOX','');
insert into Diagram values('UF92-63_0866','UF92-20050400','63-10','E87 130i   Additional turn indicator lamp','');
insert into Diagram values('UF92-63_0867','UF92-20050400','63-15','E87 130i   Fog lights','');
insert into Diagram values('UF92-63_0868','UF92-20050400','63-20','E87 130i   Rear light','');
insert into Diagram values('UF92-63_0869','UF92-20050400','63-25','E87 130i   Third stoplamp','');
insert into Diagram values('UF92-63_0870','UF92-20050400','63-30','E87 130i   VARIOUS LAMPS/SPARE BULBS BOX','');
insert into Diagram values('UF92-63_0871','UF92-20050400','63-30','E87 130i   Various lamps','');
insert into Diagram values('UF92-63_0904','UF92-20050400','63-95','E87 130i   INSTALLING SET FOG LAMPS','');
insert into Diagram values('UF92-63_0922','UF92-20050400','63-95','E87 130i   Install.kit, Xenon light','');
insert into Diagram values('UF92-63_0935','UF92-20050400','63-95','E87 130i   Retrofit kit rear light Black Line','');
insert into Diagram values('UF92-63_1050','UF92-20050400','63-95','E87 130i   Retrofit kit, tail lamps, Facelift LED','');
insert into Diagram values('UF92-63_1078','UF92-20050400','63-95','E87 130i   Retrofit kit cornering light','');
insert into Diagram values('UF92-63_1153','UF92-20050400','63-95','E87 130i   Flashlight, LED','');
insert into Diagram values('UF92-63_1289','UF92-20050400','63-95','E87 130i   Retrofit kit, LED daytime driving lights','');
insert into Diagram values('UF92-63_1322','UF92-20050400','63-95','E87 130i   LED interior light package','');
insert into Diagram values('UF92-63_1509','UF92-20050400','63-95','E87 130i   BMW LED luggage compartment lamp','');
insert into Diagram values('UF92-64_1440','UF92-20050400','64-05','E87 130i   AIR OUTLET','');
insert into Diagram values('UF92-64_1428','UF92-20050400','64-10','E87 130i   MICROFILTER/ACTIVATED CARBON CONTAINER','');
insert into Diagram values('UF92-64_1449','UF92-20050400','64-15','E87 130i   Heater radiator','');
insert into Diagram values('UF92-64_1774','UF92-20050400','64-15','E87 130i   Heater unit, Denso','');
insert into Diagram values('UF92-64_1778','UF92-20050400','64-15','E87 130i   Heater core up to 07/2006','');
insert into Diagram values('UF92-64_1779','UF92-20050400','64-15','E87 130i   Heater core from 07/2006 onward','');
insert into Diagram values('UF92-64_1780','UF92-20050400','64-15','E87 130i   Heater unit, Denso','');
insert into Diagram values('UF92-64_1781','UF92-20050400','64-15','E87 130i   Heater unit, Denso','');
insert into Diagram values('UF92-64_1497','UF92-20050400','64-18','E87 130i   Water hoses','');
insert into Diagram values('UF92-64_1443','UF92-20050400','64-20','E87 130i   Automatic air conditioning control','');
insert into Diagram values('UF92-64_1445','UF92-20050400','64-20','E87 130i   Air Conditioning Control','');
insert into Diagram values('UF92-64_1439','UF92-20050400','64-30','E87 130i   Evaporator / Expansion valve','');
insert into Diagram values('UF92-64_1451','UF92-20050400','64-35','E87 130i   Housing parts heater and air cond. Denso','');
insert into Diagram values('UF92-64_1452','UF92-20050400','64-35','E87 130i   Housing parts aut.air conditioning Valeo','');
insert into Diagram values('UF92-64_1455','UF92-20050400','64-35','E87 130i   Housing parts aut.air conditioning Denso','');
insert into Diagram values('UF92-64_1453','UF92-20050400','64-40','E87 130i   ELECTRIC PARTS FOR HEATER','');
insert into Diagram values('UF92-64_1454','UF92-20050400','64-40','E87 130i   ELECTRIC PARTS FOR AC UNIT','');
insert into Diagram values('UF92-64_1433','UF92-20050400','64-45','E87 130i   SENSOR F. AUC','');
insert into Diagram values('UF92-64_1434','UF92-20050400','64-45','E87 130i   Solar sensor','');
insert into Diagram values('UF92-64_1438','UF92-20050400','64-45','E87 130i   Condensation sensor','');
insert into Diagram values('UF92-64_1494','UF92-20050400','64-50','E87 130i   Air-conditioner compressor','');
insert into Diagram values('UF92-64_1429','UF92-20050400','64-55','E87 130i   Condenser air conditioning','');
insert into Diagram values('UF92-64_1431','UF92-20050400','64-60','E87 130i   Coolant lines','');
insert into Diagram values('UF92-64_1575','UF92-20050400','64-65','E87 130i   Spare parts,aux.heater,Opt.Eqmt/Accessor','');
insert into Diagram values('UF92-64_1319','UF92-20050400','64-95','E87 130i   Labels independent heating','');
insert into Diagram values('UF92-64_1573','UF92-20050400','64-95','E87 130i   Install.kit, independent heater','');
insert into Diagram values('UF92-64_1855','UF92-20050400','64-95','E87 130i   Accessori e postmontaggi','');
insert into Diagram values('UF92-64_1441','UF92-20050400','64-99','E87 130i   DIVERSE SMALL PARTS','');
insert into Diagram values('UF92-65_0207','UF92-20050400','65-05','E87 130i   Earth strap for engine hood','');
insert into Diagram values('UF92-65_1473','UF92-20050400','65-05','E87 130i   Radio BMW Business CD','');
insert into DiagramParts values('UF92-65_1474-65129231059', 'UF92-65_1474', 02, 'Rotary knob', 'CHROM', 2, to_date('20100501','YYYYMMDD'), to_date('20100901','YYYYMMDD'), '65129231059', '', '', false);
insert into Diagram values('UF92-65_1474','UF92-20050400','65-05','E87 130i   Radio BMW Professional CD','');
insert into Diagram values('UF92-65_1475','UF92-20050400','65-05','E87 130i   Radio BMW Professional MD','');
insert into Diagram values('UF92-65_1476','UF92-20050400','65-05','E87 130i   M-Audio system controller','');
insert into Diagram values('UF92-65_1585','UF92-20050400','65-05','E87 130i   DAB tuner','');
insert into Diagram values('UF92-65_2440','UF92-20050400','65-05','E87 130i   DAB Retrofit','');
insert into Diagram values('UF92-65_1786','UF92-20050400','65-07','E87 130i   Auxiliary connection cable','');
insert into Diagram values('UF92-65_1471','UF92-20050400','65-10','E87 130i   CD Changer/Bracket','');
insert into DiagramParts values('UF92-65_1483-65139143233', 'UF92-65_1483', 01, 'Central bass, left', 'STEREO-SYSTEM', 1, to_date('20040801','YYYYMMDD'), to_date('20090301','YYYYMMDD'), '65139143233', '', 'ENDED', false);
insert into DiagramParts values('UF92-65_1483-65139192461', 'UF92-65_1483', 01, 'Central bass, left', 'STEREO-SYSTEM', 1, to_date('20040801','YYYYMMDD'), to_date('20091101','YYYYMMDD'), '65139192461', '', 'ENDED', false);
insert into Diagram values('UF92-65_1483','UF92-20050400','65-20','E87 130i   Components central bass','');
insert into Diagram values('UF92-65_1484','UF92-20050400','65-20','E87 130i   SINGLE PARTS F FRONT DOOR LOUDSPEAKER','');
insert into Diagram values('UF92-65_1485','UF92-20050400','65-20','E87 130i   SINGLE PARTS F REAR HELF LOUDSPEAKER','');
insert into Diagram values('UF92-65_1489','UF92-20050400','65-22','E87 130i   Audio wiring harness','');
insert into Diagram values('UF92-65_1534','UF92-20050400','65-22','E87 130i   Universal aerial cable','');
insert into Diagram values('UF92-65_1469','UF92-20050400','65-25','E87 130i   amplifier / holder hifi system','');
insert into Diagram values('UF92-65_1470','UF92-20050400','65-25','E87 130i   Amplifier HiFi Prof. / Harman Kardon','');
insert into DiagramParts values('UF92-65_1486-07146961863', 'UF92-65_1486', 07, 'Sheet metal screw', 'ISA M5X12', 2, to_date('20060901','YYYYMMDD'), to_date('20070701','YYYYMMDD'), '07146961863', '', 'ENDED', false);
insert into Diagram values('UF92-65_1486','UF92-20050400','65-30','E87 130i   SINGLE PARTS F ANTENNA','');
insert into Diagram values('UF92-65_1788','UF92-20050400','65-30','E87 130i   Rod antenna SPORT','');
insert into Diagram values('UF92-65_1498','UF92-20050400','65-45','E87 130i   Controller','');
insert into Diagram values('UF92-65_1499','UF92-20050400','65-45','E87 130i   CCC CD','');
insert into Diagram values('UF92-65_1500','UF92-20050400','65-45','E87 130i   CCC MD/CD','');
insert into Diagram values('UF92-65_1501','UF92-20050400','65-45','E87 130i   Central information display','');
insert into Diagram values('UF92-65_1503','UF92-20050400','65-45','E87 130i   Single parts CCC','');
insert into Diagram values('UF92-65_1504','UF92-20050400','65-45','E87 130i   Coolant hose, CCC / CIC / MASK','');
insert into DiagramParts values('UF92-65_1724-65909112341', 'UF92-65_1724', 01, 'FSC JNav map 2007-1 initialization', 'ASAP', 1, to_date('20070301','YYYYMMDD'), to_date('20070901','YYYYMMDD'), '65909112341', '', 'ENDED', false);
insert into Diagram values('UF92-65_1724','UF92-20050400','65-50','E87 130i   Enable code for Japanese navigation','');
insert into Diagram values('UF92-65_1829','UF92-20050400','65-50','E87 130i   Bracket for Asian Navigation','');
insert into Diagram values('UF92-65_1976','UF92-20050400','65-50','E87 130i   DVD street map Navigation Option 609','');
insert into Diagram values('UF92-65_1978','UF92-20050400','65-50','E87 130i   DVD street map Navigation Option 606','');
insert into Diagram values('UF92-65_1487','UF92-20050400','65-60','E87 130i   Alarm systems','');
insert into Diagram values('UF92-65_1488','UF92-20050400','65-65','E87 130i   Electric parts for airbag','');
insert into Diagram values('UF92-65_1468','UF92-20050400','65-70','E87 130i   Temperature sensor','');
insert into Diagram values('UF92-65_1249','UF92-20050400','65-95','E87 130i   Retrofit kit, BMW Online','');
insert into Diagram values('UF92-65_1513','UF92-20050400','65-95','E87 130i   Retrofit, CD changer','');
insert into Diagram values('UF92-65_1537','UF92-20050400','65-95','E87 130i   INSTALLATION KIT ALARM SYSTEM','');
insert into Diagram values('UF92-65_1541','UF92-20050400','65-95','E87 130i   Replacement parts for radio navigation','');
insert into Diagram values('UF92-65_1658','UF92-20050400','65-95','E87 130i   DVB-T Set-top box','');
insert into Diagram values('UF92-65_1814','UF92-20050400','65-95','E87 130i   Retrofit kit USB/iPod connection','');
insert into Diagram values('UF92-65_1825','UF92-20050400','65-95','E87 130i   iPod connection retrofit kit','');
insert into Diagram values('UF92-65_1894','UF92-20050400','65-95','E87 130i   Hifi system, Alpine','');
insert into Diagram values('UF92-65_1901','UF92-20050400','65-95','E87 130i   Navigation Portable Plus/Pro/HD Traffic','');
insert into Diagram values('UF92-65_1902','UF92-20050400','65-95','E87 130i   GPS, portable, street map','');
insert into Diagram values('UF92-65_1903','UF92-20050400','65-95','E87 130i   iPod connection retrofit kit','');
insert into Diagram values('UF92-65_1924','UF92-20050400','65-95','E87 130i   Navigation Portable accessories','');
insert into Diagram values('UF92-65_1989','UF92-20050400','65-95','E87 130i   Tracking Products','');
insert into Diagram values('UF92-65_2038','UF92-20050400','65-95','E87 130i   DVD system Tablet','');
insert into Diagram values('UF92-65_2079','UF92-20050400','65-95','E87 130i   Smartnav','');
insert into Diagram values('UF92-65_2271','UF92-20050400','65-95','E87 130i   Charger adapter for Apple iPod / iPhone','');
insert into Diagram values('UF92-65_2422','UF92-20050400','65-95','E87 130i   Cable adapter for Apple iPod / iPhone','');
insert into Diagram values('UF92-65_2434','UF92-20050400','65-95','E87 130i   DVD System Tablet Single','');
insert into Diagram values('UF92-65_2515','UF92-20050400','65-95','E87 130i   Navigation &apos;Portable&apos; with Design holder','');
insert into Diagram values('UF92-65_2520','UF92-20050400','65-95','E87 130i   BMW USB charger','');
insert into Diagram values('UF92-65_2522','UF92-20050400','65-95','E87 130i   Cable adapter, devices with Micro USB','');
insert into Diagram values('UF92-66_0114','UF92-20050400','66-05','E87 130i   Ignition lock of remote control','');
insert into Diagram values('UF92-66_0115','UF92-20050400','66-05','E87 130i   Park Distance Control (PDC)','');
insert into Diagram values('UF92-66_0229','UF92-20050400','66-05','E87 130i   Ultrasonic-sensor','');
insert into Diagram values('UF92-66_0110','UF92-20050400','66-95','E87 130i   Retrofit kit PDC II','');
insert into Diagram values('UF92-66_0120','UF92-20050400','66-95','E87 130i   Retrofit kit PDC, rear','');
insert into Diagram values('UF92-66_0121','UF92-20050400','66-95','E87 130i   Retrofit kit PDC, front and rear','');
insert into Diagram values('UF92-66_0122','UF92-20050400','66-95','E87 130i   Front PDC upgrade','');
insert into Diagram values('UF92-66_0128','UF92-20050400','66-95','E87 130i   Dynamic cruise control retrofit','');
insert into Diagram values('UF92-66_0130','UF92-20050400','66-95','E87 130i   Retrofit multi-functional steering wheel','');
insert into Diagram values('UF92-66_0188','UF92-20050400','66-95','E87 130i   Park Distance Control universale sonoro','');
insert into Diagram values('UF92-71_0385','UF92-20050400','71-03','E87 130i   LABEL "TIRE PRESSURE"','');
insert into Diagram values('UF92-71_0537','UF92-20050400','71-03','E87 130i   Various notice stickers','');
insert into Diagram values('UF92-71_0568','UF92-20050400','71-03','E87 130i   Instruction notice, Airbag','');
insert into Diagram values('UF92-71_0619','UF92-20050400','71-03','E87 130i   Label, coolant','');
insert into Diagram values('UF92-71_0388','UF92-20050400','71-05','E87 130i   Warning triangle/First aid kit/-cushion','');
insert into Diagram values('UF92-71_0389','UF92-20050400','71-05','E87 130i   Car tool','');
insert into Diagram values('UF92-71_0717','UF92-20050400','71-05','E87 130i   Set of lifting jack','');
insert into Diagram values('UF92-71_0338','UF92-20050400','71-10','E87 130i   electric parts, towing hitch','');
insert into Diagram values('UF92-71_0396','UF92-20050400','71-10','E87 130i   Towing hitch, detachable','');
insert into Diagram values('UF92-71_0384','UF92-20050400','71-95','E87 130i   Retrofit kit, towing hitch','');
insert into Diagram values('UF92-71_0400','UF92-20050400','71-95','E87 130i   Set of lifting jack','');
insert into Diagram values('UF92-71_0434','UF92-20050400','71-95','E87 130i   Tire Mobility Set','');
insert into Diagram values('UF92-71_0494','UF92-20050400','71-95','E87 130i   Retrofit kit, towing hitch','');
insert into Diagram values('UF92-71_0513','UF92-20050400','71-95','E87 130i   Twin electrics, caravan leads','');
insert into Diagram values('UF92-72_0524','UF92-20050400','72-03','E87 130i   Air bag','');
insert into Diagram values('UF92-72_0521','UF92-20050400','72-05','E87 130i   Safety belt front','');
insert into Diagram values('UF92-72_0522','UF92-20050400','72-05','E87 130i   FRONT SAFETY BELT MOUNTING PARTS','');
insert into Diagram values('UF92-72_0523','UF92-20050400','72-05','E87 130i   SAFETY BELT REAR','');
insert into Diagram values('UF92-72_0461','UF92-20050400','72-95','E87 130i   Storage compartment module','');
insert into Diagram values('UF92-72_0462','UF92-20050400','72-95','E87 130i   Cup holder-module','');
insert into Diagram values('UF92-72_0591','UF92-20050400','72-95','E87 130i   Tow bar','');
insert into Diagram values('UF92-72_0598','UF92-20050400','72-95','E87 130i   TOW ROPE','');
insert into Diagram values('UF92-72_0603','UF92-20050400','72-95','E87 130i   Fire extinguisher','');
insert into Diagram values('UF92-72_0744','UF92-20050400','72-95','E87 130i   Emergency bag','');
insert into Diagram values('UF92-36_0938','UF92-20050400','82-14','E87 130i   Snow chains','');
insert into Diagram values('UF92-82_1073','UF92-20050400','82-26','E87 130i   Universal coat hanger','');
insert into Diagram values('UF92-82_1261','UF92-20050400','82-26','E87 130i   Clean Bag','');
insert into Diagram values('UF92-82_1308','UF92-20050400','82-26','E87 130i   Shoe case','');
insert into Diagram values('UF92-82_1309','UF92-20050400','82-26','E87 130i   Multimedia case','');
insert into Diagram values('UF92-82_1311','UF92-20050400','82-26','E87 130i   Driver utility set','');
insert into Diagram values('UF92-82_1171','UF92-20050400','82-31','E87 130i   BMW buggy chrome-marine with accessories','');
insert into Diagram values('UF92-82_1181','UF92-20050400','82-31','E87 130i   BMW Junior Seat I-II','');
insert into Diagram values('UF92-82_1186','UF92-20050400','82-31','E87 130i   BMW Baby Seat 0+','');
insert into Diagram values('UF92-82_1187','UF92-20050400','82-31','E87 130i   BMW Junior Seat I-II Isofix','');
insert into Diagram values('UF92-82_1189','UF92-20050400','82-31','E87 130i   BMW Baby Seat 0+ Isofix','');
insert into Diagram values('UF92-82_1237','UF92-20050400','82-31','E87 130i   Dog harness','');
insert into Diagram values('UF92-82_1276','UF92-20050400','82-31','E87 130i   BMW Junior Seat II-III','');
insert into Diagram values('UF92-82_1305','UF92-20050400','82-31','E87 130i   BMW Junior Seat III','');
insert into Diagram values('UF92-82_1198','UF92-20050400','82-44','E87 130i   Cover','');
insert into Diagram values('UF92-82_1236','UF92-20050400','82-44','E87 130i   Mud flaps','');
insert into Diagram values('UF92-82_1251','UF92-20050400','82-44','E87 130i   Cover hood windshield/side window','');
insert into Diagram values('UF92-82_0116','UF92-20050400','82-51','E87 130i   Universal support','');
insert into Diagram values('UF92-82_0122','UF92-20050400','82-51','E87 130i   Touring bicycle holder','');
insert into Diagram values('UF92-82_0123','UF92-20050400','82-51','E87 130i   RACK FOR RACING BICYCLE','');
insert into Diagram values('UF92-82_0124','UF92-20050400','82-51','E87 130i   Luggage basket','');
insert into Diagram values('UF92-82_0125','UF92-20050400','82-51','E87 130i   Bicycle lift','');
insert into Diagram values('UF92-82_0245','UF92-20050400','82-51','E87 130i   SUPPORT SNOWBOARD','');
insert into Diagram values('UF92-82_0283','UF92-20050400','82-51','E87 130i   Surfboard rack','');
insert into Diagram values('UF92-82_0284','UF92-20050400','82-51','E87 130i   Standard ski carrier for 6 pairs of skis','');
insert into Diagram values('UF92-82_0364','UF92-20050400','82-51','E87 130i   SKI/SNOWBOARD SET','');
insert into Diagram values('UF92-82_0501','UF92-20050400','82-51','E87 130i   ki and luggage box','');
insert into Diagram values('UF92-82_0502','UF92-20050400','82-51','E87 130i   Luggage box','');
insert into Diagram values('UF92-82_0594','UF92-20050400','82-51','E87 130i   Komfort ski holder','');
insert into Diagram values('UF92-82_0845','UF92-20050400','82-51','E87 130i   Standard ski holder, for 4 pairs of ski','');
insert into Diagram values('UF92-82_1157','UF92-20050400','82-51','E87 130i   Bicycle carrier, trailer coupling','');
insert into Diagram values('UF92-82_1175','UF92-20050400','82-51','E87 130i   Touring bicycle holder','');
insert into Diagram values('UF92-82_1178','UF92-20050400','82-51','E87 130i   Roof box','');
insert into Diagram values('UF92-82_1230','UF92-20050400','82-51','E87 130i   Rack support','');
insert into Diagram values('UF92-82_1234','UF92-20050400','82-51','E87 130i   Roof box','');
insert into Diagram values('UF92-82_1244','UF92-20050400','82-51','E87 130i   Racing bike rack','');
insert into Diagram values('UF92-82_1250','UF92-20050400','82-51','E87 130i   Roof box','');
insert into Diagram values('UF92-82_1268','UF92-20050400','82-51','E87 130i   Ski/snowboard holder','');
insert into Diagram values('UF92-82_1277','UF92-20050400','82-51','E87 130i   Rear carrier ECE','');
insert into Diagram values('UF92-82_1282','UF92-20050400','82-51','E87 130i   Rear carrier ski/snowboard holder','');
insert into Diagram values('UF92-82_1295','UF92-20050400','82-51','E87 130i   Roof rack systems','');
insert into Diagram values('UF92-82_1364','UF92-20050400','82-51','E87 130i   Bicycle carrier, trailer coupling','');
insert into Diagram values('UF92-82_1460','UF92-20050400','82-51','E87 130i   Roof rack systems','');
insert into Diagram values('UF92-82_1476','UF92-20050400','82-51','E87 130i   Roof-mounted container 320 LCI','');
insert into Diagram values('UF92-82_1551','UF92-20050400','82-51','E87 130i   Bicycle carrier, trailer coupling','');
insert into Diagram values('UF92-82_1567','UF92-20050400','82-51','E87 130i   Bicycle carrier, trailer coupling','');
insert into Diagram values('UF92-82_1589','UF92-20050400','82-51','E87 130i   Racing bike rack','');
insert into Diagram values('UF92-82_0926','UF92-20050400','82-52','E87 130i   Adapter (universal lift) for hood','');
insert into Diagram values('UF92-82_0102','UF92-20050400','82-81','E87 130i   Universal hoist','');
insert into Diagram values('UF92-83_0579','UF92-20050400','83-01','E87 130i   Rugzak','');
insert into Diagram values('UF92-83_0311','UF92-20050400','83-24','E87 130i   Paint protection foil E87','');
insert into Diagram values('UF92-84_0675','UF92-20050400','84-10','E87 130i   Indiv. parts, phone handset/mountg Japan','');
insert into DiagramParts values('UF92-84_0676-84109187316', 'UF92-84_0676', 01, 'Rmfd Telematics Control Unit', 'PDC', 1, to_date('20050901','YYYYMMDD'), to_date('20070301','YYYYMMDD'), '84109187316', '', '', false);
insert into Diagram values('UF92-84_0676','UF92-20050400','84-10','E87 130i   Single parts f teleph.luggage cptm.Japan','');
insert into Diagram values('UF92-84_0767','UF92-20050400','84-10','E87 130i   Starter package, cell phone Nokia 6303c','');
insert into Diagram values('UF92-84_0850','UF92-20050400','84-10','E87 130i   ASSY COMBOX TELEMATIC ECE','');
insert into Diagram values('UF92-84_0658','UF92-20050400','84-20','E87 130i   Single parts, SA 644 center console','');
insert into Diagram values('UF92-84_0659','UF92-20050400','84-20','E87 130i   Single parts, SA 644, trunk','');
insert into Diagram values('UF92-84_0673','UF92-20050400','84-20','E87 130i   Single parts, SA 633, center console','');
insert into Diagram values('UF92-84_0704','UF92-20050400','84-20','E87 130i   Single parts SA 633, trunk','');
insert into Diagram values('UF92-84_0758','UF92-20050400','84-20','E87 130i   Single parts, option 6NF center console','');
insert into Diagram values('UF92-84_0657','UF92-20050400','84-30','E87 130i   Single parts f hands-free facility','');
insert into Diagram values('UF92-84_0694','UF92-20050400','84-30','E87 130i   Single parts f hands-free fac. Bluetooth','');
insert into Diagram values('UF92-84_0639','UF92-20050400','84-95','E87 130i   Bluetooth SA644 hands-free retrofit kit','');
insert into Diagram values('UF92-84_0669','UF92-20050400','84-95','E87 130i   Retrofit kit hands-free facil. Bluetooth','');
insert into Diagram values('UF92-84_0678','UF92-20050400','84-95','E87 130i   Retrofit kit, voice input','');
insert into Diagram values('UF92-84_0711','UF92-20050400','84-95','E87 130i   Car phone for Japan','');
insert into Diagram values('UF92-84_0713','UF92-20050400','84-95','E87 130i   Retrofit kit for UNI hands-free system','');
insert into Diagram values('UF92-84_0714','UF92-20050400','84-95','E87 130i   Cell phone cradles,Universal hands-free','');
insert into Diagram values('UF92-84_0730','UF92-20050400','84-95','E87 130i   Stolen Vehicle Tracking - TPA','');
insert into Diagram values('UF92-84_0732','UF92-20050400','84-95','E87 130i   Upgrade kit hands-free Bluetooth OPT644','');
insert into Diagram values('UF92-84_0741','UF92-20050400','84-95','E87 130i   Base hands-free system with Bluetooth','');
insert into Diagram values('UF92-84_0778','UF92-20050400','84-95','E87 130i   BMW Bluetooth headset','');
insert into Diagram values('UF92-84_0867','UF92-20050400','84-95','E87 130i   BMW Car Hotspot','');
insert into Diagram values('UF92-84_0895','UF92-20050400','84-95','E87 130i   BMW station fr Apple iPhone','');
insert into Diagram values('UF92-84_0897','UF92-20050400','84-95','E87 130i   Snap-in adapter for Apple devices','');
insert into Diagram values('UF92-84_0906','UF92-20050400','84-95','E87 130i   Snap-in adapter, SONY ERICSSON devices','');
insert into Diagram values('UF92-84_0907','UF92-20050400','84-95','E87 130i   Snap-in adapter for NOKIA devices','');
insert into Diagram values('UF92-84_0908','UF92-20050400','84-95','E87 130i   Snap-in adapter for SIEMENS devices','');
insert into Diagram values('UF92-84_0909','UF92-20050400','84-95','E87 130i   Snap-in adapter for MOTOROLA devices','');
insert into Diagram values('UF92-84_0910','UF92-20050400','84-95','E87 130i   Snap-in adapter, BlackBerry/RIM devices','');
insert into Diagram values('UF92-84_0930','UF92-20050400','84-95','E87 130i   Smartphone cradle','');
insert into Diagram values('UF92-84_0931','UF92-20050400','84-95','E87 130i   BMW Car Hotspot LTE','');
insert into Diagram values('UF92-85_0001','UF92-20050400','85-45','E87 130i   Winter tires','');
insert into Diagram values('UF92-85_0028','UF92-20050400','85-45','E87 130i   Summer tires','');
insert into Diagram values('UF92-88_0052','UF92-20050400','88-80','E87 130i   Emergency bag','');
insert into Diagram values('UF92-88_0064','UF92-20050400','88-80','E87 130i   Fluid-change kit, autom. transmission','');
insert into ProdCodeDate values('UF91-20050500','UF91',to_date('20050501','YYYYMMDD'));
insert into ProdCodeDate values('UF92-20050500','UF92',to_date('20050501','YYYYMMDD'));
insert into ProdCodeDate values('UF91-20050800','UF91',to_date('20050801','YYYYMMDD'));
insert into ProdCodeDate values('UF92-20050800','UF92',to_date('20050801','YYYYMMDD'));
insert into ProdCodeDate values('UF91-20050900','UF91',to_date('20050901','YYYYMMDD'));
insert into ProdCodeDate values('UF92-20050900','UF92',to_date('20050901','YYYYMMDD'));
insert into ProdCodeDate values('UF91-20051000','UF91',to_date('20051001','YYYYMMDD'));
insert into ProdCodeDate values('UF92-20051000','UF92',to_date('20051001','YYYYMMDD'));
insert into ProdCodeDate values('UF91-20051100','UF91',to_date('20051101','YYYYMMDD'));
insert into ProdCodeDate values('UF92-20051100','UF92',to_date('20051101','YYYYMMDD'));
insert into ProdCodeDate values('UF91-20060200','UF91',to_date('20060201','YYYYMMDD'));
insert into ProdCodeDate values('UF92-20060200','UF92',to_date('20060201','YYYYMMDD'));
insert into ProdCodeDate values('UF91-20060300','UF91',to_date('20060301','YYYYMMDD'));
insert into ProdCodeDate values('UF91-20060500','UF91',to_date('20060501','YYYYMMDD'));
insert into ProdCodeDate values('UF92-20060500','UF92',to_date('20060501','YYYYMMDD'));
insert into ProdCodeDate values('UF91-20060600','UF91',to_date('20060601','YYYYMMDD'));
insert into ProdCodeDate values('UF92-20060600','UF92',to_date('20060601','YYYYMMDD'));
insert into ProdCodeDate values('UF91-20060700','UF91',to_date('20060701','YYYYMMDD'));
insert into ProdCodeDate values('UF92-20060700','UF92',to_date('20060701','YYYYMMDD'));
insert into ProdCodeDate values('UF91-20060800','UF91',to_date('20060801','YYYYMMDD'));
insert into ProdCodeDate values('UF92-20060800','UF92',to_date('20060801','YYYYMMDD'));
insert into ProdCodeDate values('UF91-20060900','UF91',to_date('20060901','YYYYMMDD'));
insert into ProdCodeDate values('UF92-20060900','UF92',to_date('20060901','YYYYMMDD'));
insert into ProdCodeDate values('UF91-20061000','UF91',to_date('20061001','YYYYMMDD'));
insert into ProdCodeDate values('UF92-20061000','UF92',to_date('20061001','YYYYMMDD'));
insert into ProdCodeDate values('UF91-20061100','UF91',to_date('20061101','YYYYMMDD'));
insert into ProdCodeDate values('UF92-20061100','UF92',to_date('20061101','YYYYMMDD'));
