insert into Series values('E90N','E90N');
insert into Body values('Lim','Lim');
insert into Model values('320xd','E90N','Lim','320xd','ECE');
insert into ProdCode values('PP71','320xd','Lim','E90N','ECE','N47','L','07/2007 E90N 320xd Sedan N47 Europe Left hand drive ');
insert into ProdCodeDate values('PP71-20070700','PP71',to_date('20070701','YYYYMMDD'));
insert into DiagramParts values('PP71-01_0656-01492604891', 'PP71-01_0656', 01, 'Supplement to owner&apos;s manual, police', 'DE/EN, E90/E91', 1, to_date('20100301','YYYYMMDD'), to_date('20100901','YYYYMMDD'), '01492604891', '', '', false);
insert into DiagramParts values('PP71-01_0656-01402609937', 'PP71-01_0656', 01, 'Supplement to owner&apos;s manual, police', 'E90/E91, DE/EN', 1, to_date('20100901','YYYYMMDD'), to_date('20110901','YYYYMMDD'), '01402609937', '', '', false);
insert into Diagram values('PP71-01_0656','PP71-20070700','01-05','E90N 320xd   Supplement to owner&apos;s manual, police','');
insert into DiagramParts values('PP71-01_0657-01492604892', 'PP71-01_0657', 01, 'Suppl. Owner&apos;s Manual officials utility', 'DE/EN, E90/E91', 1, to_date('20100301','YYYYMMDD'), to_date('20100901','YYYYMMDD'), '01492604892', '', '', false);
insert into Diagram values('PP71-01_0657','PP71-20070700','01-05','E90N 320xd   Suppl. Owner&apos;s Manual officials utility','');
insert into DiagramParts values('PP71-01_0691-01402601792', 'PP71-01_0691', 01, 'Owner&apos;s manual E90, E91 w/o iDrive', 'DE, MJ 2009', 1, to_date('20090301','YYYYMMDD'), to_date('20090901','YYYYMMDD'), '01402601792', '', '', false);
insert into DiagramParts values('PP71-01_0691-01402602960', 'PP71-01_0691', 01, 'Owner&apos;s manual E90, E91 w/o iDrive', 'DE, MJ 2010', 1, to_date('20090901','YYYYMMDD'), to_date('20100301','YYYYMMDD'), '01402602960', '', '', false);
insert into DiagramParts values('PP71-01_0691-01402604233', 'PP71-01_0691', 01, 'Owner&apos;s manual E90, E91 w/o iDrive', 'DE, MJ 2010', 1, to_date('20100301','YYYYMMDD'), to_date('20100901','YYYYMMDD'), '01402604233', '', '', false);
insert into DiagramParts values('PP71-01_0691-01402605465', 'PP71-01_0691', 01, 'Owner&apos;s manual E90, E91 w/o iDrive', 'DE, MJ 2011', 1, to_date('20100901','YYYYMMDD'), to_date('20110301','YYYYMMDD'), '01402605465', '', '', false);
insert into DiagramParts values('PP71-01_0691-01402606907', 'PP71-01_0691', 01, 'Owner&apos;s manual E90, E91 w/o iDrive', 'DE, MJ 2011', 1, to_date('20110301','YYYYMMDD'), to_date('20110901','YYYYMMDD'), '01402606907', '', '', false);
insert into DiagramParts values('PP71-01_0691-01412600871', 'PP71-01_0691', 02, 'Owner&apos;s manual E90, E91 w/o iDrive', 'EN, MJ 2009', 1, to_date('20080901','YYYYMMDD'), to_date('20090301','YYYYMMDD'), '01412600871', '', '', false);
insert into DiagramParts values('PP71-01_0691-01412601793', 'PP71-01_0691', 02, 'Owner&apos;s manual E90, E91 w/o iDrive', 'EN, MJ 2009', 1, to_date('20090301','YYYYMMDD'), to_date('20090901','YYYYMMDD'), '01412601793', '', '', false);
insert into DiagramParts values('PP71-01_0691-01412602961', 'PP71-01_0691', 02, 'Owner&apos;s manual E90, E91 w/o iDrive', 'EN, MJ 2010', 1, to_date('20090901','YYYYMMDD'), to_date('20100301','YYYYMMDD'), '01412602961', '', '', false);
insert into DiagramParts values('PP71-01_0691-01412604234', 'PP71-01_0691', 02, 'Owner&apos;s manual E90, E91 w/o iDrive', 'EN, MJ 2010', 1, to_date('20100301','YYYYMMDD'), to_date('20100901','YYYYMMDD'), '01412604234', '', '', false);
insert into DiagramParts values('PP71-01_0691-01402605466', 'PP71-01_0691', 02, 'Owner&apos;s manual E90, E91 w/o iDrive', 'EN, MJ 2011', 1, to_date('20100901','YYYYMMDD'), to_date('20110301','YYYYMMDD'), '01402605466', '', '', false);
insert into DiagramParts values('PP71-01_0691-01402606908', 'PP71-01_0691', 02, 'Owner&apos;s manual E90, E91 w/o iDrive', 'EN, MJ 2011', 1, to_date('20110301','YYYYMMDD'), to_date('20110901','YYYYMMDD'), '01402606908', '', '', false);
insert into DiagramParts values('PP71-01_0691-01422600872', 'PP71-01_0691', 03, 'Owner&apos;s manual E90, E91 w/o iDrive', 'FR, MJ 2009', 1, to_date('20080901','YYYYMMDD'), to_date('20090301','YYYYMMDD'), '01422600872', '', '', false);
insert into DiagramParts values('PP71-01_0691-01422601794', 'PP71-01_0691', 03, 'Owner&apos;s manual E90, E91 w/o iDrive', 'FR, MJ2009', 1, to_date('20090301','YYYYMMDD'), to_date('20090901','YYYYMMDD'), '01422601794', '', '', false);
insert into DiagramParts values('PP71-01_0691-01422602962', 'PP71-01_0691', 03, 'Owner&apos;s manual E90, E91 w/o iDrive', 'FR, MJ 2010', 1, to_date('20090901','YYYYMMDD'), to_date('20100301','YYYYMMDD'), '01422602962', '', '', false);
insert into DiagramParts values('PP71-01_0691-01422604235', 'PP71-01_0691', 03, 'Owner&apos;s manual E90, E91 w/o iDrive', 'FR, MJ 2010', 1, to_date('20100301','YYYYMMDD'), to_date('20100901','YYYYMMDD'), '01422604235', '', '', false);
insert into DiagramParts values('PP71-01_0691-01402605467', 'PP71-01_0691', 03, 'Owner&apos;s manual E90, E91 w/o iDrive', 'FR, MJ 2011', 1, to_date('20100901','YYYYMMDD'), to_date('20110301','YYYYMMDD'), '01402605467', '', '', false);
insert into DiagramParts values('PP71-01_0691-01402606909', 'PP71-01_0691', 03, 'Owner&apos;s manual E90, E91 w/o iDrive', 'FR, MJ 2011', 1, to_date('20110301','YYYYMMDD'), to_date('20110901','YYYYMMDD'), '01402606909', '', '', false);
insert into DiagramParts values('PP71-01_0691-01432600873', 'PP71-01_0691', 04, 'Owner&apos;s manual E90, E91 w/o iDrive', 'ES, MJ 2009', 1, to_date('20080901','YYYYMMDD'), to_date('20090301','YYYYMMDD'), '01432600873', '', '', false);
insert into DiagramParts values('PP71-01_0691-01432601795', 'PP71-01_0691', 04, 'Owner&apos;s manual E90, E91 w/o iDrive', 'ES, MJ 2009', 1, to_date('20090301','YYYYMMDD'), to_date('20090901','YYYYMMDD'), '01432601795', '', '', false);
insert into DiagramParts values('PP71-01_0691-01432602963', 'PP71-01_0691', 04, 'Owner&apos;s manual E90, E91 w/o iDrive', 'ES, MJ 2010', 1, to_date('20090901','YYYYMMDD'), to_date('20100301','YYYYMMDD'), '01432602963', '', '', false);
insert into DiagramParts values('PP71-01_0691-01432604236', 'PP71-01_0691', 04, 'Owner&apos;s manual E90, E91 w/o iDrive', 'ES, MJ 2010', 1, to_date('20100301','YYYYMMDD'), to_date('20100901','YYYYMMDD'), '01432604236', '', '', false);
insert into DiagramParts values('PP71-01_0691-01402605468', 'PP71-01_0691', 04, 'Owner&apos;s manual E90, E91 w/o iDrive', 'ES, MJ 2011', 1, to_date('20100901','YYYYMMDD'), to_date('20110301','YYYYMMDD'), '01402605468', '', '', false);
insert into DiagramParts values('PP71-01_0691-01402606910', 'PP71-01_0691', 04, 'Owner&apos;s manual E90, E91 w/o iDrive', 'ES, MJ 2011', 1, to_date('20110301','YYYYMMDD'), to_date('20110901','YYYYMMDD'), '01402606910', '', '', false);
insert into DiagramParts values('PP71-01_0691-01442600874', 'PP71-01_0691', 05, 'Owner&apos;s manual E90, E91 w/o iDrive', 'IT, MJ 2009', 1, to_date('20080901','YYYYMMDD'), to_date('20090301','YYYYMMDD'), '01442600874', '', '', false);
insert into DiagramParts values('PP71-01_0691-01442601796', 'PP71-01_0691', 05, 'Owner&apos;s manual E90, E91 w/o iDrive', 'IT, MJ 2009', 1, to_date('20090301','YYYYMMDD'), to_date('20090901','YYYYMMDD'), '01442601796', '', '', false);
insert into DiagramParts values('PP71-01_0691-01442602964', 'PP71-01_0691', 05, 'Owner&apos;s manual E90, E91 w/o iDrive', 'IT, MJ 2010', 1, to_date('20090901','YYYYMMDD'), to_date('20100301','YYYYMMDD'), '01442602964', '', '', false);
insert into DiagramParts values('PP71-01_0691-01442604237', 'PP71-01_0691', 05, 'Owner&apos;s manual E90, E91 w/o iDrive', 'IT, MJ 2010', 1, to_date('20100301','YYYYMMDD'), to_date('20100901','YYYYMMDD'), '01442604237', '', '', false);
insert into DiagramParts values('PP71-01_0691-01402605469', 'PP71-01_0691', 05, 'Owner&apos;s manual E90, E91 w/o iDrive', 'IT, MJ 2011', 1, to_date('20100901','YYYYMMDD'), to_date('20110301','YYYYMMDD'), '01402605469', '', '', false);
insert into DiagramParts values('PP71-01_0691-01402606911', 'PP71-01_0691', 05, 'Owner&apos;s manual E90, E91 w/o iDrive', 'IT, MJ 2011', 1, to_date('20110301','YYYYMMDD'), to_date('20110901','YYYYMMDD'), '01402606911', '', '', false);
insert into DiagramParts values('PP71-01_0691-01452600875', 'PP71-01_0691', 06, 'Owner&apos;s manual E90, E91 w/o iDrive', 'SV, MJ 2009', 1, to_date('20080901','YYYYMMDD'), to_date('20090301','YYYYMMDD'), '01452600875', '', '', false);
insert into DiagramParts values('PP71-01_0691-01452601797', 'PP71-01_0691', 06, 'Owner&apos;s manual E90, E91 w/o iDrive', 'SV, MJ 2009', 1, to_date('20090301','YYYYMMDD'), to_date('20090901','YYYYMMDD'), '01452601797', '', '', false);
insert into DiagramParts values('PP71-01_0691-01452602965', 'PP71-01_0691', 06, 'Owner&apos;s manual E90, E91 w/o iDrive', 'SV, MJ 2010', 1, to_date('20090901','YYYYMMDD'), to_date('20100301','YYYYMMDD'), '01452602965', '', '', false);
insert into DiagramParts values('PP71-01_0691-01452604238', 'PP71-01_0691', 06, 'Owner&apos;s manual E90, E91 w/o iDrive', 'SV, MJ 2010', 1, to_date('20100301','YYYYMMDD'), to_date('20100901','YYYYMMDD'), '01452604238', '', '', false);
insert into DiagramParts values('PP71-01_0691-01402605470', 'PP71-01_0691', 06, 'Owner&apos;s manual E90, E91 w/o iDrive', 'SV, MJ 2011', 1, to_date('20100901','YYYYMMDD'), to_date('20110301','YYYYMMDD'), '01402605470', '', '', false);
insert into DiagramParts values('PP71-01_0691-01402606912', 'PP71-01_0691', 06, 'Owner&apos;s manual E90, E91 w/o iDrive', 'SV, MJ 2011', 1, to_date('20110301','YYYYMMDD'), to_date('20110901','YYYYMMDD'), '01402606912', '', '', false);
insert into DiagramParts values('PP71-01_0691-01462600876', 'PP71-01_0691', 07, 'Owner&apos;s manual E90, E91 w/o iDrive', 'NL, MJ 2009', 1, to_date('20080901','YYYYMMDD'), to_date('20090301','YYYYMMDD'), '01462600876', '', '', false);
insert into DiagramParts values('PP71-01_0691-01462601798', 'PP71-01_0691', 07, 'Owner&apos;s manual E90, E91 w/o iDrive', 'NL, MJ 2009', 1, to_date('20090301','YYYYMMDD'), to_date('20090901','YYYYMMDD'), '01462601798', '', '', false);
insert into DiagramParts values('PP71-01_0691-01462602966', 'PP71-01_0691', 07, 'Owner&apos;s manual E90, E91 w/o iDrive', 'NL, MJ 2010', 1, to_date('20090901','YYYYMMDD'), to_date('20100301','YYYYMMDD'), '01462602966', '', '', false);
insert into DiagramParts values('PP71-01_0691-01462604239', 'PP71-01_0691', 07, 'Owner&apos;s manual E90, E91 w/o iDrive', 'NL, MJ 2010', 1, to_date('20100301','YYYYMMDD'), to_date('20100901','YYYYMMDD'), '01462604239', '', '', false);
insert into DiagramParts values('PP71-01_0691-01402605471', 'PP71-01_0691', 07, 'Owner&apos;s manual E90, E91 w/o iDrive', 'NL, MJ 2011', 1, to_date('20100901','YYYYMMDD'), to_date('20110301','YYYYMMDD'), '01402605471', '', '', false);
insert into DiagramParts values('PP71-01_0691-01402606913', 'PP71-01_0691', 07, 'Owner&apos;s manual E90, E91 w/o iDrive', 'NL, MJ 2011', 1, to_date('20110301','YYYYMMDD'), to_date('20110901','YYYYMMDD'), '01402606913', '', '', false);
insert into DiagramParts values('PP71-01_0691-01472600877', 'PP71-01_0691', 08, 'Owner&apos;s manual E90, E91 w/o iDrive', 'AR, MJ 2009', 1, to_date('20080901','YYYYMMDD'), to_date('20090301','YYYYMMDD'), '01472600877', '', '', false);
insert into DiagramParts values('PP71-01_0691-01472601799', 'PP71-01_0691', 08, 'Owner&apos;s manual E90, E91 w/o iDrive', 'AR, MJ 2009', 1, to_date('20090301','YYYYMMDD'), to_date('20090901','YYYYMMDD'), '01472601799', '', '', false);
insert into DiagramParts values('PP71-01_0691-01472602967', 'PP71-01_0691', 08, 'Owner&apos;s manual E90, E91 w/o iDrive', 'AR, MJ 2010', 1, to_date('20090901','YYYYMMDD'), to_date('20100301','YYYYMMDD'), '01472602967', '', '', false);
insert into DiagramParts values('PP71-01_0691-01472604240', 'PP71-01_0691', 08, 'Owner&apos;s manual E90, E91 w/o iDrive', 'AR, MJ 2010', 1, to_date('20100301','YYYYMMDD'), to_date('20100901','YYYYMMDD'), '01472604240', '', '', false);
insert into DiagramParts values('PP71-01_0691-01402605472', 'PP71-01_0691', 08, 'Owner&apos;s manual E90, E91 w/o iDrive', 'AR, MJ 2011', 1, to_date('20100901','YYYYMMDD'), to_date('20110301','YYYYMMDD'), '01402605472', '', '', false);
insert into DiagramParts values('PP71-01_0691-01402606914', 'PP71-01_0691', 08, 'Owner&apos;s manual E90, E91 w/o iDrive', 'AR, MJ 2011', 1, to_date('20110301','YYYYMMDD'), to_date('20110901','YYYYMMDD'), '01402606914', '', '', false);
insert into DiagramParts values('PP71-01_0691-01482600878', 'PP71-01_0691', 09, 'Owner&apos;s manual E90, E91 w/o iDrive', 'DA, MJ 2009', 1, to_date('20080901','YYYYMMDD'), to_date('20090301','YYYYMMDD'), '01482600878', '', '', false);
insert into DiagramParts values('PP71-01_0691-01482601800', 'PP71-01_0691', 09, 'Owner&apos;s manual E90, E91 w/o iDrive', 'DA, MJ 2009', 1, to_date('20090301','YYYYMMDD'), to_date('20090901','YYYYMMDD'), '01482601800', '', '', false);
insert into DiagramParts values('PP71-01_0691-01482602968', 'PP71-01_0691', 09, 'Owner&apos;s manual E90, E91 w/o iDrive', 'DA, MJ 2010', 1, to_date('20090901','YYYYMMDD'), to_date('20100301','YYYYMMDD'), '01482602968', '', '', false);
insert into DiagramParts values('PP71-01_0691-01482604241', 'PP71-01_0691', 09, 'Owner&apos;s manual E90, E91 w/o iDrive', 'DA, MJ 2010', 1, to_date('20100301','YYYYMMDD'), to_date('20100901','YYYYMMDD'), '01482604241', '', '', false);
insert into DiagramParts values('PP71-01_0691-01402605473', 'PP71-01_0691', 09, 'Owner&apos;s manual E90, E91 w/o iDrive', 'DA, MJ 2011', 1, to_date('20100901','YYYYMMDD'), to_date('20110301','YYYYMMDD'), '01402605473', '', '', false);
insert into DiagramParts values('PP71-01_0691-01402606915', 'PP71-01_0691', 09, 'Owner&apos;s manual E90, E91 w/o iDrive', 'DA, MJ 2011', 1, to_date('20110301','YYYYMMDD'), to_date('20110901','YYYYMMDD'), '01402606915', '', '', false);
insert into DiagramParts values('PP71-01_0691-01492600879', 'PP71-01_0691', 10, 'Owner&apos;s manual E90, E91 w/o iDrive', 'PT, MJ 2009', 1, to_date('20080901','YYYYMMDD'), to_date('20090301','YYYYMMDD'), '01492600879', '', '', false);
insert into DiagramParts values('PP71-01_0691-01492601801', 'PP71-01_0691', 10, 'Owner&apos;s manual E90, E91 w/o iDrive', 'PT, MJ 2009', 1, to_date('20090301','YYYYMMDD'), to_date('20090901','YYYYMMDD'), '01492601801', '', '', false);
insert into DiagramParts values('PP71-01_0691-01492602969', 'PP71-01_0691', 10, 'Owner&apos;s manual E90, E91 w/o iDrive', 'PT, MJ 2010', 1, to_date('20090901','YYYYMMDD'), to_date('20100301','YYYYMMDD'), '01492602969', '', '', false);
insert into DiagramParts values('PP71-01_0691-01492604242', 'PP71-01_0691', 10, 'Owner&apos;s manual E90, E91 w/o iDrive', 'PT, MJ 2010', 1, to_date('20100301','YYYYMMDD'), to_date('20100901','YYYYMMDD'), '01492604242', '', '', false);
insert into DiagramParts values('PP71-01_0691-01402605474', 'PP71-01_0691', 10, 'Owner&apos;s manual E90, E91 w/o iDrive', 'PT, MJ 2011', 1, to_date('20100901','YYYYMMDD'), to_date('20110301','YYYYMMDD'), '01402605474', '', '', false);
insert into DiagramParts values('PP71-01_0691-01402606916', 'PP71-01_0691', 10, 'Owner&apos;s manual E90, E91 w/o iDrive', 'PT, MJ 2011', 1, to_date('20110301','YYYYMMDD'), to_date('20110901','YYYYMMDD'), '01402606916', '', '', false);
insert into DiagramParts values('PP71-01_0691-01492600881', 'PP71-01_0691', 13, 'Owner&apos;s manual E90, E91 w/o iDrive', 'EL, MJ 2009', 1, to_date('20080901','YYYYMMDD'), to_date('20090301','YYYYMMDD'), '01492600881', '', '', false);
insert into DiagramParts values('PP71-01_0691-01492601803', 'PP71-01_0691', 13, 'Owner&apos;s manual E90, E91 w/o iDrive', 'EL, MJ 2009', 1, to_date('20090301','YYYYMMDD'), to_date('20090901','YYYYMMDD'), '01492601803', '', '', false);
insert into DiagramParts values('PP71-01_0691-01492602971', 'PP71-01_0691', 13, 'Owner&apos;s manual E90, E91 w/o iDrive', 'EL, MJ 2010', 1, to_date('20090901','YYYYMMDD'), to_date('20100301','YYYYMMDD'), '01492602971', '', '', false);
insert into DiagramParts values('PP71-01_0691-01492604244', 'PP71-01_0691', 13, 'Owner&apos;s manual E90, E91 w/o iDrive', 'EL, MJ 2010', 1, to_date('20100301','YYYYMMDD'), to_date('20100901','YYYYMMDD'), '01492604244', '', '', false);
insert into DiagramParts values('PP71-01_0691-01402605476', 'PP71-01_0691', 13, 'Owner&apos;s manual E90, E91 w/o iDrive', 'EL, MJ 2011', 1, to_date('20100901','YYYYMMDD'), to_date('20110301','YYYYMMDD'), '01402605476', '', '', false);
insert into DiagramParts values('PP71-01_0691-01402606918', 'PP71-01_0691', 13, 'Owner&apos;s manual E90, E91 w/o iDrive', 'EL, MJ 2011', 1, to_date('20110301','YYYYMMDD'), to_date('20110901','YYYYMMDD'), '01402606918', '', '', false);
insert into DiagramParts values('PP71-01_0691-01492600880', 'PP71-01_0691', 14, 'Owner&apos;s manual E90, E91 w/o iDrive', 'ZH, MJ 2009', 1, to_date('20080901','YYYYMMDD'), to_date('20090301','YYYYMMDD'), '01492600880', '', '', false);
insert into DiagramParts values('PP71-01_0691-01492601802', 'PP71-01_0691', 14, 'Owner&apos;s manual E90, E91 w/o iDrive', 'ZH, MJ 2009', 1, to_date('20090301','YYYYMMDD'), to_date('20090901','YYYYMMDD'), '01492601802', '', '', false);
insert into DiagramParts values('PP71-01_0691-01492602970', 'PP71-01_0691', 14, 'Owner&apos;s manual E90, E91 w/o iDrive', 'ZH, MJ 2010', 1, to_date('20090901','YYYYMMDD'), to_date('20100301','YYYYMMDD'), '01492602970', '', '', false);
insert into DiagramParts values('PP71-01_0691-01492604243', 'PP71-01_0691', 14, 'Owner&apos;s manual E90, E91 w/o iDrive', 'ZH, MJ 2010', 1, to_date('20100301','YYYYMMDD'), to_date('20100901','YYYYMMDD'), '01492604243', '', '', false);
insert into DiagramParts values('PP71-01_0691-01402605475', 'PP71-01_0691', 14, 'Owner&apos;s manual E90, E91 w/o iDrive', 'ZH, MJ 2011', 1, to_date('20100901','YYYYMMDD'), to_date('20110301','YYYYMMDD'), '01402605475', '', '', false);
insert into DiagramParts values('PP71-01_0691-01402606917', 'PP71-01_0691', 14, 'Owner&apos;s manual E90, E91 w/o iDrive', 'ZH, MJ 2011', 1, to_date('20110301','YYYYMMDD'), to_date('20110901','YYYYMMDD'), '01402606917', '', '', false);
insert into DiagramParts values('PP71-01_0691-01492600882', 'PP71-01_0691', 15, 'Owner&apos;s manual E90, E91 w/o iDrive', 'KO, MJ 2009', 1, to_date('20080901','YYYYMMDD'), to_date('20090301','YYYYMMDD'), '01492600882', '', '', false);
insert into DiagramParts values('PP71-01_0691-01492601804', 'PP71-01_0691', 15, 'Owner&apos;s manual E90, E91 w/o iDrive', 'KO, MJ 2009', 1, to_date('20090301','YYYYMMDD'), to_date('20090901','YYYYMMDD'), '01492601804', '', '', false);
insert into DiagramParts values('PP71-01_0691-01492602972', 'PP71-01_0691', 15, 'Owner&apos;s manual E90, E91 w/o iDrive', 'KO, MJ 2010', 1, to_date('20090901','YYYYMMDD'), to_date('20100301','YYYYMMDD'), '01492602972', '', '', false);
insert into DiagramParts values('PP71-01_0691-01492604245', 'PP71-01_0691', 15, 'Owner&apos;s manual E90, E91 w/o iDrive', 'KO, MJ 2010', 1, to_date('20100301','YYYYMMDD'), to_date('20100901','YYYYMMDD'), '01492604245', '', '', false);
insert into DiagramParts values('PP71-01_0691-01402605477', 'PP71-01_0691', 15, 'Owner&apos;s manual E90, E91 w/o iDrive', 'KO, MJ 2011', 1, to_date('20100901','YYYYMMDD'), to_date('20110301','YYYYMMDD'), '01402605477', '', '', false);
insert into DiagramParts values('PP71-01_0691-01402606919', 'PP71-01_0691', 15, 'Owner&apos;s manual E90, E91 w/o iDrive', 'KO, MJ 2011', 1, to_date('20110301','YYYYMMDD'), to_date('20110901','YYYYMMDD'), '01402606919', '', '', false);
insert into DiagramParts values('PP71-01_0691-01492600884', 'PP71-01_0691', 16, 'Owner&apos;s manual E90, E91 w/o iDrive', 'RO, MJ 2009', 1, to_date('20080901','YYYYMMDD'), to_date('20090301','YYYYMMDD'), '01492600884', '', '', false);
insert into DiagramParts values('PP71-01_0691-01492601806', 'PP71-01_0691', 16, 'Owner&apos;s manual E90, E91 w/o iDrive', 'RO, MJ 2009', 1, to_date('20090301','YYYYMMDD'), to_date('20090901','YYYYMMDD'), '01492601806', '', '', false);
insert into DiagramParts values('PP71-01_0691-01492602974', 'PP71-01_0691', 16, 'Owner&apos;s manual E90, E91 w/o iDrive', 'RO, MJ 2010', 1, to_date('20090901','YYYYMMDD'), to_date('20100301','YYYYMMDD'), '01492602974', '', '', false);
insert into DiagramParts values('PP71-01_0691-01492604247', 'PP71-01_0691', 16, 'Owner&apos;s manual E90, E91 w/o iDrive', 'RO, MJ 2010', 1, to_date('20100301','YYYYMMDD'), to_date('20100901','YYYYMMDD'), '01492604247', '', '', false);
insert into DiagramParts values('PP71-01_0691-01402605479', 'PP71-01_0691', 16, 'Owner&apos;s manual E90, E91 w/o iDrive', 'RO, MJ 2011', 1, to_date('20100901','YYYYMMDD'), to_date('20110301','YYYYMMDD'), '01402605479', '', '', false);
insert into DiagramParts values('PP71-01_0691-01402606921', 'PP71-01_0691', 16, 'Owner&apos;s manual E90, E91 w/o iDrive', 'RO, MJ 2011', 1, to_date('20110301','YYYYMMDD'), to_date('20110901','YYYYMMDD'), '01402606921', '', '', false);
insert into DiagramParts values('PP71-01_0691-01492600883', 'PP71-01_0691', 17, 'Owner&apos;s manual E90, E91 w/o iDrive', 'RU, MJ 2009', 1, to_date('20080901','YYYYMMDD'), to_date('20090301','YYYYMMDD'), '01492600883', '', '', false);
insert into DiagramParts values('PP71-01_0691-01492601805', 'PP71-01_0691', 17, 'Owner&apos;s manual E90, E91 w/o iDrive', 'RU, MJ 2009', 1, to_date('20090301','YYYYMMDD'), to_date('20090901','YYYYMMDD'), '01492601805', '', '', false);
insert into DiagramParts values('PP71-01_0691-01492602973', 'PP71-01_0691', 17, 'Owner&apos;s manual E90, E91 w/o iDrive', 'RU, MJ 2010', 1, to_date('20090901','YYYYMMDD'), to_date('20100301','YYYYMMDD'), '01492602973', '', '', false);
insert into DiagramParts values('PP71-01_0691-01492604246', 'PP71-01_0691', 17, 'Owner&apos;s manual E90, E91 w/o iDrive', 'RU, MJ 2010', 1, to_date('20100301','YYYYMMDD'), to_date('20100901','YYYYMMDD'), '01492604246', '', '', false);
insert into DiagramParts values('PP71-01_0691-01402605478', 'PP71-01_0691', 17, 'Owner&apos;s manual E90, E91 w/o iDrive', 'RU, MJ 2011', 1, to_date('20100901','YYYYMMDD'), to_date('20110301','YYYYMMDD'), '01402605478', '', '', false);
insert into DiagramParts values('PP71-01_0691-01402606920', 'PP71-01_0691', 17, 'Owner&apos;s manual E90, E91 w/o iDrive', 'RU, MJ 2011', 1, to_date('20110301','YYYYMMDD'), to_date('20110901','YYYYMMDD'), '01402606920', '', '', false);
insert into DiagramParts values('PP71-01_0691-01492602975', 'PP71-01_0691', 18, 'Owner&apos;s manual E90, E91 w/o iDrive', 'SK, MJ 2010', 1, to_date('20090901','YYYYMMDD'), to_date('20100301','YYYYMMDD'), '01492602975', '', '', false);
insert into DiagramParts values('PP71-01_0691-01492604248', 'PP71-01_0691', 18, 'Owner&apos;s manual E90, E91 w/o iDrive', 'SK, MJ 2010', 1, to_date('20100301','YYYYMMDD'), to_date('20100901','YYYYMMDD'), '01492604248', '', '', false);
insert into DiagramParts values('PP71-01_0691-01402605480', 'PP71-01_0691', 18, 'Owner&apos;s manual E90, E91 w/o iDrive', 'SK, MJ 2011', 1, to_date('20100901','YYYYMMDD'), to_date('20110301','YYYYMMDD'), '01402605480', '', '', false);
insert into DiagramParts values('PP71-01_0691-01402606922', 'PP71-01_0691', 18, 'Owner&apos;s manual E90, E91 w/o iDrive', 'SK, MJ 2011', 1, to_date('20110301','YYYYMMDD'), to_date('20110901','YYYYMMDD'), '01402606922', '', '', false);
insert into DiagramParts values('PP71-01_0691-01492602976', 'PP71-01_0691', 19, 'Owner&apos;s manual E90, E91 w/o iDrive', 'CS, MJ 2010', 1, to_date('20090901','YYYYMMDD'), to_date('20100301','YYYYMMDD'), '01492602976', '', '', false);
insert into DiagramParts values('PP71-01_0691-01492604249', 'PP71-01_0691', 19, 'Owner&apos;s manual E90, E91 w/o iDrive', 'CS, MJ 2010', 1, to_date('20100301','YYYYMMDD'), to_date('20100901','YYYYMMDD'), '01492604249', '', '', false);
insert into DiagramParts values('PP71-01_0691-01402605481', 'PP71-01_0691', 19, 'Owner&apos;s manual E90, E91 w/o iDrive', 'CS, MJ 2011', 1, to_date('20100901','YYYYMMDD'), to_date('20110301','YYYYMMDD'), '01402605481', '', '', false);
insert into DiagramParts values('PP71-01_0691-01402606923', 'PP71-01_0691', 19, 'Owner&apos;s manual E90, E91 w/o iDrive', 'CS, MJ 2011', 1, to_date('20110301','YYYYMMDD'), to_date('20110901','YYYYMMDD'), '01402606923', '', '', false);
insert into DiagramParts values('PP71-01_0691-01402605482', 'PP71-01_0691', 20, 'Owner&apos;s manual E90, E91 w/o iDrive', 'PL, MJ 2011', 1, to_date('20100901','YYYYMMDD'), to_date('20110301','YYYYMMDD'), '01402605482', '', '', false);
insert into DiagramParts values('PP71-01_0691-01402606924', 'PP71-01_0691', 20, 'Owner&apos;s manual E90, E91 w/o iDrive', 'PL, MJ 2011', 1, to_date('20110301','YYYYMMDD'), to_date('20110901','YYYYMMDD'), '01402606924', '', '', false);
insert into DiagramParts values('PP71-01_0691-01402606925', 'PP71-01_0691', 21, 'Owner&apos;s manual E90, E91 w/o iDrive', 'HU, MJ 2011', 1, to_date('20110301','YYYYMMDD'), to_date('20110901','YYYYMMDD'), '01402606925', '', '', false);
insert into Diagram values('PP71-01_0691','PP71-20070700','01-05','E90N 320xd   Owner&apos;s manual E90, E91 w/o iDrive','');
insert into DiagramParts values('PP71-01_0692-01402601809', 'PP71-01_0692', 01, 'Owner&apos;s manual, E90, E91 with iDrive', 'DE, MJ 2009', 1, to_date('20090301','YYYYMMDD'), to_date('20090901','YYYYMMDD'), '01402601809', '', '', false);
insert into DiagramParts values('PP71-01_0692-01402601916', 'PP71-01_0692', 01, 'Owner&apos;s manual, E90, E91 with iDrive', 'DE, MJ 2009', 1, to_date('20090301','YYYYMMDD'), to_date('20090901','YYYYMMDD'), '01402601916', '', '', false);
insert into DiagramParts values('PP71-01_0692-01402604565', 'PP71-01_0692', 01, 'Owner&apos;s manual, E90, E91 with iDrive', 'DE, MJ 2010', 1, to_date('20100301','YYYYMMDD'), to_date('20100901','YYYYMMDD'), '01402604565', '', '', false);
insert into DiagramParts values('PP71-01_0692-01402605542', 'PP71-01_0692', 01, 'Owner&apos;s manual, E90, E91 with iDrive', 'DE, MJ 2011', 1, to_date('20100901','YYYYMMDD'), to_date('20110301','YYYYMMDD'), '01402605542', '', '', false);
insert into DiagramParts values('PP71-01_0692-01402606989', 'PP71-01_0692', 01, 'Owner&apos;s manual, E90, E91 with iDrive', 'DE, MJ 2011', 1, to_date('20110301','YYYYMMDD'), to_date('20110901','YYYYMMDD'), '01402606989', '', '', false);
insert into DiagramParts values('PP71-01_0692-01412601810', 'PP71-01_0692', 02, 'Owner&apos;s manual, E90, E91 with iDrive', 'EN, MJ 2009', 1, to_date('20090301','YYYYMMDD'), to_date('20090901','YYYYMMDD'), '01412601810', '', '', false);
insert into DiagramParts values('PP71-01_0692-01412601917', 'PP71-01_0692', 02, 'Owner&apos;s manual, E90, E91 with iDrive', 'EN, MJ 2009', 1, to_date('20090301','YYYYMMDD'), to_date('20090901','YYYYMMDD'), '01412601917', '', '', false);
insert into DiagramParts values('PP71-01_0692-01412604566', 'PP71-01_0692', 02, 'Owner&apos;s manual, E90, E91 with iDrive', 'EN, MJ 2010', 1, to_date('20100301','YYYYMMDD'), to_date('20100901','YYYYMMDD'), '01412604566', '', '', false);
insert into DiagramParts values('PP71-01_0692-01402605543', 'PP71-01_0692', 02, 'Owner&apos;s manual, E90, E91 with iDrive', 'EN, MJ 2011', 1, to_date('20100901','YYYYMMDD'), to_date('20110301','YYYYMMDD'), '01402605543', '', '', false);
insert into DiagramParts values('PP71-01_0692-01402606990', 'PP71-01_0692', 02, 'Owner&apos;s manual, E90, E91 with iDrive', 'EN, MJ 2011', 1, to_date('20110301','YYYYMMDD'), to_date('20110901','YYYYMMDD'), '01402606990', '', '', false);
insert into DiagramParts values('PP71-01_0692-01422601811', 'PP71-01_0692', 03, 'Owner&apos;s manual, E90, E91 with iDrive', 'FR, MJ 2009', 1, to_date('20090301','YYYYMMDD'), to_date('20090901','YYYYMMDD'), '01422601811', '', '', false);
insert into DiagramParts values('PP71-01_0692-01422601918', 'PP71-01_0692', 03, 'Owner&apos;s manual, E90, E91 with iDrive', 'FR, MJ 2009', 1, to_date('20090301','YYYYMMDD'), to_date('20090901','YYYYMMDD'), '01422601918', '', '', false);
insert into DiagramParts values('PP71-01_0692-01422604567', 'PP71-01_0692', 03, 'Owner&apos;s manual, E90, E91 with iDrive', 'FR, MJ 2010', 1, to_date('20100301','YYYYMMDD'), to_date('20100901','YYYYMMDD'), '01422604567', '', '', false);
insert into DiagramParts values('PP71-01_0692-01402605544', 'PP71-01_0692', 03, 'Owner&apos;s manual, E90, E91 with iDrive', 'FR, MJ 2011', 1, to_date('20100901','YYYYMMDD'), to_date('20110301','YYYYMMDD'), '01402605544', '', '', false);
insert into DiagramParts values('PP71-01_0692-01402606991', 'PP71-01_0692', 03, 'Owner&apos;s manual, E90, E91 with iDrive', 'FR, MJ 2011', 1, to_date('20110301','YYYYMMDD'), to_date('20110901','YYYYMMDD'), '01402606991', '', '', false);
insert into DiagramParts values('PP71-01_0692-01432601812', 'PP71-01_0692', 04, 'Owner&apos;s manual, E90, E91 with iDrive', 'ES, MJ 2009', 1, to_date('20090301','YYYYMMDD'), to_date('20090901','YYYYMMDD'), '01432601812', '', '', false);
insert into DiagramParts values('PP71-01_0692-01432601919', 'PP71-01_0692', 04, 'Owner&apos;s manual, E90, E91 with iDrive', 'ES, MJ 2009', 1, to_date('20090301','YYYYMMDD'), to_date('20090901','YYYYMMDD'), '01432601919', '', '', false);
insert into DiagramParts values('PP71-01_0692-01432604568', 'PP71-01_0692', 04, 'Owner&apos;s manual, E90, E91 with iDrive', 'ES, MJ 2010', 1, to_date('20100301','YYYYMMDD'), to_date('20100901','YYYYMMDD'), '01432604568', '', '', false);
insert into DiagramParts values('PP71-01_0692-01402605545', 'PP71-01_0692', 04, 'Owner&apos;s manual, E90, E91 with iDrive', 'ES, MJ 2011', 1, to_date('20100901','YYYYMMDD'), to_date('20110301','YYYYMMDD'), '01402605545', '', '', false);
insert into DiagramParts values('PP71-01_0692-01402606992', 'PP71-01_0692', 04, 'Owner&apos;s manual, E90, E91 with iDrive', 'ES, MJ 2011', 1, to_date('20110301','YYYYMMDD'), to_date('20110901','YYYYMMDD'), '01402606992', '', '', false);
insert into DiagramParts values('PP71-01_0692-01442601813', 'PP71-01_0692', 05, 'Owner&apos;s manual, E90, E91 with iDrive', 'IT, MJ 2009', 1, to_date('20090301','YYYYMMDD'), to_date('20090901','YYYYMMDD'), '01442601813', '', '', false);
insert into DiagramParts values('PP71-01_0692-01442601920', 'PP71-01_0692', 05, 'Owner&apos;s manual, E90, E91 with iDrive', 'IT, MJ 2009', 1, to_date('20090301','YYYYMMDD'), to_date('20090901','YYYYMMDD'), '01442601920', '', '', false);
insert into DiagramParts values('PP71-01_0692-01442604569', 'PP71-01_0692', 05, 'Owner&apos;s manual, E90, E91 with iDrive', 'IT, MJ 2010', 1, to_date('20100301','YYYYMMDD'), to_date('20100901','YYYYMMDD'), '01442604569', '', '', false);
insert into DiagramParts values('PP71-01_0692-01402605546', 'PP71-01_0692', 05, 'Owner&apos;s manual, E90, E91 with iDrive', 'IT, MJ 2011', 1, to_date('20100901','YYYYMMDD'), to_date('20110301','YYYYMMDD'), '01402605546', '', '', false);
insert into DiagramParts values('PP71-01_0692-01402606993', 'PP71-01_0692', 05, 'Owner&apos;s manual, E90, E91 with iDrive', 'IT, MJ 2011', 1, to_date('20110301','YYYYMMDD'), to_date('20110901','YYYYMMDD'), '01402606993', '', '', false);
insert into DiagramParts values('PP71-01_0692-01452601814', 'PP71-01_0692', 06, 'Owner&apos;s manual, E90, E91 with iDrive', 'SV, MJ 2009', 1, to_date('20090301','YYYYMMDD'), to_date('20090901','YYYYMMDD'), '01452601814', '', '', false);
insert into DiagramParts values('PP71-01_0692-01452601921', 'PP71-01_0692', 06, 'Owner&apos;s manual, E90, E91 with iDrive', 'SV, MJ 2009', 1, to_date('20090301','YYYYMMDD'), to_date('20090901','YYYYMMDD'), '01452601921', '', '', false);
insert into DiagramParts values('PP71-01_0692-01452604570', 'PP71-01_0692', 06, 'Owner&apos;s manual, E90, E91 with iDrive', 'SV, MJ 2010', 1, to_date('20100301','YYYYMMDD'), to_date('20100901','YYYYMMDD'), '01452604570', '', '', false);
insert into DiagramParts values('PP71-01_0692-01402605547', 'PP71-01_0692', 06, 'Owner&apos;s manual, E90, E91 with iDrive', 'SV, MJ 2011', 1, to_date('20100901','YYYYMMDD'), to_date('20110301','YYYYMMDD'), '01402605547', '', '', false);
insert into DiagramParts values('PP71-01_0692-01402606994', 'PP71-01_0692', 06, 'Owner&apos;s manual, E90, E91 with iDrive', 'SV, MJ 2011', 1, to_date('20110301','YYYYMMDD'), to_date('20110901','YYYYMMDD'), '01402606994', '', '', false);
insert into DiagramParts values('PP71-01_0692-01462601815', 'PP71-01_0692', 07, 'Owner&apos;s manual, E90, E91 with iDrive', 'NL, MJ 2009', 1, to_date('20090301','YYYYMMDD'), to_date('20090901','YYYYMMDD'), '01462601815', '', '', false);
insert into DiagramParts values('PP71-01_0692-01462601922', 'PP71-01_0692', 07, 'Owner&apos;s manual, E90, E91 with iDrive', 'NL, MJ 2009', 1, to_date('20090301','YYYYMMDD'), to_date('20090901','YYYYMMDD'), '01462601922', '', '', false);
insert into DiagramParts values('PP71-01_0692-01462604571', 'PP71-01_0692', 07, 'Owner&apos;s manual, E90, E91 with iDrive', 'NL, MJ 2010', 1, to_date('20100301','YYYYMMDD'), to_date('20100901','YYYYMMDD'), '01462604571', '', '', false);
insert into DiagramParts values('PP71-01_0692-01402605548', 'PP71-01_0692', 07, 'Owner&apos;s manual, E90, E91 with iDrive', 'NL, MJ 2011', 1, to_date('20100901','YYYYMMDD'), to_date('20110301','YYYYMMDD'), '01402605548', '', '', false);
insert into DiagramParts values('PP71-01_0692-01402606995', 'PP71-01_0692', 07, 'Owner&apos;s manual, E90, E91 with iDrive', 'NL, MJ 2011', 1, to_date('20110301','YYYYMMDD'), to_date('20110901','YYYYMMDD'), '01402606995', '', '', false);
insert into DiagramParts values('PP71-01_0692-01472601816', 'PP71-01_0692', 08, 'Owner&apos;s manual, E90, E91 with iDrive', 'AR, MJ 2009', 1, to_date('20090301','YYYYMMDD'), to_date('20090901','YYYYMMDD'), '01472601816', '', '', false);
insert into DiagramParts values('PP71-01_0692-01472601923', 'PP71-01_0692', 08, 'Owner&apos;s manual, E90, E91 with iDrive', 'AR, MJ 2009', 1, to_date('20090301','YYYYMMDD'), to_date('20090901','YYYYMMDD'), '01472601923', '', '', false);
insert into DiagramParts values('PP71-01_0692-01472604572', 'PP71-01_0692', 08, 'Owner&apos;s manual, E90, E91 with iDrive', 'AR, MJ 2010', 1, to_date('20100301','YYYYMMDD'), to_date('20100901','YYYYMMDD'), '01472604572', '', '', false);
insert into DiagramParts values('PP71-01_0692-01402605549', 'PP71-01_0692', 08, 'Owner&apos;s manual, E90, E91 with iDrive', 'AR, MJ 2011', 1, to_date('20100901','YYYYMMDD'), to_date('20110301','YYYYMMDD'), '01402605549', '', '', false);
insert into DiagramParts values('PP71-01_0692-01402606996', 'PP71-01_0692', 08, 'Owner&apos;s manual, E90, E91 with iDrive', 'AR, MJ 2011', 1, to_date('20110301','YYYYMMDD'), to_date('20110901','YYYYMMDD'), '01402606996', '', '', false);
insert into DiagramParts values('PP71-01_0692-01482601817', 'PP71-01_0692', 09, 'Owner&apos;s manual, E90, E91 with iDrive', 'DA, MJ 2009', 1, to_date('20090301','YYYYMMDD'), to_date('20090901','YYYYMMDD'), '01482601817', '', '', false);
insert into DiagramParts values('PP71-01_0692-01482601924', 'PP71-01_0692', 09, 'Owner&apos;s manual, E90, E91 with iDrive', 'DA, MJ 2009', 1, to_date('20090301','YYYYMMDD'), to_date('20090901','YYYYMMDD'), '01482601924', '', '', false);
insert into DiagramParts values('PP71-01_0692-01482604573', 'PP71-01_0692', 09, 'Owner&apos;s manual, E90, E91 with iDrive', 'DA, MJ 2010', 1, to_date('20100301','YYYYMMDD'), to_date('20100901','YYYYMMDD'), '01482604573', '', '', false);
insert into DiagramParts values('PP71-01_0692-01402605550', 'PP71-01_0692', 09, 'Owner&apos;s manual, E90, E91 with iDrive', 'DA, MJ 2011', 1, to_date('20100901','YYYYMMDD'), to_date('20110301','YYYYMMDD'), '01402605550', '', '', false);
insert into DiagramParts values('PP71-01_0692-01402606997', 'PP71-01_0692', 09, 'Owner&apos;s manual, E90, E91 with iDrive', 'DA, MJ 2011', 1, to_date('20110301','YYYYMMDD'), to_date('20110901','YYYYMMDD'), '01402606997', '', '', false);
insert into DiagramParts values('PP71-01_0692-01492601818', 'PP71-01_0692', 10, 'Owner&apos;s manual, E90, E91 with iDrive', 'PT, MJ 2009', 1, to_date('20090301','YYYYMMDD'), to_date('20090901','YYYYMMDD'), '01492601818', '', '', false);
insert into DiagramParts values('PP71-01_0692-01492601925', 'PP71-01_0692', 10, 'Owner&apos;s manual, E90, E91 with iDrive', 'PT, MJ 2009', 1, to_date('20090301','YYYYMMDD'), to_date('20090901','YYYYMMDD'), '01492601925', '', '', false);
insert into DiagramParts values('PP71-01_0692-01492604574', 'PP71-01_0692', 10, 'Owner&apos;s manual, E90, E91 with iDrive', 'PT, MJ  2010', 1, to_date('20100301','YYYYMMDD'), to_date('20100901','YYYYMMDD'), '01492604574', '', '', false);
insert into DiagramParts values('PP71-01_0692-01402605551', 'PP71-01_0692', 10, 'Owner&apos;s manual, E90, E91 with iDrive', 'PT, MJ 2011', 1, to_date('20100901','YYYYMMDD'), to_date('20110301','YYYYMMDD'), '01402605551', '', '', false);
insert into DiagramParts values('PP71-01_0692-01402606998', 'PP71-01_0692', 10, 'Owner&apos;s manual, E90, E91 with iDrive', 'PT, MJ 2011', 1, to_date('20110301','YYYYMMDD'), to_date('20110901','YYYYMMDD'), '01402606998', '', '', false);
insert into DiagramParts values('PP71-01_0692-01492601820', 'PP71-01_0692', 13, 'Owner&apos;s manual, E90, E91 with iDrive', 'EL, MJ 2009', 1, to_date('20090301','YYYYMMDD'), to_date('20090901','YYYYMMDD'), '01492601820', '', '', false);
insert into DiagramParts values('PP71-01_0692-01492601927', 'PP71-01_0692', 13, 'Owner&apos;s manual, E90, E91 with iDrive', 'EL, MJ 2009', 1, to_date('20090301','YYYYMMDD'), to_date('20090901','YYYYMMDD'), '01492601927', '', '', false);
insert into DiagramParts values('PP71-01_0692-01492604576', 'PP71-01_0692', 13, 'Owner&apos;s manual, E90, E91 with iDrive', 'EL, MJ 2010', 1, to_date('20100301','YYYYMMDD'), to_date('20100901','YYYYMMDD'), '01492604576', '', '', false);
insert into DiagramParts values('PP71-01_0692-01402605553', 'PP71-01_0692', 13, 'Owner&apos;s manual, E90, E91 with iDrive', 'EL, MJ 2011', 1, to_date('20100901','YYYYMMDD'), to_date('20110301','YYYYMMDD'), '01402605553', '', '', false);
insert into DiagramParts values('PP71-01_0692-01402607000', 'PP71-01_0692', 13, 'Owner&apos;s manual, E90, E91 with iDrive', 'EL, MJ 2011', 1, to_date('20110301','YYYYMMDD'), to_date('20110901','YYYYMMDD'), '01402607000', '', '', false);
insert into DiagramParts values('PP71-01_0692-01492601926', 'PP71-01_0692', 14, 'Owner&apos;s manual, E90, E91 with iDrive', 'ZH, MJ 2009', 1, to_date('20090301','YYYYMMDD'), to_date('20090901','YYYYMMDD'), '01492601926', '', '', false);
insert into DiagramParts values('PP71-01_0692-01492604575', 'PP71-01_0692', 14, 'Owner&apos;s manual, E90, E91 with iDrive', 'ZH, MJ 2010', 1, to_date('20100301','YYYYMMDD'), to_date('20100901','YYYYMMDD'), '01492604575', '', '', false);
insert into DiagramParts values('PP71-01_0692-01402605552', 'PP71-01_0692', 14, 'Owner&apos;s manual, E90, E91 with iDrive', 'ZH, MJ 2011', 1, to_date('20100901','YYYYMMDD'), to_date('20110301','YYYYMMDD'), '01402605552', '', '', false);
insert into DiagramParts values('PP71-01_0692-01402606999', 'PP71-01_0692', 14, 'Owner&apos;s manual, E90, E91 with iDrive', 'ZH, MJ 2011', 1, to_date('20110301','YYYYMMDD'), to_date('20110901','YYYYMMDD'), '01402606999', '', '', false);
insert into DiagramParts values('PP71-01_0692-01492601821', 'PP71-01_0692', 15, 'Owner&apos;s manual, E90, E91 with iDrive', 'KO, MJ 2009', 1, to_date('20090301','YYYYMMDD'), to_date('20090901','YYYYMMDD'), '01492601821', '', '', false);
insert into DiagramParts values('PP71-01_0692-01492601928', 'PP71-01_0692', 15, 'Owner&apos;s manual, E90, E91 with iDrive', 'KO, MJ 2009', 1, to_date('20090301','YYYYMMDD'), to_date('20090901','YYYYMMDD'), '01492601928', '', '', false);
insert into DiagramParts values('PP71-01_0692-01492604577', 'PP71-01_0692', 15, 'Owner&apos;s manual, E90, E91 with iDrive', 'KO, MJ 2010', 1, to_date('20100301','YYYYMMDD'), to_date('20100901','YYYYMMDD'), '01492604577', '', '', false);
insert into DiagramParts values('PP71-01_0692-01402605554', 'PP71-01_0692', 15, 'Owner&apos;s manual, E90, E91 with iDrive', 'KO, MJ 2011', 1, to_date('20100901','YYYYMMDD'), to_date('20110301','YYYYMMDD'), '01402605554', '', '', false);
insert into DiagramParts values('PP71-01_0692-01402607001', 'PP71-01_0692', 15, 'Owner&apos;s manual, E90, E91 with iDrive', 'KO, MJ 2011', 1, to_date('20110301','YYYYMMDD'), to_date('20110901','YYYYMMDD'), '01402607001', '', '', false);
insert into DiagramParts values('PP71-01_0692-01492601823', 'PP71-01_0692', 16, 'Owner&apos;s manual, E90, E91 with iDrive', 'RO, MJ 2009', 1, to_date('20090301','YYYYMMDD'), to_date('20090901','YYYYMMDD'), '01492601823', '', '', false);
insert into DiagramParts values('PP71-01_0692-01492601930', 'PP71-01_0692', 16, 'Owner&apos;s manual, E90, E91 with iDrive', 'RO, MJ 2009', 1, to_date('20090301','YYYYMMDD'), to_date('20090901','YYYYMMDD'), '01492601930', '', '', false);
insert into DiagramParts values('PP71-01_0692-01492604579', 'PP71-01_0692', 16, 'Owner&apos;s manual, E90, E91 with iDrive', 'RO, MJ 2010', 1, to_date('20100301','YYYYMMDD'), to_date('20100901','YYYYMMDD'), '01492604579', '', '', false);
insert into DiagramParts values('PP71-01_0692-01402605556', 'PP71-01_0692', 16, 'Owner&apos;s manual, E90, E91 with iDrive', 'RO, MJ 2011', 1, to_date('20100901','YYYYMMDD'), to_date('20110301','YYYYMMDD'), '01402605556', '', '', false);
insert into DiagramParts values('PP71-01_0692-01402607003', 'PP71-01_0692', 16, 'Owner&apos;s manual, E90, E91 with iDrive', 'RO, MJ 2011', 1, to_date('20110301','YYYYMMDD'), to_date('20110901','YYYYMMDD'), '01402607003', '', '', false);
insert into DiagramParts values('PP71-01_0692-01492601822', 'PP71-01_0692', 17, 'Owner&apos;s manual, E90, E91 with iDrive', 'RU, MJ 2009', 1, to_date('20090301','YYYYMMDD'), to_date('20090901','YYYYMMDD'), '01492601822', '', '', false);
insert into DiagramParts values('PP71-01_0692-01492601929', 'PP71-01_0692', 17, 'Owner&apos;s manual, E90, E91 with iDrive', 'RU, MJ 2009', 1, to_date('20090301','YYYYMMDD'), to_date('20090901','YYYYMMDD'), '01492601929', '', '', false);
insert into DiagramParts values('PP71-01_0692-01492604578', 'PP71-01_0692', 17, 'Owner&apos;s manual, E90, E91 with iDrive', 'RU, MJ 2010', 1, to_date('20100301','YYYYMMDD'), to_date('20100901','YYYYMMDD'), '01492604578', '', '', false);
insert into DiagramParts values('PP71-01_0692-01402605555', 'PP71-01_0692', 17, 'Owner&apos;s manual, E90, E91 with iDrive', 'RU, MJ 2011', 1, to_date('20100901','YYYYMMDD'), to_date('20110301','YYYYMMDD'), '01402605555', '', '', false);
insert into DiagramParts values('PP71-01_0692-01402607002', 'PP71-01_0692', 17, 'Owner&apos;s manual, E90, E91 with iDrive', 'RU, MJ 2011', 1, to_date('20110301','YYYYMMDD'), to_date('20110901','YYYYMMDD'), '01402607002', '', '', false);
insert into DiagramParts values('PP71-01_0692-01492604580', 'PP71-01_0692', 18, 'Owner&apos;s manual, E90, E91 with iDrive', 'SK, MJ 2010', 1, to_date('20100301','YYYYMMDD'), to_date('20100901','YYYYMMDD'), '01492604580', '', '', false);
insert into DiagramParts values('PP71-01_0692-01402605557', 'PP71-01_0692', 18, 'Owner&apos;s manual, E90, E91 with iDrive', 'SK, MJ 2011', 1, to_date('20100901','YYYYMMDD'), to_date('20110301','YYYYMMDD'), '01402605557', '', '', false);
insert into DiagramParts values('PP71-01_0692-01402607004', 'PP71-01_0692', 18, 'Owner&apos;s manual, E90, E91 with iDrive', 'SK, MJ 2011', 1, to_date('20110301','YYYYMMDD'), to_date('20110901','YYYYMMDD'), '01402607004', '', '', false);
insert into DiagramParts values('PP71-01_0692-01492604581', 'PP71-01_0692', 19, 'Owner&apos;s manual, E90, E91 with iDrive', 'CS, MJ 2010', 1, to_date('20100301','YYYYMMDD'), to_date('20100901','YYYYMMDD'), '01492604581', '', '', false);
insert into DiagramParts values('PP71-01_0692-01402605558', 'PP71-01_0692', 19, 'Owner&apos;s manual, E90, E91 with iDrive', 'CS, MJ 2011', 1, to_date('20100901','YYYYMMDD'), to_date('20110301','YYYYMMDD'), '01402605558', '', '', false);
insert into DiagramParts values('PP71-01_0692-01402607005', 'PP71-01_0692', 19, 'Owner&apos;s manual, E90, E91 with iDrive', 'CS, MJ 2011', 1, to_date('20110301','YYYYMMDD'), to_date('20110901','YYYYMMDD'), '01402607005', '', '', false);
insert into DiagramParts values('PP71-01_0692-01402605559', 'PP71-01_0692', 20, 'Owner&apos;s manual, E90, E91 with iDrive', 'PL, MJ 2011', 1, to_date('20100901','YYYYMMDD'), to_date('20110301','YYYYMMDD'), '01402605559', '', '', false);
insert into DiagramParts values('PP71-01_0692-01402607006', 'PP71-01_0692', 20, 'Owner&apos;s manual, E90, E91 with iDrive', 'PL, MJ 2011', 1, to_date('20110301','YYYYMMDD'), to_date('20110901','YYYYMMDD'), '01402607006', '', '', false);
insert into DiagramParts values('PP71-01_0692-01402607007', 'PP71-01_0692', 21, 'Owner&apos;s manual, E90, E91 with iDrive', 'HU, MJ 2011', 1, to_date('20110301','YYYYMMDD'), to_date('20110901','YYYYMMDD'), '01402607007', '', '', false);
insert into Diagram values('PP71-01_0692','PP71-20070700','01-05','E90N 320xd   Owner&apos;s manual, E90, E91 with iDrive','');
insert into DiagramParts values('PP71-01_0733-01402604702', 'PP71-01_0733', 01, 'Brief instructions E90, E91, E92, E93', 'DE, MJ 2010', 1, to_date('20100301','YYYYMMDD'), to_date('20100901','YYYYMMDD'), '01402604702', '', '', false);
insert into DiagramParts values('PP71-01_0733-01402605350', 'PP71-01_0733', 01, 'Brief instructions E90, E91, E92, E93', 'DE, MJ 2011', 1, to_date('20100901','YYYYMMDD'), to_date('20110301','YYYYMMDD'), '01402605350', '', '', false);
insert into DiagramParts values('PP71-01_0733-01402607451', 'PP71-01_0733', 01, 'Brief instructions E90, E91, E92, E93', 'DE, MJ 2011', 1, to_date('20110301','YYYYMMDD'), to_date('20110901','YYYYMMDD'), '01402607451', '', '', false);
insert into DiagramParts values('PP71-01_0733-01402604716', 'PP71-01_0733', 01, 'Brief instructions E90, E91, E92, E93', 'DE, MJ 2010/11', 1, to_date('20100301','YYYYMMDD'), to_date('20110301','YYYYMMDD'), '01402604716', '', '', false);
insert into DiagramParts values('PP71-01_0733-01402607431', 'PP71-01_0733', 01, 'Brief instructions E90, E91, E92, E93', 'DE, MJ 2011', 1, to_date('20110301','YYYYMMDD'), to_date('20110901','YYYYMMDD'), '01402607431', '', '', false);
insert into DiagramParts values('PP71-01_0733-01402609786', 'PP71-01_0733', 01, 'Brief instructions E90, E91, E92, E93', 'DE', 1, to_date('20110901','YYYYMMDD'), to_date('20120301','YYYYMMDD'), '01402609786', '', '', false);
insert into DiagramParts values('PP71-01_0733-01412604703', 'PP71-01_0733', 02, 'Brief instructions E90, E91, E92, E93', 'EN, MJ 2010', 1, to_date('20100301','YYYYMMDD'), to_date('20100901','YYYYMMDD'), '01412604703', '', '', false);
insert into DiagramParts values('PP71-01_0733-01402605351', 'PP71-01_0733', 02, 'Brief instructions E90, E91, E92, E93', 'EN, MJ 2011', 1, to_date('20100901','YYYYMMDD'), to_date('20110301','YYYYMMDD'), '01402605351', '', '', false);
insert into DiagramParts values('PP71-01_0733-01402607452', 'PP71-01_0733', 02, 'Brief instructions E90, E91, E92, E93', 'EN, MJ 2011', 1, to_date('20110301','YYYYMMDD'), to_date('20110901','YYYYMMDD'), '01402607452', '', '', false);
insert into DiagramParts values('PP71-01_0733-01412604717', 'PP71-01_0733', 02, 'Brief instructions E90, E91, E92, E93', 'EN, MJ 2010/11', 1, to_date('20100301','YYYYMMDD'), to_date('20110301','YYYYMMDD'), '01412604717', '', '', false);
insert into DiagramParts values('PP71-01_0733-01402607432', 'PP71-01_0733', 02, 'Brief instructions E90, E91, E92, E93', 'EN, MJ 2011', 1, to_date('20110301','YYYYMMDD'), to_date('20110901','YYYYMMDD'), '01402607432', '', '', false);
insert into DiagramParts values('PP71-01_0733-01402609787', 'PP71-01_0733', 02, 'Brief instructions E90, E91, E92, E93', 'EN', 1, to_date('20110901','YYYYMMDD'), to_date('20120301','YYYYMMDD'), '01402609787', '', '', false);
insert into DiagramParts values('PP71-01_0733-01402609788', 'PP71-01_0733', 03, 'Brief instructions E90, E91, E92, E93', 'FR', 1, to_date('20110901','YYYYMMDD'), to_date('20120301','YYYYMMDD'), '01402609788', '', '', false);
insert into DiagramParts values('PP71-01_0733-01402609789', 'PP71-01_0733', 04, 'Brief instructions E90, E91, E92, E93', 'ES', 1, to_date('20110901','YYYYMMDD'), to_date('20120301','YYYYMMDD'), '01402609789', '', '', false);
insert into DiagramParts values('PP71-01_0733-01402609790', 'PP71-01_0733', 05, 'Brief instructions E90, E91, E92, E93', 'IT', 1, to_date('20110901','YYYYMMDD'), to_date('20120301','YYYYMMDD'), '01402609790', '', '', false);
insert into DiagramParts values('PP71-01_0733-01402609791', 'PP71-01_0733', 06, 'Brief instructions E90, E91, E92, E93', 'SV', 1, to_date('20110901','YYYYMMDD'), to_date('20120301','YYYYMMDD'), '01402609791', '', '', false);
insert into DiagramParts values('PP71-01_0733-01402609792', 'PP71-01_0733', 07, 'Brief instructions E90, E91, E92, E93', 'NL', 1, to_date('20110901','YYYYMMDD'), to_date('20120301','YYYYMMDD'), '01402609792', '', '', false);
insert into DiagramParts values('PP71-01_0733-01402609793', 'PP71-01_0733', 08, 'Brief instructions E90, E91, E92, E93', 'AR', 1, to_date('20110901','YYYYMMDD'), to_date('20120301','YYYYMMDD'), '01402609793', '', '', false);
insert into DiagramParts values('PP71-01_0733-01402609794', 'PP71-01_0733', 09, 'Brief instructions E90, E91, E92, E93', 'DA', 1, to_date('20110901','YYYYMMDD'), to_date('20120301','YYYYMMDD'), '01402609794', '', '', false);
insert into DiagramParts values('PP71-01_0733-01402609795', 'PP71-01_0733', 10, 'Brief instructions E90, E91, E92, E93', 'PT', 1, to_date('20110901','YYYYMMDD'), to_date('20120301','YYYYMMDD'), '01402609795', '', '', false);
insert into DiagramParts values('PP71-01_0733-01402609797', 'PP71-01_0733', 13, 'Brief instructions E90, E91, E92, E93', 'EL', 1, to_date('20110901','YYYYMMDD'), to_date('20120301','YYYYMMDD'), '01402609797', '', '', false);
insert into DiagramParts values('PP71-01_0733-01402609796', 'PP71-01_0733', 14, 'Brief instructions E90, E91, E92, E93', 'ZH', 1, to_date('20110901','YYYYMMDD'), to_date('20120301','YYYYMMDD'), '01402609796', '', '', false);
insert into DiagramParts values('PP71-01_0733-01402609798', 'PP71-01_0733', 15, 'Brief instructions E90, E91, E92, E93', 'KO', 1, to_date('20110901','YYYYMMDD'), to_date('20120301','YYYYMMDD'), '01402609798', '', '', false);
insert into DiagramParts values('PP71-01_0733-01402609800', 'PP71-01_0733', 16, 'Brief instructions E90, E91, E92, E93', 'RO', 1, to_date('20110901','YYYYMMDD'), to_date('20120301','YYYYMMDD'), '01402609800', '', '', false);
insert into DiagramParts values('PP71-01_0733-01402609799', 'PP71-01_0733', 17, 'Brief instructions E90, E91, E92, E93', 'RU', 1, to_date('20110901','YYYYMMDD'), to_date('20120301','YYYYMMDD'), '01402609799', '', '', false);
insert into DiagramParts values('PP71-01_0733-01402609801', 'PP71-01_0733', 18, 'Brief instructions E90, E91, E92, E93', 'SK', 1, to_date('20110901','YYYYMMDD'), to_date('20120301','YYYYMMDD'), '01402609801', '', '', false);
insert into DiagramParts values('PP71-01_0733-01402609802', 'PP71-01_0733', 19, 'Brief instructions E90, E91, E92, E93', 'CS', 1, to_date('20110901','YYYYMMDD'), to_date('20120301','YYYYMMDD'), '01402609802', '', '', false);
insert into DiagramParts values('PP71-01_0733-01402609803', 'PP71-01_0733', 20, 'Brief instructions E90, E91, E92, E93', 'PL', 1, to_date('20110901','YYYYMMDD'), to_date('20120301','YYYYMMDD'), '01402609803', '', '', false);
insert into DiagramParts values('PP71-01_0733-01402609804', 'PP71-01_0733', 21, 'Brief instructions E90, E91, E92, E93', 'HU', 1, to_date('20110901','YYYYMMDD'), to_date('20120301','YYYYMMDD'), '01402609804', '', '', false);
insert into Diagram values('PP71-01_0733','PP71-20070700','01-05','E90N 320xd   Brief instructions E90, E91, E92, E93','');
insert into Diagram values('PP71-01_0756','PP71-20070700','01-05','E90N 320xd   Mirror placard','');
insert into Diagram values('PP71-01_0776','PP71-20070700','01-05','E90N 320xd   Brief instructions E6x, E8x, E9x,','');
insert into Diagram values('PP71-01_0780','PP71-20070700','01-05','E90N 320xd   Brochure Service Contact, BMW','');
insert into DiagramParts values('PP71-01_1080-01402912788', 'PP71-01_1080', 01, 'Supplement Owner&apos;s Manual license texts', 'MULTILINGUAL', 1, to_date('20120301','YYYYMMDD'), to_date('20120701','YYYYMMDD'), '01402912788', '', '', false);
insert into DiagramParts values('PP71-01_1080-01402916582', 'PP71-01_1080', 01, 'Supplement Owner&apos;s Manual license texts', 'MULTILINGUAL', 1, to_date('20120701','YYYYMMDD'), to_date('20130301','YYYYMMDD'), '01402916582', '', '', false);
insert into DiagramParts values('PP71-01_1080-01402918756', 'PP71-01_1080', 01, 'Supplement Owner&apos;s Manual license texts', 'MULTILINGUAL', 1, to_date('20130301','YYYYMMDD'), to_date('20130701','YYYYMMDD'), '01402918756', '', '', false);
insert into DiagramParts values('PP71-01_1080-01402608395', 'PP71-01_1080', 02, 'Insert with license texts', 'EN, MJ 2011', 1, to_date('20100901','YYYYMMDD'), to_date('20110901','YYYYMMDD'), '01402608395', '', '', false);
insert into DiagramParts values('PP71-01_1080-01402901443', 'PP71-01_1080', 02, 'Supplement Owner&apos;s Manual license texts', 'MULTILINGUAL', 1, to_date('20110901','YYYYMMDD'), to_date('20120301','YYYYMMDD'), '01402901443', '', '', false);
insert into Diagram values('PP71-01_1080','PP71-20070700','01-05','E90N 320xd   Flyer, license texts for BMW','');
insert into DiagramParts values('PP71-01_0606-01402606341', 'PP71-01_0606', 01, 'Operating instructions, radio &quot;de&quot;', 'SA663', 1, to_date('20100901','YYYYMMDD'), to_date('20110301','YYYYMMDD'), '01402606341', '', '', false);
insert into DiagramParts values('PP71-01_0606-01402606342', 'PP71-01_0606', 02, 'Operating instructions, radio &quot;en&quot;', 'SA663', 1, to_date('20100901','YYYYMMDD'), to_date('20110301','YYYYMMDD'), '01402606342', '', '', false);
insert into DiagramParts values('PP71-01_0606-01402606343', 'PP71-01_0606', 03, 'Operating instructions, radio &quot;fr&quot;', 'SA663', 1, to_date('20100901','YYYYMMDD'), to_date('20110301','YYYYMMDD'), '01402606343', '', '', false);
insert into DiagramParts values('PP71-01_0606-01402606344', 'PP71-01_0606', 04, 'Operating instructions, radio &quot;es&quot;', 'SA663', 1, to_date('20100901','YYYYMMDD'), to_date('20110301','YYYYMMDD'), '01402606344', '', '', false);
insert into DiagramParts values('PP71-01_0606-01402606345', 'PP71-01_0606', 05, 'Operating instructions, radio &quot;it&quot;', 'SA663', 1, to_date('20100901','YYYYMMDD'), to_date('20110301','YYYYMMDD'), '01402606345', '', '', false);
insert into DiagramParts values('PP71-01_0606-01402606346', 'PP71-01_0606', 06, 'Operating instructions, radio &quot;sv&quot;', 'SA663', 1, to_date('20100901','YYYYMMDD'), to_date('20110301','YYYYMMDD'), '01402606346', '', '', false);
insert into DiagramParts values('PP71-01_0606-01402606347', 'PP71-01_0606', 07, 'Operating instructions, radio &quot;nl&quot;', 'SA663', 1, to_date('20100901','YYYYMMDD'), to_date('20110301','YYYYMMDD'), '01402606347', '', '', false);
insert into DiagramParts values('PP71-01_0606-01402606348', 'PP71-01_0606', 08, 'Operating instructions, radio &quot;ar&quot;', 'SA663', 1, to_date('20100901','YYYYMMDD'), to_date('20110301','YYYYMMDD'), '01402606348', '', '', false);
insert into DiagramParts values('PP71-01_0606-01402606349', 'PP71-01_0606', 09, 'Operating instructions, radio &quot;da&quot;', 'SA663', 1, to_date('20100901','YYYYMMDD'), to_date('20110301','YYYYMMDD'), '01402606349', '', '', false);
insert into DiagramParts values('PP71-01_0606-01402606350', 'PP71-01_0606', 10, 'Operating instructions, radio &quot;pt&quot;', 'SA663', 1, to_date('20100901','YYYYMMDD'), to_date('20110301','YYYYMMDD'), '01402606350', '', '', false);
insert into DiagramParts values('PP71-01_0606-01402606352', 'PP71-01_0606', 13, 'Operating instructions, radio &quot;el&quot;', 'SA663', 1, to_date('20100901','YYYYMMDD'), to_date('20110301','YYYYMMDD'), '01402606352', '', '', false);
insert into DiagramParts values('PP71-01_0606-01402606351', 'PP71-01_0606', 14, 'Operating instructions, radio &quot;zh&quot;', 'SA663', 1, to_date('20100901','YYYYMMDD'), to_date('20110301','YYYYMMDD'), '01402606351', '', '', false);
insert into DiagramParts values('PP71-01_0606-01402606353', 'PP71-01_0606', 15, 'Operating instructions for radio &quot;ko&quot;', 'SA663', 1, to_date('20100901','YYYYMMDD'), to_date('20110301','YYYYMMDD'), '01402606353', '', '', false);
insert into DiagramParts values('PP71-01_0606-01402606355', 'PP71-01_0606', 16, 'Operating instructions for radio &apos;ro&apos;', 'SA663', 1, to_date('20100901','YYYYMMDD'), to_date('20110301','YYYYMMDD'), '01402606355', '', '', false);
insert into DiagramParts values('PP71-01_0606-01402606354', 'PP71-01_0606', 17, 'Operating instructions for radio &quot;ru&quot;', 'SA663', 1, to_date('20100901','YYYYMMDD'), to_date('20110301','YYYYMMDD'), '01402606354', '', '', false);
insert into DiagramParts values('PP71-01_0606-01402606356', 'PP71-01_0606', 18, 'Operating Instructions for radio &quot;sk&quot;', 'SA663', 1, to_date('20100901','YYYYMMDD'), to_date('20110301','YYYYMMDD'), '01402606356', '', '', false);
insert into DiagramParts values('PP71-01_0606-01402606357', 'PP71-01_0606', 19, 'Operating instructions for radio &quot;cs&quot;', 'SA663', 1, to_date('20100901','YYYYMMDD'), to_date('20110301','YYYYMMDD'), '01402606357', '', '', false);
insert into Diagram values('PP71-01_0606','PP71-20070700','01-12','E90N 320xd   Radio E81,E82,E87,E88, E90,E91,E92,E93','');
insert into Diagram values('PP71-01_0302','PP71-20070700','01-14','E90N 320xd   Universal BMW mobile phone preparat.','');
insert into Diagram values('PP71-01_1128','PP71-20070700','01-19','E90N 320xd   EC Certificate of Conformity','');
insert into Diagram values('PP71-01_0169','PP71-20070700','01-21','E90N 320xd   Logbook slipcase BMW','');
insert into Diagram values('PP71-01_1140','PP71-20070700','01-21','E90N 320xd   Logbook slipcase BMW','');
insert into DiagramParts values('PP71-01_0029-01412602302', 'PP71-01_0029', 01, 'Supplem. to owner&apos;s manual, Australia', 'E90,E91, MJ 09', 1, to_date('20090301','YYYYMMDD'), to_date('20090901','YYYYMMDD'), '01412602302', '', '', false);
insert into DiagramParts values('PP71-01_0029-01412603273', 'PP71-01_0029', 01, 'Supplement Owner&apos;s Manual, Australia', 'EN, E90, E91', 1, to_date('20090901','YYYYMMDD'), to_date('20100301','YYYYMMDD'), '01412603273', '', '', false);
insert into Diagram values('PP71-01_0029','PP71-20070700','01-24','E90N 320xd   Supplem. to owner&apos;s manual, Australia','');
insert into DiagramParts values('PP71-01_0743-01492601593', 'PP71-01_0743', 01, 'Service booklet, multi-lingual', 'MJ 2009', 1, to_date('20080901','YYYYMMDD'), to_date('20090301','YYYYMMDD'), '01492601593', '', '', false);
insert into Diagram values('PP71-01_0743','PP71-20070700','01-26','E90N 320xd   BMW Service Manual 2008 - 2011','');
insert into Diagram values('PP71-01_1139','PP71-20070700','01-26','E90N 320xd   BMW Service Manual from model year 2012','');
insert into Diagram values('PP71-01_0670','PP71-20070700','01-35','E90N 320xd   battery charge calendar','');
insert into Diagram values('PP71-01_0635','PP71-20070700','01-60','E90N 320xd   BMW form','');
insert into Diagram values('PP71-01_0639','PP71-20070700','01-65','E90N 320xd   Labels BMW','');
insert into Diagram values('PP71-01_0612','PP71-20070700','01-70','E90N 320xd   CD/DVD SIP German BMW','');
insert into DiagramParts values('PP71-01_0671-01399789699', 'PP71-01_0671', 01, 'CD literature', 'LITERATUR', 1, to_date('19820901','YYYYMMDD'), to_date('19901201','YYYYMMDD'), '01399789699', '$8.11', '', false);
insert into Diagram values('PP71-01_0671','PP71-20070700','01-70','E90N 320xd   BMW CD/DVD miscellaneous','');
insert into Diagram values('PP71-01_0737','PP71-20070700','01-70','E90N 320xd   CD/DVD SIP complete vehicle BMW','');
insert into Diagram values('PP71-01_1172','PP71-20070700','01-70','E90N 320xd   DVD Web Based Training','');
insert into Diagram values('PP71-01_0875','PP71-20070700','01-94','E90N 320xd   Sample chart, upholstery colors, leather','');
insert into Diagram values('PP71-01_0876','PP71-20070700','01-94','E90N 320xd   Sample page, upholstery colors, fabric','');
insert into Diagram values('PP71-01_0877','PP71-20070700','01-94','E90N 320xd   Sample chart with interior moldings','');
insert into Diagram values('PP71-01_0878','PP71-20070700','01-94','E90N 320xd   Sample chart with interior moldings','');
insert into Diagram values('PP71-01_0879','PP71-20070700','01-94','E90N 320xd   Sample chart with interior colors','');
insert into Diagram values('PP71-11_4021','PP71-20070700','11-05','E90N 320xd   Short Engine','');
insert into Diagram values('PP71-11_4023','PP71-20070700','11-10','E90N 320xd   Engine block','');
insert into Diagram values('PP71-11_4061','PP71-20070700','11-10','E90N 320xd   OIL PAN/OIL LEVEL INDICATOR','');
insert into Diagram values('PP71-11_4078','PP71-20070700','11-10','E90N 320xd   TIMING CASE','');
insert into Diagram values('PP71-11_4099','PP71-20070700','11-10','E90N 320xd   Engine Block Mounting Parts','');
insert into Diagram values('PP71-11_4075','PP71-20070700','11-15','E90N 320xd   CYLINDER HEAD/INTERMEDIATE HOUSING','');
insert into Diagram values('PP71-11_4076','PP71-20070700','11-15','E90N 320xd   Cylinder Head','');
insert into Diagram values('PP71-11_4077','PP71-20070700','11-15','E90N 320xd   Cylinder Head Attached Parts','');
insert into Diagram values('PP71-11_4083','PP71-20070700','11-15','E90N 320xd   Cylinder head cover','');
insert into Diagram values('PP71-11_4085','PP71-20070700','11-18','E90N 320xd   Belt Drive-Vibration Damper','');
insert into Diagram values('PP71-11_4153','PP71-20070700','11-18','E90N 320xd   Belt drive for air cond & power steering','');
insert into Diagram values('PP71-11_4062','PP71-20070700','11-20','E90N 320xd   Crankshaft Connecting Rod','');
insert into Diagram values('PP71-11_4063','PP71-20070700','11-20','E90N 320xd   Crankshaft-Pistons','');
insert into Diagram values('PP71-11_4079','PP71-20070700','11-20','E90N 320xd   Flywheel automatic','');
insert into Diagram values('PP71-11_4080','PP71-20070700','11-20','E90N 320xd   Flywheel / Twin Mass Flywheel','');
insert into Diagram values('PP71-11_4093','PP71-20070700','11-20','E90N 320xd   Crankshaft drive mass compensator','');
insert into Diagram values('PP71-11_4098','PP71-20070700','11-20','E90N 320xd   Crankshaft With Bearing Shells','');
insert into Diagram values('PP71-11_4087','PP71-20070700','11-25','E90N 320xd   TIMING AND VALVE TRAIN-CAMSHAFT','');
insert into Diagram values('PP71-11_4088','PP71-20070700','11-25','E90N 320xd   Timing - Timing Chain Lower P','');
insert into Diagram values('PP71-11_4089','PP71-20070700','11-25','E90N 320xd   timing gear timing chain top','');
insert into Diagram values('PP71-11_4065','PP71-20070700','11-30','E90N 320xd   Lubricat.syst.-oil filter,heat exchanger','');
insert into Diagram values('PP71-11_4072','PP71-20070700','11-30','E90N 320xd   Lubrication system/Oil pump with drive','');
insert into Diagram values('PP71-11_4066','PP71-20070700','11-35','E90N 320xd   Waterpump - Thermostat','');
insert into Diagram values('PP71-11_4069','PP71-20070700','11-35','E90N 320xd   Cooling System Water Hoses','');
insert into Diagram values('PP71-11_4100','PP71-20070700','11-40','E90N 320xd   INTAKE MANIFOLD-SUPERCHARG.AIR DUCT/AGR','');
insert into Diagram values('PP71-11_4101','PP71-20070700','11-40','E90N 320xd   Intake manifold AGR with flap control','');
insert into Diagram values('PP71-11_4096','PP71-20070700','11-45','E90N 320xd   VACUUM PUMP WITH TUBES','');
insert into Diagram values('PP71-11_4090','PP71-20070700','11-50','E90N 320xd   EXHAUST MANIFOLD-AGR','');
insert into Diagram values('PP71-11_4091','PP71-20070700','11-50','E90N 320xd   TURBO CHARGER WITH LUBRICATION','');
insert into Diagram values('PP71-11_4258','PP71-20070700','11-50','E90N 320xd   pollutant reduction cooling','');
insert into Diagram values('PP71-11_4092','PP71-20070700','11-55','E90N 320xd   Engine acoustics','');
insert into DiagramParts values('PP71-11_4588-13618510909', 'PP71-11_4588', 02, 'Base control unit DDE EU5 Performance', '71', 1, to_date('20080901','YYYYMMDD'), to_date('20110101','YYYYMMDD'), '13618510909', '', 'ENDED', false);
insert into Diagram values('PP71-11_4588','PP71-20070700','11-95','E90N 320xd   Power Kit','');
insert into Diagram values('PP71-11_4711','PP71-20070700','11-95','E90N 320xd   Upgrade, Fleet','');
insert into Diagram values('PP71-12_1416','PP71-20070700','12-15','E90N 320xd   Glow plug unit','');
insert into Diagram values('PP71-12_1419','PP71-20070700','12-20','E90N 320xd   Generator','');
insert into Diagram values('PP71-12_1420','PP71-20070700','12-25','E90N 320xd   Starter','');
insert into Diagram values('PP71-12_0915','PP71-20070700','12-28','E90N 320xd   Engine wiring harness','');
insert into Diagram values('PP71-12_1248','PP71-20070700','12-28','E90N 320xd   Wiring harness transmission DXC','');
insert into Diagram values('PP71-12_1318','PP71-20070700','12-28','E90N 320xd   wiring harness, engine trans. module','');
insert into Diagram values('PP71-12_1421','PP71-20070700','12-28','E90N 320xd   Wiring harness, engine glow plug module','');
insert into Diagram values('PP71-12_1422','PP71-20070700','12-28','E90N 320xd   Engine wiring harness','');
insert into Diagram values('PP71-12_1423','PP71-20070700','12-28','E90N 320xd   Wiring harness, engine, injector module','');
insert into Diagram values('PP71-12_1141','PP71-20070700','12-29','E90N 320xd   DIVERSE SMALL PARTS','');
insert into Diagram values('PP71-12_1167','PP71-20070700','12-29','E90N 320xd   Cable starter','');
insert into Diagram values('PP71-12_0907','PP71-20070700','12-31','E90N 320xd   Cable holder','');
insert into Diagram values('PP71-12_1238','PP71-20070700','12-31','E90N 320xd   CABLE HOLDER/COVERING','');
insert into Diagram values('PP71-12_1328','PP71-20070700','12-31','E90N 320xd   Cable Harness Fixings','');
insert into Diagram values('PP71-12_1340','PP71-20070700','12-31','E90N 320xd   Cable Harness Fixings','');
insert into Diagram values('PP71-12_1043','PP71-20070700','12-32','E90N 320xd   Laminated contacts/spring contacts','');
insert into Diagram values('PP71-12_1459','PP71-20070700','12-32','E90N 320xd   Contact system MLK','');
insert into Diagram values('PP71-12_0495','PP71-20070700','12-35','E90N 320xd   RELAY MOTOR','');
insert into Diagram values('PP71-12_1327','PP71-20070700','12-35','E90N 320xd   Control unit box','');
insert into Diagram values('PP71-13_1115','PP71-20070700','13-10','E90N 320xd   FUEL STRAINER WITH HEATING','');
insert into Diagram values('PP71-13_0966','PP71-20070700','13-15','E90N 320xd   Basic DDE control unit','');
insert into Diagram values('PP71-13_1224','PP71-20070700','13-15','E90N 320xd   High-pressure pump','');
insert into Diagram values('PP71-13_1226','PP71-20070700','13-15','E90N 320xd   High pressure accumulator/injector/line','');
insert into Diagram values('PP71-13_1227','PP71-20070700','13-15','E90N 320xd   Fuel pipes / Mounting parts','');
insert into Diagram values('PP71-13_1286','PP71-20070700','13-15','E90N 320xd   Diesel part.filter sens./mounting parts','');
insert into Diagram values('PP71-13_1192','PP71-20070700','13-20','E90N 320xd   SUCTION SILENCER/FILTER CARTRIDGE','');
insert into Diagram values('PP71-13_1229','PP71-20070700','13-20','E90N 320xd   Hot-film air mass meter/clean air pipe','');
insert into Diagram values('PP71-16_0595','PP71-20070700','16-05','E90N 320xd   Fuel tank/mounting parts','');
insert into Diagram values('PP71-16_0598','PP71-20070700','16-15','E90N 320xd   Control unit for fuel pump','');
insert into Diagram values('PP71-16_0599','PP71-20070700','16-15','E90N 320xd   Fuel pipes / Mounting parts','');
insert into Diagram values('PP71-16_0601','PP71-20070700','16-15','E90N 320xd   Fuel filter/pump/fuel level sensor','');
insert into Diagram values('PP71-17_0316','PP71-20070700','17-05','E90N 320xd   Charge-air cooling','');
insert into DiagramParts values('PP71-17_0317-17428506668', 'PP71-17_0317', 01, 'Fan housing with fan', '400W', 1, to_date('20080401','YYYYMMDD'), to_date('20081201','YYYYMMDD'), '17428506668', '', '', false);
insert into Diagram values('PP71-17_0317','PP71-20070700','17-05','E90N 320xd   Fan housing, mounting parts','');
insert into Diagram values('PP71-17_0318','PP71-20070700','17-05','E90N 320xd   MOUNTING PARTS F RADIATOR','');
insert into Diagram values('PP71-17_0416','PP71-20070700','17-05','E90N 320xd   Expansion tank','');
insert into Diagram values('PP71-17_0478','PP71-20070700','17-05','E90N 320xd   Oil-cooler pipe/heat exchanger','');
insert into Diagram values('PP71-17_0417','PP71-20070700','17-30','E90N 320xd   Cooling System Water Hoses','');
insert into Diagram values('PP71-17_0721','PP71-20070700','17-30','E90N 320xd   Cooling system coolant hoses','');
insert into Diagram values('PP71-17_0722','PP71-20070700','17-30','E90N 320xd   Cooling system coolant hoses','');
insert into Diagram values('PP71-18_0731','PP71-20070700','18-10','E90N 320xd   Catalyser/Diesel particulate filter','');
insert into Diagram values('PP71-18_0592','PP71-20070700','18-20','E90N 320xd   Exhaust system, rear','');
insert into Diagram values('PP71-18_0601','PP71-20070700','18-95','E90N 320xd   Exhaust tailpipe trim','');
insert into Diagram values('PP71-18_0946','PP71-20070700','18-95','E90N 320xd   Muffler system','');
insert into Diagram values('PP71-18_0951','PP71-20070700','18-95','E90N 320xd   Muffler system','');
insert into Diagram values('PP71-21_0234','PP71-20070700','21-05','E90N 320xd   Clutch','');
insert into Diagram values('PP71-21_0208','PP71-20070700','21-10','E90N 320xd   Clutch control','');
insert into Diagram values('PP71-22_0139','PP71-20070700','22-05','E90N 320xd   Engine Suspension','');
insert into Diagram values('PP71-22_0121','PP71-20070700','22-10','E90N 320xd   Gearbox suspension, 4-wheel drive','');
insert into Diagram values('PP71-23_1067','PP71-20070700','23-05','E90N 320xd   Manual transmission GS6X37DZ - Allwheel','');
insert into Diagram values('PP71-23_1062','PP71-20070700','23-10','E90N 320xd   GEARBOX MOUNTING PARTS','');
insert into Diagram values('PP71-23_0990','PP71-20070700','23-15','E90N 320xd   GS6X37BZ grbx housing and mount. parts','');
insert into Diagram values('PP71-23_0991','PP71-20070700','23-15','E90N 320xd   GS6X37BZ inner gear shifting parts','');
insert into Diagram values('PP71-24_1108','PP71-20070700','24-05','E90N 320xd   Automatic transmiss. GA6HP19Z - 4-wheel','');
insert into Diagram values('PP71-24_1094','PP71-20070700','24-10','E90N 320xd   GEARBOX MOUNTING','');
insert into Diagram values('PP71-24_1044','PP71-20070700','24-15','E90N 320xd   GA6HP19Z oil pan','');
insert into Diagram values('PP71-24_1046','PP71-20070700','24-15','E90N 320xd   GA6HP19Z Mechatronics','');
insert into Diagram values('PP71-24_1047','PP71-20070700','24-15','E90N 320xd   GA6HP19Z Mechatronics mounting parts','');
insert into Diagram values('PP71-24_1069','PP71-20070700','24-15','E90N 320xd   GA6HP19 housing for mounting parts 4WD','');
insert into Diagram values('PP71-24_1097','PP71-20070700','24-15','E90N 320xd   GA6HP19Z circuit control components','');
insert into Diagram values('PP71-24_1372','PP71-20070700','24-15','E90N 320xd   Fluid-change kit, autom. transmission','');
insert into Diagram values('PP71-25_0428','PP71-20070700','25-05','E90N 320xd   Gear shift parts,manual transm./4-wheel','');
insert into Diagram values('PP71-25_0454','PP71-20070700','25-10','E90N 320xd   GEAR SHIFT KNOBS/SHIFT LEVER COVERINGS','');
insert into Diagram values('PP71-25_0461','PP71-20070700','25-10','E90N 320xd   Performance shift knob','');
insert into Diagram values('PP71-25_0409','PP71-20070700','25-20','E90N 320xd   Gear shift Steptronic,all-wheel-drive','');
insert into Diagram values('PP71-25_0404','PP71-20070700','25-25','E90N 320xd   Selector lever handles / Covers','');
insert into Diagram values('PP71-25_0416','PP71-20070700','25-95','E90N 320xd   Retrofit, wooden gearshift knob','');
insert into Diagram values('PP71-25_0417','PP71-20070700','25-95','E90N 320xd   Retrofit, wooden selector lever knob','');
insert into Diagram values('PP71-25_0437','PP71-20070700','25-95','E90N 320xd   Sports gearshift knob','');
insert into Diagram values('PP71-25_0463','PP71-20070700','25-95','E90N 320xd   Retrofit, sport switch knob','');
insert into Diagram values('PP71-25_0464','PP71-20070700','25-95','E90N 320xd   Retrofit, selector lever grip','');
insert into Diagram values('PP71-25_0484','PP71-20070700','25-95','E90N 320xd   BMW Performance selector lever handle','');
insert into Diagram values('PP71-26_0224','PP71-20070700','26-05','E90N 320xd   Drive shaft, 4-wheel','');
insert into Diagram values('PP71-26_0225','PP71-20070700','26-10','E90N 320xd   Drive shaft, single components, 4-wheel','');
insert into Diagram values('PP71-27_0029','PP71-20070700','27-05','E90N 320xd   Transfer case ATC 300','');
insert into Diagram values('PP71-27_0030','PP71-20070700','27-10','E90N 320xd   GEARBOX MOUNTING PARTS','');
insert into Diagram values('PP71-27_0032','PP71-20070700','27-15','E90N 320xd   Single parts f transfer case ATC 300','');
insert into Diagram values('PP71-27_0042','PP71-20070700','27-20','E90N 320xd   Control unit, transfer box','');
insert into Diagram values('PP71-31_0740','PP71-20070700','31-05','E90N 320xd   Front axle support, 4-wheel','');
insert into Diagram values('PP71-31_0741','PP71-20070700','31-05','E90N 320xd   Sensor,hdlght vertical aim ctrl 4-wheel','');
insert into Diagram values('PP71-31_0698','PP71-20070700','31-10','E90N 320xd   FRONT COIL SPRING','');
insert into Diagram values('PP71-31_0716','PP71-20070700','31-10','E90N 320xd   GUIDE SUPPORT/SPRING PAD/ATTACHING PARTS','');
insert into Diagram values('PP71-31_0742','PP71-20070700','31-10','E90N 320xd   Front Spring strut/Carrier/Wheel bearing','');
insert into Diagram values('PP71-31_0743','PP71-20070700','31-10','E90N 320xd   Stabilizer, front','');
insert into Diagram values('PP71-31_0718','PP71-20070700','31-15','E90N 320xd   Final drive (front axle), parts, 4-wheel','');
insert into Diagram values('PP71-31_0719','PP71-20070700','31-20','E90N 320xd   Final drive(frnt axle),output shaft,4whl','');
insert into Diagram values('PP71-32_2080','PP71-20070700','32-10','E90N 320xd   Hydro steering box','');
insert into Diagram values('PP71-32_1697','PP71-20070700','32-15','E90N 320xd   Power steering pump','');
insert into Diagram values('PP71-32_1661','PP71-20070700','32-20','E90N 320xd   OIL CARRIER/SINGLE PARTS','');
insert into Diagram values('PP71-32_1724','PP71-20070700','32-20','E90N 320xd   HYDRO STEERING-OIL PIPES','');
insert into Diagram values('PP71-32_1510','PP71-20070700','32-25','E90N 320xd   STEERING LINKAGE/TIE RODS','');
insert into Diagram values('PP71-32_1515','PP71-20070700','32-30','E90N 320xd   Manually adjust. steering column','');
insert into Diagram values('PP71-32_1616','PP71-20070700','32-30','E90N 320xd   STEER.COL.-LOWER JOINT ASSY','');
insert into Diagram values('PP71-32_1518','PP71-20070700','32-35','E90N 320xd   Airbag sports steering wheel','');
insert into Diagram values('PP71-32_1519','PP71-20070700','32-35','E90N 320xd   Airbag sports steering wheel multifunct.','');
insert into Diagram values('PP71-32_1563','PP71-20070700','32-35','E90N 320xd   Steering wheel airbag','');
insert into Diagram values('PP71-32_1564','PP71-20070700','32-35','E90N 320xd   Leather steering wheel','');
insert into Diagram values('PP71-32_1565','PP71-20070700','32-35','E90N 320xd   Steering wheel, leather, multif./airbag','');
insert into Diagram values('PP71-32_1566','PP71-20070700','32-35','E90N 320xd   Sports st. wheel airbag multif./paddles','');
insert into Diagram values('PP71-32_1605','PP71-20070700','32-35','E90N 320xd   M sports steer.-wheel, airbag, leather','');
insert into Diagram values('PP71-32_1617','PP71-20070700','32-35','E90N 320xd   M sports strng whl,airbag,multifunction','');
insert into Diagram values('PP71-32_1654','PP71-20070700','32-35','E90N 320xd   Leather cover','');
insert into Diagram values('PP71-32_1590','PP71-20070700','32-95','E90N 320xd   Cover for wood steering wheel','');
insert into Diagram values('PP71-32_1592','PP71-20070700','32-95','E90N 320xd   Retrofit multi-functional steering wheel','');
insert into Diagram values('PP71-32_1730','PP71-20070700','32-95','E90N 320xd   Cover, steering wheel','');
insert into Diagram values('PP71-32_1731','PP71-20070700','32-95','E90N 320xd   Cover, multi-funct.steering wheel','');
insert into Diagram values('PP71-32_1773','PP71-20070700','32-95','E90N 320xd   Performance steering wheel with display','');
insert into Diagram values('PP71-32_1778','PP71-20070700','32-95','E90N 320xd   Performance steering wheel with display','');
insert into Diagram values('PP71-32_1834','PP71-20070700','32-95','E90N 320xd   Performance steering wheel','');
insert into Diagram values('PP71-32_1835','PP71-20070700','32-95','E90N 320xd   Performance steering wheel','');
insert into Diagram values('PP71-32_1838','PP71-20070700','32-95','E90N 320xd   Retrofit, Servotronic','');
insert into Diagram values('PP71-33_1261','PP71-20070700','33-05','E90N 320xd   DIFFERENTIAL-DRIVE/OUTPUT','');
insert into Diagram values('PP71-33_1341','PP71-20070700','33-10','E90N 320xd   Final drive, gasket set','');
insert into Diagram values('PP71-33_1306','PP71-20070700','33-25','E90N 320xd   Output shaft','');
insert into Diagram values('PP71-33_1230','PP71-20070700','33-30','E90N 320xd   REAR AXLE SUPPORT/WHEEL SUSPENSION','');
insert into Diagram values('PP71-33_1274','PP71-20070700','33-30','E90N 320xd   REAR AXLE CARRIER','');
insert into Diagram values('PP71-33_1287','PP71-20070700','33-30','E90N 320xd   Sensor,hdlght vertical aim ctrl 4-wheel','');
insert into Diagram values('PP71-33_1231','PP71-20070700','33-40','E90N 320xd   SIDE SHAFT/WHEEL BEARINGS','');
insert into Diagram values('PP71-33_1238','PP71-20070700','33-45','E90N 320xd   REAR COIL SPRING','');
insert into Diagram values('PP71-33_1263','PP71-20070700','33-45','E90N 320xd   REAR SPRING STRUT MOUNTING PARTS','');
insert into Diagram values('PP71-33_1280','PP71-20070700','33-45','E90N 320xd   Stabilizer, rear','');
insert into Diagram values('PP71-34_1474','PP71-20070700','34-05','E90N 320xd   Front brake pad wear sensor','');
insert into Diagram values('PP71-34_1509','PP71-20070700','34-05','E90N 320xd   Front brake pad wear sensor','');
insert into Diagram values('PP71-34_1475','PP71-20070700','34-07','E90N 320xd   Front brake-brake disc','');
insert into Diagram values('PP71-34_1476','PP71-20070700','34-10','E90N 320xd   Rear brake pad wear sensor','');
insert into Diagram values('PP71-34_1510','PP71-20070700','34-10','E90N 320xd   Rear brake pad wear sensor','');
insert into Diagram values('PP71-34_1478','PP71-20070700','34-12','E90N 320xd   Rear wheel brake-Brake disc','');
insert into Diagram values('PP71-34_1534','PP71-20070700','34-15','E90N 320xd   Brake pipe, front','');
insert into Diagram values('PP71-34_1808','PP71-20070700','34-17','E90N 320xd   Brake pipe rear','');
insert into Diagram values('PP71-34_1489','PP71-20070700','34-18','E90N 320xd   BRAKE PIPE REAR/MOUNTING','');
insert into Diagram values('PP71-34_1518','PP71-20070700','34-20','E90N 320xd   Hydro unit DXC/fastening/sensors','');
insert into Diagram values('PP71-34_1410','PP71-20070700','34-25','E90N 320xd   Brake master cylinder','');
insert into Diagram values('PP71-34_1617','PP71-20070700','34-27','E90N 320xd   Power brake unit depression','');
insert into Diagram values('PP71-34_1775','PP71-20070700','34-27','E90N 320xd   Power brake unit depression','');
insert into Diagram values('PP71-34_1484','PP71-20070700','34-30','E90N 320xd   Handbrake lever','');
insert into Diagram values('PP71-34_1485','PP71-20070700','34-40','E90N 320xd   PARKING BRAKE/BRAKE SHOES','');
insert into Diagram values('PP71-34_1513','PP71-20070700','34-95','E90N 320xd   Retrofit, handbrake handle','');
insert into Diagram values('PP71-34_1562','PP71-20070700','34-95','E90N 320xd   Handbrake grip with chrome inlay','');
insert into Diagram values('PP71-34_1631','PP71-20070700','34-95','E90N 320xd   Parking brake handle with clip','');
insert into Diagram values('PP71-34_1717','PP71-20070700','34-95','E90N 320xd   BMW Performance parking brake handle','');
insert into Diagram values('PP71-35_0293','PP71-20070700','35-05','E90N 320xd   Pedal assembly','');
insert into Diagram values('PP71-35_0307','PP71-20070700','35-05','E90N 320xd   Pedal assy w over-center helper spring','');
insert into Diagram values('PP71-35_0274','PP71-20070700','35-20','E90N 320xd   Acceleration/accelerator pedal module','');
insert into Diagram values('PP71-35_0275','PP71-20070700','35-95','E90N 320xd   Aluminum pedal covers','');
insert into Diagram values('PP71-35_0315','PP71-20070700','35-95','E90N 320xd   Set of high-grade steel pedal covers','');
insert into Diagram values('PP71-35_0327','PP71-20070700','35-95','E90N 320xd   BMW Performance Alu pedal plates','');
insert into Diagram values('PP71-35_0377','PP71-20070700','35-95','E90N 320xd   Aluminum pedal covers','');
insert into Diagram values('PP71-36_0836','PP71-20070700','36-10','E90N 320xd   STEEL RIM STYL.12','');
insert into Diagram values('PP71-36_0837','PP71-20070700','36-15','E90N 320xd   BMW alloy wheel, double spoke 154','');
insert into Diagram values('PP71-36_0838','PP71-20070700','36-15','E90N 320xd   BMW alloy wheel, double spoke 156','');
insert into Diagram values('PP71-36_0839','PP71-20070700','36-15','E90N 320xd   BMW light alloy wheel, spider spoke 155','');
insert into Diagram values('PP71-36_0840','PP71-20070700','36-15','E90N 320xd   BMW light alloy wheel, spider spoke 158','');
insert into Diagram values('PP71-36_0841','PP71-20070700','36-15','E90N 320xd   BMW light alloy wheel, spider spoke 159','');
insert into Diagram values('PP71-36_0842','PP71-20070700','36-15','E90N 320xd   BMW light alloy wheel, spider spoke 160','');
insert into Diagram values('PP71-36_0843','PP71-20070700','36-15','E90N 320xd   BMW alloy wheel, double spoke 161','');
insert into Diagram values('PP71-36_0844','PP71-20070700','36-15','E90N 320xd   BMW LA wheel, ellipsoid styling 162','');
insert into Diagram values('PP71-36_0845','PP71-20070700','36-15','E90N 320xd   BMW light alloy wheel, radial spoke 32','');
insert into Diagram values('PP71-36_0846','PP71-20070700','36-15','E90N 320xd   BMW Composite wheel, star spoke 179','');
insert into Diagram values('PP71-36_0847','PP71-20070700','36-15','E90N 320xd   BMW LA wheel/double spoke 195','');
insert into Diagram values('PP71-36_0848','PP71-20070700','36-15','E90N 320xd   BMW light alloy wheel, radial spoke 196','');
insert into Diagram values('PP71-36_0849','PP71-20070700','36-15','E90N 320xd   BMW light alloy wheel, cross spoke 197','');
insert into Diagram values('PP71-36_0850','PP71-20070700','36-15','E90N 320xd   BMW composite wheel, radial spoke 198','');
insert into Diagram values('PP71-36_0851','PP71-20070700','36-15','E90N 320xd   BMW light alloy wheel, spider spoke 199','');
insert into Diagram values('PP71-36_0900','PP71-20070700','36-15','E90N 320xd   BMW light alloy wheel, radial spoke 216','');
insert into Diagram values('PP71-36_0929','PP71-20070700','36-15','E90N 320xd   BMW LA Individual wheel V-spoke 152','');
insert into Diagram values('PP71-36_0930','PP71-20070700','36-15','E90N 320xd   BMW alloy wheel, M spider spoke 193','');
insert into Diagram values('PP71-36_0931','PP71-20070700','36-15','E90N 320xd   BMW alloy wheel, M double spoke 194','');
insert into Diagram values('PP71-36_0972','PP71-20070700','36-15','E90N 320xd   BMW light alloy wheel, spider spoke 157','');
insert into Diagram values('PP71-36_0973','PP71-20070700','36-15','E90N 320xd   BMW LA wheel, star spoke 185','');
insert into Diagram values('PP71-36_0974','PP71-20070700','36-15','E90N 320xd   BMW light alloy wheel, spider spoke 187','');
insert into Diagram values('PP71-36_0975','PP71-20070700','36-15','E90N 320xd   BMW light alloy wheel, V-spoke 188','');
insert into Diagram values('PP71-36_0976','PP71-20070700','36-15','E90N 320xd   BMW LA wheel, star spoke 189','');
insert into Diagram values('PP71-36_0978','PP71-20070700','36-15','E90N 320xd   BMW LA wheel, star spoke 230','');
insert into Diagram values('PP71-36_0980','PP71-20070700','36-15','E90N 320xd   BMW LA forged wheel Radial Spoke 190','');
insert into Diagram values('PP71-36_0988','PP71-20070700','36-15','E90N 320xd   BMW compound wheel M cross spoke 101','');
insert into Diagram values('PP71-36_1067','PP71-20070700','36-15','E90N 320xd   BMW LA wheel Individual w. V spokes 228','');
insert into Diagram values('PP71-36_1103','PP71-20070700','36-15','E90N 320xd   BMW LA wheel, dual spoke 268','');
insert into Diagram values('PP71-36_1127','PP71-20070700','36-15','E90N 320xd   BMW alloy wheel, M double spoke 225','');
insert into Diagram values('PP71-36_1134','PP71-20070700','36-15','E90N 320xd   BMW Performance LA wheel/double spoke269','');
insert into Diagram values('PP71-36_1286','PP71-20070700','36-15','E90N 320xd   BMW LA wheel, multispoke 282','');
insert into Diagram values('PP71-36_1287','PP71-20070700','36-15','E90N 320xd   BMW LA wheel, star spoke 283','');
insert into Diagram values('PP71-36_1288','PP71-20070700','36-15','E90N 320xd   BMW LA wheel, multispoke 284','');
insert into Diagram values('PP71-36_1289','PP71-20070700','36-15','E90N 320xd   BMW LA wheel, V-spoke 285','');
insert into Diagram values('PP71-36_1290','PP71-20070700','36-15','E90N 320xd   BMW LA wheel, star spoke 286','');
insert into Diagram values('PP71-36_1291','PP71-20070700','36-15','E90N 320xd   BMW LA wheel, star spoke 287','');
insert into Diagram values('PP71-36_1293','PP71-20070700','36-15','E90N 320xd   BMW LA cast wheel Radial Spoke 190','');
insert into Diagram values('PP71-36_1317','PP71-20070700','36-15','E90N 320xd   BMW LA wheel, Star Spoke 311','');
insert into Diagram values('PP71-36_1318','PP71-20070700','36-15','E90N 320xd   BMW Performance LA wheel DoubleSpoke 313','');
insert into Diagram values('PP71-36_1349','PP71-20070700','36-15','E90N 320xd   BMW light alloy wheel, radial spoke 32','');
insert into Diagram values('PP71-36_1431','PP71-20070700','36-15','E90N 320xd   BMW LA wheel, V Spoke 360','');
insert into Diagram values('PP71-36_1467','PP71-20070700','36-15','E90N 320xd   BMW LA wheel, V Spoke 342','');
insert into Diagram values('PP71-36_1478','PP71-20070700','36-15','E90N 320xd   BMW LA wheel, Star Spoke 339','');
insert into Diagram values('PP71-36_1479','PP71-20070700','36-15','E90N 320xd   BMW LA wheel, V Spoke 338','');
insert into Diagram values('PP71-36_1480','PP71-20070700','36-15','E90N 320xd   BMW LA wheel, Star Spoke 340','');
insert into Diagram values('PP71-36_1481','PP71-20070700','36-15','E90N 320xd   BMW LAW Double Spoke Performance 313','');
insert into Diagram values('PP71-36_1482','PP71-20070700','36-15','E90N 320xd   BMW LA wheel Streamline 306','');
insert into Diagram values('PP71-36_1501','PP71-20070700','36-15','E90N 320xd   BMW LA wheel, M Double Spoke 313','');
insert into Diagram values('PP71-36_0812','PP71-20070700','36-20','E90N 320xd   Balance weight, zinc','');
insert into Diagram values('PP71-36_0811','PP71-20070700','36-25','E90N 320xd   WHEEL BOLT LOCK WITH ADAPTOR','');
insert into Diagram values('PP71-36_1032','PP71-20070700','36-25','E90N 320xd   SET WHEEL LOCKS','');
insert into Diagram values('PP71-36_1077','PP71-20070700','36-30','E90N 320xd   Winter tires','');
insert into Diagram values('PP71-36_1668','PP71-20070700','36-30','E90N 320xd   Summer tires','');
insert into Diagram values('PP71-36_0918','PP71-20070700','36-95','E90N 320xd   Winter complete wheel double spoke 158','');
insert into Diagram values('PP71-36_0956','PP71-20070700','36-95','E90N 320xd   Winter wheel/tire, steel','');
insert into Diagram values('PP71-36_0957','PP71-20070700','36-95','E90N 320xd   COMPL.WINT.TYRE+WHEEL,RADIAL STYLING 32','');
insert into Diagram values('PP71-36_0969','PP71-20070700','36-95','E90N 320xd   Winter complete wheel double spoke 156','');
insert into Diagram values('PP71-36_1170','PP71-20070700','36-95','E90N 320xd   Winterkomplettrad Sternspeiche 159','');
insert into Diagram values('PP71-36_1274','PP71-20070700','36-95','E90N 320xd   Set emergency wheel with tyre','');
insert into Diagram values('PP71-36_1331','PP71-20070700','36-95','E90N 320xd   Winterkomplettrad Doppelspeiche 268','');
insert into Diagram values('PP71-36_1350','PP71-20070700','36-95','E90N 320xd   COMPL.WINT.TYRE+WHEEL,RADIAL STYLING 32','');
insert into Diagram values('PP71-36_1417','PP71-20070700','36-95','E90N 320xd   Winter complete wheel, Double Spoke 154','');
insert into Diagram values('PP71-36_1430','PP71-20070700','36-95','E90N 320xd   Winter complete wheel, Multi Spoke 284','');
insert into Diagram values('PP71-36_1449','PP71-20070700','36-95','E90N 320xd   Spare tire system','');
insert into Diagram values('PP71-36_1587','PP71-20070700','36-95','E90N 320xd   Winterkomplettrad Vielspeiche 282','');
insert into Diagram values('PP71-41_1670','PP71-20070700','41-05','E90N 320xd   Body skeleton','');
insert into Diagram values('PP71-41_1596','PP71-20070700','41-10','E90N 320xd   Front side panel','');
insert into Diagram values('PP71-41_1597','PP71-20070700','41-10','E90N 320xd   WHEELHOUSE/ENGINE SUPPORT','');
insert into Diagram values('PP71-41_1598','PP71-20070700','41-10','E90N 320xd   SPLASH WALL PARTS','');
insert into Diagram values('PP71-41_1599','PP71-20070700','41-10','E90N 320xd   FRONT BODY BRACKET LEFT','');
insert into Diagram values('PP71-41_1600','PP71-20070700','41-10','E90N 320xd   FRONT BODY BRACKET RIGHT','');
insert into Diagram values('PP71-41_1605','PP71-20070700','41-20','E90N 320xd   Partition trunk/Floor parts','');
insert into Diagram values('PP71-41_1637','PP71-20070700','41-20','E90N 320xd   Cavity shielding, side frame','');
insert into Diagram values('PP71-41_1642','PP71-20070700','41-20','E90N 320xd   BODY-SIDE FRAME','');
insert into Diagram values('PP71-41_1643','PP71-20070700','41-20','E90N 320xd   SINGLE COMPONENTS FOR BODY-SIDE FRAME','');
insert into Diagram values('PP71-41_1673','PP71-20070700','41-25','E90N 320xd   Mounting parts for trunk floor panel','');
insert into Diagram values('PP71-41_1674','PP71-20070700','41-25','E90N 320xd   FLOOR PARTS REAR EXTERIOR','');
insert into Diagram values('PP71-41_1675','PP71-20070700','41-25','E90N 320xd   Rear side panel','');
insert into Diagram values('PP71-41_1676','PP71-20070700','41-25','E90N 320xd   FILL-IN FLAP','');
insert into Diagram values('PP71-41_1601','PP71-20070700','41-30','E90N 320xd   Roof','');
insert into Diagram values('PP71-41_1641','PP71-20070700','41-35','E90N 320xd   ENGINE HOOD MECHANISM','');
insert into Diagram values('PP71-41_2205','PP71-20070700','41-35','E90N 320xd   ENGINE HOOD/MOUNTING PARTS','');
insert into Diagram values('PP71-41_1612','PP71-20070700','41-40','E90N 320xd   FRONT DOOR-HINGE/DOOR BRAKE','');
insert into Diagram values('PP71-41_1635','PP71-20070700','41-40','E90N 320xd   Door weatherstrip front','');
insert into Diagram values('PP71-41_1639','PP71-20070700','41-40','E90N 320xd   Radio remote control','');
insert into Diagram values('PP71-41_1973','PP71-20070700','41-40','E90N 320xd   DOOR CONTROL FRONT','');
insert into Diagram values('PP71-41_1613','PP71-20070700','41-45','E90N 320xd   Door rear, hinge/door brake','');
insert into Diagram values('PP71-41_1634','PP71-20070700','41-45','E90N 320xd   DOOR CONTROL REAR','');
insert into Diagram values('PP71-41_1636','PP71-20070700','41-45','E90N 320xd   Door weatherstrip rear','');
insert into Diagram values('PP71-41_1678','PP71-20070700','41-50','E90N 320xd   Master key locking','');
insert into Diagram values('PP71-41_1638','PP71-20070700','41-60','E90N 320xd   SINGLE COMPONENTS FOR TRUNK LID','');
insert into Diagram values('PP71-41_1677','PP71-20070700','41-60','E90N 320xd   TRUNK LID/CLOSING SYSTEM','');
insert into Diagram values('PP71-41_1607','PP71-20070700','41-65','E90N 320xd   MECHANICAL CONNECTION ELEMENTS','');
insert into Diagram values('PP71-51_5644','PP71-20070700','51-05','E90N 320xd   Glazing','');
insert into DiagramParts values('PP71-51_6939-51167158902', 'PP71-51_6939', 01, 'Mirror glas, heated, wide-angle, right', 'BLAU', 1, to_date('20080901','YYYYMMDD'), to_date('20090301','YYYYMMDD'), '51167158902', '', '', false);
insert into Diagram values('PP71-51_6939','PP71-20070700','51-07','E90N 320xd   MIRROR GLASS','');
insert into Diagram values('PP71-51_6940','PP71-20070700','51-07','E90N 320xd   Mirror glas with auto dip','');
insert into Diagram values('PP71-51_6946','PP71-20070700','51-07','E90N 320xd   Outside mirror','');
insert into Diagram values('PP71-51_6947','PP71-20070700','51-07','E90N 320xd   Fold-in outside mirror','');
insert into Diagram values('PP71-51_6948','PP71-20070700','51-07','E90N 320xd   Outside mirror bright-black','');
insert into Diagram values('PP71-51_6949','PP71-20070700','51-07','E90N 320xd   Fold-in outside mirror, bright-black','');
insert into Diagram values('PP71-51_5713','PP71-20070700','51-10','E90N 320xd   Window frame cover, front door','');
insert into Diagram values('PP71-51_5730','PP71-20070700','51-10','E90N 320xd   DOOR WINDOW LIFTING MECHANISM FRONT','');
insert into Diagram values('PP71-51_5723','PP71-20070700','51-12','E90N 320xd   Window frame cover, rear door','');
insert into Diagram values('PP71-51_5731','PP71-20070700','51-12','E90N 320xd   DOOR WINDOW LIFTING MECHANISM REAR','');
insert into Diagram values('PP71-51_5812','PP71-20070700','51-15','E90N 320xd   Carrier, bumper front','');
insert into Diagram values('PP71-51_6966','PP71-20070700','51-15','E90N 320xd   Trim panel, bumper, front','');
insert into Diagram values('PP71-51_7022','PP71-20070700','51-15','E90N 320xd   M FRONT BUMPER TRIM PANEL','');
insert into Diagram values('PP71-51_7019','PP71-20070700','51-16','E90N 320xd   M door sill trim panel','');
insert into Diagram values('PP71-51_7020','PP71-20070700','51-16','E90N 320xd   Door sill','');
insert into Diagram values('PP71-51_5824','PP71-20070700','51-17','E90N 320xd   Carrier, bumper rear','');
insert into Diagram values('PP71-51_5828','PP71-20070700','51-17','E90N 320xd   Bumper trim panel, rear','');
insert into Diagram values('PP71-51_5829','PP71-20070700','51-17','E90N 320xd   REAR BUMPER MOUNTING PARTS','');
insert into Diagram values('PP71-51_5973','PP71-20070700','51-17','E90N 320xd   M REAR BUMPER TRIM','');
insert into Diagram values('PP71-51_5732','PP71-20070700','51-20','E90N 320xd   Exterior trim and door seals','');
insert into Diagram values('PP71-51_5740','PP71-20070700','51-20','E90N 320xd   Exterior trim / Grille / Seals','');
insert into Diagram values('PP71-51_5849','PP71-20070700','51-20','E90N 320xd   Emblems','');
insert into Diagram values('PP71-51_6004','PP71-20070700','51-25','E90N 320xd   Police sticker','');
insert into Diagram values('PP71-51_6674','PP71-20070700','51-25','E90N 320xd   Paramedic sticker','');
insert into Diagram values('PP71-51_5710','PP71-20070700','51-30','E90N 320xd   Trim panel dashboard, support tube','');
insert into Diagram values('PP71-51_5719','PP71-20070700','51-30','E90N 320xd   Cup holder','');
insert into Diagram values('PP71-51_5721','PP71-20070700','51-30','E90N 320xd   GLOVE BOX','');
insert into Diagram values('PP71-51_9121','PP71-20070700','51-30','E90N 320xd   Mounting parts, I-panel, bottom I','');
insert into Diagram values('PP71-51_9185','PP71-20070700','51-30','E90N 320xd   Mounting parts, I-panel, top','');
insert into Diagram values('PP71-51_5722','PP71-20070700','51-35','E90N 320xd   CENTER CONSOLE STORING PARTITION','');
insert into Diagram values('PP71-51_5724','PP71-20070700','51-35','E90N 320xd   STORING PARTITION COVER','');
insert into Diagram values('PP71-51_5725','PP71-20070700','51-35','E90N 320xd   Mounting parts, center console, rear','');
insert into Diagram values('PP71-51_5726','PP71-20070700','51-35','E90N 320xd   Armrest, centre console','');
insert into DiagramParts values('PP71-51_5830-51169221750', 'PP71-51_5830', 01, 'Rearview mirror EC/LED/GTO/FLA/RC', '868 MHZ', 1, to_date('20090901','YYYYMMDD'), to_date('20100301','YYYYMMDD'), '51169221750', '', 'ENDED', false);
insert into Diagram values('PP71-51_5830','PP71-20070700','51-40','E90N 320xd   Interior mirror','');
insert into Diagram values('PP71-51_5832','PP71-20070700','51-40','E90N 320xd   Sun visors','');
insert into Diagram values('PP71-51_5834','PP71-20070700','51-40','E90N 320xd   Handle','');
insert into Diagram values('PP71-51_5839','PP71-20070700','51-40','E90N 320xd   Trim panel A- / B- / C-Column','');
insert into Diagram values('PP71-51_5840','PP71-20070700','51-40','E90N 320xd   Headlining','');
insert into Diagram values('PP71-51_5842','PP71-20070700','51-40','E90N 320xd   Rear window shelf / sun blind electr.','');
insert into Diagram values('PP71-51_5716','PP71-20070700','51-45','E90N 320xd   Interior moldings Titan Line','');
insert into Diagram values('PP71-51_5717','PP71-20070700','51-45','E90N 320xd   Interior trim finishers, aluminium','');
insert into Diagram values('PP71-51_5718','PP71-20070700','51-45','E90N 320xd   Fine wood trim burr walnut','');
insert into Diagram values('PP71-51_6601','PP71-20070700','51-45','E90N 320xd   Interior strips, aluminum, glaciersilber','');
insert into Diagram values('PP71-51_6984','PP71-20070700','51-45','E90N 320xd   Alum. interior strips ground lengthwise','');
insert into Diagram values('PP71-51_6986','PP71-20070700','51-45','E90N 320xd   Interior strips, high-gloss, spacegrau','');
insert into Diagram values('PP71-51_7035','PP71-20070700','51-45','E90N 320xd   Interior strips, diamantschwarz','');
insert into Diagram values('PP71-51_7038','PP71-20070700','51-45','E90N 320xd   Fine woodgrain version, walnut trunk','');
insert into Diagram values('PP71-51_7097','PP71-20070700','51-45','E90N 320xd   Interior strips, satin-silber','');
insert into Diagram values('PP71-51_7803','PP71-20070700','51-45','E90N 320xd   Int. strips, bamboo, grained, anthracite','');
insert into Diagram values('PP71-51_7950','PP71-20070700','51-45','E90N 320xd   Interior moldings, platin-bronze','');
insert into Diagram values('PP71-51_5835','PP71-20070700','51-50','E90N 320xd   Door trim panel, front','');
insert into Diagram values('PP71-51_5836','PP71-20070700','51-50','E90N 320xd   Door trim, rear','');
insert into Diagram values('PP71-51_5837','PP71-20070700','51-50','E90N 320xd   Door panel, rear window blind','');
insert into Diagram values('PP71-51_6592','PP71-20070700','51-50','E90N 320xd   Armrest, door panel, front','');
insert into Diagram values('PP71-51_5690','PP71-20070700','51-55','E90N 320xd   Floor mats, velours','');
insert into Diagram values('PP71-51_5838','PP71-20070700','51-55','E90N 320xd   TRIM PANEL LEG ROOM','');
insert into Diagram values('PP71-51_5841','PP71-20070700','51-55','E90N 320xd   FLOOR COVERING','');
insert into Diagram values('PP71-51_5846','PP71-20070700','51-55','E90N 320xd   EDGE PROTECTION/COVERINGS ROCKERS','');
insert into Diagram values('PP71-51_5847','PP71-20070700','51-65','E90N 320xd   Trim panel, trunk floor','');
insert into Diagram values('PP71-51_5848','PP71-20070700','51-65','E90N 320xd   LATERAL TRUNK FLOOR TRIM PANEL','');
insert into Diagram values('PP71-51_5850','PP71-20070700','51-65','E90N 320xd   TRUNK LID TRIM PANEL','');
insert into Diagram values('PP71-51_6263','PP71-20070700','51-65','E90N 320xd   Sliding comp. luggage comp./folding box','');
insert into Diagram values('PP71-51_6264','PP71-20070700','51-65','E90N 320xd   Luggage compartment sill trim','');
insert into Diagram values('PP71-51_5851','PP71-20070700','51-70','E90N 320xd   SOUND INSULATING FRONT','');
insert into Diagram values('PP71-51_5856','PP71-20070700','51-70','E90N 320xd   SOUND INSULATING REAR','');
insert into Diagram values('PP71-51_5857','PP71-20070700','51-70','E90N 320xd   Heat insulation','');
insert into Diagram values('PP71-51_5941','PP71-20070700','51-70','E90N 320xd   Diesel encapsulation','');
insert into Diagram values('PP71-51_5858','PP71-20070700','51-75','E90N 320xd   Front panel/body parts, engine compartm','');
insert into Diagram values('PP71-51_5860','PP71-20070700','51-75','E90N 320xd   Shield,engine compartm./underfloor panel','');
insert into Diagram values('PP71-51_5862','PP71-20070700','51-75','E90N 320xd   Wheel arch trim, front','');
insert into Diagram values('PP71-51_5863','PP71-20070700','51-75','E90N 320xd   Wheel arch trim, rear','');
insert into Diagram values('PP71-51_5875','PP71-20070700','51-75','E90N 320xd   Strut brace','');
insert into Diagram values('PP71-51_6216','PP71-20070700','51-75','E90N 320xd   Underfloor coating','');
insert into Diagram values('PP71-51_6258','PP71-20070700','51-75','E90N 320xd   Headlight arm/holder','');
insert into Diagram values('PP71-51_6950','PP71-20070700','51-75','E90N 320xd   FRONT AIR DUCT','');
insert into Diagram values('PP71-51_5859','PP71-20070700','51-80','E90N 320xd   Misc. body parts','');
insert into Diagram values('PP71-51_5861','PP71-20070700','51-80','E90N 320xd   Seal, hood','');
insert into Diagram values('PP71-51_5865','PP71-20070700','51-80','E90N 320xd   Sealing cap/plug','');
insert into Diagram values('PP71-51_4635','PP71-20070700','51-95','E90N 320xd   Exterior mirror for towing','');
insert into Diagram values('PP71-51_4694','PP71-20070700','51-95','E90N 320xd   Aluminum footrest','');
insert into Diagram values('PP71-51_4698','PP71-20070700','51-95','E90N 320xd   Boot lashing strap','');
insert into Diagram values('PP71-51_5362','PP71-20070700','51-95','E90N 320xd   Luggage compartment, folding','');
insert into Diagram values('PP71-51_5688','PP71-20070700','51-95','E90N 320xd   Luggage compatment box "multifix"','');
insert into Diagram values('PP71-51_5697','PP71-20070700','51-95','E90N 320xd   Illuminated door sill strip retrofit kit','');
insert into Diagram values('PP71-51_5738','PP71-20070700','51-95','E90N 320xd   Umbrella with bag','');
insert into Diagram values('PP71-51_5739','PP71-20070700','51-95','E90N 320xd   Storage sleeve DVD/CD','');
insert into Diagram values('PP71-51_5799','PP71-20070700','51-95','E90N 320xd   Fitted luggage compartment mat','');
insert into Diagram values('PP71-51_5906','PP71-20070700','51-95','E90N 320xd   Non-skid mat','');
insert into Diagram values('PP71-51_5918','PP71-20070700','51-95','E90N 320xd   Retrofit:oddments tray luggage compartm.','');
insert into Diagram values('PP71-51_5919','PP71-20070700','51-95','E90N 320xd   Retrofit: boot/trunk floor net','');
insert into Diagram values('PP71-51_5921','PP71-20070700','51-95','E90N 320xd   Retrofit:oddments tray under load. floor','');
insert into Diagram values('PP71-51_5922','PP71-20070700','51-95','E90N 320xd   Retrofit, fine wood trim, walnut root','');
insert into Diagram values('PP71-51_5924','PP71-20070700','51-95','E90N 320xd   Alum. interior strips ground lengthwise','');
insert into Diagram values('PP71-51_5925','PP71-20070700','51-95','E90N 320xd   Retrofit, armrest front, movable','');
insert into Diagram values('PP71-51_5927','PP71-20070700','51-95','E90N 320xd   SUPPLEMENTARY SET SUN BLIND ELECTR.','');
insert into Diagram values('PP71-51_5928','PP71-20070700','51-95','E90N 320xd   Retrofit rearview mirror w. auto dimmer','');
insert into Diagram values('PP71-51_5937','PP71-20070700','51-95','E90N 320xd   Floor mats Commercial','');
insert into Diagram values('PP71-51_5940','PP71-20070700','51-95','E90N 320xd   Boot/trunk floor net','');
insert into Diagram values('PP71-51_5945','PP71-20070700','51-95','E90N 320xd   Rubber mat','');
insert into Diagram values('PP71-51_5954','PP71-20070700','51-95','E90N 320xd   Load edge protector','');
insert into Diagram values('PP71-51_5980','PP71-20070700','51-95','E90N 320xd   Retrofit: heating outside mirror','');
insert into Diagram values('PP71-51_5981','PP71-20070700','51-95','E90N 320xd   Door sill strip retrofit kit st. steel','');
insert into Diagram values('PP71-51_5989','PP71-20070700','51-95','E90N 320xd   Retrofit, Chrome Line Exterieur','');
insert into Diagram values('PP71-51_5997','PP71-20070700','51-95','E90N 320xd   Pocket holder','');
insert into Diagram values('PP71-51_6019','PP71-20070700','51-95','E90N 320xd   Floor mats, velours','');
insert into Diagram values('PP71-51_6029','PP71-20070700','51-95','E90N 320xd   Carbon fiber package','');
insert into Diagram values('PP71-51_6038','PP71-20070700','51-95','E90N 320xd   Rear spoiler','');
insert into Diagram values('PP71-51_6066','PP71-20070700','51-95','E90N 320xd   Sunshade','');
insert into Diagram values('PP71-51_6068','PP71-20070700','51-95','E90N 320xd   Retrofit, M cover, entrance','');
insert into Diagram values('PP71-51_6083','PP71-20070700','51-95','E90N 320xd   Strut brace','');
insert into Diagram values('PP71-51_6165','PP71-20070700','51-95','E90N 320xd   Luggage compartment clamping belts','');
insert into Diagram values('PP71-51_6174','PP71-20070700','51-95','E90N 320xd   Retrofit, cup holder','');
insert into Diagram values('PP71-51_6243','PP71-20070700','51-95','E90N 320xd   Interior moldings Carbon','');
insert into Diagram values('PP71-51_6259','PP71-20070700','51-95','E90N 320xd   Retrofit M foot rest','');
insert into Diagram values('PP71-51_6283','PP71-20070700','51-95','E90N 320xd   Load compartment protective cover','');
insert into Diagram values('PP71-51_6477','PP71-20070700','51-95','E90N 320xd   Key fob','');
insert into Diagram values('PP71-51_6639','PP71-20070700','51-95','E90N 320xd   Protective loading edge mat','');
insert into Diagram values('PP71-51_6695','PP71-20070700','51-95','E90N 320xd   Storage net, footwell, front','');
insert into Diagram values('PP71-51_6778','PP71-20070700','51-95','E90N 320xd   BMW Performance strut tower brace carbon','');
insert into Diagram values('PP71-51_6892','PP71-20070700','51-95','E90N 320xd   Moulding rocker panels','');
insert into Diagram values('PP71-51_6973','PP71-20070700','51-95','E90N 320xd   BMW Performance side stripes','');
insert into Diagram values('PP71-51_7030','PP71-20070700','51-95','E90N 320xd   Retrofit kit M aerodyn. package','');
insert into Diagram values('PP71-51_7034','PP71-20070700','51-95','E90N 320xd   Sun blind strips','');
insert into Diagram values('PP71-51_7061','PP71-20070700','51-95','E90N 320xd   Non-skid mat','');
insert into Diagram values('PP71-51_7115','PP71-20070700','51-95','E90N 320xd   BMW Performance Aerodynamics','');
insert into Diagram values('PP71-51_7116','PP71-20070700','51-95','E90N 320xd   BMW Performance Aerodynamics, front','');
insert into Diagram values('PP71-51_7117','PP71-20070700','51-95','E90N 320xd   BMW Performance Aerodynamics, rear','');
insert into Diagram values('PP71-51_7118','PP71-20070700','51-95','E90N 320xd   BMW Performance Aerodynamics, rocker','');
insert into Diagram values('PP71-51_7142','PP71-20070700','51-95','E90N 320xd   BMW Performance Aluminum footrest','');
insert into Diagram values('PP71-51_7144','PP71-20070700','51-95','E90N 320xd   BMW Performance Interior moldings Carbon','');
insert into Diagram values('PP71-51_7149','PP71-20070700','51-95','E90N 320xd   Attached part for front apron','');
insert into Diagram values('PP71-51_7152','PP71-20070700','51-95','E90N 320xd   BMW Performance strut tower brace, alu','');
insert into Diagram values('PP71-51_7158','PP71-20070700','51-95','E90N 320xd   Cover for mirror, carbon','');
insert into Diagram values('PP71-51_7191','PP71-20070700','51-95','E90N 320xd   Retrofit trim grill','');
insert into Diagram values('PP71-51_7193','PP71-20070700','51-95','E90N 320xd   Interior strips, high-gloss, grey','');
insert into Diagram values('PP71-51_7195','PP71-20070700','51-95','E90N 320xd   Interior trim finishers black high-gloss','');
insert into Diagram values('PP71-51_7228','PP71-20070700','51-95','E90N 320xd   BMW Performance door sill moldings','');
insert into Diagram values('PP71-51_7236','PP71-20070700','51-95','E90N 320xd   Footmat update','');
insert into Diagram values('PP71-51_7302','PP71-20070700','51-95','E90N 320xd   Luggage compartment pan','');
insert into Diagram values('PP71-51_7303','PP71-20070700','51-95','E90N 320xd   ASHTRAY REAR','');
insert into Diagram values('PP71-51_7665','PP71-20070700','51-95','E90N 320xd   Interior equipment, upper','');
insert into Diagram values('PP71-51_7713','PP71-20070700','51-95','E90N 320xd   Multifunct.lugg.compartm.mat w.fold.cont','');
insert into Diagram values('PP71-51_7869','PP71-20070700','51-95','E90N 320xd   Retrofit kit, interior trim, adhesive','');
insert into Diagram values('PP71-51_7896','PP71-20070700','51-95','E90N 320xd   Retrofit kit, interior trim, adhesive','');
insert into Diagram values('PP71-51_8051','PP71-20070700','51-95','E90N 320xd   First-aid kit, universal','');
insert into Diagram values('PP71-51_8522','PP71-20070700','51-95','E90N 320xd   Travel & Comfort System','');
insert into Diagram values('PP71-51_8703','PP71-20070700','51-95','E90N 320xd   Pocket set in interior','');
insert into Diagram values('PP71-51_8991','PP71-20070700','51-95','E90N 320xd   Floor mat, Allweather','');
insert into Diagram values('PP71-52_3182','PP71-20070700','52-10','E90N 320xd   Seat front, upholstery & cover base seat','');
insert into DiagramParts values('PP71-52_3183-52107246851', 'PP71-52_3183', 04, 'SEAT COVER LEATHER', 'GRAU', 1, to_date('20080901','YYYYMMDD'), to_date('20100901','YYYYMMDD'), '52107246851', '', 'ENDED', false);
insert into DiagramParts values('PP71-52_3183-52107246852', 'PP71-52_3183', 04, 'SEAT COVER LEATHER', 'BEIGE', 1, to_date('20080901','YYYYMMDD'), to_date('20100901','YYYYMMDD'), '52107246852', '', '+core, ENDED', false);
insert into DiagramParts values('PP71-52_3183-52107246838', 'PP71-52_3183', 04, 'SEAT COVER LEATHER', 'SCHWARZ', 1, to_date('20080901','YYYYMMDD'), to_date('20100901','YYYYMMDD'), '52107246838', '', 'ENDED', false);
insert into DiagramParts values('PP71-52_3183-52107257593', 'PP71-52_3183', 04, 'SEAT COVER LEATHER', 'OYSTER', 1, to_date('20090901','YYYYMMDD'), to_date('20100901','YYYYMMDD'), '52107257593', '', 'ENDED', false);
insert into DiagramParts values('PP71-52_3183-52107257594', 'PP71-52_3183', 04, 'SEAT COVER LEATHER', 'SATTELBRAUN', 1, to_date('20090901','YYYYMMDD'), to_date('20100901','YYYYMMDD'), '52107257594', '', 'ENDED', false);
insert into DiagramParts values('PP71-52_3183-52107257595', 'PP71-52_3183', 04, 'SEAT COVER LEATHER', 'ROTBRAUN', 1, to_date('20090901','YYYYMMDD'), to_date('20100901','YYYYMMDD'), '52107257595', '', '+core, ENDED', false);
insert into DiagramParts values('PP71-52_3183-52109156456', 'PP71-52_3183', 05, 'COVER BACKREST LEATHER RIGHT', 'GRAU', 1, to_date('20070401','YYYYMMDD'), to_date('20080901','YYYYMMDD'), '52109156456', '$695.57', '', false);
insert into DiagramParts values('PP71-52_3183-52109156458', 'PP71-52_3183', 05, 'COVER BACKREST LEATHER RIGHT', 'BEIGE', 1, to_date('20070401','YYYYMMDD'), to_date('20080901','YYYYMMDD'), '52109156458', '$695.57', '', false);
insert into DiagramParts values('PP71-52_3183-52109156454', 'PP71-52_3183', 05, 'COVER BACKREST LEATHER RIGHT', 'SCHWARZ', 1, to_date('20070401','YYYYMMDD'), to_date('20080901','YYYYMMDD'), '52109156454', '$695.57', '', false);
insert into Diagram values('PP71-52_3183','PP71-20070700','52-10','E90N 320xd   Seat, front, uphlstry, cover, Sport seat','');
insert into Diagram values('PP71-52_3184','PP71-20070700','52-10','E90N 320xd   Seat, front, lumbar','');
insert into Diagram values('PP71-52_3185','PP71-20070700','52-10','E90N 320xd   FRONT SEAT RAIL MECHANICAL/SINGLE PARTS','');
insert into Diagram values('PP71-52_3186','PP71-20070700','52-10','E90N 320xd   FRONT SEAT RAIL ELECTRICAL/SINGLE PARTS','');
insert into Diagram values('PP71-52_3187','PP71-20070700','52-10','E90N 320xd   FRONT SEAT BACKREST FRAME/REAR PANEL','');
insert into Diagram values('PP71-52_3468','PP71-20070700','52-10','E90N 320xd   BMW Performance Sport Seat','');
insert into Diagram values('PP71-52_3487','PP71-20070700','52-10','E90N 320xd   Seat, front, head restraint','');
insert into Diagram values('PP71-52_3541','PP71-20070700','52-10','E90N 320xd   Seat, front, electrical and motors','');
insert into DiagramParts values('PP71-52_3188-52207213545', 'PP71-52_3188', 01, 'Headrest leather', 'SCHWARZ', 2, to_date('20080901','YYYYMMDD'), to_date('20090301','YYYYMMDD'), '52207213545', '', 'ENDED', false);
insert into DiagramParts values('PP71-52_3188-52207213547', 'PP71-52_3188', 01, 'Headrest leather', 'SAVANNABEIGE', 2, to_date('20080901','YYYYMMDD'), to_date('20090301','YYYYMMDD'), '52207213547', '', 'ENDED', false);
insert into DiagramParts values('PP71-52_3188-52207213546', 'PP71-52_3188', 01, 'Headrest leather', 'GRAU', 2, to_date('20080901','YYYYMMDD'), to_date('20090301','YYYYMMDD'), '52207213546', '', 'ENDED', false);
insert into DiagramParts values('PP71-52_3188-52207213520', 'PP71-52_3188', 02, 'Headrest leather', 'SCHWARZ', 2, to_date('20080901','YYYYMMDD'), to_date('20090301','YYYYMMDD'), '52207213520', '', 'ENDED', false);
insert into DiagramParts values('PP71-52_3188-52207213534', 'PP71-52_3188', 02, 'Headrest leather', 'BEIGE', 2, to_date('20080901','YYYYMMDD'), to_date('20090301','YYYYMMDD'), '52207213534', '', 'ENDED', false);
insert into DiagramParts values('PP71-52_3188-52207213533', 'PP71-52_3188', 02, 'Headrest leather', 'GRAU', 2, to_date('20080901','YYYYMMDD'), to_date('20090301','YYYYMMDD'), '52207213533', '', 'ENDED', false);
insert into Diagram values('PP71-52_3188','PP71-20070700','52-20','E90N 320xd   Rear seat head restraint','');
insert into Diagram values('PP71-52_3189','PP71-20070700','52-20','E90N 320xd   Seat, rear, head restraint, center','');
insert into Diagram values('PP71-52_3191','PP71-20070700','52-20','E90N 320xd   Seat rear, upholstery & cover base seat','');
insert into Diagram values('PP71-52_3192','PP71-20070700','52-20','E90N 320xd   Seat rear, upholstery & cover base seat','');
insert into Diagram values('PP71-52_3193','PP71-20070700','52-20','E90N 320xd   Seat, rear, seat frame, load-through','');
insert into Diagram values('PP71-52_3194','PP71-20070700','52-20','E90N 320xd   Rear seat ski bag','');
insert into Diagram values('PP71-52_3212','PP71-20070700','52-20','E90N 320xd   Seat, rear, backrest trim covers','');
insert into Diagram values('PP71-52_3216','PP71-20070700','52-20','E90N 320xd   Rear seat center armrest','');
insert into Diagram values('PP71-52_3712','PP71-20070700','52-65','E90N 320xd   Seat heating','');
insert into Diagram values('PP71-52_3015','PP71-20070700','52-95','E90N 320xd   UNIVERSAL PRODECTIVE REAR COVER','');
insert into Diagram values('PP71-52_3199','PP71-20070700','52-95','E90N 320xd   Fire extinguisher','');
insert into Diagram values('PP71-52_3235','PP71-20070700','52-95','E90N 320xd   Front seat heating retrofit','');
insert into Diagram values('PP71-52_3269','PP71-20070700','52-95','E90N 320xd   Seat-back storage pocket','');
insert into Diagram values('PP71-52_3270','PP71-20070700','52-95','E90N 320xd   SHEEPSKIN SEAT COVERS','');
insert into Diagram values('PP71-52_3519','PP71-20070700','52-95','E90N 320xd   Retrofit, ski bag','');
insert into Diagram values('PP71-52_3527','PP71-20070700','52-95','E90N 320xd   Retrofit, net bag at seat backrest','');
insert into Diagram values('PP71-52_3565','PP71-20070700','52-95','E90N 320xd   Retrofitting rear folding head restraint','');
insert into Diagram values('PP71-52_3792','PP71-20070700','52-95','E90N 320xd   Fire extinguisher','');
insert into Diagram values('PP71-54_0341','PP71-20070700','54-05','E90N 320xd   SLID.LIFT. ROOF-COVER/CEILING FRAME','');
insert into Diagram values('PP71-61_2010','PP71-20070700','61-05','E90N 320xd   Repair cable main cable harness','');
insert into Diagram values('PP71-61_2886','PP71-20070700','61-05','E90N 320xd   Main wiring harness, duplicate','');
insert into Diagram values('PP71-61_1822','PP71-20070700','61-10','E90N 320xd   Cable-yarded material','');
insert into Diagram values('PP71-61_1861','PP71-20070700','61-10','E90N 320xd   VARIOUS ADDITIONAL WIRING SETS','');
insert into Diagram values('PP71-61_1864','PP71-20070700','61-10','E90N 320xd   Wiring harness, instrument panel','');
insert into Diagram values('PP71-61_1868','PP71-20070700','61-10','E90N 320xd   Wiring set seat','');
insert into Diagram values('PP71-61_1869','PP71-20070700','61-10','E90N 320xd   Repair cable, airbag','');
insert into Diagram values('PP71-61_1945','PP71-20070700','61-10','E90N 320xd   DOOR CABLE HARNESSES','');
insert into Diagram values('PP71-61_2262','PP71-20070700','61-10','E90N 320xd   VARIOUS ADDITIONAL WIRING SETS','');
insert into Diagram values('PP71-61_2567','PP71-20070700','61-10','E90N 320xd   Rep. wire for B+','');
insert into Diagram values('PP71-61_1280','PP71-20070700','61-15','E90N 320xd   Plug terminal ELO not waterproof','');
insert into Diagram values('PP71-61_1296','PP71-20070700','61-15','E90N 320xd   Circular connector / D 2,5 mm System','');
insert into Diagram values('PP71-61_1559','PP71-20070700','61-15','E90N 320xd   PLUG-IN CONNECTION BRACKET','');
insert into Diagram values('PP71-61_1578','PP71-20070700','61-15','E90N 320xd   Repair parts, optical fibre cable','');
insert into Diagram values('PP71-61_1691','PP71-20070700','61-15','E90N 320xd   Pin contacts ELO','');
insert into Diagram values('PP71-61_1711','PP71-20070700','61-15','E90N 320xd   Cable tie','');
insert into Diagram values('PP71-61_1754','PP71-20070700','61-15','E90N 320xd   Plug terminal ELO-Power','');
insert into Diagram values('PP71-61_1764','PP71-20070700','61-15','E90N 320xd   Diagnosis plug','');
insert into Diagram values('PP71-61_1765','PP71-20070700','61-15','E90N 320xd   Various cable terminals','');
insert into Diagram values('PP71-61_1865','PP71-20070700','61-15','E90N 320xd   VARIOUS CABLE HOLDERS','');
insert into Diagram values('PP71-61_1896','PP71-20070700','61-15','E90N 320xd   VARIOUS CABLE HOLDERS','');
insert into Diagram values('PP71-61_1971','PP71-20070700','61-15','E90N 320xd   Cable guide','');
insert into Diagram values('PP71-61_2020','PP71-20070700','61-15','E90N 320xd   Various cable grommets','');
insert into Diagram values('PP71-61_2063','PP71-20070700','61-15','E90N 320xd   Comb type connector','');
insert into Diagram values('PP71-61_2068','PP71-20070700','61-15','E90N 320xd   Contact system LSK8','');
insert into Diagram values('PP71-61_2107','PP71-20070700','61-15','E90N 320xd   Various parts, wiring harness repair','');
insert into Diagram values('PP71-61_2156','PP71-20070700','61-15','E90N 320xd   Double leaf spring contact','');
insert into Diagram values('PP71-61_2216','PP71-20070700','61-15','E90N 320xd   Terminal system MCON','');
insert into Diagram values('PP71-61_2217','PP71-20070700','61-15','E90N 320xd   Contact system MQS','');
insert into Diagram values('PP71-61_2268','PP71-20070700','61-15','E90N 320xd   Contact system MAK8','');
insert into Diagram values('PP71-61_2292','PP71-20070700','61-15','E90N 320xd   SLK socket contact','');
insert into Diagram values('PP71-61_2293','PP71-20070700','61-15','E90N 320xd   Contact system blade terminal MDK4 2.8','');
insert into Diagram values('PP71-61_2452','PP71-20070700','61-15','E90N 320xd   Round plug system D 1.5 mm','');
insert into Diagram values('PP71-61_2458','PP71-20070700','61-15','E90N 320xd   diverse plugs and connectors','');
insert into Diagram values('PP71-61_2521','PP71-20070700','61-15','E90N 320xd   Socket housing MQS','');
insert into Diagram values('PP71-61_2638','PP71-20070700','61-15','E90N 320xd   Repair parts, coaxial cable contacts','');
insert into Diagram values('PP71-61_2680','PP71-20070700','61-15','E90N 320xd   Repair parts, coaxial cable housing','');
insert into Diagram values('PP71-61_1710','PP71-20070700','61-20','E90N 320xd   Fuses / sign with fuse allocat. diagr.','');
insert into Diagram values('PP71-61_2220','PP71-20070700','61-20','E90N 320xd   Individual parts, power distributor, fr.','');
insert into Diagram values('PP71-61_1718','PP71-20070700','61-25','E90N 320xd   Control unit/antennas passive access','');
insert into Diagram values('PP71-61_1847','PP71-20070700','61-25','E90N 320xd   BRACKET F BODY CONTROL UNITS AND MODULES','');
insert into DiagramParts values('PP71-61_2095-61359147196', 'PP71-61_2095', 01, 'Control unit CAS', 'CAS3', 1, to_date('20041201','YYYYMMDD'), to_date('20090901','YYYYMMDD'), '61359147196', '', 'ENDED', false);
insert into DiagramParts values('PP71-61_2095-61359147212', 'PP71-61_2095', 01, 'Control unit CAS', 'CAS3', 1, to_date('20041201','YYYYMMDD'), to_date('20090901','YYYYMMDD'), '61359147212', '', 'ENDED', false);
insert into DiagramParts values('PP71-61_2095-61359147220', 'PP71-61_2095', 01, 'Control unit CAS', 'CAS3', 1, to_date('20041201','YYYYMMDD'), to_date('20090901','YYYYMMDD'), '61359147220', '', 'ENDED', false);
insert into DiagramParts values('PP71-61_2095-61359147221', 'PP71-61_2095', 01, 'Control unit CAS', 'CAS3', 1, to_date('20041201','YYYYMMDD'), to_date('20090901','YYYYMMDD'), '61359147221', '', 'ENDED', false);
insert into DiagramParts values('PP71-61_2095-61359147226', 'PP71-61_2095', 01, 'Control unit CAS', 'CAS3', 1, to_date('20041201','YYYYMMDD'), to_date('20090901','YYYYMMDD'), '61359147226', '', 'ENDED', false);
insert into DiagramParts values('PP71-61_2095-61359217853', 'PP71-61_2095', 01, 'Control unit CAS', 'CAS3', 1, to_date('20041201','YYYYMMDD'), to_date('20100301','YYYYMMDD'), '61359217853', '', 'ENDED', false);
insert into Diagram values('PP71-61_2095','PP71-20070700','61-25','E90N 320xd   Control unit CAS','');
insert into DiagramParts values('PP71-61_2096-61359221180', 'PP71-61_2096', 07, 'TRAILER TOWING MODUL', '4R', 1, to_date('20090301','YYYYMMDD'), to_date('20110301','YYYYMMDD'), '61359221180', '$203.91', '', false);
insert into Diagram values('PP71-61_2096','PP71-20070700','61-25','E90N 320xd   Control units/modules','');
insert into Diagram values('PP71-61_2236','PP71-20070700','61-25','E90N 320xd   Control unit Junctionbox Elektronik','');
insert into Diagram values('PP71-61_2241','PP71-20070700','61-25','E90N 320xd   ECU, footwell module 2','');
insert into Diagram values('PP71-61_2285','PP71-20070700','61-25','E90N 320xd   DC/DC-TORQUE CONVERTER','');
insert into Diagram values('PP71-61_2518','PP71-20070700','61-25','E90N 320xd   ECU, steering wheel heater electronics','');
insert into Diagram values('PP71-61_2574','PP71-20070700','61-25','E90N 320xd   ECU, footwell module 3','');
insert into Diagram values('PP71-61_2966','PP71-20070700','61-25','E90N 320xd   Official vehicle package','');
insert into Diagram values('PP71-61_1859','PP71-20070700','61-30','E90N 320xd   B+ terminal point, engine compartment','');
insert into DiagramParts values('PP71-61_1946-61126988974', 'PP71-61_1946', 04, 'Battery cable (plus pole)', 'SBK', 1, to_date('20060301','YYYYMMDD'), to_date('20090901','YYYYMMDD'), '61126988974', '', 'ENDED', false);
insert into Diagram values('PP71-61_1946','PP71-20070700','61-30','E90N 320xd   Battery lead/distribution box, rear','');
insert into Diagram values('PP71-61_1986','PP71-20070700','61-30','E90N 320xd   Original BMW battery (Warranty only)','');
insert into Diagram values('PP71-61_1987','PP71-20070700','61-30','E90N 320xd   battery holder and mounting parts','');
insert into Diagram values('PP71-61_1845','PP71-20070700','61-35','E90N 320xd   Seat adjustment switch, front','');
insert into Diagram values('PP71-61_1849','PP71-20070700','61-35','E90N 320xd   VARIOUS SWITCHES','');
insert into Diagram values('PP71-61_1880','PP71-20070700','61-35','E90N 320xd   Switch, Multifunction Sport/M st. wheel','');
insert into Diagram values('PP71-61_1951','PP71-20070700','61-35','E90N 320xd   SWITCH WINDOW LIFTER','');
insert into Diagram values('PP71-61_1960','PP71-20070700','61-35','E90N 320xd   Modules/switch/charge socket,off. veh.','');
insert into Diagram values('PP71-61_1965','PP71-20070700','61-35','E90N 320xd   Switch, multifunct. steering wheel','');
insert into Diagram values('PP71-61_1975','PP71-20070700','61-35','E90N 320xd   Switch unit roof','');
insert into Diagram values('PP71-61_2051','PP71-20070700','61-35','E90N 320xd   Switch unit roof','');
insert into Diagram values('PP71-61_2089','PP71-20070700','61-35','E90N 320xd   Switch unit roof','');
insert into Diagram values('PP71-61_2128','PP71-20070700','61-35','E90N 320xd   Switch for brake, clutch','');
insert into Diagram values('PP71-61_2281','PP71-20070700','61-35','E90N 320xd   Starter/Stop switch','');
insert into Diagram values('PP71-61_2282','PP71-20070700','61-35','E90N 320xd   Switch hazard warning/central lckng syst','');
insert into Diagram values('PP71-61_2335','PP71-20070700','61-35','E90N 320xd   Official vehicle package','');
insert into Diagram values('PP71-61_2426','PP71-20070700','61-35','E90N 320xd   Control element light','');
insert into Diagram values('PP71-61_2434','PP71-20070700','61-35','E90N 320xd   Switch unit steering column','');
insert into Diagram values('PP71-61_2480','PP71-20070700','61-35','E90N 320xd   Cigarette lighter / sockets','');
insert into Diagram values('PP71-61_2506','PP71-20070700','61-35','E90N 320xd   Switch unit, center console','');
insert into Diagram values('PP71-61_2632','PP71-20070700','61-35','E90N 320xd   Official vehicle package','');
insert into Diagram values('PP71-61_2639','PP71-20070700','61-35','E90N 320xd   Shift paddles / Shift paddles','');
insert into Diagram values('PP71-61_2900','PP71-20070700','61-35','E90N 320xd   USB/AUX-IN socket','');
insert into Diagram values('PP71-61_2946','PP71-20070700','61-35','E90N 320xd   USB/AUX-IN socket','');
insert into Diagram values('PP71-61_3088','PP71-20070700','61-35','E90N 320xd   Switch unit steering column','');
insert into Diagram values('PP71-61_2857','PP71-20070700','61-40','E90N 320xd   Horn','');
insert into Diagram values('PP71-61_1877','PP71-20070700','61-45','E90N 320xd   FILLER PIPE FOR WASH CONTAINER','');
insert into Diagram values('PP71-61_1879','PP71-20070700','61-45','E90N 320xd   Reserv.,windshield/headlight washer syst','');
insert into Diagram values('PP71-61_1954','PP71-20070700','61-45','E90N 320xd   SINGLE COMPONENTS FOR WIPER ARM','');
insert into Diagram values('PP71-61_1955','PP71-20070700','61-45','E90N 320xd   Wiper system, complete','');
insert into Diagram values('PP71-61_1988','PP71-20070700','61-45','E90N 320xd   SINGLE PARTS FOR HEAD LAMP CLEANING','');
insert into Diagram values('PP71-61_2009','PP71-20070700','61-45','E90N 320xd   SINGLE PARTS FOR WINDSHIELD CLEANING','');
insert into Diagram values('PP71-61_2001','PP71-20070700','61-95','E90N 320xd   Retrofit kit, headlight cleaning system','');
insert into Diagram values('PP71-61_2223','PP71-20070700','61-95','E90N 320xd   Suppression filter','');
insert into Diagram values('PP71-61_3026','PP71-20070700','61-95','E90N 320xd   Battery charger','');
insert into Diagram values('PP71-61_3066','PP71-20070700','61-95','E90N 320xd   Jumper cable','');
insert into Diagram values('PP71-61_3244','PP71-20070700','61-95','E90N 320xd   Battery charger','');
insert into Diagram values('PP71-62_0483','PP71-20070700','62-05','E90N 320xd   Instrument cluster','');
insert into Diagram values('PP71-62_0561','PP71-20070700','62-95','E90N 320xd   Electronic log book','');
insert into Diagram values('PP71-63_1067','PP71-20070700','63-05','E90N 320xd   SPARE BULBS BOX','');
insert into Diagram values('PP71-63_1068','PP71-20070700','63-05','E90N 320xd   Headlight','');
insert into Diagram values('PP71-63_1069','PP71-20070700','63-05','E90N 320xd   Individual parts for headlamp, halogen','');
insert into Diagram values('PP71-63_1070','PP71-20070700','63-05','E90N 320xd   Single components f headlight Xenon/ALC','');
insert into Diagram values('PP71-63_1363','PP71-20070700','63-05','E90N 320xd   BMW Performance Light','');
insert into Diagram values('PP71-63_1420','PP71-20070700','63-05','E90N 320xd   SPARE BULBS BOX','');
insert into Diagram values('PP71-63_0920','PP71-20070700','63-10','E90N 320xd   Additional turn indicator lamp','');
insert into Diagram values('PP71-63_0940','PP71-20070700','63-15','E90N 320xd   Fog lamp, Sport Package M','');
insert into Diagram values('PP71-63_1073','PP71-20070700','63-15','E90N 320xd   Fog lights','');
insert into Diagram values('PP71-63_1074','PP71-20070700','63-20','E90N 320xd   Rear light','');
insert into Diagram values('PP71-63_0916','PP71-20070700','63-25','E90N 320xd   Third stoplamp','');
insert into Diagram values('PP71-63_0911','PP71-20070700','63-30','E90N 320xd   Various interior lights','');
insert into Diagram values('PP71-63_0915','PP71-20070700','63-30','E90N 320xd   Door handle illumination','');
insert into Diagram values('PP71-63_1112','PP71-20070700','63-30','E90N 320xd   License plate lamp, LED','');
insert into Diagram values('PP71-63_1113','PP71-20070700','63-30','E90N 320xd   Strobe lamp - rear','');
insert into Diagram values('PP71-63_1153','PP71-20070700','63-95','E90N 320xd   Flashlight, LED','');
insert into Diagram values('PP71-63_1289','PP71-20070700','63-95','E90N 320xd   Retrofit kit, LED daytime driving lights','');
insert into Diagram values('PP71-63_1322','PP71-20070700','63-95','E90N 320xd   LED interior light package','');
insert into Diagram values('PP71-63_1509','PP71-20070700','63-95','E90N 320xd   BMW LED luggage compartment lamp','');
insert into Diagram values('PP71-64_1479','PP71-20070700','64-05','E90N 320xd   Air duct','');
insert into Diagram values('PP71-64_1489','PP71-20070700','64-05','E90N 320xd   OUTFLOW NOZZLES/COVERS','');
insert into Diagram values('PP71-64_1428','PP71-20070700','64-10','E90N 320xd   MICROFILTER/ACTIVATED CARBON CONTAINER','');
insert into Diagram values('PP71-64_1774','PP71-20070700','64-15','E90N 320xd   Heater unit, Denso','');
insert into Diagram values('PP71-64_1779','PP71-20070700','64-15','E90N 320xd   Heater core from 07/2006 onward','');
insert into Diagram values('PP71-64_1780','PP71-20070700','64-15','E90N 320xd   Heater unit, Denso','');
insert into Diagram values('PP71-64_1596','PP71-20070700','64-18','E90N 320xd   Additional water pump/Water hose','');
insert into Diagram values('PP71-64_1607','PP71-20070700','64-18','E90N 320xd   Independent heating water valves','');
insert into Diagram values('PP71-64_1443','PP71-20070700','64-20','E90N 320xd   Automatic air conditioning control','');
insert into Diagram values('PP71-64_1445','PP71-20070700','64-20','E90N 320xd   Air Conditioning Control','');
insert into Diagram values('PP71-64_1439','PP71-20070700','64-30','E90N 320xd   Evaporator / Expansion valve','');
insert into Diagram values('PP71-64_1451','PP71-20070700','64-35','E90N 320xd   Housing parts heater and air cond. Denso','');
insert into Diagram values('PP71-64_1455','PP71-20070700','64-35','E90N 320xd   Housing parts aut.air conditioning Denso','');
insert into Diagram values('PP71-64_1777','PP71-20070700','64-35','E90N 320xd   Housing parts aut.air conditioning Valeo','');
insert into Diagram values('PP71-64_1454','PP71-20070700','64-40','E90N 320xd   ELECTRIC PARTS FOR AC UNIT','');
insert into Diagram values('PP71-64_1433','PP71-20070700','64-45','E90N 320xd   SENSOR F. AUC','');
insert into Diagram values('PP71-64_1434','PP71-20070700','64-45','E90N 320xd   Solar sensor','');
insert into Diagram values('PP71-64_1438','PP71-20070700','64-45','E90N 320xd   Condensation sensor','');
insert into Diagram values('PP71-64_1597','PP71-20070700','64-50','E90N 320xd   Air-conditioner compressor','');
insert into Diagram values('PP71-64_1429','PP71-20070700','64-55','E90N 320xd   Condenser air conditioning','');
insert into Diagram values('PP71-64_1599','PP71-20070700','64-60','E90N 320xd   Coolant lines','');
insert into Diagram values('PP71-64_1508','PP71-20070700','64-65','E90N 320xd   Spare parts, auxiliary heater Bypass Sys','');
insert into Diagram values('PP71-64_1509','PP71-20070700','64-65','E90N 320xd   FUEL SUPPLY/PUMP/TUBING','');
insert into Diagram values('PP71-64_1575','PP71-20070700','64-65','E90N 320xd   Spare parts,aux.heater,Opt.Eqmt/Accessor','');
insert into Diagram values('PP71-64_1610','PP71-20070700','64-65','E90N 320xd   TRANSMITTER F AUXIL.HEATING REMOTE CTRL','');
insert into Diagram values('PP71-64_1633','PP71-20070700','64-95','E90N 320xd   Retrofit kit, remote cntrl,indep.heating','');
insert into Diagram values('PP71-64_1703','PP71-20070700','64-95','E90N 320xd   Install.kit, independent heater','');
insert into Diagram values('PP71-64_1704','PP71-20070700','64-95','E90N 320xd   Install.kit, independent heater','');
insert into Diagram values('PP71-64_1705','PP71-20070700','64-95','E90N 320xd   Install.kit, independent heater','');
insert into Diagram values('PP71-64_1855','PP71-20070700','64-95','E90N 320xd   Accessori e postmontaggi','');
insert into Diagram values('PP71-64_1441','PP71-20070700','64-99','E90N 320xd   DIVERSE SMALL PARTS','');
insert into Diagram values('PP71-65_0207','PP71-20070700','65-05','E90N 320xd   Earth strap for engine hood','');
insert into DiagramParts values('PP71-65_1473-65129210510', 'PP71-65_1473', 01, 'Radio BMW Business CD', 'MSA', 1, to_date('20080901','YYYYMMDD'), to_date('20090901','YYYYMMDD'), '65129210510', '', 'ENDED', false);
insert into DiagramParts values('PP71-65_1473-65129216275', 'PP71-65_1473', 01, 'Radio BMW Business CD', 'MSA', 1, to_date('20080901','YYYYMMDD'), to_date('20091201','YYYYMMDD'), '65129216275', '', 'ENDED', false);
insert into DiagramParts values('PP71-65_1473-65129227500', 'PP71-65_1473', 01, 'Radio BMW Business CD', 'MSA', 1, to_date('20080901','YYYYMMDD'), to_date('20100901','YYYYMMDD'), '65129227500', '', '', false);
insert into Diagram values('PP71-65_1473','PP71-20070700','65-05','E90N 320xd   Radio BMW Business CD','');
insert into DiagramParts values('PP71-65_1474-65129231059', 'PP71-65_1474', 02, 'Rotary knob', 'CHROM', 2, to_date('20100501','YYYYMMDD'), to_date('20100901','YYYYMMDD'), '65129231059', '', '', false);
insert into Diagram values('PP71-65_1474','PP71-20070700','65-05','E90N 320xd   Radio BMW Professional CD','');
insert into Diagram values('PP71-65_1522','PP71-20070700','65-05','E90N 320xd   M-Audio system controller','');
insert into Diagram values('PP71-65_1585','PP71-20070700','65-05','E90N 320xd   DAB tuner','');
insert into DiagramParts values('PP71-65_2033-65129231159', 'PP71-65_2033', 01, 'Replacement, Car Infotainment Comp. Mid', 'MIC/VID/DAB', 1, to_date('20090901','YYYYMMDD'), to_date('20100901','YYYYMMDD'), '65129231159', '', 'ENDED', false);
insert into Diagram values('PP71-65_2033','PP71-20070700','65-05','E90N 320xd   Car Infotainment Computer - Mid','');
insert into Diagram values('PP71-65_2250','PP71-20070700','65-05','E90N 320xd   Radio BMW Professional CD','');
insert into Diagram values('PP71-65_2440','PP71-20070700','65-05','E90N 320xd   DAB Retrofit','');
insert into Diagram values('PP71-65_1758','PP71-20070700','65-07','E90N 320xd   USB/Audio interface','');
insert into Diagram values('PP71-65_1786','PP71-20070700','65-07','E90N 320xd   Auxiliary connection cable','');
insert into Diagram values('PP71-65_1523','PP71-20070700','65-10','E90N 320xd   CD Changer/Bracket','');
insert into Diagram values('PP71-65_1526','PP71-20070700','65-20','E90N 320xd   Components central bass','');
insert into Diagram values('PP71-65_1527','PP71-20070700','65-20','E90N 320xd   One part Top-Hifi/Harman Kardon I-panel','');
insert into Diagram values('PP71-65_1528','PP71-20070700','65-20','E90N 320xd   One part Top-HiFi/Harman Kardon dr rear','');
insert into Diagram values('PP71-65_1529','PP71-20070700','65-20','E90N 320xd   SINGLE PARTS F REAR HELF LOUDSPEAKER','');
insert into Diagram values('PP71-65_1530','PP71-20070700','65-20','E90N 320xd   SINGLE PARTS F FRONT DOOR LOUDSPEAKER','');
insert into Diagram values('PP71-65_1751','PP71-20070700','65-20','E90N 320xd   Individual Audio system, I-panel','');
insert into Diagram values('PP71-65_1753','PP71-20070700','65-20','E90N 320xd   Individual Audio system, door front','');
insert into Diagram values('PP71-65_1755','PP71-20070700','65-20','E90N 320xd   Individual Audio system, door rear','');
insert into Diagram values('PP71-65_1756','PP71-20070700','65-20','E90N 320xd   Individual Audio system tray','');
insert into Diagram values('PP71-65_1534','PP71-20070700','65-22','E90N 320xd   Universal aerial cable','');
insert into Diagram values('PP71-65_2342','PP71-20070700','65-22','E90N 320xd   Audio wiring harness','');
insert into Diagram values('PP71-65_1524','PP71-20070700','65-25','E90N 320xd   amplifier / holder hifi system','');
insert into Diagram values('PP71-65_1525','PP71-20070700','65-25','E90N 320xd   Amplifier HiFi Prof. / Harman Kardon','');
insert into Diagram values('PP71-65_1754','PP71-20070700','65-25','E90N 320xd   Amplifier/bracket Indi. Audio System','');
insert into Diagram values('PP71-65_1539','PP71-20070700','65-30','E90N 320xd   SINGLE PARTS F ANTENNA-DIVERSITY','');
insert into Diagram values('PP71-65_1540','PP71-20070700','65-30','E90N 320xd   SINGLE PARTS F ANTENNA','');
insert into Diagram values('PP71-65_1731','PP71-20070700','65-30','E90N 320xd   Official radio antenna/horn speaker','');
insert into Diagram values('PP71-65_1504','PP71-20070700','65-45','E90N 320xd   Coolant hose, CCC / CIC / MASK','');
insert into Diagram values('PP71-65_1917','PP71-20070700','65-45','E90N 320xd   Controller CIC','');
insert into DiagramParts values('PP71-65_1551-65509196876', 'PP71-65_1551', 01, 'Video module', 'FBAS', 1, to_date('20080901','YYYYMMDD'), to_date('20090301','YYYYMMDD'), '65509196876', '', 'ENDED', false);
insert into DiagramParts values('PP71-65_1551-65509206973', 'PP71-65_1551', 01, 'Video module', 'FBAS', 1, to_date('20080901','YYYYMMDD'), to_date('20090901','YYYYMMDD'), '65509206973', '', '', false);
insert into DiagramParts values('PP71-65_1551-65509224301', 'PP71-65_1551', 01, 'TV module', 'DVB-T', 1, to_date('20090901','YYYYMMDD'), to_date('20100301','YYYYMMDD'), '65509224301', '', '', false);
insert into DiagramParts values('PP71-65_1551-65509229906', 'PP71-65_1551', 01, 'TV module', 'DVB-T', 1, to_date('20090901','YYYYMMDD'), to_date('20100901','YYYYMMDD'), '65509229906', '', 'ENDED', false);
insert into DiagramParts values('PP71-65_1551-65509240643', 'PP71-65_1551', 01, 'TV module', 'DVB-T', 1, to_date('20090901','YYYYMMDD'), to_date('20120701','YYYYMMDD'), '65509240643', '', '', false);
insert into DiagramParts values('PP71-65_1551-65509224302', 'PP71-65_1551', 01, 'TV module', 'ISDB-T', 1, to_date('20090901','YYYYMMDD'), to_date('20100301','YYYYMMDD'), '65509224302', '', 'ENDED', false);
insert into DiagramParts values('PP71-65_1551-65509235503', 'PP71-65_1551', 01, 'TV module', 'ISDB-T', 1, to_date('20090901','YYYYMMDD'), to_date('20100901','YYYYMMDD'), '65509235503', '', 'ENDED', false);
insert into DiagramParts values('PP71-65_1551-65509240645', 'PP71-65_1551', 01, 'TV module', 'ISDB-T', 1, to_date('20090901','YYYYMMDD'), to_date('20120701','YYYYMMDD'), '65509240645', '', '', false);
insert into DiagramParts values('PP71-65_1551-65509242221', 'PP71-65_1551', 01, 'TV module', 'DTMB', 1, to_date('20100901','YYYYMMDD'), to_date('20110301','YYYYMMDD'), '65509242221', '', 'ENDED', false);
insert into DiagramParts values('PP71-65_1551-65509252352', 'PP71-65_1551', 01, 'TV module', 'DTMB', 1, to_date('20100901','YYYYMMDD'), to_date('20110901','YYYYMMDD'), '65509252352', '', 'ENDED', false);
insert into DiagramParts values('PP71-65_1551-65509253523', 'PP71-65_1551', 01, 'TV module', 'DTMB', 1, to_date('20100901','YYYYMMDD'), to_date('20120301','YYYYMMDD'), '65509253523', '', 'ENDED', false);
insert into Diagram values('PP71-65_1551','PP71-20070700','65-50','E90N 320xd   Video module/TV module','');
insert into Diagram values('PP71-65_1552','PP71-20070700','65-50','E90N 320xd   Bracket for video module','');
insert into Diagram values('PP71-65_1553','PP71-20070700','65-50','E90N 320xd   Support bracket, navigation computer','');
insert into DiagramParts values('PP71-65_1554-65829193745', 'PP71-65_1554', 01, 'On-board monitor 8,8&quot;', 'HIGH RESOLUTION', 1, to_date('20080901','YYYYMMDD'), to_date('20090901','YYYYMMDD'), '65829193745', '', '', false);
insert into Diagram values('PP71-65_1554','PP71-20070700','65-50','E90N 320xd   On-board monitor','');
insert into DiagramParts values('PP71-65_1916-65839205093', 'PP71-65_1916', 01, 'Car Infotainment computer', 'KOREA', 1, to_date('20080901','YYYYMMDD'), to_date('20081101','YYYYMMDD'), '65839205093', '', 'ENDED', false);
insert into DiagramParts values('PP71-65_1916-65839202830', 'PP71-65_1916', 01, 'Car Infotainment computer', 'KOREA', 1, to_date('20080901','YYYYMMDD'), to_date('20090301','YYYYMMDD'), '65839202830', '', 'ENDED', false);
insert into DiagramParts values('PP71-65_1916-65129214936', 'PP71-65_1916', 01, 'Car Infotainment computer', 'KOREA', 1, to_date('20080901','YYYYMMDD'), to_date('20090901','YYYYMMDD'), '65129214936', '', 'ENDED', false);
insert into DiagramParts values('PP71-65_1916-65129222865', 'PP71-65_1916', 01, 'Car Infotainment computer', 'KOREA', 1, to_date('20080901','YYYYMMDD'), to_date('20100301','YYYYMMDD'), '65129222865', '', 'ENDED', false);
insert into DiagramParts values('PP71-65_1916-65129218334', 'PP71-65_1916', 01, 'Car Infotainment computer', 'KOREA', 1, to_date('20080901','YYYYMMDD'), to_date('20101001','YYYYMMDD'), '65129218334', '', 'ENDED', false);
insert into DiagramParts values('PP71-65_1916-65129248104', 'PP71-65_1916', 01, 'Car Infotainment computer', 'KOREA', 1, to_date('20080901','YYYYMMDD'), to_date('20101201','YYYYMMDD'), '65129248104', '', 'ENDED', false);
insert into DiagramParts values('PP71-65_1916-65129250326', 'PP71-65_1916', 01, 'Car Infotainment computer', 'KOREA', 1, to_date('20080901','YYYYMMDD'), to_date('20110301','YYYYMMDD'), '65129250326', '', 'ENDED', false);
insert into DiagramParts values('PP71-65_1916-65129257190', 'PP71-65_1916', 01, 'Car Infotainment computer', 'KOREA', 1, to_date('20080901','YYYYMMDD'), to_date('20110901','YYYYMMDD'), '65129257190', '', 'ENDED', false);
insert into DiagramParts values('PP71-65_1916-65129273172', 'PP71-65_1916', 01, 'Car Infotainment computer', 'KOREA', 1, to_date('20080901','YYYYMMDD'), to_date('20120301','YYYYMMDD'), '65129273172', '', 'ENDED', false);
insert into DiagramParts values('PP71-65_1916-65839205094', 'PP71-65_1916', 01, 'Car Infotainment computer', 'ASIEN', 1, to_date('20080901','YYYYMMDD'), to_date('20081101','YYYYMMDD'), '65839205094', '', 'ENDED', false);
insert into DiagramParts values('PP71-65_1916-65839202831', 'PP71-65_1916', 01, 'Car Infotainment computer', 'ASIEN', 1, to_date('20080901','YYYYMMDD'), to_date('20090301','YYYYMMDD'), '65839202831', '', 'ENDED', false);
insert into DiagramParts values('PP71-65_1916-65129214937', 'PP71-65_1916', 01, 'Car Infotainment computer', 'ASIEN', 1, to_date('20080901','YYYYMMDD'), to_date('20090901','YYYYMMDD'), '65129214937', '', 'ENDED', false);
insert into DiagramParts values('PP71-65_1916-65129222866', 'PP71-65_1916', 01, 'Car Infotainment computer', 'ASIEN', 1, to_date('20080901','YYYYMMDD'), to_date('20091201','YYYYMMDD'), '65129222866', '', 'ENDED', false);
insert into DiagramParts values('PP71-65_1916-65129231727', 'PP71-65_1916', 01, 'Car Infotainment computer', 'ASIEN', 1, to_date('20080901','YYYYMMDD'), to_date('20100301','YYYYMMDD'), '65129231727', '', 'ENDED', false);
insert into DiagramParts values('PP71-65_1916-65129218335', 'PP71-65_1916', 01, 'Car Infotainment computer', 'ASIEN', 1, to_date('20080901','YYYYMMDD'), to_date('20100901','YYYYMMDD'), '65129218335', '', 'ENDED', false);
insert into DiagramParts values('PP71-65_1916-65129244588', 'PP71-65_1916', 01, 'Car Infotainment computer', 'ASIEN', 1, to_date('20080901','YYYYMMDD'), to_date('20110301','YYYYMMDD'), '65129244588', '', 'ENDED', false);
insert into DiagramParts values('PP71-65_1916-65129257191', 'PP71-65_1916', 01, 'Car Infotainment computer', 'ASIEN', 1, to_date('20080901','YYYYMMDD'), to_date('20110901','YYYYMMDD'), '65129257191', '', 'ENDED', false);
insert into Diagram values('PP71-65_1916','PP71-20070700','65-50','E90N 320xd   Car Infotainment computer','');
insert into Diagram values('PP71-65_1978','PP71-20070700','65-50','E90N 320xd   DVD street map Navigation Option 606','');
insert into Diagram values('PP71-65_2206','PP71-20070700','65-50','E90N 320xd   Enable code, initial, Professional GPS','');
insert into Diagram values('PP71-65_2207','PP71-20070700','65-50','E90N 320xd   Enable code, update for Professional GPS','');
insert into Diagram values('PP71-65_2208','PP71-20070700','65-50','E90N 320xd   Enable code, rep, GPS Professional','');
insert into Diagram values('PP71-65_2215','PP71-20070700','65-50','E90N 320xd   Enable code, initial, Business GPS','');
insert into Diagram values('PP71-65_2216','PP71-20070700','65-50','E90N 320xd   Enable code, rep, GPS Business','');
insert into Diagram values('PP71-65_2223','PP71-20070700','65-50','E90N 320xd   Enable code, update, GPS Business','');
insert into Diagram values('PP71-65_1487','PP71-20070700','65-60','E90N 320xd   Alarm systems','');
insert into Diagram values('PP71-65_1532','PP71-20070700','65-65','E90N 320xd   Electric parts for airbag','');
insert into Diagram values('PP71-65_1468','PP71-20070700','65-70','E90N 320xd   Temperature sensor','');
insert into Diagram values('PP71-65_1562','PP71-20070700','65-95','E90N 320xd   Retrofit kit, CD-changer','');
insert into Diagram values('PP71-65_1565','PP71-20070700','65-95','E90N 320xd   INSTALLATION KIT ALARM SYSTEM','');
insert into Diagram values('PP71-65_1576','PP71-20070700','65-95','E90N 320xd   DVD-system Portable','');
insert into Diagram values('PP71-65_1658','PP71-20070700','65-95','E90N 320xd   DVB-T Set-top box','');
insert into Diagram values('PP71-65_1710','PP71-20070700','65-95','E90N 320xd   Retrofit kit, TV function','');
insert into Diagram values('PP71-65_1814','PP71-20070700','65-95','E90N 320xd   Retrofit kit USB/iPod connection','');
insert into Diagram values('PP71-65_1825','PP71-20070700','65-95','E90N 320xd   iPod connection retrofit kit','');
insert into Diagram values('PP71-65_1860','PP71-20070700','65-95','E90N 320xd   Retrofit kit USB/audio interface','');
insert into Diagram values('PP71-65_1894','PP71-20070700','65-95','E90N 320xd   Hifi system, Alpine','');
insert into Diagram values('PP71-65_1901','PP71-20070700','65-95','E90N 320xd   Navigation Portable Plus/Pro/HD Traffic','');
insert into Diagram values('PP71-65_1902','PP71-20070700','65-95','E90N 320xd   GPS, portable, street map','');
insert into Diagram values('PP71-65_1903','PP71-20070700','65-95','E90N 320xd   iPod connection retrofit kit','');
insert into Diagram values('PP71-65_1924','PP71-20070700','65-95','E90N 320xd   Navigation Portable accessories','');
insert into Diagram values('PP71-65_1925','PP71-20070700','65-95','E90N 320xd   Basic hands-free system with USB/audio','');
insert into Diagram values('PP71-65_1989','PP71-20070700','65-95','E90N 320xd   Tracking Products','');
insert into Diagram values('PP71-65_2004','PP71-20070700','65-95','E90N 320xd   Retrofit kit, CD-changer','');
insert into Diagram values('PP71-65_2038','PP71-20070700','65-95','E90N 320xd   DVD system Tablet','');
insert into Diagram values('PP71-65_2271','PP71-20070700','65-95','E90N 320xd   Charger adapter for Apple iPod / iPhone','');
insert into Diagram values('PP71-65_2375','PP71-20070700','65-95','E90N 320xd   Retrofit language, Arabic','');
insert into Diagram values('PP71-65_2388','PP71-20070700','65-95','E90N 320xd   Retrofit DAB+','');
insert into Diagram values('PP71-65_2422','PP71-20070700','65-95','E90N 320xd   Cable adapter for Apple iPod / iPhone','');
insert into Diagram values('PP71-65_2434','PP71-20070700','65-95','E90N 320xd   DVD System Tablet Single','');
insert into Diagram values('PP71-65_2515','PP71-20070700','65-95','E90N 320xd   Navigation &apos;Portable&apos; with Design holder','');
insert into Diagram values('PP71-65_2520','PP71-20070700','65-95','E90N 320xd   BMW USB charger','');
insert into Diagram values('PP71-65_2522','PP71-20070700','65-95','E90N 320xd   Cable adapter, devices with Micro USB','');
insert into Diagram values('PP71-66_0116','PP71-20070700','66-05','E90N 320xd   Ignition lock of remote control','');
insert into Diagram values('PP71-66_0117','PP71-20070700','66-05','E90N 320xd   Park Distance Control (PDC)','');
insert into Diagram values('PP71-66_0229','PP71-20070700','66-05','E90N 320xd   Ultrasonic-sensor','');
insert into Diagram values('PP71-66_0118','PP71-20070700','66-20','E90N 320xd   ACC-Sensor/Dynamic cruise control','');
insert into Diagram values('PP71-66_0123','PP71-20070700','66-95','E90N 320xd   Retrofit kit PDC, rear','');
insert into Diagram values('PP71-66_0124','PP71-20070700','66-95','E90N 320xd   Front PDC upgrade','');
insert into Diagram values('PP71-66_0128','PP71-20070700','66-95','E90N 320xd   Dynamic cruise control retrofit','');
insert into Diagram values('PP71-66_0130','PP71-20070700','66-95','E90N 320xd   Retrofit multi-functional steering wheel','');
insert into Diagram values('PP71-66_0188','PP71-20070700','66-95','E90N 320xd   Park Distance Control universale sonoro','');
insert into Diagram values('PP71-71_0549','PP71-20070700','71-03','E90N 320xd   Notice label for fuel','');
insert into Diagram values('PP71-71_0550','PP71-20070700','71-03','E90N 320xd   Various notice stickers','');
insert into Diagram values('PP71-71_0555','PP71-20070700','71-03','E90N 320xd   LABEL "TIRE PRESSURE"','');
insert into Diagram values('PP71-71_0568','PP71-20070700','71-03','E90N 320xd   Instruction notice, Airbag','');
insert into Diagram values('PP71-71_0623','PP71-20070700','71-03','E90N 320xd   Label, coolant','');
insert into Diagram values('PP71-71_0680','PP71-20070700','71-03','E90N 320xd   Labels independent heating','');
insert into Diagram values('PP71-71_0361','PP71-20070700','71-05','E90N 320xd   Car tool','');
insert into Diagram values('PP71-71_0408','PP71-20070700','71-05','E90N 320xd   Warning triangle/First aid kit/-cushion','');
insert into Diagram values('PP71-71_0717','PP71-20070700','71-05','E90N 320xd   Set of lifting jack','');
insert into Diagram values('PP71-71_0497','PP71-20070700','71-07','E90N 320xd   Mobility system','');
insert into Diagram values('PP71-71_0412','PP71-20070700','71-10','E90N 320xd   SINGLE PARTS OF TRAILER HITCH','');
insert into Diagram values('PP71-71_0400','PP71-20070700','71-95','E90N 320xd   Set of lifting jack','');
insert into Diagram values('PP71-71_0414','PP71-20070700','71-95','E90N 320xd   Retrofit kit, towing hitch','');
insert into Diagram values('PP71-71_0434','PP71-20070700','71-95','E90N 320xd   Tire Mobility Set','');
insert into Diagram values('PP71-71_0495','PP71-20070700','71-95','E90N 320xd   Retrofit kit, towing hitch','');
insert into Diagram values('PP71-71_0513','PP71-20070700','71-95','E90N 320xd   Twin electrics, caravan leads','');
insert into Diagram values('PP71-72_0552','PP71-20070700','72-03','E90N 320xd   Airbag passenger and head airbag','');
insert into Diagram values('PP71-72_0521','PP71-20070700','72-05','E90N 320xd   Safety belt front','');
insert into Diagram values('PP71-72_0522','PP71-20070700','72-05','E90N 320xd   FRONT SAFETY BELT MOUNTING PARTS','');
insert into DiagramParts values('PP71-72_0551-72119160125', 'PP71-72_0551', 01, 'UPPER BELT REAR', 'BEIGE', 1, to_date('20080901','YYYYMMDD'), to_date('20090301','YYYYMMDD'), '72119160125', '', '', false);
insert into DiagramParts values('PP71-72_0551-72119160107', 'PP71-72_0551', 01, 'UPPER BELT REAR', 'GRAU', 1, to_date('20080901','YYYYMMDD'), to_date('20090901','YYYYMMDD'), '72119160107', '', 'ENDED', false);
insert into DiagramParts values('PP71-72_0551-72119160124', 'PP71-72_0551', 01, 'UPPER BELT REAR', 'GRAU', 1, to_date('20080901','YYYYMMDD'), to_date('20090901','YYYYMMDD'), '72119160124', '', '', false);
insert into DiagramParts values('PP71-72_0551-72119160111', 'PP71-72_0551', 02, 'REAR center UPPER BELT', 'GRAU', 1, to_date('20080901','YYYYMMDD'), to_date('20090901','YYYYMMDD'), '72119160111', '', '', false);
insert into Diagram values('PP71-72_0551','PP71-20070700','72-05','E90N 320xd   SAFETY BELT REAR','');
insert into Diagram values('PP71-72_0553','PP71-20070700','72-05','E90N 320xd   Support, child seat','');
insert into Diagram values('PP71-72_0461','PP71-20070700','72-95','E90N 320xd   Storage compartment module','');
insert into Diagram values('PP71-72_0462','PP71-20070700','72-95','E90N 320xd   Cup holder-module','');
insert into Diagram values('PP71-72_0591','PP71-20070700','72-95','E90N 320xd   Tow bar','');
insert into Diagram values('PP71-72_0598','PP71-20070700','72-95','E90N 320xd   TOW ROPE','');
insert into Diagram values('PP71-72_0603','PP71-20070700','72-95','E90N 320xd   Fire extinguisher','');
insert into Diagram values('PP71-72_0744','PP71-20070700','72-95','E90N 320xd   Emergency bag','');
insert into Diagram values('PP71-36_0937','PP71-20070700','82-14','E90N 320xd   Snow chains','');
insert into Diagram values('PP71-82_1073','PP71-20070700','82-26','E90N 320xd   Universal coat hanger','');
insert into Diagram values('PP71-82_1261','PP71-20070700','82-26','E90N 320xd   Clean Bag','');
insert into Diagram values('PP71-82_1299','PP71-20070700','82-26','E90N 320xd   Storage pocket, rear passengers','');
insert into Diagram values('PP71-82_1308','PP71-20070700','82-26','E90N 320xd   Shoe case','');
insert into Diagram values('PP71-82_1309','PP71-20070700','82-26','E90N 320xd   Multimedia case','');
insert into Diagram values('PP71-82_1311','PP71-20070700','82-26','E90N 320xd   Driver utility set','');
insert into Diagram values('PP71-82_1181','PP71-20070700','82-31','E90N 320xd   BMW Junior Seat I-II','');
insert into Diagram values('PP71-82_1186','PP71-20070700','82-31','E90N 320xd   BMW Baby Seat 0+','');
insert into Diagram values('PP71-82_1187','PP71-20070700','82-31','E90N 320xd   BMW Junior Seat I-II Isofix','');
insert into Diagram values('PP71-82_1189','PP71-20070700','82-31','E90N 320xd   BMW Baby Seat 0+ Isofix','');
insert into Diagram values('PP71-82_1237','PP71-20070700','82-31','E90N 320xd   Dog harness','');
insert into Diagram values('PP71-82_1276','PP71-20070700','82-31','E90N 320xd   BMW Junior Seat II-III','');
insert into Diagram values('PP71-82_1305','PP71-20070700','82-31','E90N 320xd   BMW Junior Seat III','');
insert into Diagram values('PP71-82_1198','PP71-20070700','82-44','E90N 320xd   Cover','');
insert into Diagram values('PP71-82_1236','PP71-20070700','82-44','E90N 320xd   Mud flaps','');
insert into Diagram values('PP71-82_1251','PP71-20070700','82-44','E90N 320xd   Cover hood windshield/side window','');
insert into Diagram values('PP71-82_0116','PP71-20070700','82-51','E90N 320xd   Universal support','');
insert into Diagram values('PP71-82_0123','PP71-20070700','82-51','E90N 320xd   RACK FOR RACING BICYCLE','');
insert into Diagram values('PP71-82_0125','PP71-20070700','82-51','E90N 320xd   Bicycle lift','');
insert into Diagram values('PP71-82_0283','PP71-20070700','82-51','E90N 320xd   Surfboard rack','');
insert into Diagram values('PP71-82_1157','PP71-20070700','82-51','E90N 320xd   Bicycle carrier, trailer coupling','');
insert into Diagram values('PP71-82_1175','PP71-20070700','82-51','E90N 320xd   Touring bicycle holder','');
insert into Diagram values('PP71-82_1178','PP71-20070700','82-51','E90N 320xd   Roof box','');
insert into Diagram values('PP71-82_1230','PP71-20070700','82-51','E90N 320xd   Rack support','');
insert into Diagram values('PP71-82_1234','PP71-20070700','82-51','E90N 320xd   Roof box','');
insert into Diagram values('PP71-82_1244','PP71-20070700','82-51','E90N 320xd   Racing bike rack','');
insert into Diagram values('PP71-82_1250','PP71-20070700','82-51','E90N 320xd   Roof box','');
insert into Diagram values('PP71-82_1268','PP71-20070700','82-51','E90N 320xd   Ski/snowboard holder','');
insert into Diagram values('PP71-82_1295','PP71-20070700','82-51','E90N 320xd   Roof rack systems','');
insert into Diagram values('PP71-82_1364','PP71-20070700','82-51','E90N 320xd   Bicycle carrier, trailer coupling','');
insert into Diagram values('PP71-82_1460','PP71-20070700','82-51','E90N 320xd   Roof rack systems','');
insert into Diagram values('PP71-82_1476','PP71-20070700','82-51','E90N 320xd   Roof-mounted container 320 LCI','');
insert into Diagram values('PP71-82_1551','PP71-20070700','82-51','E90N 320xd   Bicycle carrier, trailer coupling','');
insert into Diagram values('PP71-82_1567','PP71-20070700','82-51','E90N 320xd   Bicycle carrier, trailer coupling','');
insert into Diagram values('PP71-82_1575','PP71-20070700','82-51','E90N 320xd   Rear bicycle carrier, click-on','');
insert into Diagram values('PP71-82_1579','PP71-20070700','82-51','E90N 320xd   Bicycle carrier, click-on','');
insert into Diagram values('PP71-82_1580','PP71-20070700','82-51','E90N 320xd   Retrofit kit, Click On ECE','');
insert into Diagram values('PP71-82_1589','PP71-20070700','82-51','E90N 320xd   Racing bike rack','');
insert into Diagram values('PP71-82_0102','PP71-20070700','82-81','E90N 320xd   Universal hoist','');
insert into Diagram values('PP71-83_0579','PP71-20070700','83-01','E90N 320xd   Rugzak','');
insert into Diagram values('PP71-83_0473','PP71-20070700','83-24','E90N 320xd   Paint / Paint guard strips','');
insert into Diagram values('PP71-84_0767','PP71-20070700','84-10','E90N 320xd   Starter package, cell phone Nokia 6303c','');
insert into Diagram values('PP71-84_0800','PP71-20070700','84-10','E90N 320xd   ASSY COMBOX TELEMATIC ECE','');
insert into Diagram values('PP71-84_0658','PP71-20070700','84-20','E90N 320xd   Single parts, SA 644 center console','');
insert into Diagram values('PP71-84_0670','PP71-20070700','84-20','E90N 320xd   Single parts opt. Option 644/6FL trunk','');
insert into Diagram values('PP71-84_0673','PP71-20070700','84-20','E90N 320xd   Single parts, SA 633, center console','');
insert into Diagram values('PP71-84_0689','PP71-20070700','84-20','E90N 320xd   Single parts SA 633, trunk','');
insert into Diagram values('PP71-84_0758','PP71-20070700','84-20','E90N 320xd   Single parts, option 6NF center console','');
insert into Diagram values('PP71-84_0657','PP71-20070700','84-30','E90N 320xd   Single parts f hands-free facility','');
insert into Diagram values('PP71-84_0763','PP71-20070700','84-30','E90N 320xd   Snap-in adapter, SAP','');
insert into Diagram values('PP71-84_0639','PP71-20070700','84-95','E90N 320xd   Bluetooth SA644 hands-free retrofit kit','');
insert into Diagram values('PP71-84_0730','PP71-20070700','84-95','E90N 320xd   Stolen Vehicle Tracking - TPA','');
insert into Diagram values('PP71-84_0732','PP71-20070700','84-95','E90N 320xd   Upgrade kit hands-free Bluetooth OPT644','');
insert into Diagram values('PP71-84_0741','PP71-20070700','84-95','E90N 320xd   Base hands-free system with Bluetooth','');
insert into Diagram values('PP71-84_0778','PP71-20070700','84-95','E90N 320xd   BMW Bluetooth headset','');
insert into Diagram values('PP71-84_0867','PP71-20070700','84-95','E90N 320xd   BMW Car Hotspot','');
insert into Diagram values('PP71-84_0895','PP71-20070700','84-95','E90N 320xd   BMW station fr Apple iPhone','');
insert into Diagram values('PP71-84_0897','PP71-20070700','84-95','E90N 320xd   Snap-in adapter for Apple devices','');
insert into Diagram values('PP71-84_0904','PP71-20070700','84-95','E90N 320xd   Retrofit kit, voice input','');
insert into Diagram values('PP71-84_0906','PP71-20070700','84-95','E90N 320xd   Snap-in adapter, SONY ERICSSON devices','');
insert into Diagram values('PP71-84_0907','PP71-20070700','84-95','E90N 320xd   Snap-in adapter for NOKIA devices','');
insert into Diagram values('PP71-84_0908','PP71-20070700','84-95','E90N 320xd   Snap-in adapter for SIEMENS devices','');
insert into Diagram values('PP71-84_0909','PP71-20070700','84-95','E90N 320xd   Snap-in adapter for MOTOROLA devices','');
insert into Diagram values('PP71-84_0910','PP71-20070700','84-95','E90N 320xd   Snap-in adapter, BlackBerry/RIM devices','');
insert into Diagram values('PP71-84_0911','PP71-20070700','84-95','E90N 320xd   Field installation of BMW Apps','');
insert into Diagram values('PP71-84_0930','PP71-20070700','84-95','E90N 320xd   Smartphone cradle','');
insert into Diagram values('PP71-84_0931','PP71-20070700','84-95','E90N 320xd   BMW Car Hotspot LTE','');
insert into Diagram values('PP71-84_0933','PP71-20070700','84-95','E90N 320xd   Snap-in adapter for SAMSUNG devices','');
insert into Diagram values('PP71-85_0002','PP71-20070700','85-45','E90N 320xd   Winter tires','');
insert into Diagram values('PP71-85_0051','PP71-20070700','85-45','E90N 320xd   Summer tires','');
insert into Diagram values('PP71-88_0052','PP71-20070700','88-80','E90N 320xd   Emergency bag','');
insert into Diagram values('PP71-88_0064','PP71-20070700','88-80','E90N 320xd   Fluid-change kit, autom. transmission','');
insert into Diagram values('PP71-91_0813','PP71-20070700','91-10','E90N 320xd   Individual shift lever cover','');
insert into Diagram values('PP71-91_0814','PP71-20070700','91-12','E90N 320xd   Individual selector lever boots','');
insert into Diagram values('PP71-91_0815','PP71-20070700','91-15','E90N 320xd   Individual parking brake lever boot','');
insert into DiagramParts values('PP71-91_0763-32307969989', 'PP71-91_0763', 01, 'Sports st.-wheel,leather/wd.ring,multif.', 'ROTBRAUN', 1, to_date('20080901','YYYYMMDD'), to_date('20090901','YYYYMMDD'), '32307969989', '', 'ENDED, See NoS No Stock', false);
insert into DiagramParts values('PP71-91_0763-32307973716', 'PP71-91_0763', 01, 'Sports st.-wheel,leather/wd.ring,multif.', 'ANTHRAZIT', 1, to_date('20080901','YYYYMMDD'), to_date('20090901','YYYYMMDD'), '32307973716', '', 'ENDED, See NoS No Stock', false);
insert into DiagramParts values('PP71-91_0763-32307973720', 'PP71-91_0763', 01, 'Sports st.-wheel,leather/wd.ring,multif.', 'ROTBRAUN', 1, to_date('20080901','YYYYMMDD'), to_date('20090901','YYYYMMDD'), '32307973720', '', 'ENDED, See NoS No Stock', false);
insert into DiagramParts values('PP71-91_0763-32307973714', 'PP71-91_0763', 01, 'Sports st.-wheel,leather/wd.ring,multif.', 'ANTHRAZIT', 1, to_date('20080901','YYYYMMDD'), to_date('20090901','YYYYMMDD'), '32307973714', '', 'ENDED, See NoS No Stock', false);
insert into DiagramParts values('PP71-91_0763-32307973718', 'PP71-91_0763', 01, 'Sports st.-wheel,leather/wd.ring,multif.', 'ROTBRAUN', 1, to_date('20080901','YYYYMMDD'), to_date('20090901','YYYYMMDD'), '32307973718', '', 'ENDED, See NoS No Stock', false);
insert into DiagramParts values('PP71-91_0763-32307962217', 'PP71-91_0763', 02, 'Cover, multi-funct.steering wheel', 'SCHWARZ', 1, to_date('20050901','YYYYMMDD'), to_date('20090301','YYYYMMDD'), '32307962217', '', 'ENDED, See NoS No Stock', false);
insert into DiagramParts values('PP71-91_0763-32307841586', 'PP71-91_0763', 02, 'Cover, multi-funct.steering wheel', 'SCHWARZ', 1, to_date('20050901','YYYYMMDD'), to_date('20101101','YYYYMMDD'), '32307841586', '', 'ENDED, See NoS No Stock', false);
insert into Diagram values('PP71-91_0763','PP71-20070700','91-17','E90N 320xd   Ind.sports st.-wheel,leather w/wdn. ring','');
insert into DiagramParts values('PP71-91_0868-32307962217', 'PP71-91_0868', 02, 'Cover, multi-funct.steering wheel', 'SCHWARZ', 1, to_date('20050901','YYYYMMDD'), to_date('20090301','YYYYMMDD'), '32307962217', '', 'ENDED, See NoS No Stock', false);
insert into DiagramParts values('PP71-91_0868-32307841586', 'PP71-91_0868', 02, 'Cover, multi-funct.steering wheel', 'SCHWARZ', 1, to_date('20050901','YYYYMMDD'), to_date('20101101','YYYYMMDD'), '32307841586', '', 'ENDED, See NoS No Stock', false);
insert into Diagram values('PP71-91_0868','PP71-20070700','91-17','E90N 320xd   Indi. Sport STWH, leather w. leather rim','');
insert into DiagramParts values('PP71-91_1106-32307976951', 'PP71-91_1106', 01, 'Sport st. wheel, lthr, bicolor, multif.', 'INDIVIDUAL', 1, to_date('20090301','YYYYMMDD'), to_date('20100201','YYYYMMDD'), '32307976951', '', 'See NoS No Stock', false);
insert into Diagram values('PP71-91_1106','PP71-20070700','91-17','E90N 320xd   Indi. Sport st. wheel, leather, bicolor','');
insert into Diagram values('PP71-91_0816','PP71-20070700','91-30','E90N 320xd   Individual cup holder, soft paint','');
insert into Diagram values('PP71-91_0818','PP71-20070700','91-30','E90N 320xd   Individual cover RF key insert','');
insert into Diagram values('PP71-91_0819','PP71-20070700','91-30','E90N 320xd   Individual trim, light operating unit','');
insert into Diagram values('PP71-91_0820','PP71-20070700','91-30','E90N 320xd   Individual trim panel, auto, climate','');
insert into Diagram values('PP71-91_0869','PP71-20070700','91-30','E90N 320xd   Individual instrument panel, leather','');
insert into Diagram values('PP71-91_0875','PP71-20070700','91-30','E90N 320xd   Individual folding storage, instr. panel','');
insert into Diagram values('PP71-91_0876','PP71-20070700','91-30','E90N 320xd   Individual glove compartment, leather','');
insert into Diagram values('PP71-91_0930','PP71-20070700','91-30','E90N 320xd   Individual trim cover MASK / CCC','');
insert into Diagram values('PP71-91_0872','PP71-20070700','91-35','E90N 320xd   Individual center console','');
insert into Diagram values('PP71-91_0873','PP71-20070700','91-35','E90N 320xd   Individual armrest, center console','');
insert into Diagram values('PP71-91_0874','PP71-20070700','91-35','E90N 320xd   Individual center console covers, rear','');
insert into Diagram values('PP71-91_1025','PP71-20070700','91-40','E90N 320xd   Individual wood trim covers','');
insert into Diagram values('PP71-91_0824','PP71-20070700','91-45','E90N 320xd   Indiv.front door trim panel,part.leather','');
insert into Diagram values('PP71-91_0826','PP71-20070700','91-45','E90N 320xd   Indi. clip for door handle, inside front','');
insert into Diagram values('PP71-91_0827','PP71-20070700','91-45','E90N 320xd   Indiv. clip for door handle, inside rear','');
insert into Diagram values('PP71-91_0828','PP71-20070700','91-45','E90N 320xd   Indi. door trim, all-leather, front','');
insert into Diagram values('PP71-91_0829','PP71-20070700','91-45','E90N 320xd   Indi. door trim, all-leather, rear','');
insert into Diagram values('PP71-91_0830','PP71-20070700','91-45','E90N 320xd   Indiv. rear door trim panel,part.leather','');
insert into Diagram values('PP71-91_1007','PP71-20070700','91-45','E90N 320xd   Indi. door panel, leathr trim, front, LC','');
insert into Diagram values('PP71-91_1008','PP71-20070700','91-45','E90N 320xd   Indi. door trim, part leather, rear, LC','');
insert into Diagram values('PP71-91_0890','PP71-20070700','91-57','E90N 320xd   Individual floor mats, Leather border','');
insert into Diagram values('PP71-91_0722','PP71-20070700','91-60','E90N 320xd   Indiv.cover, basic seat, front','');
insert into Diagram values('PP71-91_0734','PP71-20070700','91-60','E90N 320xd   Individual sports seat cover, front','');
insert into Diagram values('PP71-91_0736','PP71-20070700','91-60','E90N 320xd   Individ. rear panel Basic /Sports seat','');
insert into Diagram values('PP71-91_0998','PP71-20070700','91-60','E90N 320xd   Individual uphols, base seat, front, LC','');
insert into Diagram values('PP71-91_0999','PP71-20070700','91-60','E90N 320xd   Individual cover, Sport seat, front LC','');
insert into Diagram values('PP71-91_0737','PP71-20070700','91-65','E90N 320xd   Indiv.cover basic seat, rear','');
insert into Diagram values('PP71-91_0738','PP71-20070700','91-65','E90N 320xd   Individual sports seat cover, rear','');
insert into Diagram values('PP71-91_0739','PP71-20070700','91-65','E90N 320xd   Ind.through-loading sys. rear basic seat','');
insert into Diagram values('PP71-91_0740','PP71-20070700','91-65','E90N 320xd   Individual Loadthrough Sport seat, rear','');
insert into Diagram values('PP71-91_1000','PP71-20070700','91-65','E90N 320xd   Indiv. cover for seat, rear, LC','');
insert into Diagram values('PP71-91_1001','PP71-20070700','91-65','E90N 320xd   Indiv. load-through for seat, rear, LC','');
insert into Diagram values('PP71-91_0987','PP71-20070700','91-70','E90N 320xd   Indi. head restraint CAK base seat front','');
insert into Diagram values('PP71-91_0988','PP71-20070700','91-70','E90N 320xd   Indi. hd. restraint CAK Sport seat front','');
insert into Diagram values('PP71-91_1002','PP71-20070700','91-70','E90N 320xd   Individual head restraint CAK front, LC','');
insert into Diagram values('PP71-91_0752','PP71-20070700','91-75','E90N 320xd   Indv. headrest, basic seat, rear','');
insert into Diagram values('PP71-91_0753','PP71-20070700','91-75','E90N 320xd   Ind. headrest, sports seat, rear','');
insert into Diagram values('PP71-91_0754','PP71-20070700','91-75','E90N 320xd   Indi. folding headrest, base kit, rear','');
insert into Diagram values('PP71-91_0755','PP71-20070700','91-75','E90N 320xd   Indi. folding headrest, Sport seat, rear','');
insert into Diagram values('PP71-91_0756','PP71-20070700','91-75','E90N 320xd   Individual folding headrests,center rear','');
insert into Diagram values('PP71-91_1004','PP71-20070700','91-75','E90N 320xd   Indi. fold headrest, rear, center, LC','');
insert into Diagram values('PP71-91_1005','PP71-20070700','91-75','E90N 320xd   Indi. headrest, rear lateral, LC','');
insert into Diagram values('PP71-91_1006','PP71-20070700','91-75','E90N 320xd   Indi. fold headrest, rear side LC','');
insert into Diagram values('PP71-91_0741','PP71-20070700','91-80','E90N 320xd   Individual armrest, rear','');
insert into ProdCodeDate values('PP71-20070700','PP71',to_date('20070701','YYYYMMDD'));
insert into ProdCodeDate values('PP71-20071100','PP71',to_date('20071101','YYYYMMDD'));
insert into ProdCodeDate values('PP71-20071100','PP71',to_date('20071101','YYYYMMDD'));
insert into ProdCodeDate values('PP71-20080200','PP71',to_date('20080201','YYYYMMDD'));
insert into ProdCodeDate values('PP71-20080200','PP71',to_date('20080201','YYYYMMDD'));
insert into ProdCodeDate values('PP71-20080300','PP71',to_date('20080301','YYYYMMDD'));
insert into ProdCodeDate values('PP71-20080300','PP71',to_date('20080301','YYYYMMDD'));
insert into ProdCodeDate values('PP71-20080500','PP71',to_date('20080501','YYYYMMDD'));
insert into ProdCodeDate values('PP71-20080500','PP71',to_date('20080501','YYYYMMDD'));
insert into ProdCodeDate values('PP71-20080600','PP71',to_date('20080601','YYYYMMDD'));
insert into ProdCodeDate values('PP71-20080600','PP71',to_date('20080601','YYYYMMDD'));
insert into ProdCodeDate values('PP71-20080700','PP71',to_date('20080701','YYYYMMDD'));
insert into ProdCodeDate values('PP71-20080700','PP71',to_date('20080701','YYYYMMDD'));
insert into ProdCodeDate values('PP71-20080800','PP71',to_date('20080801','YYYYMMDD'));
insert into ProdCodeDate values('PP71-20080800','PP71',to_date('20080801','YYYYMMDD'));
insert into ProdCodeDate values('PP71-20080900','PP71',to_date('20080901','YYYYMMDD'));
insert into ProdCodeDate values('PP71-20080900','PP71',to_date('20080901','YYYYMMDD'));
insert into ProdCodeDate values('PP71-20081000','PP71',to_date('20081001','YYYYMMDD'));
insert into ProdCodeDate values('PP71-20081000','PP71',to_date('20081001','YYYYMMDD'));
insert into ProdCodeDate values('PP71-20081100','PP71',to_date('20081101','YYYYMMDD'));
insert into ProdCodeDate values('PP71-20081100','PP71',to_date('20081101','YYYYMMDD'));
insert into ProdCodeDate values('PP71-20081200','PP71',to_date('20081201','YYYYMMDD'));
insert into ProdCodeDate values('PP71-20081200','PP71',to_date('20081201','YYYYMMDD'));
insert into ProdCodeDate values('PP71-20090100','PP71',to_date('20090101','YYYYMMDD'));
insert into ProdCodeDate values('PP71-20090100','PP71',to_date('20090101','YYYYMMDD'));
insert into ProdCodeDate values('PP71-20090200','PP71',to_date('20090201','YYYYMMDD'));
insert into ProdCodeDate values('PP71-20090200','PP71',to_date('20090201','YYYYMMDD'));
insert into ProdCodeDate values('PP71-20090300','PP71',to_date('20090301','YYYYMMDD'));
insert into ProdCodeDate values('PP71-20090300','PP71',to_date('20090301','YYYYMMDD'));
insert into ProdCodeDate values('PP71-20090400','PP71',to_date('20090401','YYYYMMDD'));
insert into ProdCodeDate values('PP71-20090400','PP71',to_date('20090401','YYYYMMDD'));
insert into ProdCodeDate values('PP71-20090500','PP71',to_date('20090501','YYYYMMDD'));
insert into ProdCodeDate values('PP71-20090500','PP71',to_date('20090501','YYYYMMDD'));
insert into ProdCodeDate values('PP71-20090600','PP71',to_date('20090601','YYYYMMDD'));
insert into ProdCodeDate values('PP71-20090600','PP71',to_date('20090601','YYYYMMDD'));
insert into ProdCodeDate values('PP71-20090700','PP71',to_date('20090701','YYYYMMDD'));
insert into ProdCodeDate values('PP71-20090700','PP71',to_date('20090701','YYYYMMDD'));
insert into ProdCodeDate values('PP71-20090800','PP71',to_date('20090801','YYYYMMDD'));
insert into ProdCodeDate values('PP71-20090800','PP71',to_date('20090801','YYYYMMDD'));
insert into ProdCodeDate values('PP71-20090900','PP71',to_date('20090901','YYYYMMDD'));
insert into ProdCodeDate values('PP71-20090900','PP71',to_date('20090901','YYYYMMDD'));
insert into ProdCode values('PP31','320xd','Lim','E90N','ECE','N47N','L','09/2009 E90N 320xd Sedan N47N Europe Left hand drive ');
insert into ProdCodeDate values('PP31-20090900','PP31',to_date('20090901','YYYYMMDD'));
insert into DiagramParts values('PP31-01_0656-01492604891', 'PP31-01_0656', 01, 'Supplement to owner&apos;s manual, police', 'DE/EN, E90/E91', 1, to_date('20100301','YYYYMMDD'), to_date('20100901','YYYYMMDD'), '01492604891', '', '', false);
insert into DiagramParts values('PP31-01_0656-01402609937', 'PP31-01_0656', 01, 'Supplement to owner&apos;s manual, police', 'E90/E91, DE/EN', 1, to_date('20100901','YYYYMMDD'), to_date('20110901','YYYYMMDD'), '01402609937', '', '', false);
insert into Diagram values('PP31-01_0656','PP31-20090900','01-05','E90N 320xd   Supplement to owner&apos;s manual, police','');
insert into DiagramParts values('PP31-01_0657-01492604892', 'PP31-01_0657', 01, 'Suppl. Owner&apos;s Manual officials utility', 'DE/EN, E90/E91', 1, to_date('20100301','YYYYMMDD'), to_date('20100901','YYYYMMDD'), '01492604892', '', '', false);
insert into Diagram values('PP31-01_0657','PP31-20090900','01-05','E90N 320xd   Suppl. Owner&apos;s Manual officials utility','');
insert into DiagramParts values('PP31-01_0691-01402605465', 'PP31-01_0691', 01, 'Owner&apos;s manual E90, E91 w/o iDrive', 'DE, MJ 2011', 1, to_date('20100901','YYYYMMDD'), to_date('20110301','YYYYMMDD'), '01402605465', '', '', false);
insert into DiagramParts values('PP31-01_0691-01402606907', 'PP31-01_0691', 01, 'Owner&apos;s manual E90, E91 w/o iDrive', 'DE, MJ 2011', 1, to_date('20110301','YYYYMMDD'), to_date('20110901','YYYYMMDD'), '01402606907', '', '', false);
insert into DiagramParts values('PP31-01_0691-01412604234', 'PP31-01_0691', 02, 'Owner&apos;s manual E90, E91 w/o iDrive', 'EN, MJ 2010', 1, to_date('20100301','YYYYMMDD'), to_date('20100901','YYYYMMDD'), '01412604234', '', '', false);
insert into DiagramParts values('PP31-01_0691-01402605466', 'PP31-01_0691', 02, 'Owner&apos;s manual E90, E91 w/o iDrive', 'EN, MJ 2011', 1, to_date('20100901','YYYYMMDD'), to_date('20110301','YYYYMMDD'), '01402605466', '', '', false);
insert into DiagramParts values('PP31-01_0691-01402606908', 'PP31-01_0691', 02, 'Owner&apos;s manual E90, E91 w/o iDrive', 'EN, MJ 2011', 1, to_date('20110301','YYYYMMDD'), to_date('20110901','YYYYMMDD'), '01402606908', '', '', false);
insert into DiagramParts values('PP31-01_0691-01422604235', 'PP31-01_0691', 03, 'Owner&apos;s manual E90, E91 w/o iDrive', 'FR, MJ 2010', 1, to_date('20100301','YYYYMMDD'), to_date('20100901','YYYYMMDD'), '01422604235', '', '', false);
insert into DiagramParts values('PP31-01_0691-01402605467', 'PP31-01_0691', 03, 'Owner&apos;s manual E90, E91 w/o iDrive', 'FR, MJ 2011', 1, to_date('20100901','YYYYMMDD'), to_date('20110301','YYYYMMDD'), '01402605467', '', '', false);
insert into DiagramParts values('PP31-01_0691-01402606909', 'PP31-01_0691', 03, 'Owner&apos;s manual E90, E91 w/o iDrive', 'FR, MJ 2011', 1, to_date('20110301','YYYYMMDD'), to_date('20110901','YYYYMMDD'), '01402606909', '', '', false);
insert into DiagramParts values('PP31-01_0691-01432604236', 'PP31-01_0691', 04, 'Owner&apos;s manual E90, E91 w/o iDrive', 'ES, MJ 2010', 1, to_date('20100301','YYYYMMDD'), to_date('20100901','YYYYMMDD'), '01432604236', '', '', false);
insert into DiagramParts values('PP31-01_0691-01402605468', 'PP31-01_0691', 04, 'Owner&apos;s manual E90, E91 w/o iDrive', 'ES, MJ 2011', 1, to_date('20100901','YYYYMMDD'), to_date('20110301','YYYYMMDD'), '01402605468', '', '', false);
insert into DiagramParts values('PP31-01_0691-01402606910', 'PP31-01_0691', 04, 'Owner&apos;s manual E90, E91 w/o iDrive', 'ES, MJ 2011', 1, to_date('20110301','YYYYMMDD'), to_date('20110901','YYYYMMDD'), '01402606910', '', '', false);
insert into DiagramParts values('PP31-01_0691-01442604237', 'PP31-01_0691', 05, 'Owner&apos;s manual E90, E91 w/o iDrive', 'IT, MJ 2010', 1, to_date('20100301','YYYYMMDD'), to_date('20100901','YYYYMMDD'), '01442604237', '', '', false);
insert into DiagramParts values('PP31-01_0691-01402605469', 'PP31-01_0691', 05, 'Owner&apos;s manual E90, E91 w/o iDrive', 'IT, MJ 2011', 1, to_date('20100901','YYYYMMDD'), to_date('20110301','YYYYMMDD'), '01402605469', '', '', false);
insert into DiagramParts values('PP31-01_0691-01402606911', 'PP31-01_0691', 05, 'Owner&apos;s manual E90, E91 w/o iDrive', 'IT, MJ 2011', 1, to_date('20110301','YYYYMMDD'), to_date('20110901','YYYYMMDD'), '01402606911', '', '', false);
insert into DiagramParts values('PP31-01_0691-01452604238', 'PP31-01_0691', 06, 'Owner&apos;s manual E90, E91 w/o iDrive', 'SV, MJ 2010', 1, to_date('20100301','YYYYMMDD'), to_date('20100901','YYYYMMDD'), '01452604238', '', '', false);
insert into DiagramParts values('PP31-01_0691-01402605470', 'PP31-01_0691', 06, 'Owner&apos;s manual E90, E91 w/o iDrive', 'SV, MJ 2011', 1, to_date('20100901','YYYYMMDD'), to_date('20110301','YYYYMMDD'), '01402605470', '', '', false);
insert into DiagramParts values('PP31-01_0691-01402606912', 'PP31-01_0691', 06, 'Owner&apos;s manual E90, E91 w/o iDrive', 'SV, MJ 2011', 1, to_date('20110301','YYYYMMDD'), to_date('20110901','YYYYMMDD'), '01402606912', '', '', false);
insert into DiagramParts values('PP31-01_0691-01462604239', 'PP31-01_0691', 07, 'Owner&apos;s manual E90, E91 w/o iDrive', 'NL, MJ 2010', 1, to_date('20100301','YYYYMMDD'), to_date('20100901','YYYYMMDD'), '01462604239', '', '', false);
insert into DiagramParts values('PP31-01_0691-01402605471', 'PP31-01_0691', 07, 'Owner&apos;s manual E90, E91 w/o iDrive', 'NL, MJ 2011', 1, to_date('20100901','YYYYMMDD'), to_date('20110301','YYYYMMDD'), '01402605471', '', '', false);
insert into DiagramParts values('PP31-01_0691-01402606913', 'PP31-01_0691', 07, 'Owner&apos;s manual E90, E91 w/o iDrive', 'NL, MJ 2011', 1, to_date('20110301','YYYYMMDD'), to_date('20110901','YYYYMMDD'), '01402606913', '', '', false);
insert into DiagramParts values('PP31-01_0691-01472604240', 'PP31-01_0691', 08, 'Owner&apos;s manual E90, E91 w/o iDrive', 'AR, MJ 2010', 1, to_date('20100301','YYYYMMDD'), to_date('20100901','YYYYMMDD'), '01472604240', '', '', false);
insert into DiagramParts values('PP31-01_0691-01402605472', 'PP31-01_0691', 08, 'Owner&apos;s manual E90, E91 w/o iDrive', 'AR, MJ 2011', 1, to_date('20100901','YYYYMMDD'), to_date('20110301','YYYYMMDD'), '01402605472', '', '', false);
insert into DiagramParts values('PP31-01_0691-01402606914', 'PP31-01_0691', 08, 'Owner&apos;s manual E90, E91 w/o iDrive', 'AR, MJ 2011', 1, to_date('20110301','YYYYMMDD'), to_date('20110901','YYYYMMDD'), '01402606914', '', '', false);
insert into DiagramParts values('PP31-01_0691-01482604241', 'PP31-01_0691', 09, 'Owner&apos;s manual E90, E91 w/o iDrive', 'DA, MJ 2010', 1, to_date('20100301','YYYYMMDD'), to_date('20100901','YYYYMMDD'), '01482604241', '', '', false);
insert into DiagramParts values('PP31-01_0691-01402605473', 'PP31-01_0691', 09, 'Owner&apos;s manual E90, E91 w/o iDrive', 'DA, MJ 2011', 1, to_date('20100901','YYYYMMDD'), to_date('20110301','YYYYMMDD'), '01402605473', '', '', false);
insert into DiagramParts values('PP31-01_0691-01402606915', 'PP31-01_0691', 09, 'Owner&apos;s manual E90, E91 w/o iDrive', 'DA, MJ 2011', 1, to_date('20110301','YYYYMMDD'), to_date('20110901','YYYYMMDD'), '01402606915', '', '', false);
insert into DiagramParts values('PP31-01_0691-01492604242', 'PP31-01_0691', 10, 'Owner&apos;s manual E90, E91 w/o iDrive', 'PT, MJ 2010', 1, to_date('20100301','YYYYMMDD'), to_date('20100901','YYYYMMDD'), '01492604242', '', '', false);
insert into DiagramParts values('PP31-01_0691-01402605474', 'PP31-01_0691', 10, 'Owner&apos;s manual E90, E91 w/o iDrive', 'PT, MJ 2011', 1, to_date('20100901','YYYYMMDD'), to_date('20110301','YYYYMMDD'), '01402605474', '', '', false);
insert into DiagramParts values('PP31-01_0691-01402606916', 'PP31-01_0691', 10, 'Owner&apos;s manual E90, E91 w/o iDrive', 'PT, MJ 2011', 1, to_date('20110301','YYYYMMDD'), to_date('20110901','YYYYMMDD'), '01402606916', '', '', false);
insert into DiagramParts values('PP31-01_0691-01492604244', 'PP31-01_0691', 13, 'Owner&apos;s manual E90, E91 w/o iDrive', 'EL, MJ 2010', 1, to_date('20100301','YYYYMMDD'), to_date('20100901','YYYYMMDD'), '01492604244', '', '', false);
insert into DiagramParts values('PP31-01_0691-01402605476', 'PP31-01_0691', 13, 'Owner&apos;s manual E90, E91 w/o iDrive', 'EL, MJ 2011', 1, to_date('20100901','YYYYMMDD'), to_date('20110301','YYYYMMDD'), '01402605476', '', '', false);
insert into DiagramParts values('PP31-01_0691-01402606918', 'PP31-01_0691', 13, 'Owner&apos;s manual E90, E91 w/o iDrive', 'EL, MJ 2011', 1, to_date('20110301','YYYYMMDD'), to_date('20110901','YYYYMMDD'), '01402606918', '', '', false);
insert into DiagramParts values('PP31-01_0691-01492604243', 'PP31-01_0691', 14, 'Owner&apos;s manual E90, E91 w/o iDrive', 'ZH, MJ 2010', 1, to_date('20100301','YYYYMMDD'), to_date('20100901','YYYYMMDD'), '01492604243', '', '', false);
insert into DiagramParts values('PP31-01_0691-01402605475', 'PP31-01_0691', 14, 'Owner&apos;s manual E90, E91 w/o iDrive', 'ZH, MJ 2011', 1, to_date('20100901','YYYYMMDD'), to_date('20110301','YYYYMMDD'), '01402605475', '', '', false);
insert into DiagramParts values('PP31-01_0691-01402606917', 'PP31-01_0691', 14, 'Owner&apos;s manual E90, E91 w/o iDrive', 'ZH, MJ 2011', 1, to_date('20110301','YYYYMMDD'), to_date('20110901','YYYYMMDD'), '01402606917', '', '', false);
insert into DiagramParts values('PP31-01_0691-01492604245', 'PP31-01_0691', 15, 'Owner&apos;s manual E90, E91 w/o iDrive', 'KO, MJ 2010', 1, to_date('20100301','YYYYMMDD'), to_date('20100901','YYYYMMDD'), '01492604245', '', '', false);
insert into DiagramParts values('PP31-01_0691-01402605477', 'PP31-01_0691', 15, 'Owner&apos;s manual E90, E91 w/o iDrive', 'KO, MJ 2011', 1, to_date('20100901','YYYYMMDD'), to_date('20110301','YYYYMMDD'), '01402605477', '', '', false);
insert into DiagramParts values('PP31-01_0691-01402606919', 'PP31-01_0691', 15, 'Owner&apos;s manual E90, E91 w/o iDrive', 'KO, MJ 2011', 1, to_date('20110301','YYYYMMDD'), to_date('20110901','YYYYMMDD'), '01402606919', '', '', false);
insert into DiagramParts values('PP31-01_0691-01492604247', 'PP31-01_0691', 16, 'Owner&apos;s manual E90, E91 w/o iDrive', 'RO, MJ 2010', 1, to_date('20100301','YYYYMMDD'), to_date('20100901','YYYYMMDD'), '01492604247', '', '', false);
insert into DiagramParts values('PP31-01_0691-01402605479', 'PP31-01_0691', 16, 'Owner&apos;s manual E90, E91 w/o iDrive', 'RO, MJ 2011', 1, to_date('20100901','YYYYMMDD'), to_date('20110301','YYYYMMDD'), '01402605479', '', '', false);
insert into DiagramParts values('PP31-01_0691-01402606921', 'PP31-01_0691', 16, 'Owner&apos;s manual E90, E91 w/o iDrive', 'RO, MJ 2011', 1, to_date('20110301','YYYYMMDD'), to_date('20110901','YYYYMMDD'), '01402606921', '', '', false);
insert into DiagramParts values('PP31-01_0691-01492604246', 'PP31-01_0691', 17, 'Owner&apos;s manual E90, E91 w/o iDrive', 'RU, MJ 2010', 1, to_date('20100301','YYYYMMDD'), to_date('20100901','YYYYMMDD'), '01492604246', '', '', false);
insert into DiagramParts values('PP31-01_0691-01402605478', 'PP31-01_0691', 17, 'Owner&apos;s manual E90, E91 w/o iDrive', 'RU, MJ 2011', 1, to_date('20100901','YYYYMMDD'), to_date('20110301','YYYYMMDD'), '01402605478', '', '', false);
insert into DiagramParts values('PP31-01_0691-01402606920', 'PP31-01_0691', 17, 'Owner&apos;s manual E90, E91 w/o iDrive', 'RU, MJ 2011', 1, to_date('20110301','YYYYMMDD'), to_date('20110901','YYYYMMDD'), '01402606920', '', '', false);
insert into DiagramParts values('PP31-01_0691-01492604248', 'PP31-01_0691', 18, 'Owner&apos;s manual E90, E91 w/o iDrive', 'SK, MJ 2010', 1, to_date('20100301','YYYYMMDD'), to_date('20100901','YYYYMMDD'), '01492604248', '', '', false);
insert into DiagramParts values('PP31-01_0691-01402605480', 'PP31-01_0691', 18, 'Owner&apos;s manual E90, E91 w/o iDrive', 'SK, MJ 2011', 1, to_date('20100901','YYYYMMDD'), to_date('20110301','YYYYMMDD'), '01402605480', '', '', false);
insert into DiagramParts values('PP31-01_0691-01402606922', 'PP31-01_0691', 18, 'Owner&apos;s manual E90, E91 w/o iDrive', 'SK, MJ 2011', 1, to_date('20110301','YYYYMMDD'), to_date('20110901','YYYYMMDD'), '01402606922', '', '', false);
insert into DiagramParts values('PP31-01_0691-01492604249', 'PP31-01_0691', 19, 'Owner&apos;s manual E90, E91 w/o iDrive', 'CS, MJ 2010', 1, to_date('20100301','YYYYMMDD'), to_date('20100901','YYYYMMDD'), '01492604249', '', '', false);
insert into DiagramParts values('PP31-01_0691-01402605481', 'PP31-01_0691', 19, 'Owner&apos;s manual E90, E91 w/o iDrive', 'CS, MJ 2011', 1, to_date('20100901','YYYYMMDD'), to_date('20110301','YYYYMMDD'), '01402605481', '', '', false);
insert into DiagramParts values('PP31-01_0691-01402606923', 'PP31-01_0691', 19, 'Owner&apos;s manual E90, E91 w/o iDrive', 'CS, MJ 2011', 1, to_date('20110301','YYYYMMDD'), to_date('20110901','YYYYMMDD'), '01402606923', '', '', false);
insert into DiagramParts values('PP31-01_0691-01402605482', 'PP31-01_0691', 20, 'Owner&apos;s manual E90, E91 w/o iDrive', 'PL, MJ 2011', 1, to_date('20100901','YYYYMMDD'), to_date('20110301','YYYYMMDD'), '01402605482', '', '', false);
insert into DiagramParts values('PP31-01_0691-01402606924', 'PP31-01_0691', 20, 'Owner&apos;s manual E90, E91 w/o iDrive', 'PL, MJ 2011', 1, to_date('20110301','YYYYMMDD'), to_date('20110901','YYYYMMDD'), '01402606924', '', '', false);
insert into DiagramParts values('PP31-01_0691-01402606925', 'PP31-01_0691', 21, 'Owner&apos;s manual E90, E91 w/o iDrive', 'HU, MJ 2011', 1, to_date('20110301','YYYYMMDD'), to_date('20110901','YYYYMMDD'), '01402606925', '', '', false);
insert into Diagram values('PP31-01_0691','PP31-20090900','01-05','E90N 320xd   Owner&apos;s manual E90, E91 w/o iDrive','');
insert into DiagramParts values('PP31-01_0692-01402605542', 'PP31-01_0692', 01, 'Owner&apos;s manual, E90, E91 with iDrive', 'DE, MJ 2011', 1, to_date('20100901','YYYYMMDD'), to_date('20110301','YYYYMMDD'), '01402605542', '', '', false);
insert into DiagramParts values('PP31-01_0692-01402606989', 'PP31-01_0692', 01, 'Owner&apos;s manual, E90, E91 with iDrive', 'DE, MJ 2011', 1, to_date('20110301','YYYYMMDD'), to_date('20110901','YYYYMMDD'), '01402606989', '', '', false);
insert into DiagramParts values('PP31-01_0692-01412604566', 'PP31-01_0692', 02, 'Owner&apos;s manual, E90, E91 with iDrive', 'EN, MJ 2010', 1, to_date('20100301','YYYYMMDD'), to_date('20100901','YYYYMMDD'), '01412604566', '', '', false);
insert into DiagramParts values('PP31-01_0692-01402605543', 'PP31-01_0692', 02, 'Owner&apos;s manual, E90, E91 with iDrive', 'EN, MJ 2011', 1, to_date('20100901','YYYYMMDD'), to_date('20110301','YYYYMMDD'), '01402605543', '', '', false);
insert into DiagramParts values('PP31-01_0692-01402606990', 'PP31-01_0692', 02, 'Owner&apos;s manual, E90, E91 with iDrive', 'EN, MJ 2011', 1, to_date('20110301','YYYYMMDD'), to_date('20110901','YYYYMMDD'), '01402606990', '', '', false);
insert into DiagramParts values('PP31-01_0692-01422604567', 'PP31-01_0692', 03, 'Owner&apos;s manual, E90, E91 with iDrive', 'FR, MJ 2010', 1, to_date('20100301','YYYYMMDD'), to_date('20100901','YYYYMMDD'), '01422604567', '', '', false);
insert into DiagramParts values('PP31-01_0692-01402605544', 'PP31-01_0692', 03, 'Owner&apos;s manual, E90, E91 with iDrive', 'FR, MJ 2011', 1, to_date('20100901','YYYYMMDD'), to_date('20110301','YYYYMMDD'), '01402605544', '', '', false);
insert into DiagramParts values('PP31-01_0692-01402606991', 'PP31-01_0692', 03, 'Owner&apos;s manual, E90, E91 with iDrive', 'FR, MJ 2011', 1, to_date('20110301','YYYYMMDD'), to_date('20110901','YYYYMMDD'), '01402606991', '', '', false);
insert into DiagramParts values('PP31-01_0692-01432604568', 'PP31-01_0692', 04, 'Owner&apos;s manual, E90, E91 with iDrive', 'ES, MJ 2010', 1, to_date('20100301','YYYYMMDD'), to_date('20100901','YYYYMMDD'), '01432604568', '', '', false);
insert into DiagramParts values('PP31-01_0692-01402605545', 'PP31-01_0692', 04, 'Owner&apos;s manual, E90, E91 with iDrive', 'ES, MJ 2011', 1, to_date('20100901','YYYYMMDD'), to_date('20110301','YYYYMMDD'), '01402605545', '', '', false);
insert into DiagramParts values('PP31-01_0692-01402606992', 'PP31-01_0692', 04, 'Owner&apos;s manual, E90, E91 with iDrive', 'ES, MJ 2011', 1, to_date('20110301','YYYYMMDD'), to_date('20110901','YYYYMMDD'), '01402606992', '', '', false);
insert into DiagramParts values('PP31-01_0692-01442604569', 'PP31-01_0692', 05, 'Owner&apos;s manual, E90, E91 with iDrive', 'IT, MJ 2010', 1, to_date('20100301','YYYYMMDD'), to_date('20100901','YYYYMMDD'), '01442604569', '', '', false);
insert into DiagramParts values('PP31-01_0692-01402605546', 'PP31-01_0692', 05, 'Owner&apos;s manual, E90, E91 with iDrive', 'IT, MJ 2011', 1, to_date('20100901','YYYYMMDD'), to_date('20110301','YYYYMMDD'), '01402605546', '', '', false);
insert into DiagramParts values('PP31-01_0692-01402606993', 'PP31-01_0692', 05, 'Owner&apos;s manual, E90, E91 with iDrive', 'IT, MJ 2011', 1, to_date('20110301','YYYYMMDD'), to_date('20110901','YYYYMMDD'), '01402606993', '', '', false);
insert into DiagramParts values('PP31-01_0692-01452604570', 'PP31-01_0692', 06, 'Owner&apos;s manual, E90, E91 with iDrive', 'SV, MJ 2010', 1, to_date('20100301','YYYYMMDD'), to_date('20100901','YYYYMMDD'), '01452604570', '', '', false);
insert into DiagramParts values('PP31-01_0692-01402605547', 'PP31-01_0692', 06, 'Owner&apos;s manual, E90, E91 with iDrive', 'SV, MJ 2011', 1, to_date('20100901','YYYYMMDD'), to_date('20110301','YYYYMMDD'), '01402605547', '', '', false);
insert into DiagramParts values('PP31-01_0692-01402606994', 'PP31-01_0692', 06, 'Owner&apos;s manual, E90, E91 with iDrive', 'SV, MJ 2011', 1, to_date('20110301','YYYYMMDD'), to_date('20110901','YYYYMMDD'), '01402606994', '', '', false);
insert into DiagramParts values('PP31-01_0692-01462604571', 'PP31-01_0692', 07, 'Owner&apos;s manual, E90, E91 with iDrive', 'NL, MJ 2010', 1, to_date('20100301','YYYYMMDD'), to_date('20100901','YYYYMMDD'), '01462604571', '', '', false);
insert into DiagramParts values('PP31-01_0692-01402605548', 'PP31-01_0692', 07, 'Owner&apos;s manual, E90, E91 with iDrive', 'NL, MJ 2011', 1, to_date('20100901','YYYYMMDD'), to_date('20110301','YYYYMMDD'), '01402605548', '', '', false);
insert into DiagramParts values('PP31-01_0692-01402606995', 'PP31-01_0692', 07, 'Owner&apos;s manual, E90, E91 with iDrive', 'NL, MJ 2011', 1, to_date('20110301','YYYYMMDD'), to_date('20110901','YYYYMMDD'), '01402606995', '', '', false);
insert into DiagramParts values('PP31-01_0692-01472604572', 'PP31-01_0692', 08, 'Owner&apos;s manual, E90, E91 with iDrive', 'AR, MJ 2010', 1, to_date('20100301','YYYYMMDD'), to_date('20100901','YYYYMMDD'), '01472604572', '', '', false);
insert into DiagramParts values('PP31-01_0692-01402605549', 'PP31-01_0692', 08, 'Owner&apos;s manual, E90, E91 with iDrive', 'AR, MJ 2011', 1, to_date('20100901','YYYYMMDD'), to_date('20110301','YYYYMMDD'), '01402605549', '', '', false);
insert into DiagramParts values('PP31-01_0692-01402606996', 'PP31-01_0692', 08, 'Owner&apos;s manual, E90, E91 with iDrive', 'AR, MJ 2011', 1, to_date('20110301','YYYYMMDD'), to_date('20110901','YYYYMMDD'), '01402606996', '', '', false);
insert into DiagramParts values('PP31-01_0692-01482604573', 'PP31-01_0692', 09, 'Owner&apos;s manual, E90, E91 with iDrive', 'DA, MJ 2010', 1, to_date('20100301','YYYYMMDD'), to_date('20100901','YYYYMMDD'), '01482604573', '', '', false);
insert into DiagramParts values('PP31-01_0692-01402605550', 'PP31-01_0692', 09, 'Owner&apos;s manual, E90, E91 with iDrive', 'DA, MJ 2011', 1, to_date('20100901','YYYYMMDD'), to_date('20110301','YYYYMMDD'), '01402605550', '', '', false);
insert into DiagramParts values('PP31-01_0692-01402606997', 'PP31-01_0692', 09, 'Owner&apos;s manual, E90, E91 with iDrive', 'DA, MJ 2011', 1, to_date('20110301','YYYYMMDD'), to_date('20110901','YYYYMMDD'), '01402606997', '', '', false);
insert into DiagramParts values('PP31-01_0692-01492604574', 'PP31-01_0692', 10, 'Owner&apos;s manual, E90, E91 with iDrive', 'PT, MJ  2010', 1, to_date('20100301','YYYYMMDD'), to_date('20100901','YYYYMMDD'), '01492604574', '', '', false);
insert into DiagramParts values('PP31-01_0692-01402605551', 'PP31-01_0692', 10, 'Owner&apos;s manual, E90, E91 with iDrive', 'PT, MJ 2011', 1, to_date('20100901','YYYYMMDD'), to_date('20110301','YYYYMMDD'), '01402605551', '', '', false);
insert into DiagramParts values('PP31-01_0692-01402606998', 'PP31-01_0692', 10, 'Owner&apos;s manual, E90, E91 with iDrive', 'PT, MJ 2011', 1, to_date('20110301','YYYYMMDD'), to_date('20110901','YYYYMMDD'), '01402606998', '', '', false);
insert into DiagramParts values('PP31-01_0692-01492604576', 'PP31-01_0692', 13, 'Owner&apos;s manual, E90, E91 with iDrive', 'EL, MJ 2010', 1, to_date('20100301','YYYYMMDD'), to_date('20100901','YYYYMMDD'), '01492604576', '', '', false);
insert into DiagramParts values('PP31-01_0692-01402605553', 'PP31-01_0692', 13, 'Owner&apos;s manual, E90, E91 with iDrive', 'EL, MJ 2011', 1, to_date('20100901','YYYYMMDD'), to_date('20110301','YYYYMMDD'), '01402605553', '', '', false);
insert into DiagramParts values('PP31-01_0692-01402607000', 'PP31-01_0692', 13, 'Owner&apos;s manual, E90, E91 with iDrive', 'EL, MJ 2011', 1, to_date('20110301','YYYYMMDD'), to_date('20110901','YYYYMMDD'), '01402607000', '', '', false);
insert into DiagramParts values('PP31-01_0692-01492604575', 'PP31-01_0692', 14, 'Owner&apos;s manual, E90, E91 with iDrive', 'ZH, MJ 2010', 1, to_date('20100301','YYYYMMDD'), to_date('20100901','YYYYMMDD'), '01492604575', '', '', false);
insert into DiagramParts values('PP31-01_0692-01402605552', 'PP31-01_0692', 14, 'Owner&apos;s manual, E90, E91 with iDrive', 'ZH, MJ 2011', 1, to_date('20100901','YYYYMMDD'), to_date('20110301','YYYYMMDD'), '01402605552', '', '', false);
insert into DiagramParts values('PP31-01_0692-01402606999', 'PP31-01_0692', 14, 'Owner&apos;s manual, E90, E91 with iDrive', 'ZH, MJ 2011', 1, to_date('20110301','YYYYMMDD'), to_date('20110901','YYYYMMDD'), '01402606999', '', '', false);
insert into DiagramParts values('PP31-01_0692-01492604577', 'PP31-01_0692', 15, 'Owner&apos;s manual, E90, E91 with iDrive', 'KO, MJ 2010', 1, to_date('20100301','YYYYMMDD'), to_date('20100901','YYYYMMDD'), '01492604577', '', '', false);
insert into DiagramParts values('PP31-01_0692-01402605554', 'PP31-01_0692', 15, 'Owner&apos;s manual, E90, E91 with iDrive', 'KO, MJ 2011', 1, to_date('20100901','YYYYMMDD'), to_date('20110301','YYYYMMDD'), '01402605554', '', '', false);
insert into DiagramParts values('PP31-01_0692-01402607001', 'PP31-01_0692', 15, 'Owner&apos;s manual, E90, E91 with iDrive', 'KO, MJ 2011', 1, to_date('20110301','YYYYMMDD'), to_date('20110901','YYYYMMDD'), '01402607001', '', '', false);
insert into DiagramParts values('PP31-01_0692-01492604579', 'PP31-01_0692', 16, 'Owner&apos;s manual, E90, E91 with iDrive', 'RO, MJ 2010', 1, to_date('20100301','YYYYMMDD'), to_date('20100901','YYYYMMDD'), '01492604579', '', '', false);
insert into DiagramParts values('PP31-01_0692-01402605556', 'PP31-01_0692', 16, 'Owner&apos;s manual, E90, E91 with iDrive', 'RO, MJ 2011', 1, to_date('20100901','YYYYMMDD'), to_date('20110301','YYYYMMDD'), '01402605556', '', '', false);
insert into DiagramParts values('PP31-01_0692-01402607003', 'PP31-01_0692', 16, 'Owner&apos;s manual, E90, E91 with iDrive', 'RO, MJ 2011', 1, to_date('20110301','YYYYMMDD'), to_date('20110901','YYYYMMDD'), '01402607003', '', '', false);
insert into DiagramParts values('PP31-01_0692-01492604578', 'PP31-01_0692', 17, 'Owner&apos;s manual, E90, E91 with iDrive', 'RU, MJ 2010', 1, to_date('20100301','YYYYMMDD'), to_date('20100901','YYYYMMDD'), '01492604578', '', '', false);
insert into DiagramParts values('PP31-01_0692-01402605555', 'PP31-01_0692', 17, 'Owner&apos;s manual, E90, E91 with iDrive', 'RU, MJ 2011', 1, to_date('20100901','YYYYMMDD'), to_date('20110301','YYYYMMDD'), '01402605555', '', '', false);
insert into DiagramParts values('PP31-01_0692-01402607002', 'PP31-01_0692', 17, 'Owner&apos;s manual, E90, E91 with iDrive', 'RU, MJ 2011', 1, to_date('20110301','YYYYMMDD'), to_date('20110901','YYYYMMDD'), '01402607002', '', '', false);
insert into DiagramParts values('PP31-01_0692-01492604580', 'PP31-01_0692', 18, 'Owner&apos;s manual, E90, E91 with iDrive', 'SK, MJ 2010', 1, to_date('20100301','YYYYMMDD'), to_date('20100901','YYYYMMDD'), '01492604580', '', '', false);
insert into DiagramParts values('PP31-01_0692-01402605557', 'PP31-01_0692', 18, 'Owner&apos;s manual, E90, E91 with iDrive', 'SK, MJ 2011', 1, to_date('20100901','YYYYMMDD'), to_date('20110301','YYYYMMDD'), '01402605557', '', '', false);
insert into DiagramParts values('PP31-01_0692-01402607004', 'PP31-01_0692', 18, 'Owner&apos;s manual, E90, E91 with iDrive', 'SK, MJ 2011', 1, to_date('20110301','YYYYMMDD'), to_date('20110901','YYYYMMDD'), '01402607004', '', '', false);
insert into DiagramParts values('PP31-01_0692-01492604581', 'PP31-01_0692', 19, 'Owner&apos;s manual, E90, E91 with iDrive', 'CS, MJ 2010', 1, to_date('20100301','YYYYMMDD'), to_date('20100901','YYYYMMDD'), '01492604581', '', '', false);
insert into DiagramParts values('PP31-01_0692-01402605558', 'PP31-01_0692', 19, 'Owner&apos;s manual, E90, E91 with iDrive', 'CS, MJ 2011', 1, to_date('20100901','YYYYMMDD'), to_date('20110301','YYYYMMDD'), '01402605558', '', '', false);
insert into DiagramParts values('PP31-01_0692-01402607005', 'PP31-01_0692', 19, 'Owner&apos;s manual, E90, E91 with iDrive', 'CS, MJ 2011', 1, to_date('20110301','YYYYMMDD'), to_date('20110901','YYYYMMDD'), '01402607005', '', '', false);
insert into DiagramParts values('PP31-01_0692-01402605559', 'PP31-01_0692', 20, 'Owner&apos;s manual, E90, E91 with iDrive', 'PL, MJ 2011', 1, to_date('20100901','YYYYMMDD'), to_date('20110301','YYYYMMDD'), '01402605559', '', '', false);
insert into DiagramParts values('PP31-01_0692-01402607006', 'PP31-01_0692', 20, 'Owner&apos;s manual, E90, E91 with iDrive', 'PL, MJ 2011', 1, to_date('20110301','YYYYMMDD'), to_date('20110901','YYYYMMDD'), '01402607006', '', '', false);
insert into DiagramParts values('PP31-01_0692-01402607007', 'PP31-01_0692', 21, 'Owner&apos;s manual, E90, E91 with iDrive', 'HU, MJ 2011', 1, to_date('20110301','YYYYMMDD'), to_date('20110901','YYYYMMDD'), '01402607007', '', '', false);
insert into Diagram values('PP31-01_0692','PP31-20090900','01-05','E90N 320xd   Owner&apos;s manual, E90, E91 with iDrive','');
insert into DiagramParts values('PP31-01_0733-01402604702', 'PP31-01_0733', 01, 'Brief instructions E90, E91, E92, E93', 'DE, MJ 2010', 1, to_date('20100301','YYYYMMDD'), to_date('20100901','YYYYMMDD'), '01402604702', '', '', false);
insert into DiagramParts values('PP31-01_0733-01402605350', 'PP31-01_0733', 01, 'Brief instructions E90, E91, E92, E93', 'DE, MJ 2011', 1, to_date('20100901','YYYYMMDD'), to_date('20110301','YYYYMMDD'), '01402605350', '', '', false);
insert into DiagramParts values('PP31-01_0733-01402607451', 'PP31-01_0733', 01, 'Brief instructions E90, E91, E92, E93', 'DE, MJ 2011', 1, to_date('20110301','YYYYMMDD'), to_date('20110901','YYYYMMDD'), '01402607451', '', '', false);
insert into DiagramParts values('PP31-01_0733-01402604716', 'PP31-01_0733', 01, 'Brief instructions E90, E91, E92, E93', 'DE, MJ 2010/11', 1, to_date('20100301','YYYYMMDD'), to_date('20110301','YYYYMMDD'), '01402604716', '', '', false);
insert into DiagramParts values('PP31-01_0733-01402607431', 'PP31-01_0733', 01, 'Brief instructions E90, E91, E92, E93', 'DE, MJ 2011', 1, to_date('20110301','YYYYMMDD'), to_date('20110901','YYYYMMDD'), '01402607431', '', '', false);
insert into DiagramParts values('PP31-01_0733-01402609786', 'PP31-01_0733', 01, 'Brief instructions E90, E91, E92, E93', 'DE', 1, to_date('20110901','YYYYMMDD'), to_date('20120301','YYYYMMDD'), '01402609786', '', '', false);
insert into DiagramParts values('PP31-01_0733-01412604703', 'PP31-01_0733', 02, 'Brief instructions E90, E91, E92, E93', 'EN, MJ 2010', 1, to_date('20100301','YYYYMMDD'), to_date('20100901','YYYYMMDD'), '01412604703', '', '', false);
insert into DiagramParts values('PP31-01_0733-01402605351', 'PP31-01_0733', 02, 'Brief instructions E90, E91, E92, E93', 'EN, MJ 2011', 1, to_date('20100901','YYYYMMDD'), to_date('20110301','YYYYMMDD'), '01402605351', '', '', false);
insert into DiagramParts values('PP31-01_0733-01402607452', 'PP31-01_0733', 02, 'Brief instructions E90, E91, E92, E93', 'EN, MJ 2011', 1, to_date('20110301','YYYYMMDD'), to_date('20110901','YYYYMMDD'), '01402607452', '', '', false);
insert into DiagramParts values('PP31-01_0733-01412604717', 'PP31-01_0733', 02, 'Brief instructions E90, E91, E92, E93', 'EN, MJ 2010/11', 1, to_date('20100301','YYYYMMDD'), to_date('20110301','YYYYMMDD'), '01412604717', '', '', false);
insert into DiagramParts values('PP31-01_0733-01402607432', 'PP31-01_0733', 02, 'Brief instructions E90, E91, E92, E93', 'EN, MJ 2011', 1, to_date('20110301','YYYYMMDD'), to_date('20110901','YYYYMMDD'), '01402607432', '', '', false);
insert into DiagramParts values('PP31-01_0733-01402609787', 'PP31-01_0733', 02, 'Brief instructions E90, E91, E92, E93', 'EN', 1, to_date('20110901','YYYYMMDD'), to_date('20120301','YYYYMMDD'), '01402609787', '', '', false);
insert into DiagramParts values('PP31-01_0733-01402609788', 'PP31-01_0733', 03, 'Brief instructions E90, E91, E92, E93', 'FR', 1, to_date('20110901','YYYYMMDD'), to_date('20120301','YYYYMMDD'), '01402609788', '', '', false);
insert into DiagramParts values('PP31-01_0733-01402609789', 'PP31-01_0733', 04, 'Brief instructions E90, E91, E92, E93', 'ES', 1, to_date('20110901','YYYYMMDD'), to_date('20120301','YYYYMMDD'), '01402609789', '', '', false);
insert into DiagramParts values('PP31-01_0733-01402609790', 'PP31-01_0733', 05, 'Brief instructions E90, E91, E92, E93', 'IT', 1, to_date('20110901','YYYYMMDD'), to_date('20120301','YYYYMMDD'), '01402609790', '', '', false);
insert into DiagramParts values('PP31-01_0733-01402609791', 'PP31-01_0733', 06, 'Brief instructions E90, E91, E92, E93', 'SV', 1, to_date('20110901','YYYYMMDD'), to_date('20120301','YYYYMMDD'), '01402609791', '', '', false);
insert into DiagramParts values('PP31-01_0733-01402609792', 'PP31-01_0733', 07, 'Brief instructions E90, E91, E92, E93', 'NL', 1, to_date('20110901','YYYYMMDD'), to_date('20120301','YYYYMMDD'), '01402609792', '', '', false);
insert into DiagramParts values('PP31-01_0733-01402609793', 'PP31-01_0733', 08, 'Brief instructions E90, E91, E92, E93', 'AR', 1, to_date('20110901','YYYYMMDD'), to_date('20120301','YYYYMMDD'), '01402609793', '', '', false);
insert into DiagramParts values('PP31-01_0733-01402609794', 'PP31-01_0733', 09, 'Brief instructions E90, E91, E92, E93', 'DA', 1, to_date('20110901','YYYYMMDD'), to_date('20120301','YYYYMMDD'), '01402609794', '', '', false);
insert into DiagramParts values('PP31-01_0733-01402609795', 'PP31-01_0733', 10, 'Brief instructions E90, E91, E92, E93', 'PT', 1, to_date('20110901','YYYYMMDD'), to_date('20120301','YYYYMMDD'), '01402609795', '', '', false);
insert into DiagramParts values('PP31-01_0733-01402609797', 'PP31-01_0733', 13, 'Brief instructions E90, E91, E92, E93', 'EL', 1, to_date('20110901','YYYYMMDD'), to_date('20120301','YYYYMMDD'), '01402609797', '', '', false);
insert into DiagramParts values('PP31-01_0733-01402609796', 'PP31-01_0733', 14, 'Brief instructions E90, E91, E92, E93', 'ZH', 1, to_date('20110901','YYYYMMDD'), to_date('20120301','YYYYMMDD'), '01402609796', '', '', false);
insert into DiagramParts values('PP31-01_0733-01402609798', 'PP31-01_0733', 15, 'Brief instructions E90, E91, E92, E93', 'KO', 1, to_date('20110901','YYYYMMDD'), to_date('20120301','YYYYMMDD'), '01402609798', '', '', false);
insert into DiagramParts values('PP31-01_0733-01402609800', 'PP31-01_0733', 16, 'Brief instructions E90, E91, E92, E93', 'RO', 1, to_date('20110901','YYYYMMDD'), to_date('20120301','YYYYMMDD'), '01402609800', '', '', false);
insert into DiagramParts values('PP31-01_0733-01402609799', 'PP31-01_0733', 17, 'Brief instructions E90, E91, E92, E93', 'RU', 1, to_date('20110901','YYYYMMDD'), to_date('20120301','YYYYMMDD'), '01402609799', '', '', false);
insert into DiagramParts values('PP31-01_0733-01402609801', 'PP31-01_0733', 18, 'Brief instructions E90, E91, E92, E93', 'SK', 1, to_date('20110901','YYYYMMDD'), to_date('20120301','YYYYMMDD'), '01402609801', '', '', false);
insert into DiagramParts values('PP31-01_0733-01402609802', 'PP31-01_0733', 19, 'Brief instructions E90, E91, E92, E93', 'CS', 1, to_date('20110901','YYYYMMDD'), to_date('20120301','YYYYMMDD'), '01402609802', '', '', false);
insert into DiagramParts values('PP31-01_0733-01402609803', 'PP31-01_0733', 20, 'Brief instructions E90, E91, E92, E93', 'PL', 1, to_date('20110901','YYYYMMDD'), to_date('20120301','YYYYMMDD'), '01402609803', '', '', false);
insert into DiagramParts values('PP31-01_0733-01402609804', 'PP31-01_0733', 21, 'Brief instructions E90, E91, E92, E93', 'HU', 1, to_date('20110901','YYYYMMDD'), to_date('20120301','YYYYMMDD'), '01402609804', '', '', false);
insert into Diagram values('PP31-01_0733','PP31-20090900','01-05','E90N 320xd   Brief instructions E90, E91, E92, E93','');
insert into Diagram values('PP31-01_0756','PP31-20090900','01-05','E90N 320xd   Mirror placard','');
insert into Diagram values('PP31-01_0780','PP31-20090900','01-05','E90N 320xd   Brochure Service Contact, BMW','');
insert into DiagramParts values('PP31-01_1080-01402912788', 'PP31-01_1080', 01, 'Supplement Owner&apos;s Manual license texts', 'MULTILINGUAL', 1, to_date('20120301','YYYYMMDD'), to_date('20120701','YYYYMMDD'), '01402912788', '', '', false);
insert into DiagramParts values('PP31-01_1080-01402916582', 'PP31-01_1080', 01, 'Supplement Owner&apos;s Manual license texts', 'MULTILINGUAL', 1, to_date('20120701','YYYYMMDD'), to_date('20130301','YYYYMMDD'), '01402916582', '', '', false);
insert into DiagramParts values('PP31-01_1080-01402918756', 'PP31-01_1080', 01, 'Supplement Owner&apos;s Manual license texts', 'MULTILINGUAL', 1, to_date('20130301','YYYYMMDD'), to_date('20130701','YYYYMMDD'), '01402918756', '', '', false);
insert into DiagramParts values('PP31-01_1080-01402608395', 'PP31-01_1080', 02, 'Insert with license texts', 'EN, MJ 2011', 1, to_date('20100901','YYYYMMDD'), to_date('20110901','YYYYMMDD'), '01402608395', '', '', false);
insert into DiagramParts values('PP31-01_1080-01402901443', 'PP31-01_1080', 02, 'Supplement Owner&apos;s Manual license texts', 'MULTILINGUAL', 1, to_date('20110901','YYYYMMDD'), to_date('20120301','YYYYMMDD'), '01402901443', '', '', false);
insert into Diagram values('PP31-01_1080','PP31-20090900','01-05','E90N 320xd   Flyer, license texts for BMW','');
insert into DiagramParts values('PP31-01_0606-01402606341', 'PP31-01_0606', 01, 'Operating instructions, radio &quot;de&quot;', 'SA663', 1, to_date('20100901','YYYYMMDD'), to_date('20110301','YYYYMMDD'), '01402606341', '', '', false);
insert into DiagramParts values('PP31-01_0606-01402606342', 'PP31-01_0606', 02, 'Operating instructions, radio &quot;en&quot;', 'SA663', 1, to_date('20100901','YYYYMMDD'), to_date('20110301','YYYYMMDD'), '01402606342', '', '', false);
insert into DiagramParts values('PP31-01_0606-01402606343', 'PP31-01_0606', 03, 'Operating instructions, radio &quot;fr&quot;', 'SA663', 1, to_date('20100901','YYYYMMDD'), to_date('20110301','YYYYMMDD'), '01402606343', '', '', false);
insert into DiagramParts values('PP31-01_0606-01402606344', 'PP31-01_0606', 04, 'Operating instructions, radio &quot;es&quot;', 'SA663', 1, to_date('20100901','YYYYMMDD'), to_date('20110301','YYYYMMDD'), '01402606344', '', '', false);
insert into DiagramParts values('PP31-01_0606-01402606345', 'PP31-01_0606', 05, 'Operating instructions, radio &quot;it&quot;', 'SA663', 1, to_date('20100901','YYYYMMDD'), to_date('20110301','YYYYMMDD'), '01402606345', '', '', false);
insert into DiagramParts values('PP31-01_0606-01402606346', 'PP31-01_0606', 06, 'Operating instructions, radio &quot;sv&quot;', 'SA663', 1, to_date('20100901','YYYYMMDD'), to_date('20110301','YYYYMMDD'), '01402606346', '', '', false);
insert into DiagramParts values('PP31-01_0606-01402606347', 'PP31-01_0606', 07, 'Operating instructions, radio &quot;nl&quot;', 'SA663', 1, to_date('20100901','YYYYMMDD'), to_date('20110301','YYYYMMDD'), '01402606347', '', '', false);
insert into DiagramParts values('PP31-01_0606-01402606348', 'PP31-01_0606', 08, 'Operating instructions, radio &quot;ar&quot;', 'SA663', 1, to_date('20100901','YYYYMMDD'), to_date('20110301','YYYYMMDD'), '01402606348', '', '', false);
insert into DiagramParts values('PP31-01_0606-01402606349', 'PP31-01_0606', 09, 'Operating instructions, radio &quot;da&quot;', 'SA663', 1, to_date('20100901','YYYYMMDD'), to_date('20110301','YYYYMMDD'), '01402606349', '', '', false);
insert into DiagramParts values('PP31-01_0606-01402606350', 'PP31-01_0606', 10, 'Operating instructions, radio &quot;pt&quot;', 'SA663', 1, to_date('20100901','YYYYMMDD'), to_date('20110301','YYYYMMDD'), '01402606350', '', '', false);
insert into DiagramParts values('PP31-01_0606-01402606352', 'PP31-01_0606', 13, 'Operating instructions, radio &quot;el&quot;', 'SA663', 1, to_date('20100901','YYYYMMDD'), to_date('20110301','YYYYMMDD'), '01402606352', '', '', false);
insert into DiagramParts values('PP31-01_0606-01402606351', 'PP31-01_0606', 14, 'Operating instructions, radio &quot;zh&quot;', 'SA663', 1, to_date('20100901','YYYYMMDD'), to_date('20110301','YYYYMMDD'), '01402606351', '', '', false);
insert into DiagramParts values('PP31-01_0606-01402606353', 'PP31-01_0606', 15, 'Operating instructions for radio &quot;ko&quot;', 'SA663', 1, to_date('20100901','YYYYMMDD'), to_date('20110301','YYYYMMDD'), '01402606353', '', '', false);
insert into DiagramParts values('PP31-01_0606-01402606355', 'PP31-01_0606', 16, 'Operating instructions for radio &apos;ro&apos;', 'SA663', 1, to_date('20100901','YYYYMMDD'), to_date('20110301','YYYYMMDD'), '01402606355', '', '', false);
insert into DiagramParts values('PP31-01_0606-01402606354', 'PP31-01_0606', 17, 'Operating instructions for radio &quot;ru&quot;', 'SA663', 1, to_date('20100901','YYYYMMDD'), to_date('20110301','YYYYMMDD'), '01402606354', '', '', false);
insert into DiagramParts values('PP31-01_0606-01402606356', 'PP31-01_0606', 18, 'Operating Instructions for radio &quot;sk&quot;', 'SA663', 1, to_date('20100901','YYYYMMDD'), to_date('20110301','YYYYMMDD'), '01402606356', '', '', false);
insert into DiagramParts values('PP31-01_0606-01402606357', 'PP31-01_0606', 19, 'Operating instructions for radio &quot;cs&quot;', 'SA663', 1, to_date('20100901','YYYYMMDD'), to_date('20110301','YYYYMMDD'), '01402606357', '', '', false);
insert into Diagram values('PP31-01_0606','PP31-20090900','01-12','E90N 320xd   Radio E81,E82,E87,E88, E90,E91,E92,E93','');
insert into Diagram values('PP31-01_0302','PP31-20090900','01-14','E90N 320xd   Universal BMW mobile phone preparat.','');
insert into Diagram values('PP31-01_1128','PP31-20090900','01-19','E90N 320xd   EC Certificate of Conformity','');
insert into Diagram values('PP31-01_0169','PP31-20090900','01-21','E90N 320xd   Logbook slipcase BMW','');
insert into Diagram values('PP31-01_1140','PP31-20090900','01-21','E90N 320xd   Logbook slipcase BMW','');
insert into Diagram values('PP31-01_0029','PP31-20090900','01-24','E90N 320xd   Supplem. to owner&apos;s manual, Australia','');
insert into Diagram values('PP31-01_0743','PP31-20090900','01-26','E90N 320xd   BMW Service Manual 2008 - 2011','');
insert into Diagram values('PP31-01_1139','PP31-20090900','01-26','E90N 320xd   BMW Service Manual from model year 2012','');
insert into Diagram values('PP31-01_0670','PP31-20090900','01-35','E90N 320xd   battery charge calendar','');
insert into Diagram values('PP31-01_0639','PP31-20090900','01-65','E90N 320xd   Labels BMW','');
insert into Diagram values('PP31-01_0612','PP31-20090900','01-70','E90N 320xd   CD/DVD SIP German BMW','');
insert into Diagram values('PP31-01_0737','PP31-20090900','01-70','E90N 320xd   CD/DVD SIP complete vehicle BMW','');
insert into Diagram values('PP31-01_1172','PP31-20090900','01-70','E90N 320xd   DVD Web Based Training','');
insert into Diagram values('PP31-01_0875','PP31-20090900','01-94','E90N 320xd   Sample chart, upholstery colors, leather','');
insert into Diagram values('PP31-01_0876','PP31-20090900','01-94','E90N 320xd   Sample page, upholstery colors, fabric','');
insert into Diagram values('PP31-01_0877','PP31-20090900','01-94','E90N 320xd   Sample chart with interior moldings','');
insert into Diagram values('PP31-01_0878','PP31-20090900','01-94','E90N 320xd   Sample chart with interior moldings','');
insert into Diagram values('PP31-01_0879','PP31-20090900','01-94','E90N 320xd   Sample chart with interior colors','');
insert into Diagram values('PP31-11_4021','PP31-20090900','11-05','E90N 320xd   Short Engine','');
insert into Diagram values('PP31-11_4023','PP31-20090900','11-10','E90N 320xd   Engine block','');
insert into Diagram values('PP31-11_4573','PP31-20090900','11-10','E90N 320xd   OIL PAN/OIL LEVEL INDICATOR','');
insert into Diagram values('PP31-11_4576','PP31-20090900','11-10','E90N 320xd   Engine Block Mounting Parts','');
insert into Diagram values('PP31-11_4583','PP31-20090900','11-10','E90N 320xd   TIMING CASE','');
insert into Diagram values('PP31-11_4075','PP31-20090900','11-15','E90N 320xd   CYLINDER HEAD/INTERMEDIATE HOUSING','');
insert into Diagram values('PP31-11_4076','PP31-20090900','11-15','E90N 320xd   Cylinder Head','');
insert into Diagram values('PP31-11_4565','PP31-20090900','11-15','E90N 320xd   Cylinder Head Attached Parts','');
insert into Diagram values('PP31-11_4570','PP31-20090900','11-15','E90N 320xd   Cylinder head cover','');
insert into Diagram values('PP31-11_4085','PP31-20090900','11-18','E90N 320xd   Belt Drive-Vibration Damper','');
insert into Diagram values('PP31-11_4577','PP31-20090900','11-18','E90N 320xd   Belt drive for air cond & power steering','');
insert into Diagram values('PP31-11_4062','PP31-20090900','11-20','E90N 320xd   Crankshaft Connecting Rod','');
insert into Diagram values('PP31-11_4063','PP31-20090900','11-20','E90N 320xd   Crankshaft-Pistons','');
insert into Diagram values('PP31-11_4079','PP31-20090900','11-20','E90N 320xd   Flywheel automatic','');
insert into Diagram values('PP31-11_4080','PP31-20090900','11-20','E90N 320xd   Flywheel / Twin Mass Flywheel','');
insert into Diagram values('PP31-11_4093','PP31-20090900','11-20','E90N 320xd   Crankshaft drive mass compensator','');
insert into Diagram values('PP31-11_4098','PP31-20090900','11-20','E90N 320xd   Crankshaft With Bearing Shells','');
insert into Diagram values('PP31-11_4087','PP31-20090900','11-25','E90N 320xd   TIMING AND VALVE TRAIN-CAMSHAFT','');
insert into Diagram values('PP31-11_4088','PP31-20090900','11-25','E90N 320xd   Timing - Timing Chain Lower P','');
insert into Diagram values('PP31-11_4089','PP31-20090900','11-25','E90N 320xd   timing gear timing chain top','');
insert into Diagram values('PP31-11_4072','PP31-20090900','11-30','E90N 320xd   Lubrication system/Oil pump with drive','');
insert into Diagram values('PP31-11_4562','PP31-20090900','11-30','E90N 320xd   Lubricat.syst.-oil filter,heat exchanger','');
insert into Diagram values('PP31-11_4568','PP31-20090900','11-30','E90N 320xd   Lubricat.syst.-oil filter,heat exchanger','');
insert into Diagram values('PP31-11_4564','PP31-20090900','11-35','E90N 320xd   Waterpump - Thermostat','');
insert into Diagram values('PP31-11_4580','PP31-20090900','11-40','E90N 320xd   Intake manifold AGR with flap control','');
insert into Diagram values('PP31-11_4581','PP31-20090900','11-40','E90N 320xd   INTAKE MANIFOLD-SUPERCHARG.AIR DUCT/AGR','');
insert into Diagram values('PP31-11_4096','PP31-20090900','11-45','E90N 320xd   VACUUM PUMP WITH TUBES','');
insert into Diagram values('PP31-11_4090','PP31-20090900','11-50','E90N 320xd   EXHAUST MANIFOLD-AGR','');
insert into Diagram values('PP31-11_4091','PP31-20090900','11-50','E90N 320xd   TURBO CHARGER WITH LUBRICATION','');
insert into Diagram values('PP31-11_4582','PP31-20090900','11-50','E90N 320xd   pollutant reduction cooling','');
insert into Diagram values('PP31-11_4561','PP31-20090900','11-55','E90N 320xd   Engine acoustics','');
insert into DiagramParts values('PP31-11_5021-13618515432', 'PP31-11_5021', 02, 'Base control unit DDE EU5 Performance', '721', 1, to_date('20100301','YYYYMMDD'), to_date('20110301','YYYYMMDD'), '13618515432', '', '', false);
insert into Diagram values('PP31-11_5021','PP31-20090900','11-95','E90N 320xd   Power Kit','');
insert into Diagram values('PP31-12_1416','PP31-20090900','12-15','E90N 320xd   Glow plug unit','');
insert into Diagram values('PP31-12_1565','PP31-20090900','12-20','E90N 320xd   Generator','');
insert into Diagram values('PP31-12_1420','PP31-20090900','12-25','E90N 320xd   Starter','');
insert into Diagram values('PP31-12_0915','PP31-20090900','12-28','E90N 320xd   Engine wiring harness','');
insert into Diagram values('PP31-12_1248','PP31-20090900','12-28','E90N 320xd   Wiring harness transmission DXC','');
insert into Diagram values('PP31-12_1318','PP31-20090900','12-28','E90N 320xd   wiring harness, engine trans. module','');
insert into Diagram values('PP31-12_1421','PP31-20090900','12-28','E90N 320xd   Wiring harness, engine glow plug module','');
insert into Diagram values('PP31-12_1422','PP31-20090900','12-28','E90N 320xd   Engine wiring harness','');
insert into Diagram values('PP31-12_1423','PP31-20090900','12-28','E90N 320xd   Wiring harness, engine, injector module','');
insert into Diagram values('PP31-12_1141','PP31-20090900','12-29','E90N 320xd   DIVERSE SMALL PARTS','');
insert into Diagram values('PP31-12_1566','PP31-20090900','12-29','E90N 320xd   Cable starter','');
insert into Diagram values('PP31-12_0907','PP31-20090900','12-31','E90N 320xd   Cable holder','');
insert into Diagram values('PP31-12_1238','PP31-20090900','12-31','E90N 320xd   CABLE HOLDER/COVERING','');
insert into Diagram values('PP31-12_1328','PP31-20090900','12-31','E90N 320xd   Cable Harness Fixings','');
insert into Diagram values('PP31-12_1340','PP31-20090900','12-31','E90N 320xd   Cable Harness Fixings','');
insert into Diagram values('PP31-12_1043','PP31-20090900','12-32','E90N 320xd   Laminated contacts/spring contacts','');
insert into Diagram values('PP31-12_1459','PP31-20090900','12-32','E90N 320xd   Contact system MLK','');
insert into Diagram values('PP31-12_1205','PP31-20090900','12-35','E90N 320xd   RELAY MOTOR','');
insert into Diagram values('PP31-12_1327','PP31-20090900','12-35','E90N 320xd   Control unit box','');
insert into Diagram values('PP31-13_1115','PP31-20090900','13-10','E90N 320xd   FUEL STRAINER WITH HEATING','');
insert into DiagramParts values('PP31-13_0966-13618512047', 'PP31-13_0966', 01, 'Basic DDE control unit', '701', 1, to_date('20110301','YYYYMMDD'), to_date('20110901','YYYYMMDD'), '13618512047', '', 'ENDED', false);
insert into DiagramParts values('PP31-13_0966-13618518269', 'PP31-13_0966', 01, 'Basic DDE control unit', '701', 1, to_date('20110301','YYYYMMDD'), to_date('20120301','YYYYMMDD'), '13618518269', '', '', false);
insert into Diagram values('PP31-13_0966','PP31-20090900','13-15','E90N 320xd   Basic DDE control unit','');
insert into Diagram values('PP31-13_1224','PP31-20090900','13-15','E90N 320xd   High-pressure pump','');
insert into Diagram values('PP31-13_1226','PP31-20090900','13-15','E90N 320xd   High pressure accumulator/injector/line','');
insert into Diagram values('PP31-13_1227','PP31-20090900','13-15','E90N 320xd   Fuel pipes / Mounting parts','');
insert into Diagram values('PP31-13_1367','PP31-20090900','13-15','E90N 320xd   Diesel part.filter sens./mounting parts','');
insert into Diagram values('PP31-13_1192','PP31-20090900','13-20','E90N 320xd   SUCTION SILENCER/FILTER CARTRIDGE','');
insert into Diagram values('PP31-13_1229','PP31-20090900','13-20','E90N 320xd   Hot-film air mass meter/clean air pipe','');
insert into Diagram values('PP31-16_0595','PP31-20090900','16-05','E90N 320xd   Fuel tank/mounting parts','');
insert into Diagram values('PP31-16_0598','PP31-20090900','16-15','E90N 320xd   Control unit for fuel pump','');
insert into Diagram values('PP31-16_0599','PP31-20090900','16-15','E90N 320xd   Fuel pipes / Mounting parts','');
insert into Diagram values('PP31-16_0601','PP31-20090900','16-15','E90N 320xd   Fuel filter/pump/fuel level sensor','');
insert into Diagram values('PP31-17_0316','PP31-20090900','17-05','E90N 320xd   Charge-air cooling','');
insert into Diagram values('PP31-17_0317','PP31-20090900','17-05','E90N 320xd   Fan housing, mounting parts','');
insert into Diagram values('PP31-17_0318','PP31-20090900','17-05','E90N 320xd   MOUNTING PARTS F RADIATOR','');
insert into Diagram values('PP31-17_0416','PP31-20090900','17-05','E90N 320xd   Expansion tank','');
insert into Diagram values('PP31-17_0554','PP31-20090900','17-05','E90N 320xd   Transmission oil cooler line','');
insert into Diagram values('PP31-17_0555','PP31-20090900','17-30','E90N 320xd   Cooling System Water Hoses','');
insert into Diagram values('PP31-18_0731','PP31-20090900','18-10','E90N 320xd   Catalyser/Diesel particulate filter','');
insert into Diagram values('PP31-18_0592','PP31-20090900','18-20','E90N 320xd   Exhaust system, rear','');
insert into Diagram values('PP31-18_0601','PP31-20090900','18-95','E90N 320xd   Exhaust tailpipe trim','');
insert into Diagram values('PP31-18_0946','PP31-20090900','18-95','E90N 320xd   Muffler system','');
insert into Diagram values('PP31-18_0951','PP31-20090900','18-95','E90N 320xd   Muffler system','');
insert into Diagram values('PP31-21_0234','PP31-20090900','21-05','E90N 320xd   Clutch','');
insert into Diagram values('PP31-21_0208','PP31-20090900','21-10','E90N 320xd   Clutch control','');
insert into Diagram values('PP31-22_0123','PP31-20090900','22-05','E90N 320xd   Vacuum control-Engine bearing','');
insert into Diagram values('PP31-22_0139','PP31-20090900','22-05','E90N 320xd   Engine Suspension','');
insert into Diagram values('PP31-22_0121','PP31-20090900','22-10','E90N 320xd   Gearbox suspension, 4-wheel drive','');
insert into DiagramParts values('PP31-23_1131-23007615848', 'PP31-23_1131', 01, 'Rmfd-6 speed gearbox', 'GS6X45DZ - THW8', 1, to_date('20100901','YYYYMMDD'), to_date('20110801','YYYYMMDD'), '23007615848', '', '+core, ENDED', false);
insert into DiagramParts values('PP31-23_1131-23007615840', 'PP31-23_1131', 01, 'Rmfd-6 speed gearbox', 'GS6X45DZ - THW4', 1, to_date('20100901','YYYYMMDD'), to_date('20110801','YYYYMMDD'), '23007615840', '', '+core, ENDED', false);
insert into Diagram values('PP31-23_1131','PP31-20090900','23-05','E90N 320xd   Manual transmission GS6X45DZ','');
insert into Diagram values('PP31-23_1132','PP31-20090900','23-10','E90N 320xd   GEARBOX MOUNTING PARTS','');
insert into Diagram values('PP31-23_1201','PP31-20090900','23-15','E90N 320xd   GS6X45BZ/DZ Seals/gaskets/mounted parts','');
insert into Diagram values('PP31-23_1202','PP31-20090900','23-15','E90N 320xd   GS6X45BZ/DZ Gearshift parts','');
insert into Diagram values('PP31-24_1108','PP31-20090900','24-05','E90N 320xd   Automatic transmiss. GA6HP19Z - 4-wheel','');
insert into Diagram values('PP31-24_1094','PP31-20090900','24-10','E90N 320xd   GEARBOX MOUNTING','');
insert into Diagram values('PP31-24_1044','PP31-20090900','24-15','E90N 320xd   GA6HP19Z oil pan','');
insert into Diagram values('PP31-24_1046','PP31-20090900','24-15','E90N 320xd   GA6HP19Z Mechatronics','');
insert into Diagram values('PP31-24_1047','PP31-20090900','24-15','E90N 320xd   GA6HP19Z Mechatronics mounting parts','');
insert into Diagram values('PP31-24_1069','PP31-20090900','24-15','E90N 320xd   GA6HP19 housing for mounting parts 4WD','');
insert into Diagram values('PP31-24_1097','PP31-20090900','24-15','E90N 320xd   GA6HP19Z circuit control components','');
insert into Diagram values('PP31-24_1372','PP31-20090900','24-15','E90N 320xd   Fluid-change kit, autom. transmission','');
insert into Diagram values('PP31-25_0428','PP31-20090900','25-05','E90N 320xd   Gear shift parts,manual transm./4-wheel','');
insert into Diagram values('PP31-25_0454','PP31-20090900','25-10','E90N 320xd   GEAR SHIFT KNOBS/SHIFT LEVER COVERINGS','');
insert into Diagram values('PP31-25_0461','PP31-20090900','25-10','E90N 320xd   Performance shift knob','');
insert into Diagram values('PP31-25_0409','PP31-20090900','25-20','E90N 320xd   Gear shift Steptronic,all-wheel-drive','');
insert into Diagram values('PP31-25_0404','PP31-20090900','25-25','E90N 320xd   Selector lever handles / Covers','');
insert into Diagram values('PP31-25_0416','PP31-20090900','25-95','E90N 320xd   Retrofit, wooden gearshift knob','');
insert into Diagram values('PP31-25_0417','PP31-20090900','25-95','E90N 320xd   Retrofit, wooden selector lever knob','');
insert into Diagram values('PP31-25_0437','PP31-20090900','25-95','E90N 320xd   Sports gearshift knob','');
insert into Diagram values('PP31-25_0463','PP31-20090900','25-95','E90N 320xd   Retrofit, sport switch knob','');
insert into Diagram values('PP31-25_0464','PP31-20090900','25-95','E90N 320xd   Retrofit, selector lever grip','');
insert into Diagram values('PP31-25_0484','PP31-20090900','25-95','E90N 320xd   BMW Performance selector lever handle','');
insert into Diagram values('PP31-26_0224','PP31-20090900','26-05','E90N 320xd   Drive shaft, 4-wheel','');
insert into Diagram values('PP31-26_0225','PP31-20090900','26-10','E90N 320xd   Drive shaft, single components, 4-wheel','');
insert into Diagram values('PP31-27_0029','PP31-20090900','27-05','E90N 320xd   Transfer case ATC 300','');
insert into Diagram values('PP31-27_0030','PP31-20090900','27-10','E90N 320xd   GEARBOX MOUNTING PARTS','');
insert into Diagram values('PP31-27_0032','PP31-20090900','27-15','E90N 320xd   Single parts f transfer case ATC 300','');
insert into Diagram values('PP31-27_0042','PP31-20090900','27-20','E90N 320xd   Control unit, transfer box','');
insert into Diagram values('PP31-31_0740','PP31-20090900','31-05','E90N 320xd   Front axle support, 4-wheel','');
insert into Diagram values('PP31-31_0741','PP31-20090900','31-05','E90N 320xd   Sensor,hdlght vertical aim ctrl 4-wheel','');
insert into Diagram values('PP31-31_0698','PP31-20090900','31-10','E90N 320xd   FRONT COIL SPRING','');
insert into Diagram values('PP31-31_0716','PP31-20090900','31-10','E90N 320xd   GUIDE SUPPORT/SPRING PAD/ATTACHING PARTS','');
insert into Diagram values('PP31-31_0742','PP31-20090900','31-10','E90N 320xd   Front Spring strut/Carrier/Wheel bearing','');
insert into Diagram values('PP31-31_0743','PP31-20090900','31-10','E90N 320xd   Stabilizer, front','');
insert into Diagram values('PP31-31_0718','PP31-20090900','31-15','E90N 320xd   Final drive (front axle), parts, 4-wheel','');
insert into Diagram values('PP31-31_0719','PP31-20090900','31-20','E90N 320xd   Final drive(frnt axle),output shaft,4whl','');
insert into Diagram values('PP31-32_2080','PP31-20090900','32-10','E90N 320xd   Hydro steering box','');
insert into Diagram values('PP31-32_1879','PP31-20090900','32-15','E90N 320xd   Power steering pump','');
insert into Diagram values('PP31-32_1661','PP31-20090900','32-20','E90N 320xd   OIL CARRIER/SINGLE PARTS','');
insert into Diagram values('PP31-32_1724','PP31-20090900','32-20','E90N 320xd   HYDRO STEERING-OIL PIPES','');
insert into Diagram values('PP31-32_1510','PP31-20090900','32-25','E90N 320xd   STEERING LINKAGE/TIE RODS','');
insert into Diagram values('PP31-32_1515','PP31-20090900','32-30','E90N 320xd   Manually adjust. steering column','');
insert into Diagram values('PP31-32_1616','PP31-20090900','32-30','E90N 320xd   STEER.COL.-LOWER JOINT ASSY','');
insert into Diagram values('PP31-32_1519','PP31-20090900','32-35','E90N 320xd   Airbag sports steering wheel multifunct.','');
insert into Diagram values('PP31-32_1565','PP31-20090900','32-35','E90N 320xd   Steering wheel, leather, multif./airbag','');
insert into Diagram values('PP31-32_1566','PP31-20090900','32-35','E90N 320xd   Sports st. wheel airbag multif./paddles','');
insert into Diagram values('PP31-32_1617','PP31-20090900','32-35','E90N 320xd   M sports strng whl,airbag,multifunction','');
insert into Diagram values('PP31-32_1635','PP31-20090900','32-35','E90N 320xd   M Sp. st. wh. airbag multif./paddles','');
insert into Diagram values('PP31-32_1654','PP31-20090900','32-35','E90N 320xd   Leather cover','');
insert into Diagram values('PP31-32_1590','PP31-20090900','32-95','E90N 320xd   Cover for wood steering wheel','');
insert into Diagram values('PP31-32_1592','PP31-20090900','32-95','E90N 320xd   Retrofit multi-functional steering wheel','');
insert into Diagram values('PP31-32_1730','PP31-20090900','32-95','E90N 320xd   Cover, steering wheel','');
insert into Diagram values('PP31-32_1731','PP31-20090900','32-95','E90N 320xd   Cover, multi-funct.steering wheel','');
insert into Diagram values('PP31-32_1773','PP31-20090900','32-95','E90N 320xd   Performance steering wheel with display','');
insert into Diagram values('PP31-32_1778','PP31-20090900','32-95','E90N 320xd   Performance steering wheel with display','');
insert into Diagram values('PP31-32_1834','PP31-20090900','32-95','E90N 320xd   Performance steering wheel','');
insert into Diagram values('PP31-32_1835','PP31-20090900','32-95','E90N 320xd   Performance steering wheel','');
insert into Diagram values('PP31-32_1838','PP31-20090900','32-95','E90N 320xd   Retrofit, Servotronic','');
insert into Diagram values('PP31-33_1250','PP31-20090900','33-05','E90N 320xd   DIFFERENTIAL-DRIVE/OUTPUT','');
insert into Diagram values('PP31-33_1446','PP31-20090900','33-05','E90N 320xd   DIFFERENTIAL-DRIVE/OUTPUT','');
insert into Diagram values('PP31-33_1341','PP31-20090900','33-10','E90N 320xd   Final drive, gasket set','');
insert into Diagram values('PP31-33_1306','PP31-20090900','33-25','E90N 320xd   Output shaft','');
insert into Diagram values('PP31-33_1230','PP31-20090900','33-30','E90N 320xd   REAR AXLE SUPPORT/WHEEL SUSPENSION','');
insert into Diagram values('PP31-33_1274','PP31-20090900','33-30','E90N 320xd   REAR AXLE CARRIER','');
insert into Diagram values('PP31-33_1287','PP31-20090900','33-30','E90N 320xd   Sensor,hdlght vertical aim ctrl 4-wheel','');
insert into Diagram values('PP31-33_1231','PP31-20090900','33-40','E90N 320xd   SIDE SHAFT/WHEEL BEARINGS','');
insert into Diagram values('PP31-33_1238','PP31-20090900','33-45','E90N 320xd   REAR COIL SPRING','');
insert into Diagram values('PP31-33_1263','PP31-20090900','33-45','E90N 320xd   REAR SPRING STRUT MOUNTING PARTS','');
insert into Diagram values('PP31-33_1280','PP31-20090900','33-45','E90N 320xd   Stabilizer, rear','');
insert into Diagram values('PP31-34_1474','PP31-20090900','34-05','E90N 320xd   Front brake pad wear sensor','');
insert into Diagram values('PP31-34_1509','PP31-20090900','34-05','E90N 320xd   Front brake pad wear sensor','');
insert into Diagram values('PP31-34_1475','PP31-20090900','34-07','E90N 320xd   Front brake-brake disc','');
insert into Diagram values('PP31-34_1476','PP31-20090900','34-10','E90N 320xd   Rear brake pad wear sensor','');
insert into Diagram values('PP31-34_1510','PP31-20090900','34-10','E90N 320xd   Rear brake pad wear sensor','');
insert into Diagram values('PP31-34_1478','PP31-20090900','34-12','E90N 320xd   Rear wheel brake-Brake disc','');
insert into Diagram values('PP31-34_1534','PP31-20090900','34-15','E90N 320xd   Brake pipe, front','');
insert into Diagram values('PP31-34_1808','PP31-20090900','34-17','E90N 320xd   Brake pipe rear','');
insert into Diagram values('PP31-34_1489','PP31-20090900','34-18','E90N 320xd   BRAKE PIPE REAR/MOUNTING','');
insert into Diagram values('PP31-34_1518','PP31-20090900','34-20','E90N 320xd   Hydro unit DXC/fastening/sensors','');
insert into Diagram values('PP31-34_1410','PP31-20090900','34-25','E90N 320xd   Brake master cylinder','');
insert into Diagram values('PP31-34_1617','PP31-20090900','34-27','E90N 320xd   Power brake unit depression','');
insert into Diagram values('PP31-34_1775','PP31-20090900','34-27','E90N 320xd   Power brake unit depression','');
insert into Diagram values('PP31-34_1484','PP31-20090900','34-30','E90N 320xd   Handbrake lever','');
insert into Diagram values('PP31-34_1485','PP31-20090900','34-40','E90N 320xd   PARKING BRAKE/BRAKE SHOES','');
insert into Diagram values('PP31-34_1513','PP31-20090900','34-95','E90N 320xd   Retrofit, handbrake handle','');
insert into Diagram values('PP31-34_1562','PP31-20090900','34-95','E90N 320xd   Handbrake grip with chrome inlay','');
insert into Diagram values('PP31-34_1631','PP31-20090900','34-95','E90N 320xd   Parking brake handle with clip','');
insert into Diagram values('PP31-34_1717','PP31-20090900','34-95','E90N 320xd   BMW Performance parking brake handle','');
insert into Diagram values('PP31-35_0293','PP31-20090900','35-05','E90N 320xd   Pedal assembly','');
insert into Diagram values('PP31-35_0307','PP31-20090900','35-05','E90N 320xd   Pedal assy w over-center helper spring','');
insert into Diagram values('PP31-35_0274','PP31-20090900','35-20','E90N 320xd   Acceleration/accelerator pedal module','');
insert into Diagram values('PP31-35_0275','PP31-20090900','35-95','E90N 320xd   Aluminum pedal covers','');
insert into Diagram values('PP31-35_0315','PP31-20090900','35-95','E90N 320xd   Set of high-grade steel pedal covers','');
insert into Diagram values('PP31-35_0327','PP31-20090900','35-95','E90N 320xd   BMW Performance Alu pedal plates','');
insert into Diagram values('PP31-35_0377','PP31-20090900','35-95','E90N 320xd   Aluminum pedal covers','');
insert into Diagram values('PP31-36_0836','PP31-20090900','36-10','E90N 320xd   STEEL RIM STYL.12','');
insert into Diagram values('PP31-36_0838','PP31-20090900','36-15','E90N 320xd   BMW alloy wheel, double spoke 156','');
insert into Diagram values('PP31-36_0839','PP31-20090900','36-15','E90N 320xd   BMW light alloy wheel, spider spoke 155','');
insert into Diagram values('PP31-36_0840','PP31-20090900','36-15','E90N 320xd   BMW light alloy wheel, spider spoke 158','');
insert into Diagram values('PP31-36_0841','PP31-20090900','36-15','E90N 320xd   BMW light alloy wheel, spider spoke 159','');
insert into Diagram values('PP31-36_0842','PP31-20090900','36-15','E90N 320xd   BMW light alloy wheel, spider spoke 160','');
insert into Diagram values('PP31-36_0843','PP31-20090900','36-15','E90N 320xd   BMW alloy wheel, double spoke 161','');
insert into Diagram values('PP31-36_0844','PP31-20090900','36-15','E90N 320xd   BMW LA wheel, ellipsoid styling 162','');
insert into Diagram values('PP31-36_0845','PP31-20090900','36-15','E90N 320xd   BMW light alloy wheel, radial spoke 32','');
insert into Diagram values('PP31-36_0846','PP31-20090900','36-15','E90N 320xd   BMW Composite wheel, star spoke 179','');
insert into Diagram values('PP31-36_0847','PP31-20090900','36-15','E90N 320xd   BMW LA wheel/double spoke 195','');
insert into Diagram values('PP31-36_0848','PP31-20090900','36-15','E90N 320xd   BMW light alloy wheel, radial spoke 196','');
insert into Diagram values('PP31-36_0849','PP31-20090900','36-15','E90N 320xd   BMW light alloy wheel, cross spoke 197','');
insert into Diagram values('PP31-36_0850','PP31-20090900','36-15','E90N 320xd   BMW composite wheel, radial spoke 198','');
insert into Diagram values('PP31-36_0851','PP31-20090900','36-15','E90N 320xd   BMW light alloy wheel, spider spoke 199','');
insert into Diagram values('PP31-36_0900','PP31-20090900','36-15','E90N 320xd   BMW light alloy wheel, radial spoke 216','');
insert into Diagram values('PP31-36_0929','PP31-20090900','36-15','E90N 320xd   BMW LA Individual wheel V-spoke 152','');
insert into Diagram values('PP31-36_0930','PP31-20090900','36-15','E90N 320xd   BMW alloy wheel, M spider spoke 193','');
insert into Diagram values('PP31-36_0931','PP31-20090900','36-15','E90N 320xd   BMW alloy wheel, M double spoke 194','');
insert into Diagram values('PP31-36_0972','PP31-20090900','36-15','E90N 320xd   BMW light alloy wheel, spider spoke 157','');
insert into Diagram values('PP31-36_0973','PP31-20090900','36-15','E90N 320xd   BMW LA wheel, star spoke 185','');
insert into Diagram values('PP31-36_0974','PP31-20090900','36-15','E90N 320xd   BMW light alloy wheel, spider spoke 187','');
insert into Diagram values('PP31-36_0975','PP31-20090900','36-15','E90N 320xd   BMW light alloy wheel, V-spoke 188','');
insert into Diagram values('PP31-36_0976','PP31-20090900','36-15','E90N 320xd   BMW LA wheel, star spoke 189','');
insert into Diagram values('PP31-36_0978','PP31-20090900','36-15','E90N 320xd   BMW LA wheel, star spoke 230','');
insert into Diagram values('PP31-36_0980','PP31-20090900','36-15','','');
insert into Diagram values('PP31-36_0988','PP31-20090900','36-15','E90N 320xd   BMW compound wheel M cross spoke 101','');
insert into Diagram values('PP31-36_1067','PP31-20090900','36-15','E90N 320xd   BMW LA wheel Individual w. V spokes 228','');
insert into Diagram values('PP31-36_1103','PP31-20090900','36-15','E90N 320xd   BMW LA wheel, dual spoke 268','');
insert into Diagram values('PP31-36_1127','PP31-20090900','36-15','E90N 320xd   BMW alloy wheel, M double spoke 225','');
insert into Diagram values('PP31-36_1134','PP31-20090900','36-15','E90N 320xd   BMW Performance LA wheel/double spoke269','');
insert into Diagram values('PP31-36_1286','PP31-20090900','36-15','E90N 320xd   BMW LA wheel, multispoke 282','');
insert into Diagram values('PP31-36_1287','PP31-20090900','36-15','E90N 320xd   BMW LA wheel, star spoke 283','');
insert into Diagram values('PP31-36_1288','PP31-20090900','36-15','E90N 320xd   BMW LA wheel, multispoke 284','');
insert into Diagram values('PP31-36_1289','PP31-20090900','36-15','E90N 320xd   BMW LA wheel, V-spoke 285','');
insert into Diagram values('PP31-36_1290','PP31-20090900','36-15','E90N 320xd   BMW LA wheel, star spoke 286','');
insert into Diagram values('PP31-36_1291','PP31-20090900','36-15','E90N 320xd   BMW LA wheel, star spoke 287','');
insert into Diagram values('PP31-36_1293','PP31-20090900','36-15','E90N 320xd   BMW LA cast wheel Radial Spoke 190','');
insert into Diagram values('PP31-36_1317','PP31-20090900','36-15','E90N 320xd   BMW LA wheel, Star Spoke 311','');
insert into Diagram values('PP31-36_1318','PP31-20090900','36-15','E90N 320xd   BMW Performance LA wheel DoubleSpoke 313','');
insert into Diagram values('PP31-36_1349','PP31-20090900','36-15','E90N 320xd   BMW light alloy wheel, radial spoke 32','');
insert into Diagram values('PP31-36_1431','PP31-20090900','36-15','E90N 320xd   BMW LA wheel, V Spoke 360','');
insert into Diagram values('PP31-36_1467','PP31-20090900','36-15','E90N 320xd   BMW LA wheel, V Spoke 342','');
insert into Diagram values('PP31-36_1478','PP31-20090900','36-15','E90N 320xd   BMW LA wheel, Star Spoke 339','');
insert into Diagram values('PP31-36_1479','PP31-20090900','36-15','E90N 320xd   BMW LA wheel, V Spoke 338','');
insert into Diagram values('PP31-36_1480','PP31-20090900','36-15','E90N 320xd   BMW LA wheel, Star Spoke 340','');
insert into Diagram values('PP31-36_1481','PP31-20090900','36-15','E90N 320xd   BMW LAW Double Spoke Performance 313','');
insert into Diagram values('PP31-36_1482','PP31-20090900','36-15','E90N 320xd   BMW LA wheel Streamline 306','');
insert into Diagram values('PP31-36_1501','PP31-20090900','36-15','E90N 320xd   BMW LA wheel, M Double Spoke 313','');
insert into Diagram values('PP31-36_0812','PP31-20090900','36-20','E90N 320xd   Balance weight, zinc','');
insert into Diagram values('PP31-36_0811','PP31-20090900','36-25','E90N 320xd   WHEEL BOLT LOCK WITH ADAPTOR','');
insert into Diagram values('PP31-36_1032','PP31-20090900','36-25','E90N 320xd   SET WHEEL LOCKS','');
insert into Diagram values('PP31-36_1077','PP31-20090900','36-30','E90N 320xd   Winter tires','');
insert into Diagram values('PP31-36_1668','PP31-20090900','36-30','E90N 320xd   Summer tires','');
insert into Diagram values('PP31-36_0918','PP31-20090900','36-95','E90N 320xd   Winter complete wheel double spoke 158','');
insert into Diagram values('PP31-36_0956','PP31-20090900','36-95','E90N 320xd   Winter wheel/tire, steel','');
insert into Diagram values('PP31-36_0957','PP31-20090900','36-95','E90N 320xd   COMPL.WINT.TYRE+WHEEL,RADIAL STYLING 32','');
insert into Diagram values('PP31-36_0969','PP31-20090900','36-95','E90N 320xd   Winter complete wheel double spoke 156','');
insert into Diagram values('PP31-36_1170','PP31-20090900','36-95','E90N 320xd   Winterkomplettrad Sternspeiche 159','');
insert into Diagram values('PP31-36_1274','PP31-20090900','36-95','E90N 320xd   Set emergency wheel with tyre','');
insert into Diagram values('PP31-36_1331','PP31-20090900','36-95','E90N 320xd   Winterkomplettrad Doppelspeiche 268','');
insert into Diagram values('PP31-36_1350','PP31-20090900','36-95','E90N 320xd   COMPL.WINT.TYRE+WHEEL,RADIAL STYLING 32','');
insert into Diagram values('PP31-36_1417','PP31-20090900','36-95','E90N 320xd   Winter complete wheel, Double Spoke 154','');
insert into Diagram values('PP31-36_1430','PP31-20090900','36-95','E90N 320xd   Winter complete wheel, Multi Spoke 284','');
insert into Diagram values('PP31-36_1449','PP31-20090900','36-95','E90N 320xd   Spare tire system','');
insert into Diagram values('PP31-36_1587','PP31-20090900','36-95','E90N 320xd   Winterkomplettrad Vielspeiche 282','');
insert into Diagram values('PP31-41_1670','PP31-20090900','41-05','E90N 320xd   Body skeleton','');
insert into Diagram values('PP31-41_1596','PP31-20090900','41-10','E90N 320xd   Front side panel','');
insert into Diagram values('PP31-41_1597','PP31-20090900','41-10','E90N 320xd   WHEELHOUSE/ENGINE SUPPORT','');
insert into Diagram values('PP31-41_1598','PP31-20090900','41-10','E90N 320xd   SPLASH WALL PARTS','');
insert into Diagram values('PP31-41_1599','PP31-20090900','41-10','E90N 320xd   FRONT BODY BRACKET LEFT','');
insert into Diagram values('PP31-41_1600','PP31-20090900','41-10','E90N 320xd   FRONT BODY BRACKET RIGHT','');
insert into Diagram values('PP31-41_1605','PP31-20090900','41-20','E90N 320xd   Partition trunk/Floor parts','');
insert into Diagram values('PP31-41_1637','PP31-20090900','41-20','E90N 320xd   Cavity shielding, side frame','');
insert into Diagram values('PP31-41_1642','PP31-20090900','41-20','E90N 320xd   BODY-SIDE FRAME','');
insert into Diagram values('PP31-41_1643','PP31-20090900','41-20','E90N 320xd   SINGLE COMPONENTS FOR BODY-SIDE FRAME','');
insert into Diagram values('PP31-41_1673','PP31-20090900','41-25','E90N 320xd   Mounting parts for trunk floor panel','');
insert into Diagram values('PP31-41_1674','PP31-20090900','41-25','E90N 320xd   FLOOR PARTS REAR EXTERIOR','');
insert into Diagram values('PP31-41_1675','PP31-20090900','41-25','E90N 320xd   Rear side panel','');
insert into Diagram values('PP31-41_1676','PP31-20090900','41-25','E90N 320xd   FILL-IN FLAP','');
insert into Diagram values('PP31-41_1601','PP31-20090900','41-30','E90N 320xd   Roof','');
insert into Diagram values('PP31-41_1641','PP31-20090900','41-35','E90N 320xd   ENGINE HOOD MECHANISM','');
insert into Diagram values('PP31-41_2205','PP31-20090900','41-35','E90N 320xd   ENGINE HOOD/MOUNTING PARTS','');
insert into Diagram values('PP31-41_1612','PP31-20090900','41-40','E90N 320xd   FRONT DOOR-HINGE/DOOR BRAKE','');
insert into Diagram values('PP31-41_1635','PP31-20090900','41-40','E90N 320xd   Door weatherstrip front','');
insert into Diagram values('PP31-41_1639','PP31-20090900','41-40','E90N 320xd   Radio remote control','');
insert into Diagram values('PP31-41_1973','PP31-20090900','41-40','E90N 320xd   DOOR CONTROL FRONT','');
insert into Diagram values('PP31-41_1613','PP31-20090900','41-45','E90N 320xd   Door rear, hinge/door brake','');
insert into Diagram values('PP31-41_1634','PP31-20090900','41-45','E90N 320xd   DOOR CONTROL REAR','');
insert into Diagram values('PP31-41_1636','PP31-20090900','41-45','E90N 320xd   Door weatherstrip rear','');
insert into Diagram values('PP31-41_1678','PP31-20090900','41-50','E90N 320xd   Master key locking','');
insert into Diagram values('PP31-41_1638','PP31-20090900','41-60','E90N 320xd   SINGLE COMPONENTS FOR TRUNK LID','');
insert into Diagram values('PP31-41_1677','PP31-20090900','41-60','E90N 320xd   TRUNK LID/CLOSING SYSTEM','');
insert into Diagram values('PP31-41_1607','PP31-20090900','41-65','E90N 320xd   MECHANICAL CONNECTION ELEMENTS','');
insert into Diagram values('PP31-51_5644','PP31-20090900','51-05','E90N 320xd   Glazing','');
insert into DiagramParts values('PP31-51_6939-51167158902', 'PP31-51_6939', 01, 'Mirror glas, heated, wide-angle, right', 'BLAU', 1, to_date('20080901','YYYYMMDD'), to_date('20090301','YYYYMMDD'), '51167158902', '', '', false);
insert into Diagram values('PP31-51_6939','PP31-20090900','51-07','E90N 320xd   MIRROR GLASS','');
insert into Diagram values('PP31-51_6940','PP31-20090900','51-07','E90N 320xd   Mirror glas with auto dip','');
insert into Diagram values('PP31-51_6946','PP31-20090900','51-07','E90N 320xd   Outside mirror','');
insert into Diagram values('PP31-51_6947','PP31-20090900','51-07','E90N 320xd   Fold-in outside mirror','');
insert into Diagram values('PP31-51_6948','PP31-20090900','51-07','E90N 320xd   Outside mirror bright-black','');
insert into Diagram values('PP31-51_6949','PP31-20090900','51-07','E90N 320xd   Fold-in outside mirror, bright-black','');
insert into Diagram values('PP31-51_5713','PP31-20090900','51-10','E90N 320xd   Window frame cover, front door','');
insert into Diagram values('PP31-51_5730','PP31-20090900','51-10','E90N 320xd   DOOR WINDOW LIFTING MECHANISM FRONT','');
insert into Diagram values('PP31-51_5723','PP31-20090900','51-12','E90N 320xd   Window frame cover, rear door','');
insert into Diagram values('PP31-51_5731','PP31-20090900','51-12','E90N 320xd   DOOR WINDOW LIFTING MECHANISM REAR','');
insert into Diagram values('PP31-51_5812','PP31-20090900','51-15','E90N 320xd   Carrier, bumper front','');
insert into Diagram values('PP31-51_6966','PP31-20090900','51-15','E90N 320xd   Trim panel, bumper, front','');
insert into Diagram values('PP31-51_7022','PP31-20090900','51-15','E90N 320xd   M FRONT BUMPER TRIM PANEL','');
insert into Diagram values('PP31-51_7019','PP31-20090900','51-16','E90N 320xd   M door sill trim panel','');
insert into Diagram values('PP31-51_7020','PP31-20090900','51-16','E90N 320xd   Door sill','');
insert into Diagram values('PP31-51_5824','PP31-20090900','51-17','E90N 320xd   Carrier, bumper rear','');
insert into Diagram values('PP31-51_5828','PP31-20090900','51-17','E90N 320xd   Bumper trim panel, rear','');
insert into Diagram values('PP31-51_5829','PP31-20090900','51-17','E90N 320xd   REAR BUMPER MOUNTING PARTS','');
insert into Diagram values('PP31-51_5973','PP31-20090900','51-17','E90N 320xd   M REAR BUMPER TRIM','');
insert into Diagram values('PP31-51_5732','PP31-20090900','51-20','E90N 320xd   Exterior trim and door seals','');
insert into Diagram values('PP31-51_5740','PP31-20090900','51-20','E90N 320xd   Exterior trim / Grille / Seals','');
insert into Diagram values('PP31-51_5849','PP31-20090900','51-20','E90N 320xd   Emblems','');
insert into Diagram values('PP31-51_6004','PP31-20090900','51-25','E90N 320xd   Police sticker','');
insert into Diagram values('PP31-51_6674','PP31-20090900','51-25','E90N 320xd   Paramedic sticker','');
insert into Diagram values('PP31-51_5710','PP31-20090900','51-30','E90N 320xd   Trim panel dashboard, support tube','');
insert into Diagram values('PP31-51_5719','PP31-20090900','51-30','E90N 320xd   Cup holder','');
insert into Diagram values('PP31-51_5721','PP31-20090900','51-30','E90N 320xd   GLOVE BOX','');
insert into Diagram values('PP31-51_9121','PP31-20090900','51-30','E90N 320xd   Mounting parts, I-panel, bottom I','');
insert into Diagram values('PP31-51_9185','PP31-20090900','51-30','E90N 320xd   Mounting parts, I-panel, top','');
insert into Diagram values('PP31-51_5722','PP31-20090900','51-35','E90N 320xd   CENTER CONSOLE STORING PARTITION','');
insert into Diagram values('PP31-51_5724','PP31-20090900','51-35','E90N 320xd   STORING PARTITION COVER','');
insert into Diagram values('PP31-51_5725','PP31-20090900','51-35','E90N 320xd   Mounting parts, center console, rear','');
insert into Diagram values('PP31-51_5726','PP31-20090900','51-35','E90N 320xd   Armrest, centre console','');
insert into DiagramParts values('PP31-51_5830-51169221750', 'PP31-51_5830', 01, 'Rearview mirror EC/LED/GTO/FLA/RC', '868 MHZ', 1, to_date('20090901','YYYYMMDD'), to_date('20100301','YYYYMMDD'), '51169221750', '', 'ENDED', false);
insert into Diagram values('PP31-51_5830','PP31-20090900','51-40','E90N 320xd   Interior mirror','');
insert into Diagram values('PP31-51_5832','PP31-20090900','51-40','E90N 320xd   Sun visors','');
insert into Diagram values('PP31-51_5834','PP31-20090900','51-40','E90N 320xd   Handle','');
insert into Diagram values('PP31-51_5839','PP31-20090900','51-40','E90N 320xd   Trim panel A- / B- / C-Column','');
insert into Diagram values('PP31-51_5840','PP31-20090900','51-40','E90N 320xd   Headlining','');
insert into Diagram values('PP31-51_5842','PP31-20090900','51-40','E90N 320xd   Rear window shelf / sun blind electr.','');
insert into Diagram values('PP31-51_5716','PP31-20090900','51-45','E90N 320xd   Interior moldings Titan Line','');
insert into Diagram values('PP31-51_5717','PP31-20090900','51-45','E90N 320xd   Interior trim finishers, aluminium','');
insert into Diagram values('PP31-51_5718','PP31-20090900','51-45','E90N 320xd   Fine wood trim burr walnut','');
insert into Diagram values('PP31-51_6601','PP31-20090900','51-45','E90N 320xd   Interior strips, aluminum, glaciersilber','');
insert into Diagram values('PP31-51_6984','PP31-20090900','51-45','E90N 320xd   Alum. interior strips ground lengthwise','');
insert into Diagram values('PP31-51_6986','PP31-20090900','51-45','E90N 320xd   Interior strips, high-gloss, spacegrau','');
insert into Diagram values('PP31-51_7035','PP31-20090900','51-45','E90N 320xd   Interior strips, diamantschwarz','');
insert into Diagram values('PP31-51_7038','PP31-20090900','51-45','E90N 320xd   Fine woodgrain version, walnut trunk','');
insert into Diagram values('PP31-51_7097','PP31-20090900','51-45','E90N 320xd   Interior strips, satin-silber','');
insert into Diagram values('PP31-51_7803','PP31-20090900','51-45','E90N 320xd   Int. strips, bamboo, grained, anthracite','');
insert into Diagram values('PP31-51_7950','PP31-20090900','51-45','E90N 320xd   Interior moldings, platin-bronze','');
insert into Diagram values('PP31-51_5835','PP31-20090900','51-50','E90N 320xd   Door trim panel, front','');
insert into Diagram values('PP31-51_5836','PP31-20090900','51-50','E90N 320xd   Door trim, rear','');
insert into Diagram values('PP31-51_5837','PP31-20090900','51-50','E90N 320xd   Door panel, rear window blind','');
insert into Diagram values('PP31-51_6592','PP31-20090900','51-50','E90N 320xd   Armrest, door panel, front','');
insert into Diagram values('PP31-51_5690','PP31-20090900','51-55','E90N 320xd   Floor mats, velours','');
insert into Diagram values('PP31-51_5838','PP31-20090900','51-55','E90N 320xd   TRIM PANEL LEG ROOM','');
insert into Diagram values('PP31-51_5841','PP31-20090900','51-55','E90N 320xd   FLOOR COVERING','');
insert into Diagram values('PP31-51_5846','PP31-20090900','51-55','E90N 320xd   EDGE PROTECTION/COVERINGS ROCKERS','');
insert into Diagram values('PP31-51_5847','PP31-20090900','51-65','E90N 320xd   Trim panel, trunk floor','');
insert into Diagram values('PP31-51_5848','PP31-20090900','51-65','E90N 320xd   LATERAL TRUNK FLOOR TRIM PANEL','');
insert into Diagram values('PP31-51_5850','PP31-20090900','51-65','E90N 320xd   TRUNK LID TRIM PANEL','');
insert into Diagram values('PP31-51_6263','PP31-20090900','51-65','E90N 320xd   Sliding comp. luggage comp./folding box','');
insert into Diagram values('PP31-51_6264','PP31-20090900','51-65','E90N 320xd   Luggage compartment sill trim','');
insert into Diagram values('PP31-51_5851','PP31-20090900','51-70','E90N 320xd   SOUND INSULATING FRONT','');
insert into Diagram values('PP31-51_5856','PP31-20090900','51-70','E90N 320xd   SOUND INSULATING REAR','');
insert into Diagram values('PP31-51_5857','PP31-20090900','51-70','E90N 320xd   Heat insulation','');
insert into Diagram values('PP31-51_5941','PP31-20090900','51-70','E90N 320xd   Diesel encapsulation','');
insert into Diagram values('PP31-51_5858','PP31-20090900','51-75','E90N 320xd   Front panel/body parts, engine compartm','');
insert into Diagram values('PP31-51_5860','PP31-20090900','51-75','E90N 320xd   Shield,engine compartm./underfloor panel','');
insert into Diagram values('PP31-51_5862','PP31-20090900','51-75','E90N 320xd   Wheel arch trim, front','');
insert into Diagram values('PP31-51_5863','PP31-20090900','51-75','E90N 320xd   Wheel arch trim, rear','');
insert into Diagram values('PP31-51_5875','PP31-20090900','51-75','E90N 320xd   Strut brace','');
insert into Diagram values('PP31-51_6216','PP31-20090900','51-75','E90N 320xd   Underfloor coating','');
insert into Diagram values('PP31-51_6258','PP31-20090900','51-75','E90N 320xd   Headlight arm/holder','');
insert into Diagram values('PP31-51_5859','PP31-20090900','51-80','E90N 320xd   Misc. body parts','');
insert into Diagram values('PP31-51_5861','PP31-20090900','51-80','E90N 320xd   Seal, hood','');
insert into Diagram values('PP31-51_5865','PP31-20090900','51-80','E90N 320xd   Sealing cap/plug','');
insert into Diagram values('PP31-51_4635','PP31-20090900','51-95','E90N 320xd   Exterior mirror for towing','');
insert into Diagram values('PP31-51_4694','PP31-20090900','51-95','E90N 320xd   Aluminum footrest','');
insert into Diagram values('PP31-51_4698','PP31-20090900','51-95','E90N 320xd   Boot lashing strap','');
insert into Diagram values('PP31-51_5362','PP31-20090900','51-95','E90N 320xd   Luggage compartment, folding','');
insert into Diagram values('PP31-51_5688','PP31-20090900','51-95','E90N 320xd   Luggage compatment box "multifix"','');
insert into Diagram values('PP31-51_5697','PP31-20090900','51-95','E90N 320xd   Illuminated door sill strip retrofit kit','');
insert into Diagram values('PP31-51_5738','PP31-20090900','51-95','E90N 320xd   Umbrella with bag','');
insert into Diagram values('PP31-51_5739','PP31-20090900','51-95','E90N 320xd   Storage sleeve DVD/CD','');
insert into Diagram values('PP31-51_5799','PP31-20090900','51-95','E90N 320xd   Fitted luggage compartment mat','');
insert into Diagram values('PP31-51_5906','PP31-20090900','51-95','E90N 320xd   Non-skid mat','');
insert into Diagram values('PP31-51_5918','PP31-20090900','51-95','E90N 320xd   Retrofit:oddments tray luggage compartm.','');
insert into Diagram values('PP31-51_5919','PP31-20090900','51-95','E90N 320xd   Retrofit: boot/trunk floor net','');
insert into Diagram values('PP31-51_5921','PP31-20090900','51-95','E90N 320xd   Retrofit:oddments tray under load. floor','');
insert into Diagram values('PP31-51_5922','PP31-20090900','51-95','E90N 320xd   Retrofit, fine wood trim, walnut root','');
insert into Diagram values('PP31-51_5925','PP31-20090900','51-95','E90N 320xd   Retrofit, armrest front, movable','');
insert into Diagram values('PP31-51_5927','PP31-20090900','51-95','E90N 320xd   SUPPLEMENTARY SET SUN BLIND ELECTR.','');
insert into Diagram values('PP31-51_5928','PP31-20090900','51-95','E90N 320xd   Retrofit rearview mirror w. auto dimmer','');
insert into Diagram values('PP31-51_5937','PP31-20090900','51-95','E90N 320xd   Floor mats Commercial','');
insert into Diagram values('PP31-51_5940','PP31-20090900','51-95','E90N 320xd   Boot/trunk floor net','');
insert into Diagram values('PP31-51_5945','PP31-20090900','51-95','E90N 320xd   Rubber mat','');
insert into Diagram values('PP31-51_5954','PP31-20090900','51-95','E90N 320xd   Load edge protector','');
insert into Diagram values('PP31-51_5980','PP31-20090900','51-95','E90N 320xd   Retrofit: heating outside mirror','');
insert into Diagram values('PP31-51_5981','PP31-20090900','51-95','E90N 320xd   Door sill strip retrofit kit st. steel','');
insert into Diagram values('PP31-51_5989','PP31-20090900','51-95','E90N 320xd   Retrofit, Chrome Line Exterieur','');
insert into Diagram values('PP31-51_5997','PP31-20090900','51-95','E90N 320xd   Pocket holder','');
insert into Diagram values('PP31-51_6019','PP31-20090900','51-95','E90N 320xd   Floor mats, velours','');
insert into Diagram values('PP31-51_6038','PP31-20090900','51-95','E90N 320xd   Rear spoiler','');
insert into Diagram values('PP31-51_6066','PP31-20090900','51-95','E90N 320xd   Sunshade','');
insert into Diagram values('PP31-51_6165','PP31-20090900','51-95','E90N 320xd   Luggage compartment clamping belts','');
insert into Diagram values('PP31-51_6174','PP31-20090900','51-95','E90N 320xd   Retrofit, cup holder','');
insert into Diagram values('PP31-51_6243','PP31-20090900','51-95','E90N 320xd   Interior moldings Carbon','');
insert into Diagram values('PP31-51_6259','PP31-20090900','51-95','E90N 320xd   Retrofit M foot rest','');
insert into Diagram values('PP31-51_6283','PP31-20090900','51-95','E90N 320xd   Load compartment protective cover','');
insert into Diagram values('PP31-51_6477','PP31-20090900','51-95','E90N 320xd   Key fob','');
insert into Diagram values('PP31-51_6639','PP31-20090900','51-95','E90N 320xd   Protective loading edge mat','');
insert into Diagram values('PP31-51_6695','PP31-20090900','51-95','E90N 320xd   Storage net, footwell, front','');
insert into Diagram values('PP31-51_6778','PP31-20090900','51-95','E90N 320xd   BMW Performance strut tower brace carbon','');
insert into Diagram values('PP31-51_6892','PP31-20090900','51-95','E90N 320xd   Moulding rocker panels','');
insert into Diagram values('PP31-51_6973','PP31-20090900','51-95','E90N 320xd   BMW Performance side stripes','');
insert into Diagram values('PP31-51_7030','PP31-20090900','51-95','E90N 320xd   Retrofit kit M aerodyn. package','');
insert into Diagram values('PP31-51_7034','PP31-20090900','51-95','E90N 320xd   Sun blind strips','');
insert into Diagram values('PP31-51_7061','PP31-20090900','51-95','E90N 320xd   Non-skid mat','');
insert into Diagram values('PP31-51_7115','PP31-20090900','51-95','E90N 320xd   BMW Performance Aerodynamics','');
insert into Diagram values('PP31-51_7116','PP31-20090900','51-95','E90N 320xd   BMW Performance Aerodynamics, front','');
insert into Diagram values('PP31-51_7117','PP31-20090900','51-95','E90N 320xd   BMW Performance Aerodynamics, rear','');
insert into Diagram values('PP31-51_7118','PP31-20090900','51-95','E90N 320xd   BMW Performance Aerodynamics, rocker','');
insert into Diagram values('PP31-51_7142','PP31-20090900','51-95','E90N 320xd   BMW Performance Aluminum footrest','');
insert into Diagram values('PP31-51_7144','PP31-20090900','51-95','E90N 320xd   BMW Performance Interior moldings Carbon','');
insert into Diagram values('PP31-51_7152','PP31-20090900','51-95','E90N 320xd   BMW Performance strut tower brace, alu','');
insert into Diagram values('PP31-51_7158','PP31-20090900','51-95','E90N 320xd   Cover for mirror, carbon','');
insert into Diagram values('PP31-51_7191','PP31-20090900','51-95','E90N 320xd   Retrofit trim grill','');
insert into Diagram values('PP31-51_7193','PP31-20090900','51-95','E90N 320xd   Interior strips, high-gloss, grey','');
insert into Diagram values('PP31-51_7195','PP31-20090900','51-95','E90N 320xd   Interior trim finishers black high-gloss','');
insert into Diagram values('PP31-51_7228','PP31-20090900','51-95','E90N 320xd   BMW Performance door sill moldings','');
insert into Diagram values('PP31-51_7236','PP31-20090900','51-95','E90N 320xd   Footmat update','');
insert into Diagram values('PP31-51_7302','PP31-20090900','51-95','E90N 320xd   Luggage compartment pan','');
insert into Diagram values('PP31-51_7303','PP31-20090900','51-95','E90N 320xd   ASHTRAY REAR','');
insert into Diagram values('PP31-51_7665','PP31-20090900','51-95','E90N 320xd   Interior equipment, upper','');
insert into Diagram values('PP31-51_7713','PP31-20090900','51-95','E90N 320xd   Multifunct.lugg.compartm.mat w.fold.cont','');
insert into Diagram values('PP31-51_7869','PP31-20090900','51-95','E90N 320xd   Retrofit kit, interior trim, adhesive','');
insert into Diagram values('PP31-51_7896','PP31-20090900','51-95','E90N 320xd   Retrofit kit, interior trim, adhesive','');
insert into Diagram values('PP31-51_8051','PP31-20090900','51-95','E90N 320xd   First-aid kit, universal','');
insert into Diagram values('PP31-51_8522','PP31-20090900','51-95','E90N 320xd   Travel & Comfort System','');
insert into Diagram values('PP31-51_8703','PP31-20090900','51-95','E90N 320xd   Pocket set in interior','');
insert into Diagram values('PP31-51_8991','PP31-20090900','51-95','E90N 320xd   Floor mat, Allweather','');
insert into Diagram values('PP31-52_3182','PP31-20090900','52-10','E90N 320xd   Seat front, upholstery & cover base seat','');
insert into DiagramParts values('PP31-52_3183-52107246851', 'PP31-52_3183', 04, 'SEAT COVER LEATHER', 'GRAU', 1, to_date('20080901','YYYYMMDD'), to_date('20100901','YYYYMMDD'), '52107246851', '', 'ENDED', false);
insert into DiagramParts values('PP31-52_3183-52107246852', 'PP31-52_3183', 04, 'SEAT COVER LEATHER', 'BEIGE', 1, to_date('20080901','YYYYMMDD'), to_date('20100901','YYYYMMDD'), '52107246852', '', '+core, ENDED', false);
insert into DiagramParts values('PP31-52_3183-52107246838', 'PP31-52_3183', 04, 'SEAT COVER LEATHER', 'SCHWARZ', 1, to_date('20080901','YYYYMMDD'), to_date('20100901','YYYYMMDD'), '52107246838', '', 'ENDED', false);
insert into DiagramParts values('PP31-52_3183-52107257593', 'PP31-52_3183', 04, 'SEAT COVER LEATHER', 'OYSTER', 1, to_date('20090901','YYYYMMDD'), to_date('20100901','YYYYMMDD'), '52107257593', '', 'ENDED', false);
insert into DiagramParts values('PP31-52_3183-52107257594', 'PP31-52_3183', 04, 'SEAT COVER LEATHER', 'SATTELBRAUN', 1, to_date('20090901','YYYYMMDD'), to_date('20100901','YYYYMMDD'), '52107257594', '', 'ENDED', false);
insert into DiagramParts values('PP31-52_3183-52107257595', 'PP31-52_3183', 04, 'SEAT COVER LEATHER', 'ROTBRAUN', 1, to_date('20090901','YYYYMMDD'), to_date('20100901','YYYYMMDD'), '52107257595', '', '+core, ENDED', false);
insert into DiagramParts values('PP31-52_3183-52109156456', 'PP31-52_3183', 05, 'COVER BACKREST LEATHER RIGHT', 'GRAU', 1, to_date('20070401','YYYYMMDD'), to_date('20080901','YYYYMMDD'), '52109156456', '$695.57', '', false);
insert into DiagramParts values('PP31-52_3183-52109156458', 'PP31-52_3183', 05, 'COVER BACKREST LEATHER RIGHT', 'BEIGE', 1, to_date('20070401','YYYYMMDD'), to_date('20080901','YYYYMMDD'), '52109156458', '$695.57', '', false);
insert into DiagramParts values('PP31-52_3183-52109156454', 'PP31-52_3183', 05, 'COVER BACKREST LEATHER RIGHT', 'SCHWARZ', 1, to_date('20070401','YYYYMMDD'), to_date('20080901','YYYYMMDD'), '52109156454', '$695.57', '', false);
insert into Diagram values('PP31-52_3183','PP31-20090900','52-10','E90N 320xd   Seat, front, uphlstry, cover, Sport seat','');
insert into Diagram values('PP31-52_3184','PP31-20090900','52-10','E90N 320xd   Seat, front, lumbar','');
insert into Diagram values('PP31-52_3185','PP31-20090900','52-10','E90N 320xd   FRONT SEAT RAIL MECHANICAL/SINGLE PARTS','');
insert into Diagram values('PP31-52_3186','PP31-20090900','52-10','E90N 320xd   FRONT SEAT RAIL ELECTRICAL/SINGLE PARTS','');
insert into Diagram values('PP31-52_3187','PP31-20090900','52-10','E90N 320xd   FRONT SEAT BACKREST FRAME/REAR PANEL','');
insert into Diagram values('PP31-52_3468','PP31-20090900','52-10','E90N 320xd   BMW Performance Sport Seat','');
insert into Diagram values('PP31-52_3487','PP31-20090900','52-10','E90N 320xd   Seat, front, head restraint','');
insert into Diagram values('PP31-52_3541','PP31-20090900','52-10','E90N 320xd   Seat, front, electrical and motors','');
insert into DiagramParts values('PP31-52_3188-52207213545', 'PP31-52_3188', 01, 'Headrest leather', 'SCHWARZ', 2, to_date('20080901','YYYYMMDD'), to_date('20090301','YYYYMMDD'), '52207213545', '', 'ENDED', false);
insert into DiagramParts values('PP31-52_3188-52207213547', 'PP31-52_3188', 01, 'Headrest leather', 'SAVANNABEIGE', 2, to_date('20080901','YYYYMMDD'), to_date('20090301','YYYYMMDD'), '52207213547', '', 'ENDED', false);
insert into DiagramParts values('PP31-52_3188-52207213546', 'PP31-52_3188', 01, 'Headrest leather', 'GRAU', 2, to_date('20080901','YYYYMMDD'), to_date('20090301','YYYYMMDD'), '52207213546', '', 'ENDED', false);
insert into DiagramParts values('PP31-52_3188-52207213520', 'PP31-52_3188', 02, 'Headrest leather', 'SCHWARZ', 2, to_date('20080901','YYYYMMDD'), to_date('20090301','YYYYMMDD'), '52207213520', '', 'ENDED', false);
insert into DiagramParts values('PP31-52_3188-52207213534', 'PP31-52_3188', 02, 'Headrest leather', 'BEIGE', 2, to_date('20080901','YYYYMMDD'), to_date('20090301','YYYYMMDD'), '52207213534', '', 'ENDED', false);
insert into DiagramParts values('PP31-52_3188-52207213533', 'PP31-52_3188', 02, 'Headrest leather', 'GRAU', 2, to_date('20080901','YYYYMMDD'), to_date('20090301','YYYYMMDD'), '52207213533', '', 'ENDED', false);
insert into Diagram values('PP31-52_3188','PP31-20090900','52-20','E90N 320xd   Rear seat head restraint','');
insert into Diagram values('PP31-52_3189','PP31-20090900','52-20','E90N 320xd   Seat, rear, head restraint, center','');
insert into Diagram values('PP31-52_3191','PP31-20090900','52-20','E90N 320xd   Seat rear, upholstery & cover base seat','');
insert into Diagram values('PP31-52_3192','PP31-20090900','52-20','E90N 320xd   Seat rear, upholstery & cover base seat','');
insert into Diagram values('PP31-52_3193','PP31-20090900','52-20','E90N 320xd   Seat, rear, seat frame, load-through','');
insert into Diagram values('PP31-52_3194','PP31-20090900','52-20','E90N 320xd   Rear seat ski bag','');
insert into Diagram values('PP31-52_3212','PP31-20090900','52-20','E90N 320xd   Seat, rear, backrest trim covers','');
insert into Diagram values('PP31-52_3216','PP31-20090900','52-20','E90N 320xd   Rear seat center armrest','');
insert into Diagram values('PP31-52_3712','PP31-20090900','52-65','E90N 320xd   Seat heating','');
insert into Diagram values('PP31-52_3015','PP31-20090900','52-95','E90N 320xd   UNIVERSAL PRODECTIVE REAR COVER','');
insert into Diagram values('PP31-52_3199','PP31-20090900','52-95','E90N 320xd   Fire extinguisher','');
insert into Diagram values('PP31-52_3235','PP31-20090900','52-95','E90N 320xd   Front seat heating retrofit','');
insert into Diagram values('PP31-52_3269','PP31-20090900','52-95','E90N 320xd   Seat-back storage pocket','');
insert into Diagram values('PP31-52_3270','PP31-20090900','52-95','E90N 320xd   SHEEPSKIN SEAT COVERS','');
insert into Diagram values('PP31-52_3519','PP31-20090900','52-95','E90N 320xd   Retrofit, ski bag','');
insert into Diagram values('PP31-52_3527','PP31-20090900','52-95','E90N 320xd   Retrofit, net bag at seat backrest','');
insert into Diagram values('PP31-52_3565','PP31-20090900','52-95','E90N 320xd   Retrofitting rear folding head restraint','');
insert into Diagram values('PP31-52_3792','PP31-20090900','52-95','E90N 320xd   Fire extinguisher','');
insert into Diagram values('PP31-54_0341','PP31-20090900','54-05','E90N 320xd   SLID.LIFT. ROOF-COVER/CEILING FRAME','');
insert into Diagram values('PP31-61_2010','PP31-20090900','61-05','E90N 320xd   Repair cable main cable harness','');
insert into Diagram values('PP31-61_2886','PP31-20090900','61-05','E90N 320xd   Main wiring harness, duplicate','');
insert into Diagram values('PP31-61_1822','PP31-20090900','61-10','E90N 320xd   Cable-yarded material','');
insert into Diagram values('PP31-61_1861','PP31-20090900','61-10','E90N 320xd   VARIOUS ADDITIONAL WIRING SETS','');
insert into Diagram values('PP31-61_1864','PP31-20090900','61-10','E90N 320xd   Wiring harness, instrument panel','');
insert into Diagram values('PP31-61_1868','PP31-20090900','61-10','E90N 320xd   Wiring set seat','');
insert into Diagram values('PP31-61_1869','PP31-20090900','61-10','E90N 320xd   Repair cable, airbag','');
insert into Diagram values('PP31-61_1945','PP31-20090900','61-10','E90N 320xd   DOOR CABLE HARNESSES','');
insert into Diagram values('PP31-61_2262','PP31-20090900','61-10','E90N 320xd   VARIOUS ADDITIONAL WIRING SETS','');
insert into Diagram values('PP31-61_2289','PP31-20090900','61-10','E90N 320xd   VARIOUS ADDITIONAL WIRING SETS','');
insert into Diagram values('PP31-61_2567','PP31-20090900','61-10','E90N 320xd   Rep. wire for B+','');
insert into Diagram values('PP31-61_1280','PP31-20090900','61-15','E90N 320xd   Plug terminal ELO not waterproof','');
insert into Diagram values('PP31-61_1296','PP31-20090900','61-15','E90N 320xd   Circular connector / D 2,5 mm System','');
insert into Diagram values('PP31-61_1559','PP31-20090900','61-15','E90N 320xd   PLUG-IN CONNECTION BRACKET','');
insert into Diagram values('PP31-61_1578','PP31-20090900','61-15','E90N 320xd   Repair parts, optical fibre cable','');
insert into Diagram values('PP31-61_1691','PP31-20090900','61-15','E90N 320xd   Pin contacts ELO','');
insert into Diagram values('PP31-61_1711','PP31-20090900','61-15','E90N 320xd   Cable tie','');
insert into Diagram values('PP31-61_1754','PP31-20090900','61-15','E90N 320xd   Plug terminal ELO-Power','');
insert into Diagram values('PP31-61_1764','PP31-20090900','61-15','E90N 320xd   Diagnosis plug','');
insert into Diagram values('PP31-61_1765','PP31-20090900','61-15','E90N 320xd   Various cable terminals','');
insert into Diagram values('PP31-61_1865','PP31-20090900','61-15','E90N 320xd   VARIOUS CABLE HOLDERS','');
insert into Diagram values('PP31-61_1896','PP31-20090900','61-15','E90N 320xd   VARIOUS CABLE HOLDERS','');
insert into Diagram values('PP31-61_1971','PP31-20090900','61-15','E90N 320xd   Cable guide','');
insert into Diagram values('PP31-61_2020','PP31-20090900','61-15','E90N 320xd   Various cable grommets','');
insert into Diagram values('PP31-61_2063','PP31-20090900','61-15','E90N 320xd   Comb type connector','');
insert into Diagram values('PP31-61_2068','PP31-20090900','61-15','E90N 320xd   Contact system LSK8','');
insert into Diagram values('PP31-61_2107','PP31-20090900','61-15','E90N 320xd   Various parts, wiring harness repair','');
insert into Diagram values('PP31-61_2156','PP31-20090900','61-15','E90N 320xd   Double leaf spring contact','');
insert into Diagram values('PP31-61_2216','PP31-20090900','61-15','E90N 320xd   Terminal system MCON','');
insert into Diagram values('PP31-61_2217','PP31-20090900','61-15','E90N 320xd   Contact system MQS','');
insert into Diagram values('PP31-61_2268','PP31-20090900','61-15','E90N 320xd   Contact system MAK8','');
insert into Diagram values('PP31-61_2292','PP31-20090900','61-15','E90N 320xd   SLK socket contact','');
insert into Diagram values('PP31-61_2293','PP31-20090900','61-15','E90N 320xd   Contact system blade terminal MDK4 2.8','');
insert into Diagram values('PP31-61_2452','PP31-20090900','61-15','E90N 320xd   Round plug system D 1.5 mm','');
insert into Diagram values('PP31-61_2458','PP31-20090900','61-15','E90N 320xd   diverse plugs and connectors','');
insert into Diagram values('PP31-61_2521','PP31-20090900','61-15','E90N 320xd   Socket housing MQS','');
insert into Diagram values('PP31-61_2638','PP31-20090900','61-15','E90N 320xd   Repair parts, coaxial cable contacts','');
insert into Diagram values('PP31-61_2680','PP31-20090900','61-15','E90N 320xd   Repair parts, coaxial cable housing','');
insert into Diagram values('PP31-61_1710','PP31-20090900','61-20','E90N 320xd   Fuses / sign with fuse allocat. diagr.','');
insert into Diagram values('PP31-61_2220','PP31-20090900','61-20','E90N 320xd   Individual parts, power distributor, fr.','');
insert into Diagram values('PP31-61_1718','PP31-20090900','61-25','E90N 320xd   Control unit/antennas passive access','');
insert into Diagram values('PP31-61_1847','PP31-20090900','61-25','E90N 320xd   BRACKET F BODY CONTROL UNITS AND MODULES','');
insert into Diagram values('PP31-61_2095','PP31-20090900','61-25','E90N 320xd   Control unit CAS','');
insert into Diagram values('PP31-61_2096','PP31-20090900','61-25','E90N 320xd   Control units/modules','');
insert into Diagram values('PP31-61_2236','PP31-20090900','61-25','E90N 320xd   Control unit Junctionbox Elektronik','');
insert into Diagram values('PP31-61_2285','PP31-20090900','61-25','E90N 320xd   DC/DC-TORQUE CONVERTER','');
insert into Diagram values('PP31-61_2518','PP31-20090900','61-25','E90N 320xd   ECU, steering wheel heater electronics','');
insert into Diagram values('PP31-61_2574','PP31-20090900','61-25','E90N 320xd   ECU, footwell module 3','');
insert into Diagram values('PP31-61_2966','PP31-20090900','61-25','E90N 320xd   Official vehicle package','');
insert into Diagram values('PP31-61_1859','PP31-20090900','61-30','E90N 320xd   B+ terminal point, engine compartment','');
insert into Diagram values('PP31-61_1946','PP31-20090900','61-30','E90N 320xd   Battery lead/distribution box, rear','');
insert into Diagram values('PP31-61_1986','PP31-20090900','61-30','E90N 320xd   Original BMW battery (Warranty only)','');
insert into Diagram values('PP31-61_1987','PP31-20090900','61-30','E90N 320xd   battery holder and mounting parts','');
insert into Diagram values('PP31-61_1845','PP31-20090900','61-35','E90N 320xd   Seat adjustment switch, front','');
insert into Diagram values('PP31-61_1849','PP31-20090900','61-35','E90N 320xd   VARIOUS SWITCHES','');
insert into Diagram values('PP31-61_1880','PP31-20090900','61-35','E90N 320xd   Switch, Multifunction Sport/M st. wheel','');
insert into Diagram values('PP31-61_1951','PP31-20090900','61-35','E90N 320xd   SWITCH WINDOW LIFTER','');
insert into Diagram values('PP31-61_1960','PP31-20090900','61-35','E90N 320xd   Modules/switch/charge socket,off. veh.','');
insert into Diagram values('PP31-61_1965','PP31-20090900','61-35','E90N 320xd   Switch, multifunct. steering wheel','');
insert into Diagram values('PP31-61_1975','PP31-20090900','61-35','E90N 320xd   Switch unit roof','');
insert into Diagram values('PP31-61_2051','PP31-20090900','61-35','E90N 320xd   Switch unit roof','');
insert into Diagram values('PP31-61_2089','PP31-20090900','61-35','E90N 320xd   Switch unit roof','');
insert into Diagram values('PP31-61_2128','PP31-20090900','61-35','E90N 320xd   Switch for brake, clutch','');
insert into Diagram values('PP31-61_2281','PP31-20090900','61-35','E90N 320xd   Starter/Stop switch','');
insert into Diagram values('PP31-61_2282','PP31-20090900','61-35','E90N 320xd   Switch hazard warning/central lckng syst','');
insert into Diagram values('PP31-61_2335','PP31-20090900','61-35','E90N 320xd   Official vehicle package','');
insert into Diagram values('PP31-61_2426','PP31-20090900','61-35','E90N 320xd   Control element light','');
insert into Diagram values('PP31-61_2434','PP31-20090900','61-35','E90N 320xd   Switch unit steering column','');
insert into Diagram values('PP31-61_2480','PP31-20090900','61-35','E90N 320xd   Cigarette lighter / sockets','');
insert into Diagram values('PP31-61_2506','PP31-20090900','61-35','E90N 320xd   Switch unit, center console','');
insert into Diagram values('PP31-61_2632','PP31-20090900','61-35','E90N 320xd   Official vehicle package','');
insert into Diagram values('PP31-61_2639','PP31-20090900','61-35','E90N 320xd   Shift paddles / Shift paddles','');
insert into Diagram values('PP31-61_2900','PP31-20090900','61-35','E90N 320xd   USB/AUX-IN socket','');
insert into Diagram values('PP31-61_2946','PP31-20090900','61-35','E90N 320xd   USB/AUX-IN socket','');
insert into Diagram values('PP31-61_3088','PP31-20090900','61-35','E90N 320xd   Switch unit steering column','');
insert into Diagram values('PP31-61_2857','PP31-20090900','61-40','E90N 320xd   Horn','');
insert into Diagram values('PP31-61_1877','PP31-20090900','61-45','E90N 320xd   FILLER PIPE FOR WASH CONTAINER','');
insert into Diagram values('PP31-61_1879','PP31-20090900','61-45','E90N 320xd   Reserv.,windshield/headlight washer syst','');
insert into Diagram values('PP31-61_1954','PP31-20090900','61-45','E90N 320xd   SINGLE COMPONENTS FOR WIPER ARM','');
insert into Diagram values('PP31-61_1955','PP31-20090900','61-45','E90N 320xd   Wiper system, complete','');
insert into Diagram values('PP31-61_1988','PP31-20090900','61-45','E90N 320xd   SINGLE PARTS FOR HEAD LAMP CLEANING','');
insert into Diagram values('PP31-61_2009','PP31-20090900','61-45','E90N 320xd   SINGLE PARTS FOR WINDSHIELD CLEANING','');
insert into Diagram values('PP31-61_2001','PP31-20090900','61-95','E90N 320xd   Retrofit kit, headlight cleaning system','');
insert into Diagram values('PP31-61_2223','PP31-20090900','61-95','E90N 320xd   Suppression filter','');
insert into Diagram values('PP31-61_3026','PP31-20090900','61-95','E90N 320xd   Battery charger','');
insert into Diagram values('PP31-61_3066','PP31-20090900','61-95','E90N 320xd   Jumper cable','');
insert into Diagram values('PP31-61_3244','PP31-20090900','61-95','E90N 320xd   Battery charger','');
insert into Diagram values('PP31-62_0483','PP31-20090900','62-05','E90N 320xd   Instrument cluster','');
insert into Diagram values('PP31-62_0561','PP31-20090900','62-95','E90N 320xd   Electronic log book','');
insert into Diagram values('PP31-63_1067','PP31-20090900','63-05','E90N 320xd   SPARE BULBS BOX','');
insert into Diagram values('PP31-63_1068','PP31-20090900','63-05','E90N 320xd   Headlight','');
insert into Diagram values('PP31-63_1069','PP31-20090900','63-05','E90N 320xd   Individual parts for headlamp, halogen','');
insert into Diagram values('PP31-63_1070','PP31-20090900','63-05','E90N 320xd   Single components f headlight Xenon/ALC','');
insert into Diagram values('PP31-63_1363','PP31-20090900','63-05','E90N 320xd   BMW Performance Light','');
insert into Diagram values('PP31-63_1420','PP31-20090900','63-05','E90N 320xd   SPARE BULBS BOX','');
insert into Diagram values('PP31-63_0920','PP31-20090900','63-10','E90N 320xd   Additional turn indicator lamp','');
insert into Diagram values('PP31-63_0940','PP31-20090900','63-15','E90N 320xd   Fog lamp, Sport Package M','');
insert into Diagram values('PP31-63_1073','PP31-20090900','63-15','E90N 320xd   Fog lights','');
insert into Diagram values('PP31-63_1074','PP31-20090900','63-20','E90N 320xd   Rear light','');
insert into Diagram values('PP31-63_0916','PP31-20090900','63-25','E90N 320xd   Third stoplamp','');
insert into Diagram values('PP31-63_0911','PP31-20090900','63-30','E90N 320xd   Various interior lights','');
insert into Diagram values('PP31-63_0915','PP31-20090900','63-30','E90N 320xd   Door handle illumination','');
insert into Diagram values('PP31-63_1112','PP31-20090900','63-30','E90N 320xd   License plate lamp, LED','');
insert into Diagram values('PP31-63_1113','PP31-20090900','63-30','E90N 320xd   Strobe lamp - rear','');
insert into Diagram values('PP31-63_1153','PP31-20090900','63-95','E90N 320xd   Flashlight, LED','');
insert into Diagram values('PP31-63_1289','PP31-20090900','63-95','E90N 320xd   Retrofit kit, LED daytime driving lights','');
insert into Diagram values('PP31-63_1322','PP31-20090900','63-95','E90N 320xd   LED interior light package','');
insert into Diagram values('PP31-63_1509','PP31-20090900','63-95','E90N 320xd   BMW LED luggage compartment lamp','');
insert into Diagram values('PP31-64_1479','PP31-20090900','64-05','E90N 320xd   Air duct','');
insert into Diagram values('PP31-64_1489','PP31-20090900','64-05','E90N 320xd   OUTFLOW NOZZLES/COVERS','');
insert into Diagram values('PP31-64_1428','PP31-20090900','64-10','E90N 320xd   MICROFILTER/ACTIVATED CARBON CONTAINER','');
insert into Diagram values('PP31-64_1774','PP31-20090900','64-15','E90N 320xd   Heater unit, Denso','');
insert into Diagram values('PP31-64_1779','PP31-20090900','64-15','E90N 320xd   Heater core from 07/2006 onward','');
insert into Diagram values('PP31-64_1780','PP31-20090900','64-15','E90N 320xd   Heater unit, Denso','');
insert into Diagram values('PP31-64_1785','PP31-20090900','64-18','E90N 320xd   Water hoses','');
insert into Diagram values('PP31-64_1786','PP31-20090900','64-18','E90N 320xd   Independent heating water valves','');
insert into Diagram values('PP31-64_1443','PP31-20090900','64-20','E90N 320xd   Automatic air conditioning control','');
insert into Diagram values('PP31-64_1445','PP31-20090900','64-20','E90N 320xd   Air Conditioning Control','');
insert into Diagram values('PP31-64_1439','PP31-20090900','64-30','E90N 320xd   Evaporator / Expansion valve','');
insert into Diagram values('PP31-64_1451','PP31-20090900','64-35','E90N 320xd   Housing parts heater and air cond. Denso','');
insert into Diagram values('PP31-64_1455','PP31-20090900','64-35','E90N 320xd   Housing parts aut.air conditioning Denso','');
insert into Diagram values('PP31-64_1777','PP31-20090900','64-35','E90N 320xd   Housing parts aut.air conditioning Valeo','');
insert into Diagram values('PP31-64_1454','PP31-20090900','64-40','E90N 320xd   ELECTRIC PARTS FOR AC UNIT','');
insert into Diagram values('PP31-64_1433','PP31-20090900','64-45','E90N 320xd   SENSOR F. AUC','');
insert into Diagram values('PP31-64_1434','PP31-20090900','64-45','E90N 320xd   Solar sensor','');
insert into Diagram values('PP31-64_1438','PP31-20090900','64-45','E90N 320xd   Condensation sensor','');
insert into Diagram values('PP31-64_1882','PP31-20090900','64-50','E90N 320xd   Air-conditioner compressor','');
insert into Diagram values('PP31-64_1429','PP31-20090900','64-55','E90N 320xd   Condenser air conditioning','');
insert into Diagram values('PP31-64_1599','PP31-20090900','64-60','E90N 320xd   Coolant lines','');
insert into Diagram values('PP31-64_1508','PP31-20090900','64-65','E90N 320xd   Spare parts, auxiliary heater Bypass Sys','');
insert into Diagram values('PP31-64_1509','PP31-20090900','64-65','E90N 320xd   FUEL SUPPLY/PUMP/TUBING','');
insert into Diagram values('PP31-64_1610','PP31-20090900','64-65','E90N 320xd   TRANSMITTER F AUXIL.HEATING REMOTE CTRL','');
insert into Diagram values('PP31-64_1633','PP31-20090900','64-95','E90N 320xd   Retrofit kit, remote cntrl,indep.heating','');
insert into Diagram values('PP31-64_1705','PP31-20090900','64-95','E90N 320xd   Install.kit, independent heater','');
insert into Diagram values('PP31-64_1855','PP31-20090900','64-95','E90N 320xd   Accessori e postmontaggi','');
insert into Diagram values('PP31-64_1441','PP31-20090900','64-99','E90N 320xd   DIVERSE SMALL PARTS','');
insert into Diagram values('PP31-65_0207','PP31-20090900','65-05','E90N 320xd   Earth strap for engine hood','');
insert into DiagramParts values('PP31-65_1473-65129227500', 'PP31-65_1473', 01, 'Radio BMW Business CD', 'MSA', 1, to_date('20080901','YYYYMMDD'), to_date('20100901','YYYYMMDD'), '65129227500', '', '', false);
insert into Diagram values('PP31-65_1473','PP31-20090900','65-05','E90N 320xd   Radio BMW Business CD','');
insert into DiagramParts values('PP31-65_1474-65129231059', 'PP31-65_1474', 02, 'Rotary knob', 'CHROM', 2, to_date('20100501','YYYYMMDD'), to_date('20100901','YYYYMMDD'), '65129231059', '', '', false);
insert into Diagram values('PP31-65_1474','PP31-20090900','65-05','E90N 320xd   Radio BMW Professional CD','');
insert into DiagramParts values('PP31-65_2033-65129231159', 'PP31-65_2033', 01, 'Replacement, Car Infotainment Comp. Mid', 'MIC/VID/DAB', 1, to_date('20090901','YYYYMMDD'), to_date('20100901','YYYYMMDD'), '65129231159', '', 'ENDED', false);
insert into Diagram values('PP31-65_2033','PP31-20090900','65-05','E90N 320xd   Car Infotainment Computer - Mid','');
insert into Diagram values('PP31-65_2250','PP31-20090900','65-05','E90N 320xd   Radio BMW Professional CD','');
insert into Diagram values('PP31-65_2440','PP31-20090900','65-05','E90N 320xd   DAB Retrofit','');
insert into Diagram values('PP31-65_1758','PP31-20090900','65-07','E90N 320xd   USB/Audio interface','');
insert into Diagram values('PP31-65_1786','PP31-20090900','65-07','E90N 320xd   Auxiliary connection cable','');
insert into Diagram values('PP31-65_1523','PP31-20090900','65-10','E90N 320xd   CD Changer/Bracket','');
insert into Diagram values('PP31-65_1526','PP31-20090900','65-20','E90N 320xd   Components central bass','');
insert into Diagram values('PP31-65_1527','PP31-20090900','65-20','E90N 320xd   One part Top-Hifi/Harman Kardon I-panel','');
insert into Diagram values('PP31-65_1528','PP31-20090900','65-20','E90N 320xd   One part Top-HiFi/Harman Kardon dr rear','');
insert into Diagram values('PP31-65_1529','PP31-20090900','65-20','E90N 320xd   SINGLE PARTS F REAR HELF LOUDSPEAKER','');
insert into Diagram values('PP31-65_1530','PP31-20090900','65-20','E90N 320xd   SINGLE PARTS F FRONT DOOR LOUDSPEAKER','');
insert into Diagram values('PP31-65_1751','PP31-20090900','65-20','E90N 320xd   Individual Audio system, I-panel','');
insert into Diagram values('PP31-65_1753','PP31-20090900','65-20','E90N 320xd   Individual Audio system, door front','');
insert into Diagram values('PP31-65_1755','PP31-20090900','65-20','E90N 320xd   Individual Audio system, door rear','');
insert into Diagram values('PP31-65_1756','PP31-20090900','65-20','E90N 320xd   Individual Audio system tray','');
insert into Diagram values('PP31-65_1534','PP31-20090900','65-22','E90N 320xd   Universal aerial cable','');
insert into Diagram values('PP31-65_2342','PP31-20090900','65-22','E90N 320xd   Audio wiring harness','');
insert into Diagram values('PP31-65_1524','PP31-20090900','65-25','E90N 320xd   amplifier / holder hifi system','');
insert into Diagram values('PP31-65_1525','PP31-20090900','65-25','E90N 320xd   Amplifier HiFi Prof. / Harman Kardon','');
insert into Diagram values('PP31-65_1754','PP31-20090900','65-25','E90N 320xd   Amplifier/bracket Indi. Audio System','');
insert into Diagram values('PP31-65_1539','PP31-20090900','65-30','E90N 320xd   SINGLE PARTS F ANTENNA-DIVERSITY','');
insert into Diagram values('PP31-65_1540','PP31-20090900','65-30','E90N 320xd   SINGLE PARTS F ANTENNA','');
insert into Diagram values('PP31-65_1731','PP31-20090900','65-30','E90N 320xd   Official radio antenna/horn speaker','');
insert into Diagram values('PP31-65_1917','PP31-20090900','65-45','E90N 320xd   Controller CIC','');
insert into DiagramParts values('PP31-65_1551-65509229906', 'PP31-65_1551', 01, 'TV module', 'DVB-T', 1, to_date('20090901','YYYYMMDD'), to_date('20100901','YYYYMMDD'), '65509229906', '', 'ENDED', false);
insert into DiagramParts values('PP31-65_1551-65509240643', 'PP31-65_1551', 01, 'TV module', 'DVB-T', 1, to_date('20090901','YYYYMMDD'), to_date('20120701','YYYYMMDD'), '65509240643', '', '', false);
insert into DiagramParts values('PP31-65_1551-65509235503', 'PP31-65_1551', 01, 'TV module', 'ISDB-T', 1, to_date('20090901','YYYYMMDD'), to_date('20100901','YYYYMMDD'), '65509235503', '', 'ENDED', false);
insert into DiagramParts values('PP31-65_1551-65509240645', 'PP31-65_1551', 01, 'TV module', 'ISDB-T', 1, to_date('20090901','YYYYMMDD'), to_date('20120701','YYYYMMDD'), '65509240645', '', '', false);
insert into DiagramParts values('PP31-65_1551-65509242221', 'PP31-65_1551', 01, 'TV module', 'DTMB', 1, to_date('20100901','YYYYMMDD'), to_date('20110301','YYYYMMDD'), '65509242221', '', 'ENDED', false);
insert into DiagramParts values('PP31-65_1551-65509252352', 'PP31-65_1551', 01, 'TV module', 'DTMB', 1, to_date('20100901','YYYYMMDD'), to_date('20110901','YYYYMMDD'), '65509252352', '', 'ENDED', false);
insert into DiagramParts values('PP31-65_1551-65509253523', 'PP31-65_1551', 01, 'TV module', 'DTMB', 1, to_date('20100901','YYYYMMDD'), to_date('20120301','YYYYMMDD'), '65509253523', '', 'ENDED', false);
insert into Diagram values('PP31-65_1551','PP31-20090900','65-50','E90N 320xd   Video module/TV module','');
insert into Diagram values('PP31-65_1552','PP31-20090900','65-50','E90N 320xd   Bracket for video module','');
insert into Diagram values('PP31-65_1553','PP31-20090900','65-50','E90N 320xd   Support bracket, navigation computer','');
insert into Diagram values('PP31-65_1554','PP31-20090900','65-50','E90N 320xd   On-board monitor','');
insert into DiagramParts values('PP31-65_1916-65129218334', 'PP31-65_1916', 01, 'Car Infotainment computer', 'KOREA', 1, to_date('20080901','YYYYMMDD'), to_date('20101001','YYYYMMDD'), '65129218334', '', 'ENDED', false);
insert into DiagramParts values('PP31-65_1916-65129248104', 'PP31-65_1916', 01, 'Car Infotainment computer', 'KOREA', 1, to_date('20080901','YYYYMMDD'), to_date('20101201','YYYYMMDD'), '65129248104', '', 'ENDED', false);
insert into DiagramParts values('PP31-65_1916-65129250326', 'PP31-65_1916', 01, 'Car Infotainment computer', 'KOREA', 1, to_date('20080901','YYYYMMDD'), to_date('20110301','YYYYMMDD'), '65129250326', '', 'ENDED', false);
insert into DiagramParts values('PP31-65_1916-65129257190', 'PP31-65_1916', 01, 'Car Infotainment computer', 'KOREA', 1, to_date('20080901','YYYYMMDD'), to_date('20110901','YYYYMMDD'), '65129257190', '', 'ENDED', false);
insert into DiagramParts values('PP31-65_1916-65129273172', 'PP31-65_1916', 01, 'Car Infotainment computer', 'KOREA', 1, to_date('20080901','YYYYMMDD'), to_date('20120301','YYYYMMDD'), '65129273172', '', 'ENDED', false);
insert into DiagramParts values('PP31-65_1916-65129231727', 'PP31-65_1916', 01, 'Car Infotainment computer', 'ASIEN', 1, to_date('20080901','YYYYMMDD'), to_date('20100301','YYYYMMDD'), '65129231727', '', 'ENDED', false);
insert into DiagramParts values('PP31-65_1916-65129218335', 'PP31-65_1916', 01, 'Car Infotainment computer', 'ASIEN', 1, to_date('20080901','YYYYMMDD'), to_date('20100901','YYYYMMDD'), '65129218335', '', 'ENDED', false);
insert into DiagramParts values('PP31-65_1916-65129244588', 'PP31-65_1916', 01, 'Car Infotainment computer', 'ASIEN', 1, to_date('20080901','YYYYMMDD'), to_date('20110301','YYYYMMDD'), '65129244588', '', 'ENDED', false);
insert into DiagramParts values('PP31-65_1916-65129257191', 'PP31-65_1916', 01, 'Car Infotainment computer', 'ASIEN', 1, to_date('20080901','YYYYMMDD'), to_date('20110901','YYYYMMDD'), '65129257191', '', 'ENDED', false);
insert into Diagram values('PP31-65_1916','PP31-20090900','65-50','E90N 320xd   Car Infotainment computer','');
insert into Diagram values('PP31-65_2206','PP31-20090900','65-50','E90N 320xd   Enable code, initial, Professional GPS','');
insert into Diagram values('PP31-65_2207','PP31-20090900','65-50','E90N 320xd   Enable code, update for Professional GPS','');
insert into Diagram values('PP31-65_2208','PP31-20090900','65-50','E90N 320xd   Enable code, rep, GPS Professional','');
insert into Diagram values('PP31-65_2215','PP31-20090900','65-50','E90N 320xd   Enable code, initial, Business GPS','');
insert into Diagram values('PP31-65_2216','PP31-20090900','65-50','E90N 320xd   Enable code, rep, GPS Business','');
insert into Diagram values('PP31-65_2223','PP31-20090900','65-50','E90N 320xd   Enable code, update, GPS Business','');
insert into Diagram values('PP31-65_1487','PP31-20090900','65-60','E90N 320xd   Alarm systems','');
insert into Diagram values('PP31-65_1532','PP31-20090900','65-65','E90N 320xd   Electric parts for airbag','');
insert into Diagram values('PP31-65_1468','PP31-20090900','65-70','E90N 320xd   Temperature sensor','');
insert into Diagram values('PP31-65_1562','PP31-20090900','65-95','E90N 320xd   Retrofit kit, CD-changer','');
insert into Diagram values('PP31-65_1565','PP31-20090900','65-95','E90N 320xd   INSTALLATION KIT ALARM SYSTEM','');
insert into Diagram values('PP31-65_1576','PP31-20090900','65-95','E90N 320xd   DVD-system Portable','');
insert into Diagram values('PP31-65_1658','PP31-20090900','65-95','E90N 320xd   DVB-T Set-top box','');
insert into Diagram values('PP31-65_1814','PP31-20090900','65-95','E90N 320xd   Retrofit kit USB/iPod connection','');
insert into Diagram values('PP31-65_1825','PP31-20090900','65-95','E90N 320xd   iPod connection retrofit kit','');
insert into Diagram values('PP31-65_1860','PP31-20090900','65-95','E90N 320xd   Retrofit kit USB/audio interface','');
insert into Diagram values('PP31-65_1894','PP31-20090900','65-95','E90N 320xd   Hifi system, Alpine','');
insert into Diagram values('PP31-65_1901','PP31-20090900','65-95','E90N 320xd   Navigation Portable Plus/Pro/HD Traffic','');
insert into Diagram values('PP31-65_1902','PP31-20090900','65-95','E90N 320xd   GPS, portable, street map','');
insert into Diagram values('PP31-65_1903','PP31-20090900','65-95','E90N 320xd   iPod connection retrofit kit','');
insert into Diagram values('PP31-65_1924','PP31-20090900','65-95','E90N 320xd   Navigation Portable accessories','');
insert into Diagram values('PP31-65_1925','PP31-20090900','65-95','E90N 320xd   Basic hands-free system with USB/audio','');
insert into Diagram values('PP31-65_1989','PP31-20090900','65-95','E90N 320xd   Tracking Products','');
insert into Diagram values('PP31-65_2004','PP31-20090900','65-95','E90N 320xd   Retrofit kit, CD-changer','');
insert into Diagram values('PP31-65_2038','PP31-20090900','65-95','E90N 320xd   DVD system Tablet','');
insert into Diagram values('PP31-65_2271','PP31-20090900','65-95','E90N 320xd   Charger adapter for Apple iPod / iPhone','');
insert into Diagram values('PP31-65_2375','PP31-20090900','65-95','E90N 320xd   Retrofit language, Arabic','');
insert into Diagram values('PP31-65_2388','PP31-20090900','65-95','E90N 320xd   Retrofit DAB+','');
insert into Diagram values('PP31-65_2422','PP31-20090900','65-95','E90N 320xd   Cable adapter for Apple iPod / iPhone','');
insert into Diagram values('PP31-65_2434','PP31-20090900','65-95','E90N 320xd   DVD System Tablet Single','');
insert into Diagram values('PP31-65_2515','PP31-20090900','65-95','E90N 320xd   Navigation &apos;Portable&apos; with Design holder','');
insert into Diagram values('PP31-65_2520','PP31-20090900','65-95','E90N 320xd   BMW USB charger','');
insert into Diagram values('PP31-65_2522','PP31-20090900','65-95','E90N 320xd   Cable adapter, devices with Micro USB','');
insert into Diagram values('PP31-66_0116','PP31-20090900','66-05','E90N 320xd   Ignition lock of remote control','');
insert into Diagram values('PP31-66_0117','PP31-20090900','66-05','E90N 320xd   Park Distance Control (PDC)','');
insert into Diagram values('PP31-66_0229','PP31-20090900','66-05','E90N 320xd   Ultrasonic-sensor','');
insert into Diagram values('PP31-66_0118','PP31-20090900','66-20','E90N 320xd   ACC-Sensor/Dynamic cruise control','');
insert into Diagram values('PP31-66_0123','PP31-20090900','66-95','E90N 320xd   Retrofit kit PDC, rear','');
insert into Diagram values('PP31-66_0124','PP31-20090900','66-95','E90N 320xd   Front PDC upgrade','');
insert into Diagram values('PP31-66_0128','PP31-20090900','66-95','E90N 320xd   Dynamic cruise control retrofit','');
insert into Diagram values('PP31-66_0130','PP31-20090900','66-95','E90N 320xd   Retrofit multi-functional steering wheel','');
insert into Diagram values('PP31-66_0169','PP31-20090900','66-95','E90N 320xd   Dynamic cruise control retrofit','');
insert into Diagram values('PP31-66_0188','PP31-20090900','66-95','E90N 320xd   Park Distance Control universale sonoro','');
insert into Diagram values('PP31-71_0550','PP31-20090900','71-03','E90N 320xd   Various notice stickers','');
insert into Diagram values('PP31-71_0555','PP31-20090900','71-03','E90N 320xd   LABEL "TIRE PRESSURE"','');
insert into Diagram values('PP31-71_0568','PP31-20090900','71-03','E90N 320xd   Instruction notice, Airbag','');
insert into Diagram values('PP31-71_0623','PP31-20090900','71-03','E90N 320xd   Label, coolant','');
insert into Diagram values('PP31-71_0680','PP31-20090900','71-03','E90N 320xd   Labels independent heating','');
insert into Diagram values('PP31-71_0408','PP31-20090900','71-05','E90N 320xd   Warning triangle/First aid kit/-cushion','');
insert into Diagram values('PP31-71_0717','PP31-20090900','71-05','E90N 320xd   Set of lifting jack','');
insert into Diagram values('PP31-71_0497','PP31-20090900','71-07','E90N 320xd   Mobility system','');
insert into Diagram values('PP31-71_0412','PP31-20090900','71-10','E90N 320xd   SINGLE PARTS OF TRAILER HITCH','');
insert into Diagram values('PP31-71_0400','PP31-20090900','71-95','E90N 320xd   Set of lifting jack','');
insert into Diagram values('PP31-71_0414','PP31-20090900','71-95','E90N 320xd   Retrofit kit, towing hitch','');
insert into Diagram values('PP31-71_0434','PP31-20090900','71-95','E90N 320xd   Tire Mobility Set','');
insert into Diagram values('PP31-71_0495','PP31-20090900','71-95','E90N 320xd   Retrofit kit, towing hitch','');
insert into Diagram values('PP31-71_0513','PP31-20090900','71-95','E90N 320xd   Twin electrics, caravan leads','');
insert into Diagram values('PP31-72_0552','PP31-20090900','72-03','E90N 320xd   Airbag passenger and head airbag','');
insert into Diagram values('PP31-72_0521','PP31-20090900','72-05','E90N 320xd   Safety belt front','');
insert into Diagram values('PP31-72_0522','PP31-20090900','72-05','E90N 320xd   FRONT SAFETY BELT MOUNTING PARTS','');
insert into DiagramParts values('PP31-72_0551-72119160125', 'PP31-72_0551', 01, 'UPPER BELT REAR', 'BEIGE', 1, to_date('20080901','YYYYMMDD'), to_date('20090301','YYYYMMDD'), '72119160125', '', '', false);
insert into Diagram values('PP31-72_0551','PP31-20090900','72-05','E90N 320xd   SAFETY BELT REAR','');
insert into Diagram values('PP31-72_0553','PP31-20090900','72-05','E90N 320xd   Support, child seat','');
insert into Diagram values('PP31-72_0461','PP31-20090900','72-95','E90N 320xd   Storage compartment module','');
insert into Diagram values('PP31-72_0462','PP31-20090900','72-95','E90N 320xd   Cup holder-module','');
insert into Diagram values('PP31-72_0591','PP31-20090900','72-95','E90N 320xd   Tow bar','');
insert into Diagram values('PP31-72_0598','PP31-20090900','72-95','E90N 320xd   TOW ROPE','');
insert into Diagram values('PP31-72_0603','PP31-20090900','72-95','E90N 320xd   Fire extinguisher','');
insert into Diagram values('PP31-72_0744','PP31-20090900','72-95','E90N 320xd   Emergency bag','');
insert into Diagram values('PP31-36_0937','PP31-20090900','82-14','E90N 320xd   Snow chains','');
insert into Diagram values('PP31-82_1073','PP31-20090900','82-26','E90N 320xd   Universal coat hanger','');
insert into Diagram values('PP31-82_1261','PP31-20090900','82-26','E90N 320xd   Clean Bag','');
insert into Diagram values('PP31-82_1299','PP31-20090900','82-26','E90N 320xd   Storage pocket, rear passengers','');
insert into Diagram values('PP31-82_1308','PP31-20090900','82-26','E90N 320xd   Shoe case','');
insert into Diagram values('PP31-82_1309','PP31-20090900','82-26','E90N 320xd   Multimedia case','');
insert into Diagram values('PP31-82_1311','PP31-20090900','82-26','E90N 320xd   Driver utility set','');
insert into Diagram values('PP31-82_1181','PP31-20090900','82-31','E90N 320xd   BMW Junior Seat I-II','');
insert into Diagram values('PP31-82_1186','PP31-20090900','82-31','E90N 320xd   BMW Baby Seat 0+','');
insert into Diagram values('PP31-82_1187','PP31-20090900','82-31','E90N 320xd   BMW Junior Seat I-II Isofix','');
insert into Diagram values('PP31-82_1189','PP31-20090900','82-31','E90N 320xd   BMW Baby Seat 0+ Isofix','');
insert into Diagram values('PP31-82_1237','PP31-20090900','82-31','E90N 320xd   Dog harness','');
insert into Diagram values('PP31-82_1276','PP31-20090900','82-31','E90N 320xd   BMW Junior Seat II-III','');
insert into Diagram values('PP31-82_1305','PP31-20090900','82-31','E90N 320xd   BMW Junior Seat III','');
insert into Diagram values('PP31-82_1198','PP31-20090900','82-44','E90N 320xd   Cover','');
insert into Diagram values('PP31-82_1236','PP31-20090900','82-44','E90N 320xd   Mud flaps','');
insert into Diagram values('PP31-82_1251','PP31-20090900','82-44','E90N 320xd   Cover hood windshield/side window','');
insert into Diagram values('PP31-82_0116','PP31-20090900','82-51','E90N 320xd   Universal support','');
insert into Diagram values('PP31-82_0123','PP31-20090900','82-51','E90N 320xd   RACK FOR RACING BICYCLE','');
insert into Diagram values('PP31-82_0125','PP31-20090900','82-51','E90N 320xd   Bicycle lift','');
insert into Diagram values('PP31-82_0283','PP31-20090900','82-51','E90N 320xd   Surfboard rack','');
insert into Diagram values('PP31-82_1157','PP31-20090900','82-51','E90N 320xd   Bicycle carrier, trailer coupling','');
insert into Diagram values('PP31-82_1175','PP31-20090900','82-51','E90N 320xd   Touring bicycle holder','');
insert into Diagram values('PP31-82_1178','PP31-20090900','82-51','E90N 320xd   Roof box','');
insert into Diagram values('PP31-82_1230','PP31-20090900','82-51','E90N 320xd   Rack support','');
insert into Diagram values('PP31-82_1234','PP31-20090900','82-51','E90N 320xd   Roof box','');
insert into Diagram values('PP31-82_1244','PP31-20090900','82-51','E90N 320xd   Racing bike rack','');
insert into Diagram values('PP31-82_1250','PP31-20090900','82-51','E90N 320xd   Roof box','');
insert into Diagram values('PP31-82_1268','PP31-20090900','82-51','E90N 320xd   Ski/snowboard holder','');
insert into Diagram values('PP31-82_1295','PP31-20090900','82-51','E90N 320xd   Roof rack systems','');
insert into Diagram values('PP31-82_1364','PP31-20090900','82-51','E90N 320xd   Bicycle carrier, trailer coupling','');
insert into Diagram values('PP31-82_1460','PP31-20090900','82-51','E90N 320xd   Roof rack systems','');
insert into Diagram values('PP31-82_1476','PP31-20090900','82-51','E90N 320xd   Roof-mounted container 320 LCI','');
insert into Diagram values('PP31-82_1551','PP31-20090900','82-51','E90N 320xd   Bicycle carrier, trailer coupling','');
insert into Diagram values('PP31-82_1567','PP31-20090900','82-51','E90N 320xd   Bicycle carrier, trailer coupling','');
insert into Diagram values('PP31-82_1575','PP31-20090900','82-51','E90N 320xd   Rear bicycle carrier, click-on','');
insert into Diagram values('PP31-82_1579','PP31-20090900','82-51','E90N 320xd   Bicycle carrier, click-on','');
insert into Diagram values('PP31-82_1580','PP31-20090900','82-51','E90N 320xd   Retrofit kit, Click On ECE','');
insert into Diagram values('PP31-82_1589','PP31-20090900','82-51','E90N 320xd   Racing bike rack','');
insert into Diagram values('PP31-82_0102','PP31-20090900','82-81','E90N 320xd   Universal hoist','');
insert into Diagram values('PP31-83_0579','PP31-20090900','83-01','E90N 320xd   Rugzak','');
insert into Diagram values('PP31-84_0767','PP31-20090900','84-10','E90N 320xd   Starter package, cell phone Nokia 6303c','');
insert into Diagram values('PP31-84_0800','PP31-20090900','84-10','E90N 320xd   ASSY COMBOX TELEMATIC ECE','');
insert into Diagram values('PP31-84_0658','PP31-20090900','84-20','E90N 320xd   Single parts, SA 644 center console','');
insert into Diagram values('PP31-84_0670','PP31-20090900','84-20','E90N 320xd   Single parts opt. Option 644/6FL trunk','');
insert into Diagram values('PP31-84_0673','PP31-20090900','84-20','E90N 320xd   Single parts, SA 633, center console','');
insert into Diagram values('PP31-84_0689','PP31-20090900','84-20','E90N 320xd   Single parts SA 633, trunk','');
insert into Diagram values('PP31-84_0758','PP31-20090900','84-20','E90N 320xd   Single parts, option 6NF center console','');
insert into Diagram values('PP31-84_0657','PP31-20090900','84-30','E90N 320xd   Single parts f hands-free facility','');
insert into Diagram values('PP31-84_0763','PP31-20090900','84-30','E90N 320xd   Snap-in adapter, SAP','');
insert into Diagram values('PP31-84_0639','PP31-20090900','84-95','E90N 320xd   Bluetooth SA644 hands-free retrofit kit','');
insert into Diagram values('PP31-84_0730','PP31-20090900','84-95','E90N 320xd   Stolen Vehicle Tracking - TPA','');
insert into Diagram values('PP31-84_0732','PP31-20090900','84-95','E90N 320xd   Upgrade kit hands-free Bluetooth OPT644','');
insert into Diagram values('PP31-84_0741','PP31-20090900','84-95','E90N 320xd   Base hands-free system with Bluetooth','');
insert into Diagram values('PP31-84_0778','PP31-20090900','84-95','E90N 320xd   BMW Bluetooth headset','');
insert into Diagram values('PP31-84_0867','PP31-20090900','84-95','E90N 320xd   BMW Car Hotspot','');
insert into Diagram values('PP31-84_0895','PP31-20090900','84-95','E90N 320xd   BMW station fr Apple iPhone','');
insert into Diagram values('PP31-84_0897','PP31-20090900','84-95','E90N 320xd   Snap-in adapter for Apple devices','');
insert into Diagram values('PP31-84_0904','PP31-20090900','84-95','E90N 320xd   Retrofit kit, voice input','');
insert into Diagram values('PP31-84_0906','PP31-20090900','84-95','E90N 320xd   Snap-in adapter, SONY ERICSSON devices','');
insert into Diagram values('PP31-84_0907','PP31-20090900','84-95','E90N 320xd   Snap-in adapter for NOKIA devices','');
insert into Diagram values('PP31-84_0908','PP31-20090900','84-95','E90N 320xd   Snap-in adapter for SIEMENS devices','');
insert into Diagram values('PP31-84_0909','PP31-20090900','84-95','E90N 320xd   Snap-in adapter for MOTOROLA devices','');
insert into Diagram values('PP31-84_0910','PP31-20090900','84-95','E90N 320xd   Snap-in adapter, BlackBerry/RIM devices','');
insert into Diagram values('PP31-84_0911','PP31-20090900','84-95','E90N 320xd   Field installation of BMW Apps','');
insert into Diagram values('PP31-84_0930','PP31-20090900','84-95','E90N 320xd   Smartphone cradle','');
insert into Diagram values('PP31-84_0931','PP31-20090900','84-95','E90N 320xd   BMW Car Hotspot LTE','');
insert into Diagram values('PP31-84_0933','PP31-20090900','84-95','E90N 320xd   Snap-in adapter for SAMSUNG devices','');
insert into Diagram values('PP31-85_0002','PP31-20090900','85-45','E90N 320xd   Winter tires','');
insert into Diagram values('PP31-85_0051','PP31-20090900','85-45','E90N 320xd   Summer tires','');
insert into Diagram values('PP31-88_0052','PP31-20090900','88-80','E90N 320xd   Emergency bag','');
insert into Diagram values('PP31-88_0064','PP31-20090900','88-80','E90N 320xd   Fluid-change kit, autom. transmission','');
insert into Diagram values('PP31-91_0813','PP31-20090900','91-10','E90N 320xd   Individual shift lever cover','');
insert into Diagram values('PP31-91_0814','PP31-20090900','91-12','E90N 320xd   Individual selector lever boots','');
insert into Diagram values('PP31-91_0815','PP31-20090900','91-15','E90N 320xd   Individual parking brake lever boot','');
insert into DiagramParts values('PP31-91_0763-32307969989', 'PP31-91_0763', 01, 'Sports st.-wheel,leather/wd.ring,multif.', 'ROTBRAUN', 1, to_date('20080901','YYYYMMDD'), to_date('20090901','YYYYMMDD'), '32307969989', '', 'ENDED, See NoS No Stock', false);
insert into DiagramParts values('PP31-91_0763-32307973716', 'PP31-91_0763', 01, 'Sports st.-wheel,leather/wd.ring,multif.', 'ANTHRAZIT', 1, to_date('20080901','YYYYMMDD'), to_date('20090901','YYYYMMDD'), '32307973716', '', 'ENDED, See NoS No Stock', false);
insert into DiagramParts values('PP31-91_0763-32307973720', 'PP31-91_0763', 01, 'Sports st.-wheel,leather/wd.ring,multif.', 'ROTBRAUN', 1, to_date('20080901','YYYYMMDD'), to_date('20090901','YYYYMMDD'), '32307973720', '', 'ENDED, See NoS No Stock', false);
insert into DiagramParts values('PP31-91_0763-32307973714', 'PP31-91_0763', 01, 'Sports st.-wheel,leather/wd.ring,multif.', 'ANTHRAZIT', 1, to_date('20080901','YYYYMMDD'), to_date('20090901','YYYYMMDD'), '32307973714', '', 'ENDED, See NoS No Stock', false);
insert into DiagramParts values('PP31-91_0763-32307973718', 'PP31-91_0763', 01, 'Sports st.-wheel,leather/wd.ring,multif.', 'ROTBRAUN', 1, to_date('20080901','YYYYMMDD'), to_date('20090901','YYYYMMDD'), '32307973718', '', 'ENDED, See NoS No Stock', false);
insert into DiagramParts values('PP31-91_0763-32307962217', 'PP31-91_0763', 02, 'Cover, multi-funct.steering wheel', 'SCHWARZ', 1, to_date('20050901','YYYYMMDD'), to_date('20090301','YYYYMMDD'), '32307962217', '', 'ENDED, See NoS No Stock', false);
insert into DiagramParts values('PP31-91_0763-32307841586', 'PP31-91_0763', 02, 'Cover, multi-funct.steering wheel', 'SCHWARZ', 1, to_date('20050901','YYYYMMDD'), to_date('20101101','YYYYMMDD'), '32307841586', '', 'ENDED, See NoS No Stock', false);
insert into Diagram values('PP31-91_0763','PP31-20090900','91-17','E90N 320xd   Ind.sports st.-wheel,leather w/wdn. ring','');
insert into DiagramParts values('PP31-91_0868-32307962217', 'PP31-91_0868', 02, 'Cover, multi-funct.steering wheel', 'SCHWARZ', 1, to_date('20050901','YYYYMMDD'), to_date('20090301','YYYYMMDD'), '32307962217', '', 'ENDED, See NoS No Stock', false);
insert into DiagramParts values('PP31-91_0868-32307841586', 'PP31-91_0868', 02, 'Cover, multi-funct.steering wheel', 'SCHWARZ', 1, to_date('20050901','YYYYMMDD'), to_date('20101101','YYYYMMDD'), '32307841586', '', 'ENDED, See NoS No Stock', false);
insert into Diagram values('PP31-91_0868','PP31-20090900','91-17','E90N 320xd   Indi. Sport STWH, leather w. leather rim','');
insert into DiagramParts values('PP31-91_1106-32307976951', 'PP31-91_1106', 01, 'Sport st. wheel, lthr, bicolor, multif.', 'INDIVIDUAL', 1, to_date('20090301','YYYYMMDD'), to_date('20100201','YYYYMMDD'), '32307976951', '', 'See NoS No Stock', false);
insert into Diagram values('PP31-91_1106','PP31-20090900','91-17','E90N 320xd   Indi. Sport st. wheel, leather, bicolor','');
insert into Diagram values('PP31-91_0816','PP31-20090900','91-30','E90N 320xd   Individual cup holder, soft paint','');
insert into Diagram values('PP31-91_0818','PP31-20090900','91-30','E90N 320xd   Individual cover RF key insert','');
insert into Diagram values('PP31-91_0819','PP31-20090900','91-30','E90N 320xd   Individual trim, light operating unit','');
insert into Diagram values('PP31-91_0820','PP31-20090900','91-30','E90N 320xd   Individual trim panel, auto, climate','');
insert into Diagram values('PP31-91_0869','PP31-20090900','91-30','E90N 320xd   Individual instrument panel, leather','');
insert into Diagram values('PP31-91_0875','PP31-20090900','91-30','E90N 320xd   Individual folding storage, instr. panel','');
insert into Diagram values('PP31-91_0876','PP31-20090900','91-30','E90N 320xd   Individual glove compartment, leather','');
insert into Diagram values('PP31-91_0930','PP31-20090900','91-30','E90N 320xd   Individual trim cover MASK / CCC','');
insert into Diagram values('PP31-91_0872','PP31-20090900','91-35','E90N 320xd   Individual center console','');
insert into Diagram values('PP31-91_0873','PP31-20090900','91-35','E90N 320xd   Individual armrest, center console','');
insert into Diagram values('PP31-91_0874','PP31-20090900','91-35','E90N 320xd   Individual center console covers, rear','');
insert into Diagram values('PP31-91_1025','PP31-20090900','91-40','E90N 320xd   Individual wood trim covers','');
insert into Diagram values('PP31-91_0824','PP31-20090900','91-45','E90N 320xd   Indiv.front door trim panel,part.leather','');
insert into Diagram values('PP31-91_0826','PP31-20090900','91-45','E90N 320xd   Indi. clip for door handle, inside front','');
insert into Diagram values('PP31-91_0827','PP31-20090900','91-45','E90N 320xd   Indiv. clip for door handle, inside rear','');
insert into Diagram values('PP31-91_0828','PP31-20090900','91-45','E90N 320xd   Indi. door trim, all-leather, front','');
insert into Diagram values('PP31-91_0829','PP31-20090900','91-45','E90N 320xd   Indi. door trim, all-leather, rear','');
insert into Diagram values('PP31-91_0830','PP31-20090900','91-45','E90N 320xd   Indiv. rear door trim panel,part.leather','');
insert into Diagram values('PP31-91_1007','PP31-20090900','91-45','E90N 320xd   Indi. door panel, leathr trim, front, LC','');
insert into Diagram values('PP31-91_1008','PP31-20090900','91-45','E90N 320xd   Indi. door trim, part leather, rear, LC','');
insert into Diagram values('PP31-91_0890','PP31-20090900','91-57','E90N 320xd   Individual floor mats, Leather border','');
insert into Diagram values('PP31-91_0722','PP31-20090900','91-60','E90N 320xd   Indiv.cover, basic seat, front','');
insert into Diagram values('PP31-91_0734','PP31-20090900','91-60','E90N 320xd   Individual sports seat cover, front','');
insert into Diagram values('PP31-91_0736','PP31-20090900','91-60','E90N 320xd   Individ. rear panel Basic /Sports seat','');
insert into Diagram values('PP31-91_0998','PP31-20090900','91-60','E90N 320xd   Individual uphols, base seat, front, LC','');
insert into Diagram values('PP31-91_0999','PP31-20090900','91-60','E90N 320xd   Individual cover, Sport seat, front LC','');
insert into Diagram values('PP31-91_0737','PP31-20090900','91-65','E90N 320xd   Indiv.cover basic seat, rear','');
insert into Diagram values('PP31-91_0738','PP31-20090900','91-65','E90N 320xd   Individual sports seat cover, rear','');
insert into Diagram values('PP31-91_0739','PP31-20090900','91-65','E90N 320xd   Ind.through-loading sys. rear basic seat','');
insert into Diagram values('PP31-91_0740','PP31-20090900','91-65','E90N 320xd   Individual Loadthrough Sport seat, rear','');
insert into Diagram values('PP31-91_1000','PP31-20090900','91-65','E90N 320xd   Indiv. cover for seat, rear, LC','');
insert into Diagram values('PP31-91_1001','PP31-20090900','91-65','E90N 320xd   Indiv. load-through for seat, rear, LC','');
insert into Diagram values('PP31-91_0987','PP31-20090900','91-70','E90N 320xd   Indi. head restraint CAK base seat front','');
insert into Diagram values('PP31-91_0988','PP31-20090900','91-70','E90N 320xd   Indi. hd. restraint CAK Sport seat front','');
insert into Diagram values('PP31-91_1002','PP31-20090900','91-70','E90N 320xd   Individual head restraint CAK front, LC','');
insert into Diagram values('PP31-91_0752','PP31-20090900','91-75','E90N 320xd   Indv. headrest, basic seat, rear','');
insert into Diagram values('PP31-91_0753','PP31-20090900','91-75','E90N 320xd   Ind. headrest, sports seat, rear','');
insert into Diagram values('PP31-91_0754','PP31-20090900','91-75','E90N 320xd   Indi. folding headrest, base kit, rear','');
insert into Diagram values('PP31-91_0755','PP31-20090900','91-75','E90N 320xd   Indi. folding headrest, Sport seat, rear','');
insert into Diagram values('PP31-91_0756','PP31-20090900','91-75','E90N 320xd   Individual folding headrests,center rear','');
insert into Diagram values('PP31-91_1004','PP31-20090900','91-75','E90N 320xd   Indi. fold headrest, rear, center, LC','');
insert into Diagram values('PP31-91_1005','PP31-20090900','91-75','E90N 320xd   Indi. headrest, rear lateral, LC','');
insert into Diagram values('PP31-91_1006','PP31-20090900','91-75','E90N 320xd   Indi. fold headrest, rear side LC','');
insert into Diagram values('PP31-91_0741','PP31-20090900','91-80','E90N 320xd   Individual armrest, rear','');
insert into ProdCodeDate values('PP31-20090900','PP31',to_date('20090901','YYYYMMDD'));
insert into ProdCodeDate values('PP71-20091000','PP71',to_date('20091001','YYYYMMDD'));
insert into ProdCodeDate values('PP71-20091000','PP71',to_date('20091001','YYYYMMDD'));
insert into ProdCodeDate values('PP31-20091000','PP31',to_date('20091001','YYYYMMDD'));
insert into ProdCodeDate values('PP31-20091000','PP31',to_date('20091001','YYYYMMDD'));
insert into ProdCodeDate values('PP71-20091100','PP71',to_date('20091101','YYYYMMDD'));
insert into ProdCodeDate values('PP71-20091100','PP71',to_date('20091101','YYYYMMDD'));
insert into ProdCodeDate values('PP71-20091200','PP71',to_date('20091201','YYYYMMDD'));
insert into ProdCodeDate values('PP71-20091200','PP71',to_date('20091201','YYYYMMDD'));
insert into ProdCodeDate values('PP31-20091200','PP31',to_date('20091201','YYYYMMDD'));
insert into ProdCodeDate values('PP31-20091200','PP31',to_date('20091201','YYYYMMDD'));
insert into ProdCodeDate values('PP71-20100100','PP71',to_date('20100101','YYYYMMDD'));
insert into ProdCodeDate values('PP71-20100100','PP71',to_date('20100101','YYYYMMDD'));
insert into ProdCodeDate values('PP71-20100200','PP71',to_date('20100201','YYYYMMDD'));
insert into ProdCodeDate values('PP71-20100200','PP71',to_date('20100201','YYYYMMDD'));
insert into ProdCodeDate values('PP31-20100200','PP31',to_date('20100201','YYYYMMDD'));
insert into ProdCodeDate values('PP31-20100200','PP31',to_date('20100201','YYYYMMDD'));
insert into ProdCodeDate values('PP31-20100300','PP31',to_date('20100301','YYYYMMDD'));
insert into ProdCodeDate values('PP31-20100300','PP31',to_date('20100301','YYYYMMDD'));
insert into ProdCodeDate values('PP31-20100400','PP31',to_date('20100401','YYYYMMDD'));
insert into ProdCodeDate values('PP31-20100400','PP31',to_date('20100401','YYYYMMDD'));
insert into ProdCodeDate values('PP31-20100500','PP31',to_date('20100501','YYYYMMDD'));
insert into ProdCodeDate values('PP31-20100500','PP31',to_date('20100501','YYYYMMDD'));
insert into ProdCodeDate values('PP31-20100600','PP31',to_date('20100601','YYYYMMDD'));
insert into ProdCodeDate values('PP31-20100600','PP31',to_date('20100601','YYYYMMDD'));
insert into ProdCodeDate values('PP31-20100700','PP31',to_date('20100701','YYYYMMDD'));
insert into ProdCodeDate values('PP31-20100700','PP31',to_date('20100701','YYYYMMDD'));
insert into ProdCodeDate values('PP31-20100800','PP31',to_date('20100801','YYYYMMDD'));
insert into ProdCodeDate values('PP31-20100800','PP31',to_date('20100801','YYYYMMDD'));
insert into ProdCodeDate values('PP31-20100900','PP31',to_date('20100901','YYYYMMDD'));
insert into ProdCodeDate values('PP31-20100900','PP31',to_date('20100901','YYYYMMDD'));
insert into ProdCodeDate values('PP31-20101000','PP31',to_date('20101001','YYYYMMDD'));
insert into ProdCodeDate values('PP31-20101000','PP31',to_date('20101001','YYYYMMDD'));
insert into ProdCodeDate values('PP31-20101100','PP31',to_date('20101101','YYYYMMDD'));
insert into ProdCodeDate values('PP31-20101100','PP31',to_date('20101101','YYYYMMDD'));
insert into ProdCodeDate values('PP31-20101200','PP31',to_date('20101201','YYYYMMDD'));
insert into ProdCodeDate values('PP31-20101200','PP31',to_date('20101201','YYYYMMDD'));
insert into ProdCodeDate values('PP31-20110100','PP31',to_date('20110101','YYYYMMDD'));
insert into ProdCodeDate values('PP31-20110100','PP31',to_date('20110101','YYYYMMDD'));
insert into ProdCodeDate values('PP31-20110200','PP31',to_date('20110201','YYYYMMDD'));
insert into ProdCodeDate values('PP31-20110200','PP31',to_date('20110201','YYYYMMDD'));
insert into ProdCodeDate values('PP31-20110300','PP31',to_date('20110301','YYYYMMDD'));
insert into ProdCodeDate values('PP31-20110300','PP31',to_date('20110301','YYYYMMDD'));
insert into ProdCodeDate values('PP31-20110400','PP31',to_date('20110401','YYYYMMDD'));
insert into ProdCodeDate values('PP31-20110400','PP31',to_date('20110401','YYYYMMDD'));
insert into ProdCodeDate values('PP31-20110500','PP31',to_date('20110501','YYYYMMDD'));
insert into ProdCodeDate values('PP31-20110500','PP31',to_date('20110501','YYYYMMDD'));
insert into ProdCodeDate values('PP31-20110600','PP31',to_date('20110601','YYYYMMDD'));
insert into ProdCodeDate values('PP31-20110600','PP31',to_date('20110601','YYYYMMDD'));
insert into ProdCodeDate values('PP31-20110700','PP31',to_date('20110701','YYYYMMDD'));
insert into ProdCodeDate values('PP31-20110700','PP31',to_date('20110701','YYYYMMDD'));
insert into ProdCodeDate values('PP31-20110800','PP31',to_date('20110801','YYYYMMDD'));
insert into ProdCodeDate values('PP31-20110800','PP31',to_date('20110801','YYYYMMDD'));
insert into ProdCodeDate values('PP31-20110900','PP31',to_date('20110901','YYYYMMDD'));
insert into ProdCodeDate values('PP31-20110900','PP31',to_date('20110901','YYYYMMDD'));
insert into ProdCodeDate values('PP31-20111000','PP31',to_date('20111001','YYYYMMDD'));
insert into ProdCodeDate values('PP31-20111000','PP31',to_date('20111001','YYYYMMDD'));
insert into Model values('330i','E90N','Lim','330i','ECE');
insert into ProdCode values('PM32','330i','Lim','E90N','ECE','N52N','L','07/2007 E90N 330i Sedan N52N Europe Right hand drive ');
insert into ProdCodeDate values('PM32-20070700','PM32',to_date('20070701','YYYYMMDD'));
insert into DiagramParts values('PM32-01_0656-01492604891', 'PM32-01_0656', 01, 'Supplement to owner&apos;s manual, police', 'DE/EN, E90/E91', 1, to_date('20100301','YYYYMMDD'), to_date('20100901','YYYYMMDD'), '01492604891', '', '', false);
insert into DiagramParts values('PM32-01_0656-01402609937', 'PM32-01_0656', 01, 'Supplement to owner&apos;s manual, police', 'E90/E91, DE/EN', 1, to_date('20100901','YYYYMMDD'), to_date('20110901','YYYYMMDD'), '01402609937', '', '', false);
insert into Diagram values('PM32-01_0656','PM32-20070700','01-05','E90N 330i   Supplement to owner&apos;s manual, police','');
insert into DiagramParts values('PM32-01_0657-01492604892', 'PM32-01_0657', 01, 'Suppl. Owner&apos;s Manual officials utility', 'DE/EN, E90/E91', 1, to_date('20100301','YYYYMMDD'), to_date('20100901','YYYYMMDD'), '01492604892', '', '', false);
insert into Diagram values('PM32-01_0657','PM32-20070700','01-05','E90N 330i   Suppl. Owner&apos;s Manual officials utility','');
insert into DiagramParts values('PM32-01_0691-01402601792', 'PM32-01_0691', 01, 'Owner&apos;s manual E90, E91 w/o iDrive', 'DE, MJ 2009', 1, to_date('20090301','YYYYMMDD'), to_date('20090901','YYYYMMDD'), '01402601792', '', '', false);
insert into DiagramParts values('PM32-01_0691-01402602960', 'PM32-01_0691', 01, 'Owner&apos;s manual E90, E91 w/o iDrive', 'DE, MJ 2010', 1, to_date('20090901','YYYYMMDD'), to_date('20100301','YYYYMMDD'), '01402602960', '', '', false);
insert into DiagramParts values('PM32-01_0691-01402604233', 'PM32-01_0691', 01, 'Owner&apos;s manual E90, E91 w/o iDrive', 'DE, MJ 2010', 1, to_date('20100301','YYYYMMDD'), to_date('20100901','YYYYMMDD'), '01402604233', '', '', false);
insert into DiagramParts values('PM32-01_0691-01402605465', 'PM32-01_0691', 01, 'Owner&apos;s manual E90, E91 w/o iDrive', 'DE, MJ 2011', 1, to_date('20100901','YYYYMMDD'), to_date('20110301','YYYYMMDD'), '01402605465', '', '', false);
insert into DiagramParts values('PM32-01_0691-01402606907', 'PM32-01_0691', 01, 'Owner&apos;s manual E90, E91 w/o iDrive', 'DE, MJ 2011', 1, to_date('20110301','YYYYMMDD'), to_date('20110901','YYYYMMDD'), '01402606907', '', '', false);
insert into DiagramParts values('PM32-01_0691-01412600871', 'PM32-01_0691', 02, 'Owner&apos;s manual E90, E91 w/o iDrive', 'EN, MJ 2009', 1, to_date('20080901','YYYYMMDD'), to_date('20090301','YYYYMMDD'), '01412600871', '', '', false);
insert into DiagramParts values('PM32-01_0691-01412601793', 'PM32-01_0691', 02, 'Owner&apos;s manual E90, E91 w/o iDrive', 'EN, MJ 2009', 1, to_date('20090301','YYYYMMDD'), to_date('20090901','YYYYMMDD'), '01412601793', '', '', false);
insert into DiagramParts values('PM32-01_0691-01412602961', 'PM32-01_0691', 02, 'Owner&apos;s manual E90, E91 w/o iDrive', 'EN, MJ 2010', 1, to_date('20090901','YYYYMMDD'), to_date('20100301','YYYYMMDD'), '01412602961', '', '', false);
insert into DiagramParts values('PM32-01_0691-01412604234', 'PM32-01_0691', 02, 'Owner&apos;s manual E90, E91 w/o iDrive', 'EN, MJ 2010', 1, to_date('20100301','YYYYMMDD'), to_date('20100901','YYYYMMDD'), '01412604234', '', '', false);
insert into DiagramParts values('PM32-01_0691-01402605466', 'PM32-01_0691', 02, 'Owner&apos;s manual E90, E91 w/o iDrive', 'EN, MJ 2011', 1, to_date('20100901','YYYYMMDD'), to_date('20110301','YYYYMMDD'), '01402605466', '', '', false);
insert into DiagramParts values('PM32-01_0691-01402606908', 'PM32-01_0691', 02, 'Owner&apos;s manual E90, E91 w/o iDrive', 'EN, MJ 2011', 1, to_date('20110301','YYYYMMDD'), to_date('20110901','YYYYMMDD'), '01402606908', '', '', false);
insert into DiagramParts values('PM32-01_0691-01422600872', 'PM32-01_0691', 03, 'Owner&apos;s manual E90, E91 w/o iDrive', 'FR, MJ 2009', 1, to_date('20080901','YYYYMMDD'), to_date('20090301','YYYYMMDD'), '01422600872', '', '', false);
insert into DiagramParts values('PM32-01_0691-01422601794', 'PM32-01_0691', 03, 'Owner&apos;s manual E90, E91 w/o iDrive', 'FR, MJ2009', 1, to_date('20090301','YYYYMMDD'), to_date('20090901','YYYYMMDD'), '01422601794', '', '', false);
insert into DiagramParts values('PM32-01_0691-01422602962', 'PM32-01_0691', 03, 'Owner&apos;s manual E90, E91 w/o iDrive', 'FR, MJ 2010', 1, to_date('20090901','YYYYMMDD'), to_date('20100301','YYYYMMDD'), '01422602962', '', '', false);
insert into DiagramParts values('PM32-01_0691-01422604235', 'PM32-01_0691', 03, 'Owner&apos;s manual E90, E91 w/o iDrive', 'FR, MJ 2010', 1, to_date('20100301','YYYYMMDD'), to_date('20100901','YYYYMMDD'), '01422604235', '', '', false);
insert into DiagramParts values('PM32-01_0691-01402605467', 'PM32-01_0691', 03, 'Owner&apos;s manual E90, E91 w/o iDrive', 'FR, MJ 2011', 1, to_date('20100901','YYYYMMDD'), to_date('20110301','YYYYMMDD'), '01402605467', '', '', false);
insert into DiagramParts values('PM32-01_0691-01402606909', 'PM32-01_0691', 03, 'Owner&apos;s manual E90, E91 w/o iDrive', 'FR, MJ 2011', 1, to_date('20110301','YYYYMMDD'), to_date('20110901','YYYYMMDD'), '01402606909', '', '', false);
insert into DiagramParts values('PM32-01_0691-01432600873', 'PM32-01_0691', 04, 'Owner&apos;s manual E90, E91 w/o iDrive', 'ES, MJ 2009', 1, to_date('20080901','YYYYMMDD'), to_date('20090301','YYYYMMDD'), '01432600873', '', '', false);
insert into DiagramParts values('PM32-01_0691-01432601795', 'PM32-01_0691', 04, 'Owner&apos;s manual E90, E91 w/o iDrive', 'ES, MJ 2009', 1, to_date('20090301','YYYYMMDD'), to_date('20090901','YYYYMMDD'), '01432601795', '', '', false);
insert into DiagramParts values('PM32-01_0691-01432602963', 'PM32-01_0691', 04, 'Owner&apos;s manual E90, E91 w/o iDrive', 'ES, MJ 2010', 1, to_date('20090901','YYYYMMDD'), to_date('20100301','YYYYMMDD'), '01432602963', '', '', false);
insert into DiagramParts values('PM32-01_0691-01432604236', 'PM32-01_0691', 04, 'Owner&apos;s manual E90, E91 w/o iDrive', 'ES, MJ 2010', 1, to_date('20100301','YYYYMMDD'), to_date('20100901','YYYYMMDD'), '01432604236', '', '', false);
insert into DiagramParts values('PM32-01_0691-01402605468', 'PM32-01_0691', 04, 'Owner&apos;s manual E90, E91 w/o iDrive', 'ES, MJ 2011', 1, to_date('20100901','YYYYMMDD'), to_date('20110301','YYYYMMDD'), '01402605468', '', '', false);
insert into DiagramParts values('PM32-01_0691-01402606910', 'PM32-01_0691', 04, 'Owner&apos;s manual E90, E91 w/o iDrive', 'ES, MJ 2011', 1, to_date('20110301','YYYYMMDD'), to_date('20110901','YYYYMMDD'), '01402606910', '', '', false);
insert into DiagramParts values('PM32-01_0691-01442600874', 'PM32-01_0691', 05, 'Owner&apos;s manual E90, E91 w/o iDrive', 'IT, MJ 2009', 1, to_date('20080901','YYYYMMDD'), to_date('20090301','YYYYMMDD'), '01442600874', '', '', false);
insert into DiagramParts values('PM32-01_0691-01442601796', 'PM32-01_0691', 05, 'Owner&apos;s manual E90, E91 w/o iDrive', 'IT, MJ 2009', 1, to_date('20090301','YYYYMMDD'), to_date('20090901','YYYYMMDD'), '01442601796', '', '', false);
insert into DiagramParts values('PM32-01_0691-01442602964', 'PM32-01_0691', 05, 'Owner&apos;s manual E90, E91 w/o iDrive', 'IT, MJ 2010', 1, to_date('20090901','YYYYMMDD'), to_date('20100301','YYYYMMDD'), '01442602964', '', '', false);
insert into DiagramParts values('PM32-01_0691-01442604237', 'PM32-01_0691', 05, 'Owner&apos;s manual E90, E91 w/o iDrive', 'IT, MJ 2010', 1, to_date('20100301','YYYYMMDD'), to_date('20100901','YYYYMMDD'), '01442604237', '', '', false);
insert into DiagramParts values('PM32-01_0691-01402605469', 'PM32-01_0691', 05, 'Owner&apos;s manual E90, E91 w/o iDrive', 'IT, MJ 2011', 1, to_date('20100901','YYYYMMDD'), to_date('20110301','YYYYMMDD'), '01402605469', '', '', false);
insert into DiagramParts values('PM32-01_0691-01402606911', 'PM32-01_0691', 05, 'Owner&apos;s manual E90, E91 w/o iDrive', 'IT, MJ 2011', 1, to_date('20110301','YYYYMMDD'), to_date('20110901','YYYYMMDD'), '01402606911', '', '', false);
insert into DiagramParts values('PM32-01_0691-01452600875', 'PM32-01_0691', 06, 'Owner&apos;s manual E90, E91 w/o iDrive', 'SV, MJ 2009', 1, to_date('20080901','YYYYMMDD'), to_date('20090301','YYYYMMDD'), '01452600875', '', '', false);
insert into DiagramParts values('PM32-01_0691-01452601797', 'PM32-01_0691', 06, 'Owner&apos;s manual E90, E91 w/o iDrive', 'SV, MJ 2009', 1, to_date('20090301','YYYYMMDD'), to_date('20090901','YYYYMMDD'), '01452601797', '', '', false);
insert into DiagramParts values('PM32-01_0691-01452602965', 'PM32-01_0691', 06, 'Owner&apos;s manual E90, E91 w/o iDrive', 'SV, MJ 2010', 1, to_date('20090901','YYYYMMDD'), to_date('20100301','YYYYMMDD'), '01452602965', '', '', false);
insert into DiagramParts values('PM32-01_0691-01452604238', 'PM32-01_0691', 06, 'Owner&apos;s manual E90, E91 w/o iDrive', 'SV, MJ 2010', 1, to_date('20100301','YYYYMMDD'), to_date('20100901','YYYYMMDD'), '01452604238', '', '', false);
insert into DiagramParts values('PM32-01_0691-01402605470', 'PM32-01_0691', 06, 'Owner&apos;s manual E90, E91 w/o iDrive', 'SV, MJ 2011', 1, to_date('20100901','YYYYMMDD'), to_date('20110301','YYYYMMDD'), '01402605470', '', '', false);
insert into DiagramParts values('PM32-01_0691-01402606912', 'PM32-01_0691', 06, 'Owner&apos;s manual E90, E91 w/o iDrive', 'SV, MJ 2011', 1, to_date('20110301','YYYYMMDD'), to_date('20110901','YYYYMMDD'), '01402606912', '', '', false);
insert into DiagramParts values('PM32-01_0691-01462600876', 'PM32-01_0691', 07, 'Owner&apos;s manual E90, E91 w/o iDrive', 'NL, MJ 2009', 1, to_date('20080901','YYYYMMDD'), to_date('20090301','YYYYMMDD'), '01462600876', '', '', false);
insert into DiagramParts values('PM32-01_0691-01462601798', 'PM32-01_0691', 07, 'Owner&apos;s manual E90, E91 w/o iDrive', 'NL, MJ 2009', 1, to_date('20090301','YYYYMMDD'), to_date('20090901','YYYYMMDD'), '01462601798', '', '', false);
insert into DiagramParts values('PM32-01_0691-01462602966', 'PM32-01_0691', 07, 'Owner&apos;s manual E90, E91 w/o iDrive', 'NL, MJ 2010', 1, to_date('20090901','YYYYMMDD'), to_date('20100301','YYYYMMDD'), '01462602966', '', '', false);
insert into DiagramParts values('PM32-01_0691-01462604239', 'PM32-01_0691', 07, 'Owner&apos;s manual E90, E91 w/o iDrive', 'NL, MJ 2010', 1, to_date('20100301','YYYYMMDD'), to_date('20100901','YYYYMMDD'), '01462604239', '', '', false);
insert into DiagramParts values('PM32-01_0691-01402605471', 'PM32-01_0691', 07, 'Owner&apos;s manual E90, E91 w/o iDrive', 'NL, MJ 2011', 1, to_date('20100901','YYYYMMDD'), to_date('20110301','YYYYMMDD'), '01402605471', '', '', false);
insert into DiagramParts values('PM32-01_0691-01402606913', 'PM32-01_0691', 07, 'Owner&apos;s manual E90, E91 w/o iDrive', 'NL, MJ 2011', 1, to_date('20110301','YYYYMMDD'), to_date('20110901','YYYYMMDD'), '01402606913', '', '', false);
insert into DiagramParts values('PM32-01_0691-01472600877', 'PM32-01_0691', 08, 'Owner&apos;s manual E90, E91 w/o iDrive', 'AR, MJ 2009', 1, to_date('20080901','YYYYMMDD'), to_date('20090301','YYYYMMDD'), '01472600877', '', '', false);
insert into DiagramParts values('PM32-01_0691-01472601799', 'PM32-01_0691', 08, 'Owner&apos;s manual E90, E91 w/o iDrive', 'AR, MJ 2009', 1, to_date('20090301','YYYYMMDD'), to_date('20090901','YYYYMMDD'), '01472601799', '', '', false);
insert into DiagramParts values('PM32-01_0691-01472602967', 'PM32-01_0691', 08, 'Owner&apos;s manual E90, E91 w/o iDrive', 'AR, MJ 2010', 1, to_date('20090901','YYYYMMDD'), to_date('20100301','YYYYMMDD'), '01472602967', '', '', false);
insert into DiagramParts values('PM32-01_0691-01472604240', 'PM32-01_0691', 08, 'Owner&apos;s manual E90, E91 w/o iDrive', 'AR, MJ 2010', 1, to_date('20100301','YYYYMMDD'), to_date('20100901','YYYYMMDD'), '01472604240', '', '', false);
insert into DiagramParts values('PM32-01_0691-01402605472', 'PM32-01_0691', 08, 'Owner&apos;s manual E90, E91 w/o iDrive', 'AR, MJ 2011', 1, to_date('20100901','YYYYMMDD'), to_date('20110301','YYYYMMDD'), '01402605472', '', '', false);
insert into DiagramParts values('PM32-01_0691-01402606914', 'PM32-01_0691', 08, 'Owner&apos;s manual E90, E91 w/o iDrive', 'AR, MJ 2011', 1, to_date('20110301','YYYYMMDD'), to_date('20110901','YYYYMMDD'), '01402606914', '', '', false);
insert into DiagramParts values('PM32-01_0691-01482600878', 'PM32-01_0691', 09, 'Owner&apos;s manual E90, E91 w/o iDrive', 'DA, MJ 2009', 1, to_date('20080901','YYYYMMDD'), to_date('20090301','YYYYMMDD'), '01482600878', '', '', false);
insert into DiagramParts values('PM32-01_0691-01482601800', 'PM32-01_0691', 09, 'Owner&apos;s manual E90, E91 w/o iDrive', 'DA, MJ 2009', 1, to_date('20090301','YYYYMMDD'), to_date('20090901','YYYYMMDD'), '01482601800', '', '', false);
insert into DiagramParts values('PM32-01_0691-01482602968', 'PM32-01_0691', 09, 'Owner&apos;s manual E90, E91 w/o iDrive', 'DA, MJ 2010', 1, to_date('20090901','YYYYMMDD'), to_date('20100301','YYYYMMDD'), '01482602968', '', '', false);
insert into DiagramParts values('PM32-01_0691-01482604241', 'PM32-01_0691', 09, 'Owner&apos;s manual E90, E91 w/o iDrive', 'DA, MJ 2010', 1, to_date('20100301','YYYYMMDD'), to_date('20100901','YYYYMMDD'), '01482604241', '', '', false);
insert into DiagramParts values('PM32-01_0691-01402605473', 'PM32-01_0691', 09, 'Owner&apos;s manual E90, E91 w/o iDrive', 'DA, MJ 2011', 1, to_date('20100901','YYYYMMDD'), to_date('20110301','YYYYMMDD'), '01402605473', '', '', false);
insert into DiagramParts values('PM32-01_0691-01402606915', 'PM32-01_0691', 09, 'Owner&apos;s manual E90, E91 w/o iDrive', 'DA, MJ 2011', 1, to_date('20110301','YYYYMMDD'), to_date('20110901','YYYYMMDD'), '01402606915', '', '', false);
insert into DiagramParts values('PM32-01_0691-01492600879', 'PM32-01_0691', 10, 'Owner&apos;s manual E90, E91 w/o iDrive', 'PT, MJ 2009', 1, to_date('20080901','YYYYMMDD'), to_date('20090301','YYYYMMDD'), '01492600879', '', '', false);
insert into DiagramParts values('PM32-01_0691-01492601801', 'PM32-01_0691', 10, 'Owner&apos;s manual E90, E91 w/o iDrive', 'PT, MJ 2009', 1, to_date('20090301','YYYYMMDD'), to_date('20090901','YYYYMMDD'), '01492601801', '', '', false);
insert into DiagramParts values('PM32-01_0691-01492602969', 'PM32-01_0691', 10, 'Owner&apos;s manual E90, E91 w/o iDrive', 'PT, MJ 2010', 1, to_date('20090901','YYYYMMDD'), to_date('20100301','YYYYMMDD'), '01492602969', '', '', false);
insert into DiagramParts values('PM32-01_0691-01492604242', 'PM32-01_0691', 10, 'Owner&apos;s manual E90, E91 w/o iDrive', 'PT, MJ 2010', 1, to_date('20100301','YYYYMMDD'), to_date('20100901','YYYYMMDD'), '01492604242', '', '', false);
insert into DiagramParts values('PM32-01_0691-01402605474', 'PM32-01_0691', 10, 'Owner&apos;s manual E90, E91 w/o iDrive', 'PT, MJ 2011', 1, to_date('20100901','YYYYMMDD'), to_date('20110301','YYYYMMDD'), '01402605474', '', '', false);
insert into DiagramParts values('PM32-01_0691-01402606916', 'PM32-01_0691', 10, 'Owner&apos;s manual E90, E91 w/o iDrive', 'PT, MJ 2011', 1, to_date('20110301','YYYYMMDD'), to_date('20110901','YYYYMMDD'), '01402606916', '', '', false);
insert into DiagramParts values('PM32-01_0691-01492600881', 'PM32-01_0691', 13, 'Owner&apos;s manual E90, E91 w/o iDrive', 'EL, MJ 2009', 1, to_date('20080901','YYYYMMDD'), to_date('20090301','YYYYMMDD'), '01492600881', '', '', false);
insert into DiagramParts values('PM32-01_0691-01492601803', 'PM32-01_0691', 13, 'Owner&apos;s manual E90, E91 w/o iDrive', 'EL, MJ 2009', 1, to_date('20090301','YYYYMMDD'), to_date('20090901','YYYYMMDD'), '01492601803', '', '', false);
insert into DiagramParts values('PM32-01_0691-01492602971', 'PM32-01_0691', 13, 'Owner&apos;s manual E90, E91 w/o iDrive', 'EL, MJ 2010', 1, to_date('20090901','YYYYMMDD'), to_date('20100301','YYYYMMDD'), '01492602971', '', '', false);
insert into DiagramParts values('PM32-01_0691-01492604244', 'PM32-01_0691', 13, 'Owner&apos;s manual E90, E91 w/o iDrive', 'EL, MJ 2010', 1, to_date('20100301','YYYYMMDD'), to_date('20100901','YYYYMMDD'), '01492604244', '', '', false);
insert into DiagramParts values('PM32-01_0691-01402605476', 'PM32-01_0691', 13, 'Owner&apos;s manual E90, E91 w/o iDrive', 'EL, MJ 2011', 1, to_date('20100901','YYYYMMDD'), to_date('20110301','YYYYMMDD'), '01402605476', '', '', false);
insert into DiagramParts values('PM32-01_0691-01402606918', 'PM32-01_0691', 13, 'Owner&apos;s manual E90, E91 w/o iDrive', 'EL, MJ 2011', 1, to_date('20110301','YYYYMMDD'), to_date('20110901','YYYYMMDD'), '01402606918', '', '', false);
insert into DiagramParts values('PM32-01_0691-01492600880', 'PM32-01_0691', 14, 'Owner&apos;s manual E90, E91 w/o iDrive', 'ZH, MJ 2009', 1, to_date('20080901','YYYYMMDD'), to_date('20090301','YYYYMMDD'), '01492600880', '', '', false);
insert into DiagramParts values('PM32-01_0691-01492601802', 'PM32-01_0691', 14, 'Owner&apos;s manual E90, E91 w/o iDrive', 'ZH, MJ 2009', 1, to_date('20090301','YYYYMMDD'), to_date('20090901','YYYYMMDD'), '01492601802', '', '', false);
insert into DiagramParts values('PM32-01_0691-01492602970', 'PM32-01_0691', 14, 'Owner&apos;s manual E90, E91 w/o iDrive', 'ZH, MJ 2010', 1, to_date('20090901','YYYYMMDD'), to_date('20100301','YYYYMMDD'), '01492602970', '', '', false);
insert into DiagramParts values('PM32-01_0691-01492604243', 'PM32-01_0691', 14, 'Owner&apos;s manual E90, E91 w/o iDrive', 'ZH, MJ 2010', 1, to_date('20100301','YYYYMMDD'), to_date('20100901','YYYYMMDD'), '01492604243', '', '', false);
insert into DiagramParts values('PM32-01_0691-01402605475', 'PM32-01_0691', 14, 'Owner&apos;s manual E90, E91 w/o iDrive', 'ZH, MJ 2011', 1, to_date('20100901','YYYYMMDD'), to_date('20110301','YYYYMMDD'), '01402605475', '', '', false);
insert into DiagramParts values('PM32-01_0691-01402606917', 'PM32-01_0691', 14, 'Owner&apos;s manual E90, E91 w/o iDrive', 'ZH, MJ 2011', 1, to_date('20110301','YYYYMMDD'), to_date('20110901','YYYYMMDD'), '01402606917', '', '', false);
insert into DiagramParts values('PM32-01_0691-01492600882', 'PM32-01_0691', 15, 'Owner&apos;s manual E90, E91 w/o iDrive', 'KO, MJ 2009', 1, to_date('20080901','YYYYMMDD'), to_date('20090301','YYYYMMDD'), '01492600882', '', '', false);
insert into DiagramParts values('PM32-01_0691-01492601804', 'PM32-01_0691', 15, 'Owner&apos;s manual E90, E91 w/o iDrive', 'KO, MJ 2009', 1, to_date('20090301','YYYYMMDD'), to_date('20090901','YYYYMMDD'), '01492601804', '', '', false);
insert into DiagramParts values('PM32-01_0691-01492602972', 'PM32-01_0691', 15, 'Owner&apos;s manual E90, E91 w/o iDrive', 'KO, MJ 2010', 1, to_date('20090901','YYYYMMDD'), to_date('20100301','YYYYMMDD'), '01492602972', '', '', false);
insert into DiagramParts values('PM32-01_0691-01492604245', 'PM32-01_0691', 15, 'Owner&apos;s manual E90, E91 w/o iDrive', 'KO, MJ 2010', 1, to_date('20100301','YYYYMMDD'), to_date('20100901','YYYYMMDD'), '01492604245', '', '', false);
insert into DiagramParts values('PM32-01_0691-01402605477', 'PM32-01_0691', 15, 'Owner&apos;s manual E90, E91 w/o iDrive', 'KO, MJ 2011', 1, to_date('20100901','YYYYMMDD'), to_date('20110301','YYYYMMDD'), '01402605477', '', '', false);
insert into DiagramParts values('PM32-01_0691-01402606919', 'PM32-01_0691', 15, 'Owner&apos;s manual E90, E91 w/o iDrive', 'KO, MJ 2011', 1, to_date('20110301','YYYYMMDD'), to_date('20110901','YYYYMMDD'), '01402606919', '', '', false);
insert into DiagramParts values('PM32-01_0691-01492600884', 'PM32-01_0691', 16, 'Owner&apos;s manual E90, E91 w/o iDrive', 'RO, MJ 2009', 1, to_date('20080901','YYYYMMDD'), to_date('20090301','YYYYMMDD'), '01492600884', '', '', false);
insert into DiagramParts values('PM32-01_0691-01492601806', 'PM32-01_0691', 16, 'Owner&apos;s manual E90, E91 w/o iDrive', 'RO, MJ 2009', 1, to_date('20090301','YYYYMMDD'), to_date('20090901','YYYYMMDD'), '01492601806', '', '', false);
insert into DiagramParts values('PM32-01_0691-01492602974', 'PM32-01_0691', 16, 'Owner&apos;s manual E90, E91 w/o iDrive', 'RO, MJ 2010', 1, to_date('20090901','YYYYMMDD'), to_date('20100301','YYYYMMDD'), '01492602974', '', '', false);
insert into DiagramParts values('PM32-01_0691-01492604247', 'PM32-01_0691', 16, 'Owner&apos;s manual E90, E91 w/o iDrive', 'RO, MJ 2010', 1, to_date('20100301','YYYYMMDD'), to_date('20100901','YYYYMMDD'), '01492604247', '', '', false);
insert into DiagramParts values('PM32-01_0691-01402605479', 'PM32-01_0691', 16, 'Owner&apos;s manual E90, E91 w/o iDrive', 'RO, MJ 2011', 1, to_date('20100901','YYYYMMDD'), to_date('20110301','YYYYMMDD'), '01402605479', '', '', false);
insert into DiagramParts values('PM32-01_0691-01402606921', 'PM32-01_0691', 16, 'Owner&apos;s manual E90, E91 w/o iDrive', 'RO, MJ 2011', 1, to_date('20110301','YYYYMMDD'), to_date('20110901','YYYYMMDD'), '01402606921', '', '', false);
insert into DiagramParts values('PM32-01_0691-01492600883', 'PM32-01_0691', 17, 'Owner&apos;s manual E90, E91 w/o iDrive', 'RU, MJ 2009', 1, to_date('20080901','YYYYMMDD'), to_date('20090301','YYYYMMDD'), '01492600883', '', '', false);
insert into DiagramParts values('PM32-01_0691-01492601805', 'PM32-01_0691', 17, 'Owner&apos;s manual E90, E91 w/o iDrive', 'RU, MJ 2009', 1, to_date('20090301','YYYYMMDD'), to_date('20090901','YYYYMMDD'), '01492601805', '', '', false);
insert into DiagramParts values('PM32-01_0691-01492602973', 'PM32-01_0691', 17, 'Owner&apos;s manual E90, E91 w/o iDrive', 'RU, MJ 2010', 1, to_date('20090901','YYYYMMDD'), to_date('20100301','YYYYMMDD'), '01492602973', '', '', false);
insert into DiagramParts values('PM32-01_0691-01492604246', 'PM32-01_0691', 17, 'Owner&apos;s manual E90, E91 w/o iDrive', 'RU, MJ 2010', 1, to_date('20100301','YYYYMMDD'), to_date('20100901','YYYYMMDD'), '01492604246', '', '', false);
insert into DiagramParts values('PM32-01_0691-01402605478', 'PM32-01_0691', 17, 'Owner&apos;s manual E90, E91 w/o iDrive', 'RU, MJ 2011', 1, to_date('20100901','YYYYMMDD'), to_date('20110301','YYYYMMDD'), '01402605478', '', '', false);
insert into DiagramParts values('PM32-01_0691-01402606920', 'PM32-01_0691', 17, 'Owner&apos;s manual E90, E91 w/o iDrive', 'RU, MJ 2011', 1, to_date('20110301','YYYYMMDD'), to_date('20110901','YYYYMMDD'), '01402606920', '', '', false);
insert into DiagramParts values('PM32-01_0691-01492602975', 'PM32-01_0691', 18, 'Owner&apos;s manual E90, E91 w/o iDrive', 'SK, MJ 2010', 1, to_date('20090901','YYYYMMDD'), to_date('20100301','YYYYMMDD'), '01492602975', '', '', false);
insert into DiagramParts values('PM32-01_0691-01492604248', 'PM32-01_0691', 18, 'Owner&apos;s manual E90, E91 w/o iDrive', 'SK, MJ 2010', 1, to_date('20100301','YYYYMMDD'), to_date('20100901','YYYYMMDD'), '01492604248', '', '', false);
insert into DiagramParts values('PM32-01_0691-01402605480', 'PM32-01_0691', 18, 'Owner&apos;s manual E90, E91 w/o iDrive', 'SK, MJ 2011', 1, to_date('20100901','YYYYMMDD'), to_date('20110301','YYYYMMDD'), '01402605480', '', '', false);
insert into DiagramParts values('PM32-01_0691-01402606922', 'PM32-01_0691', 18, 'Owner&apos;s manual E90, E91 w/o iDrive', 'SK, MJ 2011', 1, to_date('20110301','YYYYMMDD'), to_date('20110901','YYYYMMDD'), '01402606922', '', '', false);
insert into DiagramParts values('PM32-01_0691-01492602976', 'PM32-01_0691', 19, 'Owner&apos;s manual E90, E91 w/o iDrive', 'CS, MJ 2010', 1, to_date('20090901','YYYYMMDD'), to_date('20100301','YYYYMMDD'), '01492602976', '', '', false);
insert into DiagramParts values('PM32-01_0691-01492604249', 'PM32-01_0691', 19, 'Owner&apos;s manual E90, E91 w/o iDrive', 'CS, MJ 2010', 1, to_date('20100301','YYYYMMDD'), to_date('20100901','YYYYMMDD'), '01492604249', '', '', false);
insert into DiagramParts values('PM32-01_0691-01402605481', 'PM32-01_0691', 19, 'Owner&apos;s manual E90, E91 w/o iDrive', 'CS, MJ 2011', 1, to_date('20100901','YYYYMMDD'), to_date('20110301','YYYYMMDD'), '01402605481', '', '', false);
insert into DiagramParts values('PM32-01_0691-01402606923', 'PM32-01_0691', 19, 'Owner&apos;s manual E90, E91 w/o iDrive', 'CS, MJ 2011', 1, to_date('20110301','YYYYMMDD'), to_date('20110901','YYYYMMDD'), '01402606923', '', '', false);
insert into DiagramParts values('PM32-01_0691-01402605482', 'PM32-01_0691', 20, 'Owner&apos;s manual E90, E91 w/o iDrive', 'PL, MJ 2011', 1, to_date('20100901','YYYYMMDD'), to_date('20110301','YYYYMMDD'), '01402605482', '', '', false);
insert into DiagramParts values('PM32-01_0691-01402606924', 'PM32-01_0691', 20, 'Owner&apos;s manual E90, E91 w/o iDrive', 'PL, MJ 2011', 1, to_date('20110301','YYYYMMDD'), to_date('20110901','YYYYMMDD'), '01402606924', '', '', false);
insert into DiagramParts values('PM32-01_0691-01402606925', 'PM32-01_0691', 21, 'Owner&apos;s manual E90, E91 w/o iDrive', 'HU, MJ 2011', 1, to_date('20110301','YYYYMMDD'), to_date('20110901','YYYYMMDD'), '01402606925', '', '', false);
insert into Diagram values('PM32-01_0691','PM32-20070700','01-05','E90N 330i   Owner&apos;s manual E90, E91 w/o iDrive','');
insert into DiagramParts values('PM32-01_0692-01402601809', 'PM32-01_0692', 01, 'Owner&apos;s manual, E90, E91 with iDrive', 'DE, MJ 2009', 1, to_date('20090301','YYYYMMDD'), to_date('20090901','YYYYMMDD'), '01402601809', '', '', false);
insert into DiagramParts values('PM32-01_0692-01402601916', 'PM32-01_0692', 01, 'Owner&apos;s manual, E90, E91 with iDrive', 'DE, MJ 2009', 1, to_date('20090301','YYYYMMDD'), to_date('20090901','YYYYMMDD'), '01402601916', '', '', false);
insert into DiagramParts values('PM32-01_0692-01402604565', 'PM32-01_0692', 01, 'Owner&apos;s manual, E90, E91 with iDrive', 'DE, MJ 2010', 1, to_date('20100301','YYYYMMDD'), to_date('20100901','YYYYMMDD'), '01402604565', '', '', false);
insert into DiagramParts values('PM32-01_0692-01402605542', 'PM32-01_0692', 01, 'Owner&apos;s manual, E90, E91 with iDrive', 'DE, MJ 2011', 1, to_date('20100901','YYYYMMDD'), to_date('20110301','YYYYMMDD'), '01402605542', '', '', false);
insert into DiagramParts values('PM32-01_0692-01402606989', 'PM32-01_0692', 01, 'Owner&apos;s manual, E90, E91 with iDrive', 'DE, MJ 2011', 1, to_date('20110301','YYYYMMDD'), to_date('20110901','YYYYMMDD'), '01402606989', '', '', false);
insert into DiagramParts values('PM32-01_0692-01412601810', 'PM32-01_0692', 02, 'Owner&apos;s manual, E90, E91 with iDrive', 'EN, MJ 2009', 1, to_date('20090301','YYYYMMDD'), to_date('20090901','YYYYMMDD'), '01412601810', '', '', false);
insert into DiagramParts values('PM32-01_0692-01412601917', 'PM32-01_0692', 02, 'Owner&apos;s manual, E90, E91 with iDrive', 'EN, MJ 2009', 1, to_date('20090301','YYYYMMDD'), to_date('20090901','YYYYMMDD'), '01412601917', '', '', false);
insert into DiagramParts values('PM32-01_0692-01412604566', 'PM32-01_0692', 02, 'Owner&apos;s manual, E90, E91 with iDrive', 'EN, MJ 2010', 1, to_date('20100301','YYYYMMDD'), to_date('20100901','YYYYMMDD'), '01412604566', '', '', false);
insert into DiagramParts values('PM32-01_0692-01402605543', 'PM32-01_0692', 02, 'Owner&apos;s manual, E90, E91 with iDrive', 'EN, MJ 2011', 1, to_date('20100901','YYYYMMDD'), to_date('20110301','YYYYMMDD'), '01402605543', '', '', false);
insert into DiagramParts values('PM32-01_0692-01402606990', 'PM32-01_0692', 02, 'Owner&apos;s manual, E90, E91 with iDrive', 'EN, MJ 2011', 1, to_date('20110301','YYYYMMDD'), to_date('20110901','YYYYMMDD'), '01402606990', '', '', false);
insert into DiagramParts values('PM32-01_0692-01422601811', 'PM32-01_0692', 03, 'Owner&apos;s manual, E90, E91 with iDrive', 'FR, MJ 2009', 1, to_date('20090301','YYYYMMDD'), to_date('20090901','YYYYMMDD'), '01422601811', '', '', false);
insert into DiagramParts values('PM32-01_0692-01422601918', 'PM32-01_0692', 03, 'Owner&apos;s manual, E90, E91 with iDrive', 'FR, MJ 2009', 1, to_date('20090301','YYYYMMDD'), to_date('20090901','YYYYMMDD'), '01422601918', '', '', false);
insert into DiagramParts values('PM32-01_0692-01422604567', 'PM32-01_0692', 03, 'Owner&apos;s manual, E90, E91 with iDrive', 'FR, MJ 2010', 1, to_date('20100301','YYYYMMDD'), to_date('20100901','YYYYMMDD'), '01422604567', '', '', false);
insert into DiagramParts values('PM32-01_0692-01402605544', 'PM32-01_0692', 03, 'Owner&apos;s manual, E90, E91 with iDrive', 'FR, MJ 2011', 1, to_date('20100901','YYYYMMDD'), to_date('20110301','YYYYMMDD'), '01402605544', '', '', false);
insert into DiagramParts values('PM32-01_0692-01402606991', 'PM32-01_0692', 03, 'Owner&apos;s manual, E90, E91 with iDrive', 'FR, MJ 2011', 1, to_date('20110301','YYYYMMDD'), to_date('20110901','YYYYMMDD'), '01402606991', '', '', false);
insert into DiagramParts values('PM32-01_0692-01432601812', 'PM32-01_0692', 04, 'Owner&apos;s manual, E90, E91 with iDrive', 'ES, MJ 2009', 1, to_date('20090301','YYYYMMDD'), to_date('20090901','YYYYMMDD'), '01432601812', '', '', false);
insert into DiagramParts values('PM32-01_0692-01432601919', 'PM32-01_0692', 04, 'Owner&apos;s manual, E90, E91 with iDrive', 'ES, MJ 2009', 1, to_date('20090301','YYYYMMDD'), to_date('20090901','YYYYMMDD'), '01432601919', '', '', false);
insert into DiagramParts values('PM32-01_0692-01432604568', 'PM32-01_0692', 04, 'Owner&apos;s manual, E90, E91 with iDrive', 'ES, MJ 2010', 1, to_date('20100301','YYYYMMDD'), to_date('20100901','YYYYMMDD'), '01432604568', '', '', false);
insert into DiagramParts values('PM32-01_0692-01402605545', 'PM32-01_0692', 04, 'Owner&apos;s manual, E90, E91 with iDrive', 'ES, MJ 2011', 1, to_date('20100901','YYYYMMDD'), to_date('20110301','YYYYMMDD'), '01402605545', '', '', false);
insert into DiagramParts values('PM32-01_0692-01402606992', 'PM32-01_0692', 04, 'Owner&apos;s manual, E90, E91 with iDrive', 'ES, MJ 2011', 1, to_date('20110301','YYYYMMDD'), to_date('20110901','YYYYMMDD'), '01402606992', '', '', false);
insert into DiagramParts values('PM32-01_0692-01442601813', 'PM32-01_0692', 05, 'Owner&apos;s manual, E90, E91 with iDrive', 'IT, MJ 2009', 1, to_date('20090301','YYYYMMDD'), to_date('20090901','YYYYMMDD'), '01442601813', '', '', false);
insert into DiagramParts values('PM32-01_0692-01442601920', 'PM32-01_0692', 05, 'Owner&apos;s manual, E90, E91 with iDrive', 'IT, MJ 2009', 1, to_date('20090301','YYYYMMDD'), to_date('20090901','YYYYMMDD'), '01442601920', '', '', false);
insert into DiagramParts values('PM32-01_0692-01442604569', 'PM32-01_0692', 05, 'Owner&apos;s manual, E90, E91 with iDrive', 'IT, MJ 2010', 1, to_date('20100301','YYYYMMDD'), to_date('20100901','YYYYMMDD'), '01442604569', '', '', false);
insert into DiagramParts values('PM32-01_0692-01402605546', 'PM32-01_0692', 05, 'Owner&apos;s manual, E90, E91 with iDrive', 'IT, MJ 2011', 1, to_date('20100901','YYYYMMDD'), to_date('20110301','YYYYMMDD'), '01402605546', '', '', false);
insert into DiagramParts values('PM32-01_0692-01402606993', 'PM32-01_0692', 05, 'Owner&apos;s manual, E90, E91 with iDrive', 'IT, MJ 2011', 1, to_date('20110301','YYYYMMDD'), to_date('20110901','YYYYMMDD'), '01402606993', '', '', false);
insert into DiagramParts values('PM32-01_0692-01452601814', 'PM32-01_0692', 06, 'Owner&apos;s manual, E90, E91 with iDrive', 'SV, MJ 2009', 1, to_date('20090301','YYYYMMDD'), to_date('20090901','YYYYMMDD'), '01452601814', '', '', false);
insert into DiagramParts values('PM32-01_0692-01452601921', 'PM32-01_0692', 06, 'Owner&apos;s manual, E90, E91 with iDrive', 'SV, MJ 2009', 1, to_date('20090301','YYYYMMDD'), to_date('20090901','YYYYMMDD'), '01452601921', '', '', false);
insert into DiagramParts values('PM32-01_0692-01452604570', 'PM32-01_0692', 06, 'Owner&apos;s manual, E90, E91 with iDrive', 'SV, MJ 2010', 1, to_date('20100301','YYYYMMDD'), to_date('20100901','YYYYMMDD'), '01452604570', '', '', false);
insert into DiagramParts values('PM32-01_0692-01402605547', 'PM32-01_0692', 06, 'Owner&apos;s manual, E90, E91 with iDrive', 'SV, MJ 2011', 1, to_date('20100901','YYYYMMDD'), to_date('20110301','YYYYMMDD'), '01402605547', '', '', false);
insert into DiagramParts values('PM32-01_0692-01402606994', 'PM32-01_0692', 06, 'Owner&apos;s manual, E90, E91 with iDrive', 'SV, MJ 2011', 1, to_date('20110301','YYYYMMDD'), to_date('20110901','YYYYMMDD'), '01402606994', '', '', false);
insert into DiagramParts values('PM32-01_0692-01462601815', 'PM32-01_0692', 07, 'Owner&apos;s manual, E90, E91 with iDrive', 'NL, MJ 2009', 1, to_date('20090301','YYYYMMDD'), to_date('20090901','YYYYMMDD'), '01462601815', '', '', false);
insert into DiagramParts values('PM32-01_0692-01462601922', 'PM32-01_0692', 07, 'Owner&apos;s manual, E90, E91 with iDrive', 'NL, MJ 2009', 1, to_date('20090301','YYYYMMDD'), to_date('20090901','YYYYMMDD'), '01462601922', '', '', false);
insert into DiagramParts values('PM32-01_0692-01462604571', 'PM32-01_0692', 07, 'Owner&apos;s manual, E90, E91 with iDrive', 'NL, MJ 2010', 1, to_date('20100301','YYYYMMDD'), to_date('20100901','YYYYMMDD'), '01462604571', '', '', false);
insert into DiagramParts values('PM32-01_0692-01402605548', 'PM32-01_0692', 07, 'Owner&apos;s manual, E90, E91 with iDrive', 'NL, MJ 2011', 1, to_date('20100901','YYYYMMDD'), to_date('20110301','YYYYMMDD'), '01402605548', '', '', false);
insert into DiagramParts values('PM32-01_0692-01402606995', 'PM32-01_0692', 07, 'Owner&apos;s manual, E90, E91 with iDrive', 'NL, MJ 2011', 1, to_date('20110301','YYYYMMDD'), to_date('20110901','YYYYMMDD'), '01402606995', '', '', false);
insert into DiagramParts values('PM32-01_0692-01472601816', 'PM32-01_0692', 08, 'Owner&apos;s manual, E90, E91 with iDrive', 'AR, MJ 2009', 1, to_date('20090301','YYYYMMDD'), to_date('20090901','YYYYMMDD'), '01472601816', '', '', false);
insert into DiagramParts values('PM32-01_0692-01472601923', 'PM32-01_0692', 08, 'Owner&apos;s manual, E90, E91 with iDrive', 'AR, MJ 2009', 1, to_date('20090301','YYYYMMDD'), to_date('20090901','YYYYMMDD'), '01472601923', '', '', false);
insert into DiagramParts values('PM32-01_0692-01472604572', 'PM32-01_0692', 08, 'Owner&apos;s manual, E90, E91 with iDrive', 'AR, MJ 2010', 1, to_date('20100301','YYYYMMDD'), to_date('20100901','YYYYMMDD'), '01472604572', '', '', false);
insert into DiagramParts values('PM32-01_0692-01402605549', 'PM32-01_0692', 08, 'Owner&apos;s manual, E90, E91 with iDrive', 'AR, MJ 2011', 1, to_date('20100901','YYYYMMDD'), to_date('20110301','YYYYMMDD'), '01402605549', '', '', false);
insert into DiagramParts values('PM32-01_0692-01402606996', 'PM32-01_0692', 08, 'Owner&apos;s manual, E90, E91 with iDrive', 'AR, MJ 2011', 1, to_date('20110301','YYYYMMDD'), to_date('20110901','YYYYMMDD'), '01402606996', '', '', false);
insert into DiagramParts values('PM32-01_0692-01482601817', 'PM32-01_0692', 09, 'Owner&apos;s manual, E90, E91 with iDrive', 'DA, MJ 2009', 1, to_date('20090301','YYYYMMDD'), to_date('20090901','YYYYMMDD'), '01482601817', '', '', false);
insert into DiagramParts values('PM32-01_0692-01482601924', 'PM32-01_0692', 09, 'Owner&apos;s manual, E90, E91 with iDrive', 'DA, MJ 2009', 1, to_date('20090301','YYYYMMDD'), to_date('20090901','YYYYMMDD'), '01482601924', '', '', false);
insert into DiagramParts values('PM32-01_0692-01482604573', 'PM32-01_0692', 09, 'Owner&apos;s manual, E90, E91 with iDrive', 'DA, MJ 2010', 1, to_date('20100301','YYYYMMDD'), to_date('20100901','YYYYMMDD'), '01482604573', '', '', false);
insert into DiagramParts values('PM32-01_0692-01402605550', 'PM32-01_0692', 09, 'Owner&apos;s manual, E90, E91 with iDrive', 'DA, MJ 2011', 1, to_date('20100901','YYYYMMDD'), to_date('20110301','YYYYMMDD'), '01402605550', '', '', false);
insert into DiagramParts values('PM32-01_0692-01402606997', 'PM32-01_0692', 09, 'Owner&apos;s manual, E90, E91 with iDrive', 'DA, MJ 2011', 1, to_date('20110301','YYYYMMDD'), to_date('20110901','YYYYMMDD'), '01402606997', '', '', false);
insert into DiagramParts values('PM32-01_0692-01492601818', 'PM32-01_0692', 10, 'Owner&apos;s manual, E90, E91 with iDrive', 'PT, MJ 2009', 1, to_date('20090301','YYYYMMDD'), to_date('20090901','YYYYMMDD'), '01492601818', '', '', false);
insert into DiagramParts values('PM32-01_0692-01492601925', 'PM32-01_0692', 10, 'Owner&apos;s manual, E90, E91 with iDrive', 'PT, MJ 2009', 1, to_date('20090301','YYYYMMDD'), to_date('20090901','YYYYMMDD'), '01492601925', '', '', false);
insert into DiagramParts values('PM32-01_0692-01492604574', 'PM32-01_0692', 10, 'Owner&apos;s manual, E90, E91 with iDrive', 'PT, MJ  2010', 1, to_date('20100301','YYYYMMDD'), to_date('20100901','YYYYMMDD'), '01492604574', '', '', false);
insert into DiagramParts values('PM32-01_0692-01402605551', 'PM32-01_0692', 10, 'Owner&apos;s manual, E90, E91 with iDrive', 'PT, MJ 2011', 1, to_date('20100901','YYYYMMDD'), to_date('20110301','YYYYMMDD'), '01402605551', '', '', false);
insert into DiagramParts values('PM32-01_0692-01402606998', 'PM32-01_0692', 10, 'Owner&apos;s manual, E90, E91 with iDrive', 'PT, MJ 2011', 1, to_date('20110301','YYYYMMDD'), to_date('20110901','YYYYMMDD'), '01402606998', '', '', false);
insert into DiagramParts values('PM32-01_0692-01492601820', 'PM32-01_0692', 13, 'Owner&apos;s manual, E90, E91 with iDrive', 'EL, MJ 2009', 1, to_date('20090301','YYYYMMDD'), to_date('20090901','YYYYMMDD'), '01492601820', '', '', false);
insert into DiagramParts values('PM32-01_0692-01492601927', 'PM32-01_0692', 13, 'Owner&apos;s manual, E90, E91 with iDrive', 'EL, MJ 2009', 1, to_date('20090301','YYYYMMDD'), to_date('20090901','YYYYMMDD'), '01492601927', '', '', false);
insert into DiagramParts values('PM32-01_0692-01492604576', 'PM32-01_0692', 13, 'Owner&apos;s manual, E90, E91 with iDrive', 'EL, MJ 2010', 1, to_date('20100301','YYYYMMDD'), to_date('20100901','YYYYMMDD'), '01492604576', '', '', false);
insert into DiagramParts values('PM32-01_0692-01402605553', 'PM32-01_0692', 13, 'Owner&apos;s manual, E90, E91 with iDrive', 'EL, MJ 2011', 1, to_date('20100901','YYYYMMDD'), to_date('20110301','YYYYMMDD'), '01402605553', '', '', false);
insert into DiagramParts values('PM32-01_0692-01402607000', 'PM32-01_0692', 13, 'Owner&apos;s manual, E90, E91 with iDrive', 'EL, MJ 2011', 1, to_date('20110301','YYYYMMDD'), to_date('20110901','YYYYMMDD'), '01402607000', '', '', false);
insert into DiagramParts values('PM32-01_0692-01492601926', 'PM32-01_0692', 14, 'Owner&apos;s manual, E90, E91 with iDrive', 'ZH, MJ 2009', 1, to_date('20090301','YYYYMMDD'), to_date('20090901','YYYYMMDD'), '01492601926', '', '', false);
insert into DiagramParts values('PM32-01_0692-01492604575', 'PM32-01_0692', 14, 'Owner&apos;s manual, E90, E91 with iDrive', 'ZH, MJ 2010', 1, to_date('20100301','YYYYMMDD'), to_date('20100901','YYYYMMDD'), '01492604575', '', '', false);
insert into DiagramParts values('PM32-01_0692-01402605552', 'PM32-01_0692', 14, 'Owner&apos;s manual, E90, E91 with iDrive', 'ZH, MJ 2011', 1, to_date('20100901','YYYYMMDD'), to_date('20110301','YYYYMMDD'), '01402605552', '', '', false);
insert into DiagramParts values('PM32-01_0692-01402606999', 'PM32-01_0692', 14, 'Owner&apos;s manual, E90, E91 with iDrive', 'ZH, MJ 2011', 1, to_date('20110301','YYYYMMDD'), to_date('20110901','YYYYMMDD'), '01402606999', '', '', false);
insert into DiagramParts values('PM32-01_0692-01492601821', 'PM32-01_0692', 15, 'Owner&apos;s manual, E90, E91 with iDrive', 'KO, MJ 2009', 1, to_date('20090301','YYYYMMDD'), to_date('20090901','YYYYMMDD'), '01492601821', '', '', false);
insert into DiagramParts values('PM32-01_0692-01492601928', 'PM32-01_0692', 15, 'Owner&apos;s manual, E90, E91 with iDrive', 'KO, MJ 2009', 1, to_date('20090301','YYYYMMDD'), to_date('20090901','YYYYMMDD'), '01492601928', '', '', false);
insert into DiagramParts values('PM32-01_0692-01492604577', 'PM32-01_0692', 15, 'Owner&apos;s manual, E90, E91 with iDrive', 'KO, MJ 2010', 1, to_date('20100301','YYYYMMDD'), to_date('20100901','YYYYMMDD'), '01492604577', '', '', false);
insert into DiagramParts values('PM32-01_0692-01402605554', 'PM32-01_0692', 15, 'Owner&apos;s manual, E90, E91 with iDrive', 'KO, MJ 2011', 1, to_date('20100901','YYYYMMDD'), to_date('20110301','YYYYMMDD'), '01402605554', '', '', false);
insert into DiagramParts values('PM32-01_0692-01402607001', 'PM32-01_0692', 15, 'Owner&apos;s manual, E90, E91 with iDrive', 'KO, MJ 2011', 1, to_date('20110301','YYYYMMDD'), to_date('20110901','YYYYMMDD'), '01402607001', '', '', false);
insert into DiagramParts values('PM32-01_0692-01492601823', 'PM32-01_0692', 16, 'Owner&apos;s manual, E90, E91 with iDrive', 'RO, MJ 2009', 1, to_date('20090301','YYYYMMDD'), to_date('20090901','YYYYMMDD'), '01492601823', '', '', false);
insert into DiagramParts values('PM32-01_0692-01492601930', 'PM32-01_0692', 16, 'Owner&apos;s manual, E90, E91 with iDrive', 'RO, MJ 2009', 1, to_date('20090301','YYYYMMDD'), to_date('20090901','YYYYMMDD'), '01492601930', '', '', false);
insert into DiagramParts values('PM32-01_0692-01492604579', 'PM32-01_0692', 16, 'Owner&apos;s manual, E90, E91 with iDrive', 'RO, MJ 2010', 1, to_date('20100301','YYYYMMDD'), to_date('20100901','YYYYMMDD'), '01492604579', '', '', false);
insert into DiagramParts values('PM32-01_0692-01402605556', 'PM32-01_0692', 16, 'Owner&apos;s manual, E90, E91 with iDrive', 'RO, MJ 2011', 1, to_date('20100901','YYYYMMDD'), to_date('20110301','YYYYMMDD'), '01402605556', '', '', false);
insert into DiagramParts values('PM32-01_0692-01402607003', 'PM32-01_0692', 16, 'Owner&apos;s manual, E90, E91 with iDrive', 'RO, MJ 2011', 1, to_date('20110301','YYYYMMDD'), to_date('20110901','YYYYMMDD'), '01402607003', '', '', false);
insert into DiagramParts values('PM32-01_0692-01492601822', 'PM32-01_0692', 17, 'Owner&apos;s manual, E90, E91 with iDrive', 'RU, MJ 2009', 1, to_date('20090301','YYYYMMDD'), to_date('20090901','YYYYMMDD'), '01492601822', '', '', false);
insert into DiagramParts values('PM32-01_0692-01492601929', 'PM32-01_0692', 17, 'Owner&apos;s manual, E90, E91 with iDrive', 'RU, MJ 2009', 1, to_date('20090301','YYYYMMDD'), to_date('20090901','YYYYMMDD'), '01492601929', '', '', false);
insert into DiagramParts values('PM32-01_0692-01492604578', 'PM32-01_0692', 17, 'Owner&apos;s manual, E90, E91 with iDrive', 'RU, MJ 2010', 1, to_date('20100301','YYYYMMDD'), to_date('20100901','YYYYMMDD'), '01492604578', '', '', false);
insert into DiagramParts values('PM32-01_0692-01402605555', 'PM32-01_0692', 17, 'Owner&apos;s manual, E90, E91 with iDrive', 'RU, MJ 2011', 1, to_date('20100901','YYYYMMDD'), to_date('20110301','YYYYMMDD'), '01402605555', '', '', false);
insert into DiagramParts values('PM32-01_0692-01402607002', 'PM32-01_0692', 17, 'Owner&apos;s manual, E90, E91 with iDrive', 'RU, MJ 2011', 1, to_date('20110301','YYYYMMDD'), to_date('20110901','YYYYMMDD'), '01402607002', '', '', false);
insert into DiagramParts values('PM32-01_0692-01492604580', 'PM32-01_0692', 18, 'Owner&apos;s manual, E90, E91 with iDrive', 'SK, MJ 2010', 1, to_date('20100301','YYYYMMDD'), to_date('20100901','YYYYMMDD'), '01492604580', '', '', false);
insert into DiagramParts values('PM32-01_0692-01402605557', 'PM32-01_0692', 18, 'Owner&apos;s manual, E90, E91 with iDrive', 'SK, MJ 2011', 1, to_date('20100901','YYYYMMDD'), to_date('20110301','YYYYMMDD'), '01402605557', '', '', false);
insert into DiagramParts values('PM32-01_0692-01402607004', 'PM32-01_0692', 18, 'Owner&apos;s manual, E90, E91 with iDrive', 'SK, MJ 2011', 1, to_date('20110301','YYYYMMDD'), to_date('20110901','YYYYMMDD'), '01402607004', '', '', false);
insert into DiagramParts values('PM32-01_0692-01492604581', 'PM32-01_0692', 19, 'Owner&apos;s manual, E90, E91 with iDrive', 'CS, MJ 2010', 1, to_date('20100301','YYYYMMDD'), to_date('20100901','YYYYMMDD'), '01492604581', '', '', false);
insert into DiagramParts values('PM32-01_0692-01402605558', 'PM32-01_0692', 19, 'Owner&apos;s manual, E90, E91 with iDrive', 'CS, MJ 2011', 1, to_date('20100901','YYYYMMDD'), to_date('20110301','YYYYMMDD'), '01402605558', '', '', false);
insert into DiagramParts values('PM32-01_0692-01402607005', 'PM32-01_0692', 19, 'Owner&apos;s manual, E90, E91 with iDrive', 'CS, MJ 2011', 1, to_date('20110301','YYYYMMDD'), to_date('20110901','YYYYMMDD'), '01402607005', '', '', false);
insert into DiagramParts values('PM32-01_0692-01402605559', 'PM32-01_0692', 20, 'Owner&apos;s manual, E90, E91 with iDrive', 'PL, MJ 2011', 1, to_date('20100901','YYYYMMDD'), to_date('20110301','YYYYMMDD'), '01402605559', '', '', false);
insert into DiagramParts values('PM32-01_0692-01402607006', 'PM32-01_0692', 20, 'Owner&apos;s manual, E90, E91 with iDrive', 'PL, MJ 2011', 1, to_date('20110301','YYYYMMDD'), to_date('20110901','YYYYMMDD'), '01402607006', '', '', false);
insert into DiagramParts values('PM32-01_0692-01402607007', 'PM32-01_0692', 21, 'Owner&apos;s manual, E90, E91 with iDrive', 'HU, MJ 2011', 1, to_date('20110301','YYYYMMDD'), to_date('20110901','YYYYMMDD'), '01402607007', '', '', false);
insert into Diagram values('PM32-01_0692','PM32-20070700','01-05','E90N 330i   Owner&apos;s manual, E90, E91 with iDrive','');
insert into DiagramParts values('PM32-01_0733-01402604702', 'PM32-01_0733', 01, 'Brief instructions E90, E91, E92, E93', 'DE, MJ 2010', 1, to_date('20100301','YYYYMMDD'), to_date('20100901','YYYYMMDD'), '01402604702', '', '', false);
insert into DiagramParts values('PM32-01_0733-01402605350', 'PM32-01_0733', 01, 'Brief instructions E90, E91, E92, E93', 'DE, MJ 2011', 1, to_date('20100901','YYYYMMDD'), to_date('20110301','YYYYMMDD'), '01402605350', '', '', false);
insert into DiagramParts values('PM32-01_0733-01402607451', 'PM32-01_0733', 01, 'Brief instructions E90, E91, E92, E93', 'DE, MJ 2011', 1, to_date('20110301','YYYYMMDD'), to_date('20110901','YYYYMMDD'), '01402607451', '', '', false);
insert into DiagramParts values('PM32-01_0733-01402604716', 'PM32-01_0733', 01, 'Brief instructions E90, E91, E92, E93', 'DE, MJ 2010/11', 1, to_date('20100301','YYYYMMDD'), to_date('20110301','YYYYMMDD'), '01402604716', '', '', false);
insert into DiagramParts values('PM32-01_0733-01402607431', 'PM32-01_0733', 01, 'Brief instructions E90, E91, E92, E93', 'DE, MJ 2011', 1, to_date('20110301','YYYYMMDD'), to_date('20110901','YYYYMMDD'), '01402607431', '', '', false);
insert into DiagramParts values('PM32-01_0733-01402609786', 'PM32-01_0733', 01, 'Brief instructions E90, E91, E92, E93', 'DE', 1, to_date('20110901','YYYYMMDD'), to_date('20120301','YYYYMMDD'), '01402609786', '', '', false);
insert into DiagramParts values('PM32-01_0733-01412604703', 'PM32-01_0733', 02, 'Brief instructions E90, E91, E92, E93', 'EN, MJ 2010', 1, to_date('20100301','YYYYMMDD'), to_date('20100901','YYYYMMDD'), '01412604703', '', '', false);
insert into DiagramParts values('PM32-01_0733-01402605351', 'PM32-01_0733', 02, 'Brief instructions E90, E91, E92, E93', 'EN, MJ 2011', 1, to_date('20100901','YYYYMMDD'), to_date('20110301','YYYYMMDD'), '01402605351', '', '', false);
insert into DiagramParts values('PM32-01_0733-01402607452', 'PM32-01_0733', 02, 'Brief instructions E90, E91, E92, E93', 'EN, MJ 2011', 1, to_date('20110301','YYYYMMDD'), to_date('20110901','YYYYMMDD'), '01402607452', '', '', false);
insert into DiagramParts values('PM32-01_0733-01412604717', 'PM32-01_0733', 02, 'Brief instructions E90, E91, E92, E93', 'EN, MJ 2010/11', 1, to_date('20100301','YYYYMMDD'), to_date('20110301','YYYYMMDD'), '01412604717', '', '', false);
insert into DiagramParts values('PM32-01_0733-01402607432', 'PM32-01_0733', 02, 'Brief instructions E90, E91, E92, E93', 'EN, MJ 2011', 1, to_date('20110301','YYYYMMDD'), to_date('20110901','YYYYMMDD'), '01402607432', '', '', false);
insert into DiagramParts values('PM32-01_0733-01402609787', 'PM32-01_0733', 02, 'Brief instructions E90, E91, E92, E93', 'EN', 1, to_date('20110901','YYYYMMDD'), to_date('20120301','YYYYMMDD'), '01402609787', '', '', false);
insert into DiagramParts values('PM32-01_0733-01402609788', 'PM32-01_0733', 03, 'Brief instructions E90, E91, E92, E93', 'FR', 1, to_date('20110901','YYYYMMDD'), to_date('20120301','YYYYMMDD'), '01402609788', '', '', false);
insert into DiagramParts values('PM32-01_0733-01402609789', 'PM32-01_0733', 04, 'Brief instructions E90, E91, E92, E93', 'ES', 1, to_date('20110901','YYYYMMDD'), to_date('20120301','YYYYMMDD'), '01402609789', '', '', false);
insert into DiagramParts values('PM32-01_0733-01402609790', 'PM32-01_0733', 05, 'Brief instructions E90, E91, E92, E93', 'IT', 1, to_date('20110901','YYYYMMDD'), to_date('20120301','YYYYMMDD'), '01402609790', '', '', false);
insert into DiagramParts values('PM32-01_0733-01402609791', 'PM32-01_0733', 06, 'Brief instructions E90, E91, E92, E93', 'SV', 1, to_date('20110901','YYYYMMDD'), to_date('20120301','YYYYMMDD'), '01402609791', '', '', false);
insert into DiagramParts values('PM32-01_0733-01402609792', 'PM32-01_0733', 07, 'Brief instructions E90, E91, E92, E93', 'NL', 1, to_date('20110901','YYYYMMDD'), to_date('20120301','YYYYMMDD'), '01402609792', '', '', false);
insert into DiagramParts values('PM32-01_0733-01402609793', 'PM32-01_0733', 08, 'Brief instructions E90, E91, E92, E93', 'AR', 1, to_date('20110901','YYYYMMDD'), to_date('20120301','YYYYMMDD'), '01402609793', '', '', false);
insert into DiagramParts values('PM32-01_0733-01402609794', 'PM32-01_0733', 09, 'Brief instructions E90, E91, E92, E93', 'DA', 1, to_date('20110901','YYYYMMDD'), to_date('20120301','YYYYMMDD'), '01402609794', '', '', false);
insert into DiagramParts values('PM32-01_0733-01402609795', 'PM32-01_0733', 10, 'Brief instructions E90, E91, E92, E93', 'PT', 1, to_date('20110901','YYYYMMDD'), to_date('20120301','YYYYMMDD'), '01402609795', '', '', false);
insert into DiagramParts values('PM32-01_0733-01402609797', 'PM32-01_0733', 13, 'Brief instructions E90, E91, E92, E93', 'EL', 1, to_date('20110901','YYYYMMDD'), to_date('20120301','YYYYMMDD'), '01402609797', '', '', false);
insert into DiagramParts values('PM32-01_0733-01402609796', 'PM32-01_0733', 14, 'Brief instructions E90, E91, E92, E93', 'ZH', 1, to_date('20110901','YYYYMMDD'), to_date('20120301','YYYYMMDD'), '01402609796', '', '', false);
insert into DiagramParts values('PM32-01_0733-01402609798', 'PM32-01_0733', 15, 'Brief instructions E90, E91, E92, E93', 'KO', 1, to_date('20110901','YYYYMMDD'), to_date('20120301','YYYYMMDD'), '01402609798', '', '', false);
insert into DiagramParts values('PM32-01_0733-01402609800', 'PM32-01_0733', 16, 'Brief instructions E90, E91, E92, E93', 'RO', 1, to_date('20110901','YYYYMMDD'), to_date('20120301','YYYYMMDD'), '01402609800', '', '', false);
insert into DiagramParts values('PM32-01_0733-01402609799', 'PM32-01_0733', 17, 'Brief instructions E90, E91, E92, E93', 'RU', 1, to_date('20110901','YYYYMMDD'), to_date('20120301','YYYYMMDD'), '01402609799', '', '', false);
insert into DiagramParts values('PM32-01_0733-01402609801', 'PM32-01_0733', 18, 'Brief instructions E90, E91, E92, E93', 'SK', 1, to_date('20110901','YYYYMMDD'), to_date('20120301','YYYYMMDD'), '01402609801', '', '', false);
insert into DiagramParts values('PM32-01_0733-01402609802', 'PM32-01_0733', 19, 'Brief instructions E90, E91, E92, E93', 'CS', 1, to_date('20110901','YYYYMMDD'), to_date('20120301','YYYYMMDD'), '01402609802', '', '', false);
insert into DiagramParts values('PM32-01_0733-01402609803', 'PM32-01_0733', 20, 'Brief instructions E90, E91, E92, E93', 'PL', 1, to_date('20110901','YYYYMMDD'), to_date('20120301','YYYYMMDD'), '01402609803', '', '', false);
insert into DiagramParts values('PM32-01_0733-01402609804', 'PM32-01_0733', 21, 'Brief instructions E90, E91, E92, E93', 'HU', 1, to_date('20110901','YYYYMMDD'), to_date('20120301','YYYYMMDD'), '01402609804', '', '', false);
insert into Diagram values('PM32-01_0733','PM32-20070700','01-05','E90N 330i   Brief instructions E90, E91, E92, E93','');
insert into Diagram values('PM32-01_0756','PM32-20070700','01-05','E90N 330i   Mirror placard','');
insert into Diagram values('PM32-01_0776','PM32-20070700','01-05','E90N 330i   Brief instructions E6x, E8x, E9x,','');
insert into Diagram values('PM32-01_0780','PM32-20070700','01-05','E90N 330i   Brochure Service Contact, BMW','');
insert into DiagramParts values('PM32-01_1080-01402912788', 'PM32-01_1080', 01, 'Supplement Owner&apos;s Manual license texts', 'MULTILINGUAL', 1, to_date('20120301','YYYYMMDD'), to_date('20120701','YYYYMMDD'), '01402912788', '', '', false);
insert into DiagramParts values('PM32-01_1080-01402916582', 'PM32-01_1080', 01, 'Supplement Owner&apos;s Manual license texts', 'MULTILINGUAL', 1, to_date('20120701','YYYYMMDD'), to_date('20130301','YYYYMMDD'), '01402916582', '', '', false);
insert into DiagramParts values('PM32-01_1080-01402918756', 'PM32-01_1080', 01, 'Supplement Owner&apos;s Manual license texts', 'MULTILINGUAL', 1, to_date('20130301','YYYYMMDD'), to_date('20130701','YYYYMMDD'), '01402918756', '', '', false);
insert into DiagramParts values('PM32-01_1080-01402608395', 'PM32-01_1080', 02, 'Insert with license texts', 'EN, MJ 2011', 1, to_date('20100901','YYYYMMDD'), to_date('20110901','YYYYMMDD'), '01402608395', '', '', false);
insert into DiagramParts values('PM32-01_1080-01402901443', 'PM32-01_1080', 02, 'Supplement Owner&apos;s Manual license texts', 'MULTILINGUAL', 1, to_date('20110901','YYYYMMDD'), to_date('20120301','YYYYMMDD'), '01402901443', '', '', false);
insert into Diagram values('PM32-01_1080','PM32-20070700','01-05','E90N 330i   Flyer, license texts for BMW','');
insert into DiagramParts values('PM32-01_0606-01402606341', 'PM32-01_0606', 01, 'Operating instructions, radio &quot;de&quot;', 'SA663', 1, to_date('20100901','YYYYMMDD'), to_date('20110301','YYYYMMDD'), '01402606341', '', '', false);
insert into DiagramParts values('PM32-01_0606-01402606342', 'PM32-01_0606', 02, 'Operating instructions, radio &quot;en&quot;', 'SA663', 1, to_date('20100901','YYYYMMDD'), to_date('20110301','YYYYMMDD'), '01402606342', '', '', false);
insert into DiagramParts values('PM32-01_0606-01402606343', 'PM32-01_0606', 03, 'Operating instructions, radio &quot;fr&quot;', 'SA663', 1, to_date('20100901','YYYYMMDD'), to_date('20110301','YYYYMMDD'), '01402606343', '', '', false);
insert into DiagramParts values('PM32-01_0606-01402606344', 'PM32-01_0606', 04, 'Operating instructions, radio &quot;es&quot;', 'SA663', 1, to_date('20100901','YYYYMMDD'), to_date('20110301','YYYYMMDD'), '01402606344', '', '', false);
insert into DiagramParts values('PM32-01_0606-01402606345', 'PM32-01_0606', 05, 'Operating instructions, radio &quot;it&quot;', 'SA663', 1, to_date('20100901','YYYYMMDD'), to_date('20110301','YYYYMMDD'), '01402606345', '', '', false);
insert into DiagramParts values('PM32-01_0606-01402606346', 'PM32-01_0606', 06, 'Operating instructions, radio &quot;sv&quot;', 'SA663', 1, to_date('20100901','YYYYMMDD'), to_date('20110301','YYYYMMDD'), '01402606346', '', '', false);
insert into DiagramParts values('PM32-01_0606-01402606347', 'PM32-01_0606', 07, 'Operating instructions, radio &quot;nl&quot;', 'SA663', 1, to_date('20100901','YYYYMMDD'), to_date('20110301','YYYYMMDD'), '01402606347', '', '', false);
insert into DiagramParts values('PM32-01_0606-01402606348', 'PM32-01_0606', 08, 'Operating instructions, radio &quot;ar&quot;', 'SA663', 1, to_date('20100901','YYYYMMDD'), to_date('20110301','YYYYMMDD'), '01402606348', '', '', false);
insert into DiagramParts values('PM32-01_0606-01402606349', 'PM32-01_0606', 09, 'Operating instructions, radio &quot;da&quot;', 'SA663', 1, to_date('20100901','YYYYMMDD'), to_date('20110301','YYYYMMDD'), '01402606349', '', '', false);
insert into DiagramParts values('PM32-01_0606-01402606350', 'PM32-01_0606', 10, 'Operating instructions, radio &quot;pt&quot;', 'SA663', 1, to_date('20100901','YYYYMMDD'), to_date('20110301','YYYYMMDD'), '01402606350', '', '', false);
insert into DiagramParts values('PM32-01_0606-01402606352', 'PM32-01_0606', 13, 'Operating instructions, radio &quot;el&quot;', 'SA663', 1, to_date('20100901','YYYYMMDD'), to_date('20110301','YYYYMMDD'), '01402606352', '', '', false);
insert into DiagramParts values('PM32-01_0606-01402606351', 'PM32-01_0606', 14, 'Operating instructions, radio &quot;zh&quot;', 'SA663', 1, to_date('20100901','YYYYMMDD'), to_date('20110301','YYYYMMDD'), '01402606351', '', '', false);
insert into DiagramParts values('PM32-01_0606-01402606353', 'PM32-01_0606', 15, 'Operating instructions for radio &quot;ko&quot;', 'SA663', 1, to_date('20100901','YYYYMMDD'), to_date('20110301','YYYYMMDD'), '01402606353', '', '', false);
insert into DiagramParts values('PM32-01_0606-01402606355', 'PM32-01_0606', 16, 'Operating instructions for radio &apos;ro&apos;', 'SA663', 1, to_date('20100901','YYYYMMDD'), to_date('20110301','YYYYMMDD'), '01402606355', '', '', false);
insert into DiagramParts values('PM32-01_0606-01402606354', 'PM32-01_0606', 17, 'Operating instructions for radio &quot;ru&quot;', 'SA663', 1, to_date('20100901','YYYYMMDD'), to_date('20110301','YYYYMMDD'), '01402606354', '', '', false);
insert into DiagramParts values('PM32-01_0606-01402606356', 'PM32-01_0606', 18, 'Operating Instructions for radio &quot;sk&quot;', 'SA663', 1, to_date('20100901','YYYYMMDD'), to_date('20110301','YYYYMMDD'), '01402606356', '', '', false);
insert into DiagramParts values('PM32-01_0606-01402606357', 'PM32-01_0606', 19, 'Operating instructions for radio &quot;cs&quot;', 'SA663', 1, to_date('20100901','YYYYMMDD'), to_date('20110301','YYYYMMDD'), '01402606357', '', '', false);
insert into Diagram values('PM32-01_0606','PM32-20070700','01-12','E90N 330i   Radio E81,E82,E87,E88, E90,E91,E92,E93','');
insert into Diagram values('PM32-01_0302','PM32-20070700','01-14','E90N 330i   Universal BMW mobile phone preparat.','');
insert into Diagram values('PM32-01_1128','PM32-20070700','01-19','E90N 330i   EC Certificate of Conformity','');
insert into Diagram values('PM32-01_0169','PM32-20070700','01-21','E90N 330i   Logbook slipcase BMW','');
insert into Diagram values('PM32-01_1140','PM32-20070700','01-21','E90N 330i   Logbook slipcase BMW','');
insert into DiagramParts values('PM32-01_0029-01412602302', 'PM32-01_0029', 01, 'Supplem. to owner&apos;s manual, Australia', 'E90,E91, MJ 09', 1, to_date('20090301','YYYYMMDD'), to_date('20090901','YYYYMMDD'), '01412602302', '', '', false);
insert into DiagramParts values('PM32-01_0029-01412603273', 'PM32-01_0029', 01, 'Supplement Owner&apos;s Manual, Australia', 'EN, E90, E91', 1, to_date('20090901','YYYYMMDD'), to_date('20100301','YYYYMMDD'), '01412603273', '', '', false);
insert into Diagram values('PM32-01_0029','PM32-20070700','01-24','E90N 330i   Supplem. to owner&apos;s manual, Australia','');
insert into DiagramParts values('PM32-01_0743-01492601593', 'PM32-01_0743', 01, 'Service booklet, multi-lingual', 'MJ 2009', 1, to_date('20080901','YYYYMMDD'), to_date('20090301','YYYYMMDD'), '01492601593', '', '', false);
insert into Diagram values('PM32-01_0743','PM32-20070700','01-26','E90N 330i   BMW Service Manual 2008 - 2011','');
insert into Diagram values('PM32-01_1139','PM32-20070700','01-26','E90N 330i   BMW Service Manual from model year 2012','');
insert into Diagram values('PM32-01_0670','PM32-20070700','01-35','E90N 330i   battery charge calendar','');
insert into Diagram values('PM32-01_0635','PM32-20070700','01-60','E90N 330i   BMW form','');
insert into Diagram values('PM32-01_0639','PM32-20070700','01-65','E90N 330i   Labels BMW','');
insert into Diagram values('PM32-01_0612','PM32-20070700','01-70','E90N 330i   CD/DVD SIP German BMW','');
insert into DiagramParts values('PM32-01_0671-01399789699', 'PM32-01_0671', 01, 'CD literature', 'LITERATUR', 1, to_date('19820901','YYYYMMDD'), to_date('19901201','YYYYMMDD'), '01399789699', '$8.11', '', false);
insert into Diagram values('PM32-01_0671','PM32-20070700','01-70','E90N 330i   BMW CD/DVD miscellaneous','');
insert into Diagram values('PM32-01_0737','PM32-20070700','01-70','E90N 330i   CD/DVD SIP complete vehicle BMW','');
insert into Diagram values('PM32-01_1172','PM32-20070700','01-70','E90N 330i   DVD Web Based Training','');
insert into Diagram values('PM32-01_0875','PM32-20070700','01-94','E90N 330i   Sample chart, upholstery colors, leather','');
insert into Diagram values('PM32-01_0876','PM32-20070700','01-94','E90N 330i   Sample page, upholstery colors, fabric','');
insert into Diagram values('PM32-01_0877','PM32-20070700','01-94','E90N 330i   Sample chart with interior moldings','');
insert into Diagram values('PM32-01_0878','PM32-20070700','01-94','E90N 330i   Sample chart with interior moldings','');
insert into Diagram values('PM32-01_0879','PM32-20070700','01-94','E90N 330i   Sample chart with interior colors','');
insert into Diagram values('PM32-11_3730','PM32-20070700','11-05','E90N 330i   Short Engine','');
insert into Diagram values('PM32-11_3731','PM32-20070700','11-10','E90N 330i   Engine block','');
insert into Diagram values('PM32-11_3732','PM32-20070700','11-10','E90N 330i   Engine Block Mounting Parts','');
insert into Diagram values('PM32-11_3742','PM32-20070700','11-10','E90N 330i   Cylinder crankcase/Heli-Coil insert','');
insert into Diagram values('PM32-11_3834','PM32-20070700','11-10','E90N 330i   Oil Pan','');
insert into Diagram values('PM32-11_3994','PM32-20070700','11-10','E90N 330i   Oil Pan','');
insert into Diagram values('PM32-11_3734','PM32-20070700','11-15','E90N 330i   Cylinder Head','');
insert into Diagram values('PM32-11_3735','PM32-20070700','11-15','E90N 330i   Cylinder Head Attached Parts','');
insert into Diagram values('PM32-11_3736','PM32-20070700','11-15','E90N 330i   Cylinder head, electr. add-on parts','');
insert into Diagram values('PM32-11_3737','PM32-20070700','11-15','E90N 330i   Cylinder head cover','');
insert into Diagram values('PM32-11_3739','PM32-20070700','11-18','E90N 330i   Belt Drive-Vibration Damper','');
insert into Diagram values('PM32-11_3740','PM32-20070700','11-18','E90N 330i   Belt drive-generator/AC/power steering','');
insert into Diagram values('PM32-11_3185','PM32-20070700','11-20','E90N 330i   Crankshaft Connecting Rod','');
insert into Diagram values('PM32-11_3186','PM32-20070700','11-20','E90N 330i   Crankshaft-Pistons','');
insert into Diagram values('PM32-11_3187','PM32-20070700','11-20','E90N 330i   Flywheel / Twin Mass Flywheel','');
insert into Diagram values('PM32-11_3188','PM32-20070700','11-20','E90N 330i   Flywheel automatic','');
insert into Diagram values('PM32-11_3741','PM32-20070700','11-20','E90N 330i   Crankshaft With Bearing Shells','');
insert into Diagram values('PM32-11_3746','PM32-20070700','11-25','E90N 330i   Timing and valve train-timing chain','');
insert into Diagram values('PM32-11_3747','PM32-20070700','11-25','E90N 330i   Valve timing gear, camshaft, inlet','');
insert into Diagram values('PM32-11_3748','PM32-20070700','11-25','E90N 330i   Valve timing gear, eccentric shaft','');
insert into Diagram values('PM32-11_3750','PM32-20070700','11-25','E90N 330i   Valve timing gear, camshaft, outlet','');
insert into Diagram values('PM32-11_3751','PM32-20070700','11-30','E90N 330i   Lubrication system/Oil pump','');
insert into Diagram values('PM32-11_3752','PM32-20070700','11-30','E90N 330i   Lubrication system/Oil pump drive','');
insert into Diagram values('PM32-11_3753','PM32-20070700','11-30','E90N 330i   Lubricat.syst.-oil filter,heat exchanger','');
insert into Diagram values('PM32-11_3754','PM32-20070700','11-35','E90N 330i   Waterpump - Thermostat','');
insert into Diagram values('PM32-11_3755','PM32-20070700','11-35','E90N 330i   Cooling System Water Hoses','');
insert into Diagram values('PM32-11_3756','PM32-20070700','11-40','E90N 330i   Intake manifold system','');
insert into Diagram values('PM32-11_3757','PM32-20070700','11-40','E90N 330i   MOUNTING PARTS F INTAKE MANIFOLD SYSTEM','');
insert into Diagram values('PM32-11_3758','PM32-20070700','11-45','E90N 330i   Vacuum pump','');
insert into DiagramParts values('PM32-12_1417-12137551049', 'PM32-12_1417', 01, 'Ignition coil', 'BOSCH', 6, to_date('20060401','YYYYMMDD'), to_date('20071001','YYYYMMDD'), '12137551049', '', 'ENDED', false);
insert into DiagramParts values('PM32-12_1417-12137571643', 'PM32-12_1417', 01, 'Ignition coil', 'BOSCH', 6, to_date('20060401','YYYYMMDD'), to_date('20090301','YYYYMMDD'), '12137571643', '', 'ENDED', false);
insert into Diagram values('PM32-12_1417','PM32-20070700','12-05','E90N 330i   Ignition coil/spark plug','');
insert into Diagram values('PM32-12_1394','PM32-20070700','12-10','E90N 330i   Basic control unit DME / MSV80','');
insert into Diagram values('PM32-12_1463','PM32-20070700','12-10','E90N 330i   Notice, basic control module for DME','');
insert into Diagram values('PM32-12_1198','PM32-20070700','12-20','E90N 330i   Generator','');
insert into Diagram values('PM32-12_1245','PM32-20070700','12-22','E90N 330i   Alternator, individual parts','');
insert into Diagram values('PM32-12_1161','PM32-20070700','12-25','E90N 330i   Starter','');
insert into Diagram values('PM32-12_1070','PM32-20070700','12-28','E90N 330i   Engine wiring harness, engine module','');
insert into Diagram values('PM32-12_1095','PM32-20070700','12-28','E90N 330i   wiring harness, engine trans. module','');
insert into Diagram values('PM32-12_1341','PM32-20070700','12-28','E90N 330i   Cable harness injection valve/ignition','');
insert into Diagram values('PM32-12_1339','PM32-20070700','12-29','E90N 330i   Cable starter','');
insert into Diagram values('PM32-12_1376','PM32-20070700','12-30','E90N 330i   Interference-suppression band','');
insert into Diagram values('PM32-12_0907','PM32-20070700','12-31','E90N 330i   Cable holder','');
insert into Diagram values('PM32-12_1238','PM32-20070700','12-31','E90N 330i   CABLE HOLDER/COVERING','');
insert into Diagram values('PM32-12_1328','PM32-20070700','12-31','E90N 330i   Cable Harness Fixings','');
insert into Diagram values('PM32-12_1340','PM32-20070700','12-31','E90N 330i   Cable Harness Fixings','');
insert into Diagram values('PM32-12_1043','PM32-20070700','12-32','E90N 330i   Laminated contacts/spring contacts','');
insert into Diagram values('PM32-12_1459','PM32-20070700','12-32','E90N 330i   Contact system MLK','');
insert into Diagram values('PM32-12_0495','PM32-20070700','12-35','E90N 330i   RELAY MOTOR','');
insert into Diagram values('PM32-12_1327','PM32-20070700','12-35','E90N 330i   Control unit box','');
insert into Diagram values('PM32-13_1034','PM32-20070700','13-15','E90N 330i   FUEL TANK BREATHER VALVE','');
insert into Diagram values('PM32-13_1129','PM32-20070700','13-15','E90N 330i   FUEL INJECTION SYSTEM/INJECTION VALVE','');
insert into Diagram values('PM32-13_1130','PM32-20070700','13-15','E90N 330i   Throttle Housing Assy','');
insert into Diagram values('PM32-13_1147','PM32-20070700','13-20','E90N 330i   Intake muffler/Filter cartridge/HFM','');
insert into Diagram values('PM32-13_1280','PM32-20070700','13-95','E90N 330i   BMW Performance air-induction system','');
insert into Diagram values('PM32-16_0595','PM32-20070700','16-05','E90N 330i   Fuel tank/mounting parts','');
insert into Diagram values('PM32-16_0597','PM32-20070700','16-10','E90N 330i   Activated Charcoal Filter/FUEL VENTILAT','');
insert into Diagram values('PM32-16_0596','PM32-20070700','16-15','E90N 330i   Fuel pipes / Mounting parts','');
insert into Diagram values('PM32-16_0598','PM32-20070700','16-15','E90N 330i   Control unit for fuel pump','');
insert into Diagram values('PM32-16_0601','PM32-20070700','16-15','E90N 330i   Fuel filter/pump/fuel level sensor','');
insert into Diagram values('PM32-16_0746','PM32-20070700','16-15','E90N 330i   FUEL PIPES AND FUEL FILTERS','');
insert into Diagram values('PM32-17_0319','PM32-20070700','17-05','E90N 330i   Oil-cooler pipe/heat exchanger','');
insert into Diagram values('PM32-17_0322','PM32-20070700','17-05','E90N 330i   Expansion tank','');
insert into Diagram values('PM32-17_0323','PM32-20070700','17-05','E90N 330i   MOUNTING PARTS F RADIATOR','');
insert into Diagram values('PM32-17_0324','PM32-20070700','17-05','E90N 330i   Fan housing, mounting parts','');
insert into Diagram values('PM32-17_0350','PM32-20070700','17-30','E90N 330i   Cooling System Water Hoses','');
insert into Diagram values('PM32-17_0351','PM32-20070700','17-30','E90N 330i   Cooling System Water Hoses','');
insert into Diagram values('PM32-17_0699','PM32-20070700','17-30','E90N 330i   Cooling system coolant hoses','');
insert into Diagram values('PM32-17_0700','PM32-20070700','17-30','E90N 330i   Cooling system coolant hoses','');
insert into Diagram values('PM32-17_0701','PM32-20070700','17-30','E90N 330i   Cooling system coolant hoses','');
insert into Diagram values('PM32-17_0704','PM32-20070700','17-30','E90N 330i   Cooling system coolant hoses','');
insert into DiagramParts values('PM32-18_0587-18407596877', 'PM32-18_0587', 01, 'Rmfd exhaust manifold with catalyst', 'ZYL.1-3 ULEV2', 1, to_date('20090901','YYYYMMDD'), to_date('20120901','YYYYMMDD'), '18407596877', '', '', false);
insert into DiagramParts values('PM32-18_0587-18407596879', 'PM32-18_0587', 02, 'Rmfd exhaust manifold with catalyst', 'ZYL.4-6 ULEV2', 1, to_date('20090901','YYYYMMDD'), to_date('20120901','YYYYMMDD'), '18407596879', '', '', false);
insert into Diagram values('PM32-18_0587','PM32-20070700','18-10','E90N 330i   Exhaust manifold with catalyst','');
insert into Diagram values('PM32-18_0610','PM32-20070700','18-10','E90N 330i   Lambda Probe Fixings','');
insert into Diagram values('PM32-18_0589','PM32-20070700','18-20','E90N 330i   Exhaust system, rear','');
insert into Diagram values('PM32-18_0612','PM32-20070700','18-20','E90N 330i   Vacuum control, exhaust flap','');
insert into Diagram values('PM32-18_0797','PM32-20070700','18-95','E90N 330i   BMW Performance muffler system','');
insert into Diagram values('PM32-21_0227','PM32-20070700','21-05','E90N 330i   Clutch','');
insert into Diagram values('PM32-21_0208','PM32-20070700','21-10','E90N 330i   Clutch control','');
insert into Diagram values('PM32-22_0113','PM32-20070700','22-05','E90N 330i   Engine Suspension','');
insert into Diagram values('PM32-22_0106','PM32-20070700','22-10','E90N 330i   Gearbox suspension','');
insert into Diagram values('PM32-23_0918','PM32-20070700','23-05','E90N 330i   Manual transmission GS6-37BZ/DZ','');
insert into Diagram values('PM32-23_0979','PM32-20070700','23-10','E90N 330i   GEARBOX MOUNTING PARTS','');
insert into Diagram values('PM32-23_1053','PM32-20070700','23-15','E90N 330i   GS6-37BZ/DZ Sealing and mount. parts','');
insert into Diagram values('PM32-23_1054','PM32-20070700','23-15','E90N 330i   GS6-37BZ/DZ Gear shift components','');
insert into Diagram values('PM32-24_1024','PM32-20070700','24-05','E90N 330i   Automatic transmission GA6HP19Z','');
insert into Diagram values('PM32-24_1078','PM32-20070700','24-05','E90N 330i   Automatic transmission GA6L45R','');
insert into Diagram values('PM32-24_1079','PM32-20070700','24-10','E90N 330i   GEARBOX MOUNTING PARTS','');
insert into Diagram values('PM32-24_1042','PM32-20070700','24-15','E90N 330i   GA6HP19Z housing with mounting parts','');
insert into Diagram values('PM32-24_1044','PM32-20070700','24-15','E90N 330i   GA6HP19Z oil pan','');
insert into DiagramParts values('PM32-24_1045-24201422170', 'PM32-24_1045', 04, 'Collar nut', 'M27X1,5', 1, to_date('20100901','YYYYMMDD'), to_date('20110901','YYYYMMDD'), '24201422170', '', 'ENDED', false);
insert into DiagramParts values('PM32-24_1045-24207571212', 'PM32-24_1045', 05, 'Shaft seal', '28X35,5X5,2', 1, to_date('20100901','YYYYMMDD'), to_date('20110901','YYYYMMDD'), '24207571212', '', 'ENDED', false);
insert into Diagram values('PM32-24_1045','PM32-20070700','24-15','E90N 330i   GA6HP19Z output','');
insert into Diagram values('PM32-24_1046','PM32-20070700','24-15','E90N 330i   GA6HP19Z Mechatronics','');
insert into Diagram values('PM32-24_1047','PM32-20070700','24-15','E90N 330i   GA6HP19Z Mechatronics mounting parts','');
insert into Diagram values('PM32-24_1101','PM32-20070700','24-15','E90N 330i   GA6L45R Drive','');
insert into Diagram values('PM32-24_1102','PM32-20070700','24-15','E90N 330i   GA6L45R output','');
insert into Diagram values('PM32-24_1103','PM32-20070700','24-15','E90N 330i   GA6L45R oil pan','');
insert into Diagram values('PM32-24_1104','PM32-20070700','24-15','E90N 330i   GA6L45R gearshift','');
insert into Diagram values('PM32-24_1105','PM32-20070700','24-15','E90N 330i   GA6L45R Mechatronics','');
insert into Diagram values('PM32-24_1372','PM32-20070700','24-15','E90N 330i   Fluid-change kit, autom. transmission','');
insert into Diagram values('PM32-25_0388','PM32-20070700','25-05','E90N 330i   Gearbox shifting part','');
insert into Diagram values('PM32-25_0454','PM32-20070700','25-10','E90N 330i   GEAR SHIFT KNOBS/SHIFT LEVER COVERINGS','');
insert into Diagram values('PM32-25_0461','PM32-20070700','25-10','E90N 330i   Performance shift knob','');
insert into Diagram values('PM32-25_0436','PM32-20070700','25-20','E90N 330i   AUTOM.TRANSMISS.STEPTRONIC SHIFT PARTS','');
insert into Diagram values('PM32-25_0404','PM32-20070700','25-25','E90N 330i   Selector lever handles / Covers','');
insert into Diagram values('PM32-25_0416','PM32-20070700','25-95','E90N 330i   Retrofit, wooden gearshift knob','');
insert into Diagram values('PM32-25_0417','PM32-20070700','25-95','E90N 330i   Retrofit, wooden selector lever knob','');
insert into Diagram values('PM32-25_0437','PM32-20070700','25-95','E90N 330i   Sports gearshift knob','');
insert into Diagram values('PM32-25_0463','PM32-20070700','25-95','E90N 330i   Retrofit, sport switch knob','');
insert into Diagram values('PM32-25_0464','PM32-20070700','25-95','E90N 330i   Retrofit, selector lever grip','');
insert into Diagram values('PM32-25_0470','PM32-20070700','25-95','E90N 330i   BMW Performance shift, manual trans.','');
insert into Diagram values('PM32-25_0479','PM32-20070700','25-95','E90N 330i   BMW Performance shift, manual trans.','');
insert into Diagram values('PM32-25_0484','PM32-20070700','25-95','E90N 330i   BMW Performance selector lever handle','');
insert into Diagram values('PM32-26_0216','PM32-20070700','26-05','E90N 330i   Drive shaft/HAG-universal joint','');
insert into Diagram values('PM32-26_0218','PM32-20070700','26-10','E90N 330i   Center bearing/HAG Hardy coupling','');
insert into Diagram values('PM32-31_0697','PM32-20070700','31-05','E90N 330i   HEADLIGHT VERTICAL AIM CONTROL SENSOR','');
insert into Diagram values('PM32-31_0715','PM32-20070700','31-05','E90N 330i   Frnt axle support,wishbone/tension strut','');
insert into DiagramParts values('PM32-31_0694-31316786001', 'PM32-31_0694', 01, 'LEFT FRONT SPRING STRUT', 'SACHS', 1, to_date('20091001','YYYYMMDD'), to_date('20100401','YYYYMMDD'), '31316786001', '$281.25', '', false);
insert into DiagramParts values('PM32-31_0694-31316786002', 'PM32-31_0694', 01, 'FRONT RIGHT SPRING STRUT', 'SACHS', 1, to_date('20091001','YYYYMMDD'), to_date('20100401','YYYYMMDD'), '31316786002', '$281.25', '', false);
insert into DiagramParts values('PM32-31_0694-31316786003', 'PM32-31_0694', 01, 'LEFT FRONT SPRING STRUT', 'SACHS', 1, to_date('20091001','YYYYMMDD'), to_date('20100401','YYYYMMDD'), '31316786003', '$309.71', '', false);
insert into DiagramParts values('PM32-31_0694-31316786004', 'PM32-31_0694', 01, 'FRONT RIGHT SPRING STRUT', 'SACHS', 1, to_date('20091001','YYYYMMDD'), to_date('20100401','YYYYMMDD'), '31316786004', '$309.71', '', false);
insert into Diagram values('PM32-31_0694','PM32-20070700','31-10','E90N 330i   Front Spring strut/Carrier/Wheel bearing','');
insert into Diagram values('PM32-31_0698','PM32-20070700','31-10','E90N 330i   FRONT COIL SPRING','');
insert into Diagram values('PM32-31_0716','PM32-20070700','31-10','E90N 330i   GUIDE SUPPORT/SPRING PAD/ATTACHING PARTS','');
insert into Diagram values('PM32-31_0728','PM32-20070700','31-10','E90N 330i   Stabilizer, front','');
insert into Diagram values('PM32-31_0839','PM32-20070700','31-95','E90N 330i   Performance suspension','');
insert into Diagram values('PM32-32_1509','PM32-20070700','32-10','E90N 330i   Hydro steering box','');
insert into Diagram values('PM32-32_1562','PM32-20070700','32-10','E90N 330i   Hydro steering box-Active steering (AFS)','');
insert into Diagram values('PM32-32_1571','PM32-20070700','32-10','E90N 330i   Control unit, active steering','');
insert into DiagramParts values('PM32-32_1660-31356757707', 'PM32-32_1660', 03, 'Hex nut with plate', 'M10 ZNS3', 2, to_date('20100901','YYYYMMDD'), to_date('20110501','YYYYMMDD'), '31356757707', '$1.00', '', false);
insert into Diagram values('PM32-32_1660','PM32-20070700','32-12','E90N 330i   Steering unit, electric (EPS)','');
insert into Diagram values('PM32-32_1572','PM32-20070700','32-15','E90N 330i   Power steering pump','');
insert into Diagram values('PM32-32_1573','PM32-20070700','32-15','E90N 330i   Power steering pump/Active steering','');
insert into Diagram values('PM32-32_1567','PM32-20070700','32-20','E90N 330i   OIL CARRIER/SINGLE PARTS','');
insert into Diagram values('PM32-32_1568','PM32-20070700','32-20','E90N 330i   Oil reservoir/components/Active steering','');
insert into Diagram values('PM32-32_1569','PM32-20070700','32-20','E90N 330i   HYDRO STEERING-OIL PIPES','');
insert into Diagram values('PM32-32_1570','PM32-20070700','32-20','E90N 330i   HYDRO STEERING-OIL PIPES','');
insert into Diagram values('PM32-32_1574','PM32-20070700','32-20','E90N 330i   Power steering/oil pipe/Active steering','');
insert into Diagram values('PM32-32_1575','PM32-20070700','32-20','E90N 330i   Power steering/oil pipe/Active steering','');
insert into Diagram values('PM32-32_1510','PM32-20070700','32-25','E90N 330i   STEERING LINKAGE/TIE RODS','');
insert into Diagram values('PM32-32_1515','PM32-20070700','32-30','E90N 330i   Manually adjust. steering column','');
insert into Diagram values('PM32-32_1516','PM32-20070700','32-30','E90N 330i   STEER.COL.-LOWER JOINT ASSY','');
insert into Diagram values('PM32-32_1518','PM32-20070700','32-35','E90N 330i   Airbag sports steering wheel','');
insert into Diagram values('PM32-32_1519','PM32-20070700','32-35','E90N 330i   Airbag sports steering wheel multifunct.','');
insert into Diagram values('PM32-32_1564','PM32-20070700','32-35','E90N 330i   Leather steering wheel','');
insert into Diagram values('PM32-32_1565','PM32-20070700','32-35','E90N 330i   Steering wheel, leather, multif./airbag','');
insert into Diagram values('PM32-32_1566','PM32-20070700','32-35','E90N 330i   Sports st. wheel airbag multif./paddles','');
insert into Diagram values('PM32-32_1605','PM32-20070700','32-35','E90N 330i   M sports steer.-wheel, airbag, leather','');
insert into Diagram values('PM32-32_1617','PM32-20070700','32-35','E90N 330i   M sports strng whl,airbag,multifunction','');
insert into Diagram values('PM32-32_1635','PM32-20070700','32-35','E90N 330i   M Sp. st. wh. airbag multif./paddles','');
insert into Diagram values('PM32-32_1654','PM32-20070700','32-35','E90N 330i   Leather cover','');
insert into Diagram values('PM32-32_1590','PM32-20070700','32-95','E90N 330i   Cover for wood steering wheel','');
insert into Diagram values('PM32-32_1592','PM32-20070700','32-95','E90N 330i   Retrofit multi-functional steering wheel','');
insert into Diagram values('PM32-32_1730','PM32-20070700','32-95','E90N 330i   Cover, steering wheel','');
insert into Diagram values('PM32-32_1731','PM32-20070700','32-95','E90N 330i   Cover, multi-funct.steering wheel','');
insert into Diagram values('PM32-32_1773','PM32-20070700','32-95','E90N 330i   Performance steering wheel with display','');
insert into Diagram values('PM32-32_1778','PM32-20070700','32-95','E90N 330i   Performance steering wheel with display','');
insert into Diagram values('PM32-32_1834','PM32-20070700','32-95','E90N 330i   Performance steering wheel','');
insert into Diagram values('PM32-32_1835','PM32-20070700','32-95','E90N 330i   Performance steering wheel','');
insert into Diagram values('PM32-32_1838','PM32-20070700','32-95','E90N 330i   Retrofit, Servotronic','');
insert into Diagram values('PM32-32_1997','PM32-20070700','32-95','E90N 330i   Retrofit, Servotronic','');
insert into Diagram values('PM32-33_1250','PM32-20070700','33-05','E90N 330i   DIFFERENTIAL-DRIVE/OUTPUT','');
insert into Diagram values('PM32-33_1341','PM32-20070700','33-10','E90N 330i   Final drive, gasket set','');
insert into Diagram values('PM32-33_1252','PM32-20070700','33-25','E90N 330i   Output shaft','');
insert into Diagram values('PM32-33_1229','PM32-20070700','33-30','E90N 330i   REAR AXLE CARRIER','');
insert into Diagram values('PM32-33_1230','PM32-20070700','33-30','E90N 330i   REAR AXLE SUPPORT/WHEEL SUSPENSION','');
insert into Diagram values('PM32-33_1237','PM32-20070700','33-30','E90N 330i   HEADLIGHT VERTICAL AIM CONTROL SENSOR','');
insert into Diagram values('PM32-33_1231','PM32-20070700','33-40','E90N 330i   SIDE SHAFT/WHEEL BEARINGS','');
insert into Diagram values('PM32-33_1238','PM32-20070700','33-45','E90N 330i   REAR COIL SPRING','');
insert into DiagramParts values('PM32-33_1263-33526771725', 'PM32-33_1263', 01, 'Shock absorber, rear', 'SACHS', 2, to_date('20091001','YYYYMMDD'), to_date('20100401','YYYYMMDD'), '33526771725', '$150.86', '', false);
insert into DiagramParts values('PM32-33_1263-33526771729', 'PM32-33_1263', 01, 'Shock absorber, rear', 'SACHS', 2, to_date('20091001','YYYYMMDD'), to_date('20100401','YYYYMMDD'), '33526771729', '$165.96', '', false);
insert into Diagram values('PM32-33_1263','PM32-20070700','33-45','E90N 330i   REAR SPRING STRUT MOUNTING PARTS','');
insert into Diagram values('PM32-33_1280','PM32-20070700','33-45','E90N 330i   Stabilizer, rear','');
insert into DiagramParts values('PM32-33_1502-31316786003', 'PM32-33_1502', 01, 'LEFT FRONT SPRING STRUT', 'SACHS', 1, to_date('20091001','YYYYMMDD'), to_date('20100401','YYYYMMDD'), '31316786003', '$309.71', '', false);
insert into DiagramParts values('PM32-33_1502-31316786004', 'PM32-33_1502', 01, 'FRONT RIGHT SPRING STRUT', 'SACHS', 1, to_date('20091001','YYYYMMDD'), to_date('20100401','YYYYMMDD'), '31316786004', '$309.71', '', false);
insert into DiagramParts values('PM32-33_1502-33526771729', 'PM32-33_1502', 02, 'Shock absorber, rear', 'SACHS', 2, to_date('20091001','YYYYMMDD'), to_date('20100401','YYYYMMDD'), '33526771729', '$165.96', '', false);
insert into Diagram values('PM32-33_1502','PM32-20070700','33-95','E90N 330i   Single parts for M Sport suspension','');
insert into Diagram values('PM32-34_1474','PM32-20070700','34-05','E90N 330i   Front brake pad wear sensor','');
insert into Diagram values('PM32-34_1475','PM32-20070700','34-07','E90N 330i   Front brake-brake disc','');
insert into Diagram values('PM32-34_1476','PM32-20070700','34-10','E90N 330i   Rear brake pad wear sensor','');
insert into Diagram values('PM32-34_1478','PM32-20070700','34-12','E90N 330i   Rear wheel brake-Brake disc','');
insert into Diagram values('PM32-34_1486','PM32-20070700','34-15','E90N 330i   Brake pipe, front','');
insert into DiagramParts values('PM32-34_1487-34326784066', 'PM32-34_1487', 03, 'Pipe', 'M10/M12', 1, to_date('20050701','YYYYMMDD'), to_date('20110401','YYYYMMDD'), '34326784066', '', 'ENDED', false);
insert into DiagramParts values('PM32-34_1487-34326770555', 'PM32-34_1487', 04, 'Pipe', 'M10/M10-1188MM', 1, to_date('20050701','YYYYMMDD'), to_date('20110401','YYYYMMDD'), '34326770555', '', 'ENDED', false);
insert into Diagram values('PM32-34_1487','PM32-20070700','34-15','E90N 330i   Brake pipe, front','');
insert into Diagram values('PM32-34_1806','PM32-20070700','34-17','E90N 330i   Brake pipe rear','');
insert into Diagram values('PM32-34_1807','PM32-20070700','34-17','E90N 330i   Brake pipe rear','');
insert into Diagram values('PM32-34_1808','PM32-20070700','34-17','E90N 330i   Brake pipe rear','');
insert into Diagram values('PM32-34_1489','PM32-20070700','34-18','E90N 330i   BRAKE PIPE REAR/MOUNTING','');
insert into DiagramParts values('PM32-34_1695-34506863814', 'PM32-34_1695', 04, 'Torx screw with collar', 'M6X9-8.8-ZNNIV', 3, to_date('20080901','YYYYMMDD'), to_date('20130701','YYYYMMDD'), '34506863814', '', '', false);
insert into Diagram values('PM32-34_1695','PM32-20070700','34-20','E90N 330i   Hydro unit DSC/fastening/sensors','');
insert into Diagram values('PM32-34_1483','PM32-20070700','34-25','E90N 330i   Brake master cylinder','');
insert into Diagram values('PM32-34_1556','PM32-20070700','34-27','E90N 330i   Power brake unit depression','');
insert into Diagram values('PM32-34_1484','PM32-20070700','34-30','E90N 330i   Handbrake lever','');
insert into Diagram values('PM32-34_1485','PM32-20070700','34-40','E90N 330i   PARKING BRAKE/BRAKE SHOES','');
insert into Diagram values('PM32-34_1513','PM32-20070700','34-95','E90N 330i   Retrofit, handbrake handle','');
insert into Diagram values('PM32-34_1562','PM32-20070700','34-95','E90N 330i   Handbrake grip with chrome inlay','');
insert into Diagram values('PM32-34_1631','PM32-20070700','34-95','E90N 330i   Parking brake handle with clip','');
insert into Diagram values('PM32-34_1679','PM32-20070700','34-95','E90N 330i   Set of BMW Performance Brakes front/rear','');
insert into Diagram values('PM32-34_1681','PM32-20070700','34-95','E90N 330i   BMW Performance front wheel brake','');
insert into Diagram values('PM32-34_1687','PM32-20070700','34-95','E90N 330i   BMW Performance Rear wheel brake','');
insert into Diagram values('PM32-34_1717','PM32-20070700','34-95','E90N 330i   BMW Performance parking brake handle','');
insert into Diagram values('PM32-35_0291','PM32-20070700','35-05','E90N 330i   Foot lever mech. with return spring','');
insert into Diagram values('PM32-35_0292','PM32-20070700','35-05','E90N 330i   Foot lever mech. with return spring','');
insert into Diagram values('PM32-35_0293','PM32-20070700','35-05','E90N 330i   Pedal assembly','');
insert into Diagram values('PM32-35_0294','PM32-20070700','35-05','E90N 330i   Pedal assembly','');
insert into Diagram values('PM32-35_0274','PM32-20070700','35-20','E90N 330i   Acceleration/accelerator pedal module','');
insert into Diagram values('PM32-35_0275','PM32-20070700','35-95','E90N 330i   Aluminum pedal covers','');
insert into Diagram values('PM32-35_0315','PM32-20070700','35-95','E90N 330i   Set of high-grade steel pedal covers','');
insert into Diagram values('PM32-35_0327','PM32-20070700','35-95','E90N 330i   BMW Performance Alu pedal plates','');
insert into Diagram values('PM32-35_0377','PM32-20070700','35-95','E90N 330i   Aluminum pedal covers','');
insert into Diagram values('PM32-36_0840','PM32-20070700','36-15','E90N 330i   BMW light alloy wheel, spider spoke 158','');
insert into Diagram values('PM32-36_0841','PM32-20070700','36-15','E90N 330i   BMW light alloy wheel, spider spoke 159','');
insert into Diagram values('PM32-36_0842','PM32-20070700','36-15','E90N 330i   BMW light alloy wheel, spider spoke 160','');
insert into Diagram values('PM32-36_0843','PM32-20070700','36-15','E90N 330i   BMW alloy wheel, double spoke 161','');
insert into Diagram values('PM32-36_0844','PM32-20070700','36-15','E90N 330i   BMW LA wheel, ellipsoid styling 162','');
insert into Diagram values('PM32-36_0845','PM32-20070700','36-15','E90N 330i   BMW light alloy wheel, radial spoke 32','');
insert into Diagram values('PM32-36_0846','PM32-20070700','36-15','E90N 330i   BMW Composite wheel, star spoke 179','');
insert into Diagram values('PM32-36_0847','PM32-20070700','36-15','E90N 330i   BMW LA wheel/double spoke 195','');
insert into Diagram values('PM32-36_0848','PM32-20070700','36-15','E90N 330i   BMW light alloy wheel, radial spoke 196','');
insert into Diagram values('PM32-36_0849','PM32-20070700','36-15','E90N 330i   BMW light alloy wheel, cross spoke 197','');
insert into Diagram values('PM32-36_0850','PM32-20070700','36-15','E90N 330i   BMW composite wheel, radial spoke 198','');
insert into Diagram values('PM32-36_0851','PM32-20070700','36-15','E90N 330i   BMW light alloy wheel, spider spoke 199','');
insert into Diagram values('PM32-36_0900','PM32-20070700','36-15','E90N 330i   BMW light alloy wheel, radial spoke 216','');
insert into Diagram values('PM32-36_0929','PM32-20070700','36-15','E90N 330i   BMW LA Individual wheel V-spoke 152','');
insert into Diagram values('PM32-36_0930','PM32-20070700','36-15','E90N 330i   BMW alloy wheel, M spider spoke 193','');
insert into Diagram values('PM32-36_0931','PM32-20070700','36-15','E90N 330i   BMW alloy wheel, M double spoke 194','');
insert into Diagram values('PM32-36_0972','PM32-20070700','36-15','E90N 330i   BMW light alloy wheel, spider spoke 157','');
insert into Diagram values('PM32-36_0973','PM32-20070700','36-15','E90N 330i   BMW LA wheel, star spoke 185','');
insert into Diagram values('PM32-36_0974','PM32-20070700','36-15','E90N 330i   BMW light alloy wheel, spider spoke 187','');
insert into Diagram values('PM32-36_0975','PM32-20070700','36-15','E90N 330i   BMW light alloy wheel, V-spoke 188','');
insert into Diagram values('PM32-36_0976','PM32-20070700','36-15','E90N 330i   BMW LA wheel, star spoke 189','');
insert into Diagram values('PM32-36_0978','PM32-20070700','36-15','E90N 330i   BMW LA wheel, star spoke 230','');
insert into Diagram values('PM32-36_0980','PM32-20070700','36-15','E90N 330i   BMW LA forged wheel Radial Spoke 190','');
insert into Diagram values('PM32-36_0988','PM32-20070700','36-15','E90N 330i   BMW compound wheel M cross spoke 101','');
insert into Diagram values('PM32-36_1067','PM32-20070700','36-15','E90N 330i   BMW LA wheel Individual w. V spokes 228','');
insert into Diagram values('PM32-36_1127','PM32-20070700','36-15','E90N 330i   BMW alloy wheel, M double spoke 225','');
insert into Diagram values('PM32-36_1134','PM32-20070700','36-15','E90N 330i   BMW Performance LA wheel/double spoke269','');
insert into Diagram values('PM32-36_1288','PM32-20070700','36-15','E90N 330i   BMW LA wheel, multispoke 284','');
insert into Diagram values('PM32-36_1289','PM32-20070700','36-15','E90N 330i   BMW LA wheel, V-spoke 285','');
insert into Diagram values('PM32-36_1290','PM32-20070700','36-15','E90N 330i   BMW LA wheel, star spoke 286','');
insert into Diagram values('PM32-36_1291','PM32-20070700','36-15','E90N 330i   BMW LA wheel, star spoke 287','');
insert into Diagram values('PM32-36_1293','PM32-20070700','36-15','E90N 330i   BMW LA cast wheel Radial Spoke 190','');
insert into Diagram values('PM32-36_1317','PM32-20070700','36-15','E90N 330i   BMW LA wheel, Star Spoke 311','');
insert into Diagram values('PM32-36_1318','PM32-20070700','36-15','E90N 330i   BMW Performance LA wheel DoubleSpoke 313','');
insert into Diagram values('PM32-36_1467','PM32-20070700','36-15','E90N 330i   BMW LA wheel, V Spoke 342','');
insert into Diagram values('PM32-36_1478','PM32-20070700','36-15','E90N 330i   BMW LA wheel, Star Spoke 339','');
insert into Diagram values('PM32-36_1479','PM32-20070700','36-15','E90N 330i   BMW LA wheel, V Spoke 338','');
insert into Diagram values('PM32-36_1480','PM32-20070700','36-15','E90N 330i   BMW LA wheel, Star Spoke 340','');
insert into Diagram values('PM32-36_1481','PM32-20070700','36-15','E90N 330i   BMW LAW Double Spoke Performance 313','');
insert into Diagram values('PM32-36_1501','PM32-20070700','36-15','E90N 330i   BMW LA wheel, M Double Spoke 313','');
insert into Diagram values('PM32-36_0812','PM32-20070700','36-20','E90N 330i   Balance weight, zinc','');
insert into Diagram values('PM32-36_0811','PM32-20070700','36-25','E90N 330i   WHEEL BOLT LOCK WITH ADAPTOR','');
insert into Diagram values('PM32-36_1032','PM32-20070700','36-25','E90N 330i   SET WHEEL LOCKS','');
insert into Diagram values('PM32-36_1077','PM32-20070700','36-30','E90N 330i   Winter tires','');
insert into Diagram values('PM32-36_1668','PM32-20070700','36-30','E90N 330i   Summer tires','');
insert into Diagram values('PM32-36_0918','PM32-20070700','36-95','E90N 330i   Winter complete wheel double spoke 158','');
insert into Diagram values('PM32-36_0957','PM32-20070700','36-95','E90N 330i   COMPL.WINT.TYRE+WHEEL,RADIAL STYLING 32','');
insert into Diagram values('PM32-36_1170','PM32-20070700','36-95','E90N 330i   Winterkomplettrad Sternspeiche 159','');
insert into Diagram values('PM32-36_1274','PM32-20070700','36-95','E90N 330i   Set emergency wheel with tyre','');
insert into Diagram values('PM32-36_1430','PM32-20070700','36-95','E90N 330i   Winter complete wheel, Multi Spoke 284','');
insert into Diagram values('PM32-36_1449','PM32-20070700','36-95','E90N 330i   Spare tire system','');
insert into Diagram values('PM32-41_1670','PM32-20070700','41-05','E90N 330i   Body skeleton','');
insert into Diagram values('PM32-41_1596','PM32-20070700','41-10','E90N 330i   Front side panel','');
insert into Diagram values('PM32-41_1597','PM32-20070700','41-10','E90N 330i   WHEELHOUSE/ENGINE SUPPORT','');
insert into Diagram values('PM32-41_1598','PM32-20070700','41-10','E90N 330i   SPLASH WALL PARTS','');
insert into Diagram values('PM32-41_1599','PM32-20070700','41-10','E90N 330i   FRONT BODY BRACKET LEFT','');
insert into Diagram values('PM32-41_1600','PM32-20070700','41-10','E90N 330i   FRONT BODY BRACKET RIGHT','');
insert into Diagram values('PM32-41_1605','PM32-20070700','41-20','E90N 330i   Partition trunk/Floor parts','');
insert into Diagram values('PM32-41_1637','PM32-20070700','41-20','E90N 330i   Cavity shielding, side frame','');
insert into Diagram values('PM32-41_1642','PM32-20070700','41-20','E90N 330i   BODY-SIDE FRAME','');
insert into Diagram values('PM32-41_1643','PM32-20070700','41-20','E90N 330i   SINGLE COMPONENTS FOR BODY-SIDE FRAME','');
insert into Diagram values('PM32-41_1673','PM32-20070700','41-25','E90N 330i   Mounting parts for trunk floor panel','');
insert into Diagram values('PM32-41_1674','PM32-20070700','41-25','E90N 330i   FLOOR PARTS REAR EXTERIOR','');
insert into Diagram values('PM32-41_1675','PM32-20070700','41-25','E90N 330i   Rear side panel','');
insert into Diagram values('PM32-41_1676','PM32-20070700','41-25','E90N 330i   FILL-IN FLAP','');
insert into Diagram values('PM32-41_1601','PM32-20070700','41-30','E90N 330i   Roof','');
insert into Diagram values('PM32-41_1641','PM32-20070700','41-35','E90N 330i   ENGINE HOOD MECHANISM','');
insert into Diagram values('PM32-41_2205','PM32-20070700','41-35','E90N 330i   ENGINE HOOD/MOUNTING PARTS','');
insert into Diagram values('PM32-41_1612','PM32-20070700','41-40','E90N 330i   FRONT DOOR-HINGE/DOOR BRAKE','');
insert into Diagram values('PM32-41_1635','PM32-20070700','41-40','E90N 330i   Door weatherstrip front','');
insert into Diagram values('PM32-41_1639','PM32-20070700','41-40','E90N 330i   Radio remote control','');
insert into Diagram values('PM32-41_1973','PM32-20070700','41-40','E90N 330i   DOOR CONTROL FRONT','');
insert into Diagram values('PM32-41_1613','PM32-20070700','41-45','E90N 330i   Door rear, hinge/door brake','');
insert into Diagram values('PM32-41_1634','PM32-20070700','41-45','E90N 330i   DOOR CONTROL REAR','');
insert into Diagram values('PM32-41_1636','PM32-20070700','41-45','E90N 330i   Door weatherstrip rear','');
insert into Diagram values('PM32-41_1678','PM32-20070700','41-50','E90N 330i   Master key locking','');
insert into Diagram values('PM32-41_1638','PM32-20070700','41-60','E90N 330i   SINGLE COMPONENTS FOR TRUNK LID','');
insert into Diagram values('PM32-41_1677','PM32-20070700','41-60','E90N 330i   TRUNK LID/CLOSING SYSTEM','');
insert into Diagram values('PM32-41_1607','PM32-20070700','41-65','E90N 330i   MECHANICAL CONNECTION ELEMENTS','');
insert into Diagram values('PM32-51_5644','PM32-20070700','51-05','E90N 330i   Glazing','');
insert into DiagramParts values('PM32-51_6939-51167158902', 'PM32-51_6939', 01, 'Mirror glas, heated, wide-angle, right', 'BLAU', 1, to_date('20080901','YYYYMMDD'), to_date('20090301','YYYYMMDD'), '51167158902', '', '', false);
insert into DiagramParts values('PM32-51_6939-51167158910', 'PM32-51_6939', 03, 'Mirror glas, heated, wide-angle, right', 'BLAU', 1, to_date('20080901','YYYYMMDD'), to_date('20090301','YYYYMMDD'), '51167158910', '', '', false);
insert into Diagram values('PM32-51_6939','PM32-20070700','51-07','E90N 330i   MIRROR GLASS','');
insert into Diagram values('PM32-51_6940','PM32-20070700','51-07','E90N 330i   Mirror glas with auto dip','');
insert into Diagram values('PM32-51_6946','PM32-20070700','51-07','E90N 330i   Outside mirror','');
insert into Diagram values('PM32-51_6947','PM32-20070700','51-07','E90N 330i   Fold-in outside mirror','');
insert into Diagram values('PM32-51_6948','PM32-20070700','51-07','E90N 330i   Outside mirror bright-black','');
insert into Diagram values('PM32-51_6949','PM32-20070700','51-07','E90N 330i   Fold-in outside mirror, bright-black','');
insert into Diagram values('PM32-51_5713','PM32-20070700','51-10','E90N 330i   Window frame cover, front door','');
insert into Diagram values('PM32-51_5730','PM32-20070700','51-10','E90N 330i   DOOR WINDOW LIFTING MECHANISM FRONT','');
insert into Diagram values('PM32-51_5723','PM32-20070700','51-12','E90N 330i   Window frame cover, rear door','');
insert into Diagram values('PM32-51_5731','PM32-20070700','51-12','E90N 330i   DOOR WINDOW LIFTING MECHANISM REAR','');
insert into Diagram values('PM32-51_5812','PM32-20070700','51-15','E90N 330i   Carrier, bumper front','');
insert into Diagram values('PM32-51_6966','PM32-20070700','51-15','E90N 330i   Trim panel, bumper, front','');
insert into Diagram values('PM32-51_7022','PM32-20070700','51-15','E90N 330i   M FRONT BUMPER TRIM PANEL','');
insert into Diagram values('PM32-51_7019','PM32-20070700','51-16','E90N 330i   M door sill trim panel','');
insert into Diagram values('PM32-51_7020','PM32-20070700','51-16','E90N 330i   Door sill','');
insert into Diagram values('PM32-51_5824','PM32-20070700','51-17','E90N 330i   Carrier, bumper rear','');
insert into Diagram values('PM32-51_5828','PM32-20070700','51-17','E90N 330i   Bumper trim panel, rear','');
insert into Diagram values('PM32-51_5829','PM32-20070700','51-17','E90N 330i   REAR BUMPER MOUNTING PARTS','');
insert into Diagram values('PM32-51_5973','PM32-20070700','51-17','E90N 330i   M REAR BUMPER TRIM','');
insert into Diagram values('PM32-51_5732','PM32-20070700','51-20','E90N 330i   Exterior trim and door seals','');
insert into Diagram values('PM32-51_5740','PM32-20070700','51-20','E90N 330i   Exterior trim / Grille / Seals','');
insert into Diagram values('PM32-51_5849','PM32-20070700','51-20','E90N 330i   Emblems','');
insert into Diagram values('PM32-51_6004','PM32-20070700','51-25','E90N 330i   Police sticker','');
insert into Diagram values('PM32-51_6674','PM32-20070700','51-25','E90N 330i   Paramedic sticker','');
insert into Diagram values('PM32-51_5710','PM32-20070700','51-30','E90N 330i   Trim panel dashboard, support tube','');
insert into Diagram values('PM32-51_5719','PM32-20070700','51-30','E90N 330i   Cup holder','');
insert into Diagram values('PM32-51_5721','PM32-20070700','51-30','E90N 330i   GLOVE BOX','');
insert into Diagram values('PM32-51_9121','PM32-20070700','51-30','E90N 330i   Mounting parts, I-panel, bottom I','');
insert into Diagram values('PM32-51_9185','PM32-20070700','51-30','E90N 330i   Mounting parts, I-panel, top','');
insert into Diagram values('PM32-51_5722','PM32-20070700','51-35','E90N 330i   CENTER CONSOLE STORING PARTITION','');
insert into Diagram values('PM32-51_5724','PM32-20070700','51-35','E90N 330i   STORING PARTITION COVER','');
insert into Diagram values('PM32-51_5725','PM32-20070700','51-35','E90N 330i   Mounting parts, center console, rear','');
insert into Diagram values('PM32-51_5726','PM32-20070700','51-35','E90N 330i   Armrest, centre console','');
insert into DiagramParts values('PM32-51_5830-51169221750', 'PM32-51_5830', 01, 'Rearview mirror EC/LED/GTO/FLA/RC', '868 MHZ', 1, to_date('20090901','YYYYMMDD'), to_date('20100301','YYYYMMDD'), '51169221750', '', 'ENDED', false);
insert into Diagram values('PM32-51_5830','PM32-20070700','51-40','E90N 330i   Interior mirror','');
insert into Diagram values('PM32-51_5832','PM32-20070700','51-40','E90N 330i   Sun visors','');
insert into Diagram values('PM32-51_5834','PM32-20070700','51-40','E90N 330i   Handle','');
insert into Diagram values('PM32-51_5839','PM32-20070700','51-40','E90N 330i   Trim panel A- / B- / C-Column','');
insert into Diagram values('PM32-51_5840','PM32-20070700','51-40','E90N 330i   Headlining','');
insert into Diagram values('PM32-51_5842','PM32-20070700','51-40','E90N 330i   Rear window shelf / sun blind electr.','');
insert into Diagram values('PM32-51_5716','PM32-20070700','51-45','E90N 330i   Interior moldings Titan Line','');
insert into Diagram values('PM32-51_5717','PM32-20070700','51-45','E90N 330i   Interior trim finishers, aluminium','');
insert into Diagram values('PM32-51_5718','PM32-20070700','51-45','E90N 330i   Fine wood trim burr walnut','');
insert into Diagram values('PM32-51_6601','PM32-20070700','51-45','E90N 330i   Interior strips, aluminum, glaciersilber','');
insert into Diagram values('PM32-51_6984','PM32-20070700','51-45','E90N 330i   Alum. interior strips ground lengthwise','');
insert into Diagram values('PM32-51_6986','PM32-20070700','51-45','E90N 330i   Interior strips, high-gloss, spacegrau','');
insert into Diagram values('PM32-51_7035','PM32-20070700','51-45','E90N 330i   Interior strips, diamantschwarz','');
insert into Diagram values('PM32-51_7038','PM32-20070700','51-45','E90N 330i   Fine woodgrain version, walnut trunk','');
insert into Diagram values('PM32-51_7097','PM32-20070700','51-45','E90N 330i   Interior strips, satin-silber','');
insert into Diagram values('PM32-51_7803','PM32-20070700','51-45','E90N 330i   Int. strips, bamboo, grained, anthracite','');
insert into Diagram values('PM32-51_7950','PM32-20070700','51-45','E90N 330i   Interior moldings, platin-bronze','');
insert into Diagram values('PM32-51_5835','PM32-20070700','51-50','E90N 330i   Door trim panel, front','');
insert into Diagram values('PM32-51_5836','PM32-20070700','51-50','E90N 330i   Door trim, rear','');
insert into Diagram values('PM32-51_5837','PM32-20070700','51-50','E90N 330i   Door panel, rear window blind','');
insert into Diagram values('PM32-51_6592','PM32-20070700','51-50','E90N 330i   Armrest, door panel, front','');
insert into Diagram values('PM32-51_5690','PM32-20070700','51-55','E90N 330i   Floor mats, velours','');
insert into Diagram values('PM32-51_5838','PM32-20070700','51-55','E90N 330i   TRIM PANEL LEG ROOM','');
insert into Diagram values('PM32-51_5841','PM32-20070700','51-55','E90N 330i   FLOOR COVERING','');
insert into Diagram values('PM32-51_5846','PM32-20070700','51-55','E90N 330i   EDGE PROTECTION/COVERINGS ROCKERS','');
insert into Diagram values('PM32-51_5847','PM32-20070700','51-65','E90N 330i   Trim panel, trunk floor','');
insert into Diagram values('PM32-51_5848','PM32-20070700','51-65','E90N 330i   LATERAL TRUNK FLOOR TRIM PANEL','');
insert into Diagram values('PM32-51_5850','PM32-20070700','51-65','E90N 330i   TRUNK LID TRIM PANEL','');
insert into Diagram values('PM32-51_6263','PM32-20070700','51-65','E90N 330i   Sliding comp. luggage comp./folding box','');
insert into Diagram values('PM32-51_6264','PM32-20070700','51-65','E90N 330i   Luggage compartment sill trim','');
insert into Diagram values('PM32-51_5851','PM32-20070700','51-70','E90N 330i   SOUND INSULATING FRONT','');
insert into Diagram values('PM32-51_5856','PM32-20070700','51-70','E90N 330i   SOUND INSULATING REAR','');
insert into Diagram values('PM32-51_5857','PM32-20070700','51-70','E90N 330i   Heat insulation','');
insert into Diagram values('PM32-51_5858','PM32-20070700','51-75','E90N 330i   Front panel/body parts, engine compartm','');
insert into Diagram values('PM32-51_5860','PM32-20070700','51-75','E90N 330i   Shield,engine compartm./underfloor panel','');
insert into Diagram values('PM32-51_5862','PM32-20070700','51-75','E90N 330i   Wheel arch trim, front','');
insert into Diagram values('PM32-51_5863','PM32-20070700','51-75','E90N 330i   Wheel arch trim, rear','');
insert into Diagram values('PM32-51_5875','PM32-20070700','51-75','E90N 330i   Strut brace','');
insert into Diagram values('PM32-51_6216','PM32-20070700','51-75','E90N 330i   Underfloor coating','');
insert into Diagram values('PM32-51_6258','PM32-20070700','51-75','E90N 330i   Headlight arm/holder','');
insert into Diagram values('PM32-51_6950','PM32-20070700','51-75','E90N 330i   FRONT AIR DUCT','');
insert into Diagram values('PM32-51_5859','PM32-20070700','51-80','E90N 330i   Misc. body parts','');
insert into Diagram values('PM32-51_5861','PM32-20070700','51-80','E90N 330i   Seal, hood','');
insert into Diagram values('PM32-51_5865','PM32-20070700','51-80','E90N 330i   Sealing cap/plug','');
insert into Diagram values('PM32-51_4635','PM32-20070700','51-95','E90N 330i   Exterior mirror for towing','');
insert into Diagram values('PM32-51_4694','PM32-20070700','51-95','E90N 330i   Aluminum footrest','');
insert into Diagram values('PM32-51_4698','PM32-20070700','51-95','E90N 330i   Boot lashing strap','');
insert into Diagram values('PM32-51_5362','PM32-20070700','51-95','E90N 330i   Luggage compartment, folding','');
insert into Diagram values('PM32-51_5688','PM32-20070700','51-95','E90N 330i   Luggage compatment box "multifix"','');
insert into Diagram values('PM32-51_5697','PM32-20070700','51-95','E90N 330i   Illuminated door sill strip retrofit kit','');
insert into Diagram values('PM32-51_5738','PM32-20070700','51-95','E90N 330i   Umbrella with bag','');
insert into Diagram values('PM32-51_5739','PM32-20070700','51-95','E90N 330i   Storage sleeve DVD/CD','');
insert into Diagram values('PM32-51_5799','PM32-20070700','51-95','E90N 330i   Fitted luggage compartment mat','');
insert into Diagram values('PM32-51_5906','PM32-20070700','51-95','E90N 330i   Non-skid mat','');
insert into Diagram values('PM32-51_5918','PM32-20070700','51-95','E90N 330i   Retrofit:oddments tray luggage compartm.','');
insert into Diagram values('PM32-51_5919','PM32-20070700','51-95','E90N 330i   Retrofit: boot/trunk floor net','');
insert into Diagram values('PM32-51_5921','PM32-20070700','51-95','E90N 330i   Retrofit:oddments tray under load. floor','');
insert into Diagram values('PM32-51_5922','PM32-20070700','51-95','E90N 330i   Retrofit, fine wood trim, walnut root','');
insert into Diagram values('PM32-51_5924','PM32-20070700','51-95','E90N 330i   Alum. interior strips ground lengthwise','');
insert into Diagram values('PM32-51_5925','PM32-20070700','51-95','E90N 330i   Retrofit, armrest front, movable','');
insert into Diagram values('PM32-51_5927','PM32-20070700','51-95','E90N 330i   SUPPLEMENTARY SET SUN BLIND ELECTR.','');
insert into Diagram values('PM32-51_5928','PM32-20070700','51-95','E90N 330i   Retrofit rearview mirror w. auto dimmer','');
insert into Diagram values('PM32-51_5937','PM32-20070700','51-95','E90N 330i   Floor mats Commercial','');
insert into Diagram values('PM32-51_5938','PM32-20070700','51-95','E90N 330i   FLOOR MATS CITY','');
insert into Diagram values('PM32-51_5940','PM32-20070700','51-95','E90N 330i   Boot/trunk floor net','');
insert into Diagram values('PM32-51_5945','PM32-20070700','51-95','E90N 330i   Rubber mat','');
insert into Diagram values('PM32-51_5954','PM32-20070700','51-95','E90N 330i   Load edge protector','');
insert into Diagram values('PM32-51_5980','PM32-20070700','51-95','E90N 330i   Retrofit: heating outside mirror','');
insert into Diagram values('PM32-51_5981','PM32-20070700','51-95','E90N 330i   Door sill strip retrofit kit st. steel','');
insert into Diagram values('PM32-51_5997','PM32-20070700','51-95','E90N 330i   Pocket holder','');
insert into Diagram values('PM32-51_6019','PM32-20070700','51-95','E90N 330i   Floor mats, velours','');
insert into Diagram values('PM32-51_6029','PM32-20070700','51-95','E90N 330i   Carbon fiber package','');
insert into Diagram values('PM32-51_6038','PM32-20070700','51-95','E90N 330i   Rear spoiler','');
insert into Diagram values('PM32-51_6066','PM32-20070700','51-95','E90N 330i   Sunshade','');
insert into Diagram values('PM32-51_6068','PM32-20070700','51-95','E90N 330i   Retrofit, M cover, entrance','');
insert into Diagram values('PM32-51_6083','PM32-20070700','51-95','E90N 330i   Strut brace','');
insert into Diagram values('PM32-51_6165','PM32-20070700','51-95','E90N 330i   Luggage compartment clamping belts','');
insert into Diagram values('PM32-51_6174','PM32-20070700','51-95','E90N 330i   Retrofit, cup holder','');
insert into Diagram values('PM32-51_6243','PM32-20070700','51-95','E90N 330i   Interior moldings Carbon','');
insert into Diagram values('PM32-51_6259','PM32-20070700','51-95','E90N 330i   Retrofit M foot rest','');
insert into Diagram values('PM32-51_6283','PM32-20070700','51-95','E90N 330i   Load compartment protective cover','');
insert into Diagram values('PM32-51_6477','PM32-20070700','51-95','E90N 330i   Key fob','');
insert into Diagram values('PM32-51_6639','PM32-20070700','51-95','E90N 330i   Protective loading edge mat','');
insert into Diagram values('PM32-51_6695','PM32-20070700','51-95','E90N 330i   Storage net, footwell, front','');
insert into Diagram values('PM32-51_6778','PM32-20070700','51-95','E90N 330i   BMW Performance strut tower brace carbon','');
insert into Diagram values('PM32-51_6892','PM32-20070700','51-95','E90N 330i   Moulding rocker panels','');
insert into Diagram values('PM32-51_6973','PM32-20070700','51-95','E90N 330i   BMW Performance side stripes','');
insert into Diagram values('PM32-51_7030','PM32-20070700','51-95','E90N 330i   Retrofit kit M aerodyn. package','');
insert into Diagram values('PM32-51_7034','PM32-20070700','51-95','E90N 330i   Sun blind strips','');
insert into Diagram values('PM32-51_7061','PM32-20070700','51-95','E90N 330i   Non-skid mat','');
insert into Diagram values('PM32-51_7115','PM32-20070700','51-95','E90N 330i   BMW Performance Aerodynamics','');
insert into Diagram values('PM32-51_7116','PM32-20070700','51-95','E90N 330i   BMW Performance Aerodynamics, front','');
insert into Diagram values('PM32-51_7117','PM32-20070700','51-95','E90N 330i   BMW Performance Aerodynamics, rear','');
insert into Diagram values('PM32-51_7118','PM32-20070700','51-95','E90N 330i   BMW Performance Aerodynamics, rocker','');
insert into Diagram values('PM32-51_7142','PM32-20070700','51-95','E90N 330i   BMW Performance Aluminum footrest','');
insert into Diagram values('PM32-51_7144','PM32-20070700','51-95','E90N 330i   BMW Performance Interior moldings Carbon','');
insert into Diagram values('PM32-51_7149','PM32-20070700','51-95','E90N 330i   Attached part for front apron','');
insert into Diagram values('PM32-51_7152','PM32-20070700','51-95','E90N 330i   BMW Performance strut tower brace, alu','');
insert into Diagram values('PM32-51_7158','PM32-20070700','51-95','E90N 330i   Cover for mirror, carbon','');
insert into Diagram values('PM32-51_7191','PM32-20070700','51-95','E90N 330i   Retrofit trim grill','');
insert into Diagram values('PM32-51_7193','PM32-20070700','51-95','E90N 330i   Interior strips, high-gloss, grey','');
insert into Diagram values('PM32-51_7195','PM32-20070700','51-95','E90N 330i   Interior trim finishers black high-gloss','');
insert into Diagram values('PM32-51_7228','PM32-20070700','51-95','E90N 330i   BMW Performance door sill moldings','');
insert into Diagram values('PM32-51_7236','PM32-20070700','51-95','E90N 330i   Footmat update','');
insert into Diagram values('PM32-51_7302','PM32-20070700','51-95','E90N 330i   Luggage compartment pan','');
insert into Diagram values('PM32-51_7303','PM32-20070700','51-95','E90N 330i   ASHTRAY REAR','');
insert into Diagram values('PM32-51_7665','PM32-20070700','51-95','E90N 330i   Interior equipment, upper','');
insert into Diagram values('PM32-51_7713','PM32-20070700','51-95','E90N 330i   Multifunct.lugg.compartm.mat w.fold.cont','');
insert into Diagram values('PM32-51_7869','PM32-20070700','51-95','E90N 330i   Retrofit kit, interior trim, adhesive','');
insert into Diagram values('PM32-51_7896','PM32-20070700','51-95','E90N 330i   Retrofit kit, interior trim, adhesive','');
insert into Diagram values('PM32-51_8051','PM32-20070700','51-95','E90N 330i   First-aid kit, universal','');
insert into Diagram values('PM32-51_8522','PM32-20070700','51-95','E90N 330i   Travel & Comfort System','');
insert into Diagram values('PM32-51_8703','PM32-20070700','51-95','E90N 330i   Pocket set in interior','');
insert into Diagram values('PM32-51_8991','PM32-20070700','51-95','E90N 330i   Floor mat, Allweather','');
insert into Diagram values('PM32-52_3182','PM32-20070700','52-10','E90N 330i   Seat front, upholstery & cover base seat','');
insert into DiagramParts values('PM32-52_3183-52107246851', 'PM32-52_3183', 04, 'SEAT COVER LEATHER', 'GRAU', 1, to_date('20080901','YYYYMMDD'), to_date('20100901','YYYYMMDD'), '52107246851', '', 'ENDED', false);
insert into DiagramParts values('PM32-52_3183-52107246852', 'PM32-52_3183', 04, 'SEAT COVER LEATHER', 'BEIGE', 1, to_date('20080901','YYYYMMDD'), to_date('20100901','YYYYMMDD'), '52107246852', '', '+core, ENDED', false);
insert into DiagramParts values('PM32-52_3183-52107246838', 'PM32-52_3183', 04, 'SEAT COVER LEATHER', 'SCHWARZ', 1, to_date('20080901','YYYYMMDD'), to_date('20100901','YYYYMMDD'), '52107246838', '', 'ENDED', false);
insert into DiagramParts values('PM32-52_3183-52107257593', 'PM32-52_3183', 04, 'SEAT COVER LEATHER', 'OYSTER', 1, to_date('20090901','YYYYMMDD'), to_date('20100901','YYYYMMDD'), '52107257593', '', 'ENDED', false);
insert into DiagramParts values('PM32-52_3183-52107257594', 'PM32-52_3183', 04, 'SEAT COVER LEATHER', 'SATTELBRAUN', 1, to_date('20090901','YYYYMMDD'), to_date('20100901','YYYYMMDD'), '52107257594', '', 'ENDED', false);
insert into DiagramParts values('PM32-52_3183-52107257595', 'PM32-52_3183', 04, 'SEAT COVER LEATHER', 'ROTBRAUN', 1, to_date('20090901','YYYYMMDD'), to_date('20100901','YYYYMMDD'), '52107257595', '', '+core, ENDED', false);
insert into DiagramParts values('PM32-52_3183-52109156456', 'PM32-52_3183', 05, 'COVER BACKREST LEATHER RIGHT', 'GRAU', 1, to_date('20070401','YYYYMMDD'), to_date('20080901','YYYYMMDD'), '52109156456', '$695.57', '', false);
insert into DiagramParts values('PM32-52_3183-52109156458', 'PM32-52_3183', 05, 'COVER BACKREST LEATHER RIGHT', 'BEIGE', 1, to_date('20070401','YYYYMMDD'), to_date('20080901','YYYYMMDD'), '52109156458', '$695.57', '', false);
insert into DiagramParts values('PM32-52_3183-52109156454', 'PM32-52_3183', 05, 'COVER BACKREST LEATHER RIGHT', 'SCHWARZ', 1, to_date('20070401','YYYYMMDD'), to_date('20080901','YYYYMMDD'), '52109156454', '$695.57', '', false);
insert into Diagram values('PM32-52_3183','PM32-20070700','52-10','E90N 330i   Seat, front, uphlstry, cover, Sport seat','');
insert into Diagram values('PM32-52_3184','PM32-20070700','52-10','E90N 330i   Seat, front, lumbar','');
insert into Diagram values('PM32-52_3185','PM32-20070700','52-10','E90N 330i   FRONT SEAT RAIL MECHANICAL/SINGLE PARTS','');
insert into Diagram values('PM32-52_3186','PM32-20070700','52-10','E90N 330i   FRONT SEAT RAIL ELECTRICAL/SINGLE PARTS','');
insert into Diagram values('PM32-52_3187','PM32-20070700','52-10','E90N 330i   FRONT SEAT BACKREST FRAME/REAR PANEL','');
insert into Diagram values('PM32-52_3468','PM32-20070700','52-10','E90N 330i   BMW Performance Sport Seat','');
insert into Diagram values('PM32-52_3487','PM32-20070700','52-10','E90N 330i   Seat, front, head restraint','');
insert into Diagram values('PM32-52_3541','PM32-20070700','52-10','E90N 330i   Seat, front, electrical and motors','');
insert into DiagramParts values('PM32-52_3188-52207213545', 'PM32-52_3188', 01, 'Headrest leather', 'SCHWARZ', 2, to_date('20080901','YYYYMMDD'), to_date('20090301','YYYYMMDD'), '52207213545', '', 'ENDED', false);
insert into DiagramParts values('PM32-52_3188-52207213547', 'PM32-52_3188', 01, 'Headrest leather', 'SAVANNABEIGE', 2, to_date('20080901','YYYYMMDD'), to_date('20090301','YYYYMMDD'), '52207213547', '', 'ENDED', false);
insert into DiagramParts values('PM32-52_3188-52207213546', 'PM32-52_3188', 01, 'Headrest leather', 'GRAU', 2, to_date('20080901','YYYYMMDD'), to_date('20090301','YYYYMMDD'), '52207213546', '', 'ENDED', false);
insert into DiagramParts values('PM32-52_3188-52207213520', 'PM32-52_3188', 02, 'Headrest leather', 'SCHWARZ', 2, to_date('20080901','YYYYMMDD'), to_date('20090301','YYYYMMDD'), '52207213520', '', 'ENDED', false);
insert into DiagramParts values('PM32-52_3188-52207213534', 'PM32-52_3188', 02, 'Headrest leather', 'BEIGE', 2, to_date('20080901','YYYYMMDD'), to_date('20090301','YYYYMMDD'), '52207213534', '', 'ENDED', false);
insert into DiagramParts values('PM32-52_3188-52207213533', 'PM32-52_3188', 02, 'Headrest leather', 'GRAU', 2, to_date('20080901','YYYYMMDD'), to_date('20090301','YYYYMMDD'), '52207213533', '', 'ENDED', false);
insert into Diagram values('PM32-52_3188','PM32-20070700','52-20','E90N 330i   Rear seat head restraint','');
insert into Diagram values('PM32-52_3189','PM32-20070700','52-20','E90N 330i   Seat, rear, head restraint, center','');
insert into Diagram values('PM32-52_3191','PM32-20070700','52-20','E90N 330i   Seat rear, upholstery & cover base seat','');
insert into Diagram values('PM32-52_3192','PM32-20070700','52-20','E90N 330i   Seat rear, upholstery & cover base seat','');
insert into Diagram values('PM32-52_3193','PM32-20070700','52-20','E90N 330i   Seat, rear, seat frame, load-through','');
insert into Diagram values('PM32-52_3194','PM32-20070700','52-20','E90N 330i   Rear seat ski bag','');
insert into Diagram values('PM32-52_3212','PM32-20070700','52-20','E90N 330i   Seat, rear, backrest trim covers','');
insert into Diagram values('PM32-52_3216','PM32-20070700','52-20','E90N 330i   Rear seat center armrest','');
insert into Diagram values('PM32-52_3712','PM32-20070700','52-65','E90N 330i   Seat heating','');
insert into Diagram values('PM32-52_3015','PM32-20070700','52-95','E90N 330i   UNIVERSAL PRODECTIVE REAR COVER','');
insert into Diagram values('PM32-52_3199','PM32-20070700','52-95','E90N 330i   Fire extinguisher','');
insert into Diagram values('PM32-52_3235','PM32-20070700','52-95','E90N 330i   Front seat heating retrofit','');
insert into Diagram values('PM32-52_3269','PM32-20070700','52-95','E90N 330i   Seat-back storage pocket','');
insert into Diagram values('PM32-52_3270','PM32-20070700','52-95','E90N 330i   SHEEPSKIN SEAT COVERS','');
insert into Diagram values('PM32-52_3519','PM32-20070700','52-95','E90N 330i   Retrofit, ski bag','');
insert into Diagram values('PM32-52_3527','PM32-20070700','52-95','E90N 330i   Retrofit, net bag at seat backrest','');
insert into Diagram values('PM32-52_3565','PM32-20070700','52-95','E90N 330i   Retrofitting rear folding head restraint','');
insert into Diagram values('PM32-52_3792','PM32-20070700','52-95','E90N 330i   Fire extinguisher','');
insert into Diagram values('PM32-54_0341','PM32-20070700','54-05','E90N 330i   SLID.LIFT. ROOF-COVER/CEILING FRAME','');
insert into Diagram values('PM32-61_2010','PM32-20070700','61-05','E90N 330i   Repair cable main cable harness','');
insert into Diagram values('PM32-61_2886','PM32-20070700','61-05','E90N 330i   Main wiring harness, duplicate','');
insert into Diagram values('PM32-61_1822','PM32-20070700','61-10','E90N 330i   Cable-yarded material','');
insert into Diagram values('PM32-61_1861','PM32-20070700','61-10','E90N 330i   VARIOUS ADDITIONAL WIRING SETS','');
insert into Diagram values('PM32-61_1864','PM32-20070700','61-10','E90N 330i   Wiring harness, instrument panel','');
insert into Diagram values('PM32-61_1868','PM32-20070700','61-10','E90N 330i   Wiring set seat','');
insert into Diagram values('PM32-61_1869','PM32-20070700','61-10','E90N 330i   Repair cable, airbag','');
insert into Diagram values('PM32-61_1945','PM32-20070700','61-10','E90N 330i   DOOR CABLE HARNESSES','');
insert into Diagram values('PM32-61_2083','PM32-20070700','61-10','E90N 330i   Wiring set active steering','');
insert into Diagram values('PM32-61_2262','PM32-20070700','61-10','E90N 330i   VARIOUS ADDITIONAL WIRING SETS','');
insert into Diagram values('PM32-61_2567','PM32-20070700','61-10','E90N 330i   Rep. wire for B+','');
insert into Diagram values('PM32-61_1280','PM32-20070700','61-15','E90N 330i   Plug terminal ELO not waterproof','');
insert into Diagram values('PM32-61_1296','PM32-20070700','61-15','E90N 330i   Circular connector / D 2,5 mm System','');
insert into Diagram values('PM32-61_1559','PM32-20070700','61-15','E90N 330i   PLUG-IN CONNECTION BRACKET','');
insert into Diagram values('PM32-61_1578','PM32-20070700','61-15','E90N 330i   Repair parts, optical fibre cable','');
insert into Diagram values('PM32-61_1691','PM32-20070700','61-15','E90N 330i   Pin contacts ELO','');
insert into Diagram values('PM32-61_1711','PM32-20070700','61-15','E90N 330i   Cable tie','');
insert into Diagram values('PM32-61_1754','PM32-20070700','61-15','E90N 330i   Plug terminal ELO-Power','');
insert into Diagram values('PM32-61_1764','PM32-20070700','61-15','E90N 330i   Diagnosis plug','');
insert into Diagram values('PM32-61_1765','PM32-20070700','61-15','E90N 330i   Various cable terminals','');
insert into Diagram values('PM32-61_1865','PM32-20070700','61-15','E90N 330i   VARIOUS CABLE HOLDERS','');
insert into Diagram values('PM32-61_1896','PM32-20070700','61-15','E90N 330i   VARIOUS CABLE HOLDERS','');
insert into Diagram values('PM32-61_1971','PM32-20070700','61-15','E90N 330i   Cable guide','');
insert into Diagram values('PM32-61_2020','PM32-20070700','61-15','E90N 330i   Various cable grommets','');
insert into Diagram values('PM32-61_2063','PM32-20070700','61-15','E90N 330i   Comb type connector','');
insert into Diagram values('PM32-61_2068','PM32-20070700','61-15','E90N 330i   Contact system LSK8','');
insert into Diagram values('PM32-61_2107','PM32-20070700','61-15','E90N 330i   Various parts, wiring harness repair','');
insert into Diagram values('PM32-61_2156','PM32-20070700','61-15','E90N 330i   Double leaf spring contact','');
insert into Diagram values('PM32-61_2216','PM32-20070700','61-15','E90N 330i   Terminal system MCON','');
insert into Diagram values('PM32-61_2217','PM32-20070700','61-15','E90N 330i   Contact system MQS','');
insert into Diagram values('PM32-61_2268','PM32-20070700','61-15','E90N 330i   Contact system MAK8','');
insert into Diagram values('PM32-61_2292','PM32-20070700','61-15','E90N 330i   SLK socket contact','');
insert into Diagram values('PM32-61_2293','PM32-20070700','61-15','E90N 330i   Contact system blade terminal MDK4 2.8','');
insert into Diagram values('PM32-61_2452','PM32-20070700','61-15','E90N 330i   Round plug system D 1.5 mm','');
insert into Diagram values('PM32-61_2458','PM32-20070700','61-15','E90N 330i   diverse plugs and connectors','');
insert into Diagram values('PM32-61_2521','PM32-20070700','61-15','E90N 330i   Socket housing MQS','');
insert into Diagram values('PM32-61_2638','PM32-20070700','61-15','E90N 330i   Repair parts, coaxial cable contacts','');
insert into Diagram values('PM32-61_2680','PM32-20070700','61-15','E90N 330i   Repair parts, coaxial cable housing','');
insert into Diagram values('PM32-61_1710','PM32-20070700','61-20','E90N 330i   Fuses / sign with fuse allocat. diagr.','');
insert into Diagram values('PM32-61_2220','PM32-20070700','61-20','E90N 330i   Individual parts, power distributor, fr.','');
insert into Diagram values('PM32-61_1718','PM32-20070700','61-25','E90N 330i   Control unit/antennas passive access','');
insert into Diagram values('PM32-61_1847','PM32-20070700','61-25','E90N 330i   BRACKET F BODY CONTROL UNITS AND MODULES','');
insert into DiagramParts values('PM32-61_2095-61359147196', 'PM32-61_2095', 01, 'Control unit CAS', 'CAS3', 1, to_date('20041201','YYYYMMDD'), to_date('20090901','YYYYMMDD'), '61359147196', '', 'ENDED', false);
insert into DiagramParts values('PM32-61_2095-61359147212', 'PM32-61_2095', 01, 'Control unit CAS', 'CAS3', 1, to_date('20041201','YYYYMMDD'), to_date('20090901','YYYYMMDD'), '61359147212', '', 'ENDED', false);
insert into DiagramParts values('PM32-61_2095-61359147220', 'PM32-61_2095', 01, 'Control unit CAS', 'CAS3', 1, to_date('20041201','YYYYMMDD'), to_date('20090901','YYYYMMDD'), '61359147220', '', 'ENDED', false);
insert into DiagramParts values('PM32-61_2095-61359147221', 'PM32-61_2095', 01, 'Control unit CAS', 'CAS3', 1, to_date('20041201','YYYYMMDD'), to_date('20090901','YYYYMMDD'), '61359147221', '', 'ENDED', false);
insert into DiagramParts values('PM32-61_2095-61359147226', 'PM32-61_2095', 01, 'Control unit CAS', 'CAS3', 1, to_date('20041201','YYYYMMDD'), to_date('20090901','YYYYMMDD'), '61359147226', '', 'ENDED', false);
insert into DiagramParts values('PM32-61_2095-61359217853', 'PM32-61_2095', 01, 'Control unit CAS', 'CAS3', 1, to_date('20041201','YYYYMMDD'), to_date('20100301','YYYYMMDD'), '61359217853', '', 'ENDED', false);
insert into Diagram values('PM32-61_2095','PM32-20070700','61-25','E90N 330i   Control unit CAS','');
insert into DiagramParts values('PM32-61_2096-61359221180', 'PM32-61_2096', 07, 'TRAILER TOWING MODUL', '4R', 1, to_date('20090301','YYYYMMDD'), to_date('20110301','YYYYMMDD'), '61359221180', '$203.91', '', false);
insert into Diagram values('PM32-61_2096','PM32-20070700','61-25','E90N 330i   Control units/modules','');
insert into Diagram values('PM32-61_2236','PM32-20070700','61-25','E90N 330i   Control unit Junctionbox Elektronik','');
insert into Diagram values('PM32-61_2241','PM32-20070700','61-25','E90N 330i   ECU, footwell module 2','');
insert into Diagram values('PM32-61_2518','PM32-20070700','61-25','E90N 330i   ECU, steering wheel heater electronics','');
insert into Diagram values('PM32-61_2574','PM32-20070700','61-25','E90N 330i   ECU, footwell module 3','');
insert into Diagram values('PM32-61_2966','PM32-20070700','61-25','E90N 330i   Official vehicle package','');
insert into Diagram values('PM32-61_1859','PM32-20070700','61-30','E90N 330i   B+ terminal point, engine compartment','');
insert into DiagramParts values('PM32-61_1946-61126988974', 'PM32-61_1946', 04, 'Battery cable (plus pole)', 'SBK', 1, to_date('20060301','YYYYMMDD'), to_date('20090901','YYYYMMDD'), '61126988974', '', 'ENDED', false);
insert into Diagram values('PM32-61_1946','PM32-20070700','61-30','E90N 330i   Battery lead/distribution box, rear','');
insert into Diagram values('PM32-61_1986','PM32-20070700','61-30','E90N 330i   Original BMW battery (Warranty only)','');
insert into Diagram values('PM32-61_1987','PM32-20070700','61-30','E90N 330i   battery holder and mounting parts','');
insert into Diagram values('PM32-61_1845','PM32-20070700','61-35','E90N 330i   Seat adjustment switch, front','');
insert into Diagram values('PM32-61_1849','PM32-20070700','61-35','E90N 330i   VARIOUS SWITCHES','');
insert into Diagram values('PM32-61_1880','PM32-20070700','61-35','E90N 330i   Switch, Multifunction Sport/M st. wheel','');
insert into Diagram values('PM32-61_1951','PM32-20070700','61-35','E90N 330i   SWITCH WINDOW LIFTER','');
insert into Diagram values('PM32-61_1960','PM32-20070700','61-35','E90N 330i   Modules/switch/charge socket,off. veh.','');
insert into Diagram values('PM32-61_1965','PM32-20070700','61-35','E90N 330i   Switch, multifunct. steering wheel','');
insert into Diagram values('PM32-61_1975','PM32-20070700','61-35','E90N 330i   Switch unit roof','');
insert into Diagram values('PM32-61_2051','PM32-20070700','61-35','E90N 330i   Switch unit roof','');
insert into Diagram values('PM32-61_2089','PM32-20070700','61-35','E90N 330i   Switch unit roof','');
insert into Diagram values('PM32-61_2128','PM32-20070700','61-35','E90N 330i   Switch for brake, clutch','');
insert into Diagram values('PM32-61_2274','PM32-20070700','61-35','E90N 330i   Switch unit, center console','');
insert into Diagram values('PM32-61_2281','PM32-20070700','61-35','E90N 330i   Starter/Stop switch','');
insert into Diagram values('PM32-61_2282','PM32-20070700','61-35','E90N 330i   Switch hazard warning/central lckng syst','');
insert into Diagram values('PM32-61_2335','PM32-20070700','61-35','E90N 330i   Official vehicle package','');
insert into Diagram values('PM32-61_2426','PM32-20070700','61-35','E90N 330i   Control element light','');
insert into Diagram values('PM32-61_2434','PM32-20070700','61-35','E90N 330i   Switch unit steering column','');
insert into Diagram values('PM32-61_2480','PM32-20070700','61-35','E90N 330i   Cigarette lighter / sockets','');
insert into Diagram values('PM32-61_2632','PM32-20070700','61-35','E90N 330i   Official vehicle package','');
insert into Diagram values('PM32-61_2639','PM32-20070700','61-35','E90N 330i   Shift paddles / Shift paddles','');
insert into Diagram values('PM32-61_2900','PM32-20070700','61-35','E90N 330i   USB/AUX-IN socket','');
insert into Diagram values('PM32-61_2946','PM32-20070700','61-35','E90N 330i   USB/AUX-IN socket','');
insert into Diagram values('PM32-61_3088','PM32-20070700','61-35','E90N 330i   Switch unit steering column','');
insert into Diagram values('PM32-61_2857','PM32-20070700','61-40','E90N 330i   Horn','');
insert into Diagram values('PM32-61_1877','PM32-20070700','61-45','E90N 330i   FILLER PIPE FOR WASH CONTAINER','');
insert into Diagram values('PM32-61_1879','PM32-20070700','61-45','E90N 330i   Reserv.,windshield/headlight washer syst','');
insert into Diagram values('PM32-61_1954','PM32-20070700','61-45','E90N 330i   SINGLE COMPONENTS FOR WIPER ARM','');
insert into Diagram values('PM32-61_1955','PM32-20070700','61-45','E90N 330i   Wiper system, complete','');
insert into Diagram values('PM32-61_1988','PM32-20070700','61-45','E90N 330i   SINGLE PARTS FOR HEAD LAMP CLEANING','');
insert into Diagram values('PM32-61_2009','PM32-20070700','61-45','E90N 330i   SINGLE PARTS FOR WINDSHIELD CLEANING','');
insert into Diagram values('PM32-61_2001','PM32-20070700','61-95','E90N 330i   Retrofit kit, headlight cleaning system','');
insert into Diagram values('PM32-61_2223','PM32-20070700','61-95','E90N 330i   Suppression filter','');
insert into Diagram values('PM32-61_3026','PM32-20070700','61-95','E90N 330i   Battery charger','');
insert into Diagram values('PM32-61_3066','PM32-20070700','61-95','E90N 330i   Jumper cable','');
insert into Diagram values('PM32-61_3244','PM32-20070700','61-95','E90N 330i   Battery charger','');
insert into Diagram values('PM32-62_0483','PM32-20070700','62-05','E90N 330i   Instrument cluster','');
insert into Diagram values('PM32-62_0561','PM32-20070700','62-95','E90N 330i   Electronic log book','');
insert into Diagram values('PM32-63_1067','PM32-20070700','63-05','E90N 330i   SPARE BULBS BOX','');
insert into Diagram values('PM32-63_1068','PM32-20070700','63-05','E90N 330i   Headlight','');
insert into Diagram values('PM32-63_1069','PM32-20070700','63-05','E90N 330i   Individual parts for headlamp, halogen','');
insert into Diagram values('PM32-63_1070','PM32-20070700','63-05','E90N 330i   Single components f headlight Xenon/ALC','');
insert into Diagram values('PM32-63_1363','PM32-20070700','63-05','E90N 330i   BMW Performance Light','');
insert into Diagram values('PM32-63_1420','PM32-20070700','63-05','E90N 330i   SPARE BULBS BOX','');
insert into Diagram values('PM32-63_0920','PM32-20070700','63-10','E90N 330i   Additional turn indicator lamp','');
insert into Diagram values('PM32-63_0940','PM32-20070700','63-15','E90N 330i   Fog lamp, Sport Package M','');
insert into Diagram values('PM32-63_1073','PM32-20070700','63-15','E90N 330i   Fog lights','');
insert into Diagram values('PM32-63_1074','PM32-20070700','63-20','E90N 330i   Rear light','');
insert into Diagram values('PM32-63_0916','PM32-20070700','63-25','E90N 330i   Third stoplamp','');
insert into Diagram values('PM32-63_0911','PM32-20070700','63-30','E90N 330i   Various interior lights','');
insert into Diagram values('PM32-63_0915','PM32-20070700','63-30','E90N 330i   Door handle illumination','');
insert into Diagram values('PM32-63_1112','PM32-20070700','63-30','E90N 330i   License plate lamp, LED','');
insert into Diagram values('PM32-63_1113','PM32-20070700','63-30','E90N 330i   Strobe lamp - rear','');
insert into Diagram values('PM32-63_1153','PM32-20070700','63-95','E90N 330i   Flashlight, LED','');
insert into Diagram values('PM32-63_1289','PM32-20070700','63-95','E90N 330i   Retrofit kit, LED daytime driving lights','');
insert into Diagram values('PM32-63_1322','PM32-20070700','63-95','E90N 330i   LED interior light package','');
insert into Diagram values('PM32-63_1509','PM32-20070700','63-95','E90N 330i   BMW LED luggage compartment lamp','');
insert into Diagram values('PM32-64_1479','PM32-20070700','64-05','E90N 330i   Air duct','');
insert into Diagram values('PM32-64_1489','PM32-20070700','64-05','E90N 330i   OUTFLOW NOZZLES/COVERS','');
insert into Diagram values('PM32-64_1428','PM32-20070700','64-10','E90N 330i   MICROFILTER/ACTIVATED CARBON CONTAINER','');
insert into Diagram values('PM32-64_1774','PM32-20070700','64-15','E90N 330i   Heater unit, Denso','');
insert into Diagram values('PM32-64_1779','PM32-20070700','64-15','E90N 330i   Heater core from 07/2006 onward','');
insert into Diagram values('PM32-64_1780','PM32-20070700','64-15','E90N 330i   Heater unit, Denso','');
insert into Diagram values('PM32-64_1781','PM32-20070700','64-15','E90N 330i   Heater unit, Denso','');
insert into Diagram values('PM32-64_1497','PM32-20070700','64-18','E90N 330i   Water hoses','');
insert into Diagram values('PM32-64_1567','PM32-20070700','64-18','E90N 330i   Independent heating water valves','');
insert into Diagram values('PM32-64_1443','PM32-20070700','64-20','E90N 330i   Automatic air conditioning control','');
insert into Diagram values('PM32-64_1445','PM32-20070700','64-20','E90N 330i   Air Conditioning Control','');
insert into Diagram values('PM32-64_1439','PM32-20070700','64-30','E90N 330i   Evaporator / Expansion valve','');
insert into Diagram values('PM32-64_1451','PM32-20070700','64-35','E90N 330i   Housing parts heater and air cond. Denso','');
insert into Diagram values('PM32-64_1455','PM32-20070700','64-35','E90N 330i   Housing parts aut.air conditioning Denso','');
insert into Diagram values('PM32-64_1777','PM32-20070700','64-35','E90N 330i   Housing parts aut.air conditioning Valeo','');
insert into Diagram values('PM32-64_1454','PM32-20070700','64-40','E90N 330i   ELECTRIC PARTS FOR AC UNIT','');
insert into Diagram values('PM32-64_1433','PM32-20070700','64-45','E90N 330i   SENSOR F. AUC','');
insert into Diagram values('PM32-64_1434','PM32-20070700','64-45','E90N 330i   Solar sensor','');
insert into Diagram values('PM32-64_1438','PM32-20070700','64-45','E90N 330i   Condensation sensor','');
insert into Diagram values('PM32-64_1494','PM32-20070700','64-50','E90N 330i   Air-conditioner compressor','');
insert into Diagram values('PM32-64_1429','PM32-20070700','64-55','E90N 330i   Condenser air conditioning','');
insert into Diagram values('PM32-64_1431','PM32-20070700','64-60','E90N 330i   Coolant lines','');
insert into Diagram values('PM32-64_1508','PM32-20070700','64-65','E90N 330i   Spare parts, auxiliary heater Bypass Sys','');
insert into Diagram values('PM32-64_1509','PM32-20070700','64-65','E90N 330i   FUEL SUPPLY/PUMP/TUBING','');
insert into Diagram values('PM32-64_1575','PM32-20070700','64-65','E90N 330i   Spare parts,aux.heater,Opt.Eqmt/Accessor','');
insert into Diagram values('PM32-64_1610','PM32-20070700','64-65','E90N 330i   TRANSMITTER F AUXIL.HEATING REMOTE CTRL','');
insert into Diagram values('PM32-64_1633','PM32-20070700','64-95','E90N 330i   Retrofit kit, remote cntrl,indep.heating','');
insert into Diagram values('PM32-64_1703','PM32-20070700','64-95','E90N 330i   Install.kit, independent heater','');
insert into Diagram values('PM32-64_1704','PM32-20070700','64-95','E90N 330i   Install.kit, independent heater','');
insert into Diagram values('PM32-64_1705','PM32-20070700','64-95','E90N 330i   Install.kit, independent heater','');
insert into Diagram values('PM32-64_1855','PM32-20070700','64-95','E90N 330i   Accessori e postmontaggi','');
insert into Diagram values('PM32-64_1441','PM32-20070700','64-99','E90N 330i   DIVERSE SMALL PARTS','');
insert into Diagram values('PM32-65_0207','PM32-20070700','65-05','E90N 330i   Earth strap for engine hood','');
insert into DiagramParts values('PM32-65_1473-65129210510', 'PM32-65_1473', 01, 'Radio BMW Business CD', 'MSA', 1, to_date('20080901','YYYYMMDD'), to_date('20090901','YYYYMMDD'), '65129210510', '', 'ENDED', false);
insert into DiagramParts values('PM32-65_1473-65129216275', 'PM32-65_1473', 01, 'Radio BMW Business CD', 'MSA', 1, to_date('20080901','YYYYMMDD'), to_date('20091201','YYYYMMDD'), '65129216275', '', 'ENDED', false);
insert into DiagramParts values('PM32-65_1473-65129227500', 'PM32-65_1473', 01, 'Radio BMW Business CD', 'MSA', 1, to_date('20080901','YYYYMMDD'), to_date('20100901','YYYYMMDD'), '65129227500', '', '', false);
insert into Diagram values('PM32-65_1473','PM32-20070700','65-05','E90N 330i   Radio BMW Business CD','');
insert into DiagramParts values('PM32-65_1474-65129231059', 'PM32-65_1474', 02, 'Rotary knob', 'CHROM', 2, to_date('20100501','YYYYMMDD'), to_date('20100901','YYYYMMDD'), '65129231059', '', '', false);
insert into Diagram values('PM32-65_1474','PM32-20070700','65-05','E90N 330i   Radio BMW Professional CD','');
insert into Diagram values('PM32-65_1522','PM32-20070700','65-05','E90N 330i   M-Audio system controller','');
insert into Diagram values('PM32-65_1585','PM32-20070700','65-05','E90N 330i   DAB tuner','');
insert into DiagramParts values('PM32-65_2033-65129231159', 'PM32-65_2033', 01, 'Replacement, Car Infotainment Comp. Mid', 'MIC/VID/DAB', 1, to_date('20090901','YYYYMMDD'), to_date('20100901','YYYYMMDD'), '65129231159', '', 'ENDED', false);
insert into Diagram values('PM32-65_2033','PM32-20070700','65-05','E90N 330i   Car Infotainment Computer - Mid','');
insert into Diagram values('PM32-65_2250','PM32-20070700','65-05','E90N 330i   Radio BMW Professional CD','');
insert into Diagram values('PM32-65_2440','PM32-20070700','65-05','E90N 330i   DAB Retrofit','');
insert into Diagram values('PM32-65_1758','PM32-20070700','65-07','E90N 330i   USB/Audio interface','');
insert into Diagram values('PM32-65_1786','PM32-20070700','65-07','E90N 330i   Auxiliary connection cable','');
insert into Diagram values('PM32-65_1523','PM32-20070700','65-10','E90N 330i   CD Changer/Bracket','');
insert into Diagram values('PM32-65_1526','PM32-20070700','65-20','E90N 330i   Components central bass','');
insert into Diagram values('PM32-65_1527','PM32-20070700','65-20','E90N 330i   One part Top-Hifi/Harman Kardon I-panel','');
insert into Diagram values('PM32-65_1528','PM32-20070700','65-20','E90N 330i   One part Top-HiFi/Harman Kardon dr rear','');
insert into Diagram values('PM32-65_1529','PM32-20070700','65-20','E90N 330i   SINGLE PARTS F REAR HELF LOUDSPEAKER','');
insert into Diagram values('PM32-65_1530','PM32-20070700','65-20','E90N 330i   SINGLE PARTS F FRONT DOOR LOUDSPEAKER','');
insert into Diagram values('PM32-65_1751','PM32-20070700','65-20','E90N 330i   Individual Audio system, I-panel','');
insert into Diagram values('PM32-65_1753','PM32-20070700','65-20','E90N 330i   Individual Audio system, door front','');
insert into Diagram values('PM32-65_1755','PM32-20070700','65-20','E90N 330i   Individual Audio system, door rear','');
insert into Diagram values('PM32-65_1756','PM32-20070700','65-20','E90N 330i   Individual Audio system tray','');
insert into Diagram values('PM32-65_1534','PM32-20070700','65-22','E90N 330i   Universal aerial cable','');
insert into Diagram values('PM32-65_2342','PM32-20070700','65-22','E90N 330i   Audio wiring harness','');
insert into Diagram values('PM32-65_1524','PM32-20070700','65-25','E90N 330i   amplifier / holder hifi system','');
insert into Diagram values('PM32-65_1525','PM32-20070700','65-25','E90N 330i   Amplifier HiFi Prof. / Harman Kardon','');
insert into Diagram values('PM32-65_1754','PM32-20070700','65-25','E90N 330i   Amplifier/bracket Indi. Audio System','');
insert into Diagram values('PM32-65_1539','PM32-20070700','65-30','E90N 330i   SINGLE PARTS F ANTENNA-DIVERSITY','');
insert into Diagram values('PM32-65_1540','PM32-20070700','65-30','E90N 330i   SINGLE PARTS F ANTENNA','');
insert into Diagram values('PM32-65_1731','PM32-20070700','65-30','E90N 330i   Official radio antenna/horn speaker','');
insert into Diagram values('PM32-65_1504','PM32-20070700','65-45','E90N 330i   Coolant hose, CCC / CIC / MASK','');
insert into Diagram values('PM32-65_1917','PM32-20070700','65-45','E90N 330i   Controller CIC','');
insert into DiagramParts values('PM32-65_1551-65509196876', 'PM32-65_1551', 01, 'Video module', 'FBAS', 1, to_date('20080901','YYYYMMDD'), to_date('20090301','YYYYMMDD'), '65509196876', '', 'ENDED', false);
insert into DiagramParts values('PM32-65_1551-65509206973', 'PM32-65_1551', 01, 'Video module', 'FBAS', 1, to_date('20080901','YYYYMMDD'), to_date('20090901','YYYYMMDD'), '65509206973', '', '', false);
insert into DiagramParts values('PM32-65_1551-65509224301', 'PM32-65_1551', 01, 'TV module', 'DVB-T', 1, to_date('20090901','YYYYMMDD'), to_date('20100301','YYYYMMDD'), '65509224301', '', '', false);
insert into DiagramParts values('PM32-65_1551-65509229906', 'PM32-65_1551', 01, 'TV module', 'DVB-T', 1, to_date('20090901','YYYYMMDD'), to_date('20100901','YYYYMMDD'), '65509229906', '', 'ENDED', false);
insert into DiagramParts values('PM32-65_1551-65509240643', 'PM32-65_1551', 01, 'TV module', 'DVB-T', 1, to_date('20090901','YYYYMMDD'), to_date('20120701','YYYYMMDD'), '65509240643', '', '', false);
insert into DiagramParts values('PM32-65_1551-65509224302', 'PM32-65_1551', 01, 'TV module', 'ISDB-T', 1, to_date('20090901','YYYYMMDD'), to_date('20100301','YYYYMMDD'), '65509224302', '', 'ENDED', false);
insert into DiagramParts values('PM32-65_1551-65509235503', 'PM32-65_1551', 01, 'TV module', 'ISDB-T', 1, to_date('20090901','YYYYMMDD'), to_date('20100901','YYYYMMDD'), '65509235503', '', 'ENDED', false);
insert into DiagramParts values('PM32-65_1551-65509240645', 'PM32-65_1551', 01, 'TV module', 'ISDB-T', 1, to_date('20090901','YYYYMMDD'), to_date('20120701','YYYYMMDD'), '65509240645', '', '', false);
insert into DiagramParts values('PM32-65_1551-65509242221', 'PM32-65_1551', 01, 'TV module', 'DTMB', 1, to_date('20100901','YYYYMMDD'), to_date('20110301','YYYYMMDD'), '65509242221', '', 'ENDED', false);
insert into DiagramParts values('PM32-65_1551-65509252352', 'PM32-65_1551', 01, 'TV module', 'DTMB', 1, to_date('20100901','YYYYMMDD'), to_date('20110901','YYYYMMDD'), '65509252352', '', 'ENDED', false);
insert into DiagramParts values('PM32-65_1551-65509253523', 'PM32-65_1551', 01, 'TV module', 'DTMB', 1, to_date('20100901','YYYYMMDD'), to_date('20120301','YYYYMMDD'), '65509253523', '', 'ENDED', false);
insert into Diagram values('PM32-65_1551','PM32-20070700','65-50','E90N 330i   Video module/TV module','');
insert into Diagram values('PM32-65_1552','PM32-20070700','65-50','E90N 330i   Bracket for video module','');
insert into Diagram values('PM32-65_1553','PM32-20070700','65-50','E90N 330i   Support bracket, navigation computer','');
insert into DiagramParts values('PM32-65_1554-65829193745', 'PM32-65_1554', 01, 'On-board monitor 8,8&quot;', 'HIGH RESOLUTION', 1, to_date('20080901','YYYYMMDD'), to_date('20090901','YYYYMMDD'), '65829193745', '', '', false);
insert into Diagram values('PM32-65_1554','PM32-20070700','65-50','E90N 330i   On-board monitor','');
insert into DiagramParts values('PM32-65_1916-65839205093', 'PM32-65_1916', 01, 'Car Infotainment computer', 'KOREA', 1, to_date('20080901','YYYYMMDD'), to_date('20081101','YYYYMMDD'), '65839205093', '', 'ENDED', false);
insert into DiagramParts values('PM32-65_1916-65839202830', 'PM32-65_1916', 01, 'Car Infotainment computer', 'KOREA', 1, to_date('20080901','YYYYMMDD'), to_date('20090301','YYYYMMDD'), '65839202830', '', 'ENDED', false);
insert into DiagramParts values('PM32-65_1916-65129214936', 'PM32-65_1916', 01, 'Car Infotainment computer', 'KOREA', 1, to_date('20080901','YYYYMMDD'), to_date('20090901','YYYYMMDD'), '65129214936', '', 'ENDED', false);
insert into DiagramParts values('PM32-65_1916-65129222865', 'PM32-65_1916', 01, 'Car Infotainment computer', 'KOREA', 1, to_date('20080901','YYYYMMDD'), to_date('20100301','YYYYMMDD'), '65129222865', '', 'ENDED', false);
insert into DiagramParts values('PM32-65_1916-65129218334', 'PM32-65_1916', 01, 'Car Infotainment computer', 'KOREA', 1, to_date('20080901','YYYYMMDD'), to_date('20101001','YYYYMMDD'), '65129218334', '', 'ENDED', false);
insert into DiagramParts values('PM32-65_1916-65129248104', 'PM32-65_1916', 01, 'Car Infotainment computer', 'KOREA', 1, to_date('20080901','YYYYMMDD'), to_date('20101201','YYYYMMDD'), '65129248104', '', 'ENDED', false);
insert into DiagramParts values('PM32-65_1916-65129250326', 'PM32-65_1916', 01, 'Car Infotainment computer', 'KOREA', 1, to_date('20080901','YYYYMMDD'), to_date('20110301','YYYYMMDD'), '65129250326', '', 'ENDED', false);
insert into DiagramParts values('PM32-65_1916-65129257190', 'PM32-65_1916', 01, 'Car Infotainment computer', 'KOREA', 1, to_date('20080901','YYYYMMDD'), to_date('20110901','YYYYMMDD'), '65129257190', '', 'ENDED', false);
insert into DiagramParts values('PM32-65_1916-65129273172', 'PM32-65_1916', 01, 'Car Infotainment computer', 'KOREA', 1, to_date('20080901','YYYYMMDD'), to_date('20120301','YYYYMMDD'), '65129273172', '', 'ENDED', false);
insert into DiagramParts values('PM32-65_1916-65839205094', 'PM32-65_1916', 01, 'Car Infotainment computer', 'ASIEN', 1, to_date('20080901','YYYYMMDD'), to_date('20081101','YYYYMMDD'), '65839205094', '', 'ENDED', false);
insert into DiagramParts values('PM32-65_1916-65839202831', 'PM32-65_1916', 01, 'Car Infotainment computer', 'ASIEN', 1, to_date('20080901','YYYYMMDD'), to_date('20090301','YYYYMMDD'), '65839202831', '', 'ENDED', false);
insert into DiagramParts values('PM32-65_1916-65129214937', 'PM32-65_1916', 01, 'Car Infotainment computer', 'ASIEN', 1, to_date('20080901','YYYYMMDD'), to_date('20090901','YYYYMMDD'), '65129214937', '', 'ENDED', false);
insert into DiagramParts values('PM32-65_1916-65129222866', 'PM32-65_1916', 01, 'Car Infotainment computer', 'ASIEN', 1, to_date('20080901','YYYYMMDD'), to_date('20091201','YYYYMMDD'), '65129222866', '', 'ENDED', false);
insert into DiagramParts values('PM32-65_1916-65129231727', 'PM32-65_1916', 01, 'Car Infotainment computer', 'ASIEN', 1, to_date('20080901','YYYYMMDD'), to_date('20100301','YYYYMMDD'), '65129231727', '', 'ENDED', false);
insert into DiagramParts values('PM32-65_1916-65129218335', 'PM32-65_1916', 01, 'Car Infotainment computer', 'ASIEN', 1, to_date('20080901','YYYYMMDD'), to_date('20100901','YYYYMMDD'), '65129218335', '', 'ENDED', false);
insert into DiagramParts values('PM32-65_1916-65129244588', 'PM32-65_1916', 01, 'Car Infotainment computer', 'ASIEN', 1, to_date('20080901','YYYYMMDD'), to_date('20110301','YYYYMMDD'), '65129244588', '', 'ENDED', false);
insert into DiagramParts values('PM32-65_1916-65129257191', 'PM32-65_1916', 01, 'Car Infotainment computer', 'ASIEN', 1, to_date('20080901','YYYYMMDD'), to_date('20110901','YYYYMMDD'), '65129257191', '', 'ENDED', false);
insert into Diagram values('PM32-65_1916','PM32-20070700','65-50','E90N 330i   Car Infotainment computer','');
insert into Diagram values('PM32-65_1978','PM32-20070700','65-50','E90N 330i   DVD street map Navigation Option 606','');
insert into Diagram values('PM32-65_2206','PM32-20070700','65-50','E90N 330i   Enable code, initial, Professional GPS','');
insert into Diagram values('PM32-65_2207','PM32-20070700','65-50','E90N 330i   Enable code, update for Professional GPS','');
insert into Diagram values('PM32-65_2208','PM32-20070700','65-50','E90N 330i   Enable code, rep, GPS Professional','');
insert into Diagram values('PM32-65_2215','PM32-20070700','65-50','E90N 330i   Enable code, initial, Business GPS','');
insert into Diagram values('PM32-65_2216','PM32-20070700','65-50','E90N 330i   Enable code, rep, GPS Business','');
insert into Diagram values('PM32-65_2223','PM32-20070700','65-50','E90N 330i   Enable code, update, GPS Business','');
insert into Diagram values('PM32-65_1487','PM32-20070700','65-60','E90N 330i   Alarm systems','');
insert into Diagram values('PM32-65_1532','PM32-20070700','65-65','E90N 330i   Electric parts for airbag','');
insert into Diagram values('PM32-65_1468','PM32-20070700','65-70','E90N 330i   Temperature sensor','');
insert into Diagram values('PM32-65_1562','PM32-20070700','65-95','E90N 330i   Retrofit kit, CD-changer','');
insert into Diagram values('PM32-65_1565','PM32-20070700','65-95','E90N 330i   INSTALLATION KIT ALARM SYSTEM','');
insert into Diagram values('PM32-65_1576','PM32-20070700','65-95','E90N 330i   DVD-system Portable','');
insert into Diagram values('PM32-65_1658','PM32-20070700','65-95','E90N 330i   DVB-T Set-top box','');
insert into Diagram values('PM32-65_1710','PM32-20070700','65-95','E90N 330i   Retrofit kit, TV function','');
insert into Diagram values('PM32-65_1814','PM32-20070700','65-95','E90N 330i   Retrofit kit USB/iPod connection','');
insert into Diagram values('PM32-65_1825','PM32-20070700','65-95','E90N 330i   iPod connection retrofit kit','');
insert into Diagram values('PM32-65_1860','PM32-20070700','65-95','E90N 330i   Retrofit kit USB/audio interface','');
insert into Diagram values('PM32-65_1894','PM32-20070700','65-95','E90N 330i   Hifi system, Alpine','');
insert into Diagram values('PM32-65_1901','PM32-20070700','65-95','E90N 330i   Navigation Portable Plus/Pro/HD Traffic','');
insert into Diagram values('PM32-65_1902','PM32-20070700','65-95','E90N 330i   GPS, portable, street map','');
insert into Diagram values('PM32-65_1903','PM32-20070700','65-95','E90N 330i   iPod connection retrofit kit','');
insert into Diagram values('PM32-65_1924','PM32-20070700','65-95','E90N 330i   Navigation Portable accessories','');
insert into Diagram values('PM32-65_1925','PM32-20070700','65-95','E90N 330i   Basic hands-free system with USB/audio','');
insert into Diagram values('PM32-65_1989','PM32-20070700','65-95','E90N 330i   Tracking Products','');
insert into Diagram values('PM32-65_2004','PM32-20070700','65-95','E90N 330i   Retrofit kit, CD-changer','');
insert into Diagram values('PM32-65_2038','PM32-20070700','65-95','E90N 330i   DVD system Tablet','');
insert into Diagram values('PM32-65_2079','PM32-20070700','65-95','E90N 330i   Smartnav','');
insert into Diagram values('PM32-65_2271','PM32-20070700','65-95','E90N 330i   Charger adapter for Apple iPod / iPhone','');
insert into Diagram values('PM32-65_2375','PM32-20070700','65-95','E90N 330i   Retrofit language, Arabic','');
insert into Diagram values('PM32-65_2388','PM32-20070700','65-95','E90N 330i   Retrofit DAB+','');
insert into Diagram values('PM32-65_2422','PM32-20070700','65-95','E90N 330i   Cable adapter for Apple iPod / iPhone','');
insert into Diagram values('PM32-65_2434','PM32-20070700','65-95','E90N 330i   DVD System Tablet Single','');
insert into Diagram values('PM32-65_2515','PM32-20070700','65-95','E90N 330i   Navigation &apos;Portable&apos; with Design holder','');
insert into Diagram values('PM32-65_2520','PM32-20070700','65-95','E90N 330i   BMW USB charger','');
insert into Diagram values('PM32-65_2522','PM32-20070700','65-95','E90N 330i   Cable adapter, devices with Micro USB','');
insert into Diagram values('PM32-66_0116','PM32-20070700','66-05','E90N 330i   Ignition lock of remote control','');
insert into Diagram values('PM32-66_0117','PM32-20070700','66-05','E90N 330i   Park Distance Control (PDC)','');
insert into Diagram values('PM32-66_0229','PM32-20070700','66-05','E90N 330i   Ultrasonic-sensor','');
insert into Diagram values('PM32-66_0118','PM32-20070700','66-20','E90N 330i   ACC-Sensor/Dynamic cruise control','');
insert into Diagram values('PM32-66_0123','PM32-20070700','66-95','E90N 330i   Retrofit kit PDC, rear','');
insert into Diagram values('PM32-66_0124','PM32-20070700','66-95','E90N 330i   Front PDC upgrade','');
insert into Diagram values('PM32-66_0130','PM32-20070700','66-95','E90N 330i   Retrofit multi-functional steering wheel','');
insert into Diagram values('PM32-66_0169','PM32-20070700','66-95','E90N 330i   Dynamic cruise control retrofit','');
insert into Diagram values('PM32-66_0188','PM32-20070700','66-95','E90N 330i   Park Distance Control universale sonoro','');
insert into Diagram values('PM32-71_0549','PM32-20070700','71-03','E90N 330i   Notice label for fuel','');
insert into Diagram values('PM32-71_0550','PM32-20070700','71-03','E90N 330i   Various notice stickers','');
insert into Diagram values('PM32-71_0555','PM32-20070700','71-03','E90N 330i   LABEL "TIRE PRESSURE"','');
insert into Diagram values('PM32-71_0568','PM32-20070700','71-03','E90N 330i   Instruction notice, Airbag','');
insert into Diagram values('PM32-71_0623','PM32-20070700','71-03','E90N 330i   Label, coolant','');
insert into Diagram values('PM32-71_0680','PM32-20070700','71-03','E90N 330i   Labels independent heating','');
insert into Diagram values('PM32-71_0361','PM32-20070700','71-05','E90N 330i   Car tool','');
insert into Diagram values('PM32-71_0408','PM32-20070700','71-05','E90N 330i   Warning triangle/First aid kit/-cushion','');
insert into Diagram values('PM32-71_0717','PM32-20070700','71-05','E90N 330i   Set of lifting jack','');
insert into Diagram values('PM32-71_0497','PM32-20070700','71-07','E90N 330i   Mobility system','');
insert into Diagram values('PM32-71_0412','PM32-20070700','71-10','E90N 330i   SINGLE PARTS OF TRAILER HITCH','');
insert into Diagram values('PM32-71_0400','PM32-20070700','71-95','E90N 330i   Set of lifting jack','');
insert into Diagram values('PM32-71_0414','PM32-20070700','71-95','E90N 330i   Retrofit kit, towing hitch','');
insert into Diagram values('PM32-71_0434','PM32-20070700','71-95','E90N 330i   Tire Mobility Set','');
insert into Diagram values('PM32-71_0495','PM32-20070700','71-95','E90N 330i   Retrofit kit, towing hitch','');
insert into Diagram values('PM32-71_0513','PM32-20070700','71-95','E90N 330i   Twin electrics, caravan leads','');
insert into Diagram values('PM32-72_0552','PM32-20070700','72-03','E90N 330i   Airbag passenger and head airbag','');
insert into Diagram values('PM32-72_0521','PM32-20070700','72-05','E90N 330i   Safety belt front','');
insert into Diagram values('PM32-72_0522','PM32-20070700','72-05','E90N 330i   FRONT SAFETY BELT MOUNTING PARTS','');
insert into DiagramParts values('PM32-72_0551-72119160125', 'PM32-72_0551', 01, 'UPPER BELT REAR', 'BEIGE', 1, to_date('20080901','YYYYMMDD'), to_date('20090301','YYYYMMDD'), '72119160125', '', '', false);
insert into DiagramParts values('PM32-72_0551-72119160107', 'PM32-72_0551', 01, 'UPPER BELT REAR', 'GRAU', 1, to_date('20080901','YYYYMMDD'), to_date('20090901','YYYYMMDD'), '72119160107', '', 'ENDED', false);
insert into DiagramParts values('PM32-72_0551-72119160124', 'PM32-72_0551', 01, 'UPPER BELT REAR', 'GRAU', 1, to_date('20080901','YYYYMMDD'), to_date('20090901','YYYYMMDD'), '72119160124', '', '', false);
insert into DiagramParts values('PM32-72_0551-72119160111', 'PM32-72_0551', 02, 'REAR center UPPER BELT', 'GRAU', 1, to_date('20080901','YYYYMMDD'), to_date('20090901','YYYYMMDD'), '72119160111', '', '', false);
insert into Diagram values('PM32-72_0551','PM32-20070700','72-05','E90N 330i   SAFETY BELT REAR','');
insert into Diagram values('PM32-72_0553','PM32-20070700','72-05','E90N 330i   Support, child seat','');
insert into Diagram values('PM32-72_0461','PM32-20070700','72-95','E90N 330i   Storage compartment module','');
insert into Diagram values('PM32-72_0462','PM32-20070700','72-95','E90N 330i   Cup holder-module','');
insert into Diagram values('PM32-72_0591','PM32-20070700','72-95','E90N 330i   Tow bar','');
insert into Diagram values('PM32-72_0598','PM32-20070700','72-95','E90N 330i   TOW ROPE','');
insert into Diagram values('PM32-72_0603','PM32-20070700','72-95','E90N 330i   Fire extinguisher','');
insert into Diagram values('PM32-72_0744','PM32-20070700','72-95','E90N 330i   Emergency bag','');
insert into Diagram values('PM32-36_0937','PM32-20070700','82-14','E90N 330i   Snow chains','');
insert into Diagram values('PM32-82_1073','PM32-20070700','82-26','E90N 330i   Universal coat hanger','');
insert into Diagram values('PM32-82_1261','PM32-20070700','82-26','E90N 330i   Clean Bag','');
insert into Diagram values('PM32-82_1299','PM32-20070700','82-26','E90N 330i   Storage pocket, rear passengers','');
insert into Diagram values('PM32-82_1308','PM32-20070700','82-26','E90N 330i   Shoe case','');
insert into Diagram values('PM32-82_1309','PM32-20070700','82-26','E90N 330i   Multimedia case','');
insert into Diagram values('PM32-82_1311','PM32-20070700','82-26','E90N 330i   Driver utility set','');
insert into Diagram values('PM32-82_1181','PM32-20070700','82-31','E90N 330i   BMW Junior Seat I-II','');
insert into Diagram values('PM32-82_1186','PM32-20070700','82-31','E90N 330i   BMW Baby Seat 0+','');
insert into Diagram values('PM32-82_1187','PM32-20070700','82-31','E90N 330i   BMW Junior Seat I-II Isofix','');
insert into Diagram values('PM32-82_1189','PM32-20070700','82-31','E90N 330i   BMW Baby Seat 0+ Isofix','');
insert into Diagram values('PM32-82_1237','PM32-20070700','82-31','E90N 330i   Dog harness','');
insert into Diagram values('PM32-82_1276','PM32-20070700','82-31','E90N 330i   BMW Junior Seat II-III','');
insert into Diagram values('PM32-82_1305','PM32-20070700','82-31','E90N 330i   BMW Junior Seat III','');
insert into Diagram values('PM32-82_1198','PM32-20070700','82-44','E90N 330i   Cover','');
insert into Diagram values('PM32-82_1236','PM32-20070700','82-44','E90N 330i   Mud flaps','');
insert into Diagram values('PM32-82_1251','PM32-20070700','82-44','E90N 330i   Cover hood windshield/side window','');
insert into Diagram values('PM32-82_0116','PM32-20070700','82-51','E90N 330i   Universal support','');
insert into Diagram values('PM32-82_0123','PM32-20070700','82-51','E90N 330i   RACK FOR RACING BICYCLE','');
insert into Diagram values('PM32-82_0125','PM32-20070700','82-51','E90N 330i   Bicycle lift','');
insert into Diagram values('PM32-82_0283','PM32-20070700','82-51','E90N 330i   Surfboard rack','');
insert into Diagram values('PM32-82_1157','PM32-20070700','82-51','E90N 330i   Bicycle carrier, trailer coupling','');
insert into Diagram values('PM32-82_1175','PM32-20070700','82-51','E90N 330i   Touring bicycle holder','');
insert into Diagram values('PM32-82_1178','PM32-20070700','82-51','E90N 330i   Roof box','');
insert into Diagram values('PM32-82_1230','PM32-20070700','82-51','E90N 330i   Rack support','');
insert into Diagram values('PM32-82_1234','PM32-20070700','82-51','E90N 330i   Roof box','');
insert into Diagram values('PM32-82_1244','PM32-20070700','82-51','E90N 330i   Racing bike rack','');
insert into Diagram values('PM32-82_1250','PM32-20070700','82-51','E90N 330i   Roof box','');
insert into Diagram values('PM32-82_1268','PM32-20070700','82-51','E90N 330i   Ski/snowboard holder','');
insert into Diagram values('PM32-82_1295','PM32-20070700','82-51','E90N 330i   Roof rack systems','');
insert into Diagram values('PM32-82_1364','PM32-20070700','82-51','E90N 330i   Bicycle carrier, trailer coupling','');
insert into Diagram values('PM32-82_1460','PM32-20070700','82-51','E90N 330i   Roof rack systems','');
insert into Diagram values('PM32-82_1476','PM32-20070700','82-51','E90N 330i   Roof-mounted container 320 LCI','');
insert into Diagram values('PM32-82_1551','PM32-20070700','82-51','E90N 330i   Bicycle carrier, trailer coupling','');
insert into Diagram values('PM32-82_1567','PM32-20070700','82-51','E90N 330i   Bicycle carrier, trailer coupling','');
insert into Diagram values('PM32-82_1575','PM32-20070700','82-51','E90N 330i   Rear bicycle carrier, click-on','');
insert into Diagram values('PM32-82_1579','PM32-20070700','82-51','E90N 330i   Bicycle carrier, click-on','');
insert into Diagram values('PM32-82_1580','PM32-20070700','82-51','E90N 330i   Retrofit kit, Click On ECE','');
insert into Diagram values('PM32-82_1589','PM32-20070700','82-51','E90N 330i   Racing bike rack','');
insert into Diagram values('PM32-82_0102','PM32-20070700','82-81','E90N 330i   Universal hoist','');
insert into Diagram values('PM32-83_0579','PM32-20070700','83-01','E90N 330i   Rugzak','');
insert into Diagram values('PM32-83_0473','PM32-20070700','83-24','E90N 330i   Paint / Paint guard strips','');
insert into Diagram values('PM32-84_0767','PM32-20070700','84-10','E90N 330i   Starter package, cell phone Nokia 6303c','');
insert into Diagram values('PM32-84_0800','PM32-20070700','84-10','E90N 330i   ASSY COMBOX TELEMATIC ECE','');
insert into Diagram values('PM32-84_0658','PM32-20070700','84-20','E90N 330i   Single parts, SA 644 center console','');
insert into Diagram values('PM32-84_0670','PM32-20070700','84-20','E90N 330i   Single parts opt. Option 644/6FL trunk','');
insert into Diagram values('PM32-84_0673','PM32-20070700','84-20','E90N 330i   Single parts, SA 633, center console','');
insert into Diagram values('PM32-84_0689','PM32-20070700','84-20','E90N 330i   Single parts SA 633, trunk','');
insert into Diagram values('PM32-84_0758','PM32-20070700','84-20','E90N 330i   Single parts, option 6NF center console','');
insert into Diagram values('PM32-84_0657','PM32-20070700','84-30','E90N 330i   Single parts f hands-free facility','');
insert into Diagram values('PM32-84_0763','PM32-20070700','84-30','E90N 330i   Snap-in adapter, SAP','');
insert into Diagram values('PM32-84_0639','PM32-20070700','84-95','E90N 330i   Bluetooth SA644 hands-free retrofit kit','');
insert into Diagram values('PM32-84_0730','PM32-20070700','84-95','E90N 330i   Stolen Vehicle Tracking - TPA','');
insert into Diagram values('PM32-84_0732','PM32-20070700','84-95','E90N 330i   Upgrade kit hands-free Bluetooth OPT644','');
insert into Diagram values('PM32-84_0741','PM32-20070700','84-95','E90N 330i   Base hands-free system with Bluetooth','');
insert into Diagram values('PM32-84_0778','PM32-20070700','84-95','E90N 330i   BMW Bluetooth headset','');
insert into Diagram values('PM32-84_0867','PM32-20070700','84-95','E90N 330i   BMW Car Hotspot','');
insert into Diagram values('PM32-84_0895','PM32-20070700','84-95','E90N 330i   BMW station fr Apple iPhone','');
insert into Diagram values('PM32-84_0897','PM32-20070700','84-95','E90N 330i   Snap-in adapter for Apple devices','');
insert into Diagram values('PM32-84_0904','PM32-20070700','84-95','E90N 330i   Retrofit kit, voice input','');
insert into Diagram values('PM32-84_0906','PM32-20070700','84-95','E90N 330i   Snap-in adapter, SONY ERICSSON devices','');
insert into Diagram values('PM32-84_0907','PM32-20070700','84-95','E90N 330i   Snap-in adapter for NOKIA devices','');
insert into Diagram values('PM32-84_0908','PM32-20070700','84-95','E90N 330i   Snap-in adapter for SIEMENS devices','');
insert into Diagram values('PM32-84_0909','PM32-20070700','84-95','E90N 330i   Snap-in adapter for MOTOROLA devices','');
insert into Diagram values('PM32-84_0910','PM32-20070700','84-95','E90N 330i   Snap-in adapter, BlackBerry/RIM devices','');
insert into Diagram values('PM32-84_0911','PM32-20070700','84-95','E90N 330i   Field installation of BMW Apps','');
insert into Diagram values('PM32-84_0930','PM32-20070700','84-95','E90N 330i   Smartphone cradle','');
insert into Diagram values('PM32-84_0931','PM32-20070700','84-95','E90N 330i   BMW Car Hotspot LTE','');
insert into Diagram values('PM32-84_0933','PM32-20070700','84-95','E90N 330i   Snap-in adapter for SAMSUNG devices','');
insert into Diagram values('PM32-85_0002','PM32-20070700','85-45','E90N 330i   Winter tires','');
insert into Diagram values('PM32-85_0051','PM32-20070700','85-45','E90N 330i   Summer tires','');
insert into Diagram values('PM32-88_0052','PM32-20070700','88-80','E90N 330i   Emergency bag','');
insert into Diagram values('PM32-88_0064','PM32-20070700','88-80','E90N 330i   Fluid-change kit, autom. transmission','');
insert into Diagram values('PM32-91_0813','PM32-20070700','91-10','E90N 330i   Individual shift lever cover','');
insert into Diagram values('PM32-91_0814','PM32-20070700','91-12','E90N 330i   Individual selector lever boots','');
insert into Diagram values('PM32-91_0815','PM32-20070700','91-15','E90N 330i   Individual parking brake lever boot','');
insert into DiagramParts values('PM32-91_0763-32307969989', 'PM32-91_0763', 01, 'Sports st.-wheel,leather/wd.ring,multif.', 'ROTBRAUN', 1, to_date('20080901','YYYYMMDD'), to_date('20090901','YYYYMMDD'), '32307969989', '', 'ENDED, See NoS No Stock', false);
insert into DiagramParts values('PM32-91_0763-32307973716', 'PM32-91_0763', 01, 'Sports st.-wheel,leather/wd.ring,multif.', 'ANTHRAZIT', 1, to_date('20080901','YYYYMMDD'), to_date('20090901','YYYYMMDD'), '32307973716', '', 'ENDED, See NoS No Stock', false);
insert into DiagramParts values('PM32-91_0763-32307973720', 'PM32-91_0763', 01, 'Sports st.-wheel,leather/wd.ring,multif.', 'ROTBRAUN', 1, to_date('20080901','YYYYMMDD'), to_date('20090901','YYYYMMDD'), '32307973720', '', 'ENDED, See NoS No Stock', false);
insert into DiagramParts values('PM32-91_0763-32307973714', 'PM32-91_0763', 01, 'Sports st.-wheel,leather/wd.ring,multif.', 'ANTHRAZIT', 1, to_date('20080901','YYYYMMDD'), to_date('20090901','YYYYMMDD'), '32307973714', '', 'ENDED, See NoS No Stock', false);
insert into DiagramParts values('PM32-91_0763-32307973718', 'PM32-91_0763', 01, 'Sports st.-wheel,leather/wd.ring,multif.', 'ROTBRAUN', 1, to_date('20080901','YYYYMMDD'), to_date('20090901','YYYYMMDD'), '32307973718', '', 'ENDED, See NoS No Stock', false);
insert into DiagramParts values('PM32-91_0763-32307962217', 'PM32-91_0763', 02, 'Cover, multi-funct.steering wheel', 'SCHWARZ', 1, to_date('20050901','YYYYMMDD'), to_date('20090301','YYYYMMDD'), '32307962217', '', 'ENDED, See NoS No Stock', false);
insert into DiagramParts values('PM32-91_0763-32307841586', 'PM32-91_0763', 02, 'Cover, multi-funct.steering wheel', 'SCHWARZ', 1, to_date('20050901','YYYYMMDD'), to_date('20101101','YYYYMMDD'), '32307841586', '', 'ENDED, See NoS No Stock', false);
insert into Diagram values('PM32-91_0763','PM32-20070700','91-17','E90N 330i   Ind.sports st.-wheel,leather w/wdn. ring','');
insert into DiagramParts values('PM32-91_0868-32307962217', 'PM32-91_0868', 02, 'Cover, multi-funct.steering wheel', 'SCHWARZ', 1, to_date('20050901','YYYYMMDD'), to_date('20090301','YYYYMMDD'), '32307962217', '', 'ENDED, See NoS No Stock', false);
insert into DiagramParts values('PM32-91_0868-32307841586', 'PM32-91_0868', 02, 'Cover, multi-funct.steering wheel', 'SCHWARZ', 1, to_date('20050901','YYYYMMDD'), to_date('20101101','YYYYMMDD'), '32307841586', '', 'ENDED, See NoS No Stock', false);
insert into Diagram values('PM32-91_0868','PM32-20070700','91-17','E90N 330i   Indi. Sport STWH, leather w. leather rim','');
insert into DiagramParts values('PM32-91_1106-32307976951', 'PM32-91_1106', 01, 'Sport st. wheel, lthr, bicolor, multif.', 'INDIVIDUAL', 1, to_date('20090301','YYYYMMDD'), to_date('20100201','YYYYMMDD'), '32307976951', '', 'See NoS No Stock', false);
insert into Diagram values('PM32-91_1106','PM32-20070700','91-17','E90N 330i   Indi. Sport st. wheel, leather, bicolor','');
insert into Diagram values('PM32-91_0816','PM32-20070700','91-30','E90N 330i   Individual cup holder, soft paint','');
insert into Diagram values('PM32-91_0818','PM32-20070700','91-30','E90N 330i   Individual cover RF key insert','');
insert into Diagram values('PM32-91_0819','PM32-20070700','91-30','E90N 330i   Individual trim, light operating unit','');
insert into Diagram values('PM32-91_0820','PM32-20070700','91-30','E90N 330i   Individual trim panel, auto, climate','');
insert into Diagram values('PM32-91_0869','PM32-20070700','91-30','E90N 330i   Individual instrument panel, leather','');
insert into Diagram values('PM32-91_0875','PM32-20070700','91-30','E90N 330i   Individual folding storage, instr. panel','');
insert into Diagram values('PM32-91_0876','PM32-20070700','91-30','E90N 330i   Individual glove compartment, leather','');
insert into Diagram values('PM32-91_0930','PM32-20070700','91-30','E90N 330i   Individual trim cover MASK / CCC','');
insert into Diagram values('PM32-91_0872','PM32-20070700','91-35','E90N 330i   Individual center console','');
insert into Diagram values('PM32-91_0873','PM32-20070700','91-35','E90N 330i   Individual armrest, center console','');
insert into Diagram values('PM32-91_0874','PM32-20070700','91-35','E90N 330i   Individual center console covers, rear','');
insert into Diagram values('PM32-91_1025','PM32-20070700','91-40','E90N 330i   Individual wood trim covers','');
insert into Diagram values('PM32-91_0824','PM32-20070700','91-45','E90N 330i   Indiv.front door trim panel,part.leather','');
insert into Diagram values('PM32-91_0826','PM32-20070700','91-45','E90N 330i   Indi. clip for door handle, inside front','');
insert into Diagram values('PM32-91_0827','PM32-20070700','91-45','E90N 330i   Indiv. clip for door handle, inside rear','');
insert into Diagram values('PM32-91_0828','PM32-20070700','91-45','E90N 330i   Indi. door trim, all-leather, front','');
insert into Diagram values('PM32-91_0829','PM32-20070700','91-45','E90N 330i   Indi. door trim, all-leather, rear','');
insert into Diagram values('PM32-91_0830','PM32-20070700','91-45','E90N 330i   Indiv. rear door trim panel,part.leather','');
insert into Diagram values('PM32-91_1007','PM32-20070700','91-45','E90N 330i   Indi. door panel, leathr trim, front, LC','');
insert into Diagram values('PM32-91_1008','PM32-20070700','91-45','E90N 330i   Indi. door trim, part leather, rear, LC','');
insert into Diagram values('PM32-91_0890','PM32-20070700','91-57','E90N 330i   Individual floor mats, Leather border','');
insert into Diagram values('PM32-91_0722','PM32-20070700','91-60','E90N 330i   Indiv.cover, basic seat, front','');
insert into Diagram values('PM32-91_0734','PM32-20070700','91-60','E90N 330i   Individual sports seat cover, front','');
insert into Diagram values('PM32-91_0736','PM32-20070700','91-60','E90N 330i   Individ. rear panel Basic /Sports seat','');
insert into Diagram values('PM32-91_0998','PM32-20070700','91-60','E90N 330i   Individual uphols, base seat, front, LC','');
insert into Diagram values('PM32-91_0999','PM32-20070700','91-60','E90N 330i   Individual cover, Sport seat, front LC','');
insert into Diagram values('PM32-91_0737','PM32-20070700','91-65','E90N 330i   Indiv.cover basic seat, rear','');
insert into Diagram values('PM32-91_0738','PM32-20070700','91-65','E90N 330i   Individual sports seat cover, rear','');
insert into Diagram values('PM32-91_0739','PM32-20070700','91-65','E90N 330i   Ind.through-loading sys. rear basic seat','');
insert into Diagram values('PM32-91_0740','PM32-20070700','91-65','E90N 330i   Individual Loadthrough Sport seat, rear','');
insert into Diagram values('PM32-91_1000','PM32-20070700','91-65','E90N 330i   Indiv. cover for seat, rear, LC','');
insert into Diagram values('PM32-91_1001','PM32-20070700','91-65','E90N 330i   Indiv. load-through for seat, rear, LC','');
insert into Diagram values('PM32-91_0987','PM32-20070700','91-70','E90N 330i   Indi. head restraint CAK base seat front','');
insert into Diagram values('PM32-91_0988','PM32-20070700','91-70','E90N 330i   Indi. hd. restraint CAK Sport seat front','');
insert into Diagram values('PM32-91_1002','PM32-20070700','91-70','E90N 330i   Individual head restraint CAK front, LC','');
insert into Diagram values('PM32-91_0752','PM32-20070700','91-75','E90N 330i   Indv. headrest, basic seat, rear','');
insert into Diagram values('PM32-91_0753','PM32-20070700','91-75','E90N 330i   Ind. headrest, sports seat, rear','');
insert into Diagram values('PM32-91_0754','PM32-20070700','91-75','E90N 330i   Indi. folding headrest, base kit, rear','');
insert into Diagram values('PM32-91_0755','PM32-20070700','91-75','E90N 330i   Indi. folding headrest, Sport seat, rear','');
insert into Diagram values('PM32-91_0756','PM32-20070700','91-75','E90N 330i   Individual folding headrests,center rear','');
insert into Diagram values('PM32-91_1004','PM32-20070700','91-75','E90N 330i   Indi. fold headrest, rear, center, LC','');
insert into Diagram values('PM32-91_1005','PM32-20070700','91-75','E90N 330i   Indi. headrest, rear lateral, LC','');
insert into Diagram values('PM32-91_1006','PM32-20070700','91-75','E90N 330i   Indi. fold headrest, rear side LC','');
insert into Diagram values('PM32-91_0741','PM32-20070700','91-80','E90N 330i   Individual armrest, rear','');
insert into ProdCodeDate values('PM32-20070700','PM32',to_date('20070701','YYYYMMDD'));
insert into ProdCode values('PM31','330i','Lim','E90N','ECE','N52N','L','03/2008 E90N 330i Sedan N52N Europe Left hand drive ');
insert into ProdCodeDate values('PM31-20080300','PM31',to_date('20080301','YYYYMMDD'));
insert into DiagramParts values('PM31-01_0656-01492604891', 'PM31-01_0656', 01, 'Supplement to owner&apos;s manual, police', 'DE/EN, E90/E91', 1, to_date('20100301','YYYYMMDD'), to_date('20100901','YYYYMMDD'), '01492604891', '', '', false);
insert into DiagramParts values('PM31-01_0656-01402609937', 'PM31-01_0656', 01, 'Supplement to owner&apos;s manual, police', 'E90/E91, DE/EN', 1, to_date('20100901','YYYYMMDD'), to_date('20110901','YYYYMMDD'), '01402609937', '', '', false);
insert into Diagram values('PM31-01_0656','PM31-20080300','01-05','E90N 330i   Supplement to owner&apos;s manual, police','');
insert into DiagramParts values('PM31-01_0657-01492604892', 'PM31-01_0657', 01, 'Suppl. Owner&apos;s Manual officials utility', 'DE/EN, E90/E91', 1, to_date('20100301','YYYYMMDD'), to_date('20100901','YYYYMMDD'), '01492604892', '', '', false);
insert into Diagram values('PM31-01_0657','PM31-20080300','01-05','E90N 330i   Suppl. Owner&apos;s Manual officials utility','');
insert into DiagramParts values('PM31-01_0691-01402601792', 'PM31-01_0691', 01, 'Owner&apos;s manual E90, E91 w/o iDrive', 'DE, MJ 2009', 1, to_date('20090301','YYYYMMDD'), to_date('20090901','YYYYMMDD'), '01402601792', '', '', false);
insert into DiagramParts values('PM31-01_0691-01402602960', 'PM31-01_0691', 01, 'Owner&apos;s manual E90, E91 w/o iDrive', 'DE, MJ 2010', 1, to_date('20090901','YYYYMMDD'), to_date('20100301','YYYYMMDD'), '01402602960', '', '', false);
insert into DiagramParts values('PM31-01_0691-01402604233', 'PM31-01_0691', 01, 'Owner&apos;s manual E90, E91 w/o iDrive', 'DE, MJ 2010', 1, to_date('20100301','YYYYMMDD'), to_date('20100901','YYYYMMDD'), '01402604233', '', '', false);
insert into DiagramParts values('PM31-01_0691-01402605465', 'PM31-01_0691', 01, 'Owner&apos;s manual E90, E91 w/o iDrive', 'DE, MJ 2011', 1, to_date('20100901','YYYYMMDD'), to_date('20110301','YYYYMMDD'), '01402605465', '', '', false);
insert into DiagramParts values('PM31-01_0691-01402606907', 'PM31-01_0691', 01, 'Owner&apos;s manual E90, E91 w/o iDrive', 'DE, MJ 2011', 1, to_date('20110301','YYYYMMDD'), to_date('20110901','YYYYMMDD'), '01402606907', '', '', false);
insert into DiagramParts values('PM31-01_0691-01412600871', 'PM31-01_0691', 02, 'Owner&apos;s manual E90, E91 w/o iDrive', 'EN, MJ 2009', 1, to_date('20080901','YYYYMMDD'), to_date('20090301','YYYYMMDD'), '01412600871', '', '', false);
insert into DiagramParts values('PM31-01_0691-01412601793', 'PM31-01_0691', 02, 'Owner&apos;s manual E90, E91 w/o iDrive', 'EN, MJ 2009', 1, to_date('20090301','YYYYMMDD'), to_date('20090901','YYYYMMDD'), '01412601793', '', '', false);
insert into DiagramParts values('PM31-01_0691-01412602961', 'PM31-01_0691', 02, 'Owner&apos;s manual E90, E91 w/o iDrive', 'EN, MJ 2010', 1, to_date('20090901','YYYYMMDD'), to_date('20100301','YYYYMMDD'), '01412602961', '', '', false);
insert into DiagramParts values('PM31-01_0691-01412604234', 'PM31-01_0691', 02, 'Owner&apos;s manual E90, E91 w/o iDrive', 'EN, MJ 2010', 1, to_date('20100301','YYYYMMDD'), to_date('20100901','YYYYMMDD'), '01412604234', '', '', false);
insert into DiagramParts values('PM31-01_0691-01402605466', 'PM31-01_0691', 02, 'Owner&apos;s manual E90, E91 w/o iDrive', 'EN, MJ 2011', 1, to_date('20100901','YYYYMMDD'), to_date('20110301','YYYYMMDD'), '01402605466', '', '', false);
insert into DiagramParts values('PM31-01_0691-01402606908', 'PM31-01_0691', 02, 'Owner&apos;s manual E90, E91 w/o iDrive', 'EN, MJ 2011', 1, to_date('20110301','YYYYMMDD'), to_date('20110901','YYYYMMDD'), '01402606908', '', '', false);
insert into DiagramParts values('PM31-01_0691-01422600872', 'PM31-01_0691', 03, 'Owner&apos;s manual E90, E91 w/o iDrive', 'FR, MJ 2009', 1, to_date('20080901','YYYYMMDD'), to_date('20090301','YYYYMMDD'), '01422600872', '', '', false);
insert into DiagramParts values('PM31-01_0691-01422601794', 'PM31-01_0691', 03, 'Owner&apos;s manual E90, E91 w/o iDrive', 'FR, MJ2009', 1, to_date('20090301','YYYYMMDD'), to_date('20090901','YYYYMMDD'), '01422601794', '', '', false);
insert into DiagramParts values('PM31-01_0691-01422602962', 'PM31-01_0691', 03, 'Owner&apos;s manual E90, E91 w/o iDrive', 'FR, MJ 2010', 1, to_date('20090901','YYYYMMDD'), to_date('20100301','YYYYMMDD'), '01422602962', '', '', false);
insert into DiagramParts values('PM31-01_0691-01422604235', 'PM31-01_0691', 03, 'Owner&apos;s manual E90, E91 w/o iDrive', 'FR, MJ 2010', 1, to_date('20100301','YYYYMMDD'), to_date('20100901','YYYYMMDD'), '01422604235', '', '', false);
insert into DiagramParts values('PM31-01_0691-01402605467', 'PM31-01_0691', 03, 'Owner&apos;s manual E90, E91 w/o iDrive', 'FR, MJ 2011', 1, to_date('20100901','YYYYMMDD'), to_date('20110301','YYYYMMDD'), '01402605467', '', '', false);
insert into DiagramParts values('PM31-01_0691-01402606909', 'PM31-01_0691', 03, 'Owner&apos;s manual E90, E91 w/o iDrive', 'FR, MJ 2011', 1, to_date('20110301','YYYYMMDD'), to_date('20110901','YYYYMMDD'), '01402606909', '', '', false);
insert into DiagramParts values('PM31-01_0691-01432600873', 'PM31-01_0691', 04, 'Owner&apos;s manual E90, E91 w/o iDrive', 'ES, MJ 2009', 1, to_date('20080901','YYYYMMDD'), to_date('20090301','YYYYMMDD'), '01432600873', '', '', false);
insert into DiagramParts values('PM31-01_0691-01432601795', 'PM31-01_0691', 04, 'Owner&apos;s manual E90, E91 w/o iDrive', 'ES, MJ 2009', 1, to_date('20090301','YYYYMMDD'), to_date('20090901','YYYYMMDD'), '01432601795', '', '', false);
insert into DiagramParts values('PM31-01_0691-01432602963', 'PM31-01_0691', 04, 'Owner&apos;s manual E90, E91 w/o iDrive', 'ES, MJ 2010', 1, to_date('20090901','YYYYMMDD'), to_date('20100301','YYYYMMDD'), '01432602963', '', '', false);
insert into DiagramParts values('PM31-01_0691-01432604236', 'PM31-01_0691', 04, 'Owner&apos;s manual E90, E91 w/o iDrive', 'ES, MJ 2010', 1, to_date('20100301','YYYYMMDD'), to_date('20100901','YYYYMMDD'), '01432604236', '', '', false);
insert into DiagramParts values('PM31-01_0691-01402605468', 'PM31-01_0691', 04, 'Owner&apos;s manual E90, E91 w/o iDrive', 'ES, MJ 2011', 1, to_date('20100901','YYYYMMDD'), to_date('20110301','YYYYMMDD'), '01402605468', '', '', false);
insert into DiagramParts values('PM31-01_0691-01402606910', 'PM31-01_0691', 04, 'Owner&apos;s manual E90, E91 w/o iDrive', 'ES, MJ 2011', 1, to_date('20110301','YYYYMMDD'), to_date('20110901','YYYYMMDD'), '01402606910', '', '', false);
insert into DiagramParts values('PM31-01_0691-01442600874', 'PM31-01_0691', 05, 'Owner&apos;s manual E90, E91 w/o iDrive', 'IT, MJ 2009', 1, to_date('20080901','YYYYMMDD'), to_date('20090301','YYYYMMDD'), '01442600874', '', '', false);
insert into DiagramParts values('PM31-01_0691-01442601796', 'PM31-01_0691', 05, 'Owner&apos;s manual E90, E91 w/o iDrive', 'IT, MJ 2009', 1, to_date('20090301','YYYYMMDD'), to_date('20090901','YYYYMMDD'), '01442601796', '', '', false);
insert into DiagramParts values('PM31-01_0691-01442602964', 'PM31-01_0691', 05, 'Owner&apos;s manual E90, E91 w/o iDrive', 'IT, MJ 2010', 1, to_date('20090901','YYYYMMDD'), to_date('20100301','YYYYMMDD'), '01442602964', '', '', false);
insert into DiagramParts values('PM31-01_0691-01442604237', 'PM31-01_0691', 05, 'Owner&apos;s manual E90, E91 w/o iDrive', 'IT, MJ 2010', 1, to_date('20100301','YYYYMMDD'), to_date('20100901','YYYYMMDD'), '01442604237', '', '', false);
insert into DiagramParts values('PM31-01_0691-01402605469', 'PM31-01_0691', 05, 'Owner&apos;s manual E90, E91 w/o iDrive', 'IT, MJ 2011', 1, to_date('20100901','YYYYMMDD'), to_date('20110301','YYYYMMDD'), '01402605469', '', '', false);
insert into DiagramParts values('PM31-01_0691-01402606911', 'PM31-01_0691', 05, 'Owner&apos;s manual E90, E91 w/o iDrive', 'IT, MJ 2011', 1, to_date('20110301','YYYYMMDD'), to_date('20110901','YYYYMMDD'), '01402606911', '', '', false);
insert into DiagramParts values('PM31-01_0691-01452600875', 'PM31-01_0691', 06, 'Owner&apos;s manual E90, E91 w/o iDrive', 'SV, MJ 2009', 1, to_date('20080901','YYYYMMDD'), to_date('20090301','YYYYMMDD'), '01452600875', '', '', false);
insert into DiagramParts values('PM31-01_0691-01452601797', 'PM31-01_0691', 06, 'Owner&apos;s manual E90, E91 w/o iDrive', 'SV, MJ 2009', 1, to_date('20090301','YYYYMMDD'), to_date('20090901','YYYYMMDD'), '01452601797', '', '', false);
insert into DiagramParts values('PM31-01_0691-01452602965', 'PM31-01_0691', 06, 'Owner&apos;s manual E90, E91 w/o iDrive', 'SV, MJ 2010', 1, to_date('20090901','YYYYMMDD'), to_date('20100301','YYYYMMDD'), '01452602965', '', '', false);
insert into DiagramParts values('PM31-01_0691-01452604238', 'PM31-01_0691', 06, 'Owner&apos;s manual E90, E91 w/o iDrive', 'SV, MJ 2010', 1, to_date('20100301','YYYYMMDD'), to_date('20100901','YYYYMMDD'), '01452604238', '', '', false);
insert into DiagramParts values('PM31-01_0691-01402605470', 'PM31-01_0691', 06, 'Owner&apos;s manual E90, E91 w/o iDrive', 'SV, MJ 2011', 1, to_date('20100901','YYYYMMDD'), to_date('20110301','YYYYMMDD'), '01402605470', '', '', false);
insert into DiagramParts values('PM31-01_0691-01402606912', 'PM31-01_0691', 06, 'Owner&apos;s manual E90, E91 w/o iDrive', 'SV, MJ 2011', 1, to_date('20110301','YYYYMMDD'), to_date('20110901','YYYYMMDD'), '01402606912', '', '', false);
insert into DiagramParts values('PM31-01_0691-01462600876', 'PM31-01_0691', 07, 'Owner&apos;s manual E90, E91 w/o iDrive', 'NL, MJ 2009', 1, to_date('20080901','YYYYMMDD'), to_date('20090301','YYYYMMDD'), '01462600876', '', '', false);
insert into DiagramParts values('PM31-01_0691-01462601798', 'PM31-01_0691', 07, 'Owner&apos;s manual E90, E91 w/o iDrive', 'NL, MJ 2009', 1, to_date('20090301','YYYYMMDD'), to_date('20090901','YYYYMMDD'), '01462601798', '', '', false);
insert into DiagramParts values('PM31-01_0691-01462602966', 'PM31-01_0691', 07, 'Owner&apos;s manual E90, E91 w/o iDrive', 'NL, MJ 2010', 1, to_date('20090901','YYYYMMDD'), to_date('20100301','YYYYMMDD'), '01462602966', '', '', false);
insert into DiagramParts values('PM31-01_0691-01462604239', 'PM31-01_0691', 07, 'Owner&apos;s manual E90, E91 w/o iDrive', 'NL, MJ 2010', 1, to_date('20100301','YYYYMMDD'), to_date('20100901','YYYYMMDD'), '01462604239', '', '', false);
insert into DiagramParts values('PM31-01_0691-01402605471', 'PM31-01_0691', 07, 'Owner&apos;s manual E90, E91 w/o iDrive', 'NL, MJ 2011', 1, to_date('20100901','YYYYMMDD'), to_date('20110301','YYYYMMDD'), '01402605471', '', '', false);
insert into DiagramParts values('PM31-01_0691-01402606913', 'PM31-01_0691', 07, 'Owner&apos;s manual E90, E91 w/o iDrive', 'NL, MJ 2011', 1, to_date('20110301','YYYYMMDD'), to_date('20110901','YYYYMMDD'), '01402606913', '', '', false);
insert into DiagramParts values('PM31-01_0691-01472600877', 'PM31-01_0691', 08, 'Owner&apos;s manual E90, E91 w/o iDrive', 'AR, MJ 2009', 1, to_date('20080901','YYYYMMDD'), to_date('20090301','YYYYMMDD'), '01472600877', '', '', false);
insert into DiagramParts values('PM31-01_0691-01472601799', 'PM31-01_0691', 08, 'Owner&apos;s manual E90, E91 w/o iDrive', 'AR, MJ 2009', 1, to_date('20090301','YYYYMMDD'), to_date('20090901','YYYYMMDD'), '01472601799', '', '', false);
insert into DiagramParts values('PM31-01_0691-01472602967', 'PM31-01_0691', 08, 'Owner&apos;s manual E90, E91 w/o iDrive', 'AR, MJ 2010', 1, to_date('20090901','YYYYMMDD'), to_date('20100301','YYYYMMDD'), '01472602967', '', '', false);
insert into DiagramParts values('PM31-01_0691-01472604240', 'PM31-01_0691', 08, 'Owner&apos;s manual E90, E91 w/o iDrive', 'AR, MJ 2010', 1, to_date('20100301','YYYYMMDD'), to_date('20100901','YYYYMMDD'), '01472604240', '', '', false);
insert into DiagramParts values('PM31-01_0691-01402605472', 'PM31-01_0691', 08, 'Owner&apos;s manual E90, E91 w/o iDrive', 'AR, MJ 2011', 1, to_date('20100901','YYYYMMDD'), to_date('20110301','YYYYMMDD'), '01402605472', '', '', false);
insert into DiagramParts values('PM31-01_0691-01402606914', 'PM31-01_0691', 08, 'Owner&apos;s manual E90, E91 w/o iDrive', 'AR, MJ 2011', 1, to_date('20110301','YYYYMMDD'), to_date('20110901','YYYYMMDD'), '01402606914', '', '', false);
insert into DiagramParts values('PM31-01_0691-01482600878', 'PM31-01_0691', 09, 'Owner&apos;s manual E90, E91 w/o iDrive', 'DA, MJ 2009', 1, to_date('20080901','YYYYMMDD'), to_date('20090301','YYYYMMDD'), '01482600878', '', '', false);
insert into DiagramParts values('PM31-01_0691-01482601800', 'PM31-01_0691', 09, 'Owner&apos;s manual E90, E91 w/o iDrive', 'DA, MJ 2009', 1, to_date('20090301','YYYYMMDD'), to_date('20090901','YYYYMMDD'), '01482601800', '', '', false);
insert into DiagramParts values('PM31-01_0691-01482602968', 'PM31-01_0691', 09, 'Owner&apos;s manual E90, E91 w/o iDrive', 'DA, MJ 2010', 1, to_date('20090901','YYYYMMDD'), to_date('20100301','YYYYMMDD'), '01482602968', '', '', false);
insert into DiagramParts values('PM31-01_0691-01482604241', 'PM31-01_0691', 09, 'Owner&apos;s manual E90, E91 w/o iDrive', 'DA, MJ 2010', 1, to_date('20100301','YYYYMMDD'), to_date('20100901','YYYYMMDD'), '01482604241', '', '', false);
insert into DiagramParts values('PM31-01_0691-01402605473', 'PM31-01_0691', 09, 'Owner&apos;s manual E90, E91 w/o iDrive', 'DA, MJ 2011', 1, to_date('20100901','YYYYMMDD'), to_date('20110301','YYYYMMDD'), '01402605473', '', '', false);
insert into DiagramParts values('PM31-01_0691-01402606915', 'PM31-01_0691', 09, 'Owner&apos;s manual E90, E91 w/o iDrive', 'DA, MJ 2011', 1, to_date('20110301','YYYYMMDD'), to_date('20110901','YYYYMMDD'), '01402606915', '', '', false);
insert into DiagramParts values('PM31-01_0691-01492600879', 'PM31-01_0691', 10, 'Owner&apos;s manual E90, E91 w/o iDrive', 'PT, MJ 2009', 1, to_date('20080901','YYYYMMDD'), to_date('20090301','YYYYMMDD'), '01492600879', '', '', false);
insert into DiagramParts values('PM31-01_0691-01492601801', 'PM31-01_0691', 10, 'Owner&apos;s manual E90, E91 w/o iDrive', 'PT, MJ 2009', 1, to_date('20090301','YYYYMMDD'), to_date('20090901','YYYYMMDD'), '01492601801', '', '', false);
insert into DiagramParts values('PM31-01_0691-01492602969', 'PM31-01_0691', 10, 'Owner&apos;s manual E90, E91 w/o iDrive', 'PT, MJ 2010', 1, to_date('20090901','YYYYMMDD'), to_date('20100301','YYYYMMDD'), '01492602969', '', '', false);
insert into DiagramParts values('PM31-01_0691-01492604242', 'PM31-01_0691', 10, 'Owner&apos;s manual E90, E91 w/o iDrive', 'PT, MJ 2010', 1, to_date('20100301','YYYYMMDD'), to_date('20100901','YYYYMMDD'), '01492604242', '', '', false);
insert into DiagramParts values('PM31-01_0691-01402605474', 'PM31-01_0691', 10, 'Owner&apos;s manual E90, E91 w/o iDrive', 'PT, MJ 2011', 1, to_date('20100901','YYYYMMDD'), to_date('20110301','YYYYMMDD'), '01402605474', '', '', false);
insert into DiagramParts values('PM31-01_0691-01402606916', 'PM31-01_0691', 10, 'Owner&apos;s manual E90, E91 w/o iDrive', 'PT, MJ 2011', 1, to_date('20110301','YYYYMMDD'), to_date('20110901','YYYYMMDD'), '01402606916', '', '', false);
insert into DiagramParts values('PM31-01_0691-01492600881', 'PM31-01_0691', 13, 'Owner&apos;s manual E90, E91 w/o iDrive', 'EL, MJ 2009', 1, to_date('20080901','YYYYMMDD'), to_date('20090301','YYYYMMDD'), '01492600881', '', '', false);
insert into DiagramParts values('PM31-01_0691-01492601803', 'PM31-01_0691', 13, 'Owner&apos;s manual E90, E91 w/o iDrive', 'EL, MJ 2009', 1, to_date('20090301','YYYYMMDD'), to_date('20090901','YYYYMMDD'), '01492601803', '', '', false);
insert into DiagramParts values('PM31-01_0691-01492602971', 'PM31-01_0691', 13, 'Owner&apos;s manual E90, E91 w/o iDrive', 'EL, MJ 2010', 1, to_date('20090901','YYYYMMDD'), to_date('20100301','YYYYMMDD'), '01492602971', '', '', false);
insert into DiagramParts values('PM31-01_0691-01492604244', 'PM31-01_0691', 13, 'Owner&apos;s manual E90, E91 w/o iDrive', 'EL, MJ 2010', 1, to_date('20100301','YYYYMMDD'), to_date('20100901','YYYYMMDD'), '01492604244', '', '', false);
insert into DiagramParts values('PM31-01_0691-01402605476', 'PM31-01_0691', 13, 'Owner&apos;s manual E90, E91 w/o iDrive', 'EL, MJ 2011', 1, to_date('20100901','YYYYMMDD'), to_date('20110301','YYYYMMDD'), '01402605476', '', '', false);
insert into DiagramParts values('PM31-01_0691-01402606918', 'PM31-01_0691', 13, 'Owner&apos;s manual E90, E91 w/o iDrive', 'EL, MJ 2011', 1, to_date('20110301','YYYYMMDD'), to_date('20110901','YYYYMMDD'), '01402606918', '', '', false);
insert into DiagramParts values('PM31-01_0691-01492600880', 'PM31-01_0691', 14, 'Owner&apos;s manual E90, E91 w/o iDrive', 'ZH, MJ 2009', 1, to_date('20080901','YYYYMMDD'), to_date('20090301','YYYYMMDD'), '01492600880', '', '', false);
insert into DiagramParts values('PM31-01_0691-01492601802', 'PM31-01_0691', 14, 'Owner&apos;s manual E90, E91 w/o iDrive', 'ZH, MJ 2009', 1, to_date('20090301','YYYYMMDD'), to_date('20090901','YYYYMMDD'), '01492601802', '', '', false);
insert into DiagramParts values('PM31-01_0691-01492602970', 'PM31-01_0691', 14, 'Owner&apos;s manual E90, E91 w/o iDrive', 'ZH, MJ 2010', 1, to_date('20090901','YYYYMMDD'), to_date('20100301','YYYYMMDD'), '01492602970', '', '', false);
insert into DiagramParts values('PM31-01_0691-01492604243', 'PM31-01_0691', 14, 'Owner&apos;s manual E90, E91 w/o iDrive', 'ZH, MJ 2010', 1, to_date('20100301','YYYYMMDD'), to_date('20100901','YYYYMMDD'), '01492604243', '', '', false);
insert into DiagramParts values('PM31-01_0691-01402605475', 'PM31-01_0691', 14, 'Owner&apos;s manual E90, E91 w/o iDrive', 'ZH, MJ 2011', 1, to_date('20100901','YYYYMMDD'), to_date('20110301','YYYYMMDD'), '01402605475', '', '', false);
insert into DiagramParts values('PM31-01_0691-01402606917', 'PM31-01_0691', 14, 'Owner&apos;s manual E90, E91 w/o iDrive', 'ZH, MJ 2011', 1, to_date('20110301','YYYYMMDD'), to_date('20110901','YYYYMMDD'), '01402606917', '', '', false);
insert into DiagramParts values('PM31-01_0691-01492600882', 'PM31-01_0691', 15, 'Owner&apos;s manual E90, E91 w/o iDrive', 'KO, MJ 2009', 1, to_date('20080901','YYYYMMDD'), to_date('20090301','YYYYMMDD'), '01492600882', '', '', false);
insert into DiagramParts values('PM31-01_0691-01492601804', 'PM31-01_0691', 15, 'Owner&apos;s manual E90, E91 w/o iDrive', 'KO, MJ 2009', 1, to_date('20090301','YYYYMMDD'), to_date('20090901','YYYYMMDD'), '01492601804', '', '', false);
insert into DiagramParts values('PM31-01_0691-01492602972', 'PM31-01_0691', 15, 'Owner&apos;s manual E90, E91 w/o iDrive', 'KO, MJ 2010', 1, to_date('20090901','YYYYMMDD'), to_date('20100301','YYYYMMDD'), '01492602972', '', '', false);
insert into DiagramParts values('PM31-01_0691-01492604245', 'PM31-01_0691', 15, 'Owner&apos;s manual E90, E91 w/o iDrive', 'KO, MJ 2010', 1, to_date('20100301','YYYYMMDD'), to_date('20100901','YYYYMMDD'), '01492604245', '', '', false);
insert into DiagramParts values('PM31-01_0691-01402605477', 'PM31-01_0691', 15, 'Owner&apos;s manual E90, E91 w/o iDrive', 'KO, MJ 2011', 1, to_date('20100901','YYYYMMDD'), to_date('20110301','YYYYMMDD'), '01402605477', '', '', false);
insert into DiagramParts values('PM31-01_0691-01402606919', 'PM31-01_0691', 15, 'Owner&apos;s manual E90, E91 w/o iDrive', 'KO, MJ 2011', 1, to_date('20110301','YYYYMMDD'), to_date('20110901','YYYYMMDD'), '01402606919', '', '', false);
insert into DiagramParts values('PM31-01_0691-01492600884', 'PM31-01_0691', 16, 'Owner&apos;s manual E90, E91 w/o iDrive', 'RO, MJ 2009', 1, to_date('20080901','YYYYMMDD'), to_date('20090301','YYYYMMDD'), '01492600884', '', '', false);
insert into DiagramParts values('PM31-01_0691-01492601806', 'PM31-01_0691', 16, 'Owner&apos;s manual E90, E91 w/o iDrive', 'RO, MJ 2009', 1, to_date('20090301','YYYYMMDD'), to_date('20090901','YYYYMMDD'), '01492601806', '', '', false);
insert into DiagramParts values('PM31-01_0691-01492602974', 'PM31-01_0691', 16, 'Owner&apos;s manual E90, E91 w/o iDrive', 'RO, MJ 2010', 1, to_date('20090901','YYYYMMDD'), to_date('20100301','YYYYMMDD'), '01492602974', '', '', false);
insert into DiagramParts values('PM31-01_0691-01492604247', 'PM31-01_0691', 16, 'Owner&apos;s manual E90, E91 w/o iDrive', 'RO, MJ 2010', 1, to_date('20100301','YYYYMMDD'), to_date('20100901','YYYYMMDD'), '01492604247', '', '', false);
insert into DiagramParts values('PM31-01_0691-01402605479', 'PM31-01_0691', 16, 'Owner&apos;s manual E90, E91 w/o iDrive', 'RO, MJ 2011', 1, to_date('20100901','YYYYMMDD'), to_date('20110301','YYYYMMDD'), '01402605479', '', '', false);
insert into DiagramParts values('PM31-01_0691-01402606921', 'PM31-01_0691', 16, 'Owner&apos;s manual E90, E91 w/o iDrive', 'RO, MJ 2011', 1, to_date('20110301','YYYYMMDD'), to_date('20110901','YYYYMMDD'), '01402606921', '', '', false);
insert into DiagramParts values('PM31-01_0691-01492600883', 'PM31-01_0691', 17, 'Owner&apos;s manual E90, E91 w/o iDrive', 'RU, MJ 2009', 1, to_date('20080901','YYYYMMDD'), to_date('20090301','YYYYMMDD'), '01492600883', '', '', false);
insert into DiagramParts values('PM31-01_0691-01492601805', 'PM31-01_0691', 17, 'Owner&apos;s manual E90, E91 w/o iDrive', 'RU, MJ 2009', 1, to_date('20090301','YYYYMMDD'), to_date('20090901','YYYYMMDD'), '01492601805', '', '', false);
insert into DiagramParts values('PM31-01_0691-01492602973', 'PM31-01_0691', 17, 'Owner&apos;s manual E90, E91 w/o iDrive', 'RU, MJ 2010', 1, to_date('20090901','YYYYMMDD'), to_date('20100301','YYYYMMDD'), '01492602973', '', '', false);
insert into DiagramParts values('PM31-01_0691-01492604246', 'PM31-01_0691', 17, 'Owner&apos;s manual E90, E91 w/o iDrive', 'RU, MJ 2010', 1, to_date('20100301','YYYYMMDD'), to_date('20100901','YYYYMMDD'), '01492604246', '', '', false);
insert into DiagramParts values('PM31-01_0691-01402605478', 'PM31-01_0691', 17, 'Owner&apos;s manual E90, E91 w/o iDrive', 'RU, MJ 2011', 1, to_date('20100901','YYYYMMDD'), to_date('20110301','YYYYMMDD'), '01402605478', '', '', false);
insert into DiagramParts values('PM31-01_0691-01402606920', 'PM31-01_0691', 17, 'Owner&apos;s manual E90, E91 w/o iDrive', 'RU, MJ 2011', 1, to_date('20110301','YYYYMMDD'), to_date('20110901','YYYYMMDD'), '01402606920', '', '', false);
insert into DiagramParts values('PM31-01_0691-01492602975', 'PM31-01_0691', 18, 'Owner&apos;s manual E90, E91 w/o iDrive', 'SK, MJ 2010', 1, to_date('20090901','YYYYMMDD'), to_date('20100301','YYYYMMDD'), '01492602975', '', '', false);
insert into DiagramParts values('PM31-01_0691-01492604248', 'PM31-01_0691', 18, 'Owner&apos;s manual E90, E91 w/o iDrive', 'SK, MJ 2010', 1, to_date('20100301','YYYYMMDD'), to_date('20100901','YYYYMMDD'), '01492604248', '', '', false);
insert into DiagramParts values('PM31-01_0691-01402605480', 'PM31-01_0691', 18, 'Owner&apos;s manual E90, E91 w/o iDrive', 'SK, MJ 2011', 1, to_date('20100901','YYYYMMDD'), to_date('20110301','YYYYMMDD'), '01402605480', '', '', false);
insert into DiagramParts values('PM31-01_0691-01402606922', 'PM31-01_0691', 18, 'Owner&apos;s manual E90, E91 w/o iDrive', 'SK, MJ 2011', 1, to_date('20110301','YYYYMMDD'), to_date('20110901','YYYYMMDD'), '01402606922', '', '', false);
insert into DiagramParts values('PM31-01_0691-01492602976', 'PM31-01_0691', 19, 'Owner&apos;s manual E90, E91 w/o iDrive', 'CS, MJ 2010', 1, to_date('20090901','YYYYMMDD'), to_date('20100301','YYYYMMDD'), '01492602976', '', '', false);
insert into DiagramParts values('PM31-01_0691-01492604249', 'PM31-01_0691', 19, 'Owner&apos;s manual E90, E91 w/o iDrive', 'CS, MJ 2010', 1, to_date('20100301','YYYYMMDD'), to_date('20100901','YYYYMMDD'), '01492604249', '', '', false);
insert into DiagramParts values('PM31-01_0691-01402605481', 'PM31-01_0691', 19, 'Owner&apos;s manual E90, E91 w/o iDrive', 'CS, MJ 2011', 1, to_date('20100901','YYYYMMDD'), to_date('20110301','YYYYMMDD'), '01402605481', '', '', false);
insert into DiagramParts values('PM31-01_0691-01402606923', 'PM31-01_0691', 19, 'Owner&apos;s manual E90, E91 w/o iDrive', 'CS, MJ 2011', 1, to_date('20110301','YYYYMMDD'), to_date('20110901','YYYYMMDD'), '01402606923', '', '', false);
insert into DiagramParts values('PM31-01_0691-01402605482', 'PM31-01_0691', 20, 'Owner&apos;s manual E90, E91 w/o iDrive', 'PL, MJ 2011', 1, to_date('20100901','YYYYMMDD'), to_date('20110301','YYYYMMDD'), '01402605482', '', '', false);
insert into DiagramParts values('PM31-01_0691-01402606924', 'PM31-01_0691', 20, 'Owner&apos;s manual E90, E91 w/o iDrive', 'PL, MJ 2011', 1, to_date('20110301','YYYYMMDD'), to_date('20110901','YYYYMMDD'), '01402606924', '', '', false);
insert into DiagramParts values('PM31-01_0691-01402606925', 'PM31-01_0691', 21, 'Owner&apos;s manual E90, E91 w/o iDrive', 'HU, MJ 2011', 1, to_date('20110301','YYYYMMDD'), to_date('20110901','YYYYMMDD'), '01402606925', '', '', false);
insert into Diagram values('PM31-01_0691','PM31-20080300','01-05','E90N 330i   Owner&apos;s manual E90, E91 w/o iDrive','');
insert into DiagramParts values('PM31-01_0692-01402601809', 'PM31-01_0692', 01, 'Owner&apos;s manual, E90, E91 with iDrive', 'DE, MJ 2009', 1, to_date('20090301','YYYYMMDD'), to_date('20090901','YYYYMMDD'), '01402601809', '', '', false);
insert into DiagramParts values('PM31-01_0692-01402601916', 'PM31-01_0692', 01, 'Owner&apos;s manual, E90, E91 with iDrive', 'DE, MJ 2009', 1, to_date('20090301','YYYYMMDD'), to_date('20090901','YYYYMMDD'), '01402601916', '', '', false);
insert into DiagramParts values('PM31-01_0692-01402604565', 'PM31-01_0692', 01, 'Owner&apos;s manual, E90, E91 with iDrive', 'DE, MJ 2010', 1, to_date('20100301','YYYYMMDD'), to_date('20100901','YYYYMMDD'), '01402604565', '', '', false);
insert into DiagramParts values('PM31-01_0692-01402605542', 'PM31-01_0692', 01, 'Owner&apos;s manual, E90, E91 with iDrive', 'DE, MJ 2011', 1, to_date('20100901','YYYYMMDD'), to_date('20110301','YYYYMMDD'), '01402605542', '', '', false);
insert into DiagramParts values('PM31-01_0692-01402606989', 'PM31-01_0692', 01, 'Owner&apos;s manual, E90, E91 with iDrive', 'DE, MJ 2011', 1, to_date('20110301','YYYYMMDD'), to_date('20110901','YYYYMMDD'), '01402606989', '', '', false);
insert into DiagramParts values('PM31-01_0692-01412601810', 'PM31-01_0692', 02, 'Owner&apos;s manual, E90, E91 with iDrive', 'EN, MJ 2009', 1, to_date('20090301','YYYYMMDD'), to_date('20090901','YYYYMMDD'), '01412601810', '', '', false);
insert into DiagramParts values('PM31-01_0692-01412601917', 'PM31-01_0692', 02, 'Owner&apos;s manual, E90, E91 with iDrive', 'EN, MJ 2009', 1, to_date('20090301','YYYYMMDD'), to_date('20090901','YYYYMMDD'), '01412601917', '', '', false);
insert into DiagramParts values('PM31-01_0692-01412604566', 'PM31-01_0692', 02, 'Owner&apos;s manual, E90, E91 with iDrive', 'EN, MJ 2010', 1, to_date('20100301','YYYYMMDD'), to_date('20100901','YYYYMMDD'), '01412604566', '', '', false);
insert into DiagramParts values('PM31-01_0692-01402605543', 'PM31-01_0692', 02, 'Owner&apos;s manual, E90, E91 with iDrive', 'EN, MJ 2011', 1, to_date('20100901','YYYYMMDD'), to_date('20110301','YYYYMMDD'), '01402605543', '', '', false);
insert into DiagramParts values('PM31-01_0692-01402606990', 'PM31-01_0692', 02, 'Owner&apos;s manual, E90, E91 with iDrive', 'EN, MJ 2011', 1, to_date('20110301','YYYYMMDD'), to_date('20110901','YYYYMMDD'), '01402606990', '', '', false);
insert into DiagramParts values('PM31-01_0692-01422601811', 'PM31-01_0692', 03, 'Owner&apos;s manual, E90, E91 with iDrive', 'FR, MJ 2009', 1, to_date('20090301','YYYYMMDD'), to_date('20090901','YYYYMMDD'), '01422601811', '', '', false);
insert into DiagramParts values('PM31-01_0692-01422601918', 'PM31-01_0692', 03, 'Owner&apos;s manual, E90, E91 with iDrive', 'FR, MJ 2009', 1, to_date('20090301','YYYYMMDD'), to_date('20090901','YYYYMMDD'), '01422601918', '', '', false);
insert into DiagramParts values('PM31-01_0692-01422604567', 'PM31-01_0692', 03, 'Owner&apos;s manual, E90, E91 with iDrive', 'FR, MJ 2010', 1, to_date('20100301','YYYYMMDD'), to_date('20100901','YYYYMMDD'), '01422604567', '', '', false);
insert into DiagramParts values('PM31-01_0692-01402605544', 'PM31-01_0692', 03, 'Owner&apos;s manual, E90, E91 with iDrive', 'FR, MJ 2011', 1, to_date('20100901','YYYYMMDD'), to_date('20110301','YYYYMMDD'), '01402605544', '', '', false);
insert into DiagramParts values('PM31-01_0692-01402606991', 'PM31-01_0692', 03, 'Owner&apos;s manual, E90, E91 with iDrive', 'FR, MJ 2011', 1, to_date('20110301','YYYYMMDD'), to_date('20110901','YYYYMMDD'), '01402606991', '', '', false);
insert into DiagramParts values('PM31-01_0692-01432601812', 'PM31-01_0692', 04, 'Owner&apos;s manual, E90, E91 with iDrive', 'ES, MJ 2009', 1, to_date('20090301','YYYYMMDD'), to_date('20090901','YYYYMMDD'), '01432601812', '', '', false);
insert into DiagramParts values('PM31-01_0692-01432601919', 'PM31-01_0692', 04, 'Owner&apos;s manual, E90, E91 with iDrive', 'ES, MJ 2009', 1, to_date('20090301','YYYYMMDD'), to_date('20090901','YYYYMMDD'), '01432601919', '', '', false);
insert into DiagramParts values('PM31-01_0692-01432604568', 'PM31-01_0692', 04, 'Owner&apos;s manual, E90, E91 with iDrive', 'ES, MJ 2010', 1, to_date('20100301','YYYYMMDD'), to_date('20100901','YYYYMMDD'), '01432604568', '', '', false);
insert into DiagramParts values('PM31-01_0692-01402605545', 'PM31-01_0692', 04, 'Owner&apos;s manual, E90, E91 with iDrive', 'ES, MJ 2011', 1, to_date('20100901','YYYYMMDD'), to_date('20110301','YYYYMMDD'), '01402605545', '', '', false);
insert into DiagramParts values('PM31-01_0692-01402606992', 'PM31-01_0692', 04, 'Owner&apos;s manual, E90, E91 with iDrive', 'ES, MJ 2011', 1, to_date('20110301','YYYYMMDD'), to_date('20110901','YYYYMMDD'), '01402606992', '', '', false);
insert into DiagramParts values('PM31-01_0692-01442601813', 'PM31-01_0692', 05, 'Owner&apos;s manual, E90, E91 with iDrive', 'IT, MJ 2009', 1, to_date('20090301','YYYYMMDD'), to_date('20090901','YYYYMMDD'), '01442601813', '', '', false);
insert into DiagramParts values('PM31-01_0692-01442601920', 'PM31-01_0692', 05, 'Owner&apos;s manual, E90, E91 with iDrive', 'IT, MJ 2009', 1, to_date('20090301','YYYYMMDD'), to_date('20090901','YYYYMMDD'), '01442601920', '', '', false);
insert into DiagramParts values('PM31-01_0692-01442604569', 'PM31-01_0692', 05, 'Owner&apos;s manual, E90, E91 with iDrive', 'IT, MJ 2010', 1, to_date('20100301','YYYYMMDD'), to_date('20100901','YYYYMMDD'), '01442604569', '', '', false);
insert into DiagramParts values('PM31-01_0692-01402605546', 'PM31-01_0692', 05, 'Owner&apos;s manual, E90, E91 with iDrive', 'IT, MJ 2011', 1, to_date('20100901','YYYYMMDD'), to_date('20110301','YYYYMMDD'), '01402605546', '', '', false);
insert into DiagramParts values('PM31-01_0692-01402606993', 'PM31-01_0692', 05, 'Owner&apos;s manual, E90, E91 with iDrive', 'IT, MJ 2011', 1, to_date('20110301','YYYYMMDD'), to_date('20110901','YYYYMMDD'), '01402606993', '', '', false);
insert into DiagramParts values('PM31-01_0692-01452601814', 'PM31-01_0692', 06, 'Owner&apos;s manual, E90, E91 with iDrive', 'SV, MJ 2009', 1, to_date('20090301','YYYYMMDD'), to_date('20090901','YYYYMMDD'), '01452601814', '', '', false);
insert into DiagramParts values('PM31-01_0692-01452601921', 'PM31-01_0692', 06, 'Owner&apos;s manual, E90, E91 with iDrive', 'SV, MJ 2009', 1, to_date('20090301','YYYYMMDD'), to_date('20090901','YYYYMMDD'), '01452601921', '', '', false);
insert into DiagramParts values('PM31-01_0692-01452604570', 'PM31-01_0692', 06, 'Owner&apos;s manual, E90, E91 with iDrive', 'SV, MJ 2010', 1, to_date('20100301','YYYYMMDD'), to_date('20100901','YYYYMMDD'), '01452604570', '', '', false);
insert into DiagramParts values('PM31-01_0692-01402605547', 'PM31-01_0692', 06, 'Owner&apos;s manual, E90, E91 with iDrive', 'SV, MJ 2011', 1, to_date('20100901','YYYYMMDD'), to_date('20110301','YYYYMMDD'), '01402605547', '', '', false);
insert into DiagramParts values('PM31-01_0692-01402606994', 'PM31-01_0692', 06, 'Owner&apos;s manual, E90, E91 with iDrive', 'SV, MJ 2011', 1, to_date('20110301','YYYYMMDD'), to_date('20110901','YYYYMMDD'), '01402606994', '', '', false);
insert into DiagramParts values('PM31-01_0692-01462601815', 'PM31-01_0692', 07, 'Owner&apos;s manual, E90, E91 with iDrive', 'NL, MJ 2009', 1, to_date('20090301','YYYYMMDD'), to_date('20090901','YYYYMMDD'), '01462601815', '', '', false);
insert into DiagramParts values('PM31-01_0692-01462601922', 'PM31-01_0692', 07, 'Owner&apos;s manual, E90, E91 with iDrive', 'NL, MJ 2009', 1, to_date('20090301','YYYYMMDD'), to_date('20090901','YYYYMMDD'), '01462601922', '', '', false);
insert into DiagramParts values('PM31-01_0692-01462604571', 'PM31-01_0692', 07, 'Owner&apos;s manual, E90, E91 with iDrive', 'NL, MJ 2010', 1, to_date('20100301','YYYYMMDD'), to_date('20100901','YYYYMMDD'), '01462604571', '', '', false);
insert into DiagramParts values('PM31-01_0692-01402605548', 'PM31-01_0692', 07, 'Owner&apos;s manual, E90, E91 with iDrive', 'NL, MJ 2011', 1, to_date('20100901','YYYYMMDD'), to_date('20110301','YYYYMMDD'), '01402605548', '', '', false);
insert into DiagramParts values('PM31-01_0692-01402606995', 'PM31-01_0692', 07, 'Owner&apos;s manual, E90, E91 with iDrive', 'NL, MJ 2011', 1, to_date('20110301','YYYYMMDD'), to_date('20110901','YYYYMMDD'), '01402606995', '', '', false);
insert into DiagramParts values('PM31-01_0692-01472601816', 'PM31-01_0692', 08, 'Owner&apos;s manual, E90, E91 with iDrive', 'AR, MJ 2009', 1, to_date('20090301','YYYYMMDD'), to_date('20090901','YYYYMMDD'), '01472601816', '', '', false);
insert into DiagramParts values('PM31-01_0692-01472601923', 'PM31-01_0692', 08, 'Owner&apos;s manual, E90, E91 with iDrive', 'AR, MJ 2009', 1, to_date('20090301','YYYYMMDD'), to_date('20090901','YYYYMMDD'), '01472601923', '', '', false);
insert into DiagramParts values('PM31-01_0692-01472604572', 'PM31-01_0692', 08, 'Owner&apos;s manual, E90, E91 with iDrive', 'AR, MJ 2010', 1, to_date('20100301','YYYYMMDD'), to_date('20100901','YYYYMMDD'), '01472604572', '', '', false);
insert into DiagramParts values('PM31-01_0692-01402605549', 'PM31-01_0692', 08, 'Owner&apos;s manual, E90, E91 with iDrive', 'AR, MJ 2011', 1, to_date('20100901','YYYYMMDD'), to_date('20110301','YYYYMMDD'), '01402605549', '', '', false);
insert into DiagramParts values('PM31-01_0692-01402606996', 'PM31-01_0692', 08, 'Owner&apos;s manual, E90, E91 with iDrive', 'AR, MJ 2011', 1, to_date('20110301','YYYYMMDD'), to_date('20110901','YYYYMMDD'), '01402606996', '', '', false);
insert into DiagramParts values('PM31-01_0692-01482601817', 'PM31-01_0692', 09, 'Owner&apos;s manual, E90, E91 with iDrive', 'DA, MJ 2009', 1, to_date('20090301','YYYYMMDD'), to_date('20090901','YYYYMMDD'), '01482601817', '', '', false);
insert into DiagramParts values('PM31-01_0692-01482601924', 'PM31-01_0692', 09, 'Owner&apos;s manual, E90, E91 with iDrive', 'DA, MJ 2009', 1, to_date('20090301','YYYYMMDD'), to_date('20090901','YYYYMMDD'), '01482601924', '', '', false);
insert into DiagramParts values('PM31-01_0692-01482604573', 'PM31-01_0692', 09, 'Owner&apos;s manual, E90, E91 with iDrive', 'DA, MJ 2010', 1, to_date('20100301','YYYYMMDD'), to_date('20100901','YYYYMMDD'), '01482604573', '', '', false);
insert into DiagramParts values('PM31-01_0692-01402605550', 'PM31-01_0692', 09, 'Owner&apos;s manual, E90, E91 with iDrive', 'DA, MJ 2011', 1, to_date('20100901','YYYYMMDD'), to_date('20110301','YYYYMMDD'), '01402605550', '', '', false);
insert into DiagramParts values('PM31-01_0692-01402606997', 'PM31-01_0692', 09, 'Owner&apos;s manual, E90, E91 with iDrive', 'DA, MJ 2011', 1, to_date('20110301','YYYYMMDD'), to_date('20110901','YYYYMMDD'), '01402606997', '', '', false);
insert into DiagramParts values('PM31-01_0692-01492601818', 'PM31-01_0692', 10, 'Owner&apos;s manual, E90, E91 with iDrive', 'PT, MJ 2009', 1, to_date('20090301','YYYYMMDD'), to_date('20090901','YYYYMMDD'), '01492601818', '', '', false);
insert into DiagramParts values('PM31-01_0692-01492601925', 'PM31-01_0692', 10, 'Owner&apos;s manual, E90, E91 with iDrive', 'PT, MJ 2009', 1, to_date('20090301','YYYYMMDD'), to_date('20090901','YYYYMMDD'), '01492601925', '', '', false);
insert into DiagramParts values('PM31-01_0692-01492604574', 'PM31-01_0692', 10, 'Owner&apos;s manual, E90, E91 with iDrive', 'PT, MJ  2010', 1, to_date('20100301','YYYYMMDD'), to_date('20100901','YYYYMMDD'), '01492604574', '', '', false);
insert into DiagramParts values('PM31-01_0692-01402605551', 'PM31-01_0692', 10, 'Owner&apos;s manual, E90, E91 with iDrive', 'PT, MJ 2011', 1, to_date('20100901','YYYYMMDD'), to_date('20110301','YYYYMMDD'), '01402605551', '', '', false);
insert into DiagramParts values('PM31-01_0692-01402606998', 'PM31-01_0692', 10, 'Owner&apos;s manual, E90, E91 with iDrive', 'PT, MJ 2011', 1, to_date('20110301','YYYYMMDD'), to_date('20110901','YYYYMMDD'), '01402606998', '', '', false);
insert into DiagramParts values('PM31-01_0692-01492601820', 'PM31-01_0692', 13, 'Owner&apos;s manual, E90, E91 with iDrive', 'EL, MJ 2009', 1, to_date('20090301','YYYYMMDD'), to_date('20090901','YYYYMMDD'), '01492601820', '', '', false);
insert into DiagramParts values('PM31-01_0692-01492601927', 'PM31-01_0692', 13, 'Owner&apos;s manual, E90, E91 with iDrive', 'EL, MJ 2009', 1, to_date('20090301','YYYYMMDD'), to_date('20090901','YYYYMMDD'), '01492601927', '', '', false);
insert into DiagramParts values('PM31-01_0692-01492604576', 'PM31-01_0692', 13, 'Owner&apos;s manual, E90, E91 with iDrive', 'EL, MJ 2010', 1, to_date('20100301','YYYYMMDD'), to_date('20100901','YYYYMMDD'), '01492604576', '', '', false);
insert into DiagramParts values('PM31-01_0692-01402605553', 'PM31-01_0692', 13, 'Owner&apos;s manual, E90, E91 with iDrive', 'EL, MJ 2011', 1, to_date('20100901','YYYYMMDD'), to_date('20110301','YYYYMMDD'), '01402605553', '', '', false);
insert into DiagramParts values('PM31-01_0692-01402607000', 'PM31-01_0692', 13, 'Owner&apos;s manual, E90, E91 with iDrive', 'EL, MJ 2011', 1, to_date('20110301','YYYYMMDD'), to_date('20110901','YYYYMMDD'), '01402607000', '', '', false);
insert into DiagramParts values('PM31-01_0692-01492601926', 'PM31-01_0692', 14, 'Owner&apos;s manual, E90, E91 with iDrive', 'ZH, MJ 2009', 1, to_date('20090301','YYYYMMDD'), to_date('20090901','YYYYMMDD'), '01492601926', '', '', false);
insert into DiagramParts values('PM31-01_0692-01492604575', 'PM31-01_0692', 14, 'Owner&apos;s manual, E90, E91 with iDrive', 'ZH, MJ 2010', 1, to_date('20100301','YYYYMMDD'), to_date('20100901','YYYYMMDD'), '01492604575', '', '', false);
insert into DiagramParts values('PM31-01_0692-01402605552', 'PM31-01_0692', 14, 'Owner&apos;s manual, E90, E91 with iDrive', 'ZH, MJ 2011', 1, to_date('20100901','YYYYMMDD'), to_date('20110301','YYYYMMDD'), '01402605552', '', '', false);
insert into DiagramParts values('PM31-01_0692-01402606999', 'PM31-01_0692', 14, 'Owner&apos;s manual, E90, E91 with iDrive', 'ZH, MJ 2011', 1, to_date('20110301','YYYYMMDD'), to_date('20110901','YYYYMMDD'), '01402606999', '', '', false);
insert into DiagramParts values('PM31-01_0692-01492601821', 'PM31-01_0692', 15, 'Owner&apos;s manual, E90, E91 with iDrive', 'KO, MJ 2009', 1, to_date('20090301','YYYYMMDD'), to_date('20090901','YYYYMMDD'), '01492601821', '', '', false);
insert into DiagramParts values('PM31-01_0692-01492601928', 'PM31-01_0692', 15, 'Owner&apos;s manual, E90, E91 with iDrive', 'KO, MJ 2009', 1, to_date('20090301','YYYYMMDD'), to_date('20090901','YYYYMMDD'), '01492601928', '', '', false);
insert into DiagramParts values('PM31-01_0692-01492604577', 'PM31-01_0692', 15, 'Owner&apos;s manual, E90, E91 with iDrive', 'KO, MJ 2010', 1, to_date('20100301','YYYYMMDD'), to_date('20100901','YYYYMMDD'), '01492604577', '', '', false);
insert into DiagramParts values('PM31-01_0692-01402605554', 'PM31-01_0692', 15, 'Owner&apos;s manual, E90, E91 with iDrive', 'KO, MJ 2011', 1, to_date('20100901','YYYYMMDD'), to_date('20110301','YYYYMMDD'), '01402605554', '', '', false);
insert into DiagramParts values('PM31-01_0692-01402607001', 'PM31-01_0692', 15, 'Owner&apos;s manual, E90, E91 with iDrive', 'KO, MJ 2011', 1, to_date('20110301','YYYYMMDD'), to_date('20110901','YYYYMMDD'), '01402607001', '', '', false);
insert into DiagramParts values('PM31-01_0692-01492601823', 'PM31-01_0692', 16, 'Owner&apos;s manual, E90, E91 with iDrive', 'RO, MJ 2009', 1, to_date('20090301','YYYYMMDD'), to_date('20090901','YYYYMMDD'), '01492601823', '', '', false);
insert into DiagramParts values('PM31-01_0692-01492601930', 'PM31-01_0692', 16, 'Owner&apos;s manual, E90, E91 with iDrive', 'RO, MJ 2009', 1, to_date('20090301','YYYYMMDD'), to_date('20090901','YYYYMMDD'), '01492601930', '', '', false);
insert into DiagramParts values('PM31-01_0692-01492604579', 'PM31-01_0692', 16, 'Owner&apos;s manual, E90, E91 with iDrive', 'RO, MJ 2010', 1, to_date('20100301','YYYYMMDD'), to_date('20100901','YYYYMMDD'), '01492604579', '', '', false);
insert into DiagramParts values('PM31-01_0692-01402605556', 'PM31-01_0692', 16, 'Owner&apos;s manual, E90, E91 with iDrive', 'RO, MJ 2011', 1, to_date('20100901','YYYYMMDD'), to_date('20110301','YYYYMMDD'), '01402605556', '', '', false);
insert into DiagramParts values('PM31-01_0692-01402607003', 'PM31-01_0692', 16, 'Owner&apos;s manual, E90, E91 with iDrive', 'RO, MJ 2011', 1, to_date('20110301','YYYYMMDD'), to_date('20110901','YYYYMMDD'), '01402607003', '', '', false);
insert into DiagramParts values('PM31-01_0692-01492601822', 'PM31-01_0692', 17, 'Owner&apos;s manual, E90, E91 with iDrive', 'RU, MJ 2009', 1, to_date('20090301','YYYYMMDD'), to_date('20090901','YYYYMMDD'), '01492601822', '', '', false);
insert into DiagramParts values('PM31-01_0692-01492601929', 'PM31-01_0692', 17, 'Owner&apos;s manual, E90, E91 with iDrive', 'RU, MJ 2009', 1, to_date('20090301','YYYYMMDD'), to_date('20090901','YYYYMMDD'), '01492601929', '', '', false);
insert into DiagramParts values('PM31-01_0692-01492604578', 'PM31-01_0692', 17, 'Owner&apos;s manual, E90, E91 with iDrive', 'RU, MJ 2010', 1, to_date('20100301','YYYYMMDD'), to_date('20100901','YYYYMMDD'), '01492604578', '', '', false);
insert into DiagramParts values('PM31-01_0692-01402605555', 'PM31-01_0692', 17, 'Owner&apos;s manual, E90, E91 with iDrive', 'RU, MJ 2011', 1, to_date('20100901','YYYYMMDD'), to_date('20110301','YYYYMMDD'), '01402605555', '', '', false);
insert into DiagramParts values('PM31-01_0692-01402607002', 'PM31-01_0692', 17, 'Owner&apos;s manual, E90, E91 with iDrive', 'RU, MJ 2011', 1, to_date('20110301','YYYYMMDD'), to_date('20110901','YYYYMMDD'), '01402607002', '', '', false);
insert into DiagramParts values('PM31-01_0692-01492604580', 'PM31-01_0692', 18, 'Owner&apos;s manual, E90, E91 with iDrive', 'SK, MJ 2010', 1, to_date('20100301','YYYYMMDD'), to_date('20100901','YYYYMMDD'), '01492604580', '', '', false);
insert into DiagramParts values('PM31-01_0692-01402605557', 'PM31-01_0692', 18, 'Owner&apos;s manual, E90, E91 with iDrive', 'SK, MJ 2011', 1, to_date('20100901','YYYYMMDD'), to_date('20110301','YYYYMMDD'), '01402605557', '', '', false);
insert into DiagramParts values('PM31-01_0692-01402607004', 'PM31-01_0692', 18, 'Owner&apos;s manual, E90, E91 with iDrive', 'SK, MJ 2011', 1, to_date('20110301','YYYYMMDD'), to_date('20110901','YYYYMMDD'), '01402607004', '', '', false);
insert into DiagramParts values('PM31-01_0692-01492604581', 'PM31-01_0692', 19, 'Owner&apos;s manual, E90, E91 with iDrive', 'CS, MJ 2010', 1, to_date('20100301','YYYYMMDD'), to_date('20100901','YYYYMMDD'), '01492604581', '', '', false);
insert into DiagramParts values('PM31-01_0692-01402605558', 'PM31-01_0692', 19, 'Owner&apos;s manual, E90, E91 with iDrive', 'CS, MJ 2011', 1, to_date('20100901','YYYYMMDD'), to_date('20110301','YYYYMMDD'), '01402605558', '', '', false);
insert into DiagramParts values('PM31-01_0692-01402607005', 'PM31-01_0692', 19, 'Owner&apos;s manual, E90, E91 with iDrive', 'CS, MJ 2011', 1, to_date('20110301','YYYYMMDD'), to_date('20110901','YYYYMMDD'), '01402607005', '', '', false);
insert into DiagramParts values('PM31-01_0692-01402605559', 'PM31-01_0692', 20, 'Owner&apos;s manual, E90, E91 with iDrive', 'PL, MJ 2011', 1, to_date('20100901','YYYYMMDD'), to_date('20110301','YYYYMMDD'), '01402605559', '', '', false);
insert into DiagramParts values('PM31-01_0692-01402607006', 'PM31-01_0692', 20, 'Owner&apos;s manual, E90, E91 with iDrive', 'PL, MJ 2011', 1, to_date('20110301','YYYYMMDD'), to_date('20110901','YYYYMMDD'), '01402607006', '', '', false);
insert into DiagramParts values('PM31-01_0692-01402607007', 'PM31-01_0692', 21, 'Owner&apos;s manual, E90, E91 with iDrive', 'HU, MJ 2011', 1, to_date('20110301','YYYYMMDD'), to_date('20110901','YYYYMMDD'), '01402607007', '', '', false);
insert into Diagram values('PM31-01_0692','PM31-20080300','01-05','E90N 330i   Owner&apos;s manual, E90, E91 with iDrive','');
insert into DiagramParts values('PM31-01_0733-01402604702', 'PM31-01_0733', 01, 'Brief instructions E90, E91, E92, E93', 'DE, MJ 2010', 1, to_date('20100301','YYYYMMDD'), to_date('20100901','YYYYMMDD'), '01402604702', '', '', false);
insert into DiagramParts values('PM31-01_0733-01402605350', 'PM31-01_0733', 01, 'Brief instructions E90, E91, E92, E93', 'DE, MJ 2011', 1, to_date('20100901','YYYYMMDD'), to_date('20110301','YYYYMMDD'), '01402605350', '', '', false);
insert into DiagramParts values('PM31-01_0733-01402607451', 'PM31-01_0733', 01, 'Brief instructions E90, E91, E92, E93', 'DE, MJ 2011', 1, to_date('20110301','YYYYMMDD'), to_date('20110901','YYYYMMDD'), '01402607451', '', '', false);
insert into DiagramParts values('PM31-01_0733-01402604716', 'PM31-01_0733', 01, 'Brief instructions E90, E91, E92, E93', 'DE, MJ 2010/11', 1, to_date('20100301','YYYYMMDD'), to_date('20110301','YYYYMMDD'), '01402604716', '', '', false);
insert into DiagramParts values('PM31-01_0733-01402607431', 'PM31-01_0733', 01, 'Brief instructions E90, E91, E92, E93', 'DE, MJ 2011', 1, to_date('20110301','YYYYMMDD'), to_date('20110901','YYYYMMDD'), '01402607431', '', '', false);
insert into DiagramParts values('PM31-01_0733-01402609786', 'PM31-01_0733', 01, 'Brief instructions E90, E91, E92, E93', 'DE', 1, to_date('20110901','YYYYMMDD'), to_date('20120301','YYYYMMDD'), '01402609786', '', '', false);
insert into DiagramParts values('PM31-01_0733-01412604703', 'PM31-01_0733', 02, 'Brief instructions E90, E91, E92, E93', 'EN, MJ 2010', 1, to_date('20100301','YYYYMMDD'), to_date('20100901','YYYYMMDD'), '01412604703', '', '', false);
insert into DiagramParts values('PM31-01_0733-01402605351', 'PM31-01_0733', 02, 'Brief instructions E90, E91, E92, E93', 'EN, MJ 2011', 1, to_date('20100901','YYYYMMDD'), to_date('20110301','YYYYMMDD'), '01402605351', '', '', false);
insert into DiagramParts values('PM31-01_0733-01402607452', 'PM31-01_0733', 02, 'Brief instructions E90, E91, E92, E93', 'EN, MJ 2011', 1, to_date('20110301','YYYYMMDD'), to_date('20110901','YYYYMMDD'), '01402607452', '', '', false);
insert into DiagramParts values('PM31-01_0733-01412604717', 'PM31-01_0733', 02, 'Brief instructions E90, E91, E92, E93', 'EN, MJ 2010/11', 1, to_date('20100301','YYYYMMDD'), to_date('20110301','YYYYMMDD'), '01412604717', '', '', false);
insert into DiagramParts values('PM31-01_0733-01402607432', 'PM31-01_0733', 02, 'Brief instructions E90, E91, E92, E93', 'EN, MJ 2011', 1, to_date('20110301','YYYYMMDD'), to_date('20110901','YYYYMMDD'), '01402607432', '', '', false);
insert into DiagramParts values('PM31-01_0733-01402609787', 'PM31-01_0733', 02, 'Brief instructions E90, E91, E92, E93', 'EN', 1, to_date('20110901','YYYYMMDD'), to_date('20120301','YYYYMMDD'), '01402609787', '', '', false);
insert into DiagramParts values('PM31-01_0733-01402609788', 'PM31-01_0733', 03, 'Brief instructions E90, E91, E92, E93', 'FR', 1, to_date('20110901','YYYYMMDD'), to_date('20120301','YYYYMMDD'), '01402609788', '', '', false);
insert into DiagramParts values('PM31-01_0733-01402609789', 'PM31-01_0733', 04, 'Brief instructions E90, E91, E92, E93', 'ES', 1, to_date('20110901','YYYYMMDD'), to_date('20120301','YYYYMMDD'), '01402609789', '', '', false);
insert into DiagramParts values('PM31-01_0733-01402609790', 'PM31-01_0733', 05, 'Brief instructions E90, E91, E92, E93', 'IT', 1, to_date('20110901','YYYYMMDD'), to_date('20120301','YYYYMMDD'), '01402609790', '', '', false);
insert into DiagramParts values('PM31-01_0733-01402609791', 'PM31-01_0733', 06, 'Brief instructions E90, E91, E92, E93', 'SV', 1, to_date('20110901','YYYYMMDD'), to_date('20120301','YYYYMMDD'), '01402609791', '', '', false);
insert into DiagramParts values('PM31-01_0733-01402609792', 'PM31-01_0733', 07, 'Brief instructions E90, E91, E92, E93', 'NL', 1, to_date('20110901','YYYYMMDD'), to_date('20120301','YYYYMMDD'), '01402609792', '', '', false);
insert into DiagramParts values('PM31-01_0733-01402609793', 'PM31-01_0733', 08, 'Brief instructions E90, E91, E92, E93', 'AR', 1, to_date('20110901','YYYYMMDD'), to_date('20120301','YYYYMMDD'), '01402609793', '', '', false);
insert into DiagramParts values('PM31-01_0733-01402609794', 'PM31-01_0733', 09, 'Brief instructions E90, E91, E92, E93', 'DA', 1, to_date('20110901','YYYYMMDD'), to_date('20120301','YYYYMMDD'), '01402609794', '', '', false);
insert into DiagramParts values('PM31-01_0733-01402609795', 'PM31-01_0733', 10, 'Brief instructions E90, E91, E92, E93', 'PT', 1, to_date('20110901','YYYYMMDD'), to_date('20120301','YYYYMMDD'), '01402609795', '', '', false);
insert into DiagramParts values('PM31-01_0733-01402609797', 'PM31-01_0733', 13, 'Brief instructions E90, E91, E92, E93', 'EL', 1, to_date('20110901','YYYYMMDD'), to_date('20120301','YYYYMMDD'), '01402609797', '', '', false);
insert into DiagramParts values('PM31-01_0733-01402609796', 'PM31-01_0733', 14, 'Brief instructions E90, E91, E92, E93', 'ZH', 1, to_date('20110901','YYYYMMDD'), to_date('20120301','YYYYMMDD'), '01402609796', '', '', false);
insert into DiagramParts values('PM31-01_0733-01402609798', 'PM31-01_0733', 15, 'Brief instructions E90, E91, E92, E93', 'KO', 1, to_date('20110901','YYYYMMDD'), to_date('20120301','YYYYMMDD'), '01402609798', '', '', false);
insert into DiagramParts values('PM31-01_0733-01402609800', 'PM31-01_0733', 16, 'Brief instructions E90, E91, E92, E93', 'RO', 1, to_date('20110901','YYYYMMDD'), to_date('20120301','YYYYMMDD'), '01402609800', '', '', false);
insert into DiagramParts values('PM31-01_0733-01402609799', 'PM31-01_0733', 17, 'Brief instructions E90, E91, E92, E93', 'RU', 1, to_date('20110901','YYYYMMDD'), to_date('20120301','YYYYMMDD'), '01402609799', '', '', false);
insert into DiagramParts values('PM31-01_0733-01402609801', 'PM31-01_0733', 18, 'Brief instructions E90, E91, E92, E93', 'SK', 1, to_date('20110901','YYYYMMDD'), to_date('20120301','YYYYMMDD'), '01402609801', '', '', false);
insert into DiagramParts values('PM31-01_0733-01402609802', 'PM31-01_0733', 19, 'Brief instructions E90, E91, E92, E93', 'CS', 1, to_date('20110901','YYYYMMDD'), to_date('20120301','YYYYMMDD'), '01402609802', '', '', false);
insert into DiagramParts values('PM31-01_0733-01402609803', 'PM31-01_0733', 20, 'Brief instructions E90, E91, E92, E93', 'PL', 1, to_date('20110901','YYYYMMDD'), to_date('20120301','YYYYMMDD'), '01402609803', '', '', false);
insert into DiagramParts values('PM31-01_0733-01402609804', 'PM31-01_0733', 21, 'Brief instructions E90, E91, E92, E93', 'HU', 1, to_date('20110901','YYYYMMDD'), to_date('20120301','YYYYMMDD'), '01402609804', '', '', false);
insert into Diagram values('PM31-01_0733','PM31-20080300','01-05','E90N 330i   Brief instructions E90, E91, E92, E93','');
insert into Diagram values('PM31-01_0756','PM31-20080300','01-05','E90N 330i   Mirror placard','');
insert into Diagram values('PM31-01_0776','PM31-20080300','01-05','E90N 330i   Brief instructions E6x, E8x, E9x,','');
insert into Diagram values('PM31-01_0780','PM31-20080300','01-05','E90N 330i   Brochure Service Contact, BMW','');
insert into DiagramParts values('PM31-01_1080-01402912788', 'PM31-01_1080', 01, 'Supplement Owner&apos;s Manual license texts', 'MULTILINGUAL', 1, to_date('20120301','YYYYMMDD'), to_date('20120701','YYYYMMDD'), '01402912788', '', '', false);
insert into DiagramParts values('PM31-01_1080-01402916582', 'PM31-01_1080', 01, 'Supplement Owner&apos;s Manual license texts', 'MULTILINGUAL', 1, to_date('20120701','YYYYMMDD'), to_date('20130301','YYYYMMDD'), '01402916582', '', '', false);
insert into DiagramParts values('PM31-01_1080-01402918756', 'PM31-01_1080', 01, 'Supplement Owner&apos;s Manual license texts', 'MULTILINGUAL', 1, to_date('20130301','YYYYMMDD'), to_date('20130701','YYYYMMDD'), '01402918756', '', '', false);
insert into DiagramParts values('PM31-01_1080-01402608395', 'PM31-01_1080', 02, 'Insert with license texts', 'EN, MJ 2011', 1, to_date('20100901','YYYYMMDD'), to_date('20110901','YYYYMMDD'), '01402608395', '', '', false);
insert into DiagramParts values('PM31-01_1080-01402901443', 'PM31-01_1080', 02, 'Supplement Owner&apos;s Manual license texts', 'MULTILINGUAL', 1, to_date('20110901','YYYYMMDD'), to_date('20120301','YYYYMMDD'), '01402901443', '', '', false);
insert into Diagram values('PM31-01_1080','PM31-20080300','01-05','E90N 330i   Flyer, license texts for BMW','');
insert into DiagramParts values('PM31-01_0606-01402606341', 'PM31-01_0606', 01, 'Operating instructions, radio &quot;de&quot;', 'SA663', 1, to_date('20100901','YYYYMMDD'), to_date('20110301','YYYYMMDD'), '01402606341', '', '', false);
insert into DiagramParts values('PM31-01_0606-01402606342', 'PM31-01_0606', 02, 'Operating instructions, radio &quot;en&quot;', 'SA663', 1, to_date('20100901','YYYYMMDD'), to_date('20110301','YYYYMMDD'), '01402606342', '', '', false);
insert into DiagramParts values('PM31-01_0606-01402606343', 'PM31-01_0606', 03, 'Operating instructions, radio &quot;fr&quot;', 'SA663', 1, to_date('20100901','YYYYMMDD'), to_date('20110301','YYYYMMDD'), '01402606343', '', '', false);
insert into DiagramParts values('PM31-01_0606-01402606344', 'PM31-01_0606', 04, 'Operating instructions, radio &quot;es&quot;', 'SA663', 1, to_date('20100901','YYYYMMDD'), to_date('20110301','YYYYMMDD'), '01402606344', '', '', false);
insert into DiagramParts values('PM31-01_0606-01402606345', 'PM31-01_0606', 05, 'Operating instructions, radio &quot;it&quot;', 'SA663', 1, to_date('20100901','YYYYMMDD'), to_date('20110301','YYYYMMDD'), '01402606345', '', '', false);
insert into DiagramParts values('PM31-01_0606-01402606346', 'PM31-01_0606', 06, 'Operating instructions, radio &quot;sv&quot;', 'SA663', 1, to_date('20100901','YYYYMMDD'), to_date('20110301','YYYYMMDD'), '01402606346', '', '', false);
insert into DiagramParts values('PM31-01_0606-01402606347', 'PM31-01_0606', 07, 'Operating instructions, radio &quot;nl&quot;', 'SA663', 1, to_date('20100901','YYYYMMDD'), to_date('20110301','YYYYMMDD'), '01402606347', '', '', false);
insert into DiagramParts values('PM31-01_0606-01402606348', 'PM31-01_0606', 08, 'Operating instructions, radio &quot;ar&quot;', 'SA663', 1, to_date('20100901','YYYYMMDD'), to_date('20110301','YYYYMMDD'), '01402606348', '', '', false);
insert into DiagramParts values('PM31-01_0606-01402606349', 'PM31-01_0606', 09, 'Operating instructions, radio &quot;da&quot;', 'SA663', 1, to_date('20100901','YYYYMMDD'), to_date('20110301','YYYYMMDD'), '01402606349', '', '', false);
insert into DiagramParts values('PM31-01_0606-01402606350', 'PM31-01_0606', 10, 'Operating instructions, radio &quot;pt&quot;', 'SA663', 1, to_date('20100901','YYYYMMDD'), to_date('20110301','YYYYMMDD'), '01402606350', '', '', false);
insert into DiagramParts values('PM31-01_0606-01402606352', 'PM31-01_0606', 13, 'Operating instructions, radio &quot;el&quot;', 'SA663', 1, to_date('20100901','YYYYMMDD'), to_date('20110301','YYYYMMDD'), '01402606352', '', '', false);
insert into DiagramParts values('PM31-01_0606-01402606351', 'PM31-01_0606', 14, 'Operating instructions, radio &quot;zh&quot;', 'SA663', 1, to_date('20100901','YYYYMMDD'), to_date('20110301','YYYYMMDD'), '01402606351', '', '', false);
insert into DiagramParts values('PM31-01_0606-01402606353', 'PM31-01_0606', 15, 'Operating instructions for radio &quot;ko&quot;', 'SA663', 1, to_date('20100901','YYYYMMDD'), to_date('20110301','YYYYMMDD'), '01402606353', '', '', false);
insert into DiagramParts values('PM31-01_0606-01402606355', 'PM31-01_0606', 16, 'Operating instructions for radio &apos;ro&apos;', 'SA663', 1, to_date('20100901','YYYYMMDD'), to_date('20110301','YYYYMMDD'), '01402606355', '', '', false);
insert into DiagramParts values('PM31-01_0606-01402606354', 'PM31-01_0606', 17, 'Operating instructions for radio &quot;ru&quot;', 'SA663', 1, to_date('20100901','YYYYMMDD'), to_date('20110301','YYYYMMDD'), '01402606354', '', '', false);
insert into DiagramParts values('PM31-01_0606-01402606356', 'PM31-01_0606', 18, 'Operating Instructions for radio &quot;sk&quot;', 'SA663', 1, to_date('20100901','YYYYMMDD'), to_date('20110301','YYYYMMDD'), '01402606356', '', '', false);
insert into DiagramParts values('PM31-01_0606-01402606357', 'PM31-01_0606', 19, 'Operating instructions for radio &quot;cs&quot;', 'SA663', 1, to_date('20100901','YYYYMMDD'), to_date('20110301','YYYYMMDD'), '01402606357', '', '', false);
insert into Diagram values('PM31-01_0606','PM31-20080300','01-12','E90N 330i   Radio E81,E82,E87,E88, E90,E91,E92,E93','');
insert into Diagram values('PM31-01_0302','PM31-20080300','01-14','E90N 330i   Universal BMW mobile phone preparat.','');
insert into Diagram values('PM31-01_1128','PM31-20080300','01-19','E90N 330i   EC Certificate of Conformity','');
insert into Diagram values('PM31-01_0169','PM31-20080300','01-21','E90N 330i   Logbook slipcase BMW','');
insert into Diagram values('PM31-01_1140','PM31-20080300','01-21','E90N 330i   Logbook slipcase BMW','');
insert into DiagramParts values('PM31-01_0029-01412602302', 'PM31-01_0029', 01, 'Supplem. to owner&apos;s manual, Australia', 'E90,E91, MJ 09', 1, to_date('20090301','YYYYMMDD'), to_date('20090901','YYYYMMDD'), '01412602302', '', '', false);
insert into DiagramParts values('PM31-01_0029-01412603273', 'PM31-01_0029', 01, 'Supplement Owner&apos;s Manual, Australia', 'EN, E90, E91', 1, to_date('20090901','YYYYMMDD'), to_date('20100301','YYYYMMDD'), '01412603273', '', '', false);
insert into Diagram values('PM31-01_0029','PM31-20080300','01-24','E90N 330i   Supplem. to owner&apos;s manual, Australia','');
insert into DiagramParts values('PM31-01_0743-01492601593', 'PM31-01_0743', 01, 'Service booklet, multi-lingual', 'MJ 2009', 1, to_date('20080901','YYYYMMDD'), to_date('20090301','YYYYMMDD'), '01492601593', '', '', false);
insert into Diagram values('PM31-01_0743','PM31-20080300','01-26','E90N 330i   BMW Service Manual 2008 - 2011','');
insert into Diagram values('PM31-01_1139','PM31-20080300','01-26','E90N 330i   BMW Service Manual from model year 2012','');
insert into Diagram values('PM31-01_0670','PM31-20080300','01-35','E90N 330i   battery charge calendar','');
insert into Diagram values('PM31-01_0635','PM31-20080300','01-60','E90N 330i   BMW form','');
insert into Diagram values('PM31-01_0639','PM31-20080300','01-65','E90N 330i   Labels BMW','');
insert into Diagram values('PM31-01_0612','PM31-20080300','01-70','E90N 330i   CD/DVD SIP German BMW','');
insert into DiagramParts values('PM31-01_0671-01399789699', 'PM31-01_0671', 01, 'CD literature', 'LITERATUR', 1, to_date('19820901','YYYYMMDD'), to_date('19901201','YYYYMMDD'), '01399789699', '$8.11', '', false);
insert into Diagram values('PM31-01_0671','PM31-20080300','01-70','E90N 330i   BMW CD/DVD miscellaneous','');
insert into Diagram values('PM31-01_0737','PM31-20080300','01-70','E90N 330i   CD/DVD SIP complete vehicle BMW','');
insert into Diagram values('PM31-01_1172','PM31-20080300','01-70','E90N 330i   DVD Web Based Training','');
insert into Diagram values('PM31-01_0875','PM31-20080300','01-94','E90N 330i   Sample chart, upholstery colors, leather','');
insert into Diagram values('PM31-01_0876','PM31-20080300','01-94','E90N 330i   Sample page, upholstery colors, fabric','');
insert into Diagram values('PM31-01_0877','PM31-20080300','01-94','E90N 330i   Sample chart with interior moldings','');
insert into Diagram values('PM31-01_0878','PM31-20080300','01-94','E90N 330i   Sample chart with interior moldings','');
insert into Diagram values('PM31-01_0879','PM31-20080300','01-94','E90N 330i   Sample chart with interior colors','');
insert into Diagram values('PM31-11_3730','PM31-20080300','11-05','E90N 330i   Short Engine','');
insert into Diagram values('PM31-11_3731','PM31-20080300','11-10','E90N 330i   Engine block','');
insert into Diagram values('PM31-11_3732','PM31-20080300','11-10','E90N 330i   Engine Block Mounting Parts','');
insert into Diagram values('PM31-11_3742','PM31-20080300','11-10','E90N 330i   Cylinder crankcase/Heli-Coil insert','');
insert into Diagram values('PM31-11_3834','PM31-20080300','11-10','E90N 330i   Oil Pan','');
insert into Diagram values('PM31-11_3994','PM31-20080300','11-10','E90N 330i   Oil Pan','');
insert into Diagram values('PM31-11_3734','PM31-20080300','11-15','E90N 330i   Cylinder Head','');
insert into Diagram values('PM31-11_3735','PM31-20080300','11-15','E90N 330i   Cylinder Head Attached Parts','');
insert into Diagram values('PM31-11_3736','PM31-20080300','11-15','E90N 330i   Cylinder head, electr. add-on parts','');
insert into Diagram values('PM31-11_3737','PM31-20080300','11-15','E90N 330i   Cylinder head cover','');
insert into Diagram values('PM31-11_3739','PM31-20080300','11-18','E90N 330i   Belt Drive-Vibration Damper','');
insert into Diagram values('PM31-11_3740','PM31-20080300','11-18','E90N 330i   Belt drive-generator/AC/power steering','');
insert into Diagram values('PM31-11_3185','PM31-20080300','11-20','E90N 330i   Crankshaft Connecting Rod','');
insert into Diagram values('PM31-11_3186','PM31-20080300','11-20','E90N 330i   Crankshaft-Pistons','');
insert into Diagram values('PM31-11_3187','PM31-20080300','11-20','E90N 330i   Flywheel / Twin Mass Flywheel','');
insert into Diagram values('PM31-11_3188','PM31-20080300','11-20','E90N 330i   Flywheel automatic','');
insert into Diagram values('PM31-11_3741','PM31-20080300','11-20','E90N 330i   Crankshaft With Bearing Shells','');
insert into Diagram values('PM31-11_3746','PM31-20080300','11-25','E90N 330i   Timing and valve train-timing chain','');
insert into Diagram values('PM31-11_3747','PM31-20080300','11-25','E90N 330i   Valve timing gear, camshaft, inlet','');
insert into Diagram values('PM31-11_3748','PM31-20080300','11-25','E90N 330i   Valve timing gear, eccentric shaft','');
insert into Diagram values('PM31-11_3750','PM31-20080300','11-25','E90N 330i   Valve timing gear, camshaft, outlet','');
insert into Diagram values('PM31-11_3751','PM31-20080300','11-30','E90N 330i   Lubrication system/Oil pump','');
insert into Diagram values('PM31-11_3752','PM31-20080300','11-30','E90N 330i   Lubrication system/Oil pump drive','');
insert into Diagram values('PM31-11_3753','PM31-20080300','11-30','E90N 330i   Lubricat.syst.-oil filter,heat exchanger','');
insert into Diagram values('PM31-11_3754','PM31-20080300','11-35','E90N 330i   Waterpump - Thermostat','');
insert into Diagram values('PM31-11_3755','PM31-20080300','11-35','E90N 330i   Cooling System Water Hoses','');
insert into Diagram values('PM31-11_3756','PM31-20080300','11-40','E90N 330i   Intake manifold system','');
insert into Diagram values('PM31-11_3757','PM31-20080300','11-40','E90N 330i   MOUNTING PARTS F INTAKE MANIFOLD SYSTEM','');
insert into Diagram values('PM31-11_3758','PM31-20080300','11-45','E90N 330i   Vacuum pump','');
insert into DiagramParts values('PM31-12_1417-12137551049', 'PM31-12_1417', 01, 'Ignition coil', 'BOSCH', 6, to_date('20060401','YYYYMMDD'), to_date('20071001','YYYYMMDD'), '12137551049', '', 'ENDED', false);
insert into DiagramParts values('PM31-12_1417-12137571643', 'PM31-12_1417', 01, 'Ignition coil', 'BOSCH', 6, to_date('20060401','YYYYMMDD'), to_date('20090301','YYYYMMDD'), '12137571643', '', 'ENDED', false);
insert into Diagram values('PM31-12_1417','PM31-20080300','12-05','E90N 330i   Ignition coil/spark plug','');
insert into Diagram values('PM31-12_1394','PM31-20080300','12-10','E90N 330i   Basic control unit DME / MSV80','');
insert into Diagram values('PM31-12_1463','PM31-20080300','12-10','E90N 330i   Notice, basic control module for DME','');
insert into Diagram values('PM31-12_1198','PM31-20080300','12-20','E90N 330i   Generator','');
insert into Diagram values('PM31-12_1245','PM31-20080300','12-22','E90N 330i   Alternator, individual parts','');
insert into Diagram values('PM31-12_1161','PM31-20080300','12-25','E90N 330i   Starter','');
insert into Diagram values('PM31-12_1070','PM31-20080300','12-28','E90N 330i   Engine wiring harness, engine module','');
insert into Diagram values('PM31-12_1095','PM31-20080300','12-28','E90N 330i   wiring harness, engine trans. module','');
insert into Diagram values('PM31-12_1341','PM31-20080300','12-28','E90N 330i   Cable harness injection valve/ignition','');
insert into Diagram values('PM31-12_1339','PM31-20080300','12-29','E90N 330i   Cable starter','');
insert into Diagram values('PM31-12_1376','PM31-20080300','12-30','E90N 330i   Interference-suppression band','');
insert into Diagram values('PM31-12_0907','PM31-20080300','12-31','E90N 330i   Cable holder','');
insert into Diagram values('PM31-12_1238','PM31-20080300','12-31','E90N 330i   CABLE HOLDER/COVERING','');
insert into Diagram values('PM31-12_1328','PM31-20080300','12-31','E90N 330i   Cable Harness Fixings','');
insert into Diagram values('PM31-12_1340','PM31-20080300','12-31','E90N 330i   Cable Harness Fixings','');
insert into Diagram values('PM31-12_1043','PM31-20080300','12-32','E90N 330i   Laminated contacts/spring contacts','');
insert into Diagram values('PM31-12_1459','PM31-20080300','12-32','E90N 330i   Contact system MLK','');
insert into Diagram values('PM31-12_0495','PM31-20080300','12-35','E90N 330i   RELAY MOTOR','');
insert into Diagram values('PM31-12_1327','PM31-20080300','12-35','E90N 330i   Control unit box','');
insert into Diagram values('PM31-13_1034','PM31-20080300','13-15','E90N 330i   FUEL TANK BREATHER VALVE','');
insert into Diagram values('PM31-13_1129','PM31-20080300','13-15','E90N 330i   FUEL INJECTION SYSTEM/INJECTION VALVE','');
insert into Diagram values('PM31-13_1130','PM31-20080300','13-15','E90N 330i   Throttle Housing Assy','');
insert into Diagram values('PM31-13_1147','PM31-20080300','13-20','E90N 330i   Intake muffler/Filter cartridge/HFM','');
insert into Diagram values('PM31-13_1280','PM31-20080300','13-95','E90N 330i   BMW Performance air-induction system','');
insert into Diagram values('PM31-16_0595','PM31-20080300','16-05','E90N 330i   Fuel tank/mounting parts','');
insert into Diagram values('PM31-16_0597','PM31-20080300','16-10','E90N 330i   Activated Charcoal Filter/FUEL VENTILAT','');
insert into Diagram values('PM31-16_0596','PM31-20080300','16-15','E90N 330i   Fuel pipes / Mounting parts','');
insert into Diagram values('PM31-16_0598','PM31-20080300','16-15','E90N 330i   Control unit for fuel pump','');
insert into Diagram values('PM31-16_0601','PM31-20080300','16-15','E90N 330i   Fuel filter/pump/fuel level sensor','');
insert into Diagram values('PM31-16_0746','PM31-20080300','16-15','E90N 330i   FUEL PIPES AND FUEL FILTERS','');
insert into Diagram values('PM31-17_0319','PM31-20080300','17-05','E90N 330i   Oil-cooler pipe/heat exchanger','');
insert into Diagram values('PM31-17_0322','PM31-20080300','17-05','E90N 330i   Expansion tank','');
insert into Diagram values('PM31-17_0323','PM31-20080300','17-05','E90N 330i   MOUNTING PARTS F RADIATOR','');
insert into Diagram values('PM31-17_0324','PM31-20080300','17-05','E90N 330i   Fan housing, mounting parts','');
insert into Diagram values('PM31-17_0350','PM31-20080300','17-30','E90N 330i   Cooling System Water Hoses','');
insert into Diagram values('PM31-17_0351','PM31-20080300','17-30','E90N 330i   Cooling System Water Hoses','');
insert into Diagram values('PM31-17_0699','PM31-20080300','17-30','E90N 330i   Cooling system coolant hoses','');
insert into Diagram values('PM31-17_0700','PM31-20080300','17-30','E90N 330i   Cooling system coolant hoses','');
insert into Diagram values('PM31-17_0701','PM31-20080300','17-30','E90N 330i   Cooling system coolant hoses','');
insert into Diagram values('PM31-17_0704','PM31-20080300','17-30','E90N 330i   Cooling system coolant hoses','');
insert into DiagramParts values('PM31-18_0587-18407596877', 'PM31-18_0587', 01, 'Rmfd exhaust manifold with catalyst', 'ZYL.1-3 ULEV2', 1, to_date('20090901','YYYYMMDD'), to_date('20120901','YYYYMMDD'), '18407596877', '', '', false);
insert into DiagramParts values('PM31-18_0587-18407596879', 'PM31-18_0587', 02, 'Rmfd exhaust manifold with catalyst', 'ZYL.4-6 ULEV2', 1, to_date('20090901','YYYYMMDD'), to_date('20120901','YYYYMMDD'), '18407596879', '', '', false);
insert into Diagram values('PM31-18_0587','PM31-20080300','18-10','E90N 330i   Exhaust manifold with catalyst','');
insert into Diagram values('PM31-18_0610','PM31-20080300','18-10','E90N 330i   Lambda Probe Fixings','');
insert into Diagram values('PM31-18_0589','PM31-20080300','18-20','E90N 330i   Exhaust system, rear','');
insert into Diagram values('PM31-18_0612','PM31-20080300','18-20','E90N 330i   Vacuum control, exhaust flap','');
insert into Diagram values('PM31-18_0797','PM31-20080300','18-95','E90N 330i   BMW Performance muffler system','');
insert into Diagram values('PM31-21_0227','PM31-20080300','21-05','E90N 330i   Clutch','');
insert into Diagram values('PM31-21_0208','PM31-20080300','21-10','E90N 330i   Clutch control','');
insert into Diagram values('PM31-22_0113','PM31-20080300','22-05','E90N 330i   Engine Suspension','');
insert into Diagram values('PM31-22_0106','PM31-20080300','22-10','E90N 330i   Gearbox suspension','');
insert into Diagram values('PM31-23_0918','PM31-20080300','23-05','E90N 330i   Manual transmission GS6-37BZ/DZ','');
insert into Diagram values('PM31-23_0979','PM31-20080300','23-10','E90N 330i   GEARBOX MOUNTING PARTS','');
insert into Diagram values('PM31-23_1053','PM31-20080300','23-15','E90N 330i   GS6-37BZ/DZ Sealing and mount. parts','');
insert into Diagram values('PM31-23_1054','PM31-20080300','23-15','E90N 330i   GS6-37BZ/DZ Gear shift components','');
insert into Diagram values('PM31-24_1024','PM31-20080300','24-05','E90N 330i   Automatic transmission GA6HP19Z','');
insert into Diagram values('PM31-24_1078','PM31-20080300','24-05','E90N 330i   Automatic transmission GA6L45R','');
insert into Diagram values('PM31-24_1079','PM31-20080300','24-10','E90N 330i   GEARBOX MOUNTING PARTS','');
insert into Diagram values('PM31-24_1042','PM31-20080300','24-15','E90N 330i   GA6HP19Z housing with mounting parts','');
insert into Diagram values('PM31-24_1044','PM31-20080300','24-15','E90N 330i   GA6HP19Z oil pan','');
insert into DiagramParts values('PM31-24_1045-24201422170', 'PM31-24_1045', 04, 'Collar nut', 'M27X1,5', 1, to_date('20100901','YYYYMMDD'), to_date('20110901','YYYYMMDD'), '24201422170', '', 'ENDED', false);
insert into DiagramParts values('PM31-24_1045-24207571212', 'PM31-24_1045', 05, 'Shaft seal', '28X35,5X5,2', 1, to_date('20100901','YYYYMMDD'), to_date('20110901','YYYYMMDD'), '24207571212', '', 'ENDED', false);
insert into Diagram values('PM31-24_1045','PM31-20080300','24-15','E90N 330i   GA6HP19Z output','');
insert into Diagram values('PM31-24_1046','PM31-20080300','24-15','E90N 330i   GA6HP19Z Mechatronics','');
insert into Diagram values('PM31-24_1047','PM31-20080300','24-15','E90N 330i   GA6HP19Z Mechatronics mounting parts','');
insert into Diagram values('PM31-24_1101','PM31-20080300','24-15','E90N 330i   GA6L45R Drive','');
insert into Diagram values('PM31-24_1102','PM31-20080300','24-15','E90N 330i   GA6L45R output','');
insert into Diagram values('PM31-24_1103','PM31-20080300','24-15','E90N 330i   GA6L45R oil pan','');
insert into Diagram values('PM31-24_1104','PM31-20080300','24-15','E90N 330i   GA6L45R gearshift','');
insert into Diagram values('PM31-24_1105','PM31-20080300','24-15','E90N 330i   GA6L45R Mechatronics','');
insert into Diagram values('PM31-24_1372','PM31-20080300','24-15','E90N 330i   Fluid-change kit, autom. transmission','');
insert into Diagram values('PM31-25_0388','PM31-20080300','25-05','E90N 330i   Gearbox shifting part','');
insert into Diagram values('PM31-25_0454','PM31-20080300','25-10','E90N 330i   GEAR SHIFT KNOBS/SHIFT LEVER COVERINGS','');
insert into Diagram values('PM31-25_0461','PM31-20080300','25-10','E90N 330i   Performance shift knob','');
insert into Diagram values('PM31-25_0436','PM31-20080300','25-20','E90N 330i   AUTOM.TRANSMISS.STEPTRONIC SHIFT PARTS','');
insert into Diagram values('PM31-25_0404','PM31-20080300','25-25','E90N 330i   Selector lever handles / Covers','');
insert into Diagram values('PM31-25_0416','PM31-20080300','25-95','E90N 330i   Retrofit, wooden gearshift knob','');
insert into Diagram values('PM31-25_0417','PM31-20080300','25-95','E90N 330i   Retrofit, wooden selector lever knob','');
insert into Diagram values('PM31-25_0437','PM31-20080300','25-95','E90N 330i   Sports gearshift knob','');
insert into Diagram values('PM31-25_0463','PM31-20080300','25-95','E90N 330i   Retrofit, sport switch knob','');
insert into Diagram values('PM31-25_0464','PM31-20080300','25-95','E90N 330i   Retrofit, selector lever grip','');
insert into Diagram values('PM31-25_0470','PM31-20080300','25-95','E90N 330i   BMW Performance shift, manual trans.','');
insert into Diagram values('PM31-25_0479','PM31-20080300','25-95','E90N 330i   BMW Performance shift, manual trans.','');
insert into Diagram values('PM31-25_0484','PM31-20080300','25-95','E90N 330i   BMW Performance selector lever handle','');
insert into Diagram values('PM31-26_0216','PM31-20080300','26-05','E90N 330i   Drive shaft/HAG-universal joint','');
insert into Diagram values('PM31-26_0218','PM31-20080300','26-10','E90N 330i   Center bearing/HAG Hardy coupling','');
insert into Diagram values('PM31-31_0697','PM31-20080300','31-05','E90N 330i   HEADLIGHT VERTICAL AIM CONTROL SENSOR','');
insert into Diagram values('PM31-31_0715','PM31-20080300','31-05','E90N 330i   Frnt axle support,wishbone/tension strut','');
insert into DiagramParts values('PM31-31_0694-31316786001', 'PM31-31_0694', 01, 'LEFT FRONT SPRING STRUT', 'SACHS', 1, to_date('20091001','YYYYMMDD'), to_date('20100401','YYYYMMDD'), '31316786001', '$281.25', '', false);
insert into DiagramParts values('PM31-31_0694-31316786002', 'PM31-31_0694', 01, 'FRONT RIGHT SPRING STRUT', 'SACHS', 1, to_date('20091001','YYYYMMDD'), to_date('20100401','YYYYMMDD'), '31316786002', '$281.25', '', false);
insert into DiagramParts values('PM31-31_0694-31316786003', 'PM31-31_0694', 01, 'LEFT FRONT SPRING STRUT', 'SACHS', 1, to_date('20091001','YYYYMMDD'), to_date('20100401','YYYYMMDD'), '31316786003', '$309.71', '', false);
insert into DiagramParts values('PM31-31_0694-31316786004', 'PM31-31_0694', 01, 'FRONT RIGHT SPRING STRUT', 'SACHS', 1, to_date('20091001','YYYYMMDD'), to_date('20100401','YYYYMMDD'), '31316786004', '$309.71', '', false);
insert into Diagram values('PM31-31_0694','PM31-20080300','31-10','E90N 330i   Front Spring strut/Carrier/Wheel bearing','');
insert into Diagram values('PM31-31_0698','PM31-20080300','31-10','E90N 330i   FRONT COIL SPRING','');
insert into Diagram values('PM31-31_0716','PM31-20080300','31-10','E90N 330i   GUIDE SUPPORT/SPRING PAD/ATTACHING PARTS','');
insert into Diagram values('PM31-31_0728','PM31-20080300','31-10','E90N 330i   Stabilizer, front','');
insert into Diagram values('PM31-31_0839','PM31-20080300','31-95','E90N 330i   Performance suspension','');
insert into Diagram values('PM31-32_1509','PM31-20080300','32-10','E90N 330i   Hydro steering box','');
insert into Diagram values('PM31-32_1562','PM31-20080300','32-10','E90N 330i   Hydro steering box-Active steering (AFS)','');
insert into Diagram values('PM31-32_1571','PM31-20080300','32-10','E90N 330i   Control unit, active steering','');
insert into DiagramParts values('PM31-32_1660-31356757707', 'PM31-32_1660', 03, 'Hex nut with plate', 'M10 ZNS3', 2, to_date('20100901','YYYYMMDD'), to_date('20110501','YYYYMMDD'), '31356757707', '$1.00', '', false);
insert into Diagram values('PM31-32_1660','PM31-20080300','32-12','E90N 330i   Steering unit, electric (EPS)','');
insert into Diagram values('PM31-32_1572','PM31-20080300','32-15','E90N 330i   Power steering pump','');
insert into Diagram values('PM31-32_1573','PM31-20080300','32-15','E90N 330i   Power steering pump/Active steering','');
insert into DiagramParts values('PM31-32_1567-32416851218', 'PM31-32_1567', 01, 'OIL CARRIER', 'CHF 11.S', 1, to_date('20100901','YYYYMMDD'), to_date('20110301','YYYYMMDD'), '32416851218', '', '', false);
insert into DiagramParts values('PM31-32_1567-32416851332', 'PM31-32_1567', 11, 'Cover', 'CHF 11.S', 1, to_date('20100901','YYYYMMDD'), to_date('20110301','YYYYMMDD'), '32416851332', '', '', false);
insert into Diagram values('PM31-32_1567','PM31-20080300','32-20','E90N 330i   OIL CARRIER/SINGLE PARTS','');
insert into Diagram values('PM31-32_1568','PM31-20080300','32-20','E90N 330i   Oil reservoir/components/Active steering','');
insert into Diagram values('PM31-32_1569','PM31-20080300','32-20','E90N 330i   HYDRO STEERING-OIL PIPES','');
insert into Diagram values('PM31-32_1570','PM31-20080300','32-20','E90N 330i   HYDRO STEERING-OIL PIPES','');
insert into Diagram values('PM31-32_1574','PM31-20080300','32-20','E90N 330i   Power steering/oil pipe/Active steering','');
insert into Diagram values('PM31-32_1575','PM31-20080300','32-20','E90N 330i   Power steering/oil pipe/Active steering','');
insert into Diagram values('PM31-32_1510','PM31-20080300','32-25','E90N 330i   STEERING LINKAGE/TIE RODS','');
insert into Diagram values('PM31-32_1515','PM31-20080300','32-30','E90N 330i   Manually adjust. steering column','');
insert into Diagram values('PM31-32_1516','PM31-20080300','32-30','E90N 330i   STEER.COL.-LOWER JOINT ASSY','');
insert into Diagram values('PM31-32_1518','PM31-20080300','32-35','E90N 330i   Airbag sports steering wheel','');
insert into Diagram values('PM31-32_1519','PM31-20080300','32-35','E90N 330i   Airbag sports steering wheel multifunct.','');
insert into Diagram values('PM31-32_1564','PM31-20080300','32-35','E90N 330i   Leather steering wheel','');
insert into Diagram values('PM31-32_1565','PM31-20080300','32-35','E90N 330i   Steering wheel, leather, multif./airbag','');
insert into Diagram values('PM31-32_1566','PM31-20080300','32-35','E90N 330i   Sports st. wheel airbag multif./paddles','');
insert into Diagram values('PM31-32_1605','PM31-20080300','32-35','E90N 330i   M sports steer.-wheel, airbag, leather','');
insert into Diagram values('PM31-32_1617','PM31-20080300','32-35','E90N 330i   M sports strng whl,airbag,multifunction','');
insert into Diagram values('PM31-32_1635','PM31-20080300','32-35','E90N 330i   M Sp. st. wh. airbag multif./paddles','');
insert into Diagram values('PM31-32_1654','PM31-20080300','32-35','E90N 330i   Leather cover','');
insert into Diagram values('PM31-32_1590','PM31-20080300','32-95','E90N 330i   Cover for wood steering wheel','');
insert into Diagram values('PM31-32_1592','PM31-20080300','32-95','E90N 330i   Retrofit multi-functional steering wheel','');
insert into Diagram values('PM31-32_1730','PM31-20080300','32-95','E90N 330i   Cover, steering wheel','');
insert into Diagram values('PM31-32_1731','PM31-20080300','32-95','E90N 330i   Cover, multi-funct.steering wheel','');
insert into Diagram values('PM31-32_1773','PM31-20080300','32-95','E90N 330i   Performance steering wheel with display','');
insert into Diagram values('PM31-32_1778','PM31-20080300','32-95','E90N 330i   Performance steering wheel with display','');
insert into Diagram values('PM31-32_1834','PM31-20080300','32-95','E90N 330i   Performance steering wheel','');
insert into Diagram values('PM31-32_1835','PM31-20080300','32-95','E90N 330i   Performance steering wheel','');
insert into Diagram values('PM31-32_1838','PM31-20080300','32-95','E90N 330i   Retrofit, Servotronic','');
insert into Diagram values('PM31-32_1997','PM31-20080300','32-95','E90N 330i   Retrofit, Servotronic','');
insert into Diagram values('PM31-33_1250','PM31-20080300','33-05','E90N 330i   DIFFERENTIAL-DRIVE/OUTPUT','');
insert into Diagram values('PM31-33_1341','PM31-20080300','33-10','E90N 330i   Final drive, gasket set','');
insert into Diagram values('PM31-33_1252','PM31-20080300','33-25','E90N 330i   Output shaft','');
insert into Diagram values('PM31-33_1229','PM31-20080300','33-30','E90N 330i   REAR AXLE CARRIER','');
insert into Diagram values('PM31-33_1230','PM31-20080300','33-30','E90N 330i   REAR AXLE SUPPORT/WHEEL SUSPENSION','');
insert into Diagram values('PM31-33_1237','PM31-20080300','33-30','E90N 330i   HEADLIGHT VERTICAL AIM CONTROL SENSOR','');
insert into Diagram values('PM31-33_1231','PM31-20080300','33-40','E90N 330i   SIDE SHAFT/WHEEL BEARINGS','');
insert into Diagram values('PM31-33_1238','PM31-20080300','33-45','E90N 330i   REAR COIL SPRING','');
insert into DiagramParts values('PM31-33_1263-33526771725', 'PM31-33_1263', 01, 'Shock absorber, rear', 'SACHS', 2, to_date('20091001','YYYYMMDD'), to_date('20100401','YYYYMMDD'), '33526771725', '$150.86', '', false);
insert into DiagramParts values('PM31-33_1263-33526771729', 'PM31-33_1263', 01, 'Shock absorber, rear', 'SACHS', 2, to_date('20091001','YYYYMMDD'), to_date('20100401','YYYYMMDD'), '33526771729', '$165.96', '', false);
insert into Diagram values('PM31-33_1263','PM31-20080300','33-45','E90N 330i   REAR SPRING STRUT MOUNTING PARTS','');
insert into Diagram values('PM31-33_1280','PM31-20080300','33-45','E90N 330i   Stabilizer, rear','');
insert into DiagramParts values('PM31-33_1502-31316786003', 'PM31-33_1502', 01, 'LEFT FRONT SPRING STRUT', 'SACHS', 1, to_date('20091001','YYYYMMDD'), to_date('20100401','YYYYMMDD'), '31316786003', '$309.71', '', false);
insert into DiagramParts values('PM31-33_1502-31316786004', 'PM31-33_1502', 01, 'FRONT RIGHT SPRING STRUT', 'SACHS', 1, to_date('20091001','YYYYMMDD'), to_date('20100401','YYYYMMDD'), '31316786004', '$309.71', '', false);
insert into DiagramParts values('PM31-33_1502-33526771729', 'PM31-33_1502', 02, 'Shock absorber, rear', 'SACHS', 2, to_date('20091001','YYYYMMDD'), to_date('20100401','YYYYMMDD'), '33526771729', '$165.96', '', false);
insert into Diagram values('PM31-33_1502','PM31-20080300','33-95','E90N 330i   Single parts for M Sport suspension','');
insert into Diagram values('PM31-34_1474','PM31-20080300','34-05','E90N 330i   Front brake pad wear sensor','');
insert into Diagram values('PM31-34_1475','PM31-20080300','34-07','E90N 330i   Front brake-brake disc','');
insert into Diagram values('PM31-34_1476','PM31-20080300','34-10','E90N 330i   Rear brake pad wear sensor','');
insert into Diagram values('PM31-34_1478','PM31-20080300','34-12','E90N 330i   Rear wheel brake-Brake disc','');
insert into DiagramParts values('PM31-34_1486-34326774427', 'PM31-34_1486', 03, 'Pipe', 'M10/M12-1090MM', 1, to_date('20050701','YYYYMMDD'), to_date('20110401','YYYYMMDD'), '34326774427', '', 'ENDED', false);
insert into DiagramParts values('PM31-34_1486-34326770551', 'PM31-34_1486', 04, 'Pipe', 'M10/M10-2296MM', 1, to_date('20050701','YYYYMMDD'), to_date('20110401','YYYYMMDD'), '34326770551', '$10.13', '', false);
insert into Diagram values('PM31-34_1486','PM31-20080300','34-15','E90N 330i   Brake pipe, front','');
insert into Diagram values('PM31-34_1487','PM31-20080300','34-15','E90N 330i   Brake pipe, front','');
insert into Diagram values('PM31-34_1806','PM31-20080300','34-17','E90N 330i   Brake pipe rear','');
insert into DiagramParts values('PM31-34_1807-34326794390', 'PM31-34_1807', 01, 'Pipe', 'M12/M10', 1, to_date('20090901','YYYYMMDD'), to_date('20110401','YYYYMMDD'), '34326794390', '', 'ENDED', false);
insert into DiagramParts values('PM31-34_1807-34326794392', 'PM31-34_1807', 02, 'Pipe', 'M10/M10', 1, to_date('20090901','YYYYMMDD'), to_date('20110401','YYYYMMDD'), '34326794392', '', 'ENDED', false);
insert into DiagramParts values('PM31-34_1807-34326764487', 'PM31-34_1807', 04, 'Pipe', 'M10/M10-232MM', 1, to_date('20090901','YYYYMMDD'), to_date('20110401','YYYYMMDD'), '34326764487', '', 'ENDED', false);
insert into DiagramParts values('PM31-34_1807-34326764488', 'PM31-34_1807', 05, 'Pipe', 'M10/M10-988MM', 1, to_date('20090901','YYYYMMDD'), to_date('20110401','YYYYMMDD'), '34326764488', '', 'ENDED', false);
insert into Diagram values('PM31-34_1807','PM31-20080300','34-17','E90N 330i   Brake pipe rear','');
insert into Diagram values('PM31-34_1808','PM31-20080300','34-17','E90N 330i   Brake pipe rear','');
insert into Diagram values('PM31-34_1489','PM31-20080300','34-18','E90N 330i   BRAKE PIPE REAR/MOUNTING','');
insert into DiagramParts values('PM31-34_1695-34506863814', 'PM31-34_1695', 04, 'Torx screw with collar', 'M6X9-8.8-ZNNIV', 3, to_date('20080901','YYYYMMDD'), to_date('20130701','YYYYMMDD'), '34506863814', '', '', false);
insert into Diagram values('PM31-34_1695','PM31-20080300','34-20','E90N 330i   Hydro unit DSC/fastening/sensors','');
insert into Diagram values('PM31-34_1483','PM31-20080300','34-25','E90N 330i   Brake master cylinder','');
insert into Diagram values('PM31-34_1556','PM31-20080300','34-27','E90N 330i   Power brake unit depression','');
insert into Diagram values('PM31-34_1484','PM31-20080300','34-30','E90N 330i   Handbrake lever','');
insert into Diagram values('PM31-34_1485','PM31-20080300','34-40','E90N 330i   PARKING BRAKE/BRAKE SHOES','');
insert into Diagram values('PM31-34_1513','PM31-20080300','34-95','E90N 330i   Retrofit, handbrake handle','');
insert into Diagram values('PM31-34_1562','PM31-20080300','34-95','E90N 330i   Handbrake grip with chrome inlay','');
insert into Diagram values('PM31-34_1631','PM31-20080300','34-95','E90N 330i   Parking brake handle with clip','');
insert into Diagram values('PM31-34_1679','PM31-20080300','34-95','E90N 330i   Set of BMW Performance Brakes front/rear','');
insert into Diagram values('PM31-34_1681','PM31-20080300','34-95','E90N 330i   BMW Performance front wheel brake','');
insert into Diagram values('PM31-34_1687','PM31-20080300','34-95','E90N 330i   BMW Performance Rear wheel brake','');
insert into Diagram values('PM31-34_1717','PM31-20080300','34-95','E90N 330i   BMW Performance parking brake handle','');
insert into Diagram values('PM31-35_0291','PM31-20080300','35-05','E90N 330i   Foot lever mech. with return spring','');
insert into Diagram values('PM31-35_0292','PM31-20080300','35-05','E90N 330i   Foot lever mech. with return spring','');
insert into Diagram values('PM31-35_0293','PM31-20080300','35-05','E90N 330i   Pedal assembly','');
insert into Diagram values('PM31-35_0294','PM31-20080300','35-05','E90N 330i   Pedal assembly','');
insert into Diagram values('PM31-35_0274','PM31-20080300','35-20','E90N 330i   Acceleration/accelerator pedal module','');
insert into Diagram values('PM31-35_0275','PM31-20080300','35-95','E90N 330i   Aluminum pedal covers','');
insert into Diagram values('PM31-35_0315','PM31-20080300','35-95','E90N 330i   Set of high-grade steel pedal covers','');
insert into Diagram values('PM31-35_0327','PM31-20080300','35-95','E90N 330i   BMW Performance Alu pedal plates','');
insert into Diagram values('PM31-35_0377','PM31-20080300','35-95','E90N 330i   Aluminum pedal covers','');
insert into Diagram values('PM31-36_0840','PM31-20080300','36-15','E90N 330i   BMW light alloy wheel, spider spoke 158','');
insert into Diagram values('PM31-36_0841','PM31-20080300','36-15','E90N 330i   BMW light alloy wheel, spider spoke 159','');
insert into Diagram values('PM31-36_0842','PM31-20080300','36-15','E90N 330i   BMW light alloy wheel, spider spoke 160','');
insert into Diagram values('PM31-36_0843','PM31-20080300','36-15','E90N 330i   BMW alloy wheel, double spoke 161','');
insert into Diagram values('PM31-36_0844','PM31-20080300','36-15','E90N 330i   BMW LA wheel, ellipsoid styling 162','');
insert into Diagram values('PM31-36_0845','PM31-20080300','36-15','E90N 330i   BMW light alloy wheel, radial spoke 32','');
insert into Diagram values('PM31-36_0846','PM31-20080300','36-15','E90N 330i   BMW Composite wheel, star spoke 179','');
insert into Diagram values('PM31-36_0847','PM31-20080300','36-15','E90N 330i   BMW LA wheel/double spoke 195','');
insert into Diagram values('PM31-36_0848','PM31-20080300','36-15','E90N 330i   BMW light alloy wheel, radial spoke 196','');
insert into Diagram values('PM31-36_0849','PM31-20080300','36-15','E90N 330i   BMW light alloy wheel, cross spoke 197','');
insert into Diagram values('PM31-36_0850','PM31-20080300','36-15','E90N 330i   BMW composite wheel, radial spoke 198','');
insert into Diagram values('PM31-36_0851','PM31-20080300','36-15','E90N 330i   BMW light alloy wheel, spider spoke 199','');
insert into Diagram values('PM31-36_0900','PM31-20080300','36-15','E90N 330i   BMW light alloy wheel, radial spoke 216','');
insert into Diagram values('PM31-36_0929','PM31-20080300','36-15','E90N 330i   BMW LA Individual wheel V-spoke 152','');
insert into Diagram values('PM31-36_0930','PM31-20080300','36-15','E90N 330i   BMW alloy wheel, M spider spoke 193','');
insert into Diagram values('PM31-36_0931','PM31-20080300','36-15','E90N 330i   BMW alloy wheel, M double spoke 194','');
insert into Diagram values('PM31-36_0972','PM31-20080300','36-15','E90N 330i   BMW light alloy wheel, spider spoke 157','');
insert into Diagram values('PM31-36_0973','PM31-20080300','36-15','E90N 330i   BMW LA wheel, star spoke 185','');
insert into Diagram values('PM31-36_0974','PM31-20080300','36-15','E90N 330i   BMW light alloy wheel, spider spoke 187','');
insert into Diagram values('PM31-36_0975','PM31-20080300','36-15','E90N 330i   BMW light alloy wheel, V-spoke 188','');
insert into Diagram values('PM31-36_0976','PM31-20080300','36-15','E90N 330i   BMW LA wheel, star spoke 189','');
insert into Diagram values('PM31-36_0978','PM31-20080300','36-15','E90N 330i   BMW LA wheel, star spoke 230','');
insert into Diagram values('PM31-36_0980','PM31-20080300','36-15','E90N 330i   BMW LA forged wheel Radial Spoke 190','');
insert into Diagram values('PM31-36_0988','PM31-20080300','36-15','E90N 330i   BMW compound wheel M cross spoke 101','');
insert into Diagram values('PM31-36_1067','PM31-20080300','36-15','E90N 330i   BMW LA wheel Individual w. V spokes 228','');
insert into Diagram values('PM31-36_1127','PM31-20080300','36-15','E90N 330i   BMW alloy wheel, M double spoke 225','');
insert into Diagram values('PM31-36_1134','PM31-20080300','36-15','E90N 330i   BMW Performance LA wheel/double spoke269','');
insert into Diagram values('PM31-36_1288','PM31-20080300','36-15','E90N 330i   BMW LA wheel, multispoke 284','');
insert into Diagram values('PM31-36_1289','PM31-20080300','36-15','E90N 330i   BMW LA wheel, V-spoke 285','');
insert into Diagram values('PM31-36_1290','PM31-20080300','36-15','E90N 330i   BMW LA wheel, star spoke 286','');
insert into Diagram values('PM31-36_1291','PM31-20080300','36-15','E90N 330i   BMW LA wheel, star spoke 287','');
insert into Diagram values('PM31-36_1293','PM31-20080300','36-15','E90N 330i   BMW LA cast wheel Radial Spoke 190','');
insert into Diagram values('PM31-36_1317','PM31-20080300','36-15','E90N 330i   BMW LA wheel, Star Spoke 311','');
insert into Diagram values('PM31-36_1318','PM31-20080300','36-15','E90N 330i   BMW Performance LA wheel DoubleSpoke 313','');
insert into Diagram values('PM31-36_1467','PM31-20080300','36-15','E90N 330i   BMW LA wheel, V Spoke 342','');
insert into Diagram values('PM31-36_1478','PM31-20080300','36-15','E90N 330i   BMW LA wheel, Star Spoke 339','');
insert into Diagram values('PM31-36_1479','PM31-20080300','36-15','E90N 330i   BMW LA wheel, V Spoke 338','');
insert into Diagram values('PM31-36_1480','PM31-20080300','36-15','E90N 330i   BMW LA wheel, Star Spoke 340','');
insert into Diagram values('PM31-36_1481','PM31-20080300','36-15','E90N 330i   BMW LAW Double Spoke Performance 313','');
insert into Diagram values('PM31-36_1501','PM31-20080300','36-15','E90N 330i   BMW LA wheel, M Double Spoke 313','');
insert into Diagram values('PM31-36_0812','PM31-20080300','36-20','E90N 330i   Balance weight, zinc','');
insert into Diagram values('PM31-36_0811','PM31-20080300','36-25','E90N 330i   WHEEL BOLT LOCK WITH ADAPTOR','');
insert into Diagram values('PM31-36_1032','PM31-20080300','36-25','E90N 330i   SET WHEEL LOCKS','');
insert into Diagram values('PM31-36_1077','PM31-20080300','36-30','E90N 330i   Winter tires','');
insert into Diagram values('PM31-36_1668','PM31-20080300','36-30','E90N 330i   Summer tires','');
insert into Diagram values('PM31-36_0918','PM31-20080300','36-95','E90N 330i   Winter complete wheel double spoke 158','');
insert into Diagram values('PM31-36_0957','PM31-20080300','36-95','E90N 330i   COMPL.WINT.TYRE+WHEEL,RADIAL STYLING 32','');
insert into Diagram values('PM31-36_1170','PM31-20080300','36-95','E90N 330i   Winterkomplettrad Sternspeiche 159','');
insert into Diagram values('PM31-36_1274','PM31-20080300','36-95','E90N 330i   Set emergency wheel with tyre','');
insert into Diagram values('PM31-36_1430','PM31-20080300','36-95','E90N 330i   Winter complete wheel, Multi Spoke 284','');
insert into Diagram values('PM31-36_1449','PM31-20080300','36-95','E90N 330i   Spare tire system','');
insert into Diagram values('PM31-41_1670','PM31-20080300','41-05','E90N 330i   Body skeleton','');
insert into Diagram values('PM31-41_1596','PM31-20080300','41-10','E90N 330i   Front side panel','');
insert into Diagram values('PM31-41_1597','PM31-20080300','41-10','E90N 330i   WHEELHOUSE/ENGINE SUPPORT','');
insert into Diagram values('PM31-41_1598','PM31-20080300','41-10','E90N 330i   SPLASH WALL PARTS','');
insert into Diagram values('PM31-41_1599','PM31-20080300','41-10','E90N 330i   FRONT BODY BRACKET LEFT','');
insert into Diagram values('PM31-41_1600','PM31-20080300','41-10','E90N 330i   FRONT BODY BRACKET RIGHT','');
insert into Diagram values('PM31-41_1605','PM31-20080300','41-20','E90N 330i   Partition trunk/Floor parts','');
insert into Diagram values('PM31-41_1637','PM31-20080300','41-20','E90N 330i   Cavity shielding, side frame','');
insert into Diagram values('PM31-41_1642','PM31-20080300','41-20','E90N 330i   BODY-SIDE FRAME','');
insert into Diagram values('PM31-41_1643','PM31-20080300','41-20','E90N 330i   SINGLE COMPONENTS FOR BODY-SIDE FRAME','');
insert into Diagram values('PM31-41_1673','PM31-20080300','41-25','E90N 330i   Mounting parts for trunk floor panel','');
insert into Diagram values('PM31-41_1674','PM31-20080300','41-25','E90N 330i   FLOOR PARTS REAR EXTERIOR','');
insert into Diagram values('PM31-41_1675','PM31-20080300','41-25','E90N 330i   Rear side panel','');
insert into Diagram values('PM31-41_1676','PM31-20080300','41-25','E90N 330i   FILL-IN FLAP','');
insert into Diagram values('PM31-41_1601','PM31-20080300','41-30','E90N 330i   Roof','');
insert into Diagram values('PM31-41_1641','PM31-20080300','41-35','E90N 330i   ENGINE HOOD MECHANISM','');
insert into Diagram values('PM31-41_2205','PM31-20080300','41-35','E90N 330i   ENGINE HOOD/MOUNTING PARTS','');
insert into Diagram values('PM31-41_1612','PM31-20080300','41-40','E90N 330i   FRONT DOOR-HINGE/DOOR BRAKE','');
insert into Diagram values('PM31-41_1635','PM31-20080300','41-40','E90N 330i   Door weatherstrip front','');
insert into Diagram values('PM31-41_1639','PM31-20080300','41-40','E90N 330i   Radio remote control','');
insert into Diagram values('PM31-41_1973','PM31-20080300','41-40','E90N 330i   DOOR CONTROL FRONT','');
insert into Diagram values('PM31-41_1613','PM31-20080300','41-45','E90N 330i   Door rear, hinge/door brake','');
insert into Diagram values('PM31-41_1634','PM31-20080300','41-45','E90N 330i   DOOR CONTROL REAR','');
insert into Diagram values('PM31-41_1636','PM31-20080300','41-45','E90N 330i   Door weatherstrip rear','');
insert into Diagram values('PM31-41_1678','PM31-20080300','41-50','E90N 330i   Master key locking','');
insert into Diagram values('PM31-41_1638','PM31-20080300','41-60','E90N 330i   SINGLE COMPONENTS FOR TRUNK LID','');
insert into Diagram values('PM31-41_1677','PM31-20080300','41-60','E90N 330i   TRUNK LID/CLOSING SYSTEM','');
insert into Diagram values('PM31-41_1607','PM31-20080300','41-65','E90N 330i   MECHANICAL CONNECTION ELEMENTS','');
insert into Diagram values('PM31-51_5644','PM31-20080300','51-05','E90N 330i   Glazing','');
insert into DiagramParts values('PM31-51_6939-51167158902', 'PM31-51_6939', 01, 'Mirror glas, heated, wide-angle, right', 'BLAU', 1, to_date('20080901','YYYYMMDD'), to_date('20090301','YYYYMMDD'), '51167158902', '', '', false);
insert into Diagram values('PM31-51_6939','PM31-20080300','51-07','E90N 330i   MIRROR GLASS','');
insert into Diagram values('PM31-51_6940','PM31-20080300','51-07','E90N 330i   Mirror glas with auto dip','');
insert into Diagram values('PM31-51_6946','PM31-20080300','51-07','E90N 330i   Outside mirror','');
insert into Diagram values('PM31-51_6947','PM31-20080300','51-07','E90N 330i   Fold-in outside mirror','');
insert into Diagram values('PM31-51_6948','PM31-20080300','51-07','E90N 330i   Outside mirror bright-black','');
insert into Diagram values('PM31-51_6949','PM31-20080300','51-07','E90N 330i   Fold-in outside mirror, bright-black','');
insert into Diagram values('PM31-51_5713','PM31-20080300','51-10','E90N 330i   Window frame cover, front door','');
insert into Diagram values('PM31-51_5730','PM31-20080300','51-10','E90N 330i   DOOR WINDOW LIFTING MECHANISM FRONT','');
insert into Diagram values('PM31-51_5723','PM31-20080300','51-12','E90N 330i   Window frame cover, rear door','');
insert into Diagram values('PM31-51_5731','PM31-20080300','51-12','E90N 330i   DOOR WINDOW LIFTING MECHANISM REAR','');
insert into Diagram values('PM31-51_5812','PM31-20080300','51-15','E90N 330i   Carrier, bumper front','');
insert into Diagram values('PM31-51_6966','PM31-20080300','51-15','E90N 330i   Trim panel, bumper, front','');
insert into Diagram values('PM31-51_7022','PM31-20080300','51-15','E90N 330i   M FRONT BUMPER TRIM PANEL','');
insert into Diagram values('PM31-51_7019','PM31-20080300','51-16','E90N 330i   M door sill trim panel','');
insert into Diagram values('PM31-51_7020','PM31-20080300','51-16','E90N 330i   Door sill','');
insert into Diagram values('PM31-51_5824','PM31-20080300','51-17','E90N 330i   Carrier, bumper rear','');
insert into Diagram values('PM31-51_5828','PM31-20080300','51-17','E90N 330i   Bumper trim panel, rear','');
insert into Diagram values('PM31-51_5829','PM31-20080300','51-17','E90N 330i   REAR BUMPER MOUNTING PARTS','');
insert into Diagram values('PM31-51_5973','PM31-20080300','51-17','E90N 330i   M REAR BUMPER TRIM','');
insert into Diagram values('PM31-51_5732','PM31-20080300','51-20','E90N 330i   Exterior trim and door seals','');
insert into Diagram values('PM31-51_5740','PM31-20080300','51-20','E90N 330i   Exterior trim / Grille / Seals','');
insert into Diagram values('PM31-51_5849','PM31-20080300','51-20','E90N 330i   Emblems','');
insert into Diagram values('PM31-51_6004','PM31-20080300','51-25','E90N 330i   Police sticker','');
insert into Diagram values('PM31-51_6674','PM31-20080300','51-25','E90N 330i   Paramedic sticker','');
insert into Diagram values('PM31-51_5710','PM31-20080300','51-30','E90N 330i   Trim panel dashboard, support tube','');
insert into Diagram values('PM31-51_5719','PM31-20080300','51-30','E90N 330i   Cup holder','');
insert into Diagram values('PM31-51_5721','PM31-20080300','51-30','E90N 330i   GLOVE BOX','');
insert into Diagram values('PM31-51_9121','PM31-20080300','51-30','E90N 330i   Mounting parts, I-panel, bottom I','');
insert into Diagram values('PM31-51_9185','PM31-20080300','51-30','E90N 330i   Mounting parts, I-panel, top','');
insert into Diagram values('PM31-51_5722','PM31-20080300','51-35','E90N 330i   CENTER CONSOLE STORING PARTITION','');
insert into Diagram values('PM31-51_5724','PM31-20080300','51-35','E90N 330i   STORING PARTITION COVER','');
insert into Diagram values('PM31-51_5725','PM31-20080300','51-35','E90N 330i   Mounting parts, center console, rear','');
insert into Diagram values('PM31-51_5726','PM31-20080300','51-35','E90N 330i   Armrest, centre console','');
insert into DiagramParts values('PM31-51_5830-51169221750', 'PM31-51_5830', 01, 'Rearview mirror EC/LED/GTO/FLA/RC', '868 MHZ', 1, to_date('20090901','YYYYMMDD'), to_date('20100301','YYYYMMDD'), '51169221750', '', 'ENDED', false);
insert into Diagram values('PM31-51_5830','PM31-20080300','51-40','E90N 330i   Interior mirror','');
insert into Diagram values('PM31-51_5832','PM31-20080300','51-40','E90N 330i   Sun visors','');
insert into Diagram values('PM31-51_5834','PM31-20080300','51-40','E90N 330i   Handle','');
insert into Diagram values('PM31-51_5839','PM31-20080300','51-40','E90N 330i   Trim panel A- / B- / C-Column','');
insert into Diagram values('PM31-51_5840','PM31-20080300','51-40','E90N 330i   Headlining','');
insert into Diagram values('PM31-51_5842','PM31-20080300','51-40','E90N 330i   Rear window shelf / sun blind electr.','');
insert into Diagram values('PM31-51_5716','PM31-20080300','51-45','E90N 330i   Interior moldings Titan Line','');
insert into Diagram values('PM31-51_5717','PM31-20080300','51-45','E90N 330i   Interior trim finishers, aluminium','');
insert into Diagram values('PM31-51_5718','PM31-20080300','51-45','E90N 330i   Fine wood trim burr walnut','');
insert into Diagram values('PM31-51_6601','PM31-20080300','51-45','E90N 330i   Interior strips, aluminum, glaciersilber','');
insert into Diagram values('PM31-51_6984','PM31-20080300','51-45','E90N 330i   Alum. interior strips ground lengthwise','');
insert into Diagram values('PM31-51_6986','PM31-20080300','51-45','E90N 330i   Interior strips, high-gloss, spacegrau','');
insert into Diagram values('PM31-51_7035','PM31-20080300','51-45','E90N 330i   Interior strips, diamantschwarz','');
insert into Diagram values('PM31-51_7038','PM31-20080300','51-45','E90N 330i   Fine woodgrain version, walnut trunk','');
insert into Diagram values('PM31-51_7097','PM31-20080300','51-45','E90N 330i   Interior strips, satin-silber','');
insert into Diagram values('PM31-51_7803','PM31-20080300','51-45','E90N 330i   Int. strips, bamboo, grained, anthracite','');
insert into Diagram values('PM31-51_7950','PM31-20080300','51-45','E90N 330i   Interior moldings, platin-bronze','');
insert into Diagram values('PM31-51_5835','PM31-20080300','51-50','E90N 330i   Door trim panel, front','');
insert into Diagram values('PM31-51_5836','PM31-20080300','51-50','E90N 330i   Door trim, rear','');
insert into Diagram values('PM31-51_5837','PM31-20080300','51-50','E90N 330i   Door panel, rear window blind','');
insert into Diagram values('PM31-51_6592','PM31-20080300','51-50','E90N 330i   Armrest, door panel, front','');
insert into Diagram values('PM31-51_5690','PM31-20080300','51-55','E90N 330i   Floor mats, velours','');
insert into Diagram values('PM31-51_5838','PM31-20080300','51-55','E90N 330i   TRIM PANEL LEG ROOM','');
insert into Diagram values('PM31-51_5841','PM31-20080300','51-55','E90N 330i   FLOOR COVERING','');
insert into Diagram values('PM31-51_5846','PM31-20080300','51-55','E90N 330i   EDGE PROTECTION/COVERINGS ROCKERS','');
insert into Diagram values('PM31-51_5847','PM31-20080300','51-65','E90N 330i   Trim panel, trunk floor','');
insert into Diagram values('PM31-51_5848','PM31-20080300','51-65','E90N 330i   LATERAL TRUNK FLOOR TRIM PANEL','');
insert into Diagram values('PM31-51_5850','PM31-20080300','51-65','E90N 330i   TRUNK LID TRIM PANEL','');
insert into Diagram values('PM31-51_6263','PM31-20080300','51-65','E90N 330i   Sliding comp. luggage comp./folding box','');
insert into Diagram values('PM31-51_6264','PM31-20080300','51-65','E90N 330i   Luggage compartment sill trim','');
insert into Diagram values('PM31-51_5851','PM31-20080300','51-70','E90N 330i   SOUND INSULATING FRONT','');
insert into Diagram values('PM31-51_5856','PM31-20080300','51-70','E90N 330i   SOUND INSULATING REAR','');
insert into Diagram values('PM31-51_5857','PM31-20080300','51-70','E90N 330i   Heat insulation','');
insert into Diagram values('PM31-51_5858','PM31-20080300','51-75','E90N 330i   Front panel/body parts, engine compartm','');
insert into Diagram values('PM31-51_5860','PM31-20080300','51-75','E90N 330i   Shield,engine compartm./underfloor panel','');
insert into Diagram values('PM31-51_5862','PM31-20080300','51-75','E90N 330i   Wheel arch trim, front','');
insert into Diagram values('PM31-51_5863','PM31-20080300','51-75','E90N 330i   Wheel arch trim, rear','');
insert into Diagram values('PM31-51_5875','PM31-20080300','51-75','E90N 330i   Strut brace','');
insert into Diagram values('PM31-51_6216','PM31-20080300','51-75','E90N 330i   Underfloor coating','');
insert into Diagram values('PM31-51_6258','PM31-20080300','51-75','E90N 330i   Headlight arm/holder','');
insert into Diagram values('PM31-51_6950','PM31-20080300','51-75','E90N 330i   FRONT AIR DUCT','');
insert into Diagram values('PM31-51_5859','PM31-20080300','51-80','E90N 330i   Misc. body parts','');
insert into Diagram values('PM31-51_5861','PM31-20080300','51-80','E90N 330i   Seal, hood','');
insert into Diagram values('PM31-51_5865','PM31-20080300','51-80','E90N 330i   Sealing cap/plug','');
insert into Diagram values('PM31-51_4635','PM31-20080300','51-95','E90N 330i   Exterior mirror for towing','');
insert into Diagram values('PM31-51_4694','PM31-20080300','51-95','E90N 330i   Aluminum footrest','');
insert into Diagram values('PM31-51_4698','PM31-20080300','51-95','E90N 330i   Boot lashing strap','');
insert into Diagram values('PM31-51_5362','PM31-20080300','51-95','E90N 330i   Luggage compartment, folding','');
insert into Diagram values('PM31-51_5688','PM31-20080300','51-95','E90N 330i   Luggage compatment box "multifix"','');
insert into Diagram values('PM31-51_5697','PM31-20080300','51-95','E90N 330i   Illuminated door sill strip retrofit kit','');
insert into Diagram values('PM31-51_5738','PM31-20080300','51-95','E90N 330i   Umbrella with bag','');
insert into Diagram values('PM31-51_5739','PM31-20080300','51-95','E90N 330i   Storage sleeve DVD/CD','');
insert into Diagram values('PM31-51_5799','PM31-20080300','51-95','E90N 330i   Fitted luggage compartment mat','');
insert into Diagram values('PM31-51_5906','PM31-20080300','51-95','E90N 330i   Non-skid mat','');
insert into Diagram values('PM31-51_5918','PM31-20080300','51-95','E90N 330i   Retrofit:oddments tray luggage compartm.','');
insert into Diagram values('PM31-51_5919','PM31-20080300','51-95','E90N 330i   Retrofit: boot/trunk floor net','');
insert into Diagram values('PM31-51_5921','PM31-20080300','51-95','E90N 330i   Retrofit:oddments tray under load. floor','');
insert into Diagram values('PM31-51_5922','PM31-20080300','51-95','E90N 330i   Retrofit, fine wood trim, walnut root','');
insert into Diagram values('PM31-51_5924','PM31-20080300','51-95','E90N 330i   Alum. interior strips ground lengthwise','');
insert into Diagram values('PM31-51_5925','PM31-20080300','51-95','E90N 330i   Retrofit, armrest front, movable','');
insert into Diagram values('PM31-51_5927','PM31-20080300','51-95','E90N 330i   SUPPLEMENTARY SET SUN BLIND ELECTR.','');
insert into Diagram values('PM31-51_5928','PM31-20080300','51-95','E90N 330i   Retrofit rearview mirror w. auto dimmer','');
insert into Diagram values('PM31-51_5937','PM31-20080300','51-95','E90N 330i   Floor mats Commercial','');
insert into Diagram values('PM31-51_5938','PM31-20080300','51-95','E90N 330i   FLOOR MATS CITY','');
insert into Diagram values('PM31-51_5940','PM31-20080300','51-95','E90N 330i   Boot/trunk floor net','');
insert into Diagram values('PM31-51_5945','PM31-20080300','51-95','E90N 330i   Rubber mat','');
insert into Diagram values('PM31-51_5954','PM31-20080300','51-95','E90N 330i   Load edge protector','');
insert into Diagram values('PM31-51_5980','PM31-20080300','51-95','E90N 330i   Retrofit: heating outside mirror','');
insert into Diagram values('PM31-51_5981','PM31-20080300','51-95','E90N 330i   Door sill strip retrofit kit st. steel','');
insert into Diagram values('PM31-51_5997','PM31-20080300','51-95','E90N 330i   Pocket holder','');
insert into Diagram values('PM31-51_6019','PM31-20080300','51-95','E90N 330i   Floor mats, velours','');
insert into Diagram values('PM31-51_6029','PM31-20080300','51-95','E90N 330i   Carbon fiber package','');
insert into Diagram values('PM31-51_6038','PM31-20080300','51-95','E90N 330i   Rear spoiler','');
insert into Diagram values('PM31-51_6066','PM31-20080300','51-95','E90N 330i   Sunshade','');
insert into Diagram values('PM31-51_6068','PM31-20080300','51-95','E90N 330i   Retrofit, M cover, entrance','');
insert into Diagram values('PM31-51_6083','PM31-20080300','51-95','E90N 330i   Strut brace','');
insert into Diagram values('PM31-51_6165','PM31-20080300','51-95','E90N 330i   Luggage compartment clamping belts','');
insert into Diagram values('PM31-51_6174','PM31-20080300','51-95','E90N 330i   Retrofit, cup holder','');
insert into Diagram values('PM31-51_6243','PM31-20080300','51-95','E90N 330i   Interior moldings Carbon','');
insert into Diagram values('PM31-51_6259','PM31-20080300','51-95','E90N 330i   Retrofit M foot rest','');
insert into Diagram values('PM31-51_6283','PM31-20080300','51-95','E90N 330i   Load compartment protective cover','');
insert into Diagram values('PM31-51_6477','PM31-20080300','51-95','E90N 330i   Key fob','');
insert into Diagram values('PM31-51_6639','PM31-20080300','51-95','E90N 330i   Protective loading edge mat','');
insert into Diagram values('PM31-51_6695','PM31-20080300','51-95','E90N 330i   Storage net, footwell, front','');
insert into Diagram values('PM31-51_6778','PM31-20080300','51-95','E90N 330i   BMW Performance strut tower brace carbon','');
insert into Diagram values('PM31-51_6892','PM31-20080300','51-95','E90N 330i   Moulding rocker panels','');
insert into Diagram values('PM31-51_6973','PM31-20080300','51-95','E90N 330i   BMW Performance side stripes','');
insert into Diagram values('PM31-51_7030','PM31-20080300','51-95','E90N 330i   Retrofit kit M aerodyn. package','');
insert into Diagram values('PM31-51_7034','PM31-20080300','51-95','E90N 330i   Sun blind strips','');
insert into Diagram values('PM31-51_7061','PM31-20080300','51-95','E90N 330i   Non-skid mat','');
insert into Diagram values('PM31-51_7115','PM31-20080300','51-95','E90N 330i   BMW Performance Aerodynamics','');
insert into Diagram values('PM31-51_7116','PM31-20080300','51-95','E90N 330i   BMW Performance Aerodynamics, front','');
insert into Diagram values('PM31-51_7117','PM31-20080300','51-95','E90N 330i   BMW Performance Aerodynamics, rear','');
insert into Diagram values('PM31-51_7118','PM31-20080300','51-95','E90N 330i   BMW Performance Aerodynamics, rocker','');
insert into Diagram values('PM31-51_7142','PM31-20080300','51-95','E90N 330i   BMW Performance Aluminum footrest','');
insert into Diagram values('PM31-51_7144','PM31-20080300','51-95','E90N 330i   BMW Performance Interior moldings Carbon','');
insert into Diagram values('PM31-51_7149','PM31-20080300','51-95','E90N 330i   Attached part for front apron','');
insert into Diagram values('PM31-51_7152','PM31-20080300','51-95','E90N 330i   BMW Performance strut tower brace, alu','');
insert into Diagram values('PM31-51_7158','PM31-20080300','51-95','E90N 330i   Cover for mirror, carbon','');
insert into Diagram values('PM31-51_7191','PM31-20080300','51-95','E90N 330i   Retrofit trim grill','');
insert into Diagram values('PM31-51_7193','PM31-20080300','51-95','E90N 330i   Interior strips, high-gloss, grey','');
insert into Diagram values('PM31-51_7195','PM31-20080300','51-95','E90N 330i   Interior trim finishers black high-gloss','');
insert into Diagram values('PM31-51_7228','PM31-20080300','51-95','E90N 330i   BMW Performance door sill moldings','');
insert into Diagram values('PM31-51_7236','PM31-20080300','51-95','E90N 330i   Footmat update','');
insert into Diagram values('PM31-51_7302','PM31-20080300','51-95','E90N 330i   Luggage compartment pan','');
insert into Diagram values('PM31-51_7303','PM31-20080300','51-95','E90N 330i   ASHTRAY REAR','');
insert into Diagram values('PM31-51_7665','PM31-20080300','51-95','E90N 330i   Interior equipment, upper','');
insert into Diagram values('PM31-51_7713','PM31-20080300','51-95','E90N 330i   Multifunct.lugg.compartm.mat w.fold.cont','');
insert into Diagram values('PM31-51_7869','PM31-20080300','51-95','E90N 330i   Retrofit kit, interior trim, adhesive','');
insert into Diagram values('PM31-51_7896','PM31-20080300','51-95','E90N 330i   Retrofit kit, interior trim, adhesive','');
insert into Diagram values('PM31-51_8051','PM31-20080300','51-95','E90N 330i   First-aid kit, universal','');
insert into Diagram values('PM31-51_8522','PM31-20080300','51-95','E90N 330i   Travel & Comfort System','');
insert into Diagram values('PM31-51_8703','PM31-20080300','51-95','E90N 330i   Pocket set in interior','');
insert into Diagram values('PM31-51_8991','PM31-20080300','51-95','E90N 330i   Floor mat, Allweather','');
insert into Diagram values('PM31-52_3182','PM31-20080300','52-10','E90N 330i   Seat front, upholstery & cover base seat','');
insert into DiagramParts values('PM31-52_3183-52107246851', 'PM31-52_3183', 04, 'SEAT COVER LEATHER', 'GRAU', 1, to_date('20080901','YYYYMMDD'), to_date('20100901','YYYYMMDD'), '52107246851', '', 'ENDED', false);
insert into DiagramParts values('PM31-52_3183-52107246852', 'PM31-52_3183', 04, 'SEAT COVER LEATHER', 'BEIGE', 1, to_date('20080901','YYYYMMDD'), to_date('20100901','YYYYMMDD'), '52107246852', '', '+core, ENDED', false);
insert into DiagramParts values('PM31-52_3183-52107246838', 'PM31-52_3183', 04, 'SEAT COVER LEATHER', 'SCHWARZ', 1, to_date('20080901','YYYYMMDD'), to_date('20100901','YYYYMMDD'), '52107246838', '', 'ENDED', false);
insert into DiagramParts values('PM31-52_3183-52107257593', 'PM31-52_3183', 04, 'SEAT COVER LEATHER', 'OYSTER', 1, to_date('20090901','YYYYMMDD'), to_date('20100901','YYYYMMDD'), '52107257593', '', 'ENDED', false);
insert into DiagramParts values('PM31-52_3183-52107257594', 'PM31-52_3183', 04, 'SEAT COVER LEATHER', 'SATTELBRAUN', 1, to_date('20090901','YYYYMMDD'), to_date('20100901','YYYYMMDD'), '52107257594', '', 'ENDED', false);
insert into DiagramParts values('PM31-52_3183-52107257595', 'PM31-52_3183', 04, 'SEAT COVER LEATHER', 'ROTBRAUN', 1, to_date('20090901','YYYYMMDD'), to_date('20100901','YYYYMMDD'), '52107257595', '', '+core, ENDED', false);
insert into DiagramParts values('PM31-52_3183-52109156456', 'PM31-52_3183', 05, 'COVER BACKREST LEATHER RIGHT', 'GRAU', 1, to_date('20070401','YYYYMMDD'), to_date('20080901','YYYYMMDD'), '52109156456', '$695.57', '', false);
insert into DiagramParts values('PM31-52_3183-52109156458', 'PM31-52_3183', 05, 'COVER BACKREST LEATHER RIGHT', 'BEIGE', 1, to_date('20070401','YYYYMMDD'), to_date('20080901','YYYYMMDD'), '52109156458', '$695.57', '', false);
insert into DiagramParts values('PM31-52_3183-52109156454', 'PM31-52_3183', 05, 'COVER BACKREST LEATHER RIGHT', 'SCHWARZ', 1, to_date('20070401','YYYYMMDD'), to_date('20080901','YYYYMMDD'), '52109156454', '$695.57', '', false);
insert into Diagram values('PM31-52_3183','PM31-20080300','52-10','E90N 330i   Seat, front, uphlstry, cover, Sport seat','');
insert into Diagram values('PM31-52_3184','PM31-20080300','52-10','E90N 330i   Seat, front, lumbar','');
insert into Diagram values('PM31-52_3185','PM31-20080300','52-10','E90N 330i   FRONT SEAT RAIL MECHANICAL/SINGLE PARTS','');
insert into Diagram values('PM31-52_3186','PM31-20080300','52-10','E90N 330i   FRONT SEAT RAIL ELECTRICAL/SINGLE PARTS','');
insert into Diagram values('PM31-52_3187','PM31-20080300','52-10','E90N 330i   FRONT SEAT BACKREST FRAME/REAR PANEL','');
insert into Diagram values('PM31-52_3468','PM31-20080300','52-10','E90N 330i   BMW Performance Sport Seat','');
insert into Diagram values('PM31-52_3487','PM31-20080300','52-10','E90N 330i   Seat, front, head restraint','');
insert into Diagram values('PM31-52_3541','PM31-20080300','52-10','E90N 330i   Seat, front, electrical and motors','');
insert into DiagramParts values('PM31-52_3188-52207213545', 'PM31-52_3188', 01, 'Headrest leather', 'SCHWARZ', 2, to_date('20080901','YYYYMMDD'), to_date('20090301','YYYYMMDD'), '52207213545', '', 'ENDED', false);
insert into DiagramParts values('PM31-52_3188-52207213547', 'PM31-52_3188', 01, 'Headrest leather', 'SAVANNABEIGE', 2, to_date('20080901','YYYYMMDD'), to_date('20090301','YYYYMMDD'), '52207213547', '', 'ENDED', false);
insert into DiagramParts values('PM31-52_3188-52207213546', 'PM31-52_3188', 01, 'Headrest leather', 'GRAU', 2, to_date('20080901','YYYYMMDD'), to_date('20090301','YYYYMMDD'), '52207213546', '', 'ENDED', false);
insert into DiagramParts values('PM31-52_3188-52207213520', 'PM31-52_3188', 02, 'Headrest leather', 'SCHWARZ', 2, to_date('20080901','YYYYMMDD'), to_date('20090301','YYYYMMDD'), '52207213520', '', 'ENDED', false);
insert into DiagramParts values('PM31-52_3188-52207213534', 'PM31-52_3188', 02, 'Headrest leather', 'BEIGE', 2, to_date('20080901','YYYYMMDD'), to_date('20090301','YYYYMMDD'), '52207213534', '', 'ENDED', false);
insert into DiagramParts values('PM31-52_3188-52207213533', 'PM31-52_3188', 02, 'Headrest leather', 'GRAU', 2, to_date('20080901','YYYYMMDD'), to_date('20090301','YYYYMMDD'), '52207213533', '', 'ENDED', false);
insert into Diagram values('PM31-52_3188','PM31-20080300','52-20','E90N 330i   Rear seat head restraint','');
insert into Diagram values('PM31-52_3189','PM31-20080300','52-20','E90N 330i   Seat, rear, head restraint, center','');
insert into Diagram values('PM31-52_3191','PM31-20080300','52-20','E90N 330i   Seat rear, upholstery & cover base seat','');
insert into Diagram values('PM31-52_3192','PM31-20080300','52-20','E90N 330i   Seat rear, upholstery & cover base seat','');
insert into Diagram values('PM31-52_3193','PM31-20080300','52-20','E90N 330i   Seat, rear, seat frame, load-through','');
insert into Diagram values('PM31-52_3194','PM31-20080300','52-20','E90N 330i   Rear seat ski bag','');
insert into Diagram values('PM31-52_3212','PM31-20080300','52-20','E90N 330i   Seat, rear, backrest trim covers','');
insert into Diagram values('PM31-52_3216','PM31-20080300','52-20','E90N 330i   Rear seat center armrest','');
insert into Diagram values('PM31-52_3712','PM31-20080300','52-65','E90N 330i   Seat heating','');
insert into Diagram values('PM31-52_3015','PM31-20080300','52-95','E90N 330i   UNIVERSAL PRODECTIVE REAR COVER','');
insert into Diagram values('PM31-52_3199','PM31-20080300','52-95','E90N 330i   Fire extinguisher','');
insert into Diagram values('PM31-52_3235','PM31-20080300','52-95','E90N 330i   Front seat heating retrofit','');
insert into Diagram values('PM31-52_3269','PM31-20080300','52-95','E90N 330i   Seat-back storage pocket','');
insert into Diagram values('PM31-52_3270','PM31-20080300','52-95','E90N 330i   SHEEPSKIN SEAT COVERS','');
insert into Diagram values('PM31-52_3519','PM31-20080300','52-95','E90N 330i   Retrofit, ski bag','');
insert into Diagram values('PM31-52_3527','PM31-20080300','52-95','E90N 330i   Retrofit, net bag at seat backrest','');
insert into Diagram values('PM31-52_3565','PM31-20080300','52-95','E90N 330i   Retrofitting rear folding head restraint','');
insert into Diagram values('PM31-52_3792','PM31-20080300','52-95','E90N 330i   Fire extinguisher','');
insert into Diagram values('PM31-54_0341','PM31-20080300','54-05','E90N 330i   SLID.LIFT. ROOF-COVER/CEILING FRAME','');
insert into Diagram values('PM31-61_2010','PM31-20080300','61-05','E90N 330i   Repair cable main cable harness','');
insert into Diagram values('PM31-61_2886','PM31-20080300','61-05','E90N 330i   Main wiring harness, duplicate','');
insert into Diagram values('PM31-61_1822','PM31-20080300','61-10','E90N 330i   Cable-yarded material','');
insert into Diagram values('PM31-61_1861','PM31-20080300','61-10','E90N 330i   VARIOUS ADDITIONAL WIRING SETS','');
insert into Diagram values('PM31-61_1864','PM31-20080300','61-10','E90N 330i   Wiring harness, instrument panel','');
insert into Diagram values('PM31-61_1868','PM31-20080300','61-10','E90N 330i   Wiring set seat','');
insert into Diagram values('PM31-61_1869','PM31-20080300','61-10','E90N 330i   Repair cable, airbag','');
insert into Diagram values('PM31-61_1945','PM31-20080300','61-10','E90N 330i   DOOR CABLE HARNESSES','');
insert into Diagram values('PM31-61_2083','PM31-20080300','61-10','E90N 330i   Wiring set active steering','');
insert into Diagram values('PM31-61_2262','PM31-20080300','61-10','E90N 330i   VARIOUS ADDITIONAL WIRING SETS','');
insert into Diagram values('PM31-61_2567','PM31-20080300','61-10','E90N 330i   Rep. wire for B+','');
insert into Diagram values('PM31-61_1280','PM31-20080300','61-15','E90N 330i   Plug terminal ELO not waterproof','');
insert into Diagram values('PM31-61_1296','PM31-20080300','61-15','E90N 330i   Circular connector / D 2,5 mm System','');
insert into Diagram values('PM31-61_1559','PM31-20080300','61-15','E90N 330i   PLUG-IN CONNECTION BRACKET','');
insert into Diagram values('PM31-61_1578','PM31-20080300','61-15','E90N 330i   Repair parts, optical fibre cable','');
insert into Diagram values('PM31-61_1691','PM31-20080300','61-15','E90N 330i   Pin contacts ELO','');
insert into Diagram values('PM31-61_1711','PM31-20080300','61-15','E90N 330i   Cable tie','');
insert into Diagram values('PM31-61_1754','PM31-20080300','61-15','E90N 330i   Plug terminal ELO-Power','');
insert into Diagram values('PM31-61_1764','PM31-20080300','61-15','E90N 330i   Diagnosis plug','');
insert into Diagram values('PM31-61_1765','PM31-20080300','61-15','E90N 330i   Various cable terminals','');
insert into Diagram values('PM31-61_1865','PM31-20080300','61-15','E90N 330i   VARIOUS CABLE HOLDERS','');
insert into Diagram values('PM31-61_1896','PM31-20080300','61-15','E90N 330i   VARIOUS CABLE HOLDERS','');
insert into Diagram values('PM31-61_1971','PM31-20080300','61-15','E90N 330i   Cable guide','');
insert into Diagram values('PM31-61_2020','PM31-20080300','61-15','E90N 330i   Various cable grommets','');
insert into Diagram values('PM31-61_2063','PM31-20080300','61-15','E90N 330i   Comb type connector','');
insert into Diagram values('PM31-61_2068','PM31-20080300','61-15','E90N 330i   Contact system LSK8','');
insert into Diagram values('PM31-61_2107','PM31-20080300','61-15','E90N 330i   Various parts, wiring harness repair','');
insert into Diagram values('PM31-61_2156','PM31-20080300','61-15','E90N 330i   Double leaf spring contact','');
insert into Diagram values('PM31-61_2216','PM31-20080300','61-15','E90N 330i   Terminal system MCON','');
insert into Diagram values('PM31-61_2217','PM31-20080300','61-15','E90N 330i   Contact system MQS','');
insert into Diagram values('PM31-61_2268','PM31-20080300','61-15','E90N 330i   Contact system MAK8','');
insert into Diagram values('PM31-61_2292','PM31-20080300','61-15','E90N 330i   SLK socket contact','');
insert into Diagram values('PM31-61_2293','PM31-20080300','61-15','E90N 330i   Contact system blade terminal MDK4 2.8','');
insert into Diagram values('PM31-61_2452','PM31-20080300','61-15','E90N 330i   Round plug system D 1.5 mm','');
insert into Diagram values('PM31-61_2458','PM31-20080300','61-15','E90N 330i   diverse plugs and connectors','');
insert into Diagram values('PM31-61_2521','PM31-20080300','61-15','E90N 330i   Socket housing MQS','');
insert into Diagram values('PM31-61_2638','PM31-20080300','61-15','E90N 330i   Repair parts, coaxial cable contacts','');
insert into Diagram values('PM31-61_2680','PM31-20080300','61-15','E90N 330i   Repair parts, coaxial cable housing','');
insert into Diagram values('PM31-61_1710','PM31-20080300','61-20','E90N 330i   Fuses / sign with fuse allocat. diagr.','');
insert into Diagram values('PM31-61_2220','PM31-20080300','61-20','E90N 330i   Individual parts, power distributor, fr.','');
insert into Diagram values('PM31-61_1718','PM31-20080300','61-25','E90N 330i   Control unit/antennas passive access','');
insert into Diagram values('PM31-61_1847','PM31-20080300','61-25','E90N 330i   BRACKET F BODY CONTROL UNITS AND MODULES','');
insert into DiagramParts values('PM31-61_2095-61359147196', 'PM31-61_2095', 01, 'Control unit CAS', 'CAS3', 1, to_date('20041201','YYYYMMDD'), to_date('20090901','YYYYMMDD'), '61359147196', '', 'ENDED', false);
insert into DiagramParts values('PM31-61_2095-61359147212', 'PM31-61_2095', 01, 'Control unit CAS', 'CAS3', 1, to_date('20041201','YYYYMMDD'), to_date('20090901','YYYYMMDD'), '61359147212', '', 'ENDED', false);
insert into DiagramParts values('PM31-61_2095-61359147220', 'PM31-61_2095', 01, 'Control unit CAS', 'CAS3', 1, to_date('20041201','YYYYMMDD'), to_date('20090901','YYYYMMDD'), '61359147220', '', 'ENDED', false);
insert into DiagramParts values('PM31-61_2095-61359147221', 'PM31-61_2095', 01, 'Control unit CAS', 'CAS3', 1, to_date('20041201','YYYYMMDD'), to_date('20090901','YYYYMMDD'), '61359147221', '', 'ENDED', false);
insert into DiagramParts values('PM31-61_2095-61359147226', 'PM31-61_2095', 01, 'Control unit CAS', 'CAS3', 1, to_date('20041201','YYYYMMDD'), to_date('20090901','YYYYMMDD'), '61359147226', '', 'ENDED', false);
insert into DiagramParts values('PM31-61_2095-61359217853', 'PM31-61_2095', 01, 'Control unit CAS', 'CAS3', 1, to_date('20041201','YYYYMMDD'), to_date('20100301','YYYYMMDD'), '61359217853', '', 'ENDED', false);
insert into Diagram values('PM31-61_2095','PM31-20080300','61-25','E90N 330i   Control unit CAS','');
insert into DiagramParts values('PM31-61_2096-61359221180', 'PM31-61_2096', 07, 'TRAILER TOWING MODUL', '4R', 1, to_date('20090301','YYYYMMDD'), to_date('20110301','YYYYMMDD'), '61359221180', '$203.91', '', false);
insert into Diagram values('PM31-61_2096','PM31-20080300','61-25','E90N 330i   Control units/modules','');
insert into Diagram values('PM31-61_2236','PM31-20080300','61-25','E90N 330i   Control unit Junctionbox Elektronik','');
insert into Diagram values('PM31-61_2241','PM31-20080300','61-25','E90N 330i   ECU, footwell module 2','');
insert into Diagram values('PM31-61_2518','PM31-20080300','61-25','E90N 330i   ECU, steering wheel heater electronics','');
insert into Diagram values('PM31-61_2574','PM31-20080300','61-25','E90N 330i   ECU, footwell module 3','');
insert into Diagram values('PM31-61_2966','PM31-20080300','61-25','E90N 330i   Official vehicle package','');
insert into Diagram values('PM31-61_1859','PM31-20080300','61-30','E90N 330i   B+ terminal point, engine compartment','');
insert into DiagramParts values('PM31-61_1946-61126988974', 'PM31-61_1946', 04, 'Battery cable (plus pole)', 'SBK', 1, to_date('20060301','YYYYMMDD'), to_date('20090901','YYYYMMDD'), '61126988974', '', 'ENDED', false);
insert into Diagram values('PM31-61_1946','PM31-20080300','61-30','E90N 330i   Battery lead/distribution box, rear','');
insert into Diagram values('PM31-61_1986','PM31-20080300','61-30','E90N 330i   Original BMW battery (Warranty only)','');
insert into Diagram values('PM31-61_1987','PM31-20080300','61-30','E90N 330i   battery holder and mounting parts','');
insert into Diagram values('PM31-61_1845','PM31-20080300','61-35','E90N 330i   Seat adjustment switch, front','');
insert into Diagram values('PM31-61_1849','PM31-20080300','61-35','E90N 330i   VARIOUS SWITCHES','');
insert into Diagram values('PM31-61_1880','PM31-20080300','61-35','E90N 330i   Switch, Multifunction Sport/M st. wheel','');
insert into Diagram values('PM31-61_1951','PM31-20080300','61-35','E90N 330i   SWITCH WINDOW LIFTER','');
insert into Diagram values('PM31-61_1960','PM31-20080300','61-35','E90N 330i   Modules/switch/charge socket,off. veh.','');
insert into Diagram values('PM31-61_1965','PM31-20080300','61-35','E90N 330i   Switch, multifunct. steering wheel','');
insert into Diagram values('PM31-61_1975','PM31-20080300','61-35','E90N 330i   Switch unit roof','');
insert into Diagram values('PM31-61_2051','PM31-20080300','61-35','E90N 330i   Switch unit roof','');
insert into Diagram values('PM31-61_2089','PM31-20080300','61-35','E90N 330i   Switch unit roof','');
insert into Diagram values('PM31-61_2128','PM31-20080300','61-35','E90N 330i   Switch for brake, clutch','');
insert into Diagram values('PM31-61_2274','PM31-20080300','61-35','E90N 330i   Switch unit, center console','');
insert into Diagram values('PM31-61_2281','PM31-20080300','61-35','E90N 330i   Starter/Stop switch','');
insert into Diagram values('PM31-61_2282','PM31-20080300','61-35','E90N 330i   Switch hazard warning/central lckng syst','');
insert into Diagram values('PM31-61_2335','PM31-20080300','61-35','E90N 330i   Official vehicle package','');
insert into Diagram values('PM31-61_2426','PM31-20080300','61-35','E90N 330i   Control element light','');
insert into Diagram values('PM31-61_2434','PM31-20080300','61-35','E90N 330i   Switch unit steering column','');
insert into Diagram values('PM31-61_2480','PM31-20080300','61-35','E90N 330i   Cigarette lighter / sockets','');
insert into Diagram values('PM31-61_2632','PM31-20080300','61-35','E90N 330i   Official vehicle package','');
insert into Diagram values('PM31-61_2639','PM31-20080300','61-35','E90N 330i   Shift paddles / Shift paddles','');
insert into Diagram values('PM31-61_2900','PM31-20080300','61-35','E90N 330i   USB/AUX-IN socket','');
insert into Diagram values('PM31-61_2946','PM31-20080300','61-35','E90N 330i   USB/AUX-IN socket','');
insert into Diagram values('PM31-61_3088','PM31-20080300','61-35','E90N 330i   Switch unit steering column','');
insert into Diagram values('PM31-61_2857','PM31-20080300','61-40','E90N 330i   Horn','');
insert into Diagram values('PM31-61_1877','PM31-20080300','61-45','E90N 330i   FILLER PIPE FOR WASH CONTAINER','');
insert into Diagram values('PM31-61_1879','PM31-20080300','61-45','E90N 330i   Reserv.,windshield/headlight washer syst','');
insert into Diagram values('PM31-61_1954','PM31-20080300','61-45','E90N 330i   SINGLE COMPONENTS FOR WIPER ARM','');
insert into Diagram values('PM31-61_1955','PM31-20080300','61-45','E90N 330i   Wiper system, complete','');
insert into Diagram values('PM31-61_1988','PM31-20080300','61-45','E90N 330i   SINGLE PARTS FOR HEAD LAMP CLEANING','');
insert into Diagram values('PM31-61_2009','PM31-20080300','61-45','E90N 330i   SINGLE PARTS FOR WINDSHIELD CLEANING','');
insert into Diagram values('PM31-61_2001','PM31-20080300','61-95','E90N 330i   Retrofit kit, headlight cleaning system','');
insert into Diagram values('PM31-61_2223','PM31-20080300','61-95','E90N 330i   Suppression filter','');
insert into Diagram values('PM31-61_3026','PM31-20080300','61-95','E90N 330i   Battery charger','');
insert into Diagram values('PM31-61_3066','PM31-20080300','61-95','E90N 330i   Jumper cable','');
insert into Diagram values('PM31-61_3244','PM31-20080300','61-95','E90N 330i   Battery charger','');
insert into Diagram values('PM31-62_0483','PM31-20080300','62-05','E90N 330i   Instrument cluster','');
insert into Diagram values('PM31-62_0561','PM31-20080300','62-95','E90N 330i   Electronic log book','');
insert into Diagram values('PM31-63_1067','PM31-20080300','63-05','E90N 330i   SPARE BULBS BOX','');
insert into Diagram values('PM31-63_1068','PM31-20080300','63-05','E90N 330i   Headlight','');
insert into Diagram values('PM31-63_1069','PM31-20080300','63-05','E90N 330i   Individual parts for headlamp, halogen','');
insert into Diagram values('PM31-63_1070','PM31-20080300','63-05','E90N 330i   Single components f headlight Xenon/ALC','');
insert into Diagram values('PM31-63_1363','PM31-20080300','63-05','E90N 330i   BMW Performance Light','');
insert into Diagram values('PM31-63_1420','PM31-20080300','63-05','E90N 330i   SPARE BULBS BOX','');
insert into Diagram values('PM31-63_0920','PM31-20080300','63-10','E90N 330i   Additional turn indicator lamp','');
insert into Diagram values('PM31-63_0940','PM31-20080300','63-15','E90N 330i   Fog lamp, Sport Package M','');
insert into Diagram values('PM31-63_1073','PM31-20080300','63-15','E90N 330i   Fog lights','');
insert into Diagram values('PM31-63_1074','PM31-20080300','63-20','E90N 330i   Rear light','');
insert into Diagram values('PM31-63_0916','PM31-20080300','63-25','E90N 330i   Third stoplamp','');
insert into Diagram values('PM31-63_0911','PM31-20080300','63-30','E90N 330i   Various interior lights','');
insert into Diagram values('PM31-63_0915','PM31-20080300','63-30','E90N 330i   Door handle illumination','');
insert into Diagram values('PM31-63_1112','PM31-20080300','63-30','E90N 330i   License plate lamp, LED','');
insert into Diagram values('PM31-63_1113','PM31-20080300','63-30','E90N 330i   Strobe lamp - rear','');
insert into Diagram values('PM31-63_1153','PM31-20080300','63-95','E90N 330i   Flashlight, LED','');
insert into Diagram values('PM31-63_1289','PM31-20080300','63-95','E90N 330i   Retrofit kit, LED daytime driving lights','');
insert into Diagram values('PM31-63_1322','PM31-20080300','63-95','E90N 330i   LED interior light package','');
insert into Diagram values('PM31-63_1509','PM31-20080300','63-95','E90N 330i   BMW LED luggage compartment lamp','');
insert into Diagram values('PM31-64_1479','PM31-20080300','64-05','E90N 330i   Air duct','');
insert into Diagram values('PM31-64_1489','PM31-20080300','64-05','E90N 330i   OUTFLOW NOZZLES/COVERS','');
insert into Diagram values('PM31-64_1428','PM31-20080300','64-10','E90N 330i   MICROFILTER/ACTIVATED CARBON CONTAINER','');
insert into Diagram values('PM31-64_1774','PM31-20080300','64-15','E90N 330i   Heater unit, Denso','');
insert into Diagram values('PM31-64_1779','PM31-20080300','64-15','E90N 330i   Heater core from 07/2006 onward','');
insert into Diagram values('PM31-64_1780','PM31-20080300','64-15','E90N 330i   Heater unit, Denso','');
insert into Diagram values('PM31-64_1781','PM31-20080300','64-15','E90N 330i   Heater unit, Denso','');
insert into Diagram values('PM31-64_1497','PM31-20080300','64-18','E90N 330i   Water hoses','');
insert into Diagram values('PM31-64_1567','PM31-20080300','64-18','E90N 330i   Independent heating water valves','');
insert into Diagram values('PM31-64_1443','PM31-20080300','64-20','E90N 330i   Automatic air conditioning control','');
insert into Diagram values('PM31-64_1445','PM31-20080300','64-20','E90N 330i   Air Conditioning Control','');
insert into Diagram values('PM31-64_1439','PM31-20080300','64-30','E90N 330i   Evaporator / Expansion valve','');
insert into Diagram values('PM31-64_1451','PM31-20080300','64-35','E90N 330i   Housing parts heater and air cond. Denso','');
insert into Diagram values('PM31-64_1455','PM31-20080300','64-35','E90N 330i   Housing parts aut.air conditioning Denso','');
insert into Diagram values('PM31-64_1777','PM31-20080300','64-35','E90N 330i   Housing parts aut.air conditioning Valeo','');
insert into Diagram values('PM31-64_1454','PM31-20080300','64-40','E90N 330i   ELECTRIC PARTS FOR AC UNIT','');
insert into Diagram values('PM31-64_1433','PM31-20080300','64-45','E90N 330i   SENSOR F. AUC','');
insert into Diagram values('PM31-64_1434','PM31-20080300','64-45','E90N 330i   Solar sensor','');
insert into Diagram values('PM31-64_1438','PM31-20080300','64-45','E90N 330i   Condensation sensor','');
insert into Diagram values('PM31-64_1494','PM31-20080300','64-50','E90N 330i   Air-conditioner compressor','');
insert into Diagram values('PM31-64_1429','PM31-20080300','64-55','E90N 330i   Condenser air conditioning','');
insert into Diagram values('PM31-64_1431','PM31-20080300','64-60','E90N 330i   Coolant lines','');
insert into Diagram values('PM31-64_1508','PM31-20080300','64-65','E90N 330i   Spare parts, auxiliary heater Bypass Sys','');
insert into Diagram values('PM31-64_1509','PM31-20080300','64-65','E90N 330i   FUEL SUPPLY/PUMP/TUBING','');
insert into Diagram values('PM31-64_1575','PM31-20080300','64-65','E90N 330i   Spare parts,aux.heater,Opt.Eqmt/Accessor','');
insert into Diagram values('PM31-64_1610','PM31-20080300','64-65','E90N 330i   TRANSMITTER F AUXIL.HEATING REMOTE CTRL','');
insert into Diagram values('PM31-64_1633','PM31-20080300','64-95','E90N 330i   Retrofit kit, remote cntrl,indep.heating','');
insert into Diagram values('PM31-64_1703','PM31-20080300','64-95','E90N 330i   Install.kit, independent heater','');
insert into Diagram values('PM31-64_1704','PM31-20080300','64-95','E90N 330i   Install.kit, independent heater','');
insert into Diagram values('PM31-64_1705','PM31-20080300','64-95','E90N 330i   Install.kit, independent heater','');
insert into Diagram values('PM31-64_1855','PM31-20080300','64-95','E90N 330i   Accessori e postmontaggi','');
insert into Diagram values('PM31-64_1441','PM31-20080300','64-99','E90N 330i   DIVERSE SMALL PARTS','');
insert into Diagram values('PM31-65_0207','PM31-20080300','65-05','E90N 330i   Earth strap for engine hood','');
insert into DiagramParts values('PM31-65_1473-65129210510', 'PM31-65_1473', 01, 'Radio BMW Business CD', 'MSA', 1, to_date('20080901','YYYYMMDD'), to_date('20090901','YYYYMMDD'), '65129210510', '', 'ENDED', false);
insert into DiagramParts values('PM31-65_1473-65129216275', 'PM31-65_1473', 01, 'Radio BMW Business CD', 'MSA', 1, to_date('20080901','YYYYMMDD'), to_date('20091201','YYYYMMDD'), '65129216275', '', 'ENDED', false);
insert into DiagramParts values('PM31-65_1473-65129227500', 'PM31-65_1473', 01, 'Radio BMW Business CD', 'MSA', 1, to_date('20080901','YYYYMMDD'), to_date('20100901','YYYYMMDD'), '65129227500', '', '', false);
insert into Diagram values('PM31-65_1473','PM31-20080300','65-05','E90N 330i   Radio BMW Business CD','');
insert into DiagramParts values('PM31-65_1474-65129231059', 'PM31-65_1474', 02, 'Rotary knob', 'CHROM', 2, to_date('20100501','YYYYMMDD'), to_date('20100901','YYYYMMDD'), '65129231059', '', '', false);
insert into Diagram values('PM31-65_1474','PM31-20080300','65-05','E90N 330i   Radio BMW Professional CD','');
insert into Diagram values('PM31-65_1522','PM31-20080300','65-05','E90N 330i   M-Audio system controller','');
insert into Diagram values('PM31-65_1585','PM31-20080300','65-05','E90N 330i   DAB tuner','');
insert into DiagramParts values('PM31-65_2033-65129231159', 'PM31-65_2033', 01, 'Replacement, Car Infotainment Comp. Mid', 'MIC/VID/DAB', 1, to_date('20090901','YYYYMMDD'), to_date('20100901','YYYYMMDD'), '65129231159', '', 'ENDED', false);
insert into Diagram values('PM31-65_2033','PM31-20080300','65-05','E90N 330i   Car Infotainment Computer - Mid','');
insert into Diagram values('PM31-65_2250','PM31-20080300','65-05','E90N 330i   Radio BMW Professional CD','');
insert into Diagram values('PM31-65_2440','PM31-20080300','65-05','E90N 330i   DAB Retrofit','');
insert into Diagram values('PM31-65_1758','PM31-20080300','65-07','E90N 330i   USB/Audio interface','');
insert into Diagram values('PM31-65_1786','PM31-20080300','65-07','E90N 330i   Auxiliary connection cable','');
insert into Diagram values('PM31-65_1523','PM31-20080300','65-10','E90N 330i   CD Changer/Bracket','');
insert into Diagram values('PM31-65_1526','PM31-20080300','65-20','E90N 330i   Components central bass','');
insert into Diagram values('PM31-65_1527','PM31-20080300','65-20','E90N 330i   One part Top-Hifi/Harman Kardon I-panel','');
insert into Diagram values('PM31-65_1528','PM31-20080300','65-20','E90N 330i   One part Top-HiFi/Harman Kardon dr rear','');
insert into Diagram values('PM31-65_1529','PM31-20080300','65-20','E90N 330i   SINGLE PARTS F REAR HELF LOUDSPEAKER','');
insert into Diagram values('PM31-65_1530','PM31-20080300','65-20','E90N 330i   SINGLE PARTS F FRONT DOOR LOUDSPEAKER','');
insert into Diagram values('PM31-65_1751','PM31-20080300','65-20','E90N 330i   Individual Audio system, I-panel','');
insert into Diagram values('PM31-65_1753','PM31-20080300','65-20','E90N 330i   Individual Audio system, door front','');
insert into Diagram values('PM31-65_1755','PM31-20080300','65-20','E90N 330i   Individual Audio system, door rear','');
insert into Diagram values('PM31-65_1756','PM31-20080300','65-20','E90N 330i   Individual Audio system tray','');
insert into Diagram values('PM31-65_1534','PM31-20080300','65-22','E90N 330i   Universal aerial cable','');
insert into Diagram values('PM31-65_2342','PM31-20080300','65-22','E90N 330i   Audio wiring harness','');
insert into Diagram values('PM31-65_1524','PM31-20080300','65-25','E90N 330i   amplifier / holder hifi system','');
insert into Diagram values('PM31-65_1525','PM31-20080300','65-25','E90N 330i   Amplifier HiFi Prof. / Harman Kardon','');
insert into Diagram values('PM31-65_1754','PM31-20080300','65-25','E90N 330i   Amplifier/bracket Indi. Audio System','');
insert into Diagram values('PM31-65_1539','PM31-20080300','65-30','E90N 330i   SINGLE PARTS F ANTENNA-DIVERSITY','');
insert into Diagram values('PM31-65_1540','PM31-20080300','65-30','E90N 330i   SINGLE PARTS F ANTENNA','');
insert into Diagram values('PM31-65_1731','PM31-20080300','65-30','E90N 330i   Official radio antenna/horn speaker','');
insert into Diagram values('PM31-65_1504','PM31-20080300','65-45','E90N 330i   Coolant hose, CCC / CIC / MASK','');
insert into Diagram values('PM31-65_1917','PM31-20080300','65-45','E90N 330i   Controller CIC','');
insert into DiagramParts values('PM31-65_1551-65509196876', 'PM31-65_1551', 01, 'Video module', 'FBAS', 1, to_date('20080901','YYYYMMDD'), to_date('20090301','YYYYMMDD'), '65509196876', '', 'ENDED', false);
insert into DiagramParts values('PM31-65_1551-65509206973', 'PM31-65_1551', 01, 'Video module', 'FBAS', 1, to_date('20080901','YYYYMMDD'), to_date('20090901','YYYYMMDD'), '65509206973', '', '', false);
insert into DiagramParts values('PM31-65_1551-65509224301', 'PM31-65_1551', 01, 'TV module', 'DVB-T', 1, to_date('20090901','YYYYMMDD'), to_date('20100301','YYYYMMDD'), '65509224301', '', '', false);
insert into DiagramParts values('PM31-65_1551-65509229906', 'PM31-65_1551', 01, 'TV module', 'DVB-T', 1, to_date('20090901','YYYYMMDD'), to_date('20100901','YYYYMMDD'), '65509229906', '', 'ENDED', false);
insert into DiagramParts values('PM31-65_1551-65509240643', 'PM31-65_1551', 01, 'TV module', 'DVB-T', 1, to_date('20090901','YYYYMMDD'), to_date('20120701','YYYYMMDD'), '65509240643', '', '', false);
insert into DiagramParts values('PM31-65_1551-65509224302', 'PM31-65_1551', 01, 'TV module', 'ISDB-T', 1, to_date('20090901','YYYYMMDD'), to_date('20100301','YYYYMMDD'), '65509224302', '', 'ENDED', false);
insert into DiagramParts values('PM31-65_1551-65509235503', 'PM31-65_1551', 01, 'TV module', 'ISDB-T', 1, to_date('20090901','YYYYMMDD'), to_date('20100901','YYYYMMDD'), '65509235503', '', 'ENDED', false);
insert into DiagramParts values('PM31-65_1551-65509240645', 'PM31-65_1551', 01, 'TV module', 'ISDB-T', 1, to_date('20090901','YYYYMMDD'), to_date('20120701','YYYYMMDD'), '65509240645', '', '', false);
insert into DiagramParts values('PM31-65_1551-65509242221', 'PM31-65_1551', 01, 'TV module', 'DTMB', 1, to_date('20100901','YYYYMMDD'), to_date('20110301','YYYYMMDD'), '65509242221', '', 'ENDED', false);
insert into DiagramParts values('PM31-65_1551-65509252352', 'PM31-65_1551', 01, 'TV module', 'DTMB', 1, to_date('20100901','YYYYMMDD'), to_date('20110901','YYYYMMDD'), '65509252352', '', 'ENDED', false);
insert into DiagramParts values('PM31-65_1551-65509253523', 'PM31-65_1551', 01, 'TV module', 'DTMB', 1, to_date('20100901','YYYYMMDD'), to_date('20120301','YYYYMMDD'), '65509253523', '', 'ENDED', false);
insert into Diagram values('PM31-65_1551','PM31-20080300','65-50','E90N 330i   Video module/TV module','');
insert into Diagram values('PM31-65_1552','PM31-20080300','65-50','E90N 330i   Bracket for video module','');
insert into Diagram values('PM31-65_1553','PM31-20080300','65-50','E90N 330i   Support bracket, navigation computer','');
insert into DiagramParts values('PM31-65_1554-65829193745', 'PM31-65_1554', 01, 'On-board monitor 8,8&quot;', 'HIGH RESOLUTION', 1, to_date('20080901','YYYYMMDD'), to_date('20090901','YYYYMMDD'), '65829193745', '', '', false);
insert into Diagram values('PM31-65_1554','PM31-20080300','65-50','E90N 330i   On-board monitor','');
insert into DiagramParts values('PM31-65_1916-65839205093', 'PM31-65_1916', 01, 'Car Infotainment computer', 'KOREA', 1, to_date('20080901','YYYYMMDD'), to_date('20081101','YYYYMMDD'), '65839205093', '', 'ENDED', false);
insert into DiagramParts values('PM31-65_1916-65839202830', 'PM31-65_1916', 01, 'Car Infotainment computer', 'KOREA', 1, to_date('20080901','YYYYMMDD'), to_date('20090301','YYYYMMDD'), '65839202830', '', 'ENDED', false);
insert into DiagramParts values('PM31-65_1916-65129214936', 'PM31-65_1916', 01, 'Car Infotainment computer', 'KOREA', 1, to_date('20080901','YYYYMMDD'), to_date('20090901','YYYYMMDD'), '65129214936', '', 'ENDED', false);
insert into DiagramParts values('PM31-65_1916-65129222865', 'PM31-65_1916', 01, 'Car Infotainment computer', 'KOREA', 1, to_date('20080901','YYYYMMDD'), to_date('20100301','YYYYMMDD'), '65129222865', '', 'ENDED', false);
insert into DiagramParts values('PM31-65_1916-65129218334', 'PM31-65_1916', 01, 'Car Infotainment computer', 'KOREA', 1, to_date('20080901','YYYYMMDD'), to_date('20101001','YYYYMMDD'), '65129218334', '', 'ENDED', false);
insert into DiagramParts values('PM31-65_1916-65129248104', 'PM31-65_1916', 01, 'Car Infotainment computer', 'KOREA', 1, to_date('20080901','YYYYMMDD'), to_date('20101201','YYYYMMDD'), '65129248104', '', 'ENDED', false);
insert into DiagramParts values('PM31-65_1916-65129250326', 'PM31-65_1916', 01, 'Car Infotainment computer', 'KOREA', 1, to_date('20080901','YYYYMMDD'), to_date('20110301','YYYYMMDD'), '65129250326', '', 'ENDED', false);
insert into DiagramParts values('PM31-65_1916-65129257190', 'PM31-65_1916', 01, 'Car Infotainment computer', 'KOREA', 1, to_date('20080901','YYYYMMDD'), to_date('20110901','YYYYMMDD'), '65129257190', '', 'ENDED', false);
insert into DiagramParts values('PM31-65_1916-65129273172', 'PM31-65_1916', 01, 'Car Infotainment computer', 'KOREA', 1, to_date('20080901','YYYYMMDD'), to_date('20120301','YYYYMMDD'), '65129273172', '', 'ENDED', false);
insert into DiagramParts values('PM31-65_1916-65839205094', 'PM31-65_1916', 01, 'Car Infotainment computer', 'ASIEN', 1, to_date('20080901','YYYYMMDD'), to_date('20081101','YYYYMMDD'), '65839205094', '', 'ENDED', false);
insert into DiagramParts values('PM31-65_1916-65839202831', 'PM31-65_1916', 01, 'Car Infotainment computer', 'ASIEN', 1, to_date('20080901','YYYYMMDD'), to_date('20090301','YYYYMMDD'), '65839202831', '', 'ENDED', false);
insert into DiagramParts values('PM31-65_1916-65129214937', 'PM31-65_1916', 01, 'Car Infotainment computer', 'ASIEN', 1, to_date('20080901','YYYYMMDD'), to_date('20090901','YYYYMMDD'), '65129214937', '', 'ENDED', false);
insert into DiagramParts values('PM31-65_1916-65129222866', 'PM31-65_1916', 01, 'Car Infotainment computer', 'ASIEN', 1, to_date('20080901','YYYYMMDD'), to_date('20091201','YYYYMMDD'), '65129222866', '', 'ENDED', false);
insert into DiagramParts values('PM31-65_1916-65129231727', 'PM31-65_1916', 01, 'Car Infotainment computer', 'ASIEN', 1, to_date('20080901','YYYYMMDD'), to_date('20100301','YYYYMMDD'), '65129231727', '', 'ENDED', false);
insert into DiagramParts values('PM31-65_1916-65129218335', 'PM31-65_1916', 01, 'Car Infotainment computer', 'ASIEN', 1, to_date('20080901','YYYYMMDD'), to_date('20100901','YYYYMMDD'), '65129218335', '', 'ENDED', false);
insert into DiagramParts values('PM31-65_1916-65129244588', 'PM31-65_1916', 01, 'Car Infotainment computer', 'ASIEN', 1, to_date('20080901','YYYYMMDD'), to_date('20110301','YYYYMMDD'), '65129244588', '', 'ENDED', false);
insert into DiagramParts values('PM31-65_1916-65129257191', 'PM31-65_1916', 01, 'Car Infotainment computer', 'ASIEN', 1, to_date('20080901','YYYYMMDD'), to_date('20110901','YYYYMMDD'), '65129257191', '', 'ENDED', false);
insert into Diagram values('PM31-65_1916','PM31-20080300','65-50','E90N 330i   Car Infotainment computer','');
insert into Diagram values('PM31-65_1978','PM31-20080300','65-50','E90N 330i   DVD street map Navigation Option 606','');
insert into Diagram values('PM31-65_2206','PM31-20080300','65-50','E90N 330i   Enable code, initial, Professional GPS','');
insert into Diagram values('PM31-65_2207','PM31-20080300','65-50','E90N 330i   Enable code, update for Professional GPS','');
insert into Diagram values('PM31-65_2208','PM31-20080300','65-50','E90N 330i   Enable code, rep, GPS Professional','');
insert into Diagram values('PM31-65_2215','PM31-20080300','65-50','E90N 330i   Enable code, initial, Business GPS','');
insert into Diagram values('PM31-65_2216','PM31-20080300','65-50','E90N 330i   Enable code, rep, GPS Business','');
insert into Diagram values('PM31-65_2223','PM31-20080300','65-50','E90N 330i   Enable code, update, GPS Business','');
insert into Diagram values('PM31-65_1487','PM31-20080300','65-60','E90N 330i   Alarm systems','');
insert into Diagram values('PM31-65_1532','PM31-20080300','65-65','E90N 330i   Electric parts for airbag','');
insert into Diagram values('PM31-65_1468','PM31-20080300','65-70','E90N 330i   Temperature sensor','');
insert into Diagram values('PM31-65_1562','PM31-20080300','65-95','E90N 330i   Retrofit kit, CD-changer','');
insert into Diagram values('PM31-65_1565','PM31-20080300','65-95','E90N 330i   INSTALLATION KIT ALARM SYSTEM','');
insert into Diagram values('PM31-65_1576','PM31-20080300','65-95','E90N 330i   DVD-system Portable','');
insert into Diagram values('PM31-65_1658','PM31-20080300','65-95','E90N 330i   DVB-T Set-top box','');
insert into Diagram values('PM31-65_1710','PM31-20080300','65-95','E90N 330i   Retrofit kit, TV function','');
insert into Diagram values('PM31-65_1814','PM31-20080300','65-95','E90N 330i   Retrofit kit USB/iPod connection','');
insert into Diagram values('PM31-65_1825','PM31-20080300','65-95','E90N 330i   iPod connection retrofit kit','');
insert into Diagram values('PM31-65_1860','PM31-20080300','65-95','E90N 330i   Retrofit kit USB/audio interface','');
insert into Diagram values('PM31-65_1894','PM31-20080300','65-95','E90N 330i   Hifi system, Alpine','');
insert into Diagram values('PM31-65_1901','PM31-20080300','65-95','E90N 330i   Navigation Portable Plus/Pro/HD Traffic','');
insert into Diagram values('PM31-65_1902','PM31-20080300','65-95','E90N 330i   GPS, portable, street map','');
insert into Diagram values('PM31-65_1903','PM31-20080300','65-95','E90N 330i   iPod connection retrofit kit','');
insert into Diagram values('PM31-65_1924','PM31-20080300','65-95','E90N 330i   Navigation Portable accessories','');
insert into Diagram values('PM31-65_1925','PM31-20080300','65-95','E90N 330i   Basic hands-free system with USB/audio','');
insert into Diagram values('PM31-65_1989','PM31-20080300','65-95','E90N 330i   Tracking Products','');
insert into Diagram values('PM31-65_2004','PM31-20080300','65-95','E90N 330i   Retrofit kit, CD-changer','');
insert into Diagram values('PM31-65_2038','PM31-20080300','65-95','E90N 330i   DVD system Tablet','');
insert into Diagram values('PM31-65_2079','PM31-20080300','65-95','E90N 330i   Smartnav','');
insert into Diagram values('PM31-65_2271','PM31-20080300','65-95','E90N 330i   Charger adapter for Apple iPod / iPhone','');
insert into Diagram values('PM31-65_2375','PM31-20080300','65-95','E90N 330i   Retrofit language, Arabic','');
insert into Diagram values('PM31-65_2388','PM31-20080300','65-95','E90N 330i   Retrofit DAB+','');
insert into Diagram values('PM31-65_2422','PM31-20080300','65-95','E90N 330i   Cable adapter for Apple iPod / iPhone','');
insert into Diagram values('PM31-65_2434','PM31-20080300','65-95','E90N 330i   DVD System Tablet Single','');
insert into Diagram values('PM31-65_2515','PM31-20080300','65-95','E90N 330i   Navigation &apos;Portable&apos; with Design holder','');
insert into Diagram values('PM31-65_2520','PM31-20080300','65-95','E90N 330i   BMW USB charger','');
insert into Diagram values('PM31-65_2522','PM31-20080300','65-95','E90N 330i   Cable adapter, devices with Micro USB','');
insert into Diagram values('PM31-66_0116','PM31-20080300','66-05','E90N 330i   Ignition lock of remote control','');
insert into Diagram values('PM31-66_0117','PM31-20080300','66-05','E90N 330i   Park Distance Control (PDC)','');
insert into Diagram values('PM31-66_0229','PM31-20080300','66-05','E90N 330i   Ultrasonic-sensor','');
insert into Diagram values('PM31-66_0118','PM31-20080300','66-20','E90N 330i   ACC-Sensor/Dynamic cruise control','');
insert into Diagram values('PM31-66_0123','PM31-20080300','66-95','E90N 330i   Retrofit kit PDC, rear','');
insert into Diagram values('PM31-66_0124','PM31-20080300','66-95','E90N 330i   Front PDC upgrade','');
insert into Diagram values('PM31-66_0130','PM31-20080300','66-95','E90N 330i   Retrofit multi-functional steering wheel','');
insert into Diagram values('PM31-66_0169','PM31-20080300','66-95','E90N 330i   Dynamic cruise control retrofit','');
insert into Diagram values('PM31-66_0188','PM31-20080300','66-95','E90N 330i   Park Distance Control universale sonoro','');
insert into Diagram values('PM31-71_0549','PM31-20080300','71-03','E90N 330i   Notice label for fuel','');
insert into Diagram values('PM31-71_0550','PM31-20080300','71-03','E90N 330i   Various notice stickers','');
insert into Diagram values('PM31-71_0555','PM31-20080300','71-03','E90N 330i   LABEL "TIRE PRESSURE"','');
insert into Diagram values('PM31-71_0568','PM31-20080300','71-03','E90N 330i   Instruction notice, Airbag','');
insert into Diagram values('PM31-71_0623','PM31-20080300','71-03','E90N 330i   Label, coolant','');
insert into Diagram values('PM31-71_0680','PM31-20080300','71-03','E90N 330i   Labels independent heating','');
insert into Diagram values('PM31-71_0361','PM31-20080300','71-05','E90N 330i   Car tool','');
insert into Diagram values('PM31-71_0408','PM31-20080300','71-05','E90N 330i   Warning triangle/First aid kit/-cushion','');
insert into Diagram values('PM31-71_0717','PM31-20080300','71-05','E90N 330i   Set of lifting jack','');
insert into Diagram values('PM31-71_0497','PM31-20080300','71-07','E90N 330i   Mobility system','');
insert into Diagram values('PM31-71_0412','PM31-20080300','71-10','E90N 330i   SINGLE PARTS OF TRAILER HITCH','');
insert into Diagram values('PM31-71_0400','PM31-20080300','71-95','E90N 330i   Set of lifting jack','');
insert into Diagram values('PM31-71_0414','PM31-20080300','71-95','E90N 330i   Retrofit kit, towing hitch','');
insert into Diagram values('PM31-71_0434','PM31-20080300','71-95','E90N 330i   Tire Mobility Set','');
insert into Diagram values('PM31-71_0495','PM31-20080300','71-95','E90N 330i   Retrofit kit, towing hitch','');
insert into Diagram values('PM31-71_0513','PM31-20080300','71-95','E90N 330i   Twin electrics, caravan leads','');
insert into Diagram values('PM31-72_0552','PM31-20080300','72-03','E90N 330i   Airbag passenger and head airbag','');
insert into Diagram values('PM31-72_0521','PM31-20080300','72-05','E90N 330i   Safety belt front','');
insert into Diagram values('PM31-72_0522','PM31-20080300','72-05','E90N 330i   FRONT SAFETY BELT MOUNTING PARTS','');
insert into DiagramParts values('PM31-72_0551-72119160125', 'PM31-72_0551', 01, 'UPPER BELT REAR', 'BEIGE', 1, to_date('20080901','YYYYMMDD'), to_date('20090301','YYYYMMDD'), '72119160125', '', '', false);
insert into DiagramParts values('PM31-72_0551-72119160107', 'PM31-72_0551', 01, 'UPPER BELT REAR', 'GRAU', 1, to_date('20080901','YYYYMMDD'), to_date('20090901','YYYYMMDD'), '72119160107', '', 'ENDED', false);
insert into DiagramParts values('PM31-72_0551-72119160124', 'PM31-72_0551', 01, 'UPPER BELT REAR', 'GRAU', 1, to_date('20080901','YYYYMMDD'), to_date('20090901','YYYYMMDD'), '72119160124', '', '', false);
insert into DiagramParts values('PM31-72_0551-72119160111', 'PM31-72_0551', 02, 'REAR center UPPER BELT', 'GRAU', 1, to_date('20080901','YYYYMMDD'), to_date('20090901','YYYYMMDD'), '72119160111', '', '', false);
insert into Diagram values('PM31-72_0551','PM31-20080300','72-05','E90N 330i   SAFETY BELT REAR','');
insert into Diagram values('PM31-72_0553','PM31-20080300','72-05','E90N 330i   Support, child seat','');
insert into Diagram values('PM31-72_0461','PM31-20080300','72-95','E90N 330i   Storage compartment module','');
insert into Diagram values('PM31-72_0462','PM31-20080300','72-95','E90N 330i   Cup holder-module','');
insert into Diagram values('PM31-72_0591','PM31-20080300','72-95','E90N 330i   Tow bar','');
insert into Diagram values('PM31-72_0598','PM31-20080300','72-95','E90N 330i   TOW ROPE','');
insert into Diagram values('PM31-72_0603','PM31-20080300','72-95','E90N 330i   Fire extinguisher','');
insert into Diagram values('PM31-72_0744','PM31-20080300','72-95','E90N 330i   Emergency bag','');
insert into Diagram values('PM31-36_0937','PM31-20080300','82-14','E90N 330i   Snow chains','');
insert into Diagram values('PM31-82_1073','PM31-20080300','82-26','E90N 330i   Universal coat hanger','');
insert into Diagram values('PM31-82_1261','PM31-20080300','82-26','E90N 330i   Clean Bag','');
insert into Diagram values('PM31-82_1299','PM31-20080300','82-26','E90N 330i   Storage pocket, rear passengers','');
insert into Diagram values('PM31-82_1308','PM31-20080300','82-26','E90N 330i   Shoe case','');
insert into Diagram values('PM31-82_1309','PM31-20080300','82-26','E90N 330i   Multimedia case','');
insert into Diagram values('PM31-82_1311','PM31-20080300','82-26','E90N 330i   Driver utility set','');
insert into Diagram values('PM31-82_1181','PM31-20080300','82-31','E90N 330i   BMW Junior Seat I-II','');
insert into Diagram values('PM31-82_1186','PM31-20080300','82-31','E90N 330i   BMW Baby Seat 0+','');
insert into Diagram values('PM31-82_1187','PM31-20080300','82-31','E90N 330i   BMW Junior Seat I-II Isofix','');
insert into Diagram values('PM31-82_1189','PM31-20080300','82-31','E90N 330i   BMW Baby Seat 0+ Isofix','');
insert into Diagram values('PM31-82_1237','PM31-20080300','82-31','E90N 330i   Dog harness','');
insert into Diagram values('PM31-82_1276','PM31-20080300','82-31','E90N 330i   BMW Junior Seat II-III','');
insert into Diagram values('PM31-82_1305','PM31-20080300','82-31','E90N 330i   BMW Junior Seat III','');
insert into Diagram values('PM31-82_1198','PM31-20080300','82-44','E90N 330i   Cover','');
insert into Diagram values('PM31-82_1236','PM31-20080300','82-44','E90N 330i   Mud flaps','');
insert into Diagram values('PM31-82_1251','PM31-20080300','82-44','E90N 330i   Cover hood windshield/side window','');
insert into Diagram values('PM31-82_0116','PM31-20080300','82-51','E90N 330i   Universal support','');
insert into Diagram values('PM31-82_0123','PM31-20080300','82-51','E90N 330i   RACK FOR RACING BICYCLE','');
insert into Diagram values('PM31-82_0125','PM31-20080300','82-51','E90N 330i   Bicycle lift','');
insert into Diagram values('PM31-82_0283','PM31-20080300','82-51','E90N 330i   Surfboard rack','');
insert into Diagram values('PM31-82_1157','PM31-20080300','82-51','E90N 330i   Bicycle carrier, trailer coupling','');
insert into Diagram values('PM31-82_1175','PM31-20080300','82-51','E90N 330i   Touring bicycle holder','');
insert into Diagram values('PM31-82_1178','PM31-20080300','82-51','E90N 330i   Roof box','');
insert into Diagram values('PM31-82_1230','PM31-20080300','82-51','E90N 330i   Rack support','');
insert into Diagram values('PM31-82_1234','PM31-20080300','82-51','E90N 330i   Roof box','');
insert into Diagram values('PM31-82_1244','PM31-20080300','82-51','E90N 330i   Racing bike rack','');
insert into Diagram values('PM31-82_1250','PM31-20080300','82-51','E90N 330i   Roof box','');
insert into Diagram values('PM31-82_1268','PM31-20080300','82-51','E90N 330i   Ski/snowboard holder','');
insert into Diagram values('PM31-82_1295','PM31-20080300','82-51','E90N 330i   Roof rack systems','');
insert into Diagram values('PM31-82_1364','PM31-20080300','82-51','E90N 330i   Bicycle carrier, trailer coupling','');
insert into Diagram values('PM31-82_1460','PM31-20080300','82-51','E90N 330i   Roof rack systems','');
insert into Diagram values('PM31-82_1476','PM31-20080300','82-51','E90N 330i   Roof-mounted container 320 LCI','');
insert into Diagram values('PM31-82_1551','PM31-20080300','82-51','E90N 330i   Bicycle carrier, trailer coupling','');
insert into Diagram values('PM31-82_1567','PM31-20080300','82-51','E90N 330i   Bicycle carrier, trailer coupling','');
insert into Diagram values('PM31-82_1575','PM31-20080300','82-51','E90N 330i   Rear bicycle carrier, click-on','');
insert into Diagram values('PM31-82_1579','PM31-20080300','82-51','E90N 330i   Bicycle carrier, click-on','');
insert into Diagram values('PM31-82_1580','PM31-20080300','82-51','E90N 330i   Retrofit kit, Click On ECE','');
insert into Diagram values('PM31-82_1589','PM31-20080300','82-51','E90N 330i   Racing bike rack','');
insert into Diagram values('PM31-82_0102','PM31-20080300','82-81','E90N 330i   Universal hoist','');
insert into Diagram values('PM31-83_0579','PM31-20080300','83-01','E90N 330i   Rugzak','');
insert into Diagram values('PM31-83_0473','PM31-20080300','83-24','E90N 330i   Paint / Paint guard strips','');
insert into Diagram values('PM31-84_0767','PM31-20080300','84-10','E90N 330i   Starter package, cell phone Nokia 6303c','');
insert into Diagram values('PM31-84_0800','PM31-20080300','84-10','E90N 330i   ASSY COMBOX TELEMATIC ECE','');
insert into Diagram values('PM31-84_0658','PM31-20080300','84-20','E90N 330i   Single parts, SA 644 center console','');
insert into Diagram values('PM31-84_0670','PM31-20080300','84-20','E90N 330i   Single parts opt. Option 644/6FL trunk','');
insert into Diagram values('PM31-84_0673','PM31-20080300','84-20','E90N 330i   Single parts, SA 633, center console','');
insert into Diagram values('PM31-84_0689','PM31-20080300','84-20','E90N 330i   Single parts SA 633, trunk','');
insert into Diagram values('PM31-84_0758','PM31-20080300','84-20','E90N 330i   Single parts, option 6NF center console','');
insert into Diagram values('PM31-84_0657','PM31-20080300','84-30','E90N 330i   Single parts f hands-free facility','');
insert into Diagram values('PM31-84_0763','PM31-20080300','84-30','E90N 330i   Snap-in adapter, SAP','');
insert into Diagram values('PM31-84_0639','PM31-20080300','84-95','E90N 330i   Bluetooth SA644 hands-free retrofit kit','');
insert into Diagram values('PM31-84_0730','PM31-20080300','84-95','E90N 330i   Stolen Vehicle Tracking - TPA','');
insert into Diagram values('PM31-84_0732','PM31-20080300','84-95','E90N 330i   Upgrade kit hands-free Bluetooth OPT644','');
insert into Diagram values('PM31-84_0741','PM31-20080300','84-95','E90N 330i   Base hands-free system with Bluetooth','');
insert into Diagram values('PM31-84_0778','PM31-20080300','84-95','E90N 330i   BMW Bluetooth headset','');
insert into Diagram values('PM31-84_0867','PM31-20080300','84-95','E90N 330i   BMW Car Hotspot','');
insert into Diagram values('PM31-84_0895','PM31-20080300','84-95','E90N 330i   BMW station fr Apple iPhone','');
insert into Diagram values('PM31-84_0897','PM31-20080300','84-95','E90N 330i   Snap-in adapter for Apple devices','');
insert into Diagram values('PM31-84_0904','PM31-20080300','84-95','E90N 330i   Retrofit kit, voice input','');
insert into Diagram values('PM31-84_0906','PM31-20080300','84-95','E90N 330i   Snap-in adapter, SONY ERICSSON devices','');
insert into Diagram values('PM31-84_0907','PM31-20080300','84-95','E90N 330i   Snap-in adapter for NOKIA devices','');
insert into Diagram values('PM31-84_0908','PM31-20080300','84-95','E90N 330i   Snap-in adapter for SIEMENS devices','');
insert into Diagram values('PM31-84_0909','PM31-20080300','84-95','E90N 330i   Snap-in adapter for MOTOROLA devices','');
insert into Diagram values('PM31-84_0910','PM31-20080300','84-95','E90N 330i   Snap-in adapter, BlackBerry/RIM devices','');
insert into Diagram values('PM31-84_0911','PM31-20080300','84-95','E90N 330i   Field installation of BMW Apps','');
insert into Diagram values('PM31-84_0930','PM31-20080300','84-95','E90N 330i   Smartphone cradle','');
insert into Diagram values('PM31-84_0931','PM31-20080300','84-95','E90N 330i   BMW Car Hotspot LTE','');
insert into Diagram values('PM31-84_0933','PM31-20080300','84-95','E90N 330i   Snap-in adapter for SAMSUNG devices','');
insert into Diagram values('PM31-85_0002','PM31-20080300','85-45','E90N 330i   Winter tires','');
insert into Diagram values('PM31-85_0051','PM31-20080300','85-45','E90N 330i   Summer tires','');
insert into Diagram values('PM31-88_0052','PM31-20080300','88-80','E90N 330i   Emergency bag','');
insert into Diagram values('PM31-88_0064','PM31-20080300','88-80','E90N 330i   Fluid-change kit, autom. transmission','');
insert into Diagram values('PM31-91_0813','PM31-20080300','91-10','E90N 330i   Individual shift lever cover','');
insert into Diagram values('PM31-91_0814','PM31-20080300','91-12','E90N 330i   Individual selector lever boots','');
insert into Diagram values('PM31-91_0815','PM31-20080300','91-15','E90N 330i   Individual parking brake lever boot','');
insert into DiagramParts values('PM31-91_0763-32307969989', 'PM31-91_0763', 01, 'Sports st.-wheel,leather/wd.ring,multif.', 'ROTBRAUN', 1, to_date('20080901','YYYYMMDD'), to_date('20090901','YYYYMMDD'), '32307969989', '', 'ENDED, See NoS No Stock', false);
insert into DiagramParts values('PM31-91_0763-32307973716', 'PM31-91_0763', 01, 'Sports st.-wheel,leather/wd.ring,multif.', 'ANTHRAZIT', 1, to_date('20080901','YYYYMMDD'), to_date('20090901','YYYYMMDD'), '32307973716', '', 'ENDED, See NoS No Stock', false);
insert into DiagramParts values('PM31-91_0763-32307973720', 'PM31-91_0763', 01, 'Sports st.-wheel,leather/wd.ring,multif.', 'ROTBRAUN', 1, to_date('20080901','YYYYMMDD'), to_date('20090901','YYYYMMDD'), '32307973720', '', 'ENDED, See NoS No Stock', false);
insert into DiagramParts values('PM31-91_0763-32307973714', 'PM31-91_0763', 01, 'Sports st.-wheel,leather/wd.ring,multif.', 'ANTHRAZIT', 1, to_date('20080901','YYYYMMDD'), to_date('20090901','YYYYMMDD'), '32307973714', '', 'ENDED, See NoS No Stock', false);
insert into DiagramParts values('PM31-91_0763-32307973718', 'PM31-91_0763', 01, 'Sports st.-wheel,leather/wd.ring,multif.', 'ROTBRAUN', 1, to_date('20080901','YYYYMMDD'), to_date('20090901','YYYYMMDD'), '32307973718', '', 'ENDED, See NoS No Stock', false);
insert into DiagramParts values('PM31-91_0763-32307962217', 'PM31-91_0763', 02, 'Cover, multi-funct.steering wheel', 'SCHWARZ', 1, to_date('20050901','YYYYMMDD'), to_date('20090301','YYYYMMDD'), '32307962217', '', 'ENDED, See NoS No Stock', false);
insert into DiagramParts values('PM31-91_0763-32307841586', 'PM31-91_0763', 02, 'Cover, multi-funct.steering wheel', 'SCHWARZ', 1, to_date('20050901','YYYYMMDD'), to_date('20101101','YYYYMMDD'), '32307841586', '', 'ENDED, See NoS No Stock', false);
insert into Diagram values('PM31-91_0763','PM31-20080300','91-17','E90N 330i   Ind.sports st.-wheel,leather w/wdn. ring','');
insert into DiagramParts values('PM31-91_0868-32307962217', 'PM31-91_0868', 02, 'Cover, multi-funct.steering wheel', 'SCHWARZ', 1, to_date('20050901','YYYYMMDD'), to_date('20090301','YYYYMMDD'), '32307962217', '', 'ENDED, See NoS No Stock', false);
insert into DiagramParts values('PM31-91_0868-32307841586', 'PM31-91_0868', 02, 'Cover, multi-funct.steering wheel', 'SCHWARZ', 1, to_date('20050901','YYYYMMDD'), to_date('20101101','YYYYMMDD'), '32307841586', '', 'ENDED, See NoS No Stock', false);
insert into Diagram values('PM31-91_0868','PM31-20080300','91-17','E90N 330i   Indi. Sport STWH, leather w. leather rim','');
insert into DiagramParts values('PM31-91_1106-32307976951', 'PM31-91_1106', 01, 'Sport st. wheel, lthr, bicolor, multif.', 'INDIVIDUAL', 1, to_date('20090301','YYYYMMDD'), to_date('20100201','YYYYMMDD'), '32307976951', '', 'See NoS No Stock', false);
insert into Diagram values('PM31-91_1106','PM31-20080300','91-17','E90N 330i   Indi. Sport st. wheel, leather, bicolor','');
insert into Diagram values('PM31-91_0816','PM31-20080300','91-30','E90N 330i   Individual cup holder, soft paint','');
insert into Diagram values('PM31-91_0818','PM31-20080300','91-30','E90N 330i   Individual cover RF key insert','');
insert into Diagram values('PM31-91_0819','PM31-20080300','91-30','E90N 330i   Individual trim, light operating unit','');
insert into Diagram values('PM31-91_0820','PM31-20080300','91-30','E90N 330i   Individual trim panel, auto, climate','');
insert into Diagram values('PM31-91_0869','PM31-20080300','91-30','E90N 330i   Individual instrument panel, leather','');
insert into Diagram values('PM31-91_0875','PM31-20080300','91-30','E90N 330i   Individual folding storage, instr. panel','');
insert into Diagram values('PM31-91_0876','PM31-20080300','91-30','E90N 330i   Individual glove compartment, leather','');
insert into Diagram values('PM31-91_0930','PM31-20080300','91-30','E90N 330i   Individual trim cover MASK / CCC','');
insert into Diagram values('PM31-91_0872','PM31-20080300','91-35','E90N 330i   Individual center console','');
insert into Diagram values('PM31-91_0873','PM31-20080300','91-35','E90N 330i   Individual armrest, center console','');
insert into Diagram values('PM31-91_0874','PM31-20080300','91-35','E90N 330i   Individual center console covers, rear','');
insert into Diagram values('PM31-91_1025','PM31-20080300','91-40','E90N 330i   Individual wood trim covers','');
insert into Diagram values('PM31-91_0824','PM31-20080300','91-45','E90N 330i   Indiv.front door trim panel,part.leather','');
insert into Diagram values('PM31-91_0826','PM31-20080300','91-45','E90N 330i   Indi. clip for door handle, inside front','');
insert into Diagram values('PM31-91_0827','PM31-20080300','91-45','E90N 330i   Indiv. clip for door handle, inside rear','');
insert into Diagram values('PM31-91_0828','PM31-20080300','91-45','E90N 330i   Indi. door trim, all-leather, front','');
insert into Diagram values('PM31-91_0829','PM31-20080300','91-45','E90N 330i   Indi. door trim, all-leather, rear','');
insert into Diagram values('PM31-91_0830','PM31-20080300','91-45','E90N 330i   Indiv. rear door trim panel,part.leather','');
insert into Diagram values('PM31-91_1007','PM31-20080300','91-45','E90N 330i   Indi. door panel, leathr trim, front, LC','');
insert into Diagram values('PM31-91_1008','PM31-20080300','91-45','E90N 330i   Indi. door trim, part leather, rear, LC','');
insert into Diagram values('PM31-91_0890','PM31-20080300','91-57','E90N 330i   Individual floor mats, Leather border','');
insert into Diagram values('PM31-91_0722','PM31-20080300','91-60','E90N 330i   Indiv.cover, basic seat, front','');
insert into Diagram values('PM31-91_0734','PM31-20080300','91-60','E90N 330i   Individual sports seat cover, front','');
insert into Diagram values('PM31-91_0736','PM31-20080300','91-60','E90N 330i   Individ. rear panel Basic /Sports seat','');
insert into Diagram values('PM31-91_0998','PM31-20080300','91-60','E90N 330i   Individual uphols, base seat, front, LC','');
insert into Diagram values('PM31-91_0999','PM31-20080300','91-60','E90N 330i   Individual cover, Sport seat, front LC','');
insert into Diagram values('PM31-91_0737','PM31-20080300','91-65','E90N 330i   Indiv.cover basic seat, rear','');
insert into Diagram values('PM31-91_0738','PM31-20080300','91-65','E90N 330i   Individual sports seat cover, rear','');
insert into Diagram values('PM31-91_0739','PM31-20080300','91-65','E90N 330i   Ind.through-loading sys. rear basic seat','');
insert into Diagram values('PM31-91_0740','PM31-20080300','91-65','E90N 330i   Individual Loadthrough Sport seat, rear','');
insert into Diagram values('PM31-91_1000','PM31-20080300','91-65','E90N 330i   Indiv. cover for seat, rear, LC','');
insert into Diagram values('PM31-91_1001','PM31-20080300','91-65','E90N 330i   Indiv. load-through for seat, rear, LC','');
insert into Diagram values('PM31-91_0987','PM31-20080300','91-70','E90N 330i   Indi. head restraint CAK base seat front','');
insert into Diagram values('PM31-91_0988','PM31-20080300','91-70','E90N 330i   Indi. hd. restraint CAK Sport seat front','');
insert into Diagram values('PM31-91_1002','PM31-20080300','91-70','E90N 330i   Individual head restraint CAK front, LC','');
insert into Diagram values('PM31-91_0752','PM31-20080300','91-75','E90N 330i   Indv. headrest, basic seat, rear','');
insert into Diagram values('PM31-91_0753','PM31-20080300','91-75','E90N 330i   Ind. headrest, sports seat, rear','');
insert into Diagram values('PM31-91_0754','PM31-20080300','91-75','E90N 330i   Indi. folding headrest, base kit, rear','');
insert into Diagram values('PM31-91_0755','PM31-20080300','91-75','E90N 330i   Indi. folding headrest, Sport seat, rear','');
insert into Diagram values('PM31-91_0756','PM31-20080300','91-75','E90N 330i   Individual folding headrests,center rear','');
insert into Diagram values('PM31-91_1004','PM31-20080300','91-75','E90N 330i   Indi. fold headrest, rear, center, LC','');
insert into Diagram values('PM31-91_1005','PM31-20080300','91-75','E90N 330i   Indi. headrest, rear lateral, LC','');
insert into Diagram values('PM31-91_1006','PM31-20080300','91-75','E90N 330i   Indi. fold headrest, rear side LC','');
insert into Diagram values('PM31-91_0741','PM31-20080300','91-80','E90N 330i   Individual armrest, rear','');
insert into ProdCodeDate values('PM31-20080300','PM31',to_date('20080301','YYYYMMDD'));
insert into ProdCode values('PM11','330i','Lim','E90N','ECE','N53','L','04/2008 E90N 330i Sedan N53 Europe Left hand drive ');
insert into ProdCodeDate values('PM11-20080400','PM11',to_date('20080401','YYYYMMDD'));
insert into DiagramParts values('PM11-01_0656-01492604891', 'PM11-01_0656', 01, 'Supplement to owner&apos;s manual, police', 'DE/EN, E90/E91', 1, to_date('20100301','YYYYMMDD'), to_date('20100901','YYYYMMDD'), '01492604891', '', '', false);
insert into DiagramParts values('PM11-01_0656-01402609937', 'PM11-01_0656', 01, 'Supplement to owner&apos;s manual, police', 'E90/E91, DE/EN', 1, to_date('20100901','YYYYMMDD'), to_date('20110901','YYYYMMDD'), '01402609937', '', '', false);
insert into Diagram values('PM11-01_0656','PM11-20080400','01-05','E90N 330i   Supplement to owner&apos;s manual, police','');
insert into DiagramParts values('PM11-01_0657-01492604892', 'PM11-01_0657', 01, 'Suppl. Owner&apos;s Manual officials utility', 'DE/EN, E90/E91', 1, to_date('20100301','YYYYMMDD'), to_date('20100901','YYYYMMDD'), '01492604892', '', '', false);
insert into Diagram values('PM11-01_0657','PM11-20080400','01-05','E90N 330i   Suppl. Owner&apos;s Manual officials utility','');
insert into DiagramParts values('PM11-01_0691-01402601792', 'PM11-01_0691', 01, 'Owner&apos;s manual E90, E91 w/o iDrive', 'DE, MJ 2009', 1, to_date('20090301','YYYYMMDD'), to_date('20090901','YYYYMMDD'), '01402601792', '', '', false);
insert into DiagramParts values('PM11-01_0691-01402602960', 'PM11-01_0691', 01, 'Owner&apos;s manual E90, E91 w/o iDrive', 'DE, MJ 2010', 1, to_date('20090901','YYYYMMDD'), to_date('20100301','YYYYMMDD'), '01402602960', '', '', false);
insert into DiagramParts values('PM11-01_0691-01402604233', 'PM11-01_0691', 01, 'Owner&apos;s manual E90, E91 w/o iDrive', 'DE, MJ 2010', 1, to_date('20100301','YYYYMMDD'), to_date('20100901','YYYYMMDD'), '01402604233', '', '', false);
insert into DiagramParts values('PM11-01_0691-01402605465', 'PM11-01_0691', 01, 'Owner&apos;s manual E90, E91 w/o iDrive', 'DE, MJ 2011', 1, to_date('20100901','YYYYMMDD'), to_date('20110301','YYYYMMDD'), '01402605465', '', '', false);
insert into DiagramParts values('PM11-01_0691-01402606907', 'PM11-01_0691', 01, 'Owner&apos;s manual E90, E91 w/o iDrive', 'DE, MJ 2011', 1, to_date('20110301','YYYYMMDD'), to_date('20110901','YYYYMMDD'), '01402606907', '', '', false);
insert into DiagramParts values('PM11-01_0691-01412600871', 'PM11-01_0691', 02, 'Owner&apos;s manual E90, E91 w/o iDrive', 'EN, MJ 2009', 1, to_date('20080901','YYYYMMDD'), to_date('20090301','YYYYMMDD'), '01412600871', '', '', false);
insert into DiagramParts values('PM11-01_0691-01412601793', 'PM11-01_0691', 02, 'Owner&apos;s manual E90, E91 w/o iDrive', 'EN, MJ 2009', 1, to_date('20090301','YYYYMMDD'), to_date('20090901','YYYYMMDD'), '01412601793', '', '', false);
insert into DiagramParts values('PM11-01_0691-01412602961', 'PM11-01_0691', 02, 'Owner&apos;s manual E90, E91 w/o iDrive', 'EN, MJ 2010', 1, to_date('20090901','YYYYMMDD'), to_date('20100301','YYYYMMDD'), '01412602961', '', '', false);
insert into DiagramParts values('PM11-01_0691-01412604234', 'PM11-01_0691', 02, 'Owner&apos;s manual E90, E91 w/o iDrive', 'EN, MJ 2010', 1, to_date('20100301','YYYYMMDD'), to_date('20100901','YYYYMMDD'), '01412604234', '', '', false);
insert into DiagramParts values('PM11-01_0691-01402605466', 'PM11-01_0691', 02, 'Owner&apos;s manual E90, E91 w/o iDrive', 'EN, MJ 2011', 1, to_date('20100901','YYYYMMDD'), to_date('20110301','YYYYMMDD'), '01402605466', '', '', false);
insert into DiagramParts values('PM11-01_0691-01402606908', 'PM11-01_0691', 02, 'Owner&apos;s manual E90, E91 w/o iDrive', 'EN, MJ 2011', 1, to_date('20110301','YYYYMMDD'), to_date('20110901','YYYYMMDD'), '01402606908', '', '', false);
insert into DiagramParts values('PM11-01_0691-01422600872', 'PM11-01_0691', 03, 'Owner&apos;s manual E90, E91 w/o iDrive', 'FR, MJ 2009', 1, to_date('20080901','YYYYMMDD'), to_date('20090301','YYYYMMDD'), '01422600872', '', '', false);
insert into DiagramParts values('PM11-01_0691-01422601794', 'PM11-01_0691', 03, 'Owner&apos;s manual E90, E91 w/o iDrive', 'FR, MJ2009', 1, to_date('20090301','YYYYMMDD'), to_date('20090901','YYYYMMDD'), '01422601794', '', '', false);
insert into DiagramParts values('PM11-01_0691-01422602962', 'PM11-01_0691', 03, 'Owner&apos;s manual E90, E91 w/o iDrive', 'FR, MJ 2010', 1, to_date('20090901','YYYYMMDD'), to_date('20100301','YYYYMMDD'), '01422602962', '', '', false);
insert into DiagramParts values('PM11-01_0691-01422604235', 'PM11-01_0691', 03, 'Owner&apos;s manual E90, E91 w/o iDrive', 'FR, MJ 2010', 1, to_date('20100301','YYYYMMDD'), to_date('20100901','YYYYMMDD'), '01422604235', '', '', false);
insert into DiagramParts values('PM11-01_0691-01402605467', 'PM11-01_0691', 03, 'Owner&apos;s manual E90, E91 w/o iDrive', 'FR, MJ 2011', 1, to_date('20100901','YYYYMMDD'), to_date('20110301','YYYYMMDD'), '01402605467', '', '', false);
insert into DiagramParts values('PM11-01_0691-01402606909', 'PM11-01_0691', 03, 'Owner&apos;s manual E90, E91 w/o iDrive', 'FR, MJ 2011', 1, to_date('20110301','YYYYMMDD'), to_date('20110901','YYYYMMDD'), '01402606909', '', '', false);
insert into DiagramParts values('PM11-01_0691-01432600873', 'PM11-01_0691', 04, 'Owner&apos;s manual E90, E91 w/o iDrive', 'ES, MJ 2009', 1, to_date('20080901','YYYYMMDD'), to_date('20090301','YYYYMMDD'), '01432600873', '', '', false);
insert into DiagramParts values('PM11-01_0691-01432601795', 'PM11-01_0691', 04, 'Owner&apos;s manual E90, E91 w/o iDrive', 'ES, MJ 2009', 1, to_date('20090301','YYYYMMDD'), to_date('20090901','YYYYMMDD'), '01432601795', '', '', false);
insert into DiagramParts values('PM11-01_0691-01432602963', 'PM11-01_0691', 04, 'Owner&apos;s manual E90, E91 w/o iDrive', 'ES, MJ 2010', 1, to_date('20090901','YYYYMMDD'), to_date('20100301','YYYYMMDD'), '01432602963', '', '', false);
insert into DiagramParts values('PM11-01_0691-01432604236', 'PM11-01_0691', 04, 'Owner&apos;s manual E90, E91 w/o iDrive', 'ES, MJ 2010', 1, to_date('20100301','YYYYMMDD'), to_date('20100901','YYYYMMDD'), '01432604236', '', '', false);
insert into DiagramParts values('PM11-01_0691-01402605468', 'PM11-01_0691', 04, 'Owner&apos;s manual E90, E91 w/o iDrive', 'ES, MJ 2011', 1, to_date('20100901','YYYYMMDD'), to_date('20110301','YYYYMMDD'), '01402605468', '', '', false);
insert into DiagramParts values('PM11-01_0691-01402606910', 'PM11-01_0691', 04, 'Owner&apos;s manual E90, E91 w/o iDrive', 'ES, MJ 2011', 1, to_date('20110301','YYYYMMDD'), to_date('20110901','YYYYMMDD'), '01402606910', '', '', false);
insert into DiagramParts values('PM11-01_0691-01442600874', 'PM11-01_0691', 05, 'Owner&apos;s manual E90, E91 w/o iDrive', 'IT, MJ 2009', 1, to_date('20080901','YYYYMMDD'), to_date('20090301','YYYYMMDD'), '01442600874', '', '', false);
insert into DiagramParts values('PM11-01_0691-01442601796', 'PM11-01_0691', 05, 'Owner&apos;s manual E90, E91 w/o iDrive', 'IT, MJ 2009', 1, to_date('20090301','YYYYMMDD'), to_date('20090901','YYYYMMDD'), '01442601796', '', '', false);
insert into DiagramParts values('PM11-01_0691-01442602964', 'PM11-01_0691', 05, 'Owner&apos;s manual E90, E91 w/o iDrive', 'IT, MJ 2010', 1, to_date('20090901','YYYYMMDD'), to_date('20100301','YYYYMMDD'), '01442602964', '', '', false);
insert into DiagramParts values('PM11-01_0691-01442604237', 'PM11-01_0691', 05, 'Owner&apos;s manual E90, E91 w/o iDrive', 'IT, MJ 2010', 1, to_date('20100301','YYYYMMDD'), to_date('20100901','YYYYMMDD'), '01442604237', '', '', false);
insert into DiagramParts values('PM11-01_0691-01402605469', 'PM11-01_0691', 05, 'Owner&apos;s manual E90, E91 w/o iDrive', 'IT, MJ 2011', 1, to_date('20100901','YYYYMMDD'), to_date('20110301','YYYYMMDD'), '01402605469', '', '', false);
insert into DiagramParts values('PM11-01_0691-01402606911', 'PM11-01_0691', 05, 'Owner&apos;s manual E90, E91 w/o iDrive', 'IT, MJ 2011', 1, to_date('20110301','YYYYMMDD'), to_date('20110901','YYYYMMDD'), '01402606911', '', '', false);
insert into DiagramParts values('PM11-01_0691-01452600875', 'PM11-01_0691', 06, 'Owner&apos;s manual E90, E91 w/o iDrive', 'SV, MJ 2009', 1, to_date('20080901','YYYYMMDD'), to_date('20090301','YYYYMMDD'), '01452600875', '', '', false);
insert into DiagramParts values('PM11-01_0691-01452601797', 'PM11-01_0691', 06, 'Owner&apos;s manual E90, E91 w/o iDrive', 'SV, MJ 2009', 1, to_date('20090301','YYYYMMDD'), to_date('20090901','YYYYMMDD'), '01452601797', '', '', false);
insert into DiagramParts values('PM11-01_0691-01452602965', 'PM11-01_0691', 06, 'Owner&apos;s manual E90, E91 w/o iDrive', 'SV, MJ 2010', 1, to_date('20090901','YYYYMMDD'), to_date('20100301','YYYYMMDD'), '01452602965', '', '', false);
insert into DiagramParts values('PM11-01_0691-01452604238', 'PM11-01_0691', 06, 'Owner&apos;s manual E90, E91 w/o iDrive', 'SV, MJ 2010', 1, to_date('20100301','YYYYMMDD'), to_date('20100901','YYYYMMDD'), '01452604238', '', '', false);
insert into DiagramParts values('PM11-01_0691-01402605470', 'PM11-01_0691', 06, 'Owner&apos;s manual E90, E91 w/o iDrive', 'SV, MJ 2011', 1, to_date('20100901','YYYYMMDD'), to_date('20110301','YYYYMMDD'), '01402605470', '', '', false);
insert into DiagramParts values('PM11-01_0691-01402606912', 'PM11-01_0691', 06, 'Owner&apos;s manual E90, E91 w/o iDrive', 'SV, MJ 2011', 1, to_date('20110301','YYYYMMDD'), to_date('20110901','YYYYMMDD'), '01402606912', '', '', false);
insert into DiagramParts values('PM11-01_0691-01462600876', 'PM11-01_0691', 07, 'Owner&apos;s manual E90, E91 w/o iDrive', 'NL, MJ 2009', 1, to_date('20080901','YYYYMMDD'), to_date('20090301','YYYYMMDD'), '01462600876', '', '', false);
insert into DiagramParts values('PM11-01_0691-01462601798', 'PM11-01_0691', 07, 'Owner&apos;s manual E90, E91 w/o iDrive', 'NL, MJ 2009', 1, to_date('20090301','YYYYMMDD'), to_date('20090901','YYYYMMDD'), '01462601798', '', '', false);
insert into DiagramParts values('PM11-01_0691-01462602966', 'PM11-01_0691', 07, 'Owner&apos;s manual E90, E91 w/o iDrive', 'NL, MJ 2010', 1, to_date('20090901','YYYYMMDD'), to_date('20100301','YYYYMMDD'), '01462602966', '', '', false);
insert into DiagramParts values('PM11-01_0691-01462604239', 'PM11-01_0691', 07, 'Owner&apos;s manual E90, E91 w/o iDrive', 'NL, MJ 2010', 1, to_date('20100301','YYYYMMDD'), to_date('20100901','YYYYMMDD'), '01462604239', '', '', false);
insert into DiagramParts values('PM11-01_0691-01402605471', 'PM11-01_0691', 07, 'Owner&apos;s manual E90, E91 w/o iDrive', 'NL, MJ 2011', 1, to_date('20100901','YYYYMMDD'), to_date('20110301','YYYYMMDD'), '01402605471', '', '', false);
insert into DiagramParts values('PM11-01_0691-01402606913', 'PM11-01_0691', 07, 'Owner&apos;s manual E90, E91 w/o iDrive', 'NL, MJ 2011', 1, to_date('20110301','YYYYMMDD'), to_date('20110901','YYYYMMDD'), '01402606913', '', '', false);
insert into DiagramParts values('PM11-01_0691-01472600877', 'PM11-01_0691', 08, 'Owner&apos;s manual E90, E91 w/o iDrive', 'AR, MJ 2009', 1, to_date('20080901','YYYYMMDD'), to_date('20090301','YYYYMMDD'), '01472600877', '', '', false);
insert into DiagramParts values('PM11-01_0691-01472601799', 'PM11-01_0691', 08, 'Owner&apos;s manual E90, E91 w/o iDrive', 'AR, MJ 2009', 1, to_date('20090301','YYYYMMDD'), to_date('20090901','YYYYMMDD'), '01472601799', '', '', false);
insert into DiagramParts values('PM11-01_0691-01472602967', 'PM11-01_0691', 08, 'Owner&apos;s manual E90, E91 w/o iDrive', 'AR, MJ 2010', 1, to_date('20090901','YYYYMMDD'), to_date('20100301','YYYYMMDD'), '01472602967', '', '', false);
insert into DiagramParts values('PM11-01_0691-01472604240', 'PM11-01_0691', 08, 'Owner&apos;s manual E90, E91 w/o iDrive', 'AR, MJ 2010', 1, to_date('20100301','YYYYMMDD'), to_date('20100901','YYYYMMDD'), '01472604240', '', '', false);
insert into DiagramParts values('PM11-01_0691-01402605472', 'PM11-01_0691', 08, 'Owner&apos;s manual E90, E91 w/o iDrive', 'AR, MJ 2011', 1, to_date('20100901','YYYYMMDD'), to_date('20110301','YYYYMMDD'), '01402605472', '', '', false);
insert into DiagramParts values('PM11-01_0691-01402606914', 'PM11-01_0691', 08, 'Owner&apos;s manual E90, E91 w/o iDrive', 'AR, MJ 2011', 1, to_date('20110301','YYYYMMDD'), to_date('20110901','YYYYMMDD'), '01402606914', '', '', false);
insert into DiagramParts values('PM11-01_0691-01482600878', 'PM11-01_0691', 09, 'Owner&apos;s manual E90, E91 w/o iDrive', 'DA, MJ 2009', 1, to_date('20080901','YYYYMMDD'), to_date('20090301','YYYYMMDD'), '01482600878', '', '', false);
insert into DiagramParts values('PM11-01_0691-01482601800', 'PM11-01_0691', 09, 'Owner&apos;s manual E90, E91 w/o iDrive', 'DA, MJ 2009', 1, to_date('20090301','YYYYMMDD'), to_date('20090901','YYYYMMDD'), '01482601800', '', '', false);
insert into DiagramParts values('PM11-01_0691-01482602968', 'PM11-01_0691', 09, 'Owner&apos;s manual E90, E91 w/o iDrive', 'DA, MJ 2010', 1, to_date('20090901','YYYYMMDD'), to_date('20100301','YYYYMMDD'), '01482602968', '', '', false);
insert into DiagramParts values('PM11-01_0691-01482604241', 'PM11-01_0691', 09, 'Owner&apos;s manual E90, E91 w/o iDrive', 'DA, MJ 2010', 1, to_date('20100301','YYYYMMDD'), to_date('20100901','YYYYMMDD'), '01482604241', '', '', false);
insert into DiagramParts values('PM11-01_0691-01402605473', 'PM11-01_0691', 09, 'Owner&apos;s manual E90, E91 w/o iDrive', 'DA, MJ 2011', 1, to_date('20100901','YYYYMMDD'), to_date('20110301','YYYYMMDD'), '01402605473', '', '', false);
insert into DiagramParts values('PM11-01_0691-01402606915', 'PM11-01_0691', 09, 'Owner&apos;s manual E90, E91 w/o iDrive', 'DA, MJ 2011', 1, to_date('20110301','YYYYMMDD'), to_date('20110901','YYYYMMDD'), '01402606915', '', '', false);
insert into DiagramParts values('PM11-01_0691-01492600879', 'PM11-01_0691', 10, 'Owner&apos;s manual E90, E91 w/o iDrive', 'PT, MJ 2009', 1, to_date('20080901','YYYYMMDD'), to_date('20090301','YYYYMMDD'), '01492600879', '', '', false);
insert into DiagramParts values('PM11-01_0691-01492601801', 'PM11-01_0691', 10, 'Owner&apos;s manual E90, E91 w/o iDrive', 'PT, MJ 2009', 1, to_date('20090301','YYYYMMDD'), to_date('20090901','YYYYMMDD'), '01492601801', '', '', false);
insert into DiagramParts values('PM11-01_0691-01492602969', 'PM11-01_0691', 10, 'Owner&apos;s manual E90, E91 w/o iDrive', 'PT, MJ 2010', 1, to_date('20090901','YYYYMMDD'), to_date('20100301','YYYYMMDD'), '01492602969', '', '', false);
insert into DiagramParts values('PM11-01_0691-01492604242', 'PM11-01_0691', 10, 'Owner&apos;s manual E90, E91 w/o iDrive', 'PT, MJ 2010', 1, to_date('20100301','YYYYMMDD'), to_date('20100901','YYYYMMDD'), '01492604242', '', '', false);
insert into DiagramParts values('PM11-01_0691-01402605474', 'PM11-01_0691', 10, 'Owner&apos;s manual E90, E91 w/o iDrive', 'PT, MJ 2011', 1, to_date('20100901','YYYYMMDD'), to_date('20110301','YYYYMMDD'), '01402605474', '', '', false);
insert into DiagramParts values('PM11-01_0691-01402606916', 'PM11-01_0691', 10, 'Owner&apos;s manual E90, E91 w/o iDrive', 'PT, MJ 2011', 1, to_date('20110301','YYYYMMDD'), to_date('20110901','YYYYMMDD'), '01402606916', '', '', false);
insert into DiagramParts values('PM11-01_0691-01492600881', 'PM11-01_0691', 13, 'Owner&apos;s manual E90, E91 w/o iDrive', 'EL, MJ 2009', 1, to_date('20080901','YYYYMMDD'), to_date('20090301','YYYYMMDD'), '01492600881', '', '', false);
insert into DiagramParts values('PM11-01_0691-01492601803', 'PM11-01_0691', 13, 'Owner&apos;s manual E90, E91 w/o iDrive', 'EL, MJ 2009', 1, to_date('20090301','YYYYMMDD'), to_date('20090901','YYYYMMDD'), '01492601803', '', '', false);
insert into DiagramParts values('PM11-01_0691-01492602971', 'PM11-01_0691', 13, 'Owner&apos;s manual E90, E91 w/o iDrive', 'EL, MJ 2010', 1, to_date('20090901','YYYYMMDD'), to_date('20100301','YYYYMMDD'), '01492602971', '', '', false);
insert into DiagramParts values('PM11-01_0691-01492604244', 'PM11-01_0691', 13, 'Owner&apos;s manual E90, E91 w/o iDrive', 'EL, MJ 2010', 1, to_date('20100301','YYYYMMDD'), to_date('20100901','YYYYMMDD'), '01492604244', '', '', false);
insert into DiagramParts values('PM11-01_0691-01402605476', 'PM11-01_0691', 13, 'Owner&apos;s manual E90, E91 w/o iDrive', 'EL, MJ 2011', 1, to_date('20100901','YYYYMMDD'), to_date('20110301','YYYYMMDD'), '01402605476', '', '', false);
insert into DiagramParts values('PM11-01_0691-01402606918', 'PM11-01_0691', 13, 'Owner&apos;s manual E90, E91 w/o iDrive', 'EL, MJ 2011', 1, to_date('20110301','YYYYMMDD'), to_date('20110901','YYYYMMDD'), '01402606918', '', '', false);
insert into DiagramParts values('PM11-01_0691-01492600880', 'PM11-01_0691', 14, 'Owner&apos;s manual E90, E91 w/o iDrive', 'ZH, MJ 2009', 1, to_date('20080901','YYYYMMDD'), to_date('20090301','YYYYMMDD'), '01492600880', '', '', false);
insert into DiagramParts values('PM11-01_0691-01492601802', 'PM11-01_0691', 14, 'Owner&apos;s manual E90, E91 w/o iDrive', 'ZH, MJ 2009', 1, to_date('20090301','YYYYMMDD'), to_date('20090901','YYYYMMDD'), '01492601802', '', '', false);
insert into DiagramParts values('PM11-01_0691-01492602970', 'PM11-01_0691', 14, 'Owner&apos;s manual E90, E91 w/o iDrive', 'ZH, MJ 2010', 1, to_date('20090901','YYYYMMDD'), to_date('20100301','YYYYMMDD'), '01492602970', '', '', false);
insert into DiagramParts values('PM11-01_0691-01492604243', 'PM11-01_0691', 14, 'Owner&apos;s manual E90, E91 w/o iDrive', 'ZH, MJ 2010', 1, to_date('20100301','YYYYMMDD'), to_date('20100901','YYYYMMDD'), '01492604243', '', '', false);
insert into DiagramParts values('PM11-01_0691-01402605475', 'PM11-01_0691', 14, 'Owner&apos;s manual E90, E91 w/o iDrive', 'ZH, MJ 2011', 1, to_date('20100901','YYYYMMDD'), to_date('20110301','YYYYMMDD'), '01402605475', '', '', false);
insert into DiagramParts values('PM11-01_0691-01402606917', 'PM11-01_0691', 14, 'Owner&apos;s manual E90, E91 w/o iDrive', 'ZH, MJ 2011', 1, to_date('20110301','YYYYMMDD'), to_date('20110901','YYYYMMDD'), '01402606917', '', '', false);
insert into DiagramParts values('PM11-01_0691-01492600882', 'PM11-01_0691', 15, 'Owner&apos;s manual E90, E91 w/o iDrive', 'KO, MJ 2009', 1, to_date('20080901','YYYYMMDD'), to_date('20090301','YYYYMMDD'), '01492600882', '', '', false);
insert into DiagramParts values('PM11-01_0691-01492601804', 'PM11-01_0691', 15, 'Owner&apos;s manual E90, E91 w/o iDrive', 'KO, MJ 2009', 1, to_date('20090301','YYYYMMDD'), to_date('20090901','YYYYMMDD'), '01492601804', '', '', false);
insert into DiagramParts values('PM11-01_0691-01492602972', 'PM11-01_0691', 15, 'Owner&apos;s manual E90, E91 w/o iDrive', 'KO, MJ 2010', 1, to_date('20090901','YYYYMMDD'), to_date('20100301','YYYYMMDD'), '01492602972', '', '', false);
insert into DiagramParts values('PM11-01_0691-01492604245', 'PM11-01_0691', 15, 'Owner&apos;s manual E90, E91 w/o iDrive', 'KO, MJ 2010', 1, to_date('20100301','YYYYMMDD'), to_date('20100901','YYYYMMDD'), '01492604245', '', '', false);
insert into DiagramParts values('PM11-01_0691-01402605477', 'PM11-01_0691', 15, 'Owner&apos;s manual E90, E91 w/o iDrive', 'KO, MJ 2011', 1, to_date('20100901','YYYYMMDD'), to_date('20110301','YYYYMMDD'), '01402605477', '', '', false);
insert into DiagramParts values('PM11-01_0691-01402606919', 'PM11-01_0691', 15, 'Owner&apos;s manual E90, E91 w/o iDrive', 'KO, MJ 2011', 1, to_date('20110301','YYYYMMDD'), to_date('20110901','YYYYMMDD'), '01402606919', '', '', false);
insert into DiagramParts values('PM11-01_0691-01492600884', 'PM11-01_0691', 16, 'Owner&apos;s manual E90, E91 w/o iDrive', 'RO, MJ 2009', 1, to_date('20080901','YYYYMMDD'), to_date('20090301','YYYYMMDD'), '01492600884', '', '', false);
insert into DiagramParts values('PM11-01_0691-01492601806', 'PM11-01_0691', 16, 'Owner&apos;s manual E90, E91 w/o iDrive', 'RO, MJ 2009', 1, to_date('20090301','YYYYMMDD'), to_date('20090901','YYYYMMDD'), '01492601806', '', '', false);
insert into DiagramParts values('PM11-01_0691-01492602974', 'PM11-01_0691', 16, 'Owner&apos;s manual E90, E91 w/o iDrive', 'RO, MJ 2010', 1, to_date('20090901','YYYYMMDD'), to_date('20100301','YYYYMMDD'), '01492602974', '', '', false);
insert into DiagramParts values('PM11-01_0691-01492604247', 'PM11-01_0691', 16, 'Owner&apos;s manual E90, E91 w/o iDrive', 'RO, MJ 2010', 1, to_date('20100301','YYYYMMDD'), to_date('20100901','YYYYMMDD'), '01492604247', '', '', false);
insert into DiagramParts values('PM11-01_0691-01402605479', 'PM11-01_0691', 16, 'Owner&apos;s manual E90, E91 w/o iDrive', 'RO, MJ 2011', 1, to_date('20100901','YYYYMMDD'), to_date('20110301','YYYYMMDD'), '01402605479', '', '', false);
insert into DiagramParts values('PM11-01_0691-01402606921', 'PM11-01_0691', 16, 'Owner&apos;s manual E90, E91 w/o iDrive', 'RO, MJ 2011', 1, to_date('20110301','YYYYMMDD'), to_date('20110901','YYYYMMDD'), '01402606921', '', '', false);
insert into DiagramParts values('PM11-01_0691-01492600883', 'PM11-01_0691', 17, 'Owner&apos;s manual E90, E91 w/o iDrive', 'RU, MJ 2009', 1, to_date('20080901','YYYYMMDD'), to_date('20090301','YYYYMMDD'), '01492600883', '', '', false);
insert into DiagramParts values('PM11-01_0691-01492601805', 'PM11-01_0691', 17, 'Owner&apos;s manual E90, E91 w/o iDrive', 'RU, MJ 2009', 1, to_date('20090301','YYYYMMDD'), to_date('20090901','YYYYMMDD'), '01492601805', '', '', false);
insert into DiagramParts values('PM11-01_0691-01492602973', 'PM11-01_0691', 17, 'Owner&apos;s manual E90, E91 w/o iDrive', 'RU, MJ 2010', 1, to_date('20090901','YYYYMMDD'), to_date('20100301','YYYYMMDD'), '01492602973', '', '', false);
insert into DiagramParts values('PM11-01_0691-01492604246', 'PM11-01_0691', 17, 'Owner&apos;s manual E90, E91 w/o iDrive', 'RU, MJ 2010', 1, to_date('20100301','YYYYMMDD'), to_date('20100901','YYYYMMDD'), '01492604246', '', '', false);
insert into DiagramParts values('PM11-01_0691-01402605478', 'PM11-01_0691', 17, 'Owner&apos;s manual E90, E91 w/o iDrive', 'RU, MJ 2011', 1, to_date('20100901','YYYYMMDD'), to_date('20110301','YYYYMMDD'), '01402605478', '', '', false);
insert into DiagramParts values('PM11-01_0691-01402606920', 'PM11-01_0691', 17, 'Owner&apos;s manual E90, E91 w/o iDrive', 'RU, MJ 2011', 1, to_date('20110301','YYYYMMDD'), to_date('20110901','YYYYMMDD'), '01402606920', '', '', false);
insert into DiagramParts values('PM11-01_0691-01492602975', 'PM11-01_0691', 18, 'Owner&apos;s manual E90, E91 w/o iDrive', 'SK, MJ 2010', 1, to_date('20090901','YYYYMMDD'), to_date('20100301','YYYYMMDD'), '01492602975', '', '', false);
insert into DiagramParts values('PM11-01_0691-01492604248', 'PM11-01_0691', 18, 'Owner&apos;s manual E90, E91 w/o iDrive', 'SK, MJ 2010', 1, to_date('20100301','YYYYMMDD'), to_date('20100901','YYYYMMDD'), '01492604248', '', '', false);
insert into DiagramParts values('PM11-01_0691-01402605480', 'PM11-01_0691', 18, 'Owner&apos;s manual E90, E91 w/o iDrive', 'SK, MJ 2011', 1, to_date('20100901','YYYYMMDD'), to_date('20110301','YYYYMMDD'), '01402605480', '', '', false);
insert into DiagramParts values('PM11-01_0691-01402606922', 'PM11-01_0691', 18, 'Owner&apos;s manual E90, E91 w/o iDrive', 'SK, MJ 2011', 1, to_date('20110301','YYYYMMDD'), to_date('20110901','YYYYMMDD'), '01402606922', '', '', false);
insert into DiagramParts values('PM11-01_0691-01492602976', 'PM11-01_0691', 19, 'Owner&apos;s manual E90, E91 w/o iDrive', 'CS, MJ 2010', 1, to_date('20090901','YYYYMMDD'), to_date('20100301','YYYYMMDD'), '01492602976', '', '', false);
insert into DiagramParts values('PM11-01_0691-01492604249', 'PM11-01_0691', 19, 'Owner&apos;s manual E90, E91 w/o iDrive', 'CS, MJ 2010', 1, to_date('20100301','YYYYMMDD'), to_date('20100901','YYYYMMDD'), '01492604249', '', '', false);
insert into DiagramParts values('PM11-01_0691-01402605481', 'PM11-01_0691', 19, 'Owner&apos;s manual E90, E91 w/o iDrive', 'CS, MJ 2011', 1, to_date('20100901','YYYYMMDD'), to_date('20110301','YYYYMMDD'), '01402605481', '', '', false);
insert into DiagramParts values('PM11-01_0691-01402606923', 'PM11-01_0691', 19, 'Owner&apos;s manual E90, E91 w/o iDrive', 'CS, MJ 2011', 1, to_date('20110301','YYYYMMDD'), to_date('20110901','YYYYMMDD'), '01402606923', '', '', false);
insert into DiagramParts values('PM11-01_0691-01402605482', 'PM11-01_0691', 20, 'Owner&apos;s manual E90, E91 w/o iDrive', 'PL, MJ 2011', 1, to_date('20100901','YYYYMMDD'), to_date('20110301','YYYYMMDD'), '01402605482', '', '', false);
insert into DiagramParts values('PM11-01_0691-01402606924', 'PM11-01_0691', 20, 'Owner&apos;s manual E90, E91 w/o iDrive', 'PL, MJ 2011', 1, to_date('20110301','YYYYMMDD'), to_date('20110901','YYYYMMDD'), '01402606924', '', '', false);
insert into DiagramParts values('PM11-01_0691-01402606925', 'PM11-01_0691', 21, 'Owner&apos;s manual E90, E91 w/o iDrive', 'HU, MJ 2011', 1, to_date('20110301','YYYYMMDD'), to_date('20110901','YYYYMMDD'), '01402606925', '', '', false);
insert into Diagram values('PM11-01_0691','PM11-20080400','01-05','E90N 330i   Owner&apos;s manual E90, E91 w/o iDrive','');
insert into DiagramParts values('PM11-01_0692-01402601809', 'PM11-01_0692', 01, 'Owner&apos;s manual, E90, E91 with iDrive', 'DE, MJ 2009', 1, to_date('20090301','YYYYMMDD'), to_date('20090901','YYYYMMDD'), '01402601809', '', '', false);
insert into DiagramParts values('PM11-01_0692-01402601916', 'PM11-01_0692', 01, 'Owner&apos;s manual, E90, E91 with iDrive', 'DE, MJ 2009', 1, to_date('20090301','YYYYMMDD'), to_date('20090901','YYYYMMDD'), '01402601916', '', '', false);
insert into DiagramParts values('PM11-01_0692-01402604565', 'PM11-01_0692', 01, 'Owner&apos;s manual, E90, E91 with iDrive', 'DE, MJ 2010', 1, to_date('20100301','YYYYMMDD'), to_date('20100901','YYYYMMDD'), '01402604565', '', '', false);
insert into DiagramParts values('PM11-01_0692-01402605542', 'PM11-01_0692', 01, 'Owner&apos;s manual, E90, E91 with iDrive', 'DE, MJ 2011', 1, to_date('20100901','YYYYMMDD'), to_date('20110301','YYYYMMDD'), '01402605542', '', '', false);
insert into DiagramParts values('PM11-01_0692-01402606989', 'PM11-01_0692', 01, 'Owner&apos;s manual, E90, E91 with iDrive', 'DE, MJ 2011', 1, to_date('20110301','YYYYMMDD'), to_date('20110901','YYYYMMDD'), '01402606989', '', '', false);
insert into DiagramParts values('PM11-01_0692-01412601810', 'PM11-01_0692', 02, 'Owner&apos;s manual, E90, E91 with iDrive', 'EN, MJ 2009', 1, to_date('20090301','YYYYMMDD'), to_date('20090901','YYYYMMDD'), '01412601810', '', '', false);
insert into DiagramParts values('PM11-01_0692-01412601917', 'PM11-01_0692', 02, 'Owner&apos;s manual, E90, E91 with iDrive', 'EN, MJ 2009', 1, to_date('20090301','YYYYMMDD'), to_date('20090901','YYYYMMDD'), '01412601917', '', '', false);
insert into DiagramParts values('PM11-01_0692-01412604566', 'PM11-01_0692', 02, 'Owner&apos;s manual, E90, E91 with iDrive', 'EN, MJ 2010', 1, to_date('20100301','YYYYMMDD'), to_date('20100901','YYYYMMDD'), '01412604566', '', '', false);
insert into DiagramParts values('PM11-01_0692-01402605543', 'PM11-01_0692', 02, 'Owner&apos;s manual, E90, E91 with iDrive', 'EN, MJ 2011', 1, to_date('20100901','YYYYMMDD'), to_date('20110301','YYYYMMDD'), '01402605543', '', '', false);
insert into DiagramParts values('PM11-01_0692-01402606990', 'PM11-01_0692', 02, 'Owner&apos;s manual, E90, E91 with iDrive', 'EN, MJ 2011', 1, to_date('20110301','YYYYMMDD'), to_date('20110901','YYYYMMDD'), '01402606990', '', '', false);
insert into DiagramParts values('PM11-01_0692-01422601811', 'PM11-01_0692', 03, 'Owner&apos;s manual, E90, E91 with iDrive', 'FR, MJ 2009', 1, to_date('20090301','YYYYMMDD'), to_date('20090901','YYYYMMDD'), '01422601811', '', '', false);
insert into DiagramParts values('PM11-01_0692-01422601918', 'PM11-01_0692', 03, 'Owner&apos;s manual, E90, E91 with iDrive', 'FR, MJ 2009', 1, to_date('20090301','YYYYMMDD'), to_date('20090901','YYYYMMDD'), '01422601918', '', '', false);
insert into DiagramParts values('PM11-01_0692-01422604567', 'PM11-01_0692', 03, 'Owner&apos;s manual, E90, E91 with iDrive', 'FR, MJ 2010', 1, to_date('20100301','YYYYMMDD'), to_date('20100901','YYYYMMDD'), '01422604567', '', '', false);
insert into DiagramParts values('PM11-01_0692-01402605544', 'PM11-01_0692', 03, 'Owner&apos;s manual, E90, E91 with iDrive', 'FR, MJ 2011', 1, to_date('20100901','YYYYMMDD'), to_date('20110301','YYYYMMDD'), '01402605544', '', '', false);
insert into DiagramParts values('PM11-01_0692-01402606991', 'PM11-01_0692', 03, 'Owner&apos;s manual, E90, E91 with iDrive', 'FR, MJ 2011', 1, to_date('20110301','YYYYMMDD'), to_date('20110901','YYYYMMDD'), '01402606991', '', '', false);
insert into DiagramParts values('PM11-01_0692-01432601812', 'PM11-01_0692', 04, 'Owner&apos;s manual, E90, E91 with iDrive', 'ES, MJ 2009', 1, to_date('20090301','YYYYMMDD'), to_date('20090901','YYYYMMDD'), '01432601812', '', '', false);
insert into DiagramParts values('PM11-01_0692-01432601919', 'PM11-01_0692', 04, 'Owner&apos;s manual, E90, E91 with iDrive', 'ES, MJ 2009', 1, to_date('20090301','YYYYMMDD'), to_date('20090901','YYYYMMDD'), '01432601919', '', '', false);
insert into DiagramParts values('PM11-01_0692-01432604568', 'PM11-01_0692', 04, 'Owner&apos;s manual, E90, E91 with iDrive', 'ES, MJ 2010', 1, to_date('20100301','YYYYMMDD'), to_date('20100901','YYYYMMDD'), '01432604568', '', '', false);
insert into DiagramParts values('PM11-01_0692-01402605545', 'PM11-01_0692', 04, 'Owner&apos;s manual, E90, E91 with iDrive', 'ES, MJ 2011', 1, to_date('20100901','YYYYMMDD'), to_date('20110301','YYYYMMDD'), '01402605545', '', '', false);
insert into DiagramParts values('PM11-01_0692-01402606992', 'PM11-01_0692', 04, 'Owner&apos;s manual, E90, E91 with iDrive', 'ES, MJ 2011', 1, to_date('20110301','YYYYMMDD'), to_date('20110901','YYYYMMDD'), '01402606992', '', '', false);
insert into DiagramParts values('PM11-01_0692-01442601813', 'PM11-01_0692', 05, 'Owner&apos;s manual, E90, E91 with iDrive', 'IT, MJ 2009', 1, to_date('20090301','YYYYMMDD'), to_date('20090901','YYYYMMDD'), '01442601813', '', '', false);
insert into DiagramParts values('PM11-01_0692-01442601920', 'PM11-01_0692', 05, 'Owner&apos;s manual, E90, E91 with iDrive', 'IT, MJ 2009', 1, to_date('20090301','YYYYMMDD'), to_date('20090901','YYYYMMDD'), '01442601920', '', '', false);
insert into DiagramParts values('PM11-01_0692-01442604569', 'PM11-01_0692', 05, 'Owner&apos;s manual, E90, E91 with iDrive', 'IT, MJ 2010', 1, to_date('20100301','YYYYMMDD'), to_date('20100901','YYYYMMDD'), '01442604569', '', '', false);
insert into DiagramParts values('PM11-01_0692-01402605546', 'PM11-01_0692', 05, 'Owner&apos;s manual, E90, E91 with iDrive', 'IT, MJ 2011', 1, to_date('20100901','YYYYMMDD'), to_date('20110301','YYYYMMDD'), '01402605546', '', '', false);
insert into DiagramParts values('PM11-01_0692-01402606993', 'PM11-01_0692', 05, 'Owner&apos;s manual, E90, E91 with iDrive', 'IT, MJ 2011', 1, to_date('20110301','YYYYMMDD'), to_date('20110901','YYYYMMDD'), '01402606993', '', '', false);
insert into DiagramParts values('PM11-01_0692-01452601814', 'PM11-01_0692', 06, 'Owner&apos;s manual, E90, E91 with iDrive', 'SV, MJ 2009', 1, to_date('20090301','YYYYMMDD'), to_date('20090901','YYYYMMDD'), '01452601814', '', '', false);
insert into DiagramParts values('PM11-01_0692-01452601921', 'PM11-01_0692', 06, 'Owner&apos;s manual, E90, E91 with iDrive', 'SV, MJ 2009', 1, to_date('20090301','YYYYMMDD'), to_date('20090901','YYYYMMDD'), '01452601921', '', '', false);
insert into DiagramParts values('PM11-01_0692-01452604570', 'PM11-01_0692', 06, 'Owner&apos;s manual, E90, E91 with iDrive', 'SV, MJ 2010', 1, to_date('20100301','YYYYMMDD'), to_date('20100901','YYYYMMDD'), '01452604570', '', '', false);
insert into DiagramParts values('PM11-01_0692-01402605547', 'PM11-01_0692', 06, 'Owner&apos;s manual, E90, E91 with iDrive', 'SV, MJ 2011', 1, to_date('20100901','YYYYMMDD'), to_date('20110301','YYYYMMDD'), '01402605547', '', '', false);
insert into DiagramParts values('PM11-01_0692-01402606994', 'PM11-01_0692', 06, 'Owner&apos;s manual, E90, E91 with iDrive', 'SV, MJ 2011', 1, to_date('20110301','YYYYMMDD'), to_date('20110901','YYYYMMDD'), '01402606994', '', '', false);
insert into DiagramParts values('PM11-01_0692-01462601815', 'PM11-01_0692', 07, 'Owner&apos;s manual, E90, E91 with iDrive', 'NL, MJ 2009', 1, to_date('20090301','YYYYMMDD'), to_date('20090901','YYYYMMDD'), '01462601815', '', '', false);
insert into DiagramParts values('PM11-01_0692-01462601922', 'PM11-01_0692', 07, 'Owner&apos;s manual, E90, E91 with iDrive', 'NL, MJ 2009', 1, to_date('20090301','YYYYMMDD'), to_date('20090901','YYYYMMDD'), '01462601922', '', '', false);
insert into DiagramParts values('PM11-01_0692-01462604571', 'PM11-01_0692', 07, 'Owner&apos;s manual, E90, E91 with iDrive', 'NL, MJ 2010', 1, to_date('20100301','YYYYMMDD'), to_date('20100901','YYYYMMDD'), '01462604571', '', '', false);
insert into DiagramParts values('PM11-01_0692-01402605548', 'PM11-01_0692', 07, 'Owner&apos;s manual, E90, E91 with iDrive', 'NL, MJ 2011', 1, to_date('20100901','YYYYMMDD'), to_date('20110301','YYYYMMDD'), '01402605548', '', '', false);
insert into DiagramParts values('PM11-01_0692-01402606995', 'PM11-01_0692', 07, 'Owner&apos;s manual, E90, E91 with iDrive', 'NL, MJ 2011', 1, to_date('20110301','YYYYMMDD'), to_date('20110901','YYYYMMDD'), '01402606995', '', '', false);
insert into DiagramParts values('PM11-01_0692-01472601816', 'PM11-01_0692', 08, 'Owner&apos;s manual, E90, E91 with iDrive', 'AR, MJ 2009', 1, to_date('20090301','YYYYMMDD'), to_date('20090901','YYYYMMDD'), '01472601816', '', '', false);
insert into DiagramParts values('PM11-01_0692-01472601923', 'PM11-01_0692', 08, 'Owner&apos;s manual, E90, E91 with iDrive', 'AR, MJ 2009', 1, to_date('20090301','YYYYMMDD'), to_date('20090901','YYYYMMDD'), '01472601923', '', '', false);
insert into DiagramParts values('PM11-01_0692-01472604572', 'PM11-01_0692', 08, 'Owner&apos;s manual, E90, E91 with iDrive', 'AR, MJ 2010', 1, to_date('20100301','YYYYMMDD'), to_date('20100901','YYYYMMDD'), '01472604572', '', '', false);
insert into DiagramParts values('PM11-01_0692-01402605549', 'PM11-01_0692', 08, 'Owner&apos;s manual, E90, E91 with iDrive', 'AR, MJ 2011', 1, to_date('20100901','YYYYMMDD'), to_date('20110301','YYYYMMDD'), '01402605549', '', '', false);
insert into DiagramParts values('PM11-01_0692-01402606996', 'PM11-01_0692', 08, 'Owner&apos;s manual, E90, E91 with iDrive', 'AR, MJ 2011', 1, to_date('20110301','YYYYMMDD'), to_date('20110901','YYYYMMDD'), '01402606996', '', '', false);
insert into DiagramParts values('PM11-01_0692-01482601817', 'PM11-01_0692', 09, 'Owner&apos;s manual, E90, E91 with iDrive', 'DA, MJ 2009', 1, to_date('20090301','YYYYMMDD'), to_date('20090901','YYYYMMDD'), '01482601817', '', '', false);
insert into DiagramParts values('PM11-01_0692-01482601924', 'PM11-01_0692', 09, 'Owner&apos;s manual, E90, E91 with iDrive', 'DA, MJ 2009', 1, to_date('20090301','YYYYMMDD'), to_date('20090901','YYYYMMDD'), '01482601924', '', '', false);
insert into DiagramParts values('PM11-01_0692-01482604573', 'PM11-01_0692', 09, 'Owner&apos;s manual, E90, E91 with iDrive', 'DA, MJ 2010', 1, to_date('20100301','YYYYMMDD'), to_date('20100901','YYYYMMDD'), '01482604573', '', '', false);
insert into DiagramParts values('PM11-01_0692-01402605550', 'PM11-01_0692', 09, 'Owner&apos;s manual, E90, E91 with iDrive', 'DA, MJ 2011', 1, to_date('20100901','YYYYMMDD'), to_date('20110301','YYYYMMDD'), '01402605550', '', '', false);
insert into DiagramParts values('PM11-01_0692-01402606997', 'PM11-01_0692', 09, 'Owner&apos;s manual, E90, E91 with iDrive', 'DA, MJ 2011', 1, to_date('20110301','YYYYMMDD'), to_date('20110901','YYYYMMDD'), '01402606997', '', '', false);
insert into DiagramParts values('PM11-01_0692-01492601818', 'PM11-01_0692', 10, 'Owner&apos;s manual, E90, E91 with iDrive', 'PT, MJ 2009', 1, to_date('20090301','YYYYMMDD'), to_date('20090901','YYYYMMDD'), '01492601818', '', '', false);
insert into DiagramParts values('PM11-01_0692-01492601925', 'PM11-01_0692', 10, 'Owner&apos;s manual, E90, E91 with iDrive', 'PT, MJ 2009', 1, to_date('20090301','YYYYMMDD'), to_date('20090901','YYYYMMDD'), '01492601925', '', '', false);
insert into DiagramParts values('PM11-01_0692-01492604574', 'PM11-01_0692', 10, 'Owner&apos;s manual, E90, E91 with iDrive', 'PT, MJ  2010', 1, to_date('20100301','YYYYMMDD'), to_date('20100901','YYYYMMDD'), '01492604574', '', '', false);
insert into DiagramParts values('PM11-01_0692-01402605551', 'PM11-01_0692', 10, 'Owner&apos;s manual, E90, E91 with iDrive', 'PT, MJ 2011', 1, to_date('20100901','YYYYMMDD'), to_date('20110301','YYYYMMDD'), '01402605551', '', '', false);
insert into DiagramParts values('PM11-01_0692-01402606998', 'PM11-01_0692', 10, 'Owner&apos;s manual, E90, E91 with iDrive', 'PT, MJ 2011', 1, to_date('20110301','YYYYMMDD'), to_date('20110901','YYYYMMDD'), '01402606998', '', '', false);
insert into DiagramParts values('PM11-01_0692-01492601820', 'PM11-01_0692', 13, 'Owner&apos;s manual, E90, E91 with iDrive', 'EL, MJ 2009', 1, to_date('20090301','YYYYMMDD'), to_date('20090901','YYYYMMDD'), '01492601820', '', '', false);
insert into DiagramParts values('PM11-01_0692-01492601927', 'PM11-01_0692', 13, 'Owner&apos;s manual, E90, E91 with iDrive', 'EL, MJ 2009', 1, to_date('20090301','YYYYMMDD'), to_date('20090901','YYYYMMDD'), '01492601927', '', '', false);
insert into DiagramParts values('PM11-01_0692-01492604576', 'PM11-01_0692', 13, 'Owner&apos;s manual, E90, E91 with iDrive', 'EL, MJ 2010', 1, to_date('20100301','YYYYMMDD'), to_date('20100901','YYYYMMDD'), '01492604576', '', '', false);
insert into DiagramParts values('PM11-01_0692-01402605553', 'PM11-01_0692', 13, 'Owner&apos;s manual, E90, E91 with iDrive', 'EL, MJ 2011', 1, to_date('20100901','YYYYMMDD'), to_date('20110301','YYYYMMDD'), '01402605553', '', '', false);
insert into DiagramParts values('PM11-01_0692-01402607000', 'PM11-01_0692', 13, 'Owner&apos;s manual, E90, E91 with iDrive', 'EL, MJ 2011', 1, to_date('20110301','YYYYMMDD'), to_date('20110901','YYYYMMDD'), '01402607000', '', '', false);
insert into DiagramParts values('PM11-01_0692-01492601926', 'PM11-01_0692', 14, 'Owner&apos;s manual, E90, E91 with iDrive', 'ZH, MJ 2009', 1, to_date('20090301','YYYYMMDD'), to_date('20090901','YYYYMMDD'), '01492601926', '', '', false);
insert into DiagramParts values('PM11-01_0692-01492604575', 'PM11-01_0692', 14, 'Owner&apos;s manual, E90, E91 with iDrive', 'ZH, MJ 2010', 1, to_date('20100301','YYYYMMDD'), to_date('20100901','YYYYMMDD'), '01492604575', '', '', false);
insert into DiagramParts values('PM11-01_0692-01402605552', 'PM11-01_0692', 14, 'Owner&apos;s manual, E90, E91 with iDrive', 'ZH, MJ 2011', 1, to_date('20100901','YYYYMMDD'), to_date('20110301','YYYYMMDD'), '01402605552', '', '', false);
insert into DiagramParts values('PM11-01_0692-01402606999', 'PM11-01_0692', 14, 'Owner&apos;s manual, E90, E91 with iDrive', 'ZH, MJ 2011', 1, to_date('20110301','YYYYMMDD'), to_date('20110901','YYYYMMDD'), '01402606999', '', '', false);
insert into DiagramParts values('PM11-01_0692-01492601821', 'PM11-01_0692', 15, 'Owner&apos;s manual, E90, E91 with iDrive', 'KO, MJ 2009', 1, to_date('20090301','YYYYMMDD'), to_date('20090901','YYYYMMDD'), '01492601821', '', '', false);
insert into DiagramParts values('PM11-01_0692-01492601928', 'PM11-01_0692', 15, 'Owner&apos;s manual, E90, E91 with iDrive', 'KO, MJ 2009', 1, to_date('20090301','YYYYMMDD'), to_date('20090901','YYYYMMDD'), '01492601928', '', '', false);
insert into DiagramParts values('PM11-01_0692-01492604577', 'PM11-01_0692', 15, 'Owner&apos;s manual, E90, E91 with iDrive', 'KO, MJ 2010', 1, to_date('20100301','YYYYMMDD'), to_date('20100901','YYYYMMDD'), '01492604577', '', '', false);
insert into DiagramParts values('PM11-01_0692-01402605554', 'PM11-01_0692', 15, 'Owner&apos;s manual, E90, E91 with iDrive', 'KO, MJ 2011', 1, to_date('20100901','YYYYMMDD'), to_date('20110301','YYYYMMDD'), '01402605554', '', '', false);
insert into DiagramParts values('PM11-01_0692-01402607001', 'PM11-01_0692', 15, 'Owner&apos;s manual, E90, E91 with iDrive', 'KO, MJ 2011', 1, to_date('20110301','YYYYMMDD'), to_date('20110901','YYYYMMDD'), '01402607001', '', '', false);
insert into DiagramParts values('PM11-01_0692-01492601823', 'PM11-01_0692', 16, 'Owner&apos;s manual, E90, E91 with iDrive', 'RO, MJ 2009', 1, to_date('20090301','YYYYMMDD'), to_date('20090901','YYYYMMDD'), '01492601823', '', '', false);
insert into DiagramParts values('PM11-01_0692-01492601930', 'PM11-01_0692', 16, 'Owner&apos;s manual, E90, E91 with iDrive', 'RO, MJ 2009', 1, to_date('20090301','YYYYMMDD'), to_date('20090901','YYYYMMDD'), '01492601930', '', '', false);
insert into DiagramParts values('PM11-01_0692-01492604579', 'PM11-01_0692', 16, 'Owner&apos;s manual, E90, E91 with iDrive', 'RO, MJ 2010', 1, to_date('20100301','YYYYMMDD'), to_date('20100901','YYYYMMDD'), '01492604579', '', '', false);
insert into DiagramParts values('PM11-01_0692-01402605556', 'PM11-01_0692', 16, 'Owner&apos;s manual, E90, E91 with iDrive', 'RO, MJ 2011', 1, to_date('20100901','YYYYMMDD'), to_date('20110301','YYYYMMDD'), '01402605556', '', '', false);
insert into DiagramParts values('PM11-01_0692-01402607003', 'PM11-01_0692', 16, 'Owner&apos;s manual, E90, E91 with iDrive', 'RO, MJ 2011', 1, to_date('20110301','YYYYMMDD'), to_date('20110901','YYYYMMDD'), '01402607003', '', '', false);
insert into DiagramParts values('PM11-01_0692-01492601822', 'PM11-01_0692', 17, 'Owner&apos;s manual, E90, E91 with iDrive', 'RU, MJ 2009', 1, to_date('20090301','YYYYMMDD'), to_date('20090901','YYYYMMDD'), '01492601822', '', '', false);
insert into DiagramParts values('PM11-01_0692-01492601929', 'PM11-01_0692', 17, 'Owner&apos;s manual, E90, E91 with iDrive', 'RU, MJ 2009', 1, to_date('20090301','YYYYMMDD'), to_date('20090901','YYYYMMDD'), '01492601929', '', '', false);
insert into DiagramParts values('PM11-01_0692-01492604578', 'PM11-01_0692', 17, 'Owner&apos;s manual, E90, E91 with iDrive', 'RU, MJ 2010', 1, to_date('20100301','YYYYMMDD'), to_date('20100901','YYYYMMDD'), '01492604578', '', '', false);
insert into DiagramParts values('PM11-01_0692-01402605555', 'PM11-01_0692', 17, 'Owner&apos;s manual, E90, E91 with iDrive', 'RU, MJ 2011', 1, to_date('20100901','YYYYMMDD'), to_date('20110301','YYYYMMDD'), '01402605555', '', '', false);
insert into DiagramParts values('PM11-01_0692-01402607002', 'PM11-01_0692', 17, 'Owner&apos;s manual, E90, E91 with iDrive', 'RU, MJ 2011', 1, to_date('20110301','YYYYMMDD'), to_date('20110901','YYYYMMDD'), '01402607002', '', '', false);
insert into DiagramParts values('PM11-01_0692-01492604580', 'PM11-01_0692', 18, 'Owner&apos;s manual, E90, E91 with iDrive', 'SK, MJ 2010', 1, to_date('20100301','YYYYMMDD'), to_date('20100901','YYYYMMDD'), '01492604580', '', '', false);
insert into DiagramParts values('PM11-01_0692-01402605557', 'PM11-01_0692', 18, 'Owner&apos;s manual, E90, E91 with iDrive', 'SK, MJ 2011', 1, to_date('20100901','YYYYMMDD'), to_date('20110301','YYYYMMDD'), '01402605557', '', '', false);
insert into DiagramParts values('PM11-01_0692-01402607004', 'PM11-01_0692', 18, 'Owner&apos;s manual, E90, E91 with iDrive', 'SK, MJ 2011', 1, to_date('20110301','YYYYMMDD'), to_date('20110901','YYYYMMDD'), '01402607004', '', '', false);
insert into DiagramParts values('PM11-01_0692-01492604581', 'PM11-01_0692', 19, 'Owner&apos;s manual, E90, E91 with iDrive', 'CS, MJ 2010', 1, to_date('20100301','YYYYMMDD'), to_date('20100901','YYYYMMDD'), '01492604581', '', '', false);
insert into DiagramParts values('PM11-01_0692-01402605558', 'PM11-01_0692', 19, 'Owner&apos;s manual, E90, E91 with iDrive', 'CS, MJ 2011', 1, to_date('20100901','YYYYMMDD'), to_date('20110301','YYYYMMDD'), '01402605558', '', '', false);
insert into DiagramParts values('PM11-01_0692-01402607005', 'PM11-01_0692', 19, 'Owner&apos;s manual, E90, E91 with iDrive', 'CS, MJ 2011', 1, to_date('20110301','YYYYMMDD'), to_date('20110901','YYYYMMDD'), '01402607005', '', '', false);
insert into DiagramParts values('PM11-01_0692-01402605559', 'PM11-01_0692', 20, 'Owner&apos;s manual, E90, E91 with iDrive', 'PL, MJ 2011', 1, to_date('20100901','YYYYMMDD'), to_date('20110301','YYYYMMDD'), '01402605559', '', '', false);
insert into DiagramParts values('PM11-01_0692-01402607006', 'PM11-01_0692', 20, 'Owner&apos;s manual, E90, E91 with iDrive', 'PL, MJ 2011', 1, to_date('20110301','YYYYMMDD'), to_date('20110901','YYYYMMDD'), '01402607006', '', '', false);
insert into DiagramParts values('PM11-01_0692-01402607007', 'PM11-01_0692', 21, 'Owner&apos;s manual, E90, E91 with iDrive', 'HU, MJ 2011', 1, to_date('20110301','YYYYMMDD'), to_date('20110901','YYYYMMDD'), '01402607007', '', '', false);
insert into Diagram values('PM11-01_0692','PM11-20080400','01-05','E90N 330i   Owner&apos;s manual, E90, E91 with iDrive','');
insert into DiagramParts values('PM11-01_0733-01402604702', 'PM11-01_0733', 01, 'Brief instructions E90, E91, E92, E93', 'DE, MJ 2010', 1, to_date('20100301','YYYYMMDD'), to_date('20100901','YYYYMMDD'), '01402604702', '', '', false);
insert into DiagramParts values('PM11-01_0733-01402605350', 'PM11-01_0733', 01, 'Brief instructions E90, E91, E92, E93', 'DE, MJ 2011', 1, to_date('20100901','YYYYMMDD'), to_date('20110301','YYYYMMDD'), '01402605350', '', '', false);
insert into DiagramParts values('PM11-01_0733-01402607451', 'PM11-01_0733', 01, 'Brief instructions E90, E91, E92, E93', 'DE, MJ 2011', 1, to_date('20110301','YYYYMMDD'), to_date('20110901','YYYYMMDD'), '01402607451', '', '', false);
insert into DiagramParts values('PM11-01_0733-01402604716', 'PM11-01_0733', 01, 'Brief instructions E90, E91, E92, E93', 'DE, MJ 2010/11', 1, to_date('20100301','YYYYMMDD'), to_date('20110301','YYYYMMDD'), '01402604716', '', '', false);
insert into DiagramParts values('PM11-01_0733-01402607431', 'PM11-01_0733', 01, 'Brief instructions E90, E91, E92, E93', 'DE, MJ 2011', 1, to_date('20110301','YYYYMMDD'), to_date('20110901','YYYYMMDD'), '01402607431', '', '', false);
insert into DiagramParts values('PM11-01_0733-01402609786', 'PM11-01_0733', 01, 'Brief instructions E90, E91, E92, E93', 'DE', 1, to_date('20110901','YYYYMMDD'), to_date('20120301','YYYYMMDD'), '01402609786', '', '', false);
insert into DiagramParts values('PM11-01_0733-01412604703', 'PM11-01_0733', 02, 'Brief instructions E90, E91, E92, E93', 'EN, MJ 2010', 1, to_date('20100301','YYYYMMDD'), to_date('20100901','YYYYMMDD'), '01412604703', '', '', false);
insert into DiagramParts values('PM11-01_0733-01402605351', 'PM11-01_0733', 02, 'Brief instructions E90, E91, E92, E93', 'EN, MJ 2011', 1, to_date('20100901','YYYYMMDD'), to_date('20110301','YYYYMMDD'), '01402605351', '', '', false);
insert into DiagramParts values('PM11-01_0733-01402607452', 'PM11-01_0733', 02, 'Brief instructions E90, E91, E92, E93', 'EN, MJ 2011', 1, to_date('20110301','YYYYMMDD'), to_date('20110901','YYYYMMDD'), '01402607452', '', '', false);
insert into DiagramParts values('PM11-01_0733-01412604717', 'PM11-01_0733', 02, 'Brief instructions E90, E91, E92, E93', 'EN, MJ 2010/11', 1, to_date('20100301','YYYYMMDD'), to_date('20110301','YYYYMMDD'), '01412604717', '', '', false);
insert into DiagramParts values('PM11-01_0733-01402607432', 'PM11-01_0733', 02, 'Brief instructions E90, E91, E92, E93', 'EN, MJ 2011', 1, to_date('20110301','YYYYMMDD'), to_date('20110901','YYYYMMDD'), '01402607432', '', '', false);
insert into DiagramParts values('PM11-01_0733-01402609787', 'PM11-01_0733', 02, 'Brief instructions E90, E91, E92, E93', 'EN', 1, to_date('20110901','YYYYMMDD'), to_date('20120301','YYYYMMDD'), '01402609787', '', '', false);
insert into DiagramParts values('PM11-01_0733-01402609788', 'PM11-01_0733', 03, 'Brief instructions E90, E91, E92, E93', 'FR', 1, to_date('20110901','YYYYMMDD'), to_date('20120301','YYYYMMDD'), '01402609788', '', '', false);
insert into DiagramParts values('PM11-01_0733-01402609789', 'PM11-01_0733', 04, 'Brief instructions E90, E91, E92, E93', 'ES', 1, to_date('20110901','YYYYMMDD'), to_date('20120301','YYYYMMDD'), '01402609789', '', '', false);
insert into DiagramParts values('PM11-01_0733-01402609790', 'PM11-01_0733', 05, 'Brief instructions E90, E91, E92, E93', 'IT', 1, to_date('20110901','YYYYMMDD'), to_date('20120301','YYYYMMDD'), '01402609790', '', '', false);
insert into DiagramParts values('PM11-01_0733-01402609791', 'PM11-01_0733', 06, 'Brief instructions E90, E91, E92, E93', 'SV', 1, to_date('20110901','YYYYMMDD'), to_date('20120301','YYYYMMDD'), '01402609791', '', '', false);
insert into DiagramParts values('PM11-01_0733-01402609792', 'PM11-01_0733', 07, 'Brief instructions E90, E91, E92, E93', 'NL', 1, to_date('20110901','YYYYMMDD'), to_date('20120301','YYYYMMDD'), '01402609792', '', '', false);
insert into DiagramParts values('PM11-01_0733-01402609793', 'PM11-01_0733', 08, 'Brief instructions E90, E91, E92, E93', 'AR', 1, to_date('20110901','YYYYMMDD'), to_date('20120301','YYYYMMDD'), '01402609793', '', '', false);
insert into DiagramParts values('PM11-01_0733-01402609794', 'PM11-01_0733', 09, 'Brief instructions E90, E91, E92, E93', 'DA', 1, to_date('20110901','YYYYMMDD'), to_date('20120301','YYYYMMDD'), '01402609794', '', '', false);
insert into DiagramParts values('PM11-01_0733-01402609795', 'PM11-01_0733', 10, 'Brief instructions E90, E91, E92, E93', 'PT', 1, to_date('20110901','YYYYMMDD'), to_date('20120301','YYYYMMDD'), '01402609795', '', '', false);
insert into DiagramParts values('PM11-01_0733-01402609797', 'PM11-01_0733', 13, 'Brief instructions E90, E91, E92, E93', 'EL', 1, to_date('20110901','YYYYMMDD'), to_date('20120301','YYYYMMDD'), '01402609797', '', '', false);
insert into DiagramParts values('PM11-01_0733-01402609796', 'PM11-01_0733', 14, 'Brief instructions E90, E91, E92, E93', 'ZH', 1, to_date('20110901','YYYYMMDD'), to_date('20120301','YYYYMMDD'), '01402609796', '', '', false);
insert into DiagramParts values('PM11-01_0733-01402609798', 'PM11-01_0733', 15, 'Brief instructions E90, E91, E92, E93', 'KO', 1, to_date('20110901','YYYYMMDD'), to_date('20120301','YYYYMMDD'), '01402609798', '', '', false);
insert into DiagramParts values('PM11-01_0733-01402609800', 'PM11-01_0733', 16, 'Brief instructions E90, E91, E92, E93', 'RO', 1, to_date('20110901','YYYYMMDD'), to_date('20120301','YYYYMMDD'), '01402609800', '', '', false);
insert into DiagramParts values('PM11-01_0733-01402609799', 'PM11-01_0733', 17, 'Brief instructions E90, E91, E92, E93', 'RU', 1, to_date('20110901','YYYYMMDD'), to_date('20120301','YYYYMMDD'), '01402609799', '', '', false);
insert into DiagramParts values('PM11-01_0733-01402609801', 'PM11-01_0733', 18, 'Brief instructions E90, E91, E92, E93', 'SK', 1, to_date('20110901','YYYYMMDD'), to_date('20120301','YYYYMMDD'), '01402609801', '', '', false);
insert into DiagramParts values('PM11-01_0733-01402609802', 'PM11-01_0733', 19, 'Brief instructions E90, E91, E92, E93', 'CS', 1, to_date('20110901','YYYYMMDD'), to_date('20120301','YYYYMMDD'), '01402609802', '', '', false);
insert into DiagramParts values('PM11-01_0733-01402609803', 'PM11-01_0733', 20, 'Brief instructions E90, E91, E92, E93', 'PL', 1, to_date('20110901','YYYYMMDD'), to_date('20120301','YYYYMMDD'), '01402609803', '', '', false);
insert into DiagramParts values('PM11-01_0733-01402609804', 'PM11-01_0733', 21, 'Brief instructions E90, E91, E92, E93', 'HU', 1, to_date('20110901','YYYYMMDD'), to_date('20120301','YYYYMMDD'), '01402609804', '', '', false);
insert into Diagram values('PM11-01_0733','PM11-20080400','01-05','E90N 330i   Brief instructions E90, E91, E92, E93','');
insert into Diagram values('PM11-01_0756','PM11-20080400','01-05','E90N 330i   Mirror placard','');
insert into Diagram values('PM11-01_0776','PM11-20080400','01-05','E90N 330i   Brief instructions E6x, E8x, E9x,','');
insert into Diagram values('PM11-01_0780','PM11-20080400','01-05','E90N 330i   Brochure Service Contact, BMW','');
insert into DiagramParts values('PM11-01_1080-01402912788', 'PM11-01_1080', 01, 'Supplement Owner&apos;s Manual license texts', 'MULTILINGUAL', 1, to_date('20120301','YYYYMMDD'), to_date('20120701','YYYYMMDD'), '01402912788', '', '', false);
insert into DiagramParts values('PM11-01_1080-01402916582', 'PM11-01_1080', 01, 'Supplement Owner&apos;s Manual license texts', 'MULTILINGUAL', 1, to_date('20120701','YYYYMMDD'), to_date('20130301','YYYYMMDD'), '01402916582', '', '', false);
insert into DiagramParts values('PM11-01_1080-01402918756', 'PM11-01_1080', 01, 'Supplement Owner&apos;s Manual license texts', 'MULTILINGUAL', 1, to_date('20130301','YYYYMMDD'), to_date('20130701','YYYYMMDD'), '01402918756', '', '', false);
insert into DiagramParts values('PM11-01_1080-01402608395', 'PM11-01_1080', 02, 'Insert with license texts', 'EN, MJ 2011', 1, to_date('20100901','YYYYMMDD'), to_date('20110901','YYYYMMDD'), '01402608395', '', '', false);
insert into DiagramParts values('PM11-01_1080-01402901443', 'PM11-01_1080', 02, 'Supplement Owner&apos;s Manual license texts', 'MULTILINGUAL', 1, to_date('20110901','YYYYMMDD'), to_date('20120301','YYYYMMDD'), '01402901443', '', '', false);
insert into Diagram values('PM11-01_1080','PM11-20080400','01-05','E90N 330i   Flyer, license texts for BMW','');
insert into DiagramParts values('PM11-01_0606-01402606341', 'PM11-01_0606', 01, 'Operating instructions, radio &quot;de&quot;', 'SA663', 1, to_date('20100901','YYYYMMDD'), to_date('20110301','YYYYMMDD'), '01402606341', '', '', false);
insert into DiagramParts values('PM11-01_0606-01402606342', 'PM11-01_0606', 02, 'Operating instructions, radio &quot;en&quot;', 'SA663', 1, to_date('20100901','YYYYMMDD'), to_date('20110301','YYYYMMDD'), '01402606342', '', '', false);
insert into DiagramParts values('PM11-01_0606-01402606343', 'PM11-01_0606', 03, 'Operating instructions, radio &quot;fr&quot;', 'SA663', 1, to_date('20100901','YYYYMMDD'), to_date('20110301','YYYYMMDD'), '01402606343', '', '', false);
insert into DiagramParts values('PM11-01_0606-01402606344', 'PM11-01_0606', 04, 'Operating instructions, radio &quot;es&quot;', 'SA663', 1, to_date('20100901','YYYYMMDD'), to_date('20110301','YYYYMMDD'), '01402606344', '', '', false);
insert into DiagramParts values('PM11-01_0606-01402606345', 'PM11-01_0606', 05, 'Operating instructions, radio &quot;it&quot;', 'SA663', 1, to_date('20100901','YYYYMMDD'), to_date('20110301','YYYYMMDD'), '01402606345', '', '', false);
insert into DiagramParts values('PM11-01_0606-01402606346', 'PM11-01_0606', 06, 'Operating instructions, radio &quot;sv&quot;', 'SA663', 1, to_date('20100901','YYYYMMDD'), to_date('20110301','YYYYMMDD'), '01402606346', '', '', false);
insert into DiagramParts values('PM11-01_0606-01402606347', 'PM11-01_0606', 07, 'Operating instructions, radio &quot;nl&quot;', 'SA663', 1, to_date('20100901','YYYYMMDD'), to_date('20110301','YYYYMMDD'), '01402606347', '', '', false);
insert into DiagramParts values('PM11-01_0606-01402606348', 'PM11-01_0606', 08, 'Operating instructions, radio &quot;ar&quot;', 'SA663', 1, to_date('20100901','YYYYMMDD'), to_date('20110301','YYYYMMDD'), '01402606348', '', '', false);
insert into DiagramParts values('PM11-01_0606-01402606349', 'PM11-01_0606', 09, 'Operating instructions, radio &quot;da&quot;', 'SA663', 1, to_date('20100901','YYYYMMDD'), to_date('20110301','YYYYMMDD'), '01402606349', '', '', false);
insert into DiagramParts values('PM11-01_0606-01402606350', 'PM11-01_0606', 10, 'Operating instructions, radio &quot;pt&quot;', 'SA663', 1, to_date('20100901','YYYYMMDD'), to_date('20110301','YYYYMMDD'), '01402606350', '', '', false);
insert into DiagramParts values('PM11-01_0606-01402606352', 'PM11-01_0606', 13, 'Operating instructions, radio &quot;el&quot;', 'SA663', 1, to_date('20100901','YYYYMMDD'), to_date('20110301','YYYYMMDD'), '01402606352', '', '', false);
insert into DiagramParts values('PM11-01_0606-01402606351', 'PM11-01_0606', 14, 'Operating instructions, radio &quot;zh&quot;', 'SA663', 1, to_date('20100901','YYYYMMDD'), to_date('20110301','YYYYMMDD'), '01402606351', '', '', false);
insert into DiagramParts values('PM11-01_0606-01402606353', 'PM11-01_0606', 15, 'Operating instructions for radio &quot;ko&quot;', 'SA663', 1, to_date('20100901','YYYYMMDD'), to_date('20110301','YYYYMMDD'), '01402606353', '', '', false);
insert into DiagramParts values('PM11-01_0606-01402606355', 'PM11-01_0606', 16, 'Operating instructions for radio &apos;ro&apos;', 'SA663', 1, to_date('20100901','YYYYMMDD'), to_date('20110301','YYYYMMDD'), '01402606355', '', '', false);
insert into DiagramParts values('PM11-01_0606-01402606354', 'PM11-01_0606', 17, 'Operating instructions for radio &quot;ru&quot;', 'SA663', 1, to_date('20100901','YYYYMMDD'), to_date('20110301','YYYYMMDD'), '01402606354', '', '', false);
insert into DiagramParts values('PM11-01_0606-01402606356', 'PM11-01_0606', 18, 'Operating Instructions for radio &quot;sk&quot;', 'SA663', 1, to_date('20100901','YYYYMMDD'), to_date('20110301','YYYYMMDD'), '01402606356', '', '', false);
insert into DiagramParts values('PM11-01_0606-01402606357', 'PM11-01_0606', 19, 'Operating instructions for radio &quot;cs&quot;', 'SA663', 1, to_date('20100901','YYYYMMDD'), to_date('20110301','YYYYMMDD'), '01402606357', '', '', false);
insert into Diagram values('PM11-01_0606','PM11-20080400','01-12','E90N 330i   Radio E81,E82,E87,E88, E90,E91,E92,E93','');
insert into Diagram values('PM11-01_0302','PM11-20080400','01-14','E90N 330i   Universal BMW mobile phone preparat.','');
insert into Diagram values('PM11-01_1128','PM11-20080400','01-19','E90N 330i   EC Certificate of Conformity','');
insert into Diagram values('PM11-01_0169','PM11-20080400','01-21','E90N 330i   Logbook slipcase BMW','');
insert into Diagram values('PM11-01_1140','PM11-20080400','01-21','E90N 330i   Logbook slipcase BMW','');
insert into DiagramParts values('PM11-01_0029-01412602302', 'PM11-01_0029', 01, 'Supplem. to owner&apos;s manual, Australia', 'E90,E91, MJ 09', 1, to_date('20090301','YYYYMMDD'), to_date('20090901','YYYYMMDD'), '01412602302', '', '', false);
insert into DiagramParts values('PM11-01_0029-01412603273', 'PM11-01_0029', 01, 'Supplement Owner&apos;s Manual, Australia', 'EN, E90, E91', 1, to_date('20090901','YYYYMMDD'), to_date('20100301','YYYYMMDD'), '01412603273', '', '', false);
insert into Diagram values('PM11-01_0029','PM11-20080400','01-24','E90N 330i   Supplem. to owner&apos;s manual, Australia','');
insert into DiagramParts values('PM11-01_0743-01492601593', 'PM11-01_0743', 01, 'Service booklet, multi-lingual', 'MJ 2009', 1, to_date('20080901','YYYYMMDD'), to_date('20090301','YYYYMMDD'), '01492601593', '', '', false);
insert into Diagram values('PM11-01_0743','PM11-20080400','01-26','E90N 330i   BMW Service Manual 2008 - 2011','');
insert into Diagram values('PM11-01_1139','PM11-20080400','01-26','E90N 330i   BMW Service Manual from model year 2012','');
insert into Diagram values('PM11-01_0670','PM11-20080400','01-35','E90N 330i   battery charge calendar','');
insert into Diagram values('PM11-01_0635','PM11-20080400','01-60','E90N 330i   BMW form','');
insert into Diagram values('PM11-01_0639','PM11-20080400','01-65','E90N 330i   Labels BMW','');
insert into Diagram values('PM11-01_0612','PM11-20080400','01-70','E90N 330i   CD/DVD SIP German BMW','');
insert into DiagramParts values('PM11-01_0671-01399789699', 'PM11-01_0671', 01, 'CD literature', 'LITERATUR', 1, to_date('19820901','YYYYMMDD'), to_date('19901201','YYYYMMDD'), '01399789699', '$8.11', '', false);
insert into Diagram values('PM11-01_0671','PM11-20080400','01-70','E90N 330i   BMW CD/DVD miscellaneous','');
insert into Diagram values('PM11-01_0737','PM11-20080400','01-70','E90N 330i   CD/DVD SIP complete vehicle BMW','');
insert into Diagram values('PM11-01_1172','PM11-20080400','01-70','E90N 330i   DVD Web Based Training','');
insert into Diagram values('PM11-01_0875','PM11-20080400','01-94','E90N 330i   Sample chart, upholstery colors, leather','');
insert into Diagram values('PM11-01_0876','PM11-20080400','01-94','E90N 330i   Sample page, upholstery colors, fabric','');
insert into Diagram values('PM11-01_0877','PM11-20080400','01-94','E90N 330i   Sample chart with interior moldings','');
insert into Diagram values('PM11-01_0878','PM11-20080400','01-94','E90N 330i   Sample chart with interior moldings','');
insert into Diagram values('PM11-01_0879','PM11-20080400','01-94','E90N 330i   Sample chart with interior colors','');
insert into Diagram values('PM11-11_3730','PM11-20080400','11-05','E90N 330i   Short Engine','');
insert into Diagram values('PM11-11_3731','PM11-20080400','11-10','E90N 330i   Engine block','');
insert into Diagram values('PM11-11_3732','PM11-20080400','11-10','E90N 330i   Engine Block Mounting Parts','');
insert into Diagram values('PM11-11_3742','PM11-20080400','11-10','E90N 330i   Cylinder crankcase/Heli-Coil insert','');
insert into Diagram values('PM11-11_3834','PM11-20080400','11-10','E90N 330i   Oil Pan','');
insert into Diagram values('PM11-11_3994','PM11-20080400','11-10','E90N 330i   Oil Pan','');
insert into Diagram values('PM11-11_3965','PM11-20080400','11-15','E90N 330i   Cylinder Head','');
insert into Diagram values('PM11-11_3966','PM11-20080400','11-15','E90N 330i   Cylinder Head Attached Parts','');
insert into Diagram values('PM11-11_3967','PM11-20080400','11-15','E90N 330i   Cylinder head, electr. add-on parts','');
insert into Diagram values('PM11-11_3968','PM11-20080400','11-15','E90N 330i   Cylinder head cover','');
insert into Diagram values('PM11-11_3739','PM11-20080400','11-18','E90N 330i   Belt Drive-Vibration Damper','');
insert into Diagram values('PM11-11_3740','PM11-20080400','11-18','E90N 330i   Belt drive-generator/AC/power steering','');
insert into Diagram values('PM11-11_3185','PM11-20080400','11-20','E90N 330i   Crankshaft Connecting Rod','');
insert into Diagram values('PM11-11_3186','PM11-20080400','11-20','E90N 330i   Crankshaft-Pistons','');
insert into Diagram values('PM11-11_3187','PM11-20080400','11-20','E90N 330i   Flywheel / Twin Mass Flywheel','');
insert into Diagram values('PM11-11_3188','PM11-20080400','11-20','E90N 330i   Flywheel automatic','');
insert into Diagram values('PM11-11_3741','PM11-20080400','11-20','','');
insert into Diagram values('PM11-11_3746','PM11-20080400','11-25','E90N 330i   Timing and valve train-timing chain','');
insert into Diagram values('PM11-11_3750','PM11-20080400','11-25','E90N 330i   Valve timing gear, camshaft, outlet','');
insert into Diagram values('PM11-11_3970','PM11-20080400','11-25','E90N 330i   Valve timing gear, camshaft, inlet','');
insert into Diagram values('PM11-11_3751','PM11-20080400','11-30','E90N 330i   Lubrication system/Oil pump','');
insert into Diagram values('PM11-11_3752','PM11-20080400','11-30','E90N 330i   Lubrication system/Oil pump drive','');
insert into Diagram values('PM11-11_3753','PM11-20080400','11-30','E90N 330i   Lubricat.syst.-oil filter,heat exchanger','');
insert into Diagram values('PM11-11_3754','PM11-20080400','11-35','E90N 330i   Waterpump - Thermostat','');
insert into Diagram values('PM11-11_3755','PM11-20080400','11-35','E90N 330i   Cooling System Water Hoses','');
insert into Diagram values('PM11-11_3757','PM11-20080400','11-40','E90N 330i   MOUNTING PARTS F INTAKE MANIFOLD SYSTEM','');
insert into Diagram values('PM11-11_3974','PM11-20080400','11-40','E90N 330i   INTAKE MANIFOLD SYSTEM-AGR','');
insert into Diagram values('PM11-11_4086','PM11-20080400','11-40','E90N 330i   Intake manifold system','');
insert into Diagram values('PM11-11_3758','PM11-20080400','11-45','E90N 330i   Vacuum pump','');
insert into DiagramParts values('PM11-12_1417-12137582627', 'PM11-12_1417', 01, 'Ignition coil', 'BOSCH', 6, to_date('20081201','YYYYMMDD'), to_date('20090301','YYYYMMDD'), '12137582627', '', 'ENDED', false);
insert into DiagramParts values('PM11-12_1417-12137594935', 'PM11-12_1417', 01, 'Ignition coil', 'BOSCH', 6, to_date('20081201','YYYYMMDD'), to_date('20120301','YYYYMMDD'), '12137594935', '', '', false);
insert into Diagram values('PM11-12_1417','PM11-20080400','12-05','E90N 330i   Ignition coil/spark plug','');
insert into Diagram values('PM11-12_1448','PM11-20080400','12-10','E90N 330i   Base control unit DME / MSD81','');
insert into Diagram values('PM11-12_1198','PM11-20080400','12-20','E90N 330i   Generator','');
insert into Diagram values('PM11-12_1245','PM11-20080400','12-22','E90N 330i   Alternator, individual parts','');
insert into Diagram values('PM11-12_1161','PM11-20080400','12-25','E90N 330i   Starter','');
insert into Diagram values('PM11-12_1070','PM11-20080400','12-28','E90N 330i   Engine wiring harness, engine module','');
insert into Diagram values('PM11-12_1095','PM11-20080400','12-28','E90N 330i   wiring harness, engine trans. module','');
insert into Diagram values('PM11-12_1341','PM11-20080400','12-28','E90N 330i   Cable harness injection valve/ignition','');
insert into Diagram values('PM11-12_1141','PM11-20080400','12-29','E90N 330i   DIVERSE SMALL PARTS','');
insert into Diagram values('PM11-12_1339','PM11-20080400','12-29','E90N 330i   Cable starter','');
insert into Diagram values('PM11-12_1105','PM11-20080400','12-30','E90N 330i   Various wiring harnesses','');
insert into Diagram values('PM11-12_1376','PM11-20080400','12-30','E90N 330i   Interference-suppression band','');
insert into Diagram values('PM11-12_0907','PM11-20080400','12-31','E90N 330i   Cable holder','');
insert into Diagram values('PM11-12_1238','PM11-20080400','12-31','E90N 330i   CABLE HOLDER/COVERING','');
insert into Diagram values('PM11-12_1328','PM11-20080400','12-31','E90N 330i   Cable Harness Fixings','');
insert into Diagram values('PM11-12_1340','PM11-20080400','12-31','E90N 330i   Cable Harness Fixings','');
insert into Diagram values('PM11-12_1043','PM11-20080400','12-32','E90N 330i   Laminated contacts/spring contacts','');
insert into Diagram values('PM11-12_1459','PM11-20080400','12-32','E90N 330i   Contact system MLK','');
insert into Diagram values('PM11-12_1327','PM11-20080400','12-35','E90N 330i   Control unit box','');
insert into Diagram values('PM11-13_1179','PM11-20080400','13-15','E90N 330i   FUEL TANK BREATHER VALVE','');
insert into Diagram values('PM11-13_1181','PM11-20080400','13-15','E90N 330i   Throttle Housing Assy','');
insert into Diagram values('PM11-13_1182','PM11-20080400','13-15','E90N 330i   High-pressure rail/injector/line','');
insert into Diagram values('PM11-13_1183','PM11-20080400','13-15','E90N 330i   High-pressure pump/Tubing','');
insert into Diagram values('PM11-13_1147','PM11-20080400','13-20','E90N 330i   Intake muffler/Filter cartridge/HFM','');
insert into Diagram values('PM11-13_1280','PM11-20080400','13-95','E90N 330i   BMW Performance air-induction system','');
insert into Diagram values('PM11-16_0595','PM11-20080400','16-05','E90N 330i   Fuel tank/mounting parts','');
insert into Diagram values('PM11-16_0597','PM11-20080400','16-10','E90N 330i   Activated Charcoal Filter/FUEL VENTILAT','');
insert into Diagram values('PM11-16_0596','PM11-20080400','16-15','E90N 330i   Fuel pipes / Mounting parts','');
insert into Diagram values('PM11-16_0598','PM11-20080400','16-15','E90N 330i   Control unit for fuel pump','');
insert into Diagram values('PM11-16_0601','PM11-20080400','16-15','E90N 330i   Fuel filter/pump/fuel level sensor','');
insert into Diagram values('PM11-17_0319','PM11-20080400','17-05','E90N 330i   Oil-cooler pipe/heat exchanger','');
insert into Diagram values('PM11-17_0322','PM11-20080400','17-05','E90N 330i   Expansion tank','');
insert into Diagram values('PM11-17_0323','PM11-20080400','17-05','E90N 330i   MOUNTING PARTS F RADIATOR','');
insert into Diagram values('PM11-17_0324','PM11-20080400','17-05','E90N 330i   Fan housing, mounting parts','');
insert into Diagram values('PM11-17_0350','PM11-20080400','17-30','E90N 330i   Cooling System Water Hoses','');
insert into Diagram values('PM11-17_0351','PM11-20080400','17-30','E90N 330i   Cooling System Water Hoses','');
insert into Diagram values('PM11-17_0699','PM11-20080400','17-30','E90N 330i   Cooling system coolant hoses','');
insert into Diagram values('PM11-17_0700','PM11-20080400','17-30','E90N 330i   Cooling system coolant hoses','');
insert into Diagram values('PM11-17_0701','PM11-20080400','17-30','E90N 330i   Cooling system coolant hoses','');
insert into Diagram values('PM11-17_0704','PM11-20080400','17-30','E90N 330i   Cooling system coolant hoses','');
insert into Diagram values('PM11-18_0722','PM11-20080400','18-10','E90N 330i   Lambda Probe Fixings','');
insert into Diagram values('PM11-18_0739','PM11-20080400','18-10','E90N 330i   Catalytic converter/Front silencer','');
insert into Diagram values('PM11-18_0741','PM11-20080400','18-10','E90N 330i   Exhaust manifold with catalyst','');
insert into Diagram values('PM11-18_0589','PM11-20080400','18-20','E90N 330i   Exhaust system, rear','');
insert into Diagram values('PM11-18_0612','PM11-20080400','18-20','E90N 330i   Vacuum control, exhaust flap','');
insert into Diagram values('PM11-18_0740','PM11-20080400','18-20','E90N 330i   Exhaust system, rear','');
insert into Diagram values('PM11-18_0797','PM11-20080400','18-95','E90N 330i   BMW Performance muffler system','');
insert into Diagram values('PM11-21_0227','PM11-20080400','21-05','E90N 330i   Clutch','');
insert into Diagram values('PM11-21_0208','PM11-20080400','21-10','E90N 330i   Clutch control','');
insert into Diagram values('PM11-22_0113','PM11-20080400','22-05','E90N 330i   Engine Suspension','');
insert into Diagram values('PM11-22_0106','PM11-20080400','22-10','E90N 330i   Gearbox suspension','');
insert into Diagram values('PM11-23_0918','PM11-20080400','23-05','E90N 330i   Manual transmission GS6-37BZ/DZ','');
insert into Diagram values('PM11-23_0979','PM11-20080400','23-10','E90N 330i   GEARBOX MOUNTING PARTS','');
insert into Diagram values('PM11-23_1053','PM11-20080400','23-15','E90N 330i   GS6-37BZ/DZ Sealing and mount. parts','');
insert into Diagram values('PM11-23_1054','PM11-20080400','23-15','E90N 330i   GS6-37BZ/DZ Gear shift components','');
insert into Diagram values('PM11-24_1024','PM11-20080400','24-05','E90N 330i   Automatic transmission GA6HP19Z','');
insert into Diagram values('PM11-24_1059','PM11-20080400','24-10','E90N 330i   GEARBOX MOUNTING PARTS','');
insert into Diagram values('PM11-24_1042','PM11-20080400','24-15','E90N 330i   GA6HP19Z housing with mounting parts','');
insert into Diagram values('PM11-24_1044','PM11-20080400','24-15','E90N 330i   GA6HP19Z oil pan','');
insert into Diagram values('PM11-24_1045','PM11-20080400','24-15','E90N 330i   GA6HP19Z output','');
insert into Diagram values('PM11-24_1047','PM11-20080400','24-15','E90N 330i   GA6HP19Z Mechatronics mounting parts','');
insert into Diagram values('PM11-24_1372','PM11-20080400','24-15','E90N 330i   Fluid-change kit, autom. transmission','');
insert into Diagram values('PM11-25_0388','PM11-20080400','25-05','E90N 330i   Gearbox shifting part','');
insert into Diagram values('PM11-25_0454','PM11-20080400','25-10','E90N 330i   GEAR SHIFT KNOBS/SHIFT LEVER COVERINGS','');
insert into Diagram values('PM11-25_0461','PM11-20080400','25-10','E90N 330i   Performance shift knob','');
insert into Diagram values('PM11-25_0435','PM11-20080400','25-20','E90N 330i   AUTOM.TRANSMISS.STEPTRONIC SHIFT PARTS','');
insert into Diagram values('PM11-25_0404','PM11-20080400','25-25','E90N 330i   Selector lever handles / Covers','');
insert into Diagram values('PM11-25_0416','PM11-20080400','25-95','E90N 330i   Retrofit, wooden gearshift knob','');
insert into Diagram values('PM11-25_0417','PM11-20080400','25-95','E90N 330i   Retrofit, wooden selector lever knob','');
insert into Diagram values('PM11-25_0437','PM11-20080400','25-95','E90N 330i   Sports gearshift knob','');
insert into Diagram values('PM11-25_0463','PM11-20080400','25-95','E90N 330i   Retrofit, sport switch knob','');
insert into Diagram values('PM11-25_0464','PM11-20080400','25-95','E90N 330i   Retrofit, selector lever grip','');
insert into Diagram values('PM11-25_0470','PM11-20080400','25-95','E90N 330i   BMW Performance shift, manual trans.','');
insert into Diagram values('PM11-25_0479','PM11-20080400','25-95','E90N 330i   BMW Performance shift, manual trans.','');
insert into Diagram values('PM11-25_0484','PM11-20080400','25-95','E90N 330i   BMW Performance selector lever handle','');
insert into Diagram values('PM11-26_0216','PM11-20080400','26-05','E90N 330i   Drive shaft/HAG-universal joint','');
insert into Diagram values('PM11-26_0218','PM11-20080400','26-10','E90N 330i   Center bearing/HAG Hardy coupling','');
insert into Diagram values('PM11-31_0697','PM11-20080400','31-05','E90N 330i   HEADLIGHT VERTICAL AIM CONTROL SENSOR','');
insert into Diagram values('PM11-31_0715','PM11-20080400','31-05','E90N 330i   Frnt axle support,wishbone/tension strut','');
insert into DiagramParts values('PM11-31_0694-31316786001', 'PM11-31_0694', 01, 'LEFT FRONT SPRING STRUT', 'SACHS', 1, to_date('20090901','YYYYMMDD'), to_date('20100301','YYYYMMDD'), '31316786001', '$281.25', '', false);
insert into DiagramParts values('PM11-31_0694-31316786002', 'PM11-31_0694', 01, 'FRONT RIGHT SPRING STRUT', 'SACHS', 1, to_date('20090901','YYYYMMDD'), to_date('20100301','YYYYMMDD'), '31316786002', '$281.25', '', false);
insert into DiagramParts values('PM11-31_0694-31316786003', 'PM11-31_0694', 01, 'LEFT FRONT SPRING STRUT', 'SACHS', 1, to_date('20090901','YYYYMMDD'), to_date('20100301','YYYYMMDD'), '31316786003', '$309.71', '', false);
insert into DiagramParts values('PM11-31_0694-31316786004', 'PM11-31_0694', 01, 'FRONT RIGHT SPRING STRUT', 'SACHS', 1, to_date('20090901','YYYYMMDD'), to_date('20100301','YYYYMMDD'), '31316786004', '$309.71', '', false);
insert into Diagram values('PM11-31_0694','PM11-20080400','31-10','E90N 330i   Front Spring strut/Carrier/Wheel bearing','');
insert into Diagram values('PM11-31_0698','PM11-20080400','31-10','E90N 330i   FRONT COIL SPRING','');
insert into Diagram values('PM11-31_0716','PM11-20080400','31-10','E90N 330i   GUIDE SUPPORT/SPRING PAD/ATTACHING PARTS','');
insert into Diagram values('PM11-31_0728','PM11-20080400','31-10','E90N 330i   Stabilizer, front','');
insert into Diagram values('PM11-31_0839','PM11-20080400','31-95','E90N 330i   Performance suspension','');
insert into Diagram values('PM11-32_1562','PM11-20080400','32-10','E90N 330i   Hydro steering box-Active steering (AFS)','');
insert into Diagram values('PM11-32_1571','PM11-20080400','32-10','E90N 330i   Control unit, active steering','');
insert into Diagram values('PM11-32_1660','PM11-20080400','32-12','E90N 330i   Steering unit, electric (EPS)','');
insert into Diagram values('PM11-32_1573','PM11-20080400','32-15','E90N 330i   Power steering pump/Active steering','');
insert into Diagram values('PM11-32_1568','PM11-20080400','32-20','E90N 330i   Oil reservoir/components/Active steering','');
insert into Diagram values('PM11-32_1574','PM11-20080400','32-20','E90N 330i   Power steering/oil pipe/Active steering','');
insert into Diagram values('PM11-32_1575','PM11-20080400','32-20','E90N 330i   Power steering/oil pipe/Active steering','');
insert into Diagram values('PM11-32_1510','PM11-20080400','32-25','E90N 330i   STEERING LINKAGE/TIE RODS','');
insert into Diagram values('PM11-32_1515','PM11-20080400','32-30','E90N 330i   Manually adjust. steering column','');
insert into Diagram values('PM11-32_1516','PM11-20080400','32-30','E90N 330i   STEER.COL.-LOWER JOINT ASSY','');
insert into Diagram values('PM11-32_1518','PM11-20080400','32-35','E90N 330i   Airbag sports steering wheel','');
insert into Diagram values('PM11-32_1519','PM11-20080400','32-35','E90N 330i   Airbag sports steering wheel multifunct.','');
insert into Diagram values('PM11-32_1564','PM11-20080400','32-35','E90N 330i   Leather steering wheel','');
insert into Diagram values('PM11-32_1565','PM11-20080400','32-35','E90N 330i   Steering wheel, leather, multif./airbag','');
insert into Diagram values('PM11-32_1566','PM11-20080400','32-35','E90N 330i   Sports st. wheel airbag multif./paddles','');
insert into Diagram values('PM11-32_1605','PM11-20080400','32-35','E90N 330i   M sports steer.-wheel, airbag, leather','');
insert into Diagram values('PM11-32_1617','PM11-20080400','32-35','E90N 330i   M sports strng whl,airbag,multifunction','');
insert into Diagram values('PM11-32_1635','PM11-20080400','32-35','E90N 330i   M Sp. st. wh. airbag multif./paddles','');
insert into Diagram values('PM11-32_1654','PM11-20080400','32-35','E90N 330i   Leather cover','');
insert into Diagram values('PM11-32_1590','PM11-20080400','32-95','E90N 330i   Cover for wood steering wheel','');
insert into Diagram values('PM11-32_1592','PM11-20080400','32-95','E90N 330i   Retrofit multi-functional steering wheel','');
insert into Diagram values('PM11-32_1730','PM11-20080400','32-95','E90N 330i   Cover, steering wheel','');
insert into Diagram values('PM11-32_1731','PM11-20080400','32-95','E90N 330i   Cover, multi-funct.steering wheel','');
insert into Diagram values('PM11-32_1773','PM11-20080400','32-95','E90N 330i   Performance steering wheel with display','');
insert into Diagram values('PM11-32_1778','PM11-20080400','32-95','E90N 330i   Performance steering wheel with display','');
insert into Diagram values('PM11-32_1834','PM11-20080400','32-95','E90N 330i   Performance steering wheel','');
insert into Diagram values('PM11-32_1835','PM11-20080400','32-95','E90N 330i   Performance steering wheel','');
insert into Diagram values('PM11-32_1838','PM11-20080400','32-95','E90N 330i   Retrofit, Servotronic','');
insert into Diagram values('PM11-32_1997','PM11-20080400','32-95','E90N 330i   Retrofit, Servotronic','');
insert into Diagram values('PM11-33_1250','PM11-20080400','33-05','E90N 330i   DIFFERENTIAL-DRIVE/OUTPUT','');
insert into Diagram values('PM11-33_1341','PM11-20080400','33-10','E90N 330i   Final drive, gasket set','');
insert into Diagram values('PM11-33_1252','PM11-20080400','33-25','E90N 330i   Output shaft','');
insert into Diagram values('PM11-33_1229','PM11-20080400','33-30','E90N 330i   REAR AXLE CARRIER','');
insert into Diagram values('PM11-33_1230','PM11-20080400','33-30','E90N 330i   REAR AXLE SUPPORT/WHEEL SUSPENSION','');
insert into Diagram values('PM11-33_1237','PM11-20080400','33-30','E90N 330i   HEADLIGHT VERTICAL AIM CONTROL SENSOR','');
insert into Diagram values('PM11-33_1231','PM11-20080400','33-40','E90N 330i   SIDE SHAFT/WHEEL BEARINGS','');
insert into Diagram values('PM11-33_1238','PM11-20080400','33-45','E90N 330i   REAR COIL SPRING','');
insert into DiagramParts values('PM11-33_1263-33526771725', 'PM11-33_1263', 01, 'Shock absorber, rear', 'SACHS', 2, to_date('20090901','YYYYMMDD'), to_date('20100301','YYYYMMDD'), '33526771725', '$150.86', '', false);
insert into DiagramParts values('PM11-33_1263-33526771729', 'PM11-33_1263', 01, 'Shock absorber, rear', 'SACHS', 2, to_date('20090901','YYYYMMDD'), to_date('20100301','YYYYMMDD'), '33526771729', '$165.96', '', false);
insert into Diagram values('PM11-33_1263','PM11-20080400','33-45','E90N 330i   REAR SPRING STRUT MOUNTING PARTS','');
insert into Diagram values('PM11-33_1280','PM11-20080400','33-45','E90N 330i   Stabilizer, rear','');
insert into DiagramParts values('PM11-33_1502-31316786003', 'PM11-33_1502', 01, 'LEFT FRONT SPRING STRUT', 'SACHS', 1, to_date('20090901','YYYYMMDD'), to_date('20100301','YYYYMMDD'), '31316786003', '$309.71', '', false);
insert into DiagramParts values('PM11-33_1502-31316786004', 'PM11-33_1502', 01, 'FRONT RIGHT SPRING STRUT', 'SACHS', 1, to_date('20090901','YYYYMMDD'), to_date('20100301','YYYYMMDD'), '31316786004', '$309.71', '', false);
insert into DiagramParts values('PM11-33_1502-33526771729', 'PM11-33_1502', 02, 'Shock absorber, rear', 'SACHS', 2, to_date('20090901','YYYYMMDD'), to_date('20100301','YYYYMMDD'), '33526771729', '$165.96', '', false);
insert into Diagram values('PM11-33_1502','PM11-20080400','33-95','E90N 330i   Single parts for M Sport suspension','');
insert into Diagram values('PM11-34_1770','PM11-20080400','34-05','E90N 330i   Front brake pad wear sensor','');
insert into Diagram values('PM11-34_1771','PM11-20080400','34-05','E90N 330i   Front brake pad wear sensor','');
insert into Diagram values('PM11-34_1772','PM11-20080400','34-05','E90N 330i   Front brake pad wear sensor','');
insert into Diagram values('PM11-34_1475','PM11-20080400','34-07','E90N 330i   Front brake-brake disc','');
insert into Diagram values('PM11-34_1476','PM11-20080400','34-10','E90N 330i   Rear brake pad wear sensor','');
insert into Diagram values('PM11-34_1478','PM11-20080400','34-12','E90N 330i   Rear wheel brake-Brake disc','');
insert into DiagramParts values('PM11-34_1486-34326774427', 'PM11-34_1486', 03, 'Pipe', 'M10/M12-1090MM', 1, to_date('20050701','YYYYMMDD'), to_date('20110401','YYYYMMDD'), '34326774427', '', 'ENDED', false);
insert into DiagramParts values('PM11-34_1486-34326770551', 'PM11-34_1486', 04, 'Pipe', 'M10/M10-2296MM', 1, to_date('20050701','YYYYMMDD'), to_date('20110401','YYYYMMDD'), '34326770551', '$10.13', '', false);
insert into Diagram values('PM11-34_1486','PM11-20080400','34-15','E90N 330i   Brake pipe, front','');
insert into Diagram values('PM11-34_1487','PM11-20080400','34-15','E90N 330i   Brake pipe, front','');
insert into Diagram values('PM11-34_1806','PM11-20080400','34-17','E90N 330i   Brake pipe rear','');
insert into DiagramParts values('PM11-34_1807-34326794390', 'PM11-34_1807', 01, 'Pipe', 'M12/M10', 1, to_date('20090901','YYYYMMDD'), to_date('20110401','YYYYMMDD'), '34326794390', '', 'ENDED', false);
insert into DiagramParts values('PM11-34_1807-34326794392', 'PM11-34_1807', 02, 'Pipe', 'M10/M10', 1, to_date('20090901','YYYYMMDD'), to_date('20110401','YYYYMMDD'), '34326794392', '', 'ENDED', false);
insert into DiagramParts values('PM11-34_1807-34326764487', 'PM11-34_1807', 04, 'Pipe', 'M10/M10-232MM', 1, to_date('20090901','YYYYMMDD'), to_date('20110401','YYYYMMDD'), '34326764487', '', 'ENDED', false);
insert into DiagramParts values('PM11-34_1807-34326764488', 'PM11-34_1807', 05, 'Pipe', 'M10/M10-988MM', 1, to_date('20090901','YYYYMMDD'), to_date('20110401','YYYYMMDD'), '34326764488', '', 'ENDED', false);
insert into Diagram values('PM11-34_1807','PM11-20080400','34-17','E90N 330i   Brake pipe rear','');
insert into Diagram values('PM11-34_1808','PM11-20080400','34-17','E90N 330i   Brake pipe rear','');
insert into Diagram values('PM11-34_1489','PM11-20080400','34-18','E90N 330i   BRAKE PIPE REAR/MOUNTING','');
insert into DiagramParts values('PM11-34_1695-34506863814', 'PM11-34_1695', 04, 'Torx screw with collar', 'M6X9-8.8-ZNNIV', 3, to_date('20080901','YYYYMMDD'), to_date('20130701','YYYYMMDD'), '34506863814', '', '', false);
insert into Diagram values('PM11-34_1695','PM11-20080400','34-20','E90N 330i   Hydro unit DSC/fastening/sensors','');
insert into Diagram values('PM11-34_1483','PM11-20080400','34-25','E90N 330i   Brake master cylinder','');
insert into Diagram values('PM11-34_1556','PM11-20080400','34-27','E90N 330i   Power brake unit depression','');
insert into Diagram values('PM11-34_1484','PM11-20080400','34-30','E90N 330i   Handbrake lever','');
insert into Diagram values('PM11-34_1485','PM11-20080400','34-40','E90N 330i   PARKING BRAKE/BRAKE SHOES','');
insert into Diagram values('PM11-34_1513','PM11-20080400','34-95','E90N 330i   Retrofit, handbrake handle','');
insert into Diagram values('PM11-34_1562','PM11-20080400','34-95','E90N 330i   Handbrake grip with chrome inlay','');
insert into Diagram values('PM11-34_1631','PM11-20080400','34-95','E90N 330i   Parking brake handle with clip','');
insert into Diagram values('PM11-34_1679','PM11-20080400','34-95','E90N 330i   Set of BMW Performance Brakes front/rear','');
insert into Diagram values('PM11-34_1681','PM11-20080400','34-95','E90N 330i   BMW Performance front wheel brake','');
insert into Diagram values('PM11-34_1687','PM11-20080400','34-95','E90N 330i   BMW Performance Rear wheel brake','');
insert into Diagram values('PM11-34_1717','PM11-20080400','34-95','E90N 330i   BMW Performance parking brake handle','');
insert into Diagram values('PM11-35_0291','PM11-20080400','35-05','E90N 330i   Foot lever mech. with return spring','');
insert into Diagram values('PM11-35_0292','PM11-20080400','35-05','E90N 330i   Foot lever mech. with return spring','');
insert into Diagram values('PM11-35_0293','PM11-20080400','35-05','E90N 330i   Pedal assembly','');
insert into Diagram values('PM11-35_0294','PM11-20080400','35-05','E90N 330i   Pedal assembly','');
insert into Diagram values('PM11-35_0274','PM11-20080400','35-20','E90N 330i   Acceleration/accelerator pedal module','');
insert into Diagram values('PM11-35_0275','PM11-20080400','35-95','E90N 330i   Aluminum pedal covers','');
insert into Diagram values('PM11-35_0315','PM11-20080400','35-95','E90N 330i   Set of high-grade steel pedal covers','');
insert into Diagram values('PM11-35_0327','PM11-20080400','35-95','E90N 330i   BMW Performance Alu pedal plates','');
insert into Diagram values('PM11-35_0377','PM11-20080400','35-95','E90N 330i   Aluminum pedal covers','');
insert into Diagram values('PM11-36_0840','PM11-20080400','36-15','E90N 330i   BMW light alloy wheel, spider spoke 158','');
insert into Diagram values('PM11-36_0841','PM11-20080400','36-15','E90N 330i   BMW light alloy wheel, spider spoke 159','');
insert into Diagram values('PM11-36_0842','PM11-20080400','36-15','E90N 330i   BMW light alloy wheel, spider spoke 160','');
insert into Diagram values('PM11-36_0843','PM11-20080400','36-15','E90N 330i   BMW alloy wheel, double spoke 161','');
insert into Diagram values('PM11-36_0844','PM11-20080400','36-15','E90N 330i   BMW LA wheel, ellipsoid styling 162','');
insert into Diagram values('PM11-36_0845','PM11-20080400','36-15','E90N 330i   BMW light alloy wheel, radial spoke 32','');
insert into Diagram values('PM11-36_0846','PM11-20080400','36-15','E90N 330i   BMW Composite wheel, star spoke 179','');
insert into Diagram values('PM11-36_0847','PM11-20080400','36-15','E90N 330i   BMW LA wheel/double spoke 195','');
insert into Diagram values('PM11-36_0848','PM11-20080400','36-15','E90N 330i   BMW light alloy wheel, radial spoke 196','');
insert into Diagram values('PM11-36_0849','PM11-20080400','36-15','E90N 330i   BMW light alloy wheel, cross spoke 197','');
insert into Diagram values('PM11-36_0850','PM11-20080400','36-15','E90N 330i   BMW composite wheel, radial spoke 198','');
insert into Diagram values('PM11-36_0851','PM11-20080400','36-15','E90N 330i   BMW light alloy wheel, spider spoke 199','');
insert into Diagram values('PM11-36_0900','PM11-20080400','36-15','E90N 330i   BMW light alloy wheel, radial spoke 216','');
insert into Diagram values('PM11-36_0929','PM11-20080400','36-15','E90N 330i   BMW LA Individual wheel V-spoke 152','');
insert into Diagram values('PM11-36_0930','PM11-20080400','36-15','E90N 330i   BMW alloy wheel, M spider spoke 193','');
insert into Diagram values('PM11-36_0931','PM11-20080400','36-15','E90N 330i   BMW alloy wheel, M double spoke 194','');
insert into Diagram values('PM11-36_0972','PM11-20080400','36-15','E90N 330i   BMW light alloy wheel, spider spoke 157','');
insert into Diagram values('PM11-36_0973','PM11-20080400','36-15','E90N 330i   BMW LA wheel, star spoke 185','');
insert into Diagram values('PM11-36_0974','PM11-20080400','36-15','E90N 330i   BMW light alloy wheel, spider spoke 187','');
insert into Diagram values('PM11-36_0975','PM11-20080400','36-15','E90N 330i   BMW light alloy wheel, V-spoke 188','');
insert into Diagram values('PM11-36_0976','PM11-20080400','36-15','E90N 330i   BMW LA wheel, star spoke 189','');
insert into Diagram values('PM11-36_0978','PM11-20080400','36-15','E90N 330i   BMW LA wheel, star spoke 230','');
insert into Diagram values('PM11-36_0980','PM11-20080400','36-15','E90N 330i   BMW LA forged wheel Radial Spoke 190','');
insert into Diagram values('PM11-36_0988','PM11-20080400','36-15','E90N 330i   BMW compound wheel M cross spoke 101','');
insert into Diagram values('PM11-36_1067','PM11-20080400','36-15','E90N 330i   BMW LA wheel Individual w. V spokes 228','');
insert into Diagram values('PM11-36_1127','PM11-20080400','36-15','E90N 330i   BMW alloy wheel, M double spoke 225','');
insert into Diagram values('PM11-36_1134','PM11-20080400','36-15','E90N 330i   BMW Performance LA wheel/double spoke269','');
insert into Diagram values('PM11-36_1288','PM11-20080400','36-15','E90N 330i   BMW LA wheel, multispoke 284','');
insert into Diagram values('PM11-36_1289','PM11-20080400','36-15','E90N 330i   BMW LA wheel, V-spoke 285','');
insert into Diagram values('PM11-36_1290','PM11-20080400','36-15','E90N 330i   BMW LA wheel, star spoke 286','');
insert into Diagram values('PM11-36_1291','PM11-20080400','36-15','E90N 330i   BMW LA wheel, star spoke 287','');
insert into Diagram values('PM11-36_1293','PM11-20080400','36-15','E90N 330i   BMW LA cast wheel Radial Spoke 190','');
insert into Diagram values('PM11-36_1317','PM11-20080400','36-15','E90N 330i   BMW LA wheel, Star Spoke 311','');
insert into Diagram values('PM11-36_1318','PM11-20080400','36-15','E90N 330i   BMW Performance LA wheel DoubleSpoke 313','');
insert into Diagram values('PM11-36_1467','PM11-20080400','36-15','E90N 330i   BMW LA wheel, V Spoke 342','');
insert into Diagram values('PM11-36_1478','PM11-20080400','36-15','E90N 330i   BMW LA wheel, Star Spoke 339','');
insert into Diagram values('PM11-36_1479','PM11-20080400','36-15','E90N 330i   BMW LA wheel, V Spoke 338','');
insert into Diagram values('PM11-36_1480','PM11-20080400','36-15','E90N 330i   BMW LA wheel, Star Spoke 340','');
insert into Diagram values('PM11-36_1481','PM11-20080400','36-15','E90N 330i   BMW LAW Double Spoke Performance 313','');
insert into Diagram values('PM11-36_1501','PM11-20080400','36-15','E90N 330i   BMW LA wheel, M Double Spoke 313','');
insert into Diagram values('PM11-36_0812','PM11-20080400','36-20','E90N 330i   Balance weight, zinc','');
insert into Diagram values('PM11-36_0811','PM11-20080400','36-25','E90N 330i   WHEEL BOLT LOCK WITH ADAPTOR','');
insert into Diagram values('PM11-36_1032','PM11-20080400','36-25','E90N 330i   SET WHEEL LOCKS','');
insert into Diagram values('PM11-36_1077','PM11-20080400','36-30','E90N 330i   Winter tires','');
insert into Diagram values('PM11-36_1668','PM11-20080400','36-30','E90N 330i   Summer tires','');
insert into Diagram values('PM11-36_0918','PM11-20080400','36-95','E90N 330i   Winter complete wheel double spoke 158','');
insert into Diagram values('PM11-36_0957','PM11-20080400','36-95','E90N 330i   COMPL.WINT.TYRE+WHEEL,RADIAL STYLING 32','');
insert into Diagram values('PM11-36_1170','PM11-20080400','36-95','E90N 330i   Winterkomplettrad Sternspeiche 159','');
insert into Diagram values('PM11-36_1274','PM11-20080400','36-95','E90N 330i   Set emergency wheel with tyre','');
insert into Diagram values('PM11-36_1430','PM11-20080400','36-95','E90N 330i   Winter complete wheel, Multi Spoke 284','');
insert into Diagram values('PM11-36_1449','PM11-20080400','36-95','E90N 330i   Spare tire system','');
insert into Diagram values('PM11-41_1670','PM11-20080400','41-05','E90N 330i   Body skeleton','');
insert into Diagram values('PM11-41_1596','PM11-20080400','41-10','E90N 330i   Front side panel','');
insert into Diagram values('PM11-41_1597','PM11-20080400','41-10','E90N 330i   WHEELHOUSE/ENGINE SUPPORT','');
insert into Diagram values('PM11-41_1598','PM11-20080400','41-10','E90N 330i   SPLASH WALL PARTS','');
insert into Diagram values('PM11-41_1599','PM11-20080400','41-10','E90N 330i   FRONT BODY BRACKET LEFT','');
insert into Diagram values('PM11-41_1600','PM11-20080400','41-10','E90N 330i   FRONT BODY BRACKET RIGHT','');
insert into Diagram values('PM11-41_1605','PM11-20080400','41-20','E90N 330i   Partition trunk/Floor parts','');
insert into Diagram values('PM11-41_1637','PM11-20080400','41-20','E90N 330i   Cavity shielding, side frame','');
insert into Diagram values('PM11-41_1642','PM11-20080400','41-20','E90N 330i   BODY-SIDE FRAME','');
insert into Diagram values('PM11-41_1643','PM11-20080400','41-20','E90N 330i   SINGLE COMPONENTS FOR BODY-SIDE FRAME','');
insert into Diagram values('PM11-41_1673','PM11-20080400','41-25','E90N 330i   Mounting parts for trunk floor panel','');
insert into Diagram values('PM11-41_1674','PM11-20080400','41-25','E90N 330i   FLOOR PARTS REAR EXTERIOR','');
insert into Diagram values('PM11-41_1675','PM11-20080400','41-25','E90N 330i   Rear side panel','');
insert into Diagram values('PM11-41_1676','PM11-20080400','41-25','E90N 330i   FILL-IN FLAP','');
insert into Diagram values('PM11-41_1601','PM11-20080400','41-30','E90N 330i   Roof','');
insert into Diagram values('PM11-41_1641','PM11-20080400','41-35','E90N 330i   ENGINE HOOD MECHANISM','');
insert into Diagram values('PM11-41_2205','PM11-20080400','41-35','E90N 330i   ENGINE HOOD/MOUNTING PARTS','');
insert into Diagram values('PM11-41_1612','PM11-20080400','41-40','E90N 330i   FRONT DOOR-HINGE/DOOR BRAKE','');
insert into Diagram values('PM11-41_1635','PM11-20080400','41-40','E90N 330i   Door weatherstrip front','');
insert into Diagram values('PM11-41_1639','PM11-20080400','41-40','E90N 330i   Radio remote control','');
insert into Diagram values('PM11-41_1973','PM11-20080400','41-40','E90N 330i   DOOR CONTROL FRONT','');
insert into Diagram values('PM11-41_1613','PM11-20080400','41-45','E90N 330i   Door rear, hinge/door brake','');
insert into Diagram values('PM11-41_1634','PM11-20080400','41-45','E90N 330i   DOOR CONTROL REAR','');
insert into Diagram values('PM11-41_1636','PM11-20080400','41-45','E90N 330i   Door weatherstrip rear','');
insert into Diagram values('PM11-41_1678','PM11-20080400','41-50','E90N 330i   Master key locking','');
insert into Diagram values('PM11-41_1638','PM11-20080400','41-60','E90N 330i   SINGLE COMPONENTS FOR TRUNK LID','');
insert into Diagram values('PM11-41_1677','PM11-20080400','41-60','E90N 330i   TRUNK LID/CLOSING SYSTEM','');
insert into Diagram values('PM11-41_1607','PM11-20080400','41-65','E90N 330i   MECHANICAL CONNECTION ELEMENTS','');
insert into Diagram values('PM11-51_5644','PM11-20080400','51-05','E90N 330i   Glazing','');
insert into DiagramParts values('PM11-51_6939-51167158902', 'PM11-51_6939', 01, 'Mirror glas, heated, wide-angle, right', 'BLAU', 1, to_date('20080901','YYYYMMDD'), to_date('20090301','YYYYMMDD'), '51167158902', '', '', false);
insert into Diagram values('PM11-51_6939','PM11-20080400','51-07','E90N 330i   MIRROR GLASS','');
insert into Diagram values('PM11-51_6940','PM11-20080400','51-07','E90N 330i   Mirror glas with auto dip','');
insert into Diagram values('PM11-51_6946','PM11-20080400','51-07','E90N 330i   Outside mirror','');
insert into Diagram values('PM11-51_6947','PM11-20080400','51-07','E90N 330i   Fold-in outside mirror','');
insert into Diagram values('PM11-51_6948','PM11-20080400','51-07','E90N 330i   Outside mirror bright-black','');
insert into Diagram values('PM11-51_6949','PM11-20080400','51-07','E90N 330i   Fold-in outside mirror, bright-black','');
insert into Diagram values('PM11-51_5713','PM11-20080400','51-10','E90N 330i   Window frame cover, front door','');
insert into Diagram values('PM11-51_5730','PM11-20080400','51-10','E90N 330i   DOOR WINDOW LIFTING MECHANISM FRONT','');
insert into Diagram values('PM11-51_5723','PM11-20080400','51-12','E90N 330i   Window frame cover, rear door','');
insert into Diagram values('PM11-51_5731','PM11-20080400','51-12','E90N 330i   DOOR WINDOW LIFTING MECHANISM REAR','');
insert into Diagram values('PM11-51_5812','PM11-20080400','51-15','E90N 330i   Carrier, bumper front','');
insert into Diagram values('PM11-51_6966','PM11-20080400','51-15','E90N 330i   Trim panel, bumper, front','');
insert into Diagram values('PM11-51_7022','PM11-20080400','51-15','E90N 330i   M FRONT BUMPER TRIM PANEL','');
insert into Diagram values('PM11-51_7019','PM11-20080400','51-16','E90N 330i   M door sill trim panel','');
insert into Diagram values('PM11-51_7020','PM11-20080400','51-16','E90N 330i   Door sill','');
insert into Diagram values('PM11-51_5824','PM11-20080400','51-17','E90N 330i   Carrier, bumper rear','');
insert into Diagram values('PM11-51_5828','PM11-20080400','51-17','E90N 330i   Bumper trim panel, rear','');
insert into Diagram values('PM11-51_5829','PM11-20080400','51-17','E90N 330i   REAR BUMPER MOUNTING PARTS','');
insert into Diagram values('PM11-51_5973','PM11-20080400','51-17','E90N 330i   M REAR BUMPER TRIM','');
insert into Diagram values('PM11-51_5732','PM11-20080400','51-20','E90N 330i   Exterior trim and door seals','');
insert into Diagram values('PM11-51_5740','PM11-20080400','51-20','E90N 330i   Exterior trim / Grille / Seals','');
insert into Diagram values('PM11-51_5849','PM11-20080400','51-20','E90N 330i   Emblems','');
insert into Diagram values('PM11-51_6004','PM11-20080400','51-25','E90N 330i   Police sticker','');
insert into Diagram values('PM11-51_6674','PM11-20080400','51-25','E90N 330i   Paramedic sticker','');
insert into Diagram values('PM11-51_5710','PM11-20080400','51-30','E90N 330i   Trim panel dashboard, support tube','');
insert into Diagram values('PM11-51_5719','PM11-20080400','51-30','E90N 330i   Cup holder','');
insert into Diagram values('PM11-51_5721','PM11-20080400','51-30','E90N 330i   GLOVE BOX','');
insert into Diagram values('PM11-51_9121','PM11-20080400','51-30','E90N 330i   Mounting parts, I-panel, bottom I','');
insert into Diagram values('PM11-51_9185','PM11-20080400','51-30','E90N 330i   Mounting parts, I-panel, top','');
insert into Diagram values('PM11-51_5722','PM11-20080400','51-35','E90N 330i   CENTER CONSOLE STORING PARTITION','');
insert into Diagram values('PM11-51_5724','PM11-20080400','51-35','E90N 330i   STORING PARTITION COVER','');
insert into Diagram values('PM11-51_5725','PM11-20080400','51-35','E90N 330i   Mounting parts, center console, rear','');
insert into Diagram values('PM11-51_5726','PM11-20080400','51-35','E90N 330i   Armrest, centre console','');
insert into DiagramParts values('PM11-51_5830-51169221750', 'PM11-51_5830', 01, 'Rearview mirror EC/LED/GTO/FLA/RC', '868 MHZ', 1, to_date('20090901','YYYYMMDD'), to_date('20100301','YYYYMMDD'), '51169221750', '', 'ENDED', false);
insert into Diagram values('PM11-51_5830','PM11-20080400','51-40','E90N 330i   Interior mirror','');
insert into Diagram values('PM11-51_5832','PM11-20080400','51-40','E90N 330i   Sun visors','');
insert into Diagram values('PM11-51_5834','PM11-20080400','51-40','E90N 330i   Handle','');
insert into Diagram values('PM11-51_5839','PM11-20080400','51-40','E90N 330i   Trim panel A- / B- / C-Column','');
insert into Diagram values('PM11-51_5840','PM11-20080400','51-40','E90N 330i   Headlining','');
insert into Diagram values('PM11-51_5842','PM11-20080400','51-40','E90N 330i   Rear window shelf / sun blind electr.','');
insert into Diagram values('PM11-51_5716','PM11-20080400','51-45','E90N 330i   Interior moldings Titan Line','');
insert into Diagram values('PM11-51_5717','PM11-20080400','51-45','E90N 330i   Interior trim finishers, aluminium','');
insert into Diagram values('PM11-51_5718','PM11-20080400','51-45','E90N 330i   Fine wood trim burr walnut','');
insert into Diagram values('PM11-51_6601','PM11-20080400','51-45','E90N 330i   Interior strips, aluminum, glaciersilber','');
insert into Diagram values('PM11-51_6984','PM11-20080400','51-45','E90N 330i   Alum. interior strips ground lengthwise','');
insert into Diagram values('PM11-51_6986','PM11-20080400','51-45','E90N 330i   Interior strips, high-gloss, spacegrau','');
insert into Diagram values('PM11-51_7035','PM11-20080400','51-45','E90N 330i   Interior strips, diamantschwarz','');
insert into Diagram values('PM11-51_7038','PM11-20080400','51-45','E90N 330i   Fine woodgrain version, walnut trunk','');
insert into Diagram values('PM11-51_7097','PM11-20080400','51-45','E90N 330i   Interior strips, satin-silber','');
insert into Diagram values('PM11-51_7803','PM11-20080400','51-45','E90N 330i   Int. strips, bamboo, grained, anthracite','');
insert into Diagram values('PM11-51_7950','PM11-20080400','51-45','E90N 330i   Interior moldings, platin-bronze','');
insert into Diagram values('PM11-51_5835','PM11-20080400','51-50','E90N 330i   Door trim panel, front','');
insert into Diagram values('PM11-51_5836','PM11-20080400','51-50','E90N 330i   Door trim, rear','');
insert into Diagram values('PM11-51_5837','PM11-20080400','51-50','E90N 330i   Door panel, rear window blind','');
insert into Diagram values('PM11-51_6592','PM11-20080400','51-50','E90N 330i   Armrest, door panel, front','');
insert into Diagram values('PM11-51_5690','PM11-20080400','51-55','E90N 330i   Floor mats, velours','');
insert into Diagram values('PM11-51_5838','PM11-20080400','51-55','E90N 330i   TRIM PANEL LEG ROOM','');
insert into Diagram values('PM11-51_5841','PM11-20080400','51-55','E90N 330i   FLOOR COVERING','');
insert into Diagram values('PM11-51_5846','PM11-20080400','51-55','E90N 330i   EDGE PROTECTION/COVERINGS ROCKERS','');
insert into Diagram values('PM11-51_5847','PM11-20080400','51-65','E90N 330i   Trim panel, trunk floor','');
insert into Diagram values('PM11-51_5848','PM11-20080400','51-65','E90N 330i   LATERAL TRUNK FLOOR TRIM PANEL','');
insert into Diagram values('PM11-51_5850','PM11-20080400','51-65','E90N 330i   TRUNK LID TRIM PANEL','');
insert into Diagram values('PM11-51_6263','PM11-20080400','51-65','E90N 330i   Sliding comp. luggage comp./folding box','');
insert into Diagram values('PM11-51_6264','PM11-20080400','51-65','E90N 330i   Luggage compartment sill trim','');
insert into Diagram values('PM11-51_5851','PM11-20080400','51-70','E90N 330i   SOUND INSULATING FRONT','');
insert into Diagram values('PM11-51_5856','PM11-20080400','51-70','E90N 330i   SOUND INSULATING REAR','');
insert into Diagram values('PM11-51_5857','PM11-20080400','51-70','E90N 330i   Heat insulation','');
insert into Diagram values('PM11-51_5941','PM11-20080400','51-70','E90N 330i   Diesel encapsulation','');
insert into Diagram values('PM11-51_5858','PM11-20080400','51-75','E90N 330i   Front panel/body parts, engine compartm','');
insert into Diagram values('PM11-51_5860','PM11-20080400','51-75','E90N 330i   Shield,engine compartm./underfloor panel','');
insert into Diagram values('PM11-51_5862','PM11-20080400','51-75','E90N 330i   Wheel arch trim, front','');
insert into Diagram values('PM11-51_5863','PM11-20080400','51-75','E90N 330i   Wheel arch trim, rear','');
insert into Diagram values('PM11-51_5875','PM11-20080400','51-75','E90N 330i   Strut brace','');
insert into Diagram values('PM11-51_6216','PM11-20080400','51-75','E90N 330i   Underfloor coating','');
insert into Diagram values('PM11-51_6258','PM11-20080400','51-75','E90N 330i   Headlight arm/holder','');
insert into Diagram values('PM11-51_6275','PM11-20080400','51-75','E90N 330i   Front panel/cooling flap control','');
insert into Diagram values('PM11-51_5859','PM11-20080400','51-80','E90N 330i   Misc. body parts','');
insert into Diagram values('PM11-51_5861','PM11-20080400','51-80','E90N 330i   Seal, hood','');
insert into Diagram values('PM11-51_5865','PM11-20080400','51-80','E90N 330i   Sealing cap/plug','');
insert into Diagram values('PM11-51_4635','PM11-20080400','51-95','E90N 330i   Exterior mirror for towing','');
insert into Diagram values('PM11-51_4694','PM11-20080400','51-95','E90N 330i   Aluminum footrest','');
insert into Diagram values('PM11-51_4698','PM11-20080400','51-95','E90N 330i   Boot lashing strap','');
insert into Diagram values('PM11-51_5362','PM11-20080400','51-95','E90N 330i   Luggage compartment, folding','');
insert into Diagram values('PM11-51_5688','PM11-20080400','51-95','E90N 330i   Luggage compatment box "multifix"','');
insert into Diagram values('PM11-51_5697','PM11-20080400','51-95','E90N 330i   Illuminated door sill strip retrofit kit','');
insert into Diagram values('PM11-51_5738','PM11-20080400','51-95','E90N 330i   Umbrella with bag','');
insert into Diagram values('PM11-51_5739','PM11-20080400','51-95','E90N 330i   Storage sleeve DVD/CD','');
insert into Diagram values('PM11-51_5799','PM11-20080400','51-95','E90N 330i   Fitted luggage compartment mat','');
insert into Diagram values('PM11-51_5906','PM11-20080400','51-95','E90N 330i   Non-skid mat','');
insert into Diagram values('PM11-51_5918','PM11-20080400','51-95','E90N 330i   Retrofit:oddments tray luggage compartm.','');
insert into Diagram values('PM11-51_5919','PM11-20080400','51-95','E90N 330i   Retrofit: boot/trunk floor net','');
insert into Diagram values('PM11-51_5921','PM11-20080400','51-95','E90N 330i   Retrofit:oddments tray under load. floor','');
insert into Diagram values('PM11-51_5922','PM11-20080400','51-95','E90N 330i   Retrofit, fine wood trim, walnut root','');
insert into Diagram values('PM11-51_5924','PM11-20080400','51-95','E90N 330i   Alum. interior strips ground lengthwise','');
insert into Diagram values('PM11-51_5925','PM11-20080400','51-95','E90N 330i   Retrofit, armrest front, movable','');
insert into Diagram values('PM11-51_5927','PM11-20080400','51-95','E90N 330i   SUPPLEMENTARY SET SUN BLIND ELECTR.','');
insert into Diagram values('PM11-51_5928','PM11-20080400','51-95','E90N 330i   Retrofit rearview mirror w. auto dimmer','');
insert into Diagram values('PM11-51_5937','PM11-20080400','51-95','E90N 330i   Floor mats Commercial','');
insert into Diagram values('PM11-51_5938','PM11-20080400','51-95','E90N 330i   FLOOR MATS CITY','');
insert into Diagram values('PM11-51_5940','PM11-20080400','51-95','E90N 330i   Boot/trunk floor net','');
insert into Diagram values('PM11-51_5945','PM11-20080400','51-95','E90N 330i   Rubber mat','');
insert into Diagram values('PM11-51_5954','PM11-20080400','51-95','E90N 330i   Load edge protector','');
insert into Diagram values('PM11-51_5980','PM11-20080400','51-95','E90N 330i   Retrofit: heating outside mirror','');
insert into Diagram values('PM11-51_5981','PM11-20080400','51-95','E90N 330i   Door sill strip retrofit kit st. steel','');
insert into Diagram values('PM11-51_5997','PM11-20080400','51-95','E90N 330i   Pocket holder','');
insert into Diagram values('PM11-51_6019','PM11-20080400','51-95','E90N 330i   Floor mats, velours','');
insert into Diagram values('PM11-51_6029','PM11-20080400','51-95','E90N 330i   Carbon fiber package','');
insert into Diagram values('PM11-51_6038','PM11-20080400','51-95','E90N 330i   Rear spoiler','');
insert into Diagram values('PM11-51_6066','PM11-20080400','51-95','E90N 330i   Sunshade','');
insert into Diagram values('PM11-51_6068','PM11-20080400','51-95','E90N 330i   Retrofit, M cover, entrance','');
insert into Diagram values('PM11-51_6083','PM11-20080400','51-95','E90N 330i   Strut brace','');
insert into Diagram values('PM11-51_6165','PM11-20080400','51-95','E90N 330i   Luggage compartment clamping belts','');
insert into Diagram values('PM11-51_6174','PM11-20080400','51-95','E90N 330i   Retrofit, cup holder','');
insert into Diagram values('PM11-51_6243','PM11-20080400','51-95','E90N 330i   Interior moldings Carbon','');
insert into Diagram values('PM11-51_6259','PM11-20080400','51-95','E90N 330i   Retrofit M foot rest','');
insert into Diagram values('PM11-51_6283','PM11-20080400','51-95','E90N 330i   Load compartment protective cover','');
insert into Diagram values('PM11-51_6477','PM11-20080400','51-95','E90N 330i   Key fob','');
insert into Diagram values('PM11-51_6639','PM11-20080400','51-95','E90N 330i   Protective loading edge mat','');
insert into Diagram values('PM11-51_6695','PM11-20080400','51-95','E90N 330i   Storage net, footwell, front','');
insert into Diagram values('PM11-51_6778','PM11-20080400','51-95','E90N 330i   BMW Performance strut tower brace carbon','');
insert into Diagram values('PM11-51_6892','PM11-20080400','51-95','E90N 330i   Moulding rocker panels','');
insert into Diagram values('PM11-51_6973','PM11-20080400','51-95','E90N 330i   BMW Performance side stripes','');
insert into Diagram values('PM11-51_7030','PM11-20080400','51-95','E90N 330i   Retrofit kit M aerodyn. package','');
insert into Diagram values('PM11-51_7034','PM11-20080400','51-95','E90N 330i   Sun blind strips','');
insert into Diagram values('PM11-51_7061','PM11-20080400','51-95','E90N 330i   Non-skid mat','');
insert into Diagram values('PM11-51_7115','PM11-20080400','51-95','E90N 330i   BMW Performance Aerodynamics','');
insert into Diagram values('PM11-51_7116','PM11-20080400','51-95','E90N 330i   BMW Performance Aerodynamics, front','');
insert into Diagram values('PM11-51_7117','PM11-20080400','51-95','E90N 330i   BMW Performance Aerodynamics, rear','');
insert into Diagram values('PM11-51_7118','PM11-20080400','51-95','E90N 330i   BMW Performance Aerodynamics, rocker','');
insert into Diagram values('PM11-51_7142','PM11-20080400','51-95','E90N 330i   BMW Performance Aluminum footrest','');
insert into Diagram values('PM11-51_7144','PM11-20080400','51-95','E90N 330i   BMW Performance Interior moldings Carbon','');
insert into Diagram values('PM11-51_7149','PM11-20080400','51-95','E90N 330i   Attached part for front apron','');
insert into Diagram values('PM11-51_7152','PM11-20080400','51-95','E90N 330i   BMW Performance strut tower brace, alu','');
insert into Diagram values('PM11-51_7158','PM11-20080400','51-95','E90N 330i   Cover for mirror, carbon','');
insert into Diagram values('PM11-51_7191','PM11-20080400','51-95','E90N 330i   Retrofit trim grill','');
insert into Diagram values('PM11-51_7193','PM11-20080400','51-95','E90N 330i   Interior strips, high-gloss, grey','');
insert into Diagram values('PM11-51_7195','PM11-20080400','51-95','E90N 330i   Interior trim finishers black high-gloss','');
insert into Diagram values('PM11-51_7228','PM11-20080400','51-95','E90N 330i   BMW Performance door sill moldings','');
insert into Diagram values('PM11-51_7236','PM11-20080400','51-95','E90N 330i   Footmat update','');
insert into Diagram values('PM11-51_7302','PM11-20080400','51-95','E90N 330i   Luggage compartment pan','');
insert into Diagram values('PM11-51_7303','PM11-20080400','51-95','E90N 330i   ASHTRAY REAR','');
insert into Diagram values('PM11-51_7665','PM11-20080400','51-95','E90N 330i   Interior equipment, upper','');
insert into Diagram values('PM11-51_7713','PM11-20080400','51-95','E90N 330i   Multifunct.lugg.compartm.mat w.fold.cont','');
insert into Diagram values('PM11-51_7869','PM11-20080400','51-95','E90N 330i   Retrofit kit, interior trim, adhesive','');
insert into Diagram values('PM11-51_7896','PM11-20080400','51-95','E90N 330i   Retrofit kit, interior trim, adhesive','');
insert into Diagram values('PM11-51_8051','PM11-20080400','51-95','E90N 330i   First-aid kit, universal','');
insert into Diagram values('PM11-51_8522','PM11-20080400','51-95','E90N 330i   Travel & Comfort System','');
insert into Diagram values('PM11-51_8703','PM11-20080400','51-95','E90N 330i   Pocket set in interior','');
insert into Diagram values('PM11-51_8991','PM11-20080400','51-95','E90N 330i   Floor mat, Allweather','');
insert into Diagram values('PM11-52_3182','PM11-20080400','52-10','E90N 330i   Seat front, upholstery & cover base seat','');
insert into DiagramParts values('PM11-52_3183-52107246851', 'PM11-52_3183', 04, 'SEAT COVER LEATHER', 'GRAU', 1, to_date('20080901','YYYYMMDD'), to_date('20100901','YYYYMMDD'), '52107246851', '', 'ENDED', false);
insert into DiagramParts values('PM11-52_3183-52107246852', 'PM11-52_3183', 04, 'SEAT COVER LEATHER', 'BEIGE', 1, to_date('20080901','YYYYMMDD'), to_date('20100901','YYYYMMDD'), '52107246852', '', '+core, ENDED', false);
insert into DiagramParts values('PM11-52_3183-52107246838', 'PM11-52_3183', 04, 'SEAT COVER LEATHER', 'SCHWARZ', 1, to_date('20080901','YYYYMMDD'), to_date('20100901','YYYYMMDD'), '52107246838', '', 'ENDED', false);
insert into DiagramParts values('PM11-52_3183-52107257593', 'PM11-52_3183', 04, 'SEAT COVER LEATHER', 'OYSTER', 1, to_date('20090901','YYYYMMDD'), to_date('20100901','YYYYMMDD'), '52107257593', '', 'ENDED', false);
insert into DiagramParts values('PM11-52_3183-52107257594', 'PM11-52_3183', 04, 'SEAT COVER LEATHER', 'SATTELBRAUN', 1, to_date('20090901','YYYYMMDD'), to_date('20100901','YYYYMMDD'), '52107257594', '', 'ENDED', false);
insert into DiagramParts values('PM11-52_3183-52107257595', 'PM11-52_3183', 04, 'SEAT COVER LEATHER', 'ROTBRAUN', 1, to_date('20090901','YYYYMMDD'), to_date('20100901','YYYYMMDD'), '52107257595', '', '+core, ENDED', false);
insert into DiagramParts values('PM11-52_3183-52109156456', 'PM11-52_3183', 05, 'COVER BACKREST LEATHER RIGHT', 'GRAU', 1, to_date('20070401','YYYYMMDD'), to_date('20080901','YYYYMMDD'), '52109156456', '$695.57', '', false);
insert into DiagramParts values('PM11-52_3183-52109156458', 'PM11-52_3183', 05, 'COVER BACKREST LEATHER RIGHT', 'BEIGE', 1, to_date('20070401','YYYYMMDD'), to_date('20080901','YYYYMMDD'), '52109156458', '$695.57', '', false);
insert into DiagramParts values('PM11-52_3183-52109156454', 'PM11-52_3183', 05, 'COVER BACKREST LEATHER RIGHT', 'SCHWARZ', 1, to_date('20070401','YYYYMMDD'), to_date('20080901','YYYYMMDD'), '52109156454', '$695.57', '', false);
insert into Diagram values('PM11-52_3183','PM11-20080400','52-10','E90N 330i   Seat, front, uphlstry, cover, Sport seat','');
insert into Diagram values('PM11-52_3184','PM11-20080400','52-10','E90N 330i   Seat, front, lumbar','');
insert into Diagram values('PM11-52_3185','PM11-20080400','52-10','E90N 330i   FRONT SEAT RAIL MECHANICAL/SINGLE PARTS','');
insert into Diagram values('PM11-52_3186','PM11-20080400','52-10','E90N 330i   FRONT SEAT RAIL ELECTRICAL/SINGLE PARTS','');
insert into Diagram values('PM11-52_3187','PM11-20080400','52-10','E90N 330i   FRONT SEAT BACKREST FRAME/REAR PANEL','');
insert into Diagram values('PM11-52_3468','PM11-20080400','52-10','E90N 330i   BMW Performance Sport Seat','');
insert into Diagram values('PM11-52_3487','PM11-20080400','52-10','E90N 330i   Seat, front, head restraint','');
insert into Diagram values('PM11-52_3541','PM11-20080400','52-10','E90N 330i   Seat, front, electrical and motors','');
insert into DiagramParts values('PM11-52_3188-52207213545', 'PM11-52_3188', 01, 'Headrest leather', 'SCHWARZ', 2, to_date('20080901','YYYYMMDD'), to_date('20090301','YYYYMMDD'), '52207213545', '', 'ENDED', false);
insert into DiagramParts values('PM11-52_3188-52207213547', 'PM11-52_3188', 01, 'Headrest leather', 'SAVANNABEIGE', 2, to_date('20080901','YYYYMMDD'), to_date('20090301','YYYYMMDD'), '52207213547', '', 'ENDED', false);
insert into DiagramParts values('PM11-52_3188-52207213546', 'PM11-52_3188', 01, 'Headrest leather', 'GRAU', 2, to_date('20080901','YYYYMMDD'), to_date('20090301','YYYYMMDD'), '52207213546', '', 'ENDED', false);
insert into DiagramParts values('PM11-52_3188-52207213520', 'PM11-52_3188', 02, 'Headrest leather', 'SCHWARZ', 2, to_date('20080901','YYYYMMDD'), to_date('20090301','YYYYMMDD'), '52207213520', '', 'ENDED', false);
insert into DiagramParts values('PM11-52_3188-52207213534', 'PM11-52_3188', 02, 'Headrest leather', 'BEIGE', 2, to_date('20080901','YYYYMMDD'), to_date('20090301','YYYYMMDD'), '52207213534', '', 'ENDED', false);
insert into DiagramParts values('PM11-52_3188-52207213533', 'PM11-52_3188', 02, 'Headrest leather', 'GRAU', 2, to_date('20080901','YYYYMMDD'), to_date('20090301','YYYYMMDD'), '52207213533', '', 'ENDED', false);
insert into Diagram values('PM11-52_3188','PM11-20080400','52-20','E90N 330i   Rear seat head restraint','');
insert into Diagram values('PM11-52_3189','PM11-20080400','52-20','E90N 330i   Seat, rear, head restraint, center','');
insert into Diagram values('PM11-52_3191','PM11-20080400','52-20','E90N 330i   Seat rear, upholstery & cover base seat','');
insert into Diagram values('PM11-52_3192','PM11-20080400','52-20','E90N 330i   Seat rear, upholstery & cover base seat','');
insert into Diagram values('PM11-52_3193','PM11-20080400','52-20','E90N 330i   Seat, rear, seat frame, load-through','');
insert into Diagram values('PM11-52_3194','PM11-20080400','52-20','E90N 330i   Rear seat ski bag','');
insert into Diagram values('PM11-52_3212','PM11-20080400','52-20','E90N 330i   Seat, rear, backrest trim covers','');
insert into Diagram values('PM11-52_3216','PM11-20080400','52-20','E90N 330i   Rear seat center armrest','');
insert into Diagram values('PM11-52_3712','PM11-20080400','52-65','E90N 330i   Seat heating','');
insert into Diagram values('PM11-52_3015','PM11-20080400','52-95','E90N 330i   UNIVERSAL PRODECTIVE REAR COVER','');
insert into Diagram values('PM11-52_3199','PM11-20080400','52-95','E90N 330i   Fire extinguisher','');
insert into Diagram values('PM11-52_3235','PM11-20080400','52-95','E90N 330i   Front seat heating retrofit','');
insert into Diagram values('PM11-52_3269','PM11-20080400','52-95','E90N 330i   Seat-back storage pocket','');
insert into Diagram values('PM11-52_3270','PM11-20080400','52-95','E90N 330i   SHEEPSKIN SEAT COVERS','');
insert into Diagram values('PM11-52_3519','PM11-20080400','52-95','E90N 330i   Retrofit, ski bag','');
insert into Diagram values('PM11-52_3527','PM11-20080400','52-95','E90N 330i   Retrofit, net bag at seat backrest','');
insert into Diagram values('PM11-52_3565','PM11-20080400','52-95','E90N 330i   Retrofitting rear folding head restraint','');
insert into Diagram values('PM11-52_3792','PM11-20080400','52-95','E90N 330i   Fire extinguisher','');
insert into Diagram values('PM11-54_0341','PM11-20080400','54-05','E90N 330i   SLID.LIFT. ROOF-COVER/CEILING FRAME','');
insert into Diagram values('PM11-61_2010','PM11-20080400','61-05','E90N 330i   Repair cable main cable harness','');
insert into Diagram values('PM11-61_2886','PM11-20080400','61-05','E90N 330i   Main wiring harness, duplicate','');
insert into Diagram values('PM11-61_1822','PM11-20080400','61-10','E90N 330i   Cable-yarded material','');
insert into Diagram values('PM11-61_1861','PM11-20080400','61-10','E90N 330i   VARIOUS ADDITIONAL WIRING SETS','');
insert into Diagram values('PM11-61_1864','PM11-20080400','61-10','E90N 330i   Wiring harness, instrument panel','');
insert into Diagram values('PM11-61_1868','PM11-20080400','61-10','E90N 330i   Wiring set seat','');
insert into Diagram values('PM11-61_1869','PM11-20080400','61-10','E90N 330i   Repair cable, airbag','');
insert into Diagram values('PM11-61_1945','PM11-20080400','61-10','E90N 330i   DOOR CABLE HARNESSES','');
insert into Diagram values('PM11-61_2083','PM11-20080400','61-10','E90N 330i   Wiring set active steering','');
insert into Diagram values('PM11-61_2262','PM11-20080400','61-10','E90N 330i   VARIOUS ADDITIONAL WIRING SETS','');
insert into Diagram values('PM11-61_2567','PM11-20080400','61-10','E90N 330i   Rep. wire for B+','');
insert into Diagram values('PM11-61_1280','PM11-20080400','61-15','E90N 330i   Plug terminal ELO not waterproof','');
insert into Diagram values('PM11-61_1296','PM11-20080400','61-15','E90N 330i   Circular connector / D 2,5 mm System','');
insert into Diagram values('PM11-61_1559','PM11-20080400','61-15','E90N 330i   PLUG-IN CONNECTION BRACKET','');
insert into Diagram values('PM11-61_1578','PM11-20080400','61-15','E90N 330i   Repair parts, optical fibre cable','');
insert into Diagram values('PM11-61_1691','PM11-20080400','61-15','E90N 330i   Pin contacts ELO','');
insert into Diagram values('PM11-61_1711','PM11-20080400','61-15','E90N 330i   Cable tie','');
insert into Diagram values('PM11-61_1754','PM11-20080400','61-15','E90N 330i   Plug terminal ELO-Power','');
insert into Diagram values('PM11-61_1764','PM11-20080400','61-15','E90N 330i   Diagnosis plug','');
insert into Diagram values('PM11-61_1765','PM11-20080400','61-15','E90N 330i   Various cable terminals','');
insert into Diagram values('PM11-61_1865','PM11-20080400','61-15','E90N 330i   VARIOUS CABLE HOLDERS','');
insert into Diagram values('PM11-61_1896','PM11-20080400','61-15','E90N 330i   VARIOUS CABLE HOLDERS','');
insert into Diagram values('PM11-61_1971','PM11-20080400','61-15','E90N 330i   Cable guide','');
insert into Diagram values('PM11-61_2020','PM11-20080400','61-15','E90N 330i   Various cable grommets','');
insert into Diagram values('PM11-61_2063','PM11-20080400','61-15','E90N 330i   Comb type connector','');
insert into Diagram values('PM11-61_2068','PM11-20080400','61-15','E90N 330i   Contact system LSK8','');
insert into Diagram values('PM11-61_2107','PM11-20080400','61-15','E90N 330i   Various parts, wiring harness repair','');
insert into Diagram values('PM11-61_2156','PM11-20080400','61-15','E90N 330i   Double leaf spring contact','');
insert into Diagram values('PM11-61_2216','PM11-20080400','61-15','E90N 330i   Terminal system MCON','');
insert into Diagram values('PM11-61_2217','PM11-20080400','61-15','E90N 330i   Contact system MQS','');
insert into Diagram values('PM11-61_2268','PM11-20080400','61-15','E90N 330i   Contact system MAK8','');
insert into Diagram values('PM11-61_2292','PM11-20080400','61-15','E90N 330i   SLK socket contact','');
insert into Diagram values('PM11-61_2293','PM11-20080400','61-15','E90N 330i   Contact system blade terminal MDK4 2.8','');
insert into Diagram values('PM11-61_2452','PM11-20080400','61-15','E90N 330i   Round plug system D 1.5 mm','');
insert into Diagram values('PM11-61_2458','PM11-20080400','61-15','E90N 330i   diverse plugs and connectors','');
insert into Diagram values('PM11-61_2521','PM11-20080400','61-15','E90N 330i   Socket housing MQS','');
insert into Diagram values('PM11-61_2638','PM11-20080400','61-15','E90N 330i   Repair parts, coaxial cable contacts','');
insert into Diagram values('PM11-61_2680','PM11-20080400','61-15','E90N 330i   Repair parts, coaxial cable housing','');
insert into Diagram values('PM11-61_1710','PM11-20080400','61-20','E90N 330i   Fuses / sign with fuse allocat. diagr.','');
insert into Diagram values('PM11-61_2220','PM11-20080400','61-20','E90N 330i   Individual parts, power distributor, fr.','');
insert into Diagram values('PM11-61_1718','PM11-20080400','61-25','E90N 330i   Control unit/antennas passive access','');
insert into Diagram values('PM11-61_1847','PM11-20080400','61-25','E90N 330i   BRACKET F BODY CONTROL UNITS AND MODULES','');
insert into DiagramParts values('PM11-61_2095-61359147196', 'PM11-61_2095', 01, 'Control unit CAS', 'CAS3', 1, to_date('20041201','YYYYMMDD'), to_date('20090901','YYYYMMDD'), '61359147196', '', 'ENDED', false);
insert into DiagramParts values('PM11-61_2095-61359147212', 'PM11-61_2095', 01, 'Control unit CAS', 'CAS3', 1, to_date('20041201','YYYYMMDD'), to_date('20090901','YYYYMMDD'), '61359147212', '', 'ENDED', false);
insert into DiagramParts values('PM11-61_2095-61359147220', 'PM11-61_2095', 01, 'Control unit CAS', 'CAS3', 1, to_date('20041201','YYYYMMDD'), to_date('20090901','YYYYMMDD'), '61359147220', '', 'ENDED', false);
insert into DiagramParts values('PM11-61_2095-61359147221', 'PM11-61_2095', 01, 'Control unit CAS', 'CAS3', 1, to_date('20041201','YYYYMMDD'), to_date('20090901','YYYYMMDD'), '61359147221', '', 'ENDED', false);
insert into DiagramParts values('PM11-61_2095-61359147226', 'PM11-61_2095', 01, 'Control unit CAS', 'CAS3', 1, to_date('20041201','YYYYMMDD'), to_date('20090901','YYYYMMDD'), '61359147226', '', 'ENDED', false);
insert into DiagramParts values('PM11-61_2095-61359217853', 'PM11-61_2095', 01, 'Control unit CAS', 'CAS3', 1, to_date('20041201','YYYYMMDD'), to_date('20100301','YYYYMMDD'), '61359217853', '', 'ENDED', false);
insert into Diagram values('PM11-61_2095','PM11-20080400','61-25','E90N 330i   Control unit CAS','');
insert into DiagramParts values('PM11-61_2096-61359221180', 'PM11-61_2096', 07, 'TRAILER TOWING MODUL', '4R', 1, to_date('20090301','YYYYMMDD'), to_date('20110301','YYYYMMDD'), '61359221180', '$203.91', '', false);
insert into Diagram values('PM11-61_2096','PM11-20080400','61-25','E90N 330i   Control units/modules','');
insert into Diagram values('PM11-61_2236','PM11-20080400','61-25','E90N 330i   Control unit Junctionbox Elektronik','');
insert into Diagram values('PM11-61_2241','PM11-20080400','61-25','E90N 330i   ECU, footwell module 2','');
insert into Diagram values('PM11-61_2518','PM11-20080400','61-25','E90N 330i   ECU, steering wheel heater electronics','');
insert into Diagram values('PM11-61_2574','PM11-20080400','61-25','E90N 330i   ECU, footwell module 3','');
insert into Diagram values('PM11-61_2966','PM11-20080400','61-25','E90N 330i   Official vehicle package','');
insert into Diagram values('PM11-61_1859','PM11-20080400','61-30','E90N 330i   B+ terminal point, engine compartment','');
insert into DiagramParts values('PM11-61_1946-61126988974', 'PM11-61_1946', 04, 'Battery cable (plus pole)', 'SBK', 1, to_date('20060301','YYYYMMDD'), to_date('20090901','YYYYMMDD'), '61126988974', '', 'ENDED', false);
insert into Diagram values('PM11-61_1946','PM11-20080400','61-30','E90N 330i   Battery lead/distribution box, rear','');
insert into Diagram values('PM11-61_1986','PM11-20080400','61-30','E90N 330i   Original BMW battery (Warranty only)','');
insert into Diagram values('PM11-61_1987','PM11-20080400','61-30','E90N 330i   battery holder and mounting parts','');
insert into Diagram values('PM11-61_1845','PM11-20080400','61-35','E90N 330i   Seat adjustment switch, front','');
insert into Diagram values('PM11-61_1849','PM11-20080400','61-35','E90N 330i   VARIOUS SWITCHES','');
insert into Diagram values('PM11-61_1880','PM11-20080400','61-35','E90N 330i   Switch, Multifunction Sport/M st. wheel','');
insert into Diagram values('PM11-61_1951','PM11-20080400','61-35','E90N 330i   SWITCH WINDOW LIFTER','');
insert into Diagram values('PM11-61_1960','PM11-20080400','61-35','E90N 330i   Modules/switch/charge socket,off. veh.','');
insert into Diagram values('PM11-61_1965','PM11-20080400','61-35','E90N 330i   Switch, multifunct. steering wheel','');
insert into Diagram values('PM11-61_1975','PM11-20080400','61-35','E90N 330i   Switch unit roof','');
insert into Diagram values('PM11-61_2051','PM11-20080400','61-35','E90N 330i   Switch unit roof','');
insert into Diagram values('PM11-61_2089','PM11-20080400','61-35','','');
insert into Diagram values('PM11-61_2128','PM11-20080400','61-35','E90N 330i   Switch for brake, clutch','');
insert into Diagram values('PM11-61_2274','PM11-20080400','61-35','E90N 330i   Switch unit, center console','');
insert into Diagram values('PM11-61_2281','PM11-20080400','61-35','E90N 330i   Starter/Stop switch','');
insert into Diagram values('PM11-61_2282','PM11-20080400','61-35','E90N 330i   Switch hazard warning/central lckng syst','');
insert into Diagram values('PM11-61_2335','PM11-20080400','61-35','E90N 330i   Official vehicle package','');
insert into Diagram values('PM11-61_2426','PM11-20080400','61-35','E90N 330i   Control element light','');
insert into Diagram values('PM11-61_2434','PM11-20080400','61-35','E90N 330i   Switch unit steering column','');
insert into Diagram values('PM11-61_2480','PM11-20080400','61-35','E90N 330i   Cigarette lighter / sockets','');
insert into Diagram values('PM11-61_2632','PM11-20080400','61-35','E90N 330i   Official vehicle package','');
insert into Diagram values('PM11-61_2639','PM11-20080400','61-35','E90N 330i   Shift paddles / Shift paddles','');
insert into Diagram values('PM11-61_2900','PM11-20080400','61-35','E90N 330i   USB/AUX-IN socket','');
insert into Diagram values('PM11-61_2946','PM11-20080400','61-35','E90N 330i   USB/AUX-IN socket','');
insert into Diagram values('PM11-61_3088','PM11-20080400','61-35','E90N 330i   Switch unit steering column','');
insert into Diagram values('PM11-61_2857','PM11-20080400','61-40','E90N 330i   Horn','');
insert into Diagram values('PM11-61_1877','PM11-20080400','61-45','E90N 330i   FILLER PIPE FOR WASH CONTAINER','');
insert into Diagram values('PM11-61_1879','PM11-20080400','61-45','E90N 330i   Reserv.,windshield/headlight washer syst','');
insert into Diagram values('PM11-61_1954','PM11-20080400','61-45','E90N 330i   SINGLE COMPONENTS FOR WIPER ARM','');
insert into Diagram values('PM11-61_1955','PM11-20080400','61-45','E90N 330i   Wiper system, complete','');
insert into Diagram values('PM11-61_1988','PM11-20080400','61-45','E90N 330i   SINGLE PARTS FOR HEAD LAMP CLEANING','');
insert into Diagram values('PM11-61_2009','PM11-20080400','61-45','E90N 330i   SINGLE PARTS FOR WINDSHIELD CLEANING','');
insert into Diagram values('PM11-61_2001','PM11-20080400','61-95','E90N 330i   Retrofit kit, headlight cleaning system','');
insert into Diagram values('PM11-61_2223','PM11-20080400','61-95','E90N 330i   Suppression filter','');
insert into Diagram values('PM11-61_3026','PM11-20080400','61-95','E90N 330i   Battery charger','');
insert into Diagram values('PM11-61_3066','PM11-20080400','61-95','E90N 330i   Jumper cable','');
insert into Diagram values('PM11-61_3244','PM11-20080400','61-95','E90N 330i   Battery charger','');
insert into Diagram values('PM11-62_0483','PM11-20080400','62-05','E90N 330i   Instrument cluster','');
insert into Diagram values('PM11-62_0561','PM11-20080400','62-95','E90N 330i   Electronic log book','');
insert into Diagram values('PM11-63_1067','PM11-20080400','63-05','E90N 330i   SPARE BULBS BOX','');
insert into Diagram values('PM11-63_1068','PM11-20080400','63-05','E90N 330i   Headlight','');
insert into Diagram values('PM11-63_1069','PM11-20080400','63-05','E90N 330i   Individual parts for headlamp, halogen','');
insert into Diagram values('PM11-63_1070','PM11-20080400','63-05','E90N 330i   Single components f headlight Xenon/ALC','');
insert into Diagram values('PM11-63_1363','PM11-20080400','63-05','E90N 330i   BMW Performance Light','');
insert into Diagram values('PM11-63_1420','PM11-20080400','63-05','E90N 330i   SPARE BULBS BOX','');
insert into Diagram values('PM11-63_0920','PM11-20080400','63-10','E90N 330i   Additional turn indicator lamp','');
insert into Diagram values('PM11-63_0940','PM11-20080400','63-15','E90N 330i   Fog lamp, Sport Package M','');
insert into Diagram values('PM11-63_1073','PM11-20080400','63-15','E90N 330i   Fog lights','');
insert into Diagram values('PM11-63_1074','PM11-20080400','63-20','E90N 330i   Rear light','');
insert into Diagram values('PM11-63_0916','PM11-20080400','63-25','E90N 330i   Third stoplamp','');
insert into Diagram values('PM11-63_0911','PM11-20080400','63-30','E90N 330i   Various interior lights','');
insert into Diagram values('PM11-63_0915','PM11-20080400','63-30','E90N 330i   Door handle illumination','');
insert into Diagram values('PM11-63_1112','PM11-20080400','63-30','E90N 330i   License plate lamp, LED','');
insert into Diagram values('PM11-63_1113','PM11-20080400','63-30','E90N 330i   Strobe lamp - rear','');
insert into Diagram values('PM11-63_1153','PM11-20080400','63-95','E90N 330i   Flashlight, LED','');
insert into Diagram values('PM11-63_1289','PM11-20080400','63-95','E90N 330i   Retrofit kit, LED daytime driving lights','');
insert into Diagram values('PM11-63_1322','PM11-20080400','63-95','E90N 330i   LED interior light package','');
insert into Diagram values('PM11-63_1509','PM11-20080400','63-95','E90N 330i   BMW LED luggage compartment lamp','');
insert into Diagram values('PM11-64_1479','PM11-20080400','64-05','E90N 330i   Air duct','');
insert into Diagram values('PM11-64_1489','PM11-20080400','64-05','E90N 330i   OUTFLOW NOZZLES/COVERS','');
insert into Diagram values('PM11-64_1428','PM11-20080400','64-10','E90N 330i   MICROFILTER/ACTIVATED CARBON CONTAINER','');
insert into Diagram values('PM11-64_1774','PM11-20080400','64-15','E90N 330i   Heater unit, Denso','');
insert into Diagram values('PM11-64_1779','PM11-20080400','64-15','E90N 330i   Heater core from 07/2006 onward','');
insert into Diagram values('PM11-64_1780','PM11-20080400','64-15','E90N 330i   Heater unit, Denso','');
insert into Diagram values('PM11-64_1781','PM11-20080400','64-15','E90N 330i   Heater unit, Denso','');
insert into Diagram values('PM11-64_1497','PM11-20080400','64-18','E90N 330i   Water hoses','');
insert into Diagram values('PM11-64_1567','PM11-20080400','64-18','E90N 330i   Independent heating water valves','');
insert into Diagram values('PM11-64_1443','PM11-20080400','64-20','E90N 330i   Automatic air conditioning control','');
insert into Diagram values('PM11-64_1445','PM11-20080400','64-20','E90N 330i   Air Conditioning Control','');
insert into Diagram values('PM11-64_1439','PM11-20080400','64-30','E90N 330i   Evaporator / Expansion valve','');
insert into Diagram values('PM11-64_1451','PM11-20080400','64-35','E90N 330i   Housing parts heater and air cond. Denso','');
insert into Diagram values('PM11-64_1455','PM11-20080400','64-35','E90N 330i   Housing parts aut.air conditioning Denso','');
insert into Diagram values('PM11-64_1777','PM11-20080400','64-35','E90N 330i   Housing parts aut.air conditioning Valeo','');
insert into Diagram values('PM11-64_1454','PM11-20080400','64-40','E90N 330i   ELECTRIC PARTS FOR AC UNIT','');
insert into Diagram values('PM11-64_1433','PM11-20080400','64-45','E90N 330i   SENSOR F. AUC','');
insert into Diagram values('PM11-64_1434','PM11-20080400','64-45','E90N 330i   Solar sensor','');
insert into Diagram values('PM11-64_1438','PM11-20080400','64-45','E90N 330i   Condensation sensor','');
insert into Diagram values('PM11-64_1494','PM11-20080400','64-50','E90N 330i   Air-conditioner compressor','');
insert into Diagram values('PM11-64_1429','PM11-20080400','64-55','E90N 330i   Condenser air conditioning','');
insert into Diagram values('PM11-64_1431','PM11-20080400','64-60','E90N 330i   Coolant lines','');
insert into Diagram values('PM11-64_1508','PM11-20080400','64-65','E90N 330i   Spare parts, auxiliary heater Bypass Sys','');
insert into Diagram values('PM11-64_1509','PM11-20080400','64-65','E90N 330i   FUEL SUPPLY/PUMP/TUBING','');
insert into Diagram values('PM11-64_1575','PM11-20080400','64-65','E90N 330i   Spare parts,aux.heater,Opt.Eqmt/Accessor','');
insert into Diagram values('PM11-64_1610','PM11-20080400','64-65','E90N 330i   TRANSMITTER F AUXIL.HEATING REMOTE CTRL','');
insert into Diagram values('PM11-64_1633','PM11-20080400','64-95','E90N 330i   Retrofit kit, remote cntrl,indep.heating','');
insert into Diagram values('PM11-64_1703','PM11-20080400','64-95','E90N 330i   Install.kit, independent heater','');
insert into Diagram values('PM11-64_1704','PM11-20080400','64-95','E90N 330i   Install.kit, independent heater','');
insert into Diagram values('PM11-64_1705','PM11-20080400','64-95','E90N 330i   Install.kit, independent heater','');
insert into Diagram values('PM11-64_1855','PM11-20080400','64-95','E90N 330i   Accessori e postmontaggi','');
insert into Diagram values('PM11-64_1441','PM11-20080400','64-99','E90N 330i   DIVERSE SMALL PARTS','');
insert into Diagram values('PM11-65_0207','PM11-20080400','65-05','E90N 330i   Earth strap for engine hood','');
insert into DiagramParts values('PM11-65_1473-65129210510', 'PM11-65_1473', 01, 'Radio BMW Business CD', 'MSA', 1, to_date('20080901','YYYYMMDD'), to_date('20090901','YYYYMMDD'), '65129210510', '', 'ENDED', false);
insert into DiagramParts values('PM11-65_1473-65129216275', 'PM11-65_1473', 01, 'Radio BMW Business CD', 'MSA', 1, to_date('20080901','YYYYMMDD'), to_date('20091201','YYYYMMDD'), '65129216275', '', 'ENDED', false);
insert into DiagramParts values('PM11-65_1473-65129227500', 'PM11-65_1473', 01, 'Radio BMW Business CD', 'MSA', 1, to_date('20080901','YYYYMMDD'), to_date('20100901','YYYYMMDD'), '65129227500', '', '', false);
insert into Diagram values('PM11-65_1473','PM11-20080400','65-05','E90N 330i   Radio BMW Business CD','');
insert into DiagramParts values('PM11-65_1474-65129231059', 'PM11-65_1474', 02, 'Rotary knob', 'CHROM', 2, to_date('20100501','YYYYMMDD'), to_date('20100901','YYYYMMDD'), '65129231059', '', '', false);
insert into Diagram values('PM11-65_1474','PM11-20080400','65-05','E90N 330i   Radio BMW Professional CD','');
insert into Diagram values('PM11-65_1522','PM11-20080400','65-05','E90N 330i   M-Audio system controller','');
insert into Diagram values('PM11-65_1585','PM11-20080400','65-05','E90N 330i   DAB tuner','');
insert into DiagramParts values('PM11-65_2033-65129231159', 'PM11-65_2033', 01, 'Replacement, Car Infotainment Comp. Mid', 'MIC/VID/DAB', 1, to_date('20090901','YYYYMMDD'), to_date('20100901','YYYYMMDD'), '65129231159', '', 'ENDED', false);
insert into Diagram values('PM11-65_2033','PM11-20080400','65-05','E90N 330i   Car Infotainment Computer - Mid','');
insert into Diagram values('PM11-65_2250','PM11-20080400','65-05','E90N 330i   Radio BMW Professional CD','');
insert into Diagram values('PM11-65_2440','PM11-20080400','65-05','E90N 330i   DAB Retrofit','');
insert into Diagram values('PM11-65_1758','PM11-20080400','65-07','E90N 330i   USB/Audio interface','');
insert into Diagram values('PM11-65_1786','PM11-20080400','65-07','E90N 330i   Auxiliary connection cable','');
insert into Diagram values('PM11-65_1523','PM11-20080400','65-10','E90N 330i   CD Changer/Bracket','');
insert into Diagram values('PM11-65_1526','PM11-20080400','65-20','E90N 330i   Components central bass','');
insert into Diagram values('PM11-65_1527','PM11-20080400','65-20','E90N 330i   One part Top-Hifi/Harman Kardon I-panel','');
insert into Diagram values('PM11-65_1528','PM11-20080400','65-20','E90N 330i   One part Top-HiFi/Harman Kardon dr rear','');
insert into Diagram values('PM11-65_1529','PM11-20080400','65-20','E90N 330i   SINGLE PARTS F REAR HELF LOUDSPEAKER','');
insert into Diagram values('PM11-65_1530','PM11-20080400','65-20','E90N 330i   SINGLE PARTS F FRONT DOOR LOUDSPEAKER','');
insert into Diagram values('PM11-65_1751','PM11-20080400','65-20','E90N 330i   Individual Audio system, I-panel','');
insert into Diagram values('PM11-65_1753','PM11-20080400','65-20','E90N 330i   Individual Audio system, door front','');
insert into Diagram values('PM11-65_1755','PM11-20080400','65-20','E90N 330i   Individual Audio system, door rear','');
insert into Diagram values('PM11-65_1756','PM11-20080400','65-20','E90N 330i   Individual Audio system tray','');
insert into Diagram values('PM11-65_1534','PM11-20080400','65-22','E90N 330i   Universal aerial cable','');
insert into Diagram values('PM11-65_2342','PM11-20080400','65-22','E90N 330i   Audio wiring harness','');
insert into Diagram values('PM11-65_1524','PM11-20080400','65-25','E90N 330i   amplifier / holder hifi system','');
insert into Diagram values('PM11-65_1525','PM11-20080400','65-25','E90N 330i   Amplifier HiFi Prof. / Harman Kardon','');
insert into Diagram values('PM11-65_1754','PM11-20080400','65-25','E90N 330i   Amplifier/bracket Indi. Audio System','');
insert into Diagram values('PM11-65_1539','PM11-20080400','65-30','E90N 330i   SINGLE PARTS F ANTENNA-DIVERSITY','');
insert into Diagram values('PM11-65_1540','PM11-20080400','65-30','E90N 330i   SINGLE PARTS F ANTENNA','');
insert into Diagram values('PM11-65_1731','PM11-20080400','65-30','E90N 330i   Official radio antenna/horn speaker','');
insert into Diagram values('PM11-65_1504','PM11-20080400','65-45','E90N 330i   Coolant hose, CCC / CIC / MASK','');
insert into Diagram values('PM11-65_1917','PM11-20080400','65-45','E90N 330i   Controller CIC','');
insert into DiagramParts values('PM11-65_1551-65509196876', 'PM11-65_1551', 01, 'Video module', 'FBAS', 1, to_date('20080901','YYYYMMDD'), to_date('20090301','YYYYMMDD'), '65509196876', '', 'ENDED', false);
insert into DiagramParts values('PM11-65_1551-65509206973', 'PM11-65_1551', 01, 'Video module', 'FBAS', 1, to_date('20080901','YYYYMMDD'), to_date('20090901','YYYYMMDD'), '65509206973', '', '', false);
insert into DiagramParts values('PM11-65_1551-65509224301', 'PM11-65_1551', 01, 'TV module', 'DVB-T', 1, to_date('20090901','YYYYMMDD'), to_date('20100301','YYYYMMDD'), '65509224301', '', '', false);
insert into DiagramParts values('PM11-65_1551-65509229906', 'PM11-65_1551', 01, 'TV module', 'DVB-T', 1, to_date('20090901','YYYYMMDD'), to_date('20100901','YYYYMMDD'), '65509229906', '', 'ENDED', false);
insert into DiagramParts values('PM11-65_1551-65509240643', 'PM11-65_1551', 01, 'TV module', 'DVB-T', 1, to_date('20090901','YYYYMMDD'), to_date('20120701','YYYYMMDD'), '65509240643', '', '', false);
insert into DiagramParts values('PM11-65_1551-65509224302', 'PM11-65_1551', 01, 'TV module', 'ISDB-T', 1, to_date('20090901','YYYYMMDD'), to_date('20100301','YYYYMMDD'), '65509224302', '', 'ENDED', false);
insert into DiagramParts values('PM11-65_1551-65509235503', 'PM11-65_1551', 01, 'TV module', 'ISDB-T', 1, to_date('20090901','YYYYMMDD'), to_date('20100901','YYYYMMDD'), '65509235503', '', 'ENDED', false);
insert into DiagramParts values('PM11-65_1551-65509240645', 'PM11-65_1551', 01, 'TV module', 'ISDB-T', 1, to_date('20090901','YYYYMMDD'), to_date('20120701','YYYYMMDD'), '65509240645', '', '', false);
insert into DiagramParts values('PM11-65_1551-65509242221', 'PM11-65_1551', 01, 'TV module', 'DTMB', 1, to_date('20100901','YYYYMMDD'), to_date('20110301','YYYYMMDD'), '65509242221', '', 'ENDED', false);
insert into DiagramParts values('PM11-65_1551-65509252352', 'PM11-65_1551', 01, 'TV module', 'DTMB', 1, to_date('20100901','YYYYMMDD'), to_date('20110901','YYYYMMDD'), '65509252352', '', 'ENDED', false);
insert into DiagramParts values('PM11-65_1551-65509253523', 'PM11-65_1551', 01, 'TV module', 'DTMB', 1, to_date('20100901','YYYYMMDD'), to_date('20120301','YYYYMMDD'), '65509253523', '', 'ENDED', false);
insert into Diagram values('PM11-65_1551','PM11-20080400','65-50','E90N 330i   Video module/TV module','');
insert into Diagram values('PM11-65_1552','PM11-20080400','65-50','E90N 330i   Bracket for video module','');
insert into Diagram values('PM11-65_1553','PM11-20080400','65-50','E90N 330i   Support bracket, navigation computer','');
insert into DiagramParts values('PM11-65_1554-65829193745', 'PM11-65_1554', 01, 'On-board monitor 8,8&quot;', 'HIGH RESOLUTION', 1, to_date('20080901','YYYYMMDD'), to_date('20090901','YYYYMMDD'), '65829193745', '', '', false);
insert into Diagram values('PM11-65_1554','PM11-20080400','65-50','E90N 330i   On-board monitor','');
insert into DiagramParts values('PM11-65_1916-65839205093', 'PM11-65_1916', 01, 'Car Infotainment computer', 'KOREA', 1, to_date('20080901','YYYYMMDD'), to_date('20081101','YYYYMMDD'), '65839205093', '', 'ENDED', false);
insert into DiagramParts values('PM11-65_1916-65839202830', 'PM11-65_1916', 01, 'Car Infotainment computer', 'KOREA', 1, to_date('20080901','YYYYMMDD'), to_date('20090301','YYYYMMDD'), '65839202830', '', 'ENDED', false);
insert into DiagramParts values('PM11-65_1916-65129214936', 'PM11-65_1916', 01, 'Car Infotainment computer', 'KOREA', 1, to_date('20080901','YYYYMMDD'), to_date('20090901','YYYYMMDD'), '65129214936', '', 'ENDED', false);
insert into DiagramParts values('PM11-65_1916-65129222865', 'PM11-65_1916', 01, 'Car Infotainment computer', 'KOREA', 1, to_date('20080901','YYYYMMDD'), to_date('20100301','YYYYMMDD'), '65129222865', '', 'ENDED', false);
insert into DiagramParts values('PM11-65_1916-65129218334', 'PM11-65_1916', 01, 'Car Infotainment computer', 'KOREA', 1, to_date('20080901','YYYYMMDD'), to_date('20101001','YYYYMMDD'), '65129218334', '', 'ENDED', false);
insert into DiagramParts values('PM11-65_1916-65129248104', 'PM11-65_1916', 01, 'Car Infotainment computer', 'KOREA', 1, to_date('20080901','YYYYMMDD'), to_date('20101201','YYYYMMDD'), '65129248104', '', 'ENDED', false);
insert into DiagramParts values('PM11-65_1916-65129250326', 'PM11-65_1916', 01, 'Car Infotainment computer', 'KOREA', 1, to_date('20080901','YYYYMMDD'), to_date('20110301','YYYYMMDD'), '65129250326', '', 'ENDED', false);
insert into DiagramParts values('PM11-65_1916-65129257190', 'PM11-65_1916', 01, 'Car Infotainment computer', 'KOREA', 1, to_date('20080901','YYYYMMDD'), to_date('20110901','YYYYMMDD'), '65129257190', '', 'ENDED', false);
insert into DiagramParts values('PM11-65_1916-65129273172', 'PM11-65_1916', 01, 'Car Infotainment computer', 'KOREA', 1, to_date('20080901','YYYYMMDD'), to_date('20120301','YYYYMMDD'), '65129273172', '', 'ENDED', false);
insert into DiagramParts values('PM11-65_1916-65839205094', 'PM11-65_1916', 01, 'Car Infotainment computer', 'ASIEN', 1, to_date('20080901','YYYYMMDD'), to_date('20081101','YYYYMMDD'), '65839205094', '', 'ENDED', false);
insert into DiagramParts values('PM11-65_1916-65839202831', 'PM11-65_1916', 01, 'Car Infotainment computer', 'ASIEN', 1, to_date('20080901','YYYYMMDD'), to_date('20090301','YYYYMMDD'), '65839202831', '', 'ENDED', false);
insert into DiagramParts values('PM11-65_1916-65129214937', 'PM11-65_1916', 01, 'Car Infotainment computer', 'ASIEN', 1, to_date('20080901','YYYYMMDD'), to_date('20090901','YYYYMMDD'), '65129214937', '', 'ENDED', false);
insert into DiagramParts values('PM11-65_1916-65129222866', 'PM11-65_1916', 01, 'Car Infotainment computer', 'ASIEN', 1, to_date('20080901','YYYYMMDD'), to_date('20091201','YYYYMMDD'), '65129222866', '', 'ENDED', false);
insert into DiagramParts values('PM11-65_1916-65129231727', 'PM11-65_1916', 01, 'Car Infotainment computer', 'ASIEN', 1, to_date('20080901','YYYYMMDD'), to_date('20100301','YYYYMMDD'), '65129231727', '', 'ENDED', false);
insert into DiagramParts values('PM11-65_1916-65129218335', 'PM11-65_1916', 01, 'Car Infotainment computer', 'ASIEN', 1, to_date('20080901','YYYYMMDD'), to_date('20100901','YYYYMMDD'), '65129218335', '', 'ENDED', false);
insert into DiagramParts values('PM11-65_1916-65129244588', 'PM11-65_1916', 01, 'Car Infotainment computer', 'ASIEN', 1, to_date('20080901','YYYYMMDD'), to_date('20110301','YYYYMMDD'), '65129244588', '', 'ENDED', false);
insert into DiagramParts values('PM11-65_1916-65129257191', 'PM11-65_1916', 01, 'Car Infotainment computer', 'ASIEN', 1, to_date('20080901','YYYYMMDD'), to_date('20110901','YYYYMMDD'), '65129257191', '', 'ENDED', false);
insert into Diagram values('PM11-65_1916','PM11-20080400','65-50','E90N 330i   Car Infotainment computer','');
insert into Diagram values('PM11-65_1978','PM11-20080400','65-50','E90N 330i   DVD street map Navigation Option 606','');
insert into Diagram values('PM11-65_2206','PM11-20080400','65-50','E90N 330i   Enable code, initial, Professional GPS','');
insert into Diagram values('PM11-65_2207','PM11-20080400','65-50','E90N 330i   Enable code, update for Professional GPS','');
insert into Diagram values('PM11-65_2208','PM11-20080400','65-50','E90N 330i   Enable code, rep, GPS Professional','');
insert into Diagram values('PM11-65_2215','PM11-20080400','65-50','E90N 330i   Enable code, initial, Business GPS','');
insert into Diagram values('PM11-65_2216','PM11-20080400','65-50','E90N 330i   Enable code, rep, GPS Business','');
insert into Diagram values('PM11-65_2223','PM11-20080400','65-50','E90N 330i   Enable code, update, GPS Business','');
insert into Diagram values('PM11-65_1487','PM11-20080400','65-60','E90N 330i   Alarm systems','');
insert into Diagram values('PM11-65_1532','PM11-20080400','65-65','E90N 330i   Electric parts for airbag','');
insert into Diagram values('PM11-65_1468','PM11-20080400','65-70','E90N 330i   Temperature sensor','');
insert into Diagram values('PM11-65_1562','PM11-20080400','65-95','E90N 330i   Retrofit kit, CD-changer','');
insert into Diagram values('PM11-65_1565','PM11-20080400','65-95','E90N 330i   INSTALLATION KIT ALARM SYSTEM','');
insert into Diagram values('PM11-65_1576','PM11-20080400','65-95','E90N 330i   DVD-system Portable','');
insert into Diagram values('PM11-65_1658','PM11-20080400','65-95','E90N 330i   DVB-T Set-top box','');
insert into Diagram values('PM11-65_1710','PM11-20080400','65-95','E90N 330i   Retrofit kit, TV function','');
insert into Diagram values('PM11-65_1814','PM11-20080400','65-95','E90N 330i   Retrofit kit USB/iPod connection','');
insert into Diagram values('PM11-65_1825','PM11-20080400','65-95','E90N 330i   iPod connection retrofit kit','');
insert into Diagram values('PM11-65_1860','PM11-20080400','65-95','E90N 330i   Retrofit kit USB/audio interface','');
insert into Diagram values('PM11-65_1894','PM11-20080400','65-95','E90N 330i   Hifi system, Alpine','');
insert into Diagram values('PM11-65_1901','PM11-20080400','65-95','E90N 330i   Navigation Portable Plus/Pro/HD Traffic','');
insert into Diagram values('PM11-65_1902','PM11-20080400','65-95','E90N 330i   GPS, portable, street map','');
insert into Diagram values('PM11-65_1903','PM11-20080400','65-95','E90N 330i   iPod connection retrofit kit','');
insert into Diagram values('PM11-65_1924','PM11-20080400','65-95','E90N 330i   Navigation Portable accessories','');
insert into Diagram values('PM11-65_1925','PM11-20080400','65-95','E90N 330i   Basic hands-free system with USB/audio','');
insert into Diagram values('PM11-65_1989','PM11-20080400','65-95','E90N 330i   Tracking Products','');
insert into Diagram values('PM11-65_2004','PM11-20080400','65-95','E90N 330i   Retrofit kit, CD-changer','');
insert into Diagram values('PM11-65_2038','PM11-20080400','65-95','E90N 330i   DVD system Tablet','');
insert into Diagram values('PM11-65_2079','PM11-20080400','65-95','E90N 330i   Smartnav','');
insert into Diagram values('PM11-65_2271','PM11-20080400','65-95','E90N 330i   Charger adapter for Apple iPod / iPhone','');
insert into Diagram values('PM11-65_2375','PM11-20080400','65-95','E90N 330i   Retrofit language, Arabic','');
insert into Diagram values('PM11-65_2388','PM11-20080400','65-95','E90N 330i   Retrofit DAB+','');
insert into Diagram values('PM11-65_2422','PM11-20080400','65-95','E90N 330i   Cable adapter for Apple iPod / iPhone','');
insert into Diagram values('PM11-65_2434','PM11-20080400','65-95','E90N 330i   DVD System Tablet Single','');
insert into Diagram values('PM11-65_2515','PM11-20080400','65-95','E90N 330i   Navigation &apos;Portable&apos; with Design holder','');
insert into Diagram values('PM11-65_2520','PM11-20080400','65-95','E90N 330i   BMW USB charger','');
insert into Diagram values('PM11-65_2522','PM11-20080400','65-95','E90N 330i   Cable adapter, devices with Micro USB','');
insert into Diagram values('PM11-66_0116','PM11-20080400','66-05','E90N 330i   Ignition lock of remote control','');
insert into Diagram values('PM11-66_0117','PM11-20080400','66-05','E90N 330i   Park Distance Control (PDC)','');
insert into Diagram values('PM11-66_0229','PM11-20080400','66-05','E90N 330i   Ultrasonic-sensor','');
insert into Diagram values('PM11-66_0118','PM11-20080400','66-20','E90N 330i   ACC-Sensor/Dynamic cruise control','');
insert into Diagram values('PM11-66_0123','PM11-20080400','66-95','E90N 330i   Retrofit kit PDC, rear','');
insert into Diagram values('PM11-66_0124','PM11-20080400','66-95','E90N 330i   Front PDC upgrade','');
insert into Diagram values('PM11-66_0130','PM11-20080400','66-95','E90N 330i   Retrofit multi-functional steering wheel','');
insert into Diagram values('PM11-66_0169','PM11-20080400','66-95','E90N 330i   Dynamic cruise control retrofit','');
insert into Diagram values('PM11-66_0188','PM11-20080400','66-95','E90N 330i   Park Distance Control universale sonoro','');
insert into Diagram values('PM11-71_0549','PM11-20080400','71-03','E90N 330i   Notice label for fuel','');
insert into Diagram values('PM11-71_0550','PM11-20080400','71-03','E90N 330i   Various notice stickers','');
insert into Diagram values('PM11-71_0555','PM11-20080400','71-03','E90N 330i   LABEL "TIRE PRESSURE"','');
insert into Diagram values('PM11-71_0568','PM11-20080400','71-03','E90N 330i   Instruction notice, Airbag','');
insert into Diagram values('PM11-71_0623','PM11-20080400','71-03','E90N 330i   Label, coolant','');
insert into Diagram values('PM11-71_0680','PM11-20080400','71-03','E90N 330i   Labels independent heating','');
insert into Diagram values('PM11-71_0361','PM11-20080400','71-05','E90N 330i   Car tool','');
insert into Diagram values('PM11-71_0408','PM11-20080400','71-05','E90N 330i   Warning triangle/First aid kit/-cushion','');
insert into Diagram values('PM11-71_0717','PM11-20080400','71-05','E90N 330i   Set of lifting jack','');
insert into Diagram values('PM11-71_0497','PM11-20080400','71-07','E90N 330i   Mobility system','');
insert into Diagram values('PM11-71_0412','PM11-20080400','71-10','E90N 330i   SINGLE PARTS OF TRAILER HITCH','');
insert into Diagram values('PM11-71_0400','PM11-20080400','71-95','E90N 330i   Set of lifting jack','');
insert into Diagram values('PM11-71_0414','PM11-20080400','71-95','E90N 330i   Retrofit kit, towing hitch','');
insert into Diagram values('PM11-71_0434','PM11-20080400','71-95','E90N 330i   Tire Mobility Set','');
insert into Diagram values('PM11-71_0495','PM11-20080400','71-95','E90N 330i   Retrofit kit, towing hitch','');
insert into Diagram values('PM11-71_0513','PM11-20080400','71-95','E90N 330i   Twin electrics, caravan leads','');
insert into Diagram values('PM11-72_0552','PM11-20080400','72-03','E90N 330i   Airbag passenger and head airbag','');
insert into Diagram values('PM11-72_0521','PM11-20080400','72-05','E90N 330i   Safety belt front','');
insert into Diagram values('PM11-72_0522','PM11-20080400','72-05','E90N 330i   FRONT SAFETY BELT MOUNTING PARTS','');
insert into DiagramParts values('PM11-72_0551-72119160125', 'PM11-72_0551', 01, 'UPPER BELT REAR', 'BEIGE', 1, to_date('20080901','YYYYMMDD'), to_date('20090301','YYYYMMDD'), '72119160125', '', '', false);
insert into DiagramParts values('PM11-72_0551-72119160107', 'PM11-72_0551', 01, 'UPPER BELT REAR', 'GRAU', 1, to_date('20080901','YYYYMMDD'), to_date('20090901','YYYYMMDD'), '72119160107', '', 'ENDED', false);
insert into DiagramParts values('PM11-72_0551-72119160124', 'PM11-72_0551', 01, 'UPPER BELT REAR', 'GRAU', 1, to_date('20080901','YYYYMMDD'), to_date('20090901','YYYYMMDD'), '72119160124', '', '', false);
insert into DiagramParts values('PM11-72_0551-72119160111', 'PM11-72_0551', 02, 'REAR center UPPER BELT', 'GRAU', 1, to_date('20080901','YYYYMMDD'), to_date('20090901','YYYYMMDD'), '72119160111', '', '', false);
insert into Diagram values('PM11-72_0551','PM11-20080400','72-05','E90N 330i   SAFETY BELT REAR','');
insert into Diagram values('PM11-72_0553','PM11-20080400','72-05','E90N 330i   Support, child seat','');
insert into Diagram values('PM11-72_0461','PM11-20080400','72-95','E90N 330i   Storage compartment module','');
insert into Diagram values('PM11-72_0462','PM11-20080400','72-95','E90N 330i   Cup holder-module','');
insert into Diagram values('PM11-72_0591','PM11-20080400','72-95','E90N 330i   Tow bar','');
insert into Diagram values('PM11-72_0598','PM11-20080400','72-95','E90N 330i   TOW ROPE','');
insert into Diagram values('PM11-72_0603','PM11-20080400','72-95','E90N 330i   Fire extinguisher','');
insert into Diagram values('PM11-72_0744','PM11-20080400','72-95','E90N 330i   Emergency bag','');
insert into Diagram values('PM11-36_0937','PM11-20080400','82-14','E90N 330i   Snow chains','');
insert into Diagram values('PM11-82_1073','PM11-20080400','82-26','E90N 330i   Universal coat hanger','');
insert into Diagram values('PM11-82_1261','PM11-20080400','82-26','E90N 330i   Clean Bag','');
insert into Diagram values('PM11-82_1299','PM11-20080400','82-26','E90N 330i   Storage pocket, rear passengers','');
insert into Diagram values('PM11-82_1308','PM11-20080400','82-26','E90N 330i   Shoe case','');
insert into Diagram values('PM11-82_1309','PM11-20080400','82-26','E90N 330i   Multimedia case','');
insert into Diagram values('PM11-82_1311','PM11-20080400','82-26','E90N 330i   Driver utility set','');
insert into Diagram values('PM11-82_1181','PM11-20080400','82-31','E90N 330i   BMW Junior Seat I-II','');
insert into Diagram values('PM11-82_1186','PM11-20080400','82-31','E90N 330i   BMW Baby Seat 0+','');
insert into Diagram values('PM11-82_1187','PM11-20080400','82-31','E90N 330i   BMW Junior Seat I-II Isofix','');
insert into Diagram values('PM11-82_1189','PM11-20080400','82-31','E90N 330i   BMW Baby Seat 0+ Isofix','');
insert into Diagram values('PM11-82_1237','PM11-20080400','82-31','E90N 330i   Dog harness','');
insert into Diagram values('PM11-82_1276','PM11-20080400','82-31','E90N 330i   BMW Junior Seat II-III','');
insert into Diagram values('PM11-82_1305','PM11-20080400','82-31','E90N 330i   BMW Junior Seat III','');
insert into Diagram values('PM11-82_1198','PM11-20080400','82-44','E90N 330i   Cover','');
insert into Diagram values('PM11-82_1236','PM11-20080400','82-44','E90N 330i   Mud flaps','');
insert into Diagram values('PM11-82_1251','PM11-20080400','82-44','E90N 330i   Cover hood windshield/side window','');
insert into Diagram values('PM11-82_0116','PM11-20080400','82-51','E90N 330i   Universal support','');
insert into Diagram values('PM11-82_0123','PM11-20080400','82-51','E90N 330i   RACK FOR RACING BICYCLE','');
insert into Diagram values('PM11-82_0125','PM11-20080400','82-51','E90N 330i   Bicycle lift','');
insert into Diagram values('PM11-82_0283','PM11-20080400','82-51','E90N 330i   Surfboard rack','');
insert into Diagram values('PM11-82_1157','PM11-20080400','82-51','E90N 330i   Bicycle carrier, trailer coupling','');
insert into Diagram values('PM11-82_1175','PM11-20080400','82-51','E90N 330i   Touring bicycle holder','');
insert into Diagram values('PM11-82_1178','PM11-20080400','82-51','E90N 330i   Roof box','');
insert into Diagram values('PM11-82_1230','PM11-20080400','82-51','E90N 330i   Rack support','');
insert into Diagram values('PM11-82_1234','PM11-20080400','82-51','E90N 330i   Roof box','');
insert into Diagram values('PM11-82_1244','PM11-20080400','82-51','E90N 330i   Racing bike rack','');
insert into Diagram values('PM11-82_1250','PM11-20080400','82-51','E90N 330i   Roof box','');
insert into Diagram values('PM11-82_1268','PM11-20080400','82-51','E90N 330i   Ski/snowboard holder','');
insert into Diagram values('PM11-82_1295','PM11-20080400','82-51','E90N 330i   Roof rack systems','');
insert into Diagram values('PM11-82_1364','PM11-20080400','82-51','E90N 330i   Bicycle carrier, trailer coupling','');
insert into Diagram values('PM11-82_1460','PM11-20080400','82-51','E90N 330i   Roof rack systems','');
insert into Diagram values('PM11-82_1476','PM11-20080400','82-51','E90N 330i   Roof-mounted container 320 LCI','');
insert into Diagram values('PM11-82_1551','PM11-20080400','82-51','E90N 330i   Bicycle carrier, trailer coupling','');
insert into Diagram values('PM11-82_1567','PM11-20080400','82-51','E90N 330i   Bicycle carrier, trailer coupling','');
insert into Diagram values('PM11-82_1575','PM11-20080400','82-51','E90N 330i   Rear bicycle carrier, click-on','');
insert into Diagram values('PM11-82_1579','PM11-20080400','82-51','E90N 330i   Bicycle carrier, click-on','');
insert into Diagram values('PM11-82_1580','PM11-20080400','82-51','E90N 330i   Retrofit kit, Click On ECE','');
insert into Diagram values('PM11-82_1589','PM11-20080400','82-51','E90N 330i   Racing bike rack','');
insert into Diagram values('PM11-82_0102','PM11-20080400','82-81','E90N 330i   Universal hoist','');
insert into Diagram values('PM11-83_0579','PM11-20080400','83-01','E90N 330i   Rugzak','');
insert into Diagram values('PM11-83_0473','PM11-20080400','83-24','E90N 330i   Paint / Paint guard strips','');
insert into Diagram values('PM11-84_0767','PM11-20080400','84-10','E90N 330i   Starter package, cell phone Nokia 6303c','');
insert into Diagram values('PM11-84_0800','PM11-20080400','84-10','E90N 330i   ASSY COMBOX TELEMATIC ECE','');
insert into Diagram values('PM11-84_0658','PM11-20080400','84-20','E90N 330i   Single parts, SA 644 center console','');
insert into Diagram values('PM11-84_0670','PM11-20080400','84-20','E90N 330i   Single parts opt. Option 644/6FL trunk','');
insert into Diagram values('PM11-84_0673','PM11-20080400','84-20','E90N 330i   Single parts, SA 633, center console','');
insert into Diagram values('PM11-84_0689','PM11-20080400','84-20','E90N 330i   Single parts SA 633, trunk','');
insert into Diagram values('PM11-84_0758','PM11-20080400','84-20','E90N 330i   Single parts, option 6NF center console','');
insert into Diagram values('PM11-84_0657','PM11-20080400','84-30','E90N 330i   Single parts f hands-free facility','');
insert into Diagram values('PM11-84_0763','PM11-20080400','84-30','E90N 330i   Snap-in adapter, SAP','');
insert into Diagram values('PM11-84_0639','PM11-20080400','84-95','E90N 330i   Bluetooth SA644 hands-free retrofit kit','');
insert into Diagram values('PM11-84_0730','PM11-20080400','84-95','E90N 330i   Stolen Vehicle Tracking - TPA','');
insert into Diagram values('PM11-84_0732','PM11-20080400','84-95','E90N 330i   Upgrade kit hands-free Bluetooth OPT644','');
insert into Diagram values('PM11-84_0741','PM11-20080400','84-95','E90N 330i   Base hands-free system with Bluetooth','');
insert into Diagram values('PM11-84_0778','PM11-20080400','84-95','E90N 330i   BMW Bluetooth headset','');
insert into Diagram values('PM11-84_0867','PM11-20080400','84-95','E90N 330i   BMW Car Hotspot','');
insert into Diagram values('PM11-84_0895','PM11-20080400','84-95','E90N 330i   BMW station fr Apple iPhone','');
insert into Diagram values('PM11-84_0897','PM11-20080400','84-95','E90N 330i   Snap-in adapter for Apple devices','');
insert into Diagram values('PM11-84_0904','PM11-20080400','84-95','E90N 330i   Retrofit kit, voice input','');
insert into Diagram values('PM11-84_0906','PM11-20080400','84-95','E90N 330i   Snap-in adapter, SONY ERICSSON devices','');
insert into Diagram values('PM11-84_0907','PM11-20080400','84-95','E90N 330i   Snap-in adapter for NOKIA devices','');
insert into Diagram values('PM11-84_0908','PM11-20080400','84-95','E90N 330i   Snap-in adapter for SIEMENS devices','');
insert into Diagram values('PM11-84_0909','PM11-20080400','84-95','E90N 330i   Snap-in adapter for MOTOROLA devices','');
insert into Diagram values('PM11-84_0910','PM11-20080400','84-95','E90N 330i   Snap-in adapter, BlackBerry/RIM devices','');
insert into Diagram values('PM11-84_0911','PM11-20080400','84-95','E90N 330i   Field installation of BMW Apps','');
insert into Diagram values('PM11-84_0930','PM11-20080400','84-95','E90N 330i   Smartphone cradle','');
insert into Diagram values('PM11-84_0931','PM11-20080400','84-95','E90N 330i   BMW Car Hotspot LTE','');
insert into Diagram values('PM11-84_0933','PM11-20080400','84-95','E90N 330i   Snap-in adapter for SAMSUNG devices','');
insert into Diagram values('PM11-85_0002','PM11-20080400','85-45','E90N 330i   Winter tires','');
insert into Diagram values('PM11-85_0051','PM11-20080400','85-45','E90N 330i   Summer tires','');
insert into Diagram values('PM11-88_0052','PM11-20080400','88-80','E90N 330i   Emergency bag','');
insert into Diagram values('PM11-88_0064','PM11-20080400','88-80','E90N 330i   Fluid-change kit, autom. transmission','');
insert into Diagram values('PM11-91_0813','PM11-20080400','91-10','E90N 330i   Individual shift lever cover','');
insert into Diagram values('PM11-91_0814','PM11-20080400','91-12','E90N 330i   Individual selector lever boots','');
insert into Diagram values('PM11-91_0815','PM11-20080400','91-15','E90N 330i   Individual parking brake lever boot','');
insert into DiagramParts values('PM11-91_0763-32307969989', 'PM11-91_0763', 01, 'Sports st.-wheel,leather/wd.ring,multif.', 'ROTBRAUN', 1, to_date('20080901','YYYYMMDD'), to_date('20090901','YYYYMMDD'), '32307969989', '', 'ENDED, See NoS No Stock', false);
insert into DiagramParts values('PM11-91_0763-32307973716', 'PM11-91_0763', 01, 'Sports st.-wheel,leather/wd.ring,multif.', 'ANTHRAZIT', 1, to_date('20080901','YYYYMMDD'), to_date('20090901','YYYYMMDD'), '32307973716', '', 'ENDED, See NoS No Stock', false);
insert into DiagramParts values('PM11-91_0763-32307973720', 'PM11-91_0763', 01, 'Sports st.-wheel,leather/wd.ring,multif.', 'ROTBRAUN', 1, to_date('20080901','YYYYMMDD'), to_date('20090901','YYYYMMDD'), '32307973720', '', 'ENDED, See NoS No Stock', false);
insert into DiagramParts values('PM11-91_0763-32307973714', 'PM11-91_0763', 01, 'Sports st.-wheel,leather/wd.ring,multif.', 'ANTHRAZIT', 1, to_date('20080901','YYYYMMDD'), to_date('20090901','YYYYMMDD'), '32307973714', '', 'ENDED, See NoS No Stock', false);
insert into DiagramParts values('PM11-91_0763-32307973718', 'PM11-91_0763', 01, 'Sports st.-wheel,leather/wd.ring,multif.', 'ROTBRAUN', 1, to_date('20080901','YYYYMMDD'), to_date('20090901','YYYYMMDD'), '32307973718', '', 'ENDED, See NoS No Stock', false);
insert into DiagramParts values('PM11-91_0763-32307962217', 'PM11-91_0763', 02, 'Cover, multi-funct.steering wheel', 'SCHWARZ', 1, to_date('20050901','YYYYMMDD'), to_date('20090301','YYYYMMDD'), '32307962217', '', 'ENDED, See NoS No Stock', false);
insert into DiagramParts values('PM11-91_0763-32307841586', 'PM11-91_0763', 02, 'Cover, multi-funct.steering wheel', 'SCHWARZ', 1, to_date('20050901','YYYYMMDD'), to_date('20101101','YYYYMMDD'), '32307841586', '', 'ENDED, See NoS No Stock', false);
insert into Diagram values('PM11-91_0763','PM11-20080400','91-17','E90N 330i   Ind.sports st.-wheel,leather w/wdn. ring','');
insert into DiagramParts values('PM11-91_0868-32307962217', 'PM11-91_0868', 02, 'Cover, multi-funct.steering wheel', 'SCHWARZ', 1, to_date('20050901','YYYYMMDD'), to_date('20090301','YYYYMMDD'), '32307962217', '', 'ENDED, See NoS No Stock', false);
insert into DiagramParts values('PM11-91_0868-32307841586', 'PM11-91_0868', 02, 'Cover, multi-funct.steering wheel', 'SCHWARZ', 1, to_date('20050901','YYYYMMDD'), to_date('20101101','YYYYMMDD'), '32307841586', '', 'ENDED, See NoS No Stock', false);
insert into Diagram values('PM11-91_0868','PM11-20080400','91-17','E90N 330i   Indi. Sport STWH, leather w. leather rim','');
insert into DiagramParts values('PM11-91_1106-32307976951', 'PM11-91_1106', 01, 'Sport st. wheel, lthr, bicolor, multif.', 'INDIVIDUAL', 1, to_date('20090301','YYYYMMDD'), to_date('20100201','YYYYMMDD'), '32307976951', '', 'See NoS No Stock', false);
insert into Diagram values('PM11-91_1106','PM11-20080400','91-17','E90N 330i   Indi. Sport st. wheel, leather, bicolor','');
insert into Diagram values('PM11-91_0816','PM11-20080400','91-30','E90N 330i   Individual cup holder, soft paint','');
insert into Diagram values('PM11-91_0818','PM11-20080400','91-30','E90N 330i   Individual cover RF key insert','');
insert into Diagram values('PM11-91_0819','PM11-20080400','91-30','E90N 330i   Individual trim, light operating unit','');
insert into Diagram values('PM11-91_0820','PM11-20080400','91-30','E90N 330i   Individual trim panel, auto, climate','');
insert into Diagram values('PM11-91_0869','PM11-20080400','91-30','E90N 330i   Individual instrument panel, leather','');
insert into Diagram values('PM11-91_0875','PM11-20080400','91-30','E90N 330i   Individual folding storage, instr. panel','');
insert into Diagram values('PM11-91_0876','PM11-20080400','91-30','E90N 330i   Individual glove compartment, leather','');
insert into Diagram values('PM11-91_0930','PM11-20080400','91-30','E90N 330i   Individual trim cover MASK / CCC','');
insert into Diagram values('PM11-91_0872','PM11-20080400','91-35','E90N 330i   Individual center console','');
insert into Diagram values('PM11-91_0873','PM11-20080400','91-35','E90N 330i   Individual armrest, center console','');
insert into Diagram values('PM11-91_0874','PM11-20080400','91-35','E90N 330i   Individual center console covers, rear','');
insert into Diagram values('PM11-91_1025','PM11-20080400','91-40','E90N 330i   Individual wood trim covers','');
insert into Diagram values('PM11-91_0824','PM11-20080400','91-45','E90N 330i   Indiv.front door trim panel,part.leather','');
insert into Diagram values('PM11-91_0826','PM11-20080400','91-45','E90N 330i   Indi. clip for door handle, inside front','');
insert into Diagram values('PM11-91_0827','PM11-20080400','91-45','E90N 330i   Indiv. clip for door handle, inside rear','');
insert into Diagram values('PM11-91_0828','PM11-20080400','91-45','E90N 330i   Indi. door trim, all-leather, front','');
insert into Diagram values('PM11-91_0829','PM11-20080400','91-45','E90N 330i   Indi. door trim, all-leather, rear','');
insert into Diagram values('PM11-91_0830','PM11-20080400','91-45','E90N 330i   Indiv. rear door trim panel,part.leather','');
insert into Diagram values('PM11-91_1007','PM11-20080400','91-45','E90N 330i   Indi. door panel, leathr trim, front, LC','');
insert into Diagram values('PM11-91_1008','PM11-20080400','91-45','E90N 330i   Indi. door trim, part leather, rear, LC','');
insert into Diagram values('PM11-91_0890','PM11-20080400','91-57','E90N 330i   Individual floor mats, Leather border','');
insert into Diagram values('PM11-91_0722','PM11-20080400','91-60','E90N 330i   Indiv.cover, basic seat, front','');
insert into Diagram values('PM11-91_0734','PM11-20080400','91-60','E90N 330i   Individual sports seat cover, front','');
insert into Diagram values('PM11-91_0736','PM11-20080400','91-60','E90N 330i   Individ. rear panel Basic /Sports seat','');
insert into Diagram values('PM11-91_0998','PM11-20080400','91-60','E90N 330i   Individual uphols, base seat, front, LC','');
insert into Diagram values('PM11-91_0999','PM11-20080400','91-60','E90N 330i   Individual cover, Sport seat, front LC','');
insert into Diagram values('PM11-91_0737','PM11-20080400','91-65','E90N 330i   Indiv.cover basic seat, rear','');
insert into Diagram values('PM11-91_0738','PM11-20080400','91-65','E90N 330i   Individual sports seat cover, rear','');
insert into Diagram values('PM11-91_0739','PM11-20080400','91-65','E90N 330i   Ind.through-loading sys. rear basic seat','');
insert into Diagram values('PM11-91_0740','PM11-20080400','91-65','E90N 330i   Individual Loadthrough Sport seat, rear','');
insert into Diagram values('PM11-91_1000','PM11-20080400','91-65','E90N 330i   Indiv. cover for seat, rear, LC','');
insert into Diagram values('PM11-91_1001','PM11-20080400','91-65','E90N 330i   Indiv. load-through for seat, rear, LC','');
insert into Diagram values('PM11-91_0987','PM11-20080400','91-70','E90N 330i   Indi. head restraint CAK base seat front','');
insert into Diagram values('PM11-91_0988','PM11-20080400','91-70','E90N 330i   Indi. hd. restraint CAK Sport seat front','');
insert into Diagram values('PM11-91_1002','PM11-20080400','91-70','E90N 330i   Individual head restraint CAK front, LC','');
insert into Diagram values('PM11-91_0752','PM11-20080400','91-75','E90N 330i   Indv. headrest, basic seat, rear','');
insert into Diagram values('PM11-91_0753','PM11-20080400','91-75','E90N 330i   Ind. headrest, sports seat, rear','');
insert into Diagram values('PM11-91_0754','PM11-20080400','91-75','E90N 330i   Indi. folding headrest, base kit, rear','');
insert into Diagram values('PM11-91_0755','PM11-20080400','91-75','E90N 330i   Indi. folding headrest, Sport seat, rear','');
insert into Diagram values('PM11-91_0756','PM11-20080400','91-75','E90N 330i   Individual folding headrests,center rear','');
insert into Diagram values('PM11-91_1004','PM11-20080400','91-75','E90N 330i   Indi. fold headrest, rear, center, LC','');
insert into Diagram values('PM11-91_1005','PM11-20080400','91-75','E90N 330i   Indi. headrest, rear lateral, LC','');
insert into Diagram values('PM11-91_1006','PM11-20080400','91-75','E90N 330i   Indi. fold headrest, rear side LC','');
insert into Diagram values('PM11-91_0741','PM11-20080400','91-80','E90N 330i   Individual armrest, rear','');
insert into ProdCodeDate values('PM11-20080400','PM11',to_date('20080401','YYYYMMDD'));
insert into ProdCode values('PM36','330i','Lim','E90N','ECE','N52N','L','05/2008 E90N 330i Sedan N52N Europe Right hand drive ');
insert into ProdCodeDate values('PM36-20080500','PM36',to_date('20080501','YYYYMMDD'));
insert into DiagramParts values('PM36-01_0656-01492604891', 'PM36-01_0656', 01, 'Supplement to owner&apos;s manual, police', 'DE/EN, E90/E91', 1, to_date('20100301','YYYYMMDD'), to_date('20100901','YYYYMMDD'), '01492604891', '', '', false);
insert into DiagramParts values('PM36-01_0656-01402609937', 'PM36-01_0656', 01, 'Supplement to owner&apos;s manual, police', 'E90/E91, DE/EN', 1, to_date('20100901','YYYYMMDD'), to_date('20110901','YYYYMMDD'), '01402609937', '', '', false);
insert into Diagram values('PM36-01_0656','PM36-20080500','01-05','E90N 330i   Supplement to owner&apos;s manual, police','');
insert into DiagramParts values('PM36-01_0657-01492604892', 'PM36-01_0657', 01, 'Suppl. Owner&apos;s Manual officials utility', 'DE/EN, E90/E91', 1, to_date('20100301','YYYYMMDD'), to_date('20100901','YYYYMMDD'), '01492604892', '', '', false);
insert into Diagram values('PM36-01_0657','PM36-20080500','01-05','E90N 330i   Suppl. Owner&apos;s Manual officials utility','');
insert into DiagramParts values('PM36-01_0691-01402601792', 'PM36-01_0691', 01, 'Owner&apos;s manual E90, E91 w/o iDrive', 'DE, MJ 2009', 1, to_date('20090301','YYYYMMDD'), to_date('20090901','YYYYMMDD'), '01402601792', '', '', false);
insert into DiagramParts values('PM36-01_0691-01402602960', 'PM36-01_0691', 01, 'Owner&apos;s manual E90, E91 w/o iDrive', 'DE, MJ 2010', 1, to_date('20090901','YYYYMMDD'), to_date('20100301','YYYYMMDD'), '01402602960', '', '', false);
insert into DiagramParts values('PM36-01_0691-01402604233', 'PM36-01_0691', 01, 'Owner&apos;s manual E90, E91 w/o iDrive', 'DE, MJ 2010', 1, to_date('20100301','YYYYMMDD'), to_date('20100901','YYYYMMDD'), '01402604233', '', '', false);
insert into DiagramParts values('PM36-01_0691-01402605465', 'PM36-01_0691', 01, 'Owner&apos;s manual E90, E91 w/o iDrive', 'DE, MJ 2011', 1, to_date('20100901','YYYYMMDD'), to_date('20110301','YYYYMMDD'), '01402605465', '', '', false);
insert into DiagramParts values('PM36-01_0691-01402606907', 'PM36-01_0691', 01, 'Owner&apos;s manual E90, E91 w/o iDrive', 'DE, MJ 2011', 1, to_date('20110301','YYYYMMDD'), to_date('20110901','YYYYMMDD'), '01402606907', '', '', false);
insert into DiagramParts values('PM36-01_0691-01412600871', 'PM36-01_0691', 02, 'Owner&apos;s manual E90, E91 w/o iDrive', 'EN, MJ 2009', 1, to_date('20080901','YYYYMMDD'), to_date('20090301','YYYYMMDD'), '01412600871', '', '', false);
insert into DiagramParts values('PM36-01_0691-01412601793', 'PM36-01_0691', 02, 'Owner&apos;s manual E90, E91 w/o iDrive', 'EN, MJ 2009', 1, to_date('20090301','YYYYMMDD'), to_date('20090901','YYYYMMDD'), '01412601793', '', '', false);
insert into DiagramParts values('PM36-01_0691-01412602961', 'PM36-01_0691', 02, 'Owner&apos;s manual E90, E91 w/o iDrive', 'EN, MJ 2010', 1, to_date('20090901','YYYYMMDD'), to_date('20100301','YYYYMMDD'), '01412602961', '', '', false);
insert into DiagramParts values('PM36-01_0691-01412604234', 'PM36-01_0691', 02, 'Owner&apos;s manual E90, E91 w/o iDrive', 'EN, MJ 2010', 1, to_date('20100301','YYYYMMDD'), to_date('20100901','YYYYMMDD'), '01412604234', '', '', false);
insert into DiagramParts values('PM36-01_0691-01402605466', 'PM36-01_0691', 02, 'Owner&apos;s manual E90, E91 w/o iDrive', 'EN, MJ 2011', 1, to_date('20100901','YYYYMMDD'), to_date('20110301','YYYYMMDD'), '01402605466', '', '', false);
insert into DiagramParts values('PM36-01_0691-01402606908', 'PM36-01_0691', 02, 'Owner&apos;s manual E90, E91 w/o iDrive', 'EN, MJ 2011', 1, to_date('20110301','YYYYMMDD'), to_date('20110901','YYYYMMDD'), '01402606908', '', '', false);
insert into DiagramParts values('PM36-01_0691-01422600872', 'PM36-01_0691', 03, 'Owner&apos;s manual E90, E91 w/o iDrive', 'FR, MJ 2009', 1, to_date('20080901','YYYYMMDD'), to_date('20090301','YYYYMMDD'), '01422600872', '', '', false);
insert into DiagramParts values('PM36-01_0691-01422601794', 'PM36-01_0691', 03, 'Owner&apos;s manual E90, E91 w/o iDrive', 'FR, MJ2009', 1, to_date('20090301','YYYYMMDD'), to_date('20090901','YYYYMMDD'), '01422601794', '', '', false);
insert into DiagramParts values('PM36-01_0691-01422602962', 'PM36-01_0691', 03, 'Owner&apos;s manual E90, E91 w/o iDrive', 'FR, MJ 2010', 1, to_date('20090901','YYYYMMDD'), to_date('20100301','YYYYMMDD'), '01422602962', '', '', false);
insert into DiagramParts values('PM36-01_0691-01422604235', 'PM36-01_0691', 03, 'Owner&apos;s manual E90, E91 w/o iDrive', 'FR, MJ 2010', 1, to_date('20100301','YYYYMMDD'), to_date('20100901','YYYYMMDD'), '01422604235', '', '', false);
insert into DiagramParts values('PM36-01_0691-01402605467', 'PM36-01_0691', 03, 'Owner&apos;s manual E90, E91 w/o iDrive', 'FR, MJ 2011', 1, to_date('20100901','YYYYMMDD'), to_date('20110301','YYYYMMDD'), '01402605467', '', '', false);
insert into DiagramParts values('PM36-01_0691-01402606909', 'PM36-01_0691', 03, 'Owner&apos;s manual E90, E91 w/o iDrive', 'FR, MJ 2011', 1, to_date('20110301','YYYYMMDD'), to_date('20110901','YYYYMMDD'), '01402606909', '', '', false);
insert into DiagramParts values('PM36-01_0691-01432600873', 'PM36-01_0691', 04, 'Owner&apos;s manual E90, E91 w/o iDrive', 'ES, MJ 2009', 1, to_date('20080901','YYYYMMDD'), to_date('20090301','YYYYMMDD'), '01432600873', '', '', false);
insert into DiagramParts values('PM36-01_0691-01432601795', 'PM36-01_0691', 04, 'Owner&apos;s manual E90, E91 w/o iDrive', 'ES, MJ 2009', 1, to_date('20090301','YYYYMMDD'), to_date('20090901','YYYYMMDD'), '01432601795', '', '', false);
insert into DiagramParts values('PM36-01_0691-01432602963', 'PM36-01_0691', 04, 'Owner&apos;s manual E90, E91 w/o iDrive', 'ES, MJ 2010', 1, to_date('20090901','YYYYMMDD'), to_date('20100301','YYYYMMDD'), '01432602963', '', '', false);
insert into DiagramParts values('PM36-01_0691-01432604236', 'PM36-01_0691', 04, 'Owner&apos;s manual E90, E91 w/o iDrive', 'ES, MJ 2010', 1, to_date('20100301','YYYYMMDD'), to_date('20100901','YYYYMMDD'), '01432604236', '', '', false);
insert into DiagramParts values('PM36-01_0691-01402605468', 'PM36-01_0691', 04, 'Owner&apos;s manual E90, E91 w/o iDrive', 'ES, MJ 2011', 1, to_date('20100901','YYYYMMDD'), to_date('20110301','YYYYMMDD'), '01402605468', '', '', false);
insert into DiagramParts values('PM36-01_0691-01402606910', 'PM36-01_0691', 04, 'Owner&apos;s manual E90, E91 w/o iDrive', 'ES, MJ 2011', 1, to_date('20110301','YYYYMMDD'), to_date('20110901','YYYYMMDD'), '01402606910', '', '', false);
insert into DiagramParts values('PM36-01_0691-01442600874', 'PM36-01_0691', 05, 'Owner&apos;s manual E90, E91 w/o iDrive', 'IT, MJ 2009', 1, to_date('20080901','YYYYMMDD'), to_date('20090301','YYYYMMDD'), '01442600874', '', '', false);
insert into DiagramParts values('PM36-01_0691-01442601796', 'PM36-01_0691', 05, 'Owner&apos;s manual E90, E91 w/o iDrive', 'IT, MJ 2009', 1, to_date('20090301','YYYYMMDD'), to_date('20090901','YYYYMMDD'), '01442601796', '', '', false);
insert into DiagramParts values('PM36-01_0691-01442602964', 'PM36-01_0691', 05, 'Owner&apos;s manual E90, E91 w/o iDrive', 'IT, MJ 2010', 1, to_date('20090901','YYYYMMDD'), to_date('20100301','YYYYMMDD'), '01442602964', '', '', false);
insert into DiagramParts values('PM36-01_0691-01442604237', 'PM36-01_0691', 05, 'Owner&apos;s manual E90, E91 w/o iDrive', 'IT, MJ 2010', 1, to_date('20100301','YYYYMMDD'), to_date('20100901','YYYYMMDD'), '01442604237', '', '', false);
insert into DiagramParts values('PM36-01_0691-01402605469', 'PM36-01_0691', 05, 'Owner&apos;s manual E90, E91 w/o iDrive', 'IT, MJ 2011', 1, to_date('20100901','YYYYMMDD'), to_date('20110301','YYYYMMDD'), '01402605469', '', '', false);
insert into DiagramParts values('PM36-01_0691-01402606911', 'PM36-01_0691', 05, 'Owner&apos;s manual E90, E91 w/o iDrive', 'IT, MJ 2011', 1, to_date('20110301','YYYYMMDD'), to_date('20110901','YYYYMMDD'), '01402606911', '', '', false);
insert into DiagramParts values('PM36-01_0691-01452600875', 'PM36-01_0691', 06, 'Owner&apos;s manual E90, E91 w/o iDrive', 'SV, MJ 2009', 1, to_date('20080901','YYYYMMDD'), to_date('20090301','YYYYMMDD'), '01452600875', '', '', false);
insert into DiagramParts values('PM36-01_0691-01452601797', 'PM36-01_0691', 06, 'Owner&apos;s manual E90, E91 w/o iDrive', 'SV, MJ 2009', 1, to_date('20090301','YYYYMMDD'), to_date('20090901','YYYYMMDD'), '01452601797', '', '', false);
insert into DiagramParts values('PM36-01_0691-01452602965', 'PM36-01_0691', 06, 'Owner&apos;s manual E90, E91 w/o iDrive', 'SV, MJ 2010', 1, to_date('20090901','YYYYMMDD'), to_date('20100301','YYYYMMDD'), '01452602965', '', '', false);
insert into DiagramParts values('PM36-01_0691-01452604238', 'PM36-01_0691', 06, 'Owner&apos;s manual E90, E91 w/o iDrive', 'SV, MJ 2010', 1, to_date('20100301','YYYYMMDD'), to_date('20100901','YYYYMMDD'), '01452604238', '', '', false);
insert into DiagramParts values('PM36-01_0691-01402605470', 'PM36-01_0691', 06, 'Owner&apos;s manual E90, E91 w/o iDrive', 'SV, MJ 2011', 1, to_date('20100901','YYYYMMDD'), to_date('20110301','YYYYMMDD'), '01402605470', '', '', false);
insert into DiagramParts values('PM36-01_0691-01402606912', 'PM36-01_0691', 06, 'Owner&apos;s manual E90, E91 w/o iDrive', 'SV, MJ 2011', 1, to_date('20110301','YYYYMMDD'), to_date('20110901','YYYYMMDD'), '01402606912', '', '', false);
insert into DiagramParts values('PM36-01_0691-01462600876', 'PM36-01_0691', 07, 'Owner&apos;s manual E90, E91 w/o iDrive', 'NL, MJ 2009', 1, to_date('20080901','YYYYMMDD'), to_date('20090301','YYYYMMDD'), '01462600876', '', '', false);
insert into DiagramParts values('PM36-01_0691-01462601798', 'PM36-01_0691', 07, 'Owner&apos;s manual E90, E91 w/o iDrive', 'NL, MJ 2009', 1, to_date('20090301','YYYYMMDD'), to_date('20090901','YYYYMMDD'), '01462601798', '', '', false);
insert into DiagramParts values('PM36-01_0691-01462602966', 'PM36-01_0691', 07, 'Owner&apos;s manual E90, E91 w/o iDrive', 'NL, MJ 2010', 1, to_date('20090901','YYYYMMDD'), to_date('20100301','YYYYMMDD'), '01462602966', '', '', false);
insert into DiagramParts values('PM36-01_0691-01462604239', 'PM36-01_0691', 07, 'Owner&apos;s manual E90, E91 w/o iDrive', 'NL, MJ 2010', 1, to_date('20100301','YYYYMMDD'), to_date('20100901','YYYYMMDD'), '01462604239', '', '', false);
insert into DiagramParts values('PM36-01_0691-01402605471', 'PM36-01_0691', 07, 'Owner&apos;s manual E90, E91 w/o iDrive', 'NL, MJ 2011', 1, to_date('20100901','YYYYMMDD'), to_date('20110301','YYYYMMDD'), '01402605471', '', '', false);
insert into DiagramParts values('PM36-01_0691-01402606913', 'PM36-01_0691', 07, 'Owner&apos;s manual E90, E91 w/o iDrive', 'NL, MJ 2011', 1, to_date('20110301','YYYYMMDD'), to_date('20110901','YYYYMMDD'), '01402606913', '', '', false);
insert into DiagramParts values('PM36-01_0691-01472600877', 'PM36-01_0691', 08, 'Owner&apos;s manual E90, E91 w/o iDrive', 'AR, MJ 2009', 1, to_date('20080901','YYYYMMDD'), to_date('20090301','YYYYMMDD'), '01472600877', '', '', false);
insert into DiagramParts values('PM36-01_0691-01472601799', 'PM36-01_0691', 08, 'Owner&apos;s manual E90, E91 w/o iDrive', 'AR, MJ 2009', 1, to_date('20090301','YYYYMMDD'), to_date('20090901','YYYYMMDD'), '01472601799', '', '', false);
insert into DiagramParts values('PM36-01_0691-01472602967', 'PM36-01_0691', 08, 'Owner&apos;s manual E90, E91 w/o iDrive', 'AR, MJ 2010', 1, to_date('20090901','YYYYMMDD'), to_date('20100301','YYYYMMDD'), '01472602967', '', '', false);
insert into DiagramParts values('PM36-01_0691-01472604240', 'PM36-01_0691', 08, 'Owner&apos;s manual E90, E91 w/o iDrive', 'AR, MJ 2010', 1, to_date('20100301','YYYYMMDD'), to_date('20100901','YYYYMMDD'), '01472604240', '', '', false);
insert into DiagramParts values('PM36-01_0691-01402605472', 'PM36-01_0691', 08, 'Owner&apos;s manual E90, E91 w/o iDrive', 'AR, MJ 2011', 1, to_date('20100901','YYYYMMDD'), to_date('20110301','YYYYMMDD'), '01402605472', '', '', false);
insert into DiagramParts values('PM36-01_0691-01402606914', 'PM36-01_0691', 08, 'Owner&apos;s manual E90, E91 w/o iDrive', 'AR, MJ 2011', 1, to_date('20110301','YYYYMMDD'), to_date('20110901','YYYYMMDD'), '01402606914', '', '', false);
insert into DiagramParts values('PM36-01_0691-01482600878', 'PM36-01_0691', 09, 'Owner&apos;s manual E90, E91 w/o iDrive', 'DA, MJ 2009', 1, to_date('20080901','YYYYMMDD'), to_date('20090301','YYYYMMDD'), '01482600878', '', '', false);
insert into DiagramParts values('PM36-01_0691-01482601800', 'PM36-01_0691', 09, 'Owner&apos;s manual E90, E91 w/o iDrive', 'DA, MJ 2009', 1, to_date('20090301','YYYYMMDD'), to_date('20090901','YYYYMMDD'), '01482601800', '', '', false);
insert into DiagramParts values('PM36-01_0691-01482602968', 'PM36-01_0691', 09, 'Owner&apos;s manual E90, E91 w/o iDrive', 'DA, MJ 2010', 1, to_date('20090901','YYYYMMDD'), to_date('20100301','YYYYMMDD'), '01482602968', '', '', false);
insert into DiagramParts values('PM36-01_0691-01482604241', 'PM36-01_0691', 09, 'Owner&apos;s manual E90, E91 w/o iDrive', 'DA, MJ 2010', 1, to_date('20100301','YYYYMMDD'), to_date('20100901','YYYYMMDD'), '01482604241', '', '', false);
insert into DiagramParts values('PM36-01_0691-01402605473', 'PM36-01_0691', 09, 'Owner&apos;s manual E90, E91 w/o iDrive', 'DA, MJ 2011', 1, to_date('20100901','YYYYMMDD'), to_date('20110301','YYYYMMDD'), '01402605473', '', '', false);
insert into DiagramParts values('PM36-01_0691-01402606915', 'PM36-01_0691', 09, 'Owner&apos;s manual E90, E91 w/o iDrive', 'DA, MJ 2011', 1, to_date('20110301','YYYYMMDD'), to_date('20110901','YYYYMMDD'), '01402606915', '', '', false);
insert into DiagramParts values('PM36-01_0691-01492600879', 'PM36-01_0691', 10, 'Owner&apos;s manual E90, E91 w/o iDrive', 'PT, MJ 2009', 1, to_date('20080901','YYYYMMDD'), to_date('20090301','YYYYMMDD'), '01492600879', '', '', false);
insert into DiagramParts values('PM36-01_0691-01492601801', 'PM36-01_0691', 10, 'Owner&apos;s manual E90, E91 w/o iDrive', 'PT, MJ 2009', 1, to_date('20090301','YYYYMMDD'), to_date('20090901','YYYYMMDD'), '01492601801', '', '', false);
insert into DiagramParts values('PM36-01_0691-01492602969', 'PM36-01_0691', 10, 'Owner&apos;s manual E90, E91 w/o iDrive', 'PT, MJ 2010', 1, to_date('20090901','YYYYMMDD'), to_date('20100301','YYYYMMDD'), '01492602969', '', '', false);
insert into DiagramParts values('PM36-01_0691-01492604242', 'PM36-01_0691', 10, 'Owner&apos;s manual E90, E91 w/o iDrive', 'PT, MJ 2010', 1, to_date('20100301','YYYYMMDD'), to_date('20100901','YYYYMMDD'), '01492604242', '', '', false);
insert into DiagramParts values('PM36-01_0691-01402605474', 'PM36-01_0691', 10, 'Owner&apos;s manual E90, E91 w/o iDrive', 'PT, MJ 2011', 1, to_date('20100901','YYYYMMDD'), to_date('20110301','YYYYMMDD'), '01402605474', '', '', false);
insert into DiagramParts values('PM36-01_0691-01402606916', 'PM36-01_0691', 10, 'Owner&apos;s manual E90, E91 w/o iDrive', 'PT, MJ 2011', 1, to_date('20110301','YYYYMMDD'), to_date('20110901','YYYYMMDD'), '01402606916', '', '', false);
insert into DiagramParts values('PM36-01_0691-01492600881', 'PM36-01_0691', 13, 'Owner&apos;s manual E90, E91 w/o iDrive', 'EL, MJ 2009', 1, to_date('20080901','YYYYMMDD'), to_date('20090301','YYYYMMDD'), '01492600881', '', '', false);
insert into DiagramParts values('PM36-01_0691-01492601803', 'PM36-01_0691', 13, 'Owner&apos;s manual E90, E91 w/o iDrive', 'EL, MJ 2009', 1, to_date('20090301','YYYYMMDD'), to_date('20090901','YYYYMMDD'), '01492601803', '', '', false);
insert into DiagramParts values('PM36-01_0691-01492602971', 'PM36-01_0691', 13, 'Owner&apos;s manual E90, E91 w/o iDrive', 'EL, MJ 2010', 1, to_date('20090901','YYYYMMDD'), to_date('20100301','YYYYMMDD'), '01492602971', '', '', false);
insert into DiagramParts values('PM36-01_0691-01492604244', 'PM36-01_0691', 13, 'Owner&apos;s manual E90, E91 w/o iDrive', 'EL, MJ 2010', 1, to_date('20100301','YYYYMMDD'), to_date('20100901','YYYYMMDD'), '01492604244', '', '', false);
insert into DiagramParts values('PM36-01_0691-01402605476', 'PM36-01_0691', 13, 'Owner&apos;s manual E90, E91 w/o iDrive', 'EL, MJ 2011', 1, to_date('20100901','YYYYMMDD'), to_date('20110301','YYYYMMDD'), '01402605476', '', '', false);
insert into DiagramParts values('PM36-01_0691-01402606918', 'PM36-01_0691', 13, 'Owner&apos;s manual E90, E91 w/o iDrive', 'EL, MJ 2011', 1, to_date('20110301','YYYYMMDD'), to_date('20110901','YYYYMMDD'), '01402606918', '', '', false);
insert into DiagramParts values('PM36-01_0691-01492600880', 'PM36-01_0691', 14, 'Owner&apos;s manual E90, E91 w/o iDrive', 'ZH, MJ 2009', 1, to_date('20080901','YYYYMMDD'), to_date('20090301','YYYYMMDD'), '01492600880', '', '', false);
insert into DiagramParts values('PM36-01_0691-01492601802', 'PM36-01_0691', 14, 'Owner&apos;s manual E90, E91 w/o iDrive', 'ZH, MJ 2009', 1, to_date('20090301','YYYYMMDD'), to_date('20090901','YYYYMMDD'), '01492601802', '', '', false);
insert into DiagramParts values('PM36-01_0691-01492602970', 'PM36-01_0691', 14, 'Owner&apos;s manual E90, E91 w/o iDrive', 'ZH, MJ 2010', 1, to_date('20090901','YYYYMMDD'), to_date('20100301','YYYYMMDD'), '01492602970', '', '', false);
insert into DiagramParts values('PM36-01_0691-01492604243', 'PM36-01_0691', 14, 'Owner&apos;s manual E90, E91 w/o iDrive', 'ZH, MJ 2010', 1, to_date('20100301','YYYYMMDD'), to_date('20100901','YYYYMMDD'), '01492604243', '', '', false);
insert into DiagramParts values('PM36-01_0691-01402605475', 'PM36-01_0691', 14, 'Owner&apos;s manual E90, E91 w/o iDrive', 'ZH, MJ 2011', 1, to_date('20100901','YYYYMMDD'), to_date('20110301','YYYYMMDD'), '01402605475', '', '', false);
insert into DiagramParts values('PM36-01_0691-01402606917', 'PM36-01_0691', 14, 'Owner&apos;s manual E90, E91 w/o iDrive', 'ZH, MJ 2011', 1, to_date('20110301','YYYYMMDD'), to_date('20110901','YYYYMMDD'), '01402606917', '', '', false);
insert into DiagramParts values('PM36-01_0691-01492600882', 'PM36-01_0691', 15, 'Owner&apos;s manual E90, E91 w/o iDrive', 'KO, MJ 2009', 1, to_date('20080901','YYYYMMDD'), to_date('20090301','YYYYMMDD'), '01492600882', '', '', false);
insert into DiagramParts values('PM36-01_0691-01492601804', 'PM36-01_0691', 15, 'Owner&apos;s manual E90, E91 w/o iDrive', 'KO, MJ 2009', 1, to_date('20090301','YYYYMMDD'), to_date('20090901','YYYYMMDD'), '01492601804', '', '', false);
insert into DiagramParts values('PM36-01_0691-01492602972', 'PM36-01_0691', 15, 'Owner&apos;s manual E90, E91 w/o iDrive', 'KO, MJ 2010', 1, to_date('20090901','YYYYMMDD'), to_date('20100301','YYYYMMDD'), '01492602972', '', '', false);
insert into DiagramParts values('PM36-01_0691-01492604245', 'PM36-01_0691', 15, 'Owner&apos;s manual E90, E91 w/o iDrive', 'KO, MJ 2010', 1, to_date('20100301','YYYYMMDD'), to_date('20100901','YYYYMMDD'), '01492604245', '', '', false);
insert into DiagramParts values('PM36-01_0691-01402605477', 'PM36-01_0691', 15, 'Owner&apos;s manual E90, E91 w/o iDrive', 'KO, MJ 2011', 1, to_date('20100901','YYYYMMDD'), to_date('20110301','YYYYMMDD'), '01402605477', '', '', false);
insert into DiagramParts values('PM36-01_0691-01402606919', 'PM36-01_0691', 15, 'Owner&apos;s manual E90, E91 w/o iDrive', 'KO, MJ 2011', 1, to_date('20110301','YYYYMMDD'), to_date('20110901','YYYYMMDD'), '01402606919', '', '', false);
insert into DiagramParts values('PM36-01_0691-01492600884', 'PM36-01_0691', 16, 'Owner&apos;s manual E90, E91 w/o iDrive', 'RO, MJ 2009', 1, to_date('20080901','YYYYMMDD'), to_date('20090301','YYYYMMDD'), '01492600884', '', '', false);
insert into DiagramParts values('PM36-01_0691-01492601806', 'PM36-01_0691', 16, 'Owner&apos;s manual E90, E91 w/o iDrive', 'RO, MJ 2009', 1, to_date('20090301','YYYYMMDD'), to_date('20090901','YYYYMMDD'), '01492601806', '', '', false);
insert into DiagramParts values('PM36-01_0691-01492602974', 'PM36-01_0691', 16, 'Owner&apos;s manual E90, E91 w/o iDrive', 'RO, MJ 2010', 1, to_date('20090901','YYYYMMDD'), to_date('20100301','YYYYMMDD'), '01492602974', '', '', false);
insert into DiagramParts values('PM36-01_0691-01492604247', 'PM36-01_0691', 16, 'Owner&apos;s manual E90, E91 w/o iDrive', 'RO, MJ 2010', 1, to_date('20100301','YYYYMMDD'), to_date('20100901','YYYYMMDD'), '01492604247', '', '', false);
insert into DiagramParts values('PM36-01_0691-01402605479', 'PM36-01_0691', 16, 'Owner&apos;s manual E90, E91 w/o iDrive', 'RO, MJ 2011', 1, to_date('20100901','YYYYMMDD'), to_date('20110301','YYYYMMDD'), '01402605479', '', '', false);
insert into DiagramParts values('PM36-01_0691-01402606921', 'PM36-01_0691', 16, 'Owner&apos;s manual E90, E91 w/o iDrive', 'RO, MJ 2011', 1, to_date('20110301','YYYYMMDD'), to_date('20110901','YYYYMMDD'), '01402606921', '', '', false);
insert into DiagramParts values('PM36-01_0691-01492600883', 'PM36-01_0691', 17, 'Owner&apos;s manual E90, E91 w/o iDrive', 'RU, MJ 2009', 1, to_date('20080901','YYYYMMDD'), to_date('20090301','YYYYMMDD'), '01492600883', '', '', false);
insert into DiagramParts values('PM36-01_0691-01492601805', 'PM36-01_0691', 17, 'Owner&apos;s manual E90, E91 w/o iDrive', 'RU, MJ 2009', 1, to_date('20090301','YYYYMMDD'), to_date('20090901','YYYYMMDD'), '01492601805', '', '', false);
insert into DiagramParts values('PM36-01_0691-01492602973', 'PM36-01_0691', 17, 'Owner&apos;s manual E90, E91 w/o iDrive', 'RU, MJ 2010', 1, to_date('20090901','YYYYMMDD'), to_date('20100301','YYYYMMDD'), '01492602973', '', '', false);
insert into DiagramParts values('PM36-01_0691-01492604246', 'PM36-01_0691', 17, 'Owner&apos;s manual E90, E91 w/o iDrive', 'RU, MJ 2010', 1, to_date('20100301','YYYYMMDD'), to_date('20100901','YYYYMMDD'), '01492604246', '', '', false);
insert into DiagramParts values('PM36-01_0691-01402605478', 'PM36-01_0691', 17, 'Owner&apos;s manual E90, E91 w/o iDrive', 'RU, MJ 2011', 1, to_date('20100901','YYYYMMDD'), to_date('20110301','YYYYMMDD'), '01402605478', '', '', false);
insert into DiagramParts values('PM36-01_0691-01402606920', 'PM36-01_0691', 17, 'Owner&apos;s manual E90, E91 w/o iDrive', 'RU, MJ 2011', 1, to_date('20110301','YYYYMMDD'), to_date('20110901','YYYYMMDD'), '01402606920', '', '', false);
insert into DiagramParts values('PM36-01_0691-01492602975', 'PM36-01_0691', 18, 'Owner&apos;s manual E90, E91 w/o iDrive', 'SK, MJ 2010', 1, to_date('20090901','YYYYMMDD'), to_date('20100301','YYYYMMDD'), '01492602975', '', '', false);
insert into DiagramParts values('PM36-01_0691-01492604248', 'PM36-01_0691', 18, 'Owner&apos;s manual E90, E91 w/o iDrive', 'SK, MJ 2010', 1, to_date('20100301','YYYYMMDD'), to_date('20100901','YYYYMMDD'), '01492604248', '', '', false);
insert into DiagramParts values('PM36-01_0691-01402605480', 'PM36-01_0691', 18, 'Owner&apos;s manual E90, E91 w/o iDrive', 'SK, MJ 2011', 1, to_date('20100901','YYYYMMDD'), to_date('20110301','YYYYMMDD'), '01402605480', '', '', false);
insert into DiagramParts values('PM36-01_0691-01402606922', 'PM36-01_0691', 18, 'Owner&apos;s manual E90, E91 w/o iDrive', 'SK, MJ 2011', 1, to_date('20110301','YYYYMMDD'), to_date('20110901','YYYYMMDD'), '01402606922', '', '', false);
insert into DiagramParts values('PM36-01_0691-01492602976', 'PM36-01_0691', 19, 'Owner&apos;s manual E90, E91 w/o iDrive', 'CS, MJ 2010', 1, to_date('20090901','YYYYMMDD'), to_date('20100301','YYYYMMDD'), '01492602976', '', '', false);
insert into DiagramParts values('PM36-01_0691-01492604249', 'PM36-01_0691', 19, 'Owner&apos;s manual E90, E91 w/o iDrive', 'CS, MJ 2010', 1, to_date('20100301','YYYYMMDD'), to_date('20100901','YYYYMMDD'), '01492604249', '', '', false);
insert into DiagramParts values('PM36-01_0691-01402605481', 'PM36-01_0691', 19, 'Owner&apos;s manual E90, E91 w/o iDrive', 'CS, MJ 2011', 1, to_date('20100901','YYYYMMDD'), to_date('20110301','YYYYMMDD'), '01402605481', '', '', false);
insert into DiagramParts values('PM36-01_0691-01402606923', 'PM36-01_0691', 19, 'Owner&apos;s manual E90, E91 w/o iDrive', 'CS, MJ 2011', 1, to_date('20110301','YYYYMMDD'), to_date('20110901','YYYYMMDD'), '01402606923', '', '', false);
insert into DiagramParts values('PM36-01_0691-01402605482', 'PM36-01_0691', 20, 'Owner&apos;s manual E90, E91 w/o iDrive', 'PL, MJ 2011', 1, to_date('20100901','YYYYMMDD'), to_date('20110301','YYYYMMDD'), '01402605482', '', '', false);
insert into DiagramParts values('PM36-01_0691-01402606924', 'PM36-01_0691', 20, 'Owner&apos;s manual E90, E91 w/o iDrive', 'PL, MJ 2011', 1, to_date('20110301','YYYYMMDD'), to_date('20110901','YYYYMMDD'), '01402606924', '', '', false);
insert into DiagramParts values('PM36-01_0691-01402606925', 'PM36-01_0691', 21, 'Owner&apos;s manual E90, E91 w/o iDrive', 'HU, MJ 2011', 1, to_date('20110301','YYYYMMDD'), to_date('20110901','YYYYMMDD'), '01402606925', '', '', false);
insert into Diagram values('PM36-01_0691','PM36-20080500','01-05','E90N 330i   Owner&apos;s manual E90, E91 w/o iDrive','');
insert into DiagramParts values('PM36-01_0692-01402601809', 'PM36-01_0692', 01, 'Owner&apos;s manual, E90, E91 with iDrive', 'DE, MJ 2009', 1, to_date('20090301','YYYYMMDD'), to_date('20090901','YYYYMMDD'), '01402601809', '', '', false);
insert into DiagramParts values('PM36-01_0692-01402601916', 'PM36-01_0692', 01, 'Owner&apos;s manual, E90, E91 with iDrive', 'DE, MJ 2009', 1, to_date('20090301','YYYYMMDD'), to_date('20090901','YYYYMMDD'), '01402601916', '', '', false);
insert into DiagramParts values('PM36-01_0692-01402604565', 'PM36-01_0692', 01, 'Owner&apos;s manual, E90, E91 with iDrive', 'DE, MJ 2010', 1, to_date('20100301','YYYYMMDD'), to_date('20100901','YYYYMMDD'), '01402604565', '', '', false);
insert into DiagramParts values('PM36-01_0692-01402605542', 'PM36-01_0692', 01, 'Owner&apos;s manual, E90, E91 with iDrive', 'DE, MJ 2011', 1, to_date('20100901','YYYYMMDD'), to_date('20110301','YYYYMMDD'), '01402605542', '', '', false);
insert into DiagramParts values('PM36-01_0692-01402606989', 'PM36-01_0692', 01, 'Owner&apos;s manual, E90, E91 with iDrive', 'DE, MJ 2011', 1, to_date('20110301','YYYYMMDD'), to_date('20110901','YYYYMMDD'), '01402606989', '', '', false);
insert into DiagramParts values('PM36-01_0692-01412601810', 'PM36-01_0692', 02, 'Owner&apos;s manual, E90, E91 with iDrive', 'EN, MJ 2009', 1, to_date('20090301','YYYYMMDD'), to_date('20090901','YYYYMMDD'), '01412601810', '', '', false);
insert into DiagramParts values('PM36-01_0692-01412601917', 'PM36-01_0692', 02, 'Owner&apos;s manual, E90, E91 with iDrive', 'EN, MJ 2009', 1, to_date('20090301','YYYYMMDD'), to_date('20090901','YYYYMMDD'), '01412601917', '', '', false);
insert into DiagramParts values('PM36-01_0692-01412604566', 'PM36-01_0692', 02, 'Owner&apos;s manual, E90, E91 with iDrive', 'EN, MJ 2010', 1, to_date('20100301','YYYYMMDD'), to_date('20100901','YYYYMMDD'), '01412604566', '', '', false);
insert into DiagramParts values('PM36-01_0692-01402605543', 'PM36-01_0692', 02, 'Owner&apos;s manual, E90, E91 with iDrive', 'EN, MJ 2011', 1, to_date('20100901','YYYYMMDD'), to_date('20110301','YYYYMMDD'), '01402605543', '', '', false);
insert into DiagramParts values('PM36-01_0692-01402606990', 'PM36-01_0692', 02, 'Owner&apos;s manual, E90, E91 with iDrive', 'EN, MJ 2011', 1, to_date('20110301','YYYYMMDD'), to_date('20110901','YYYYMMDD'), '01402606990', '', '', false);
insert into DiagramParts values('PM36-01_0692-01422601811', 'PM36-01_0692', 03, 'Owner&apos;s manual, E90, E91 with iDrive', 'FR, MJ 2009', 1, to_date('20090301','YYYYMMDD'), to_date('20090901','YYYYMMDD'), '01422601811', '', '', false);
insert into DiagramParts values('PM36-01_0692-01422601918', 'PM36-01_0692', 03, 'Owner&apos;s manual, E90, E91 with iDrive', 'FR, MJ 2009', 1, to_date('20090301','YYYYMMDD'), to_date('20090901','YYYYMMDD'), '01422601918', '', '', false);
insert into DiagramParts values('PM36-01_0692-01422604567', 'PM36-01_0692', 03, 'Owner&apos;s manual, E90, E91 with iDrive', 'FR, MJ 2010', 1, to_date('20100301','YYYYMMDD'), to_date('20100901','YYYYMMDD'), '01422604567', '', '', false);
insert into DiagramParts values('PM36-01_0692-01402605544', 'PM36-01_0692', 03, 'Owner&apos;s manual, E90, E91 with iDrive', 'FR, MJ 2011', 1, to_date('20100901','YYYYMMDD'), to_date('20110301','YYYYMMDD'), '01402605544', '', '', false);
insert into DiagramParts values('PM36-01_0692-01402606991', 'PM36-01_0692', 03, 'Owner&apos;s manual, E90, E91 with iDrive', 'FR, MJ 2011', 1, to_date('20110301','YYYYMMDD'), to_date('20110901','YYYYMMDD'), '01402606991', '', '', false);
insert into DiagramParts values('PM36-01_0692-01432601812', 'PM36-01_0692', 04, 'Owner&apos;s manual, E90, E91 with iDrive', 'ES, MJ 2009', 1, to_date('20090301','YYYYMMDD'), to_date('20090901','YYYYMMDD'), '01432601812', '', '', false);
insert into DiagramParts values('PM36-01_0692-01432601919', 'PM36-01_0692', 04, 'Owner&apos;s manual, E90, E91 with iDrive', 'ES, MJ 2009', 1, to_date('20090301','YYYYMMDD'), to_date('20090901','YYYYMMDD'), '01432601919', '', '', false);
insert into DiagramParts values('PM36-01_0692-01432604568', 'PM36-01_0692', 04, 'Owner&apos;s manual, E90, E91 with iDrive', 'ES, MJ 2010', 1, to_date('20100301','YYYYMMDD'), to_date('20100901','YYYYMMDD'), '01432604568', '', '', false);
insert into DiagramParts values('PM36-01_0692-01402605545', 'PM36-01_0692', 04, 'Owner&apos;s manual, E90, E91 with iDrive', 'ES, MJ 2011', 1, to_date('20100901','YYYYMMDD'), to_date('20110301','YYYYMMDD'), '01402605545', '', '', false);
insert into DiagramParts values('PM36-01_0692-01402606992', 'PM36-01_0692', 04, 'Owner&apos;s manual, E90, E91 with iDrive', 'ES, MJ 2011', 1, to_date('20110301','YYYYMMDD'), to_date('20110901','YYYYMMDD'), '01402606992', '', '', false);
insert into DiagramParts values('PM36-01_0692-01442601813', 'PM36-01_0692', 05, 'Owner&apos;s manual, E90, E91 with iDrive', 'IT, MJ 2009', 1, to_date('20090301','YYYYMMDD'), to_date('20090901','YYYYMMDD'), '01442601813', '', '', false);
insert into DiagramParts values('PM36-01_0692-01442601920', 'PM36-01_0692', 05, 'Owner&apos;s manual, E90, E91 with iDrive', 'IT, MJ 2009', 1, to_date('20090301','YYYYMMDD'), to_date('20090901','YYYYMMDD'), '01442601920', '', '', false);
insert into DiagramParts values('PM36-01_0692-01442604569', 'PM36-01_0692', 05, 'Owner&apos;s manual, E90, E91 with iDrive', 'IT, MJ 2010', 1, to_date('20100301','YYYYMMDD'), to_date('20100901','YYYYMMDD'), '01442604569', '', '', false);
insert into DiagramParts values('PM36-01_0692-01402605546', 'PM36-01_0692', 05, 'Owner&apos;s manual, E90, E91 with iDrive', 'IT, MJ 2011', 1, to_date('20100901','YYYYMMDD'), to_date('20110301','YYYYMMDD'), '01402605546', '', '', false);
insert into DiagramParts values('PM36-01_0692-01402606993', 'PM36-01_0692', 05, 'Owner&apos;s manual, E90, E91 with iDrive', 'IT, MJ 2011', 1, to_date('20110301','YYYYMMDD'), to_date('20110901','YYYYMMDD'), '01402606993', '', '', false);
insert into DiagramParts values('PM36-01_0692-01452601814', 'PM36-01_0692', 06, 'Owner&apos;s manual, E90, E91 with iDrive', 'SV, MJ 2009', 1, to_date('20090301','YYYYMMDD'), to_date('20090901','YYYYMMDD'), '01452601814', '', '', false);
insert into DiagramParts values('PM36-01_0692-01452601921', 'PM36-01_0692', 06, 'Owner&apos;s manual, E90, E91 with iDrive', 'SV, MJ 2009', 1, to_date('20090301','YYYYMMDD'), to_date('20090901','YYYYMMDD'), '01452601921', '', '', false);
insert into DiagramParts values('PM36-01_0692-01452604570', 'PM36-01_0692', 06, 'Owner&apos;s manual, E90, E91 with iDrive', 'SV, MJ 2010', 1, to_date('20100301','YYYYMMDD'), to_date('20100901','YYYYMMDD'), '01452604570', '', '', false);
insert into DiagramParts values('PM36-01_0692-01402605547', 'PM36-01_0692', 06, 'Owner&apos;s manual, E90, E91 with iDrive', 'SV, MJ 2011', 1, to_date('20100901','YYYYMMDD'), to_date('20110301','YYYYMMDD'), '01402605547', '', '', false);
insert into DiagramParts values('PM36-01_0692-01402606994', 'PM36-01_0692', 06, 'Owner&apos;s manual, E90, E91 with iDrive', 'SV, MJ 2011', 1, to_date('20110301','YYYYMMDD'), to_date('20110901','YYYYMMDD'), '01402606994', '', '', false);
insert into DiagramParts values('PM36-01_0692-01462601815', 'PM36-01_0692', 07, 'Owner&apos;s manual, E90, E91 with iDrive', 'NL, MJ 2009', 1, to_date('20090301','YYYYMMDD'), to_date('20090901','YYYYMMDD'), '01462601815', '', '', false);
insert into DiagramParts values('PM36-01_0692-01462601922', 'PM36-01_0692', 07, 'Owner&apos;s manual, E90, E91 with iDrive', 'NL, MJ 2009', 1, to_date('20090301','YYYYMMDD'), to_date('20090901','YYYYMMDD'), '01462601922', '', '', false);
insert into DiagramParts values('PM36-01_0692-01462604571', 'PM36-01_0692', 07, 'Owner&apos;s manual, E90, E91 with iDrive', 'NL, MJ 2010', 1, to_date('20100301','YYYYMMDD'), to_date('20100901','YYYYMMDD'), '01462604571', '', '', false);
insert into DiagramParts values('PM36-01_0692-01402605548', 'PM36-01_0692', 07, 'Owner&apos;s manual, E90, E91 with iDrive', 'NL, MJ 2011', 1, to_date('20100901','YYYYMMDD'), to_date('20110301','YYYYMMDD'), '01402605548', '', '', false);
insert into DiagramParts values('PM36-01_0692-01402606995', 'PM36-01_0692', 07, 'Owner&apos;s manual, E90, E91 with iDrive', 'NL, MJ 2011', 1, to_date('20110301','YYYYMMDD'), to_date('20110901','YYYYMMDD'), '01402606995', '', '', false);
insert into DiagramParts values('PM36-01_0692-01472601816', 'PM36-01_0692', 08, 'Owner&apos;s manual, E90, E91 with iDrive', 'AR, MJ 2009', 1, to_date('20090301','YYYYMMDD'), to_date('20090901','YYYYMMDD'), '01472601816', '', '', false);
insert into DiagramParts values('PM36-01_0692-01472601923', 'PM36-01_0692', 08, 'Owner&apos;s manual, E90, E91 with iDrive', 'AR, MJ 2009', 1, to_date('20090301','YYYYMMDD'), to_date('20090901','YYYYMMDD'), '01472601923', '', '', false);
insert into DiagramParts values('PM36-01_0692-01472604572', 'PM36-01_0692', 08, 'Owner&apos;s manual, E90, E91 with iDrive', 'AR, MJ 2010', 1, to_date('20100301','YYYYMMDD'), to_date('20100901','YYYYMMDD'), '01472604572', '', '', false);
insert into DiagramParts values('PM36-01_0692-01402605549', 'PM36-01_0692', 08, 'Owner&apos;s manual, E90, E91 with iDrive', 'AR, MJ 2011', 1, to_date('20100901','YYYYMMDD'), to_date('20110301','YYYYMMDD'), '01402605549', '', '', false);
insert into DiagramParts values('PM36-01_0692-01402606996', 'PM36-01_0692', 08, 'Owner&apos;s manual, E90, E91 with iDrive', 'AR, MJ 2011', 1, to_date('20110301','YYYYMMDD'), to_date('20110901','YYYYMMDD'), '01402606996', '', '', false);
insert into DiagramParts values('PM36-01_0692-01482601817', 'PM36-01_0692', 09, 'Owner&apos;s manual, E90, E91 with iDrive', 'DA, MJ 2009', 1, to_date('20090301','YYYYMMDD'), to_date('20090901','YYYYMMDD'), '01482601817', '', '', false);
insert into DiagramParts values('PM36-01_0692-01482601924', 'PM36-01_0692', 09, 'Owner&apos;s manual, E90, E91 with iDrive', 'DA, MJ 2009', 1, to_date('20090301','YYYYMMDD'), to_date('20090901','YYYYMMDD'), '01482601924', '', '', false);
insert into DiagramParts values('PM36-01_0692-01482604573', 'PM36-01_0692', 09, 'Owner&apos;s manual, E90, E91 with iDrive', 'DA, MJ 2010', 1, to_date('20100301','YYYYMMDD'), to_date('20100901','YYYYMMDD'), '01482604573', '', '', false);
insert into DiagramParts values('PM36-01_0692-01402605550', 'PM36-01_0692', 09, 'Owner&apos;s manual, E90, E91 with iDrive', 'DA, MJ 2011', 1, to_date('20100901','YYYYMMDD'), to_date('20110301','YYYYMMDD'), '01402605550', '', '', false);
insert into DiagramParts values('PM36-01_0692-01402606997', 'PM36-01_0692', 09, 'Owner&apos;s manual, E90, E91 with iDrive', 'DA, MJ 2011', 1, to_date('20110301','YYYYMMDD'), to_date('20110901','YYYYMMDD'), '01402606997', '', '', false);
insert into DiagramParts values('PM36-01_0692-01492601818', 'PM36-01_0692', 10, 'Owner&apos;s manual, E90, E91 with iDrive', 'PT, MJ 2009', 1, to_date('20090301','YYYYMMDD'), to_date('20090901','YYYYMMDD'), '01492601818', '', '', false);
insert into DiagramParts values('PM36-01_0692-01492601925', 'PM36-01_0692', 10, 'Owner&apos;s manual, E90, E91 with iDrive', 'PT, MJ 2009', 1, to_date('20090301','YYYYMMDD'), to_date('20090901','YYYYMMDD'), '01492601925', '', '', false);
insert into DiagramParts values('PM36-01_0692-01492604574', 'PM36-01_0692', 10, 'Owner&apos;s manual, E90, E91 with iDrive', 'PT, MJ  2010', 1, to_date('20100301','YYYYMMDD'), to_date('20100901','YYYYMMDD'), '01492604574', '', '', false);
insert into DiagramParts values('PM36-01_0692-01402605551', 'PM36-01_0692', 10, 'Owner&apos;s manual, E90, E91 with iDrive', 'PT, MJ 2011', 1, to_date('20100901','YYYYMMDD'), to_date('20110301','YYYYMMDD'), '01402605551', '', '', false);
insert into DiagramParts values('PM36-01_0692-01402606998', 'PM36-01_0692', 10, 'Owner&apos;s manual, E90, E91 with iDrive', 'PT, MJ 2011', 1, to_date('20110301','YYYYMMDD'), to_date('20110901','YYYYMMDD'), '01402606998', '', '', false);
insert into DiagramParts values('PM36-01_0692-01492601820', 'PM36-01_0692', 13, 'Owner&apos;s manual, E90, E91 with iDrive', 'EL, MJ 2009', 1, to_date('20090301','YYYYMMDD'), to_date('20090901','YYYYMMDD'), '01492601820', '', '', false);
insert into DiagramParts values('PM36-01_0692-01492601927', 'PM36-01_0692', 13, 'Owner&apos;s manual, E90, E91 with iDrive', 'EL, MJ 2009', 1, to_date('20090301','YYYYMMDD'), to_date('20090901','YYYYMMDD'), '01492601927', '', '', false);
insert into DiagramParts values('PM36-01_0692-01492604576', 'PM36-01_0692', 13, 'Owner&apos;s manual, E90, E91 with iDrive', 'EL, MJ 2010', 1, to_date('20100301','YYYYMMDD'), to_date('20100901','YYYYMMDD'), '01492604576', '', '', false);
insert into DiagramParts values('PM36-01_0692-01402605553', 'PM36-01_0692', 13, 'Owner&apos;s manual, E90, E91 with iDrive', 'EL, MJ 2011', 1, to_date('20100901','YYYYMMDD'), to_date('20110301','YYYYMMDD'), '01402605553', '', '', false);
insert into DiagramParts values('PM36-01_0692-01402607000', 'PM36-01_0692', 13, 'Owner&apos;s manual, E90, E91 with iDrive', 'EL, MJ 2011', 1, to_date('20110301','YYYYMMDD'), to_date('20110901','YYYYMMDD'), '01402607000', '', '', false);
insert into DiagramParts values('PM36-01_0692-01492601926', 'PM36-01_0692', 14, 'Owner&apos;s manual, E90, E91 with iDrive', 'ZH, MJ 2009', 1, to_date('20090301','YYYYMMDD'), to_date('20090901','YYYYMMDD'), '01492601926', '', '', false);
insert into DiagramParts values('PM36-01_0692-01492604575', 'PM36-01_0692', 14, 'Owner&apos;s manual, E90, E91 with iDrive', 'ZH, MJ 2010', 1, to_date('20100301','YYYYMMDD'), to_date('20100901','YYYYMMDD'), '01492604575', '', '', false);
insert into DiagramParts values('PM36-01_0692-01402605552', 'PM36-01_0692', 14, 'Owner&apos;s manual, E90, E91 with iDrive', 'ZH, MJ 2011', 1, to_date('20100901','YYYYMMDD'), to_date('20110301','YYYYMMDD'), '01402605552', '', '', false);
insert into DiagramParts values('PM36-01_0692-01402606999', 'PM36-01_0692', 14, 'Owner&apos;s manual, E90, E91 with iDrive', 'ZH, MJ 2011', 1, to_date('20110301','YYYYMMDD'), to_date('20110901','YYYYMMDD'), '01402606999', '', '', false);
insert into DiagramParts values('PM36-01_0692-01492601821', 'PM36-01_0692', 15, 'Owner&apos;s manual, E90, E91 with iDrive', 'KO, MJ 2009', 1, to_date('20090301','YYYYMMDD'), to_date('20090901','YYYYMMDD'), '01492601821', '', '', false);
insert into DiagramParts values('PM36-01_0692-01492601928', 'PM36-01_0692', 15, 'Owner&apos;s manual, E90, E91 with iDrive', 'KO, MJ 2009', 1, to_date('20090301','YYYYMMDD'), to_date('20090901','YYYYMMDD'), '01492601928', '', '', false);
insert into DiagramParts values('PM36-01_0692-01492604577', 'PM36-01_0692', 15, 'Owner&apos;s manual, E90, E91 with iDrive', 'KO, MJ 2010', 1, to_date('20100301','YYYYMMDD'), to_date('20100901','YYYYMMDD'), '01492604577', '', '', false);
insert into DiagramParts values('PM36-01_0692-01402605554', 'PM36-01_0692', 15, 'Owner&apos;s manual, E90, E91 with iDrive', 'KO, MJ 2011', 1, to_date('20100901','YYYYMMDD'), to_date('20110301','YYYYMMDD'), '01402605554', '', '', false);
insert into DiagramParts values('PM36-01_0692-01402607001', 'PM36-01_0692', 15, 'Owner&apos;s manual, E90, E91 with iDrive', 'KO, MJ 2011', 1, to_date('20110301','YYYYMMDD'), to_date('20110901','YYYYMMDD'), '01402607001', '', '', false);
insert into DiagramParts values('PM36-01_0692-01492601823', 'PM36-01_0692', 16, 'Owner&apos;s manual, E90, E91 with iDrive', 'RO, MJ 2009', 1, to_date('20090301','YYYYMMDD'), to_date('20090901','YYYYMMDD'), '01492601823', '', '', false);
insert into DiagramParts values('PM36-01_0692-01492601930', 'PM36-01_0692', 16, 'Owner&apos;s manual, E90, E91 with iDrive', 'RO, MJ 2009', 1, to_date('20090301','YYYYMMDD'), to_date('20090901','YYYYMMDD'), '01492601930', '', '', false);
insert into DiagramParts values('PM36-01_0692-01492604579', 'PM36-01_0692', 16, 'Owner&apos;s manual, E90, E91 with iDrive', 'RO, MJ 2010', 1, to_date('20100301','YYYYMMDD'), to_date('20100901','YYYYMMDD'), '01492604579', '', '', false);
insert into DiagramParts values('PM36-01_0692-01402605556', 'PM36-01_0692', 16, 'Owner&apos;s manual, E90, E91 with iDrive', 'RO, MJ 2011', 1, to_date('20100901','YYYYMMDD'), to_date('20110301','YYYYMMDD'), '01402605556', '', '', false);
insert into DiagramParts values('PM36-01_0692-01402607003', 'PM36-01_0692', 16, 'Owner&apos;s manual, E90, E91 with iDrive', 'RO, MJ 2011', 1, to_date('20110301','YYYYMMDD'), to_date('20110901','YYYYMMDD'), '01402607003', '', '', false);
insert into DiagramParts values('PM36-01_0692-01492601822', 'PM36-01_0692', 17, 'Owner&apos;s manual, E90, E91 with iDrive', 'RU, MJ 2009', 1, to_date('20090301','YYYYMMDD'), to_date('20090901','YYYYMMDD'), '01492601822', '', '', false);
insert into DiagramParts values('PM36-01_0692-01492601929', 'PM36-01_0692', 17, 'Owner&apos;s manual, E90, E91 with iDrive', 'RU, MJ 2009', 1, to_date('20090301','YYYYMMDD'), to_date('20090901','YYYYMMDD'), '01492601929', '', '', false);
insert into DiagramParts values('PM36-01_0692-01492604578', 'PM36-01_0692', 17, 'Owner&apos;s manual, E90, E91 with iDrive', 'RU, MJ 2010', 1, to_date('20100301','YYYYMMDD'), to_date('20100901','YYYYMMDD'), '01492604578', '', '', false);
insert into DiagramParts values('PM36-01_0692-01402605555', 'PM36-01_0692', 17, 'Owner&apos;s manual, E90, E91 with iDrive', 'RU, MJ 2011', 1, to_date('20100901','YYYYMMDD'), to_date('20110301','YYYYMMDD'), '01402605555', '', '', false);
insert into DiagramParts values('PM36-01_0692-01402607002', 'PM36-01_0692', 17, 'Owner&apos;s manual, E90, E91 with iDrive', 'RU, MJ 2011', 1, to_date('20110301','YYYYMMDD'), to_date('20110901','YYYYMMDD'), '01402607002', '', '', false);
insert into DiagramParts values('PM36-01_0692-01492604580', 'PM36-01_0692', 18, 'Owner&apos;s manual, E90, E91 with iDrive', 'SK, MJ 2010', 1, to_date('20100301','YYYYMMDD'), to_date('20100901','YYYYMMDD'), '01492604580', '', '', false);
insert into DiagramParts values('PM36-01_0692-01402605557', 'PM36-01_0692', 18, 'Owner&apos;s manual, E90, E91 with iDrive', 'SK, MJ 2011', 1, to_date('20100901','YYYYMMDD'), to_date('20110301','YYYYMMDD'), '01402605557', '', '', false);
insert into DiagramParts values('PM36-01_0692-01402607004', 'PM36-01_0692', 18, 'Owner&apos;s manual, E90, E91 with iDrive', 'SK, MJ 2011', 1, to_date('20110301','YYYYMMDD'), to_date('20110901','YYYYMMDD'), '01402607004', '', '', false);
insert into DiagramParts values('PM36-01_0692-01492604581', 'PM36-01_0692', 19, 'Owner&apos;s manual, E90, E91 with iDrive', 'CS, MJ 2010', 1, to_date('20100301','YYYYMMDD'), to_date('20100901','YYYYMMDD'), '01492604581', '', '', false);
insert into DiagramParts values('PM36-01_0692-01402605558', 'PM36-01_0692', 19, 'Owner&apos;s manual, E90, E91 with iDrive', 'CS, MJ 2011', 1, to_date('20100901','YYYYMMDD'), to_date('20110301','YYYYMMDD'), '01402605558', '', '', false);
insert into DiagramParts values('PM36-01_0692-01402607005', 'PM36-01_0692', 19, 'Owner&apos;s manual, E90, E91 with iDrive', 'CS, MJ 2011', 1, to_date('20110301','YYYYMMDD'), to_date('20110901','YYYYMMDD'), '01402607005', '', '', false);
insert into DiagramParts values('PM36-01_0692-01402605559', 'PM36-01_0692', 20, 'Owner&apos;s manual, E90, E91 with iDrive', 'PL, MJ 2011', 1, to_date('20100901','YYYYMMDD'), to_date('20110301','YYYYMMDD'), '01402605559', '', '', false);
insert into DiagramParts values('PM36-01_0692-01402607006', 'PM36-01_0692', 20, 'Owner&apos;s manual, E90, E91 with iDrive', 'PL, MJ 2011', 1, to_date('20110301','YYYYMMDD'), to_date('20110901','YYYYMMDD'), '01402607006', '', '', false);
insert into DiagramParts values('PM36-01_0692-01402607007', 'PM36-01_0692', 21, 'Owner&apos;s manual, E90, E91 with iDrive', 'HU, MJ 2011', 1, to_date('20110301','YYYYMMDD'), to_date('20110901','YYYYMMDD'), '01402607007', '', '', false);
insert into Diagram values('PM36-01_0692','PM36-20080500','01-05','E90N 330i   Owner&apos;s manual, E90, E91 with iDrive','');
insert into DiagramParts values('PM36-01_0733-01402604702', 'PM36-01_0733', 01, 'Brief instructions E90, E91, E92, E93', 'DE, MJ 2010', 1, to_date('20100301','YYYYMMDD'), to_date('20100901','YYYYMMDD'), '01402604702', '', '', false);
insert into DiagramParts values('PM36-01_0733-01402605350', 'PM36-01_0733', 01, 'Brief instructions E90, E91, E92, E93', 'DE, MJ 2011', 1, to_date('20100901','YYYYMMDD'), to_date('20110301','YYYYMMDD'), '01402605350', '', '', false);
insert into DiagramParts values('PM36-01_0733-01402607451', 'PM36-01_0733', 01, 'Brief instructions E90, E91, E92, E93', 'DE, MJ 2011', 1, to_date('20110301','YYYYMMDD'), to_date('20110901','YYYYMMDD'), '01402607451', '', '', false);
insert into DiagramParts values('PM36-01_0733-01402604716', 'PM36-01_0733', 01, 'Brief instructions E90, E91, E92, E93', 'DE, MJ 2010/11', 1, to_date('20100301','YYYYMMDD'), to_date('20110301','YYYYMMDD'), '01402604716', '', '', false);
insert into DiagramParts values('PM36-01_0733-01402607431', 'PM36-01_0733', 01, 'Brief instructions E90, E91, E92, E93', 'DE, MJ 2011', 1, to_date('20110301','YYYYMMDD'), to_date('20110901','YYYYMMDD'), '01402607431', '', '', false);
insert into DiagramParts values('PM36-01_0733-01402609786', 'PM36-01_0733', 01, 'Brief instructions E90, E91, E92, E93', 'DE', 1, to_date('20110901','YYYYMMDD'), to_date('20120301','YYYYMMDD'), '01402609786', '', '', false);
insert into DiagramParts values('PM36-01_0733-01412604703', 'PM36-01_0733', 02, 'Brief instructions E90, E91, E92, E93', 'EN, MJ 2010', 1, to_date('20100301','YYYYMMDD'), to_date('20100901','YYYYMMDD'), '01412604703', '', '', false);
insert into DiagramParts values('PM36-01_0733-01402605351', 'PM36-01_0733', 02, 'Brief instructions E90, E91, E92, E93', 'EN, MJ 2011', 1, to_date('20100901','YYYYMMDD'), to_date('20110301','YYYYMMDD'), '01402605351', '', '', false);
insert into DiagramParts values('PM36-01_0733-01402607452', 'PM36-01_0733', 02, 'Brief instructions E90, E91, E92, E93', 'EN, MJ 2011', 1, to_date('20110301','YYYYMMDD'), to_date('20110901','YYYYMMDD'), '01402607452', '', '', false);
insert into DiagramParts values('PM36-01_0733-01412604717', 'PM36-01_0733', 02, 'Brief instructions E90, E91, E92, E93', 'EN, MJ 2010/11', 1, to_date('20100301','YYYYMMDD'), to_date('20110301','YYYYMMDD'), '01412604717', '', '', false);
insert into DiagramParts values('PM36-01_0733-01402607432', 'PM36-01_0733', 02, 'Brief instructions E90, E91, E92, E93', 'EN, MJ 2011', 1, to_date('20110301','YYYYMMDD'), to_date('20110901','YYYYMMDD'), '01402607432', '', '', false);
insert into DiagramParts values('PM36-01_0733-01402609787', 'PM36-01_0733', 02, 'Brief instructions E90, E91, E92, E93', 'EN', 1, to_date('20110901','YYYYMMDD'), to_date('20120301','YYYYMMDD'), '01402609787', '', '', false);
insert into DiagramParts values('PM36-01_0733-01402609788', 'PM36-01_0733', 03, 'Brief instructions E90, E91, E92, E93', 'FR', 1, to_date('20110901','YYYYMMDD'), to_date('20120301','YYYYMMDD'), '01402609788', '', '', false);
insert into DiagramParts values('PM36-01_0733-01402609789', 'PM36-01_0733', 04, 'Brief instructions E90, E91, E92, E93', 'ES', 1, to_date('20110901','YYYYMMDD'), to_date('20120301','YYYYMMDD'), '01402609789', '', '', false);
insert into DiagramParts values('PM36-01_0733-01402609790', 'PM36-01_0733', 05, 'Brief instructions E90, E91, E92, E93', 'IT', 1, to_date('20110901','YYYYMMDD'), to_date('20120301','YYYYMMDD'), '01402609790', '', '', false);
insert into DiagramParts values('PM36-01_0733-01402609791', 'PM36-01_0733', 06, 'Brief instructions E90, E91, E92, E93', 'SV', 1, to_date('20110901','YYYYMMDD'), to_date('20120301','YYYYMMDD'), '01402609791', '', '', false);
insert into DiagramParts values('PM36-01_0733-01402609792', 'PM36-01_0733', 07, 'Brief instructions E90, E91, E92, E93', 'NL', 1, to_date('20110901','YYYYMMDD'), to_date('20120301','YYYYMMDD'), '01402609792', '', '', false);
insert into DiagramParts values('PM36-01_0733-01402609793', 'PM36-01_0733', 08, 'Brief instructions E90, E91, E92, E93', 'AR', 1, to_date('20110901','YYYYMMDD'), to_date('20120301','YYYYMMDD'), '01402609793', '', '', false);
insert into DiagramParts values('PM36-01_0733-01402609794', 'PM36-01_0733', 09, 'Brief instructions E90, E91, E92, E93', 'DA', 1, to_date('20110901','YYYYMMDD'), to_date('20120301','YYYYMMDD'), '01402609794', '', '', false);
insert into DiagramParts values('PM36-01_0733-01402609795', 'PM36-01_0733', 10, 'Brief instructions E90, E91, E92, E93', 'PT', 1, to_date('20110901','YYYYMMDD'), to_date('20120301','YYYYMMDD'), '01402609795', '', '', false);
insert into DiagramParts values('PM36-01_0733-01402609797', 'PM36-01_0733', 13, 'Brief instructions E90, E91, E92, E93', 'EL', 1, to_date('20110901','YYYYMMDD'), to_date('20120301','YYYYMMDD'), '01402609797', '', '', false);
insert into DiagramParts values('PM36-01_0733-01402609796', 'PM36-01_0733', 14, 'Brief instructions E90, E91, E92, E93', 'ZH', 1, to_date('20110901','YYYYMMDD'), to_date('20120301','YYYYMMDD'), '01402609796', '', '', false);
insert into DiagramParts values('PM36-01_0733-01402609798', 'PM36-01_0733', 15, 'Brief instructions E90, E91, E92, E93', 'KO', 1, to_date('20110901','YYYYMMDD'), to_date('20120301','YYYYMMDD'), '01402609798', '', '', false);
insert into DiagramParts values('PM36-01_0733-01402609800', 'PM36-01_0733', 16, 'Brief instructions E90, E91, E92, E93', 'RO', 1, to_date('20110901','YYYYMMDD'), to_date('20120301','YYYYMMDD'), '01402609800', '', '', false);
insert into DiagramParts values('PM36-01_0733-01402609799', 'PM36-01_0733', 17, 'Brief instructions E90, E91, E92, E93', 'RU', 1, to_date('20110901','YYYYMMDD'), to_date('20120301','YYYYMMDD'), '01402609799', '', '', false);
insert into DiagramParts values('PM36-01_0733-01402609801', 'PM36-01_0733', 18, 'Brief instructions E90, E91, E92, E93', 'SK', 1, to_date('20110901','YYYYMMDD'), to_date('20120301','YYYYMMDD'), '01402609801', '', '', false);
insert into DiagramParts values('PM36-01_0733-01402609802', 'PM36-01_0733', 19, 'Brief instructions E90, E91, E92, E93', 'CS', 1, to_date('20110901','YYYYMMDD'), to_date('20120301','YYYYMMDD'), '01402609802', '', '', false);
insert into DiagramParts values('PM36-01_0733-01402609803', 'PM36-01_0733', 20, 'Brief instructions E90, E91, E92, E93', 'PL', 1, to_date('20110901','YYYYMMDD'), to_date('20120301','YYYYMMDD'), '01402609803', '', '', false);
insert into DiagramParts values('PM36-01_0733-01402609804', 'PM36-01_0733', 21, 'Brief instructions E90, E91, E92, E93', 'HU', 1, to_date('20110901','YYYYMMDD'), to_date('20120301','YYYYMMDD'), '01402609804', '', '', false);
insert into Diagram values('PM36-01_0733','PM36-20080500','01-05','E90N 330i   Brief instructions E90, E91, E92, E93','');
insert into Diagram values('PM36-01_0756','PM36-20080500','01-05','E90N 330i   Mirror placard','');
insert into Diagram values('PM36-01_0776','PM36-20080500','01-05','E90N 330i   Brief instructions E6x, E8x, E9x,','');
insert into Diagram values('PM36-01_0780','PM36-20080500','01-05','E90N 330i   Brochure Service Contact, BMW','');
insert into DiagramParts values('PM36-01_1080-01402912788', 'PM36-01_1080', 01, 'Supplement Owner&apos;s Manual license texts', 'MULTILINGUAL', 1, to_date('20120301','YYYYMMDD'), to_date('20120701','YYYYMMDD'), '01402912788', '', '', false);
insert into DiagramParts values('PM36-01_1080-01402916582', 'PM36-01_1080', 01, 'Supplement Owner&apos;s Manual license texts', 'MULTILINGUAL', 1, to_date('20120701','YYYYMMDD'), to_date('20130301','YYYYMMDD'), '01402916582', '', '', false);
insert into DiagramParts values('PM36-01_1080-01402918756', 'PM36-01_1080', 01, 'Supplement Owner&apos;s Manual license texts', 'MULTILINGUAL', 1, to_date('20130301','YYYYMMDD'), to_date('20130701','YYYYMMDD'), '01402918756', '', '', false);
insert into DiagramParts values('PM36-01_1080-01402608395', 'PM36-01_1080', 02, 'Insert with license texts', 'EN, MJ 2011', 1, to_date('20100901','YYYYMMDD'), to_date('20110901','YYYYMMDD'), '01402608395', '', '', false);
insert into DiagramParts values('PM36-01_1080-01402901443', 'PM36-01_1080', 02, 'Supplement Owner&apos;s Manual license texts', 'MULTILINGUAL', 1, to_date('20110901','YYYYMMDD'), to_date('20120301','YYYYMMDD'), '01402901443', '', '', false);
insert into Diagram values('PM36-01_1080','PM36-20080500','01-05','E90N 330i   Flyer, license texts for BMW','');
insert into DiagramParts values('PM36-01_0606-01402606341', 'PM36-01_0606', 01, 'Operating instructions, radio &quot;de&quot;', 'SA663', 1, to_date('20100901','YYYYMMDD'), to_date('20110301','YYYYMMDD'), '01402606341', '', '', false);
insert into DiagramParts values('PM36-01_0606-01402606342', 'PM36-01_0606', 02, 'Operating instructions, radio &quot;en&quot;', 'SA663', 1, to_date('20100901','YYYYMMDD'), to_date('20110301','YYYYMMDD'), '01402606342', '', '', false);
insert into DiagramParts values('PM36-01_0606-01402606343', 'PM36-01_0606', 03, 'Operating instructions, radio &quot;fr&quot;', 'SA663', 1, to_date('20100901','YYYYMMDD'), to_date('20110301','YYYYMMDD'), '01402606343', '', '', false);
insert into DiagramParts values('PM36-01_0606-01402606344', 'PM36-01_0606', 04, 'Operating instructions, radio &quot;es&quot;', 'SA663', 1, to_date('20100901','YYYYMMDD'), to_date('20110301','YYYYMMDD'), '01402606344', '', '', false);
insert into DiagramParts values('PM36-01_0606-01402606345', 'PM36-01_0606', 05, 'Operating instructions, radio &quot;it&quot;', 'SA663', 1, to_date('20100901','YYYYMMDD'), to_date('20110301','YYYYMMDD'), '01402606345', '', '', false);
insert into DiagramParts values('PM36-01_0606-01402606346', 'PM36-01_0606', 06, 'Operating instructions, radio &quot;sv&quot;', 'SA663', 1, to_date('20100901','YYYYMMDD'), to_date('20110301','YYYYMMDD'), '01402606346', '', '', false);
insert into DiagramParts values('PM36-01_0606-01402606347', 'PM36-01_0606', 07, 'Operating instructions, radio &quot;nl&quot;', 'SA663', 1, to_date('20100901','YYYYMMDD'), to_date('20110301','YYYYMMDD'), '01402606347', '', '', false);
insert into DiagramParts values('PM36-01_0606-01402606348', 'PM36-01_0606', 08, 'Operating instructions, radio &quot;ar&quot;', 'SA663', 1, to_date('20100901','YYYYMMDD'), to_date('20110301','YYYYMMDD'), '01402606348', '', '', false);
insert into DiagramParts values('PM36-01_0606-01402606349', 'PM36-01_0606', 09, 'Operating instructions, radio &quot;da&quot;', 'SA663', 1, to_date('20100901','YYYYMMDD'), to_date('20110301','YYYYMMDD'), '01402606349', '', '', false);
insert into DiagramParts values('PM36-01_0606-01402606350', 'PM36-01_0606', 10, 'Operating instructions, radio &quot;pt&quot;', 'SA663', 1, to_date('20100901','YYYYMMDD'), to_date('20110301','YYYYMMDD'), '01402606350', '', '', false);
insert into DiagramParts values('PM36-01_0606-01402606352', 'PM36-01_0606', 13, 'Operating instructions, radio &quot;el&quot;', 'SA663', 1, to_date('20100901','YYYYMMDD'), to_date('20110301','YYYYMMDD'), '01402606352', '', '', false);
insert into DiagramParts values('PM36-01_0606-01402606351', 'PM36-01_0606', 14, 'Operating instructions, radio &quot;zh&quot;', 'SA663', 1, to_date('20100901','YYYYMMDD'), to_date('20110301','YYYYMMDD'), '01402606351', '', '', false);
insert into DiagramParts values('PM36-01_0606-01402606353', 'PM36-01_0606', 15, 'Operating instructions for radio &quot;ko&quot;', 'SA663', 1, to_date('20100901','YYYYMMDD'), to_date('20110301','YYYYMMDD'), '01402606353', '', '', false);
insert into DiagramParts values('PM36-01_0606-01402606355', 'PM36-01_0606', 16, 'Operating instructions for radio &apos;ro&apos;', 'SA663', 1, to_date('20100901','YYYYMMDD'), to_date('20110301','YYYYMMDD'), '01402606355', '', '', false);
insert into DiagramParts values('PM36-01_0606-01402606354', 'PM36-01_0606', 17, 'Operating instructions for radio &quot;ru&quot;', 'SA663', 1, to_date('20100901','YYYYMMDD'), to_date('20110301','YYYYMMDD'), '01402606354', '', '', false);
insert into DiagramParts values('PM36-01_0606-01402606356', 'PM36-01_0606', 18, 'Operating Instructions for radio &quot;sk&quot;', 'SA663', 1, to_date('20100901','YYYYMMDD'), to_date('20110301','YYYYMMDD'), '01402606356', '', '', false);
insert into DiagramParts values('PM36-01_0606-01402606357', 'PM36-01_0606', 19, 'Operating instructions for radio &quot;cs&quot;', 'SA663', 1, to_date('20100901','YYYYMMDD'), to_date('20110301','YYYYMMDD'), '01402606357', '', '', false);
insert into Diagram values('PM36-01_0606','PM36-20080500','01-12','E90N 330i   Radio E81,E82,E87,E88, E90,E91,E92,E93','');
insert into Diagram values('PM36-01_0302','PM36-20080500','01-14','E90N 330i   Universal BMW mobile phone preparat.','');
insert into Diagram values('PM36-01_1128','PM36-20080500','01-19','E90N 330i   EC Certificate of Conformity','');
insert into Diagram values('PM36-01_0169','PM36-20080500','01-21','E90N 330i   Logbook slipcase BMW','');
insert into Diagram values('PM36-01_1140','PM36-20080500','01-21','E90N 330i   Logbook slipcase BMW','');
insert into DiagramParts values('PM36-01_0029-01412602302', 'PM36-01_0029', 01, 'Supplem. to owner&apos;s manual, Australia', 'E90,E91, MJ 09', 1, to_date('20090301','YYYYMMDD'), to_date('20090901','YYYYMMDD'), '01412602302', '', '', false);
insert into DiagramParts values('PM36-01_0029-01412603273', 'PM36-01_0029', 01, 'Supplement Owner&apos;s Manual, Australia', 'EN, E90, E91', 1, to_date('20090901','YYYYMMDD'), to_date('20100301','YYYYMMDD'), '01412603273', '', '', false);
insert into Diagram values('PM36-01_0029','PM36-20080500','01-24','E90N 330i   Supplem. to owner&apos;s manual, Australia','');
insert into DiagramParts values('PM36-01_0743-01492601593', 'PM36-01_0743', 01, 'Service booklet, multi-lingual', 'MJ 2009', 1, to_date('20080901','YYYYMMDD'), to_date('20090301','YYYYMMDD'), '01492601593', '', '', false);
insert into Diagram values('PM36-01_0743','PM36-20080500','01-26','E90N 330i   BMW Service Manual 2008 - 2011','');
insert into Diagram values('PM36-01_1139','PM36-20080500','01-26','E90N 330i   BMW Service Manual from model year 2012','');
insert into Diagram values('PM36-01_0670','PM36-20080500','01-35','E90N 330i   battery charge calendar','');
insert into Diagram values('PM36-01_0635','PM36-20080500','01-60','E90N 330i   BMW form','');
insert into Diagram values('PM36-01_0639','PM36-20080500','01-65','E90N 330i   Labels BMW','');
insert into Diagram values('PM36-01_0612','PM36-20080500','01-70','E90N 330i   CD/DVD SIP German BMW','');
insert into DiagramParts values('PM36-01_0671-01399789699', 'PM36-01_0671', 01, 'CD literature', 'LITERATUR', 1, to_date('19820901','YYYYMMDD'), to_date('19901201','YYYYMMDD'), '01399789699', '$8.11', '', false);
insert into Diagram values('PM36-01_0671','PM36-20080500','01-70','E90N 330i   BMW CD/DVD miscellaneous','');
insert into Diagram values('PM36-01_0737','PM36-20080500','01-70','E90N 330i   CD/DVD SIP complete vehicle BMW','');
insert into Diagram values('PM36-01_1172','PM36-20080500','01-70','E90N 330i   DVD Web Based Training','');
insert into Diagram values('PM36-01_0875','PM36-20080500','01-94','E90N 330i   Sample chart, upholstery colors, leather','');
insert into Diagram values('PM36-01_0876','PM36-20080500','01-94','E90N 330i   Sample page, upholstery colors, fabric','');
insert into Diagram values('PM36-01_0877','PM36-20080500','01-94','E90N 330i   Sample chart with interior moldings','');
insert into Diagram values('PM36-01_0878','PM36-20080500','01-94','E90N 330i   Sample chart with interior moldings','');
insert into Diagram values('PM36-01_0879','PM36-20080500','01-94','E90N 330i   Sample chart with interior colors','');
insert into Diagram values('PM36-11_3730','PM36-20080500','11-05','E90N 330i   Short Engine','');
insert into Diagram values('PM36-11_3731','PM36-20080500','11-10','E90N 330i   Engine block','');
insert into Diagram values('PM36-11_3732','PM36-20080500','11-10','E90N 330i   Engine Block Mounting Parts','');
insert into Diagram values('PM36-11_3742','PM36-20080500','11-10','E90N 330i   Cylinder crankcase/Heli-Coil insert','');
insert into Diagram values('PM36-11_3834','PM36-20080500','11-10','E90N 330i   Oil Pan','');
insert into Diagram values('PM36-11_3994','PM36-20080500','11-10','E90N 330i   Oil Pan','');
insert into Diagram values('PM36-11_3734','PM36-20080500','11-15','E90N 330i   Cylinder Head','');
insert into Diagram values('PM36-11_3735','PM36-20080500','11-15','E90N 330i   Cylinder Head Attached Parts','');
insert into Diagram values('PM36-11_3736','PM36-20080500','11-15','E90N 330i   Cylinder head, electr. add-on parts','');
insert into Diagram values('PM36-11_3737','PM36-20080500','11-15','E90N 330i   Cylinder head cover','');
insert into Diagram values('PM36-11_3739','PM36-20080500','11-18','E90N 330i   Belt Drive-Vibration Damper','');
insert into Diagram values('PM36-11_3740','PM36-20080500','11-18','E90N 330i   Belt drive-generator/AC/power steering','');
insert into Diagram values('PM36-11_3185','PM36-20080500','11-20','E90N 330i   Crankshaft Connecting Rod','');
insert into Diagram values('PM36-11_3186','PM36-20080500','11-20','E90N 330i   Crankshaft-Pistons','');
insert into Diagram values('PM36-11_3187','PM36-20080500','11-20','E90N 330i   Flywheel / Twin Mass Flywheel','');
insert into Diagram values('PM36-11_3188','PM36-20080500','11-20','E90N 330i   Flywheel automatic','');
insert into Diagram values('PM36-11_3741','PM36-20080500','11-20','E90N 330i   Crankshaft With Bearing Shells','');
insert into Diagram values('PM36-11_3746','PM36-20080500','11-25','E90N 330i   Timing and valve train-timing chain','');
insert into Diagram values('PM36-11_3747','PM36-20080500','11-25','E90N 330i   Valve timing gear, camshaft, inlet','');
insert into Diagram values('PM36-11_3748','PM36-20080500','11-25','E90N 330i   Valve timing gear, eccentric shaft','');
insert into Diagram values('PM36-11_3750','PM36-20080500','11-25','E90N 330i   Valve timing gear, camshaft, outlet','');
insert into Diagram values('PM36-11_3751','PM36-20080500','11-30','E90N 330i   Lubrication system/Oil pump','');
insert into Diagram values('PM36-11_3752','PM36-20080500','11-30','E90N 330i   Lubrication system/Oil pump drive','');
insert into Diagram values('PM36-11_3753','PM36-20080500','11-30','E90N 330i   Lubricat.syst.-oil filter,heat exchanger','');
insert into Diagram values('PM36-11_3754','PM36-20080500','11-35','E90N 330i   Waterpump - Thermostat','');
insert into Diagram values('PM36-11_3755','PM36-20080500','11-35','E90N 330i   Cooling System Water Hoses','');
insert into Diagram values('PM36-11_3756','PM36-20080500','11-40','E90N 330i   Intake manifold system','');
insert into Diagram values('PM36-11_3757','PM36-20080500','11-40','E90N 330i   MOUNTING PARTS F INTAKE MANIFOLD SYSTEM','');
insert into Diagram values('PM36-11_3758','PM36-20080500','11-45','E90N 330i   Vacuum pump','');
insert into DiagramParts values('PM36-12_1417-12137551049', 'PM36-12_1417', 01, 'Ignition coil', 'BOSCH', 6, to_date('20060401','YYYYMMDD'), to_date('20071001','YYYYMMDD'), '12137551049', '', 'ENDED', false);
insert into DiagramParts values('PM36-12_1417-12137571643', 'PM36-12_1417', 01, 'Ignition coil', 'BOSCH', 6, to_date('20060401','YYYYMMDD'), to_date('20090301','YYYYMMDD'), '12137571643', '', 'ENDED', false);
insert into Diagram values('PM36-12_1417','PM36-20080500','12-05','E90N 330i   Ignition coil/spark plug','');
insert into Diagram values('PM36-12_1394','PM36-20080500','12-10','E90N 330i   Basic control unit DME / MSV80','');
insert into Diagram values('PM36-12_1463','PM36-20080500','12-10','E90N 330i   Notice, basic control module for DME','');
insert into Diagram values('PM36-12_1198','PM36-20080500','12-20','E90N 330i   Generator','');
insert into Diagram values('PM36-12_1245','PM36-20080500','12-22','E90N 330i   Alternator, individual parts','');
insert into Diagram values('PM36-12_1161','PM36-20080500','12-25','E90N 330i   Starter','');
insert into Diagram values('PM36-12_1070','PM36-20080500','12-28','E90N 330i   Engine wiring harness, engine module','');
insert into Diagram values('PM36-12_1095','PM36-20080500','12-28','E90N 330i   wiring harness, engine trans. module','');
insert into Diagram values('PM36-12_1341','PM36-20080500','12-28','E90N 330i   Cable harness injection valve/ignition','');
insert into Diagram values('PM36-12_1339','PM36-20080500','12-29','E90N 330i   Cable starter','');
insert into Diagram values('PM36-12_1376','PM36-20080500','12-30','E90N 330i   Interference-suppression band','');
insert into Diagram values('PM36-12_0907','PM36-20080500','12-31','E90N 330i   Cable holder','');
insert into Diagram values('PM36-12_1238','PM36-20080500','12-31','E90N 330i   CABLE HOLDER/COVERING','');
insert into Diagram values('PM36-12_1328','PM36-20080500','12-31','E90N 330i   Cable Harness Fixings','');
insert into Diagram values('PM36-12_1340','PM36-20080500','12-31','E90N 330i   Cable Harness Fixings','');
insert into Diagram values('PM36-12_1043','PM36-20080500','12-32','E90N 330i   Laminated contacts/spring contacts','');
insert into Diagram values('PM36-12_1459','PM36-20080500','12-32','E90N 330i   Contact system MLK','');
insert into Diagram values('PM36-12_0495','PM36-20080500','12-35','E90N 330i   RELAY MOTOR','');
insert into Diagram values('PM36-12_1327','PM36-20080500','12-35','E90N 330i   Control unit box','');
insert into Diagram values('PM36-13_1034','PM36-20080500','13-15','E90N 330i   FUEL TANK BREATHER VALVE','');
insert into Diagram values('PM36-13_1129','PM36-20080500','13-15','E90N 330i   FUEL INJECTION SYSTEM/INJECTION VALVE','');
insert into Diagram values('PM36-13_1130','PM36-20080500','13-15','E90N 330i   Throttle Housing Assy','');
insert into Diagram values('PM36-13_1147','PM36-20080500','13-20','E90N 330i   Intake muffler/Filter cartridge/HFM','');
insert into Diagram values('PM36-13_1280','PM36-20080500','13-95','E90N 330i   BMW Performance air-induction system','');
insert into Diagram values('PM36-16_0595','PM36-20080500','16-05','E90N 330i   Fuel tank/mounting parts','');
insert into Diagram values('PM36-16_0597','PM36-20080500','16-10','E90N 330i   Activated Charcoal Filter/FUEL VENTILAT','');
insert into Diagram values('PM36-16_0596','PM36-20080500','16-15','E90N 330i   Fuel pipes / Mounting parts','');
insert into Diagram values('PM36-16_0598','PM36-20080500','16-15','E90N 330i   Control unit for fuel pump','');
insert into Diagram values('PM36-16_0601','PM36-20080500','16-15','E90N 330i   Fuel filter/pump/fuel level sensor','');
insert into Diagram values('PM36-16_0746','PM36-20080500','16-15','E90N 330i   FUEL PIPES AND FUEL FILTERS','');
insert into Diagram values('PM36-17_0319','PM36-20080500','17-05','E90N 330i   Oil-cooler pipe/heat exchanger','');
insert into Diagram values('PM36-17_0322','PM36-20080500','17-05','E90N 330i   Expansion tank','');
insert into Diagram values('PM36-17_0323','PM36-20080500','17-05','E90N 330i   MOUNTING PARTS F RADIATOR','');
insert into Diagram values('PM36-17_0324','PM36-20080500','17-05','E90N 330i   Fan housing, mounting parts','');
insert into Diagram values('PM36-17_0350','PM36-20080500','17-30','E90N 330i   Cooling System Water Hoses','');
insert into Diagram values('PM36-17_0351','PM36-20080500','17-30','E90N 330i   Cooling System Water Hoses','');
insert into Diagram values('PM36-17_0699','PM36-20080500','17-30','E90N 330i   Cooling system coolant hoses','');
insert into Diagram values('PM36-17_0700','PM36-20080500','17-30','E90N 330i   Cooling system coolant hoses','');
insert into Diagram values('PM36-17_0701','PM36-20080500','17-30','E90N 330i   Cooling system coolant hoses','');
insert into Diagram values('PM36-17_0704','PM36-20080500','17-30','E90N 330i   Cooling system coolant hoses','');
insert into DiagramParts values('PM36-18_0587-18407596877', 'PM36-18_0587', 01, 'Rmfd exhaust manifold with catalyst', 'ZYL.1-3 ULEV2', 1, to_date('20090901','YYYYMMDD'), to_date('20120901','YYYYMMDD'), '18407596877', '', '', false);
insert into DiagramParts values('PM36-18_0587-18407596879', 'PM36-18_0587', 02, 'Rmfd exhaust manifold with catalyst', 'ZYL.4-6 ULEV2', 1, to_date('20090901','YYYYMMDD'), to_date('20120901','YYYYMMDD'), '18407596879', '', '', false);
insert into Diagram values('PM36-18_0587','PM36-20080500','18-10','E90N 330i   Exhaust manifold with catalyst','');
insert into Diagram values('PM36-18_0610','PM36-20080500','18-10','E90N 330i   Lambda Probe Fixings','');
insert into Diagram values('PM36-18_0589','PM36-20080500','18-20','E90N 330i   Exhaust system, rear','');
insert into Diagram values('PM36-18_0612','PM36-20080500','18-20','E90N 330i   Vacuum control, exhaust flap','');
insert into Diagram values('PM36-18_0797','PM36-20080500','18-95','E90N 330i   BMW Performance muffler system','');
insert into Diagram values('PM36-21_0227','PM36-20080500','21-05','E90N 330i   Clutch','');
insert into Diagram values('PM36-21_0208','PM36-20080500','21-10','E90N 330i   Clutch control','');
insert into Diagram values('PM36-22_0113','PM36-20080500','22-05','E90N 330i   Engine Suspension','');
insert into Diagram values('PM36-22_0106','PM36-20080500','22-10','E90N 330i   Gearbox suspension','');
insert into Diagram values('PM36-23_0918','PM36-20080500','23-05','E90N 330i   Manual transmission GS6-37BZ/DZ','');
insert into Diagram values('PM36-23_0979','PM36-20080500','23-10','E90N 330i   GEARBOX MOUNTING PARTS','');
insert into Diagram values('PM36-23_1053','PM36-20080500','23-15','E90N 330i   GS6-37BZ/DZ Sealing and mount. parts','');
insert into Diagram values('PM36-23_1054','PM36-20080500','23-15','E90N 330i   GS6-37BZ/DZ Gear shift components','');
insert into Diagram values('PM36-24_1024','PM36-20080500','24-05','E90N 330i   Automatic transmission GA6HP19Z','');
insert into Diagram values('PM36-24_1078','PM36-20080500','24-05','E90N 330i   Automatic transmission GA6L45R','');
insert into Diagram values('PM36-24_1079','PM36-20080500','24-10','E90N 330i   GEARBOX MOUNTING PARTS','');
insert into Diagram values('PM36-24_1042','PM36-20080500','24-15','E90N 330i   GA6HP19Z housing with mounting parts','');
insert into Diagram values('PM36-24_1044','PM36-20080500','24-15','E90N 330i   GA6HP19Z oil pan','');
insert into DiagramParts values('PM36-24_1045-24201422170', 'PM36-24_1045', 04, 'Collar nut', 'M27X1,5', 1, to_date('20100901','YYYYMMDD'), to_date('20110901','YYYYMMDD'), '24201422170', '', 'ENDED', false);
insert into DiagramParts values('PM36-24_1045-24207571212', 'PM36-24_1045', 05, 'Shaft seal', '28X35,5X5,2', 1, to_date('20100901','YYYYMMDD'), to_date('20110901','YYYYMMDD'), '24207571212', '', 'ENDED', false);
insert into Diagram values('PM36-24_1045','PM36-20080500','24-15','E90N 330i   GA6HP19Z output','');
insert into Diagram values('PM36-24_1046','PM36-20080500','24-15','E90N 330i   GA6HP19Z Mechatronics','');
insert into Diagram values('PM36-24_1047','PM36-20080500','24-15','E90N 330i   GA6HP19Z Mechatronics mounting parts','');
insert into Diagram values('PM36-24_1101','PM36-20080500','24-15','E90N 330i   GA6L45R Drive','');
insert into Diagram values('PM36-24_1102','PM36-20080500','24-15','E90N 330i   GA6L45R output','');
insert into Diagram values('PM36-24_1103','PM36-20080500','24-15','E90N 330i   GA6L45R oil pan','');
insert into Diagram values('PM36-24_1104','PM36-20080500','24-15','E90N 330i   GA6L45R gearshift','');
insert into Diagram values('PM36-24_1105','PM36-20080500','24-15','E90N 330i   GA6L45R Mechatronics','');
insert into Diagram values('PM36-24_1372','PM36-20080500','24-15','E90N 330i   Fluid-change kit, autom. transmission','');
insert into Diagram values('PM36-25_0388','PM36-20080500','25-05','E90N 330i   Gearbox shifting part','');
insert into Diagram values('PM36-25_0454','PM36-20080500','25-10','E90N 330i   GEAR SHIFT KNOBS/SHIFT LEVER COVERINGS','');
insert into Diagram values('PM36-25_0461','PM36-20080500','25-10','E90N 330i   Performance shift knob','');
insert into Diagram values('PM36-25_0436','PM36-20080500','25-20','E90N 330i   AUTOM.TRANSMISS.STEPTRONIC SHIFT PARTS','');
insert into Diagram values('PM36-25_0404','PM36-20080500','25-25','E90N 330i   Selector lever handles / Covers','');
insert into Diagram values('PM36-25_0416','PM36-20080500','25-95','E90N 330i   Retrofit, wooden gearshift knob','');
insert into Diagram values('PM36-25_0417','PM36-20080500','25-95','E90N 330i   Retrofit, wooden selector lever knob','');
insert into Diagram values('PM36-25_0437','PM36-20080500','25-95','E90N 330i   Sports gearshift knob','');
insert into Diagram values('PM36-25_0463','PM36-20080500','25-95','E90N 330i   Retrofit, sport switch knob','');
insert into Diagram values('PM36-25_0464','PM36-20080500','25-95','E90N 330i   Retrofit, selector lever grip','');
insert into Diagram values('PM36-25_0470','PM36-20080500','25-95','E90N 330i   BMW Performance shift, manual trans.','');
insert into Diagram values('PM36-25_0479','PM36-20080500','25-95','E90N 330i   BMW Performance shift, manual trans.','');
insert into Diagram values('PM36-25_0484','PM36-20080500','25-95','E90N 330i   BMW Performance selector lever handle','');
insert into Diagram values('PM36-26_0216','PM36-20080500','26-05','E90N 330i   Drive shaft/HAG-universal joint','');
insert into Diagram values('PM36-26_0218','PM36-20080500','26-10','E90N 330i   Center bearing/HAG Hardy coupling','');
insert into Diagram values('PM36-31_0697','PM36-20080500','31-05','E90N 330i   HEADLIGHT VERTICAL AIM CONTROL SENSOR','');
insert into Diagram values('PM36-31_0715','PM36-20080500','31-05','E90N 330i   Frnt axle support,wishbone/tension strut','');
insert into DiagramParts values('PM36-31_0694-31316786001', 'PM36-31_0694', 01, 'LEFT FRONT SPRING STRUT', 'SACHS', 1, to_date('20091001','YYYYMMDD'), to_date('20100401','YYYYMMDD'), '31316786001', '$281.25', '', false);
insert into DiagramParts values('PM36-31_0694-31316786002', 'PM36-31_0694', 01, 'FRONT RIGHT SPRING STRUT', 'SACHS', 1, to_date('20091001','YYYYMMDD'), to_date('20100401','YYYYMMDD'), '31316786002', '$281.25', '', false);
insert into DiagramParts values('PM36-31_0694-31316786003', 'PM36-31_0694', 01, 'LEFT FRONT SPRING STRUT', 'SACHS', 1, to_date('20091001','YYYYMMDD'), to_date('20100401','YYYYMMDD'), '31316786003', '$309.71', '', false);
insert into DiagramParts values('PM36-31_0694-31316786004', 'PM36-31_0694', 01, 'FRONT RIGHT SPRING STRUT', 'SACHS', 1, to_date('20091001','YYYYMMDD'), to_date('20100401','YYYYMMDD'), '31316786004', '$309.71', '', false);
insert into Diagram values('PM36-31_0694','PM36-20080500','31-10','E90N 330i   Front Spring strut/Carrier/Wheel bearing','');
insert into Diagram values('PM36-31_0698','PM36-20080500','31-10','E90N 330i   FRONT COIL SPRING','');
insert into Diagram values('PM36-31_0716','PM36-20080500','31-10','E90N 330i   GUIDE SUPPORT/SPRING PAD/ATTACHING PARTS','');
insert into Diagram values('PM36-31_0728','PM36-20080500','31-10','E90N 330i   Stabilizer, front','');
insert into Diagram values('PM36-31_0839','PM36-20080500','31-95','E90N 330i   Performance suspension','');
insert into Diagram values('PM36-32_1509','PM36-20080500','32-10','E90N 330i   Hydro steering box','');
insert into Diagram values('PM36-32_1562','PM36-20080500','32-10','E90N 330i   Hydro steering box-Active steering (AFS)','');
insert into Diagram values('PM36-32_1571','PM36-20080500','32-10','E90N 330i   Control unit, active steering','');
insert into DiagramParts values('PM36-32_1660-31356757707', 'PM36-32_1660', 03, 'Hex nut with plate', 'M10 ZNS3', 2, to_date('20100901','YYYYMMDD'), to_date('20110501','YYYYMMDD'), '31356757707', '$1.00', '', false);
insert into Diagram values('PM36-32_1660','PM36-20080500','32-12','E90N 330i   Steering unit, electric (EPS)','');
insert into Diagram values('PM36-32_1572','PM36-20080500','32-15','E90N 330i   Power steering pump','');
insert into Diagram values('PM36-32_1573','PM36-20080500','32-15','E90N 330i   Power steering pump/Active steering','');
insert into Diagram values('PM36-32_1567','PM36-20080500','32-20','E90N 330i   OIL CARRIER/SINGLE PARTS','');
insert into Diagram values('PM36-32_1568','PM36-20080500','32-20','E90N 330i   Oil reservoir/components/Active steering','');
insert into Diagram values('PM36-32_1569','PM36-20080500','32-20','E90N 330i   HYDRO STEERING-OIL PIPES','');
insert into Diagram values('PM36-32_1570','PM36-20080500','32-20','E90N 330i   HYDRO STEERING-OIL PIPES','');
insert into Diagram values('PM36-32_1574','PM36-20080500','32-20','E90N 330i   Power steering/oil pipe/Active steering','');
insert into Diagram values('PM36-32_1575','PM36-20080500','32-20','E90N 330i   Power steering/oil pipe/Active steering','');
insert into Diagram values('PM36-32_1510','PM36-20080500','32-25','E90N 330i   STEERING LINKAGE/TIE RODS','');
insert into Diagram values('PM36-32_1515','PM36-20080500','32-30','E90N 330i   Manually adjust. steering column','');
insert into Diagram values('PM36-32_1516','PM36-20080500','32-30','E90N 330i   STEER.COL.-LOWER JOINT ASSY','');
insert into Diagram values('PM36-32_1518','PM36-20080500','32-35','E90N 330i   Airbag sports steering wheel','');
insert into Diagram values('PM36-32_1519','PM36-20080500','32-35','E90N 330i   Airbag sports steering wheel multifunct.','');
insert into Diagram values('PM36-32_1564','PM36-20080500','32-35','E90N 330i   Leather steering wheel','');
insert into Diagram values('PM36-32_1565','PM36-20080500','32-35','E90N 330i   Steering wheel, leather, multif./airbag','');
insert into Diagram values('PM36-32_1566','PM36-20080500','32-35','E90N 330i   Sports st. wheel airbag multif./paddles','');
insert into Diagram values('PM36-32_1605','PM36-20080500','32-35','E90N 330i   M sports steer.-wheel, airbag, leather','');
insert into Diagram values('PM36-32_1617','PM36-20080500','32-35','E90N 330i   M sports strng whl,airbag,multifunction','');
insert into Diagram values('PM36-32_1635','PM36-20080500','32-35','E90N 330i   M Sp. st. wh. airbag multif./paddles','');
insert into Diagram values('PM36-32_1654','PM36-20080500','32-35','E90N 330i   Leather cover','');
insert into Diagram values('PM36-32_1590','PM36-20080500','32-95','E90N 330i   Cover for wood steering wheel','');
insert into Diagram values('PM36-32_1592','PM36-20080500','32-95','E90N 330i   Retrofit multi-functional steering wheel','');
insert into Diagram values('PM36-32_1730','PM36-20080500','32-95','E90N 330i   Cover, steering wheel','');
insert into Diagram values('PM36-32_1731','PM36-20080500','32-95','E90N 330i   Cover, multi-funct.steering wheel','');
insert into Diagram values('PM36-32_1773','PM36-20080500','32-95','E90N 330i   Performance steering wheel with display','');
insert into Diagram values('PM36-32_1778','PM36-20080500','32-95','E90N 330i   Performance steering wheel with display','');
insert into Diagram values('PM36-32_1834','PM36-20080500','32-95','E90N 330i   Performance steering wheel','');
insert into Diagram values('PM36-32_1835','PM36-20080500','32-95','E90N 330i   Performance steering wheel','');
insert into Diagram values('PM36-32_1838','PM36-20080500','32-95','E90N 330i   Retrofit, Servotronic','');
insert into Diagram values('PM36-32_1997','PM36-20080500','32-95','E90N 330i   Retrofit, Servotronic','');
insert into Diagram values('PM36-33_1250','PM36-20080500','33-05','E90N 330i   DIFFERENTIAL-DRIVE/OUTPUT','');
insert into Diagram values('PM36-33_1341','PM36-20080500','33-10','E90N 330i   Final drive, gasket set','');
insert into Diagram values('PM36-33_1252','PM36-20080500','33-25','E90N 330i   Output shaft','');
insert into Diagram values('PM36-33_1229','PM36-20080500','33-30','E90N 330i   REAR AXLE CARRIER','');
insert into Diagram values('PM36-33_1230','PM36-20080500','33-30','E90N 330i   REAR AXLE SUPPORT/WHEEL SUSPENSION','');
insert into Diagram values('PM36-33_1237','PM36-20080500','33-30','E90N 330i   HEADLIGHT VERTICAL AIM CONTROL SENSOR','');
insert into Diagram values('PM36-33_1231','PM36-20080500','33-40','E90N 330i   SIDE SHAFT/WHEEL BEARINGS','');
insert into Diagram values('PM36-33_1238','PM36-20080500','33-45','E90N 330i   REAR COIL SPRING','');
insert into DiagramParts values('PM36-33_1263-33526771725', 'PM36-33_1263', 01, 'Shock absorber, rear', 'SACHS', 2, to_date('20091001','YYYYMMDD'), to_date('20100401','YYYYMMDD'), '33526771725', '$150.86', '', false);
insert into DiagramParts values('PM36-33_1263-33526771729', 'PM36-33_1263', 01, 'Shock absorber, rear', 'SACHS', 2, to_date('20091001','YYYYMMDD'), to_date('20100401','YYYYMMDD'), '33526771729', '$165.96', '', false);
insert into Diagram values('PM36-33_1263','PM36-20080500','33-45','E90N 330i   REAR SPRING STRUT MOUNTING PARTS','');
insert into Diagram values('PM36-33_1280','PM36-20080500','33-45','E90N 330i   Stabilizer, rear','');
insert into DiagramParts values('PM36-33_1502-31316786003', 'PM36-33_1502', 01, 'LEFT FRONT SPRING STRUT', 'SACHS', 1, to_date('20091001','YYYYMMDD'), to_date('20100401','YYYYMMDD'), '31316786003', '$309.71', '', false);
insert into DiagramParts values('PM36-33_1502-31316786004', 'PM36-33_1502', 01, 'FRONT RIGHT SPRING STRUT', 'SACHS', 1, to_date('20091001','YYYYMMDD'), to_date('20100401','YYYYMMDD'), '31316786004', '$309.71', '', false);
insert into DiagramParts values('PM36-33_1502-33526771729', 'PM36-33_1502', 02, 'Shock absorber, rear', 'SACHS', 2, to_date('20091001','YYYYMMDD'), to_date('20100401','YYYYMMDD'), '33526771729', '$165.96', '', false);
insert into Diagram values('PM36-33_1502','PM36-20080500','33-95','E90N 330i   Single parts for M Sport suspension','');
insert into Diagram values('PM36-34_1474','PM36-20080500','34-05','E90N 330i   Front brake pad wear sensor','');
insert into Diagram values('PM36-34_1475','PM36-20080500','34-07','E90N 330i   Front brake-brake disc','');
insert into Diagram values('PM36-34_1476','PM36-20080500','34-10','E90N 330i   Rear brake pad wear sensor','');
insert into Diagram values('PM36-34_1478','PM36-20080500','34-12','E90N 330i   Rear wheel brake-Brake disc','');
insert into Diagram values('PM36-34_1486','PM36-20080500','34-15','E90N 330i   Brake pipe, front','');
insert into DiagramParts values('PM36-34_1487-34326784066', 'PM36-34_1487', 03, 'Pipe', 'M10/M12', 1, to_date('20050701','YYYYMMDD'), to_date('20110401','YYYYMMDD'), '34326784066', '', 'ENDED', false);
insert into DiagramParts values('PM36-34_1487-34326770555', 'PM36-34_1487', 04, 'Pipe', 'M10/M10-1188MM', 1, to_date('20050701','YYYYMMDD'), to_date('20110401','YYYYMMDD'), '34326770555', '', 'ENDED', false);
insert into Diagram values('PM36-34_1487','PM36-20080500','34-15','E90N 330i   Brake pipe, front','');
insert into Diagram values('PM36-34_1806','PM36-20080500','34-17','E90N 330i   Brake pipe rear','');
insert into Diagram values('PM36-34_1807','PM36-20080500','34-17','E90N 330i   Brake pipe rear','');
insert into Diagram values('PM36-34_1808','PM36-20080500','34-17','E90N 330i   Brake pipe rear','');
insert into Diagram values('PM36-34_1489','PM36-20080500','34-18','E90N 330i   BRAKE PIPE REAR/MOUNTING','');
insert into DiagramParts values('PM36-34_1695-34506863814', 'PM36-34_1695', 04, 'Torx screw with collar', 'M6X9-8.8-ZNNIV', 3, to_date('20080901','YYYYMMDD'), to_date('20130701','YYYYMMDD'), '34506863814', '', '', false);
insert into Diagram values('PM36-34_1695','PM36-20080500','34-20','E90N 330i   Hydro unit DSC/fastening/sensors','');
insert into Diagram values('PM36-34_1483','PM36-20080500','34-25','E90N 330i   Brake master cylinder','');
insert into Diagram values('PM36-34_1556','PM36-20080500','34-27','E90N 330i   Power brake unit depression','');
insert into Diagram values('PM36-34_1484','PM36-20080500','34-30','E90N 330i   Handbrake lever','');
insert into Diagram values('PM36-34_1485','PM36-20080500','34-40','E90N 330i   PARKING BRAKE/BRAKE SHOES','');
insert into Diagram values('PM36-34_1513','PM36-20080500','34-95','E90N 330i   Retrofit, handbrake handle','');
insert into Diagram values('PM36-34_1562','PM36-20080500','34-95','E90N 330i   Handbrake grip with chrome inlay','');
insert into Diagram values('PM36-34_1631','PM36-20080500','34-95','E90N 330i   Parking brake handle with clip','');
insert into Diagram values('PM36-34_1679','PM36-20080500','34-95','E90N 330i   Set of BMW Performance Brakes front/rear','');
insert into Diagram values('PM36-34_1681','PM36-20080500','34-95','E90N 330i   BMW Performance front wheel brake','');
insert into Diagram values('PM36-34_1687','PM36-20080500','34-95','E90N 330i   BMW Performance Rear wheel brake','');
insert into Diagram values('PM36-34_1717','PM36-20080500','34-95','E90N 330i   BMW Performance parking brake handle','');
insert into Diagram values('PM36-35_0291','PM36-20080500','35-05','E90N 330i   Foot lever mech. with return spring','');
insert into Diagram values('PM36-35_0292','PM36-20080500','35-05','E90N 330i   Foot lever mech. with return spring','');
insert into Diagram values('PM36-35_0293','PM36-20080500','35-05','E90N 330i   Pedal assembly','');
insert into Diagram values('PM36-35_0294','PM36-20080500','35-05','E90N 330i   Pedal assembly','');
insert into Diagram values('PM36-35_0274','PM36-20080500','35-20','E90N 330i   Acceleration/accelerator pedal module','');
insert into Diagram values('PM36-35_0275','PM36-20080500','35-95','E90N 330i   Aluminum pedal covers','');
insert into Diagram values('PM36-35_0315','PM36-20080500','35-95','E90N 330i   Set of high-grade steel pedal covers','');
insert into Diagram values('PM36-35_0327','PM36-20080500','35-95','E90N 330i   BMW Performance Alu pedal plates','');
insert into Diagram values('PM36-35_0377','PM36-20080500','35-95','E90N 330i   Aluminum pedal covers','');
insert into Diagram values('PM36-36_0840','PM36-20080500','36-15','E90N 330i   BMW light alloy wheel, spider spoke 158','');
insert into Diagram values('PM36-36_0841','PM36-20080500','36-15','E90N 330i   BMW light alloy wheel, spider spoke 159','');
insert into Diagram values('PM36-36_0842','PM36-20080500','36-15','E90N 330i   BMW light alloy wheel, spider spoke 160','');
insert into Diagram values('PM36-36_0843','PM36-20080500','36-15','E90N 330i   BMW alloy wheel, double spoke 161','');
insert into Diagram values('PM36-36_0844','PM36-20080500','36-15','E90N 330i   BMW LA wheel, ellipsoid styling 162','');
insert into Diagram values('PM36-36_0845','PM36-20080500','36-15','E90N 330i   BMW light alloy wheel, radial spoke 32','');
insert into Diagram values('PM36-36_0846','PM36-20080500','36-15','E90N 330i   BMW Composite wheel, star spoke 179','');
insert into Diagram values('PM36-36_0847','PM36-20080500','36-15','E90N 330i   BMW LA wheel/double spoke 195','');
insert into Diagram values('PM36-36_0848','PM36-20080500','36-15','E90N 330i   BMW light alloy wheel, radial spoke 196','');
insert into Diagram values('PM36-36_0849','PM36-20080500','36-15','E90N 330i   BMW light alloy wheel, cross spoke 197','');
insert into Diagram values('PM36-36_0850','PM36-20080500','36-15','E90N 330i   BMW composite wheel, radial spoke 198','');
insert into Diagram values('PM36-36_0851','PM36-20080500','36-15','E90N 330i   BMW light alloy wheel, spider spoke 199','');
insert into Diagram values('PM36-36_0900','PM36-20080500','36-15','E90N 330i   BMW light alloy wheel, radial spoke 216','');
insert into Diagram values('PM36-36_0929','PM36-20080500','36-15','E90N 330i   BMW LA Individual wheel V-spoke 152','');
insert into Diagram values('PM36-36_0930','PM36-20080500','36-15','E90N 330i   BMW alloy wheel, M spider spoke 193','');
insert into Diagram values('PM36-36_0931','PM36-20080500','36-15','E90N 330i   BMW alloy wheel, M double spoke 194','');
insert into Diagram values('PM36-36_0972','PM36-20080500','36-15','E90N 330i   BMW light alloy wheel, spider spoke 157','');
insert into Diagram values('PM36-36_0973','PM36-20080500','36-15','E90N 330i   BMW LA wheel, star spoke 185','');
insert into Diagram values('PM36-36_0974','PM36-20080500','36-15','E90N 330i   BMW light alloy wheel, spider spoke 187','');
insert into Diagram values('PM36-36_0975','PM36-20080500','36-15','E90N 330i   BMW light alloy wheel, V-spoke 188','');
insert into Diagram values('PM36-36_0976','PM36-20080500','36-15','E90N 330i   BMW LA wheel, star spoke 189','');
insert into Diagram values('PM36-36_0978','PM36-20080500','36-15','E90N 330i   BMW LA wheel, star spoke 230','');
insert into Diagram values('PM36-36_0980','PM36-20080500','36-15','E90N 330i   BMW LA forged wheel Radial Spoke 190','');
insert into Diagram values('PM36-36_0988','PM36-20080500','36-15','E90N 330i   BMW compound wheel M cross spoke 101','');
insert into Diagram values('PM36-36_1067','PM36-20080500','36-15','E90N 330i   BMW LA wheel Individual w. V spokes 228','');
insert into Diagram values('PM36-36_1127','PM36-20080500','36-15','E90N 330i   BMW alloy wheel, M double spoke 225','');
insert into Diagram values('PM36-36_1134','PM36-20080500','36-15','E90N 330i   BMW Performance LA wheel/double spoke269','');
insert into Diagram values('PM36-36_1288','PM36-20080500','36-15','E90N 330i   BMW LA wheel, multispoke 284','');
insert into Diagram values('PM36-36_1289','PM36-20080500','36-15','E90N 330i   BMW LA wheel, V-spoke 285','');
insert into Diagram values('PM36-36_1290','PM36-20080500','36-15','E90N 330i   BMW LA wheel, star spoke 286','');
insert into Diagram values('PM36-36_1291','PM36-20080500','36-15','E90N 330i   BMW LA wheel, star spoke 287','');
insert into Diagram values('PM36-36_1293','PM36-20080500','36-15','E90N 330i   BMW LA cast wheel Radial Spoke 190','');
insert into Diagram values('PM36-36_1317','PM36-20080500','36-15','E90N 330i   BMW LA wheel, Star Spoke 311','');
insert into Diagram values('PM36-36_1318','PM36-20080500','36-15','E90N 330i   BMW Performance LA wheel DoubleSpoke 313','');
insert into Diagram values('PM36-36_1467','PM36-20080500','36-15','E90N 330i   BMW LA wheel, V Spoke 342','');
insert into Diagram values('PM36-36_1478','PM36-20080500','36-15','E90N 330i   BMW LA wheel, Star Spoke 339','');
insert into Diagram values('PM36-36_1479','PM36-20080500','36-15','E90N 330i   BMW LA wheel, V Spoke 338','');
insert into Diagram values('PM36-36_1480','PM36-20080500','36-15','E90N 330i   BMW LA wheel, Star Spoke 340','');
insert into Diagram values('PM36-36_1481','PM36-20080500','36-15','E90N 330i   BMW LAW Double Spoke Performance 313','');
insert into Diagram values('PM36-36_1501','PM36-20080500','36-15','E90N 330i   BMW LA wheel, M Double Spoke 313','');
insert into Diagram values('PM36-36_0812','PM36-20080500','36-20','E90N 330i   Balance weight, zinc','');
insert into Diagram values('PM36-36_0811','PM36-20080500','36-25','E90N 330i   WHEEL BOLT LOCK WITH ADAPTOR','');
insert into Diagram values('PM36-36_1032','PM36-20080500','36-25','E90N 330i   SET WHEEL LOCKS','');
insert into Diagram values('PM36-36_1077','PM36-20080500','36-30','E90N 330i   Winter tires','');
insert into Diagram values('PM36-36_1668','PM36-20080500','36-30','E90N 330i   Summer tires','');
insert into Diagram values('PM36-36_0918','PM36-20080500','36-95','E90N 330i   Winter complete wheel double spoke 158','');
insert into Diagram values('PM36-36_0957','PM36-20080500','36-95','E90N 330i   COMPL.WINT.TYRE+WHEEL,RADIAL STYLING 32','');
insert into Diagram values('PM36-36_1170','PM36-20080500','36-95','E90N 330i   Winterkomplettrad Sternspeiche 159','');
insert into Diagram values('PM36-36_1274','PM36-20080500','36-95','E90N 330i   Set emergency wheel with tyre','');
insert into Diagram values('PM36-36_1430','PM36-20080500','36-95','E90N 330i   Winter complete wheel, Multi Spoke 284','');
insert into Diagram values('PM36-36_1449','PM36-20080500','36-95','E90N 330i   Spare tire system','');
insert into Diagram values('PM36-41_1670','PM36-20080500','41-05','E90N 330i   Body skeleton','');
insert into Diagram values('PM36-41_1596','PM36-20080500','41-10','E90N 330i   Front side panel','');
insert into Diagram values('PM36-41_1597','PM36-20080500','41-10','E90N 330i   WHEELHOUSE/ENGINE SUPPORT','');
insert into Diagram values('PM36-41_1598','PM36-20080500','41-10','E90N 330i   SPLASH WALL PARTS','');
insert into Diagram values('PM36-41_1599','PM36-20080500','41-10','E90N 330i   FRONT BODY BRACKET LEFT','');
insert into Diagram values('PM36-41_1600','PM36-20080500','41-10','E90N 330i   FRONT BODY BRACKET RIGHT','');
insert into Diagram values('PM36-41_1605','PM36-20080500','41-20','E90N 330i   Partition trunk/Floor parts','');
insert into Diagram values('PM36-41_1637','PM36-20080500','41-20','E90N 330i   Cavity shielding, side frame','');
insert into Diagram values('PM36-41_1642','PM36-20080500','41-20','E90N 330i   BODY-SIDE FRAME','');
insert into Diagram values('PM36-41_1643','PM36-20080500','41-20','E90N 330i   SINGLE COMPONENTS FOR BODY-SIDE FRAME','');
insert into Diagram values('PM36-41_1673','PM36-20080500','41-25','E90N 330i   Mounting parts for trunk floor panel','');
insert into Diagram values('PM36-41_1674','PM36-20080500','41-25','E90N 330i   FLOOR PARTS REAR EXTERIOR','');
insert into Diagram values('PM36-41_1675','PM36-20080500','41-25','E90N 330i   Rear side panel','');
insert into Diagram values('PM36-41_1676','PM36-20080500','41-25','E90N 330i   FILL-IN FLAP','');
insert into Diagram values('PM36-41_1601','PM36-20080500','41-30','E90N 330i   Roof','');
insert into Diagram values('PM36-41_1641','PM36-20080500','41-35','E90N 330i   ENGINE HOOD MECHANISM','');
insert into Diagram values('PM36-41_2205','PM36-20080500','41-35','E90N 330i   ENGINE HOOD/MOUNTING PARTS','');
insert into Diagram values('PM36-41_1612','PM36-20080500','41-40','E90N 330i   FRONT DOOR-HINGE/DOOR BRAKE','');
insert into Diagram values('PM36-41_1635','PM36-20080500','41-40','E90N 330i   Door weatherstrip front','');
insert into Diagram values('PM36-41_1639','PM36-20080500','41-40','E90N 330i   Radio remote control','');
insert into Diagram values('PM36-41_1973','PM36-20080500','41-40','E90N 330i   DOOR CONTROL FRONT','');
insert into Diagram values('PM36-41_1613','PM36-20080500','41-45','E90N 330i   Door rear, hinge/door brake','');
insert into Diagram values('PM36-41_1634','PM36-20080500','41-45','E90N 330i   DOOR CONTROL REAR','');
insert into Diagram values('PM36-41_1636','PM36-20080500','41-45','E90N 330i   Door weatherstrip rear','');
insert into Diagram values('PM36-41_1678','PM36-20080500','41-50','E90N 330i   Master key locking','');
insert into Diagram values('PM36-41_1638','PM36-20080500','41-60','E90N 330i   SINGLE COMPONENTS FOR TRUNK LID','');
insert into Diagram values('PM36-41_1677','PM36-20080500','41-60','E90N 330i   TRUNK LID/CLOSING SYSTEM','');
insert into Diagram values('PM36-41_1607','PM36-20080500','41-65','E90N 330i   MECHANICAL CONNECTION ELEMENTS','');
insert into Diagram values('PM36-51_5644','PM36-20080500','51-05','E90N 330i   Glazing','');
insert into DiagramParts values('PM36-51_6939-51167158902', 'PM36-51_6939', 01, 'Mirror glas, heated, wide-angle, right', 'BLAU', 1, to_date('20080901','YYYYMMDD'), to_date('20090301','YYYYMMDD'), '51167158902', '', '', false);
insert into DiagramParts values('PM36-51_6939-51167158910', 'PM36-51_6939', 03, 'Mirror glas, heated, wide-angle, right', 'BLAU', 1, to_date('20080901','YYYYMMDD'), to_date('20090301','YYYYMMDD'), '51167158910', '', '', false);
insert into Diagram values('PM36-51_6939','PM36-20080500','51-07','E90N 330i   MIRROR GLASS','');
insert into Diagram values('PM36-51_6940','PM36-20080500','51-07','E90N 330i   Mirror glas with auto dip','');
insert into Diagram values('PM36-51_6946','PM36-20080500','51-07','E90N 330i   Outside mirror','');
insert into Diagram values('PM36-51_6947','PM36-20080500','51-07','E90N 330i   Fold-in outside mirror','');
insert into Diagram values('PM36-51_6948','PM36-20080500','51-07','E90N 330i   Outside mirror bright-black','');
insert into Diagram values('PM36-51_6949','PM36-20080500','51-07','E90N 330i   Fold-in outside mirror, bright-black','');
insert into Diagram values('PM36-51_5713','PM36-20080500','51-10','E90N 330i   Window frame cover, front door','');
insert into Diagram values('PM36-51_5730','PM36-20080500','51-10','E90N 330i   DOOR WINDOW LIFTING MECHANISM FRONT','');
insert into Diagram values('PM36-51_5723','PM36-20080500','51-12','E90N 330i   Window frame cover, rear door','');
insert into Diagram values('PM36-51_5731','PM36-20080500','51-12','E90N 330i   DOOR WINDOW LIFTING MECHANISM REAR','');
insert into Diagram values('PM36-51_5812','PM36-20080500','51-15','E90N 330i   Carrier, bumper front','');
insert into Diagram values('PM36-51_6966','PM36-20080500','51-15','E90N 330i   Trim panel, bumper, front','');
insert into Diagram values('PM36-51_7022','PM36-20080500','51-15','E90N 330i   M FRONT BUMPER TRIM PANEL','');
insert into Diagram values('PM36-51_7019','PM36-20080500','51-16','E90N 330i   M door sill trim panel','');
insert into Diagram values('PM36-51_7020','PM36-20080500','51-16','E90N 330i   Door sill','');
insert into Diagram values('PM36-51_5824','PM36-20080500','51-17','E90N 330i   Carrier, bumper rear','');
insert into Diagram values('PM36-51_5828','PM36-20080500','51-17','E90N 330i   Bumper trim panel, rear','');
insert into Diagram values('PM36-51_5829','PM36-20080500','51-17','E90N 330i   REAR BUMPER MOUNTING PARTS','');
insert into Diagram values('PM36-51_5973','PM36-20080500','51-17','E90N 330i   M REAR BUMPER TRIM','');
insert into Diagram values('PM36-51_5732','PM36-20080500','51-20','E90N 330i   Exterior trim and door seals','');
insert into Diagram values('PM36-51_5740','PM36-20080500','51-20','E90N 330i   Exterior trim / Grille / Seals','');
insert into Diagram values('PM36-51_5849','PM36-20080500','51-20','E90N 330i   Emblems','');
insert into Diagram values('PM36-51_6004','PM36-20080500','51-25','E90N 330i   Police sticker','');
insert into Diagram values('PM36-51_6674','PM36-20080500','51-25','E90N 330i   Paramedic sticker','');
insert into Diagram values('PM36-51_5710','PM36-20080500','51-30','E90N 330i   Trim panel dashboard, support tube','');
insert into Diagram values('PM36-51_5719','PM36-20080500','51-30','E90N 330i   Cup holder','');
insert into Diagram values('PM36-51_5721','PM36-20080500','51-30','E90N 330i   GLOVE BOX','');
insert into Diagram values('PM36-51_9121','PM36-20080500','51-30','E90N 330i   Mounting parts, I-panel, bottom I','');
insert into Diagram values('PM36-51_9185','PM36-20080500','51-30','E90N 330i   Mounting parts, I-panel, top','');
insert into Diagram values('PM36-51_5722','PM36-20080500','51-35','E90N 330i   CENTER CONSOLE STORING PARTITION','');
insert into Diagram values('PM36-51_5724','PM36-20080500','51-35','E90N 330i   STORING PARTITION COVER','');
insert into Diagram values('PM36-51_5725','PM36-20080500','51-35','E90N 330i   Mounting parts, center console, rear','');
insert into Diagram values('PM36-51_5726','PM36-20080500','51-35','E90N 330i   Armrest, centre console','');
insert into DiagramParts values('PM36-51_5830-51169221750', 'PM36-51_5830', 01, 'Rearview mirror EC/LED/GTO/FLA/RC', '868 MHZ', 1, to_date('20090901','YYYYMMDD'), to_date('20100301','YYYYMMDD'), '51169221750', '', 'ENDED', false);
insert into Diagram values('PM36-51_5830','PM36-20080500','51-40','E90N 330i   Interior mirror','');
insert into Diagram values('PM36-51_5832','PM36-20080500','51-40','E90N 330i   Sun visors','');
insert into Diagram values('PM36-51_5834','PM36-20080500','51-40','E90N 330i   Handle','');
insert into Diagram values('PM36-51_5839','PM36-20080500','51-40','E90N 330i   Trim panel A- / B- / C-Column','');
insert into Diagram values('PM36-51_5840','PM36-20080500','51-40','E90N 330i   Headlining','');
insert into Diagram values('PM36-51_5842','PM36-20080500','51-40','E90N 330i   Rear window shelf / sun blind electr.','');
insert into Diagram values('PM36-51_5716','PM36-20080500','51-45','E90N 330i   Interior moldings Titan Line','');
insert into Diagram values('PM36-51_5717','PM36-20080500','51-45','E90N 330i   Interior trim finishers, aluminium','');
insert into Diagram values('PM36-51_5718','PM36-20080500','51-45','E90N 330i   Fine wood trim burr walnut','');
insert into Diagram values('PM36-51_6601','PM36-20080500','51-45','E90N 330i   Interior strips, aluminum, glaciersilber','');
insert into Diagram values('PM36-51_6984','PM36-20080500','51-45','E90N 330i   Alum. interior strips ground lengthwise','');
insert into Diagram values('PM36-51_6986','PM36-20080500','51-45','E90N 330i   Interior strips, high-gloss, spacegrau','');
insert into Diagram values('PM36-51_7035','PM36-20080500','51-45','E90N 330i   Interior strips, diamantschwarz','');
insert into Diagram values('PM36-51_7038','PM36-20080500','51-45','E90N 330i   Fine woodgrain version, walnut trunk','');
insert into Diagram values('PM36-51_7097','PM36-20080500','51-45','E90N 330i   Interior strips, satin-silber','');
insert into Diagram values('PM36-51_7803','PM36-20080500','51-45','E90N 330i   Int. strips, bamboo, grained, anthracite','');
insert into Diagram values('PM36-51_7950','PM36-20080500','51-45','E90N 330i   Interior moldings, platin-bronze','');
insert into Diagram values('PM36-51_5835','PM36-20080500','51-50','E90N 330i   Door trim panel, front','');
insert into Diagram values('PM36-51_5836','PM36-20080500','51-50','E90N 330i   Door trim, rear','');
insert into Diagram values('PM36-51_5837','PM36-20080500','51-50','E90N 330i   Door panel, rear window blind','');
insert into Diagram values('PM36-51_6592','PM36-20080500','51-50','E90N 330i   Armrest, door panel, front','');
insert into Diagram values('PM36-51_5690','PM36-20080500','51-55','E90N 330i   Floor mats, velours','');
insert into Diagram values('PM36-51_5838','PM36-20080500','51-55','E90N 330i   TRIM PANEL LEG ROOM','');
insert into Diagram values('PM36-51_5841','PM36-20080500','51-55','E90N 330i   FLOOR COVERING','');
insert into Diagram values('PM36-51_5846','PM36-20080500','51-55','E90N 330i   EDGE PROTECTION/COVERINGS ROCKERS','');
insert into Diagram values('PM36-51_5847','PM36-20080500','51-65','E90N 330i   Trim panel, trunk floor','');
insert into Diagram values('PM36-51_5848','PM36-20080500','51-65','E90N 330i   LATERAL TRUNK FLOOR TRIM PANEL','');
insert into Diagram values('PM36-51_5850','PM36-20080500','51-65','E90N 330i   TRUNK LID TRIM PANEL','');
insert into Diagram values('PM36-51_6263','PM36-20080500','51-65','E90N 330i   Sliding comp. luggage comp./folding box','');
insert into Diagram values('PM36-51_6264','PM36-20080500','51-65','E90N 330i   Luggage compartment sill trim','');
insert into Diagram values('PM36-51_5851','PM36-20080500','51-70','E90N 330i   SOUND INSULATING FRONT','');
insert into Diagram values('PM36-51_5856','PM36-20080500','51-70','E90N 330i   SOUND INSULATING REAR','');
insert into Diagram values('PM36-51_5857','PM36-20080500','51-70','E90N 330i   Heat insulation','');
insert into Diagram values('PM36-51_5858','PM36-20080500','51-75','E90N 330i   Front panel/body parts, engine compartm','');
insert into Diagram values('PM36-51_5860','PM36-20080500','51-75','E90N 330i   Shield,engine compartm./underfloor panel','');
insert into Diagram values('PM36-51_5862','PM36-20080500','51-75','E90N 330i   Wheel arch trim, front','');
insert into Diagram values('PM36-51_5863','PM36-20080500','51-75','E90N 330i   Wheel arch trim, rear','');
insert into Diagram values('PM36-51_5875','PM36-20080500','51-75','E90N 330i   Strut brace','');
insert into Diagram values('PM36-51_6216','PM36-20080500','51-75','E90N 330i   Underfloor coating','');
insert into Diagram values('PM36-51_6258','PM36-20080500','51-75','E90N 330i   Headlight arm/holder','');
insert into Diagram values('PM36-51_6950','PM36-20080500','51-75','E90N 330i   FRONT AIR DUCT','');
insert into Diagram values('PM36-51_5859','PM36-20080500','51-80','E90N 330i   Misc. body parts','');
insert into Diagram values('PM36-51_5861','PM36-20080500','51-80','E90N 330i   Seal, hood','');
insert into Diagram values('PM36-51_5865','PM36-20080500','51-80','E90N 330i   Sealing cap/plug','');
insert into Diagram values('PM36-51_4635','PM36-20080500','51-95','E90N 330i   Exterior mirror for towing','');
insert into Diagram values('PM36-51_4694','PM36-20080500','51-95','E90N 330i   Aluminum footrest','');
insert into Diagram values('PM36-51_4698','PM36-20080500','51-95','E90N 330i   Boot lashing strap','');
insert into Diagram values('PM36-51_5362','PM36-20080500','51-95','E90N 330i   Luggage compartment, folding','');
insert into Diagram values('PM36-51_5688','PM36-20080500','51-95','E90N 330i   Luggage compatment box "multifix"','');
insert into Diagram values('PM36-51_5697','PM36-20080500','51-95','E90N 330i   Illuminated door sill strip retrofit kit','');
insert into Diagram values('PM36-51_5738','PM36-20080500','51-95','E90N 330i   Umbrella with bag','');
insert into Diagram values('PM36-51_5739','PM36-20080500','51-95','E90N 330i   Storage sleeve DVD/CD','');
insert into Diagram values('PM36-51_5799','PM36-20080500','51-95','E90N 330i   Fitted luggage compartment mat','');
insert into Diagram values('PM36-51_5906','PM36-20080500','51-95','E90N 330i   Non-skid mat','');
insert into Diagram values('PM36-51_5918','PM36-20080500','51-95','E90N 330i   Retrofit:oddments tray luggage compartm.','');
insert into Diagram values('PM36-51_5919','PM36-20080500','51-95','E90N 330i   Retrofit: boot/trunk floor net','');
insert into Diagram values('PM36-51_5921','PM36-20080500','51-95','E90N 330i   Retrofit:oddments tray under load. floor','');
insert into Diagram values('PM36-51_5922','PM36-20080500','51-95','E90N 330i   Retrofit, fine wood trim, walnut root','');
insert into Diagram values('PM36-51_5924','PM36-20080500','51-95','E90N 330i   Alum. interior strips ground lengthwise','');
insert into Diagram values('PM36-51_5925','PM36-20080500','51-95','E90N 330i   Retrofit, armrest front, movable','');
insert into Diagram values('PM36-51_5927','PM36-20080500','51-95','E90N 330i   SUPPLEMENTARY SET SUN BLIND ELECTR.','');
insert into Diagram values('PM36-51_5928','PM36-20080500','51-95','E90N 330i   Retrofit rearview mirror w. auto dimmer','');
insert into Diagram values('PM36-51_5937','PM36-20080500','51-95','E90N 330i   Floor mats Commercial','');
insert into Diagram values('PM36-51_5938','PM36-20080500','51-95','E90N 330i   FLOOR MATS CITY','');
insert into Diagram values('PM36-51_5940','PM36-20080500','51-95','E90N 330i   Boot/trunk floor net','');
insert into Diagram values('PM36-51_5945','PM36-20080500','51-95','E90N 330i   Rubber mat','');
insert into Diagram values('PM36-51_5954','PM36-20080500','51-95','E90N 330i   Load edge protector','');
insert into Diagram values('PM36-51_5980','PM36-20080500','51-95','E90N 330i   Retrofit: heating outside mirror','');
insert into Diagram values('PM36-51_5981','PM36-20080500','51-95','E90N 330i   Door sill strip retrofit kit st. steel','');
insert into Diagram values('PM36-51_5997','PM36-20080500','51-95','E90N 330i   Pocket holder','');
insert into Diagram values('PM36-51_6019','PM36-20080500','51-95','E90N 330i   Floor mats, velours','');
insert into Diagram values('PM36-51_6029','PM36-20080500','51-95','E90N 330i   Carbon fiber package','');
insert into Diagram values('PM36-51_6038','PM36-20080500','51-95','E90N 330i   Rear spoiler','');
insert into Diagram values('PM36-51_6066','PM36-20080500','51-95','E90N 330i   Sunshade','');
insert into Diagram values('PM36-51_6068','PM36-20080500','51-95','E90N 330i   Retrofit, M cover, entrance','');
insert into Diagram values('PM36-51_6083','PM36-20080500','51-95','E90N 330i   Strut brace','');
insert into Diagram values('PM36-51_6165','PM36-20080500','51-95','E90N 330i   Luggage compartment clamping belts','');
insert into Diagram values('PM36-51_6174','PM36-20080500','51-95','E90N 330i   Retrofit, cup holder','');
insert into Diagram values('PM36-51_6243','PM36-20080500','51-95','E90N 330i   Interior moldings Carbon','');
insert into Diagram values('PM36-51_6259','PM36-20080500','51-95','E90N 330i   Retrofit M foot rest','');
insert into Diagram values('PM36-51_6283','PM36-20080500','51-95','E90N 330i   Load compartment protective cover','');
insert into Diagram values('PM36-51_6477','PM36-20080500','51-95','E90N 330i   Key fob','');
insert into Diagram values('PM36-51_6639','PM36-20080500','51-95','E90N 330i   Protective loading edge mat','');
insert into Diagram values('PM36-51_6695','PM36-20080500','51-95','E90N 330i   Storage net, footwell, front','');
insert into Diagram values('PM36-51_6778','PM36-20080500','51-95','E90N 330i   BMW Performance strut tower brace carbon','');
insert into Diagram values('PM36-51_6892','PM36-20080500','51-95','E90N 330i   Moulding rocker panels','');
insert into Diagram values('PM36-51_6973','PM36-20080500','51-95','E90N 330i   BMW Performance side stripes','');
insert into Diagram values('PM36-51_7030','PM36-20080500','51-95','E90N 330i   Retrofit kit M aerodyn. package','');
insert into Diagram values('PM36-51_7034','PM36-20080500','51-95','E90N 330i   Sun blind strips','');
insert into Diagram values('PM36-51_7061','PM36-20080500','51-95','E90N 330i   Non-skid mat','');
insert into Diagram values('PM36-51_7115','PM36-20080500','51-95','E90N 330i   BMW Performance Aerodynamics','');
insert into Diagram values('PM36-51_7116','PM36-20080500','51-95','E90N 330i   BMW Performance Aerodynamics, front','');
insert into Diagram values('PM36-51_7117','PM36-20080500','51-95','E90N 330i   BMW Performance Aerodynamics, rear','');
insert into Diagram values('PM36-51_7118','PM36-20080500','51-95','E90N 330i   BMW Performance Aerodynamics, rocker','');
insert into Diagram values('PM36-51_7142','PM36-20080500','51-95','E90N 330i   BMW Performance Aluminum footrest','');
insert into Diagram values('PM36-51_7144','PM36-20080500','51-95','E90N 330i   BMW Performance Interior moldings Carbon','');
insert into Diagram values('PM36-51_7149','PM36-20080500','51-95','E90N 330i   Attached part for front apron','');
insert into Diagram values('PM36-51_7152','PM36-20080500','51-95','E90N 330i   BMW Performance strut tower brace, alu','');
insert into Diagram values('PM36-51_7158','PM36-20080500','51-95','E90N 330i   Cover for mirror, carbon','');
insert into Diagram values('PM36-51_7191','PM36-20080500','51-95','E90N 330i   Retrofit trim grill','');
insert into Diagram values('PM36-51_7193','PM36-20080500','51-95','E90N 330i   Interior strips, high-gloss, grey','');
insert into Diagram values('PM36-51_7195','PM36-20080500','51-95','E90N 330i   Interior trim finishers black high-gloss','');
insert into Diagram values('PM36-51_7228','PM36-20080500','51-95','E90N 330i   BMW Performance door sill moldings','');
insert into Diagram values('PM36-51_7236','PM36-20080500','51-95','E90N 330i   Footmat update','');
insert into Diagram values('PM36-51_7302','PM36-20080500','51-95','E90N 330i   Luggage compartment pan','');
insert into Diagram values('PM36-51_7303','PM36-20080500','51-95','E90N 330i   ASHTRAY REAR','');
insert into Diagram values('PM36-51_7665','PM36-20080500','51-95','E90N 330i   Interior equipment, upper','');
insert into Diagram values('PM36-51_7713','PM36-20080500','51-95','E90N 330i   Multifunct.lugg.compartm.mat w.fold.cont','');
insert into Diagram values('PM36-51_7869','PM36-20080500','51-95','E90N 330i   Retrofit kit, interior trim, adhesive','');
insert into Diagram values('PM36-51_7896','PM36-20080500','51-95','E90N 330i   Retrofit kit, interior trim, adhesive','');
insert into Diagram values('PM36-51_8051','PM36-20080500','51-95','E90N 330i   First-aid kit, universal','');
insert into Diagram values('PM36-51_8522','PM36-20080500','51-95','E90N 330i   Travel & Comfort System','');
insert into Diagram values('PM36-51_8703','PM36-20080500','51-95','E90N 330i   Pocket set in interior','');
insert into Diagram values('PM36-51_8991','PM36-20080500','51-95','E90N 330i   Floor mat, Allweather','');
insert into Diagram values('PM36-52_3182','PM36-20080500','52-10','E90N 330i   Seat front, upholstery & cover base seat','');
insert into DiagramParts values('PM36-52_3183-52107246851', 'PM36-52_3183', 04, 'SEAT COVER LEATHER', 'GRAU', 1, to_date('20080901','YYYYMMDD'), to_date('20100901','YYYYMMDD'), '52107246851', '', 'ENDED', false);
insert into DiagramParts values('PM36-52_3183-52107246852', 'PM36-52_3183', 04, 'SEAT COVER LEATHER', 'BEIGE', 1, to_date('20080901','YYYYMMDD'), to_date('20100901','YYYYMMDD'), '52107246852', '', '+core, ENDED', false);
insert into DiagramParts values('PM36-52_3183-52107246838', 'PM36-52_3183', 04, 'SEAT COVER LEATHER', 'SCHWARZ', 1, to_date('20080901','YYYYMMDD'), to_date('20100901','YYYYMMDD'), '52107246838', '', 'ENDED', false);
insert into DiagramParts values('PM36-52_3183-52107257593', 'PM36-52_3183', 04, 'SEAT COVER LEATHER', 'OYSTER', 1, to_date('20090901','YYYYMMDD'), to_date('20100901','YYYYMMDD'), '52107257593', '', 'ENDED', false);
insert into DiagramParts values('PM36-52_3183-52107257594', 'PM36-52_3183', 04, 'SEAT COVER LEATHER', 'SATTELBRAUN', 1, to_date('20090901','YYYYMMDD'), to_date('20100901','YYYYMMDD'), '52107257594', '', 'ENDED', false);
insert into DiagramParts values('PM36-52_3183-52107257595', 'PM36-52_3183', 04, 'SEAT COVER LEATHER', 'ROTBRAUN', 1, to_date('20090901','YYYYMMDD'), to_date('20100901','YYYYMMDD'), '52107257595', '', '+core, ENDED', false);
insert into DiagramParts values('PM36-52_3183-52109156456', 'PM36-52_3183', 05, 'COVER BACKREST LEATHER RIGHT', 'GRAU', 1, to_date('20070401','YYYYMMDD'), to_date('20080901','YYYYMMDD'), '52109156456', '$695.57', '', false);
insert into DiagramParts values('PM36-52_3183-52109156458', 'PM36-52_3183', 05, 'COVER BACKREST LEATHER RIGHT', 'BEIGE', 1, to_date('20070401','YYYYMMDD'), to_date('20080901','YYYYMMDD'), '52109156458', '$695.57', '', false);
insert into DiagramParts values('PM36-52_3183-52109156454', 'PM36-52_3183', 05, 'COVER BACKREST LEATHER RIGHT', 'SCHWARZ', 1, to_date('20070401','YYYYMMDD'), to_date('20080901','YYYYMMDD'), '52109156454', '$695.57', '', false);
insert into Diagram values('PM36-52_3183','PM36-20080500','52-10','E90N 330i   Seat, front, uphlstry, cover, Sport seat','');
insert into Diagram values('PM36-52_3184','PM36-20080500','52-10','E90N 330i   Seat, front, lumbar','');
insert into Diagram values('PM36-52_3185','PM36-20080500','52-10','E90N 330i   FRONT SEAT RAIL MECHANICAL/SINGLE PARTS','');
insert into Diagram values('PM36-52_3186','PM36-20080500','52-10','E90N 330i   FRONT SEAT RAIL ELECTRICAL/SINGLE PARTS','');
insert into Diagram values('PM36-52_3187','PM36-20080500','52-10','E90N 330i   FRONT SEAT BACKREST FRAME/REAR PANEL','');
insert into Diagram values('PM36-52_3468','PM36-20080500','52-10','E90N 330i   BMW Performance Sport Seat','');
insert into Diagram values('PM36-52_3487','PM36-20080500','52-10','E90N 330i   Seat, front, head restraint','');
insert into Diagram values('PM36-52_3541','PM36-20080500','52-10','E90N 330i   Seat, front, electrical and motors','');
insert into DiagramParts values('PM36-52_3188-52207213545', 'PM36-52_3188', 01, 'Headrest leather', 'SCHWARZ', 2, to_date('20080901','YYYYMMDD'), to_date('20090301','YYYYMMDD'), '52207213545', '', 'ENDED', false);
insert into DiagramParts values('PM36-52_3188-52207213547', 'PM36-52_3188', 01, 'Headrest leather', 'SAVANNABEIGE', 2, to_date('20080901','YYYYMMDD'), to_date('20090301','YYYYMMDD'), '52207213547', '', 'ENDED', false);
insert into DiagramParts values('PM36-52_3188-52207213546', 'PM36-52_3188', 01, 'Headrest leather', 'GRAU', 2, to_date('20080901','YYYYMMDD'), to_date('20090301','YYYYMMDD'), '52207213546', '', 'ENDED', false);
insert into DiagramParts values('PM36-52_3188-52207213520', 'PM36-52_3188', 02, 'Headrest leather', 'SCHWARZ', 2, to_date('20080901','YYYYMMDD'), to_date('20090301','YYYYMMDD'), '52207213520', '', 'ENDED', false);
insert into DiagramParts values('PM36-52_3188-52207213534', 'PM36-52_3188', 02, 'Headrest leather', 'BEIGE', 2, to_date('20080901','YYYYMMDD'), to_date('20090301','YYYYMMDD'), '52207213534', '', 'ENDED', false);
insert into DiagramParts values('PM36-52_3188-52207213533', 'PM36-52_3188', 02, 'Headrest leather', 'GRAU', 2, to_date('20080901','YYYYMMDD'), to_date('20090301','YYYYMMDD'), '52207213533', '', 'ENDED', false);
insert into Diagram values('PM36-52_3188','PM36-20080500','52-20','E90N 330i   Rear seat head restraint','');
insert into Diagram values('PM36-52_3189','PM36-20080500','52-20','E90N 330i   Seat, rear, head restraint, center','');
insert into Diagram values('PM36-52_3191','PM36-20080500','52-20','E90N 330i   Seat rear, upholstery & cover base seat','');
insert into Diagram values('PM36-52_3192','PM36-20080500','52-20','E90N 330i   Seat rear, upholstery & cover base seat','');
insert into Diagram values('PM36-52_3193','PM36-20080500','52-20','E90N 330i   Seat, rear, seat frame, load-through','');
insert into Diagram values('PM36-52_3194','PM36-20080500','52-20','E90N 330i   Rear seat ski bag','');
insert into Diagram values('PM36-52_3212','PM36-20080500','52-20','E90N 330i   Seat, rear, backrest trim covers','');
insert into Diagram values('PM36-52_3216','PM36-20080500','52-20','E90N 330i   Rear seat center armrest','');
insert into Diagram values('PM36-52_3712','PM36-20080500','52-65','E90N 330i   Seat heating','');
insert into Diagram values('PM36-52_3015','PM36-20080500','52-95','E90N 330i   UNIVERSAL PRODECTIVE REAR COVER','');
insert into Diagram values('PM36-52_3199','PM36-20080500','52-95','E90N 330i   Fire extinguisher','');
insert into Diagram values('PM36-52_3235','PM36-20080500','52-95','E90N 330i   Front seat heating retrofit','');
insert into Diagram values('PM36-52_3269','PM36-20080500','52-95','E90N 330i   Seat-back storage pocket','');
insert into Diagram values('PM36-52_3270','PM36-20080500','52-95','E90N 330i   SHEEPSKIN SEAT COVERS','');
insert into Diagram values('PM36-52_3519','PM36-20080500','52-95','E90N 330i   Retrofit, ski bag','');
insert into Diagram values('PM36-52_3527','PM36-20080500','52-95','E90N 330i   Retrofit, net bag at seat backrest','');
insert into Diagram values('PM36-52_3565','PM36-20080500','52-95','E90N 330i   Retrofitting rear folding head restraint','');
insert into Diagram values('PM36-52_3792','PM36-20080500','52-95','E90N 330i   Fire extinguisher','');
insert into Diagram values('PM36-54_0341','PM36-20080500','54-05','E90N 330i   SLID.LIFT. ROOF-COVER/CEILING FRAME','');
insert into Diagram values('PM36-61_2010','PM36-20080500','61-05','E90N 330i   Repair cable main cable harness','');
insert into Diagram values('PM36-61_2886','PM36-20080500','61-05','E90N 330i   Main wiring harness, duplicate','');
insert into Diagram values('PM36-61_1822','PM36-20080500','61-10','E90N 330i   Cable-yarded material','');
insert into Diagram values('PM36-61_1861','PM36-20080500','61-10','E90N 330i   VARIOUS ADDITIONAL WIRING SETS','');
insert into Diagram values('PM36-61_1864','PM36-20080500','61-10','E90N 330i   Wiring harness, instrument panel','');
insert into Diagram values('PM36-61_1868','PM36-20080500','61-10','E90N 330i   Wiring set seat','');
insert into Diagram values('PM36-61_1869','PM36-20080500','61-10','E90N 330i   Repair cable, airbag','');
insert into Diagram values('PM36-61_1945','PM36-20080500','61-10','E90N 330i   DOOR CABLE HARNESSES','');
insert into Diagram values('PM36-61_2083','PM36-20080500','61-10','E90N 330i   Wiring set active steering','');
insert into Diagram values('PM36-61_2262','PM36-20080500','61-10','E90N 330i   VARIOUS ADDITIONAL WIRING SETS','');
insert into Diagram values('PM36-61_2567','PM36-20080500','61-10','E90N 330i   Rep. wire for B+','');
insert into Diagram values('PM36-61_1280','PM36-20080500','61-15','E90N 330i   Plug terminal ELO not waterproof','');
insert into Diagram values('PM36-61_1296','PM36-20080500','61-15','E90N 330i   Circular connector / D 2,5 mm System','');
insert into Diagram values('PM36-61_1559','PM36-20080500','61-15','E90N 330i   PLUG-IN CONNECTION BRACKET','');
insert into Diagram values('PM36-61_1578','PM36-20080500','61-15','E90N 330i   Repair parts, optical fibre cable','');
insert into Diagram values('PM36-61_1691','PM36-20080500','61-15','E90N 330i   Pin contacts ELO','');
insert into Diagram values('PM36-61_1711','PM36-20080500','61-15','E90N 330i   Cable tie','');
insert into Diagram values('PM36-61_1754','PM36-20080500','61-15','E90N 330i   Plug terminal ELO-Power','');
insert into Diagram values('PM36-61_1764','PM36-20080500','61-15','E90N 330i   Diagnosis plug','');
insert into Diagram values('PM36-61_1765','PM36-20080500','61-15','E90N 330i   Various cable terminals','');
insert into Diagram values('PM36-61_1865','PM36-20080500','61-15','E90N 330i   VARIOUS CABLE HOLDERS','');
insert into Diagram values('PM36-61_1896','PM36-20080500','61-15','E90N 330i   VARIOUS CABLE HOLDERS','');
insert into Diagram values('PM36-61_1971','PM36-20080500','61-15','E90N 330i   Cable guide','');
insert into Diagram values('PM36-61_2020','PM36-20080500','61-15','E90N 330i   Various cable grommets','');
insert into Diagram values('PM36-61_2063','PM36-20080500','61-15','E90N 330i   Comb type connector','');
insert into Diagram values('PM36-61_2068','PM36-20080500','61-15','E90N 330i   Contact system LSK8','');
insert into Diagram values('PM36-61_2107','PM36-20080500','61-15','E90N 330i   Various parts, wiring harness repair','');
insert into Diagram values('PM36-61_2156','PM36-20080500','61-15','E90N 330i   Double leaf spring contact','');
insert into Diagram values('PM36-61_2216','PM36-20080500','61-15','E90N 330i   Terminal system MCON','');
insert into Diagram values('PM36-61_2217','PM36-20080500','61-15','E90N 330i   Contact system MQS','');
insert into Diagram values('PM36-61_2268','PM36-20080500','61-15','E90N 330i   Contact system MAK8','');
insert into Diagram values('PM36-61_2292','PM36-20080500','61-15','E90N 330i   SLK socket contact','');
insert into Diagram values('PM36-61_2293','PM36-20080500','61-15','E90N 330i   Contact system blade terminal MDK4 2.8','');
insert into Diagram values('PM36-61_2452','PM36-20080500','61-15','E90N 330i   Round plug system D 1.5 mm','');
insert into Diagram values('PM36-61_2458','PM36-20080500','61-15','E90N 330i   diverse plugs and connectors','');
insert into Diagram values('PM36-61_2521','PM36-20080500','61-15','E90N 330i   Socket housing MQS','');
insert into Diagram values('PM36-61_2638','PM36-20080500','61-15','E90N 330i   Repair parts, coaxial cable contacts','');
insert into Diagram values('PM36-61_2680','PM36-20080500','61-15','E90N 330i   Repair parts, coaxial cable housing','');
insert into Diagram values('PM36-61_1710','PM36-20080500','61-20','E90N 330i   Fuses / sign with fuse allocat. diagr.','');
insert into Diagram values('PM36-61_2220','PM36-20080500','61-20','E90N 330i   Individual parts, power distributor, fr.','');
insert into Diagram values('PM36-61_1718','PM36-20080500','61-25','E90N 330i   Control unit/antennas passive access','');
insert into Diagram values('PM36-61_1847','PM36-20080500','61-25','E90N 330i   BRACKET F BODY CONTROL UNITS AND MODULES','');
insert into DiagramParts values('PM36-61_2095-61359147196', 'PM36-61_2095', 01, 'Control unit CAS', 'CAS3', 1, to_date('20041201','YYYYMMDD'), to_date('20090901','YYYYMMDD'), '61359147196', '', 'ENDED', false);
insert into DiagramParts values('PM36-61_2095-61359147212', 'PM36-61_2095', 01, 'Control unit CAS', 'CAS3', 1, to_date('20041201','YYYYMMDD'), to_date('20090901','YYYYMMDD'), '61359147212', '', 'ENDED', false);
insert into DiagramParts values('PM36-61_2095-61359147220', 'PM36-61_2095', 01, 'Control unit CAS', 'CAS3', 1, to_date('20041201','YYYYMMDD'), to_date('20090901','YYYYMMDD'), '61359147220', '', 'ENDED', false);
insert into DiagramParts values('PM36-61_2095-61359147221', 'PM36-61_2095', 01, 'Control unit CAS', 'CAS3', 1, to_date('20041201','YYYYMMDD'), to_date('20090901','YYYYMMDD'), '61359147221', '', 'ENDED', false);
insert into DiagramParts values('PM36-61_2095-61359147226', 'PM36-61_2095', 01, 'Control unit CAS', 'CAS3', 1, to_date('20041201','YYYYMMDD'), to_date('20090901','YYYYMMDD'), '61359147226', '', 'ENDED', false);
insert into DiagramParts values('PM36-61_2095-61359217853', 'PM36-61_2095', 01, 'Control unit CAS', 'CAS3', 1, to_date('20041201','YYYYMMDD'), to_date('20100301','YYYYMMDD'), '61359217853', '', 'ENDED', false);
insert into Diagram values('PM36-61_2095','PM36-20080500','61-25','E90N 330i   Control unit CAS','');
insert into DiagramParts values('PM36-61_2096-61359221180', 'PM36-61_2096', 07, 'TRAILER TOWING MODUL', '4R', 1, to_date('20090301','YYYYMMDD'), to_date('20110301','YYYYMMDD'), '61359221180', '$203.91', '', false);
insert into Diagram values('PM36-61_2096','PM36-20080500','61-25','E90N 330i   Control units/modules','');
insert into Diagram values('PM36-61_2236','PM36-20080500','61-25','E90N 330i   Control unit Junctionbox Elektronik','');
insert into Diagram values('PM36-61_2241','PM36-20080500','61-25','E90N 330i   ECU, footwell module 2','');
insert into Diagram values('PM36-61_2518','PM36-20080500','61-25','E90N 330i   ECU, steering wheel heater electronics','');
insert into Diagram values('PM36-61_2574','PM36-20080500','61-25','E90N 330i   ECU, footwell module 3','');
insert into Diagram values('PM36-61_2966','PM36-20080500','61-25','E90N 330i   Official vehicle package','');
insert into Diagram values('PM36-61_1859','PM36-20080500','61-30','E90N 330i   B+ terminal point, engine compartment','');
insert into DiagramParts values('PM36-61_1946-61126988974', 'PM36-61_1946', 04, 'Battery cable (plus pole)', 'SBK', 1, to_date('20060301','YYYYMMDD'), to_date('20090901','YYYYMMDD'), '61126988974', '', 'ENDED', false);
insert into Diagram values('PM36-61_1946','PM36-20080500','61-30','E90N 330i   Battery lead/distribution box, rear','');
insert into Diagram values('PM36-61_1986','PM36-20080500','61-30','E90N 330i   Original BMW battery (Warranty only)','');
insert into Diagram values('PM36-61_1987','PM36-20080500','61-30','E90N 330i   battery holder and mounting parts','');
insert into Diagram values('PM36-61_1845','PM36-20080500','61-35','E90N 330i   Seat adjustment switch, front','');
insert into Diagram values('PM36-61_1849','PM36-20080500','61-35','E90N 330i   VARIOUS SWITCHES','');
insert into Diagram values('PM36-61_1880','PM36-20080500','61-35','E90N 330i   Switch, Multifunction Sport/M st. wheel','');
insert into Diagram values('PM36-61_1951','PM36-20080500','61-35','E90N 330i   SWITCH WINDOW LIFTER','');
insert into Diagram values('PM36-61_1960','PM36-20080500','61-35','E90N 330i   Modules/switch/charge socket,off. veh.','');
insert into Diagram values('PM36-61_1965','PM36-20080500','61-35','E90N 330i   Switch, multifunct. steering wheel','');
insert into Diagram values('PM36-61_1975','PM36-20080500','61-35','E90N 330i   Switch unit roof','');
insert into Diagram values('PM36-61_2051','PM36-20080500','61-35','E90N 330i   Switch unit roof','');
insert into Diagram values('PM36-61_2089','PM36-20080500','61-35','E90N 330i   Switch unit roof','');
insert into Diagram values('PM36-61_2128','PM36-20080500','61-35','E90N 330i   Switch for brake, clutch','');
insert into Diagram values('PM36-61_2274','PM36-20080500','61-35','E90N 330i   Switch unit, center console','');
insert into Diagram values('PM36-61_2281','PM36-20080500','61-35','E90N 330i   Starter/Stop switch','');
insert into Diagram values('PM36-61_2282','PM36-20080500','61-35','E90N 330i   Switch hazard warning/central lckng syst','');
insert into Diagram values('PM36-61_2335','PM36-20080500','61-35','E90N 330i   Official vehicle package','');
insert into Diagram values('PM36-61_2426','PM36-20080500','61-35','E90N 330i   Control element light','');
insert into Diagram values('PM36-61_2434','PM36-20080500','61-35','E90N 330i   Switch unit steering column','');
insert into Diagram values('PM36-61_2480','PM36-20080500','61-35','E90N 330i   Cigarette lighter / sockets','');
insert into Diagram values('PM36-61_2632','PM36-20080500','61-35','E90N 330i   Official vehicle package','');
insert into Diagram values('PM36-61_2639','PM36-20080500','61-35','E90N 330i   Shift paddles / Shift paddles','');
insert into Diagram values('PM36-61_2900','PM36-20080500','61-35','E90N 330i   USB/AUX-IN socket','');
insert into Diagram values('PM36-61_2946','PM36-20080500','61-35','E90N 330i   USB/AUX-IN socket','');
insert into Diagram values('PM36-61_3088','PM36-20080500','61-35','E90N 330i   Switch unit steering column','');
insert into Diagram values('PM36-61_2857','PM36-20080500','61-40','E90N 330i   Horn','');
insert into Diagram values('PM36-61_1877','PM36-20080500','61-45','E90N 330i   FILLER PIPE FOR WASH CONTAINER','');
insert into Diagram values('PM36-61_1879','PM36-20080500','61-45','E90N 330i   Reserv.,windshield/headlight washer syst','');
insert into Diagram values('PM36-61_1954','PM36-20080500','61-45','E90N 330i   SINGLE COMPONENTS FOR WIPER ARM','');
insert into Diagram values('PM36-61_1955','PM36-20080500','61-45','E90N 330i   Wiper system, complete','');
insert into Diagram values('PM36-61_1988','PM36-20080500','61-45','E90N 330i   SINGLE PARTS FOR HEAD LAMP CLEANING','');
insert into Diagram values('PM36-61_2009','PM36-20080500','61-45','E90N 330i   SINGLE PARTS FOR WINDSHIELD CLEANING','');
insert into Diagram values('PM36-61_2001','PM36-20080500','61-95','E90N 330i   Retrofit kit, headlight cleaning system','');
insert into Diagram values('PM36-61_2223','PM36-20080500','61-95','E90N 330i   Suppression filter','');
insert into Diagram values('PM36-61_3026','PM36-20080500','61-95','E90N 330i   Battery charger','');
insert into Diagram values('PM36-61_3066','PM36-20080500','61-95','E90N 330i   Jumper cable','');
insert into Diagram values('PM36-61_3244','PM36-20080500','61-95','E90N 330i   Battery charger','');
insert into Diagram values('PM36-62_0483','PM36-20080500','62-05','E90N 330i   Instrument cluster','');
insert into Diagram values('PM36-62_0561','PM36-20080500','62-95','E90N 330i   Electronic log book','');
insert into Diagram values('PM36-63_1067','PM36-20080500','63-05','E90N 330i   SPARE BULBS BOX','');
insert into Diagram values('PM36-63_1068','PM36-20080500','63-05','E90N 330i   Headlight','');
insert into Diagram values('PM36-63_1069','PM36-20080500','63-05','E90N 330i   Individual parts for headlamp, halogen','');
insert into Diagram values('PM36-63_1070','PM36-20080500','63-05','E90N 330i   Single components f headlight Xenon/ALC','');
insert into Diagram values('PM36-63_1363','PM36-20080500','63-05','E90N 330i   BMW Performance Light','');
insert into Diagram values('PM36-63_1420','PM36-20080500','63-05','E90N 330i   SPARE BULBS BOX','');
insert into Diagram values('PM36-63_0920','PM36-20080500','63-10','E90N 330i   Additional turn indicator lamp','');
insert into Diagram values('PM36-63_0940','PM36-20080500','63-15','E90N 330i   Fog lamp, Sport Package M','');
insert into Diagram values('PM36-63_1073','PM36-20080500','63-15','E90N 330i   Fog lights','');
insert into Diagram values('PM36-63_1074','PM36-20080500','63-20','E90N 330i   Rear light','');
insert into Diagram values('PM36-63_0916','PM36-20080500','63-25','E90N 330i   Third stoplamp','');
insert into Diagram values('PM36-63_0911','PM36-20080500','63-30','E90N 330i   Various interior lights','');
insert into Diagram values('PM36-63_0915','PM36-20080500','63-30','E90N 330i   Door handle illumination','');
insert into Diagram values('PM36-63_1112','PM36-20080500','63-30','E90N 330i   License plate lamp, LED','');
insert into Diagram values('PM36-63_1113','PM36-20080500','63-30','E90N 330i   Strobe lamp - rear','');
insert into Diagram values('PM36-63_1153','PM36-20080500','63-95','E90N 330i   Flashlight, LED','');
insert into Diagram values('PM36-63_1289','PM36-20080500','63-95','E90N 330i   Retrofit kit, LED daytime driving lights','');
insert into Diagram values('PM36-63_1322','PM36-20080500','63-95','E90N 330i   LED interior light package','');
insert into Diagram values('PM36-63_1509','PM36-20080500','63-95','E90N 330i   BMW LED luggage compartment lamp','');
insert into Diagram values('PM36-64_1479','PM36-20080500','64-05','E90N 330i   Air duct','');
insert into Diagram values('PM36-64_1489','PM36-20080500','64-05','E90N 330i   OUTFLOW NOZZLES/COVERS','');
insert into Diagram values('PM36-64_1428','PM36-20080500','64-10','E90N 330i   MICROFILTER/ACTIVATED CARBON CONTAINER','');
insert into Diagram values('PM36-64_1774','PM36-20080500','64-15','E90N 330i   Heater unit, Denso','');
insert into Diagram values('PM36-64_1779','PM36-20080500','64-15','E90N 330i   Heater core from 07/2006 onward','');
insert into Diagram values('PM36-64_1780','PM36-20080500','64-15','E90N 330i   Heater unit, Denso','');
insert into Diagram values('PM36-64_1781','PM36-20080500','64-15','E90N 330i   Heater unit, Denso','');
insert into Diagram values('PM36-64_1497','PM36-20080500','64-18','E90N 330i   Water hoses','');
insert into Diagram values('PM36-64_1567','PM36-20080500','64-18','E90N 330i   Independent heating water valves','');
insert into Diagram values('PM36-64_1443','PM36-20080500','64-20','E90N 330i   Automatic air conditioning control','');
insert into Diagram values('PM36-64_1445','PM36-20080500','64-20','E90N 330i   Air Conditioning Control','');
insert into Diagram values('PM36-64_1439','PM36-20080500','64-30','E90N 330i   Evaporator / Expansion valve','');
insert into Diagram values('PM36-64_1451','PM36-20080500','64-35','E90N 330i   Housing parts heater and air cond. Denso','');
insert into Diagram values('PM36-64_1455','PM36-20080500','64-35','E90N 330i   Housing parts aut.air conditioning Denso','');
insert into Diagram values('PM36-64_1777','PM36-20080500','64-35','E90N 330i   Housing parts aut.air conditioning Valeo','');
insert into Diagram values('PM36-64_1454','PM36-20080500','64-40','E90N 330i   ELECTRIC PARTS FOR AC UNIT','');
insert into Diagram values('PM36-64_1433','PM36-20080500','64-45','E90N 330i   SENSOR F. AUC','');
insert into Diagram values('PM36-64_1434','PM36-20080500','64-45','E90N 330i   Solar sensor','');
insert into Diagram values('PM36-64_1438','PM36-20080500','64-45','E90N 330i   Condensation sensor','');
insert into Diagram values('PM36-64_1494','PM36-20080500','64-50','E90N 330i   Air-conditioner compressor','');
insert into Diagram values('PM36-64_1429','PM36-20080500','64-55','E90N 330i   Condenser air conditioning','');
insert into Diagram values('PM36-64_1431','PM36-20080500','64-60','E90N 330i   Coolant lines','');
insert into Diagram values('PM36-64_1508','PM36-20080500','64-65','E90N 330i   Spare parts, auxiliary heater Bypass Sys','');
insert into Diagram values('PM36-64_1509','PM36-20080500','64-65','E90N 330i   FUEL SUPPLY/PUMP/TUBING','');
insert into Diagram values('PM36-64_1575','PM36-20080500','64-65','E90N 330i   Spare parts,aux.heater,Opt.Eqmt/Accessor','');
insert into Diagram values('PM36-64_1610','PM36-20080500','64-65','E90N 330i   TRANSMITTER F AUXIL.HEATING REMOTE CTRL','');
insert into Diagram values('PM36-64_1633','PM36-20080500','64-95','E90N 330i   Retrofit kit, remote cntrl,indep.heating','');
insert into Diagram values('PM36-64_1703','PM36-20080500','64-95','E90N 330i   Install.kit, independent heater','');
insert into Diagram values('PM36-64_1704','PM36-20080500','64-95','E90N 330i   Install.kit, independent heater','');
insert into Diagram values('PM36-64_1705','PM36-20080500','64-95','E90N 330i   Install.kit, independent heater','');
insert into Diagram values('PM36-64_1855','PM36-20080500','64-95','E90N 330i   Accessori e postmontaggi','');
insert into Diagram values('PM36-64_1441','PM36-20080500','64-99','E90N 330i   DIVERSE SMALL PARTS','');
insert into Diagram values('PM36-65_0207','PM36-20080500','65-05','E90N 330i   Earth strap for engine hood','');
insert into DiagramParts values('PM36-65_1473-65129210510', 'PM36-65_1473', 01, 'Radio BMW Business CD', 'MSA', 1, to_date('20080901','YYYYMMDD'), to_date('20090901','YYYYMMDD'), '65129210510', '', 'ENDED', false);
insert into DiagramParts values('PM36-65_1473-65129216275', 'PM36-65_1473', 01, 'Radio BMW Business CD', 'MSA', 1, to_date('20080901','YYYYMMDD'), to_date('20091201','YYYYMMDD'), '65129216275', '', 'ENDED', false);
insert into DiagramParts values('PM36-65_1473-65129227500', 'PM36-65_1473', 01, 'Radio BMW Business CD', 'MSA', 1, to_date('20080901','YYYYMMDD'), to_date('20100901','YYYYMMDD'), '65129227500', '', '', false);
insert into Diagram values('PM36-65_1473','PM36-20080500','65-05','E90N 330i   Radio BMW Business CD','');
insert into DiagramParts values('PM36-65_1474-65129231059', 'PM36-65_1474', 02, 'Rotary knob', 'CHROM', 2, to_date('20100501','YYYYMMDD'), to_date('20100901','YYYYMMDD'), '65129231059', '', '', false);
insert into Diagram values('PM36-65_1474','PM36-20080500','65-05','E90N 330i   Radio BMW Professional CD','');
insert into Diagram values('PM36-65_1522','PM36-20080500','65-05','E90N 330i   M-Audio system controller','');
insert into Diagram values('PM36-65_1585','PM36-20080500','65-05','E90N 330i   DAB tuner','');
insert into DiagramParts values('PM36-65_2033-65129231159', 'PM36-65_2033', 01, 'Replacement, Car Infotainment Comp. Mid', 'MIC/VID/DAB', 1, to_date('20090901','YYYYMMDD'), to_date('20100901','YYYYMMDD'), '65129231159', '', 'ENDED', false);
insert into Diagram values('PM36-65_2033','PM36-20080500','65-05','E90N 330i   Car Infotainment Computer - Mid','');
insert into Diagram values('PM36-65_2250','PM36-20080500','65-05','E90N 330i   Radio BMW Professional CD','');
insert into Diagram values('PM36-65_2440','PM36-20080500','65-05','E90N 330i   DAB Retrofit','');
insert into Diagram values('PM36-65_1758','PM36-20080500','65-07','E90N 330i   USB/Audio interface','');
insert into Diagram values('PM36-65_1786','PM36-20080500','65-07','E90N 330i   Auxiliary connection cable','');
insert into Diagram values('PM36-65_1523','PM36-20080500','65-10','E90N 330i   CD Changer/Bracket','');
insert into Diagram values('PM36-65_1526','PM36-20080500','65-20','E90N 330i   Components central bass','');
insert into Diagram values('PM36-65_1527','PM36-20080500','65-20','E90N 330i   One part Top-Hifi/Harman Kardon I-panel','');
insert into Diagram values('PM36-65_1528','PM36-20080500','65-20','E90N 330i   One part Top-HiFi/Harman Kardon dr rear','');
insert into Diagram values('PM36-65_1529','PM36-20080500','65-20','E90N 330i   SINGLE PARTS F REAR HELF LOUDSPEAKER','');
insert into Diagram values('PM36-65_1530','PM36-20080500','65-20','E90N 330i   SINGLE PARTS F FRONT DOOR LOUDSPEAKER','');
insert into Diagram values('PM36-65_1751','PM36-20080500','65-20','E90N 330i   Individual Audio system, I-panel','');
insert into Diagram values('PM36-65_1753','PM36-20080500','65-20','E90N 330i   Individual Audio system, door front','');
insert into Diagram values('PM36-65_1755','PM36-20080500','65-20','E90N 330i   Individual Audio system, door rear','');
insert into Diagram values('PM36-65_1756','PM36-20080500','65-20','E90N 330i   Individual Audio system tray','');
insert into Diagram values('PM36-65_1534','PM36-20080500','65-22','E90N 330i   Universal aerial cable','');
insert into Diagram values('PM36-65_2342','PM36-20080500','65-22','E90N 330i   Audio wiring harness','');
insert into Diagram values('PM36-65_1524','PM36-20080500','65-25','E90N 330i   amplifier / holder hifi system','');
insert into Diagram values('PM36-65_1525','PM36-20080500','65-25','E90N 330i   Amplifier HiFi Prof. / Harman Kardon','');
insert into Diagram values('PM36-65_1754','PM36-20080500','65-25','E90N 330i   Amplifier/bracket Indi. Audio System','');
insert into Diagram values('PM36-65_1539','PM36-20080500','65-30','E90N 330i   SINGLE PARTS F ANTENNA-DIVERSITY','');
insert into Diagram values('PM36-65_1540','PM36-20080500','65-30','E90N 330i   SINGLE PARTS F ANTENNA','');
insert into Diagram values('PM36-65_1731','PM36-20080500','65-30','E90N 330i   Official radio antenna/horn speaker','');
insert into Diagram values('PM36-65_1504','PM36-20080500','65-45','E90N 330i   Coolant hose, CCC / CIC / MASK','');
insert into Diagram values('PM36-65_1917','PM36-20080500','65-45','E90N 330i   Controller CIC','');
insert into DiagramParts values('PM36-65_1551-65509196876', 'PM36-65_1551', 01, 'Video module', 'FBAS', 1, to_date('20080901','YYYYMMDD'), to_date('20090301','YYYYMMDD'), '65509196876', '', 'ENDED', false);
insert into DiagramParts values('PM36-65_1551-65509206973', 'PM36-65_1551', 01, 'Video module', 'FBAS', 1, to_date('20080901','YYYYMMDD'), to_date('20090901','YYYYMMDD'), '65509206973', '', '', false);
insert into DiagramParts values('PM36-65_1551-65509224301', 'PM36-65_1551', 01, 'TV module', 'DVB-T', 1, to_date('20090901','YYYYMMDD'), to_date('20100301','YYYYMMDD'), '65509224301', '', '', false);
insert into DiagramParts values('PM36-65_1551-65509229906', 'PM36-65_1551', 01, 'TV module', 'DVB-T', 1, to_date('20090901','YYYYMMDD'), to_date('20100901','YYYYMMDD'), '65509229906', '', 'ENDED', false);
insert into DiagramParts values('PM36-65_1551-65509240643', 'PM36-65_1551', 01, 'TV module', 'DVB-T', 1, to_date('20090901','YYYYMMDD'), to_date('20120701','YYYYMMDD'), '65509240643', '', '', false);
insert into DiagramParts values('PM36-65_1551-65509224302', 'PM36-65_1551', 01, 'TV module', 'ISDB-T', 1, to_date('20090901','YYYYMMDD'), to_date('20100301','YYYYMMDD'), '65509224302', '', 'ENDED', false);
insert into DiagramParts values('PM36-65_1551-65509235503', 'PM36-65_1551', 01, 'TV module', 'ISDB-T', 1, to_date('20090901','YYYYMMDD'), to_date('20100901','YYYYMMDD'), '65509235503', '', 'ENDED', false);
insert into DiagramParts values('PM36-65_1551-65509240645', 'PM36-65_1551', 01, 'TV module', 'ISDB-T', 1, to_date('20090901','YYYYMMDD'), to_date('20120701','YYYYMMDD'), '65509240645', '', '', false);
insert into DiagramParts values('PM36-65_1551-65509242221', 'PM36-65_1551', 01, 'TV module', 'DTMB', 1, to_date('20100901','YYYYMMDD'), to_date('20110301','YYYYMMDD'), '65509242221', '', 'ENDED', false);
insert into DiagramParts values('PM36-65_1551-65509252352', 'PM36-65_1551', 01, 'TV module', 'DTMB', 1, to_date('20100901','YYYYMMDD'), to_date('20110901','YYYYMMDD'), '65509252352', '', 'ENDED', false);
insert into DiagramParts values('PM36-65_1551-65509253523', 'PM36-65_1551', 01, 'TV module', 'DTMB', 1, to_date('20100901','YYYYMMDD'), to_date('20120301','YYYYMMDD'), '65509253523', '', 'ENDED', false);
insert into Diagram values('PM36-65_1551','PM36-20080500','65-50','E90N 330i   Video module/TV module','');
insert into Diagram values('PM36-65_1552','PM36-20080500','65-50','E90N 330i   Bracket for video module','');
insert into Diagram values('PM36-65_1553','PM36-20080500','65-50','E90N 330i   Support bracket, navigation computer','');
insert into DiagramParts values('PM36-65_1554-65829193745', 'PM36-65_1554', 01, 'On-board monitor 8,8&quot;', 'HIGH RESOLUTION', 1, to_date('20080901','YYYYMMDD'), to_date('20090901','YYYYMMDD'), '65829193745', '', '', false);
insert into Diagram values('PM36-65_1554','PM36-20080500','65-50','E90N 330i   On-board monitor','');
insert into DiagramParts values('PM36-65_1916-65839205093', 'PM36-65_1916', 01, 'Car Infotainment computer', 'KOREA', 1, to_date('20080901','YYYYMMDD'), to_date('20081101','YYYYMMDD'), '65839205093', '', 'ENDED', false);
insert into DiagramParts values('PM36-65_1916-65839202830', 'PM36-65_1916', 01, 'Car Infotainment computer', 'KOREA', 1, to_date('20080901','YYYYMMDD'), to_date('20090301','YYYYMMDD'), '65839202830', '', 'ENDED', false);
insert into DiagramParts values('PM36-65_1916-65129214936', 'PM36-65_1916', 01, 'Car Infotainment computer', 'KOREA', 1, to_date('20080901','YYYYMMDD'), to_date('20090901','YYYYMMDD'), '65129214936', '', 'ENDED', false);
insert into DiagramParts values('PM36-65_1916-65129222865', 'PM36-65_1916', 01, 'Car Infotainment computer', 'KOREA', 1, to_date('20080901','YYYYMMDD'), to_date('20100301','YYYYMMDD'), '65129222865', '', 'ENDED', false);
insert into DiagramParts values('PM36-65_1916-65129218334', 'PM36-65_1916', 01, 'Car Infotainment computer', 'KOREA', 1, to_date('20080901','YYYYMMDD'), to_date('20101001','YYYYMMDD'), '65129218334', '', 'ENDED', false);
insert into DiagramParts values('PM36-65_1916-65129248104', 'PM36-65_1916', 01, 'Car Infotainment computer', 'KOREA', 1, to_date('20080901','YYYYMMDD'), to_date('20101201','YYYYMMDD'), '65129248104', '', 'ENDED', false);
insert into DiagramParts values('PM36-65_1916-65129250326', 'PM36-65_1916', 01, 'Car Infotainment computer', 'KOREA', 1, to_date('20080901','YYYYMMDD'), to_date('20110301','YYYYMMDD'), '65129250326', '', 'ENDED', false);
insert into DiagramParts values('PM36-65_1916-65129257190', 'PM36-65_1916', 01, 'Car Infotainment computer', 'KOREA', 1, to_date('20080901','YYYYMMDD'), to_date('20110901','YYYYMMDD'), '65129257190', '', 'ENDED', false);
insert into DiagramParts values('PM36-65_1916-65129273172', 'PM36-65_1916', 01, 'Car Infotainment computer', 'KOREA', 1, to_date('20080901','YYYYMMDD'), to_date('20120301','YYYYMMDD'), '65129273172', '', 'ENDED', false);
insert into DiagramParts values('PM36-65_1916-65839205094', 'PM36-65_1916', 01, 'Car Infotainment computer', 'ASIEN', 1, to_date('20080901','YYYYMMDD'), to_date('20081101','YYYYMMDD'), '65839205094', '', 'ENDED', false);
insert into DiagramParts values('PM36-65_1916-65839202831', 'PM36-65_1916', 01, 'Car Infotainment computer', 'ASIEN', 1, to_date('20080901','YYYYMMDD'), to_date('20090301','YYYYMMDD'), '65839202831', '', 'ENDED', false);
insert into DiagramParts values('PM36-65_1916-65129214937', 'PM36-65_1916', 01, 'Car Infotainment computer', 'ASIEN', 1, to_date('20080901','YYYYMMDD'), to_date('20090901','YYYYMMDD'), '65129214937', '', 'ENDED', false);
insert into DiagramParts values('PM36-65_1916-65129222866', 'PM36-65_1916', 01, 'Car Infotainment computer', 'ASIEN', 1, to_date('20080901','YYYYMMDD'), to_date('20091201','YYYYMMDD'), '65129222866', '', 'ENDED', false);
insert into DiagramParts values('PM36-65_1916-65129231727', 'PM36-65_1916', 01, 'Car Infotainment computer', 'ASIEN', 1, to_date('20080901','YYYYMMDD'), to_date('20100301','YYYYMMDD'), '65129231727', '', 'ENDED', false);
insert into DiagramParts values('PM36-65_1916-65129218335', 'PM36-65_1916', 01, 'Car Infotainment computer', 'ASIEN', 1, to_date('20080901','YYYYMMDD'), to_date('20100901','YYYYMMDD'), '65129218335', '', 'ENDED', false);
insert into DiagramParts values('PM36-65_1916-65129244588', 'PM36-65_1916', 01, 'Car Infotainment computer', 'ASIEN', 1, to_date('20080901','YYYYMMDD'), to_date('20110301','YYYYMMDD'), '65129244588', '', 'ENDED', false);
insert into DiagramParts values('PM36-65_1916-65129257191', 'PM36-65_1916', 01, 'Car Infotainment computer', 'ASIEN', 1, to_date('20080901','YYYYMMDD'), to_date('20110901','YYYYMMDD'), '65129257191', '', 'ENDED', false);
insert into Diagram values('PM36-65_1916','PM36-20080500','65-50','E90N 330i   Car Infotainment computer','');
insert into Diagram values('PM36-65_1978','PM36-20080500','65-50','E90N 330i   DVD street map Navigation Option 606','');
insert into Diagram values('PM36-65_2206','PM36-20080500','65-50','E90N 330i   Enable code, initial, Professional GPS','');
insert into Diagram values('PM36-65_2207','PM36-20080500','65-50','E90N 330i   Enable code, update for Professional GPS','');
insert into Diagram values('PM36-65_2208','PM36-20080500','65-50','E90N 330i   Enable code, rep, GPS Professional','');
insert into Diagram values('PM36-65_2215','PM36-20080500','65-50','E90N 330i   Enable code, initial, Business GPS','');
insert into Diagram values('PM36-65_2216','PM36-20080500','65-50','E90N 330i   Enable code, rep, GPS Business','');
insert into Diagram values('PM36-65_2223','PM36-20080500','65-50','E90N 330i   Enable code, update, GPS Business','');
insert into Diagram values('PM36-65_1487','PM36-20080500','65-60','E90N 330i   Alarm systems','');
insert into Diagram values('PM36-65_1532','PM36-20080500','65-65','E90N 330i   Electric parts for airbag','');
insert into Diagram values('PM36-65_1468','PM36-20080500','65-70','E90N 330i   Temperature sensor','');
insert into Diagram values('PM36-65_1562','PM36-20080500','65-95','E90N 330i   Retrofit kit, CD-changer','');
insert into Diagram values('PM36-65_1565','PM36-20080500','65-95','E90N 330i   INSTALLATION KIT ALARM SYSTEM','');
insert into Diagram values('PM36-65_1576','PM36-20080500','65-95','E90N 330i   DVD-system Portable','');
insert into Diagram values('PM36-65_1658','PM36-20080500','65-95','E90N 330i   DVB-T Set-top box','');
insert into Diagram values('PM36-65_1710','PM36-20080500','65-95','E90N 330i   Retrofit kit, TV function','');
insert into Diagram values('PM36-65_1814','PM36-20080500','65-95','E90N 330i   Retrofit kit USB/iPod connection','');
insert into Diagram values('PM36-65_1825','PM36-20080500','65-95','E90N 330i   iPod connection retrofit kit','');
insert into Diagram values('PM36-65_1860','PM36-20080500','65-95','E90N 330i   Retrofit kit USB/audio interface','');
insert into Diagram values('PM36-65_1894','PM36-20080500','65-95','E90N 330i   Hifi system, Alpine','');
insert into Diagram values('PM36-65_1901','PM36-20080500','65-95','E90N 330i   Navigation Portable Plus/Pro/HD Traffic','');
insert into Diagram values('PM36-65_1902','PM36-20080500','65-95','E90N 330i   GPS, portable, street map','');
insert into Diagram values('PM36-65_1903','PM36-20080500','65-95','E90N 330i   iPod connection retrofit kit','');
insert into Diagram values('PM36-65_1924','PM36-20080500','65-95','E90N 330i   Navigation Portable accessories','');
insert into Diagram values('PM36-65_1925','PM36-20080500','65-95','E90N 330i   Basic hands-free system with USB/audio','');
insert into Diagram values('PM36-65_1989','PM36-20080500','65-95','E90N 330i   Tracking Products','');
insert into Diagram values('PM36-65_2004','PM36-20080500','65-95','E90N 330i   Retrofit kit, CD-changer','');
insert into Diagram values('PM36-65_2038','PM36-20080500','65-95','E90N 330i   DVD system Tablet','');
insert into Diagram values('PM36-65_2079','PM36-20080500','65-95','E90N 330i   Smartnav','');
insert into Diagram values('PM36-65_2271','PM36-20080500','65-95','E90N 330i   Charger adapter for Apple iPod / iPhone','');
insert into Diagram values('PM36-65_2375','PM36-20080500','65-95','E90N 330i   Retrofit language, Arabic','');
insert into Diagram values('PM36-65_2388','PM36-20080500','65-95','E90N 330i   Retrofit DAB+','');
insert into Diagram values('PM36-65_2422','PM36-20080500','65-95','E90N 330i   Cable adapter for Apple iPod / iPhone','');
insert into Diagram values('PM36-65_2434','PM36-20080500','65-95','E90N 330i   DVD System Tablet Single','');
insert into Diagram values('PM36-65_2515','PM36-20080500','65-95','E90N 330i   Navigation &apos;Portable&apos; with Design holder','');
insert into Diagram values('PM36-65_2520','PM36-20080500','65-95','E90N 330i   BMW USB charger','');
insert into Diagram values('PM36-65_2522','PM36-20080500','65-95','E90N 330i   Cable adapter, devices with Micro USB','');
insert into Diagram values('PM36-66_0116','PM36-20080500','66-05','E90N 330i   Ignition lock of remote control','');
insert into Diagram values('PM36-66_0117','PM36-20080500','66-05','E90N 330i   Park Distance Control (PDC)','');
insert into Diagram values('PM36-66_0229','PM36-20080500','66-05','E90N 330i   Ultrasonic-sensor','');
insert into Diagram values('PM36-66_0118','PM36-20080500','66-20','E90N 330i   ACC-Sensor/Dynamic cruise control','');
insert into Diagram values('PM36-66_0123','PM36-20080500','66-95','E90N 330i   Retrofit kit PDC, rear','');
insert into Diagram values('PM36-66_0124','PM36-20080500','66-95','E90N 330i   Front PDC upgrade','');
insert into Diagram values('PM36-66_0130','PM36-20080500','66-95','E90N 330i   Retrofit multi-functional steering wheel','');
insert into Diagram values('PM36-66_0169','PM36-20080500','66-95','E90N 330i   Dynamic cruise control retrofit','');
insert into Diagram values('PM36-66_0188','PM36-20080500','66-95','E90N 330i   Park Distance Control universale sonoro','');
insert into Diagram values('PM36-71_0549','PM36-20080500','71-03','E90N 330i   Notice label for fuel','');
insert into Diagram values('PM36-71_0550','PM36-20080500','71-03','E90N 330i   Various notice stickers','');
insert into Diagram values('PM36-71_0555','PM36-20080500','71-03','E90N 330i   LABEL "TIRE PRESSURE"','');
insert into Diagram values('PM36-71_0568','PM36-20080500','71-03','E90N 330i   Instruction notice, Airbag','');
insert into Diagram values('PM36-71_0623','PM36-20080500','71-03','E90N 330i   Label, coolant','');
insert into Diagram values('PM36-71_0680','PM36-20080500','71-03','E90N 330i   Labels independent heating','');
insert into Diagram values('PM36-71_0361','PM36-20080500','71-05','E90N 330i   Car tool','');
insert into Diagram values('PM36-71_0408','PM36-20080500','71-05','E90N 330i   Warning triangle/First aid kit/-cushion','');
insert into Diagram values('PM36-71_0717','PM36-20080500','71-05','E90N 330i   Set of lifting jack','');
insert into Diagram values('PM36-71_0497','PM36-20080500','71-07','E90N 330i   Mobility system','');
insert into Diagram values('PM36-71_0412','PM36-20080500','71-10','E90N 330i   SINGLE PARTS OF TRAILER HITCH','');
insert into Diagram values('PM36-71_0400','PM36-20080500','71-95','E90N 330i   Set of lifting jack','');
insert into Diagram values('PM36-71_0414','PM36-20080500','71-95','E90N 330i   Retrofit kit, towing hitch','');
insert into Diagram values('PM36-71_0434','PM36-20080500','71-95','E90N 330i   Tire Mobility Set','');
insert into Diagram values('PM36-71_0495','PM36-20080500','71-95','E90N 330i   Retrofit kit, towing hitch','');
insert into Diagram values('PM36-71_0513','PM36-20080500','71-95','E90N 330i   Twin electrics, caravan leads','');
insert into Diagram values('PM36-72_0552','PM36-20080500','72-03','E90N 330i   Airbag passenger and head airbag','');
insert into Diagram values('PM36-72_0521','PM36-20080500','72-05','E90N 330i   Safety belt front','');
insert into Diagram values('PM36-72_0522','PM36-20080500','72-05','E90N 330i   FRONT SAFETY BELT MOUNTING PARTS','');
insert into DiagramParts values('PM36-72_0551-72119160125', 'PM36-72_0551', 01, 'UPPER BELT REAR', 'BEIGE', 1, to_date('20080901','YYYYMMDD'), to_date('20090301','YYYYMMDD'), '72119160125', '', '', false);
insert into DiagramParts values('PM36-72_0551-72119160107', 'PM36-72_0551', 01, 'UPPER BELT REAR', 'GRAU', 1, to_date('20080901','YYYYMMDD'), to_date('20090901','YYYYMMDD'), '72119160107', '', 'ENDED', false);
insert into DiagramParts values('PM36-72_0551-72119160124', 'PM36-72_0551', 01, 'UPPER BELT REAR', 'GRAU', 1, to_date('20080901','YYYYMMDD'), to_date('20090901','YYYYMMDD'), '72119160124', '', '', false);
insert into DiagramParts values('PM36-72_0551-72119160111', 'PM36-72_0551', 02, 'REAR center UPPER BELT', 'GRAU', 1, to_date('20080901','YYYYMMDD'), to_date('20090901','YYYYMMDD'), '72119160111', '', '', false);
insert into Diagram values('PM36-72_0551','PM36-20080500','72-05','E90N 330i   SAFETY BELT REAR','');
insert into Diagram values('PM36-72_0553','PM36-20080500','72-05','E90N 330i   Support, child seat','');
insert into Diagram values('PM36-72_0461','PM36-20080500','72-95','E90N 330i   Storage compartment module','');
insert into Diagram values('PM36-72_0462','PM36-20080500','72-95','E90N 330i   Cup holder-module','');
insert into Diagram values('PM36-72_0591','PM36-20080500','72-95','E90N 330i   Tow bar','');
insert into Diagram values('PM36-72_0598','PM36-20080500','72-95','E90N 330i   TOW ROPE','');
insert into Diagram values('PM36-72_0603','PM36-20080500','72-95','E90N 330i   Fire extinguisher','');
insert into Diagram values('PM36-72_0744','PM36-20080500','72-95','E90N 330i   Emergency bag','');
insert into Diagram values('PM36-36_0937','PM36-20080500','82-14','E90N 330i   Snow chains','');
insert into Diagram values('PM36-82_1073','PM36-20080500','82-26','E90N 330i   Universal coat hanger','');
insert into Diagram values('PM36-82_1261','PM36-20080500','82-26','E90N 330i   Clean Bag','');
insert into Diagram values('PM36-82_1299','PM36-20080500','82-26','E90N 330i   Storage pocket, rear passengers','');
insert into Diagram values('PM36-82_1308','PM36-20080500','82-26','E90N 330i   Shoe case','');
insert into Diagram values('PM36-82_1309','PM36-20080500','82-26','E90N 330i   Multimedia case','');
insert into Diagram values('PM36-82_1311','PM36-20080500','82-26','E90N 330i   Driver utility set','');
insert into Diagram values('PM36-82_1181','PM36-20080500','82-31','E90N 330i   BMW Junior Seat I-II','');
insert into Diagram values('PM36-82_1186','PM36-20080500','82-31','E90N 330i   BMW Baby Seat 0+','');
insert into Diagram values('PM36-82_1187','PM36-20080500','82-31','E90N 330i   BMW Junior Seat I-II Isofix','');
insert into Diagram values('PM36-82_1189','PM36-20080500','82-31','E90N 330i   BMW Baby Seat 0+ Isofix','');
insert into Diagram values('PM36-82_1237','PM36-20080500','82-31','E90N 330i   Dog harness','');
insert into Diagram values('PM36-82_1276','PM36-20080500','82-31','E90N 330i   BMW Junior Seat II-III','');
insert into Diagram values('PM36-82_1305','PM36-20080500','82-31','E90N 330i   BMW Junior Seat III','');
insert into Diagram values('PM36-82_1198','PM36-20080500','82-44','E90N 330i   Cover','');
insert into Diagram values('PM36-82_1236','PM36-20080500','82-44','E90N 330i   Mud flaps','');
insert into Diagram values('PM36-82_1251','PM36-20080500','82-44','E90N 330i   Cover hood windshield/side window','');
insert into Diagram values('PM36-82_0116','PM36-20080500','82-51','E90N 330i   Universal support','');
insert into Diagram values('PM36-82_0123','PM36-20080500','82-51','E90N 330i   RACK FOR RACING BICYCLE','');
insert into Diagram values('PM36-82_0125','PM36-20080500','82-51','E90N 330i   Bicycle lift','');
insert into Diagram values('PM36-82_0283','PM36-20080500','82-51','E90N 330i   Surfboard rack','');
insert into Diagram values('PM36-82_1157','PM36-20080500','82-51','E90N 330i   Bicycle carrier, trailer coupling','');
insert into Diagram values('PM36-82_1175','PM36-20080500','82-51','E90N 330i   Touring bicycle holder','');
insert into Diagram values('PM36-82_1178','PM36-20080500','82-51','E90N 330i   Roof box','');
insert into Diagram values('PM36-82_1230','PM36-20080500','82-51','E90N 330i   Rack support','');
insert into Diagram values('PM36-82_1234','PM36-20080500','82-51','E90N 330i   Roof box','');
insert into Diagram values('PM36-82_1244','PM36-20080500','82-51','E90N 330i   Racing bike rack','');
insert into Diagram values('PM36-82_1250','PM36-20080500','82-51','E90N 330i   Roof box','');
insert into Diagram values('PM36-82_1268','PM36-20080500','82-51','E90N 330i   Ski/snowboard holder','');
insert into Diagram values('PM36-82_1295','PM36-20080500','82-51','E90N 330i   Roof rack systems','');
insert into Diagram values('PM36-82_1364','PM36-20080500','82-51','E90N 330i   Bicycle carrier, trailer coupling','');
insert into Diagram values('PM36-82_1460','PM36-20080500','82-51','E90N 330i   Roof rack systems','');
insert into Diagram values('PM36-82_1476','PM36-20080500','82-51','E90N 330i   Roof-mounted container 320 LCI','');
insert into Diagram values('PM36-82_1551','PM36-20080500','82-51','E90N 330i   Bicycle carrier, trailer coupling','');
insert into Diagram values('PM36-82_1567','PM36-20080500','82-51','E90N 330i   Bicycle carrier, trailer coupling','');
insert into Diagram values('PM36-82_1575','PM36-20080500','82-51','E90N 330i   Rear bicycle carrier, click-on','');
insert into Diagram values('PM36-82_1579','PM36-20080500','82-51','E90N 330i   Bicycle carrier, click-on','');
insert into Diagram values('PM36-82_1580','PM36-20080500','82-51','E90N 330i   Retrofit kit, Click On ECE','');
insert into Diagram values('PM36-82_1589','PM36-20080500','82-51','E90N 330i   Racing bike rack','');
insert into Diagram values('PM36-82_0102','PM36-20080500','82-81','E90N 330i   Universal hoist','');
insert into Diagram values('PM36-83_0579','PM36-20080500','83-01','E90N 330i   Rugzak','');
insert into Diagram values('PM36-83_0473','PM36-20080500','83-24','E90N 330i   Paint / Paint guard strips','');
insert into Diagram values('PM36-84_0767','PM36-20080500','84-10','E90N 330i   Starter package, cell phone Nokia 6303c','');
insert into Diagram values('PM36-84_0800','PM36-20080500','84-10','E90N 330i   ASSY COMBOX TELEMATIC ECE','');
insert into Diagram values('PM36-84_0658','PM36-20080500','84-20','E90N 330i   Single parts, SA 644 center console','');
insert into Diagram values('PM36-84_0670','PM36-20080500','84-20','E90N 330i   Single parts opt. Option 644/6FL trunk','');
insert into Diagram values('PM36-84_0673','PM36-20080500','84-20','E90N 330i   Single parts, SA 633, center console','');
insert into Diagram values('PM36-84_0689','PM36-20080500','84-20','E90N 330i   Single parts SA 633, trunk','');
insert into Diagram values('PM36-84_0758','PM36-20080500','84-20','E90N 330i   Single parts, option 6NF center console','');
insert into Diagram values('PM36-84_0657','PM36-20080500','84-30','E90N 330i   Single parts f hands-free facility','');
insert into Diagram values('PM36-84_0763','PM36-20080500','84-30','E90N 330i   Snap-in adapter, SAP','');
insert into Diagram values('PM36-84_0639','PM36-20080500','84-95','E90N 330i   Bluetooth SA644 hands-free retrofit kit','');
insert into Diagram values('PM36-84_0730','PM36-20080500','84-95','E90N 330i   Stolen Vehicle Tracking - TPA','');
insert into Diagram values('PM36-84_0732','PM36-20080500','84-95','E90N 330i   Upgrade kit hands-free Bluetooth OPT644','');
insert into Diagram values('PM36-84_0741','PM36-20080500','84-95','E90N 330i   Base hands-free system with Bluetooth','');
insert into Diagram values('PM36-84_0778','PM36-20080500','84-95','E90N 330i   BMW Bluetooth headset','');
insert into Diagram values('PM36-84_0867','PM36-20080500','84-95','E90N 330i   BMW Car Hotspot','');
insert into Diagram values('PM36-84_0895','PM36-20080500','84-95','E90N 330i   BMW station fr Apple iPhone','');
insert into Diagram values('PM36-84_0897','PM36-20080500','84-95','E90N 330i   Snap-in adapter for Apple devices','');
insert into Diagram values('PM36-84_0904','PM36-20080500','84-95','E90N 330i   Retrofit kit, voice input','');
insert into Diagram values('PM36-84_0906','PM36-20080500','84-95','E90N 330i   Snap-in adapter, SONY ERICSSON devices','');
insert into Diagram values('PM36-84_0907','PM36-20080500','84-95','E90N 330i   Snap-in adapter for NOKIA devices','');
insert into Diagram values('PM36-84_0908','PM36-20080500','84-95','E90N 330i   Snap-in adapter for SIEMENS devices','');
insert into Diagram values('PM36-84_0909','PM36-20080500','84-95','E90N 330i   Snap-in adapter for MOTOROLA devices','');
insert into Diagram values('PM36-84_0910','PM36-20080500','84-95','E90N 330i   Snap-in adapter, BlackBerry/RIM devices','');
insert into Diagram values('PM36-84_0911','PM36-20080500','84-95','E90N 330i   Field installation of BMW Apps','');
insert into Diagram values('PM36-84_0930','PM36-20080500','84-95','E90N 330i   Smartphone cradle','');
insert into Diagram values('PM36-84_0931','PM36-20080500','84-95','E90N 330i   BMW Car Hotspot LTE','');
insert into Diagram values('PM36-84_0933','PM36-20080500','84-95','E90N 330i   Snap-in adapter for SAMSUNG devices','');
insert into Diagram values('PM36-85_0002','PM36-20080500','85-45','E90N 330i   Winter tires','');
insert into Diagram values('PM36-85_0051','PM36-20080500','85-45','E90N 330i   Summer tires','');
insert into Diagram values('PM36-88_0052','PM36-20080500','88-80','E90N 330i   Emergency bag','');
insert into Diagram values('PM36-88_0064','PM36-20080500','88-80','E90N 330i   Fluid-change kit, autom. transmission','');
insert into Diagram values('PM36-91_0813','PM36-20080500','91-10','E90N 330i   Individual shift lever cover','');
insert into Diagram values('PM36-91_0814','PM36-20080500','91-12','E90N 330i   Individual selector lever boots','');
insert into Diagram values('PM36-91_0815','PM36-20080500','91-15','E90N 330i   Individual parking brake lever boot','');
insert into DiagramParts values('PM36-91_0763-32307969989', 'PM36-91_0763', 01, 'Sports st.-wheel,leather/wd.ring,multif.', 'ROTBRAUN', 1, to_date('20080901','YYYYMMDD'), to_date('20090901','YYYYMMDD'), '32307969989', '', 'ENDED, See NoS No Stock', false);
insert into DiagramParts values('PM36-91_0763-32307973716', 'PM36-91_0763', 01, 'Sports st.-wheel,leather/wd.ring,multif.', 'ANTHRAZIT', 1, to_date('20080901','YYYYMMDD'), to_date('20090901','YYYYMMDD'), '32307973716', '', 'ENDED, See NoS No Stock', false);
insert into DiagramParts values('PM36-91_0763-32307973720', 'PM36-91_0763', 01, 'Sports st.-wheel,leather/wd.ring,multif.', 'ROTBRAUN', 1, to_date('20080901','YYYYMMDD'), to_date('20090901','YYYYMMDD'), '32307973720', '', 'ENDED, See NoS No Stock', false);
insert into DiagramParts values('PM36-91_0763-32307973714', 'PM36-91_0763', 01, 'Sports st.-wheel,leather/wd.ring,multif.', 'ANTHRAZIT', 1, to_date('20080901','YYYYMMDD'), to_date('20090901','YYYYMMDD'), '32307973714', '', 'ENDED, See NoS No Stock', false);
insert into DiagramParts values('PM36-91_0763-32307973718', 'PM36-91_0763', 01, 'Sports st.-wheel,leather/wd.ring,multif.', 'ROTBRAUN', 1, to_date('20080901','YYYYMMDD'), to_date('20090901','YYYYMMDD'), '32307973718', '', 'ENDED, See NoS No Stock', false);
insert into DiagramParts values('PM36-91_0763-32307962217', 'PM36-91_0763', 02, 'Cover, multi-funct.steering wheel', 'SCHWARZ', 1, to_date('20050901','YYYYMMDD'), to_date('20090301','YYYYMMDD'), '32307962217', '', 'ENDED, See NoS No Stock', false);
insert into DiagramParts values('PM36-91_0763-32307841586', 'PM36-91_0763', 02, 'Cover, multi-funct.steering wheel', 'SCHWARZ', 1, to_date('20050901','YYYYMMDD'), to_date('20101101','YYYYMMDD'), '32307841586', '', 'ENDED, See NoS No Stock', false);
insert into Diagram values('PM36-91_0763','PM36-20080500','91-17','E90N 330i   Ind.sports st.-wheel,leather w/wdn. ring','');
insert into DiagramParts values('PM36-91_0868-32307962217', 'PM36-91_0868', 02, 'Cover, multi-funct.steering wheel', 'SCHWARZ', 1, to_date('20050901','YYYYMMDD'), to_date('20090301','YYYYMMDD'), '32307962217', '', 'ENDED, See NoS No Stock', false);
insert into DiagramParts values('PM36-91_0868-32307841586', 'PM36-91_0868', 02, 'Cover, multi-funct.steering wheel', 'SCHWARZ', 1, to_date('20050901','YYYYMMDD'), to_date('20101101','YYYYMMDD'), '32307841586', '', 'ENDED, See NoS No Stock', false);
insert into Diagram values('PM36-91_0868','PM36-20080500','91-17','E90N 330i   Indi. Sport STWH, leather w. leather rim','');
insert into DiagramParts values('PM36-91_1106-32307976951', 'PM36-91_1106', 01, 'Sport st. wheel, lthr, bicolor, multif.', 'INDIVIDUAL', 1, to_date('20090301','YYYYMMDD'), to_date('20100201','YYYYMMDD'), '32307976951', '', 'See NoS No Stock', false);
insert into Diagram values('PM36-91_1106','PM36-20080500','91-17','E90N 330i   Indi. Sport st. wheel, leather, bicolor','');
insert into Diagram values('PM36-91_0816','PM36-20080500','91-30','E90N 330i   Individual cup holder, soft paint','');
insert into Diagram values('PM36-91_0818','PM36-20080500','91-30','E90N 330i   Individual cover RF key insert','');
insert into Diagram values('PM36-91_0819','PM36-20080500','91-30','E90N 330i   Individual trim, light operating unit','');
insert into Diagram values('PM36-91_0820','PM36-20080500','91-30','E90N 330i   Individual trim panel, auto, climate','');
insert into Diagram values('PM36-91_0869','PM36-20080500','91-30','E90N 330i   Individual instrument panel, leather','');
insert into Diagram values('PM36-91_0875','PM36-20080500','91-30','E90N 330i   Individual folding storage, instr. panel','');
insert into Diagram values('PM36-91_0876','PM36-20080500','91-30','E90N 330i   Individual glove compartment, leather','');
insert into Diagram values('PM36-91_0930','PM36-20080500','91-30','E90N 330i   Individual trim cover MASK / CCC','');
insert into Diagram values('PM36-91_0872','PM36-20080500','91-35','E90N 330i   Individual center console','');
insert into Diagram values('PM36-91_0873','PM36-20080500','91-35','E90N 330i   Individual armrest, center console','');
insert into Diagram values('PM36-91_0874','PM36-20080500','91-35','E90N 330i   Individual center console covers, rear','');
insert into Diagram values('PM36-91_1025','PM36-20080500','91-40','E90N 330i   Individual wood trim covers','');
insert into Diagram values('PM36-91_0824','PM36-20080500','91-45','E90N 330i   Indiv.front door trim panel,part.leather','');
insert into Diagram values('PM36-91_0826','PM36-20080500','91-45','E90N 330i   Indi. clip for door handle, inside front','');
insert into Diagram values('PM36-91_0827','PM36-20080500','91-45','E90N 330i   Indiv. clip for door handle, inside rear','');
insert into Diagram values('PM36-91_0828','PM36-20080500','91-45','E90N 330i   Indi. door trim, all-leather, front','');
insert into Diagram values('PM36-91_0829','PM36-20080500','91-45','E90N 330i   Indi. door trim, all-leather, rear','');
insert into Diagram values('PM36-91_0830','PM36-20080500','91-45','E90N 330i   Indiv. rear door trim panel,part.leather','');
insert into Diagram values('PM36-91_1007','PM36-20080500','91-45','E90N 330i   Indi. door panel, leathr trim, front, LC','');
insert into Diagram values('PM36-91_1008','PM36-20080500','91-45','E90N 330i   Indi. door trim, part leather, rear, LC','');
insert into Diagram values('PM36-91_0890','PM36-20080500','91-57','E90N 330i   Individual floor mats, Leather border','');
insert into Diagram values('PM36-91_0722','PM36-20080500','91-60','E90N 330i   Indiv.cover, basic seat, front','');
insert into Diagram values('PM36-91_0734','PM36-20080500','91-60','E90N 330i   Individual sports seat cover, front','');
insert into Diagram values('PM36-91_0736','PM36-20080500','91-60','E90N 330i   Individ. rear panel Basic /Sports seat','');
insert into Diagram values('PM36-91_0998','PM36-20080500','91-60','E90N 330i   Individual uphols, base seat, front, LC','');
insert into Diagram values('PM36-91_0999','PM36-20080500','91-60','E90N 330i   Individual cover, Sport seat, front LC','');
insert into Diagram values('PM36-91_0737','PM36-20080500','91-65','E90N 330i   Indiv.cover basic seat, rear','');
insert into Diagram values('PM36-91_0738','PM36-20080500','91-65','E90N 330i   Individual sports seat cover, rear','');
insert into Diagram values('PM36-91_0739','PM36-20080500','91-65','E90N 330i   Ind.through-loading sys. rear basic seat','');
insert into Diagram values('PM36-91_0740','PM36-20080500','91-65','E90N 330i   Individual Loadthrough Sport seat, rear','');
insert into Diagram values('PM36-91_1000','PM36-20080500','91-65','E90N 330i   Indiv. cover for seat, rear, LC','');
insert into Diagram values('PM36-91_1001','PM36-20080500','91-65','E90N 330i   Indiv. load-through for seat, rear, LC','');
insert into Diagram values('PM36-91_0987','PM36-20080500','91-70','E90N 330i   Indi. head restraint CAK base seat front','');
insert into Diagram values('PM36-91_0988','PM36-20080500','91-70','E90N 330i   Indi. hd. restraint CAK Sport seat front','');
insert into Diagram values('PM36-91_1002','PM36-20080500','91-70','E90N 330i   Individual head restraint CAK front, LC','');
insert into Diagram values('PM36-91_0752','PM36-20080500','91-75','E90N 330i   Indv. headrest, basic seat, rear','');
insert into Diagram values('PM36-91_0753','PM36-20080500','91-75','E90N 330i   Ind. headrest, sports seat, rear','');
insert into Diagram values('PM36-91_0754','PM36-20080500','91-75','E90N 330i   Indi. folding headrest, base kit, rear','');
insert into Diagram values('PM36-91_0755','PM36-20080500','91-75','E90N 330i   Indi. folding headrest, Sport seat, rear','');
insert into Diagram values('PM36-91_0756','PM36-20080500','91-75','E90N 330i   Individual folding headrests,center rear','');
insert into Diagram values('PM36-91_1004','PM36-20080500','91-75','E90N 330i   Indi. fold headrest, rear, center, LC','');
insert into Diagram values('PM36-91_1005','PM36-20080500','91-75','E90N 330i   Indi. headrest, rear lateral, LC','');
insert into Diagram values('PM36-91_1006','PM36-20080500','91-75','E90N 330i   Indi. fold headrest, rear side LC','');
insert into Diagram values('PM36-91_0741','PM36-20080500','91-80','E90N 330i   Individual armrest, rear','');
insert into ProdCodeDate values('PM36-20080500','PM36',to_date('20080501','YYYYMMDD'));
insert into ProdCodeDate values('PM11-20080500','PM11',to_date('20080501','YYYYMMDD'));
insert into ProdCodeDate values('PM11-20080500','PM11',to_date('20080501','YYYYMMDD'));
insert into ProdCodeDate values('PM36-20080600','PM36',to_date('20080601','YYYYMMDD'));
insert into ProdCodeDate values('PM36-20080600','PM36',to_date('20080601','YYYYMMDD'));
insert into ProdCodeDate values('PM11-20080600','PM11',to_date('20080601','YYYYMMDD'));
insert into ProdCode values('PM12','330i','Lim','E90N','ECE','N53','R','06/2008 E90N 330i Sedan N53 Europe Right hand drive ');
insert into ProdCodeDate values('PM12-20080600','PM12',to_date('20080601','YYYYMMDD'));
insert into DiagramParts values('PM12-01_0656-01492604891', 'PM12-01_0656', 01, 'Supplement to owner&apos;s manual, police', 'DE/EN, E90/E91', 1, to_date('20100301','YYYYMMDD'), to_date('20100901','YYYYMMDD'), '01492604891', '', '', false);
insert into DiagramParts values('PM12-01_0656-01402609937', 'PM12-01_0656', 01, 'Supplement to owner&apos;s manual, police', 'E90/E91, DE/EN', 1, to_date('20100901','YYYYMMDD'), to_date('20110901','YYYYMMDD'), '01402609937', '', '', false);
insert into Diagram values('PM12-01_0656','PM12-20080600','01-05','E90N 330i   Supplement to owner&apos;s manual, police','');
insert into DiagramParts values('PM12-01_0657-01492604892', 'PM12-01_0657', 01, 'Suppl. Owner&apos;s Manual officials utility', 'DE/EN, E90/E91', 1, to_date('20100301','YYYYMMDD'), to_date('20100901','YYYYMMDD'), '01492604892', '', '', false);
insert into Diagram values('PM12-01_0657','PM12-20080600','01-05','E90N 330i   Suppl. Owner&apos;s Manual officials utility','');
insert into DiagramParts values('PM12-01_0691-01402601792', 'PM12-01_0691', 01, 'Owner&apos;s manual E90, E91 w/o iDrive', 'DE, MJ 2009', 1, to_date('20090301','YYYYMMDD'), to_date('20090901','YYYYMMDD'), '01402601792', '', '', false);
insert into DiagramParts values('PM12-01_0691-01402602960', 'PM12-01_0691', 01, 'Owner&apos;s manual E90, E91 w/o iDrive', 'DE, MJ 2010', 1, to_date('20090901','YYYYMMDD'), to_date('20100301','YYYYMMDD'), '01402602960', '', '', false);
insert into DiagramParts values('PM12-01_0691-01402604233', 'PM12-01_0691', 01, 'Owner&apos;s manual E90, E91 w/o iDrive', 'DE, MJ 2010', 1, to_date('20100301','YYYYMMDD'), to_date('20100901','YYYYMMDD'), '01402604233', '', '', false);
insert into DiagramParts values('PM12-01_0691-01402605465', 'PM12-01_0691', 01, 'Owner&apos;s manual E90, E91 w/o iDrive', 'DE, MJ 2011', 1, to_date('20100901','YYYYMMDD'), to_date('20110301','YYYYMMDD'), '01402605465', '', '', false);
insert into DiagramParts values('PM12-01_0691-01402606907', 'PM12-01_0691', 01, 'Owner&apos;s manual E90, E91 w/o iDrive', 'DE, MJ 2011', 1, to_date('20110301','YYYYMMDD'), to_date('20110901','YYYYMMDD'), '01402606907', '', '', false);
insert into DiagramParts values('PM12-01_0691-01412600871', 'PM12-01_0691', 02, 'Owner&apos;s manual E90, E91 w/o iDrive', 'EN, MJ 2009', 1, to_date('20080901','YYYYMMDD'), to_date('20090301','YYYYMMDD'), '01412600871', '', '', false);
insert into DiagramParts values('PM12-01_0691-01412601793', 'PM12-01_0691', 02, 'Owner&apos;s manual E90, E91 w/o iDrive', 'EN, MJ 2009', 1, to_date('20090301','YYYYMMDD'), to_date('20090901','YYYYMMDD'), '01412601793', '', '', false);
insert into DiagramParts values('PM12-01_0691-01412602961', 'PM12-01_0691', 02, 'Owner&apos;s manual E90, E91 w/o iDrive', 'EN, MJ 2010', 1, to_date('20090901','YYYYMMDD'), to_date('20100301','YYYYMMDD'), '01412602961', '', '', false);
insert into DiagramParts values('PM12-01_0691-01412604234', 'PM12-01_0691', 02, 'Owner&apos;s manual E90, E91 w/o iDrive', 'EN, MJ 2010', 1, to_date('20100301','YYYYMMDD'), to_date('20100901','YYYYMMDD'), '01412604234', '', '', false);
insert into DiagramParts values('PM12-01_0691-01402605466', 'PM12-01_0691', 02, 'Owner&apos;s manual E90, E91 w/o iDrive', 'EN, MJ 2011', 1, to_date('20100901','YYYYMMDD'), to_date('20110301','YYYYMMDD'), '01402605466', '', '', false);
insert into DiagramParts values('PM12-01_0691-01402606908', 'PM12-01_0691', 02, 'Owner&apos;s manual E90, E91 w/o iDrive', 'EN, MJ 2011', 1, to_date('20110301','YYYYMMDD'), to_date('20110901','YYYYMMDD'), '01402606908', '', '', false);
insert into DiagramParts values('PM12-01_0691-01422600872', 'PM12-01_0691', 03, 'Owner&apos;s manual E90, E91 w/o iDrive', 'FR, MJ 2009', 1, to_date('20080901','YYYYMMDD'), to_date('20090301','YYYYMMDD'), '01422600872', '', '', false);
insert into DiagramParts values('PM12-01_0691-01422601794', 'PM12-01_0691', 03, 'Owner&apos;s manual E90, E91 w/o iDrive', 'FR, MJ2009', 1, to_date('20090301','YYYYMMDD'), to_date('20090901','YYYYMMDD'), '01422601794', '', '', false);
insert into DiagramParts values('PM12-01_0691-01422602962', 'PM12-01_0691', 03, 'Owner&apos;s manual E90, E91 w/o iDrive', 'FR, MJ 2010', 1, to_date('20090901','YYYYMMDD'), to_date('20100301','YYYYMMDD'), '01422602962', '', '', false);
insert into DiagramParts values('PM12-01_0691-01422604235', 'PM12-01_0691', 03, 'Owner&apos;s manual E90, E91 w/o iDrive', 'FR, MJ 2010', 1, to_date('20100301','YYYYMMDD'), to_date('20100901','YYYYMMDD'), '01422604235', '', '', false);
insert into DiagramParts values('PM12-01_0691-01402605467', 'PM12-01_0691', 03, 'Owner&apos;s manual E90, E91 w/o iDrive', 'FR, MJ 2011', 1, to_date('20100901','YYYYMMDD'), to_date('20110301','YYYYMMDD'), '01402605467', '', '', false);
insert into DiagramParts values('PM12-01_0691-01402606909', 'PM12-01_0691', 03, 'Owner&apos;s manual E90, E91 w/o iDrive', 'FR, MJ 2011', 1, to_date('20110301','YYYYMMDD'), to_date('20110901','YYYYMMDD'), '01402606909', '', '', false);
insert into DiagramParts values('PM12-01_0691-01432600873', 'PM12-01_0691', 04, 'Owner&apos;s manual E90, E91 w/o iDrive', 'ES, MJ 2009', 1, to_date('20080901','YYYYMMDD'), to_date('20090301','YYYYMMDD'), '01432600873', '', '', false);
insert into DiagramParts values('PM12-01_0691-01432601795', 'PM12-01_0691', 04, 'Owner&apos;s manual E90, E91 w/o iDrive', 'ES, MJ 2009', 1, to_date('20090301','YYYYMMDD'), to_date('20090901','YYYYMMDD'), '01432601795', '', '', false);
insert into DiagramParts values('PM12-01_0691-01432602963', 'PM12-01_0691', 04, 'Owner&apos;s manual E90, E91 w/o iDrive', 'ES, MJ 2010', 1, to_date('20090901','YYYYMMDD'), to_date('20100301','YYYYMMDD'), '01432602963', '', '', false);
insert into DiagramParts values('PM12-01_0691-01432604236', 'PM12-01_0691', 04, 'Owner&apos;s manual E90, E91 w/o iDrive', 'ES, MJ 2010', 1, to_date('20100301','YYYYMMDD'), to_date('20100901','YYYYMMDD'), '01432604236', '', '', false);
insert into DiagramParts values('PM12-01_0691-01402605468', 'PM12-01_0691', 04, 'Owner&apos;s manual E90, E91 w/o iDrive', 'ES, MJ 2011', 1, to_date('20100901','YYYYMMDD'), to_date('20110301','YYYYMMDD'), '01402605468', '', '', false);
insert into DiagramParts values('PM12-01_0691-01402606910', 'PM12-01_0691', 04, 'Owner&apos;s manual E90, E91 w/o iDrive', 'ES, MJ 2011', 1, to_date('20110301','YYYYMMDD'), to_date('20110901','YYYYMMDD'), '01402606910', '', '', false);
insert into DiagramParts values('PM12-01_0691-01442600874', 'PM12-01_0691', 05, 'Owner&apos;s manual E90, E91 w/o iDrive', 'IT, MJ 2009', 1, to_date('20080901','YYYYMMDD'), to_date('20090301','YYYYMMDD'), '01442600874', '', '', false);
insert into DiagramParts values('PM12-01_0691-01442601796', 'PM12-01_0691', 05, 'Owner&apos;s manual E90, E91 w/o iDrive', 'IT, MJ 2009', 1, to_date('20090301','YYYYMMDD'), to_date('20090901','YYYYMMDD'), '01442601796', '', '', false);
insert into DiagramParts values('PM12-01_0691-01442602964', 'PM12-01_0691', 05, 'Owner&apos;s manual E90, E91 w/o iDrive', 'IT, MJ 2010', 1, to_date('20090901','YYYYMMDD'), to_date('20100301','YYYYMMDD'), '01442602964', '', '', false);
insert into DiagramParts values('PM12-01_0691-01442604237', 'PM12-01_0691', 05, 'Owner&apos;s manual E90, E91 w/o iDrive', 'IT, MJ 2010', 1, to_date('20100301','YYYYMMDD'), to_date('20100901','YYYYMMDD'), '01442604237', '', '', false);
insert into DiagramParts values('PM12-01_0691-01402605469', 'PM12-01_0691', 05, 'Owner&apos;s manual E90, E91 w/o iDrive', 'IT, MJ 2011', 1, to_date('20100901','YYYYMMDD'), to_date('20110301','YYYYMMDD'), '01402605469', '', '', false);
insert into DiagramParts values('PM12-01_0691-01402606911', 'PM12-01_0691', 05, 'Owner&apos;s manual E90, E91 w/o iDrive', 'IT, MJ 2011', 1, to_date('20110301','YYYYMMDD'), to_date('20110901','YYYYMMDD'), '01402606911', '', '', false);
insert into DiagramParts values('PM12-01_0691-01452600875', 'PM12-01_0691', 06, 'Owner&apos;s manual E90, E91 w/o iDrive', 'SV, MJ 2009', 1, to_date('20080901','YYYYMMDD'), to_date('20090301','YYYYMMDD'), '01452600875', '', '', false);
insert into DiagramParts values('PM12-01_0691-01452601797', 'PM12-01_0691', 06, 'Owner&apos;s manual E90, E91 w/o iDrive', 'SV, MJ 2009', 1, to_date('20090301','YYYYMMDD'), to_date('20090901','YYYYMMDD'), '01452601797', '', '', false);
insert into DiagramParts values('PM12-01_0691-01452602965', 'PM12-01_0691', 06, 'Owner&apos;s manual E90, E91 w/o iDrive', 'SV, MJ 2010', 1, to_date('20090901','YYYYMMDD'), to_date('20100301','YYYYMMDD'), '01452602965', '', '', false);
insert into DiagramParts values('PM12-01_0691-01452604238', 'PM12-01_0691', 06, 'Owner&apos;s manual E90, E91 w/o iDrive', 'SV, MJ 2010', 1, to_date('20100301','YYYYMMDD'), to_date('20100901','YYYYMMDD'), '01452604238', '', '', false);
insert into DiagramParts values('PM12-01_0691-01402605470', 'PM12-01_0691', 06, 'Owner&apos;s manual E90, E91 w/o iDrive', 'SV, MJ 2011', 1, to_date('20100901','YYYYMMDD'), to_date('20110301','YYYYMMDD'), '01402605470', '', '', false);
insert into DiagramParts values('PM12-01_0691-01402606912', 'PM12-01_0691', 06, 'Owner&apos;s manual E90, E91 w/o iDrive', 'SV, MJ 2011', 1, to_date('20110301','YYYYMMDD'), to_date('20110901','YYYYMMDD'), '01402606912', '', '', false);
insert into DiagramParts values('PM12-01_0691-01462600876', 'PM12-01_0691', 07, 'Owner&apos;s manual E90, E91 w/o iDrive', 'NL, MJ 2009', 1, to_date('20080901','YYYYMMDD'), to_date('20090301','YYYYMMDD'), '01462600876', '', '', false);
insert into DiagramParts values('PM12-01_0691-01462601798', 'PM12-01_0691', 07, 'Owner&apos;s manual E90, E91 w/o iDrive', 'NL, MJ 2009', 1, to_date('20090301','YYYYMMDD'), to_date('20090901','YYYYMMDD'), '01462601798', '', '', false);
insert into DiagramParts values('PM12-01_0691-01462602966', 'PM12-01_0691', 07, 'Owner&apos;s manual E90, E91 w/o iDrive', 'NL, MJ 2010', 1, to_date('20090901','YYYYMMDD'), to_date('20100301','YYYYMMDD'), '01462602966', '', '', false);
insert into DiagramParts values('PM12-01_0691-01462604239', 'PM12-01_0691', 07, 'Owner&apos;s manual E90, E91 w/o iDrive', 'NL, MJ 2010', 1, to_date('20100301','YYYYMMDD'), to_date('20100901','YYYYMMDD'), '01462604239', '', '', false);
insert into DiagramParts values('PM12-01_0691-01402605471', 'PM12-01_0691', 07, 'Owner&apos;s manual E90, E91 w/o iDrive', 'NL, MJ 2011', 1, to_date('20100901','YYYYMMDD'), to_date('20110301','YYYYMMDD'), '01402605471', '', '', false);
insert into DiagramParts values('PM12-01_0691-01402606913', 'PM12-01_0691', 07, 'Owner&apos;s manual E90, E91 w/o iDrive', 'NL, MJ 2011', 1, to_date('20110301','YYYYMMDD'), to_date('20110901','YYYYMMDD'), '01402606913', '', '', false);
insert into DiagramParts values('PM12-01_0691-01472600877', 'PM12-01_0691', 08, 'Owner&apos;s manual E90, E91 w/o iDrive', 'AR, MJ 2009', 1, to_date('20080901','YYYYMMDD'), to_date('20090301','YYYYMMDD'), '01472600877', '', '', false);
insert into DiagramParts values('PM12-01_0691-01472601799', 'PM12-01_0691', 08, 'Owner&apos;s manual E90, E91 w/o iDrive', 'AR, MJ 2009', 1, to_date('20090301','YYYYMMDD'), to_date('20090901','YYYYMMDD'), '01472601799', '', '', false);
insert into DiagramParts values('PM12-01_0691-01472602967', 'PM12-01_0691', 08, 'Owner&apos;s manual E90, E91 w/o iDrive', 'AR, MJ 2010', 1, to_date('20090901','YYYYMMDD'), to_date('20100301','YYYYMMDD'), '01472602967', '', '', false);
insert into DiagramParts values('PM12-01_0691-01472604240', 'PM12-01_0691', 08, 'Owner&apos;s manual E90, E91 w/o iDrive', 'AR, MJ 2010', 1, to_date('20100301','YYYYMMDD'), to_date('20100901','YYYYMMDD'), '01472604240', '', '', false);
insert into DiagramParts values('PM12-01_0691-01402605472', 'PM12-01_0691', 08, 'Owner&apos;s manual E90, E91 w/o iDrive', 'AR, MJ 2011', 1, to_date('20100901','YYYYMMDD'), to_date('20110301','YYYYMMDD'), '01402605472', '', '', false);
insert into DiagramParts values('PM12-01_0691-01402606914', 'PM12-01_0691', 08, 'Owner&apos;s manual E90, E91 w/o iDrive', 'AR, MJ 2011', 1, to_date('20110301','YYYYMMDD'), to_date('20110901','YYYYMMDD'), '01402606914', '', '', false);
insert into DiagramParts values('PM12-01_0691-01482600878', 'PM12-01_0691', 09, 'Owner&apos;s manual E90, E91 w/o iDrive', 'DA, MJ 2009', 1, to_date('20080901','YYYYMMDD'), to_date('20090301','YYYYMMDD'), '01482600878', '', '', false);
insert into DiagramParts values('PM12-01_0691-01482601800', 'PM12-01_0691', 09, 'Owner&apos;s manual E90, E91 w/o iDrive', 'DA, MJ 2009', 1, to_date('20090301','YYYYMMDD'), to_date('20090901','YYYYMMDD'), '01482601800', '', '', false);
insert into DiagramParts values('PM12-01_0691-01482602968', 'PM12-01_0691', 09, 'Owner&apos;s manual E90, E91 w/o iDrive', 'DA, MJ 2010', 1, to_date('20090901','YYYYMMDD'), to_date('20100301','YYYYMMDD'), '01482602968', '', '', false);
insert into DiagramParts values('PM12-01_0691-01482604241', 'PM12-01_0691', 09, 'Owner&apos;s manual E90, E91 w/o iDrive', 'DA, MJ 2010', 1, to_date('20100301','YYYYMMDD'), to_date('20100901','YYYYMMDD'), '01482604241', '', '', false);
insert into DiagramParts values('PM12-01_0691-01402605473', 'PM12-01_0691', 09, 'Owner&apos;s manual E90, E91 w/o iDrive', 'DA, MJ 2011', 1, to_date('20100901','YYYYMMDD'), to_date('20110301','YYYYMMDD'), '01402605473', '', '', false);
insert into DiagramParts values('PM12-01_0691-01402606915', 'PM12-01_0691', 09, 'Owner&apos;s manual E90, E91 w/o iDrive', 'DA, MJ 2011', 1, to_date('20110301','YYYYMMDD'), to_date('20110901','YYYYMMDD'), '01402606915', '', '', false);
insert into DiagramParts values('PM12-01_0691-01492600879', 'PM12-01_0691', 10, 'Owner&apos;s manual E90, E91 w/o iDrive', 'PT, MJ 2009', 1, to_date('20080901','YYYYMMDD'), to_date('20090301','YYYYMMDD'), '01492600879', '', '', false);
insert into DiagramParts values('PM12-01_0691-01492601801', 'PM12-01_0691', 10, 'Owner&apos;s manual E90, E91 w/o iDrive', 'PT, MJ 2009', 1, to_date('20090301','YYYYMMDD'), to_date('20090901','YYYYMMDD'), '01492601801', '', '', false);
insert into DiagramParts values('PM12-01_0691-01492602969', 'PM12-01_0691', 10, 'Owner&apos;s manual E90, E91 w/o iDrive', 'PT, MJ 2010', 1, to_date('20090901','YYYYMMDD'), to_date('20100301','YYYYMMDD'), '01492602969', '', '', false);
insert into DiagramParts values('PM12-01_0691-01492604242', 'PM12-01_0691', 10, 'Owner&apos;s manual E90, E91 w/o iDrive', 'PT, MJ 2010', 1, to_date('20100301','YYYYMMDD'), to_date('20100901','YYYYMMDD'), '01492604242', '', '', false);
insert into DiagramParts values('PM12-01_0691-01402605474', 'PM12-01_0691', 10, 'Owner&apos;s manual E90, E91 w/o iDrive', 'PT, MJ 2011', 1, to_date('20100901','YYYYMMDD'), to_date('20110301','YYYYMMDD'), '01402605474', '', '', false);
insert into DiagramParts values('PM12-01_0691-01402606916', 'PM12-01_0691', 10, 'Owner&apos;s manual E90, E91 w/o iDrive', 'PT, MJ 2011', 1, to_date('20110301','YYYYMMDD'), to_date('20110901','YYYYMMDD'), '01402606916', '', '', false);
insert into DiagramParts values('PM12-01_0691-01492600881', 'PM12-01_0691', 13, 'Owner&apos;s manual E90, E91 w/o iDrive', 'EL, MJ 2009', 1, to_date('20080901','YYYYMMDD'), to_date('20090301','YYYYMMDD'), '01492600881', '', '', false);
insert into DiagramParts values('PM12-01_0691-01492601803', 'PM12-01_0691', 13, 'Owner&apos;s manual E90, E91 w/o iDrive', 'EL, MJ 2009', 1, to_date('20090301','YYYYMMDD'), to_date('20090901','YYYYMMDD'), '01492601803', '', '', false);
insert into DiagramParts values('PM12-01_0691-01492602971', 'PM12-01_0691', 13, 'Owner&apos;s manual E90, E91 w/o iDrive', 'EL, MJ 2010', 1, to_date('20090901','YYYYMMDD'), to_date('20100301','YYYYMMDD'), '01492602971', '', '', false);
insert into DiagramParts values('PM12-01_0691-01492604244', 'PM12-01_0691', 13, 'Owner&apos;s manual E90, E91 w/o iDrive', 'EL, MJ 2010', 1, to_date('20100301','YYYYMMDD'), to_date('20100901','YYYYMMDD'), '01492604244', '', '', false);
insert into DiagramParts values('PM12-01_0691-01402605476', 'PM12-01_0691', 13, 'Owner&apos;s manual E90, E91 w/o iDrive', 'EL, MJ 2011', 1, to_date('20100901','YYYYMMDD'), to_date('20110301','YYYYMMDD'), '01402605476', '', '', false);
insert into DiagramParts values('PM12-01_0691-01402606918', 'PM12-01_0691', 13, 'Owner&apos;s manual E90, E91 w/o iDrive', 'EL, MJ 2011', 1, to_date('20110301','YYYYMMDD'), to_date('20110901','YYYYMMDD'), '01402606918', '', '', false);
insert into DiagramParts values('PM12-01_0691-01492600880', 'PM12-01_0691', 14, 'Owner&apos;s manual E90, E91 w/o iDrive', 'ZH, MJ 2009', 1, to_date('20080901','YYYYMMDD'), to_date('20090301','YYYYMMDD'), '01492600880', '', '', false);
insert into DiagramParts values('PM12-01_0691-01492601802', 'PM12-01_0691', 14, 'Owner&apos;s manual E90, E91 w/o iDrive', 'ZH, MJ 2009', 1, to_date('20090301','YYYYMMDD'), to_date('20090901','YYYYMMDD'), '01492601802', '', '', false);
insert into DiagramParts values('PM12-01_0691-01492602970', 'PM12-01_0691', 14, 'Owner&apos;s manual E90, E91 w/o iDrive', 'ZH, MJ 2010', 1, to_date('20090901','YYYYMMDD'), to_date('20100301','YYYYMMDD'), '01492602970', '', '', false);
insert into DiagramParts values('PM12-01_0691-01492604243', 'PM12-01_0691', 14, 'Owner&apos;s manual E90, E91 w/o iDrive', 'ZH, MJ 2010', 1, to_date('20100301','YYYYMMDD'), to_date('20100901','YYYYMMDD'), '01492604243', '', '', false);
insert into DiagramParts values('PM12-01_0691-01402605475', 'PM12-01_0691', 14, 'Owner&apos;s manual E90, E91 w/o iDrive', 'ZH, MJ 2011', 1, to_date('20100901','YYYYMMDD'), to_date('20110301','YYYYMMDD'), '01402605475', '', '', false);
insert into DiagramParts values('PM12-01_0691-01402606917', 'PM12-01_0691', 14, 'Owner&apos;s manual E90, E91 w/o iDrive', 'ZH, MJ 2011', 1, to_date('20110301','YYYYMMDD'), to_date('20110901','YYYYMMDD'), '01402606917', '', '', false);
insert into DiagramParts values('PM12-01_0691-01492600882', 'PM12-01_0691', 15, 'Owner&apos;s manual E90, E91 w/o iDrive', 'KO, MJ 2009', 1, to_date('20080901','YYYYMMDD'), to_date('20090301','YYYYMMDD'), '01492600882', '', '', false);
insert into DiagramParts values('PM12-01_0691-01492601804', 'PM12-01_0691', 15, 'Owner&apos;s manual E90, E91 w/o iDrive', 'KO, MJ 2009', 1, to_date('20090301','YYYYMMDD'), to_date('20090901','YYYYMMDD'), '01492601804', '', '', false);
insert into DiagramParts values('PM12-01_0691-01492602972', 'PM12-01_0691', 15, 'Owner&apos;s manual E90, E91 w/o iDrive', 'KO, MJ 2010', 1, to_date('20090901','YYYYMMDD'), to_date('20100301','YYYYMMDD'), '01492602972', '', '', false);
insert into DiagramParts values('PM12-01_0691-01492604245', 'PM12-01_0691', 15, 'Owner&apos;s manual E90, E91 w/o iDrive', 'KO, MJ 2010', 1, to_date('20100301','YYYYMMDD'), to_date('20100901','YYYYMMDD'), '01492604245', '', '', false);
insert into DiagramParts values('PM12-01_0691-01402605477', 'PM12-01_0691', 15, 'Owner&apos;s manual E90, E91 w/o iDrive', 'KO, MJ 2011', 1, to_date('20100901','YYYYMMDD'), to_date('20110301','YYYYMMDD'), '01402605477', '', '', false);
insert into DiagramParts values('PM12-01_0691-01402606919', 'PM12-01_0691', 15, 'Owner&apos;s manual E90, E91 w/o iDrive', 'KO, MJ 2011', 1, to_date('20110301','YYYYMMDD'), to_date('20110901','YYYYMMDD'), '01402606919', '', '', false);
insert into DiagramParts values('PM12-01_0691-01492600884', 'PM12-01_0691', 16, 'Owner&apos;s manual E90, E91 w/o iDrive', 'RO, MJ 2009', 1, to_date('20080901','YYYYMMDD'), to_date('20090301','YYYYMMDD'), '01492600884', '', '', false);
insert into DiagramParts values('PM12-01_0691-01492601806', 'PM12-01_0691', 16, 'Owner&apos;s manual E90, E91 w/o iDrive', 'RO, MJ 2009', 1, to_date('20090301','YYYYMMDD'), to_date('20090901','YYYYMMDD'), '01492601806', '', '', false);
insert into DiagramParts values('PM12-01_0691-01492602974', 'PM12-01_0691', 16, 'Owner&apos;s manual E90, E91 w/o iDrive', 'RO, MJ 2010', 1, to_date('20090901','YYYYMMDD'), to_date('20100301','YYYYMMDD'), '01492602974', '', '', false);
insert into DiagramParts values('PM12-01_0691-01492604247', 'PM12-01_0691', 16, 'Owner&apos;s manual E90, E91 w/o iDrive', 'RO, MJ 2010', 1, to_date('20100301','YYYYMMDD'), to_date('20100901','YYYYMMDD'), '01492604247', '', '', false);
insert into DiagramParts values('PM12-01_0691-01402605479', 'PM12-01_0691', 16, 'Owner&apos;s manual E90, E91 w/o iDrive', 'RO, MJ 2011', 1, to_date('20100901','YYYYMMDD'), to_date('20110301','YYYYMMDD'), '01402605479', '', '', false);
insert into DiagramParts values('PM12-01_0691-01402606921', 'PM12-01_0691', 16, 'Owner&apos;s manual E90, E91 w/o iDrive', 'RO, MJ 2011', 1, to_date('20110301','YYYYMMDD'), to_date('20110901','YYYYMMDD'), '01402606921', '', '', false);
insert into DiagramParts values('PM12-01_0691-01492600883', 'PM12-01_0691', 17, 'Owner&apos;s manual E90, E91 w/o iDrive', 'RU, MJ 2009', 1, to_date('20080901','YYYYMMDD'), to_date('20090301','YYYYMMDD'), '01492600883', '', '', false);
insert into DiagramParts values('PM12-01_0691-01492601805', 'PM12-01_0691', 17, 'Owner&apos;s manual E90, E91 w/o iDrive', 'RU, MJ 2009', 1, to_date('20090301','YYYYMMDD'), to_date('20090901','YYYYMMDD'), '01492601805', '', '', false);
insert into DiagramParts values('PM12-01_0691-01492602973', 'PM12-01_0691', 17, 'Owner&apos;s manual E90, E91 w/o iDrive', 'RU, MJ 2010', 1, to_date('20090901','YYYYMMDD'), to_date('20100301','YYYYMMDD'), '01492602973', '', '', false);
insert into DiagramParts values('PM12-01_0691-01492604246', 'PM12-01_0691', 17, 'Owner&apos;s manual E90, E91 w/o iDrive', 'RU, MJ 2010', 1, to_date('20100301','YYYYMMDD'), to_date('20100901','YYYYMMDD'), '01492604246', '', '', false);
insert into DiagramParts values('PM12-01_0691-01402605478', 'PM12-01_0691', 17, 'Owner&apos;s manual E90, E91 w/o iDrive', 'RU, MJ 2011', 1, to_date('20100901','YYYYMMDD'), to_date('20110301','YYYYMMDD'), '01402605478', '', '', false);
insert into DiagramParts values('PM12-01_0691-01402606920', 'PM12-01_0691', 17, 'Owner&apos;s manual E90, E91 w/o iDrive', 'RU, MJ 2011', 1, to_date('20110301','YYYYMMDD'), to_date('20110901','YYYYMMDD'), '01402606920', '', '', false);
insert into DiagramParts values('PM12-01_0691-01492602975', 'PM12-01_0691', 18, 'Owner&apos;s manual E90, E91 w/o iDrive', 'SK, MJ 2010', 1, to_date('20090901','YYYYMMDD'), to_date('20100301','YYYYMMDD'), '01492602975', '', '', false);
insert into DiagramParts values('PM12-01_0691-01492604248', 'PM12-01_0691', 18, 'Owner&apos;s manual E90, E91 w/o iDrive', 'SK, MJ 2010', 1, to_date('20100301','YYYYMMDD'), to_date('20100901','YYYYMMDD'), '01492604248', '', '', false);
insert into DiagramParts values('PM12-01_0691-01402605480', 'PM12-01_0691', 18, 'Owner&apos;s manual E90, E91 w/o iDrive', 'SK, MJ 2011', 1, to_date('20100901','YYYYMMDD'), to_date('20110301','YYYYMMDD'), '01402605480', '', '', false);
insert into DiagramParts values('PM12-01_0691-01402606922', 'PM12-01_0691', 18, 'Owner&apos;s manual E90, E91 w/o iDrive', 'SK, MJ 2011', 1, to_date('20110301','YYYYMMDD'), to_date('20110901','YYYYMMDD'), '01402606922', '', '', false);
insert into DiagramParts values('PM12-01_0691-01492602976', 'PM12-01_0691', 19, 'Owner&apos;s manual E90, E91 w/o iDrive', 'CS, MJ 2010', 1, to_date('20090901','YYYYMMDD'), to_date('20100301','YYYYMMDD'), '01492602976', '', '', false);
insert into DiagramParts values('PM12-01_0691-01492604249', 'PM12-01_0691', 19, 'Owner&apos;s manual E90, E91 w/o iDrive', 'CS, MJ 2010', 1, to_date('20100301','YYYYMMDD'), to_date('20100901','YYYYMMDD'), '01492604249', '', '', false);
insert into DiagramParts values('PM12-01_0691-01402605481', 'PM12-01_0691', 19, 'Owner&apos;s manual E90, E91 w/o iDrive', 'CS, MJ 2011', 1, to_date('20100901','YYYYMMDD'), to_date('20110301','YYYYMMDD'), '01402605481', '', '', false);
insert into DiagramParts values('PM12-01_0691-01402606923', 'PM12-01_0691', 19, 'Owner&apos;s manual E90, E91 w/o iDrive', 'CS, MJ 2011', 1, to_date('20110301','YYYYMMDD'), to_date('20110901','YYYYMMDD'), '01402606923', '', '', false);
insert into DiagramParts values('PM12-01_0691-01402605482', 'PM12-01_0691', 20, 'Owner&apos;s manual E90, E91 w/o iDrive', 'PL, MJ 2011', 1, to_date('20100901','YYYYMMDD'), to_date('20110301','YYYYMMDD'), '01402605482', '', '', false);
insert into DiagramParts values('PM12-01_0691-01402606924', 'PM12-01_0691', 20, 'Owner&apos;s manual E90, E91 w/o iDrive', 'PL, MJ 2011', 1, to_date('20110301','YYYYMMDD'), to_date('20110901','YYYYMMDD'), '01402606924', '', '', false);
insert into DiagramParts values('PM12-01_0691-01402606925', 'PM12-01_0691', 21, 'Owner&apos;s manual E90, E91 w/o iDrive', 'HU, MJ 2011', 1, to_date('20110301','YYYYMMDD'), to_date('20110901','YYYYMMDD'), '01402606925', '', '', false);
insert into Diagram values('PM12-01_0691','PM12-20080600','01-05','E90N 330i   Owner&apos;s manual E90, E91 w/o iDrive','');
insert into DiagramParts values('PM12-01_0692-01402601809', 'PM12-01_0692', 01, 'Owner&apos;s manual, E90, E91 with iDrive', 'DE, MJ 2009', 1, to_date('20090301','YYYYMMDD'), to_date('20090901','YYYYMMDD'), '01402601809', '', '', false);
insert into DiagramParts values('PM12-01_0692-01402601916', 'PM12-01_0692', 01, 'Owner&apos;s manual, E90, E91 with iDrive', 'DE, MJ 2009', 1, to_date('20090301','YYYYMMDD'), to_date('20090901','YYYYMMDD'), '01402601916', '', '', false);
insert into DiagramParts values('PM12-01_0692-01402604565', 'PM12-01_0692', 01, 'Owner&apos;s manual, E90, E91 with iDrive', 'DE, MJ 2010', 1, to_date('20100301','YYYYMMDD'), to_date('20100901','YYYYMMDD'), '01402604565', '', '', false);
insert into DiagramParts values('PM12-01_0692-01402605542', 'PM12-01_0692', 01, 'Owner&apos;s manual, E90, E91 with iDrive', 'DE, MJ 2011', 1, to_date('20100901','YYYYMMDD'), to_date('20110301','YYYYMMDD'), '01402605542', '', '', false);
insert into DiagramParts values('PM12-01_0692-01402606989', 'PM12-01_0692', 01, 'Owner&apos;s manual, E90, E91 with iDrive', 'DE, MJ 2011', 1, to_date('20110301','YYYYMMDD'), to_date('20110901','YYYYMMDD'), '01402606989', '', '', false);
insert into DiagramParts values('PM12-01_0692-01412601810', 'PM12-01_0692', 02, 'Owner&apos;s manual, E90, E91 with iDrive', 'EN, MJ 2009', 1, to_date('20090301','YYYYMMDD'), to_date('20090901','YYYYMMDD'), '01412601810', '', '', false);
insert into DiagramParts values('PM12-01_0692-01412601917', 'PM12-01_0692', 02, 'Owner&apos;s manual, E90, E91 with iDrive', 'EN, MJ 2009', 1, to_date('20090301','YYYYMMDD'), to_date('20090901','YYYYMMDD'), '01412601917', '', '', false);
insert into DiagramParts values('PM12-01_0692-01412604566', 'PM12-01_0692', 02, 'Owner&apos;s manual, E90, E91 with iDrive', 'EN, MJ 2010', 1, to_date('20100301','YYYYMMDD'), to_date('20100901','YYYYMMDD'), '01412604566', '', '', false);
insert into DiagramParts values('PM12-01_0692-01402605543', 'PM12-01_0692', 02, 'Owner&apos;s manual, E90, E91 with iDrive', 'EN, MJ 2011', 1, to_date('20100901','YYYYMMDD'), to_date('20110301','YYYYMMDD'), '01402605543', '', '', false);
insert into DiagramParts values('PM12-01_0692-01402606990', 'PM12-01_0692', 02, 'Owner&apos;s manual, E90, E91 with iDrive', 'EN, MJ 2011', 1, to_date('20110301','YYYYMMDD'), to_date('20110901','YYYYMMDD'), '01402606990', '', '', false);
insert into DiagramParts values('PM12-01_0692-01422601811', 'PM12-01_0692', 03, 'Owner&apos;s manual, E90, E91 with iDrive', 'FR, MJ 2009', 1, to_date('20090301','YYYYMMDD'), to_date('20090901','YYYYMMDD'), '01422601811', '', '', false);
insert into DiagramParts values('PM12-01_0692-01422601918', 'PM12-01_0692', 03, 'Owner&apos;s manual, E90, E91 with iDrive', 'FR, MJ 2009', 1, to_date('20090301','YYYYMMDD'), to_date('20090901','YYYYMMDD'), '01422601918', '', '', false);
insert into DiagramParts values('PM12-01_0692-01422604567', 'PM12-01_0692', 03, 'Owner&apos;s manual, E90, E91 with iDrive', 'FR, MJ 2010', 1, to_date('20100301','YYYYMMDD'), to_date('20100901','YYYYMMDD'), '01422604567', '', '', false);
insert into DiagramParts values('PM12-01_0692-01402605544', 'PM12-01_0692', 03, 'Owner&apos;s manual, E90, E91 with iDrive', 'FR, MJ 2011', 1, to_date('20100901','YYYYMMDD'), to_date('20110301','YYYYMMDD'), '01402605544', '', '', false);
insert into DiagramParts values('PM12-01_0692-01402606991', 'PM12-01_0692', 03, 'Owner&apos;s manual, E90, E91 with iDrive', 'FR, MJ 2011', 1, to_date('20110301','YYYYMMDD'), to_date('20110901','YYYYMMDD'), '01402606991', '', '', false);
insert into DiagramParts values('PM12-01_0692-01432601812', 'PM12-01_0692', 04, 'Owner&apos;s manual, E90, E91 with iDrive', 'ES, MJ 2009', 1, to_date('20090301','YYYYMMDD'), to_date('20090901','YYYYMMDD'), '01432601812', '', '', false);
insert into DiagramParts values('PM12-01_0692-01432601919', 'PM12-01_0692', 04, 'Owner&apos;s manual, E90, E91 with iDrive', 'ES, MJ 2009', 1, to_date('20090301','YYYYMMDD'), to_date('20090901','YYYYMMDD'), '01432601919', '', '', false);
insert into DiagramParts values('PM12-01_0692-01432604568', 'PM12-01_0692', 04, 'Owner&apos;s manual, E90, E91 with iDrive', 'ES, MJ 2010', 1, to_date('20100301','YYYYMMDD'), to_date('20100901','YYYYMMDD'), '01432604568', '', '', false);
insert into DiagramParts values('PM12-01_0692-01402605545', 'PM12-01_0692', 04, 'Owner&apos;s manual, E90, E91 with iDrive', 'ES, MJ 2011', 1, to_date('20100901','YYYYMMDD'), to_date('20110301','YYYYMMDD'), '01402605545', '', '', false);
insert into DiagramParts values('PM12-01_0692-01402606992', 'PM12-01_0692', 04, 'Owner&apos;s manual, E90, E91 with iDrive', 'ES, MJ 2011', 1, to_date('20110301','YYYYMMDD'), to_date('20110901','YYYYMMDD'), '01402606992', '', '', false);
insert into DiagramParts values('PM12-01_0692-01442601813', 'PM12-01_0692', 05, 'Owner&apos;s manual, E90, E91 with iDrive', 'IT, MJ 2009', 1, to_date('20090301','YYYYMMDD'), to_date('20090901','YYYYMMDD'), '01442601813', '', '', false);
insert into DiagramParts values('PM12-01_0692-01442601920', 'PM12-01_0692', 05, 'Owner&apos;s manual, E90, E91 with iDrive', 'IT, MJ 2009', 1, to_date('20090301','YYYYMMDD'), to_date('20090901','YYYYMMDD'), '01442601920', '', '', false);
insert into DiagramParts values('PM12-01_0692-01442604569', 'PM12-01_0692', 05, 'Owner&apos;s manual, E90, E91 with iDrive', 'IT, MJ 2010', 1, to_date('20100301','YYYYMMDD'), to_date('20100901','YYYYMMDD'), '01442604569', '', '', false);
insert into DiagramParts values('PM12-01_0692-01402605546', 'PM12-01_0692', 05, 'Owner&apos;s manual, E90, E91 with iDrive', 'IT, MJ 2011', 1, to_date('20100901','YYYYMMDD'), to_date('20110301','YYYYMMDD'), '01402605546', '', '', false);
insert into DiagramParts values('PM12-01_0692-01402606993', 'PM12-01_0692', 05, 'Owner&apos;s manual, E90, E91 with iDrive', 'IT, MJ 2011', 1, to_date('20110301','YYYYMMDD'), to_date('20110901','YYYYMMDD'), '01402606993', '', '', false);
insert into DiagramParts values('PM12-01_0692-01452601814', 'PM12-01_0692', 06, 'Owner&apos;s manual, E90, E91 with iDrive', 'SV, MJ 2009', 1, to_date('20090301','YYYYMMDD'), to_date('20090901','YYYYMMDD'), '01452601814', '', '', false);
insert into DiagramParts values('PM12-01_0692-01452601921', 'PM12-01_0692', 06, 'Owner&apos;s manual, E90, E91 with iDrive', 'SV, MJ 2009', 1, to_date('20090301','YYYYMMDD'), to_date('20090901','YYYYMMDD'), '01452601921', '', '', false);
insert into DiagramParts values('PM12-01_0692-01452604570', 'PM12-01_0692', 06, 'Owner&apos;s manual, E90, E91 with iDrive', 'SV, MJ 2010', 1, to_date('20100301','YYYYMMDD'), to_date('20100901','YYYYMMDD'), '01452604570', '', '', false);
insert into DiagramParts values('PM12-01_0692-01402605547', 'PM12-01_0692', 06, 'Owner&apos;s manual, E90, E91 with iDrive', 'SV, MJ 2011', 1, to_date('20100901','YYYYMMDD'), to_date('20110301','YYYYMMDD'), '01402605547', '', '', false);
insert into DiagramParts values('PM12-01_0692-01402606994', 'PM12-01_0692', 06, 'Owner&apos;s manual, E90, E91 with iDrive', 'SV, MJ 2011', 1, to_date('20110301','YYYYMMDD'), to_date('20110901','YYYYMMDD'), '01402606994', '', '', false);
insert into DiagramParts values('PM12-01_0692-01462601815', 'PM12-01_0692', 07, 'Owner&apos;s manual, E90, E91 with iDrive', 'NL, MJ 2009', 1, to_date('20090301','YYYYMMDD'), to_date('20090901','YYYYMMDD'), '01462601815', '', '', false);
insert into DiagramParts values('PM12-01_0692-01462601922', 'PM12-01_0692', 07, 'Owner&apos;s manual, E90, E91 with iDrive', 'NL, MJ 2009', 1, to_date('20090301','YYYYMMDD'), to_date('20090901','YYYYMMDD'), '01462601922', '', '', false);
insert into DiagramParts values('PM12-01_0692-01462604571', 'PM12-01_0692', 07, 'Owner&apos;s manual, E90, E91 with iDrive', 'NL, MJ 2010', 1, to_date('20100301','YYYYMMDD'), to_date('20100901','YYYYMMDD'), '01462604571', '', '', false);
insert into DiagramParts values('PM12-01_0692-01402605548', 'PM12-01_0692', 07, 'Owner&apos;s manual, E90, E91 with iDrive', 'NL, MJ 2011', 1, to_date('20100901','YYYYMMDD'), to_date('20110301','YYYYMMDD'), '01402605548', '', '', false);
insert into DiagramParts values('PM12-01_0692-01402606995', 'PM12-01_0692', 07, 'Owner&apos;s manual, E90, E91 with iDrive', 'NL, MJ 2011', 1, to_date('20110301','YYYYMMDD'), to_date('20110901','YYYYMMDD'), '01402606995', '', '', false);
insert into DiagramParts values('PM12-01_0692-01472601816', 'PM12-01_0692', 08, 'Owner&apos;s manual, E90, E91 with iDrive', 'AR, MJ 2009', 1, to_date('20090301','YYYYMMDD'), to_date('20090901','YYYYMMDD'), '01472601816', '', '', false);
insert into DiagramParts values('PM12-01_0692-01472601923', 'PM12-01_0692', 08, 'Owner&apos;s manual, E90, E91 with iDrive', 'AR, MJ 2009', 1, to_date('20090301','YYYYMMDD'), to_date('20090901','YYYYMMDD'), '01472601923', '', '', false);
insert into DiagramParts values('PM12-01_0692-01472604572', 'PM12-01_0692', 08, 'Owner&apos;s manual, E90, E91 with iDrive', 'AR, MJ 2010', 1, to_date('20100301','YYYYMMDD'), to_date('20100901','YYYYMMDD'), '01472604572', '', '', false);
insert into DiagramParts values('PM12-01_0692-01402605549', 'PM12-01_0692', 08, 'Owner&apos;s manual, E90, E91 with iDrive', 'AR, MJ 2011', 1, to_date('20100901','YYYYMMDD'), to_date('20110301','YYYYMMDD'), '01402605549', '', '', false);
insert into DiagramParts values('PM12-01_0692-01402606996', 'PM12-01_0692', 08, 'Owner&apos;s manual, E90, E91 with iDrive', 'AR, MJ 2011', 1, to_date('20110301','YYYYMMDD'), to_date('20110901','YYYYMMDD'), '01402606996', '', '', false);
insert into DiagramParts values('PM12-01_0692-01482601817', 'PM12-01_0692', 09, 'Owner&apos;s manual, E90, E91 with iDrive', 'DA, MJ 2009', 1, to_date('20090301','YYYYMMDD'), to_date('20090901','YYYYMMDD'), '01482601817', '', '', false);
insert into DiagramParts values('PM12-01_0692-01482601924', 'PM12-01_0692', 09, 'Owner&apos;s manual, E90, E91 with iDrive', 'DA, MJ 2009', 1, to_date('20090301','YYYYMMDD'), to_date('20090901','YYYYMMDD'), '01482601924', '', '', false);
insert into DiagramParts values('PM12-01_0692-01482604573', 'PM12-01_0692', 09, 'Owner&apos;s manual, E90, E91 with iDrive', 'DA, MJ 2010', 1, to_date('20100301','YYYYMMDD'), to_date('20100901','YYYYMMDD'), '01482604573', '', '', false);
insert into DiagramParts values('PM12-01_0692-01402605550', 'PM12-01_0692', 09, 'Owner&apos;s manual, E90, E91 with iDrive', 'DA, MJ 2011', 1, to_date('20100901','YYYYMMDD'), to_date('20110301','YYYYMMDD'), '01402605550', '', '', false);
insert into DiagramParts values('PM12-01_0692-01402606997', 'PM12-01_0692', 09, 'Owner&apos;s manual, E90, E91 with iDrive', 'DA, MJ 2011', 1, to_date('20110301','YYYYMMDD'), to_date('20110901','YYYYMMDD'), '01402606997', '', '', false);
insert into DiagramParts values('PM12-01_0692-01492601818', 'PM12-01_0692', 10, 'Owner&apos;s manual, E90, E91 with iDrive', 'PT, MJ 2009', 1, to_date('20090301','YYYYMMDD'), to_date('20090901','YYYYMMDD'), '01492601818', '', '', false);
insert into DiagramParts values('PM12-01_0692-01492601925', 'PM12-01_0692', 10, 'Owner&apos;s manual, E90, E91 with iDrive', 'PT, MJ 2009', 1, to_date('20090301','YYYYMMDD'), to_date('20090901','YYYYMMDD'), '01492601925', '', '', false);
insert into DiagramParts values('PM12-01_0692-01492604574', 'PM12-01_0692', 10, 'Owner&apos;s manual, E90, E91 with iDrive', 'PT, MJ  2010', 1, to_date('20100301','YYYYMMDD'), to_date('20100901','YYYYMMDD'), '01492604574', '', '', false);
insert into DiagramParts values('PM12-01_0692-01402605551', 'PM12-01_0692', 10, 'Owner&apos;s manual, E90, E91 with iDrive', 'PT, MJ 2011', 1, to_date('20100901','YYYYMMDD'), to_date('20110301','YYYYMMDD'), '01402605551', '', '', false);
insert into DiagramParts values('PM12-01_0692-01402606998', 'PM12-01_0692', 10, 'Owner&apos;s manual, E90, E91 with iDrive', 'PT, MJ 2011', 1, to_date('20110301','YYYYMMDD'), to_date('20110901','YYYYMMDD'), '01402606998', '', '', false);
insert into DiagramParts values('PM12-01_0692-01492601820', 'PM12-01_0692', 13, 'Owner&apos;s manual, E90, E91 with iDrive', 'EL, MJ 2009', 1, to_date('20090301','YYYYMMDD'), to_date('20090901','YYYYMMDD'), '01492601820', '', '', false);
insert into DiagramParts values('PM12-01_0692-01492601927', 'PM12-01_0692', 13, 'Owner&apos;s manual, E90, E91 with iDrive', 'EL, MJ 2009', 1, to_date('20090301','YYYYMMDD'), to_date('20090901','YYYYMMDD'), '01492601927', '', '', false);
insert into DiagramParts values('PM12-01_0692-01492604576', 'PM12-01_0692', 13, 'Owner&apos;s manual, E90, E91 with iDrive', 'EL, MJ 2010', 1, to_date('20100301','YYYYMMDD'), to_date('20100901','YYYYMMDD'), '01492604576', '', '', false);
insert into DiagramParts values('PM12-01_0692-01402605553', 'PM12-01_0692', 13, 'Owner&apos;s manual, E90, E91 with iDrive', 'EL, MJ 2011', 1, to_date('20100901','YYYYMMDD'), to_date('20110301','YYYYMMDD'), '01402605553', '', '', false);
insert into DiagramParts values('PM12-01_0692-01402607000', 'PM12-01_0692', 13, 'Owner&apos;s manual, E90, E91 with iDrive', 'EL, MJ 2011', 1, to_date('20110301','YYYYMMDD'), to_date('20110901','YYYYMMDD'), '01402607000', '', '', false);
insert into DiagramParts values('PM12-01_0692-01492601926', 'PM12-01_0692', 14, 'Owner&apos;s manual, E90, E91 with iDrive', 'ZH, MJ 2009', 1, to_date('20090301','YYYYMMDD'), to_date('20090901','YYYYMMDD'), '01492601926', '', '', false);
insert into DiagramParts values('PM12-01_0692-01492604575', 'PM12-01_0692', 14, 'Owner&apos;s manual, E90, E91 with iDrive', 'ZH, MJ 2010', 1, to_date('20100301','YYYYMMDD'), to_date('20100901','YYYYMMDD'), '01492604575', '', '', false);
insert into DiagramParts values('PM12-01_0692-01402605552', 'PM12-01_0692', 14, 'Owner&apos;s manual, E90, E91 with iDrive', 'ZH, MJ 2011', 1, to_date('20100901','YYYYMMDD'), to_date('20110301','YYYYMMDD'), '01402605552', '', '', false);
insert into DiagramParts values('PM12-01_0692-01402606999', 'PM12-01_0692', 14, 'Owner&apos;s manual, E90, E91 with iDrive', 'ZH, MJ 2011', 1, to_date('20110301','YYYYMMDD'), to_date('20110901','YYYYMMDD'), '01402606999', '', '', false);
insert into DiagramParts values('PM12-01_0692-01492601821', 'PM12-01_0692', 15, 'Owner&apos;s manual, E90, E91 with iDrive', 'KO, MJ 2009', 1, to_date('20090301','YYYYMMDD'), to_date('20090901','YYYYMMDD'), '01492601821', '', '', false);
insert into DiagramParts values('PM12-01_0692-01492601928', 'PM12-01_0692', 15, 'Owner&apos;s manual, E90, E91 with iDrive', 'KO, MJ 2009', 1, to_date('20090301','YYYYMMDD'), to_date('20090901','YYYYMMDD'), '01492601928', '', '', false);
insert into DiagramParts values('PM12-01_0692-01492604577', 'PM12-01_0692', 15, 'Owner&apos;s manual, E90, E91 with iDrive', 'KO, MJ 2010', 1, to_date('20100301','YYYYMMDD'), to_date('20100901','YYYYMMDD'), '01492604577', '', '', false);
insert into DiagramParts values('PM12-01_0692-01402605554', 'PM12-01_0692', 15, 'Owner&apos;s manual, E90, E91 with iDrive', 'KO, MJ 2011', 1, to_date('20100901','YYYYMMDD'), to_date('20110301','YYYYMMDD'), '01402605554', '', '', false);
insert into DiagramParts values('PM12-01_0692-01402607001', 'PM12-01_0692', 15, 'Owner&apos;s manual, E90, E91 with iDrive', 'KO, MJ 2011', 1, to_date('20110301','YYYYMMDD'), to_date('20110901','YYYYMMDD'), '01402607001', '', '', false);
insert into DiagramParts values('PM12-01_0692-01492601823', 'PM12-01_0692', 16, 'Owner&apos;s manual, E90, E91 with iDrive', 'RO, MJ 2009', 1, to_date('20090301','YYYYMMDD'), to_date('20090901','YYYYMMDD'), '01492601823', '', '', false);
insert into DiagramParts values('PM12-01_0692-01492601930', 'PM12-01_0692', 16, 'Owner&apos;s manual, E90, E91 with iDrive', 'RO, MJ 2009', 1, to_date('20090301','YYYYMMDD'), to_date('20090901','YYYYMMDD'), '01492601930', '', '', false);
insert into DiagramParts values('PM12-01_0692-01492604579', 'PM12-01_0692', 16, 'Owner&apos;s manual, E90, E91 with iDrive', 'RO, MJ 2010', 1, to_date('20100301','YYYYMMDD'), to_date('20100901','YYYYMMDD'), '01492604579', '', '', false);
insert into DiagramParts values('PM12-01_0692-01402605556', 'PM12-01_0692', 16, 'Owner&apos;s manual, E90, E91 with iDrive', 'RO, MJ 2011', 1, to_date('20100901','YYYYMMDD'), to_date('20110301','YYYYMMDD'), '01402605556', '', '', false);
insert into DiagramParts values('PM12-01_0692-01402607003', 'PM12-01_0692', 16, 'Owner&apos;s manual, E90, E91 with iDrive', 'RO, MJ 2011', 1, to_date('20110301','YYYYMMDD'), to_date('20110901','YYYYMMDD'), '01402607003', '', '', false);
insert into DiagramParts values('PM12-01_0692-01492601822', 'PM12-01_0692', 17, 'Owner&apos;s manual, E90, E91 with iDrive', 'RU, MJ 2009', 1, to_date('20090301','YYYYMMDD'), to_date('20090901','YYYYMMDD'), '01492601822', '', '', false);
insert into DiagramParts values('PM12-01_0692-01492601929', 'PM12-01_0692', 17, 'Owner&apos;s manual, E90, E91 with iDrive', 'RU, MJ 2009', 1, to_date('20090301','YYYYMMDD'), to_date('20090901','YYYYMMDD'), '01492601929', '', '', false);
insert into DiagramParts values('PM12-01_0692-01492604578', 'PM12-01_0692', 17, 'Owner&apos;s manual, E90, E91 with iDrive', 'RU, MJ 2010', 1, to_date('20100301','YYYYMMDD'), to_date('20100901','YYYYMMDD'), '01492604578', '', '', false);
insert into DiagramParts values('PM12-01_0692-01402605555', 'PM12-01_0692', 17, 'Owner&apos;s manual, E90, E91 with iDrive', 'RU, MJ 2011', 1, to_date('20100901','YYYYMMDD'), to_date('20110301','YYYYMMDD'), '01402605555', '', '', false);
insert into DiagramParts values('PM12-01_0692-01402607002', 'PM12-01_0692', 17, 'Owner&apos;s manual, E90, E91 with iDrive', 'RU, MJ 2011', 1, to_date('20110301','YYYYMMDD'), to_date('20110901','YYYYMMDD'), '01402607002', '', '', false);
insert into DiagramParts values('PM12-01_0692-01492604580', 'PM12-01_0692', 18, 'Owner&apos;s manual, E90, E91 with iDrive', 'SK, MJ 2010', 1, to_date('20100301','YYYYMMDD'), to_date('20100901','YYYYMMDD'), '01492604580', '', '', false);
insert into DiagramParts values('PM12-01_0692-01402605557', 'PM12-01_0692', 18, 'Owner&apos;s manual, E90, E91 with iDrive', 'SK, MJ 2011', 1, to_date('20100901','YYYYMMDD'), to_date('20110301','YYYYMMDD'), '01402605557', '', '', false);
insert into DiagramParts values('PM12-01_0692-01402607004', 'PM12-01_0692', 18, 'Owner&apos;s manual, E90, E91 with iDrive', 'SK, MJ 2011', 1, to_date('20110301','YYYYMMDD'), to_date('20110901','YYYYMMDD'), '01402607004', '', '', false);
insert into DiagramParts values('PM12-01_0692-01492604581', 'PM12-01_0692', 19, 'Owner&apos;s manual, E90, E91 with iDrive', 'CS, MJ 2010', 1, to_date('20100301','YYYYMMDD'), to_date('20100901','YYYYMMDD'), '01492604581', '', '', false);
insert into DiagramParts values('PM12-01_0692-01402605558', 'PM12-01_0692', 19, 'Owner&apos;s manual, E90, E91 with iDrive', 'CS, MJ 2011', 1, to_date('20100901','YYYYMMDD'), to_date('20110301','YYYYMMDD'), '01402605558', '', '', false);
insert into DiagramParts values('PM12-01_0692-01402607005', 'PM12-01_0692', 19, 'Owner&apos;s manual, E90, E91 with iDrive', 'CS, MJ 2011', 1, to_date('20110301','YYYYMMDD'), to_date('20110901','YYYYMMDD'), '01402607005', '', '', false);
insert into DiagramParts values('PM12-01_0692-01402605559', 'PM12-01_0692', 20, 'Owner&apos;s manual, E90, E91 with iDrive', 'PL, MJ 2011', 1, to_date('20100901','YYYYMMDD'), to_date('20110301','YYYYMMDD'), '01402605559', '', '', false);
insert into DiagramParts values('PM12-01_0692-01402607006', 'PM12-01_0692', 20, 'Owner&apos;s manual, E90, E91 with iDrive', 'PL, MJ 2011', 1, to_date('20110301','YYYYMMDD'), to_date('20110901','YYYYMMDD'), '01402607006', '', '', false);
insert into DiagramParts values('PM12-01_0692-01402607007', 'PM12-01_0692', 21, 'Owner&apos;s manual, E90, E91 with iDrive', 'HU, MJ 2011', 1, to_date('20110301','YYYYMMDD'), to_date('20110901','YYYYMMDD'), '01402607007', '', '', false);
insert into Diagram values('PM12-01_0692','PM12-20080600','01-05','E90N 330i   Owner&apos;s manual, E90, E91 with iDrive','');
insert into DiagramParts values('PM12-01_0733-01402604702', 'PM12-01_0733', 01, 'Brief instructions E90, E91, E92, E93', 'DE, MJ 2010', 1, to_date('20100301','YYYYMMDD'), to_date('20100901','YYYYMMDD'), '01402604702', '', '', false);
insert into DiagramParts values('PM12-01_0733-01402605350', 'PM12-01_0733', 01, 'Brief instructions E90, E91, E92, E93', 'DE, MJ 2011', 1, to_date('20100901','YYYYMMDD'), to_date('20110301','YYYYMMDD'), '01402605350', '', '', false);
insert into DiagramParts values('PM12-01_0733-01402607451', 'PM12-01_0733', 01, 'Brief instructions E90, E91, E92, E93', 'DE, MJ 2011', 1, to_date('20110301','YYYYMMDD'), to_date('20110901','YYYYMMDD'), '01402607451', '', '', false);
insert into DiagramParts values('PM12-01_0733-01402604716', 'PM12-01_0733', 01, 'Brief instructions E90, E91, E92, E93', 'DE, MJ 2010/11', 1, to_date('20100301','YYYYMMDD'), to_date('20110301','YYYYMMDD'), '01402604716', '', '', false);
insert into DiagramParts values('PM12-01_0733-01402607431', 'PM12-01_0733', 01, 'Brief instructions E90, E91, E92, E93', 'DE, MJ 2011', 1, to_date('20110301','YYYYMMDD'), to_date('20110901','YYYYMMDD'), '01402607431', '', '', false);
insert into DiagramParts values('PM12-01_0733-01402609786', 'PM12-01_0733', 01, 'Brief instructions E90, E91, E92, E93', 'DE', 1, to_date('20110901','YYYYMMDD'), to_date('20120301','YYYYMMDD'), '01402609786', '', '', false);
insert into DiagramParts values('PM12-01_0733-01412604703', 'PM12-01_0733', 02, 'Brief instructions E90, E91, E92, E93', 'EN, MJ 2010', 1, to_date('20100301','YYYYMMDD'), to_date('20100901','YYYYMMDD'), '01412604703', '', '', false);
insert into DiagramParts values('PM12-01_0733-01402605351', 'PM12-01_0733', 02, 'Brief instructions E90, E91, E92, E93', 'EN, MJ 2011', 1, to_date('20100901','YYYYMMDD'), to_date('20110301','YYYYMMDD'), '01402605351', '', '', false);
insert into DiagramParts values('PM12-01_0733-01402607452', 'PM12-01_0733', 02, 'Brief instructions E90, E91, E92, E93', 'EN, MJ 2011', 1, to_date('20110301','YYYYMMDD'), to_date('20110901','YYYYMMDD'), '01402607452', '', '', false);
insert into DiagramParts values('PM12-01_0733-01412604717', 'PM12-01_0733', 02, 'Brief instructions E90, E91, E92, E93', 'EN, MJ 2010/11', 1, to_date('20100301','YYYYMMDD'), to_date('20110301','YYYYMMDD'), '01412604717', '', '', false);
insert into DiagramParts values('PM12-01_0733-01402607432', 'PM12-01_0733', 02, 'Brief instructions E90, E91, E92, E93', 'EN, MJ 2011', 1, to_date('20110301','YYYYMMDD'), to_date('20110901','YYYYMMDD'), '01402607432', '', '', false);
insert into DiagramParts values('PM12-01_0733-01402609787', 'PM12-01_0733', 02, 'Brief instructions E90, E91, E92, E93', 'EN', 1, to_date('20110901','YYYYMMDD'), to_date('20120301','YYYYMMDD'), '01402609787', '', '', false);
insert into DiagramParts values('PM12-01_0733-01402609788', 'PM12-01_0733', 03, 'Brief instructions E90, E91, E92, E93', 'FR', 1, to_date('20110901','YYYYMMDD'), to_date('20120301','YYYYMMDD'), '01402609788', '', '', false);
insert into DiagramParts values('PM12-01_0733-01402609789', 'PM12-01_0733', 04, 'Brief instructions E90, E91, E92, E93', 'ES', 1, to_date('20110901','YYYYMMDD'), to_date('20120301','YYYYMMDD'), '01402609789', '', '', false);
insert into DiagramParts values('PM12-01_0733-01402609790', 'PM12-01_0733', 05, 'Brief instructions E90, E91, E92, E93', 'IT', 1, to_date('20110901','YYYYMMDD'), to_date('20120301','YYYYMMDD'), '01402609790', '', '', false);
insert into DiagramParts values('PM12-01_0733-01402609791', 'PM12-01_0733', 06, 'Brief instructions E90, E91, E92, E93', 'SV', 1, to_date('20110901','YYYYMMDD'), to_date('20120301','YYYYMMDD'), '01402609791', '', '', false);
insert into DiagramParts values('PM12-01_0733-01402609792', 'PM12-01_0733', 07, 'Brief instructions E90, E91, E92, E93', 'NL', 1, to_date('20110901','YYYYMMDD'), to_date('20120301','YYYYMMDD'), '01402609792', '', '', false);
insert into DiagramParts values('PM12-01_0733-01402609793', 'PM12-01_0733', 08, 'Brief instructions E90, E91, E92, E93', 'AR', 1, to_date('20110901','YYYYMMDD'), to_date('20120301','YYYYMMDD'), '01402609793', '', '', false);
insert into DiagramParts values('PM12-01_0733-01402609794', 'PM12-01_0733', 09, 'Brief instructions E90, E91, E92, E93', 'DA', 1, to_date('20110901','YYYYMMDD'), to_date('20120301','YYYYMMDD'), '01402609794', '', '', false);
insert into DiagramParts values('PM12-01_0733-01402609795', 'PM12-01_0733', 10, 'Brief instructions E90, E91, E92, E93', 'PT', 1, to_date('20110901','YYYYMMDD'), to_date('20120301','YYYYMMDD'), '01402609795', '', '', false);
insert into DiagramParts values('PM12-01_0733-01402609797', 'PM12-01_0733', 13, 'Brief instructions E90, E91, E92, E93', 'EL', 1, to_date('20110901','YYYYMMDD'), to_date('20120301','YYYYMMDD'), '01402609797', '', '', false);
insert into DiagramParts values('PM12-01_0733-01402609796', 'PM12-01_0733', 14, 'Brief instructions E90, E91, E92, E93', 'ZH', 1, to_date('20110901','YYYYMMDD'), to_date('20120301','YYYYMMDD'), '01402609796', '', '', false);
insert into DiagramParts values('PM12-01_0733-01402609798', 'PM12-01_0733', 15, 'Brief instructions E90, E91, E92, E93', 'KO', 1, to_date('20110901','YYYYMMDD'), to_date('20120301','YYYYMMDD'), '01402609798', '', '', false);
insert into DiagramParts values('PM12-01_0733-01402609800', 'PM12-01_0733', 16, 'Brief instructions E90, E91, E92, E93', 'RO', 1, to_date('20110901','YYYYMMDD'), to_date('20120301','YYYYMMDD'), '01402609800', '', '', false);
insert into DiagramParts values('PM12-01_0733-01402609799', 'PM12-01_0733', 17, 'Brief instructions E90, E91, E92, E93', 'RU', 1, to_date('20110901','YYYYMMDD'), to_date('20120301','YYYYMMDD'), '01402609799', '', '', false);
insert into DiagramParts values('PM12-01_0733-01402609801', 'PM12-01_0733', 18, 'Brief instructions E90, E91, E92, E93', 'SK', 1, to_date('20110901','YYYYMMDD'), to_date('20120301','YYYYMMDD'), '01402609801', '', '', false);
insert into DiagramParts values('PM12-01_0733-01402609802', 'PM12-01_0733', 19, 'Brief instructions E90, E91, E92, E93', 'CS', 1, to_date('20110901','YYYYMMDD'), to_date('20120301','YYYYMMDD'), '01402609802', '', '', false);
insert into DiagramParts values('PM12-01_0733-01402609803', 'PM12-01_0733', 20, 'Brief instructions E90, E91, E92, E93', 'PL', 1, to_date('20110901','YYYYMMDD'), to_date('20120301','YYYYMMDD'), '01402609803', '', '', false);
insert into DiagramParts values('PM12-01_0733-01402609804', 'PM12-01_0733', 21, 'Brief instructions E90, E91, E92, E93', 'HU', 1, to_date('20110901','YYYYMMDD'), to_date('20120301','YYYYMMDD'), '01402609804', '', '', false);
insert into Diagram values('PM12-01_0733','PM12-20080600','01-05','E90N 330i   Brief instructions E90, E91, E92, E93','');
insert into Diagram values('PM12-01_0756','PM12-20080600','01-05','E90N 330i   Mirror placard','');
insert into Diagram values('PM12-01_0776','PM12-20080600','01-05','E90N 330i   Brief instructions E6x, E8x, E9x,','');
insert into Diagram values('PM12-01_0780','PM12-20080600','01-05','E90N 330i   Brochure Service Contact, BMW','');
insert into DiagramParts values('PM12-01_1080-01402912788', 'PM12-01_1080', 01, 'Supplement Owner&apos;s Manual license texts', 'MULTILINGUAL', 1, to_date('20120301','YYYYMMDD'), to_date('20120701','YYYYMMDD'), '01402912788', '', '', false);
insert into DiagramParts values('PM12-01_1080-01402916582', 'PM12-01_1080', 01, 'Supplement Owner&apos;s Manual license texts', 'MULTILINGUAL', 1, to_date('20120701','YYYYMMDD'), to_date('20130301','YYYYMMDD'), '01402916582', '', '', false);
insert into DiagramParts values('PM12-01_1080-01402918756', 'PM12-01_1080', 01, 'Supplement Owner&apos;s Manual license texts', 'MULTILINGUAL', 1, to_date('20130301','YYYYMMDD'), to_date('20130701','YYYYMMDD'), '01402918756', '', '', false);
insert into DiagramParts values('PM12-01_1080-01402608395', 'PM12-01_1080', 02, 'Insert with license texts', 'EN, MJ 2011', 1, to_date('20100901','YYYYMMDD'), to_date('20110901','YYYYMMDD'), '01402608395', '', '', false);
insert into DiagramParts values('PM12-01_1080-01402901443', 'PM12-01_1080', 02, 'Supplement Owner&apos;s Manual license texts', 'MULTILINGUAL', 1, to_date('20110901','YYYYMMDD'), to_date('20120301','YYYYMMDD'), '01402901443', '', '', false);
insert into Diagram values('PM12-01_1080','PM12-20080600','01-05','E90N 330i   Flyer, license texts for BMW','');
insert into DiagramParts values('PM12-01_0606-01402606341', 'PM12-01_0606', 01, 'Operating instructions, radio &quot;de&quot;', 'SA663', 1, to_date('20100901','YYYYMMDD'), to_date('20110301','YYYYMMDD'), '01402606341', '', '', false);
insert into DiagramParts values('PM12-01_0606-01402606342', 'PM12-01_0606', 02, 'Operating instructions, radio &quot;en&quot;', 'SA663', 1, to_date('20100901','YYYYMMDD'), to_date('20110301','YYYYMMDD'), '01402606342', '', '', false);
insert into DiagramParts values('PM12-01_0606-01402606343', 'PM12-01_0606', 03, 'Operating instructions, radio &quot;fr&quot;', 'SA663', 1, to_date('20100901','YYYYMMDD'), to_date('20110301','YYYYMMDD'), '01402606343', '', '', false);
insert into DiagramParts values('PM12-01_0606-01402606344', 'PM12-01_0606', 04, 'Operating instructions, radio &quot;es&quot;', 'SA663', 1, to_date('20100901','YYYYMMDD'), to_date('20110301','YYYYMMDD'), '01402606344', '', '', false);
insert into DiagramParts values('PM12-01_0606-01402606345', 'PM12-01_0606', 05, 'Operating instructions, radio &quot;it&quot;', 'SA663', 1, to_date('20100901','YYYYMMDD'), to_date('20110301','YYYYMMDD'), '01402606345', '', '', false);
insert into Diagram values('PM12-01_0606','PM12-20080600','01-12','E90N 330i   Radio E81,E82,E87,E88, E90,E91,E92,E93','');
insert into Diagram values('PM12-01_0302','PM12-20080600','01-14','E90N 330i   Universal BMW mobile phone preparat.','');
insert into Diagram values('PM12-01_1128','PM12-20080600','01-19','E90N 330i   EC Certificate of Conformity','');
insert into Diagram values('PM12-01_0169','PM12-20080600','01-21','E90N 330i   Logbook slipcase BMW','');
insert into Diagram values('PM12-01_1140','PM12-20080600','01-21','E90N 330i   Logbook slipcase BMW','');
insert into DiagramParts values('PM12-01_0029-01412602302', 'PM12-01_0029', 01, 'Supplem. to owner&apos;s manual, Australia', 'E90,E91, MJ 09', 1, to_date('20090301','YYYYMMDD'), to_date('20090901','YYYYMMDD'), '01412602302', '', '', false);
insert into DiagramParts values('PM12-01_0029-01412603273', 'PM12-01_0029', 01, 'Supplement Owner&apos;s Manual, Australia', 'EN, E90, E91', 1, to_date('20090901','YYYYMMDD'), to_date('20100301','YYYYMMDD'), '01412603273', '', '', false);
insert into Diagram values('PM12-01_0029','PM12-20080600','01-24','E90N 330i   Supplem. to owner&apos;s manual, Australia','');
insert into DiagramParts values('PM12-01_0743-01492601593', 'PM12-01_0743', 01, 'Service booklet, multi-lingual', 'MJ 2009', 1, to_date('20080901','YYYYMMDD'), to_date('20090301','YYYYMMDD'), '01492601593', '', '', false);
insert into Diagram values('PM12-01_0743','PM12-20080600','01-26','E90N 330i   BMW Service Manual 2008 - 2011','');
insert into Diagram values('PM12-01_1139','PM12-20080600','01-26','E90N 330i   BMW Service Manual from model year 2012','');
insert into Diagram values('PM12-01_0670','PM12-20080600','01-35','E90N 330i   battery charge calendar','');
insert into Diagram values('PM12-01_0635','PM12-20080600','01-60','E90N 330i   BMW form','');
insert into Diagram values('PM12-01_0639','PM12-20080600','01-65','E90N 330i   Labels BMW','');
insert into Diagram values('PM12-01_0612','PM12-20080600','01-70','E90N 330i   CD/DVD SIP German BMW','');
insert into DiagramParts values('PM12-01_0671-01399789699', 'PM12-01_0671', 01, 'CD literature', 'LITERATUR', 1, to_date('19820901','YYYYMMDD'), to_date('19901201','YYYYMMDD'), '01399789699', '$8.11', '', false);
insert into Diagram values('PM12-01_0671','PM12-20080600','01-70','E90N 330i   BMW CD/DVD miscellaneous','');
insert into Diagram values('PM12-01_0737','PM12-20080600','01-70','E90N 330i   CD/DVD SIP complete vehicle BMW','');
insert into Diagram values('PM12-01_1172','PM12-20080600','01-70','E90N 330i   DVD Web Based Training','');
insert into Diagram values('PM12-01_0875','PM12-20080600','01-94','E90N 330i   Sample chart, upholstery colors, leather','');
insert into Diagram values('PM12-01_0876','PM12-20080600','01-94','E90N 330i   Sample page, upholstery colors, fabric','');
insert into Diagram values('PM12-01_0877','PM12-20080600','01-94','E90N 330i   Sample chart with interior moldings','');
insert into Diagram values('PM12-01_0878','PM12-20080600','01-94','E90N 330i   Sample chart with interior moldings','');
insert into Diagram values('PM12-01_0879','PM12-20080600','01-94','E90N 330i   Sample chart with interior colors','');
insert into Diagram values('PM12-11_3730','PM12-20080600','11-05','E90N 330i   Short Engine','');
insert into Diagram values('PM12-11_3731','PM12-20080600','11-10','E90N 330i   Engine block','');
insert into Diagram values('PM12-11_3732','PM12-20080600','11-10','E90N 330i   Engine Block Mounting Parts','');
insert into Diagram values('PM12-11_3742','PM12-20080600','11-10','E90N 330i   Cylinder crankcase/Heli-Coil insert','');
insert into Diagram values('PM12-11_3834','PM12-20080600','11-10','E90N 330i   Oil Pan','');
insert into Diagram values('PM12-11_3994','PM12-20080600','11-10','E90N 330i   Oil Pan','');
insert into Diagram values('PM12-11_3965','PM12-20080600','11-15','E90N 330i   Cylinder Head','');
insert into Diagram values('PM12-11_3966','PM12-20080600','11-15','E90N 330i   Cylinder Head Attached Parts','');
insert into Diagram values('PM12-11_3967','PM12-20080600','11-15','E90N 330i   Cylinder head, electr. add-on parts','');
insert into Diagram values('PM12-11_3968','PM12-20080600','11-15','E90N 330i   Cylinder head cover','');
insert into Diagram values('PM12-11_3739','PM12-20080600','11-18','E90N 330i   Belt Drive-Vibration Damper','');
insert into Diagram values('PM12-11_3740','PM12-20080600','11-18','E90N 330i   Belt drive-generator/AC/power steering','');
insert into Diagram values('PM12-11_3185','PM12-20080600','11-20','E90N 330i   Crankshaft Connecting Rod','');
insert into Diagram values('PM12-11_3186','PM12-20080600','11-20','E90N 330i   Crankshaft-Pistons','');
insert into Diagram values('PM12-11_3187','PM12-20080600','11-20','E90N 330i   Flywheel / Twin Mass Flywheel','');
insert into Diagram values('PM12-11_3188','PM12-20080600','11-20','E90N 330i   Flywheel automatic','');
insert into Diagram values('PM12-11_3741','PM12-20080600','11-20','E90N 330i   Crankshaft With Bearing Shells','');
insert into Diagram values('PM12-11_3746','PM12-20080600','11-25','E90N 330i   Timing and valve train-timing chain','');
insert into Diagram values('PM12-11_3750','PM12-20080600','11-25','E90N 330i   Valve timing gear, camshaft, outlet','');
insert into Diagram values('PM12-11_3970','PM12-20080600','11-25','E90N 330i   Valve timing gear, camshaft, inlet','');
insert into Diagram values('PM12-11_3751','PM12-20080600','11-30','E90N 330i   Lubrication system/Oil pump','');
insert into Diagram values('PM12-11_3752','PM12-20080600','11-30','E90N 330i   Lubrication system/Oil pump drive','');
insert into Diagram values('PM12-11_3753','PM12-20080600','11-30','E90N 330i   Lubricat.syst.-oil filter,heat exchanger','');
insert into Diagram values('PM12-11_3754','PM12-20080600','11-35','E90N 330i   Waterpump - Thermostat','');
insert into Diagram values('PM12-11_3755','PM12-20080600','11-35','E90N 330i   Cooling System Water Hoses','');
insert into Diagram values('PM12-11_3757','PM12-20080600','11-40','E90N 330i   MOUNTING PARTS F INTAKE MANIFOLD SYSTEM','');
insert into Diagram values('PM12-11_3974','PM12-20080600','11-40','E90N 330i   INTAKE MANIFOLD SYSTEM-AGR','');
insert into Diagram values('PM12-11_4086','PM12-20080600','11-40','E90N 330i   Intake manifold system','');
insert into Diagram values('PM12-11_3758','PM12-20080600','11-45','E90N 330i   Vacuum pump','');
insert into DiagramParts values('PM12-12_1417-12137582627', 'PM12-12_1417', 01, 'Ignition coil', 'BOSCH', 6, to_date('20081201','YYYYMMDD'), to_date('20090301','YYYYMMDD'), '12137582627', '', 'ENDED', false);
insert into DiagramParts values('PM12-12_1417-12137594935', 'PM12-12_1417', 01, 'Ignition coil', 'BOSCH', 6, to_date('20081201','YYYYMMDD'), to_date('20120301','YYYYMMDD'), '12137594935', '', '', false);
insert into Diagram values('PM12-12_1417','PM12-20080600','12-05','E90N 330i   Ignition coil/spark plug','');
insert into Diagram values('PM12-12_1448','PM12-20080600','12-10','E90N 330i   Base control unit DME / MSD81','');
insert into Diagram values('PM12-12_1198','PM12-20080600','12-20','E90N 330i   Generator','');
insert into Diagram values('PM12-12_1245','PM12-20080600','12-22','E90N 330i   Alternator, individual parts','');
insert into Diagram values('PM12-12_1161','PM12-20080600','12-25','E90N 330i   Starter','');
insert into Diagram values('PM12-12_1070','PM12-20080600','12-28','E90N 330i   Engine wiring harness, engine module','');
insert into Diagram values('PM12-12_1095','PM12-20080600','12-28','E90N 330i   wiring harness, engine trans. module','');
insert into Diagram values('PM12-12_1341','PM12-20080600','12-28','E90N 330i   Cable harness injection valve/ignition','');
insert into Diagram values('PM12-12_1141','PM12-20080600','12-29','E90N 330i   DIVERSE SMALL PARTS','');
insert into Diagram values('PM12-12_1339','PM12-20080600','12-29','E90N 330i   Cable starter','');
insert into Diagram values('PM12-12_1105','PM12-20080600','12-30','E90N 330i   Various wiring harnesses','');
insert into Diagram values('PM12-12_1376','PM12-20080600','12-30','E90N 330i   Interference-suppression band','');
insert into Diagram values('PM12-12_0907','PM12-20080600','12-31','E90N 330i   Cable holder','');
insert into Diagram values('PM12-12_1238','PM12-20080600','12-31','E90N 330i   CABLE HOLDER/COVERING','');
insert into Diagram values('PM12-12_1328','PM12-20080600','12-31','E90N 330i   Cable Harness Fixings','');
insert into Diagram values('PM12-12_1340','PM12-20080600','12-31','E90N 330i   Cable Harness Fixings','');
insert into Diagram values('PM12-12_1043','PM12-20080600','12-32','E90N 330i   Laminated contacts/spring contacts','');
insert into Diagram values('PM12-12_1459','PM12-20080600','12-32','E90N 330i   Contact system MLK','');
insert into Diagram values('PM12-12_1327','PM12-20080600','12-35','E90N 330i   Control unit box','');
insert into Diagram values('PM12-13_1179','PM12-20080600','13-15','E90N 330i   FUEL TANK BREATHER VALVE','');
insert into Diagram values('PM12-13_1181','PM12-20080600','13-15','E90N 330i   Throttle Housing Assy','');
insert into Diagram values('PM12-13_1182','PM12-20080600','13-15','E90N 330i   High-pressure rail/injector/line','');
insert into Diagram values('PM12-13_1183','PM12-20080600','13-15','E90N 330i   High-pressure pump/Tubing','');
insert into Diagram values('PM12-13_1147','PM12-20080600','13-20','E90N 330i   Intake muffler/Filter cartridge/HFM','');
insert into Diagram values('PM12-13_1280','PM12-20080600','13-95','E90N 330i   BMW Performance air-induction system','');
insert into Diagram values('PM12-16_0595','PM12-20080600','16-05','E90N 330i   Fuel tank/mounting parts','');
insert into Diagram values('PM12-16_0597','PM12-20080600','16-10','E90N 330i   Activated Charcoal Filter/FUEL VENTILAT','');
insert into Diagram values('PM12-16_0596','PM12-20080600','16-15','E90N 330i   Fuel pipes / Mounting parts','');
insert into Diagram values('PM12-16_0598','PM12-20080600','16-15','E90N 330i   Control unit for fuel pump','');
insert into Diagram values('PM12-16_0601','PM12-20080600','16-15','E90N 330i   Fuel filter/pump/fuel level sensor','');
insert into Diagram values('PM12-17_0319','PM12-20080600','17-05','E90N 330i   Oil-cooler pipe/heat exchanger','');
insert into Diagram values('PM12-17_0322','PM12-20080600','17-05','E90N 330i   Expansion tank','');
insert into Diagram values('PM12-17_0323','PM12-20080600','17-05','E90N 330i   MOUNTING PARTS F RADIATOR','');
insert into Diagram values('PM12-17_0324','PM12-20080600','17-05','E90N 330i   Fan housing, mounting parts','');
insert into Diagram values('PM12-17_0350','PM12-20080600','17-30','E90N 330i   Cooling System Water Hoses','');
insert into Diagram values('PM12-17_0351','PM12-20080600','17-30','E90N 330i   Cooling System Water Hoses','');
insert into Diagram values('PM12-17_0699','PM12-20080600','17-30','E90N 330i   Cooling system coolant hoses','');
insert into Diagram values('PM12-17_0700','PM12-20080600','17-30','E90N 330i   Cooling system coolant hoses','');
insert into Diagram values('PM12-17_0701','PM12-20080600','17-30','E90N 330i   Cooling system coolant hoses','');
insert into Diagram values('PM12-17_0704','PM12-20080600','17-30','E90N 330i   Cooling system coolant hoses','');
insert into Diagram values('PM12-18_0722','PM12-20080600','18-10','E90N 330i   Lambda Probe Fixings','');
insert into Diagram values('PM12-18_0739','PM12-20080600','18-10','E90N 330i   Catalytic converter/Front silencer','');
insert into Diagram values('PM12-18_0741','PM12-20080600','18-10','E90N 330i   Exhaust manifold with catalyst','');
insert into Diagram values('PM12-18_0589','PM12-20080600','18-20','E90N 330i   Exhaust system, rear','');
insert into Diagram values('PM12-18_0612','PM12-20080600','18-20','E90N 330i   Vacuum control, exhaust flap','');
insert into Diagram values('PM12-18_0740','PM12-20080600','18-20','E90N 330i   Exhaust system, rear','');
insert into Diagram values('PM12-18_0797','PM12-20080600','18-95','E90N 330i   BMW Performance muffler system','');
insert into Diagram values('PM12-21_0227','PM12-20080600','21-05','E90N 330i   Clutch','');
insert into Diagram values('PM12-21_0208','PM12-20080600','21-10','E90N 330i   Clutch control','');
insert into Diagram values('PM12-22_0113','PM12-20080600','22-05','E90N 330i   Engine Suspension','');
insert into Diagram values('PM12-22_0106','PM12-20080600','22-10','E90N 330i   Gearbox suspension','');
insert into Diagram values('PM12-23_0918','PM12-20080600','23-05','E90N 330i   Manual transmission GS6-37BZ/DZ','');
insert into Diagram values('PM12-23_0979','PM12-20080600','23-10','E90N 330i   GEARBOX MOUNTING PARTS','');
insert into Diagram values('PM12-23_1053','PM12-20080600','23-15','E90N 330i   GS6-37BZ/DZ Sealing and mount. parts','');
insert into Diagram values('PM12-23_1054','PM12-20080600','23-15','E90N 330i   GS6-37BZ/DZ Gear shift components','');
insert into Diagram values('PM12-24_1024','PM12-20080600','24-05','E90N 330i   Automatic transmission GA6HP19Z','');
insert into Diagram values('PM12-24_1059','PM12-20080600','24-10','E90N 330i   GEARBOX MOUNTING PARTS','');
insert into Diagram values('PM12-24_1042','PM12-20080600','24-15','E90N 330i   GA6HP19Z housing with mounting parts','');
insert into Diagram values('PM12-24_1044','PM12-20080600','24-15','E90N 330i   GA6HP19Z oil pan','');
insert into Diagram values('PM12-24_1045','PM12-20080600','24-15','E90N 330i   GA6HP19Z output','');
insert into Diagram values('PM12-24_1047','PM12-20080600','24-15','E90N 330i   GA6HP19Z Mechatronics mounting parts','');
insert into Diagram values('PM12-24_1372','PM12-20080600','24-15','E90N 330i   Fluid-change kit, autom. transmission','');
insert into Diagram values('PM12-25_0388','PM12-20080600','25-05','E90N 330i   Gearbox shifting part','');
insert into Diagram values('PM12-25_0454','PM12-20080600','25-10','E90N 330i   GEAR SHIFT KNOBS/SHIFT LEVER COVERINGS','');
insert into Diagram values('PM12-25_0461','PM12-20080600','25-10','E90N 330i   Performance shift knob','');
insert into Diagram values('PM12-25_0435','PM12-20080600','25-20','E90N 330i   AUTOM.TRANSMISS.STEPTRONIC SHIFT PARTS','');
insert into Diagram values('PM12-25_0404','PM12-20080600','25-25','E90N 330i   Selector lever handles / Covers','');
insert into Diagram values('PM12-25_0416','PM12-20080600','25-95','E90N 330i   Retrofit, wooden gearshift knob','');
insert into Diagram values('PM12-25_0417','PM12-20080600','25-95','E90N 330i   Retrofit, wooden selector lever knob','');
insert into Diagram values('PM12-25_0437','PM12-20080600','25-95','E90N 330i   Sports gearshift knob','');
insert into Diagram values('PM12-25_0463','PM12-20080600','25-95','E90N 330i   Retrofit, sport switch knob','');
insert into Diagram values('PM12-25_0464','PM12-20080600','25-95','E90N 330i   Retrofit, selector lever grip','');
insert into Diagram values('PM12-25_0470','PM12-20080600','25-95','E90N 330i   BMW Performance shift, manual trans.','');
insert into Diagram values('PM12-25_0479','PM12-20080600','25-95','E90N 330i   BMW Performance shift, manual trans.','');
insert into Diagram values('PM12-25_0484','PM12-20080600','25-95','E90N 330i   BMW Performance selector lever handle','');
insert into Diagram values('PM12-26_0216','PM12-20080600','26-05','E90N 330i   Drive shaft/HAG-universal joint','');
insert into Diagram values('PM12-26_0218','PM12-20080600','26-10','E90N 330i   Center bearing/HAG Hardy coupling','');
insert into Diagram values('PM12-31_0697','PM12-20080600','31-05','E90N 330i   HEADLIGHT VERTICAL AIM CONTROL SENSOR','');
insert into Diagram values('PM12-31_0715','PM12-20080600','31-05','E90N 330i   Frnt axle support,wishbone/tension strut','');
insert into DiagramParts values('PM12-31_0694-31316786001', 'PM12-31_0694', 01, 'LEFT FRONT SPRING STRUT', 'SACHS', 1, to_date('20090901','YYYYMMDD'), to_date('20100301','YYYYMMDD'), '31316786001', '$281.25', '', false);
insert into DiagramParts values('PM12-31_0694-31316786002', 'PM12-31_0694', 01, 'FRONT RIGHT SPRING STRUT', 'SACHS', 1, to_date('20090901','YYYYMMDD'), to_date('20100301','YYYYMMDD'), '31316786002', '$281.25', '', false);
insert into DiagramParts values('PM12-31_0694-31316786003', 'PM12-31_0694', 01, 'LEFT FRONT SPRING STRUT', 'SACHS', 1, to_date('20090901','YYYYMMDD'), to_date('20100301','YYYYMMDD'), '31316786003', '$309.71', '', false);
insert into DiagramParts values('PM12-31_0694-31316786004', 'PM12-31_0694', 01, 'FRONT RIGHT SPRING STRUT', 'SACHS', 1, to_date('20090901','YYYYMMDD'), to_date('20100301','YYYYMMDD'), '31316786004', '$309.71', '', false);
insert into Diagram values('PM12-31_0694','PM12-20080600','31-10','E90N 330i   Front Spring strut/Carrier/Wheel bearing','');
insert into Diagram values('PM12-31_0698','PM12-20080600','31-10','E90N 330i   FRONT COIL SPRING','');
insert into Diagram values('PM12-31_0716','PM12-20080600','31-10','E90N 330i   GUIDE SUPPORT/SPRING PAD/ATTACHING PARTS','');
insert into Diagram values('PM12-31_0728','PM12-20080600','31-10','E90N 330i   Stabilizer, front','');
insert into Diagram values('PM12-31_0839','PM12-20080600','31-95','E90N 330i   Performance suspension','');
insert into Diagram values('PM12-32_1562','PM12-20080600','32-10','E90N 330i   Hydro steering box-Active steering (AFS)','');
insert into Diagram values('PM12-32_1571','PM12-20080600','32-10','E90N 330i   Control unit, active steering','');
insert into Diagram values('PM12-32_1660','PM12-20080600','32-12','E90N 330i   Steering unit, electric (EPS)','');
insert into Diagram values('PM12-32_1573','PM12-20080600','32-15','E90N 330i   Power steering pump/Active steering','');
insert into Diagram values('PM12-32_1568','PM12-20080600','32-20','E90N 330i   Oil reservoir/components/Active steering','');
insert into Diagram values('PM12-32_1574','PM12-20080600','32-20','E90N 330i   Power steering/oil pipe/Active steering','');
insert into Diagram values('PM12-32_1575','PM12-20080600','32-20','E90N 330i   Power steering/oil pipe/Active steering','');
insert into Diagram values('PM12-32_1510','PM12-20080600','32-25','E90N 330i   STEERING LINKAGE/TIE RODS','');
insert into Diagram values('PM12-32_1515','PM12-20080600','32-30','E90N 330i   Manually adjust. steering column','');
insert into Diagram values('PM12-32_1516','PM12-20080600','32-30','E90N 330i   STEER.COL.-LOWER JOINT ASSY','');
insert into Diagram values('PM12-32_1518','PM12-20080600','32-35','E90N 330i   Airbag sports steering wheel','');
insert into Diagram values('PM12-32_1519','PM12-20080600','32-35','E90N 330i   Airbag sports steering wheel multifunct.','');
insert into Diagram values('PM12-32_1564','PM12-20080600','32-35','E90N 330i   Leather steering wheel','');
insert into Diagram values('PM12-32_1565','PM12-20080600','32-35','E90N 330i   Steering wheel, leather, multif./airbag','');
insert into Diagram values('PM12-32_1566','PM12-20080600','32-35','E90N 330i   Sports st. wheel airbag multif./paddles','');
insert into Diagram values('PM12-32_1605','PM12-20080600','32-35','E90N 330i   M sports steer.-wheel, airbag, leather','');
insert into Diagram values('PM12-32_1617','PM12-20080600','32-35','E90N 330i   M sports strng whl,airbag,multifunction','');
insert into Diagram values('PM12-32_1635','PM12-20080600','32-35','E90N 330i   M Sp. st. wh. airbag multif./paddles','');
insert into Diagram values('PM12-32_1654','PM12-20080600','32-35','E90N 330i   Leather cover','');
insert into Diagram values('PM12-32_1590','PM12-20080600','32-95','E90N 330i   Cover for wood steering wheel','');
insert into Diagram values('PM12-32_1592','PM12-20080600','32-95','E90N 330i   Retrofit multi-functional steering wheel','');
insert into Diagram values('PM12-32_1730','PM12-20080600','32-95','E90N 330i   Cover, steering wheel','');
insert into Diagram values('PM12-32_1731','PM12-20080600','32-95','E90N 330i   Cover, multi-funct.steering wheel','');
insert into Diagram values('PM12-32_1773','PM12-20080600','32-95','E90N 330i   Performance steering wheel with display','');
insert into Diagram values('PM12-32_1778','PM12-20080600','32-95','E90N 330i   Performance steering wheel with display','');
insert into Diagram values('PM12-32_1834','PM12-20080600','32-95','E90N 330i   Performance steering wheel','');
insert into Diagram values('PM12-32_1835','PM12-20080600','32-95','E90N 330i   Performance steering wheel','');
insert into Diagram values('PM12-32_1838','PM12-20080600','32-95','E90N 330i   Retrofit, Servotronic','');
insert into Diagram values('PM12-32_1997','PM12-20080600','32-95','E90N 330i   Retrofit, Servotronic','');
insert into Diagram values('PM12-33_1250','PM12-20080600','33-05','E90N 330i   DIFFERENTIAL-DRIVE/OUTPUT','');
insert into Diagram values('PM12-33_1341','PM12-20080600','33-10','E90N 330i   Final drive, gasket set','');
insert into Diagram values('PM12-33_1252','PM12-20080600','33-25','E90N 330i   Output shaft','');
insert into Diagram values('PM12-33_1229','PM12-20080600','33-30','E90N 330i   REAR AXLE CARRIER','');
insert into Diagram values('PM12-33_1230','PM12-20080600','33-30','E90N 330i   REAR AXLE SUPPORT/WHEEL SUSPENSION','');
insert into Diagram values('PM12-33_1237','PM12-20080600','33-30','E90N 330i   HEADLIGHT VERTICAL AIM CONTROL SENSOR','');
insert into Diagram values('PM12-33_1231','PM12-20080600','33-40','E90N 330i   SIDE SHAFT/WHEEL BEARINGS','');
insert into Diagram values('PM12-33_1238','PM12-20080600','33-45','E90N 330i   REAR COIL SPRING','');
insert into DiagramParts values('PM12-33_1263-33526771725', 'PM12-33_1263', 01, 'Shock absorber, rear', 'SACHS', 2, to_date('20090901','YYYYMMDD'), to_date('20100301','YYYYMMDD'), '33526771725', '$150.86', '', false);
insert into DiagramParts values('PM12-33_1263-33526771729', 'PM12-33_1263', 01, 'Shock absorber, rear', 'SACHS', 2, to_date('20090901','YYYYMMDD'), to_date('20100301','YYYYMMDD'), '33526771729', '$165.96', '', false);
insert into Diagram values('PM12-33_1263','PM12-20080600','33-45','E90N 330i   REAR SPRING STRUT MOUNTING PARTS','');
insert into Diagram values('PM12-33_1280','PM12-20080600','33-45','E90N 330i   Stabilizer, rear','');
insert into DiagramParts values('PM12-33_1502-31316786003', 'PM12-33_1502', 01, 'LEFT FRONT SPRING STRUT', 'SACHS', 1, to_date('20090901','YYYYMMDD'), to_date('20100301','YYYYMMDD'), '31316786003', '$309.71', '', false);
insert into DiagramParts values('PM12-33_1502-31316786004', 'PM12-33_1502', 01, 'FRONT RIGHT SPRING STRUT', 'SACHS', 1, to_date('20090901','YYYYMMDD'), to_date('20100301','YYYYMMDD'), '31316786004', '$309.71', '', false);
insert into DiagramParts values('PM12-33_1502-33526771729', 'PM12-33_1502', 02, 'Shock absorber, rear', 'SACHS', 2, to_date('20090901','YYYYMMDD'), to_date('20100301','YYYYMMDD'), '33526771729', '$165.96', '', false);
insert into Diagram values('PM12-33_1502','PM12-20080600','33-95','E90N 330i   Single parts for M Sport suspension','');
insert into Diagram values('PM12-34_1770','PM12-20080600','34-05','E90N 330i   Front brake pad wear sensor','');
insert into Diagram values('PM12-34_1771','PM12-20080600','34-05','E90N 330i   Front brake pad wear sensor','');
insert into Diagram values('PM12-34_1772','PM12-20080600','34-05','E90N 330i   Front brake pad wear sensor','');
insert into Diagram values('PM12-34_1475','PM12-20080600','34-07','E90N 330i   Front brake-brake disc','');
insert into Diagram values('PM12-34_1476','PM12-20080600','34-10','E90N 330i   Rear brake pad wear sensor','');
insert into Diagram values('PM12-34_1478','PM12-20080600','34-12','E90N 330i   Rear wheel brake-Brake disc','');
insert into Diagram values('PM12-34_1486','PM12-20080600','34-15','E90N 330i   Brake pipe, front','');
insert into DiagramParts values('PM12-34_1487-34326784066', 'PM12-34_1487', 03, 'Pipe', 'M10/M12', 1, to_date('20050701','YYYYMMDD'), to_date('20110401','YYYYMMDD'), '34326784066', '', 'ENDED', false);
insert into DiagramParts values('PM12-34_1487-34326770555', 'PM12-34_1487', 04, 'Pipe', 'M10/M10-1188MM', 1, to_date('20050701','YYYYMMDD'), to_date('20110401','YYYYMMDD'), '34326770555', '', 'ENDED', false);
insert into Diagram values('PM12-34_1487','PM12-20080600','34-15','E90N 330i   Brake pipe, front','');
insert into Diagram values('PM12-34_1806','PM12-20080600','34-17','E90N 330i   Brake pipe rear','');
insert into Diagram values('PM12-34_1807','PM12-20080600','34-17','E90N 330i   Brake pipe rear','');
insert into Diagram values('PM12-34_1808','PM12-20080600','34-17','E90N 330i   Brake pipe rear','');
insert into Diagram values('PM12-34_1489','PM12-20080600','34-18','E90N 330i   BRAKE PIPE REAR/MOUNTING','');
insert into DiagramParts values('PM12-34_1695-34506863814', 'PM12-34_1695', 04, 'Torx screw with collar', 'M6X9-8.8-ZNNIV', 3, to_date('20080901','YYYYMMDD'), to_date('20130701','YYYYMMDD'), '34506863814', '', '', false);
insert into Diagram values('PM12-34_1695','PM12-20080600','34-20','E90N 330i   Hydro unit DSC/fastening/sensors','');
insert into Diagram values('PM12-34_1483','PM12-20080600','34-25','E90N 330i   Brake master cylinder','');
insert into Diagram values('PM12-34_1556','PM12-20080600','34-27','E90N 330i   Power brake unit depression','');
insert into Diagram values('PM12-34_1484','PM12-20080600','34-30','E90N 330i   Handbrake lever','');
insert into Diagram values('PM12-34_1485','PM12-20080600','34-40','E90N 330i   PARKING BRAKE/BRAKE SHOES','');
insert into Diagram values('PM12-34_1513','PM12-20080600','34-95','E90N 330i   Retrofit, handbrake handle','');
insert into Diagram values('PM12-34_1562','PM12-20080600','34-95','E90N 330i   Handbrake grip with chrome inlay','');
insert into Diagram values('PM12-34_1631','PM12-20080600','34-95','E90N 330i   Parking brake handle with clip','');
insert into Diagram values('PM12-34_1679','PM12-20080600','34-95','E90N 330i   Set of BMW Performance Brakes front/rear','');
insert into Diagram values('PM12-34_1681','PM12-20080600','34-95','E90N 330i   BMW Performance front wheel brake','');
insert into Diagram values('PM12-34_1687','PM12-20080600','34-95','E90N 330i   BMW Performance Rear wheel brake','');
insert into Diagram values('PM12-34_1717','PM12-20080600','34-95','E90N 330i   BMW Performance parking brake handle','');
insert into Diagram values('PM12-35_0291','PM12-20080600','35-05','E90N 330i   Foot lever mech. with return spring','');
insert into Diagram values('PM12-35_0292','PM12-20080600','35-05','E90N 330i   Foot lever mech. with return spring','');
insert into Diagram values('PM12-35_0293','PM12-20080600','35-05','E90N 330i   Pedal assembly','');
insert into Diagram values('PM12-35_0294','PM12-20080600','35-05','E90N 330i   Pedal assembly','');
insert into Diagram values('PM12-35_0274','PM12-20080600','35-20','E90N 330i   Acceleration/accelerator pedal module','');
insert into Diagram values('PM12-35_0275','PM12-20080600','35-95','E90N 330i   Aluminum pedal covers','');
insert into Diagram values('PM12-35_0315','PM12-20080600','35-95','E90N 330i   Set of high-grade steel pedal covers','');
insert into Diagram values('PM12-35_0327','PM12-20080600','35-95','E90N 330i   BMW Performance Alu pedal plates','');
insert into Diagram values('PM12-35_0377','PM12-20080600','35-95','E90N 330i   Aluminum pedal covers','');
insert into Diagram values('PM12-36_0840','PM12-20080600','36-15','E90N 330i   BMW light alloy wheel, spider spoke 158','');
insert into Diagram values('PM12-36_0841','PM12-20080600','36-15','E90N 330i   BMW light alloy wheel, spider spoke 159','');
insert into Diagram values('PM12-36_0842','PM12-20080600','36-15','E90N 330i   BMW light alloy wheel, spider spoke 160','');
insert into Diagram values('PM12-36_0843','PM12-20080600','36-15','E90N 330i   BMW alloy wheel, double spoke 161','');
insert into Diagram values('PM12-36_0844','PM12-20080600','36-15','E90N 330i   BMW LA wheel, ellipsoid styling 162','');
insert into Diagram values('PM12-36_0845','PM12-20080600','36-15','E90N 330i   BMW light alloy wheel, radial spoke 32','');
insert into Diagram values('PM12-36_0846','PM12-20080600','36-15','','');
insert into Diagram values('PM12-36_0847','PM12-20080600','36-15','E90N 330i   BMW LA wheel/double spoke 195','');
insert into Diagram values('PM12-36_0848','PM12-20080600','36-15','E90N 330i   BMW light alloy wheel, radial spoke 196','');
insert into Diagram values('PM12-36_0849','PM12-20080600','36-15','E90N 330i   BMW light alloy wheel, cross spoke 197','');
insert into Diagram values('PM12-36_0850','PM12-20080600','36-15','E90N 330i   BMW composite wheel, radial spoke 198','');
insert into Diagram values('PM12-36_0851','PM12-20080600','36-15','E90N 330i   BMW light alloy wheel, spider spoke 199','');
insert into Diagram values('PM12-36_0900','PM12-20080600','36-15','E90N 330i   BMW light alloy wheel, radial spoke 216','');
insert into Diagram values('PM12-36_0929','PM12-20080600','36-15','E90N 330i   BMW LA Individual wheel V-spoke 152','');
insert into Diagram values('PM12-36_0930','PM12-20080600','36-15','E90N 330i   BMW alloy wheel, M spider spoke 193','');
insert into Diagram values('PM12-36_0931','PM12-20080600','36-15','E90N 330i   BMW alloy wheel, M double spoke 194','');
insert into Diagram values('PM12-36_0972','PM12-20080600','36-15','E90N 330i   BMW light alloy wheel, spider spoke 157','');
insert into Diagram values('PM12-36_0973','PM12-20080600','36-15','E90N 330i   BMW LA wheel, star spoke 185','');
insert into Diagram values('PM12-36_0974','PM12-20080600','36-15','E90N 330i   BMW light alloy wheel, spider spoke 187','');
insert into Diagram values('PM12-36_0975','PM12-20080600','36-15','E90N 330i   BMW light alloy wheel, V-spoke 188','');
insert into Diagram values('PM12-36_0976','PM12-20080600','36-15','E90N 330i   BMW LA wheel, star spoke 189','');
insert into Diagram values('PM12-36_0978','PM12-20080600','36-15','E90N 330i   BMW LA wheel, star spoke 230','');
insert into Diagram values('PM12-36_0980','PM12-20080600','36-15','E90N 330i   BMW LA forged wheel Radial Spoke 190','');
insert into Diagram values('PM12-36_0988','PM12-20080600','36-15','E90N 330i   BMW compound wheel M cross spoke 101','');
insert into Diagram values('PM12-36_1067','PM12-20080600','36-15','E90N 330i   BMW LA wheel Individual w. V spokes 228','');
insert into Diagram values('PM12-36_1127','PM12-20080600','36-15','E90N 330i   BMW alloy wheel, M double spoke 225','');
insert into Diagram values('PM12-36_1134','PM12-20080600','36-15','E90N 330i   BMW Performance LA wheel/double spoke269','');
insert into Diagram values('PM12-36_1288','PM12-20080600','36-15','E90N 330i   BMW LA wheel, multispoke 284','');
insert into Diagram values('PM12-36_1289','PM12-20080600','36-15','E90N 330i   BMW LA wheel, V-spoke 285','');
insert into Diagram values('PM12-36_1290','PM12-20080600','36-15','E90N 330i   BMW LA wheel, star spoke 286','');
insert into Diagram values('PM12-36_1291','PM12-20080600','36-15','E90N 330i   BMW LA wheel, star spoke 287','');
insert into Diagram values('PM12-36_1293','PM12-20080600','36-15','E90N 330i   BMW LA cast wheel Radial Spoke 190','');
insert into Diagram values('PM12-36_1317','PM12-20080600','36-15','E90N 330i   BMW LA wheel, Star Spoke 311','');
insert into Diagram values('PM12-36_1318','PM12-20080600','36-15','E90N 330i   BMW Performance LA wheel DoubleSpoke 313','');
insert into Diagram values('PM12-36_1467','PM12-20080600','36-15','E90N 330i   BMW LA wheel, V Spoke 342','');
insert into Diagram values('PM12-36_1478','PM12-20080600','36-15','E90N 330i   BMW LA wheel, Star Spoke 339','');
insert into Diagram values('PM12-36_1479','PM12-20080600','36-15','E90N 330i   BMW LA wheel, V Spoke 338','');
insert into Diagram values('PM12-36_1480','PM12-20080600','36-15','E90N 330i   BMW LA wheel, Star Spoke 340','');
insert into Diagram values('PM12-36_1481','PM12-20080600','36-15','E90N 330i   BMW LAW Double Spoke Performance 313','');
insert into Diagram values('PM12-36_1501','PM12-20080600','36-15','E90N 330i   BMW LA wheel, M Double Spoke 313','');
insert into Diagram values('PM12-36_0812','PM12-20080600','36-20','E90N 330i   Balance weight, zinc','');
insert into Diagram values('PM12-36_0811','PM12-20080600','36-25','E90N 330i   WHEEL BOLT LOCK WITH ADAPTOR','');
insert into Diagram values('PM12-36_1032','PM12-20080600','36-25','E90N 330i   SET WHEEL LOCKS','');
insert into Diagram values('PM12-36_1077','PM12-20080600','36-30','E90N 330i   Winter tires','');
insert into Diagram values('PM12-36_1668','PM12-20080600','36-30','E90N 330i   Summer tires','');
insert into Diagram values('PM12-36_0918','PM12-20080600','36-95','E90N 330i   Winter complete wheel double spoke 158','');
insert into Diagram values('PM12-36_0957','PM12-20080600','36-95','E90N 330i   COMPL.WINT.TYRE+WHEEL,RADIAL STYLING 32','');
insert into Diagram values('PM12-36_1170','PM12-20080600','36-95','E90N 330i   Winterkomplettrad Sternspeiche 159','');
insert into Diagram values('PM12-36_1274','PM12-20080600','36-95','E90N 330i   Set emergency wheel with tyre','');
insert into Diagram values('PM12-36_1430','PM12-20080600','36-95','E90N 330i   Winter complete wheel, Multi Spoke 284','');
insert into Diagram values('PM12-36_1449','PM12-20080600','36-95','E90N 330i   Spare tire system','');
insert into Diagram values('PM12-41_1670','PM12-20080600','41-05','E90N 330i   Body skeleton','');
insert into Diagram values('PM12-41_1596','PM12-20080600','41-10','E90N 330i   Front side panel','');
insert into Diagram values('PM12-41_1597','PM12-20080600','41-10','E90N 330i   WHEELHOUSE/ENGINE SUPPORT','');
insert into Diagram values('PM12-41_1598','PM12-20080600','41-10','E90N 330i   SPLASH WALL PARTS','');
insert into Diagram values('PM12-41_1599','PM12-20080600','41-10','E90N 330i   FRONT BODY BRACKET LEFT','');
insert into Diagram values('PM12-41_1600','PM12-20080600','41-10','E90N 330i   FRONT BODY BRACKET RIGHT','');
insert into Diagram values('PM12-41_1605','PM12-20080600','41-20','E90N 330i   Partition trunk/Floor parts','');
insert into Diagram values('PM12-41_1637','PM12-20080600','41-20','E90N 330i   Cavity shielding, side frame','');
insert into Diagram values('PM12-41_1642','PM12-20080600','41-20','E90N 330i   BODY-SIDE FRAME','');
insert into Diagram values('PM12-41_1643','PM12-20080600','41-20','E90N 330i   SINGLE COMPONENTS FOR BODY-SIDE FRAME','');
insert into Diagram values('PM12-41_1673','PM12-20080600','41-25','E90N 330i   Mounting parts for trunk floor panel','');
insert into Diagram values('PM12-41_1674','PM12-20080600','41-25','E90N 330i   FLOOR PARTS REAR EXTERIOR','');
insert into Diagram values('PM12-41_1675','PM12-20080600','41-25','E90N 330i   Rear side panel','');
insert into Diagram values('PM12-41_1676','PM12-20080600','41-25','E90N 330i   FILL-IN FLAP','');
insert into Diagram values('PM12-41_1601','PM12-20080600','41-30','E90N 330i   Roof','');
insert into Diagram values('PM12-41_1641','PM12-20080600','41-35','E90N 330i   ENGINE HOOD MECHANISM','');
insert into Diagram values('PM12-41_2205','PM12-20080600','41-35','E90N 330i   ENGINE HOOD/MOUNTING PARTS','');
insert into Diagram values('PM12-41_1612','PM12-20080600','41-40','E90N 330i   FRONT DOOR-HINGE/DOOR BRAKE','');
insert into Diagram values('PM12-41_1635','PM12-20080600','41-40','E90N 330i   Door weatherstrip front','');
insert into Diagram values('PM12-41_1639','PM12-20080600','41-40','E90N 330i   Radio remote control','');
insert into Diagram values('PM12-41_1973','PM12-20080600','41-40','E90N 330i   DOOR CONTROL FRONT','');
insert into Diagram values('PM12-41_1613','PM12-20080600','41-45','E90N 330i   Door rear, hinge/door brake','');
insert into Diagram values('PM12-41_1634','PM12-20080600','41-45','E90N 330i   DOOR CONTROL REAR','');
insert into Diagram values('PM12-41_1636','PM12-20080600','41-45','E90N 330i   Door weatherstrip rear','');
insert into Diagram values('PM12-41_1678','PM12-20080600','41-50','E90N 330i   Master key locking','');
insert into Diagram values('PM12-41_1638','PM12-20080600','41-60','E90N 330i   SINGLE COMPONENTS FOR TRUNK LID','');
insert into Diagram values('PM12-41_1677','PM12-20080600','41-60','E90N 330i   TRUNK LID/CLOSING SYSTEM','');
insert into Diagram values('PM12-41_1607','PM12-20080600','41-65','E90N 330i   MECHANICAL CONNECTION ELEMENTS','');
insert into Diagram values('PM12-51_5644','PM12-20080600','51-05','E90N 330i   Glazing','');
insert into DiagramParts values('PM12-51_6939-51167158902', 'PM12-51_6939', 01, 'Mirror glas, heated, wide-angle, right', 'BLAU', 1, to_date('20080901','YYYYMMDD'), to_date('20090301','YYYYMMDD'), '51167158902', '', '', false);
insert into DiagramParts values('PM12-51_6939-51167158910', 'PM12-51_6939', 03, 'Mirror glas, heated, wide-angle, right', 'BLAU', 1, to_date('20080901','YYYYMMDD'), to_date('20090301','YYYYMMDD'), '51167158910', '', '', false);
insert into Diagram values('PM12-51_6939','PM12-20080600','51-07','E90N 330i   MIRROR GLASS','');
insert into Diagram values('PM12-51_6940','PM12-20080600','51-07','E90N 330i   Mirror glas with auto dip','');
insert into Diagram values('PM12-51_6946','PM12-20080600','51-07','E90N 330i   Outside mirror','');
insert into Diagram values('PM12-51_6947','PM12-20080600','51-07','E90N 330i   Fold-in outside mirror','');
insert into Diagram values('PM12-51_6948','PM12-20080600','51-07','E90N 330i   Outside mirror bright-black','');
insert into Diagram values('PM12-51_6949','PM12-20080600','51-07','E90N 330i   Fold-in outside mirror, bright-black','');
insert into Diagram values('PM12-51_5713','PM12-20080600','51-10','E90N 330i   Window frame cover, front door','');
insert into Diagram values('PM12-51_5730','PM12-20080600','51-10','E90N 330i   DOOR WINDOW LIFTING MECHANISM FRONT','');
insert into Diagram values('PM12-51_5723','PM12-20080600','51-12','E90N 330i   Window frame cover, rear door','');
insert into Diagram values('PM12-51_5731','PM12-20080600','51-12','E90N 330i   DOOR WINDOW LIFTING MECHANISM REAR','');
insert into Diagram values('PM12-51_5812','PM12-20080600','51-15','E90N 330i   Carrier, bumper front','');
insert into Diagram values('PM12-51_6966','PM12-20080600','51-15','E90N 330i   Trim panel, bumper, front','');
insert into Diagram values('PM12-51_7022','PM12-20080600','51-15','E90N 330i   M FRONT BUMPER TRIM PANEL','');
insert into Diagram values('PM12-51_7019','PM12-20080600','51-16','E90N 330i   M door sill trim panel','');
insert into Diagram values('PM12-51_7020','PM12-20080600','51-16','E90N 330i   Door sill','');
insert into Diagram values('PM12-51_5824','PM12-20080600','51-17','E90N 330i   Carrier, bumper rear','');
insert into Diagram values('PM12-51_5828','PM12-20080600','51-17','E90N 330i   Bumper trim panel, rear','');
insert into Diagram values('PM12-51_5829','PM12-20080600','51-17','E90N 330i   REAR BUMPER MOUNTING PARTS','');
insert into Diagram values('PM12-51_5973','PM12-20080600','51-17','E90N 330i   M REAR BUMPER TRIM','');
insert into Diagram values('PM12-51_5732','PM12-20080600','51-20','E90N 330i   Exterior trim and door seals','');
insert into Diagram values('PM12-51_5740','PM12-20080600','51-20','E90N 330i   Exterior trim / Grille / Seals','');
insert into Diagram values('PM12-51_5849','PM12-20080600','51-20','E90N 330i   Emblems','');
insert into Diagram values('PM12-51_6004','PM12-20080600','51-25','E90N 330i   Police sticker','');
insert into Diagram values('PM12-51_6674','PM12-20080600','51-25','E90N 330i   Paramedic sticker','');
insert into Diagram values('PM12-51_5710','PM12-20080600','51-30','E90N 330i   Trim panel dashboard, support tube','');
insert into Diagram values('PM12-51_5719','PM12-20080600','51-30','E90N 330i   Cup holder','');
insert into Diagram values('PM12-51_5721','PM12-20080600','51-30','E90N 330i   GLOVE BOX','');
insert into Diagram values('PM12-51_9121','PM12-20080600','51-30','E90N 330i   Mounting parts, I-panel, bottom I','');
insert into Diagram values('PM12-51_9185','PM12-20080600','51-30','E90N 330i   Mounting parts, I-panel, top','');
insert into Diagram values('PM12-51_5722','PM12-20080600','51-35','E90N 330i   CENTER CONSOLE STORING PARTITION','');
insert into Diagram values('PM12-51_5724','PM12-20080600','51-35','E90N 330i   STORING PARTITION COVER','');
insert into Diagram values('PM12-51_5725','PM12-20080600','51-35','E90N 330i   Mounting parts, center console, rear','');
insert into Diagram values('PM12-51_5726','PM12-20080600','51-35','E90N 330i   Armrest, centre console','');
insert into DiagramParts values('PM12-51_5830-51169221750', 'PM12-51_5830', 01, 'Rearview mirror EC/LED/GTO/FLA/RC', '868 MHZ', 1, to_date('20090901','YYYYMMDD'), to_date('20100301','YYYYMMDD'), '51169221750', '', 'ENDED', false);
insert into Diagram values('PM12-51_5830','PM12-20080600','51-40','E90N 330i   Interior mirror','');
insert into Diagram values('PM12-51_5832','PM12-20080600','51-40','E90N 330i   Sun visors','');
insert into Diagram values('PM12-51_5834','PM12-20080600','51-40','E90N 330i   Handle','');
insert into Diagram values('PM12-51_5839','PM12-20080600','51-40','E90N 330i   Trim panel A- / B- / C-Column','');
insert into Diagram values('PM12-51_5840','PM12-20080600','51-40','E90N 330i   Headlining','');
insert into Diagram values('PM12-51_5842','PM12-20080600','51-40','E90N 330i   Rear window shelf / sun blind electr.','');
insert into Diagram values('PM12-51_5716','PM12-20080600','51-45','E90N 330i   Interior moldings Titan Line','');
insert into Diagram values('PM12-51_5717','PM12-20080600','51-45','E90N 330i   Interior trim finishers, aluminium','');
insert into Diagram values('PM12-51_5718','PM12-20080600','51-45','E90N 330i   Fine wood trim burr walnut','');
insert into Diagram values('PM12-51_6601','PM12-20080600','51-45','E90N 330i   Interior strips, aluminum, glaciersilber','');
insert into Diagram values('PM12-51_6984','PM12-20080600','51-45','E90N 330i   Alum. interior strips ground lengthwise','');
insert into Diagram values('PM12-51_6986','PM12-20080600','51-45','E90N 330i   Interior strips, high-gloss, spacegrau','');
insert into Diagram values('PM12-51_7035','PM12-20080600','51-45','E90N 330i   Interior strips, diamantschwarz','');
insert into Diagram values('PM12-51_7038','PM12-20080600','51-45','E90N 330i   Fine woodgrain version, walnut trunk','');
insert into Diagram values('PM12-51_7097','PM12-20080600','51-45','E90N 330i   Interior strips, satin-silber','');
insert into Diagram values('PM12-51_7803','PM12-20080600','51-45','E90N 330i   Int. strips, bamboo, grained, anthracite','');
insert into Diagram values('PM12-51_7950','PM12-20080600','51-45','E90N 330i   Interior moldings, platin-bronze','');
insert into Diagram values('PM12-51_5835','PM12-20080600','51-50','E90N 330i   Door trim panel, front','');
insert into Diagram values('PM12-51_5836','PM12-20080600','51-50','E90N 330i   Door trim, rear','');
insert into Diagram values('PM12-51_5837','PM12-20080600','51-50','E90N 330i   Door panel, rear window blind','');
insert into Diagram values('PM12-51_6592','PM12-20080600','51-50','E90N 330i   Armrest, door panel, front','');
insert into Diagram values('PM12-51_5690','PM12-20080600','51-55','E90N 330i   Floor mats, velours','');
insert into Diagram values('PM12-51_5838','PM12-20080600','51-55','E90N 330i   TRIM PANEL LEG ROOM','');
insert into Diagram values('PM12-51_5841','PM12-20080600','51-55','E90N 330i   FLOOR COVERING','');
insert into Diagram values('PM12-51_5846','PM12-20080600','51-55','E90N 330i   EDGE PROTECTION/COVERINGS ROCKERS','');
insert into Diagram values('PM12-51_5847','PM12-20080600','51-65','E90N 330i   Trim panel, trunk floor','');
insert into Diagram values('PM12-51_5848','PM12-20080600','51-65','E90N 330i   LATERAL TRUNK FLOOR TRIM PANEL','');
insert into Diagram values('PM12-51_5850','PM12-20080600','51-65','E90N 330i   TRUNK LID TRIM PANEL','');
insert into Diagram values('PM12-51_6263','PM12-20080600','51-65','E90N 330i   Sliding comp. luggage comp./folding box','');
insert into Diagram values('PM12-51_6264','PM12-20080600','51-65','E90N 330i   Luggage compartment sill trim','');
insert into Diagram values('PM12-51_5851','PM12-20080600','51-70','E90N 330i   SOUND INSULATING FRONT','');
insert into Diagram values('PM12-51_5856','PM12-20080600','51-70','E90N 330i   SOUND INSULATING REAR','');
insert into Diagram values('PM12-51_5857','PM12-20080600','51-70','E90N 330i   Heat insulation','');
insert into Diagram values('PM12-51_5941','PM12-20080600','51-70','E90N 330i   Diesel encapsulation','');
insert into Diagram values('PM12-51_5858','PM12-20080600','51-75','E90N 330i   Front panel/body parts, engine compartm','');
insert into Diagram values('PM12-51_5860','PM12-20080600','51-75','E90N 330i   Shield,engine compartm./underfloor panel','');
insert into Diagram values('PM12-51_5862','PM12-20080600','51-75','E90N 330i   Wheel arch trim, front','');
insert into Diagram values('PM12-51_5863','PM12-20080600','51-75','E90N 330i   Wheel arch trim, rear','');
insert into Diagram values('PM12-51_5875','PM12-20080600','51-75','E90N 330i   Strut brace','');
insert into Diagram values('PM12-51_6216','PM12-20080600','51-75','E90N 330i   Underfloor coating','');
insert into Diagram values('PM12-51_6258','PM12-20080600','51-75','E90N 330i   Headlight arm/holder','');
insert into Diagram values('PM12-51_6275','PM12-20080600','51-75','E90N 330i   Front panel/cooling flap control','');
insert into Diagram values('PM12-51_5859','PM12-20080600','51-80','E90N 330i   Misc. body parts','');
insert into Diagram values('PM12-51_5861','PM12-20080600','51-80','E90N 330i   Seal, hood','');
insert into Diagram values('PM12-51_5865','PM12-20080600','51-80','E90N 330i   Sealing cap/plug','');
insert into Diagram values('PM12-51_4635','PM12-20080600','51-95','E90N 330i   Exterior mirror for towing','');
insert into Diagram values('PM12-51_4694','PM12-20080600','51-95','E90N 330i   Aluminum footrest','');
insert into Diagram values('PM12-51_4698','PM12-20080600','51-95','E90N 330i   Boot lashing strap','');
insert into Diagram values('PM12-51_5362','PM12-20080600','51-95','E90N 330i   Luggage compartment, folding','');
insert into Diagram values('PM12-51_5688','PM12-20080600','51-95','E90N 330i   Luggage compatment box "multifix"','');
insert into Diagram values('PM12-51_5697','PM12-20080600','51-95','E90N 330i   Illuminated door sill strip retrofit kit','');
insert into Diagram values('PM12-51_5738','PM12-20080600','51-95','E90N 330i   Umbrella with bag','');
insert into Diagram values('PM12-51_5739','PM12-20080600','51-95','E90N 330i   Storage sleeve DVD/CD','');
insert into Diagram values('PM12-51_5799','PM12-20080600','51-95','E90N 330i   Fitted luggage compartment mat','');
insert into Diagram values('PM12-51_5906','PM12-20080600','51-95','E90N 330i   Non-skid mat','');
insert into Diagram values('PM12-51_5918','PM12-20080600','51-95','E90N 330i   Retrofit:oddments tray luggage compartm.','');
insert into Diagram values('PM12-51_5919','PM12-20080600','51-95','E90N 330i   Retrofit: boot/trunk floor net','');
insert into Diagram values('PM12-51_5921','PM12-20080600','51-95','E90N 330i   Retrofit:oddments tray under load. floor','');
insert into Diagram values('PM12-51_5922','PM12-20080600','51-95','E90N 330i   Retrofit, fine wood trim, walnut root','');
insert into Diagram values('PM12-51_5924','PM12-20080600','51-95','E90N 330i   Alum. interior strips ground lengthwise','');
insert into Diagram values('PM12-51_5925','PM12-20080600','51-95','E90N 330i   Retrofit, armrest front, movable','');
insert into Diagram values('PM12-51_5927','PM12-20080600','51-95','E90N 330i   SUPPLEMENTARY SET SUN BLIND ELECTR.','');
insert into Diagram values('PM12-51_5928','PM12-20080600','51-95','E90N 330i   Retrofit rearview mirror w. auto dimmer','');
insert into Diagram values('PM12-51_5937','PM12-20080600','51-95','E90N 330i   Floor mats Commercial','');
insert into Diagram values('PM12-51_5938','PM12-20080600','51-95','E90N 330i   FLOOR MATS CITY','');
insert into Diagram values('PM12-51_5940','PM12-20080600','51-95','E90N 330i   Boot/trunk floor net','');
insert into Diagram values('PM12-51_5945','PM12-20080600','51-95','E90N 330i   Rubber mat','');
insert into Diagram values('PM12-51_5954','PM12-20080600','51-95','E90N 330i   Load edge protector','');
insert into Diagram values('PM12-51_5980','PM12-20080600','51-95','E90N 330i   Retrofit: heating outside mirror','');
insert into Diagram values('PM12-51_5981','PM12-20080600','51-95','E90N 330i   Door sill strip retrofit kit st. steel','');
insert into Diagram values('PM12-51_5997','PM12-20080600','51-95','E90N 330i   Pocket holder','');
insert into Diagram values('PM12-51_6019','PM12-20080600','51-95','E90N 330i   Floor mats, velours','');
insert into Diagram values('PM12-51_6029','PM12-20080600','51-95','E90N 330i   Carbon fiber package','');
insert into Diagram values('PM12-51_6038','PM12-20080600','51-95','E90N 330i   Rear spoiler','');
insert into Diagram values('PM12-51_6066','PM12-20080600','51-95','E90N 330i   Sunshade','');
insert into Diagram values('PM12-51_6068','PM12-20080600','51-95','E90N 330i   Retrofit, M cover, entrance','');
insert into Diagram values('PM12-51_6083','PM12-20080600','51-95','E90N 330i   Strut brace','');
insert into Diagram values('PM12-51_6165','PM12-20080600','51-95','E90N 330i   Luggage compartment clamping belts','');
insert into Diagram values('PM12-51_6174','PM12-20080600','51-95','E90N 330i   Retrofit, cup holder','');
insert into Diagram values('PM12-51_6243','PM12-20080600','51-95','E90N 330i   Interior moldings Carbon','');
insert into Diagram values('PM12-51_6259','PM12-20080600','51-95','E90N 330i   Retrofit M foot rest','');
insert into Diagram values('PM12-51_6283','PM12-20080600','51-95','E90N 330i   Load compartment protective cover','');
insert into Diagram values('PM12-51_6477','PM12-20080600','51-95','E90N 330i   Key fob','');
insert into Diagram values('PM12-51_6639','PM12-20080600','51-95','E90N 330i   Protective loading edge mat','');
insert into Diagram values('PM12-51_6695','PM12-20080600','51-95','E90N 330i   Storage net, footwell, front','');
insert into Diagram values('PM12-51_6778','PM12-20080600','51-95','E90N 330i   BMW Performance strut tower brace carbon','');
insert into Diagram values('PM12-51_6892','PM12-20080600','51-95','E90N 330i   Moulding rocker panels','');
insert into Diagram values('PM12-51_6973','PM12-20080600','51-95','E90N 330i   BMW Performance side stripes','');
insert into Diagram values('PM12-51_7030','PM12-20080600','51-95','E90N 330i   Retrofit kit M aerodyn. package','');
insert into Diagram values('PM12-51_7034','PM12-20080600','51-95','E90N 330i   Sun blind strips','');
insert into Diagram values('PM12-51_7061','PM12-20080600','51-95','E90N 330i   Non-skid mat','');
insert into Diagram values('PM12-51_7115','PM12-20080600','51-95','E90N 330i   BMW Performance Aerodynamics','');
insert into Diagram values('PM12-51_7116','PM12-20080600','51-95','E90N 330i   BMW Performance Aerodynamics, front','');
insert into Diagram values('PM12-51_7117','PM12-20080600','51-95','E90N 330i   BMW Performance Aerodynamics, rear','');
insert into Diagram values('PM12-51_7118','PM12-20080600','51-95','E90N 330i   BMW Performance Aerodynamics, rocker','');
insert into Diagram values('PM12-51_7142','PM12-20080600','51-95','E90N 330i   BMW Performance Aluminum footrest','');
insert into Diagram values('PM12-51_7144','PM12-20080600','51-95','E90N 330i   BMW Performance Interior moldings Carbon','');
insert into Diagram values('PM12-51_7149','PM12-20080600','51-95','E90N 330i   Attached part for front apron','');
insert into Diagram values('PM12-51_7152','PM12-20080600','51-95','E90N 330i   BMW Performance strut tower brace, alu','');
insert into Diagram values('PM12-51_7158','PM12-20080600','51-95','E90N 330i   Cover for mirror, carbon','');
insert into Diagram values('PM12-51_7191','PM12-20080600','51-95','E90N 330i   Retrofit trim grill','');
insert into Diagram values('PM12-51_7193','PM12-20080600','51-95','E90N 330i   Interior strips, high-gloss, grey','');
insert into Diagram values('PM12-51_7195','PM12-20080600','51-95','E90N 330i   Interior trim finishers black high-gloss','');
insert into Diagram values('PM12-51_7228','PM12-20080600','51-95','E90N 330i   BMW Performance door sill moldings','');
insert into Diagram values('PM12-51_7236','PM12-20080600','51-95','E90N 330i   Footmat update','');
insert into Diagram values('PM12-51_7302','PM12-20080600','51-95','E90N 330i   Luggage compartment pan','');
insert into Diagram values('PM12-51_7303','PM12-20080600','51-95','E90N 330i   ASHTRAY REAR','');
insert into Diagram values('PM12-51_7665','PM12-20080600','51-95','E90N 330i   Interior equipment, upper','');
insert into Diagram values('PM12-51_7713','PM12-20080600','51-95','E90N 330i   Multifunct.lugg.compartm.mat w.fold.cont','');
insert into Diagram values('PM12-51_7869','PM12-20080600','51-95','E90N 330i   Retrofit kit, interior trim, adhesive','');
insert into Diagram values('PM12-51_7896','PM12-20080600','51-95','E90N 330i   Retrofit kit, interior trim, adhesive','');
insert into Diagram values('PM12-51_8051','PM12-20080600','51-95','E90N 330i   First-aid kit, universal','');
insert into Diagram values('PM12-51_8522','PM12-20080600','51-95','E90N 330i   Travel & Comfort System','');
insert into Diagram values('PM12-51_8703','PM12-20080600','51-95','E90N 330i   Pocket set in interior','');
insert into Diagram values('PM12-51_8991','PM12-20080600','51-95','E90N 330i   Floor mat, Allweather','');
insert into Diagram values('PM12-52_3182','PM12-20080600','52-10','E90N 330i   Seat front, upholstery & cover base seat','');
insert into DiagramParts values('PM12-52_3183-52107246851', 'PM12-52_3183', 04, 'SEAT COVER LEATHER', 'GRAU', 1, to_date('20080901','YYYYMMDD'), to_date('20100901','YYYYMMDD'), '52107246851', '', 'ENDED', false);
insert into DiagramParts values('PM12-52_3183-52107246852', 'PM12-52_3183', 04, 'SEAT COVER LEATHER', 'BEIGE', 1, to_date('20080901','YYYYMMDD'), to_date('20100901','YYYYMMDD'), '52107246852', '', '+core, ENDED', false);
insert into DiagramParts values('PM12-52_3183-52107246838', 'PM12-52_3183', 04, 'SEAT COVER LEATHER', 'SCHWARZ', 1, to_date('20080901','YYYYMMDD'), to_date('20100901','YYYYMMDD'), '52107246838', '', 'ENDED', false);
insert into DiagramParts values('PM12-52_3183-52107257593', 'PM12-52_3183', 04, 'SEAT COVER LEATHER', 'OYSTER', 1, to_date('20090901','YYYYMMDD'), to_date('20100901','YYYYMMDD'), '52107257593', '', 'ENDED', false);
insert into DiagramParts values('PM12-52_3183-52107257594', 'PM12-52_3183', 04, 'SEAT COVER LEATHER', 'SATTELBRAUN', 1, to_date('20090901','YYYYMMDD'), to_date('20100901','YYYYMMDD'), '52107257594', '', 'ENDED', false);
insert into DiagramParts values('PM12-52_3183-52107257595', 'PM12-52_3183', 04, 'SEAT COVER LEATHER', 'ROTBRAUN', 1, to_date('20090901','YYYYMMDD'), to_date('20100901','YYYYMMDD'), '52107257595', '', '+core, ENDED', false);
insert into DiagramParts values('PM12-52_3183-52109156456', 'PM12-52_3183', 05, 'COVER BACKREST LEATHER RIGHT', 'GRAU', 1, to_date('20070401','YYYYMMDD'), to_date('20080901','YYYYMMDD'), '52109156456', '$695.57', '', false);
insert into DiagramParts values('PM12-52_3183-52109156458', 'PM12-52_3183', 05, 'COVER BACKREST LEATHER RIGHT', 'BEIGE', 1, to_date('20070401','YYYYMMDD'), to_date('20080901','YYYYMMDD'), '52109156458', '$695.57', '', false);
insert into DiagramParts values('PM12-52_3183-52109156454', 'PM12-52_3183', 05, 'COVER BACKREST LEATHER RIGHT', 'SCHWARZ', 1, to_date('20070401','YYYYMMDD'), to_date('20080901','YYYYMMDD'), '52109156454', '$695.57', '', false);
insert into Diagram values('PM12-52_3183','PM12-20080600','52-10','E90N 330i   Seat, front, uphlstry, cover, Sport seat','');
insert into Diagram values('PM12-52_3184','PM12-20080600','52-10','E90N 330i   Seat, front, lumbar','');
insert into Diagram values('PM12-52_3185','PM12-20080600','52-10','E90N 330i   FRONT SEAT RAIL MECHANICAL/SINGLE PARTS','');
insert into Diagram values('PM12-52_3186','PM12-20080600','52-10','E90N 330i   FRONT SEAT RAIL ELECTRICAL/SINGLE PARTS','');
insert into Diagram values('PM12-52_3187','PM12-20080600','52-10','E90N 330i   FRONT SEAT BACKREST FRAME/REAR PANEL','');
insert into Diagram values('PM12-52_3468','PM12-20080600','52-10','E90N 330i   BMW Performance Sport Seat','');
insert into Diagram values('PM12-52_3487','PM12-20080600','52-10','E90N 330i   Seat, front, head restraint','');
insert into Diagram values('PM12-52_3541','PM12-20080600','52-10','E90N 330i   Seat, front, electrical and motors','');
insert into DiagramParts values('PM12-52_3188-52207213545', 'PM12-52_3188', 01, 'Headrest leather', 'SCHWARZ', 2, to_date('20080901','YYYYMMDD'), to_date('20090301','YYYYMMDD'), '52207213545', '', 'ENDED', false);
insert into DiagramParts values('PM12-52_3188-52207213547', 'PM12-52_3188', 01, 'Headrest leather', 'SAVANNABEIGE', 2, to_date('20080901','YYYYMMDD'), to_date('20090301','YYYYMMDD'), '52207213547', '', 'ENDED', false);
insert into DiagramParts values('PM12-52_3188-52207213546', 'PM12-52_3188', 01, 'Headrest leather', 'GRAU', 2, to_date('20080901','YYYYMMDD'), to_date('20090301','YYYYMMDD'), '52207213546', '', 'ENDED', false);
insert into DiagramParts values('PM12-52_3188-52207213520', 'PM12-52_3188', 02, 'Headrest leather', 'SCHWARZ', 2, to_date('20080901','YYYYMMDD'), to_date('20090301','YYYYMMDD'), '52207213520', '', 'ENDED', false);
insert into DiagramParts values('PM12-52_3188-52207213534', 'PM12-52_3188', 02, 'Headrest leather', 'BEIGE', 2, to_date('20080901','YYYYMMDD'), to_date('20090301','YYYYMMDD'), '52207213534', '', 'ENDED', false);
insert into DiagramParts values('PM12-52_3188-52207213533', 'PM12-52_3188', 02, 'Headrest leather', 'GRAU', 2, to_date('20080901','YYYYMMDD'), to_date('20090301','YYYYMMDD'), '52207213533', '', 'ENDED', false);
insert into Diagram values('PM12-52_3188','PM12-20080600','52-20','E90N 330i   Rear seat head restraint','');
insert into Diagram values('PM12-52_3189','PM12-20080600','52-20','E90N 330i   Seat, rear, head restraint, center','');
insert into Diagram values('PM12-52_3191','PM12-20080600','52-20','E90N 330i   Seat rear, upholstery & cover base seat','');
insert into Diagram values('PM12-52_3192','PM12-20080600','52-20','E90N 330i   Seat rear, upholstery & cover base seat','');
insert into Diagram values('PM12-52_3193','PM12-20080600','52-20','E90N 330i   Seat, rear, seat frame, load-through','');
insert into Diagram values('PM12-52_3194','PM12-20080600','52-20','E90N 330i   Rear seat ski bag','');
insert into Diagram values('PM12-52_3212','PM12-20080600','52-20','E90N 330i   Seat, rear, backrest trim covers','');
insert into Diagram values('PM12-52_3216','PM12-20080600','52-20','E90N 330i   Rear seat center armrest','');
insert into Diagram values('PM12-52_3712','PM12-20080600','52-65','E90N 330i   Seat heating','');
insert into Diagram values('PM12-52_3015','PM12-20080600','52-95','E90N 330i   UNIVERSAL PRODECTIVE REAR COVER','');
insert into Diagram values('PM12-52_3199','PM12-20080600','52-95','E90N 330i   Fire extinguisher','');
insert into Diagram values('PM12-52_3235','PM12-20080600','52-95','E90N 330i   Front seat heating retrofit','');
insert into Diagram values('PM12-52_3269','PM12-20080600','52-95','E90N 330i   Seat-back storage pocket','');
insert into Diagram values('PM12-52_3270','PM12-20080600','52-95','E90N 330i   SHEEPSKIN SEAT COVERS','');
insert into Diagram values('PM12-52_3519','PM12-20080600','52-95','E90N 330i   Retrofit, ski bag','');
insert into Diagram values('PM12-52_3527','PM12-20080600','52-95','E90N 330i   Retrofit, net bag at seat backrest','');
insert into Diagram values('PM12-52_3565','PM12-20080600','52-95','E90N 330i   Retrofitting rear folding head restraint','');
insert into Diagram values('PM12-52_3792','PM12-20080600','52-95','E90N 330i   Fire extinguisher','');
insert into Diagram values('PM12-54_0341','PM12-20080600','54-05','E90N 330i   SLID.LIFT. ROOF-COVER/CEILING FRAME','');
insert into Diagram values('PM12-61_2010','PM12-20080600','61-05','E90N 330i   Repair cable main cable harness','');
insert into Diagram values('PM12-61_2886','PM12-20080600','61-05','E90N 330i   Main wiring harness, duplicate','');
insert into Diagram values('PM12-61_1822','PM12-20080600','61-10','E90N 330i   Cable-yarded material','');
insert into Diagram values('PM12-61_1861','PM12-20080600','61-10','E90N 330i   VARIOUS ADDITIONAL WIRING SETS','');
insert into Diagram values('PM12-61_1864','PM12-20080600','61-10','E90N 330i   Wiring harness, instrument panel','');
insert into Diagram values('PM12-61_1868','PM12-20080600','61-10','E90N 330i   Wiring set seat','');
insert into Diagram values('PM12-61_1869','PM12-20080600','61-10','E90N 330i   Repair cable, airbag','');
insert into Diagram values('PM12-61_1945','PM12-20080600','61-10','E90N 330i   DOOR CABLE HARNESSES','');
insert into Diagram values('PM12-61_2083','PM12-20080600','61-10','E90N 330i   Wiring set active steering','');
insert into Diagram values('PM12-61_2262','PM12-20080600','61-10','E90N 330i   VARIOUS ADDITIONAL WIRING SETS','');
insert into Diagram values('PM12-61_2567','PM12-20080600','61-10','E90N 330i   Rep. wire for B+','');
insert into Diagram values('PM12-61_1280','PM12-20080600','61-15','E90N 330i   Plug terminal ELO not waterproof','');
insert into Diagram values('PM12-61_1296','PM12-20080600','61-15','E90N 330i   Circular connector / D 2,5 mm System','');
insert into Diagram values('PM12-61_1559','PM12-20080600','61-15','E90N 330i   PLUG-IN CONNECTION BRACKET','');
insert into Diagram values('PM12-61_1578','PM12-20080600','61-15','E90N 330i   Repair parts, optical fibre cable','');
insert into Diagram values('PM12-61_1691','PM12-20080600','61-15','E90N 330i   Pin contacts ELO','');
insert into Diagram values('PM12-61_1711','PM12-20080600','61-15','E90N 330i   Cable tie','');
insert into Diagram values('PM12-61_1754','PM12-20080600','61-15','E90N 330i   Plug terminal ELO-Power','');
insert into Diagram values('PM12-61_1764','PM12-20080600','61-15','E90N 330i   Diagnosis plug','');
insert into Diagram values('PM12-61_1765','PM12-20080600','61-15','E90N 330i   Various cable terminals','');
insert into Diagram values('PM12-61_1865','PM12-20080600','61-15','E90N 330i   VARIOUS CABLE HOLDERS','');
insert into Diagram values('PM12-61_1896','PM12-20080600','61-15','E90N 330i   VARIOUS CABLE HOLDERS','');
insert into Diagram values('PM12-61_1971','PM12-20080600','61-15','E90N 330i   Cable guide','');
insert into Diagram values('PM12-61_2020','PM12-20080600','61-15','E90N 330i   Various cable grommets','');
insert into Diagram values('PM12-61_2063','PM12-20080600','61-15','E90N 330i   Comb type connector','');
insert into Diagram values('PM12-61_2068','PM12-20080600','61-15','E90N 330i   Contact system LSK8','');
insert into Diagram values('PM12-61_2107','PM12-20080600','61-15','E90N 330i   Various parts, wiring harness repair','');
insert into Diagram values('PM12-61_2156','PM12-20080600','61-15','E90N 330i   Double leaf spring contact','');
insert into Diagram values('PM12-61_2216','PM12-20080600','61-15','E90N 330i   Terminal system MCON','');
insert into Diagram values('PM12-61_2217','PM12-20080600','61-15','E90N 330i   Contact system MQS','');
insert into Diagram values('PM12-61_2268','PM12-20080600','61-15','E90N 330i   Contact system MAK8','');
insert into Diagram values('PM12-61_2292','PM12-20080600','61-15','E90N 330i   SLK socket contact','');
insert into Diagram values('PM12-61_2293','PM12-20080600','61-15','E90N 330i   Contact system blade terminal MDK4 2.8','');
insert into Diagram values('PM12-61_2452','PM12-20080600','61-15','E90N 330i   Round plug system D 1.5 mm','');
insert into Diagram values('PM12-61_2458','PM12-20080600','61-15','E90N 330i   diverse plugs and connectors','');
insert into Diagram values('PM12-61_2521','PM12-20080600','61-15','E90N 330i   Socket housing MQS','');
insert into Diagram values('PM12-61_2638','PM12-20080600','61-15','E90N 330i   Repair parts, coaxial cable contacts','');
insert into Diagram values('PM12-61_2680','PM12-20080600','61-15','E90N 330i   Repair parts, coaxial cable housing','');
insert into Diagram values('PM12-61_1710','PM12-20080600','61-20','E90N 330i   Fuses / sign with fuse allocat. diagr.','');
insert into Diagram values('PM12-61_2220','PM12-20080600','61-20','E90N 330i   Individual parts, power distributor, fr.','');
insert into Diagram values('PM12-61_1718','PM12-20080600','61-25','E90N 330i   Control unit/antennas passive access','');
insert into Diagram values('PM12-61_1847','PM12-20080600','61-25','E90N 330i   BRACKET F BODY CONTROL UNITS AND MODULES','');
insert into DiagramParts values('PM12-61_2095-61359147196', 'PM12-61_2095', 01, 'Control unit CAS', 'CAS3', 1, to_date('20041201','YYYYMMDD'), to_date('20090901','YYYYMMDD'), '61359147196', '', 'ENDED', false);
insert into DiagramParts values('PM12-61_2095-61359147212', 'PM12-61_2095', 01, 'Control unit CAS', 'CAS3', 1, to_date('20041201','YYYYMMDD'), to_date('20090901','YYYYMMDD'), '61359147212', '', 'ENDED', false);
insert into DiagramParts values('PM12-61_2095-61359147220', 'PM12-61_2095', 01, 'Control unit CAS', 'CAS3', 1, to_date('20041201','YYYYMMDD'), to_date('20090901','YYYYMMDD'), '61359147220', '', 'ENDED', false);
insert into DiagramParts values('PM12-61_2095-61359147221', 'PM12-61_2095', 01, 'Control unit CAS', 'CAS3', 1, to_date('20041201','YYYYMMDD'), to_date('20090901','YYYYMMDD'), '61359147221', '', 'ENDED', false);
insert into DiagramParts values('PM12-61_2095-61359147226', 'PM12-61_2095', 01, 'Control unit CAS', 'CAS3', 1, to_date('20041201','YYYYMMDD'), to_date('20090901','YYYYMMDD'), '61359147226', '', 'ENDED', false);
insert into DiagramParts values('PM12-61_2095-61359217853', 'PM12-61_2095', 01, 'Control unit CAS', 'CAS3', 1, to_date('20041201','YYYYMMDD'), to_date('20100301','YYYYMMDD'), '61359217853', '', 'ENDED', false);
insert into Diagram values('PM12-61_2095','PM12-20080600','61-25','E90N 330i   Control unit CAS','');
insert into DiagramParts values('PM12-61_2096-61359221180', 'PM12-61_2096', 07, 'TRAILER TOWING MODUL', '4R', 1, to_date('20090301','YYYYMMDD'), to_date('20110301','YYYYMMDD'), '61359221180', '$203.91', '', false);
insert into Diagram values('PM12-61_2096','PM12-20080600','61-25','E90N 330i   Control units/modules','');
insert into Diagram values('PM12-61_2236','PM12-20080600','61-25','E90N 330i   Control unit Junctionbox Elektronik','');
insert into Diagram values('PM12-61_2241','PM12-20080600','61-25','E90N 330i   ECU, footwell module 2','');
insert into Diagram values('PM12-61_2518','PM12-20080600','61-25','E90N 330i   ECU, steering wheel heater electronics','');
insert into Diagram values('PM12-61_2574','PM12-20080600','61-25','E90N 330i   ECU, footwell module 3','');
insert into Diagram values('PM12-61_2966','PM12-20080600','61-25','E90N 330i   Official vehicle package','');
insert into Diagram values('PM12-61_1859','PM12-20080600','61-30','E90N 330i   B+ terminal point, engine compartment','');
insert into DiagramParts values('PM12-61_1946-61126988974', 'PM12-61_1946', 04, 'Battery cable (plus pole)', 'SBK', 1, to_date('20060301','YYYYMMDD'), to_date('20090901','YYYYMMDD'), '61126988974', '', 'ENDED', false);
insert into Diagram values('PM12-61_1946','PM12-20080600','61-30','E90N 330i   Battery lead/distribution box, rear','');
insert into Diagram values('PM12-61_1986','PM12-20080600','61-30','E90N 330i   Original BMW battery (Warranty only)','');
insert into Diagram values('PM12-61_1987','PM12-20080600','61-30','E90N 330i   battery holder and mounting parts','');
insert into Diagram values('PM12-61_1845','PM12-20080600','61-35','E90N 330i   Seat adjustment switch, front','');
insert into Diagram values('PM12-61_1849','PM12-20080600','61-35','E90N 330i   VARIOUS SWITCHES','');
insert into Diagram values('PM12-61_1880','PM12-20080600','61-35','E90N 330i   Switch, Multifunction Sport/M st. wheel','');
insert into Diagram values('PM12-61_1951','PM12-20080600','61-35','E90N 330i   SWITCH WINDOW LIFTER','');
insert into Diagram values('PM12-61_1960','PM12-20080600','61-35','E90N 330i   Modules/switch/charge socket,off. veh.','');
insert into Diagram values('PM12-61_1965','PM12-20080600','61-35','E90N 330i   Switch, multifunct. steering wheel','');
insert into Diagram values('PM12-61_1975','PM12-20080600','61-35','E90N 330i   Switch unit roof','');
insert into Diagram values('PM12-61_2051','PM12-20080600','61-35','E90N 330i   Switch unit roof','');
insert into Diagram values('PM12-61_2089','PM12-20080600','61-35','E90N 330i   Switch unit roof','');
insert into Diagram values('PM12-61_2128','PM12-20080600','61-35','E90N 330i   Switch for brake, clutch','');
insert into Diagram values('PM12-61_2274','PM12-20080600','61-35','E90N 330i   Switch unit, center console','');
insert into Diagram values('PM12-61_2281','PM12-20080600','61-35','E90N 330i   Starter/Stop switch','');
insert into Diagram values('PM12-61_2282','PM12-20080600','61-35','E90N 330i   Switch hazard warning/central lckng syst','');
insert into Diagram values('PM12-61_2335','PM12-20080600','61-35','E90N 330i   Official vehicle package','');
insert into Diagram values('PM12-61_2426','PM12-20080600','61-35','E90N 330i   Control element light','');
insert into Diagram values('PM12-61_2434','PM12-20080600','61-35','E90N 330i   Switch unit steering column','');
insert into Diagram values('PM12-61_2480','PM12-20080600','61-35','E90N 330i   Cigarette lighter / sockets','');
insert into Diagram values('PM12-61_2632','PM12-20080600','61-35','E90N 330i   Official vehicle package','');
insert into Diagram values('PM12-61_2639','PM12-20080600','61-35','E90N 330i   Shift paddles / Shift paddles','');
insert into Diagram values('PM12-61_2900','PM12-20080600','61-35','E90N 330i   USB/AUX-IN socket','');
insert into Diagram values('PM12-61_2946','PM12-20080600','61-35','E90N 330i   USB/AUX-IN socket','');
insert into Diagram values('PM12-61_3088','PM12-20080600','61-35','E90N 330i   Switch unit steering column','');
insert into Diagram values('PM12-61_2857','PM12-20080600','61-40','E90N 330i   Horn','');
insert into Diagram values('PM12-61_1877','PM12-20080600','61-45','E90N 330i   FILLER PIPE FOR WASH CONTAINER','');
insert into Diagram values('PM12-61_1879','PM12-20080600','61-45','E90N 330i   Reserv.,windshield/headlight washer syst','');
insert into Diagram values('PM12-61_1954','PM12-20080600','61-45','E90N 330i   SINGLE COMPONENTS FOR WIPER ARM','');
insert into Diagram values('PM12-61_1955','PM12-20080600','61-45','E90N 330i   Wiper system, complete','');
insert into Diagram values('PM12-61_1988','PM12-20080600','61-45','E90N 330i   SINGLE PARTS FOR HEAD LAMP CLEANING','');
insert into Diagram values('PM12-61_2009','PM12-20080600','61-45','E90N 330i   SINGLE PARTS FOR WINDSHIELD CLEANING','');
insert into Diagram values('PM12-61_2001','PM12-20080600','61-95','E90N 330i   Retrofit kit, headlight cleaning system','');
insert into Diagram values('PM12-61_2223','PM12-20080600','61-95','E90N 330i   Suppression filter','');
insert into Diagram values('PM12-61_3026','PM12-20080600','61-95','E90N 330i   Battery charger','');
insert into Diagram values('PM12-61_3066','PM12-20080600','61-95','E90N 330i   Jumper cable','');
insert into Diagram values('PM12-61_3244','PM12-20080600','61-95','E90N 330i   Battery charger','');
insert into Diagram values('PM12-62_0483','PM12-20080600','62-05','E90N 330i   Instrument cluster','');
insert into Diagram values('PM12-62_0561','PM12-20080600','62-95','E90N 330i   Electronic log book','');
insert into Diagram values('PM12-63_1067','PM12-20080600','63-05','E90N 330i   SPARE BULBS BOX','');
insert into Diagram values('PM12-63_1068','PM12-20080600','63-05','E90N 330i   Headlight','');
insert into Diagram values('PM12-63_1069','PM12-20080600','63-05','E90N 330i   Individual parts for headlamp, halogen','');
insert into Diagram values('PM12-63_1070','PM12-20080600','63-05','E90N 330i   Single components f headlight Xenon/ALC','');
insert into Diagram values('PM12-63_1363','PM12-20080600','63-05','E90N 330i   BMW Performance Light','');
insert into Diagram values('PM12-63_1420','PM12-20080600','63-05','E90N 330i   SPARE BULBS BOX','');
insert into Diagram values('PM12-63_0920','PM12-20080600','63-10','E90N 330i   Additional turn indicator lamp','');
insert into Diagram values('PM12-63_0940','PM12-20080600','63-15','E90N 330i   Fog lamp, Sport Package M','');
insert into Diagram values('PM12-63_1073','PM12-20080600','63-15','E90N 330i   Fog lights','');
insert into Diagram values('PM12-63_1074','PM12-20080600','63-20','E90N 330i   Rear light','');
insert into Diagram values('PM12-63_0916','PM12-20080600','63-25','E90N 330i   Third stoplamp','');
insert into Diagram values('PM12-63_0911','PM12-20080600','63-30','E90N 330i   Various interior lights','');
insert into Diagram values('PM12-63_0915','PM12-20080600','63-30','E90N 330i   Door handle illumination','');
insert into Diagram values('PM12-63_1112','PM12-20080600','63-30','E90N 330i   License plate lamp, LED','');
insert into Diagram values('PM12-63_1113','PM12-20080600','63-30','E90N 330i   Strobe lamp - rear','');
insert into Diagram values('PM12-63_1153','PM12-20080600','63-95','E90N 330i   Flashlight, LED','');
insert into Diagram values('PM12-63_1289','PM12-20080600','63-95','E90N 330i   Retrofit kit, LED daytime driving lights','');
insert into Diagram values('PM12-63_1322','PM12-20080600','63-95','E90N 330i   LED interior light package','');
insert into Diagram values('PM12-63_1509','PM12-20080600','63-95','E90N 330i   BMW LED luggage compartment lamp','');
insert into Diagram values('PM12-64_1479','PM12-20080600','64-05','E90N 330i   Air duct','');
insert into Diagram values('PM12-64_1489','PM12-20080600','64-05','E90N 330i   OUTFLOW NOZZLES/COVERS','');
insert into Diagram values('PM12-64_1428','PM12-20080600','64-10','E90N 330i   MICROFILTER/ACTIVATED CARBON CONTAINER','');
insert into Diagram values('PM12-64_1774','PM12-20080600','64-15','E90N 330i   Heater unit, Denso','');
insert into Diagram values('PM12-64_1779','PM12-20080600','64-15','E90N 330i   Heater core from 07/2006 onward','');
insert into Diagram values('PM12-64_1780','PM12-20080600','64-15','E90N 330i   Heater unit, Denso','');
insert into Diagram values('PM12-64_1781','PM12-20080600','64-15','E90N 330i   Heater unit, Denso','');
insert into Diagram values('PM12-64_1497','PM12-20080600','64-18','E90N 330i   Water hoses','');
insert into Diagram values('PM12-64_1567','PM12-20080600','64-18','E90N 330i   Independent heating water valves','');
insert into Diagram values('PM12-64_1443','PM12-20080600','64-20','E90N 330i   Automatic air conditioning control','');
insert into Diagram values('PM12-64_1445','PM12-20080600','64-20','E90N 330i   Air Conditioning Control','');
insert into Diagram values('PM12-64_1439','PM12-20080600','64-30','E90N 330i   Evaporator / Expansion valve','');
insert into Diagram values('PM12-64_1451','PM12-20080600','64-35','E90N 330i   Housing parts heater and air cond. Denso','');
insert into Diagram values('PM12-64_1455','PM12-20080600','64-35','E90N 330i   Housing parts aut.air conditioning Denso','');
insert into Diagram values('PM12-64_1777','PM12-20080600','64-35','E90N 330i   Housing parts aut.air conditioning Valeo','');
insert into Diagram values('PM12-64_1454','PM12-20080600','64-40','E90N 330i   ELECTRIC PARTS FOR AC UNIT','');
insert into Diagram values('PM12-64_1433','PM12-20080600','64-45','E90N 330i   SENSOR F. AUC','');
insert into Diagram values('PM12-64_1434','PM12-20080600','64-45','E90N 330i   Solar sensor','');
insert into Diagram values('PM12-64_1438','PM12-20080600','64-45','E90N 330i   Condensation sensor','');
insert into Diagram values('PM12-64_1494','PM12-20080600','64-50','E90N 330i   Air-conditioner compressor','');
insert into Diagram values('PM12-64_1429','PM12-20080600','64-55','E90N 330i   Condenser air conditioning','');
insert into Diagram values('PM12-64_1431','PM12-20080600','64-60','E90N 330i   Coolant lines','');
insert into Diagram values('PM12-64_1508','PM12-20080600','64-65','E90N 330i   Spare parts, auxiliary heater Bypass Sys','');
insert into Diagram values('PM12-64_1509','PM12-20080600','64-65','E90N 330i   FUEL SUPPLY/PUMP/TUBING','');
insert into Diagram values('PM12-64_1575','PM12-20080600','64-65','E90N 330i   Spare parts,aux.heater,Opt.Eqmt/Accessor','');
insert into Diagram values('PM12-64_1610','PM12-20080600','64-65','E90N 330i   TRANSMITTER F AUXIL.HEATING REMOTE CTRL','');
insert into Diagram values('PM12-64_1633','PM12-20080600','64-95','E90N 330i   Retrofit kit, remote cntrl,indep.heating','');
insert into Diagram values('PM12-64_1703','PM12-20080600','64-95','E90N 330i   Install.kit, independent heater','');
insert into Diagram values('PM12-64_1704','PM12-20080600','64-95','E90N 330i   Install.kit, independent heater','');
insert into Diagram values('PM12-64_1705','PM12-20080600','64-95','E90N 330i   Install.kit, independent heater','');
insert into Diagram values('PM12-64_1855','PM12-20080600','64-95','E90N 330i   Accessori e postmontaggi','');
insert into Diagram values('PM12-64_1441','PM12-20080600','64-99','E90N 330i   DIVERSE SMALL PARTS','');
insert into Diagram values('PM12-65_0207','PM12-20080600','65-05','E90N 330i   Earth strap for engine hood','');
insert into DiagramParts values('PM12-65_1473-65129210510', 'PM12-65_1473', 01, 'Radio BMW Business CD', 'MSA', 1, to_date('20080901','YYYYMMDD'), to_date('20090901','YYYYMMDD'), '65129210510', '', 'ENDED', false);
insert into DiagramParts values('PM12-65_1473-65129216275', 'PM12-65_1473', 01, 'Radio BMW Business CD', 'MSA', 1, to_date('20080901','YYYYMMDD'), to_date('20091201','YYYYMMDD'), '65129216275', '', 'ENDED', false);
insert into DiagramParts values('PM12-65_1473-65129227500', 'PM12-65_1473', 01, 'Radio BMW Business CD', 'MSA', 1, to_date('20080901','YYYYMMDD'), to_date('20100901','YYYYMMDD'), '65129227500', '', '', false);
insert into Diagram values('PM12-65_1473','PM12-20080600','65-05','E90N 330i   Radio BMW Business CD','');
insert into DiagramParts values('PM12-65_1474-65129231059', 'PM12-65_1474', 02, 'Rotary knob', 'CHROM', 2, to_date('20100501','YYYYMMDD'), to_date('20100901','YYYYMMDD'), '65129231059', '', '', false);
insert into Diagram values('PM12-65_1474','PM12-20080600','65-05','E90N 330i   Radio BMW Professional CD','');
insert into Diagram values('PM12-65_1522','PM12-20080600','65-05','E90N 330i   M-Audio system controller','');
insert into Diagram values('PM12-65_1585','PM12-20080600','65-05','E90N 330i   DAB tuner','');
insert into DiagramParts values('PM12-65_2033-65129231159', 'PM12-65_2033', 01, 'Replacement, Car Infotainment Comp. Mid', 'MIC/VID/DAB', 1, to_date('20090901','YYYYMMDD'), to_date('20100901','YYYYMMDD'), '65129231159', '', 'ENDED', false);
insert into Diagram values('PM12-65_2033','PM12-20080600','65-05','E90N 330i   Car Infotainment Computer - Mid','');
insert into Diagram values('PM12-65_2250','PM12-20080600','65-05','E90N 330i   Radio BMW Professional CD','');
insert into Diagram values('PM12-65_2440','PM12-20080600','65-05','E90N 330i   DAB Retrofit','');
insert into Diagram values('PM12-65_1758','PM12-20080600','65-07','E90N 330i   USB/Audio interface','');
insert into Diagram values('PM12-65_1786','PM12-20080600','65-07','E90N 330i   Auxiliary connection cable','');
insert into Diagram values('PM12-65_1523','PM12-20080600','65-10','E90N 330i   CD Changer/Bracket','');
insert into Diagram values('PM12-65_1526','PM12-20080600','65-20','E90N 330i   Components central bass','');
insert into Diagram values('PM12-65_1527','PM12-20080600','65-20','E90N 330i   One part Top-Hifi/Harman Kardon I-panel','');
insert into Diagram values('PM12-65_1528','PM12-20080600','65-20','E90N 330i   One part Top-HiFi/Harman Kardon dr rear','');
insert into Diagram values('PM12-65_1529','PM12-20080600','65-20','E90N 330i   SINGLE PARTS F REAR HELF LOUDSPEAKER','');
insert into Diagram values('PM12-65_1530','PM12-20080600','65-20','E90N 330i   SINGLE PARTS F FRONT DOOR LOUDSPEAKER','');
insert into Diagram values('PM12-65_1751','PM12-20080600','65-20','E90N 330i   Individual Audio system, I-panel','');
insert into Diagram values('PM12-65_1753','PM12-20080600','65-20','E90N 330i   Individual Audio system, door front','');
insert into Diagram values('PM12-65_1755','PM12-20080600','65-20','E90N 330i   Individual Audio system, door rear','');
insert into Diagram values('PM12-65_1756','PM12-20080600','65-20','E90N 330i   Individual Audio system tray','');
insert into Diagram values('PM12-65_1534','PM12-20080600','65-22','E90N 330i   Universal aerial cable','');
insert into Diagram values('PM12-65_2342','PM12-20080600','65-22','E90N 330i   Audio wiring harness','');
insert into Diagram values('PM12-65_1524','PM12-20080600','65-25','E90N 330i   amplifier / holder hifi system','');
insert into Diagram values('PM12-65_1525','PM12-20080600','65-25','E90N 330i   Amplifier HiFi Prof. / Harman Kardon','');
insert into Diagram values('PM12-65_1754','PM12-20080600','65-25','E90N 330i   Amplifier/bracket Indi. Audio System','');
insert into Diagram values('PM12-65_1539','PM12-20080600','65-30','E90N 330i   SINGLE PARTS F ANTENNA-DIVERSITY','');
insert into Diagram values('PM12-65_1540','PM12-20080600','65-30','E90N 330i   SINGLE PARTS F ANTENNA','');
insert into Diagram values('PM12-65_1731','PM12-20080600','65-30','E90N 330i   Official radio antenna/horn speaker','');
insert into Diagram values('PM12-65_1504','PM12-20080600','65-45','E90N 330i   Coolant hose, CCC / CIC / MASK','');
insert into Diagram values('PM12-65_1917','PM12-20080600','65-45','E90N 330i   Controller CIC','');
insert into DiagramParts values('PM12-65_1551-65509196876', 'PM12-65_1551', 01, 'Video module', 'FBAS', 1, to_date('20080901','YYYYMMDD'), to_date('20090301','YYYYMMDD'), '65509196876', '', 'ENDED', false);
insert into DiagramParts values('PM12-65_1551-65509206973', 'PM12-65_1551', 01, 'Video module', 'FBAS', 1, to_date('20080901','YYYYMMDD'), to_date('20090901','YYYYMMDD'), '65509206973', '', '', false);
insert into DiagramParts values('PM12-65_1551-65509224301', 'PM12-65_1551', 01, 'TV module', 'DVB-T', 1, to_date('20090901','YYYYMMDD'), to_date('20100301','YYYYMMDD'), '65509224301', '', '', false);
insert into DiagramParts values('PM12-65_1551-65509229906', 'PM12-65_1551', 01, 'TV module', 'DVB-T', 1, to_date('20090901','YYYYMMDD'), to_date('20100901','YYYYMMDD'), '65509229906', '', 'ENDED', false);
insert into DiagramParts values('PM12-65_1551-65509240643', 'PM12-65_1551', 01, 'TV module', 'DVB-T', 1, to_date('20090901','YYYYMMDD'), to_date('20120701','YYYYMMDD'), '65509240643', '', '', false);
insert into DiagramParts values('PM12-65_1551-65509224302', 'PM12-65_1551', 01, 'TV module', 'ISDB-T', 1, to_date('20090901','YYYYMMDD'), to_date('20100301','YYYYMMDD'), '65509224302', '', 'ENDED', false);
insert into DiagramParts values('PM12-65_1551-65509235503', 'PM12-65_1551', 01, 'TV module', 'ISDB-T', 1, to_date('20090901','YYYYMMDD'), to_date('20100901','YYYYMMDD'), '65509235503', '', 'ENDED', false);
insert into DiagramParts values('PM12-65_1551-65509240645', 'PM12-65_1551', 01, 'TV module', 'ISDB-T', 1, to_date('20090901','YYYYMMDD'), to_date('20120701','YYYYMMDD'), '65509240645', '', '', false);
insert into DiagramParts values('PM12-65_1551-65509242221', 'PM12-65_1551', 01, 'TV module', 'DTMB', 1, to_date('20100901','YYYYMMDD'), to_date('20110301','YYYYMMDD'), '65509242221', '', 'ENDED', false);
insert into DiagramParts values('PM12-65_1551-65509252352', 'PM12-65_1551', 01, 'TV module', 'DTMB', 1, to_date('20100901','YYYYMMDD'), to_date('20110901','YYYYMMDD'), '65509252352', '', 'ENDED', false);
insert into DiagramParts values('PM12-65_1551-65509253523', 'PM12-65_1551', 01, 'TV module', 'DTMB', 1, to_date('20100901','YYYYMMDD'), to_date('20120301','YYYYMMDD'), '65509253523', '', 'ENDED', false);
insert into Diagram values('PM12-65_1551','PM12-20080600','65-50','E90N 330i   Video module/TV module','');
insert into Diagram values('PM12-65_1552','PM12-20080600','65-50','E90N 330i   Bracket for video module','');
insert into Diagram values('PM12-65_1553','PM12-20080600','65-50','E90N 330i   Support bracket, navigation computer','');
insert into DiagramParts values('PM12-65_1554-65829193745', 'PM12-65_1554', 01, 'On-board monitor 8,8&quot;', 'HIGH RESOLUTION', 1, to_date('20080901','YYYYMMDD'), to_date('20090901','YYYYMMDD'), '65829193745', '', '', false);
insert into Diagram values('PM12-65_1554','PM12-20080600','65-50','E90N 330i   On-board monitor','');
insert into DiagramParts values('PM12-65_1916-65839205093', 'PM12-65_1916', 01, 'Car Infotainment computer', 'KOREA', 1, to_date('20080901','YYYYMMDD'), to_date('20081101','YYYYMMDD'), '65839205093', '', 'ENDED', false);
insert into DiagramParts values('PM12-65_1916-65839202830', 'PM12-65_1916', 01, 'Car Infotainment computer', 'KOREA', 1, to_date('20080901','YYYYMMDD'), to_date('20090301','YYYYMMDD'), '65839202830', '', 'ENDED', false);
insert into DiagramParts values('PM12-65_1916-65129214936', 'PM12-65_1916', 01, 'Car Infotainment computer', 'KOREA', 1, to_date('20080901','YYYYMMDD'), to_date('20090901','YYYYMMDD'), '65129214936', '', 'ENDED', false);
insert into DiagramParts values('PM12-65_1916-65129222865', 'PM12-65_1916', 01, 'Car Infotainment computer', 'KOREA', 1, to_date('20080901','YYYYMMDD'), to_date('20100301','YYYYMMDD'), '65129222865', '', 'ENDED', false);
insert into DiagramParts values('PM12-65_1916-65129218334', 'PM12-65_1916', 01, 'Car Infotainment computer', 'KOREA', 1, to_date('20080901','YYYYMMDD'), to_date('20101001','YYYYMMDD'), '65129218334', '', 'ENDED', false);
insert into DiagramParts values('PM12-65_1916-65129248104', 'PM12-65_1916', 01, 'Car Infotainment computer', 'KOREA', 1, to_date('20080901','YYYYMMDD'), to_date('20101201','YYYYMMDD'), '65129248104', '', 'ENDED', false);
insert into DiagramParts values('PM12-65_1916-65129250326', 'PM12-65_1916', 01, 'Car Infotainment computer', 'KOREA', 1, to_date('20080901','YYYYMMDD'), to_date('20110301','YYYYMMDD'), '65129250326', '', 'ENDED', false);
insert into DiagramParts values('PM12-65_1916-65129257190', 'PM12-65_1916', 01, 'Car Infotainment computer', 'KOREA', 1, to_date('20080901','YYYYMMDD'), to_date('20110901','YYYYMMDD'), '65129257190', '', 'ENDED', false);
insert into DiagramParts values('PM12-65_1916-65129273172', 'PM12-65_1916', 01, 'Car Infotainment computer', 'KOREA', 1, to_date('20080901','YYYYMMDD'), to_date('20120301','YYYYMMDD'), '65129273172', '', 'ENDED', false);
insert into DiagramParts values('PM12-65_1916-65839205094', 'PM12-65_1916', 01, 'Car Infotainment computer', 'ASIEN', 1, to_date('20080901','YYYYMMDD'), to_date('20081101','YYYYMMDD'), '65839205094', '', 'ENDED', false);
insert into DiagramParts values('PM12-65_1916-65839202831', 'PM12-65_1916', 01, 'Car Infotainment computer', 'ASIEN', 1, to_date('20080901','YYYYMMDD'), to_date('20090301','YYYYMMDD'), '65839202831', '', 'ENDED', false);
insert into DiagramParts values('PM12-65_1916-65129214937', 'PM12-65_1916', 01, 'Car Infotainment computer', 'ASIEN', 1, to_date('20080901','YYYYMMDD'), to_date('20090901','YYYYMMDD'), '65129214937', '', 'ENDED', false);
insert into DiagramParts values('PM12-65_1916-65129222866', 'PM12-65_1916', 01, 'Car Infotainment computer', 'ASIEN', 1, to_date('20080901','YYYYMMDD'), to_date('20091201','YYYYMMDD'), '65129222866', '', 'ENDED', false);
insert into DiagramParts values('PM12-65_1916-65129231727', 'PM12-65_1916', 01, 'Car Infotainment computer', 'ASIEN', 1, to_date('20080901','YYYYMMDD'), to_date('20100301','YYYYMMDD'), '65129231727', '', 'ENDED', false);
insert into DiagramParts values('PM12-65_1916-65129218335', 'PM12-65_1916', 01, 'Car Infotainment computer', 'ASIEN', 1, to_date('20080901','YYYYMMDD'), to_date('20100901','YYYYMMDD'), '65129218335', '', 'ENDED', false);
insert into DiagramParts values('PM12-65_1916-65129244588', 'PM12-65_1916', 01, 'Car Infotainment computer', 'ASIEN', 1, to_date('20080901','YYYYMMDD'), to_date('20110301','YYYYMMDD'), '65129244588', '', 'ENDED', false);
insert into DiagramParts values('PM12-65_1916-65129257191', 'PM12-65_1916', 01, 'Car Infotainment computer', 'ASIEN', 1, to_date('20080901','YYYYMMDD'), to_date('20110901','YYYYMMDD'), '65129257191', '', 'ENDED', false);
insert into Diagram values('PM12-65_1916','PM12-20080600','65-50','E90N 330i   Car Infotainment computer','');
insert into Diagram values('PM12-65_1978','PM12-20080600','65-50','E90N 330i   DVD street map Navigation Option 606','');
insert into Diagram values('PM12-65_2206','PM12-20080600','65-50','E90N 330i   Enable code, initial, Professional GPS','');
insert into Diagram values('PM12-65_2207','PM12-20080600','65-50','E90N 330i   Enable code, update for Professional GPS','');
insert into Diagram values('PM12-65_2208','PM12-20080600','65-50','E90N 330i   Enable code, rep, GPS Professional','');
insert into Diagram values('PM12-65_2215','PM12-20080600','65-50','E90N 330i   Enable code, initial, Business GPS','');
insert into Diagram values('PM12-65_2216','PM12-20080600','65-50','E90N 330i   Enable code, rep, GPS Business','');
insert into Diagram values('PM12-65_2223','PM12-20080600','65-50','E90N 330i   Enable code, update, GPS Business','');
insert into Diagram values('PM12-65_1487','PM12-20080600','65-60','E90N 330i   Alarm systems','');
insert into Diagram values('PM12-65_1532','PM12-20080600','65-65','E90N 330i   Electric parts for airbag','');
insert into Diagram values('PM12-65_1468','PM12-20080600','65-70','E90N 330i   Temperature sensor','');
insert into Diagram values('PM12-65_1562','PM12-20080600','65-95','E90N 330i   Retrofit kit, CD-changer','');
insert into Diagram values('PM12-65_1565','PM12-20080600','65-95','E90N 330i   INSTALLATION KIT ALARM SYSTEM','');
insert into Diagram values('PM12-65_1576','PM12-20080600','65-95','E90N 330i   DVD-system Portable','');
insert into Diagram values('PM12-65_1658','PM12-20080600','65-95','E90N 330i   DVB-T Set-top box','');
insert into Diagram values('PM12-65_1710','PM12-20080600','65-95','E90N 330i   Retrofit kit, TV function','');
insert into Diagram values('PM12-65_1814','PM12-20080600','65-95','E90N 330i   Retrofit kit USB/iPod connection','');
insert into Diagram values('PM12-65_1825','PM12-20080600','65-95','E90N 330i   iPod connection retrofit kit','');
insert into Diagram values('PM12-65_1860','PM12-20080600','65-95','E90N 330i   Retrofit kit USB/audio interface','');
insert into Diagram values('PM12-65_1894','PM12-20080600','65-95','E90N 330i   Hifi system, Alpine','');
insert into Diagram values('PM12-65_1901','PM12-20080600','65-95','E90N 330i   Navigation Portable Plus/Pro/HD Traffic','');
insert into Diagram values('PM12-65_1902','PM12-20080600','65-95','E90N 330i   GPS, portable, street map','');
insert into Diagram values('PM12-65_1903','PM12-20080600','65-95','E90N 330i   iPod connection retrofit kit','');
insert into Diagram values('PM12-65_1924','PM12-20080600','65-95','E90N 330i   Navigation Portable accessories','');
insert into Diagram values('PM12-65_1925','PM12-20080600','65-95','E90N 330i   Basic hands-free system with USB/audio','');
insert into Diagram values('PM12-65_1989','PM12-20080600','65-95','E90N 330i   Tracking Products','');
insert into Diagram values('PM12-65_2004','PM12-20080600','65-95','E90N 330i   Retrofit kit, CD-changer','');
insert into Diagram values('PM12-65_2038','PM12-20080600','65-95','E90N 330i   DVD system Tablet','');
insert into Diagram values('PM12-65_2079','PM12-20080600','65-95','E90N 330i   Smartnav','');
insert into Diagram values('PM12-65_2271','PM12-20080600','65-95','E90N 330i   Charger adapter for Apple iPod / iPhone','');
insert into Diagram values('PM12-65_2375','PM12-20080600','65-95','E90N 330i   Retrofit language, Arabic','');
insert into Diagram values('PM12-65_2388','PM12-20080600','65-95','E90N 330i   Retrofit DAB+','');
insert into Diagram values('PM12-65_2422','PM12-20080600','65-95','E90N 330i   Cable adapter for Apple iPod / iPhone','');
insert into Diagram values('PM12-65_2434','PM12-20080600','65-95','E90N 330i   DVD System Tablet Single','');
insert into Diagram values('PM12-65_2515','PM12-20080600','65-95','E90N 330i   Navigation &apos;Portable&apos; with Design holder','');
insert into Diagram values('PM12-65_2520','PM12-20080600','65-95','E90N 330i   BMW USB charger','');
insert into Diagram values('PM12-65_2522','PM12-20080600','65-95','E90N 330i   Cable adapter, devices with Micro USB','');
insert into Diagram values('PM12-66_0116','PM12-20080600','66-05','E90N 330i   Ignition lock of remote control','');
insert into Diagram values('PM12-66_0117','PM12-20080600','66-05','E90N 330i   Park Distance Control (PDC)','');
insert into Diagram values('PM12-66_0229','PM12-20080600','66-05','E90N 330i   Ultrasonic-sensor','');
insert into Diagram values('PM12-66_0118','PM12-20080600','66-20','E90N 330i   ACC-Sensor/Dynamic cruise control','');
insert into Diagram values('PM12-66_0123','PM12-20080600','66-95','E90N 330i   Retrofit kit PDC, rear','');
insert into Diagram values('PM12-66_0124','PM12-20080600','66-95','E90N 330i   Front PDC upgrade','');
insert into Diagram values('PM12-66_0130','PM12-20080600','66-95','E90N 330i   Retrofit multi-functional steering wheel','');
insert into Diagram values('PM12-66_0169','PM12-20080600','66-95','E90N 330i   Dynamic cruise control retrofit','');
insert into Diagram values('PM12-66_0188','PM12-20080600','66-95','E90N 330i   Park Distance Control universale sonoro','');
insert into Diagram values('PM12-71_0549','PM12-20080600','71-03','E90N 330i   Notice label for fuel','');
insert into Diagram values('PM12-71_0550','PM12-20080600','71-03','E90N 330i   Various notice stickers','');
insert into Diagram values('PM12-71_0555','PM12-20080600','71-03','E90N 330i   LABEL "TIRE PRESSURE"','');
insert into Diagram values('PM12-71_0568','PM12-20080600','71-03','E90N 330i   Instruction notice, Airbag','');
insert into Diagram values('PM12-71_0623','PM12-20080600','71-03','E90N 330i   Label, coolant','');
insert into Diagram values('PM12-71_0680','PM12-20080600','71-03','E90N 330i   Labels independent heating','');
insert into Diagram values('PM12-71_0361','PM12-20080600','71-05','E90N 330i   Car tool','');
insert into Diagram values('PM12-71_0408','PM12-20080600','71-05','E90N 330i   Warning triangle/First aid kit/-cushion','');
insert into Diagram values('PM12-71_0717','PM12-20080600','71-05','E90N 330i   Set of lifting jack','');
insert into Diagram values('PM12-71_0497','PM12-20080600','71-07','E90N 330i   Mobility system','');
insert into Diagram values('PM12-71_0412','PM12-20080600','71-10','E90N 330i   SINGLE PARTS OF TRAILER HITCH','');
insert into Diagram values('PM12-71_0400','PM12-20080600','71-95','E90N 330i   Set of lifting jack','');
insert into Diagram values('PM12-71_0414','PM12-20080600','71-95','E90N 330i   Retrofit kit, towing hitch','');
insert into Diagram values('PM12-71_0434','PM12-20080600','71-95','E90N 330i   Tire Mobility Set','');
insert into Diagram values('PM12-71_0495','PM12-20080600','71-95','E90N 330i   Retrofit kit, towing hitch','');
insert into Diagram values('PM12-71_0513','PM12-20080600','71-95','E90N 330i   Twin electrics, caravan leads','');
insert into Diagram values('PM12-72_0552','PM12-20080600','72-03','E90N 330i   Airbag passenger and head airbag','');
insert into Diagram values('PM12-72_0521','PM12-20080600','72-05','E90N 330i   Safety belt front','');
insert into Diagram values('PM12-72_0522','PM12-20080600','72-05','E90N 330i   FRONT SAFETY BELT MOUNTING PARTS','');
insert into DiagramParts values('PM12-72_0551-72119160125', 'PM12-72_0551', 01, 'UPPER BELT REAR', 'BEIGE', 1, to_date('20080901','YYYYMMDD'), to_date('20090301','YYYYMMDD'), '72119160125', '', '', false);
insert into DiagramParts values('PM12-72_0551-72119160107', 'PM12-72_0551', 01, 'UPPER BELT REAR', 'GRAU', 1, to_date('20080901','YYYYMMDD'), to_date('20090901','YYYYMMDD'), '72119160107', '', 'ENDED', false);
insert into DiagramParts values('PM12-72_0551-72119160124', 'PM12-72_0551', 01, 'UPPER BELT REAR', 'GRAU', 1, to_date('20080901','YYYYMMDD'), to_date('20090901','YYYYMMDD'), '72119160124', '', '', false);
insert into DiagramParts values('PM12-72_0551-72119160111', 'PM12-72_0551', 02, 'REAR center UPPER BELT', 'GRAU', 1, to_date('20080901','YYYYMMDD'), to_date('20090901','YYYYMMDD'), '72119160111', '', '', false);
insert into Diagram values('PM12-72_0551','PM12-20080600','72-05','E90N 330i   SAFETY BELT REAR','');
insert into Diagram values('PM12-72_0553','PM12-20080600','72-05','E90N 330i   Support, child seat','');
insert into Diagram values('PM12-72_0461','PM12-20080600','72-95','E90N 330i   Storage compartment module','');
insert into Diagram values('PM12-72_0462','PM12-20080600','72-95','E90N 330i   Cup holder-module','');
insert into Diagram values('PM12-72_0591','PM12-20080600','72-95','E90N 330i   Tow bar','');
insert into Diagram values('PM12-72_0598','PM12-20080600','72-95','E90N 330i   TOW ROPE','');
insert into Diagram values('PM12-72_0603','PM12-20080600','72-95','E90N 330i   Fire extinguisher','');
insert into Diagram values('PM12-72_0744','PM12-20080600','72-95','E90N 330i   Emergency bag','');
insert into Diagram values('PM12-36_0937','PM12-20080600','82-14','E90N 330i   Snow chains','');
insert into Diagram values('PM12-82_1073','PM12-20080600','82-26','E90N 330i   Universal coat hanger','');
insert into Diagram values('PM12-82_1261','PM12-20080600','82-26','E90N 330i   Clean Bag','');
insert into Diagram values('PM12-82_1299','PM12-20080600','82-26','E90N 330i   Storage pocket, rear passengers','');
insert into Diagram values('PM12-82_1308','PM12-20080600','82-26','E90N 330i   Shoe case','');
insert into Diagram values('PM12-82_1309','PM12-20080600','82-26','E90N 330i   Multimedia case','');
insert into Diagram values('PM12-82_1311','PM12-20080600','82-26','E90N 330i   Driver utility set','');
insert into Diagram values('PM12-82_1181','PM12-20080600','82-31','E90N 330i   BMW Junior Seat I-II','');
insert into Diagram values('PM12-82_1186','PM12-20080600','82-31','E90N 330i   BMW Baby Seat 0+','');
insert into Diagram values('PM12-82_1187','PM12-20080600','82-31','E90N 330i   BMW Junior Seat I-II Isofix','');
insert into Diagram values('PM12-82_1189','PM12-20080600','82-31','E90N 330i   BMW Baby Seat 0+ Isofix','');
insert into Diagram values('PM12-82_1237','PM12-20080600','82-31','E90N 330i   Dog harness','');
insert into Diagram values('PM12-82_1276','PM12-20080600','82-31','E90N 330i   BMW Junior Seat II-III','');
insert into Diagram values('PM12-82_1305','PM12-20080600','82-31','E90N 330i   BMW Junior Seat III','');
insert into Diagram values('PM12-82_1198','PM12-20080600','82-44','E90N 330i   Cover','');
insert into Diagram values('PM12-82_1236','PM12-20080600','82-44','E90N 330i   Mud flaps','');
insert into Diagram values('PM12-82_1251','PM12-20080600','82-44','E90N 330i   Cover hood windshield/side window','');
insert into Diagram values('PM12-82_0116','PM12-20080600','82-51','E90N 330i   Universal support','');
insert into Diagram values('PM12-82_0123','PM12-20080600','82-51','E90N 330i   RACK FOR RACING BICYCLE','');
insert into Diagram values('PM12-82_0125','PM12-20080600','82-51','E90N 330i   Bicycle lift','');
insert into Diagram values('PM12-82_0283','PM12-20080600','82-51','E90N 330i   Surfboard rack','');
insert into Diagram values('PM12-82_1157','PM12-20080600','82-51','E90N 330i   Bicycle carrier, trailer coupling','');
insert into Diagram values('PM12-82_1175','PM12-20080600','82-51','E90N 330i   Touring bicycle holder','');
insert into Diagram values('PM12-82_1178','PM12-20080600','82-51','E90N 330i   Roof box','');
insert into Diagram values('PM12-82_1230','PM12-20080600','82-51','E90N 330i   Rack support','');
insert into Diagram values('PM12-82_1234','PM12-20080600','82-51','E90N 330i   Roof box','');
insert into Diagram values('PM12-82_1244','PM12-20080600','82-51','E90N 330i   Racing bike rack','');
insert into Diagram values('PM12-82_1250','PM12-20080600','82-51','E90N 330i   Roof box','');
insert into Diagram values('PM12-82_1268','PM12-20080600','82-51','E90N 330i   Ski/snowboard holder','');
insert into Diagram values('PM12-82_1295','PM12-20080600','82-51','E90N 330i   Roof rack systems','');
insert into Diagram values('PM12-82_1364','PM12-20080600','82-51','E90N 330i   Bicycle carrier, trailer coupling','');
insert into Diagram values('PM12-82_1460','PM12-20080600','82-51','E90N 330i   Roof rack systems','');
insert into Diagram values('PM12-82_1476','PM12-20080600','82-51','E90N 330i   Roof-mounted container 320 LCI','');
insert into Diagram values('PM12-82_1551','PM12-20080600','82-51','E90N 330i   Bicycle carrier, trailer coupling','');
insert into Diagram values('PM12-82_1567','PM12-20080600','82-51','E90N 330i   Bicycle carrier, trailer coupling','');
insert into Diagram values('PM12-82_1575','PM12-20080600','82-51','E90N 330i   Rear bicycle carrier, click-on','');
insert into Diagram values('PM12-82_1579','PM12-20080600','82-51','E90N 330i   Bicycle carrier, click-on','');
insert into Diagram values('PM12-82_1580','PM12-20080600','82-51','E90N 330i   Retrofit kit, Click On ECE','');
insert into Diagram values('PM12-82_1589','PM12-20080600','82-51','E90N 330i   Racing bike rack','');
insert into Diagram values('PM12-82_0102','PM12-20080600','82-81','E90N 330i   Universal hoist','');
insert into Diagram values('PM12-83_0579','PM12-20080600','83-01','E90N 330i   Rugzak','');
insert into Diagram values('PM12-83_0473','PM12-20080600','83-24','E90N 330i   Paint / Paint guard strips','');
insert into Diagram values('PM12-84_0767','PM12-20080600','84-10','E90N 330i   Starter package, cell phone Nokia 6303c','');
insert into Diagram values('PM12-84_0800','PM12-20080600','84-10','E90N 330i   ASSY COMBOX TELEMATIC ECE','');
insert into Diagram values('PM12-84_0658','PM12-20080600','84-20','E90N 330i   Single parts, SA 644 center console','');
insert into Diagram values('PM12-84_0670','PM12-20080600','84-20','E90N 330i   Single parts opt. Option 644/6FL trunk','');
insert into Diagram values('PM12-84_0673','PM12-20080600','84-20','E90N 330i   Single parts, SA 633, center console','');
insert into Diagram values('PM12-84_0689','PM12-20080600','84-20','E90N 330i   Single parts SA 633, trunk','');
insert into Diagram values('PM12-84_0758','PM12-20080600','84-20','E90N 330i   Single parts, option 6NF center console','');
insert into Diagram values('PM12-84_0657','PM12-20080600','84-30','E90N 330i   Single parts f hands-free facility','');
insert into Diagram values('PM12-84_0763','PM12-20080600','84-30','E90N 330i   Snap-in adapter, SAP','');
insert into Diagram values('PM12-84_0639','PM12-20080600','84-95','E90N 330i   Bluetooth SA644 hands-free retrofit kit','');
insert into Diagram values('PM12-84_0730','PM12-20080600','84-95','E90N 330i   Stolen Vehicle Tracking - TPA','');
insert into Diagram values('PM12-84_0732','PM12-20080600','84-95','E90N 330i   Upgrade kit hands-free Bluetooth OPT644','');
insert into Diagram values('PM12-84_0741','PM12-20080600','84-95','E90N 330i   Base hands-free system with Bluetooth','');
insert into Diagram values('PM12-84_0778','PM12-20080600','84-95','E90N 330i   BMW Bluetooth headset','');
insert into Diagram values('PM12-84_0867','PM12-20080600','84-95','E90N 330i   BMW Car Hotspot','');
insert into Diagram values('PM12-84_0895','PM12-20080600','84-95','E90N 330i   BMW station fr Apple iPhone','');
insert into Diagram values('PM12-84_0897','PM12-20080600','84-95','E90N 330i   Snap-in adapter for Apple devices','');
insert into Diagram values('PM12-84_0904','PM12-20080600','84-95','E90N 330i   Retrofit kit, voice input','');
insert into Diagram values('PM12-84_0906','PM12-20080600','84-95','E90N 330i   Snap-in adapter, SONY ERICSSON devices','');
insert into Diagram values('PM12-84_0907','PM12-20080600','84-95','E90N 330i   Snap-in adapter for NOKIA devices','');
insert into Diagram values('PM12-84_0908','PM12-20080600','84-95','E90N 330i   Snap-in adapter for SIEMENS devices','');
insert into Diagram values('PM12-84_0909','PM12-20080600','84-95','E90N 330i   Snap-in adapter for MOTOROLA devices','');
insert into Diagram values('PM12-84_0910','PM12-20080600','84-95','E90N 330i   Snap-in adapter, BlackBerry/RIM devices','');
insert into Diagram values('PM12-84_0911','PM12-20080600','84-95','E90N 330i   Field installation of BMW Apps','');
insert into Diagram values('PM12-84_0930','PM12-20080600','84-95','E90N 330i   Smartphone cradle','');
insert into Diagram values('PM12-84_0931','PM12-20080600','84-95','E90N 330i   BMW Car Hotspot LTE','');
insert into Diagram values('PM12-84_0933','PM12-20080600','84-95','E90N 330i   Snap-in adapter for SAMSUNG devices','');
insert into Diagram values('PM12-85_0002','PM12-20080600','85-45','E90N 330i   Winter tires','');
insert into Diagram values('PM12-85_0051','PM12-20080600','85-45','E90N 330i   Summer tires','');
insert into Diagram values('PM12-88_0052','PM12-20080600','88-80','E90N 330i   Emergency bag','');
insert into Diagram values('PM12-88_0064','PM12-20080600','88-80','E90N 330i   Fluid-change kit, autom. transmission','');
insert into Diagram values('PM12-91_0813','PM12-20080600','91-10','E90N 330i   Individual shift lever cover','');
insert into Diagram values('PM12-91_0814','PM12-20080600','91-12','E90N 330i   Individual selector lever boots','');
insert into Diagram values('PM12-91_0815','PM12-20080600','91-15','E90N 330i   Individual parking brake lever boot','');
insert into DiagramParts values('PM12-91_0763-32307969989', 'PM12-91_0763', 01, 'Sports st.-wheel,leather/wd.ring,multif.', 'ROTBRAUN', 1, to_date('20080901','YYYYMMDD'), to_date('20090901','YYYYMMDD'), '32307969989', '', 'ENDED, See NoS No Stock', false);
insert into DiagramParts values('PM12-91_0763-32307973716', 'PM12-91_0763', 01, 'Sports st.-wheel,leather/wd.ring,multif.', 'ANTHRAZIT', 1, to_date('20080901','YYYYMMDD'), to_date('20090901','YYYYMMDD'), '32307973716', '', 'ENDED, See NoS No Stock', false);
insert into DiagramParts values('PM12-91_0763-32307973720', 'PM12-91_0763', 01, 'Sports st.-wheel,leather/wd.ring,multif.', 'ROTBRAUN', 1, to_date('20080901','YYYYMMDD'), to_date('20090901','YYYYMMDD'), '32307973720', '', 'ENDED, See NoS No Stock', false);
insert into DiagramParts values('PM12-91_0763-32307973714', 'PM12-91_0763', 01, 'Sports st.-wheel,leather/wd.ring,multif.', 'ANTHRAZIT', 1, to_date('20080901','YYYYMMDD'), to_date('20090901','YYYYMMDD'), '32307973714', '', 'ENDED, See NoS No Stock', false);
insert into DiagramParts values('PM12-91_0763-32307973718', 'PM12-91_0763', 01, 'Sports st.-wheel,leather/wd.ring,multif.', 'ROTBRAUN', 1, to_date('20080901','YYYYMMDD'), to_date('20090901','YYYYMMDD'), '32307973718', '', 'ENDED, See NoS No Stock', false);
insert into DiagramParts values('PM12-91_0763-32307962217', 'PM12-91_0763', 02, 'Cover, multi-funct.steering wheel', 'SCHWARZ', 1, to_date('20050901','YYYYMMDD'), to_date('20090301','YYYYMMDD'), '32307962217', '', 'ENDED, See NoS No Stock', false);
insert into DiagramParts values('PM12-91_0763-32307841586', 'PM12-91_0763', 02, 'Cover, multi-funct.steering wheel', 'SCHWARZ', 1, to_date('20050901','YYYYMMDD'), to_date('20101101','YYYYMMDD'), '32307841586', '', 'ENDED, See NoS No Stock', false);
insert into Diagram values('PM12-91_0763','PM12-20080600','91-17','E90N 330i   Ind.sports st.-wheel,leather w/wdn. ring','');
insert into DiagramParts values('PM12-91_0868-32307962217', 'PM12-91_0868', 02, 'Cover, multi-funct.steering wheel', 'SCHWARZ', 1, to_date('20050901','YYYYMMDD'), to_date('20090301','YYYYMMDD'), '32307962217', '', 'ENDED, See NoS No Stock', false);
insert into DiagramParts values('PM12-91_0868-32307841586', 'PM12-91_0868', 02, 'Cover, multi-funct.steering wheel', 'SCHWARZ', 1, to_date('20050901','YYYYMMDD'), to_date('20101101','YYYYMMDD'), '32307841586', '', 'ENDED, See NoS No Stock', false);
insert into Diagram values('PM12-91_0868','PM12-20080600','91-17','E90N 330i   Indi. Sport STWH, leather w. leather rim','');
insert into DiagramParts values('PM12-91_1106-32307976951', 'PM12-91_1106', 01, 'Sport st. wheel, lthr, bicolor, multif.', 'INDIVIDUAL', 1, to_date('20090301','YYYYMMDD'), to_date('20100201','YYYYMMDD'), '32307976951', '', 'See NoS No Stock', false);
insert into Diagram values('PM12-91_1106','PM12-20080600','91-17','E90N 330i   Indi. Sport st. wheel, leather, bicolor','');
insert into Diagram values('PM12-91_0816','PM12-20080600','91-30','E90N 330i   Individual cup holder, soft paint','');
insert into Diagram values('PM12-91_0818','PM12-20080600','91-30','E90N 330i   Individual cover RF key insert','');
insert into Diagram values('PM12-91_0819','PM12-20080600','91-30','E90N 330i   Individual trim, light operating unit','');
insert into Diagram values('PM12-91_0820','PM12-20080600','91-30','E90N 330i   Individual trim panel, auto, climate','');
insert into Diagram values('PM12-91_0869','PM12-20080600','91-30','E90N 330i   Individual instrument panel, leather','');
insert into Diagram values('PM12-91_0875','PM12-20080600','91-30','E90N 330i   Individual folding storage, instr. panel','');
insert into Diagram values('PM12-91_0876','PM12-20080600','91-30','E90N 330i   Individual glove compartment, leather','');
insert into Diagram values('PM12-91_0930','PM12-20080600','91-30','E90N 330i   Individual trim cover MASK / CCC','');
insert into Diagram values('PM12-91_0872','PM12-20080600','91-35','E90N 330i   Individual center console','');
insert into Diagram values('PM12-91_0873','PM12-20080600','91-35','E90N 330i   Individual armrest, center console','');
insert into Diagram values('PM12-91_0874','PM12-20080600','91-35','E90N 330i   Individual center console covers, rear','');
insert into Diagram values('PM12-91_1025','PM12-20080600','91-40','E90N 330i   Individual wood trim covers','');
insert into Diagram values('PM12-91_0824','PM12-20080600','91-45','E90N 330i   Indiv.front door trim panel,part.leather','');
insert into Diagram values('PM12-91_0826','PM12-20080600','91-45','E90N 330i   Indi. clip for door handle, inside front','');
insert into Diagram values('PM12-91_0827','PM12-20080600','91-45','E90N 330i   Indiv. clip for door handle, inside rear','');
insert into Diagram values('PM12-91_0828','PM12-20080600','91-45','E90N 330i   Indi. door trim, all-leather, front','');
insert into Diagram values('PM12-91_0829','PM12-20080600','91-45','E90N 330i   Indi. door trim, all-leather, rear','');
insert into Diagram values('PM12-91_0830','PM12-20080600','91-45','E90N 330i   Indiv. rear door trim panel,part.leather','');
insert into Diagram values('PM12-91_1007','PM12-20080600','91-45','E90N 330i   Indi. door panel, leathr trim, front, LC','');
insert into Diagram values('PM12-91_1008','PM12-20080600','91-45','E90N 330i   Indi. door trim, part leather, rear, LC','');
insert into Diagram values('PM12-91_0890','PM12-20080600','91-57','E90N 330i   Individual floor mats, Leather border','');
insert into Diagram values('PM12-91_0722','PM12-20080600','91-60','E90N 330i   Indiv.cover, basic seat, front','');
insert into Diagram values('PM12-91_0734','PM12-20080600','91-60','E90N 330i   Individual sports seat cover, front','');
insert into Diagram values('PM12-91_0736','PM12-20080600','91-60','E90N 330i   Individ. rear panel Basic /Sports seat','');
insert into Diagram values('PM12-91_0998','PM12-20080600','91-60','E90N 330i   Individual uphols, base seat, front, LC','');
insert into Diagram values('PM12-91_0999','PM12-20080600','91-60','E90N 330i   Individual cover, Sport seat, front LC','');
insert into Diagram values('PM12-91_0737','PM12-20080600','91-65','E90N 330i   Indiv.cover basic seat, rear','');
insert into Diagram values('PM12-91_0738','PM12-20080600','91-65','E90N 330i   Individual sports seat cover, rear','');
insert into Diagram values('PM12-91_0739','PM12-20080600','91-65','E90N 330i   Ind.through-loading sys. rear basic seat','');
insert into Diagram values('PM12-91_0740','PM12-20080600','91-65','E90N 330i   Individual Loadthrough Sport seat, rear','');
insert into Diagram values('PM12-91_1000','PM12-20080600','91-65','E90N 330i   Indiv. cover for seat, rear, LC','');
insert into Diagram values('PM12-91_1001','PM12-20080600','91-65','E90N 330i   Indiv. load-through for seat, rear, LC','');
insert into Diagram values('PM12-91_0987','PM12-20080600','91-70','E90N 330i   Indi. head restraint CAK base seat front','');
insert into Diagram values('PM12-91_0988','PM12-20080600','91-70','E90N 330i   Indi. hd. restraint CAK Sport seat front','');
insert into Diagram values('PM12-91_1002','PM12-20080600','91-70','E90N 330i   Individual head restraint CAK front, LC','');
insert into Diagram values('PM12-91_0752','PM12-20080600','91-75','E90N 330i   Indv. headrest, basic seat, rear','');
insert into Diagram values('PM12-91_0753','PM12-20080600','91-75','E90N 330i   Ind. headrest, sports seat, rear','');
insert into Diagram values('PM12-91_0754','PM12-20080600','91-75','E90N 330i   Indi. folding headrest, base kit, rear','');
insert into Diagram values('PM12-91_0755','PM12-20080600','91-75','E90N 330i   Indi. folding headrest, Sport seat, rear','');
insert into Diagram values('PM12-91_0756','PM12-20080600','91-75','E90N 330i   Individual folding headrests,center rear','');
insert into Diagram values('PM12-91_1004','PM12-20080600','91-75','E90N 330i   Indi. fold headrest, rear, center, LC','');
insert into Diagram values('PM12-91_1005','PM12-20080600','91-75','E90N 330i   Indi. headrest, rear lateral, LC','');
insert into Diagram values('PM12-91_1006','PM12-20080600','91-75','E90N 330i   Indi. fold headrest, rear side LC','');
insert into Diagram values('PM12-91_0741','PM12-20080600','91-80','E90N 330i   Individual armrest, rear','');
insert into ProdCodeDate values('PM36-20080700','PM36',to_date('20080701','YYYYMMDD'));
insert into ProdCodeDate values('PM36-20080700','PM36',to_date('20080701','YYYYMMDD'));
insert into ProdCodeDate values('PM31-20080800','PM31',to_date('20080801','YYYYMMDD'));
insert into ProdCodeDate values('PM31-20080800','PM31',to_date('20080801','YYYYMMDD'));
insert into ProdCodeDate values('PM11-20080800','PM11',to_date('20080801','YYYYMMDD'));
insert into ProdCodeDate values('PM12-20080800','PM12',to_date('20080801','YYYYMMDD'));
insert into DiagramParts values('PM12-01_0606-01402606346', 'PM12-01_0606', 06, 'Operating instructions, radio &quot;sv&quot;', 'SA663', 1, to_date('20100901','YYYYMMDD'), to_date('20110301','YYYYMMDD'), '01402606346', '', '', false);
insert into DiagramParts values('PM12-01_0606-01402606347', 'PM12-01_0606', 07, 'Operating instructions, radio &quot;nl&quot;', 'SA663', 1, to_date('20100901','YYYYMMDD'), to_date('20110301','YYYYMMDD'), '01402606347', '', '', false);
insert into DiagramParts values('PM12-01_0606-01402606348', 'PM12-01_0606', 08, 'Operating instructions, radio &quot;ar&quot;', 'SA663', 1, to_date('20100901','YYYYMMDD'), to_date('20110301','YYYYMMDD'), '01402606348', '', '', false);
insert into DiagramParts values('PM12-01_0606-01402606349', 'PM12-01_0606', 09, 'Operating instructions, radio &quot;da&quot;', 'SA663', 1, to_date('20100901','YYYYMMDD'), to_date('20110301','YYYYMMDD'), '01402606349', '', '', false);
insert into DiagramParts values('PM12-01_0606-01402606350', 'PM12-01_0606', 10, 'Operating instructions, radio &quot;pt&quot;', 'SA663', 1, to_date('20100901','YYYYMMDD'), to_date('20110301','YYYYMMDD'), '01402606350', '', '', false);
insert into DiagramParts values('PM12-01_0606-01402606352', 'PM12-01_0606', 13, 'Operating instructions, radio &quot;el&quot;', 'SA663', 1, to_date('20100901','YYYYMMDD'), to_date('20110301','YYYYMMDD'), '01402606352', '', '', false);
insert into DiagramParts values('PM12-01_0606-01402606351', 'PM12-01_0606', 14, 'Operating instructions, radio &quot;zh&quot;', 'SA663', 1, to_date('20100901','YYYYMMDD'), to_date('20110301','YYYYMMDD'), '01402606351', '', '', false);
insert into DiagramParts values('PM12-01_0606-01402606353', 'PM12-01_0606', 15, 'Operating instructions for radio &quot;ko&quot;', 'SA663', 1, to_date('20100901','YYYYMMDD'), to_date('20110301','YYYYMMDD'), '01402606353', '', '', false);
insert into DiagramParts values('PM12-01_0606-01402606355', 'PM12-01_0606', 16, 'Operating instructions for radio &apos;ro&apos;', 'SA663', 1, to_date('20100901','YYYYMMDD'), to_date('20110301','YYYYMMDD'), '01402606355', '', '', false);
insert into DiagramParts values('PM12-01_0606-01402606354', 'PM12-01_0606', 17, 'Operating instructions for radio &quot;ru&quot;', 'SA663', 1, to_date('20100901','YYYYMMDD'), to_date('20110301','YYYYMMDD'), '01402606354', '', '', false);
insert into DiagramParts values('PM12-01_0606-01402606356', 'PM12-01_0606', 18, 'Operating Instructions for radio &quot;sk&quot;', 'SA663', 1, to_date('20100901','YYYYMMDD'), to_date('20110301','YYYYMMDD'), '01402606356', '', '', false);
insert into DiagramParts values('PM12-01_0606-01402606357', 'PM12-01_0606', 19, 'Operating instructions for radio &quot;cs&quot;', 'SA663', 1, to_date('20100901','YYYYMMDD'), to_date('20110301','YYYYMMDD'), '01402606357', '', '', false);
insert into ProdCodeDate values('PM31-20080900','PM31',to_date('20080901','YYYYMMDD'));
insert into ProdCodeDate values('PM32-20080900','PM32',to_date('20080901','YYYYMMDD'));
insert into ProdCodeDate values('PM11-20080900','PM11',to_date('20080901','YYYYMMDD'));
insert into ProdCodeDate values('PM12-20080900','PM12',to_date('20080901','YYYYMMDD'));
insert into ProdCodeDate values('PM31-20081000','PM31',to_date('20081001','YYYYMMDD'));
insert into ProdCodeDate values('PM36-20081000','PM36',to_date('20081001','YYYYMMDD'));
insert into ProdCodeDate values('PM11-20081000','PM11',to_date('20081001','YYYYMMDD'));
insert into ProdCodeDate values('PM12-20081000','PM12',to_date('20081001','YYYYMMDD'));
insert into ProdCodeDate values('PM31-20081100','PM31',to_date('20081101','YYYYMMDD'));
insert into ProdCodeDate values('PM36-20081100','PM36',to_date('20081101','YYYYMMDD'));
insert into ProdCodeDate values('PM11-20081100','PM11',to_date('20081101','YYYYMMDD'));
insert into ProdCodeDate values('PM12-20081100','PM12',to_date('20081101','YYYYMMDD'));
insert into ProdCodeDate values('PM31-20081200','PM31',to_date('20081201','YYYYMMDD'));
insert into ProdCodeDate values('PM36-20081200','PM36',to_date('20081201','YYYYMMDD'));
insert into ProdCodeDate values('PM11-20081200','PM11',to_date('20081201','YYYYMMDD'));
insert into ProdCodeDate values('PM12-20081200','PM12',to_date('20081201','YYYYMMDD'));
insert into ProdCodeDate values('PM31-20090100','PM31',to_date('20090101','YYYYMMDD'));
insert into ProdCodeDate values('PM36-20090100','PM36',to_date('20090101','YYYYMMDD'));
insert into ProdCodeDate values('PM11-20090100','PM11',to_date('20090101','YYYYMMDD'));
insert into ProdCodeDate values('PM12-20090100','PM12',to_date('20090101','YYYYMMDD'));
insert into ProdCodeDate values('PM31-20090200','PM31',to_date('20090201','YYYYMMDD'));
insert into ProdCodeDate values('PM36-20090200','PM36',to_date('20090201','YYYYMMDD'));
insert into ProdCodeDate values('PM11-20090200','PM11',to_date('20090201','YYYYMMDD'));
insert into ProdCodeDate values('PM12-20090200','PM12',to_date('20090201','YYYYMMDD'));
insert into ProdCodeDate values('PM31-20090300','PM31',to_date('20090301','YYYYMMDD'));
insert into ProdCodeDate values('PM36-20090300','PM36',to_date('20090301','YYYYMMDD'));
insert into ProdCodeDate values('PM11-20090300','PM11',to_date('20090301','YYYYMMDD'));
insert into ProdCodeDate values('PM12-20090300','PM12',to_date('20090301','YYYYMMDD'));
insert into ProdCodeDate values('PM31-20090400','PM31',to_date('20090401','YYYYMMDD'));
insert into ProdCodeDate values('PM36-20090400','PM36',to_date('20090401','YYYYMMDD'));
insert into ProdCodeDate values('PM11-20090400','PM11',to_date('20090401','YYYYMMDD'));
insert into ProdCodeDate values('PM12-20090400','PM12',to_date('20090401','YYYYMMDD'));
insert into ProdCodeDate values('PM36-20090600','PM36',to_date('20090601','YYYYMMDD'));
insert into ProdCodeDate values('PM11-20090600','PM11',to_date('20090601','YYYYMMDD'));
insert into ProdCodeDate values('PM12-20090600','PM12',to_date('20090601','YYYYMMDD'));
insert into ProdCodeDate values('PM31-20090700','PM31',to_date('20090701','YYYYMMDD'));
insert into ProdCodeDate values('PM32-20090700','PM32',to_date('20090701','YYYYMMDD'));
insert into ProdCodeDate values('PM11-20090700','PM11',to_date('20090701','YYYYMMDD'));
insert into ProdCodeDate values('PM12-20090700','PM12',to_date('20090701','YYYYMMDD'));
insert into ProdCodeDate values('PM31-20090900','PM31',to_date('20090901','YYYYMMDD'));
insert into ProdCodeDate values('PM36-20090900','PM36',to_date('20090901','YYYYMMDD'));
insert into ProdCodeDate values('PM11-20090900','PM11',to_date('20090901','YYYYMMDD'));
insert into ProdCodeDate values('PM12-20090900','PM12',to_date('20090901','YYYYMMDD'));
insert into ProdCodeDate values('PM31-20091000','PM31',to_date('20091001','YYYYMMDD'));
insert into ProdCodeDate values('PM36-20091000','PM36',to_date('20091001','YYYYMMDD'));
insert into ProdCodeDate values('PM11-20091000','PM11',to_date('20091001','YYYYMMDD'));
insert into ProdCodeDate values('PM12-20091000','PM12',to_date('20091001','YYYYMMDD'));
insert into ProdCodeDate values('PM31-20091100','PM31',to_date('20091101','YYYYMMDD'));
insert into ProdCodeDate values('PM36-20091100','PM36',to_date('20091101','YYYYMMDD'));
insert into ProdCodeDate values('PM11-20091100','PM11',to_date('20091101','YYYYMMDD'));
insert into ProdCodeDate values('PM12-20091100','PM12',to_date('20091101','YYYYMMDD'));
insert into ProdCodeDate values('PM31-20091200','PM31',to_date('20091201','YYYYMMDD'));
insert into ProdCodeDate values('PM36-20091200','PM36',to_date('20091201','YYYYMMDD'));
insert into ProdCodeDate values('PM11-20091200','PM11',to_date('20091201','YYYYMMDD'));
insert into ProdCodeDate values('PM12-20091200','PM12',to_date('20091201','YYYYMMDD'));
insert into ProdCodeDate values('PM31-20100100','PM31',to_date('20100101','YYYYMMDD'));
insert into ProdCodeDate values('PM36-20100100','PM36',to_date('20100101','YYYYMMDD'));
insert into ProdCodeDate values('PM11-20100100','PM11',to_date('20100101','YYYYMMDD'));
insert into ProdCodeDate values('PM12-20100100','PM12',to_date('20100101','YYYYMMDD'));
insert into ProdCodeDate values('PM31-20100200','PM31',to_date('20100201','YYYYMMDD'));
insert into ProdCodeDate values('PM36-20100200','PM36',to_date('20100201','YYYYMMDD'));
insert into ProdCodeDate values('PM11-20100200','PM11',to_date('20100201','YYYYMMDD'));
insert into ProdCodeDate values('PM12-20100200','PM12',to_date('20100201','YYYYMMDD'));
insert into ProdCodeDate values('PM31-20100300','PM31',to_date('20100301','YYYYMMDD'));
insert into ProdCodeDate values('PM36-20100300','PM36',to_date('20100301','YYYYMMDD'));
insert into ProdCodeDate values('PM11-20100300','PM11',to_date('20100301','YYYYMMDD'));
insert into ProdCodeDate values('PM11-20100300','PM11',to_date('20100301','YYYYMMDD'));
insert into ProdCodeDate values('PM31-20100400','PM31',to_date('20100401','YYYYMMDD'));
insert into ProdCodeDate values('PM31-20100400','PM31',to_date('20100401','YYYYMMDD'));
insert into ProdCodeDate values('PM11-20100400','PM11',to_date('20100401','YYYYMMDD'));
insert into ProdCodeDate values('PM11-20100400','PM11',to_date('20100401','YYYYMMDD'));
insert into ProdCodeDate values('PM31-20100500','PM31',to_date('20100501','YYYYMMDD'));
insert into ProdCodeDate values('PM31-20100500','PM31',to_date('20100501','YYYYMMDD'));
insert into ProdCodeDate values('PM11-20100500','PM11',to_date('20100501','YYYYMMDD'));
insert into ProdCodeDate values('PM11-20100500','PM11',to_date('20100501','YYYYMMDD'));
insert into ProdCodeDate values('PM31-20100600','PM31',to_date('20100601','YYYYMMDD'));
insert into ProdCodeDate values('PM31-20100700','PM31',to_date('20100701','YYYYMMDD'));
insert into ProdCodeDate values('PM36-20100700','PM36',to_date('20100701','YYYYMMDD'));
insert into ProdCodeDate values('PM11-20100700','PM11',to_date('20100701','YYYYMMDD'));
insert into ProdCodeDate values('PM11-20100700','PM11',to_date('20100701','YYYYMMDD'));
insert into ProdCodeDate values('PM31-20100800','PM31',to_date('20100801','YYYYMMDD'));
insert into ProdCodeDate values('PM36-20100800','PM36',to_date('20100801','YYYYMMDD'));
insert into ProdCodeDate values('PM11-20100800','PM11',to_date('20100801','YYYYMMDD'));
insert into ProdCodeDate values('PM11-20100800','PM11',to_date('20100801','YYYYMMDD'));
insert into ProdCodeDate values('PM31-20100900','PM31',to_date('20100901','YYYYMMDD'));
insert into ProdCodeDate values('PM36-20100900','PM36',to_date('20100901','YYYYMMDD'));
insert into ProdCodeDate values('PM11-20100900','PM11',to_date('20100901','YYYYMMDD'));
insert into ProdCodeDate values('PM11-20100900','PM11',to_date('20100901','YYYYMMDD'));
insert into ProdCodeDate values('PM31-20101000','PM31',to_date('20101001','YYYYMMDD'));
insert into ProdCodeDate values('PM36-20101000','PM36',to_date('20101001','YYYYMMDD'));
insert into ProdCodeDate values('PM11-20101000','PM11',to_date('20101001','YYYYMMDD'));
insert into ProdCodeDate values('PM11-20101000','PM11',to_date('20101001','YYYYMMDD'));
insert into ProdCodeDate values('PM31-20101100','PM31',to_date('20101101','YYYYMMDD'));
insert into ProdCodeDate values('PM36-20101100','PM36',to_date('20101101','YYYYMMDD'));
insert into ProdCodeDate values('PM11-20101100','PM11',to_date('20101101','YYYYMMDD'));
insert into ProdCodeDate values('PM11-20101100','PM11',to_date('20101101','YYYYMMDD'));
insert into ProdCodeDate values('PM31-20101200','PM31',to_date('20101201','YYYYMMDD'));
insert into ProdCodeDate values('PM36-20101200','PM36',to_date('20101201','YYYYMMDD'));
insert into ProdCodeDate values('PM11-20101200','PM11',to_date('20101201','YYYYMMDD'));
insert into ProdCodeDate values('PM11-20101200','PM11',to_date('20101201','YYYYMMDD'));
insert into ProdCodeDate values('PM36-20110100','PM36',to_date('20110101','YYYYMMDD'));
insert into ProdCodeDate values('PM36-20110100','PM36',to_date('20110101','YYYYMMDD'));
insert into ProdCodeDate values('PM11-20110100','PM11',to_date('20110101','YYYYMMDD'));
insert into ProdCodeDate values('PM11-20110100','PM11',to_date('20110101','YYYYMMDD'));
insert into ProdCodeDate values('PM31-20110200','PM31',to_date('20110201','YYYYMMDD'));
insert into ProdCodeDate values('PM32-20110200','PM32',to_date('20110201','YYYYMMDD'));
insert into ProdCodeDate values('PM11-20110200','PM11',to_date('20110201','YYYYMMDD'));
insert into ProdCodeDate values('PM11-20110200','PM11',to_date('20110201','YYYYMMDD'));
insert into ProdCodeDate values('PM36-20110400','PM36',to_date('20110401','YYYYMMDD'));
insert into ProdCodeDate values('PM36-20110400','PM36',to_date('20110401','YYYYMMDD'));
insert into ProdCodeDate values('PM11-20110400','PM11',to_date('20110401','YYYYMMDD'));
insert into ProdCodeDate values('PM11-20110400','PM11',to_date('20110401','YYYYMMDD'));
insert into ProdCodeDate values('PM31-20110500','PM31',to_date('20110501','YYYYMMDD'));
insert into ProdCodeDate values('PM36-20110500','PM36',to_date('20110501','YYYYMMDD'));
insert into ProdCodeDate values('PM11-20110500','PM11',to_date('20110501','YYYYMMDD'));
insert into ProdCodeDate values('PM11-20110500','PM11',to_date('20110501','YYYYMMDD'));
insert into ProdCodeDate values('PM36-20110600','PM36',to_date('20110601','YYYYMMDD'));
insert into ProdCodeDate values('PM36-20110600','PM36',to_date('20110601','YYYYMMDD'));
insert into ProdCodeDate values('PM11-20110600','PM11',to_date('20110601','YYYYMMDD'));
insert into ProdCodeDate values('PM11-20110600','PM11',to_date('20110601','YYYYMMDD'));
insert into ProdCodeDate values('PM31-20110700','PM31',to_date('20110701','YYYYMMDD'));
insert into ProdCodeDate values('PM36-20110700','PM36',to_date('20110701','YYYYMMDD'));
insert into ProdCodeDate values('PM11-20110700','PM11',to_date('20110701','YYYYMMDD'));
insert into ProdCodeDate values('PM11-20110700','PM11',to_date('20110701','YYYYMMDD'));
insert into ProdCodeDate values('PM36-20110800','PM36',to_date('20110801','YYYYMMDD'));
insert into ProdCodeDate values('PM36-20110800','PM36',to_date('20110801','YYYYMMDD'));
insert into ProdCodeDate values('PM11-20110800','PM11',to_date('20110801','YYYYMMDD'));
insert into ProdCodeDate values('PM11-20110800','PM11',to_date('20110801','YYYYMMDD'));
insert into ProdCodeDate values('PM36-20110900','PM36',to_date('20110901','YYYYMMDD'));
insert into ProdCodeDate values('PM36-20110900','PM36',to_date('20110901','YYYYMMDD'));
insert into ProdCodeDate values('PM11-20110900','PM11',to_date('20110901','YYYYMMDD'));
insert into ProdCodeDate values('PM11-20110900','PM11',to_date('20110901','YYYYMMDD'));
insert into ProdCodeDate values('PM31-20111000','PM31',to_date('20111001','YYYYMMDD'));
insert into ProdCodeDate values('PM31-20111000','PM31',to_date('20111001','YYYYMMDD'));
insert into ProdCodeDate values('PM11-20111000','PM11',to_date('20111001','YYYYMMDD'));
insert into ProdCodeDate values('PM11-20111000','PM11',to_date('20111001','YYYYMMDD'));
insert into ProdCodeDate values('PM36-20111100','PM36',to_date('20111101','YYYYMMDD'));
insert into ProdCodeDate values('PM36-20111100','PM36',to_date('20111101','YYYYMMDD'));
insert into ProdCodeDate values('PM36-20111200','PM36',to_date('20111201','YYYYMMDD'));
insert into ProdCodeDate values('PM36-20111200','PM36',to_date('20111201','YYYYMMDD'));
